sample_index,captured_at_utc,docker_refresh_sequence,docker_refresh_captured_at_utc,docker_refresh_reused,architecture,service,container_id,container_name,cpu_percent,memory_used_bytes,memory_limit_bytes,memory_percent,pids,network_io,block_io
1,2026-09-10T08:23:29.356371+00:00,3,2026-09-10T08:23:28.984242+00:00,false,microservices,auth,cc95d2e07170ddb351fa8f4858b95d6ad88d0e809b991ba6dd5136ce8e7461ad,tcc-microservices-experiment-auth-1,0.03,79209431,1073741824,7.38,3,45.5kB / 40.3kB,3.16MB / 65.5kB
1,2026-09-10T08:23:29.356371+00:00,3,2026-09-10T08:23:28.984242+00:00,false,microservices,gateway,b43c966e016c5b18c601eaf2b1a81554f1ad5c8079fca651de97c0e2ded682f9,tcc-microservices-experiment-gateway-1,0.24,472593203,536870912,88.04,80,20.5MB / 22.7MB,30.4MB / 184kB
1,2026-09-10T08:23:29.356371+00:00,3,2026-09-10T08:23:28.984242+00:00,false,microservices,mysql,3f253e83a9e26b5267601ed0b944dde0c270e0b7eee7cef9556d6b938d2819b8,tcc-microservices-experiment-mysql-1,3.81,547356672,1073741824,50.98,41,10.6MB / 27.3MB,45MB / 114MB
1,2026-09-10T08:23:29.356371+00:00,3,2026-09-10T08:23:28.984242+00:00,false,microservices,order,1d5389182f148a43ec469ae4e28edb740895b3455c43d45cbf3249bbde34ad89,tcc-microservices-experiment-order-1,0.03,79073116,1073741824,7.36,3,31.5MB / 28.2MB,6.48MB / 77.8kB
1,2026-09-10T08:23:29.356371+00:00,3,2026-09-10T08:23:28.984242+00:00,false,microservices,product,a1c2e53da54b4b2e95e630f60e62a362713f6327469bfa51c14fcfc57490587d,tcc-microservices-experiment-product-1,0.03,78601257,1073741824,7.32,3,416kB / 282kB,7.18MB / 81.9kB
2,2026-09-10T08:23:30.356389+00:00,5,2026-09-10T08:23:29.985533+00:00,false,microservices,auth,cc95d2e07170ddb351fa8f4858b95d6ad88d0e809b991ba6dd5136ce8e7461ad,tcc-microservices-experiment-auth-1,0.02,79209431,1073741824,7.38,3,45.5kB / 40.3kB,3.16MB / 65.5kB
2,2026-09-10T08:23:30.356389+00:00,5,2026-09-10T08:23:29.985533+00:00,false,microservices,gateway,b43c966e016c5b18c601eaf2b1a81554f1ad5c8079fca651de97c0e2ded682f9,tcc-microservices-experiment-gateway-1,0.18,472593203,536870912,88.03,80,20.5MB / 22.7MB,30.4MB / 184kB
2,2026-09-10T08:23:30.356389+00:00,5,2026-09-10T08:23:29.985533+00:00,false,microservices,mysql,3f253e83a9e26b5267601ed0b944dde0c270e0b7eee7cef9556d6b938d2819b8,tcc-microservices-experiment-mysql-1,2.09,540016640,1073741824,50.29,40,10.6MB / 27.3MB,45MB / 114MB
2,2026-09-10T08:23:30.356389+00:00,5,2026-09-10T08:23:29.985533+00:00,false,microservices,order,1d5389182f148a43ec469ae4e28edb740895b3455c43d45cbf3249bbde34ad89,tcc-microservices-experiment-order-1,0.02,78790001,1073741824,7.34,3,31.5MB / 28.2MB,6.48MB / 77.8kB
2,2026-09-10T08:23:30.356389+00:00,5,2026-09-10T08:23:29.985533+00:00,false,microservices,product,a1c2e53da54b4b2e95e630f60e62a362713f6327469bfa51c14fcfc57490587d,tcc-microservices-experiment-product-1,0.02,78601257,1073741824,7.32,3,416kB / 282kB,7.18MB / 81.9kB
3,2026-09-10T08:23:31.356387+00:00,7,2026-09-10T08:23:30.984442+00:00,false,microservices,auth,cc95d2e07170ddb351fa8f4858b95d6ad88d0e809b991ba6dd5136ce8e7461ad,tcc-microservices-experiment-auth-1,0.02,79209431,1073741824,7.38,3,45.5kB / 40.3kB,3.16MB / 65.5kB
3,2026-09-10T08:23:31.356387+00:00,7,2026-09-10T08:23:30.984442+00:00,false,microservices,gateway,b43c966e016c5b18c601eaf2b1a81554f1ad5c8079fca651de97c0e2ded682f9,tcc-microservices-experiment-gateway-1,73.12,475843789,536870912,88.62,80,20.8MB / 23MB,30.4MB / 184kB
3,2026-09-10T08:23:31.356387+00:00,7,2026-09-10T08:23:30.984442+00:00,false,microservices,mysql,3f253e83a9e26b5267601ed0b944dde0c270e0b7eee7cef9556d6b938d2819b8,tcc-microservices-experiment-mysql-1,8.99,541694362,1073741824,50.45,40,10.6MB / 27.5MB,45MB / 114MB
3,2026-09-10T08:23:31.356387+00:00,7,2026-09-10T08:23:30.984442+00:00,false,microservices,order,1d5389182f148a43ec469ae4e28edb740895b3455c43d45cbf3249bbde34ad89,tcc-microservices-experiment-order-1,31.72,79765176,1073741824,7.43,3,31.8MB / 28.4MB,6.48MB / 77.8kB
3,2026-09-10T08:23:31.356387+00:00,7,2026-09-10T08:23:30.984442+00:00,false,microservices,product,a1c2e53da54b4b2e95e630f60e62a362713f6327469bfa51c14fcfc57490587d,tcc-microservices-experiment-product-1,0.02,78601257,1073741824,7.32,3,416kB / 282kB,7.18MB / 81.9kB
4,2026-09-10T08:23:32.356370+00:00,9,2026-09-10T08:23:31.984332+00:00,false,microservices,auth,cc95d2e07170ddb351fa8f4858b95d6ad88d0e809b991ba6dd5136ce8e7461ad,tcc-microservices-experiment-auth-1,0.02,79209431,1073741824,7.38,3,45.5kB / 40.3kB,3.16MB / 65.5kB
4,2026-09-10T08:23:32.356370+00:00,9,2026-09-10T08:23:31.984332+00:00,false,microservices,gateway,b43c966e016c5b18c601eaf2b1a81554f1ad5c8079fca651de97c0e2ded682f9,tcc-microservices-experiment-gateway-1,59.29,477102080,536870912,88.86,80,21.3MB / 23.6MB,30.4MB / 184kB
4,2026-09-10T08:23:32.356370+00:00,9,2026-09-10T08:23:31.984332+00:00,false,microservices,mysql,3f253e83a9e26b5267601ed0b944dde0c270e0b7eee7cef9556d6b938d2819b8,tcc-microservices-experiment-mysql-1,28.13,541694362,1073741824,50.45,40,10.8MB / 28MB,45MB / 114MB
4,2026-09-10T08:23:32.356370+00:00,9,2026-09-10T08:23:31.984332+00:00,false,microservices,order,1d5389182f148a43ec469ae4e28edb740895b3455c43d45cbf3249bbde34ad89,tcc-microservices-experiment-order-1,83.27,80855695,1073741824,7.53,3,32.5MB / 29MB,6.48MB / 77.8kB
4,2026-09-10T08:23:32.356370+00:00,9,2026-09-10T08:23:31.984332+00:00,false,microservices,product,a1c2e53da54b4b2e95e630f60e62a362713f6327469bfa51c14fcfc57490587d,tcc-microservices-experiment-product-1,0.02,78601257,1073741824,7.32,3,416kB / 282kB,7.18MB / 81.9kB
5,2026-09-10T08:23:33.356393+00:00,11,2026-09-10T08:23:32.983521+00:00,false,microservices,auth,cc95d2e07170ddb351fa8f4858b95d6ad88d0e809b991ba6dd5136ce8e7461ad,tcc-microservices-experiment-auth-1,0.01,79209431,1073741824,7.38,3,45.5kB / 40.3kB,3.16MB / 65.5kB
5,2026-09-10T08:23:33.356393+00:00,11,2026-09-10T08:23:32.983521+00:00,false,microservices,gateway,b43c966e016c5b18c601eaf2b1a81554f1ad5c8079fca651de97c0e2ded682f9,tcc-microservices-experiment-gateway-1,41.48,476472934,536870912,88.75,80,22MB / 24.3MB,30.4MB / 184kB
5,2026-09-10T08:23:33.356393+00:00,11,2026-09-10T08:23:32.983521+00:00,false,microservices,mysql,3f253e83a9e26b5267601ed0b944dde0c270e0b7eee7cef9556d6b938d2819b8,tcc-microservices-experiment-mysql-1,23.5,541799219,1073741824,50.46,40,11MB / 28.7MB,45MB / 114MB
5,2026-09-10T08:23:33.356393+00:00,11,2026-09-10T08:23:32.983521+00:00,false,microservices,order,1d5389182f148a43ec469ae4e28edb740895b3455c43d45cbf3249bbde34ad89,tcc-microservices-experiment-order-1,83.32,80362865,1073741824,7.48,3,33.3MB / 29.8MB,6.48MB / 77.8kB
5,2026-09-10T08:23:33.356393+00:00,11,2026-09-10T08:23:32.983521+00:00,false,microservices,product,a1c2e53da54b4b2e95e630f60e62a362713f6327469bfa51c14fcfc57490587d,tcc-microservices-experiment-product-1,0.02,78601257,1073741824,7.32,3,416kB / 282kB,7.18MB / 81.9kB
6,2026-09-10T08:23:34.356387+00:00,13,2026-09-10T08:23:33.984889+00:00,false,microservices,auth,cc95d2e07170ddb351fa8f4858b95d6ad88d0e809b991ba6dd5136ce8e7461ad,tcc-microservices-experiment-auth-1,0.02,79209431,1073741824,7.38,3,45.5kB / 40.3kB,3.16MB / 65.5kB
6,2026-09-10T08:23:34.356387+00:00,13,2026-09-10T08:23:33.984889+00:00,false,microservices,gateway,b43c966e016c5b18c601eaf2b1a81554f1ad5c8079fca651de97c0e2ded682f9,tcc-microservices-experiment-gateway-1,57.5,476053504,536870912,88.67,80,22.7MB / 25.1MB,30.4MB / 197kB
6,2026-09-10T08:23:34.356387+00:00,13,2026-09-10T08:23:33.984889+00:00,false,microservices,mysql,3f253e83a9e26b5267601ed0b944dde0c270e0b7eee7cef9556d6b938d2819b8,tcc-microservices-experiment-mysql-1,28.16,542008934,1073741824,50.48,40,11.2MB / 29.5MB,45MB / 117MB
6,2026-09-10T08:23:34.356387+00:00,13,2026-09-10T08:23:33.984889+00:00,false,microservices,order,1d5389182f148a43ec469ae4e28edb740895b3455c43d45cbf3249bbde34ad89,tcc-microservices-experiment-order-1,82.99,79733719,1073741824,7.43,3,34.2MB / 30.6MB,6.48MB / 77.8kB
6,2026-09-10T08:23:34.356387+00:00,13,2026-09-10T08:23:33.984889+00:00,false,microservices,product,a1c2e53da54b4b2e95e630f60e62a362713f6327469bfa51c14fcfc57490587d,tcc-microservices-experiment-product-1,0.02,78601257,1073741824,7.32,3,416kB / 282kB,7.18MB / 81.9kB
7,2026-09-10T08:23:35.356382+00:00,15,2026-09-10T08:23:34.983765+00:00,false,microservices,auth,cc95d2e07170ddb351fa8f4858b95d6ad88d0e809b991ba6dd5136ce8e7461ad,tcc-microservices-experiment-auth-1,0.02,79209431,1073741824,7.38,3,45.5kB / 40.3kB,3.16MB / 65.5kB
7,2026-09-10T08:23:35.356382+00:00,15,2026-09-10T08:23:34.983765+00:00,false,microservices,gateway,b43c966e016c5b18c601eaf2b1a81554f1ad5c8079fca651de97c0e2ded682f9,tcc-microservices-experiment-gateway-1,121.63,476892365,536870912,88.83,80,23.4MB / 25.9MB,30.4MB / 197kB
7,2026-09-10T08:23:35.356382+00:00,15,2026-09-10T08:23:34.983765+00:00,false,microservices,mysql,3f253e83a9e26b5267601ed0b944dde0c270e0b7eee7cef9556d6b938d2819b8,tcc-microservices-experiment-mysql-1,23.63,540645786,1073741824,50.35,40,11.4MB / 30.2MB,45MB / 117MB
7,2026-09-10T08:23:35.356382+00:00,15,2026-09-10T08:23:34.983765+00:00,false,microservices,order,1d5389182f148a43ec469ae4e28edb740895b3455c43d45cbf3249bbde34ad89,tcc-microservices-experiment-order-1,82.75,80520151,1073741824,7.5,3,35.1MB / 31.4MB,6.48MB / 77.8kB
7,2026-09-10T08:23:35.356382+00:00,15,2026-09-10T08:23:34.983765+00:00,false,microservices,product,a1c2e53da54b4b2e95e630f60e62a362713f6327469bfa51c14fcfc57490587d,tcc-microservices-experiment-product-1,0.02,78601257,1073741824,7.32,3,416kB / 282kB,7.18MB / 81.9kB
8,2026-09-10T08:23:36.356343+00:00,17,2026-09-10T08:23:35.984455+00:00,false,microservices,auth,cc95d2e07170ddb351fa8f4858b95d6ad88d0e809b991ba6dd5136ce8e7461ad,tcc-microservices-experiment-auth-1,0.02,79209431,1073741824,7.38,3,45.5kB / 40.3kB,3.16MB / 65.5kB
8,2026-09-10T08:23:36.356343+00:00,17,2026-09-10T08:23:35.984455+00:00,false,microservices,gateway,b43c966e016c5b18c601eaf2b1a81554f1ad5c8079fca651de97c0e2ded682f9,tcc-microservices-experiment-gateway-1,82.96,478045798,536870912,89.04,80,24.1MB / 26.6MB,30.4MB / 197kB
8,2026-09-10T08:23:36.356343+00:00,17,2026-09-10T08:23:35.984455+00:00,false,microservices,mysql,3f253e83a9e26b5267601ed0b944dde0c270e0b7eee7cef9556d6b938d2819b8,tcc-microservices-experiment-mysql-1,28.46,540645786,1073741824,50.35,40,11.6MB / 30.9MB,45MB / 117MB
8,2026-09-10T08:23:36.356343+00:00,17,2026-09-10T08:23:35.984455+00:00,false,microservices,order,1d5389182f148a43ec469ae4e28edb740895b3455c43d45cbf3249bbde34ad89,tcc-microservices-experiment-order-1,82.19,80048292,1073741824,7.45,3,36MB / 32.2MB,6.48MB / 77.8kB
8,2026-09-10T08:23:36.356343+00:00,17,2026-09-10T08:23:35.984455+00:00,false,microservices,product,a1c2e53da54b4b2e95e630f60e62a362713f6327469bfa51c14fcfc57490587d,tcc-microservices-experiment-product-1,0.02,78601257,1073741824,7.32,3,416kB / 282kB,7.18MB / 81.9kB
9,2026-09-10T08:23:37.356395+00:00,19,2026-09-10T08:23:36.983437+00:00,false,microservices,auth,cc95d2e07170ddb351fa8f4858b95d6ad88d0e809b991ba6dd5136ce8e7461ad,tcc-microservices-experiment-auth-1,0.02,79209431,1073741824,7.38,3,45.5kB / 40.3kB,3.16MB / 65.5kB
9,2026-09-10T08:23:37.356395+00:00,19,2026-09-10T08:23:36.983437+00:00,false,microservices,gateway,b43c966e016c5b18c601eaf2b1a81554f1ad5c8079fca651de97c0e2ded682f9,tcc-microservices-experiment-gateway-1,46.11,477731226,536870912,88.98,80,24.8MB / 27.4MB,30.4MB / 197kB
9,2026-09-10T08:23:37.356395+00:00,19,2026-09-10T08:23:36.983437+00:00,false,microservices,mysql,3f253e83a9e26b5267601ed0b944dde0c270e0b7eee7cef9556d6b938d2819b8,tcc-microservices-experiment-mysql-1,24.37,541379789,1073741824,50.42,40,11.8MB / 31.7MB,45MB / 117MB
9,2026-09-10T08:23:37.356395+00:00,19,2026-09-10T08:23:36.983437+00:00,false,microservices,order,1d5389182f148a43ec469ae4e28edb740895b3455c43d45cbf3249bbde34ad89,tcc-microservices-experiment-order-1,82.68,80436265,1073741824,7.49,3,36.9MB / 33MB,6.48MB / 77.8kB
9,2026-09-10T08:23:37.356395+00:00,19,2026-09-10T08:23:36.983437+00:00,false,microservices,product,a1c2e53da54b4b2e95e630f60e62a362713f6327469bfa51c14fcfc57490587d,tcc-microservices-experiment-product-1,0.02,78601257,1073741824,7.32,3,416kB / 282kB,7.18MB / 81.9kB
10,2026-09-10T08:23:38.356383+00:00,21,2026-09-10T08:23:37.984293+00:00,false,microservices,auth,cc95d2e07170ddb351fa8f4858b95d6ad88d0e809b991ba6dd5136ce8e7461ad,tcc-microservices-experiment-auth-1,0.02,79209431,1073741824,7.38,3,45.5kB / 40.3kB,3.16MB / 65.5kB
10,2026-09-10T08:23:38.356383+00:00,21,2026-09-10T08:23:37.984293+00:00,false,microservices,gateway,b43c966e016c5b18c601eaf2b1a81554f1ad5c8079fca651de97c0e2ded682f9,tcc-microservices-experiment-gateway-1,41.0,477206938,536870912,88.89,80,25.5MB / 28.2MB,30.4MB / 197kB
10,2026-09-10T08:23:38.356383+00:00,21,2026-09-10T08:23:37.984293+00:00,false,microservices,mysql,3f253e83a9e26b5267601ed0b944dde0c270e0b7eee7cef9556d6b938d2819b8,tcc-microservices-experiment-mysql-1,28.82,541170074,1073741824,50.4,40,12MB / 32.4MB,45MB / 117MB
10,2026-09-10T08:23:38.356383+00:00,21,2026-09-10T08:23:37.984293+00:00,false,microservices,order,1d5389182f148a43ec469ae4e28edb740895b3455c43d45cbf3249bbde34ad89,tcc-microservices-experiment-order-1,81.86,80278979,1073741824,7.48,3,37.8MB / 33.9MB,6.48MB / 77.8kB
10,2026-09-10T08:23:38.356383+00:00,21,2026-09-10T08:23:37.984293+00:00,false,microservices,product,a1c2e53da54b4b2e95e630f60e62a362713f6327469bfa51c14fcfc57490587d,tcc-microservices-experiment-product-1,0.02,78601257,1073741824,7.32,3,416kB / 282kB,7.18MB / 81.9kB
11,2026-09-10T08:23:39.356398+00:00,23,2026-09-10T08:23:38.983421+00:00,false,microservices,auth,cc95d2e07170ddb351fa8f4858b95d6ad88d0e809b991ba6dd5136ce8e7461ad,tcc-microservices-experiment-auth-1,0.02,79209431,1073741824,7.38,3,45.5kB / 40.3kB,3.16MB / 65.5kB
11,2026-09-10T08:23:39.356398+00:00,23,2026-09-10T08:23:38.983421+00:00,false,microservices,gateway,b43c966e016c5b18c601eaf2b1a81554f1ad5c8079fca651de97c0e2ded682f9,tcc-microservices-experiment-gateway-1,36.68,477311795,536870912,88.91,80,26.2MB / 29MB,30.4MB / 197kB
11,2026-09-10T08:23:39.356398+00:00,23,2026-09-10T08:23:38.983421+00:00,false,microservices,mysql,3f253e83a9e26b5267601ed0b944dde0c270e0b7eee7cef9556d6b938d2819b8,tcc-microservices-experiment-mysql-1,25.08,540226355,1073741824,50.31,40,12.3MB / 33.2MB,45MB / 117MB
11,2026-09-10T08:23:39.356398+00:00,23,2026-09-10T08:23:38.983421+00:00,false,microservices,order,1d5389182f148a43ec469ae4e28edb740895b3455c43d45cbf3249bbde34ad89,tcc-microservices-experiment-order-1,81.23,80478208,1073741824,7.5,3,38.7MB / 34.7MB,6.48MB / 77.8kB
11,2026-09-10T08:23:39.356398+00:00,23,2026-09-10T08:23:38.983421+00:00,false,microservices,product,a1c2e53da54b4b2e95e630f60e62a362713f6327469bfa51c14fcfc57490587d,tcc-microservices-experiment-product-1,0.02,78601257,1073741824,7.32,3,416kB / 282kB,7.18MB / 81.9kB
12,2026-09-10T08:23:40.356375+00:00,25,2026-09-10T08:23:39.984420+00:00,false,microservices,auth,cc95d2e07170ddb351fa8f4858b95d6ad88d0e809b991ba6dd5136ce8e7461ad,tcc-microservices-experiment-auth-1,0.02,79209431,1073741824,7.38,3,45.5kB / 40.3kB,3.16MB / 65.5kB
12,2026-09-10T08:23:40.356375+00:00,25,2026-09-10T08:23:39.984420+00:00,false,microservices,gateway,b43c966e016c5b18c601eaf2b1a81554f1ad5c8079fca651de97c0e2ded682f9,tcc-microservices-experiment-gateway-1,80.01,477311795,536870912,88.9,80,26.9MB / 29.8MB,30.4MB / 197kB
12,2026-09-10T08:23:40.356375+00:00,25,2026-09-10T08:23:39.984420+00:00,false,microservices,mysql,3f253e83a9e26b5267601ed0b944dde0c270e0b7eee7cef9556d6b938d2819b8,tcc-microservices-experiment-mysql-1,27.96,540331213,1073741824,50.32,40,12.5MB / 33.9MB,45MB / 117MB
12,2026-09-10T08:23:40.356375+00:00,25,2026-09-10T08:23:39.984420+00:00,false,microservices,order,1d5389182f148a43ec469ae4e28edb740895b3455c43d45cbf3249bbde34ad89,tcc-microservices-experiment-order-1,82.66,80583066,1073741824,7.51,3,39.6MB / 35.5MB,6.48MB / 77.8kB
12,2026-09-10T08:23:40.356375+00:00,25,2026-09-10T08:23:39.984420+00:00,false,microservices,product,a1c2e53da54b4b2e95e630f60e62a362713f6327469bfa51c14fcfc57490587d,tcc-microservices-experiment-product-1,0.02,78601257,1073741824,7.32,3,416kB / 282kB,7.18MB / 81.9kB
13,2026-09-10T08:23:41.356376+00:00,27,2026-09-10T08:23:40.983277+00:00,false,microservices,auth,cc95d2e07170ddb351fa8f4858b95d6ad88d0e809b991ba6dd5136ce8e7461ad,tcc-microservices-experiment-auth-1,0.02,79209431,1073741824,7.38,3,45.5kB / 40.3kB,3.16MB / 65.5kB
13,2026-09-10T08:23:41.356376+00:00,27,2026-09-10T08:23:40.983277+00:00,false,microservices,gateway,b43c966e016c5b18c601eaf2b1a81554f1ad5c8079fca651de97c0e2ded682f9,tcc-microservices-experiment-gateway-1,59.54,477311795,536870912,88.9,80,27.6MB / 30.6MB,30.4MB / 197kB
13,2026-09-10T08:23:41.356376+00:00,27,2026-09-10T08:23:40.983277+00:00,false,microservices,mysql,3f253e83a9e26b5267601ed0b944dde0c270e0b7eee7cef9556d6b938d2819b8,tcc-microservices-experiment-mysql-1,24.46,540750643,1073741824,50.36,40,12.7MB / 34.7MB,45MB / 117MB
13,2026-09-10T08:23:41.356376+00:00,27,2026-09-10T08:23:40.983277+00:00,false,microservices,order,1d5389182f148a43ec469ae4e28edb740895b3455c43d45cbf3249bbde34ad89,tcc-microservices-experiment-order-1,82.11,80467722,1073741824,7.49,3,40.5MB / 36.4MB,6.48MB / 77.8kB
13,2026-09-10T08:23:41.356376+00:00,27,2026-09-10T08:23:40.983277+00:00,false,microservices,product,a1c2e53da54b4b2e95e630f60e62a362713f6327469bfa51c14fcfc57490587d,tcc-microservices-experiment-product-1,0.02,78601257,1073741824,7.32,3,416kB / 282kB,7.18MB / 81.9kB
14,2026-09-10T08:23:42.356389+00:00,29,2026-09-10T08:23:41.983351+00:00,false,microservices,auth,cc95d2e07170ddb351fa8f4858b95d6ad88d0e809b991ba6dd5136ce8e7461ad,tcc-microservices-experiment-auth-1,0.02,79209431,1073741824,7.38,3,45.5kB / 40.3kB,3.16MB / 65.5kB
14,2026-09-10T08:23:42.356389+00:00,29,2026-09-10T08:23:41.983351+00:00,false,microservices,gateway,b43c966e016c5b18c601eaf2b1a81554f1ad5c8079fca651de97c0e2ded682f9,tcc-microservices-experiment-gateway-1,34.59,477102080,536870912,88.87,80,28.4MB / 31.4MB,30.4MB / 197kB
14,2026-09-10T08:23:42.356389+00:00,29,2026-09-10T08:23:41.983351+00:00,false,microservices,mysql,3f253e83a9e26b5267601ed0b944dde0c270e0b7eee7cef9556d6b938d2819b8,tcc-microservices-experiment-mysql-1,28.63,540750643,1073741824,50.36,40,12.9MB / 35.5MB,45MB / 117MB
14,2026-09-10T08:23:42.356389+00:00,29,2026-09-10T08:23:41.983351+00:00,false,microservices,order,1d5389182f148a43ec469ae4e28edb740895b3455c43d45cbf3249bbde34ad89,tcc-microservices-experiment-order-1,81.56,80687923,1073741824,7.51,3,41.5MB / 37.2MB,6.48MB / 77.8kB
14,2026-09-10T08:23:42.356389+00:00,29,2026-09-10T08:23:41.983351+00:00,false,microservices,product,a1c2e53da54b4b2e95e630f60e62a362713f6327469bfa51c14fcfc57490587d,tcc-microservices-experiment-product-1,0.02,78601257,1073741824,7.32,3,416kB / 282kB,7.18MB / 81.9kB
15,2026-09-10T08:23:43.356369+00:00,31,2026-09-10T08:23:42.984284+00:00,false,microservices,auth,cc95d2e07170ddb351fa8f4858b95d6ad88d0e809b991ba6dd5136ce8e7461ad,tcc-microservices-experiment-auth-1,0.02,79209431,1073741824,7.38,3,45.5kB / 40.3kB,3.16MB / 65.5kB
15,2026-09-10T08:23:43.356369+00:00,31,2026-09-10T08:23:42.984284+00:00,false,microservices,gateway,b43c966e016c5b18c601eaf2b1a81554f1ad5c8079fca651de97c0e2ded682f9,tcc-microservices-experiment-gateway-1,39.99,477206938,536870912,88.89,80,29.1MB / 32.2MB,30.4MB / 197kB
15,2026-09-10T08:23:43.356369+00:00,31,2026-09-10T08:23:42.984284+00:00,false,microservices,mysql,3f253e83a9e26b5267601ed0b944dde0c270e0b7eee7cef9556d6b938d2819b8,tcc-microservices-experiment-mysql-1,25.05,540960358,1073741824,50.38,40,13.1MB / 36.2MB,45MB / 117MB
15,2026-09-10T08:23:43.356369+00:00,31,2026-09-10T08:23:42.984284+00:00,false,microservices,order,1d5389182f148a43ec469ae4e28edb740895b3455c43d45cbf3249bbde34ad89,tcc-microservices-experiment-order-1,81.17,81243668,1073741824,7.57,3,42.4MB / 38.1MB,6.48MB / 77.8kB
15,2026-09-10T08:23:43.356369+00:00,31,2026-09-10T08:23:42.984284+00:00,false,microservices,product,a1c2e53da54b4b2e95e630f60e62a362713f6327469bfa51c14fcfc57490587d,tcc-microservices-experiment-product-1,0.02,78601257,1073741824,7.32,3,416kB / 282kB,7.18MB / 81.9kB
16,2026-09-10T08:23:44.356365+00:00,33,2026-09-10T08:23:43.984251+00:00,false,microservices,auth,cc95d2e07170ddb351fa8f4858b95d6ad88d0e809b991ba6dd5136ce8e7461ad,tcc-microservices-experiment-auth-1,0.01,79209431,1073741824,7.38,3,45.5kB / 40.3kB,3.16MB / 65.5kB
16,2026-09-10T08:23:44.356365+00:00,33,2026-09-10T08:23:43.984251+00:00,false,microservices,gateway,b43c966e016c5b18c601eaf2b1a81554f1ad5c8079fca651de97c0e2ded682f9,tcc-microservices-experiment-gateway-1,43.11,476997222,536870912,88.84,80,29.8MB / 33MB,30.4MB / 197kB
16,2026-09-10T08:23:44.356365+00:00,33,2026-09-10T08:23:43.984251+00:00,false,microservices,mysql,3f253e83a9e26b5267601ed0b944dde0c270e0b7eee7cef9556d6b938d2819b8,tcc-microservices-experiment-mysql-1,28.23,540855501,1073741824,50.37,40,13.3MB / 37MB,45MB / 117MB
16,2026-09-10T08:23:44.356365+00:00,33,2026-09-10T08:23:43.984251+00:00,false,microservices,order,1d5389182f148a43ec469ae4e28edb740895b3455c43d45cbf3249bbde34ad89,tcc-microservices-experiment-order-1,82.12,80824238,1073741824,7.53,3,43.3MB / 38.9MB,6.48MB / 77.8kB
16,2026-09-10T08:23:44.356365+00:00,33,2026-09-10T08:23:43.984251+00:00,false,microservices,product,a1c2e53da54b4b2e95e630f60e62a362713f6327469bfa51c14fcfc57490587d,tcc-microservices-experiment-product-1,0.02,78601257,1073741824,7.32,3,416kB / 282kB,7.18MB / 81.9kB
17,2026-09-10T08:23:45.356389+00:00,35,2026-09-10T08:23:44.984329+00:00,false,microservices,auth,cc95d2e07170ddb351fa8f4858b95d6ad88d0e809b991ba6dd5136ce8e7461ad,tcc-microservices-experiment-auth-1,0.02,79209431,1073741824,7.38,3,45.5kB / 40.3kB,3.16MB / 65.5kB
17,2026-09-10T08:23:45.356389+00:00,35,2026-09-10T08:23:44.984329+00:00,false,microservices,gateway,b43c966e016c5b18c601eaf2b1a81554f1ad5c8079fca651de97c0e2ded682f9,tcc-microservices-experiment-gateway-1,56.84,477836083,536870912,89.01,80,30.5MB / 33.8MB,30.4MB / 197kB
17,2026-09-10T08:23:45.356389+00:00,35,2026-09-10T08:23:44.984329+00:00,false,microservices,mysql,3f253e83a9e26b5267601ed0b944dde0c270e0b7eee7cef9556d6b938d2819b8,tcc-microservices-experiment-mysql-1,24.11,540855501,1073741824,50.37,40,13.5MB / 37.7MB,45MB / 117MB
17,2026-09-10T08:23:45.356389+00:00,35,2026-09-10T08:23:44.984329+00:00,false,microservices,order,1d5389182f148a43ec469ae4e28edb740895b3455c43d45cbf3249bbde34ad89,tcc-microservices-experiment-order-1,81.62,81233183,1073741824,7.57,3,44.2MB / 39.8MB,6.48MB / 77.8kB
17,2026-09-10T08:23:45.356389+00:00,35,2026-09-10T08:23:44.984329+00:00,false,microservices,product,a1c2e53da54b4b2e95e630f60e62a362713f6327469bfa51c14fcfc57490587d,tcc-microservices-experiment-product-1,0.02,78601257,1073741824,7.32,3,416kB / 282kB,7.18MB / 81.9kB
18,2026-09-10T08:23:46.356394+00:00,37,2026-09-10T08:23:45.984676+00:00,false,microservices,auth,cc95d2e07170ddb351fa8f4858b95d6ad88d0e809b991ba6dd5136ce8e7461ad,tcc-microservices-experiment-auth-1,0.02,79209431,1073741824,7.38,3,45.5kB / 40.3kB,3.16MB / 65.5kB
18,2026-09-10T08:23:46.356394+00:00,37,2026-09-10T08:23:45.984676+00:00,false,microservices,gateway,b43c966e016c5b18c601eaf2b1a81554f1ad5c8079fca651de97c0e2ded682f9,tcc-microservices-experiment-gateway-1,35.7,477206938,536870912,88.88,80,31.2MB / 34.6MB,30.4MB / 197kB
18,2026-09-10T08:23:46.356394+00:00,37,2026-09-10T08:23:45.984676+00:00,false,microservices,mysql,3f253e83a9e26b5267601ed0b944dde0c270e0b7eee7cef9556d6b938d2819b8,tcc-microservices-experiment-mysql-1,29.46,540331213,1073741824,50.32,40,13.8MB / 38.5MB,45MB / 117MB
18,2026-09-10T08:23:46.356394+00:00,37,2026-09-10T08:23:45.984676+00:00,false,microservices,order,1d5389182f148a43ec469ae4e28edb740895b3455c43d45cbf3249bbde34ad89,tcc-microservices-experiment-order-1,80.89,81673585,1073741824,7.61,3,45.2MB / 40.6MB,6.48MB / 77.8kB
18,2026-09-10T08:23:46.356394+00:00,37,2026-09-10T08:23:45.984676+00:00,false,microservices,product,a1c2e53da54b4b2e95e630f60e62a362713f6327469bfa51c14fcfc57490587d,tcc-microservices-experiment-product-1,0.02,78601257,1073741824,7.32,3,416kB / 282kB,7.18MB / 81.9kB
19,2026-09-10T08:23:47.356386+00:00,39,2026-09-10T08:23:46.983340+00:00,false,microservices,auth,cc95d2e07170ddb351fa8f4858b95d6ad88d0e809b991ba6dd5136ce8e7461ad,tcc-microservices-experiment-auth-1,0.02,79209431,1073741824,7.38,3,45.5kB / 40.3kB,3.16MB / 65.5kB
19,2026-09-10T08:23:47.356386+00:00,39,2026-09-10T08:23:46.983340+00:00,false,microservices,gateway,b43c966e016c5b18c601eaf2b1a81554f1ad5c8079fca651de97c0e2ded682f9,tcc-microservices-experiment-gateway-1,39.77,478045798,536870912,89.05,80,31.9MB / 35.4MB,30.4MB / 197kB
19,2026-09-10T08:23:47.356386+00:00,39,2026-09-10T08:23:46.983340+00:00,false,microservices,mysql,3f253e83a9e26b5267601ed0b944dde0c270e0b7eee7cef9556d6b938d2819b8,tcc-microservices-experiment-mysql-1,24.27,541065216,1073741824,50.39,40,14MB / 39.2MB,45MB / 117MB
19,2026-09-10T08:23:47.356386+00:00,39,2026-09-10T08:23:46.983340+00:00,false,microservices,order,1d5389182f148a43ec469ae4e28edb740895b3455c43d45cbf3249bbde34ad89,tcc-microservices-experiment-order-1,81.94,80876667,1073741824,7.53,3,46.1MB / 41.4MB,6.48MB / 77.8kB
19,2026-09-10T08:23:47.356386+00:00,39,2026-09-10T08:23:46.983340+00:00,false,microservices,product,a1c2e53da54b4b2e95e630f60e62a362713f6327469bfa51c14fcfc57490587d,tcc-microservices-experiment-product-1,0.02,78601257,1073741824,7.32,3,416kB / 282kB,7.18MB / 81.9kB
20,2026-09-10T08:23:48.356380+00:00,41,2026-09-10T08:23:47.984290+00:00,false,microservices,auth,cc95d2e07170ddb351fa8f4858b95d6ad88d0e809b991ba6dd5136ce8e7461ad,tcc-microservices-experiment-auth-1,0.02,79209431,1073741824,7.38,3,45.5kB / 40.3kB,3.16MB / 65.5kB
20,2026-09-10T08:23:48.356380+00:00,41,2026-09-10T08:23:47.984290+00:00,false,microservices,gateway,b43c966e016c5b18c601eaf2b1a81554f1ad5c8079fca651de97c0e2ded682f9,tcc-microservices-experiment-gateway-1,64.07,478045798,536870912,89.04,80,32.7MB / 36.2MB,30.5MB / 197kB
20,2026-09-10T08:23:48.356380+00:00,41,2026-09-10T08:23:47.984290+00:00,false,microservices,mysql,3f253e83a9e26b5267601ed0b944dde0c270e0b7eee7cef9556d6b938d2819b8,tcc-microservices-experiment-mysql-1,28.81,541170074,1073741824,50.4,40,14.2MB / 40MB,45MB / 117MB
20,2026-09-10T08:23:48.356380+00:00,41,2026-09-10T08:23:47.984290+00:00,false,microservices,order,1d5389182f148a43ec469ae4e28edb740895b3455c43d45cbf3249bbde34ad89,tcc-microservices-experiment-order-1,80.94,82449531,1073741824,7.68,3,47MB / 42.3MB,6.48MB / 77.8kB
20,2026-09-10T08:23:48.356380+00:00,41,2026-09-10T08:23:47.984290+00:00,false,microservices,product,a1c2e53da54b4b2e95e630f60e62a362713f6327469bfa51c14fcfc57490587d,tcc-microservices-experiment-product-1,0.02,78601257,1073741824,7.32,3,416kB / 282kB,7.18MB / 81.9kB
21,2026-09-10T08:23:49.356395+00:00,43,2026-09-10T08:23:48.984380+00:00,false,microservices,auth,cc95d2e07170ddb351fa8f4858b95d6ad88d0e809b991ba6dd5136ce8e7461ad,tcc-microservices-experiment-auth-1,0.02,79209431,1073741824,7.38,3,45.5kB / 40.3kB,3.16MB / 65.5kB
21,2026-09-10T08:23:49.356395+00:00,43,2026-09-10T08:23:48.984380+00:00,false,microservices,gateway,b43c966e016c5b18c601eaf2b1a81554f1ad5c8079fca651de97c0e2ded682f9,tcc-microservices-experiment-gateway-1,87.8,482030387,536870912,89.78,80,33.4MB / 37MB,30.5MB / 213kB
21,2026-09-10T08:23:49.356395+00:00,43,2026-09-10T08:23:48.984380+00:00,false,microservices,mysql,3f253e83a9e26b5267601ed0b944dde0c270e0b7eee7cef9556d6b938d2819b8,tcc-microservices-experiment-mysql-1,25.51,540750643,1073741824,50.36,40,14.4MB / 40.8MB,45MB / 117MB
21,2026-09-10T08:23:49.356395+00:00,43,2026-09-10T08:23:48.984380+00:00,false,microservices,order,1d5389182f148a43ec469ae4e28edb740895b3455c43d45cbf3249bbde34ad89,tcc-microservices-experiment-order-1,81.45,82260787,1073741824,7.66,3,47.9MB / 43.1MB,6.48MB / 77.8kB
21,2026-09-10T08:23:49.356395+00:00,43,2026-09-10T08:23:48.984380+00:00,false,microservices,product,a1c2e53da54b4b2e95e630f60e62a362713f6327469bfa51c14fcfc57490587d,tcc-microservices-experiment-product-1,0.02,78601257,1073741824,7.32,3,416kB / 282kB,7.18MB / 81.9kB
22,2026-09-10T08:23:50.356368+00:00,45,2026-09-10T08:23:49.983325+00:00,false,microservices,auth,cc95d2e07170ddb351fa8f4858b95d6ad88d0e809b991ba6dd5136ce8e7461ad,tcc-microservices-experiment-auth-1,0.02,79209431,1073741824,7.38,3,45.5kB / 40.3kB,3.16MB / 65.5kB
22,2026-09-10T08:23:50.356368+00:00,45,2026-09-10T08:23:49.983325+00:00,false,microservices,gateway,b43c966e016c5b18c601eaf2b1a81554f1ad5c8079fca651de97c0e2ded682f9,tcc-microservices-experiment-gateway-1,55.38,482030387,536870912,89.79,80,34.1MB / 37.8MB,30.5MB / 213kB
22,2026-09-10T08:23:50.356368+00:00,45,2026-09-10T08:23:49.983325+00:00,false,microservices,mysql,3f253e83a9e26b5267601ed0b944dde0c270e0b7eee7cef9556d6b938d2819b8,tcc-microservices-experiment-mysql-1,28.65,540855501,1073741824,50.37,40,14.6MB / 41.5MB,45MB / 117MB
22,2026-09-10T08:23:50.356368+00:00,45,2026-09-10T08:23:49.983325+00:00,false,microservices,order,1d5389182f148a43ec469ae4e28edb740895b3455c43d45cbf3249bbde34ad89,tcc-microservices-experiment-order-1,81.66,82313216,1073741824,7.67,3,48.8MB / 44MB,6.48MB / 77.8kB
22,2026-09-10T08:23:50.356368+00:00,45,2026-09-10T08:23:49.983325+00:00,false,microservices,product,a1c2e53da54b4b2e95e630f60e62a362713f6327469bfa51c14fcfc57490587d,tcc-microservices-experiment-product-1,0.02,78601257,1073741824,7.32,3,416kB / 282kB,7.18MB / 81.9kB
23,2026-09-10T08:23:51.356386+00:00,47,2026-09-10T08:23:50.984597+00:00,false,microservices,auth,cc95d2e07170ddb351fa8f4858b95d6ad88d0e809b991ba6dd5136ce8e7461ad,tcc-microservices-experiment-auth-1,0.02,79209431,1073741824,7.38,3,45.5kB / 40.3kB,3.16MB / 65.5kB
23,2026-09-10T08:23:51.356386+00:00,47,2026-09-10T08:23:50.984597+00:00,false,microservices,gateway,b43c966e016c5b18c601eaf2b1a81554f1ad5c8079fca651de97c0e2ded682f9,tcc-microservices-experiment-gateway-1,86.77,482135245,536870912,89.8,80,34.8MB / 38.6MB,30.5MB / 213kB
23,2026-09-10T08:23:51.356386+00:00,47,2026-09-10T08:23:50.984597+00:00,false,microservices,mysql,3f253e83a9e26b5267601ed0b944dde0c270e0b7eee7cef9556d6b938d2819b8,tcc-microservices-experiment-mysql-1,23.97,540645786,1073741824,50.36,40,14.8MB / 42.3MB,45MB / 117MB
23,2026-09-10T08:23:51.356386+00:00,47,2026-09-10T08:23:50.984597+00:00,false,microservices,order,1d5389182f148a43ec469ae4e28edb740895b3455c43d45cbf3249bbde34ad89,tcc-microservices-experiment-order-1,86.28,82124472,1073741824,7.65,3,49.8MB / 44.8MB,6.48MB / 77.8kB
23,2026-09-10T08:23:51.356386+00:00,47,2026-09-10T08:23:50.984597+00:00,false,microservices,product,a1c2e53da54b4b2e95e630f60e62a362713f6327469bfa51c14fcfc57490587d,tcc-microservices-experiment-product-1,0.02,78601257,1073741824,7.32,3,416kB / 282kB,7.18MB / 81.9kB
24,2026-09-10T08:23:52.356398+00:00,49,2026-09-10T08:23:51.984525+00:00,false,microservices,auth,cc95d2e07170ddb351fa8f4858b95d6ad88d0e809b991ba6dd5136ce8e7461ad,tcc-microservices-experiment-auth-1,0.02,79209431,1073741824,7.38,3,45.5kB / 40.3kB,3.16MB / 65.5kB
24,2026-09-10T08:23:52.356398+00:00,49,2026-09-10T08:23:51.984525+00:00,false,microservices,gateway,b43c966e016c5b18c601eaf2b1a81554f1ad5c8079fca651de97c0e2ded682f9,tcc-microservices-experiment-gateway-1,34.63,481610957,536870912,89.71,80,35.6MB / 39.4MB,30.5MB / 213kB
24,2026-09-10T08:23:52.356398+00:00,49,2026-09-10T08:23:51.984525+00:00,false,microservices,mysql,3f253e83a9e26b5267601ed0b944dde0c270e0b7eee7cef9556d6b938d2819b8,tcc-microservices-experiment-mysql-1,29.94,542638080,1073741824,50.54,40,15.1MB / 43.1MB,46.7MB / 117MB
24,2026-09-10T08:23:52.356398+00:00,49,2026-09-10T08:23:51.984525+00:00,false,microservices,order,1d5389182f148a43ec469ae4e28edb740895b3455c43d45cbf3249bbde34ad89,tcc-microservices-experiment-order-1,80.6,82795561,1073741824,7.71,3,50.7MB / 45.7MB,6.48MB / 77.8kB
24,2026-09-10T08:23:52.356398+00:00,49,2026-09-10T08:23:51.984525+00:00,false,microservices,product,a1c2e53da54b4b2e95e630f60e62a362713f6327469bfa51c14fcfc57490587d,tcc-microservices-experiment-product-1,0.02,78601257,1073741824,7.32,3,416kB / 282kB,7.18MB / 81.9kB
25,2026-09-10T08:23:53.356388+00:00,51,2026-09-10T08:23:52.983903+00:00,false,microservices,auth,cc95d2e07170ddb351fa8f4858b95d6ad88d0e809b991ba6dd5136ce8e7461ad,tcc-microservices-experiment-auth-1,0.02,79209431,1073741824,7.38,3,45.5kB / 40.3kB,3.16MB / 65.5kB
25,2026-09-10T08:23:53.356388+00:00,51,2026-09-10T08:23:52.983903+00:00,false,microservices,gateway,b43c966e016c5b18c601eaf2b1a81554f1ad5c8079fca651de97c0e2ded682f9,tcc-microservices-experiment-gateway-1,50.13,482449818,536870912,89.86,80,36.3MB / 40.2MB,30.5MB / 213kB
25,2026-09-10T08:23:53.356388+00:00,51,2026-09-10T08:23:52.983903+00:00,false,microservices,mysql,3f253e83a9e26b5267601ed0b944dde0c270e0b7eee7cef9556d6b938d2819b8,tcc-microservices-experiment-mysql-1,25.17,542952653,1073741824,50.57,40,15.3MB / 43.8MB,46.7MB / 117MB
25,2026-09-10T08:23:53.356388+00:00,51,2026-09-10T08:23:52.983903+00:00,false,microservices,order,1d5389182f148a43ec469ae4e28edb740895b3455c43d45cbf3249bbde34ad89,tcc-microservices-experiment-order-1,80.9,82365645,1073741824,7.67,3,51.6MB / 46.5MB,6.48MB / 77.8kB
25,2026-09-10T08:23:53.356388+00:00,51,2026-09-10T08:23:52.983903+00:00,false,microservices,product,a1c2e53da54b4b2e95e630f60e62a362713f6327469bfa51c14fcfc57490587d,tcc-microservices-experiment-product-1,0.02,78601257,1073741824,7.32,3,416kB / 282kB,7.18MB / 81.9kB
26,2026-09-10T08:23:54.356382+00:00,53,2026-09-10T08:23:53.983472+00:00,false,microservices,auth,cc95d2e07170ddb351fa8f4858b95d6ad88d0e809b991ba6dd5136ce8e7461ad,tcc-microservices-experiment-auth-1,0.02,79209431,1073741824,7.38,3,45.5kB / 40.3kB,3.16MB / 65.5kB
26,2026-09-10T08:23:54.356382+00:00,53,2026-09-10T08:23:53.983472+00:00,false,microservices,gateway,b43c966e016c5b18c601eaf2b1a81554f1ad5c8079fca651de97c0e2ded682f9,tcc-microservices-experiment-gateway-1,31.45,482344960,536870912,89.85,80,37MB / 41MB,30.5MB / 213kB
26,2026-09-10T08:23:54.356382+00:00,53,2026-09-10T08:23:53.983472+00:00,false,microservices,mysql,3f253e83a9e26b5267601ed0b944dde0c270e0b7eee7cef9556d6b938d2819b8,tcc-microservices-experiment-mysql-1,29.49,543476941,1073741824,50.62,40,15.5MB / 44.6MB,46.7MB / 117MB
26,2026-09-10T08:23:54.356382+00:00,53,2026-09-10T08:23:53.983472+00:00,false,microservices,order,1d5389182f148a43ec469ae4e28edb740895b3455c43d45cbf3249bbde34ad89,tcc-microservices-experiment-order-1,81.38,83015762,1073741824,7.73,3,52.5MB / 47.4MB,6.48MB / 77.8kB
26,2026-09-10T08:23:54.356382+00:00,53,2026-09-10T08:23:53.983472+00:00,false,microservices,product,a1c2e53da54b4b2e95e630f60e62a362713f6327469bfa51c14fcfc57490587d,tcc-microservices-experiment-product-1,0.02,78601257,1073741824,7.32,3,416kB / 282kB,7.18MB / 81.9kB
27,2026-09-10T08:23:55.356390+00:00,55,2026-09-10T08:23:54.983522+00:00,false,microservices,auth,cc95d2e07170ddb351fa8f4858b95d6ad88d0e809b991ba6dd5136ce8e7461ad,tcc-microservices-experiment-auth-1,0.02,79209431,1073741824,7.38,3,45.5kB / 40.3kB,3.16MB / 65.5kB
27,2026-09-10T08:23:55.356390+00:00,55,2026-09-10T08:23:54.983522+00:00,false,microservices,gateway,b43c966e016c5b18c601eaf2b1a81554f1ad5c8079fca651de97c0e2ded682f9,tcc-microservices-experiment-gateway-1,34.31,482764390,536870912,89.91,80,37.7MB / 41.8MB,30.5MB / 213kB
27,2026-09-10T08:23:55.356390+00:00,55,2026-09-10T08:23:54.983522+00:00,false,microservices,mysql,3f253e83a9e26b5267601ed0b944dde0c270e0b7eee7cef9556d6b938d2819b8,tcc-microservices-experiment-mysql-1,24.76,543057510,1073741824,50.58,40,15.7MB / 45.3MB,46.7MB / 117MB
27,2026-09-10T08:23:55.356390+00:00,55,2026-09-10T08:23:54.983522+00:00,false,microservices,order,1d5389182f148a43ec469ae4e28edb740895b3455c43d45cbf3249bbde34ad89,tcc-microservices-experiment-order-1,81.1,82239816,1073741824,7.66,3,53.5MB / 48.2MB,6.48MB / 77.8kB
27,2026-09-10T08:23:55.356390+00:00,55,2026-09-10T08:23:54.983522+00:00,false,microservices,product,a1c2e53da54b4b2e95e630f60e62a362713f6327469bfa51c14fcfc57490587d,tcc-microservices-experiment-product-1,0.02,78601257,1073741824,7.32,3,416kB / 282kB,7.18MB / 81.9kB
28,2026-09-10T08:23:56.356389+00:00,57,2026-09-10T08:23:55.983444+00:00,false,microservices,auth,cc95d2e07170ddb351fa8f4858b95d6ad88d0e809b991ba6dd5136ce8e7461ad,tcc-microservices-experiment-auth-1,0.02,79209431,1073741824,7.38,3,45.5kB / 40.3kB,3.16MB / 65.5kB
28,2026-09-10T08:23:56.356389+00:00,57,2026-09-10T08:23:55.983444+00:00,false,microservices,gateway,b43c966e016c5b18c601eaf2b1a81554f1ad5c8079fca651de97c0e2ded682f9,tcc-microservices-experiment-gateway-1,31.97,482344960,536870912,89.85,80,38.5MB / 42.6MB,30.5MB / 213kB
28,2026-09-10T08:23:56.356389+00:00,57,2026-09-10T08:23:55.983444+00:00,false,microservices,mysql,3f253e83a9e26b5267601ed0b944dde0c270e0b7eee7cef9556d6b938d2819b8,tcc-microservices-experiment-mysql-1,29.07,542742938,1073741824,50.55,40,15.9MB / 46.1MB,46.7MB / 117MB
28,2026-09-10T08:23:56.356389+00:00,57,2026-09-10T08:23:55.983444+00:00,false,microservices,order,1d5389182f148a43ec469ae4e28edb740895b3455c43d45cbf3249bbde34ad89,tcc-microservices-experiment-order-1,81.66,82166415,1073741824,7.65,3,54.4MB / 49.1MB,6.48MB / 77.8kB
28,2026-09-10T08:23:56.356389+00:00,57,2026-09-10T08:23:55.983444+00:00,false,microservices,product,a1c2e53da54b4b2e95e630f60e62a362713f6327469bfa51c14fcfc57490587d,tcc-microservices-experiment-product-1,0.02,78601257,1073741824,7.32,3,416kB / 282kB,7.18MB / 81.9kB
29,2026-09-10T08:23:57.356356+00:00,59,2026-09-10T08:23:56.984254+00:00,false,microservices,auth,cc95d2e07170ddb351fa8f4858b95d6ad88d0e809b991ba6dd5136ce8e7461ad,tcc-microservices-experiment-auth-1,0.02,79209431,1073741824,7.38,3,45.5kB / 40.3kB,3.16MB / 65.5kB
29,2026-09-10T08:23:57.356356+00:00,59,2026-09-10T08:23:56.984254+00:00,false,microservices,gateway,b43c966e016c5b18c601eaf2b1a81554f1ad5c8079fca651de97c0e2ded682f9,tcc-microservices-experiment-gateway-1,53.1,482659533,536870912,89.9,80,39.2MB / 43.4MB,30.5MB / 213kB
29,2026-09-10T08:23:57.356356+00:00,59,2026-09-10T08:23:56.984254+00:00,false,microservices,mysql,3f253e83a9e26b5267601ed0b944dde0c270e0b7eee7cef9556d6b938d2819b8,tcc-microservices-experiment-mysql-1,25.42,542847795,1073741824,50.56,40,16.1MB / 46.9MB,46.7MB / 117MB
29,2026-09-10T08:23:57.356356+00:00,59,2026-09-10T08:23:56.984254+00:00,false,microservices,order,1d5389182f148a43ec469ae4e28edb740895b3455c43d45cbf3249bbde34ad89,tcc-microservices-experiment-order-1,80.66,82952847,1073741824,7.73,3,55.3MB / 49.9MB,6.48MB / 77.8kB
29,2026-09-10T08:23:57.356356+00:00,59,2026-09-10T08:23:56.984254+00:00,false,microservices,product,a1c2e53da54b4b2e95e630f60e62a362713f6327469bfa51c14fcfc57490587d,tcc-microservices-experiment-product-1,0.02,78601257,1073741824,7.32,3,416kB / 282kB,7.18MB / 81.9kB
30,2026-09-10T08:23:58.356382+00:00,61,2026-09-10T08:23:57.983372+00:00,false,microservices,auth,cc95d2e07170ddb351fa8f4858b95d6ad88d0e809b991ba6dd5136ce8e7461ad,tcc-microservices-experiment-auth-1,0.02,79209431,1073741824,7.38,3,45.5kB / 40.3kB,3.16MB / 65.5kB
30,2026-09-10T08:23:58.356382+00:00,61,2026-09-10T08:23:57.983372+00:00,false,microservices,gateway,b43c966e016c5b18c601eaf2b1a81554f1ad5c8079fca651de97c0e2ded682f9,tcc-microservices-experiment-gateway-1,38.18,481925530,536870912,89.77,80,39.9MB / 44.2MB,30.5MB / 213kB
30,2026-09-10T08:23:58.356382+00:00,61,2026-09-10T08:23:57.983372+00:00,false,microservices,mysql,3f253e83a9e26b5267601ed0b944dde0c270e0b7eee7cef9556d6b938d2819b8,tcc-microservices-experiment-mysql-1,28.5,542847795,1073741824,50.56,40,16.3MB / 47.6MB,46.7MB / 117MB
30,2026-09-10T08:23:58.356382+00:00,61,2026-09-10T08:23:57.983372+00:00,false,microservices,order,1d5389182f148a43ec469ae4e28edb740895b3455c43d45cbf3249bbde34ad89,tcc-microservices-experiment-order-1,83.38,82009129,1073741824,7.64,3,56.2MB / 50.7MB,6.48MB / 77.8kB
30,2026-09-10T08:23:58.356382+00:00,61,2026-09-10T08:23:57.983372+00:00,false,microservices,product,a1c2e53da54b4b2e95e630f60e62a362713f6327469bfa51c14fcfc57490587d,tcc-microservices-experiment-product-1,0.02,78601257,1073741824,7.32,3,416kB / 282kB,7.18MB / 81.9kB
31,2026-09-10T08:23:59.356368+00:00,63,2026-09-10T08:23:58.983274+00:00,false,microservices,auth,cc95d2e07170ddb351fa8f4858b95d6ad88d0e809b991ba6dd5136ce8e7461ad,tcc-microservices-experiment-auth-1,0.02,79209431,1073741824,7.38,3,45.5kB / 40.3kB,3.16MB / 65.5kB
31,2026-09-10T08:23:59.356368+00:00,63,2026-09-10T08:23:58.983274+00:00,false,microservices,gateway,b43c966e016c5b18c601eaf2b1a81554f1ad5c8079fca651de97c0e2ded682f9,tcc-microservices-experiment-gateway-1,54.49,482449818,536870912,89.86,80,40.6MB / 45MB,30.5MB / 213kB
31,2026-09-10T08:23:59.356368+00:00,63,2026-09-10T08:23:58.983274+00:00,false,microservices,mysql,3f253e83a9e26b5267601ed0b944dde0c270e0b7eee7cef9556d6b938d2819b8,tcc-microservices-experiment-mysql-1,25.43,542638080,1073741824,50.54,40,16.6MB / 48.3MB,46.7MB / 117MB
31,2026-09-10T08:23:59.356368+00:00,63,2026-09-10T08:23:58.983274+00:00,false,microservices,order,1d5389182f148a43ec469ae4e28edb740895b3455c43d45cbf3249bbde34ad89,tcc-microservices-experiment-order-1,80.78,82795561,1073741824,7.71,3,57.1MB / 51.6MB,6.48MB / 77.8kB
31,2026-09-10T08:23:59.356368+00:00,63,2026-09-10T08:23:58.983274+00:00,false,microservices,product,a1c2e53da54b4b2e95e630f60e62a362713f6327469bfa51c14fcfc57490587d,tcc-microservices-experiment-product-1,0.02,78601257,1073741824,7.32,3,416kB / 282kB,7.18MB / 81.9kB
32,2026-09-10T08:24:00.356366+00:00,65,2026-09-10T08:23:59.983939+00:00,false,microservices,auth,cc95d2e07170ddb351fa8f4858b95d6ad88d0e809b991ba6dd5136ce8e7461ad,tcc-microservices-experiment-auth-1,0.02,79209431,1073741824,7.38,3,45.5kB / 40.3kB,3.16MB / 65.5kB
32,2026-09-10T08:24:00.356366+00:00,65,2026-09-10T08:23:59.983939+00:00,false,microservices,gateway,b43c966e016c5b18c601eaf2b1a81554f1ad5c8079fca651de97c0e2ded682f9,tcc-microservices-experiment-gateway-1,61.23,482554675,536870912,89.88,80,41.3MB / 45.7MB,30.5MB / 213kB
32,2026-09-10T08:24:00.356366+00:00,65,2026-09-10T08:23:59.983939+00:00,false,microservices,mysql,3f253e83a9e26b5267601ed0b944dde0c270e0b7eee7cef9556d6b938d2819b8,tcc-microservices-experiment-mysql-1,29.31,542952653,1073741824,50.56,40,16.8MB / 49.1MB,46.7MB / 117MB
32,2026-09-10T08:24:00.356366+00:00,65,2026-09-10T08:23:59.983939+00:00,false,microservices,order,1d5389182f148a43ec469ae4e28edb740895b3455c43d45cbf3249bbde34ad89,tcc-microservices-experiment-order-1,81.69,82858476,1073741824,7.72,3,58MB / 52.4MB,6.48MB / 77.8kB
32,2026-09-10T08:24:00.356366+00:00,65,2026-09-10T08:23:59.983939+00:00,false,microservices,product,a1c2e53da54b4b2e95e630f60e62a362713f6327469bfa51c14fcfc57490587d,tcc-microservices-experiment-product-1,0.02,78601257,1073741824,7.32,3,416kB / 282kB,7.18MB / 81.9kB
33,2026-09-10T08:24:01.356371+00:00,67,2026-09-10T08:24:00.983307+00:00,false,microservices,auth,cc95d2e07170ddb351fa8f4858b95d6ad88d0e809b991ba6dd5136ce8e7461ad,tcc-microservices-experiment-auth-1,0.02,79209431,1073741824,7.38,3,45.5kB / 40.3kB,3.16MB / 65.5kB
33,2026-09-10T08:24:01.356371+00:00,67,2026-09-10T08:24:00.983307+00:00,false,microservices,gateway,b43c966e016c5b18c601eaf2b1a81554f1ad5c8079fca651de97c0e2ded682f9,tcc-microservices-experiment-gateway-1,29.75,482974106,536870912,89.96,80,42MB / 46.5MB,30.5MB / 213kB
33,2026-09-10T08:24:01.356371+00:00,67,2026-09-10T08:24:00.983307+00:00,false,microservices,mysql,3f253e83a9e26b5267601ed0b944dde0c270e0b7eee7cef9556d6b938d2819b8,tcc-microservices-experiment-mysql-1,26.27,543057510,1073741824,50.58,40,17MB / 49.8MB,46.7MB / 117MB
33,2026-09-10T08:24:01.356371+00:00,67,2026-09-10T08:24:00.983307+00:00,false,microservices,order,1d5389182f148a43ec469ae4e28edb740895b3455c43d45cbf3249bbde34ad89,tcc-microservices-experiment-order-1,79.81,82648760,1073741824,7.7,3,58.9MB / 53.3MB,6.48MB / 77.8kB
33,2026-09-10T08:24:01.356371+00:00,67,2026-09-10T08:24:00.983307+00:00,false,microservices,product,a1c2e53da54b4b2e95e630f60e62a362713f6327469bfa51c14fcfc57490587d,tcc-microservices-experiment-product-1,0.02,78601257,1073741824,7.32,3,416kB / 282kB,7.18MB / 81.9kB
34,2026-09-10T08:24:02.356399+00:00,69,2026-09-10T08:24:01.983333+00:00,false,microservices,auth,cc95d2e07170ddb351fa8f4858b95d6ad88d0e809b991ba6dd5136ce8e7461ad,tcc-microservices-experiment-auth-1,0.02,79209431,1073741824,7.38,3,45.5kB / 40.3kB,3.16MB / 65.5kB
34,2026-09-10T08:24:02.356399+00:00,69,2026-09-10T08:24:01.983333+00:00,false,microservices,gateway,b43c966e016c5b18c601eaf2b1a81554f1ad5c8079fca651de97c0e2ded682f9,tcc-microservices-experiment-gateway-1,32.66,482974106,536870912,89.96,80,42.7MB / 47.3MB,30.5MB / 213kB
34,2026-09-10T08:24:02.356399+00:00,69,2026-09-10T08:24:01.983333+00:00,false,microservices,mysql,3f253e83a9e26b5267601ed0b944dde0c270e0b7eee7cef9556d6b938d2819b8,tcc-microservices-experiment-mysql-1,29.13,542533222,1073741824,50.53,40,17.2MB / 50.6MB,46.7MB / 117MB
34,2026-09-10T08:24:02.356399+00:00,69,2026-09-10T08:24:01.983333+00:00,false,microservices,order,1d5389182f148a43ec469ae4e28edb740895b3455c43d45cbf3249bbde34ad89,tcc-microservices-experiment-order-1,81.23,82564874,1073741824,7.69,3,59.9MB / 54.1MB,6.48MB / 77.8kB
34,2026-09-10T08:24:02.356399+00:00,69,2026-09-10T08:24:01.983333+00:00,false,microservices,product,a1c2e53da54b4b2e95e630f60e62a362713f6327469bfa51c14fcfc57490587d,tcc-microservices-experiment-product-1,0.02,78601257,1073741824,7.32,3,416kB / 282kB,7.18MB / 81.9kB
35,2026-09-10T08:24:03.356390+00:00,71,2026-09-10T08:24:02.983379+00:00,false,microservices,auth,cc95d2e07170ddb351fa8f4858b95d6ad88d0e809b991ba6dd5136ce8e7461ad,tcc-microservices-experiment-auth-1,0.02,79209431,1073741824,7.38,3,45.5kB / 40.3kB,3.16MB / 65.5kB
35,2026-09-10T08:24:03.356390+00:00,71,2026-09-10T08:24:02.983379+00:00,false,microservices,gateway,b43c966e016c5b18c601eaf2b1a81554f1ad5c8079fca651de97c0e2ded682f9,tcc-microservices-experiment-gateway-1,31.23,482974106,536870912,89.96,80,43.5MB / 48.2MB,30.5MB / 213kB
35,2026-09-10T08:24:03.356390+00:00,71,2026-09-10T08:24:02.983379+00:00,false,microservices,mysql,3f253e83a9e26b5267601ed0b944dde0c270e0b7eee7cef9556d6b938d2819b8,tcc-microservices-experiment-mysql-1,24.85,541904077,1073741824,50.47,40,17.4MB / 51.4MB,46.7MB / 117MB
35,2026-09-10T08:24:03.356390+00:00,71,2026-09-10T08:24:02.983379+00:00,false,microservices,order,1d5389182f148a43ec469ae4e28edb740895b3455c43d45cbf3249bbde34ad89,tcc-microservices-experiment-order-1,81.46,82879447,1073741824,7.72,3,60.8MB / 55MB,6.48MB / 77.8kB
35,2026-09-10T08:24:03.356390+00:00,71,2026-09-10T08:24:02.983379+00:00,false,microservices,product,a1c2e53da54b4b2e95e630f60e62a362713f6327469bfa51c14fcfc57490587d,tcc-microservices-experiment-product-1,0.02,78601257,1073741824,7.32,3,416kB / 282kB,7.18MB / 81.9kB
36,2026-09-10T08:24:04.356371+00:00,73,2026-09-10T08:24:03.983377+00:00,false,microservices,auth,cc95d2e07170ddb351fa8f4858b95d6ad88d0e809b991ba6dd5136ce8e7461ad,tcc-microservices-experiment-auth-1,0.02,79209431,1073741824,7.38,3,45.5kB / 40.3kB,3.16MB / 65.5kB
36,2026-09-10T08:24:04.356371+00:00,73,2026-09-10T08:24:03.983377+00:00,false,microservices,gateway,b43c966e016c5b18c601eaf2b1a81554f1ad5c8079fca651de97c0e2ded682f9,tcc-microservices-experiment-gateway-1,28.68,482344960,536870912,89.84,80,44.2MB / 49MB,30.5MB / 229kB
36,2026-09-10T08:24:04.356371+00:00,73,2026-09-10T08:24:03.983377+00:00,false,microservices,mysql,3f253e83a9e26b5267601ed0b944dde0c270e0b7eee7cef9556d6b938d2819b8,tcc-microservices-experiment-mysql-1,28.94,542428365,1073741824,50.52,40,17.6MB / 52.1MB,46.7MB / 117MB
36,2026-09-10T08:24:04.356371+00:00,73,2026-09-10T08:24:03.983377+00:00,false,microservices,order,1d5389182f148a43ec469ae4e28edb740895b3455c43d45cbf3249bbde34ad89,tcc-microservices-experiment-order-1,81.59,82931876,1073741824,7.72,3,61.7MB / 55.8MB,6.48MB / 77.8kB
36,2026-09-10T08:24:04.356371+00:00,73,2026-09-10T08:24:03.983377+00:00,false,microservices,product,a1c2e53da54b4b2e95e630f60e62a362713f6327469bfa51c14fcfc57490587d,tcc-microservices-experiment-product-1,0.02,78601257,1073741824,7.32,3,416kB / 282kB,7.18MB / 81.9kB
37,2026-09-10T08:24:05.356396+00:00,75,2026-09-10T08:24:04.984294+00:00,false,microservices,auth,cc95d2e07170ddb351fa8f4858b95d6ad88d0e809b991ba6dd5136ce8e7461ad,tcc-microservices-experiment-auth-1,0.02,79209431,1073741824,7.38,3,45.5kB / 40.3kB,3.16MB / 65.5kB
37,2026-09-10T08:24:05.356396+00:00,75,2026-09-10T08:24:04.984294+00:00,false,microservices,gateway,b43c966e016c5b18c601eaf2b1a81554f1ad5c8079fca651de97c0e2ded682f9,tcc-microservices-experiment-gateway-1,29.12,483603251,536870912,90.08,80,44.9MB / 49.8MB,30.5MB / 229kB
37,2026-09-10T08:24:05.356396+00:00,75,2026-09-10T08:24:04.984294+00:00,false,microservices,mysql,3f253e83a9e26b5267601ed0b944dde0c270e0b7eee7cef9556d6b938d2819b8,tcc-microservices-experiment-mysql-1,24.31,542847795,1073741824,50.56,40,17.9MB / 52.9MB,46.7MB / 117MB
37,2026-09-10T08:24:05.356396+00:00,75,2026-09-10T08:24:04.984294+00:00,false,microservices,order,1d5389182f148a43ec469ae4e28edb740895b3455c43d45cbf3249bbde34ad89,tcc-microservices-experiment-order-1,82.25,83267420,1073741824,7.76,3,62.7MB / 56.7MB,6.48MB / 77.8kB
37,2026-09-10T08:24:05.356396+00:00,75,2026-09-10T08:24:04.984294+00:00,false,microservices,product,a1c2e53da54b4b2e95e630f60e62a362713f6327469bfa51c14fcfc57490587d,tcc-microservices-experiment-product-1,0.02,78601257,1073741824,7.32,3,416kB / 282kB,7.18MB / 81.9kB
38,2026-09-10T08:24:06.356362+00:00,77,2026-09-10T08:24:05.983790+00:00,false,microservices,auth,cc95d2e07170ddb351fa8f4858b95d6ad88d0e809b991ba6dd5136ce8e7461ad,tcc-microservices-experiment-auth-1,0.02,79209431,1073741824,7.38,3,45.5kB / 40.3kB,3.16MB / 65.5kB
38,2026-09-10T08:24:06.356362+00:00,77,2026-09-10T08:24:05.983790+00:00,false,microservices,gateway,b43c966e016c5b18c601eaf2b1a81554f1ad5c8079fca651de97c0e2ded682f9,tcc-microservices-experiment-gateway-1,55.53,482764390,536870912,89.92,80,45.7MB / 50.6MB,30.5MB / 229kB
38,2026-09-10T08:24:06.356362+00:00,77,2026-09-10T08:24:05.983790+00:00,false,microservices,mysql,3f253e83a9e26b5267601ed0b944dde0c270e0b7eee7cef9556d6b938d2819b8,tcc-microservices-experiment-mysql-1,28.06,542638080,1073741824,50.54,40,18.1MB / 53.7MB,46.7MB / 117MB
38,2026-09-10T08:24:06.356362+00:00,77,2026-09-10T08:24:05.983790+00:00,false,microservices,order,1d5389182f148a43ec469ae4e28edb740895b3455c43d45cbf3249bbde34ad89,tcc-microservices-experiment-order-1,82.56,82963333,1073741824,7.73,3,63.6MB / 57.5MB,6.48MB / 77.8kB
38,2026-09-10T08:24:06.356362+00:00,77,2026-09-10T08:24:05.983790+00:00,false,microservices,product,a1c2e53da54b4b2e95e630f60e62a362713f6327469bfa51c14fcfc57490587d,tcc-microservices-experiment-product-1,0.02,78601257,1073741824,7.32,3,416kB / 282kB,7.18MB / 81.9kB
39,2026-09-10T08:24:07.356388+00:00,79,2026-09-10T08:24:06.983416+00:00,false,microservices,auth,cc95d2e07170ddb351fa8f4858b95d6ad88d0e809b991ba6dd5136ce8e7461ad,tcc-microservices-experiment-auth-1,0.02,79209431,1073741824,7.38,3,45.5kB / 40.3kB,3.16MB / 65.5kB
39,2026-09-10T08:24:07.356388+00:00,79,2026-09-10T08:24:06.983416+00:00,false,microservices,gateway,b43c966e016c5b18c601eaf2b1a81554f1ad5c8079fca651de97c0e2ded682f9,tcc-microservices-experiment-gateway-1,45.14,483078963,536870912,89.97,80,46.4MB / 51.4MB,30.5MB / 229kB
39,2026-09-10T08:24:07.356388+00:00,79,2026-09-10T08:24:06.983416+00:00,false,microservices,mysql,3f253e83a9e26b5267601ed0b944dde0c270e0b7eee7cef9556d6b938d2819b8,tcc-microservices-experiment-mysql-1,24.47,542113792,1073741824,50.49,40,18.3MB / 54.5MB,46.7MB / 117MB
39,2026-09-10T08:24:07.356388+00:00,79,2026-09-10T08:24:06.983416+00:00,false,microservices,order,1d5389182f148a43ec469ae4e28edb740895b3455c43d45cbf3249bbde34ad89,tcc-microservices-experiment-order-1,81.69,83026248,1073741824,7.73,3,64.6MB / 58.4MB,6.48MB / 77.8kB
39,2026-09-10T08:24:07.356388+00:00,79,2026-09-10T08:24:06.983416+00:00,false,microservices,product,a1c2e53da54b4b2e95e630f60e62a362713f6327469bfa51c14fcfc57490587d,tcc-microservices-experiment-product-1,0.02,78601257,1073741824,7.32,3,416kB / 282kB,7.18MB / 81.9kB
40,2026-09-10T08:24:08.356394+00:00,81,2026-09-10T08:24:07.983553+00:00,false,microservices,auth,cc95d2e07170ddb351fa8f4858b95d6ad88d0e809b991ba6dd5136ce8e7461ad,tcc-microservices-experiment-auth-1,0.01,79209431,1073741824,7.38,3,45.5kB / 40.3kB,3.16MB / 65.5kB
40,2026-09-10T08:24:08.356394+00:00,81,2026-09-10T08:24:07.983553+00:00,false,microservices,gateway,b43c966e016c5b18c601eaf2b1a81554f1ad5c8079fca651de97c0e2ded682f9,tcc-microservices-experiment-gateway-1,52.29,483078963,536870912,89.98,80,47.1MB / 52.2MB,30.5MB / 229kB
40,2026-09-10T08:24:08.356394+00:00,81,2026-09-10T08:24:07.983553+00:00,false,microservices,mysql,3f253e83a9e26b5267601ed0b944dde0c270e0b7eee7cef9556d6b938d2819b8,tcc-microservices-experiment-mysql-1,28.58,542952653,1073741824,50.56,40,18.5MB / 55.2MB,46.7MB / 117MB
40,2026-09-10T08:24:08.356394+00:00,81,2026-09-10T08:24:07.983553+00:00,false,microservices,order,1d5389182f148a43ec469ae4e28edb740895b3455c43d45cbf3249bbde34ad89,tcc-microservices-experiment-order-1,81.57,82680218,1073741824,7.7,3,65.5MB / 59.3MB,6.48MB / 77.8kB
40,2026-09-10T08:24:08.356394+00:00,81,2026-09-10T08:24:07.983553+00:00,false,microservices,product,a1c2e53da54b4b2e95e630f60e62a362713f6327469bfa51c14fcfc57490587d,tcc-microservices-experiment-product-1,0.02,78601257,1073741824,7.32,3,416kB / 282kB,7.18MB / 81.9kB
41,2026-09-10T08:24:09.356390+00:00,83,2026-09-10T08:24:08.984262+00:00,false,microservices,auth,cc95d2e07170ddb351fa8f4858b95d6ad88d0e809b991ba6dd5136ce8e7461ad,tcc-microservices-experiment-auth-1,0.02,79209431,1073741824,7.38,3,45.5kB / 40.3kB,3.16MB / 65.5kB
41,2026-09-10T08:24:09.356390+00:00,83,2026-09-10T08:24:08.984262+00:00,false,microservices,gateway,b43c966e016c5b18c601eaf2b1a81554f1ad5c8079fca651de97c0e2ded682f9,tcc-microservices-experiment-gateway-1,44.86,483498394,536870912,90.06,80,47.9MB / 53MB,30.5MB / 229kB
41,2026-09-10T08:24:09.356390+00:00,83,2026-09-10T08:24:08.984262+00:00,false,microservices,mysql,3f253e83a9e26b5267601ed0b944dde0c270e0b7eee7cef9556d6b938d2819b8,tcc-microservices-experiment-mysql-1,24.94,542323507,1073741824,50.5,40,18.7MB / 56MB,46.7MB / 117MB
41,2026-09-10T08:24:09.356390+00:00,83,2026-09-10T08:24:08.984262+00:00,false,microservices,order,1d5389182f148a43ec469ae4e28edb740895b3455c43d45cbf3249bbde34ad89,tcc-microservices-experiment-order-1,80.74,82806047,1073741824,7.71,3,66.4MB / 60.1MB,6.48MB / 77.8kB
41,2026-09-10T08:24:09.356390+00:00,83,2026-09-10T08:24:08.984262+00:00,false,microservices,product,a1c2e53da54b4b2e95e630f60e62a362713f6327469bfa51c14fcfc57490587d,tcc-microservices-experiment-product-1,0.02,78601257,1073741824,7.32,3,416kB / 282kB,7.18MB / 81.9kB
42,2026-09-10T08:24:10.356372+00:00,85,2026-09-10T08:24:09.983263+00:00,false,microservices,auth,cc95d2e07170ddb351fa8f4858b95d6ad88d0e809b991ba6dd5136ce8e7461ad,tcc-microservices-experiment-auth-1,0.01,79209431,1073741824,7.38,3,45.5kB / 40.3kB,3.16MB / 65.5kB
42,2026-09-10T08:24:10.356372+00:00,85,2026-09-10T08:24:09.983263+00:00,false,microservices,gateway,b43c966e016c5b18c601eaf2b1a81554f1ad5c8079fca651de97c0e2ded682f9,tcc-microservices-experiment-gateway-1,27.27,483288678,536870912,90.01,80,48.6MB / 53.8MB,30.5MB / 229kB
42,2026-09-10T08:24:10.356372+00:00,85,2026-09-10T08:24:09.983263+00:00,false,microservices,mysql,3f253e83a9e26b5267601ed0b944dde0c270e0b7eee7cef9556d6b938d2819b8,tcc-microservices-experiment-mysql-1,29.28,543372083,1073741824,50.61,40,19MB / 56.8MB,46.7MB / 117MB
42,2026-09-10T08:24:10.356372+00:00,85,2026-09-10T08:24:09.983263+00:00,false,microservices,order,1d5389182f148a43ec469ae4e28edb740895b3455c43d45cbf3249bbde34ad89,tcc-microservices-experiment-order-1,80.98,83120620,1073741824,7.74,3,67.3MB / 61MB,6.48MB / 77.8kB
42,2026-09-10T08:24:10.356372+00:00,85,2026-09-10T08:24:09.983263+00:00,false,microservices,product,a1c2e53da54b4b2e95e630f60e62a362713f6327469bfa51c14fcfc57490587d,tcc-microservices-experiment-product-1,0.02,78601257,1073741824,7.32,3,416kB / 282kB,7.18MB / 81.9kB
43,2026-09-10T08:24:11.356374+00:00,87,2026-09-10T08:24:10.984011+00:00,false,microservices,auth,cc95d2e07170ddb351fa8f4858b95d6ad88d0e809b991ba6dd5136ce8e7461ad,tcc-microservices-experiment-auth-1,0.02,79209431,1073741824,7.38,3,45.5kB / 40.3kB,3.16MB / 65.5kB
43,2026-09-10T08:24:11.356374+00:00,87,2026-09-10T08:24:10.984011+00:00,false,microservices,gateway,b43c966e016c5b18c601eaf2b1a81554f1ad5c8079fca651de97c0e2ded682f9,tcc-microservices-experiment-gateway-1,30.13,483393536,536870912,90.04,80,49.3MB / 54.7MB,30.5MB / 229kB
43,2026-09-10T08:24:11.356374+00:00,87,2026-09-10T08:24:10.984011+00:00,false,microservices,mysql,3f253e83a9e26b5267601ed0b944dde0c270e0b7eee7cef9556d6b938d2819b8,tcc-microservices-experiment-mysql-1,24.93,541904077,1073741824,50.47,40,19.2MB / 57.6MB,46.7MB / 117MB
43,2026-09-10T08:24:11.356374+00:00,87,2026-09-10T08:24:10.984011+00:00,false,microservices,order,1d5389182f148a43ec469ae4e28edb740895b3455c43d45cbf3249bbde34ad89,tcc-microservices-experiment-order-1,80.82,83309363,1073741824,7.76,3,68.3MB / 61.9MB,6.48MB / 77.8kB
43,2026-09-10T08:24:11.356374+00:00,87,2026-09-10T08:24:10.984011+00:00,false,microservices,product,a1c2e53da54b4b2e95e630f60e62a362713f6327469bfa51c14fcfc57490587d,tcc-microservices-experiment-product-1,0.02,78601257,1073741824,7.32,3,416kB / 282kB,7.18MB / 81.9kB
44,2026-09-10T08:24:12.356375+00:00,89,2026-09-10T08:24:11.983593+00:00,false,microservices,auth,cc95d2e07170ddb351fa8f4858b95d6ad88d0e809b991ba6dd5136ce8e7461ad,tcc-microservices-experiment-auth-1,0.02,79209431,1073741824,7.38,3,45.5kB / 40.3kB,3.16MB / 65.5kB
44,2026-09-10T08:24:12.356375+00:00,89,2026-09-10T08:24:11.983593+00:00,false,microservices,gateway,b43c966e016c5b18c601eaf2b1a81554f1ad5c8079fca651de97c0e2ded682f9,tcc-microservices-experiment-gateway-1,28.08,482659533,536870912,89.9,80,50.1MB / 55.5MB,30.5MB / 229kB
44,2026-09-10T08:24:12.356375+00:00,89,2026-09-10T08:24:11.983593+00:00,false,microservices,mysql,3f253e83a9e26b5267601ed0b944dde0c270e0b7eee7cef9556d6b938d2819b8,tcc-microservices-experiment-mysql-1,29.34,542847795,1073741824,50.56,40,19.4MB / 58.3MB,46.7MB / 117MB
44,2026-09-10T08:24:12.356375+00:00,89,2026-09-10T08:24:11.983593+00:00,false,microservices,order,1d5389182f148a43ec469ae4e28edb740895b3455c43d45cbf3249bbde34ad89,tcc-microservices-experiment-order-1,81.12,82900419,1073741824,7.72,3,69.2MB / 62.7MB,6.48MB / 77.8kB
44,2026-09-10T08:24:12.356375+00:00,89,2026-09-10T08:24:11.983593+00:00,false,microservices,product,a1c2e53da54b4b2e95e630f60e62a362713f6327469bfa51c14fcfc57490587d,tcc-microservices-experiment-product-1,0.02,78601257,1073741824,7.32,3,416kB / 282kB,7.18MB / 81.9kB
45,2026-09-10T08:24:13.356397+00:00,91,2026-09-10T08:24:12.983972+00:00,false,microservices,auth,cc95d2e07170ddb351fa8f4858b95d6ad88d0e809b991ba6dd5136ce8e7461ad,tcc-microservices-experiment-auth-1,0.01,79209431,1073741824,7.38,3,45.5kB / 40.3kB,3.16MB / 65.5kB
45,2026-09-10T08:24:13.356397+00:00,91,2026-09-10T08:24:12.983972+00:00,false,microservices,gateway,b43c966e016c5b18c601eaf2b1a81554f1ad5c8079fca651de97c0e2ded682f9,tcc-microservices-experiment-gateway-1,27.08,482974106,536870912,89.95,80,50.8MB / 56.3MB,30.5MB / 229kB
45,2026-09-10T08:24:13.356397+00:00,91,2026-09-10T08:24:12.983972+00:00,false,microservices,mysql,3f253e83a9e26b5267601ed0b944dde0c270e0b7eee7cef9556d6b938d2819b8,tcc-microservices-experiment-mysql-1,25.88,542742938,1073741824,50.55,40,19.6MB / 59.1MB,46.7MB / 117MB
45,2026-09-10T08:24:13.356397+00:00,91,2026-09-10T08:24:12.983972+00:00,false,microservices,order,1d5389182f148a43ec469ae4e28edb740895b3455c43d45cbf3249bbde34ad89,tcc-microservices-experiment-order-1,79.97,83225477,1073741824,7.75,3,70.2MB / 63.6MB,6.48MB / 77.8kB
45,2026-09-10T08:24:13.356397+00:00,91,2026-09-10T08:24:12.983972+00:00,false,microservices,product,a1c2e53da54b4b2e95e630f60e62a362713f6327469bfa51c14fcfc57490587d,tcc-microservices-experiment-product-1,0.02,78601257,1073741824,7.32,3,416kB / 282kB,7.18MB / 81.9kB
46,2026-09-10T08:24:14.356377+00:00,93,2026-09-10T08:24:13.983253+00:00,false,microservices,auth,cc95d2e07170ddb351fa8f4858b95d6ad88d0e809b991ba6dd5136ce8e7461ad,tcc-microservices-experiment-auth-1,0.02,79209431,1073741824,7.38,3,45.5kB / 40.3kB,3.16MB / 65.5kB
46,2026-09-10T08:24:14.356377+00:00,93,2026-09-10T08:24:13.983253+00:00,false,microservices,gateway,b43c966e016c5b18c601eaf2b1a81554f1ad5c8079fca651de97c0e2ded682f9,tcc-microservices-experiment-gateway-1,26.28,483078963,536870912,89.98,80,51.5MB / 57.1MB,30.5MB / 229kB
46,2026-09-10T08:24:14.356377+00:00,93,2026-09-10T08:24:13.983253+00:00,false,microservices,mysql,3f253e83a9e26b5267601ed0b944dde0c270e0b7eee7cef9556d6b938d2819b8,tcc-microservices-experiment-mysql-1,29.75,543686656,1073741824,50.63,40,19.8MB / 59.9MB,46.7MB / 117MB
46,2026-09-10T08:24:14.356377+00:00,93,2026-09-10T08:24:13.983253+00:00,false,microservices,order,1d5389182f148a43ec469ae4e28edb740895b3455c43d45cbf3249bbde34ad89,tcc-microservices-experiment-order-1,80.65,83319849,1073741824,7.76,3,71.1MB / 64.4MB,6.48MB / 77.8kB
46,2026-09-10T08:24:14.356377+00:00,93,2026-09-10T08:24:13.983253+00:00,false,microservices,product,a1c2e53da54b4b2e95e630f60e62a362713f6327469bfa51c14fcfc57490587d,tcc-microservices-experiment-product-1,0.02,78601257,1073741824,7.32,3,416kB / 282kB,7.18MB / 81.9kB
47,2026-09-10T08:24:15.356364+00:00,95,2026-09-10T08:24:14.983255+00:00,false,microservices,auth,cc95d2e07170ddb351fa8f4858b95d6ad88d0e809b991ba6dd5136ce8e7461ad,tcc-microservices-experiment-auth-1,0.02,79209431,1073741824,7.38,3,45.5kB / 40.3kB,3.16MB / 65.5kB
47,2026-09-10T08:24:15.356364+00:00,95,2026-09-10T08:24:14.983255+00:00,false,microservices,gateway,b43c966e016c5b18c601eaf2b1a81554f1ad5c8079fca651de97c0e2ded682f9,tcc-microservices-experiment-gateway-1,40.44,483183821,536870912,90.01,80,52.2MB / 57.9MB,30.5MB / 229kB
47,2026-09-10T08:24:15.356364+00:00,95,2026-09-10T08:24:14.983255+00:00,false,microservices,mysql,3f253e83a9e26b5267601ed0b944dde0c270e0b7eee7cef9556d6b938d2819b8,tcc-microservices-experiment-mysql-1,24.36,542638080,1073741824,50.53,40,20MB / 60.6MB,46.7MB / 117MB
47,2026-09-10T08:24:15.356364+00:00,95,2026-09-10T08:24:14.983255+00:00,false,microservices,order,1d5389182f148a43ec469ae4e28edb740895b3455c43d45cbf3249bbde34ad89,tcc-microservices-experiment-order-1,81.77,83026248,1073741824,7.73,3,72MB / 65.3MB,6.48MB / 77.8kB
47,2026-09-10T08:24:15.356364+00:00,95,2026-09-10T08:24:14.983255+00:00,false,microservices,product,a1c2e53da54b4b2e95e630f60e62a362713f6327469bfa51c14fcfc57490587d,tcc-microservices-experiment-product-1,0.02,78601257,1073741824,7.32,3,416kB / 282kB,7.18MB / 81.9kB
48,2026-09-10T08:24:16.356391+00:00,97,2026-09-10T08:24:15.983821+00:00,false,microservices,auth,cc95d2e07170ddb351fa8f4858b95d6ad88d0e809b991ba6dd5136ce8e7461ad,tcc-microservices-experiment-auth-1,0.02,79209431,1073741824,7.38,3,45.5kB / 40.3kB,3.16MB / 65.5kB
48,2026-09-10T08:24:16.356391+00:00,97,2026-09-10T08:24:15.983821+00:00,false,microservices,gateway,b43c966e016c5b18c601eaf2b1a81554f1ad5c8079fca651de97c0e2ded682f9,tcc-microservices-experiment-gateway-1,30.19,483498394,536870912,90.06,80,53MB / 58.7MB,30.5MB / 229kB
48,2026-09-10T08:24:16.356391+00:00,97,2026-09-10T08:24:15.983821+00:00,false,microservices,mysql,3f253e83a9e26b5267601ed0b944dde0c270e0b7eee7cef9556d6b938d2819b8,tcc-microservices-experiment-mysql-1,29.09,543267226,1073741824,50.6,40,20.3MB / 61.4MB,46.7MB / 117MB
48,2026-09-10T08:24:16.356391+00:00,97,2026-09-10T08:24:15.983821+00:00,false,microservices,order,1d5389182f148a43ec469ae4e28edb740895b3455c43d45cbf3249bbde34ad89,tcc-microservices-experiment-order-1,80.92,82690703,1073741824,7.7,3,72.9MB / 66.1MB,6.48MB / 77.8kB
48,2026-09-10T08:24:16.356391+00:00,97,2026-09-10T08:24:15.983821+00:00,false,microservices,product,a1c2e53da54b4b2e95e630f60e62a362713f6327469bfa51c14fcfc57490587d,tcc-microservices-experiment-product-1,0.02,78601257,1073741824,7.32,3,416kB / 282kB,7.18MB / 81.9kB
49,2026-09-10T08:24:17.356380+00:00,99,2026-09-10T08:24:16.983138+00:00,false,microservices,auth,cc95d2e07170ddb351fa8f4858b95d6ad88d0e809b991ba6dd5136ce8e7461ad,tcc-microservices-experiment-auth-1,0.02,79209431,1073741824,7.38,3,45.5kB / 40.3kB,3.16MB / 65.5kB
49,2026-09-10T08:24:17.356380+00:00,99,2026-09-10T08:24:16.983138+00:00,false,microservices,gateway,b43c966e016c5b18c601eaf2b1a81554f1ad5c8079fca651de97c0e2ded682f9,tcc-microservices-experiment-gateway-1,49.65,483917824,536870912,90.13,80,53.7MB / 59.5MB,30.5MB / 229kB
49,2026-09-10T08:24:17.356380+00:00,99,2026-09-10T08:24:16.983138+00:00,false,microservices,mysql,3f253e83a9e26b5267601ed0b944dde0c270e0b7eee7cef9556d6b938d2819b8,tcc-microservices-experiment-mysql-1,25.74,542952653,1073741824,50.57,40,20.5MB / 62.1MB,46.7MB / 117MB
49,2026-09-10T08:24:17.356380+00:00,99,2026-09-10T08:24:16.983138+00:00,false,microservices,order,1d5389182f148a43ec469ae4e28edb740895b3455c43d45cbf3249bbde34ad89,tcc-microservices-experiment-order-1,81.04,83644908,1073741824,7.79,3,73.8MB / 66.9MB,6.48MB / 77.8kB
49,2026-09-10T08:24:17.356380+00:00,99,2026-09-10T08:24:16.983138+00:00,false,microservices,product,a1c2e53da54b4b2e95e630f60e62a362713f6327469bfa51c14fcfc57490587d,tcc-microservices-experiment-product-1,0.02,78601257,1073741824,7.32,3,416kB / 282kB,7.18MB / 81.9kB
50,2026-09-10T08:24:18.356376+00:00,101,2026-09-10T08:24:17.983324+00:00,false,microservices,auth,cc95d2e07170ddb351fa8f4858b95d6ad88d0e809b991ba6dd5136ce8e7461ad,tcc-microservices-experiment-auth-1,0.02,79209431,1073741824,7.38,3,45.5kB / 40.3kB,3.16MB / 65.5kB
50,2026-09-10T08:24:18.356376+00:00,101,2026-09-10T08:24:17.983324+00:00,false,microservices,gateway,b43c966e016c5b18c601eaf2b1a81554f1ad5c8079fca651de97c0e2ded682f9,tcc-microservices-experiment-gateway-1,37.8,483393536,536870912,90.05,80,54.4MB / 60.3MB,30.5MB / 229kB
50,2026-09-10T08:24:18.356376+00:00,101,2026-09-10T08:24:17.983324+00:00,false,microservices,mysql,3f253e83a9e26b5267601ed0b944dde0c270e0b7eee7cef9556d6b938d2819b8,tcc-microservices-experiment-mysql-1,28.3,543162368,1073741824,50.58,40,20.7MB / 62.9MB,46.7MB / 117MB
50,2026-09-10T08:24:18.356376+00:00,101,2026-09-10T08:24:17.983324+00:00,false,microservices,order,1d5389182f148a43ec469ae4e28edb740895b3455c43d45cbf3249bbde34ad89,tcc-microservices-experiment-order-1,81.75,83110134,1073741824,7.74,3,74.8MB / 67.8MB,6.48MB / 77.8kB
50,2026-09-10T08:24:18.356376+00:00,101,2026-09-10T08:24:17.983324+00:00,false,microservices,product,a1c2e53da54b4b2e95e630f60e62a362713f6327469bfa51c14fcfc57490587d,tcc-microservices-experiment-product-1,0.02,78601257,1073741824,7.32,3,416kB / 282kB,7.18MB / 81.9kB
51,2026-09-10T08:24:19.356395+00:00,103,2026-09-10T08:24:18.983246+00:00,false,microservices,auth,cc95d2e07170ddb351fa8f4858b95d6ad88d0e809b991ba6dd5136ce8e7461ad,tcc-microservices-experiment-auth-1,0.02,79209431,1073741824,7.38,3,45.5kB / 40.3kB,3.16MB / 65.5kB
51,2026-09-10T08:24:19.356395+00:00,103,2026-09-10T08:24:18.983246+00:00,false,microservices,gateway,b43c966e016c5b18c601eaf2b1a81554f1ad5c8079fca651de97c0e2ded682f9,tcc-microservices-experiment-gateway-1,29.42,484022682,536870912,90.16,80,55.1MB / 61.1MB,30.5MB / 229kB
51,2026-09-10T08:24:19.356395+00:00,103,2026-09-10T08:24:18.983246+00:00,false,microservices,mysql,3f253e83a9e26b5267601ed0b944dde0c270e0b7eee7cef9556d6b938d2819b8,tcc-microservices-experiment-mysql-1,25.07,542742938,1073741824,50.55,40,20.9MB / 63.7MB,46.7MB / 117MB
51,2026-09-10T08:24:19.356395+00:00,103,2026-09-10T08:24:18.983246+00:00,false,microservices,order,1d5389182f148a43ec469ae4e28edb740895b3455c43d45cbf3249bbde34ad89,tcc-microservices-experiment-order-1,81.86,83781222,1073741824,7.8,3,75.7MB / 68.7MB,6.48MB / 77.8kB
51,2026-09-10T08:24:19.356395+00:00,103,2026-09-10T08:24:18.983246+00:00,false,microservices,product,a1c2e53da54b4b2e95e630f60e62a362713f6327469bfa51c14fcfc57490587d,tcc-microservices-experiment-product-1,0.02,78601257,1073741824,7.32,3,416kB / 282kB,7.18MB / 81.9kB
52,2026-09-10T08:24:20.356412+00:00,105,2026-09-10T08:24:19.983367+00:00,false,microservices,auth,cc95d2e07170ddb351fa8f4858b95d6ad88d0e809b991ba6dd5136ce8e7461ad,tcc-microservices-experiment-auth-1,0.02,79209431,1073741824,7.38,3,45.6kB / 40.3kB,3.16MB / 65.5kB
52,2026-09-10T08:24:20.356412+00:00,105,2026-09-10T08:24:19.983367+00:00,false,microservices,gateway,b43c966e016c5b18c601eaf2b1a81554f1ad5c8079fca651de97c0e2ded682f9,tcc-microservices-experiment-gateway-1,29.06,483078963,536870912,89.99,77,55.9MB / 61.9MB,30.5MB / 246kB
52,2026-09-10T08:24:20.356412+00:00,105,2026-09-10T08:24:19.983367+00:00,false,microservices,mysql,3f253e83a9e26b5267601ed0b944dde0c270e0b7eee7cef9556d6b938d2819b8,tcc-microservices-experiment-mysql-1,28.74,543581798,1073741824,50.63,40,21.1MB / 64.4MB,46.7MB / 117MB
52,2026-09-10T08:24:20.356412+00:00,105,2026-09-10T08:24:19.983367+00:00,false,microservices,order,1d5389182f148a43ec469ae4e28edb740895b3455c43d45cbf3249bbde34ad89,tcc-microservices-experiment-order-1,81.67,82942362,1073741824,7.72,3,76.7MB / 69.5MB,6.48MB / 77.8kB
52,2026-09-10T08:24:20.356412+00:00,105,2026-09-10T08:24:19.983367+00:00,false,microservices,product,a1c2e53da54b4b2e95e630f60e62a362713f6327469bfa51c14fcfc57490587d,tcc-microservices-experiment-product-1,0.02,78601257,1073741824,7.32,3,416kB / 282kB,7.18MB / 81.9kB
53,2026-09-10T08:24:21.356373+00:00,107,2026-09-10T08:24:20.983972+00:00,false,microservices,auth,cc95d2e07170ddb351fa8f4858b95d6ad88d0e809b991ba6dd5136ce8e7461ad,tcc-microservices-experiment-auth-1,0.02,79209431,1073741824,7.38,3,45.7kB / 40.3kB,3.16MB / 65.5kB
53,2026-09-10T08:24:21.356373+00:00,107,2026-09-10T08:24:20.983972+00:00,false,microservices,gateway,b43c966e016c5b18c601eaf2b1a81554f1ad5c8079fca651de97c0e2ded682f9,tcc-microservices-experiment-gateway-1,27.09,483393536,536870912,90.04,77,56.6MB / 62.7MB,30.5MB / 246kB
53,2026-09-10T08:24:21.356373+00:00,107,2026-09-10T08:24:20.983972+00:00,false,microservices,mysql,3f253e83a9e26b5267601ed0b944dde0c270e0b7eee7cef9556d6b938d2819b8,tcc-microservices-experiment-mysql-1,25.25,542428365,1073741824,50.52,40,21.4MB / 65.2MB,46.7MB / 117MB
53,2026-09-10T08:24:21.356373+00:00,107,2026-09-10T08:24:20.983972+00:00,false,microservices,order,1d5389182f148a43ec469ae4e28edb740895b3455c43d45cbf3249bbde34ad89,tcc-microservices-experiment-order-1,80.79,83057705,1073741824,7.74,3,77.6MB / 70.4MB,6.48MB / 77.8kB
53,2026-09-10T08:24:21.356373+00:00,107,2026-09-10T08:24:20.983972+00:00,false,microservices,product,a1c2e53da54b4b2e95e630f60e62a362713f6327469bfa51c14fcfc57490587d,tcc-microservices-experiment-product-1,0.02,78601257,1073741824,7.32,3,416kB / 282kB,7.18MB / 81.9kB
54,2026-09-10T08:24:22.356381+00:00,109,2026-09-10T08:24:21.984410+00:00,false,microservices,auth,cc95d2e07170ddb351fa8f4858b95d6ad88d0e809b991ba6dd5136ce8e7461ad,tcc-microservices-experiment-auth-1,0.02,79209431,1073741824,7.38,3,45.7kB / 40.3kB,3.16MB / 65.5kB
54,2026-09-10T08:24:22.356381+00:00,109,2026-09-10T08:24:21.984410+00:00,false,microservices,gateway,b43c966e016c5b18c601eaf2b1a81554f1ad5c8079fca651de97c0e2ded682f9,tcc-microservices-experiment-gateway-1,26.09,482974106,536870912,89.97,77,57.3MB / 63.5MB,30.5MB / 246kB
54,2026-09-10T08:24:22.356381+00:00,109,2026-09-10T08:24:21.984410+00:00,false,microservices,mysql,3f253e83a9e26b5267601ed0b944dde0c270e0b7eee7cef9556d6b938d2819b8,tcc-microservices-experiment-mysql-1,30.49,543476941,1073741824,50.61,40,21.6MB / 66MB,46.7MB / 117MB
54,2026-09-10T08:24:22.356381+00:00,109,2026-09-10T08:24:21.984410+00:00,false,microservices,order,1d5389182f148a43ec469ae4e28edb740895b3455c43d45cbf3249bbde34ad89,tcc-microservices-experiment-order-1,79.43,83477135,1073741824,7.77,3,78.5MB / 71.2MB,6.48MB / 77.8kB
54,2026-09-10T08:24:22.356381+00:00,109,2026-09-10T08:24:21.984410+00:00,false,microservices,product,a1c2e53da54b4b2e95e630f60e62a362713f6327469bfa51c14fcfc57490587d,tcc-microservices-experiment-product-1,0.02,78601257,1073741824,7.32,3,416kB / 282kB,7.18MB / 81.9kB
55,2026-09-10T08:24:23.356362+00:00,111,2026-09-10T08:24:22.983913+00:00,false,microservices,auth,cc95d2e07170ddb351fa8f4858b95d6ad88d0e809b991ba6dd5136ce8e7461ad,tcc-microservices-experiment-auth-1,0.02,79209431,1073741824,7.38,3,45.7kB / 40.3kB,3.16MB / 65.5kB
55,2026-09-10T08:24:23.356362+00:00,111,2026-09-10T08:24:22.983913+00:00,false,microservices,gateway,b43c966e016c5b18c601eaf2b1a81554f1ad5c8079fca651de97c0e2ded682f9,tcc-microservices-experiment-gateway-1,25.87,483288678,536870912,90.01,77,58.1MB / 64.3MB,30.5MB / 246kB
55,2026-09-10T08:24:23.356362+00:00,111,2026-09-10T08:24:22.983913+00:00,false,microservices,mysql,3f253e83a9e26b5267601ed0b944dde0c270e0b7eee7cef9556d6b938d2819b8,tcc-microservices-experiment-mysql-1,25.35,542323507,1073741824,50.51,40,21.8MB / 66.8MB,46.7MB / 117MB
55,2026-09-10T08:24:23.356362+00:00,111,2026-09-10T08:24:22.983913+00:00,false,microservices,order,1d5389182f148a43ec469ae4e28edb740895b3455c43d45cbf3249bbde34ad89,tcc-microservices-experiment-order-1,80.13,83288392,1073741824,7.76,3,79.5MB / 72.1MB,6.48MB / 77.8kB
55,2026-09-10T08:24:23.356362+00:00,111,2026-09-10T08:24:22.983913+00:00,false,microservices,product,a1c2e53da54b4b2e95e630f60e62a362713f6327469bfa51c14fcfc57490587d,tcc-microservices-experiment-product-1,0.02,78601257,1073741824,7.32,3,416kB / 282kB,7.18MB / 81.9kB
56,2026-09-10T08:24:24.356378+00:00,113,2026-09-10T08:24:23.983397+00:00,false,microservices,auth,cc95d2e07170ddb351fa8f4858b95d6ad88d0e809b991ba6dd5136ce8e7461ad,tcc-microservices-experiment-auth-1,0.02,79209431,1073741824,7.38,3,45.7kB / 40.3kB,3.16MB / 65.5kB
56,2026-09-10T08:24:24.356378+00:00,113,2026-09-10T08:24:23.983397+00:00,false,microservices,gateway,b43c966e016c5b18c601eaf2b1a81554f1ad5c8079fca651de97c0e2ded682f9,tcc-microservices-experiment-gateway-1,26.88,483288678,536870912,90.02,77,58.8MB / 65.1MB,30.5MB / 246kB
56,2026-09-10T08:24:24.356378+00:00,113,2026-09-10T08:24:23.983397+00:00,false,microservices,mysql,3f253e83a9e26b5267601ed0b944dde0c270e0b7eee7cef9556d6b938d2819b8,tcc-microservices-experiment-mysql-1,29.94,543267226,1073741824,50.6,40,22MB / 67.5MB,46.7MB / 117MB
56,2026-09-10T08:24:24.356378+00:00,113,2026-09-10T08:24:23.983397+00:00,false,microservices,order,1d5389182f148a43ec469ae4e28edb740895b3455c43d45cbf3249bbde34ad89,tcc-microservices-experiment-order-1,80.92,82963333,1073741824,7.73,3,80.4MB / 72.9MB,6.48MB / 77.8kB
56,2026-09-10T08:24:24.356378+00:00,113,2026-09-10T08:24:23.983397+00:00,false,microservices,product,a1c2e53da54b4b2e95e630f60e62a362713f6327469bfa51c14fcfc57490587d,tcc-microservices-experiment-product-1,0.02,78601257,1073741824,7.32,3,416kB / 282kB,7.18MB / 81.9kB
57,2026-09-10T08:24:25.356371+00:00,115,2026-09-10T08:24:24.983873+00:00,false,microservices,auth,cc95d2e07170ddb351fa8f4858b95d6ad88d0e809b991ba6dd5136ce8e7461ad,tcc-microservices-experiment-auth-1,0.02,79209431,1073741824,7.38,3,45.7kB / 40.3kB,3.16MB / 65.5kB
57,2026-09-10T08:24:25.356371+00:00,115,2026-09-10T08:24:24.983873+00:00,false,microservices,gateway,b43c966e016c5b18c601eaf2b1a81554f1ad5c8079fca651de97c0e2ded682f9,tcc-microservices-experiment-gateway-1,26.88,483288678,536870912,90.02,77,58.8MB / 65.1MB,30.5MB / 246kB
57,2026-09-10T08:24:25.356371+00:00,115,2026-09-10T08:24:24.983873+00:00,false,microservices,mysql,3f253e83a9e26b5267601ed0b944dde0c270e0b7eee7cef9556d6b938d2819b8,tcc-microservices-experiment-mysql-1,29.94,543267226,1073741824,50.6,40,22MB / 67.5MB,46.7MB / 117MB
57,2026-09-10T08:24:25.356371+00:00,115,2026-09-10T08:24:24.983873+00:00,false,microservices,order,1d5389182f148a43ec469ae4e28edb740895b3455c43d45cbf3249bbde34ad89,tcc-microservices-experiment-order-1,80.92,82963333,1073741824,7.73,3,80.4MB / 72.9MB,6.48MB / 77.8kB
57,2026-09-10T08:24:25.356371+00:00,115,2026-09-10T08:24:24.983873+00:00,false,microservices,product,a1c2e53da54b4b2e95e630f60e62a362713f6327469bfa51c14fcfc57490587d,tcc-microservices-experiment-product-1,0.02,78601257,1073741824,7.32,3,416kB / 282kB,7.18MB / 81.9kB
58,2026-09-10T08:24:26.356392+00:00,117,2026-09-10T08:24:25.983813+00:00,false,microservices,auth,cc95d2e07170ddb351fa8f4858b95d6ad88d0e809b991ba6dd5136ce8e7461ad,tcc-microservices-experiment-auth-1,0.02,79209431,1073741824,7.38,3,45.8kB / 40.3kB,3.16MB / 65.5kB
58,2026-09-10T08:24:26.356392+00:00,117,2026-09-10T08:24:25.983813+00:00,false,microservices,gateway,b43c966e016c5b18c601eaf2b1a81554f1ad5c8079fca651de97c0e2ded682f9,tcc-microservices-experiment-gateway-1,25.54,483393536,536870912,90.03,77,59.5MB / 65.9MB,30.5MB / 246kB
58,2026-09-10T08:24:26.356392+00:00,117,2026-09-10T08:24:25.983813+00:00,false,microservices,mysql,3f253e83a9e26b5267601ed0b944dde0c270e0b7eee7cef9556d6b938d2819b8,tcc-microservices-experiment-mysql-1,25.67,542638080,1073741824,50.54,40,22.2MB / 68.2MB,46.7MB / 117MB
58,2026-09-10T08:24:26.356392+00:00,117,2026-09-10T08:24:25.983813+00:00,false,microservices,order,1d5389182f148a43ec469ae4e28edb740895b3455c43d45cbf3249bbde34ad89,tcc-microservices-experiment-order-1,80.84,83235963,1073741824,7.75,3,81.3MB / 73.7MB,6.48MB / 77.8kB
58,2026-09-10T08:24:26.356392+00:00,117,2026-09-10T08:24:25.983813+00:00,false,microservices,product,a1c2e53da54b4b2e95e630f60e62a362713f6327469bfa51c14fcfc57490587d,tcc-microservices-experiment-product-1,0.02,78601257,1073741824,7.32,3,416kB / 282kB,7.18MB / 81.9kB
59,2026-09-10T08:24:27.356385+00:00,119,2026-09-10T08:24:26.984204+00:00,false,microservices,auth,cc95d2e07170ddb351fa8f4858b95d6ad88d0e809b991ba6dd5136ce8e7461ad,tcc-microservices-experiment-auth-1,0.01,79209431,1073741824,7.38,3,45.8kB / 40.3kB,3.16MB / 65.5kB
59,2026-09-10T08:24:27.356385+00:00,119,2026-09-10T08:24:26.984204+00:00,false,microservices,gateway,b43c966e016c5b18c601eaf2b1a81554f1ad5c8079fca651de97c0e2ded682f9,tcc-microservices-experiment-gateway-1,45.9,483393536,536870912,90.04,77,60.2MB / 66.7MB,30.5MB / 246kB
59,2026-09-10T08:24:27.356385+00:00,119,2026-09-10T08:24:26.984204+00:00,false,microservices,mysql,3f253e83a9e26b5267601ed0b944dde0c270e0b7eee7cef9556d6b938d2819b8,tcc-microservices-experiment-mysql-1,28.0,543896371,1073741824,50.65,40,22.4MB / 69MB,46.7MB / 117MB
59,2026-09-10T08:24:27.356385+00:00,119,2026-09-10T08:24:26.984204+00:00,false,microservices,order,1d5389182f148a43ec469ae4e28edb740895b3455c43d45cbf3249bbde34ad89,tcc-microservices-experiment-order-1,81.93,83120620,1073741824,7.74,3,82.2MB / 74.6MB,6.48MB / 77.8kB
59,2026-09-10T08:24:27.356385+00:00,119,2026-09-10T08:24:26.984204+00:00,false,microservices,product,a1c2e53da54b4b2e95e630f60e62a362713f6327469bfa51c14fcfc57490587d,tcc-microservices-experiment-product-1,0.02,78601257,1073741824,7.32,3,416kB / 282kB,7.18MB / 81.9kB
60,2026-09-10T08:24:28.356365+00:00,121,2026-09-10T08:24:27.983659+00:00,false,microservices,auth,cc95d2e07170ddb351fa8f4858b95d6ad88d0e809b991ba6dd5136ce8e7461ad,tcc-microservices-experiment-auth-1,0.01,79209431,1073741824,7.38,3,45.8kB / 40.3kB,3.16MB / 65.5kB
60,2026-09-10T08:24:28.356365+00:00,121,2026-09-10T08:24:27.983659+00:00,false,microservices,gateway,b43c966e016c5b18c601eaf2b1a81554f1ad5c8079fca651de97c0e2ded682f9,tcc-microservices-experiment-gateway-1,57.07,483603251,536870912,90.07,77,60.9MB / 67.5MB,30.5MB / 246kB
60,2026-09-10T08:24:28.356365+00:00,121,2026-09-10T08:24:27.983659+00:00,false,microservices,mysql,3f253e83a9e26b5267601ed0b944dde0c270e0b7eee7cef9556d6b938d2819b8,tcc-microservices-experiment-mysql-1,24.5,542323507,1073741824,50.51,40,22.6MB / 69.8MB,46.7MB / 117MB
60,2026-09-10T08:24:28.356365+00:00,121,2026-09-10T08:24:27.983659+00:00,false,microservices,order,1d5389182f148a43ec469ae4e28edb740895b3455c43d45cbf3249bbde34ad89,tcc-microservices-experiment-order-1,81.44,83026248,1073741824,7.73,3,83.1MB / 75.4MB,6.48MB / 77.8kB
60,2026-09-10T08:24:28.356365+00:00,121,2026-09-10T08:24:27.983659+00:00,false,microservices,product,a1c2e53da54b4b2e95e630f60e62a362713f6327469bfa51c14fcfc57490587d,tcc-microservices-experiment-product-1,0.02,78601257,1073741824,7.32,3,416kB / 282kB,7.18MB / 81.9kB
61,2026-09-10T08:24:29.356398+00:00,123,2026-09-10T08:24:28.984497+00:00,false,microservices,auth,cc95d2e07170ddb351fa8f4858b95d6ad88d0e809b991ba6dd5136ce8e7461ad,tcc-microservices-experiment-auth-1,0.02,79209431,1073741824,7.38,3,45.8kB / 40.3kB,3.16MB / 65.5kB
61,2026-09-10T08:24:29.356398+00:00,123,2026-09-10T08:24:28.984497+00:00,false,microservices,gateway,b43c966e016c5b18c601eaf2b1a81554f1ad5c8079fca651de97c0e2ded682f9,tcc-microservices-experiment-gateway-1,26.66,484337254,536870912,90.22,77,61.6MB / 68.3MB,30.5MB / 246kB
61,2026-09-10T08:24:29.356398+00:00,123,2026-09-10T08:24:28.984497+00:00,false,microservices,mysql,3f253e83a9e26b5267601ed0b944dde0c270e0b7eee7cef9556d6b938d2819b8,tcc-microservices-experiment-mysql-1,28.09,549663539,1073741824,51.19,41,22.9MB / 70.5MB,46.7MB / 117MB
61,2026-09-10T08:24:29.356398+00:00,123,2026-09-10T08:24:28.984497+00:00,false,microservices,order,1d5389182f148a43ec469ae4e28edb740895b3455c43d45cbf3249bbde34ad89,tcc-microservices-experiment-order-1,81.45,83529564,1073741824,7.78,3,84MB / 76.3MB,6.48MB / 77.8kB
61,2026-09-10T08:24:29.356398+00:00,123,2026-09-10T08:24:28.984497+00:00,false,microservices,product,a1c2e53da54b4b2e95e630f60e62a362713f6327469bfa51c14fcfc57490587d,tcc-microservices-experiment-product-1,0.02,78601257,1073741824,7.32,3,416kB / 282kB,7.18MB / 81.9kB
62,2026-09-10T08:24:30.356358+00:00,125,2026-09-10T08:24:29.984206+00:00,false,microservices,auth,cc95d2e07170ddb351fa8f4858b95d6ad88d0e809b991ba6dd5136ce8e7461ad,tcc-microservices-experiment-auth-1,0.02,79209431,1073741824,7.38,3,45.8kB / 40.3kB,3.16MB / 65.5kB
62,2026-09-10T08:24:30.356358+00:00,125,2026-09-10T08:24:29.984206+00:00,false,microservices,gateway,b43c966e016c5b18c601eaf2b1a81554f1ad5c8079fca651de97c0e2ded682f9,tcc-microservices-experiment-gateway-1,26.31,484022682,536870912,90.16,77,62.4MB / 69.1MB,30.5MB / 246kB
62,2026-09-10T08:24:30.356358+00:00,125,2026-09-10T08:24:29.984206+00:00,false,microservices,mysql,3f253e83a9e26b5267601ed0b944dde0c270e0b7eee7cef9556d6b938d2819b8,tcc-microservices-experiment-mysql-1,26.2,543372083,1073741824,50.61,40,23.1MB / 71.3MB,46.7MB / 117MB
62,2026-09-10T08:24:30.356358+00:00,125,2026-09-10T08:24:29.984206+00:00,false,microservices,order,1d5389182f148a43ec469ae4e28edb740895b3455c43d45cbf3249bbde34ad89,tcc-microservices-experiment-order-1,81.23,82743132,1073741824,7.71,3,84.9MB / 77.1MB,6.48MB / 77.8kB
62,2026-09-10T08:24:30.356358+00:00,125,2026-09-10T08:24:29.984206+00:00,false,microservices,product,a1c2e53da54b4b2e95e630f60e62a362713f6327469bfa51c14fcfc57490587d,tcc-microservices-experiment-product-1,0.02,78601257,1073741824,7.32,3,416kB / 282kB,7.18MB / 81.9kB
63,2026-09-10T08:24:31.356367+00:00,127,2026-09-10T08:24:30.984931+00:00,false,microservices,auth,cc95d2e07170ddb351fa8f4858b95d6ad88d0e809b991ba6dd5136ce8e7461ad,tcc-microservices-experiment-auth-1,0.02,79209431,1073741824,7.38,3,45.8kB / 40.3kB,3.16MB / 65.5kB
63,2026-09-10T08:24:31.356367+00:00,127,2026-09-10T08:24:30.984931+00:00,false,microservices,gateway,b43c966e016c5b18c601eaf2b1a81554f1ad5c8079fca651de97c0e2ded682f9,tcc-microservices-experiment-gateway-1,26.56,483288678,536870912,90.03,77,63.1MB / 69.9MB,30.5MB / 246kB
63,2026-09-10T08:24:31.356367+00:00,127,2026-09-10T08:24:30.984931+00:00,false,microservices,mysql,3f253e83a9e26b5267601ed0b944dde0c270e0b7eee7cef9556d6b938d2819b8,tcc-microservices-experiment-mysql-1,24.5,542428365,1073741824,50.51,40,23.3MB / 72MB,46.7MB / 117MB
63,2026-09-10T08:24:31.356367+00:00,127,2026-09-10T08:24:30.984931+00:00,false,microservices,order,1d5389182f148a43ec469ae4e28edb740895b3455c43d45cbf3249bbde34ad89,tcc-microservices-experiment-order-1,81.93,82093015,1073741824,7.65,3,85.9MB / 78MB,6.48MB / 77.8kB
63,2026-09-10T08:24:31.356367+00:00,127,2026-09-10T08:24:30.984931+00:00,false,microservices,product,a1c2e53da54b4b2e95e630f60e62a362713f6327469bfa51c14fcfc57490587d,tcc-microservices-experiment-product-1,0.02,78601257,1073741824,7.32,3,416kB / 282kB,7.18MB / 81.9kB
64,2026-09-10T08:24:32.356392+00:00,129,2026-09-10T08:24:31.984820+00:00,false,microservices,auth,cc95d2e07170ddb351fa8f4858b95d6ad88d0e809b991ba6dd5136ce8e7461ad,tcc-microservices-experiment-auth-1,0.02,79209431,1073741824,7.38,3,45.8kB / 40.3kB,3.16MB / 65.5kB
64,2026-09-10T08:24:32.356392+00:00,129,2026-09-10T08:24:31.984820+00:00,false,microservices,gateway,b43c966e016c5b18c601eaf2b1a81554f1ad5c8079fca651de97c0e2ded682f9,tcc-microservices-experiment-gateway-1,31.67,484022682,536870912,90.16,77,63.8MB / 70.7MB,30.5MB / 246kB
64,2026-09-10T08:24:32.356392+00:00,129,2026-09-10T08:24:31.984820+00:00,false,microservices,mysql,3f253e83a9e26b5267601ed0b944dde0c270e0b7eee7cef9556d6b938d2819b8,tcc-microservices-experiment-mysql-1,28.94,542742938,1073741824,50.55,40,23.5MB / 72.8MB,46.7MB / 117MB
64,2026-09-10T08:24:32.356392+00:00,129,2026-09-10T08:24:31.984820+00:00,false,microservices,order,1d5389182f148a43ec469ae4e28edb740895b3455c43d45cbf3249bbde34ad89,tcc-microservices-experiment-order-1,81.78,82480988,1073741824,7.68,3,86.8MB / 78.8MB,6.48MB / 77.8kB
64,2026-09-10T08:24:32.356392+00:00,129,2026-09-10T08:24:31.984820+00:00,false,microservices,product,a1c2e53da54b4b2e95e630f60e62a362713f6327469bfa51c14fcfc57490587d,tcc-microservices-experiment-product-1,0.02,78601257,1073741824,7.32,3,416kB / 282kB,7.18MB / 81.9kB
65,2026-09-10T08:24:33.356389+00:00,131,2026-09-10T08:24:32.984996+00:00,false,microservices,auth,cc95d2e07170ddb351fa8f4858b95d6ad88d0e809b991ba6dd5136ce8e7461ad,tcc-microservices-experiment-auth-1,0.02,79209431,1073741824,7.38,3,45.8kB / 40.3kB,3.16MB / 65.5kB
65,2026-09-10T08:24:33.356389+00:00,131,2026-09-10T08:24:32.984996+00:00,false,microservices,gateway,b43c966e016c5b18c601eaf2b1a81554f1ad5c8079fca651de97c0e2ded682f9,tcc-microservices-experiment-gateway-1,27.38,484127539,536870912,90.17,77,64.6MB / 71.5MB,30.5MB / 246kB
65,2026-09-10T08:24:33.356389+00:00,131,2026-09-10T08:24:32.984996+00:00,false,microservices,mysql,3f253e83a9e26b5267601ed0b944dde0c270e0b7eee7cef9556d6b938d2819b8,tcc-microservices-experiment-mysql-1,26.11,542742938,1073741824,50.54,40,23.7MB / 73.6MB,46.7MB / 117MB
65,2026-09-10T08:24:33.356389+00:00,131,2026-09-10T08:24:32.984996+00:00,false,microservices,order,1d5389182f148a43ec469ae4e28edb740895b3455c43d45cbf3249bbde34ad89,tcc-microservices-experiment-order-1,79.97,82428559,1073741824,7.68,3,87.7MB / 79.7MB,6.48MB / 77.8kB
65,2026-09-10T08:24:33.356389+00:00,131,2026-09-10T08:24:32.984996+00:00,false,microservices,product,a1c2e53da54b4b2e95e630f60e62a362713f6327469bfa51c14fcfc57490587d,tcc-microservices-experiment-product-1,0.02,78601257,1073741824,7.32,3,416kB / 282kB,7.18MB / 81.9kB
66,2026-09-10T08:24:34.356396+00:00,133,2026-09-10T08:24:33.983357+00:00,false,microservices,auth,cc95d2e07170ddb351fa8f4858b95d6ad88d0e809b991ba6dd5136ce8e7461ad,tcc-microservices-experiment-auth-1,0.01,79209431,1073741824,7.38,3,45.8kB / 40.3kB,3.16MB / 65.5kB
66,2026-09-10T08:24:34.356396+00:00,133,2026-09-10T08:24:33.983357+00:00,false,microservices,gateway,b43c966e016c5b18c601eaf2b1a81554f1ad5c8079fca651de97c0e2ded682f9,tcc-microservices-experiment-gateway-1,28.18,484022682,536870912,90.15,77,65.3MB / 72.3MB,30.5MB / 246kB
66,2026-09-10T08:24:34.356396+00:00,133,2026-09-10T08:24:33.983357+00:00,false,microservices,mysql,3f253e83a9e26b5267601ed0b944dde0c270e0b7eee7cef9556d6b938d2819b8,tcc-microservices-experiment-mysql-1,28.48,542428365,1073741824,50.52,40,23.9MB / 74.3MB,46.7MB / 117MB
66,2026-09-10T08:24:34.356396+00:00,133,2026-09-10T08:24:33.983357+00:00,false,microservices,order,1d5389182f148a43ec469ae4e28edb740895b3455c43d45cbf3249bbde34ad89,tcc-microservices-experiment-order-1,82.31,82722161,1073741824,7.7,3,88.7MB / 80.6MB,6.48MB / 77.8kB
66,2026-09-10T08:24:34.356396+00:00,133,2026-09-10T08:24:33.983357+00:00,false,microservices,product,a1c2e53da54b4b2e95e630f60e62a362713f6327469bfa51c14fcfc57490587d,tcc-microservices-experiment-product-1,0.02,78601257,1073741824,7.32,3,416kB / 282kB,7.18MB / 81.9kB
67,2026-09-10T08:24:35.356384+00:00,135,2026-09-10T08:24:34.984367+00:00,false,microservices,auth,cc95d2e07170ddb351fa8f4858b95d6ad88d0e809b991ba6dd5136ce8e7461ad,tcc-microservices-experiment-auth-1,0.02,79209431,1073741824,7.38,3,45.8kB / 40.3kB,3.16MB / 65.5kB
67,2026-09-10T08:24:35.356384+00:00,135,2026-09-10T08:24:34.984367+00:00,false,microservices,gateway,b43c966e016c5b18c601eaf2b1a81554f1ad5c8079fca651de97c0e2ded682f9,tcc-microservices-experiment-gateway-1,28.27,484232397,536870912,90.19,77,66MB / 73.1MB,30.5MB / 246kB
67,2026-09-10T08:24:35.356384+00:00,135,2026-09-10T08:24:34.984367+00:00,false,microservices,mysql,3f253e83a9e26b5267601ed0b944dde0c270e0b7eee7cef9556d6b938d2819b8,tcc-microservices-experiment-mysql-1,24.68,541904077,1073741824,50.46,40,24.2MB / 75.1MB,46.7MB / 117MB
67,2026-09-10T08:24:35.356384+00:00,135,2026-09-10T08:24:34.984367+00:00,false,microservices,order,1d5389182f148a43ec469ae4e28edb740895b3455c43d45cbf3249bbde34ad89,tcc-microservices-experiment-order-1,81.07,82858476,1073741824,7.72,3,89.6MB / 81.4MB,6.48MB / 77.8kB
67,2026-09-10T08:24:35.356384+00:00,135,2026-09-10T08:24:34.984367+00:00,false,microservices,product,a1c2e53da54b4b2e95e630f60e62a362713f6327469bfa51c14fcfc57490587d,tcc-microservices-experiment-product-1,0.02,78601257,1073741824,7.32,3,416kB / 282kB,7.18MB / 81.9kB
68,2026-09-10T08:24:36.356387+00:00,137,2026-09-10T08:24:35.985070+00:00,false,microservices,auth,cc95d2e07170ddb351fa8f4858b95d6ad88d0e809b991ba6dd5136ce8e7461ad,tcc-microservices-experiment-auth-1,0.02,79209431,1073741824,7.38,3,45.8kB / 40.3kB,3.16MB / 65.5kB
68,2026-09-10T08:24:36.356387+00:00,137,2026-09-10T08:24:35.985070+00:00,false,microservices,gateway,b43c966e016c5b18c601eaf2b1a81554f1ad5c8079fca651de97c0e2ded682f9,tcc-microservices-experiment-gateway-1,42.07,484232397,536870912,90.2,77,66.8MB / 73.9MB,30.5MB / 258kB
68,2026-09-10T08:24:36.356387+00:00,137,2026-09-10T08:24:35.985070+00:00,false,microservices,mysql,3f253e83a9e26b5267601ed0b944dde0c270e0b7eee7cef9556d6b938d2819b8,tcc-microservices-experiment-mysql-1,29.43,542323507,1073741824,50.51,40,24.4MB / 75.9MB,46.7MB / 117MB
68,2026-09-10T08:24:36.356387+00:00,137,2026-09-10T08:24:35.985070+00:00,false,microservices,order,1d5389182f148a43ec469ae4e28edb740895b3455c43d45cbf3249bbde34ad89,tcc-microservices-experiment-order-1,81.16,83089162,1073741824,7.74,3,90.5MB / 82.3MB,6.48MB / 77.8kB
68,2026-09-10T08:24:36.356387+00:00,137,2026-09-10T08:24:35.985070+00:00,false,microservices,product,a1c2e53da54b4b2e95e630f60e62a362713f6327469bfa51c14fcfc57490587d,tcc-microservices-experiment-product-1,0.02,78601257,1073741824,7.32,3,416kB / 282kB,7.18MB / 81.9kB
69,2026-09-10T08:24:37.356378+00:00,139,2026-09-10T08:24:36.984275+00:00,false,microservices,auth,cc95d2e07170ddb351fa8f4858b95d6ad88d0e809b991ba6dd5136ce8e7461ad,tcc-microservices-experiment-auth-1,0.02,79209431,1073741824,7.38,3,45.8kB / 40.3kB,3.16MB / 65.5kB
69,2026-09-10T08:24:37.356378+00:00,139,2026-09-10T08:24:36.984275+00:00,false,microservices,gateway,b43c966e016c5b18c601eaf2b1a81554f1ad5c8079fca651de97c0e2ded682f9,tcc-microservices-experiment-gateway-1,28.43,484232397,536870912,90.19,77,67.5MB / 74.8MB,30.5MB / 258kB
69,2026-09-10T08:24:37.356378+00:00,139,2026-09-10T08:24:36.984275+00:00,false,microservices,mysql,3f253e83a9e26b5267601ed0b944dde0c270e0b7eee7cef9556d6b938d2819b8,tcc-microservices-experiment-mysql-1,24.08,542323507,1073741824,50.5,40,24.6MB / 76.6MB,46.7MB / 117MB
69,2026-09-10T08:24:37.356378+00:00,139,2026-09-10T08:24:36.984275+00:00,false,microservices,order,1d5389182f148a43ec469ae4e28edb740895b3455c43d45cbf3249bbde34ad89,tcc-microservices-experiment-order-1,82.89,82376131,1073741824,7.67,3,91.5MB / 83.1MB,6.48MB / 77.8kB
69,2026-09-10T08:24:37.356378+00:00,139,2026-09-10T08:24:36.984275+00:00,false,microservices,product,a1c2e53da54b4b2e95e630f60e62a362713f6327469bfa51c14fcfc57490587d,tcc-microservices-experiment-product-1,0.02,78601257,1073741824,7.32,3,416kB / 282kB,7.18MB / 81.9kB
70,2026-09-10T08:24:38.356384+00:00,141,2026-09-10T08:24:37.984279+00:00,false,microservices,auth,cc95d2e07170ddb351fa8f4858b95d6ad88d0e809b991ba6dd5136ce8e7461ad,tcc-microservices-experiment-auth-1,0.02,79209431,1073741824,7.38,3,45.8kB / 40.3kB,3.16MB / 65.5kB
70,2026-09-10T08:24:38.356384+00:00,141,2026-09-10T08:24:37.984279+00:00,false,microservices,gateway,b43c966e016c5b18c601eaf2b1a81554f1ad5c8079fca651de97c0e2ded682f9,tcc-microservices-experiment-gateway-1,27.76,484651827,536870912,90.27,77,68.2MB / 75.6MB,30.5MB / 258kB
70,2026-09-10T08:24:38.356384+00:00,141,2026-09-10T08:24:37.984279+00:00,false,microservices,mysql,3f253e83a9e26b5267601ed0b944dde0c270e0b7eee7cef9556d6b938d2819b8,tcc-microservices-experiment-mysql-1,28.36,542742938,1073741824,50.54,40,24.8MB / 77.4MB,46.7MB / 117MB
70,2026-09-10T08:24:38.356384+00:00,141,2026-09-10T08:24:37.984279+00:00,false,microservices,order,1d5389182f148a43ec469ae4e28edb740895b3455c43d45cbf3249bbde34ad89,tcc-microservices-experiment-order-1,82.26,82386616,1073741824,7.67,3,92.4MB / 84MB,6.48MB / 77.8kB
70,2026-09-10T08:24:38.356384+00:00,141,2026-09-10T08:24:37.984279+00:00,false,microservices,product,a1c2e53da54b4b2e95e630f60e62a362713f6327469bfa51c14fcfc57490587d,tcc-microservices-experiment-product-1,0.02,78601257,1073741824,7.32,3,416kB / 282kB,7.18MB / 81.9kB
71,2026-09-10T08:24:39.356370+00:00,143,2026-09-10T08:24:38.984023+00:00,false,microservices,auth,cc95d2e07170ddb351fa8f4858b95d6ad88d0e809b991ba6dd5136ce8e7461ad,tcc-microservices-experiment-auth-1,0.01,79209431,1073741824,7.38,3,45.8kB / 40.3kB,3.16MB / 65.5kB
71,2026-09-10T08:24:39.356370+00:00,143,2026-09-10T08:24:38.984023+00:00,false,microservices,gateway,b43c966e016c5b18c601eaf2b1a81554f1ad5c8079fca651de97c0e2ded682f9,tcc-microservices-experiment-gateway-1,26.64,484337254,536870912,90.21,77,69MB / 76.4MB,30.5MB / 258kB
71,2026-09-10T08:24:39.356370+00:00,143,2026-09-10T08:24:38.984023+00:00,false,microservices,mysql,3f253e83a9e26b5267601ed0b944dde0c270e0b7eee7cef9556d6b938d2819b8,tcc-microservices-experiment-mysql-1,24.7,542323507,1073741824,50.51,40,25MB / 78.2MB,46.7MB / 117MB
71,2026-09-10T08:24:39.356370+00:00,143,2026-09-10T08:24:38.984023+00:00,false,microservices,order,1d5389182f148a43ec469ae4e28edb740895b3455c43d45cbf3249bbde34ad89,tcc-microservices-experiment-order-1,81.46,82344673,1073741824,7.67,3,93.3MB / 84.8MB,6.48MB / 77.8kB
71,2026-09-10T08:24:39.356370+00:00,143,2026-09-10T08:24:38.984023+00:00,false,microservices,product,a1c2e53da54b4b2e95e630f60e62a362713f6327469bfa51c14fcfc57490587d,tcc-microservices-experiment-product-1,0.02,78601257,1073741824,7.32,3,416kB / 282kB,7.18MB / 81.9kB
72,2026-09-10T08:24:40.356382+00:00,145,2026-09-10T08:24:39.984383+00:00,false,microservices,auth,cc95d2e07170ddb351fa8f4858b95d6ad88d0e809b991ba6dd5136ce8e7461ad,tcc-microservices-experiment-auth-1,0.02,79209431,1073741824,7.38,3,45.8kB / 40.3kB,3.16MB / 65.5kB
72,2026-09-10T08:24:40.356382+00:00,145,2026-09-10T08:24:39.984383+00:00,false,microservices,gateway,b43c966e016c5b18c601eaf2b1a81554f1ad5c8079fca651de97c0e2ded682f9,tcc-microservices-experiment-gateway-1,27.83,484232397,536870912,90.19,77,69.7MB / 77.2MB,30.5MB / 258kB
72,2026-09-10T08:24:40.356382+00:00,145,2026-09-10T08:24:39.984383+00:00,false,microservices,mysql,3f253e83a9e26b5267601ed0b944dde0c270e0b7eee7cef9556d6b938d2819b8,tcc-microservices-experiment-mysql-1,27.64,542742938,1073741824,50.55,40,25.3MB / 79MB,46.7MB / 117MB
72,2026-09-10T08:24:40.356382+00:00,145,2026-09-10T08:24:39.984383+00:00,false,microservices,order,1d5389182f148a43ec469ae4e28edb740895b3455c43d45cbf3249bbde34ad89,tcc-microservices-experiment-order-1,82.7,82313216,1073741824,7.67,3,94.3MB / 85.7MB,6.48MB / 77.8kB
72,2026-09-10T08:24:40.356382+00:00,145,2026-09-10T08:24:39.984383+00:00,false,microservices,product,a1c2e53da54b4b2e95e630f60e62a362713f6327469bfa51c14fcfc57490587d,tcc-microservices-experiment-product-1,0.02,78601257,1073741824,7.32,3,416kB / 282kB,7.18MB / 81.9kB
73,2026-09-10T08:24:41.356381+00:00,147,2026-09-10T08:24:40.985089+00:00,false,microservices,auth,cc95d2e07170ddb351fa8f4858b95d6ad88d0e809b991ba6dd5136ce8e7461ad,tcc-microservices-experiment-auth-1,0.02,79209431,1073741824,7.38,3,45.9kB / 40.3kB,3.16MB / 65.5kB
73,2026-09-10T08:24:41.356381+00:00,147,2026-09-10T08:24:40.985089+00:00,false,microservices,gateway,b43c966e016c5b18c601eaf2b1a81554f1ad5c8079fca651de97c0e2ded682f9,tcc-microservices-experiment-gateway-1,26.72,483917824,536870912,90.14,77,70.4MB / 78MB,30.5MB / 258kB
73,2026-09-10T08:24:41.356381+00:00,147,2026-09-10T08:24:40.985089+00:00,false,microservices,mysql,3f253e83a9e26b5267601ed0b944dde0c270e0b7eee7cef9556d6b938d2819b8,tcc-microservices-experiment-mysql-1,25.26,542533222,1073741824,50.52,40,25.5MB / 79.8MB,46.7MB / 117MB
73,2026-09-10T08:24:41.356381+00:00,147,2026-09-10T08:24:40.985089+00:00,false,microservices,order,1d5389182f148a43ec469ae4e28edb740895b3455c43d45cbf3249bbde34ad89,tcc-microservices-experiment-order-1,81.09,82743132,1073741824,7.71,3,95.2MB / 86.6MB,6.48MB / 77.8kB
73,2026-09-10T08:24:41.356381+00:00,147,2026-09-10T08:24:40.985089+00:00,false,microservices,product,a1c2e53da54b4b2e95e630f60e62a362713f6327469bfa51c14fcfc57490587d,tcc-microservices-experiment-product-1,0.02,78601257,1073741824,7.32,3,416kB / 282kB,7.18MB / 81.9kB
74,2026-09-10T08:24:42.356332+00:00,149,2026-09-10T08:24:41.984977+00:00,false,microservices,auth,cc95d2e07170ddb351fa8f4858b95d6ad88d0e809b991ba6dd5136ce8e7461ad,tcc-microservices-experiment-auth-1,0.02,79209431,1073741824,7.38,3,45.9kB / 40.3kB,3.16MB / 65.5kB
74,2026-09-10T08:24:42.356332+00:00,149,2026-09-10T08:24:41.984977+00:00,false,microservices,gateway,b43c966e016c5b18c601eaf2b1a81554f1ad5c8079fca651de97c0e2ded682f9,tcc-microservices-experiment-gateway-1,27.23,484127539,536870912,90.18,77,71.2MB / 78.8MB,30.5MB / 258kB
74,2026-09-10T08:24:42.356332+00:00,149,2026-09-10T08:24:41.984977+00:00,false,microservices,mysql,3f253e83a9e26b5267601ed0b944dde0c270e0b7eee7cef9556d6b938d2819b8,tcc-microservices-experiment-mysql-1,28.5,542533222,1073741824,50.53,40,25.7MB / 80.5MB,46.7MB / 117MB
74,2026-09-10T08:24:42.356332+00:00,149,2026-09-10T08:24:41.984977+00:00,false,microservices,order,1d5389182f148a43ec469ae4e28edb740895b3455c43d45cbf3249bbde34ad89,tcc-microservices-experiment-order-1,81.68,82743132,1073741824,7.71,3,96.2MB / 87.4MB,6.48MB / 77.8kB
74,2026-09-10T08:24:42.356332+00:00,149,2026-09-10T08:24:41.984977+00:00,false,microservices,product,a1c2e53da54b4b2e95e630f60e62a362713f6327469bfa51c14fcfc57490587d,tcc-microservices-experiment-product-1,0.02,78601257,1073741824,7.32,3,416kB / 282kB,7.18MB / 81.9kB
75,2026-09-10T08:24:43.356362+00:00,151,2026-09-10T08:24:42.984311+00:00,false,microservices,auth,cc95d2e07170ddb351fa8f4858b95d6ad88d0e809b991ba6dd5136ce8e7461ad,tcc-microservices-experiment-auth-1,0.02,79209431,1073741824,7.38,3,45.9kB / 40.3kB,3.16MB / 65.5kB
75,2026-09-10T08:24:43.356362+00:00,151,2026-09-10T08:24:42.984311+00:00,false,microservices,gateway,b43c966e016c5b18c601eaf2b1a81554f1ad5c8079fca651de97c0e2ded682f9,tcc-microservices-experiment-gateway-1,29.56,485176115,536870912,90.36,77,71.9MB / 79.7MB,30.5MB / 258kB
75,2026-09-10T08:24:43.356362+00:00,151,2026-09-10T08:24:42.984311+00:00,false,microservices,mysql,3f253e83a9e26b5267601ed0b944dde0c270e0b7eee7cef9556d6b938d2819b8,tcc-microservices-experiment-mysql-1,24.38,542638080,1073741824,50.54,40,25.9MB / 81.3MB,46.7MB / 117MB
75,2026-09-10T08:24:43.356362+00:00,151,2026-09-10T08:24:42.984311+00:00,false,microservices,order,1d5389182f148a43ec469ae4e28edb740895b3455c43d45cbf3249bbde34ad89,tcc-microservices-experiment-order-1,82.47,82554388,1073741824,7.69,3,97.1MB / 88.3MB,6.48MB / 77.8kB
75,2026-09-10T08:24:43.356362+00:00,151,2026-09-10T08:24:42.984311+00:00,false,microservices,product,a1c2e53da54b4b2e95e630f60e62a362713f6327469bfa51c14fcfc57490587d,tcc-microservices-experiment-product-1,0.02,78601257,1073741824,7.32,3,416kB / 282kB,7.18MB / 81.9kB
76,2026-09-10T08:24:44.356361+00:00,153,2026-09-10T08:24:43.984261+00:00,false,microservices,auth,cc95d2e07170ddb351fa8f4858b95d6ad88d0e809b991ba6dd5136ce8e7461ad,tcc-microservices-experiment-auth-1,0.02,79209431,1073741824,7.38,3,45.9kB / 40.3kB,3.16MB / 65.5kB
76,2026-09-10T08:24:44.356361+00:00,153,2026-09-10T08:24:43.984261+00:00,false,microservices,gateway,b43c966e016c5b18c601eaf2b1a81554f1ad5c8079fca651de97c0e2ded682f9,tcc-microservices-experiment-gateway-1,27.09,484022682,536870912,90.16,77,72.6MB / 80.5MB,30.5MB / 258kB
76,2026-09-10T08:24:44.356361+00:00,153,2026-09-10T08:24:43.984261+00:00,false,microservices,mysql,3f253e83a9e26b5267601ed0b944dde0c270e0b7eee7cef9556d6b938d2819b8,tcc-microservices-experiment-mysql-1,29.59,543267226,1073741824,50.59,40,26.1MB / 82.1MB,46.7MB / 117MB
76,2026-09-10T08:24:44.356361+00:00,153,2026-09-10T08:24:43.984261+00:00,false,microservices,order,1d5389182f148a43ec469ae4e28edb740895b3455c43d45cbf3249bbde34ad89,tcc-microservices-experiment-order-1,80.58,83110134,1073741824,7.74,3,98.1MB / 89.2MB,6.48MB / 77.8kB
76,2026-09-10T08:24:44.356361+00:00,153,2026-09-10T08:24:43.984261+00:00,false,microservices,product,a1c2e53da54b4b2e95e630f60e62a362713f6327469bfa51c14fcfc57490587d,tcc-microservices-experiment-product-1,0.02,78601257,1073741824,7.32,3,416kB / 282kB,7.18MB / 81.9kB
77,2026-09-10T08:24:45.356395+00:00,155,2026-09-10T08:24:44.984444+00:00,false,microservices,auth,cc95d2e07170ddb351fa8f4858b95d6ad88d0e809b991ba6dd5136ce8e7461ad,tcc-microservices-experiment-auth-1,0.02,79209431,1073741824,7.38,3,45.9kB / 40.3kB,3.16MB / 65.5kB
77,2026-09-10T08:24:45.356395+00:00,155,2026-09-10T08:24:44.984444+00:00,false,microservices,gateway,b43c966e016c5b18c601eaf2b1a81554f1ad5c8079fca651de97c0e2ded682f9,tcc-microservices-experiment-gateway-1,27.78,483812966,536870912,90.11,77,73.4MB / 81.3MB,30.5MB / 258kB
77,2026-09-10T08:24:45.356395+00:00,155,2026-09-10T08:24:44.984444+00:00,false,microservices,mysql,3f253e83a9e26b5267601ed0b944dde0c270e0b7eee7cef9556d6b938d2819b8,tcc-microservices-experiment-mysql-1,24.62,542952653,1073741824,50.57,40,26.4MB / 82.8MB,46.7MB / 117MB
77,2026-09-10T08:24:45.356395+00:00,155,2026-09-10T08:24:44.984444+00:00,false,microservices,order,1d5389182f148a43ec469ae4e28edb740895b3455c43d45cbf3249bbde34ad89,tcc-microservices-experiment-order-1,80.95,82743132,1073741824,7.71,3,99MB / 90MB,6.48MB / 77.8kB
77,2026-09-10T08:24:45.356395+00:00,155,2026-09-10T08:24:44.984444+00:00,false,microservices,product,a1c2e53da54b4b2e95e630f60e62a362713f6327469bfa51c14fcfc57490587d,tcc-microservices-experiment-product-1,0.02,78601257,1073741824,7.32,3,416kB / 282kB,7.18MB / 81.9kB
78,2026-09-10T08:24:46.356399+00:00,157,2026-09-10T08:24:45.984579+00:00,false,microservices,auth,cc95d2e07170ddb351fa8f4858b95d6ad88d0e809b991ba6dd5136ce8e7461ad,tcc-microservices-experiment-auth-1,0.02,79209431,1073741824,7.38,3,45.9kB / 40.3kB,3.16MB / 65.5kB
78,2026-09-10T08:24:46.356399+00:00,157,2026-09-10T08:24:45.984579+00:00,false,microservices,gateway,b43c966e016c5b18c601eaf2b1a81554f1ad5c8079fca651de97c0e2ded682f9,tcc-microservices-experiment-gateway-1,26.77,484127539,536870912,90.18,77,74.1MB / 82.1MB,30.5MB / 258kB
78,2026-09-10T08:24:46.356399+00:00,157,2026-09-10T08:24:45.984579+00:00,false,microservices,mysql,3f253e83a9e26b5267601ed0b944dde0c270e0b7eee7cef9556d6b938d2819b8,tcc-microservices-experiment-mysql-1,30.28,542847795,1073741824,50.55,40,26.6MB / 83.6MB,46.7MB / 117MB
78,2026-09-10T08:24:46.356399+00:00,157,2026-09-10T08:24:45.984579+00:00,false,microservices,order,1d5389182f148a43ec469ae4e28edb740895b3455c43d45cbf3249bbde34ad89,tcc-microservices-experiment-order-1,79.96,82889933,1073741824,7.72,3,99.9MB / 90.9MB,6.48MB / 1.32MB
78,2026-09-10T08:24:46.356399+00:00,157,2026-09-10T08:24:45.984579+00:00,false,microservices,product,a1c2e53da54b4b2e95e630f60e62a362713f6327469bfa51c14fcfc57490587d,tcc-microservices-experiment-product-1,0.02,78601257,1073741824,7.32,3,416kB / 282kB,7.18MB / 81.9kB
79,2026-09-10T08:24:47.356370+00:00,159,2026-09-10T08:24:46.985387+00:00,false,microservices,auth,cc95d2e07170ddb351fa8f4858b95d6ad88d0e809b991ba6dd5136ce8e7461ad,tcc-microservices-experiment-auth-1,0.02,79209431,1073741824,7.38,3,45.9kB / 40.3kB,3.16MB / 65.5kB
79,2026-09-10T08:24:47.356370+00:00,159,2026-09-10T08:24:46.985387+00:00,false,microservices,gateway,b43c966e016c5b18c601eaf2b1a81554f1ad5c8079fca651de97c0e2ded682f9,tcc-microservices-experiment-gateway-1,27.13,484127539,536870912,90.17,77,74.8MB / 82.9MB,30.5MB / 258kB
79,2026-09-10T08:24:47.356370+00:00,159,2026-09-10T08:24:46.985387+00:00,false,microservices,mysql,3f253e83a9e26b5267601ed0b944dde0c270e0b7eee7cef9556d6b938d2819b8,tcc-microservices-experiment-mysql-1,25.81,542218650,1073741824,50.5,40,26.8MB / 84.4MB,46.7MB / 117MB
79,2026-09-10T08:24:47.356370+00:00,159,2026-09-10T08:24:46.985387+00:00,false,microservices,order,1d5389182f148a43ec469ae4e28edb740895b3455c43d45cbf3249bbde34ad89,tcc-microservices-experiment-order-1,80.05,82984305,1073741824,7.73,3,101MB / 91.7MB,6.48MB / 1.32MB
79,2026-09-10T08:24:47.356370+00:00,159,2026-09-10T08:24:46.985387+00:00,false,microservices,product,a1c2e53da54b4b2e95e630f60e62a362713f6327469bfa51c14fcfc57490587d,tcc-microservices-experiment-product-1,0.02,78601257,1073741824,7.32,3,416kB / 282kB,7.18MB / 81.9kB
80,2026-09-10T08:24:48.356389+00:00,161,2026-09-10T08:24:47.984254+00:00,false,microservices,auth,cc95d2e07170ddb351fa8f4858b95d6ad88d0e809b991ba6dd5136ce8e7461ad,tcc-microservices-experiment-auth-1,0.02,79209431,1073741824,7.38,3,45.9kB / 40.3kB,3.16MB / 65.5kB
80,2026-09-10T08:24:48.356389+00:00,161,2026-09-10T08:24:47.984254+00:00,false,microservices,gateway,b43c966e016c5b18c601eaf2b1a81554f1ad5c8079fca651de97c0e2ded682f9,tcc-microservices-experiment-gateway-1,27.6,485071258,536870912,90.34,77,75.5MB / 83.7MB,30.5MB / 258kB
80,2026-09-10T08:24:48.356389+00:00,161,2026-09-10T08:24:47.984254+00:00,false,microservices,mysql,3f253e83a9e26b5267601ed0b944dde0c270e0b7eee7cef9556d6b938d2819b8,tcc-microservices-experiment-mysql-1,29.34,542008934,1073741824,50.48,40,27MB / 85.1MB,46.7MB / 117MB
80,2026-09-10T08:24:48.356389+00:00,161,2026-09-10T08:24:47.984254+00:00,false,microservices,order,1d5389182f148a43ec469ae4e28edb740895b3455c43d45cbf3249bbde34ad89,tcc-microservices-experiment-order-1,81.19,82764104,1073741824,7.71,3,102MB / 92.5MB,6.48MB / 1.32MB
80,2026-09-10T08:24:48.356389+00:00,161,2026-09-10T08:24:47.984254+00:00,false,microservices,product,a1c2e53da54b4b2e95e630f60e62a362713f6327469bfa51c14fcfc57490587d,tcc-microservices-experiment-product-1,0.02,78601257,1073741824,7.32,3,416kB / 282kB,7.18MB / 81.9kB
81,2026-09-10T08:24:49.356365+00:00,163,2026-09-10T08:24:48.984429+00:00,false,microservices,auth,cc95d2e07170ddb351fa8f4858b95d6ad88d0e809b991ba6dd5136ce8e7461ad,tcc-microservices-experiment-auth-1,0.02,79209431,1073741824,7.38,3,45.9kB / 40.3kB,3.16MB / 65.5kB
81,2026-09-10T08:24:49.356365+00:00,163,2026-09-10T08:24:48.984429+00:00,false,microservices,gateway,b43c966e016c5b18c601eaf2b1a81554f1ad5c8079fca651de97c0e2ded682f9,tcc-microservices-experiment-gateway-1,27.86,483917824,536870912,90.14,77,76.3MB / 84.5MB,30.5MB / 258kB
81,2026-09-10T08:24:49.356365+00:00,163,2026-09-10T08:24:48.984429+00:00,false,microservices,mysql,3f253e83a9e26b5267601ed0b944dde0c270e0b7eee7cef9556d6b938d2819b8,tcc-microservices-experiment-mysql-1,24.94,542218650,1073741824,50.5,40,27.2MB / 85.9MB,46.7MB / 117MB
81,2026-09-10T08:24:49.356365+00:00,163,2026-09-10T08:24:48.984429+00:00,false,microservices,order,1d5389182f148a43ec469ae4e28edb740895b3455c43d45cbf3249bbde34ad89,tcc-microservices-experiment-order-1,81.49,82365645,1073741824,7.67,3,103MB / 93.4MB,6.48MB / 1.32MB
81,2026-09-10T08:24:49.356365+00:00,163,2026-09-10T08:24:48.984429+00:00,false,microservices,product,a1c2e53da54b4b2e95e630f60e62a362713f6327469bfa51c14fcfc57490587d,tcc-microservices-experiment-product-1,0.02,78601257,1073741824,7.32,3,416kB / 282kB,7.18MB / 81.9kB
82,2026-09-10T08:24:50.356387+00:00,165,2026-09-10T08:24:49.984318+00:00,false,microservices,auth,cc95d2e07170ddb351fa8f4858b95d6ad88d0e809b991ba6dd5136ce8e7461ad,tcc-microservices-experiment-auth-1,0.02,79209431,1073741824,7.38,3,45.9kB / 40.3kB,3.16MB / 65.5kB
82,2026-09-10T08:24:50.356387+00:00,165,2026-09-10T08:24:49.984318+00:00,false,microservices,gateway,b43c966e016c5b18c601eaf2b1a81554f1ad5c8079fca651de97c0e2ded682f9,tcc-microservices-experiment-gateway-1,26.89,484442112,536870912,90.24,77,77MB / 85.3MB,30.5MB / 258kB
82,2026-09-10T08:24:50.356387+00:00,165,2026-09-10T08:24:49.984318+00:00,false,microservices,mysql,3f253e83a9e26b5267601ed0b944dde0c270e0b7eee7cef9556d6b938d2819b8,tcc-microservices-experiment-mysql-1,29.39,542428365,1073741824,50.52,40,27.4MB / 86.6MB,46.7MB / 117MB
82,2026-09-10T08:24:50.356387+00:00,165,2026-09-10T08:24:49.984318+00:00,false,microservices,order,1d5389182f148a43ec469ae4e28edb740895b3455c43d45cbf3249bbde34ad89,tcc-microservices-experiment-order-1,80.58,82827018,1073741824,7.71,3,104MB / 94.2MB,6.48MB / 1.32MB
82,2026-09-10T08:24:50.356387+00:00,165,2026-09-10T08:24:49.984318+00:00,false,microservices,product,a1c2e53da54b4b2e95e630f60e62a362713f6327469bfa51c14fcfc57490587d,tcc-microservices-experiment-product-1,0.02,78601257,1073741824,7.32,3,416kB / 282kB,7.18MB / 81.9kB
83,2026-09-10T08:24:51.356388+00:00,167,2026-09-10T08:24:50.984966+00:00,false,microservices,auth,cc95d2e07170ddb351fa8f4858b95d6ad88d0e809b991ba6dd5136ce8e7461ad,tcc-microservices-experiment-auth-1,0.02,79209431,1073741824,7.38,3,45.9kB / 40.3kB,3.16MB / 65.5kB
83,2026-09-10T08:24:51.356388+00:00,167,2026-09-10T08:24:50.984966+00:00,false,microservices,gateway,b43c966e016c5b18c601eaf2b1a81554f1ad5c8079fca651de97c0e2ded682f9,tcc-microservices-experiment-gateway-1,29.42,484127539,536870912,90.18,77,77.7MB / 86.1MB,30.5MB / 270kB
83,2026-09-10T08:24:51.356388+00:00,167,2026-09-10T08:24:50.984966+00:00,false,microservices,mysql,3f253e83a9e26b5267601ed0b944dde0c270e0b7eee7cef9556d6b938d2819b8,tcc-microservices-experiment-mysql-1,25.08,542952653,1073741824,50.57,40,27.7MB / 87.4MB,46.7MB / 117MB
83,2026-09-10T08:24:51.356388+00:00,167,2026-09-10T08:24:50.984966+00:00,false,microservices,order,1d5389182f148a43ec469ae4e28edb740895b3455c43d45cbf3249bbde34ad89,tcc-microservices-experiment-order-1,81.05,83005276,1073741824,7.73,3,105MB / 95.1MB,6.48MB / 1.32MB
83,2026-09-10T08:24:51.356388+00:00,167,2026-09-10T08:24:50.984966+00:00,false,microservices,product,a1c2e53da54b4b2e95e630f60e62a362713f6327469bfa51c14fcfc57490587d,tcc-microservices-experiment-product-1,0.02,78601257,1073741824,7.32,3,416kB / 282kB,7.18MB / 81.9kB
84,2026-09-10T08:24:52.356381+00:00,169,2026-09-10T08:24:51.984256+00:00,false,microservices,auth,cc95d2e07170ddb351fa8f4858b95d6ad88d0e809b991ba6dd5136ce8e7461ad,tcc-microservices-experiment-auth-1,0.02,79209431,1073741824,7.38,3,45.9kB / 40.3kB,3.16MB / 65.5kB
84,2026-09-10T08:24:52.356381+00:00,169,2026-09-10T08:24:51.984256+00:00,false,microservices,gateway,b43c966e016c5b18c601eaf2b1a81554f1ad5c8079fca651de97c0e2ded682f9,tcc-microservices-experiment-gateway-1,26.95,483498394,536870912,90.06,77,78.4MB / 86.9MB,30.5MB / 270kB
84,2026-09-10T08:24:52.356381+00:00,169,2026-09-10T08:24:51.984256+00:00,false,microservices,mysql,3f253e83a9e26b5267601ed0b944dde0c270e0b7eee7cef9556d6b938d2819b8,tcc-microservices-experiment-mysql-1,28.91,544106086,1073741824,50.68,40,27.9MB / 88.2MB,46.7MB / 117MB
84,2026-09-10T08:24:52.356381+00:00,169,2026-09-10T08:24:51.984256+00:00,false,microservices,order,1d5389182f148a43ec469ae4e28edb740895b3455c43d45cbf3249bbde34ad89,tcc-microservices-experiment-order-1,81.18,82785075,1073741824,7.71,3,105MB / 95.9MB,6.48MB / 1.32MB
84,2026-09-10T08:24:52.356381+00:00,169,2026-09-10T08:24:51.984256+00:00,false,microservices,product,a1c2e53da54b4b2e95e630f60e62a362713f6327469bfa51c14fcfc57490587d,tcc-microservices-experiment-product-1,0.02,78601257,1073741824,7.32,3,416kB / 282kB,7.18MB / 81.9kB
85,2026-09-10T08:24:53.356363+00:00,171,2026-09-10T08:24:52.984320+00:00,false,microservices,auth,cc95d2e07170ddb351fa8f4858b95d6ad88d0e809b991ba6dd5136ce8e7461ad,tcc-microservices-experiment-auth-1,0.01,79209431,1073741824,7.38,3,45.9kB / 40.3kB,3.16MB / 65.5kB
85,2026-09-10T08:24:53.356363+00:00,171,2026-09-10T08:24:52.984320+00:00,false,microservices,gateway,b43c966e016c5b18c601eaf2b1a81554f1ad5c8079fca651de97c0e2ded682f9,tcc-microservices-experiment-gateway-1,27.46,484546970,536870912,90.25,77,79.2MB / 87.7MB,30.5MB / 270kB
85,2026-09-10T08:24:53.356363+00:00,171,2026-09-10T08:24:52.984320+00:00,false,microservices,mysql,3f253e83a9e26b5267601ed0b944dde0c270e0b7eee7cef9556d6b938d2819b8,tcc-microservices-experiment-mysql-1,24.1,543267226,1073741824,50.6,40,28.1MB / 88.9MB,46.7MB / 117MB
85,2026-09-10T08:24:53.356363+00:00,171,2026-09-10T08:24:52.984320+00:00,false,microservices,order,1d5389182f148a43ec469ae4e28edb740895b3455c43d45cbf3249bbde34ad89,tcc-microservices-experiment-order-1,82.91,82711675,1073741824,7.7,3,106MB / 96.8MB,6.48MB / 1.32MB
85,2026-09-10T08:24:53.356363+00:00,171,2026-09-10T08:24:52.984320+00:00,false,microservices,product,a1c2e53da54b4b2e95e630f60e62a362713f6327469bfa51c14fcfc57490587d,tcc-microservices-experiment-product-1,0.02,78601257,1073741824,7.32,3,416kB / 282kB,7.18MB / 81.9kB
86,2026-09-10T08:24:54.356364+00:00,173,2026-09-10T08:24:53.984362+00:00,false,microservices,auth,cc95d2e07170ddb351fa8f4858b95d6ad88d0e809b991ba6dd5136ce8e7461ad,tcc-microservices-experiment-auth-1,0.01,79209431,1073741824,7.38,3,45.9kB / 40.3kB,3.16MB / 65.5kB
86,2026-09-10T08:24:54.356364+00:00,173,2026-09-10T08:24:53.984362+00:00,false,microservices,gateway,b43c966e016c5b18c601eaf2b1a81554f1ad5c8079fca651de97c0e2ded682f9,tcc-microservices-experiment-gateway-1,26.67,484337254,536870912,90.21,77,79.9MB / 88.5MB,30.5MB / 270kB
86,2026-09-10T08:24:54.356364+00:00,173,2026-09-10T08:24:53.984362+00:00,false,microservices,mysql,3f253e83a9e26b5267601ed0b944dde0c270e0b7eee7cef9556d6b938d2819b8,tcc-microservices-experiment-mysql-1,28.64,542428365,1073741824,50.52,40,28.3MB / 89.7MB,46.7MB / 117MB
86,2026-09-10T08:24:54.356364+00:00,173,2026-09-10T08:24:53.984362+00:00,false,microservices,order,1d5389182f148a43ec469ae4e28edb740895b3455c43d45cbf3249bbde34ad89,tcc-microservices-experiment-order-1,81.76,82501960,1073741824,7.68,3,107MB / 97.7MB,6.48MB / 1.32MB
86,2026-09-10T08:24:54.356364+00:00,173,2026-09-10T08:24:53.984362+00:00,false,microservices,product,a1c2e53da54b4b2e95e630f60e62a362713f6327469bfa51c14fcfc57490587d,tcc-microservices-experiment-product-1,0.02,78601257,1073741824,7.32,3,416kB / 282kB,7.18MB / 81.9kB
87,2026-09-10T08:24:55.356359+00:00,175,2026-09-10T08:24:54.983282+00:00,false,microservices,auth,cc95d2e07170ddb351fa8f4858b95d6ad88d0e809b991ba6dd5136ce8e7461ad,tcc-microservices-experiment-auth-1,0.02,79209431,1073741824,7.38,3,45.9kB / 40.3kB,3.16MB / 65.5kB
87,2026-09-10T08:24:55.356359+00:00,175,2026-09-10T08:24:54.983282+00:00,false,microservices,gateway,b43c966e016c5b18c601eaf2b1a81554f1ad5c8079fca651de97c0e2ded682f9,tcc-microservices-experiment-gateway-1,27.08,483708109,536870912,90.11,77,80.6MB / 89.3MB,30.5MB / 270kB
87,2026-09-10T08:24:55.356359+00:00,175,2026-09-10T08:24:54.983282+00:00,false,microservices,mysql,3f253e83a9e26b5267601ed0b944dde0c270e0b7eee7cef9556d6b938d2819b8,tcc-microservices-experiment-mysql-1,23.76,542218650,1073741824,50.49,40,28.5MB / 90.5MB,46.7MB / 117MB
87,2026-09-10T08:24:55.356359+00:00,175,2026-09-10T08:24:54.983282+00:00,false,microservices,order,1d5389182f148a43ec469ae4e28edb740895b3455c43d45cbf3249bbde34ad89,tcc-microservices-experiment-order-1,82.67,82460017,1073741824,7.68,3,108MB / 98.5MB,6.48MB / 1.32MB
87,2026-09-10T08:24:55.356359+00:00,175,2026-09-10T08:24:54.983282+00:00,false,microservices,product,a1c2e53da54b4b2e95e630f60e62a362713f6327469bfa51c14fcfc57490587d,tcc-microservices-experiment-product-1,0.02,78601257,1073741824,7.32,3,416kB / 282kB,7.18MB / 81.9kB
88,2026-09-10T08:24:56.356390+00:00,177,2026-09-10T08:24:55.984901+00:00,false,microservices,auth,cc95d2e07170ddb351fa8f4858b95d6ad88d0e809b991ba6dd5136ce8e7461ad,tcc-microservices-experiment-auth-1,0.02,79209431,1073741824,7.38,3,45.9kB / 40.3kB,3.16MB / 65.5kB
88,2026-09-10T08:24:56.356390+00:00,177,2026-09-10T08:24:55.984901+00:00,false,microservices,gateway,b43c966e016c5b18c601eaf2b1a81554f1ad5c8079fca651de97c0e2ded682f9,tcc-microservices-experiment-gateway-1,26.99,483603251,536870912,90.08,77,81.4MB / 90.1MB,30.5MB / 270kB
88,2026-09-10T08:24:56.356390+00:00,177,2026-09-10T08:24:55.984901+00:00,false,microservices,mysql,3f253e83a9e26b5267601ed0b944dde0c270e0b7eee7cef9556d6b938d2819b8,tcc-microservices-experiment-mysql-1,28.75,543162368,1073741824,50.58,40,28.8MB / 91.3MB,46.7MB / 117MB
88,2026-09-10T08:24:56.356390+00:00,177,2026-09-10T08:24:55.984901+00:00,false,microservices,order,1d5389182f148a43ec469ae4e28edb740895b3455c43d45cbf3249bbde34ad89,tcc-microservices-experiment-order-1,81.64,82386616,1073741824,7.67,3,109MB / 99.4MB,6.48MB / 1.32MB
88,2026-09-10T08:24:56.356390+00:00,177,2026-09-10T08:24:55.984901+00:00,false,microservices,product,a1c2e53da54b4b2e95e630f60e62a362713f6327469bfa51c14fcfc57490587d,tcc-microservices-experiment-product-1,0.02,78601257,1073741824,7.32,3,416kB / 282kB,7.18MB / 81.9kB
89,2026-09-10T08:24:57.356388+00:00,179,2026-09-10T08:24:56.984294+00:00,false,microservices,auth,cc95d2e07170ddb351fa8f4858b95d6ad88d0e809b991ba6dd5136ce8e7461ad,tcc-microservices-experiment-auth-1,0.01,79209431,1073741824,7.38,3,45.9kB / 40.3kB,3.16MB / 65.5kB
89,2026-09-10T08:24:57.356388+00:00,179,2026-09-10T08:24:56.984294+00:00,false,microservices,gateway,b43c966e016c5b18c601eaf2b1a81554f1ad5c8079fca651de97c0e2ded682f9,tcc-microservices-experiment-gateway-1,26.76,483917824,536870912,90.15,77,82.1MB / 90.9MB,30.5MB / 270kB
89,2026-09-10T08:24:57.356388+00:00,179,2026-09-10T08:24:56.984294+00:00,false,microservices,mysql,3f253e83a9e26b5267601ed0b944dde0c270e0b7eee7cef9556d6b938d2819b8,tcc-microservices-experiment-mysql-1,25.22,543057510,1073741824,50.58,40,29MB / 92MB,46.7MB / 117MB
89,2026-09-10T08:24:57.356388+00:00,179,2026-09-10T08:24:56.984294+00:00,false,microservices,order,1d5389182f148a43ec469ae4e28edb740895b3455c43d45cbf3249bbde34ad89,tcc-microservices-experiment-order-1,81.24,82816532,1073741824,7.71,3,110MB / 100MB,6.48MB / 1.32MB
89,2026-09-10T08:24:57.356388+00:00,179,2026-09-10T08:24:56.984294+00:00,false,microservices,product,a1c2e53da54b4b2e95e630f60e62a362713f6327469bfa51c14fcfc57490587d,tcc-microservices-experiment-product-1,0.02,78601257,1073741824,7.32,3,416kB / 282kB,7.18MB / 81.9kB
90,2026-09-10T08:24:58.356354+00:00,181,2026-09-10T08:24:57.984467+00:00,false,microservices,auth,cc95d2e07170ddb351fa8f4858b95d6ad88d0e809b991ba6dd5136ce8e7461ad,tcc-microservices-experiment-auth-1,0.02,79209431,1073741824,7.38,3,45.9kB / 40.3kB,3.16MB / 65.5kB
90,2026-09-10T08:24:58.356354+00:00,181,2026-09-10T08:24:57.984467+00:00,false,microservices,gateway,b43c966e016c5b18c601eaf2b1a81554f1ad5c8079fca651de97c0e2ded682f9,tcc-microservices-experiment-gateway-1,26.88,483917824,536870912,90.14,77,82.9MB / 91.8MB,30.5MB / 270kB
90,2026-09-10T08:24:58.356354+00:00,181,2026-09-10T08:24:57.984467+00:00,false,microservices,mysql,3f253e83a9e26b5267601ed0b944dde0c270e0b7eee7cef9556d6b938d2819b8,tcc-microservices-experiment-mysql-1,27.97,542952653,1073741824,50.56,40,29.2MB / 92.8MB,46.7MB / 117MB
90,2026-09-10T08:24:58.356354+00:00,181,2026-09-10T08:24:57.984467+00:00,false,microservices,order,1d5389182f148a43ec469ae4e28edb740895b3455c43d45cbf3249bbde34ad89,tcc-microservices-experiment-order-1,82.69,82428559,1073741824,7.68,3,111MB / 101MB,6.48MB / 1.32MB
90,2026-09-10T08:24:58.356354+00:00,181,2026-09-10T08:24:57.984467+00:00,false,microservices,product,a1c2e53da54b4b2e95e630f60e62a362713f6327469bfa51c14fcfc57490587d,tcc-microservices-experiment-product-1,0.02,78601257,1073741824,7.32,3,416kB / 282kB,7.18MB / 81.9kB
91,2026-09-10T08:24:59.356373+00:00,183,2026-09-10T08:24:58.983789+00:00,false,microservices,auth,cc95d2e07170ddb351fa8f4858b95d6ad88d0e809b991ba6dd5136ce8e7461ad,tcc-microservices-experiment-auth-1,0.02,79209431,1073741824,7.38,3,45.9kB / 40.3kB,3.16MB / 65.5kB
91,2026-09-10T08:24:59.356373+00:00,183,2026-09-10T08:24:58.983789+00:00,false,microservices,gateway,b43c966e016c5b18c601eaf2b1a81554f1ad5c8079fca651de97c0e2ded682f9,tcc-microservices-experiment-gateway-1,28.81,484022682,536870912,90.16,77,83.6MB / 92.6MB,30.5MB / 270kB
91,2026-09-10T08:24:59.356373+00:00,183,2026-09-10T08:24:58.983789+00:00,false,microservices,mysql,3f253e83a9e26b5267601ed0b944dde0c270e0b7eee7cef9556d6b938d2819b8,tcc-microservices-experiment-mysql-1,24.89,542742938,1073741824,50.55,40,29.4MB / 93.6MB,46.7MB / 117MB
91,2026-09-10T08:24:59.356373+00:00,183,2026-09-10T08:24:58.983789+00:00,false,microservices,order,1d5389182f148a43ec469ae4e28edb740895b3455c43d45cbf3249bbde34ad89,tcc-microservices-experiment-order-1,81.24,83256934,1073741824,7.75,3,112MB / 102MB,6.48MB / 1.32MB
91,2026-09-10T08:24:59.356373+00:00,183,2026-09-10T08:24:58.983789+00:00,false,microservices,product,a1c2e53da54b4b2e95e630f60e62a362713f6327469bfa51c14fcfc57490587d,tcc-microservices-experiment-product-1,0.02,78601257,1073741824,7.32,3,416kB / 282kB,7.18MB / 81.9kB
92,2026-09-10T08:25:00.356394+00:00,185,2026-09-10T08:24:59.984480+00:00,false,microservices,auth,cc95d2e07170ddb351fa8f4858b95d6ad88d0e809b991ba6dd5136ce8e7461ad,tcc-microservices-experiment-auth-1,0.02,79209431,1073741824,7.38,3,45.9kB / 40.3kB,3.16MB / 65.5kB
92,2026-09-10T08:25:00.356394+00:00,185,2026-09-10T08:24:59.984480+00:00,false,microservices,gateway,b43c966e016c5b18c601eaf2b1a81554f1ad5c8079fca651de97c0e2ded682f9,tcc-microservices-experiment-gateway-1,26.5,483812966,536870912,90.12,77,84.3MB / 93.4MB,30.5MB / 270kB
92,2026-09-10T08:25:00.356394+00:00,185,2026-09-10T08:24:59.984480+00:00,false,microservices,mysql,3f253e83a9e26b5267601ed0b944dde0c270e0b7eee7cef9556d6b938d2819b8,tcc-microservices-experiment-mysql-1,28.59,542952653,1073741824,50.57,40,29.6MB / 94.3MB,46.7MB / 117MB
92,2026-09-10T08:25:00.356394+00:00,185,2026-09-10T08:24:59.984480+00:00,false,microservices,order,1d5389182f148a43ec469ae4e28edb740895b3455c43d45cbf3249bbde34ad89,tcc-microservices-experiment-order-1,82.32,82397102,1073741824,7.67,3,113MB / 103MB,6.48MB / 1.32MB
92,2026-09-10T08:25:00.356394+00:00,185,2026-09-10T08:24:59.984480+00:00,false,microservices,product,a1c2e53da54b4b2e95e630f60e62a362713f6327469bfa51c14fcfc57490587d,tcc-microservices-experiment-product-1,0.02,78601257,1073741824,7.32,3,416kB / 282kB,7.18MB / 81.9kB
93,2026-09-10T08:25:01.356391+00:00,187,2026-09-10T08:25:00.983715+00:00,false,microservices,auth,cc95d2e07170ddb351fa8f4858b95d6ad88d0e809b991ba6dd5136ce8e7461ad,tcc-microservices-experiment-auth-1,0.02,79209431,1073741824,7.38,3,45.9kB / 40.3kB,3.16MB / 65.5kB
93,2026-09-10T08:25:01.356391+00:00,187,2026-09-10T08:25:00.983715+00:00,false,microservices,gateway,b43c966e016c5b18c601eaf2b1a81554f1ad5c8079fca651de97c0e2ded682f9,tcc-microservices-experiment-gateway-1,27.09,483812966,536870912,90.11,77,85MB / 94.2MB,30.5MB / 270kB
93,2026-09-10T08:25:01.356391+00:00,187,2026-09-10T08:25:00.983715+00:00,false,microservices,mysql,3f253e83a9e26b5267601ed0b944dde0c270e0b7eee7cef9556d6b938d2819b8,tcc-microservices-experiment-mysql-1,24.62,542847795,1073741824,50.56,40,29.8MB / 95.1MB,46.7MB / 117MB
93,2026-09-10T08:25:01.356391+00:00,187,2026-09-10T08:25:00.983715+00:00,false,microservices,order,1d5389182f148a43ec469ae4e28edb740895b3455c43d45cbf3249bbde34ad89,tcc-microservices-experiment-order-1,82.33,82606817,1073741824,7.69,3,114MB / 104MB,6.48MB / 1.52MB
93,2026-09-10T08:25:01.356391+00:00,187,2026-09-10T08:25:00.983715+00:00,false,microservices,product,a1c2e53da54b4b2e95e630f60e62a362713f6327469bfa51c14fcfc57490587d,tcc-microservices-experiment-product-1,0.02,78601257,1073741824,7.32,3,416kB / 282kB,7.18MB / 81.9kB
94,2026-09-10T08:25:02.356403+00:00,189,2026-09-10T08:25:01.984318+00:00,false,microservices,auth,cc95d2e07170ddb351fa8f4858b95d6ad88d0e809b991ba6dd5136ce8e7461ad,tcc-microservices-experiment-auth-1,0.02,79209431,1073741824,7.38,3,45.9kB / 40.3kB,3.16MB / 65.5kB
94,2026-09-10T08:25:02.356403+00:00,189,2026-09-10T08:25:01.984318+00:00,false,microservices,gateway,b43c966e016c5b18c601eaf2b1a81554f1ad5c8079fca651de97c0e2ded682f9,tcc-microservices-experiment-gateway-1,27.36,484546970,536870912,90.25,77,85.7MB / 95MB,30.5MB / 270kB
94,2026-09-10T08:25:02.356403+00:00,189,2026-09-10T08:25:01.984318+00:00,false,microservices,mysql,3f253e83a9e26b5267601ed0b944dde0c270e0b7eee7cef9556d6b938d2819b8,tcc-microservices-experiment-mysql-1,29.24,543372083,1073741824,50.6,40,30.1MB / 95.9MB,46.7MB / 117MB
94,2026-09-10T08:25:02.356403+00:00,189,2026-09-10T08:25:01.984318+00:00,false,microservices,order,1d5389182f148a43ec469ae4e28edb740895b3455c43d45cbf3249bbde34ad89,tcc-microservices-experiment-order-1,81.4,83456164,1073741824,7.77,3,115MB / 105MB,6.48MB / 1.52MB
94,2026-09-10T08:25:02.356403+00:00,189,2026-09-10T08:25:01.984318+00:00,false,microservices,product,a1c2e53da54b4b2e95e630f60e62a362713f6327469bfa51c14fcfc57490587d,tcc-microservices-experiment-product-1,0.02,78601257,1073741824,7.32,3,416kB / 282kB,7.18MB / 81.9kB
95,2026-09-10T08:25:03.356369+00:00,191,2026-09-10T08:25:02.983335+00:00,false,microservices,auth,cc95d2e07170ddb351fa8f4858b95d6ad88d0e809b991ba6dd5136ce8e7461ad,tcc-microservices-experiment-auth-1,0.02,79209431,1073741824,7.38,3,45.9kB / 40.3kB,3.16MB / 65.5kB
95,2026-09-10T08:25:03.356369+00:00,191,2026-09-10T08:25:02.983335+00:00,false,microservices,gateway,b43c966e016c5b18c601eaf2b1a81554f1ad5c8079fca651de97c0e2ded682f9,tcc-microservices-experiment-gateway-1,26.77,483917824,536870912,90.14,77,86.4MB / 95.8MB,30.5MB / 270kB
95,2026-09-10T08:25:03.356369+00:00,191,2026-09-10T08:25:02.983335+00:00,false,microservices,mysql,3f253e83a9e26b5267601ed0b944dde0c270e0b7eee7cef9556d6b938d2819b8,tcc-microservices-experiment-mysql-1,25.76,543057510,1073741824,50.58,40,30.3MB / 96.6MB,46.7MB / 117MB
95,2026-09-10T08:25:03.356369+00:00,191,2026-09-10T08:25:02.983335+00:00,false,microservices,order,1d5389182f148a43ec469ae4e28edb740895b3455c43d45cbf3249bbde34ad89,tcc-microservices-experiment-order-1,80.38,83571507,1073741824,7.78,3,116MB / 105MB,6.48MB / 1.52MB
95,2026-09-10T08:25:03.356369+00:00,191,2026-09-10T08:25:02.983335+00:00,false,microservices,product,a1c2e53da54b4b2e95e630f60e62a362713f6327469bfa51c14fcfc57490587d,tcc-microservices-experiment-product-1,0.02,78601257,1073741824,7.32,3,416kB / 282kB,7.18MB / 81.9kB
96,2026-09-10T08:25:04.356369+00:00,193,2026-09-10T08:25:03.984373+00:00,false,microservices,auth,cc95d2e07170ddb351fa8f4858b95d6ad88d0e809b991ba6dd5136ce8e7461ad,tcc-microservices-experiment-auth-1,0.02,79209431,1073741824,7.38,3,45.9kB / 40.3kB,3.16MB / 65.5kB
96,2026-09-10T08:25:04.356369+00:00,193,2026-09-10T08:25:03.984373+00:00,false,microservices,gateway,b43c966e016c5b18c601eaf2b1a81554f1ad5c8079fca651de97c0e2ded682f9,tcc-microservices-experiment-gateway-1,26.86,483812966,536870912,90.12,77,87.2MB / 96.6MB,30.5MB / 270kB
96,2026-09-10T08:25:04.356369+00:00,193,2026-09-10T08:25:03.984373+00:00,false,microservices,mysql,3f253e83a9e26b5267601ed0b944dde0c270e0b7eee7cef9556d6b938d2819b8,tcc-microservices-experiment-mysql-1,29.52,542428365,1073741824,50.52,40,30.5MB / 97.4MB,46.7MB / 117MB
96,2026-09-10T08:25:04.356369+00:00,193,2026-09-10T08:25:03.984373+00:00,false,microservices,order,1d5389182f148a43ec469ae4e28edb740895b3455c43d45cbf3249bbde34ad89,tcc-microservices-experiment-order-1,81.12,83078676,1073741824,7.74,3,117MB / 106MB,6.48MB / 1.52MB
96,2026-09-10T08:25:04.356369+00:00,193,2026-09-10T08:25:03.984373+00:00,false,microservices,product,a1c2e53da54b4b2e95e630f60e62a362713f6327469bfa51c14fcfc57490587d,tcc-microservices-experiment-product-1,0.02,78601257,1073741824,7.32,3,416kB / 282kB,7.18MB / 81.9kB
97,2026-09-10T08:25:05.356396+00:00,195,2026-09-10T08:25:04.983151+00:00,false,microservices,auth,cc95d2e07170ddb351fa8f4858b95d6ad88d0e809b991ba6dd5136ce8e7461ad,tcc-microservices-experiment-auth-1,0.02,79209431,1073741824,7.38,3,45.9kB / 40.3kB,3.16MB / 65.5kB
97,2026-09-10T08:25:05.356396+00:00,195,2026-09-10T08:25:04.983151+00:00,false,microservices,gateway,b43c966e016c5b18c601eaf2b1a81554f1ad5c8079fca651de97c0e2ded682f9,tcc-microservices-experiment-gateway-1,26.82,484127539,536870912,90.18,77,87.9MB / 97.3MB,30.5MB / 270kB
97,2026-09-10T08:25:05.356396+00:00,195,2026-09-10T08:25:04.983151+00:00,false,microservices,mysql,3f253e83a9e26b5267601ed0b944dde0c270e0b7eee7cef9556d6b938d2819b8,tcc-microservices-experiment-mysql-1,25.18,542742938,1073741824,50.55,40,30.7MB / 98.1MB,46.7MB / 117MB
97,2026-09-10T08:25:05.356396+00:00,195,2026-09-10T08:25:04.983151+00:00,false,microservices,order,1d5389182f148a43ec469ae4e28edb740895b3455c43d45cbf3249bbde34ad89,tcc-microservices-experiment-order-1,81.1,82827018,1073741824,7.71,3,118MB / 107MB,6.48MB / 1.52MB
97,2026-09-10T08:25:05.356396+00:00,195,2026-09-10T08:25:04.983151+00:00,false,microservices,product,a1c2e53da54b4b2e95e630f60e62a362713f6327469bfa51c14fcfc57490587d,tcc-microservices-experiment-product-1,0.02,78601257,1073741824,7.32,3,416kB / 282kB,7.18MB / 81.9kB
98,2026-09-10T08:25:06.356366+00:00,197,2026-09-10T08:25:05.984408+00:00,false,microservices,auth,cc95d2e07170ddb351fa8f4858b95d6ad88d0e809b991ba6dd5136ce8e7461ad,tcc-microservices-experiment-auth-1,0.01,79209431,1073741824,7.38,3,45.9kB / 40.3kB,3.16MB / 65.5kB
98,2026-09-10T08:25:06.356366+00:00,197,2026-09-10T08:25:05.984408+00:00,false,microservices,gateway,b43c966e016c5b18c601eaf2b1a81554f1ad5c8079fca651de97c0e2ded682f9,tcc-microservices-experiment-gateway-1,26.3,483917824,536870912,90.14,77,88.6MB / 98.1MB,30.5MB / 283kB
98,2026-09-10T08:25:06.356366+00:00,197,2026-09-10T08:25:05.984408+00:00,false,microservices,mysql,3f253e83a9e26b5267601ed0b944dde0c270e0b7eee7cef9556d6b938d2819b8,tcc-microservices-experiment-mysql-1,29.3,543372083,1073741824,50.61,40,30.9MB / 98.9MB,46.7MB / 117MB
98,2026-09-10T08:25:06.356366+00:00,197,2026-09-10T08:25:05.984408+00:00,false,microservices,order,1d5389182f148a43ec469ae4e28edb740895b3455c43d45cbf3249bbde34ad89,tcc-microservices-experiment-order-1,80.89,83015762,1073741824,7.73,3,118MB / 108MB,6.48MB / 1.52MB
98,2026-09-10T08:25:06.356366+00:00,197,2026-09-10T08:25:05.984408+00:00,false,microservices,product,a1c2e53da54b4b2e95e630f60e62a362713f6327469bfa51c14fcfc57490587d,tcc-microservices-experiment-product-1,0.02,78601257,1073741824,7.32,3,416kB / 282kB,7.18MB / 81.9kB
99,2026-09-10T08:25:07.356353+00:00,199,2026-09-10T08:25:06.983448+00:00,false,microservices,auth,cc95d2e07170ddb351fa8f4858b95d6ad88d0e809b991ba6dd5136ce8e7461ad,tcc-microservices-experiment-auth-1,0.02,79209431,1073741824,7.38,3,45.9kB / 40.3kB,3.16MB / 65.5kB
99,2026-09-10T08:25:07.356353+00:00,199,2026-09-10T08:25:06.983448+00:00,false,microservices,gateway,b43c966e016c5b18c601eaf2b1a81554f1ad5c8079fca651de97c0e2ded682f9,tcc-microservices-experiment-gateway-1,30.55,484651827,536870912,90.27,77,89.3MB / 98.9MB,30.5MB / 283kB
99,2026-09-10T08:25:07.356353+00:00,199,2026-09-10T08:25:06.983448+00:00,false,microservices,mysql,3f253e83a9e26b5267601ed0b944dde0c270e0b7eee7cef9556d6b938d2819b8,tcc-microservices-experiment-mysql-1,25.45,543057510,1073741824,50.57,40,31.1MB / 99.6MB,46.7MB / 117MB
99,2026-09-10T08:25:07.356353+00:00,199,2026-09-10T08:25:06.983448+00:00,false,microservices,order,1d5389182f148a43ec469ae4e28edb740895b3455c43d45cbf3249bbde34ad89,tcc-microservices-experiment-order-1,80.94,82606817,1073741824,7.69,3,119MB / 109MB,6.48MB / 1.52MB
99,2026-09-10T08:25:07.356353+00:00,199,2026-09-10T08:25:06.983448+00:00,false,microservices,product,a1c2e53da54b4b2e95e630f60e62a362713f6327469bfa51c14fcfc57490587d,tcc-microservices-experiment-product-1,0.01,78601257,1073741824,7.32,3,416kB / 282kB,7.18MB / 81.9kB
100,2026-09-10T08:25:08.356391+00:00,201,2026-09-10T08:25:07.984341+00:00,false,microservices,auth,cc95d2e07170ddb351fa8f4858b95d6ad88d0e809b991ba6dd5136ce8e7461ad,tcc-microservices-experiment-auth-1,0.02,79209431,1073741824,7.38,3,45.9kB / 40.3kB,3.16MB / 65.5kB
100,2026-09-10T08:25:08.356391+00:00,201,2026-09-10T08:25:07.984341+00:00,false,microservices,gateway,b43c966e016c5b18c601eaf2b1a81554f1ad5c8079fca651de97c0e2ded682f9,tcc-microservices-experiment-gateway-1,26.74,485176115,536870912,90.37,77,90MB / 99.7MB,30.5MB / 283kB
100,2026-09-10T08:25:08.356391+00:00,201,2026-09-10T08:25:07.984341+00:00,false,microservices,mysql,3f253e83a9e26b5267601ed0b944dde0c270e0b7eee7cef9556d6b938d2819b8,tcc-microservices-experiment-mysql-1,29.94,542952653,1073741824,50.56,40,31.3MB / 100MB,46.7MB / 117MB
100,2026-09-10T08:25:08.356391+00:00,201,2026-09-10T08:25:07.984341+00:00,false,microservices,order,1d5389182f148a43ec469ae4e28edb740895b3455c43d45cbf3249bbde34ad89,tcc-microservices-experiment-order-1,80.8,82984305,1073741824,7.73,3,120MB / 110MB,6.48MB / 1.52MB
100,2026-09-10T08:25:08.356391+00:00,201,2026-09-10T08:25:07.984341+00:00,false,microservices,product,a1c2e53da54b4b2e95e630f60e62a362713f6327469bfa51c14fcfc57490587d,tcc-microservices-experiment-product-1,0.02,78601257,1073741824,7.32,3,416kB / 282kB,7.18MB / 81.9kB
101,2026-09-10T08:25:09.356364+00:00,203,2026-09-10T08:25:08.983286+00:00,false,microservices,auth,cc95d2e07170ddb351fa8f4858b95d6ad88d0e809b991ba6dd5136ce8e7461ad,tcc-microservices-experiment-auth-1,0.02,79209431,1073741824,7.38,3,45.9kB / 40.3kB,3.16MB / 65.5kB
101,2026-09-10T08:25:09.356364+00:00,203,2026-09-10T08:25:08.983286+00:00,false,microservices,gateway,b43c966e016c5b18c601eaf2b1a81554f1ad5c8079fca651de97c0e2ded682f9,tcc-microservices-experiment-gateway-1,27.76,484232397,536870912,90.2,77,90.7MB / 101MB,30.5MB / 283kB
101,2026-09-10T08:25:09.356364+00:00,203,2026-09-10T08:25:08.983286+00:00,false,microservices,mysql,3f253e83a9e26b5267601ed0b944dde0c270e0b7eee7cef9556d6b938d2819b8,tcc-microservices-experiment-mysql-1,26.27,543057510,1073741824,50.58,40,31.6MB / 101MB,46.7MB / 117MB
101,2026-09-10T08:25:09.356364+00:00,203,2026-09-10T08:25:08.983286+00:00,false,microservices,order,1d5389182f148a43ec469ae4e28edb740895b3455c43d45cbf3249bbde34ad89,tcc-microservices-experiment-order-1,79.77,82480988,1073741824,7.68,3,121MB / 110MB,6.48MB / 1.52MB
101,2026-09-10T08:25:09.356364+00:00,203,2026-09-10T08:25:08.983286+00:00,false,microservices,product,a1c2e53da54b4b2e95e630f60e62a362713f6327469bfa51c14fcfc57490587d,tcc-microservices-experiment-product-1,0.02,78601257,1073741824,7.32,3,416kB / 282kB,7.18MB / 81.9kB
102,2026-09-10T08:25:10.356366+00:00,205,2026-09-10T08:25:09.984200+00:00,false,microservices,auth,cc95d2e07170ddb351fa8f4858b95d6ad88d0e809b991ba6dd5136ce8e7461ad,tcc-microservices-experiment-auth-1,0.02,79209431,1073741824,7.38,3,45.9kB / 40.3kB,3.16MB / 65.5kB
102,2026-09-10T08:25:10.356366+00:00,205,2026-09-10T08:25:09.984200+00:00,false,microservices,gateway,b43c966e016c5b18c601eaf2b1a81554f1ad5c8079fca651de97c0e2ded682f9,tcc-microservices-experiment-gateway-1,26.42,484442112,536870912,90.23,77,91.5MB / 101MB,30.5MB / 283kB
102,2026-09-10T08:25:10.356366+00:00,205,2026-09-10T08:25:09.984200+00:00,false,microservices,mysql,3f253e83a9e26b5267601ed0b944dde0c270e0b7eee7cef9556d6b938d2819b8,tcc-microservices-experiment-mysql-1,29.64,543267226,1073741824,50.6,40,31.8MB / 102MB,46.7MB / 117MB
102,2026-09-10T08:25:10.356366+00:00,205,2026-09-10T08:25:09.984200+00:00,false,microservices,order,1d5389182f148a43ec469ae4e28edb740895b3455c43d45cbf3249bbde34ad89,tcc-microservices-experiment-order-1,80.49,82931876,1073741824,7.72,3,122MB / 111MB,6.48MB / 1.52MB
102,2026-09-10T08:25:10.356366+00:00,205,2026-09-10T08:25:09.984200+00:00,false,microservices,product,a1c2e53da54b4b2e95e630f60e62a362713f6327469bfa51c14fcfc57490587d,tcc-microservices-experiment-product-1,0.02,78601257,1073741824,7.32,3,416kB / 282kB,7.18MB / 81.9kB
103,2026-09-10T08:25:11.356401+00:00,207,2026-09-10T08:25:10.984493+00:00,false,microservices,auth,cc95d2e07170ddb351fa8f4858b95d6ad88d0e809b991ba6dd5136ce8e7461ad,tcc-microservices-experiment-auth-1,0.02,79209431,1073741824,7.38,3,45.9kB / 40.3kB,3.16MB / 65.5kB
103,2026-09-10T08:25:11.356401+00:00,207,2026-09-10T08:25:10.984493+00:00,false,microservices,gateway,b43c966e016c5b18c601eaf2b1a81554f1ad5c8079fca651de97c0e2ded682f9,tcc-microservices-experiment-gateway-1,25.99,484756685,536870912,90.29,77,92.2MB / 102MB,30.5MB / 283kB
103,2026-09-10T08:25:11.356401+00:00,207,2026-09-10T08:25:10.984493+00:00,false,microservices,mysql,3f253e83a9e26b5267601ed0b944dde0c270e0b7eee7cef9556d6b938d2819b8,tcc-microservices-experiment-mysql-1,25.78,542847795,1073741824,50.56,40,32MB / 103MB,46.7MB / 117MB
103,2026-09-10T08:25:11.356401+00:00,207,2026-09-10T08:25:10.984493+00:00,false,microservices,order,1d5389182f148a43ec469ae4e28edb740895b3455c43d45cbf3249bbde34ad89,tcc-microservices-experiment-order-1,79.77,83099648,1073741824,7.74,3,123MB / 112MB,6.48MB / 1.52MB
103,2026-09-10T08:25:11.356401+00:00,207,2026-09-10T08:25:10.984493+00:00,false,microservices,product,a1c2e53da54b4b2e95e630f60e62a362713f6327469bfa51c14fcfc57490587d,tcc-microservices-experiment-product-1,0.02,78601257,1073741824,7.32,3,416kB / 282kB,7.18MB / 81.9kB
104,2026-09-10T08:25:12.356369+00:00,209,2026-09-10T08:25:11.985348+00:00,false,microservices,auth,cc95d2e07170ddb351fa8f4858b95d6ad88d0e809b991ba6dd5136ce8e7461ad,tcc-microservices-experiment-auth-1,0.02,79209431,1073741824,7.38,3,45.9kB / 40.3kB,3.16MB / 65.5kB
104,2026-09-10T08:25:12.356369+00:00,209,2026-09-10T08:25:11.985348+00:00,false,microservices,gateway,b43c966e016c5b18c601eaf2b1a81554f1ad5c8079fca651de97c0e2ded682f9,tcc-microservices-experiment-gateway-1,26.34,484442112,536870912,90.24,77,92.9MB / 103MB,30.5MB / 283kB
104,2026-09-10T08:25:12.356369+00:00,209,2026-09-10T08:25:11.985348+00:00,false,microservices,mysql,3f253e83a9e26b5267601ed0b944dde0c270e0b7eee7cef9556d6b938d2819b8,tcc-microservices-experiment-mysql-1,29.52,543791514,1073741824,50.65,40,32.2MB / 103MB,46.7MB / 117MB
104,2026-09-10T08:25:12.356369+00:00,209,2026-09-10T08:25:11.985348+00:00,false,microservices,order,1d5389182f148a43ec469ae4e28edb740895b3455c43d45cbf3249bbde34ad89,tcc-microservices-experiment-order-1,80.59,83319849,1073741824,7.76,3,124MB / 113MB,6.48MB / 1.52MB
104,2026-09-10T08:25:12.356369+00:00,209,2026-09-10T08:25:11.985348+00:00,false,microservices,product,a1c2e53da54b4b2e95e630f60e62a362713f6327469bfa51c14fcfc57490587d,tcc-microservices-experiment-product-1,0.01,78601257,1073741824,7.32,3,416kB / 282kB,7.18MB / 81.9kB
105,2026-09-10T08:25:13.356386+00:00,211,2026-09-10T08:25:12.984968+00:00,false,microservices,auth,cc95d2e07170ddb351fa8f4858b95d6ad88d0e809b991ba6dd5136ce8e7461ad,tcc-microservices-experiment-auth-1,0.02,79209431,1073741824,7.38,3,45.9kB / 40.3kB,3.16MB / 65.5kB
105,2026-09-10T08:25:13.356386+00:00,211,2026-09-10T08:25:12.984968+00:00,false,microservices,gateway,b43c966e016c5b18c601eaf2b1a81554f1ad5c8079fca651de97c0e2ded682f9,tcc-microservices-experiment-gateway-1,27.04,484232397,536870912,90.2,77,93.7MB / 104MB,30.5MB / 283kB
105,2026-09-10T08:25:13.356386+00:00,211,2026-09-10T08:25:12.984968+00:00,false,microservices,mysql,3f253e83a9e26b5267601ed0b944dde0c270e0b7eee7cef9556d6b938d2819b8,tcc-microservices-experiment-mysql-1,24.98,542323507,1073741824,50.5,40,32.4MB / 104MB,46.7MB / 117MB
105,2026-09-10T08:25:13.356386+00:00,211,2026-09-10T08:25:12.984968+00:00,false,microservices,order,1d5389182f148a43ec469ae4e28edb740895b3455c43d45cbf3249bbde34ad89,tcc-microservices-experiment-order-1,81.29,82858476,1073741824,7.72,3,125MB / 114MB,6.48MB / 1.52MB
105,2026-09-10T08:25:13.356386+00:00,211,2026-09-10T08:25:12.984968+00:00,false,microservices,product,a1c2e53da54b4b2e95e630f60e62a362713f6327469bfa51c14fcfc57490587d,tcc-microservices-experiment-product-1,0.02,78601257,1073741824,7.32,3,416kB / 282kB,7.18MB / 81.9kB
106,2026-09-10T08:25:14.356396+00:00,213,2026-09-10T08:25:13.985109+00:00,false,microservices,auth,cc95d2e07170ddb351fa8f4858b95d6ad88d0e809b991ba6dd5136ce8e7461ad,tcc-microservices-experiment-auth-1,0.02,79209431,1073741824,7.38,3,45.9kB / 40.3kB,3.16MB / 65.5kB
106,2026-09-10T08:25:14.356396+00:00,213,2026-09-10T08:25:13.985109+00:00,false,microservices,gateway,b43c966e016c5b18c601eaf2b1a81554f1ad5c8079fca651de97c0e2ded682f9,tcc-microservices-experiment-gateway-1,27.54,484232397,536870912,90.2,77,94.4MB / 105MB,30.5MB / 283kB
106,2026-09-10T08:25:14.356396+00:00,213,2026-09-10T08:25:13.985109+00:00,false,microservices,mysql,3f253e83a9e26b5267601ed0b944dde0c270e0b7eee7cef9556d6b938d2819b8,tcc-microservices-experiment-mysql-1,29.23,543057510,1073741824,50.58,40,32.6MB / 105MB,46.7MB / 117MB
106,2026-09-10T08:25:14.356396+00:00,213,2026-09-10T08:25:13.985109+00:00,false,microservices,order,1d5389182f148a43ec469ae4e28edb740895b3455c43d45cbf3249bbde34ad89,tcc-microservices-experiment-order-1,79.87,82984305,1073741824,7.73,3,126MB / 115MB,6.48MB / 1.52MB
106,2026-09-10T08:25:14.356396+00:00,213,2026-09-10T08:25:13.985109+00:00,false,microservices,product,a1c2e53da54b4b2e95e630f60e62a362713f6327469bfa51c14fcfc57490587d,tcc-microservices-experiment-product-1,0.02,78601257,1073741824,7.32,3,416kB / 282kB,7.18MB / 81.9kB
107,2026-09-10T08:25:15.356382+00:00,215,2026-09-10T08:25:14.984222+00:00,false,microservices,auth,cc95d2e07170ddb351fa8f4858b95d6ad88d0e809b991ba6dd5136ce8e7461ad,tcc-microservices-experiment-auth-1,0.02,79209431,1073741824,7.38,3,45.9kB / 40.3kB,3.16MB / 65.5kB
107,2026-09-10T08:25:15.356382+00:00,215,2026-09-10T08:25:14.984222+00:00,false,microservices,gateway,b43c966e016c5b18c601eaf2b1a81554f1ad5c8079fca651de97c0e2ded682f9,tcc-microservices-experiment-gateway-1,27.53,484546970,536870912,90.26,77,95.1MB / 105MB,30.5MB / 283kB
107,2026-09-10T08:25:15.356382+00:00,215,2026-09-10T08:25:14.984222+00:00,false,microservices,mysql,3f253e83a9e26b5267601ed0b944dde0c270e0b7eee7cef9556d6b938d2819b8,tcc-microservices-experiment-mysql-1,26.19,542638080,1073741824,50.53,40,32.9MB / 106MB,46.7MB / 117MB
107,2026-09-10T08:25:15.356382+00:00,215,2026-09-10T08:25:14.984222+00:00,false,microservices,order,1d5389182f148a43ec469ae4e28edb740895b3455c43d45cbf3249bbde34ad89,tcc-microservices-experiment-order-1,79.96,83403735,1073741824,7.77,3,127MB / 115MB,6.48MB / 1.52MB
107,2026-09-10T08:25:15.356382+00:00,215,2026-09-10T08:25:14.984222+00:00,false,microservices,product,a1c2e53da54b4b2e95e630f60e62a362713f6327469bfa51c14fcfc57490587d,tcc-microservices-experiment-product-1,0.02,78601257,1073741824,7.32,3,416kB / 282kB,7.18MB / 81.9kB
108,2026-09-10T08:25:16.356377+00:00,217,2026-09-10T08:25:15.984486+00:00,false,microservices,auth,cc95d2e07170ddb351fa8f4858b95d6ad88d0e809b991ba6dd5136ce8e7461ad,tcc-microservices-experiment-auth-1,0.02,79209431,1073741824,7.38,3,45.9kB / 40.3kB,3.16MB / 65.5kB
108,2026-09-10T08:25:16.356377+00:00,217,2026-09-10T08:25:15.984486+00:00,false,microservices,gateway,b43c966e016c5b18c601eaf2b1a81554f1ad5c8079fca651de97c0e2ded682f9,tcc-microservices-experiment-gateway-1,25.85,484232397,536870912,90.2,77,95.8MB / 106MB,30.5MB / 283kB
108,2026-09-10T08:25:16.356377+00:00,217,2026-09-10T08:25:15.984486+00:00,false,microservices,mysql,3f253e83a9e26b5267601ed0b944dde0c270e0b7eee7cef9556d6b938d2819b8,tcc-microservices-experiment-mysql-1,30.69,543162368,1073741824,50.58,40,33.1MB / 106MB,46.7MB / 117MB
108,2026-09-10T08:25:16.356377+00:00,217,2026-09-10T08:25:15.984486+00:00,false,microservices,order,1d5389182f148a43ec469ae4e28edb740895b3455c43d45cbf3249bbde34ad89,tcc-microservices-experiment-order-1,79.81,83760251,1073741824,7.8,3,128MB / 116MB,6.48MB / 1.71MB
108,2026-09-10T08:25:16.356377+00:00,217,2026-09-10T08:25:15.984486+00:00,false,microservices,product,a1c2e53da54b4b2e95e630f60e62a362713f6327469bfa51c14fcfc57490587d,tcc-microservices-experiment-product-1,0.02,78601257,1073741824,7.32,3,416kB / 282kB,7.18MB / 81.9kB
109,2026-09-10T08:25:17.356391+00:00,219,2026-09-10T08:25:16.984224+00:00,false,microservices,auth,cc95d2e07170ddb351fa8f4858b95d6ad88d0e809b991ba6dd5136ce8e7461ad,tcc-microservices-experiment-auth-1,0.02,79209431,1073741824,7.38,3,45.9kB / 40.3kB,3.16MB / 65.5kB
109,2026-09-10T08:25:17.356391+00:00,219,2026-09-10T08:25:16.984224+00:00,false,microservices,gateway,b43c966e016c5b18c601eaf2b1a81554f1ad5c8079fca651de97c0e2ded682f9,tcc-microservices-experiment-gateway-1,26.1,484546970,536870912,90.25,77,96.5MB / 107MB,30.5MB / 283kB
109,2026-09-10T08:25:17.356391+00:00,219,2026-09-10T08:25:16.984224+00:00,false,microservices,mysql,3f253e83a9e26b5267601ed0b944dde0c270e0b7eee7cef9556d6b938d2819b8,tcc-microservices-experiment-mysql-1,25.41,542533222,1073741824,50.53,40,33.3MB / 107MB,46.7MB / 117MB
109,2026-09-10T08:25:17.356391+00:00,219,2026-09-10T08:25:16.984224+00:00,false,microservices,order,1d5389182f148a43ec469ae4e28edb740895b3455c43d45cbf3249bbde34ad89,tcc-microservices-experiment-order-1,80.35,83403735,1073741824,7.77,3,129MB / 117MB,6.48MB / 1.71MB
109,2026-09-10T08:25:17.356391+00:00,219,2026-09-10T08:25:16.984224+00:00,false,microservices,product,a1c2e53da54b4b2e95e630f60e62a362713f6327469bfa51c14fcfc57490587d,tcc-microservices-experiment-product-1,0.02,78601257,1073741824,7.32,3,416kB / 282kB,7.18MB / 81.9kB
110,2026-09-10T08:25:18.356377+00:00,221,2026-09-10T08:25:17.983149+00:00,false,microservices,auth,cc95d2e07170ddb351fa8f4858b95d6ad88d0e809b991ba6dd5136ce8e7461ad,tcc-microservices-experiment-auth-1,0.02,79209431,1073741824,7.38,3,45.9kB / 40.3kB,3.16MB / 65.5kB
110,2026-09-10T08:25:18.356377+00:00,221,2026-09-10T08:25:17.983149+00:00,false,microservices,gateway,b43c966e016c5b18c601eaf2b1a81554f1ad5c8079fca651de97c0e2ded682f9,tcc-microservices-experiment-gateway-1,26.75,484651827,536870912,90.28,77,97.2MB / 108MB,30.5MB / 283kB
110,2026-09-10T08:25:18.356377+00:00,221,2026-09-10T08:25:17.983149+00:00,false,microservices,mysql,3f253e83a9e26b5267601ed0b944dde0c270e0b7eee7cef9556d6b938d2819b8,tcc-microservices-experiment-mysql-1,30.07,543686656,1073741824,50.63,40,33.5MB / 108MB,46.7MB / 117MB
110,2026-09-10T08:25:18.356377+00:00,221,2026-09-10T08:25:17.983149+00:00,false,microservices,order,1d5389182f148a43ec469ae4e28edb740895b3455c43d45cbf3249bbde34ad89,tcc-microservices-experiment-order-1,81.06,83194020,1073741824,7.75,3,129MB / 118MB,6.48MB / 1.71MB
110,2026-09-10T08:25:18.356377+00:00,221,2026-09-10T08:25:17.983149+00:00,false,microservices,product,a1c2e53da54b4b2e95e630f60e62a362713f6327469bfa51c14fcfc57490587d,tcc-microservices-experiment-product-1,0.02,78601257,1073741824,7.32,3,416kB / 282kB,7.18MB / 81.9kB
111,2026-09-10T08:25:19.356387+00:00,223,2026-09-10T08:25:18.985340+00:00,false,microservices,auth,cc95d2e07170ddb351fa8f4858b95d6ad88d0e809b991ba6dd5136ce8e7461ad,tcc-microservices-experiment-auth-1,0.02,79209431,1073741824,7.38,3,45.9kB / 40.3kB,3.16MB / 65.5kB
111,2026-09-10T08:25:19.356387+00:00,223,2026-09-10T08:25:18.985340+00:00,false,microservices,gateway,b43c966e016c5b18c601eaf2b1a81554f1ad5c8079fca651de97c0e2ded682f9,tcc-microservices-experiment-gateway-1,26.62,485176115,536870912,90.36,77,98MB / 109MB,30.5MB / 283kB
111,2026-09-10T08:25:19.356387+00:00,223,2026-09-10T08:25:18.985340+00:00,false,microservices,mysql,3f253e83a9e26b5267601ed0b944dde0c270e0b7eee7cef9556d6b938d2819b8,tcc-microservices-experiment-mysql-1,25.23,542533222,1073741824,50.53,40,33.7MB / 109MB,46.7MB / 117MB
111,2026-09-10T08:25:19.356387+00:00,223,2026-09-10T08:25:18.985340+00:00,false,microservices,order,1d5389182f148a43ec469ae4e28edb740895b3455c43d45cbf3249bbde34ad89,tcc-microservices-experiment-order-1,80.85,82806047,1073741824,7.71,3,130MB / 119MB,6.48MB / 1.71MB
111,2026-09-10T08:25:19.356387+00:00,223,2026-09-10T08:25:18.985340+00:00,false,microservices,product,a1c2e53da54b4b2e95e630f60e62a362713f6327469bfa51c14fcfc57490587d,tcc-microservices-experiment-product-1,0.02,78601257,1073741824,7.32,3,416kB / 282kB,7.18MB / 81.9kB
112,2026-09-10T08:25:20.356384+00:00,225,2026-09-10T08:25:19.984243+00:00,false,microservices,auth,cc95d2e07170ddb351fa8f4858b95d6ad88d0e809b991ba6dd5136ce8e7461ad,tcc-microservices-experiment-auth-1,0.02,79209431,1073741824,7.38,3,45.9kB / 40.3kB,3.16MB / 65.5kB
112,2026-09-10T08:25:20.356384+00:00,225,2026-09-10T08:25:19.984243+00:00,false,microservices,gateway,b43c966e016c5b18c601eaf2b1a81554f1ad5c8079fca651de97c0e2ded682f9,tcc-microservices-experiment-gateway-1,26.87,483498394,536870912,90.06,69,98.7MB / 109MB,30.5MB / 283kB
112,2026-09-10T08:25:20.356384+00:00,225,2026-09-10T08:25:19.984243+00:00,false,microservices,mysql,3f253e83a9e26b5267601ed0b944dde0c270e0b7eee7cef9556d6b938d2819b8,tcc-microservices-experiment-mysql-1,29.77,543791514,1073741824,50.65,40,33.9MB / 110MB,46.7MB / 117MB
112,2026-09-10T08:25:20.356384+00:00,225,2026-09-10T08:25:19.984243+00:00,false,microservices,order,1d5389182f148a43ec469ae4e28edb740895b3455c43d45cbf3249bbde34ad89,tcc-microservices-experiment-order-1,80.47,82900419,1073741824,7.72,3,131MB / 120MB,6.48MB / 1.71MB
112,2026-09-10T08:25:20.356384+00:00,225,2026-09-10T08:25:19.984243+00:00,false,microservices,product,a1c2e53da54b4b2e95e630f60e62a362713f6327469bfa51c14fcfc57490587d,tcc-microservices-experiment-product-1,0.02,78601257,1073741824,7.32,3,416kB / 282kB,7.18MB / 81.9kB
113,2026-09-10T08:25:21.356389+00:00,227,2026-09-10T08:25:20.984385+00:00,false,microservices,auth,cc95d2e07170ddb351fa8f4858b95d6ad88d0e809b991ba6dd5136ce8e7461ad,tcc-microservices-experiment-auth-1,0.02,79209431,1073741824,7.38,3,45.9kB / 40.3kB,3.16MB / 65.5kB
113,2026-09-10T08:25:21.356389+00:00,227,2026-09-10T08:25:20.984385+00:00,false,microservices,gateway,b43c966e016c5b18c601eaf2b1a81554f1ad5c8079fca651de97c0e2ded682f9,tcc-microservices-experiment-gateway-1,26.35,483603251,536870912,90.07,69,99.4MB / 110MB,30.5MB / 283kB
113,2026-09-10T08:25:21.356389+00:00,227,2026-09-10T08:25:20.984385+00:00,false,microservices,mysql,3f253e83a9e26b5267601ed0b944dde0c270e0b7eee7cef9556d6b938d2819b8,tcc-microservices-experiment-mysql-1,24.76,543162368,1073741824,50.59,40,34.2MB / 110MB,46.7MB / 117MB
113,2026-09-10T08:25:21.356389+00:00,227,2026-09-10T08:25:20.984385+00:00,false,microservices,order,1d5389182f148a43ec469ae4e28edb740895b3455c43d45cbf3249bbde34ad89,tcc-microservices-experiment-order-1,81.69,83267420,1073741824,7.75,3,132MB / 121MB,6.48MB / 1.71MB
113,2026-09-10T08:25:21.356389+00:00,227,2026-09-10T08:25:20.984385+00:00,false,microservices,product,a1c2e53da54b4b2e95e630f60e62a362713f6327469bfa51c14fcfc57490587d,tcc-microservices-experiment-product-1,0.02,78601257,1073741824,7.32,3,416kB / 282kB,7.18MB / 81.9kB
114,2026-09-10T08:25:22.356367+00:00,229,2026-09-10T08:25:21.984214+00:00,false,microservices,auth,cc95d2e07170ddb351fa8f4858b95d6ad88d0e809b991ba6dd5136ce8e7461ad,tcc-microservices-experiment-auth-1,0.02,79209431,1073741824,7.38,3,45.9kB / 40.3kB,3.16MB / 65.5kB
114,2026-09-10T08:25:22.356367+00:00,229,2026-09-10T08:25:21.984214+00:00,false,microservices,gateway,b43c966e016c5b18c601eaf2b1a81554f1ad5c8079fca651de97c0e2ded682f9,tcc-microservices-experiment-gateway-1,26.84,484127539,536870912,90.18,69,100MB / 111MB,30.5MB / 295kB
114,2026-09-10T08:25:22.356367+00:00,229,2026-09-10T08:25:21.984214+00:00,false,microservices,mysql,3f253e83a9e26b5267601ed0b944dde0c270e0b7eee7cef9556d6b938d2819b8,tcc-microservices-experiment-mysql-1,28.82,542533222,1073741824,50.52,40,34.4MB / 111MB,46.7MB / 117MB
114,2026-09-10T08:25:22.356367+00:00,229,2026-09-10T08:25:21.984214+00:00,false,microservices,order,1d5389182f148a43ec469ae4e28edb740895b3455c43d45cbf3249bbde34ad89,tcc-microservices-experiment-order-1,81.23,82868961,1073741824,7.72,3,133MB / 121MB,6.48MB / 1.71MB
114,2026-09-10T08:25:22.356367+00:00,229,2026-09-10T08:25:21.984214+00:00,false,microservices,product,a1c2e53da54b4b2e95e630f60e62a362713f6327469bfa51c14fcfc57490587d,tcc-microservices-experiment-product-1,0.02,78601257,1073741824,7.32,3,416kB / 282kB,7.18MB / 81.9kB
115,2026-09-10T08:25:23.356366+00:00,231,2026-09-10T08:25:22.985313+00:00,false,microservices,auth,cc95d2e07170ddb351fa8f4858b95d6ad88d0e809b991ba6dd5136ce8e7461ad,tcc-microservices-experiment-auth-1,0.02,79209431,1073741824,7.38,3,45.9kB / 40.3kB,3.16MB / 65.5kB
115,2026-09-10T08:25:23.356366+00:00,231,2026-09-10T08:25:22.985313+00:00,false,microservices,gateway,b43c966e016c5b18c601eaf2b1a81554f1ad5c8079fca651de97c0e2ded682f9,tcc-microservices-experiment-gateway-1,27.95,483917824,536870912,90.13,69,101MB / 112MB,30.5MB / 295kB
115,2026-09-10T08:25:23.356366+00:00,231,2026-09-10T08:25:22.985313+00:00,false,microservices,mysql,3f253e83a9e26b5267601ed0b944dde0c270e0b7eee7cef9556d6b938d2819b8,tcc-microservices-experiment-mysql-1,25.0,542847795,1073741824,50.55,40,34.6MB / 112MB,46.7MB / 117MB
115,2026-09-10T08:25:23.356366+00:00,231,2026-09-10T08:25:22.985313+00:00,false,microservices,order,1d5389182f148a43ec469ae4e28edb740895b3455c43d45cbf3249bbde34ad89,tcc-microservices-experiment-order-1,80.88,83403735,1073741824,7.77,3,134MB / 122MB,6.48MB / 1.71MB
115,2026-09-10T08:25:23.356366+00:00,231,2026-09-10T08:25:22.985313+00:00,false,microservices,product,a1c2e53da54b4b2e95e630f60e62a362713f6327469bfa51c14fcfc57490587d,tcc-microservices-experiment-product-1,0.02,78601257,1073741824,7.32,3,416kB / 282kB,7.18MB / 81.9kB
116,2026-09-10T08:25:24.356371+00:00,233,2026-09-10T08:25:23.984313+00:00,false,microservices,auth,cc95d2e07170ddb351fa8f4858b95d6ad88d0e809b991ba6dd5136ce8e7461ad,tcc-microservices-experiment-auth-1,0.02,79209431,1073741824,7.38,3,45.9kB / 40.3kB,3.16MB / 65.5kB
116,2026-09-10T08:25:24.356371+00:00,233,2026-09-10T08:25:23.984313+00:00,false,microservices,gateway,b43c966e016c5b18c601eaf2b1a81554f1ad5c8079fca651de97c0e2ded682f9,tcc-microservices-experiment-gateway-1,27.62,483183821,536870912,90.0,69,102MB / 113MB,30.5MB / 295kB
116,2026-09-10T08:25:24.356371+00:00,233,2026-09-10T08:25:23.984313+00:00,false,microservices,mysql,3f253e83a9e26b5267601ed0b944dde0c270e0b7eee7cef9556d6b938d2819b8,tcc-microservices-experiment-mysql-1,28.67,542742938,1073741824,50.54,40,34.8MB / 113MB,46.7MB / 117MB
116,2026-09-10T08:25:24.356371+00:00,233,2026-09-10T08:25:23.984313+00:00,false,microservices,order,1d5389182f148a43ec469ae4e28edb740895b3455c43d45cbf3249bbde34ad89,tcc-microservices-experiment-order-1,82.31,82323702,1073741824,7.67,3,135MB / 123MB,6.48MB / 1.71MB
116,2026-09-10T08:25:24.356371+00:00,233,2026-09-10T08:25:23.984313+00:00,false,microservices,product,a1c2e53da54b4b2e95e630f60e62a362713f6327469bfa51c14fcfc57490587d,tcc-microservices-experiment-product-1,0.02,78601257,1073741824,7.32,3,416kB / 282kB,7.18MB / 81.9kB
117,2026-09-10T08:25:25.356391+00:00,235,2026-09-10T08:25:24.985295+00:00,false,microservices,auth,cc95d2e07170ddb351fa8f4858b95d6ad88d0e809b991ba6dd5136ce8e7461ad,tcc-microservices-experiment-auth-1,0.02,79209431,1073741824,7.38,3,45.9kB / 40.3kB,3.16MB / 65.5kB
117,2026-09-10T08:25:25.356391+00:00,235,2026-09-10T08:25:24.985295+00:00,false,microservices,gateway,b43c966e016c5b18c601eaf2b1a81554f1ad5c8079fca651de97c0e2ded682f9,tcc-microservices-experiment-gateway-1,26.56,483917824,536870912,90.14,69,102MB / 113MB,30.5MB / 295kB
117,2026-09-10T08:25:25.356391+00:00,235,2026-09-10T08:25:24.985295+00:00,false,microservices,mysql,3f253e83a9e26b5267601ed0b944dde0c270e0b7eee7cef9556d6b938d2819b8,tcc-microservices-experiment-mysql-1,24.26,542742938,1073741824,50.54,40,35MB / 113MB,46.7MB / 117MB
117,2026-09-10T08:25:25.356391+00:00,235,2026-09-10T08:25:24.985295+00:00,false,microservices,order,1d5389182f148a43ec469ae4e28edb740895b3455c43d45cbf3249bbde34ad89,tcc-microservices-experiment-order-1,81.97,82606817,1073741824,7.69,3,136MB / 124MB,6.48MB / 1.71MB
117,2026-09-10T08:25:25.356391+00:00,235,2026-09-10T08:25:24.985295+00:00,false,microservices,product,a1c2e53da54b4b2e95e630f60e62a362713f6327469bfa51c14fcfc57490587d,tcc-microservices-experiment-product-1,0.02,78601257,1073741824,7.32,3,416kB / 282kB,7.18MB / 81.9kB
118,2026-09-10T08:25:26.356390+00:00,237,2026-09-10T08:25:25.984334+00:00,false,microservices,auth,cc95d2e07170ddb351fa8f4858b95d6ad88d0e809b991ba6dd5136ce8e7461ad,tcc-microservices-experiment-auth-1,0.02,79209431,1073741824,7.38,3,45.9kB / 40.3kB,3.16MB / 65.5kB
118,2026-09-10T08:25:26.356390+00:00,237,2026-09-10T08:25:25.984334+00:00,false,microservices,gateway,b43c966e016c5b18c601eaf2b1a81554f1ad5c8079fca651de97c0e2ded682f9,tcc-microservices-experiment-gateway-1,25.68,482974106,536870912,89.96,69,103MB / 114MB,30.5MB / 295kB
118,2026-09-10T08:25:26.356390+00:00,237,2026-09-10T08:25:25.984334+00:00,false,microservices,mysql,3f253e83a9e26b5267601ed0b944dde0c270e0b7eee7cef9556d6b938d2819b8,tcc-microservices-experiment-mysql-1,29.41,542638080,1073741824,50.54,40,35.2MB / 114MB,46.7MB / 117MB
118,2026-09-10T08:25:26.356390+00:00,237,2026-09-10T08:25:25.984334+00:00,false,microservices,order,1d5389182f148a43ec469ae4e28edb740895b3455c43d45cbf3249bbde34ad89,tcc-microservices-experiment-order-1,81.32,82795561,1073741824,7.71,3,137MB / 125MB,6.48MB / 1.71MB
118,2026-09-10T08:25:26.356390+00:00,237,2026-09-10T08:25:25.984334+00:00,false,microservices,product,a1c2e53da54b4b2e95e630f60e62a362713f6327469bfa51c14fcfc57490587d,tcc-microservices-experiment-product-1,0.02,78601257,1073741824,7.32,3,416kB / 282kB,7.18MB / 81.9kB
119,2026-09-10T08:25:27.356388+00:00,239,2026-09-10T08:25:26.984274+00:00,false,microservices,auth,cc95d2e07170ddb351fa8f4858b95d6ad88d0e809b991ba6dd5136ce8e7461ad,tcc-microservices-experiment-auth-1,0.02,79209431,1073741824,7.38,3,45.9kB / 40.3kB,3.16MB / 65.5kB
119,2026-09-10T08:25:27.356388+00:00,239,2026-09-10T08:25:26.984274+00:00,false,microservices,gateway,b43c966e016c5b18c601eaf2b1a81554f1ad5c8079fca651de97c0e2ded682f9,tcc-microservices-experiment-gateway-1,26.07,483812966,536870912,90.11,69,104MB / 115MB,30.5MB / 295kB
119,2026-09-10T08:25:27.356388+00:00,239,2026-09-10T08:25:26.984274+00:00,false,microservices,mysql,3f253e83a9e26b5267601ed0b944dde0c270e0b7eee7cef9556d6b938d2819b8,tcc-microservices-experiment-mysql-1,24.66,542323507,1073741824,50.51,40,35.5MB / 115MB,46.7MB / 117MB
119,2026-09-10T08:25:27.356388+00:00,239,2026-09-10T08:25:26.984274+00:00,false,microservices,order,1d5389182f148a43ec469ae4e28edb740895b3455c43d45cbf3249bbde34ad89,tcc-microservices-experiment-order-1,81.74,82533417,1073741824,7.69,3,138MB / 126MB,6.48MB / 1.71MB
119,2026-09-10T08:25:27.356388+00:00,239,2026-09-10T08:25:26.984274+00:00,false,microservices,product,a1c2e53da54b4b2e95e630f60e62a362713f6327469bfa51c14fcfc57490587d,tcc-microservices-experiment-product-1,0.02,78601257,1073741824,7.32,3,416kB / 282kB,7.18MB / 81.9kB
120,2026-09-10T08:25:28.356400+00:00,241,2026-09-10T08:25:27.984343+00:00,false,microservices,auth,cc95d2e07170ddb351fa8f4858b95d6ad88d0e809b991ba6dd5136ce8e7461ad,tcc-microservices-experiment-auth-1,0.02,79209431,1073741824,7.38,3,45.9kB / 40.3kB,3.16MB / 65.5kB
120,2026-09-10T08:25:28.356400+00:00,241,2026-09-10T08:25:27.984343+00:00,false,microservices,gateway,b43c966e016c5b18c601eaf2b1a81554f1ad5c8079fca651de97c0e2ded682f9,tcc-microservices-experiment-gateway-1,26.36,483708109,536870912,90.11,69,105MB / 116MB,30.5MB / 295kB
120,2026-09-10T08:25:28.356400+00:00,241,2026-09-10T08:25:27.984343+00:00,false,microservices,mysql,3f253e83a9e26b5267601ed0b944dde0c270e0b7eee7cef9556d6b938d2819b8,tcc-microservices-experiment-mysql-1,29.38,543896371,1073741824,50.65,40,35.7MB / 116MB,46.7MB / 117MB
120,2026-09-10T08:25:28.356400+00:00,241,2026-09-10T08:25:27.984343+00:00,false,microservices,order,1d5389182f148a43ec469ae4e28edb740895b3455c43d45cbf3249bbde34ad89,tcc-microservices-experiment-order-1,81.1,82722161,1073741824,7.7,3,139MB / 127MB,6.48MB / 1.71MB
120,2026-09-10T08:25:28.356400+00:00,241,2026-09-10T08:25:27.984343+00:00,false,microservices,product,a1c2e53da54b4b2e95e630f60e62a362713f6327469bfa51c14fcfc57490587d,tcc-microservices-experiment-product-1,0.01,78601257,1073741824,7.32,3,416kB / 282kB,7.18MB / 81.9kB
