sample_index,captured_at_utc,docker_refresh_sequence,docker_refresh_captured_at_utc,docker_refresh_reused,architecture,service,container_id,container_name,cpu_percent,memory_used_bytes,memory_limit_bytes,memory_percent,pids,network_io,block_io
1,2026-09-10T06:25:01.560228+00:00,3,2026-09-10T06:25:01.190296+00:00,false,microservices,auth,850bc5b79e2dc6ea0a93cb54e64e8083cfa356effe9fdd08c6e27f5304735829,tcc-microservices-experiment-auth-1,0.02,82239816,1073741824,7.66,3,45.4kB / 40.3kB,7.15MB / 65.5kB
1,2026-09-10T06:25:01.560228+00:00,3,2026-09-10T06:25:01.190296+00:00,false,microservices,gateway,04205f28bb8c1f9b8eb02c123c954deaa86cb685677995ef5f7f35763c4eba3b,tcc-microservices-experiment-gateway-1,0.23,462526874,536870912,86.15,75,19.8MB / 21.9MB,22.3MB / 184kB
1,2026-09-10T06:25:01.560228+00:00,3,2026-09-10T06:25:01.190296+00:00,false,microservices,mysql,78260fe92dc139315e95368911f397987598af1813ddfb66a41e27d7fb4f82c9,tcc-microservices-experiment-mysql-1,5.01,537290342,1073741824,50.04,40,10.4MB / 26.6MB,50.2MB / 120MB
1,2026-09-10T06:25:01.560228+00:00,3,2026-09-10T06:25:01.190296+00:00,false,microservices,order,ee5c0c148baa6b5b70db57587baa19173dfe1f199ef1d466234b4f0c10307749,tcc-microservices-experiment-order-1,0.03,78748058,1073741824,7.33,3,30.6MB / 27.3MB,3.64MB / 77.8kB
1,2026-09-10T06:25:01.560228+00:00,3,2026-09-10T06:25:01.190296+00:00,false,microservices,product,b86c8d938d3d05d64da30c1fdc02d48fdcc002d42cc550f857862d41c1456546,tcc-microservices-experiment-product-1,0.02,79796634,1073741824,7.43,3,417kB / 282kB,4.72MB / 81.9kB
2,2026-09-10T06:25:02.560229+00:00,5,2026-09-10T06:25:02.189492+00:00,false,microservices,auth,850bc5b79e2dc6ea0a93cb54e64e8083cfa356effe9fdd08c6e27f5304735829,tcc-microservices-experiment-auth-1,0.02,82239816,1073741824,7.66,3,45.4kB / 40.3kB,7.15MB / 65.5kB
2,2026-09-10T06:25:02.560229+00:00,5,2026-09-10T06:25:02.189492+00:00,false,microservices,gateway,04205f28bb8c1f9b8eb02c123c954deaa86cb685677995ef5f7f35763c4eba3b,tcc-microservices-experiment-gateway-1,0.18,462526874,536870912,86.15,75,19.8MB / 21.9MB,22.3MB / 184kB
2,2026-09-10T06:25:02.560229+00:00,5,2026-09-10T06:25:02.189492+00:00,false,microservices,mysql,78260fe92dc139315e95368911f397987598af1813ddfb66a41e27d7fb4f82c9,tcc-microservices-experiment-mysql-1,0.68,537185485,1073741824,50.03,40,10.4MB / 26.6MB,50.2MB / 120MB
2,2026-09-10T06:25:02.560229+00:00,5,2026-09-10T06:25:02.189492+00:00,false,microservices,order,ee5c0c148baa6b5b70db57587baa19173dfe1f199ef1d466234b4f0c10307749,tcc-microservices-experiment-order-1,0.02,78706115,1073741824,7.33,3,30.6MB / 27.3MB,3.64MB / 77.8kB
2,2026-09-10T06:25:02.560229+00:00,5,2026-09-10T06:25:02.189492+00:00,false,microservices,product,b86c8d938d3d05d64da30c1fdc02d48fdcc002d42cc550f857862d41c1456546,tcc-microservices-experiment-product-1,0.02,79796634,1073741824,7.43,3,417kB / 282kB,4.72MB / 81.9kB
3,2026-09-10T06:25:03.560220+00:00,7,2026-09-10T06:25:03.189284+00:00,false,microservices,auth,850bc5b79e2dc6ea0a93cb54e64e8083cfa356effe9fdd08c6e27f5304735829,tcc-microservices-experiment-auth-1,0.02,82239816,1073741824,7.66,3,45.4kB / 40.3kB,7.15MB / 65.5kB
3,2026-09-10T06:25:03.560220+00:00,7,2026-09-10T06:25:03.189284+00:00,false,microservices,gateway,04205f28bb8c1f9b8eb02c123c954deaa86cb685677995ef5f7f35763c4eba3b,tcc-microservices-experiment-gateway-1,30.05,465043456,536870912,86.62,77,19.8MB / 22MB,22.3MB / 184kB
3,2026-09-10T06:25:03.560220+00:00,7,2026-09-10T06:25:03.189284+00:00,false,microservices,mysql,78260fe92dc139315e95368911f397987598af1813ddfb66a41e27d7fb4f82c9,tcc-microservices-experiment-mysql-1,7.9,538234061,1073741824,50.13,40,10.4MB / 26.6MB,50.2MB / 120MB
3,2026-09-10T06:25:03.560220+00:00,7,2026-09-10T06:25:03.189284+00:00,false,microservices,order,ee5c0c148baa6b5b70db57587baa19173dfe1f199ef1d466234b4f0c10307749,tcc-microservices-experiment-order-1,10.49,79314289,1073741824,7.39,3,30.7MB / 27.4MB,3.64MB / 77.8kB
3,2026-09-10T06:25:03.560220+00:00,7,2026-09-10T06:25:03.189284+00:00,false,microservices,product,b86c8d938d3d05d64da30c1fdc02d48fdcc002d42cc550f857862d41c1456546,tcc-microservices-experiment-product-1,0.03,79796634,1073741824,7.43,3,417kB / 282kB,4.72MB / 81.9kB
4,2026-09-10T06:25:04.560413+00:00,9,2026-09-10T06:25:04.189674+00:00,false,microservices,auth,850bc5b79e2dc6ea0a93cb54e64e8083cfa356effe9fdd08c6e27f5304735829,tcc-microservices-experiment-auth-1,0.02,82239816,1073741824,7.66,3,45.4kB / 40.3kB,7.15MB / 65.5kB
4,2026-09-10T06:25:04.560413+00:00,9,2026-09-10T06:25:04.189674+00:00,false,microservices,gateway,04205f28bb8c1f9b8eb02c123c954deaa86cb685677995ef5f7f35763c4eba3b,tcc-microservices-experiment-gateway-1,88.15,466301747,536870912,86.85,77,20.3MB / 22.5MB,22.3MB / 184kB
4,2026-09-10T06:25:04.560413+00:00,9,2026-09-10T06:25:04.189674+00:00,false,microservices,mysql,78260fe92dc139315e95368911f397987598af1813ddfb66a41e27d7fb4f82c9,tcc-microservices-experiment-mysql-1,14.54,537604915,1073741824,50.07,40,10.5MB / 27.1MB,50.2MB / 120MB
4,2026-09-10T06:25:04.560413+00:00,9,2026-09-10T06:25:04.189674+00:00,false,microservices,order,ee5c0c148baa6b5b70db57587baa19173dfe1f199ef1d466234b4f0c10307749,tcc-microservices-experiment-order-1,54.51,80069263,1073741824,7.46,3,31.2MB / 27.9MB,3.64MB / 77.8kB
4,2026-09-10T06:25:04.560413+00:00,9,2026-09-10T06:25:04.189674+00:00,false,microservices,product,b86c8d938d3d05d64da30c1fdc02d48fdcc002d42cc550f857862d41c1456546,tcc-microservices-experiment-product-1,0.02,79796634,1073741824,7.43,3,417kB / 282kB,4.72MB / 81.9kB
5,2026-09-10T06:25:05.560234+00:00,11,2026-09-10T06:25:05.189306+00:00,false,microservices,auth,850bc5b79e2dc6ea0a93cb54e64e8083cfa356effe9fdd08c6e27f5304735829,tcc-microservices-experiment-auth-1,0.02,82239816,1073741824,7.66,3,45.4kB / 40.3kB,7.15MB / 65.5kB
5,2026-09-10T06:25:05.560234+00:00,11,2026-09-10T06:25:05.189306+00:00,false,microservices,gateway,04205f28bb8c1f9b8eb02c123c954deaa86cb685677995ef5f7f35763c4eba3b,tcc-microservices-experiment-gateway-1,77.65,466616320,536870912,86.91,77,21MB / 23.2MB,22.3MB / 184kB
5,2026-09-10T06:25:05.560234+00:00,11,2026-09-10T06:25:05.189306+00:00,false,microservices,mysql,78260fe92dc139315e95368911f397987598af1813ddfb66a41e27d7fb4f82c9,tcc-microservices-experiment-mysql-1,29.08,538443776,1073741824,50.15,40,10.7MB / 27.8MB,50.2MB / 120MB
5,2026-09-10T06:25:05.560234+00:00,11,2026-09-10T06:25:05.189306+00:00,false,microservices,order,ee5c0c148baa6b5b70db57587baa19173dfe1f199ef1d466234b4f0c10307749,tcc-microservices-experiment-order-1,82.36,80467722,1073741824,7.49,3,32.1MB / 28.7MB,3.64MB / 77.8kB
5,2026-09-10T06:25:05.560234+00:00,11,2026-09-10T06:25:05.189306+00:00,false,microservices,product,b86c8d938d3d05d64da30c1fdc02d48fdcc002d42cc550f857862d41c1456546,tcc-microservices-experiment-product-1,0.02,79796634,1073741824,7.43,3,417kB / 282kB,4.72MB / 81.9kB
6,2026-09-10T06:25:06.560237+00:00,13,2026-09-10T06:25:06.189482+00:00,false,microservices,auth,850bc5b79e2dc6ea0a93cb54e64e8083cfa356effe9fdd08c6e27f5304735829,tcc-microservices-experiment-auth-1,0.02,82239816,1073741824,7.66,3,45.4kB / 40.3kB,7.15MB / 65.5kB
6,2026-09-10T06:25:06.560237+00:00,13,2026-09-10T06:25:06.189482+00:00,false,microservices,gateway,04205f28bb8c1f9b8eb02c123c954deaa86cb685677995ef5f7f35763c4eba3b,tcc-microservices-experiment-gateway-1,43.34,466616320,536870912,86.91,77,21.7MB / 24MB,22.3MB / 197kB
6,2026-09-10T06:25:06.560237+00:00,13,2026-09-10T06:25:06.189482+00:00,false,microservices,mysql,78260fe92dc139315e95368911f397987598af1813ddfb66a41e27d7fb4f82c9,tcc-microservices-experiment-mysql-1,24.36,537500058,1073741824,50.05,40,10.9MB / 28.6MB,50.2MB / 120MB
6,2026-09-10T06:25:06.560237+00:00,13,2026-09-10T06:25:06.189482+00:00,false,microservices,order,ee5c0c148baa6b5b70db57587baa19173dfe1f199ef1d466234b4f0c10307749,tcc-microservices-experiment-order-1,80.97,79471575,1073741824,7.4,3,33MB / 29.6MB,3.64MB / 77.8kB
6,2026-09-10T06:25:06.560237+00:00,13,2026-09-10T06:25:06.189482+00:00,false,microservices,product,b86c8d938d3d05d64da30c1fdc02d48fdcc002d42cc550f857862d41c1456546,tcc-microservices-experiment-product-1,0.02,79796634,1073741824,7.43,3,417kB / 282kB,4.72MB / 81.9kB
7,2026-09-10T06:25:07.560232+00:00,15,2026-09-10T06:25:07.189250+00:00,false,microservices,auth,850bc5b79e2dc6ea0a93cb54e64e8083cfa356effe9fdd08c6e27f5304735829,tcc-microservices-experiment-auth-1,0.02,82239816,1073741824,7.66,3,45.4kB / 40.3kB,7.15MB / 65.5kB
7,2026-09-10T06:25:07.560232+00:00,15,2026-09-10T06:25:07.189250+00:00,false,microservices,gateway,04205f28bb8c1f9b8eb02c123c954deaa86cb685677995ef5f7f35763c4eba3b,tcc-microservices-experiment-gateway-1,45.04,466196890,536870912,86.84,77,22.4MB / 24.8MB,22.3MB / 197kB
7,2026-09-10T06:25:07.560232+00:00,15,2026-09-10T06:25:07.189250+00:00,false,microservices,mysql,78260fe92dc139315e95368911f397987598af1813ddfb66a41e27d7fb4f82c9,tcc-microservices-experiment-mysql-1,28.13,537709773,1073741824,50.08,40,11.2MB / 29.3MB,50.2MB / 120MB
7,2026-09-10T06:25:07.560232+00:00,15,2026-09-10T06:25:07.189250+00:00,false,microservices,order,ee5c0c148baa6b5b70db57587baa19173dfe1f199ef1d466234b4f0c10307749,tcc-microservices-experiment-order-1,83.07,80163635,1073741824,7.47,3,33.9MB / 30.4MB,3.64MB / 77.8kB
7,2026-09-10T06:25:07.560232+00:00,15,2026-09-10T06:25:07.189250+00:00,false,microservices,product,b86c8d938d3d05d64da30c1fdc02d48fdcc002d42cc550f857862d41c1456546,tcc-microservices-experiment-product-1,0.02,79796634,1073741824,7.43,3,417kB / 282kB,4.72MB / 81.9kB
8,2026-09-10T06:25:08.560240+00:00,17,2026-09-10T06:25:08.189546+00:00,false,microservices,auth,850bc5b79e2dc6ea0a93cb54e64e8083cfa356effe9fdd08c6e27f5304735829,tcc-microservices-experiment-auth-1,0.02,82239816,1073741824,7.66,3,45.4kB / 40.3kB,7.15MB / 65.5kB
8,2026-09-10T06:25:08.560240+00:00,17,2026-09-10T06:25:08.189546+00:00,false,microservices,gateway,04205f28bb8c1f9b8eb02c123c954deaa86cb685677995ef5f7f35763c4eba3b,tcc-microservices-experiment-gateway-1,86.66,467035750,536870912,87.0,77,23.1MB / 25.6MB,22.3MB / 197kB
8,2026-09-10T06:25:08.560240+00:00,17,2026-09-10T06:25:08.189546+00:00,false,microservices,mysql,78260fe92dc139315e95368911f397987598af1813ddfb66a41e27d7fb4f82c9,tcc-microservices-experiment-mysql-1,22.81,537709773,1073741824,50.08,40,11.4MB / 30.1MB,50.2MB / 120MB
8,2026-09-10T06:25:08.560240+00:00,17,2026-09-10T06:25:08.189546+00:00,false,microservices,order,ee5c0c148baa6b5b70db57587baa19173dfe1f199ef1d466234b4f0c10307749,tcc-microservices-experiment-order-1,83.42,80457236,1073741824,7.49,3,34.8MB / 31.2MB,3.64MB / 77.8kB
8,2026-09-10T06:25:08.560240+00:00,17,2026-09-10T06:25:08.189546+00:00,false,microservices,product,b86c8d938d3d05d64da30c1fdc02d48fdcc002d42cc550f857862d41c1456546,tcc-microservices-experiment-product-1,0.02,79796634,1073741824,7.43,3,417kB / 282kB,4.72MB / 81.9kB
9,2026-09-10T06:25:09.560232+00:00,19,2026-09-10T06:25:09.190199+00:00,false,microservices,auth,850bc5b79e2dc6ea0a93cb54e64e8083cfa356effe9fdd08c6e27f5304735829,tcc-microservices-experiment-auth-1,0.02,82239816,1073741824,7.66,3,45.4kB / 40.3kB,7.15MB / 65.5kB
9,2026-09-10T06:25:09.560232+00:00,19,2026-09-10T06:25:09.190199+00:00,false,microservices,gateway,04205f28bb8c1f9b8eb02c123c954deaa86cb685677995ef5f7f35763c4eba3b,tcc-microservices-experiment-gateway-1,103.36,472593203,536870912,88.02,77,23.8MB / 26.4MB,22.3MB / 197kB
9,2026-09-10T06:25:09.560232+00:00,19,2026-09-10T06:25:09.190199+00:00,false,microservices,mysql,78260fe92dc139315e95368911f397987598af1813ddfb66a41e27d7fb4f82c9,tcc-microservices-experiment-mysql-1,26.95,538129203,1073741824,50.11,40,11.6MB / 30.8MB,50.2MB / 120MB
9,2026-09-10T06:25:09.560232+00:00,19,2026-09-10T06:25:09.190199+00:00,false,microservices,order,ee5c0c148baa6b5b70db57587baa19173dfe1f199ef1d466234b4f0c10307749,tcc-microservices-experiment-order-1,84.22,79953920,1073741824,7.45,3,35.7MB / 32MB,3.64MB / 77.8kB
9,2026-09-10T06:25:09.560232+00:00,19,2026-09-10T06:25:09.190199+00:00,false,microservices,product,b86c8d938d3d05d64da30c1fdc02d48fdcc002d42cc550f857862d41c1456546,tcc-microservices-experiment-product-1,0.02,79796634,1073741824,7.43,3,417kB / 282kB,4.72MB / 81.9kB
10,2026-09-10T06:25:10.560237+00:00,21,2026-09-10T06:25:10.189233+00:00,false,microservices,auth,850bc5b79e2dc6ea0a93cb54e64e8083cfa356effe9fdd08c6e27f5304735829,tcc-microservices-experiment-auth-1,0.02,82239816,1073741824,7.66,3,45.4kB / 40.3kB,7.15MB / 65.5kB
10,2026-09-10T06:25:10.560237+00:00,21,2026-09-10T06:25:10.189233+00:00,false,microservices,gateway,04205f28bb8c1f9b8eb02c123c954deaa86cb685677995ef5f7f35763c4eba3b,tcc-microservices-experiment-gateway-1,60.35,471859200,536870912,87.9,77,24.5MB / 27.2MB,22.3MB / 197kB
10,2026-09-10T06:25:10.560237+00:00,21,2026-09-10T06:25:10.189233+00:00,false,microservices,mysql,78260fe92dc139315e95368911f397987598af1813ddfb66a41e27d7fb4f82c9,tcc-microservices-experiment-mysql-1,23.15,538129203,1073741824,50.12,40,11.8MB / 31.6MB,50.2MB / 120MB
10,2026-09-10T06:25:10.560237+00:00,21,2026-09-10T06:25:10.189233+00:00,false,microservices,order,ee5c0c148baa6b5b70db57587baa19173dfe1f199ef1d466234b4f0c10307749,tcc-microservices-experiment-order-1,83.74,80278979,1073741824,7.48,3,36.6MB / 32.9MB,3.64MB / 77.8kB
10,2026-09-10T06:25:10.560237+00:00,21,2026-09-10T06:25:10.189233+00:00,false,microservices,product,b86c8d938d3d05d64da30c1fdc02d48fdcc002d42cc550f857862d41c1456546,tcc-microservices-experiment-product-1,0.02,79796634,1073741824,7.43,3,417kB / 282kB,4.72MB / 81.9kB
11,2026-09-10T06:25:11.560235+00:00,23,2026-09-10T06:25:11.189433+00:00,false,microservices,auth,850bc5b79e2dc6ea0a93cb54e64e8083cfa356effe9fdd08c6e27f5304735829,tcc-microservices-experiment-auth-1,0.02,82239816,1073741824,7.66,3,45.4kB / 40.3kB,7.15MB / 65.5kB
11,2026-09-10T06:25:11.560235+00:00,23,2026-09-10T06:25:11.189433+00:00,false,microservices,gateway,04205f28bb8c1f9b8eb02c123c954deaa86cb685677995ef5f7f35763c4eba3b,tcc-microservices-experiment-gateway-1,44.53,472068915,536870912,87.92,77,25.2MB / 27.9MB,22.3MB / 197kB
11,2026-09-10T06:25:11.560235+00:00,23,2026-09-10T06:25:11.189433+00:00,false,microservices,mysql,78260fe92dc139315e95368911f397987598af1813ddfb66a41e27d7fb4f82c9,tcc-microservices-experiment-mysql-1,24.5,543162368,1073741824,50.58,46,12MB / 32.3MB,50.2MB / 120MB
11,2026-09-10T06:25:11.560235+00:00,23,2026-09-10T06:25:11.189433+00:00,false,microservices,order,ee5c0c148baa6b5b70db57587baa19173dfe1f199ef1d466234b4f0c10307749,tcc-microservices-experiment-order-1,83.82,80499180,1073741824,7.5,3,37.5MB / 33.7MB,3.64MB / 77.8kB
11,2026-09-10T06:25:11.560235+00:00,23,2026-09-10T06:25:11.189433+00:00,false,microservices,product,b86c8d938d3d05d64da30c1fdc02d48fdcc002d42cc550f857862d41c1456546,tcc-microservices-experiment-product-1,0.02,79796634,1073741824,7.43,3,417kB / 282kB,4.72MB / 81.9kB
12,2026-09-10T06:25:12.560223+00:00,25,2026-09-10T06:25:12.189463+00:00,false,microservices,auth,850bc5b79e2dc6ea0a93cb54e64e8083cfa356effe9fdd08c6e27f5304735829,tcc-microservices-experiment-auth-1,0.02,82239816,1073741824,7.66,3,45.4kB / 40.3kB,7.15MB / 65.5kB
12,2026-09-10T06:25:12.560223+00:00,25,2026-09-10T06:25:12.189463+00:00,false,microservices,gateway,04205f28bb8c1f9b8eb02c123c954deaa86cb685677995ef5f7f35763c4eba3b,tcc-microservices-experiment-gateway-1,37.02,471964058,536870912,87.9,77,25.9MB / 28.7MB,22.3MB / 197kB
12,2026-09-10T06:25:12.560223+00:00,25,2026-09-10T06:25:12.189463+00:00,false,microservices,mysql,78260fe92dc139315e95368911f397987598af1813ddfb66a41e27d7fb4f82c9,tcc-microservices-experiment-mysql-1,26.82,537814630,1073741824,50.09,40,12.2MB / 33MB,50.2MB / 120MB
12,2026-09-10T06:25:12.560223+00:00,25,2026-09-10T06:25:12.189463+00:00,false,microservices,order,ee5c0c148baa6b5b70db57587baa19173dfe1f199ef1d466234b4f0c10307749,tcc-microservices-experiment-order-1,83.36,80509665,1073741824,7.5,3,38.4MB / 34.5MB,3.64MB / 77.8kB
12,2026-09-10T06:25:12.560223+00:00,25,2026-09-10T06:25:12.189463+00:00,false,microservices,product,b86c8d938d3d05d64da30c1fdc02d48fdcc002d42cc550f857862d41c1456546,tcc-microservices-experiment-product-1,0.02,79796634,1073741824,7.43,3,417kB / 282kB,4.72MB / 81.9kB
13,2026-09-10T06:25:13.560240+00:00,27,2026-09-10T06:25:13.189097+00:00,false,microservices,auth,850bc5b79e2dc6ea0a93cb54e64e8083cfa356effe9fdd08c6e27f5304735829,tcc-microservices-experiment-auth-1,0.02,82239816,1073741824,7.66,3,45.4kB / 40.3kB,7.15MB / 65.5kB
13,2026-09-10T06:25:13.560240+00:00,27,2026-09-10T06:25:13.189097+00:00,false,microservices,gateway,04205f28bb8c1f9b8eb02c123c954deaa86cb685677995ef5f7f35763c4eba3b,tcc-microservices-experiment-gateway-1,67.72,472698061,536870912,88.04,77,26.6MB / 29.5MB,22.3MB / 197kB
13,2026-09-10T06:25:13.560240+00:00,27,2026-09-10T06:25:13.189097+00:00,false,microservices,mysql,78260fe92dc139315e95368911f397987598af1813ddfb66a41e27d7fb4f82c9,tcc-microservices-experiment-mysql-1,24.06,537814630,1073741824,50.08,40,12.4MB / 33.8MB,50.2MB / 120MB
13,2026-09-10T06:25:13.560240+00:00,27,2026-09-10T06:25:13.189097+00:00,false,microservices,order,ee5c0c148baa6b5b70db57587baa19173dfe1f199ef1d466234b4f0c10307749,tcc-microservices-experiment-order-1,82.76,80121692,1073741824,7.46,3,39.3MB / 35.4MB,3.64MB / 77.8kB
13,2026-09-10T06:25:13.560240+00:00,27,2026-09-10T06:25:13.189097+00:00,false,microservices,product,b86c8d938d3d05d64da30c1fdc02d48fdcc002d42cc550f857862d41c1456546,tcc-microservices-experiment-product-1,0.02,79796634,1073741824,7.43,3,417kB / 282kB,4.72MB / 81.9kB
14,2026-09-10T06:25:14.560218+00:00,29,2026-09-10T06:25:14.189314+00:00,false,microservices,auth,850bc5b79e2dc6ea0a93cb54e64e8083cfa356effe9fdd08c6e27f5304735829,tcc-microservices-experiment-auth-1,0.02,82239816,1073741824,7.66,3,45.4kB / 40.3kB,7.15MB / 65.5kB
14,2026-09-10T06:25:14.560218+00:00,29,2026-09-10T06:25:14.189314+00:00,false,microservices,gateway,04205f28bb8c1f9b8eb02c123c954deaa86cb685677995ef5f7f35763c4eba3b,tcc-microservices-experiment-gateway-1,41.12,471964058,536870912,87.91,77,27.3MB / 30.3MB,22.3MB / 197kB
14,2026-09-10T06:25:14.560218+00:00,29,2026-09-10T06:25:14.189314+00:00,false,microservices,mysql,78260fe92dc139315e95368911f397987598af1813ddfb66a41e27d7fb4f82c9,tcc-microservices-experiment-mysql-1,28.27,537604915,1073741824,50.07,40,12.6MB / 34.5MB,50.2MB / 120MB
14,2026-09-10T06:25:14.560218+00:00,29,2026-09-10T06:25:14.189314+00:00,false,microservices,order,ee5c0c148baa6b5b70db57587baa19173dfe1f199ef1d466234b4f0c10307749,tcc-microservices-experiment-order-1,83.42,80415293,1073741824,7.49,3,40.2MB / 36.2MB,3.64MB / 77.8kB
14,2026-09-10T06:25:14.560218+00:00,29,2026-09-10T06:25:14.189314+00:00,false,microservices,product,b86c8d938d3d05d64da30c1fdc02d48fdcc002d42cc550f857862d41c1456546,tcc-microservices-experiment-product-1,0.02,79796634,1073741824,7.43,3,417kB / 282kB,4.72MB / 81.9kB
15,2026-09-10T06:25:15.560239+00:00,31,2026-09-10T06:25:15.188794+00:00,false,microservices,auth,850bc5b79e2dc6ea0a93cb54e64e8083cfa356effe9fdd08c6e27f5304735829,tcc-microservices-experiment-auth-1,0.02,82239816,1073741824,7.66,3,45.4kB / 40.3kB,7.15MB / 65.5kB
15,2026-09-10T06:25:15.560239+00:00,31,2026-09-10T06:25:15.188794+00:00,false,microservices,gateway,04205f28bb8c1f9b8eb02c123c954deaa86cb685677995ef5f7f35763c4eba3b,tcc-microservices-experiment-gateway-1,47.73,472907776,536870912,88.08,77,28MB / 31.1MB,22.3MB / 197kB
15,2026-09-10T06:25:15.560239+00:00,31,2026-09-10T06:25:15.188794+00:00,false,microservices,mysql,78260fe92dc139315e95368911f397987598af1813ddfb66a41e27d7fb4f82c9,tcc-microservices-experiment-mysql-1,23.08,537709773,1073741824,50.08,40,12.8MB / 35.3MB,50.2MB / 120MB
15,2026-09-10T06:25:15.560239+00:00,31,2026-09-10T06:25:15.188794+00:00,false,microservices,order,ee5c0c148baa6b5b70db57587baa19173dfe1f199ef1d466234b4f0c10307749,tcc-microservices-experiment-order-1,84.22,80645980,1073741824,7.51,3,41.1MB / 37MB,3.64MB / 77.8kB
15,2026-09-10T06:25:15.560239+00:00,31,2026-09-10T06:25:15.188794+00:00,false,microservices,product,b86c8d938d3d05d64da30c1fdc02d48fdcc002d42cc550f857862d41c1456546,tcc-microservices-experiment-product-1,0.02,79796634,1073741824,7.43,3,417kB / 282kB,4.72MB / 81.9kB
16,2026-09-10T06:25:16.560241+00:00,33,2026-09-10T06:25:16.189392+00:00,false,microservices,auth,850bc5b79e2dc6ea0a93cb54e64e8083cfa356effe9fdd08c6e27f5304735829,tcc-microservices-experiment-auth-1,0.02,82239816,1073741824,7.66,3,45.4kB / 40.3kB,7.15MB / 65.5kB
16,2026-09-10T06:25:16.560241+00:00,33,2026-09-10T06:25:16.189392+00:00,false,microservices,gateway,04205f28bb8c1f9b8eb02c123c954deaa86cb685677995ef5f7f35763c4eba3b,tcc-microservices-experiment-gateway-1,37.15,472907776,536870912,88.08,77,28.7MB / 31.9MB,22.3MB / 197kB
16,2026-09-10T06:25:16.560241+00:00,33,2026-09-10T06:25:16.189392+00:00,false,microservices,mysql,78260fe92dc139315e95368911f397987598af1813ddfb66a41e27d7fb4f82c9,tcc-microservices-experiment-mysql-1,27.92,537814630,1073741824,50.09,40,13.1MB / 36MB,50.2MB / 120MB
16,2026-09-10T06:25:16.560241+00:00,33,2026-09-10T06:25:16.189392+00:00,false,microservices,order,ee5c0c148baa6b5b70db57587baa19173dfe1f199ef1d466234b4f0c10307749,tcc-microservices-experiment-order-1,82.77,80635494,1073741824,7.51,3,42.1MB / 37.9MB,3.64MB / 77.8kB
16,2026-09-10T06:25:16.560241+00:00,33,2026-09-10T06:25:16.189392+00:00,false,microservices,product,b86c8d938d3d05d64da30c1fdc02d48fdcc002d42cc550f857862d41c1456546,tcc-microservices-experiment-product-1,0.02,79796634,1073741824,7.43,3,417kB / 282kB,4.72MB / 81.9kB
17,2026-09-10T06:25:17.560252+00:00,35,2026-09-10T06:25:17.188267+00:00,false,microservices,auth,850bc5b79e2dc6ea0a93cb54e64e8083cfa356effe9fdd08c6e27f5304735829,tcc-microservices-experiment-auth-1,0.02,82239816,1073741824,7.66,3,45.4kB / 40.3kB,7.15MB / 65.5kB
17,2026-09-10T06:25:17.560252+00:00,35,2026-09-10T06:25:17.188267+00:00,false,microservices,gateway,04205f28bb8c1f9b8eb02c123c954deaa86cb685677995ef5f7f35763c4eba3b,tcc-microservices-experiment-gateway-1,43.05,472907776,536870912,88.09,77,29.5MB / 32.7MB,22.3MB / 197kB
17,2026-09-10T06:25:17.560252+00:00,35,2026-09-10T06:25:17.188267+00:00,false,microservices,mysql,78260fe92dc139315e95368911f397987598af1813ddfb66a41e27d7fb4f82c9,tcc-microservices-experiment-mysql-1,23.6,537604915,1073741824,50.06,40,13.3MB / 36.8MB,50.2MB / 120MB
17,2026-09-10T06:25:17.560252+00:00,35,2026-09-10T06:25:17.188267+00:00,false,microservices,order,ee5c0c148baa6b5b70db57587baa19173dfe1f199ef1d466234b4f0c10307749,tcc-microservices-experiment-order-1,82.72,80929096,1073741824,7.54,3,43MB / 38.7MB,3.64MB / 77.8kB
17,2026-09-10T06:25:17.560252+00:00,35,2026-09-10T06:25:17.188267+00:00,false,microservices,product,b86c8d938d3d05d64da30c1fdc02d48fdcc002d42cc550f857862d41c1456546,tcc-microservices-experiment-product-1,0.02,79796634,1073741824,7.43,3,417kB / 282kB,4.72MB / 81.9kB
18,2026-09-10T06:25:18.560214+00:00,37,2026-09-10T06:25:18.188345+00:00,false,microservices,auth,850bc5b79e2dc6ea0a93cb54e64e8083cfa356effe9fdd08c6e27f5304735829,tcc-microservices-experiment-auth-1,0.02,82239816,1073741824,7.66,3,45.4kB / 40.3kB,7.15MB / 65.5kB
18,2026-09-10T06:25:18.560214+00:00,37,2026-09-10T06:25:18.188345+00:00,false,microservices,gateway,04205f28bb8c1f9b8eb02c123c954deaa86cb685677995ef5f7f35763c4eba3b,tcc-microservices-experiment-gateway-1,52.48,473222349,536870912,88.14,77,30.2MB / 33.4MB,22.3MB / 197kB
18,2026-09-10T06:25:18.560214+00:00,37,2026-09-10T06:25:18.188345+00:00,false,microservices,mysql,78260fe92dc139315e95368911f397987598af1813ddfb66a41e27d7fb4f82c9,tcc-microservices-experiment-mysql-1,27.58,537500058,1073741824,50.05,40,13.5MB / 37.5MB,50.2MB / 120MB
18,2026-09-10T06:25:18.560214+00:00,37,2026-09-10T06:25:18.188345+00:00,false,microservices,order,ee5c0c148baa6b5b70db57587baa19173dfe1f199ef1d466234b4f0c10307749,tcc-microservices-experiment-order-1,83.88,80415293,1073741824,7.49,3,43.9MB / 39.5MB,3.64MB / 77.8kB
18,2026-09-10T06:25:18.560214+00:00,37,2026-09-10T06:25:18.188345+00:00,false,microservices,product,b86c8d938d3d05d64da30c1fdc02d48fdcc002d42cc550f857862d41c1456546,tcc-microservices-experiment-product-1,0.02,79796634,1073741824,7.43,3,417kB / 282kB,4.72MB / 81.9kB
19,2026-09-10T06:25:19.560250+00:00,39,2026-09-10T06:25:19.188534+00:00,false,microservices,auth,850bc5b79e2dc6ea0a93cb54e64e8083cfa356effe9fdd08c6e27f5304735829,tcc-microservices-experiment-auth-1,0.02,82239816,1073741824,7.66,3,45.4kB / 40.3kB,7.15MB / 65.5kB
19,2026-09-10T06:25:19.560250+00:00,39,2026-09-10T06:25:19.188534+00:00,false,microservices,gateway,04205f28bb8c1f9b8eb02c123c954deaa86cb685677995ef5f7f35763c4eba3b,tcc-microservices-experiment-gateway-1,81.33,475109786,536870912,88.5,77,30.8MB / 34.2MB,22.3MB / 197kB
19,2026-09-10T06:25:19.560250+00:00,39,2026-09-10T06:25:19.188534+00:00,false,microservices,mysql,78260fe92dc139315e95368911f397987598af1813ddfb66a41e27d7fb4f82c9,tcc-microservices-experiment-mysql-1,23.82,536870912,1073741824,50.0,40,13.7MB / 38.2MB,50.2MB / 120MB
19,2026-09-10T06:25:19.560250+00:00,39,2026-09-10T06:25:19.188534+00:00,false,microservices,order,ee5c0c148baa6b5b70db57587baa19173dfe1f199ef1d466234b4f0c10307749,tcc-microservices-experiment-order-1,83.16,80656466,1073741824,7.51,3,44.7MB / 40.3MB,3.64MB / 77.8kB
19,2026-09-10T06:25:19.560250+00:00,39,2026-09-10T06:25:19.188534+00:00,false,microservices,product,b86c8d938d3d05d64da30c1fdc02d48fdcc002d42cc550f857862d41c1456546,tcc-microservices-experiment-product-1,0.02,79796634,1073741824,7.43,3,417kB / 282kB,4.72MB / 81.9kB
20,2026-09-10T06:25:20.560247+00:00,41,2026-09-10T06:25:20.189374+00:00,false,microservices,auth,850bc5b79e2dc6ea0a93cb54e64e8083cfa356effe9fdd08c6e27f5304735829,tcc-microservices-experiment-auth-1,0.02,82239816,1073741824,7.66,3,45.4kB / 40.3kB,7.15MB / 65.5kB
20,2026-09-10T06:25:20.560247+00:00,41,2026-09-10T06:25:20.189374+00:00,false,microservices,gateway,04205f28bb8c1f9b8eb02c123c954deaa86cb685677995ef5f7f35763c4eba3b,tcc-microservices-experiment-gateway-1,38.01,475424358,536870912,88.55,77,31.5MB / 34.9MB,22.3MB / 197kB
20,2026-09-10T06:25:20.560247+00:00,41,2026-09-10T06:25:20.189374+00:00,false,microservices,mysql,78260fe92dc139315e95368911f397987598af1813ddfb66a41e27d7fb4f82c9,tcc-microservices-experiment-mysql-1,28.92,537814630,1073741824,50.09,40,13.9MB / 39MB,50.2MB / 120MB
20,2026-09-10T06:25:20.560247+00:00,41,2026-09-10T06:25:20.189374+00:00,false,microservices,order,ee5c0c148baa6b5b70db57587baa19173dfe1f199ef1d466234b4f0c10307749,tcc-microservices-experiment-order-1,81.84,80572580,1073741824,7.5,3,45.6MB / 41.1MB,3.64MB / 77.8kB
20,2026-09-10T06:25:20.560247+00:00,41,2026-09-10T06:25:20.189374+00:00,false,microservices,product,b86c8d938d3d05d64da30c1fdc02d48fdcc002d42cc550f857862d41c1456546,tcc-microservices-experiment-product-1,0.02,79796634,1073741824,7.43,3,417kB / 282kB,4.72MB / 81.9kB
21,2026-09-10T06:25:21.560224+00:00,43,2026-09-10T06:25:21.188456+00:00,false,microservices,auth,850bc5b79e2dc6ea0a93cb54e64e8083cfa356effe9fdd08c6e27f5304735829,tcc-microservices-experiment-auth-1,0.02,82239816,1073741824,7.66,3,45.4kB / 40.3kB,7.15MB / 65.5kB
21,2026-09-10T06:25:21.560224+00:00,43,2026-09-10T06:25:21.188456+00:00,false,microservices,gateway,04205f28bb8c1f9b8eb02c123c954deaa86cb685677995ef5f7f35763c4eba3b,tcc-microservices-experiment-gateway-1,53.41,474480640,536870912,88.39,77,32.2MB / 35.7MB,22.3MB / 209kB
21,2026-09-10T06:25:21.560224+00:00,43,2026-09-10T06:25:21.188456+00:00,false,microservices,mysql,78260fe92dc139315e95368911f397987598af1813ddfb66a41e27d7fb4f82c9,tcc-microservices-experiment-mysql-1,24.38,537709773,1073741824,50.08,40,14.1MB / 39.7MB,50.2MB / 120MB
21,2026-09-10T06:25:21.560224+00:00,43,2026-09-10T06:25:21.188456+00:00,false,microservices,order,ee5c0c148baa6b5b70db57587baa19173dfe1f199ef1d466234b4f0c10307749,tcc-microservices-experiment-order-1,82.31,80687923,1073741824,7.51,3,46.5MB / 42MB,3.64MB / 77.8kB
21,2026-09-10T06:25:21.560224+00:00,43,2026-09-10T06:25:21.188456+00:00,false,microservices,product,b86c8d938d3d05d64da30c1fdc02d48fdcc002d42cc550f857862d41c1456546,tcc-microservices-experiment-product-1,0.02,79796634,1073741824,7.43,3,417kB / 282kB,4.72MB / 81.9kB
22,2026-09-10T06:25:22.560243+00:00,45,2026-09-10T06:25:22.189368+00:00,false,microservices,auth,850bc5b79e2dc6ea0a93cb54e64e8083cfa356effe9fdd08c6e27f5304735829,tcc-microservices-experiment-auth-1,0.02,82239816,1073741824,7.66,3,45.4kB / 40.3kB,7.15MB / 65.5kB
22,2026-09-10T06:25:22.560243+00:00,45,2026-09-10T06:25:22.189368+00:00,false,microservices,gateway,04205f28bb8c1f9b8eb02c123c954deaa86cb685677995ef5f7f35763c4eba3b,tcc-microservices-experiment-gateway-1,54.02,475319501,536870912,88.53,77,32.9MB / 36.5MB,22.3MB / 209kB
22,2026-09-10T06:25:22.560243+00:00,45,2026-09-10T06:25:22.189368+00:00,false,microservices,mysql,78260fe92dc139315e95368911f397987598af1813ddfb66a41e27d7fb4f82c9,tcc-microservices-experiment-mysql-1,29.06,537604915,1073741824,50.07,40,14.3MB / 40.5MB,50.2MB / 120MB
22,2026-09-10T06:25:22.560243+00:00,45,2026-09-10T06:25:22.189368+00:00,false,microservices,order,ee5c0c148baa6b5b70db57587baa19173dfe1f199ef1d466234b4f0c10307749,tcc-microservices-experiment-order-1,81.88,80981524,1073741824,7.54,3,47.4MB / 42.8MB,3.64MB / 77.8kB
22,2026-09-10T06:25:22.560243+00:00,45,2026-09-10T06:25:22.189368+00:00,false,microservices,product,b86c8d938d3d05d64da30c1fdc02d48fdcc002d42cc550f857862d41c1456546,tcc-microservices-experiment-product-1,0.02,79796634,1073741824,7.43,3,417kB / 282kB,4.72MB / 81.9kB
23,2026-09-10T06:25:23.560219+00:00,47,2026-09-10T06:25:23.189241+00:00,false,microservices,auth,850bc5b79e2dc6ea0a93cb54e64e8083cfa356effe9fdd08c6e27f5304735829,tcc-microservices-experiment-auth-1,0.02,79188460,1073741824,7.38,3,45.4kB / 40.3kB,7.15MB / 65.5kB
23,2026-09-10T06:25:23.560219+00:00,47,2026-09-10T06:25:23.189241+00:00,false,microservices,gateway,04205f28bb8c1f9b8eb02c123c954deaa86cb685677995ef5f7f35763c4eba3b,tcc-microservices-experiment-gateway-1,72.35,475214643,536870912,88.51,77,33.6MB / 37.3MB,22.3MB / 209kB
23,2026-09-10T06:25:23.560219+00:00,47,2026-09-10T06:25:23.189241+00:00,false,microservices,mysql,78260fe92dc139315e95368911f397987598af1813ddfb66a41e27d7fb4f82c9,tcc-microservices-experiment-mysql-1,24.33,532781466,1073741824,49.62,40,14.5MB / 41.2MB,50.2MB / 120MB
23,2026-09-10T06:25:23.560219+00:00,47,2026-09-10T06:25:23.189241+00:00,false,microservices,order,ee5c0c148baa6b5b70db57587baa19173dfe1f199ef1d466234b4f0c10307749,tcc-microservices-experiment-order-1,82.85,81505812,1073741824,7.59,3,48.3MB / 43.6MB,3.64MB / 77.8kB
23,2026-09-10T06:25:23.560219+00:00,47,2026-09-10T06:25:23.189241+00:00,false,microservices,product,b86c8d938d3d05d64da30c1fdc02d48fdcc002d42cc550f857862d41c1456546,tcc-microservices-experiment-product-1,0.02,78601257,1073741824,7.32,3,417kB / 282kB,4.72MB / 81.9kB
24,2026-09-10T06:25:24.560224+00:00,49,2026-09-10T06:25:24.189451+00:00,false,microservices,auth,850bc5b79e2dc6ea0a93cb54e64e8083cfa356effe9fdd08c6e27f5304735829,tcc-microservices-experiment-auth-1,0.02,79188460,1073741824,7.38,3,45.4kB / 40.3kB,7.15MB / 65.5kB
24,2026-09-10T06:25:24.560224+00:00,49,2026-09-10T06:25:24.189451+00:00,false,microservices,gateway,04205f28bb8c1f9b8eb02c123c954deaa86cb685677995ef5f7f35763c4eba3b,tcc-microservices-experiment-gateway-1,56.33,476053504,536870912,88.67,77,34.4MB / 38.1MB,22.3MB / 209kB
24,2026-09-10T06:25:24.560224+00:00,49,2026-09-10T06:25:24.189451+00:00,false,microservices,mysql,78260fe92dc139315e95368911f397987598af1813ddfb66a41e27d7fb4f82c9,tcc-microservices-experiment-mysql-1,29.02,534564045,1073741824,49.79,40,14.7MB / 41.9MB,51.9MB / 120MB
24,2026-09-10T06:25:24.560224+00:00,49,2026-09-10T06:25:24.189451+00:00,false,microservices,order,ee5c0c148baa6b5b70db57587baa19173dfe1f199ef1d466234b4f0c10307749,tcc-microservices-experiment-order-1,81.9,81998643,1073741824,7.64,3,49.2MB / 44.4MB,3.64MB / 77.8kB
24,2026-09-10T06:25:24.560224+00:00,49,2026-09-10T06:25:24.189451+00:00,false,microservices,product,b86c8d938d3d05d64da30c1fdc02d48fdcc002d42cc550f857862d41c1456546,tcc-microservices-experiment-product-1,0.02,78601257,1073741824,7.32,3,417kB / 282kB,4.72MB / 81.9kB
25,2026-09-10T06:25:25.560238+00:00,51,2026-09-10T06:25:25.189197+00:00,false,microservices,auth,850bc5b79e2dc6ea0a93cb54e64e8083cfa356effe9fdd08c6e27f5304735829,tcc-microservices-experiment-auth-1,0.01,79188460,1073741824,7.38,3,45.4kB / 40.3kB,7.15MB / 65.5kB
25,2026-09-10T06:25:25.560238+00:00,51,2026-09-10T06:25:25.189197+00:00,false,microservices,gateway,04205f28bb8c1f9b8eb02c123c954deaa86cb685677995ef5f7f35763c4eba3b,tcc-microservices-experiment-gateway-1,42.51,475634074,536870912,88.6,77,35.1MB / 38.9MB,22.3MB / 209kB
25,2026-09-10T06:25:25.560238+00:00,51,2026-09-10T06:25:25.189197+00:00,false,microservices,mysql,78260fe92dc139315e95368911f397987598af1813ddfb66a41e27d7fb4f82c9,tcc-microservices-experiment-mysql-1,24.44,534668902,1073741824,49.79,40,15MB / 42.7MB,51.9MB / 120MB
25,2026-09-10T06:25:25.560238+00:00,51,2026-09-10T06:25:25.189197+00:00,false,microservices,order,ee5c0c148baa6b5b70db57587baa19173dfe1f199ef1d466234b4f0c10307749,tcc-microservices-experiment-order-1,81.88,81421926,1073741824,7.58,3,50.2MB / 45.3MB,3.64MB / 77.8kB
25,2026-09-10T06:25:25.560238+00:00,51,2026-09-10T06:25:25.189197+00:00,false,microservices,product,b86c8d938d3d05d64da30c1fdc02d48fdcc002d42cc550f857862d41c1456546,tcc-microservices-experiment-product-1,0.02,78601257,1073741824,7.32,3,417kB / 282kB,4.72MB / 81.9kB
26,2026-09-10T06:25:26.560221+00:00,53,2026-09-10T06:25:26.188544+00:00,false,microservices,auth,850bc5b79e2dc6ea0a93cb54e64e8083cfa356effe9fdd08c6e27f5304735829,tcc-microservices-experiment-auth-1,0.01,79188460,1073741824,7.38,3,45.4kB / 40.3kB,7.15MB / 65.5kB
26,2026-09-10T06:25:26.560221+00:00,53,2026-09-10T06:25:26.188544+00:00,false,microservices,gateway,04205f28bb8c1f9b8eb02c123c954deaa86cb685677995ef5f7f35763c4eba3b,tcc-microservices-experiment-gateway-1,34.1,475634074,536870912,88.6,77,35.8MB / 39.7MB,22.3MB / 209kB
26,2026-09-10T06:25:26.560221+00:00,53,2026-09-10T06:25:26.188544+00:00,false,microservices,mysql,78260fe92dc139315e95368911f397987598af1813ddfb66a41e27d7fb4f82c9,tcc-microservices-experiment-mysql-1,28.17,534983475,1073741824,49.82,40,15.2MB / 43.5MB,51.9MB / 120MB
26,2026-09-10T06:25:26.560221+00:00,53,2026-09-10T06:25:26.188544+00:00,false,microservices,order,ee5c0c148baa6b5b70db57587baa19173dfe1f199ef1d466234b4f0c10307749,tcc-microservices-experiment-order-1,83.01,82082529,1073741824,7.64,3,51.1MB / 46.1MB,3.64MB / 77.8kB
26,2026-09-10T06:25:26.560221+00:00,53,2026-09-10T06:25:26.188544+00:00,false,microservices,product,b86c8d938d3d05d64da30c1fdc02d48fdcc002d42cc550f857862d41c1456546,tcc-microservices-experiment-product-1,0.02,78601257,1073741824,7.32,3,417kB / 282kB,4.72MB / 81.9kB
27,2026-09-10T06:25:27.560246+00:00,55,2026-09-10T06:25:27.188974+00:00,false,microservices,auth,850bc5b79e2dc6ea0a93cb54e64e8083cfa356effe9fdd08c6e27f5304735829,tcc-microservices-experiment-auth-1,0.02,79188460,1073741824,7.38,3,45.4kB / 40.3kB,7.15MB / 65.5kB
27,2026-09-10T06:25:27.560246+00:00,55,2026-09-10T06:25:27.188974+00:00,false,microservices,gateway,04205f28bb8c1f9b8eb02c123c954deaa86cb685677995ef5f7f35763c4eba3b,tcc-microservices-experiment-gateway-1,32.83,475738931,536870912,88.6,77,36.5MB / 40.5MB,22.3MB / 209kB
27,2026-09-10T06:25:27.560246+00:00,55,2026-09-10T06:25:27.188974+00:00,false,microservices,mysql,78260fe92dc139315e95368911f397987598af1813ddfb66a41e27d7fb4f82c9,tcc-microservices-experiment-mysql-1,24.63,534983475,1073741824,49.83,40,15.4MB / 44.2MB,51.9MB / 120MB
27,2026-09-10T06:25:27.560246+00:00,55,2026-09-10T06:25:27.188974+00:00,false,microservices,order,ee5c0c148baa6b5b70db57587baa19173dfe1f199ef1d466234b4f0c10307749,tcc-microservices-experiment-order-1,82.08,81421926,1073741824,7.58,3,52MB / 47MB,3.64MB / 77.8kB
27,2026-09-10T06:25:27.560246+00:00,55,2026-09-10T06:25:27.188974+00:00,false,microservices,product,b86c8d938d3d05d64da30c1fdc02d48fdcc002d42cc550f857862d41c1456546,tcc-microservices-experiment-product-1,0.02,78601257,1073741824,7.32,3,417kB / 282kB,4.72MB / 81.9kB
28,2026-09-10T06:25:28.560243+00:00,57,2026-09-10T06:25:28.188375+00:00,false,microservices,auth,850bc5b79e2dc6ea0a93cb54e64e8083cfa356effe9fdd08c6e27f5304735829,tcc-microservices-experiment-auth-1,0.02,79188460,1073741824,7.38,3,45.4kB / 40.3kB,7.15MB / 65.5kB
28,2026-09-10T06:25:28.560243+00:00,57,2026-09-10T06:25:28.188375+00:00,false,microservices,gateway,04205f28bb8c1f9b8eb02c123c954deaa86cb685677995ef5f7f35763c4eba3b,tcc-microservices-experiment-gateway-1,34.92,475214643,536870912,88.52,77,37.2MB / 41.3MB,22.3MB / 209kB
28,2026-09-10T06:25:28.560243+00:00,57,2026-09-10T06:25:28.188375+00:00,false,microservices,mysql,78260fe92dc139315e95368911f397987598af1813ddfb66a41e27d7fb4f82c9,tcc-microservices-experiment-mysql-1,28.27,534878618,1073741824,49.82,40,15.6MB / 44.9MB,51.9MB / 120MB
28,2026-09-10T06:25:28.560243+00:00,57,2026-09-10T06:25:28.188375+00:00,false,microservices,order,ee5c0c148baa6b5b70db57587baa19173dfe1f199ef1d466234b4f0c10307749,tcc-microservices-experiment-order-1,82.37,81946214,1073741824,7.63,3,52.9MB / 47.8MB,3.64MB / 77.8kB
28,2026-09-10T06:25:28.560243+00:00,57,2026-09-10T06:25:28.188375+00:00,false,microservices,product,b86c8d938d3d05d64da30c1fdc02d48fdcc002d42cc550f857862d41c1456546,tcc-microservices-experiment-product-1,0.02,78601257,1073741824,7.32,3,417kB / 282kB,4.72MB / 81.9kB
29,2026-09-10T06:25:29.560239+00:00,59,2026-09-10T06:25:29.188256+00:00,false,microservices,auth,850bc5b79e2dc6ea0a93cb54e64e8083cfa356effe9fdd08c6e27f5304735829,tcc-microservices-experiment-auth-1,0.02,79188460,1073741824,7.38,3,45.4kB / 40.3kB,7.15MB / 65.5kB
29,2026-09-10T06:25:29.560239+00:00,59,2026-09-10T06:25:29.188256+00:00,false,microservices,gateway,04205f28bb8c1f9b8eb02c123c954deaa86cb685677995ef5f7f35763c4eba3b,tcc-microservices-experiment-gateway-1,32.39,475843789,536870912,88.63,77,37.9MB / 42.1MB,22.3MB / 209kB
29,2026-09-10T06:25:29.560239+00:00,59,2026-09-10T06:25:29.188256+00:00,false,microservices,mysql,78260fe92dc139315e95368911f397987598af1813ddfb66a41e27d7fb4f82c9,tcc-microservices-experiment-mysql-1,24.69,534459187,1073741824,49.78,40,15.8MB / 45.7MB,51.9MB / 120MB
29,2026-09-10T06:25:29.560239+00:00,59,2026-09-10T06:25:29.188256+00:00,false,microservices,order,ee5c0c148baa6b5b70db57587baa19173dfe1f199ef1d466234b4f0c10307749,tcc-microservices-experiment-order-1,81.76,81862328,1073741824,7.62,3,53.8MB / 48.7MB,3.64MB / 77.8kB
29,2026-09-10T06:25:29.560239+00:00,59,2026-09-10T06:25:29.188256+00:00,false,microservices,product,b86c8d938d3d05d64da30c1fdc02d48fdcc002d42cc550f857862d41c1456546,tcc-microservices-experiment-product-1,0.02,78601257,1073741824,7.32,3,417kB / 282kB,4.72MB / 81.9kB
30,2026-09-10T06:25:30.560220+00:00,61,2026-09-10T06:25:30.188519+00:00,false,microservices,auth,850bc5b79e2dc6ea0a93cb54e64e8083cfa356effe9fdd08c6e27f5304735829,tcc-microservices-experiment-auth-1,0.02,79188460,1073741824,7.38,3,45.4kB / 40.3kB,7.15MB / 65.5kB
30,2026-09-10T06:25:30.560220+00:00,61,2026-09-10T06:25:30.188519+00:00,false,microservices,gateway,04205f28bb8c1f9b8eb02c123c954deaa86cb685677995ef5f7f35763c4eba3b,tcc-microservices-experiment-gateway-1,41.35,475004928,536870912,88.47,77,38.7MB / 42.9MB,22.3MB / 209kB
30,2026-09-10T06:25:30.560220+00:00,61,2026-09-10T06:25:30.188519+00:00,false,microservices,mysql,78260fe92dc139315e95368911f397987598af1813ddfb66a41e27d7fb4f82c9,tcc-microservices-experiment-mysql-1,28.42,534983475,1073741824,49.83,40,16MB / 46.5MB,51.9MB / 120MB
30,2026-09-10T06:25:30.560220+00:00,61,2026-09-10T06:25:30.188519+00:00,false,microservices,order,ee5c0c148baa6b5b70db57587baa19173dfe1f199ef1d466234b4f0c10307749,tcc-microservices-experiment-order-1,82.43,82260787,1073741824,7.66,3,54.7MB / 49.5MB,3.64MB / 77.8kB
30,2026-09-10T06:25:30.560220+00:00,61,2026-09-10T06:25:30.188519+00:00,false,microservices,product,b86c8d938d3d05d64da30c1fdc02d48fdcc002d42cc550f857862d41c1456546,tcc-microservices-experiment-product-1,0.02,78601257,1073741824,7.32,3,417kB / 282kB,4.72MB / 81.9kB
31,2026-09-10T06:25:31.560230+00:00,63,2026-09-10T06:25:31.188438+00:00,false,microservices,auth,850bc5b79e2dc6ea0a93cb54e64e8083cfa356effe9fdd08c6e27f5304735829,tcc-microservices-experiment-auth-1,0.02,79188460,1073741824,7.38,3,45.4kB / 40.3kB,7.15MB / 65.5kB
31,2026-09-10T06:25:31.560230+00:00,63,2026-09-10T06:25:31.188438+00:00,false,microservices,gateway,04205f28bb8c1f9b8eb02c123c954deaa86cb685677995ef5f7f35763c4eba3b,tcc-microservices-experiment-gateway-1,35.77,476158362,536870912,88.68,77,39.4MB / 43.7MB,22.4MB / 209kB
31,2026-09-10T06:25:31.560230+00:00,63,2026-09-10T06:25:31.188438+00:00,false,microservices,mysql,78260fe92dc139315e95368911f397987598af1813ddfb66a41e27d7fb4f82c9,tcc-microservices-experiment-mysql-1,24.36,534668902,1073741824,49.79,40,16.3MB / 47.3MB,51.9MB / 120MB
31,2026-09-10T06:25:31.560230+00:00,63,2026-09-10T06:25:31.188438+00:00,false,microservices,order,ee5c0c148baa6b5b70db57587baa19173dfe1f199ef1d466234b4f0c10307749,tcc-microservices-experiment-order-1,81.89,82093015,1073741824,7.65,3,55.7MB / 50.4MB,3.64MB / 77.8kB
31,2026-09-10T06:25:31.560230+00:00,63,2026-09-10T06:25:31.188438+00:00,false,microservices,product,b86c8d938d3d05d64da30c1fdc02d48fdcc002d42cc550f857862d41c1456546,tcc-microservices-experiment-product-1,0.02,78601257,1073741824,7.32,3,417kB / 282kB,4.72MB / 81.9kB
32,2026-09-10T06:25:32.560226+00:00,65,2026-09-10T06:25:32.188468+00:00,false,microservices,auth,850bc5b79e2dc6ea0a93cb54e64e8083cfa356effe9fdd08c6e27f5304735829,tcc-microservices-experiment-auth-1,0.02,79188460,1073741824,7.38,3,45.4kB / 40.3kB,7.15MB / 65.5kB
32,2026-09-10T06:25:32.560226+00:00,65,2026-09-10T06:25:32.188468+00:00,false,microservices,gateway,04205f28bb8c1f9b8eb02c123c954deaa86cb685677995ef5f7f35763c4eba3b,tcc-microservices-experiment-gateway-1,48.24,477521510,536870912,88.94,77,40.1MB / 44.5MB,22.4MB / 209kB
32,2026-09-10T06:25:32.560226+00:00,65,2026-09-10T06:25:32.188468+00:00,false,microservices,mysql,78260fe92dc139315e95368911f397987598af1813ddfb66a41e27d7fb4f82c9,tcc-microservices-experiment-mysql-1,28.24,534668902,1073741824,49.79,40,16.5MB / 48MB,51.9MB / 120MB
32,2026-09-10T06:25:32.560226+00:00,65,2026-09-10T06:25:32.188468+00:00,false,microservices,order,ee5c0c148baa6b5b70db57587baa19173dfe1f199ef1d466234b4f0c10307749,tcc-microservices-experiment-order-1,82.64,82134958,1073741824,7.65,3,56.6MB / 51.2MB,3.64MB / 77.8kB
32,2026-09-10T06:25:32.560226+00:00,65,2026-09-10T06:25:32.188468+00:00,false,microservices,product,b86c8d938d3d05d64da30c1fdc02d48fdcc002d42cc550f857862d41c1456546,tcc-microservices-experiment-product-1,0.02,78601257,1073741824,7.32,3,417kB / 282kB,4.72MB / 81.9kB
33,2026-09-10T06:25:33.560221+00:00,67,2026-09-10T06:25:33.188254+00:00,false,microservices,auth,850bc5b79e2dc6ea0a93cb54e64e8083cfa356effe9fdd08c6e27f5304735829,tcc-microservices-experiment-auth-1,0.02,79188460,1073741824,7.38,3,45.4kB / 40.3kB,7.15MB / 65.5kB
33,2026-09-10T06:25:33.560221+00:00,67,2026-09-10T06:25:33.188254+00:00,false,microservices,gateway,04205f28bb8c1f9b8eb02c123c954deaa86cb685677995ef5f7f35763c4eba3b,tcc-microservices-experiment-gateway-1,54.25,476158362,536870912,88.68,77,40.8MB / 45.3MB,22.4MB / 209kB
33,2026-09-10T06:25:33.560221+00:00,67,2026-09-10T06:25:33.188254+00:00,false,microservices,mysql,78260fe92dc139315e95368911f397987598af1813ddfb66a41e27d7fb4f82c9,tcc-microservices-experiment-mysql-1,25.23,534878618,1073741824,49.81,40,16.7MB / 48.8MB,51.9MB / 120MB
33,2026-09-10T06:25:33.560221+00:00,67,2026-09-10T06:25:33.188254+00:00,false,microservices,order,ee5c0c148baa6b5b70db57587baa19173dfe1f199ef1d466234b4f0c10307749,tcc-microservices-experiment-order-1,81.71,83015762,1073741824,7.73,3,57.5MB / 52.1MB,3.64MB / 77.8kB
33,2026-09-10T06:25:33.560221+00:00,67,2026-09-10T06:25:33.188254+00:00,false,microservices,product,b86c8d938d3d05d64da30c1fdc02d48fdcc002d42cc550f857862d41c1456546,tcc-microservices-experiment-product-1,0.02,78601257,1073741824,7.32,3,417kB / 282kB,4.72MB / 81.9kB
34,2026-09-10T06:25:34.560213+00:00,69,2026-09-10T06:25:34.189337+00:00,false,microservices,auth,850bc5b79e2dc6ea0a93cb54e64e8083cfa356effe9fdd08c6e27f5304735829,tcc-microservices-experiment-auth-1,0.02,79188460,1073741824,7.38,3,45.4kB / 40.3kB,7.15MB / 65.5kB
34,2026-09-10T06:25:34.560213+00:00,69,2026-09-10T06:25:34.189337+00:00,false,microservices,gateway,04205f28bb8c1f9b8eb02c123c954deaa86cb685677995ef5f7f35763c4eba3b,tcc-microservices-experiment-gateway-1,49.57,475843789,536870912,88.63,77,41.6MB / 46.1MB,22.4MB / 209kB
34,2026-09-10T06:25:34.560213+00:00,69,2026-09-10T06:25:34.189337+00:00,false,microservices,mysql,78260fe92dc139315e95368911f397987598af1813ddfb66a41e27d7fb4f82c9,tcc-microservices-experiment-mysql-1,30.0,535298048,1073741824,49.85,40,16.9MB / 49.5MB,51.9MB / 120MB
34,2026-09-10T06:25:34.560213+00:00,69,2026-09-10T06:25:34.189337+00:00,false,microservices,order,ee5c0c148baa6b5b70db57587baa19173dfe1f199ef1d466234b4f0c10307749,tcc-microservices-experiment-order-1,80.15,82816532,1073741824,7.71,3,58.4MB / 52.9MB,3.64MB / 77.8kB
34,2026-09-10T06:25:34.560213+00:00,69,2026-09-10T06:25:34.189337+00:00,false,microservices,product,b86c8d938d3d05d64da30c1fdc02d48fdcc002d42cc550f857862d41c1456546,tcc-microservices-experiment-product-1,0.02,78601257,1073741824,7.32,3,417kB / 282kB,4.72MB / 81.9kB
35,2026-09-10T06:25:35.560225+00:00,71,2026-09-10T06:25:35.188271+00:00,false,microservices,auth,850bc5b79e2dc6ea0a93cb54e64e8083cfa356effe9fdd08c6e27f5304735829,tcc-microservices-experiment-auth-1,0.01,79188460,1073741824,7.38,3,45.4kB / 40.3kB,7.15MB / 65.5kB
35,2026-09-10T06:25:35.560225+00:00,71,2026-09-10T06:25:35.188271+00:00,false,microservices,gateway,04205f28bb8c1f9b8eb02c123c954deaa86cb685677995ef5f7f35763c4eba3b,tcc-microservices-experiment-gateway-1,35.3,476997222,536870912,88.85,77,42.3MB / 46.9MB,22.4MB / 209kB
35,2026-09-10T06:25:35.560225+00:00,71,2026-09-10T06:25:35.188271+00:00,false,microservices,mysql,78260fe92dc139315e95368911f397987598af1813ddfb66a41e27d7fb4f82c9,tcc-microservices-experiment-mysql-1,25.9,534878618,1073741824,49.81,40,17.1MB / 50.3MB,51.9MB / 120MB
35,2026-09-10T06:25:35.560225+00:00,71,2026-09-10T06:25:35.188271+00:00,false,microservices,order,ee5c0c148baa6b5b70db57587baa19173dfe1f199ef1d466234b4f0c10307749,tcc-microservices-experiment-order-1,80.29,82984305,1073741824,7.73,3,59.4MB / 53.8MB,3.64MB / 77.8kB
35,2026-09-10T06:25:35.560225+00:00,71,2026-09-10T06:25:35.188271+00:00,false,microservices,product,b86c8d938d3d05d64da30c1fdc02d48fdcc002d42cc550f857862d41c1456546,tcc-microservices-experiment-product-1,0.02,78601257,1073741824,7.32,3,417kB / 282kB,4.72MB / 81.9kB
36,2026-09-10T06:25:36.560225+00:00,73,2026-09-10T06:25:36.188366+00:00,false,microservices,auth,850bc5b79e2dc6ea0a93cb54e64e8083cfa356effe9fdd08c6e27f5304735829,tcc-microservices-experiment-auth-1,0.02,79188460,1073741824,7.38,3,45.4kB / 40.3kB,7.15MB / 65.5kB
36,2026-09-10T06:25:36.560225+00:00,73,2026-09-10T06:25:36.188366+00:00,false,microservices,gateway,04205f28bb8c1f9b8eb02c123c954deaa86cb685677995ef5f7f35763c4eba3b,tcc-microservices-experiment-gateway-1,33.15,476997222,536870912,88.85,77,43MB / 47.7MB,22.4MB / 225kB
36,2026-09-10T06:25:36.560225+00:00,73,2026-09-10T06:25:36.188366+00:00,false,microservices,mysql,78260fe92dc139315e95368911f397987598af1813ddfb66a41e27d7fb4f82c9,tcc-microservices-experiment-mysql-1,28.75,534773760,1073741824,49.81,40,17.3MB / 51.1MB,51.9MB / 120MB
36,2026-09-10T06:25:36.560225+00:00,73,2026-09-10T06:25:36.188366+00:00,false,microservices,order,ee5c0c148baa6b5b70db57587baa19173dfe1f199ef1d466234b4f0c10307749,tcc-microservices-experiment-order-1,81.14,83319849,1073741824,7.76,3,60.3MB / 54.6MB,3.64MB / 77.8kB
36,2026-09-10T06:25:36.560225+00:00,73,2026-09-10T06:25:36.188366+00:00,false,microservices,product,b86c8d938d3d05d64da30c1fdc02d48fdcc002d42cc550f857862d41c1456546,tcc-microservices-experiment-product-1,0.02,78601257,1073741824,7.32,3,417kB / 282kB,4.72MB / 81.9kB
37,2026-09-10T06:25:37.560218+00:00,75,2026-09-10T06:25:37.188383+00:00,false,microservices,auth,850bc5b79e2dc6ea0a93cb54e64e8083cfa356effe9fdd08c6e27f5304735829,tcc-microservices-experiment-auth-1,0.02,79188460,1073741824,7.38,3,45.4kB / 40.3kB,7.15MB / 65.5kB
37,2026-09-10T06:25:37.560218+00:00,75,2026-09-10T06:25:37.188383+00:00,false,microservices,gateway,04205f28bb8c1f9b8eb02c123c954deaa86cb685677995ef5f7f35763c4eba3b,tcc-microservices-experiment-gateway-1,29.4,476368077,536870912,88.73,77,43.7MB / 48.5MB,22.4MB / 225kB
37,2026-09-10T06:25:37.560218+00:00,75,2026-09-10T06:25:37.188383+00:00,false,microservices,mysql,78260fe92dc139315e95368911f397987598af1813ddfb66a41e27d7fb4f82c9,tcc-microservices-experiment-mysql-1,25.06,534773760,1073741824,49.8,40,17.5MB / 51.8MB,51.9MB / 120MB
37,2026-09-10T06:25:37.560218+00:00,75,2026-09-10T06:25:37.188383+00:00,false,microservices,order,ee5c0c148baa6b5b70db57587baa19173dfe1f199ef1d466234b4f0c10307749,tcc-microservices-experiment-order-1,80.64,82596332,1073741824,7.69,3,61.2MB / 55.4MB,3.64MB / 77.8kB
37,2026-09-10T06:25:37.560218+00:00,75,2026-09-10T06:25:37.188383+00:00,false,microservices,product,b86c8d938d3d05d64da30c1fdc02d48fdcc002d42cc550f857862d41c1456546,tcc-microservices-experiment-product-1,0.02,78601257,1073741824,7.32,3,417kB / 282kB,4.72MB / 81.9kB
38,2026-09-10T06:25:38.560188+00:00,77,2026-09-10T06:25:38.188315+00:00,false,microservices,auth,850bc5b79e2dc6ea0a93cb54e64e8083cfa356effe9fdd08c6e27f5304735829,tcc-microservices-experiment-auth-1,0.02,79188460,1073741824,7.38,3,45.4kB / 40.3kB,7.15MB / 65.5kB
38,2026-09-10T06:25:38.560188+00:00,77,2026-09-10T06:25:38.188315+00:00,false,microservices,gateway,04205f28bb8c1f9b8eb02c123c954deaa86cb685677995ef5f7f35763c4eba3b,tcc-microservices-experiment-gateway-1,30.2,476263219,536870912,88.7,77,44.5MB / 49.3MB,22.4MB / 225kB
38,2026-09-10T06:25:38.560188+00:00,77,2026-09-10T06:25:38.188315+00:00,false,microservices,mysql,78260fe92dc139315e95368911f397987598af1813ddfb66a41e27d7fb4f82c9,tcc-microservices-experiment-mysql-1,28.32,534773760,1073741824,49.8,40,17.8MB / 52.6MB,51.9MB / 120MB
38,2026-09-10T06:25:38.560188+00:00,77,2026-09-10T06:25:38.188315+00:00,false,microservices,order,ee5c0c148baa6b5b70db57587baa19173dfe1f199ef1d466234b4f0c10307749,tcc-microservices-experiment-order-1,81.84,82522931,1073741824,7.69,3,62.2MB / 56.3MB,3.64MB / 77.8kB
38,2026-09-10T06:25:38.560188+00:00,77,2026-09-10T06:25:38.188315+00:00,false,microservices,product,b86c8d938d3d05d64da30c1fdc02d48fdcc002d42cc550f857862d41c1456546,tcc-microservices-experiment-product-1,0.02,78601257,1073741824,7.32,3,417kB / 282kB,4.72MB / 81.9kB
39,2026-09-10T06:25:39.560223+00:00,79,2026-09-10T06:25:39.189054+00:00,false,microservices,auth,850bc5b79e2dc6ea0a93cb54e64e8083cfa356effe9fdd08c6e27f5304735829,tcc-microservices-experiment-auth-1,0.02,79188460,1073741824,7.38,3,45.4kB / 40.3kB,7.15MB / 65.5kB
39,2026-09-10T06:25:39.560223+00:00,79,2026-09-10T06:25:39.189054+00:00,false,microservices,gateway,04205f28bb8c1f9b8eb02c123c954deaa86cb685677995ef5f7f35763c4eba3b,tcc-microservices-experiment-gateway-1,29.05,476158362,536870912,88.68,77,45.2MB / 50.1MB,22.4MB / 225kB
39,2026-09-10T06:25:39.560223+00:00,79,2026-09-10T06:25:39.189054+00:00,false,microservices,mysql,78260fe92dc139315e95368911f397987598af1813ddfb66a41e27d7fb4f82c9,tcc-microservices-experiment-mysql-1,25.31,534773760,1073741824,49.8,40,18MB / 53.3MB,51.9MB / 120MB
39,2026-09-10T06:25:39.560223+00:00,79,2026-09-10T06:25:39.189054+00:00,false,microservices,order,ee5c0c148baa6b5b70db57587baa19173dfe1f199ef1d466234b4f0c10307749,tcc-microservices-experiment-order-1,80.6,83141591,1073741824,7.74,3,63.1MB / 57.1MB,3.64MB / 77.8kB
39,2026-09-10T06:25:39.560223+00:00,79,2026-09-10T06:25:39.189054+00:00,false,microservices,product,b86c8d938d3d05d64da30c1fdc02d48fdcc002d42cc550f857862d41c1456546,tcc-microservices-experiment-product-1,0.02,78601257,1073741824,7.32,3,417kB / 282kB,4.72MB / 81.9kB
40,2026-09-10T06:25:40.560239+00:00,81,2026-09-10T06:25:40.188528+00:00,false,microservices,auth,850bc5b79e2dc6ea0a93cb54e64e8083cfa356effe9fdd08c6e27f5304735829,tcc-microservices-experiment-auth-1,0.02,79188460,1073741824,7.38,3,45.4kB / 40.3kB,7.15MB / 65.5kB
40,2026-09-10T06:25:40.560239+00:00,81,2026-09-10T06:25:40.188528+00:00,false,microservices,gateway,04205f28bb8c1f9b8eb02c123c954deaa86cb685677995ef5f7f35763c4eba3b,tcc-microservices-experiment-gateway-1,41.09,475948646,536870912,88.65,77,45.9MB / 50.9MB,22.4MB / 225kB
40,2026-09-10T06:25:40.560239+00:00,81,2026-09-10T06:25:40.188528+00:00,false,microservices,mysql,78260fe92dc139315e95368911f397987598af1813ddfb66a41e27d7fb4f82c9,tcc-microservices-experiment-mysql-1,29.38,535507763,1073741824,49.87,40,18.2MB / 54.1MB,51.9MB / 120MB
40,2026-09-10T06:25:40.560239+00:00,81,2026-09-10T06:25:40.188528+00:00,false,microservices,order,ee5c0c148baa6b5b70db57587baa19173dfe1f199ef1d466234b4f0c10307749,tcc-microservices-experiment-order-1,81.36,83676365,1073741824,7.79,3,64MB / 58MB,3.64MB / 77.8kB
40,2026-09-10T06:25:40.560239+00:00,81,2026-09-10T06:25:40.188528+00:00,false,microservices,product,b86c8d938d3d05d64da30c1fdc02d48fdcc002d42cc550f857862d41c1456546,tcc-microservices-experiment-product-1,0.02,78601257,1073741824,7.32,3,417kB / 282kB,4.72MB / 81.9kB
41,2026-09-10T06:25:41.560216+00:00,83,2026-09-10T06:25:41.188334+00:00,false,microservices,auth,850bc5b79e2dc6ea0a93cb54e64e8083cfa356effe9fdd08c6e27f5304735829,tcc-microservices-experiment-auth-1,0.02,79188460,1073741824,7.38,3,45.4kB / 40.3kB,7.15MB / 65.5kB
41,2026-09-10T06:25:41.560216+00:00,83,2026-09-10T06:25:41.188334+00:00,false,microservices,gateway,04205f28bb8c1f9b8eb02c123c954deaa86cb685677995ef5f7f35763c4eba3b,tcc-microservices-experiment-gateway-1,40.04,476682650,536870912,88.79,77,46.6MB / 51.7MB,22.4MB / 225kB
41,2026-09-10T06:25:41.560216+00:00,83,2026-09-10T06:25:41.188334+00:00,false,microservices,mysql,78260fe92dc139315e95368911f397987598af1813ddfb66a41e27d7fb4f82c9,tcc-microservices-experiment-mysql-1,24.33,534773760,1073741824,49.81,40,18.4MB / 54.8MB,51.9MB / 120MB
41,2026-09-10T06:25:41.560216+00:00,83,2026-09-10T06:25:41.188334+00:00,false,microservices,order,ee5c0c148baa6b5b70db57587baa19173dfe1f199ef1d466234b4f0c10307749,tcc-microservices-experiment-order-1,82.26,83288392,1073741824,7.76,3,64.9MB / 58.8MB,3.64MB / 77.8kB
41,2026-09-10T06:25:41.560216+00:00,83,2026-09-10T06:25:41.188334+00:00,false,microservices,product,b86c8d938d3d05d64da30c1fdc02d48fdcc002d42cc550f857862d41c1456546,tcc-microservices-experiment-product-1,0.02,78601257,1073741824,7.32,3,417kB / 282kB,4.72MB / 81.9kB
42,2026-09-10T06:25:42.560219+00:00,85,2026-09-10T06:25:42.188289+00:00,false,microservices,auth,850bc5b79e2dc6ea0a93cb54e64e8083cfa356effe9fdd08c6e27f5304735829,tcc-microservices-experiment-auth-1,0.02,79188460,1073741824,7.38,3,45.4kB / 40.3kB,7.15MB / 65.5kB
42,2026-09-10T06:25:42.560219+00:00,85,2026-09-10T06:25:42.188289+00:00,false,microservices,gateway,04205f28bb8c1f9b8eb02c123c954deaa86cb685677995ef5f7f35763c4eba3b,tcc-microservices-experiment-gateway-1,45.05,476892365,536870912,88.84,77,47.3MB / 52.4MB,22.4MB / 225kB
42,2026-09-10T06:25:42.560219+00:00,85,2026-09-10T06:25:42.188289+00:00,false,microservices,mysql,78260fe92dc139315e95368911f397987598af1813ddfb66a41e27d7fb4f82c9,tcc-microservices-experiment-mysql-1,28.15,535822336,1073741824,49.9,40,18.6MB / 55.6MB,51.9MB / 120MB
42,2026-09-10T06:25:42.560219+00:00,85,2026-09-10T06:25:42.188289+00:00,false,microservices,order,ee5c0c148baa6b5b70db57587baa19173dfe1f199ef1d466234b4f0c10307749,tcc-microservices-experiment-order-1,83.02,82774589,1073741824,7.71,3,65.8MB / 59.6MB,3.64MB / 77.8kB
42,2026-09-10T06:25:42.560219+00:00,85,2026-09-10T06:25:42.188289+00:00,false,microservices,product,b86c8d938d3d05d64da30c1fdc02d48fdcc002d42cc550f857862d41c1456546,tcc-microservices-experiment-product-1,0.02,78601257,1073741824,7.32,3,417kB / 282kB,4.72MB / 81.9kB
43,2026-09-10T06:25:43.560230+00:00,87,2026-09-10T06:25:43.188271+00:00,false,microservices,auth,850bc5b79e2dc6ea0a93cb54e64e8083cfa356effe9fdd08c6e27f5304735829,tcc-microservices-experiment-auth-1,0.02,79188460,1073741824,7.38,3,45.4kB / 40.3kB,7.15MB / 65.5kB
43,2026-09-10T06:25:43.560230+00:00,87,2026-09-10T06:25:43.188271+00:00,false,microservices,gateway,04205f28bb8c1f9b8eb02c123c954deaa86cb685677995ef5f7f35763c4eba3b,tcc-microservices-experiment-gateway-1,48.59,476997222,536870912,88.85,77,48MB / 53.2MB,22.4MB / 225kB
43,2026-09-10T06:25:43.560230+00:00,87,2026-09-10T06:25:43.188271+00:00,false,microservices,mysql,78260fe92dc139315e95368911f397987598af1813ddfb66a41e27d7fb4f82c9,tcc-microservices-experiment-mysql-1,24.7,535402906,1073741824,49.86,40,18.8MB / 56.3MB,51.9MB / 120MB
43,2026-09-10T06:25:43.560230+00:00,87,2026-09-10T06:25:43.188271+00:00,false,microservices,order,ee5c0c148baa6b5b70db57587baa19173dfe1f199ef1d466234b4f0c10307749,tcc-microservices-experiment-order-1,81.62,82994790,1073741824,7.73,3,66.7MB / 60.5MB,3.64MB / 77.8kB
43,2026-09-10T06:25:43.560230+00:00,87,2026-09-10T06:25:43.188271+00:00,false,microservices,product,b86c8d938d3d05d64da30c1fdc02d48fdcc002d42cc550f857862d41c1456546,tcc-microservices-experiment-product-1,0.02,78601257,1073741824,7.32,3,417kB / 282kB,4.72MB / 81.9kB
44,2026-09-10T06:25:44.560240+00:00,89,2026-09-10T06:25:44.188282+00:00,false,microservices,auth,850bc5b79e2dc6ea0a93cb54e64e8083cfa356effe9fdd08c6e27f5304735829,tcc-microservices-experiment-auth-1,0.01,79188460,1073741824,7.38,3,45.4kB / 40.3kB,7.15MB / 65.5kB
44,2026-09-10T06:25:44.560240+00:00,89,2026-09-10T06:25:44.188282+00:00,false,microservices,gateway,04205f28bb8c1f9b8eb02c123c954deaa86cb685677995ef5f7f35763c4eba3b,tcc-microservices-experiment-gateway-1,28.53,476892365,536870912,88.83,77,48.7MB / 54MB,22.4MB / 225kB
44,2026-09-10T06:25:44.560240+00:00,89,2026-09-10T06:25:44.188282+00:00,false,microservices,mysql,78260fe92dc139315e95368911f397987598af1813ddfb66a41e27d7fb4f82c9,tcc-microservices-experiment-mysql-1,29.62,535298048,1073741824,49.85,40,19MB / 57.1MB,51.9MB / 120MB
44,2026-09-10T06:25:44.560240+00:00,89,2026-09-10T06:25:44.188282+00:00,false,microservices,order,ee5c0c148baa6b5b70db57587baa19173dfe1f199ef1d466234b4f0c10307749,tcc-microservices-experiment-order-1,80.83,83026248,1073741824,7.73,3,67.6MB / 61.3MB,3.64MB / 77.8kB
44,2026-09-10T06:25:44.560240+00:00,89,2026-09-10T06:25:44.188282+00:00,false,microservices,product,b86c8d938d3d05d64da30c1fdc02d48fdcc002d42cc550f857862d41c1456546,tcc-microservices-experiment-product-1,0.02,78601257,1073741824,7.32,3,417kB / 282kB,4.72MB / 81.9kB
45,2026-09-10T06:25:45.560226+00:00,91,2026-09-10T06:25:45.189084+00:00,false,microservices,auth,850bc5b79e2dc6ea0a93cb54e64e8083cfa356effe9fdd08c6e27f5304735829,tcc-microservices-experiment-auth-1,0.02,79188460,1073741824,7.38,3,45.4kB / 40.3kB,7.15MB / 65.5kB
45,2026-09-10T06:25:45.560226+00:00,91,2026-09-10T06:25:45.189084+00:00,false,microservices,gateway,04205f28bb8c1f9b8eb02c123c954deaa86cb685677995ef5f7f35763c4eba3b,tcc-microservices-experiment-gateway-1,28.3,476892365,536870912,88.82,77,49.4MB / 54.8MB,22.4MB / 225kB
45,2026-09-10T06:25:45.560226+00:00,91,2026-09-10T06:25:45.189084+00:00,false,microservices,mysql,78260fe92dc139315e95368911f397987598af1813ddfb66a41e27d7fb4f82c9,tcc-microservices-experiment-mysql-1,26.16,535193190,1073741824,49.85,40,19.3MB / 57.8MB,51.9MB / 120MB
45,2026-09-10T06:25:45.560226+00:00,91,2026-09-10T06:25:45.189084+00:00,false,microservices,order,ee5c0c148baa6b5b70db57587baa19173dfe1f199ef1d466234b4f0c10307749,tcc-microservices-experiment-order-1,79.93,83204506,1073741824,7.75,3,68.5MB / 62.2MB,3.64MB / 77.8kB
45,2026-09-10T06:25:45.560226+00:00,91,2026-09-10T06:25:45.189084+00:00,false,microservices,product,b86c8d938d3d05d64da30c1fdc02d48fdcc002d42cc550f857862d41c1456546,tcc-microservices-experiment-product-1,0.02,78601257,1073741824,7.32,3,417kB / 282kB,4.72MB / 81.9kB
46,2026-09-10T06:25:46.560214+00:00,93,2026-09-10T06:25:46.188352+00:00,false,microservices,auth,850bc5b79e2dc6ea0a93cb54e64e8083cfa356effe9fdd08c6e27f5304735829,tcc-microservices-experiment-auth-1,0.02,79188460,1073741824,7.38,3,45.4kB / 40.3kB,7.15MB / 65.5kB
46,2026-09-10T06:25:46.560214+00:00,93,2026-09-10T06:25:46.188352+00:00,false,microservices,gateway,04205f28bb8c1f9b8eb02c123c954deaa86cb685677995ef5f7f35763c4eba3b,tcc-microservices-experiment-gateway-1,29.61,476577792,536870912,88.77,77,50.2MB / 55.6MB,22.4MB / 225kB
46,2026-09-10T06:25:46.560214+00:00,93,2026-09-10T06:25:46.188352+00:00,false,microservices,mysql,78260fe92dc139315e95368911f397987598af1813ddfb66a41e27d7fb4f82c9,tcc-microservices-experiment-mysql-1,28.89,535402906,1073741824,49.86,40,19.5MB / 58.6MB,51.9MB / 120MB
46,2026-09-10T06:25:46.560214+00:00,93,2026-09-10T06:25:46.188352+00:00,false,microservices,order,ee5c0c148baa6b5b70db57587baa19173dfe1f199ef1d466234b4f0c10307749,tcc-microservices-experiment-order-1,82.06,82512445,1073741824,7.68,3,69.5MB / 63MB,3.64MB / 77.8kB
46,2026-09-10T06:25:46.560214+00:00,93,2026-09-10T06:25:46.188352+00:00,false,microservices,product,b86c8d938d3d05d64da30c1fdc02d48fdcc002d42cc550f857862d41c1456546,tcc-microservices-experiment-product-1,0.02,78601257,1073741824,7.32,3,417kB / 282kB,4.72MB / 81.9kB
47,2026-09-10T06:25:47.560263+00:00,95,2026-09-10T06:25:47.188804+00:00,false,microservices,auth,850bc5b79e2dc6ea0a93cb54e64e8083cfa356effe9fdd08c6e27f5304735829,tcc-microservices-experiment-auth-1,0.02,79188460,1073741824,7.38,3,45.4kB / 40.3kB,7.15MB / 65.5kB
47,2026-09-10T06:25:47.560263+00:00,95,2026-09-10T06:25:47.188804+00:00,false,microservices,gateway,04205f28bb8c1f9b8eb02c123c954deaa86cb685677995ef5f7f35763c4eba3b,tcc-microservices-experiment-gateway-1,28.07,476263219,536870912,88.71,77,50.9MB / 56.4MB,22.4MB / 225kB
47,2026-09-10T06:25:47.560263+00:00,95,2026-09-10T06:25:47.188804+00:00,false,microservices,mysql,78260fe92dc139315e95368911f397987598af1813ddfb66a41e27d7fb4f82c9,tcc-microservices-experiment-mysql-1,24.97,534983475,1073741824,49.83,40,19.7MB / 59.4MB,51.9MB / 120MB
47,2026-09-10T06:25:47.560263+00:00,95,2026-09-10T06:25:47.188804+00:00,false,microservices,order,ee5c0c148baa6b5b70db57587baa19173dfe1f199ef1d466234b4f0c10307749,tcc-microservices-experiment-order-1,80.98,82973819,1073741824,7.73,3,70.4MB / 63.9MB,3.64MB / 77.8kB
47,2026-09-10T06:25:47.560263+00:00,95,2026-09-10T06:25:47.188804+00:00,false,microservices,product,b86c8d938d3d05d64da30c1fdc02d48fdcc002d42cc550f857862d41c1456546,tcc-microservices-experiment-product-1,0.02,78601257,1073741824,7.32,3,417kB / 282kB,4.72MB / 81.9kB
48,2026-09-10T06:25:48.560251+00:00,97,2026-09-10T06:25:48.188407+00:00,false,microservices,auth,850bc5b79e2dc6ea0a93cb54e64e8083cfa356effe9fdd08c6e27f5304735829,tcc-microservices-experiment-auth-1,0.02,79188460,1073741824,7.38,3,45.4kB / 40.3kB,7.15MB / 65.5kB
48,2026-09-10T06:25:48.560251+00:00,97,2026-09-10T06:25:48.188407+00:00,false,microservices,gateway,04205f28bb8c1f9b8eb02c123c954deaa86cb685677995ef5f7f35763c4eba3b,tcc-microservices-experiment-gateway-1,27.86,476577792,536870912,88.77,77,51.6MB / 57.2MB,22.4MB / 225kB
48,2026-09-10T06:25:48.560251+00:00,97,2026-09-10T06:25:48.188407+00:00,false,microservices,mysql,78260fe92dc139315e95368911f397987598af1813ddfb66a41e27d7fb4f82c9,tcc-microservices-experiment-mysql-1,29.01,535507763,1073741824,49.87,40,19.9MB / 60.1MB,51.9MB / 120MB
48,2026-09-10T06:25:48.560251+00:00,97,2026-09-10T06:25:48.188407+00:00,false,microservices,order,ee5c0c148baa6b5b70db57587baa19173dfe1f199ef1d466234b4f0c10307749,tcc-microservices-experiment-order-1,81.64,83414221,1073741824,7.77,3,71.3MB / 64.7MB,3.64MB / 77.8kB
48,2026-09-10T06:25:48.560251+00:00,97,2026-09-10T06:25:48.188407+00:00,false,microservices,product,b86c8d938d3d05d64da30c1fdc02d48fdcc002d42cc550f857862d41c1456546,tcc-microservices-experiment-product-1,0.02,78601257,1073741824,7.32,3,417kB / 282kB,4.72MB / 81.9kB
49,2026-09-10T06:25:49.560254+00:00,99,2026-09-10T06:25:49.189231+00:00,false,microservices,auth,850bc5b79e2dc6ea0a93cb54e64e8083cfa356effe9fdd08c6e27f5304735829,tcc-microservices-experiment-auth-1,0.02,79188460,1073741824,7.38,3,45.4kB / 40.3kB,7.15MB / 65.5kB
49,2026-09-10T06:25:49.560254+00:00,99,2026-09-10T06:25:49.189231+00:00,false,microservices,gateway,04205f28bb8c1f9b8eb02c123c954deaa86cb685677995ef5f7f35763c4eba3b,tcc-microservices-experiment-gateway-1,28.06,476263219,536870912,88.72,77,52.3MB / 58MB,22.4MB / 225kB
49,2026-09-10T06:25:49.560254+00:00,99,2026-09-10T06:25:49.189231+00:00,false,microservices,mysql,78260fe92dc139315e95368911f397987598af1813ddfb66a41e27d7fb4f82c9,tcc-microservices-experiment-mysql-1,24.45,534668902,1073741824,49.8,40,20.1MB / 60.9MB,51.9MB / 120MB
49,2026-09-10T06:25:49.560254+00:00,99,2026-09-10T06:25:49.189231+00:00,false,microservices,order,ee5c0c148baa6b5b70db57587baa19173dfe1f199ef1d466234b4f0c10307749,tcc-microservices-experiment-order-1,83.03,83173048,1073741824,7.75,3,72.2MB / 65.5MB,3.64MB / 77.8kB
49,2026-09-10T06:25:49.560254+00:00,99,2026-09-10T06:25:49.189231+00:00,false,microservices,product,b86c8d938d3d05d64da30c1fdc02d48fdcc002d42cc550f857862d41c1456546,tcc-microservices-experiment-product-1,0.02,78601257,1073741824,7.32,3,417kB / 282kB,4.72MB / 81.9kB
50,2026-09-10T06:25:50.560239+00:00,101,2026-09-10T06:25:50.188930+00:00,false,microservices,auth,850bc5b79e2dc6ea0a93cb54e64e8083cfa356effe9fdd08c6e27f5304735829,tcc-microservices-experiment-auth-1,0.02,79188460,1073741824,7.38,3,45.4kB / 40.3kB,7.15MB / 65.5kB
50,2026-09-10T06:25:50.560239+00:00,101,2026-09-10T06:25:50.188930+00:00,false,microservices,gateway,04205f28bb8c1f9b8eb02c123c954deaa86cb685677995ef5f7f35763c4eba3b,tcc-microservices-experiment-gateway-1,44.66,476368077,536870912,88.72,77,53MB / 58.8MB,22.4MB / 225kB
50,2026-09-10T06:25:50.560239+00:00,101,2026-09-10T06:25:50.188930+00:00,false,microservices,mysql,78260fe92dc139315e95368911f397987598af1813ddfb66a41e27d7fb4f82c9,tcc-microservices-experiment-mysql-1,29.08,535402906,1073741824,49.86,40,20.3MB / 61.6MB,51.9MB / 120MB
50,2026-09-10T06:25:50.560239+00:00,101,2026-09-10T06:25:50.188930+00:00,false,microservices,order,ee5c0c148baa6b5b70db57587baa19173dfe1f199ef1d466234b4f0c10307749,tcc-microservices-experiment-order-1,82.11,83026248,1073741824,7.73,3,73.1MB / 66.3MB,3.64MB / 77.8kB
50,2026-09-10T06:25:50.560239+00:00,101,2026-09-10T06:25:50.188930+00:00,false,microservices,product,b86c8d938d3d05d64da30c1fdc02d48fdcc002d42cc550f857862d41c1456546,tcc-microservices-experiment-product-1,0.02,78601257,1073741824,7.32,3,417kB / 282kB,4.72MB / 81.9kB
51,2026-09-10T06:25:51.560239+00:00,103,2026-09-10T06:25:51.188774+00:00,false,microservices,auth,850bc5b79e2dc6ea0a93cb54e64e8083cfa356effe9fdd08c6e27f5304735829,tcc-microservices-experiment-auth-1,0.02,79188460,1073741824,7.38,3,45.4kB / 40.3kB,7.15MB / 65.5kB
51,2026-09-10T06:25:51.560239+00:00,103,2026-09-10T06:25:51.188774+00:00,false,microservices,gateway,04205f28bb8c1f9b8eb02c123c954deaa86cb685677995ef5f7f35763c4eba3b,tcc-microservices-experiment-gateway-1,71.4,477626368,536870912,88.97,77,53.7MB / 59.5MB,22.4MB / 238kB
51,2026-09-10T06:25:51.560239+00:00,103,2026-09-10T06:25:51.188774+00:00,false,microservices,mysql,78260fe92dc139315e95368911f397987598af1813ddfb66a41e27d7fb4f82c9,tcc-microservices-experiment-mysql-1,24.65,534564045,1073741824,49.78,40,20.5MB / 62.3MB,51.9MB / 120MB
51,2026-09-10T06:25:51.560239+00:00,103,2026-09-10T06:25:51.188774+00:00,false,microservices,order,ee5c0c148baa6b5b70db57587baa19173dfe1f199ef1d466234b4f0c10307749,tcc-microservices-experiment-order-1,81.44,83414221,1073741824,7.77,3,74MB / 67.1MB,3.64MB / 77.8kB
51,2026-09-10T06:25:51.560239+00:00,103,2026-09-10T06:25:51.188774+00:00,false,microservices,product,b86c8d938d3d05d64da30c1fdc02d48fdcc002d42cc550f857862d41c1456546,tcc-microservices-experiment-product-1,0.02,78601257,1073741824,7.32,3,417kB / 282kB,4.72MB / 81.9kB
52,2026-09-10T06:25:52.560249+00:00,105,2026-09-10T06:25:52.189126+00:00,false,microservices,auth,850bc5b79e2dc6ea0a93cb54e64e8083cfa356effe9fdd08c6e27f5304735829,tcc-microservices-experiment-auth-1,0.02,77909197,1073741824,7.26,3,45.5kB / 40.3kB,7.15MB / 1.34MB
52,2026-09-10T06:25:52.560249+00:00,105,2026-09-10T06:25:52.189126+00:00,false,microservices,gateway,04205f28bb8c1f9b8eb02c123c954deaa86cb685677995ef5f7f35763c4eba3b,tcc-microservices-experiment-gateway-1,75.52,472802918,536870912,88.06,77,54.3MB / 60.2MB,22.4MB / 3.15MB
52,2026-09-10T06:25:52.560249+00:00,105,2026-09-10T06:25:52.189126+00:00,false,microservices,mysql,78260fe92dc139315e95368911f397987598af1813ddfb66a41e27d7fb4f82c9,tcc-microservices-experiment-mysql-1,27.56,528272589,1073741824,49.2,40,20.7MB / 63MB,51.9MB / 126MB
52,2026-09-10T06:25:52.560249+00:00,105,2026-09-10T06:25:52.189126+00:00,false,microservices,order,ee5c0c148baa6b5b70db57587baa19173dfe1f199ef1d466234b4f0c10307749,tcc-microservices-experiment-order-1,83.31,81830871,1073741824,7.62,3,74.8MB / 67.9MB,3.64MB / 1.35MB
52,2026-09-10T06:25:52.560249+00:00,105,2026-09-10T06:25:52.189126+00:00,false,microservices,product,b86c8d938d3d05d64da30c1fdc02d48fdcc002d42cc550f857862d41c1456546,tcc-microservices-experiment-product-1,0.02,77321994,1073741824,7.2,3,417kB / 282kB,4.72MB / 1.36MB
53,2026-09-10T06:25:53.560298+00:00,107,2026-09-10T06:25:53.189160+00:00,false,microservices,auth,850bc5b79e2dc6ea0a93cb54e64e8083cfa356effe9fdd08c6e27f5304735829,tcc-microservices-experiment-auth-1,0.02,77909197,1073741824,7.26,3,45.5kB / 40.3kB,7.15MB / 1.34MB
53,2026-09-10T06:25:53.560298+00:00,107,2026-09-10T06:25:53.189160+00:00,false,microservices,gateway,04205f28bb8c1f9b8eb02c123c954deaa86cb685677995ef5f7f35763c4eba3b,tcc-microservices-experiment-gateway-1,26.94,473641779,536870912,88.22,77,55MB / 61MB,22.4MB / 3.15MB
53,2026-09-10T06:25:53.560298+00:00,107,2026-09-10T06:25:53.189160+00:00,false,microservices,mysql,78260fe92dc139315e95368911f397987598af1813ddfb66a41e27d7fb4f82c9,tcc-microservices-experiment-mysql-1,25.54,527328870,1073741824,49.11,40,20.9MB / 63.7MB,51.9MB / 126MB
53,2026-09-10T06:25:53.560298+00:00,107,2026-09-10T06:25:53.189160+00:00,false,microservices,order,ee5c0c148baa6b5b70db57587baa19173dfe1f199ef1d466234b4f0c10307749,tcc-microservices-experiment-order-1,80.05,82051072,1073741824,7.64,3,75.7MB / 68.7MB,3.64MB / 1.35MB
53,2026-09-10T06:25:53.560298+00:00,107,2026-09-10T06:25:53.189160+00:00,false,microservices,product,b86c8d938d3d05d64da30c1fdc02d48fdcc002d42cc550f857862d41c1456546,tcc-microservices-experiment-product-1,0.02,77321994,1073741824,7.2,3,417kB / 282kB,4.72MB / 1.36MB
54,2026-09-10T06:25:54.560214+00:00,109,2026-09-10T06:25:54.189081+00:00,false,microservices,auth,850bc5b79e2dc6ea0a93cb54e64e8083cfa356effe9fdd08c6e27f5304735829,tcc-microservices-experiment-auth-1,0.02,76629934,1073741824,7.14,3,45.6kB / 40.3kB,7.15MB / 2.63MB
54,2026-09-10T06:25:54.560214+00:00,109,2026-09-10T06:25:54.189081+00:00,false,microservices,gateway,04205f28bb8c1f9b8eb02c123c954deaa86cb685677995ef5f7f35763c4eba3b,tcc-microservices-experiment-gateway-1,28.29,469447475,536870912,87.45,77,55.7MB / 61.7MB,22.4MB / 7.53MB
54,2026-09-10T06:25:54.560214+00:00,109,2026-09-10T06:25:54.189081+00:00,false,microservices,mysql,78260fe92dc139315e95368911f397987598af1813ddfb66a41e27d7fb4f82c9,tcc-microservices-experiment-mysql-1,28.52,519464550,1073741824,48.37,40,21.1MB / 64.4MB,52.1MB / 131MB
54,2026-09-10T06:25:54.560214+00:00,109,2026-09-10T06:25:54.189081+00:00,false,microservices,order,ee5c0c148baa6b5b70db57587baa19173dfe1f199ef1d466234b4f0c10307749,tcc-microservices-experiment-order-1,83.92,80551608,1073741824,7.5,3,76.5MB / 69.5MB,3.64MB / 2.62MB
54,2026-09-10T06:25:54.560214+00:00,109,2026-09-10T06:25:54.189081+00:00,false,microservices,product,b86c8d938d3d05d64da30c1fdc02d48fdcc002d42cc550f857862d41c1456546,tcc-microservices-experiment-product-1,0.02,76042732,1073741824,7.08,3,417kB / 282kB,4.72MB / 2.64MB
55,2026-09-10T06:25:55.560238+00:00,111,2026-09-10T06:25:55.188582+00:00,false,microservices,auth,850bc5b79e2dc6ea0a93cb54e64e8083cfa356effe9fdd08c6e27f5304735829,tcc-microservices-experiment-auth-1,0.02,76629934,1073741824,7.14,3,45.6kB / 40.3kB,7.15MB / 2.63MB
55,2026-09-10T06:25:55.560238+00:00,111,2026-09-10T06:25:55.188582+00:00,false,microservices,gateway,04205f28bb8c1f9b8eb02c123c954deaa86cb685677995ef5f7f35763c4eba3b,tcc-microservices-experiment-gateway-1,28.3,469657190,536870912,87.47,77,56.4MB / 62.5MB,22.4MB / 7.53MB
55,2026-09-10T06:25:55.560238+00:00,111,2026-09-10T06:25:55.188582+00:00,false,microservices,mysql,78260fe92dc139315e95368911f397987598af1813ddfb66a41e27d7fb4f82c9,tcc-microservices-experiment-mysql-1,24.37,519359693,1073741824,48.37,40,21.3MB / 65.2MB,52.1MB / 131MB
55,2026-09-10T06:25:55.560238+00:00,111,2026-09-10T06:25:55.188582+00:00,false,microservices,order,ee5c0c148baa6b5b70db57587baa19173dfe1f199ef1d466234b4f0c10307749,tcc-microservices-experiment-order-1,82.17,81463869,1073741824,7.59,3,77.4MB / 70.3MB,3.64MB / 2.62MB
55,2026-09-10T06:25:55.560238+00:00,111,2026-09-10T06:25:55.188582+00:00,false,microservices,product,b86c8d938d3d05d64da30c1fdc02d48fdcc002d42cc550f857862d41c1456546,tcc-microservices-experiment-product-1,0.02,76042732,1073741824,7.08,3,417kB / 282kB,4.72MB / 2.64MB
56,2026-09-10T06:25:56.560216+00:00,113,2026-09-10T06:25:56.188685+00:00,false,microservices,auth,850bc5b79e2dc6ea0a93cb54e64e8083cfa356effe9fdd08c6e27f5304735829,tcc-microservices-experiment-auth-1,0.02,76629934,1073741824,7.14,3,45.7kB / 40.3kB,7.15MB / 2.63MB
56,2026-09-10T06:25:56.560216+00:00,113,2026-09-10T06:25:56.188685+00:00,false,microservices,gateway,04205f28bb8c1f9b8eb02c123c954deaa86cb685677995ef5f7f35763c4eba3b,tcc-microservices-experiment-gateway-1,28.52,469762048,536870912,87.49,77,57.1MB / 63.3MB,22.4MB / 7.53MB
56,2026-09-10T06:25:56.560216+00:00,113,2026-09-10T06:25:56.188685+00:00,false,microservices,mysql,78260fe92dc139315e95368911f397987598af1813ddfb66a41e27d7fb4f82c9,tcc-microservices-experiment-mysql-1,27.98,519883981,1073741824,48.42,40,21.6MB / 65.9MB,52.1MB / 131MB
56,2026-09-10T06:25:56.560216+00:00,113,2026-09-10T06:25:56.188685+00:00,false,microservices,order,ee5c0c148baa6b5b70db57587baa19173dfe1f199ef1d466234b4f0c10307749,tcc-microservices-experiment-order-1,82.83,81275126,1073741824,7.57,3,78.4MB / 71.2MB,3.64MB / 2.62MB
56,2026-09-10T06:25:56.560216+00:00,113,2026-09-10T06:25:56.188685+00:00,false,microservices,product,b86c8d938d3d05d64da30c1fdc02d48fdcc002d42cc550f857862d41c1456546,tcc-microservices-experiment-product-1,0.02,76042732,1073741824,7.08,3,417kB / 282kB,4.72MB / 2.64MB
57,2026-09-10T06:25:57.560256+00:00,115,2026-09-10T06:25:57.188683+00:00,false,microservices,auth,850bc5b79e2dc6ea0a93cb54e64e8083cfa356effe9fdd08c6e27f5304735829,tcc-microservices-experiment-auth-1,0.02,76629934,1073741824,7.14,3,45.7kB / 40.3kB,7.15MB / 2.63MB
57,2026-09-10T06:25:57.560256+00:00,115,2026-09-10T06:25:57.188683+00:00,false,microservices,gateway,04205f28bb8c1f9b8eb02c123c954deaa86cb685677995ef5f7f35763c4eba3b,tcc-microservices-experiment-gateway-1,28.17,469762048,536870912,87.5,77,57.9MB / 64.2MB,22.4MB / 7.53MB
57,2026-09-10T06:25:57.560256+00:00,115,2026-09-10T06:25:57.188683+00:00,false,microservices,mysql,78260fe92dc139315e95368911f397987598af1813ddfb66a41e27d7fb4f82c9,tcc-microservices-experiment-mysql-1,25.16,518520832,1073741824,48.29,40,21.8MB / 66.7MB,52.1MB / 131MB
57,2026-09-10T06:25:57.560256+00:00,115,2026-09-10T06:25:57.188683+00:00,false,microservices,order,ee5c0c148baa6b5b70db57587baa19173dfe1f199ef1d466234b4f0c10307749,tcc-microservices-experiment-order-1,81.49,81275126,1073741824,7.57,3,79.3MB / 72MB,3.64MB / 2.62MB
57,2026-09-10T06:25:57.560256+00:00,115,2026-09-10T06:25:57.188683+00:00,false,microservices,product,b86c8d938d3d05d64da30c1fdc02d48fdcc002d42cc550f857862d41c1456546,tcc-microservices-experiment-product-1,0.02,76042732,1073741824,7.08,3,417kB / 282kB,4.72MB / 2.64MB
58,2026-09-10T06:25:58.560224+00:00,117,2026-09-10T06:25:58.189014+00:00,false,microservices,auth,850bc5b79e2dc6ea0a93cb54e64e8083cfa356effe9fdd08c6e27f5304735829,tcc-microservices-experiment-auth-1,0.02,76629934,1073741824,7.14,3,45.7kB / 40.3kB,7.15MB / 2.63MB
58,2026-09-10T06:25:58.560224+00:00,117,2026-09-10T06:25:58.189014+00:00,false,microservices,gateway,04205f28bb8c1f9b8eb02c123c954deaa86cb685677995ef5f7f35763c4eba3b,tcc-microservices-experiment-gateway-1,28.17,469762048,536870912,87.5,77,57.9MB / 64.2MB,22.4MB / 7.53MB
58,2026-09-10T06:25:58.560224+00:00,117,2026-09-10T06:25:58.189014+00:00,false,microservices,mysql,78260fe92dc139315e95368911f397987598af1813ddfb66a41e27d7fb4f82c9,tcc-microservices-experiment-mysql-1,25.16,518520832,1073741824,48.29,40,21.8MB / 66.7MB,52.1MB / 131MB
58,2026-09-10T06:25:58.560224+00:00,117,2026-09-10T06:25:58.189014+00:00,false,microservices,order,ee5c0c148baa6b5b70db57587baa19173dfe1f199ef1d466234b4f0c10307749,tcc-microservices-experiment-order-1,81.49,81275126,1073741824,7.57,3,79.3MB / 72MB,3.64MB / 2.62MB
58,2026-09-10T06:25:58.560224+00:00,117,2026-09-10T06:25:58.189014+00:00,false,microservices,product,b86c8d938d3d05d64da30c1fdc02d48fdcc002d42cc550f857862d41c1456546,tcc-microservices-experiment-product-1,0.02,76042732,1073741824,7.08,3,417kB / 282kB,4.72MB / 2.64MB
59,2026-09-10T06:25:59.560227+00:00,119,2026-09-10T06:25:59.189052+00:00,false,microservices,auth,850bc5b79e2dc6ea0a93cb54e64e8083cfa356effe9fdd08c6e27f5304735829,tcc-microservices-experiment-auth-1,0.02,76629934,1073741824,7.14,3,45.7kB / 40.3kB,7.15MB / 2.63MB
59,2026-09-10T06:25:59.560227+00:00,119,2026-09-10T06:25:59.189052+00:00,false,microservices,gateway,04205f28bb8c1f9b8eb02c123c954deaa86cb685677995ef5f7f35763c4eba3b,tcc-microservices-experiment-gateway-1,27.46,469552333,536870912,87.47,77,58.6MB / 65MB,22.4MB / 7.53MB
59,2026-09-10T06:25:59.560227+00:00,119,2026-09-10T06:25:59.189052+00:00,false,microservices,mysql,78260fe92dc139315e95368911f397987598af1813ddfb66a41e27d7fb4f82c9,tcc-microservices-experiment-mysql-1,29.23,519045120,1073741824,48.34,40,22MB / 67.5MB,52.1MB / 131MB
59,2026-09-10T06:25:59.560227+00:00,119,2026-09-10T06:25:59.189052+00:00,false,microservices,order,ee5c0c148baa6b5b70db57587baa19173dfe1f199ef1d466234b4f0c10307749,tcc-microservices-experiment-order-1,81.52,80897638,1073741824,7.53,3,80.2MB / 72.9MB,3.64MB / 2.62MB
59,2026-09-10T06:25:59.560227+00:00,119,2026-09-10T06:25:59.189052+00:00,false,microservices,product,b86c8d938d3d05d64da30c1fdc02d48fdcc002d42cc550f857862d41c1456546,tcc-microservices-experiment-product-1,0.02,76042732,1073741824,7.08,3,417kB / 282kB,4.72MB / 2.64MB
60,2026-09-10T06:26:00.560218+00:00,121,2026-09-10T06:26:00.188491+00:00,false,microservices,auth,850bc5b79e2dc6ea0a93cb54e64e8083cfa356effe9fdd08c6e27f5304735829,tcc-microservices-experiment-auth-1,0.02,76629934,1073741824,7.14,3,45.7kB / 40.3kB,7.15MB / 2.63MB
60,2026-09-10T06:26:00.560218+00:00,121,2026-09-10T06:26:00.188491+00:00,false,microservices,gateway,04205f28bb8c1f9b8eb02c123c954deaa86cb685677995ef5f7f35763c4eba3b,tcc-microservices-experiment-gateway-1,35.71,470391194,536870912,87.63,77,59.3MB / 65.7MB,22.4MB / 7.53MB
60,2026-09-10T06:26:00.560218+00:00,121,2026-09-10T06:26:00.188491+00:00,false,microservices,mysql,78260fe92dc139315e95368911f397987598af1813ddfb66a41e27d7fb4f82c9,tcc-microservices-experiment-mysql-1,25.81,518940262,1073741824,48.33,40,22.2MB / 68.2MB,52.1MB / 131MB
60,2026-09-10T06:26:00.560218+00:00,121,2026-09-10T06:26:00.188491+00:00,false,microservices,order,ee5c0c148baa6b5b70db57587baa19173dfe1f199ef1d466234b4f0c10307749,tcc-microservices-experiment-order-1,80.76,80509665,1073741824,7.5,3,81.1MB / 73.7MB,3.64MB / 2.62MB
60,2026-09-10T06:26:00.560218+00:00,121,2026-09-10T06:26:00.188491+00:00,false,microservices,product,b86c8d938d3d05d64da30c1fdc02d48fdcc002d42cc550f857862d41c1456546,tcc-microservices-experiment-product-1,0.02,76042732,1073741824,7.08,3,417kB / 282kB,4.72MB / 2.64MB
61,2026-09-10T06:26:01.560223+00:00,123,2026-09-10T06:26:01.189449+00:00,false,microservices,auth,850bc5b79e2dc6ea0a93cb54e64e8083cfa356effe9fdd08c6e27f5304735829,tcc-microservices-experiment-auth-1,0.02,76629934,1073741824,7.14,3,45.7kB / 40.3kB,7.15MB / 2.63MB
61,2026-09-10T06:26:01.560223+00:00,123,2026-09-10T06:26:01.189449+00:00,false,microservices,gateway,04205f28bb8c1f9b8eb02c123c954deaa86cb685677995ef5f7f35763c4eba3b,tcc-microservices-experiment-gateway-1,28.65,471334912,536870912,87.79,77,60MB / 66.5MB,22.4MB / 7.53MB
61,2026-09-10T06:26:01.560223+00:00,123,2026-09-10T06:26:01.189449+00:00,false,microservices,mysql,78260fe92dc139315e95368911f397987598af1813ddfb66a41e27d7fb4f82c9,tcc-microservices-experiment-mysql-1,29.37,518625690,1073741824,48.3,40,22.4MB / 68.9MB,52.1MB / 131MB
61,2026-09-10T06:26:01.560223+00:00,123,2026-09-10T06:26:01.189449+00:00,false,microservices,order,ee5c0c148baa6b5b70db57587baa19173dfe1f199ef1d466234b4f0c10307749,tcc-microservices-experiment-order-1,81.65,80562094,1073741824,7.5,3,82MB / 74.5MB,3.64MB / 2.62MB
61,2026-09-10T06:26:01.560223+00:00,123,2026-09-10T06:26:01.189449+00:00,false,microservices,product,b86c8d938d3d05d64da30c1fdc02d48fdcc002d42cc550f857862d41c1456546,tcc-microservices-experiment-product-1,0.02,76042732,1073741824,7.08,3,417kB / 282kB,4.72MB / 2.64MB
62,2026-09-10T06:26:02.560242+00:00,125,2026-09-10T06:26:02.189184+00:00,false,microservices,auth,850bc5b79e2dc6ea0a93cb54e64e8083cfa356effe9fdd08c6e27f5304735829,tcc-microservices-experiment-auth-1,0.02,76629934,1073741824,7.14,3,45.7kB / 40.3kB,7.15MB / 2.63MB
62,2026-09-10T06:26:02.560242+00:00,125,2026-09-10T06:26:02.189184+00:00,false,microservices,gateway,04205f28bb8c1f9b8eb02c123c954deaa86cb685677995ef5f7f35763c4eba3b,tcc-microservices-experiment-gateway-1,49.17,470391194,536870912,87.62,77,60.7MB / 67.3MB,22.5MB / 7.53MB
62,2026-09-10T06:26:02.560242+00:00,125,2026-09-10T06:26:02.189184+00:00,false,microservices,mysql,78260fe92dc139315e95368911f397987598af1813ddfb66a41e27d7fb4f82c9,tcc-microservices-experiment-mysql-1,25.76,519149978,1073741824,48.35,40,22.6MB / 69.7MB,52.1MB / 131MB
62,2026-09-10T06:26:02.560242+00:00,125,2026-09-10T06:26:02.189184+00:00,false,microservices,order,ee5c0c148baa6b5b70db57587baa19173dfe1f199ef1d466234b4f0c10307749,tcc-microservices-experiment-order-1,80.58,80992010,1073741824,7.54,3,82.9MB / 75.3MB,3.64MB / 2.62MB
62,2026-09-10T06:26:02.560242+00:00,125,2026-09-10T06:26:02.189184+00:00,false,microservices,product,b86c8d938d3d05d64da30c1fdc02d48fdcc002d42cc550f857862d41c1456546,tcc-microservices-experiment-product-1,0.02,76042732,1073741824,7.08,3,417kB / 282kB,4.72MB / 2.64MB
63,2026-09-10T06:26:03.560209+00:00,127,2026-09-10T06:26:03.190000+00:00,false,microservices,auth,850bc5b79e2dc6ea0a93cb54e64e8083cfa356effe9fdd08c6e27f5304735829,tcc-microservices-experiment-auth-1,0.02,76629934,1073741824,7.14,3,45.7kB / 40.3kB,7.15MB / 2.63MB
63,2026-09-10T06:26:03.560209+00:00,127,2026-09-10T06:26:03.190000+00:00,false,microservices,gateway,04205f28bb8c1f9b8eb02c123c954deaa86cb685677995ef5f7f35763c4eba3b,tcc-microservices-experiment-gateway-1,30.15,470600909,536870912,87.65,77,61.4MB / 68MB,22.5MB / 7.53MB
63,2026-09-10T06:26:03.560209+00:00,127,2026-09-10T06:26:03.190000+00:00,false,microservices,mysql,78260fe92dc139315e95368911f397987598af1813ddfb66a41e27d7fb4f82c9,tcc-microservices-experiment-mysql-1,29.35,519569408,1073741824,48.39,40,22.8MB / 70.4MB,52.1MB / 131MB
63,2026-09-10T06:26:03.560209+00:00,127,2026-09-10T06:26:03.190000+00:00,false,microservices,order,ee5c0c148baa6b5b70db57587baa19173dfe1f199ef1d466234b4f0c10307749,tcc-microservices-experiment-order-1,81.04,81138811,1073741824,7.56,3,83.8MB / 76.2MB,3.64MB / 2.62MB
63,2026-09-10T06:26:03.560209+00:00,127,2026-09-10T06:26:03.190000+00:00,false,microservices,product,b86c8d938d3d05d64da30c1fdc02d48fdcc002d42cc550f857862d41c1456546,tcc-microservices-experiment-product-1,0.03,76042732,1073741824,7.08,3,417kB / 282kB,4.72MB / 2.64MB
64,2026-09-10T06:26:04.560241+00:00,129,2026-09-10T06:26:04.188200+00:00,false,microservices,auth,850bc5b79e2dc6ea0a93cb54e64e8083cfa356effe9fdd08c6e27f5304735829,tcc-microservices-experiment-auth-1,0.02,76629934,1073741824,7.14,3,45.7kB / 40.3kB,7.15MB / 2.63MB
64,2026-09-10T06:26:04.560241+00:00,129,2026-09-10T06:26:04.188200+00:00,false,microservices,gateway,04205f28bb8c1f9b8eb02c123c954deaa86cb685677995ef5f7f35763c4eba3b,tcc-microservices-experiment-gateway-1,60.82,470810624,536870912,87.69,77,62.1MB / 68.8MB,22.5MB / 7.53MB
64,2026-09-10T06:26:04.560241+00:00,129,2026-09-10T06:26:04.188200+00:00,false,microservices,mysql,78260fe92dc139315e95368911f397987598af1813ddfb66a41e27d7fb4f82c9,tcc-microservices-experiment-mysql-1,25.15,519674266,1073741824,48.4,40,23MB / 71.2MB,52.1MB / 131MB
64,2026-09-10T06:26:04.560241+00:00,129,2026-09-10T06:26:04.188200+00:00,false,microservices,order,ee5c0c148baa6b5b70db57587baa19173dfe1f199ef1d466234b4f0c10307749,tcc-microservices-experiment-order-1,80.88,80478208,1073741824,7.5,3,84.7MB / 77MB,3.72MB / 2.62MB
64,2026-09-10T06:26:04.560241+00:00,129,2026-09-10T06:26:04.188200+00:00,false,microservices,product,b86c8d938d3d05d64da30c1fdc02d48fdcc002d42cc550f857862d41c1456546,tcc-microservices-experiment-product-1,0.02,76042732,1073741824,7.08,3,417kB / 282kB,4.72MB / 2.64MB
65,2026-09-10T06:26:05.560223+00:00,131,2026-09-10T06:26:05.189504+00:00,false,microservices,auth,850bc5b79e2dc6ea0a93cb54e64e8083cfa356effe9fdd08c6e27f5304735829,tcc-microservices-experiment-auth-1,0.02,76629934,1073741824,7.14,3,45.7kB / 40.3kB,7.15MB / 2.63MB
65,2026-09-10T06:26:05.560223+00:00,131,2026-09-10T06:26:05.189504+00:00,false,microservices,gateway,04205f28bb8c1f9b8eb02c123c954deaa86cb685677995ef5f7f35763c4eba3b,tcc-microservices-experiment-gateway-1,29.39,470705766,536870912,87.68,77,62.8MB / 69.6MB,22.5MB / 7.53MB
65,2026-09-10T06:26:05.560223+00:00,131,2026-09-10T06:26:05.189504+00:00,false,microservices,mysql,78260fe92dc139315e95368911f397987598af1813ddfb66a41e27d7fb4f82c9,tcc-microservices-experiment-mysql-1,28.55,519254835,1073741824,48.36,40,23.3MB / 71.9MB,52.1MB / 131MB
65,2026-09-10T06:26:05.560223+00:00,131,2026-09-10T06:26:05.189504+00:00,false,microservices,order,ee5c0c148baa6b5b70db57587baa19173dfe1f199ef1d466234b4f0c10307749,tcc-microservices-experiment-order-1,82.1,79922463,1073741824,7.44,3,85.6MB / 77.9MB,3.72MB / 2.62MB
65,2026-09-10T06:26:05.560223+00:00,131,2026-09-10T06:26:05.189504+00:00,false,microservices,product,b86c8d938d3d05d64da30c1fdc02d48fdcc002d42cc550f857862d41c1456546,tcc-microservices-experiment-product-1,0.02,76042732,1073741824,7.08,3,417kB / 282kB,4.72MB / 2.64MB
66,2026-09-10T06:26:06.560242+00:00,133,2026-09-10T06:26:06.189012+00:00,false,microservices,auth,850bc5b79e2dc6ea0a93cb54e64e8083cfa356effe9fdd08c6e27f5304735829,tcc-microservices-experiment-auth-1,0.02,76629934,1073741824,7.14,3,45.7kB / 40.3kB,7.15MB / 2.63MB
66,2026-09-10T06:26:06.560242+00:00,133,2026-09-10T06:26:06.189012+00:00,false,microservices,gateway,04205f28bb8c1f9b8eb02c123c954deaa86cb685677995ef5f7f35763c4eba3b,tcc-microservices-experiment-gateway-1,28.88,470496051,536870912,87.64,77,63.5MB / 70.5MB,22.5MB / 7.53MB
66,2026-09-10T06:26:06.560242+00:00,133,2026-09-10T06:26:06.189012+00:00,false,microservices,mysql,78260fe92dc139315e95368911f397987598af1813ddfb66a41e27d7fb4f82c9,tcc-microservices-experiment-mysql-1,24.97,519045120,1073741824,48.34,40,23.5MB / 72.7MB,52.1MB / 131MB
66,2026-09-10T06:26:06.560242+00:00,133,2026-09-10T06:26:06.189012+00:00,false,microservices,order,ee5c0c148baa6b5b70db57587baa19173dfe1f199ef1d466234b4f0c10307749,tcc-microservices-experiment-order-1,80.76,80090235,1073741824,7.46,3,86.6MB / 78.7MB,3.72MB / 2.62MB
66,2026-09-10T06:26:06.560242+00:00,133,2026-09-10T06:26:06.189012+00:00,false,microservices,product,b86c8d938d3d05d64da30c1fdc02d48fdcc002d42cc550f857862d41c1456546,tcc-microservices-experiment-product-1,0.02,76042732,1073741824,7.08,3,417kB / 282kB,4.72MB / 2.64MB
67,2026-09-10T06:26:07.560244+00:00,135,2026-09-10T06:26:07.190228+00:00,false,microservices,auth,850bc5b79e2dc6ea0a93cb54e64e8083cfa356effe9fdd08c6e27f5304735829,tcc-microservices-experiment-auth-1,0.02,76629934,1073741824,7.14,3,45.7kB / 40.3kB,7.15MB / 2.63MB
67,2026-09-10T06:26:07.560244+00:00,135,2026-09-10T06:26:07.190228+00:00,false,microservices,gateway,04205f28bb8c1f9b8eb02c123c954deaa86cb685677995ef5f7f35763c4eba3b,tcc-microservices-experiment-gateway-1,29.06,470391194,536870912,87.62,77,64.3MB / 71.3MB,22.5MB / 7.53MB
67,2026-09-10T06:26:07.560244+00:00,135,2026-09-10T06:26:07.190228+00:00,false,microservices,mysql,78260fe92dc139315e95368911f397987598af1813ddfb66a41e27d7fb4f82c9,tcc-microservices-experiment-mysql-1,28.57,519359693,1073741824,48.37,40,23.7MB / 73.5MB,52.1MB / 131MB
67,2026-09-10T06:26:07.560244+00:00,135,2026-09-10T06:26:07.190228+00:00,false,microservices,order,ee5c0c148baa6b5b70db57587baa19173dfe1f199ef1d466234b4f0c10307749,tcc-microservices-experiment-order-1,81.89,79880520,1073741824,7.44,3,87.5MB / 79.6MB,3.72MB / 2.62MB
67,2026-09-10T06:26:07.560244+00:00,135,2026-09-10T06:26:07.190228+00:00,false,microservices,product,b86c8d938d3d05d64da30c1fdc02d48fdcc002d42cc550f857862d41c1456546,tcc-microservices-experiment-product-1,0.02,76042732,1073741824,7.08,3,417kB / 282kB,4.72MB / 2.64MB
68,2026-09-10T06:26:08.560222+00:00,137,2026-09-10T06:26:08.190450+00:00,false,microservices,auth,850bc5b79e2dc6ea0a93cb54e64e8083cfa356effe9fdd08c6e27f5304735829,tcc-microservices-experiment-auth-1,0.02,76629934,1073741824,7.14,3,45.7kB / 40.3kB,7.15MB / 2.63MB
68,2026-09-10T06:26:08.560222+00:00,137,2026-09-10T06:26:08.190450+00:00,false,microservices,gateway,04205f28bb8c1f9b8eb02c123c954deaa86cb685677995ef5f7f35763c4eba3b,tcc-microservices-experiment-gateway-1,31.69,471334912,536870912,87.79,77,65MB / 72.1MB,22.5MB / 7.54MB
68,2026-09-10T06:26:08.560222+00:00,137,2026-09-10T06:26:08.190450+00:00,false,microservices,mysql,78260fe92dc139315e95368911f397987598af1813ddfb66a41e27d7fb4f82c9,tcc-microservices-experiment-mysql-1,24.07,518730547,1073741824,48.31,40,23.9MB / 74.2MB,52.1MB / 131MB
68,2026-09-10T06:26:08.560222+00:00,137,2026-09-10T06:26:08.190450+00:00,false,microservices,order,ee5c0c148baa6b5b70db57587baa19173dfe1f199ef1d466234b4f0c10307749,tcc-microservices-experiment-order-1,82.11,80153149,1073741824,7.46,3,88.4MB / 80.4MB,3.72MB / 2.62MB
68,2026-09-10T06:26:08.560222+00:00,137,2026-09-10T06:26:08.190450+00:00,false,microservices,product,b86c8d938d3d05d64da30c1fdc02d48fdcc002d42cc550f857862d41c1456546,tcc-microservices-experiment-product-1,0.02,76042732,1073741824,7.08,3,417kB / 282kB,4.72MB / 2.64MB
69,2026-09-10T06:26:09.560255+00:00,139,2026-09-10T06:26:09.189323+00:00,false,microservices,auth,850bc5b79e2dc6ea0a93cb54e64e8083cfa356effe9fdd08c6e27f5304735829,tcc-microservices-experiment-auth-1,0.02,76629934,1073741824,7.14,3,45.7kB / 40.3kB,7.15MB / 2.63MB
69,2026-09-10T06:26:09.560255+00:00,139,2026-09-10T06:26:09.189323+00:00,false,microservices,gateway,04205f28bb8c1f9b8eb02c123c954deaa86cb685677995ef5f7f35763c4eba3b,tcc-microservices-experiment-gateway-1,29.61,470076621,536870912,87.56,77,65.7MB / 72.9MB,22.5MB / 7.54MB
69,2026-09-10T06:26:09.560255+00:00,139,2026-09-10T06:26:09.189323+00:00,false,microservices,mysql,78260fe92dc139315e95368911f397987598af1813ddfb66a41e27d7fb4f82c9,tcc-microservices-experiment-mysql-1,28.56,519464550,1073741824,48.38,40,24.1MB / 75MB,52.1MB / 132MB
69,2026-09-10T06:26:09.560255+00:00,139,2026-09-10T06:26:09.189323+00:00,false,microservices,order,ee5c0c148baa6b5b70db57587baa19173dfe1f199ef1d466234b4f0c10307749,tcc-microservices-experiment-order-1,82.64,80352379,1073741824,7.48,3,89.3MB / 81.3MB,3.72MB / 2.62MB
69,2026-09-10T06:26:09.560255+00:00,139,2026-09-10T06:26:09.189323+00:00,false,microservices,product,b86c8d938d3d05d64da30c1fdc02d48fdcc002d42cc550f857862d41c1456546,tcc-microservices-experiment-product-1,0.02,76042732,1073741824,7.08,3,417kB / 282kB,4.72MB / 2.64MB
70,2026-09-10T06:26:10.560254+00:00,141,2026-09-10T06:26:10.189269+00:00,false,microservices,auth,850bc5b79e2dc6ea0a93cb54e64e8083cfa356effe9fdd08c6e27f5304735829,tcc-microservices-experiment-auth-1,0.02,76629934,1073741824,7.14,3,45.7kB / 40.3kB,7.15MB / 2.63MB
70,2026-09-10T06:26:10.560254+00:00,141,2026-09-10T06:26:10.189269+00:00,false,microservices,gateway,04205f28bb8c1f9b8eb02c123c954deaa86cb685677995ef5f7f35763c4eba3b,tcc-microservices-experiment-gateway-1,47.45,470181478,536870912,87.58,77,66.4MB / 73.7MB,22.6MB / 7.54MB
70,2026-09-10T06:26:10.560254+00:00,141,2026-09-10T06:26:10.189269+00:00,false,microservices,mysql,78260fe92dc139315e95368911f397987598af1813ddfb66a41e27d7fb4f82c9,tcc-microservices-experiment-mysql-1,24.49,519045120,1073741824,48.34,40,24.3MB / 75.7MB,52.1MB / 132MB
70,2026-09-10T06:26:10.560254+00:00,141,2026-09-10T06:26:10.189269+00:00,false,microservices,order,ee5c0c148baa6b5b70db57587baa19173dfe1f199ef1d466234b4f0c10307749,tcc-microservices-experiment-order-1,82.55,79870034,1073741824,7.44,3,90.3MB / 82.1MB,3.72MB / 2.62MB
70,2026-09-10T06:26:10.560254+00:00,141,2026-09-10T06:26:10.189269+00:00,false,microservices,product,b86c8d938d3d05d64da30c1fdc02d48fdcc002d42cc550f857862d41c1456546,tcc-microservices-experiment-product-1,0.02,76042732,1073741824,7.08,3,417kB / 282kB,4.72MB / 2.64MB
71,2026-09-10T06:26:11.560213+00:00,143,2026-09-10T06:26:11.189300+00:00,false,microservices,auth,850bc5b79e2dc6ea0a93cb54e64e8083cfa356effe9fdd08c6e27f5304735829,tcc-microservices-experiment-auth-1,0.02,76629934,1073741824,7.14,3,45.7kB / 40.3kB,7.15MB / 2.63MB
71,2026-09-10T06:26:11.560213+00:00,143,2026-09-10T06:26:11.189300+00:00,false,microservices,gateway,04205f28bb8c1f9b8eb02c123c954deaa86cb685677995ef5f7f35763c4eba3b,tcc-microservices-experiment-gateway-1,42.1,470705766,536870912,87.68,77,67.1MB / 74.4MB,22.6MB / 7.54MB
71,2026-09-10T06:26:11.560213+00:00,143,2026-09-10T06:26:11.189300+00:00,false,microservices,mysql,78260fe92dc139315e95368911f397987598af1813ddfb66a41e27d7fb4f82c9,tcc-microservices-experiment-mysql-1,28.1,522610278,1073741824,48.67,41,24.6MB / 76.5MB,52.1MB / 132MB
71,2026-09-10T06:26:11.560213+00:00,143,2026-09-10T06:26:11.189300+00:00,false,microservices,order,ee5c0c148baa6b5b70db57587baa19173dfe1f199ef1d466234b4f0c10307749,tcc-microservices-experiment-order-1,82.74,80488694,1073741824,7.5,3,91.2MB / 82.9MB,3.72MB / 2.62MB
71,2026-09-10T06:26:11.560213+00:00,143,2026-09-10T06:26:11.189300+00:00,false,microservices,product,b86c8d938d3d05d64da30c1fdc02d48fdcc002d42cc550f857862d41c1456546,tcc-microservices-experiment-product-1,0.02,76042732,1073741824,7.08,3,417kB / 282kB,4.72MB / 2.64MB
72,2026-09-10T06:26:12.560212+00:00,145,2026-09-10T06:26:12.190103+00:00,false,microservices,auth,850bc5b79e2dc6ea0a93cb54e64e8083cfa356effe9fdd08c6e27f5304735829,tcc-microservices-experiment-auth-1,0.02,76629934,1073741824,7.14,3,45.7kB / 40.3kB,7.15MB / 2.63MB
72,2026-09-10T06:26:12.560212+00:00,145,2026-09-10T06:26:12.190103+00:00,false,microservices,gateway,04205f28bb8c1f9b8eb02c123c954deaa86cb685677995ef5f7f35763c4eba3b,tcc-microservices-experiment-gateway-1,27.32,471020339,536870912,87.74,77,67.8MB / 75.2MB,22.6MB / 7.54MB
72,2026-09-10T06:26:12.560212+00:00,145,2026-09-10T06:26:12.190103+00:00,false,microservices,mysql,78260fe92dc139315e95368911f397987598af1813ddfb66a41e27d7fb4f82c9,tcc-microservices-experiment-mysql-1,25.36,518835405,1073741824,48.32,40,24.8MB / 77.2MB,52.1MB / 132MB
72,2026-09-10T06:26:12.560212+00:00,145,2026-09-10T06:26:12.190103+00:00,false,microservices,order,ee5c0c148baa6b5b70db57587baa19173dfe1f199ef1d466234b4f0c10307749,tcc-microservices-experiment-order-1,81.95,80195092,1073741824,7.47,3,92.1MB / 83.8MB,3.72MB / 2.62MB
72,2026-09-10T06:26:12.560212+00:00,145,2026-09-10T06:26:12.190103+00:00,false,microservices,product,b86c8d938d3d05d64da30c1fdc02d48fdcc002d42cc550f857862d41c1456546,tcc-microservices-experiment-product-1,0.02,76042732,1073741824,7.08,3,417kB / 282kB,4.72MB / 2.64MB
73,2026-09-10T06:26:13.560223+00:00,147,2026-09-10T06:26:13.189333+00:00,false,microservices,auth,850bc5b79e2dc6ea0a93cb54e64e8083cfa356effe9fdd08c6e27f5304735829,tcc-microservices-experiment-auth-1,0.02,76629934,1073741824,7.14,3,45.7kB / 40.3kB,7.15MB / 2.63MB
73,2026-09-10T06:26:13.560223+00:00,147,2026-09-10T06:26:13.189333+00:00,false,microservices,gateway,04205f28bb8c1f9b8eb02c123c954deaa86cb685677995ef5f7f35763c4eba3b,tcc-microservices-experiment-gateway-1,28.22,470810624,536870912,87.7,77,68.6MB / 76MB,22.6MB / 7.54MB
73,2026-09-10T06:26:13.560223+00:00,147,2026-09-10T06:26:13.189333+00:00,false,microservices,mysql,78260fe92dc139315e95368911f397987598af1813ddfb66a41e27d7fb4f82c9,tcc-microservices-experiment-mysql-1,24.79,522400563,1073741824,48.65,46,25MB / 78MB,52.1MB / 132MB
73,2026-09-10T06:26:13.560223+00:00,147,2026-09-10T06:26:13.189333+00:00,false,microservices,order,ee5c0c148baa6b5b70db57587baa19173dfe1f199ef1d466234b4f0c10307749,tcc-microservices-experiment-order-1,82.17,80331407,1073741824,7.48,3,93MB / 84.6MB,3.72MB / 2.62MB
73,2026-09-10T06:26:13.560223+00:00,147,2026-09-10T06:26:13.189333+00:00,false,microservices,product,b86c8d938d3d05d64da30c1fdc02d48fdcc002d42cc550f857862d41c1456546,tcc-microservices-experiment-product-1,0.02,76042732,1073741824,7.08,3,417kB / 282kB,4.72MB / 2.64MB
74,2026-09-10T06:26:14.560217+00:00,149,2026-09-10T06:26:14.190202+00:00,false,microservices,auth,850bc5b79e2dc6ea0a93cb54e64e8083cfa356effe9fdd08c6e27f5304735829,tcc-microservices-experiment-auth-1,0.02,76629934,1073741824,7.14,3,45.7kB / 40.3kB,7.15MB / 2.63MB
74,2026-09-10T06:26:14.560217+00:00,149,2026-09-10T06:26:14.190202+00:00,false,microservices,gateway,04205f28bb8c1f9b8eb02c123c954deaa86cb685677995ef5f7f35763c4eba3b,tcc-microservices-experiment-gateway-1,27.83,470496051,536870912,87.63,77,69.3MB / 76.9MB,22.6MB / 7.54MB
74,2026-09-10T06:26:14.560217+00:00,149,2026-09-10T06:26:14.190202+00:00,false,microservices,mysql,78260fe92dc139315e95368911f397987598af1813ddfb66a41e27d7fb4f82c9,tcc-microservices-experiment-mysql-1,29.19,518835405,1073741824,48.32,40,25.2MB / 78.8MB,52.1MB / 132MB
74,2026-09-10T06:26:14.560217+00:00,149,2026-09-10T06:26:14.190202+00:00,false,microservices,order,ee5c0c148baa6b5b70db57587baa19173dfe1f199ef1d466234b4f0c10307749,tcc-microservices-experiment-order-1,80.82,80656466,1073741824,7.51,3,94MB / 85.5MB,3.72MB / 2.62MB
74,2026-09-10T06:26:14.560217+00:00,149,2026-09-10T06:26:14.190202+00:00,false,microservices,product,b86c8d938d3d05d64da30c1fdc02d48fdcc002d42cc550f857862d41c1456546,tcc-microservices-experiment-product-1,0.02,76042732,1073741824,7.08,3,417kB / 282kB,4.72MB / 2.64MB
75,2026-09-10T06:26:15.560234+00:00,151,2026-09-10T06:26:15.189492+00:00,false,microservices,auth,850bc5b79e2dc6ea0a93cb54e64e8083cfa356effe9fdd08c6e27f5304735829,tcc-microservices-experiment-auth-1,0.01,76629934,1073741824,7.14,3,45.7kB / 40.3kB,7.15MB / 2.63MB
75,2026-09-10T06:26:15.560234+00:00,151,2026-09-10T06:26:15.189492+00:00,false,microservices,gateway,04205f28bb8c1f9b8eb02c123c954deaa86cb685677995ef5f7f35763c4eba3b,tcc-microservices-experiment-gateway-1,31.09,471125197,536870912,87.75,77,70MB / 77.7MB,22.6MB / 7.54MB
75,2026-09-10T06:26:15.560234+00:00,151,2026-09-10T06:26:15.189492+00:00,false,microservices,mysql,78260fe92dc139315e95368911f397987598af1813ddfb66a41e27d7fb4f82c9,tcc-microservices-experiment-mysql-1,25.42,518940262,1073741824,48.33,40,25.4MB / 79.5MB,52.1MB / 132MB
75,2026-09-10T06:26:15.560234+00:00,151,2026-09-10T06:26:15.189492+00:00,false,microservices,order,ee5c0c148baa6b5b70db57587baa19173dfe1f199ef1d466234b4f0c10307749,tcc-microservices-experiment-order-1,80.43,80331407,1073741824,7.48,3,94.9MB / 86.3MB,3.72MB / 2.62MB
75,2026-09-10T06:26:15.560234+00:00,151,2026-09-10T06:26:15.189492+00:00,false,microservices,product,b86c8d938d3d05d64da30c1fdc02d48fdcc002d42cc550f857862d41c1456546,tcc-microservices-experiment-product-1,0.02,76042732,1073741824,7.08,3,417kB / 282kB,4.72MB / 2.64MB
76,2026-09-10T06:26:16.560251+00:00,153,2026-09-10T06:26:16.188341+00:00,false,microservices,auth,850bc5b79e2dc6ea0a93cb54e64e8083cfa356effe9fdd08c6e27f5304735829,tcc-microservices-experiment-auth-1,0.02,76629934,1073741824,7.14,3,45.7kB / 40.3kB,7.15MB / 2.63MB
76,2026-09-10T06:26:16.560251+00:00,153,2026-09-10T06:26:16.188341+00:00,false,microservices,gateway,04205f28bb8c1f9b8eb02c123c954deaa86cb685677995ef5f7f35763c4eba3b,tcc-microservices-experiment-gateway-1,27.62,470496051,536870912,87.64,77,70.8MB / 78.5MB,22.6MB / 7.54MB
76,2026-09-10T06:26:16.560251+00:00,153,2026-09-10T06:26:16.188341+00:00,false,microservices,mysql,78260fe92dc139315e95368911f397987598af1813ddfb66a41e27d7fb4f82c9,tcc-microservices-experiment-mysql-1,30.46,519359693,1073741824,48.37,40,25.6MB / 80.3MB,52.1MB / 132MB
76,2026-09-10T06:26:16.560251+00:00,153,2026-09-10T06:26:16.188341+00:00,false,microservices,order,ee5c0c148baa6b5b70db57587baa19173dfe1f199ef1d466234b4f0c10307749,tcc-microservices-experiment-order-1,80.69,79838577,1073741824,7.44,3,95.8MB / 87.2MB,3.72MB / 2.62MB
76,2026-09-10T06:26:16.560251+00:00,153,2026-09-10T06:26:16.188341+00:00,false,microservices,product,b86c8d938d3d05d64da30c1fdc02d48fdcc002d42cc550f857862d41c1456546,tcc-microservices-experiment-product-1,0.03,76042732,1073741824,7.08,3,417kB / 282kB,4.72MB / 2.64MB
77,2026-09-10T06:26:17.560209+00:00,155,2026-09-10T06:26:17.189443+00:00,false,microservices,auth,850bc5b79e2dc6ea0a93cb54e64e8083cfa356effe9fdd08c6e27f5304735829,tcc-microservices-experiment-auth-1,0.01,76629934,1073741824,7.14,3,45.7kB / 40.3kB,7.15MB / 2.63MB
77,2026-09-10T06:26:17.560209+00:00,155,2026-09-10T06:26:17.189443+00:00,false,microservices,gateway,04205f28bb8c1f9b8eb02c123c954deaa86cb685677995ef5f7f35763c4eba3b,tcc-microservices-experiment-gateway-1,28.34,470286336,536870912,87.6,77,71.5MB / 79.3MB,22.6MB / 7.54MB
77,2026-09-10T06:26:17.560209+00:00,155,2026-09-10T06:26:17.189443+00:00,false,microservices,mysql,78260fe92dc139315e95368911f397987598af1813ddfb66a41e27d7fb4f82c9,tcc-microservices-experiment-mysql-1,25.47,519149978,1073741824,48.35,40,25.9MB / 81.1MB,52.1MB / 132MB
77,2026-09-10T06:26:17.560209+00:00,155,2026-09-10T06:26:17.189443+00:00,false,microservices,order,ee5c0c148baa6b5b70db57587baa19173dfe1f199ef1d466234b4f0c10307749,tcc-microservices-experiment-order-1,80.69,80404808,1073741824,7.49,3,96.7MB / 88MB,3.72MB / 2.62MB
77,2026-09-10T06:26:17.560209+00:00,155,2026-09-10T06:26:17.189443+00:00,false,microservices,product,b86c8d938d3d05d64da30c1fdc02d48fdcc002d42cc550f857862d41c1456546,tcc-microservices-experiment-product-1,0.02,76042732,1073741824,7.08,3,417kB / 282kB,4.72MB / 2.64MB
78,2026-09-10T06:26:18.560235+00:00,157,2026-09-10T06:26:18.189247+00:00,false,microservices,auth,850bc5b79e2dc6ea0a93cb54e64e8083cfa356effe9fdd08c6e27f5304735829,tcc-microservices-experiment-auth-1,0.02,76629934,1073741824,7.14,3,45.7kB / 40.3kB,7.15MB / 2.63MB
78,2026-09-10T06:26:18.560235+00:00,157,2026-09-10T06:26:18.189247+00:00,false,microservices,gateway,04205f28bb8c1f9b8eb02c123c954deaa86cb685677995ef5f7f35763c4eba3b,tcc-microservices-experiment-gateway-1,28.59,470810624,536870912,87.69,77,72.2MB / 80.1MB,22.6MB / 7.54MB
78,2026-09-10T06:26:18.560235+00:00,157,2026-09-10T06:26:18.189247+00:00,false,microservices,mysql,78260fe92dc139315e95368911f397987598af1813ddfb66a41e27d7fb4f82c9,tcc-microservices-experiment-mysql-1,28.4,518311117,1073741824,48.27,40,26.1MB / 81.9MB,52.1MB / 132MB
78,2026-09-10T06:26:18.560235+00:00,157,2026-09-10T06:26:18.189247+00:00,false,microservices,order,ee5c0c148baa6b5b70db57587baa19173dfe1f199ef1d466234b4f0c10307749,tcc-microservices-experiment-order-1,82.0,79828091,1073741824,7.43,3,97.7MB / 88.9MB,3.72MB / 2.62MB
78,2026-09-10T06:26:18.560235+00:00,157,2026-09-10T06:26:18.189247+00:00,false,microservices,product,b86c8d938d3d05d64da30c1fdc02d48fdcc002d42cc550f857862d41c1456546,tcc-microservices-experiment-product-1,0.02,76042732,1073741824,7.08,3,417kB / 282kB,4.72MB / 2.64MB
79,2026-09-10T06:26:19.560237+00:00,159,2026-09-10T06:26:19.188394+00:00,false,microservices,auth,850bc5b79e2dc6ea0a93cb54e64e8083cfa356effe9fdd08c6e27f5304735829,tcc-microservices-experiment-auth-1,0.02,76629934,1073741824,7.14,3,45.7kB / 40.3kB,7.15MB / 2.63MB
79,2026-09-10T06:26:19.560237+00:00,159,2026-09-10T06:26:19.188394+00:00,false,microservices,gateway,04205f28bb8c1f9b8eb02c123c954deaa86cb685677995ef5f7f35763c4eba3b,tcc-microservices-experiment-gateway-1,51.19,470496051,536870912,87.63,77,73MB / 80.9MB,22.6MB / 7.54MB
79,2026-09-10T06:26:19.560237+00:00,159,2026-09-10T06:26:19.188394+00:00,false,microservices,mysql,78260fe92dc139315e95368911f397987598af1813ddfb66a41e27d7fb4f82c9,tcc-microservices-experiment-mysql-1,24.4,519149978,1073741824,48.35,40,26.3MB / 82.6MB,52.1MB / 132MB
79,2026-09-10T06:26:19.560237+00:00,159,2026-09-10T06:26:19.188394+00:00,false,microservices,order,ee5c0c148baa6b5b70db57587baa19173dfe1f199ef1d466234b4f0c10307749,tcc-microservices-experiment-order-1,82.12,80719380,1073741824,7.52,3,98.6MB / 89.8MB,3.72MB / 3.85MB
79,2026-09-10T06:26:19.560237+00:00,159,2026-09-10T06:26:19.188394+00:00,false,microservices,product,b86c8d938d3d05d64da30c1fdc02d48fdcc002d42cc550f857862d41c1456546,tcc-microservices-experiment-product-1,0.02,76042732,1073741824,7.08,3,417kB / 282kB,4.72MB / 2.64MB
80,2026-09-10T06:26:20.560232+00:00,161,2026-09-10T06:26:20.189339+00:00,false,microservices,auth,850bc5b79e2dc6ea0a93cb54e64e8083cfa356effe9fdd08c6e27f5304735829,tcc-microservices-experiment-auth-1,0.02,76629934,1073741824,7.14,3,45.7kB / 40.3kB,7.15MB / 2.63MB
80,2026-09-10T06:26:20.560232+00:00,161,2026-09-10T06:26:20.189339+00:00,false,microservices,gateway,04205f28bb8c1f9b8eb02c123c954deaa86cb685677995ef5f7f35763c4eba3b,tcc-microservices-experiment-gateway-1,27.39,470915482,536870912,87.71,77,73.7MB / 81.7MB,22.6MB / 7.54MB
80,2026-09-10T06:26:20.560232+00:00,161,2026-09-10T06:26:20.189339+00:00,false,microservices,mysql,78260fe92dc139315e95368911f397987598af1813ddfb66a41e27d7fb4f82c9,tcc-microservices-experiment-mysql-1,29.23,519464550,1073741824,48.38,40,26.5MB / 83.4MB,52.1MB / 132MB
80,2026-09-10T06:26:20.560232+00:00,161,2026-09-10T06:26:20.189339+00:00,false,microservices,order,ee5c0c148baa6b5b70db57587baa19173dfe1f199ef1d466234b4f0c10307749,tcc-microservices-experiment-order-1,81.02,80488694,1073741824,7.5,3,99.6MB / 90.6MB,3.72MB / 3.85MB
80,2026-09-10T06:26:20.560232+00:00,161,2026-09-10T06:26:20.189339+00:00,false,microservices,product,b86c8d938d3d05d64da30c1fdc02d48fdcc002d42cc550f857862d41c1456546,tcc-microservices-experiment-product-1,0.02,76042732,1073741824,7.08,3,417kB / 282kB,4.72MB / 2.64MB
81,2026-09-10T06:26:21.560229+00:00,163,2026-09-10T06:26:21.189267+00:00,false,microservices,auth,850bc5b79e2dc6ea0a93cb54e64e8083cfa356effe9fdd08c6e27f5304735829,tcc-microservices-experiment-auth-1,0.02,76629934,1073741824,7.14,3,45.7kB / 40.3kB,7.15MB / 2.63MB
81,2026-09-10T06:26:21.560229+00:00,163,2026-09-10T06:26:21.189267+00:00,false,microservices,gateway,04205f28bb8c1f9b8eb02c123c954deaa86cb685677995ef5f7f35763c4eba3b,tcc-microservices-experiment-gateway-1,27.75,470076621,536870912,87.55,77,74.4MB / 82.5MB,22.6MB / 7.54MB
81,2026-09-10T06:26:21.560229+00:00,163,2026-09-10T06:26:21.189267+00:00,false,microservices,mysql,78260fe92dc139315e95368911f397987598af1813ddfb66a41e27d7fb4f82c9,tcc-microservices-experiment-mysql-1,25.29,519045120,1073741824,48.34,40,26.7MB / 84.2MB,52.1MB / 132MB
81,2026-09-10T06:26:21.560229+00:00,163,2026-09-10T06:26:21.189267+00:00,false,microservices,order,ee5c0c148baa6b5b70db57587baa19173dfe1f199ef1d466234b4f0c10307749,tcc-microservices-experiment-order-1,81.3,80331407,1073741824,7.48,3,100MB / 91.5MB,3.72MB / 3.85MB
81,2026-09-10T06:26:21.560229+00:00,163,2026-09-10T06:26:21.189267+00:00,false,microservices,product,b86c8d938d3d05d64da30c1fdc02d48fdcc002d42cc550f857862d41c1456546,tcc-microservices-experiment-product-1,0.02,76042732,1073741824,7.08,3,417kB / 282kB,4.72MB / 2.64MB
82,2026-09-10T06:26:22.560232+00:00,165,2026-09-10T06:26:22.190202+00:00,false,microservices,auth,850bc5b79e2dc6ea0a93cb54e64e8083cfa356effe9fdd08c6e27f5304735829,tcc-microservices-experiment-auth-1,0.02,76629934,1073741824,7.14,3,45.7kB / 40.3kB,7.15MB / 2.63MB
82,2026-09-10T06:26:22.560232+00:00,165,2026-09-10T06:26:22.190202+00:00,false,microservices,gateway,04205f28bb8c1f9b8eb02c123c954deaa86cb685677995ef5f7f35763c4eba3b,tcc-microservices-experiment-gateway-1,27.91,470915482,536870912,87.71,77,75.2MB / 83.3MB,22.6MB / 7.54MB
82,2026-09-10T06:26:22.560232+00:00,165,2026-09-10T06:26:22.190202+00:00,false,microservices,mysql,78260fe92dc139315e95368911f397987598af1813ddfb66a41e27d7fb4f82c9,tcc-microservices-experiment-mysql-1,28.93,519254835,1073741824,48.36,40,27MB / 84.9MB,52.1MB / 132MB
82,2026-09-10T06:26:22.560232+00:00,165,2026-09-10T06:26:22.190202+00:00,false,microservices,order,ee5c0c148baa6b5b70db57587baa19173dfe1f199ef1d466234b4f0c10307749,tcc-microservices-experiment-order-1,81.48,79828091,1073741824,7.43,3,101MB / 92.3MB,3.72MB / 3.85MB
82,2026-09-10T06:26:22.560232+00:00,165,2026-09-10T06:26:22.190202+00:00,false,microservices,product,b86c8d938d3d05d64da30c1fdc02d48fdcc002d42cc550f857862d41c1456546,tcc-microservices-experiment-product-1,0.02,76042732,1073741824,7.08,3,417kB / 282kB,4.72MB / 2.64MB
83,2026-09-10T06:26:23.560225+00:00,167,2026-09-10T06:26:23.189249+00:00,false,microservices,auth,850bc5b79e2dc6ea0a93cb54e64e8083cfa356effe9fdd08c6e27f5304735829,tcc-microservices-experiment-auth-1,0.02,76629934,1073741824,7.14,3,45.7kB / 40.3kB,7.15MB / 2.63MB
83,2026-09-10T06:26:23.560225+00:00,167,2026-09-10T06:26:23.189249+00:00,false,microservices,gateway,04205f28bb8c1f9b8eb02c123c954deaa86cb685677995ef5f7f35763c4eba3b,tcc-microservices-experiment-gateway-1,31.96,471754342,536870912,87.88,77,75.9MB / 84.2MB,22.7MB / 7.56MB
83,2026-09-10T06:26:23.560225+00:00,167,2026-09-10T06:26:23.189249+00:00,false,microservices,mysql,78260fe92dc139315e95368911f397987598af1813ddfb66a41e27d7fb4f82c9,tcc-microservices-experiment-mysql-1,24.46,518835405,1073741824,48.32,40,27.2MB / 85.7MB,52.1MB / 132MB
83,2026-09-10T06:26:23.560225+00:00,167,2026-09-10T06:26:23.189249+00:00,false,microservices,order,ee5c0c148baa6b5b70db57587baa19173dfe1f199ef1d466234b4f0c10307749,tcc-microservices-experiment-order-1,82.16,80016835,1073741824,7.45,3,102MB / 93.2MB,3.72MB / 3.85MB
83,2026-09-10T06:26:23.560225+00:00,167,2026-09-10T06:26:23.189249+00:00,false,microservices,product,b86c8d938d3d05d64da30c1fdc02d48fdcc002d42cc550f857862d41c1456546,tcc-microservices-experiment-product-1,0.02,76042732,1073741824,7.08,3,417kB / 282kB,4.72MB / 2.64MB
84,2026-09-10T06:26:24.560223+00:00,169,2026-09-10T06:26:24.189255+00:00,false,microservices,auth,850bc5b79e2dc6ea0a93cb54e64e8083cfa356effe9fdd08c6e27f5304735829,tcc-microservices-experiment-auth-1,0.02,76629934,1073741824,7.14,3,45.7kB / 40.3kB,7.15MB / 2.63MB
84,2026-09-10T06:26:24.560223+00:00,169,2026-09-10T06:26:24.189255+00:00,false,microservices,gateway,04205f28bb8c1f9b8eb02c123c954deaa86cb685677995ef5f7f35763c4eba3b,tcc-microservices-experiment-gateway-1,27.37,472068915,536870912,87.93,77,76.6MB / 85MB,22.7MB / 7.56MB
84,2026-09-10T06:26:24.560223+00:00,169,2026-09-10T06:26:24.189255+00:00,false,microservices,mysql,78260fe92dc139315e95368911f397987598af1813ddfb66a41e27d7fb4f82c9,tcc-microservices-experiment-mysql-1,28.75,519359693,1073741824,48.37,40,27.4MB / 86.5MB,52.1MB / 132MB
84,2026-09-10T06:26:24.560223+00:00,169,2026-09-10T06:26:24.189255+00:00,false,microservices,order,ee5c0c148baa6b5b70db57587baa19173dfe1f199ef1d466234b4f0c10307749,tcc-microservices-experiment-order-1,81.35,80436265,1073741824,7.49,3,103MB / 94.1MB,3.72MB / 3.85MB
84,2026-09-10T06:26:24.560223+00:00,169,2026-09-10T06:26:24.189255+00:00,false,microservices,product,b86c8d938d3d05d64da30c1fdc02d48fdcc002d42cc550f857862d41c1456546,tcc-microservices-experiment-product-1,0.02,76042732,1073741824,7.08,3,417kB / 282kB,4.72MB / 2.64MB
85,2026-09-10T06:26:25.560226+00:00,171,2026-09-10T06:26:25.190616+00:00,false,microservices,auth,850bc5b79e2dc6ea0a93cb54e64e8083cfa356effe9fdd08c6e27f5304735829,tcc-microservices-experiment-auth-1,0.02,76629934,1073741824,7.14,3,45.7kB / 40.3kB,7.15MB / 2.63MB
85,2026-09-10T06:26:25.560226+00:00,171,2026-09-10T06:26:25.190616+00:00,false,microservices,gateway,04205f28bb8c1f9b8eb02c123c954deaa86cb685677995ef5f7f35763c4eba3b,tcc-microservices-experiment-gateway-1,27.6,471754342,536870912,87.87,77,77.4MB / 85.8MB,22.7MB / 7.56MB
85,2026-09-10T06:26:25.560226+00:00,171,2026-09-10T06:26:25.190616+00:00,false,microservices,mysql,78260fe92dc139315e95368911f397987598af1813ddfb66a41e27d7fb4f82c9,tcc-microservices-experiment-mysql-1,25.61,519254835,1073741824,48.36,40,27.6MB / 87.3MB,52.1MB / 132MB
85,2026-09-10T06:26:25.560226+00:00,171,2026-09-10T06:26:25.190616+00:00,false,microservices,order,ee5c0c148baa6b5b70db57587baa19173dfe1f199ef1d466234b4f0c10307749,tcc-microservices-experiment-order-1,80.45,80992010,1073741824,7.54,3,104MB / 94.9MB,3.72MB / 3.85MB
85,2026-09-10T06:26:25.560226+00:00,171,2026-09-10T06:26:25.190616+00:00,false,microservices,product,b86c8d938d3d05d64da30c1fdc02d48fdcc002d42cc550f857862d41c1456546,tcc-microservices-experiment-product-1,0.02,76042732,1073741824,7.08,3,417kB / 282kB,4.72MB / 2.64MB
86,2026-09-10T06:26:26.560220+00:00,173,2026-09-10T06:26:26.189272+00:00,false,microservices,auth,850bc5b79e2dc6ea0a93cb54e64e8083cfa356effe9fdd08c6e27f5304735829,tcc-microservices-experiment-auth-1,0.02,76629934,1073741824,7.14,3,45.7kB / 40.3kB,7.15MB / 2.63MB
86,2026-09-10T06:26:26.560220+00:00,173,2026-09-10T06:26:26.189272+00:00,false,microservices,gateway,04205f28bb8c1f9b8eb02c123c954deaa86cb685677995ef5f7f35763c4eba3b,tcc-microservices-experiment-gateway-1,28.19,472173773,536870912,87.96,77,78.1MB / 86.6MB,22.7MB / 7.56MB
86,2026-09-10T06:26:26.560220+00:00,173,2026-09-10T06:26:26.189272+00:00,false,microservices,mysql,78260fe92dc139315e95368911f397987598af1813ddfb66a41e27d7fb4f82c9,tcc-microservices-experiment-mysql-1,29.61,519779123,1073741824,48.41,40,27.8MB / 88MB,52.1MB / 132MB
86,2026-09-10T06:26:26.560220+00:00,173,2026-09-10T06:26:26.189272+00:00,false,microservices,order,ee5c0c148baa6b5b70db57587baa19173dfe1f199ef1d466234b4f0c10307749,tcc-microservices-experiment-order-1,80.63,80278979,1073741824,7.48,3,105MB / 95.8MB,3.72MB / 3.85MB
86,2026-09-10T06:26:26.560220+00:00,173,2026-09-10T06:26:26.189272+00:00,false,microservices,product,b86c8d938d3d05d64da30c1fdc02d48fdcc002d42cc550f857862d41c1456546,tcc-microservices-experiment-product-1,0.02,76042732,1073741824,7.08,3,417kB / 282kB,4.72MB / 2.64MB
87,2026-09-10T06:26:27.560232+00:00,175,2026-09-10T06:26:27.188379+00:00,false,microservices,auth,850bc5b79e2dc6ea0a93cb54e64e8083cfa356effe9fdd08c6e27f5304735829,tcc-microservices-experiment-auth-1,0.01,76629934,1073741824,7.14,3,45.7kB / 40.3kB,7.15MB / 2.63MB
87,2026-09-10T06:26:27.560232+00:00,175,2026-09-10T06:26:27.188379+00:00,false,microservices,gateway,04205f28bb8c1f9b8eb02c123c954deaa86cb685677995ef5f7f35763c4eba3b,tcc-microservices-experiment-gateway-1,26.6,471125197,536870912,87.75,77,78.8MB / 87.4MB,22.7MB / 7.56MB
87,2026-09-10T06:26:27.560232+00:00,175,2026-09-10T06:26:27.188379+00:00,false,microservices,mysql,78260fe92dc139315e95368911f397987598af1813ddfb66a41e27d7fb4f82c9,tcc-microservices-experiment-mysql-1,26.67,519569408,1073741824,48.39,40,28MB / 88.8MB,52.1MB / 132MB
87,2026-09-10T06:26:27.560232+00:00,175,2026-09-10T06:26:27.188379+00:00,false,microservices,order,ee5c0c148baa6b5b70db57587baa19173dfe1f199ef1d466234b4f0c10307749,tcc-microservices-experiment-order-1,79.6,80111206,1073741824,7.46,3,106MB / 96.6MB,3.72MB / 3.85MB
87,2026-09-10T06:26:27.560232+00:00,175,2026-09-10T06:26:27.188379+00:00,false,microservices,product,b86c8d938d3d05d64da30c1fdc02d48fdcc002d42cc550f857862d41c1456546,tcc-microservices-experiment-product-1,0.02,76042732,1073741824,7.08,3,417kB / 282kB,4.72MB / 2.64MB
88,2026-09-10T06:26:28.560224+00:00,177,2026-09-10T06:26:28.189239+00:00,false,microservices,auth,850bc5b79e2dc6ea0a93cb54e64e8083cfa356effe9fdd08c6e27f5304735829,tcc-microservices-experiment-auth-1,0.02,76629934,1073741824,7.14,3,45.7kB / 40.3kB,7.15MB / 2.63MB
88,2026-09-10T06:26:28.560224+00:00,177,2026-09-10T06:26:28.189239+00:00,false,microservices,gateway,04205f28bb8c1f9b8eb02c123c954deaa86cb685677995ef5f7f35763c4eba3b,tcc-microservices-experiment-gateway-1,66.69,471859200,536870912,87.88,77,79.5MB / 88.1MB,22.7MB / 7.56MB
88,2026-09-10T06:26:28.560224+00:00,177,2026-09-10T06:26:28.189239+00:00,false,microservices,mysql,78260fe92dc139315e95368911f397987598af1813ddfb66a41e27d7fb4f82c9,tcc-microservices-experiment-mysql-1,30.75,519883981,1073741824,48.42,40,28.3MB / 89.5MB,52.1MB / 132MB
88,2026-09-10T06:26:28.560224+00:00,177,2026-09-10T06:26:28.189239+00:00,false,microservices,order,ee5c0c148baa6b5b70db57587baa19173dfe1f199ef1d466234b4f0c10307749,tcc-microservices-experiment-order-1,79.39,80163635,1073741824,7.47,3,107MB / 97.4MB,3.72MB / 3.85MB
88,2026-09-10T06:26:28.560224+00:00,177,2026-09-10T06:26:28.189239+00:00,false,microservices,product,b86c8d938d3d05d64da30c1fdc02d48fdcc002d42cc550f857862d41c1456546,tcc-microservices-experiment-product-1,0.02,76042732,1073741824,7.08,3,417kB / 282kB,4.72MB / 2.64MB
89,2026-09-10T06:26:29.560238+00:00,179,2026-09-10T06:26:29.189803+00:00,false,microservices,auth,850bc5b79e2dc6ea0a93cb54e64e8083cfa356effe9fdd08c6e27f5304735829,tcc-microservices-experiment-auth-1,0.02,76629934,1073741824,7.14,3,45.7kB / 40.3kB,7.15MB / 2.63MB
89,2026-09-10T06:26:29.560238+00:00,179,2026-09-10T06:26:29.189803+00:00,false,microservices,gateway,04205f28bb8c1f9b8eb02c123c954deaa86cb685677995ef5f7f35763c4eba3b,tcc-microservices-experiment-gateway-1,26.67,471754342,536870912,87.88,77,80.2MB / 88.9MB,22.7MB / 7.56MB
89,2026-09-10T06:26:29.560238+00:00,179,2026-09-10T06:26:29.189803+00:00,false,microservices,mysql,78260fe92dc139315e95368911f397987598af1813ddfb66a41e27d7fb4f82c9,tcc-microservices-experiment-mysql-1,26.52,519779123,1073741824,48.41,40,28.5MB / 90.3MB,52.1MB / 132MB
89,2026-09-10T06:26:29.560238+00:00,179,2026-09-10T06:26:29.189803+00:00,false,microservices,order,ee5c0c148baa6b5b70db57587baa19173dfe1f199ef1d466234b4f0c10307749,tcc-microservices-experiment-order-1,79.05,80404808,1073741824,7.49,3,108MB / 98.3MB,3.72MB / 3.85MB
89,2026-09-10T06:26:29.560238+00:00,179,2026-09-10T06:26:29.189803+00:00,false,microservices,product,b86c8d938d3d05d64da30c1fdc02d48fdcc002d42cc550f857862d41c1456546,tcc-microservices-experiment-product-1,0.02,76042732,1073741824,7.08,3,417kB / 282kB,4.72MB / 2.64MB
90,2026-09-10T06:26:30.560223+00:00,181,2026-09-10T06:26:30.189894+00:00,false,microservices,auth,850bc5b79e2dc6ea0a93cb54e64e8083cfa356effe9fdd08c6e27f5304735829,tcc-microservices-experiment-auth-1,0.02,76629934,1073741824,7.14,3,45.7kB / 40.3kB,7.15MB / 2.63MB
90,2026-09-10T06:26:30.560223+00:00,181,2026-09-10T06:26:30.189894+00:00,false,microservices,gateway,04205f28bb8c1f9b8eb02c123c954deaa86cb685677995ef5f7f35763c4eba3b,tcc-microservices-experiment-gateway-1,26.47,472488346,536870912,88.01,77,80.9MB / 89.7MB,22.7MB / 7.56MB
90,2026-09-10T06:26:30.560223+00:00,181,2026-09-10T06:26:30.189894+00:00,false,microservices,mysql,78260fe92dc139315e95368911f397987598af1813ddfb66a41e27d7fb4f82c9,tcc-microservices-experiment-mysql-1,29.36,519464550,1073741824,48.37,40,28.7MB / 91MB,52.1MB / 132MB
90,2026-09-10T06:26:30.560223+00:00,181,2026-09-10T06:26:30.189894+00:00,false,microservices,order,ee5c0c148baa6b5b70db57587baa19173dfe1f199ef1d466234b4f0c10307749,tcc-microservices-experiment-order-1,80.64,80132178,1073741824,7.46,3,109MB / 99.1MB,3.72MB / 3.85MB
90,2026-09-10T06:26:30.560223+00:00,181,2026-09-10T06:26:30.189894+00:00,false,microservices,product,b86c8d938d3d05d64da30c1fdc02d48fdcc002d42cc550f857862d41c1456546,tcc-microservices-experiment-product-1,0.02,76042732,1073741824,7.08,3,417kB / 282kB,4.72MB / 2.64MB
91,2026-09-10T06:26:31.560235+00:00,183,2026-09-10T06:26:31.189482+00:00,false,microservices,auth,850bc5b79e2dc6ea0a93cb54e64e8083cfa356effe9fdd08c6e27f5304735829,tcc-microservices-experiment-auth-1,0.02,76629934,1073741824,7.14,3,45.7kB / 40.3kB,7.15MB / 2.63MB
91,2026-09-10T06:26:31.560235+00:00,183,2026-09-10T06:26:31.189482+00:00,false,microservices,gateway,04205f28bb8c1f9b8eb02c123c954deaa86cb685677995ef5f7f35763c4eba3b,tcc-microservices-experiment-gateway-1,31.78,480772096,536870912,89.56,77,81.7MB / 90.5MB,22.7MB / 7.56MB
91,2026-09-10T06:26:31.560235+00:00,183,2026-09-10T06:26:31.189482+00:00,false,microservices,mysql,78260fe92dc139315e95368911f397987598af1813ddfb66a41e27d7fb4f82c9,tcc-microservices-experiment-mysql-1,24.45,518940262,1073741824,48.33,40,28.9MB / 91.8MB,52.1MB / 132MB
91,2026-09-10T06:26:31.560235+00:00,183,2026-09-10T06:26:31.189482+00:00,false,microservices,order,ee5c0c148baa6b5b70db57587baa19173dfe1f199ef1d466234b4f0c10307749,tcc-microservices-experiment-order-1,82.15,79597404,1073741824,7.41,3,110MB / 100MB,3.72MB / 3.85MB
91,2026-09-10T06:26:31.560235+00:00,183,2026-09-10T06:26:31.189482+00:00,false,microservices,product,b86c8d938d3d05d64da30c1fdc02d48fdcc002d42cc550f857862d41c1456546,tcc-microservices-experiment-product-1,0.02,76042732,1073741824,7.08,3,417kB / 282kB,4.72MB / 2.64MB
92,2026-09-10T06:26:32.560223+00:00,185,2026-09-10T06:26:32.189379+00:00,false,microservices,auth,850bc5b79e2dc6ea0a93cb54e64e8083cfa356effe9fdd08c6e27f5304735829,tcc-microservices-experiment-auth-1,0.02,76629934,1073741824,7.14,3,45.7kB / 40.3kB,7.15MB / 2.63MB
92,2026-09-10T06:26:32.560223+00:00,185,2026-09-10T06:26:32.189379+00:00,false,microservices,gateway,04205f28bb8c1f9b8eb02c123c954deaa86cb685677995ef5f7f35763c4eba3b,tcc-microservices-experiment-gateway-1,26.63,481401242,536870912,89.66,77,82.4MB / 91.4MB,22.7MB / 7.56MB
92,2026-09-10T06:26:32.560223+00:00,185,2026-09-10T06:26:32.189379+00:00,false,microservices,mysql,78260fe92dc139315e95368911f397987598af1813ddfb66a41e27d7fb4f82c9,tcc-microservices-experiment-mysql-1,29.27,520198554,1073741824,48.44,40,29.1MB / 92.6MB,52.1MB / 132MB
92,2026-09-10T06:26:32.560223+00:00,185,2026-09-10T06:26:32.189379+00:00,false,microservices,order,ee5c0c148baa6b5b70db57587baa19173dfe1f199ef1d466234b4f0c10307749,tcc-microservices-experiment-order-1,80.95,80939581,1073741824,7.54,3,111MB / 101MB,3.72MB / 3.85MB
92,2026-09-10T06:26:32.560223+00:00,185,2026-09-10T06:26:32.189379+00:00,false,microservices,product,b86c8d938d3d05d64da30c1fdc02d48fdcc002d42cc550f857862d41c1456546,tcc-microservices-experiment-product-1,0.02,76042732,1073741824,7.08,3,417kB / 282kB,4.72MB / 2.64MB
93,2026-09-10T06:26:33.560253+00:00,187,2026-09-10T06:26:33.189233+00:00,false,microservices,auth,850bc5b79e2dc6ea0a93cb54e64e8083cfa356effe9fdd08c6e27f5304735829,tcc-microservices-experiment-auth-1,0.02,76629934,1073741824,7.14,3,45.7kB / 40.3kB,7.15MB / 2.63MB
93,2026-09-10T06:26:33.560253+00:00,187,2026-09-10T06:26:33.189233+00:00,false,microservices,gateway,04205f28bb8c1f9b8eb02c123c954deaa86cb685677995ef5f7f35763c4eba3b,tcc-microservices-experiment-gateway-1,27.48,481296384,536870912,89.64,77,83.1MB / 92.2MB,22.7MB / 7.56MB
93,2026-09-10T06:26:33.560253+00:00,187,2026-09-10T06:26:33.189233+00:00,false,microservices,mysql,78260fe92dc139315e95368911f397987598af1813ddfb66a41e27d7fb4f82c9,tcc-microservices-experiment-mysql-1,25.6,519149978,1073741824,48.35,40,29.3MB / 93.3MB,52.1MB / 132MB
93,2026-09-10T06:26:33.560253+00:00,187,2026-09-10T06:26:33.189233+00:00,false,microservices,order,ee5c0c148baa6b5b70db57587baa19173dfe1f199ef1d466234b4f0c10307749,tcc-microservices-experiment-order-1,80.22,80341893,1073741824,7.48,3,112MB / 102MB,3.72MB / 3.85MB
93,2026-09-10T06:26:33.560253+00:00,187,2026-09-10T06:26:33.189233+00:00,false,microservices,product,b86c8d938d3d05d64da30c1fdc02d48fdcc002d42cc550f857862d41c1456546,tcc-microservices-experiment-product-1,0.02,76042732,1073741824,7.08,3,417kB / 282kB,4.72MB / 2.64MB
94,2026-09-10T06:26:34.560224+00:00,189,2026-09-10T06:26:34.189295+00:00,false,microservices,auth,850bc5b79e2dc6ea0a93cb54e64e8083cfa356effe9fdd08c6e27f5304735829,tcc-microservices-experiment-auth-1,0.02,76629934,1073741824,7.14,3,45.7kB / 40.3kB,7.15MB / 2.63MB
94,2026-09-10T06:26:34.560224+00:00,189,2026-09-10T06:26:34.189295+00:00,false,microservices,gateway,04205f28bb8c1f9b8eb02c123c954deaa86cb685677995ef5f7f35763c4eba3b,tcc-microservices-experiment-gateway-1,27.15,481086669,536870912,89.61,77,83.9MB / 93MB,22.7MB / 7.56MB
94,2026-09-10T06:26:34.560224+00:00,189,2026-09-10T06:26:34.189295+00:00,false,microservices,mysql,78260fe92dc139315e95368911f397987598af1813ddfb66a41e27d7fb4f82c9,tcc-microservices-experiment-mysql-1,29.64,519359693,1073741824,48.37,40,29.6MB / 94.1MB,52.1MB / 132MB
94,2026-09-10T06:26:34.560224+00:00,189,2026-09-10T06:26:34.189295+00:00,false,microservices,order,ee5c0c148baa6b5b70db57587baa19173dfe1f199ef1d466234b4f0c10307749,tcc-microservices-experiment-order-1,80.62,79628861,1073741824,7.42,3,113MB / 103MB,3.72MB / 3.85MB
94,2026-09-10T06:26:34.560224+00:00,189,2026-09-10T06:26:34.189295+00:00,false,microservices,product,b86c8d938d3d05d64da30c1fdc02d48fdcc002d42cc550f857862d41c1456546,tcc-microservices-experiment-product-1,0.02,76042732,1073741824,7.08,3,417kB / 282kB,4.72MB / 2.64MB
95,2026-09-10T06:26:35.560215+00:00,191,2026-09-10T06:26:35.188802+00:00,false,microservices,auth,850bc5b79e2dc6ea0a93cb54e64e8083cfa356effe9fdd08c6e27f5304735829,tcc-microservices-experiment-auth-1,0.02,76629934,1073741824,7.14,3,45.7kB / 40.3kB,7.15MB / 2.63MB
95,2026-09-10T06:26:35.560215+00:00,191,2026-09-10T06:26:35.188802+00:00,false,microservices,gateway,04205f28bb8c1f9b8eb02c123c954deaa86cb685677995ef5f7f35763c4eba3b,tcc-microservices-experiment-gateway-1,27.07,480667238,536870912,89.52,77,84.6MB / 93.8MB,22.7MB / 7.56MB
95,2026-09-10T06:26:35.560215+00:00,191,2026-09-10T06:26:35.188802+00:00,false,microservices,mysql,78260fe92dc139315e95368911f397987598af1813ddfb66a41e27d7fb4f82c9,tcc-microservices-experiment-mysql-1,24.61,518940262,1073741824,48.33,40,29.8MB / 94.9MB,52.1MB / 132MB
95,2026-09-10T06:26:35.560215+00:00,191,2026-09-10T06:26:35.188802+00:00,false,microservices,order,ee5c0c148baa6b5b70db57587baa19173dfe1f199ef1d466234b4f0c10307749,tcc-microservices-experiment-order-1,81.38,80027320,1073741824,7.45,3,113MB / 103MB,3.72MB / 4.06MB
95,2026-09-10T06:26:35.560215+00:00,191,2026-09-10T06:26:35.188802+00:00,false,microservices,product,b86c8d938d3d05d64da30c1fdc02d48fdcc002d42cc550f857862d41c1456546,tcc-microservices-experiment-product-1,0.02,76042732,1073741824,7.08,3,417kB / 282kB,4.72MB / 2.64MB
96,2026-09-10T06:26:36.560222+00:00,193,2026-09-10T06:26:36.188272+00:00,false,microservices,auth,850bc5b79e2dc6ea0a93cb54e64e8083cfa356effe9fdd08c6e27f5304735829,tcc-microservices-experiment-auth-1,0.02,76629934,1073741824,7.14,3,45.7kB / 40.3kB,7.15MB / 2.63MB
96,2026-09-10T06:26:36.560222+00:00,193,2026-09-10T06:26:36.188272+00:00,false,microservices,gateway,04205f28bb8c1f9b8eb02c123c954deaa86cb685677995ef5f7f35763c4eba3b,tcc-microservices-experiment-gateway-1,27.68,480876954,536870912,89.56,77,85.3MB / 94.6MB,22.7MB / 7.56MB
96,2026-09-10T06:26:36.560222+00:00,193,2026-09-10T06:26:36.188272+00:00,false,microservices,mysql,78260fe92dc139315e95368911f397987598af1813ddfb66a41e27d7fb4f82c9,tcc-microservices-experiment-mysql-1,28.28,519359693,1073741824,48.37,40,30MB / 95.6MB,52.1MB / 132MB
96,2026-09-10T06:26:36.560222+00:00,193,2026-09-10T06:26:36.188272+00:00,false,microservices,order,ee5c0c148baa6b5b70db57587baa19173dfe1f199ef1d466234b4f0c10307749,tcc-microservices-experiment-order-1,82.12,80939581,1073741824,7.54,3,114MB / 104MB,3.72MB / 4.06MB
96,2026-09-10T06:26:36.560222+00:00,193,2026-09-10T06:26:36.188272+00:00,false,microservices,product,b86c8d938d3d05d64da30c1fdc02d48fdcc002d42cc550f857862d41c1456546,tcc-microservices-experiment-product-1,0.02,76042732,1073741824,7.08,3,417kB / 282kB,4.72MB / 2.64MB
97,2026-09-10T06:26:37.560221+00:00,195,2026-09-10T06:26:37.188318+00:00,false,microservices,auth,850bc5b79e2dc6ea0a93cb54e64e8083cfa356effe9fdd08c6e27f5304735829,tcc-microservices-experiment-auth-1,0.02,76629934,1073741824,7.14,3,45.7kB / 40.3kB,7.15MB / 2.63MB
97,2026-09-10T06:26:37.560221+00:00,195,2026-09-10T06:26:37.188318+00:00,false,microservices,gateway,04205f28bb8c1f9b8eb02c123c954deaa86cb685677995ef5f7f35763c4eba3b,tcc-microservices-experiment-gateway-1,40.05,480247808,536870912,89.45,77,86.1MB / 95.4MB,22.7MB / 7.56MB
97,2026-09-10T06:26:37.560221+00:00,195,2026-09-10T06:26:37.188318+00:00,false,microservices,mysql,78260fe92dc139315e95368911f397987598af1813ddfb66a41e27d7fb4f82c9,tcc-microservices-experiment-mysql-1,24.29,518940262,1073741824,48.33,40,30.2MB / 96.4MB,52.1MB / 132MB
97,2026-09-10T06:26:37.560221+00:00,195,2026-09-10T06:26:37.188318+00:00,false,microservices,order,ee5c0c148baa6b5b70db57587baa19173dfe1f199ef1d466234b4f0c10307749,tcc-microservices-experiment-order-1,81.89,79953920,1073741824,7.45,3,115MB / 105MB,3.72MB / 4.06MB
97,2026-09-10T06:26:37.560221+00:00,195,2026-09-10T06:26:37.188318+00:00,false,microservices,product,b86c8d938d3d05d64da30c1fdc02d48fdcc002d42cc550f857862d41c1456546,tcc-microservices-experiment-product-1,0.02,76042732,1073741824,7.08,3,417kB / 282kB,4.72MB / 2.64MB
98,2026-09-10T06:26:38.560268+00:00,197,2026-09-10T06:26:38.189289+00:00,false,microservices,auth,850bc5b79e2dc6ea0a93cb54e64e8083cfa356effe9fdd08c6e27f5304735829,tcc-microservices-experiment-auth-1,0.02,76629934,1073741824,7.14,3,45.7kB / 40.3kB,7.15MB / 2.63MB
98,2026-09-10T06:26:38.560268+00:00,197,2026-09-10T06:26:38.189289+00:00,false,microservices,gateway,04205f28bb8c1f9b8eb02c123c954deaa86cb685677995ef5f7f35763c4eba3b,tcc-microservices-experiment-gateway-1,26.45,480352666,536870912,89.48,77,86.8MB / 96.2MB,22.7MB / 7.57MB
98,2026-09-10T06:26:38.560268+00:00,197,2026-09-10T06:26:38.189289+00:00,false,microservices,mysql,78260fe92dc139315e95368911f397987598af1813ddfb66a41e27d7fb4f82c9,tcc-microservices-experiment-mysql-1,29.39,519149978,1073741824,48.35,40,30.4MB / 97.2MB,52.1MB / 132MB
98,2026-09-10T06:26:38.560268+00:00,197,2026-09-10T06:26:38.189289+00:00,false,microservices,order,ee5c0c148baa6b5b70db57587baa19173dfe1f199ef1d466234b4f0c10307749,tcc-microservices-experiment-order-1,79.56,80415293,1073741824,7.49,3,116MB / 106MB,3.72MB / 4.06MB
98,2026-09-10T06:26:38.560268+00:00,197,2026-09-10T06:26:38.189289+00:00,false,microservices,product,b86c8d938d3d05d64da30c1fdc02d48fdcc002d42cc550f857862d41c1456546,tcc-microservices-experiment-product-1,0.02,76042732,1073741824,7.08,3,417kB / 282kB,4.72MB / 2.64MB
99,2026-09-10T06:26:39.560222+00:00,199,2026-09-10T06:26:39.188286+00:00,false,microservices,auth,850bc5b79e2dc6ea0a93cb54e64e8083cfa356effe9fdd08c6e27f5304735829,tcc-microservices-experiment-auth-1,0.02,76629934,1073741824,7.14,3,45.7kB / 40.3kB,7.15MB / 2.63MB
99,2026-09-10T06:26:39.560222+00:00,199,2026-09-10T06:26:39.188286+00:00,false,microservices,gateway,04205f28bb8c1f9b8eb02c123c954deaa86cb685677995ef5f7f35763c4eba3b,tcc-microservices-experiment-gateway-1,27.65,481925530,536870912,89.76,77,87.5MB / 97MB,22.7MB / 7.57MB
99,2026-09-10T06:26:39.560222+00:00,199,2026-09-10T06:26:39.188286+00:00,false,microservices,mysql,78260fe92dc139315e95368911f397987598af1813ddfb66a41e27d7fb4f82c9,tcc-microservices-experiment-mysql-1,25.23,519359693,1073741824,48.37,40,30.7MB / 97.9MB,52.1MB / 132MB
99,2026-09-10T06:26:39.560222+00:00,199,2026-09-10T06:26:39.188286+00:00,false,microservices,order,ee5c0c148baa6b5b70db57587baa19173dfe1f199ef1d466234b4f0c10307749,tcc-microservices-experiment-order-1,80.85,79974892,1073741824,7.45,3,117MB / 107MB,3.72MB / 4.06MB
99,2026-09-10T06:26:39.560222+00:00,199,2026-09-10T06:26:39.188286+00:00,false,microservices,product,b86c8d938d3d05d64da30c1fdc02d48fdcc002d42cc550f857862d41c1456546,tcc-microservices-experiment-product-1,0.02,76042732,1073741824,7.08,3,417kB / 282kB,4.72MB / 2.64MB
100,2026-09-10T06:26:40.560216+00:00,201,2026-09-10T06:26:40.189936+00:00,false,microservices,auth,850bc5b79e2dc6ea0a93cb54e64e8083cfa356effe9fdd08c6e27f5304735829,tcc-microservices-experiment-auth-1,0.02,76629934,1073741824,7.14,3,45.7kB / 40.3kB,7.15MB / 2.63MB
100,2026-09-10T06:26:40.560216+00:00,201,2026-09-10T06:26:40.189936+00:00,false,microservices,gateway,04205f28bb8c1f9b8eb02c123c954deaa86cb685677995ef5f7f35763c4eba3b,tcc-microservices-experiment-gateway-1,26.71,480667238,536870912,89.52,77,88.2MB / 97.8MB,22.7MB / 7.57MB
100,2026-09-10T06:26:40.560216+00:00,201,2026-09-10T06:26:40.189936+00:00,false,microservices,mysql,78260fe92dc139315e95368911f397987598af1813ddfb66a41e27d7fb4f82c9,tcc-microservices-experiment-mysql-1,29.86,518940262,1073741824,48.33,40,30.9MB / 98.7MB,52.1MB / 132MB
100,2026-09-10T06:26:40.560216+00:00,201,2026-09-10T06:26:40.189936+00:00,false,microservices,order,ee5c0c148baa6b5b70db57587baa19173dfe1f199ef1d466234b4f0c10307749,tcc-microservices-experiment-order-1,80.15,80614523,1073741824,7.51,3,118MB / 108MB,3.72MB / 4.06MB
100,2026-09-10T06:26:40.560216+00:00,201,2026-09-10T06:26:40.189936+00:00,false,microservices,product,b86c8d938d3d05d64da30c1fdc02d48fdcc002d42cc550f857862d41c1456546,tcc-microservices-experiment-product-1,0.02,76042732,1073741824,7.08,3,417kB / 282kB,4.72MB / 2.64MB
101,2026-09-10T06:26:41.560242+00:00,203,2026-09-10T06:26:41.188336+00:00,false,microservices,auth,850bc5b79e2dc6ea0a93cb54e64e8083cfa356effe9fdd08c6e27f5304735829,tcc-microservices-experiment-auth-1,0.02,76629934,1073741824,7.14,3,45.7kB / 40.3kB,7.15MB / 2.63MB
101,2026-09-10T06:26:41.560242+00:00,203,2026-09-10T06:26:41.188336+00:00,false,microservices,gateway,04205f28bb8c1f9b8eb02c123c954deaa86cb685677995ef5f7f35763c4eba3b,tcc-microservices-experiment-gateway-1,26.5,481191526,536870912,89.63,77,89MB / 98.6MB,22.7MB / 7.57MB
101,2026-09-10T06:26:41.560242+00:00,203,2026-09-10T06:26:41.188336+00:00,false,microservices,mysql,78260fe92dc139315e95368911f397987598af1813ddfb66a41e27d7fb4f82c9,tcc-microservices-experiment-mysql-1,26.01,518835405,1073741824,48.32,40,31.1MB / 99.5MB,52.1MB / 132MB
101,2026-09-10T06:26:41.560242+00:00,203,2026-09-10T06:26:41.188336+00:00,false,microservices,order,ee5c0c148baa6b5b70db57587baa19173dfe1f199ef1d466234b4f0c10307749,tcc-microservices-experiment-order-1,80.54,80866181,1073741824,7.53,3,119MB / 109MB,3.72MB / 4.06MB
101,2026-09-10T06:26:41.560242+00:00,203,2026-09-10T06:26:41.188336+00:00,false,microservices,product,b86c8d938d3d05d64da30c1fdc02d48fdcc002d42cc550f857862d41c1456546,tcc-microservices-experiment-product-1,0.02,76042732,1073741824,7.08,3,417kB / 282kB,4.72MB / 2.64MB
102,2026-09-10T06:26:42.560222+00:00,205,2026-09-10T06:26:42.189258+00:00,false,microservices,auth,850bc5b79e2dc6ea0a93cb54e64e8083cfa356effe9fdd08c6e27f5304735829,tcc-microservices-experiment-auth-1,0.02,76629934,1073741824,7.14,3,45.7kB / 40.3kB,7.15MB / 2.63MB
102,2026-09-10T06:26:42.560222+00:00,205,2026-09-10T06:26:42.189258+00:00,false,microservices,gateway,04205f28bb8c1f9b8eb02c123c954deaa86cb685677995ef5f7f35763c4eba3b,tcc-microservices-experiment-gateway-1,28.56,481610957,536870912,89.7,77,89.7MB / 99.4MB,22.7MB / 7.57MB
102,2026-09-10T06:26:42.560222+00:00,205,2026-09-10T06:26:42.189258+00:00,false,microservices,mysql,78260fe92dc139315e95368911f397987598af1813ddfb66a41e27d7fb4f82c9,tcc-microservices-experiment-mysql-1,29.11,519254835,1073741824,48.36,40,31.3MB / 100MB,52.1MB / 132MB
102,2026-09-10T06:26:42.560222+00:00,205,2026-09-10T06:26:42.189258+00:00,false,microservices,order,ee5c0c148baa6b5b70db57587baa19173dfe1f199ef1d466234b4f0c10307749,tcc-microservices-experiment-order-1,81.69,79880520,1073741824,7.44,3,120MB / 109MB,3.72MB / 4.06MB
102,2026-09-10T06:26:42.560222+00:00,205,2026-09-10T06:26:42.189258+00:00,false,microservices,product,b86c8d938d3d05d64da30c1fdc02d48fdcc002d42cc550f857862d41c1456546,tcc-microservices-experiment-product-1,0.02,76042732,1073741824,7.08,3,417kB / 282kB,4.72MB / 2.64MB
103,2026-09-10T06:26:43.560224+00:00,207,2026-09-10T06:26:43.188195+00:00,false,microservices,auth,850bc5b79e2dc6ea0a93cb54e64e8083cfa356effe9fdd08c6e27f5304735829,tcc-microservices-experiment-auth-1,0.02,76629934,1073741824,7.14,3,45.7kB / 40.3kB,7.15MB / 2.63MB
103,2026-09-10T06:26:43.560224+00:00,207,2026-09-10T06:26:43.188195+00:00,false,microservices,gateway,04205f28bb8c1f9b8eb02c123c954deaa86cb685677995ef5f7f35763c4eba3b,tcc-microservices-experiment-gateway-1,27.17,480772096,536870912,89.56,77,90.4MB / 100MB,22.7MB / 7.57MB
103,2026-09-10T06:26:43.560224+00:00,207,2026-09-10T06:26:43.188195+00:00,false,microservices,mysql,78260fe92dc139315e95368911f397987598af1813ddfb66a41e27d7fb4f82c9,tcc-microservices-experiment-mysql-1,24.91,518625690,1073741824,48.3,40,31.5MB / 101MB,52.1MB / 132MB
103,2026-09-10T06:26:43.560224+00:00,207,2026-09-10T06:26:43.188195+00:00,false,microservices,order,ee5c0c148baa6b5b70db57587baa19173dfe1f199ef1d466234b4f0c10307749,tcc-microservices-experiment-order-1,81.32,80792781,1073741824,7.52,3,121MB / 110MB,3.72MB / 4.06MB
103,2026-09-10T06:26:43.560224+00:00,207,2026-09-10T06:26:43.188195+00:00,false,microservices,product,b86c8d938d3d05d64da30c1fdc02d48fdcc002d42cc550f857862d41c1456546,tcc-microservices-experiment-product-1,0.02,76042732,1073741824,7.08,3,417kB / 282kB,4.72MB / 2.64MB
104,2026-09-10T06:26:44.560269+00:00,209,2026-09-10T06:26:44.189264+00:00,false,microservices,auth,850bc5b79e2dc6ea0a93cb54e64e8083cfa356effe9fdd08c6e27f5304735829,tcc-microservices-experiment-auth-1,0.02,76629934,1073741824,7.14,3,45.7kB / 40.3kB,7.15MB / 2.63MB
104,2026-09-10T06:26:44.560269+00:00,209,2026-09-10T06:26:44.189264+00:00,false,microservices,gateway,04205f28bb8c1f9b8eb02c123c954deaa86cb685677995ef5f7f35763c4eba3b,tcc-microservices-experiment-gateway-1,26.23,480772096,536870912,89.55,77,91.1MB / 101MB,22.7MB / 7.57MB
104,2026-09-10T06:26:44.560269+00:00,209,2026-09-10T06:26:44.189264+00:00,false,microservices,mysql,78260fe92dc139315e95368911f397987598af1813ddfb66a41e27d7fb4f82c9,tcc-microservices-experiment-mysql-1,29.25,519674266,1073741824,48.4,40,31.7MB / 102MB,52.1MB / 132MB
104,2026-09-10T06:26:44.560269+00:00,209,2026-09-10T06:26:44.189264+00:00,false,microservices,order,ee5c0c148baa6b5b70db57587baa19173dfe1f199ef1d466234b4f0c10307749,tcc-microservices-experiment-order-1,80.75,79870034,1073741824,7.44,3,122MB / 111MB,3.72MB / 4.06MB
104,2026-09-10T06:26:44.560269+00:00,209,2026-09-10T06:26:44.189264+00:00,false,microservices,product,b86c8d938d3d05d64da30c1fdc02d48fdcc002d42cc550f857862d41c1456546,tcc-microservices-experiment-product-1,0.02,76042732,1073741824,7.08,3,417kB / 282kB,4.72MB / 2.64MB
105,2026-09-10T06:26:45.560230+00:00,211,2026-09-10T06:26:45.189234+00:00,false,microservices,auth,850bc5b79e2dc6ea0a93cb54e64e8083cfa356effe9fdd08c6e27f5304735829,tcc-microservices-experiment-auth-1,0.01,76629934,1073741824,7.14,3,45.7kB / 40.3kB,7.15MB / 2.63MB
105,2026-09-10T06:26:45.560230+00:00,211,2026-09-10T06:26:45.189234+00:00,false,microservices,gateway,04205f28bb8c1f9b8eb02c123c954deaa86cb685677995ef5f7f35763c4eba3b,tcc-microservices-experiment-gateway-1,26.94,481296384,536870912,89.65,77,91.8MB / 102MB,22.8MB / 7.57MB
105,2026-09-10T06:26:45.560230+00:00,211,2026-09-10T06:26:45.189234+00:00,false,microservices,mysql,78260fe92dc139315e95368911f397987598af1813ddfb66a41e27d7fb4f82c9,tcc-microservices-experiment-mysql-1,26.46,519359693,1073741824,48.36,40,31.9MB / 103MB,52.1MB / 132MB
105,2026-09-10T06:26:45.560230+00:00,211,2026-09-10T06:26:45.189234+00:00,false,microservices,order,ee5c0c148baa6b5b70db57587baa19173dfe1f199ef1d466234b4f0c10307749,tcc-microservices-experiment-order-1,79.63,81023468,1073741824,7.55,3,123MB / 112MB,3.72MB / 4.06MB
105,2026-09-10T06:26:45.560230+00:00,211,2026-09-10T06:26:45.189234+00:00,false,microservices,product,b86c8d938d3d05d64da30c1fdc02d48fdcc002d42cc550f857862d41c1456546,tcc-microservices-experiment-product-1,0.02,76042732,1073741824,7.08,3,417kB / 282kB,4.72MB / 2.64MB
106,2026-09-10T06:26:46.560241+00:00,213,2026-09-10T06:26:46.189383+00:00,false,microservices,auth,850bc5b79e2dc6ea0a93cb54e64e8083cfa356effe9fdd08c6e27f5304735829,tcc-microservices-experiment-auth-1,0.02,76629934,1073741824,7.14,3,45.7kB / 40.3kB,7.15MB / 2.63MB
106,2026-09-10T06:26:46.560241+00:00,213,2026-09-10T06:26:46.189383+00:00,false,microservices,gateway,04205f28bb8c1f9b8eb02c123c954deaa86cb685677995ef5f7f35763c4eba3b,tcc-microservices-experiment-gateway-1,27.24,481086669,536870912,89.62,77,92.6MB / 103MB,22.8MB / 7.57MB
106,2026-09-10T06:26:46.560241+00:00,213,2026-09-10T06:26:46.189383+00:00,false,microservices,mysql,78260fe92dc139315e95368911f397987598af1813ddfb66a41e27d7fb4f82c9,tcc-microservices-experiment-mysql-1,29.35,519254835,1073741824,48.36,40,32.2MB / 103MB,52.1MB / 132MB
106,2026-09-10T06:26:46.560241+00:00,213,2026-09-10T06:26:46.189383+00:00,false,microservices,order,ee5c0c148baa6b5b70db57587baa19173dfe1f199ef1d466234b4f0c10307749,tcc-microservices-experiment-order-1,81.16,80520151,1073741824,7.5,3,124MB / 113MB,3.72MB / 4.06MB
106,2026-09-10T06:26:46.560241+00:00,213,2026-09-10T06:26:46.189383+00:00,false,microservices,product,b86c8d938d3d05d64da30c1fdc02d48fdcc002d42cc550f857862d41c1456546,tcc-microservices-experiment-product-1,0.02,76042732,1073741824,7.08,3,417kB / 282kB,4.72MB / 2.64MB
107,2026-09-10T06:26:47.560226+00:00,215,2026-09-10T06:26:47.188274+00:00,false,microservices,auth,850bc5b79e2dc6ea0a93cb54e64e8083cfa356effe9fdd08c6e27f5304735829,tcc-microservices-experiment-auth-1,0.02,76629934,1073741824,7.14,3,45.7kB / 40.3kB,7.15MB / 2.63MB
107,2026-09-10T06:26:47.560226+00:00,215,2026-09-10T06:26:47.188274+00:00,false,microservices,gateway,04205f28bb8c1f9b8eb02c123c954deaa86cb685677995ef5f7f35763c4eba3b,tcc-microservices-experiment-gateway-1,28.15,481191526,536870912,89.63,77,93.3MB / 103MB,22.8MB / 7.57MB
107,2026-09-10T06:26:47.560226+00:00,215,2026-09-10T06:26:47.188274+00:00,false,microservices,mysql,78260fe92dc139315e95368911f397987598af1813ddfb66a41e27d7fb4f82c9,tcc-microservices-experiment-mysql-1,25.5,519359693,1073741824,48.37,40,32.4MB / 104MB,52.1MB / 132MB
107,2026-09-10T06:26:47.560226+00:00,215,2026-09-10T06:26:47.188274+00:00,false,microservices,order,ee5c0c148baa6b5b70db57587baa19173dfe1f199ef1d466234b4f0c10307749,tcc-microservices-experiment-order-1,80.92,80184607,1073741824,7.47,3,125MB / 114MB,3.72MB / 4.06MB
107,2026-09-10T06:26:47.560226+00:00,215,2026-09-10T06:26:47.188274+00:00,false,microservices,product,b86c8d938d3d05d64da30c1fdc02d48fdcc002d42cc550f857862d41c1456546,tcc-microservices-experiment-product-1,0.02,76042732,1073741824,7.08,3,417kB / 282kB,4.72MB / 2.64MB
108,2026-09-10T06:26:48.560260+00:00,217,2026-09-10T06:26:48.189823+00:00,false,microservices,auth,850bc5b79e2dc6ea0a93cb54e64e8083cfa356effe9fdd08c6e27f5304735829,tcc-microservices-experiment-auth-1,0.02,76629934,1073741824,7.14,3,45.7kB / 40.3kB,7.15MB / 2.63MB
108,2026-09-10T06:26:48.560260+00:00,217,2026-09-10T06:26:48.189823+00:00,false,microservices,gateway,04205f28bb8c1f9b8eb02c123c954deaa86cb685677995ef5f7f35763c4eba3b,tcc-microservices-experiment-gateway-1,26.93,481086669,536870912,89.61,77,94.1MB / 104MB,22.8MB / 7.57MB
108,2026-09-10T06:26:48.560260+00:00,217,2026-09-10T06:26:48.189823+00:00,false,microservices,mysql,78260fe92dc139315e95368911f397987598af1813ddfb66a41e27d7fb4f82c9,tcc-microservices-experiment-mysql-1,28.31,519254835,1073741824,48.36,40,32.6MB / 105MB,52.1MB / 132MB
108,2026-09-10T06:26:48.560260+00:00,217,2026-09-10T06:26:48.189823+00:00,false,microservices,order,ee5c0c148baa6b5b70db57587baa19173dfe1f199ef1d466234b4f0c10307749,tcc-microservices-experiment-order-1,82.79,80415293,1073741824,7.49,3,126MB / 115MB,3.72MB / 4.06MB
108,2026-09-10T06:26:48.560260+00:00,217,2026-09-10T06:26:48.189823+00:00,false,microservices,product,b86c8d938d3d05d64da30c1fdc02d48fdcc002d42cc550f857862d41c1456546,tcc-microservices-experiment-product-1,0.02,76042732,1073741824,7.08,3,417kB / 282kB,4.72MB / 2.64MB
109,2026-09-10T06:26:49.560235+00:00,219,2026-09-10T06:26:49.189890+00:00,false,microservices,auth,850bc5b79e2dc6ea0a93cb54e64e8083cfa356effe9fdd08c6e27f5304735829,tcc-microservices-experiment-auth-1,0.02,76629934,1073741824,7.14,3,45.7kB / 40.3kB,7.15MB / 2.63MB
109,2026-09-10T06:26:49.560235+00:00,219,2026-09-10T06:26:49.189890+00:00,false,microservices,gateway,04205f28bb8c1f9b8eb02c123c954deaa86cb685677995ef5f7f35763c4eba3b,tcc-microservices-experiment-gateway-1,26.43,481086669,536870912,89.6,77,94.8MB / 105MB,22.8MB / 7.57MB
109,2026-09-10T06:26:49.560235+00:00,219,2026-09-10T06:26:49.189890+00:00,false,microservices,mysql,78260fe92dc139315e95368911f397987598af1813ddfb66a41e27d7fb4f82c9,tcc-microservices-experiment-mysql-1,24.89,518940262,1073741824,48.33,40,32.8MB / 106MB,52.1MB / 132MB
109,2026-09-10T06:26:49.560235+00:00,219,2026-09-10T06:26:49.189890+00:00,false,microservices,order,ee5c0c148baa6b5b70db57587baa19173dfe1f199ef1d466234b4f0c10307749,tcc-microservices-experiment-order-1,81.02,81012982,1073741824,7.54,3,127MB / 115MB,3.72MB / 4.06MB
109,2026-09-10T06:26:49.560235+00:00,219,2026-09-10T06:26:49.189890+00:00,false,microservices,product,b86c8d938d3d05d64da30c1fdc02d48fdcc002d42cc550f857862d41c1456546,tcc-microservices-experiment-product-1,0.02,76042732,1073741824,7.08,3,417kB / 282kB,4.72MB / 2.64MB
110,2026-09-10T06:26:50.560263+00:00,221,2026-09-10T06:26:50.189207+00:00,false,microservices,auth,850bc5b79e2dc6ea0a93cb54e64e8083cfa356effe9fdd08c6e27f5304735829,tcc-microservices-experiment-auth-1,0.02,76629934,1073741824,7.14,3,45.7kB / 40.3kB,7.15MB / 2.63MB
110,2026-09-10T06:26:50.560263+00:00,221,2026-09-10T06:26:50.189207+00:00,false,microservices,gateway,04205f28bb8c1f9b8eb02c123c954deaa86cb685677995ef5f7f35763c4eba3b,tcc-microservices-experiment-gateway-1,26.33,480772096,536870912,89.55,77,95.5MB / 106MB,22.8MB / 7.57MB
110,2026-09-10T06:26:50.560263+00:00,221,2026-09-10T06:26:50.189207+00:00,false,microservices,mysql,78260fe92dc139315e95368911f397987598af1813ddfb66a41e27d7fb4f82c9,tcc-microservices-experiment-mysql-1,29.96,519359693,1073741824,48.37,40,33MB / 106MB,52.1MB / 132MB
110,2026-09-10T06:26:50.560263+00:00,221,2026-09-10T06:26:50.189207+00:00,false,microservices,order,ee5c0c148baa6b5b70db57587baa19173dfe1f199ef1d466234b4f0c10307749,tcc-microservices-experiment-order-1,80.75,80625009,1073741824,7.51,3,127MB / 116MB,3.72MB / 4.06MB
110,2026-09-10T06:26:50.560263+00:00,221,2026-09-10T06:26:50.189207+00:00,false,microservices,product,b86c8d938d3d05d64da30c1fdc02d48fdcc002d42cc550f857862d41c1456546,tcc-microservices-experiment-product-1,0.02,76042732,1073741824,7.08,3,417kB / 282kB,4.72MB / 2.64MB
111,2026-09-10T06:26:51.560249+00:00,223,2026-09-10T06:26:51.189377+00:00,false,microservices,auth,850bc5b79e2dc6ea0a93cb54e64e8083cfa356effe9fdd08c6e27f5304735829,tcc-microservices-experiment-auth-1,0.02,76629934,1073741824,7.14,3,45.7kB / 40.3kB,7.15MB / 2.63MB
111,2026-09-10T06:26:51.560249+00:00,223,2026-09-10T06:26:51.189377+00:00,false,microservices,gateway,04205f28bb8c1f9b8eb02c123c954deaa86cb685677995ef5f7f35763c4eba3b,tcc-microservices-experiment-gateway-1,26.41,481506099,536870912,89.68,77,96.3MB / 107MB,22.8MB / 7.57MB
111,2026-09-10T06:26:51.560249+00:00,223,2026-09-10T06:26:51.189377+00:00,false,microservices,mysql,78260fe92dc139315e95368911f397987598af1813ddfb66a41e27d7fb4f82c9,tcc-microservices-experiment-mysql-1,24.68,518730547,1073741824,48.31,40,33.3MB / 107MB,52.1MB / 132MB
111,2026-09-10T06:26:51.560249+00:00,223,2026-09-10T06:26:51.189377+00:00,false,microservices,order,ee5c0c148baa6b5b70db57587baa19173dfe1f199ef1d466234b4f0c10307749,tcc-microservices-experiment-order-1,81.09,80362865,1073741824,7.48,3,128MB / 117MB,3.72MB / 4.26MB
111,2026-09-10T06:26:51.560249+00:00,223,2026-09-10T06:26:51.189377+00:00,false,microservices,product,b86c8d938d3d05d64da30c1fdc02d48fdcc002d42cc550f857862d41c1456546,tcc-microservices-experiment-product-1,0.02,76042732,1073741824,7.08,3,417kB / 282kB,4.72MB / 2.64MB
112,2026-09-10T06:26:52.560233+00:00,225,2026-09-10T06:26:52.189249+00:00,false,microservices,auth,850bc5b79e2dc6ea0a93cb54e64e8083cfa356effe9fdd08c6e27f5304735829,tcc-microservices-experiment-auth-1,0.02,76629934,1073741824,7.14,3,45.7kB / 40.3kB,7.15MB / 2.63MB
112,2026-09-10T06:26:52.560233+00:00,225,2026-09-10T06:26:52.189249+00:00,false,microservices,gateway,04205f28bb8c1f9b8eb02c123c954deaa86cb685677995ef5f7f35763c4eba3b,tcc-microservices-experiment-gateway-1,27.64,480772096,536870912,89.55,69,97MB / 108MB,22.9MB / 7.57MB
112,2026-09-10T06:26:52.560233+00:00,225,2026-09-10T06:26:52.189249+00:00,false,microservices,mysql,78260fe92dc139315e95368911f397987598af1813ddfb66a41e27d7fb4f82c9,tcc-microservices-experiment-mysql-1,29.58,518835405,1073741824,48.32,40,33.5MB / 108MB,52.1MB / 132MB
112,2026-09-10T06:26:52.560233+00:00,225,2026-09-10T06:26:52.189249+00:00,false,microservices,order,ee5c0c148baa6b5b70db57587baa19173dfe1f199ef1d466234b4f0c10307749,tcc-microservices-experiment-order-1,81.6,80950067,1073741824,7.54,3,129MB / 118MB,3.72MB / 4.26MB
112,2026-09-10T06:26:52.560233+00:00,225,2026-09-10T06:26:52.189249+00:00,false,microservices,product,b86c8d938d3d05d64da30c1fdc02d48fdcc002d42cc550f857862d41c1456546,tcc-microservices-experiment-product-1,0.02,76042732,1073741824,7.08,3,417kB / 282kB,4.72MB / 2.64MB
113,2026-09-10T06:26:53.560225+00:00,227,2026-09-10T06:26:53.189221+00:00,false,microservices,auth,850bc5b79e2dc6ea0a93cb54e64e8083cfa356effe9fdd08c6e27f5304735829,tcc-microservices-experiment-auth-1,0.02,76629934,1073741824,7.14,3,45.7kB / 40.3kB,7.15MB / 2.63MB
113,2026-09-10T06:26:53.560225+00:00,227,2026-09-10T06:26:53.189221+00:00,false,microservices,gateway,04205f28bb8c1f9b8eb02c123c954deaa86cb685677995ef5f7f35763c4eba3b,tcc-microservices-experiment-gateway-1,26.6,480352666,536870912,89.48,69,97.7MB / 108MB,22.9MB / 7.59MB
113,2026-09-10T06:26:53.560225+00:00,227,2026-09-10T06:26:53.189221+00:00,false,microservices,mysql,78260fe92dc139315e95368911f397987598af1813ddfb66a41e27d7fb4f82c9,tcc-microservices-experiment-mysql-1,24.96,518940262,1073741824,48.33,40,33.7MB / 109MB,52.1MB / 132MB
113,2026-09-10T06:26:53.560225+00:00,227,2026-09-10T06:26:53.189221+00:00,false,microservices,order,ee5c0c148baa6b5b70db57587baa19173dfe1f199ef1d466234b4f0c10307749,tcc-microservices-experiment-order-1,81.6,81096868,1073741824,7.55,3,130MB / 119MB,3.72MB / 4.26MB
113,2026-09-10T06:26:53.560225+00:00,227,2026-09-10T06:26:53.189221+00:00,false,microservices,product,b86c8d938d3d05d64da30c1fdc02d48fdcc002d42cc550f857862d41c1456546,tcc-microservices-experiment-product-1,0.02,76042732,1073741824,7.08,3,417kB / 282kB,4.72MB / 2.64MB
114,2026-09-10T06:26:54.560234+00:00,229,2026-09-10T06:26:54.190461+00:00,false,microservices,auth,850bc5b79e2dc6ea0a93cb54e64e8083cfa356effe9fdd08c6e27f5304735829,tcc-microservices-experiment-auth-1,0.02,76629934,1073741824,7.14,3,45.7kB / 40.3kB,7.15MB / 2.63MB
114,2026-09-10T06:26:54.560234+00:00,229,2026-09-10T06:26:54.190461+00:00,false,microservices,gateway,04205f28bb8c1f9b8eb02c123c954deaa86cb685677995ef5f7f35763c4eba3b,tcc-microservices-experiment-gateway-1,26.88,480876954,536870912,89.57,69,98.4MB / 109MB,22.9MB / 7.59MB
114,2026-09-10T06:26:54.560234+00:00,229,2026-09-10T06:26:54.190461+00:00,false,microservices,mysql,78260fe92dc139315e95368911f397987598af1813ddfb66a41e27d7fb4f82c9,tcc-microservices-experiment-mysql-1,29.68,519988838,1073741824,48.43,40,33.9MB / 109MB,52.1MB / 132MB
114,2026-09-10T06:26:54.560234+00:00,229,2026-09-10T06:26:54.190461+00:00,false,microservices,order,ee5c0c148baa6b5b70db57587baa19173dfe1f199ef1d466234b4f0c10307749,tcc-microservices-experiment-order-1,81.29,80195092,1073741824,7.47,3,131MB / 120MB,3.72MB / 4.26MB
114,2026-09-10T06:26:54.560234+00:00,229,2026-09-10T06:26:54.190461+00:00,false,microservices,product,b86c8d938d3d05d64da30c1fdc02d48fdcc002d42cc550f857862d41c1456546,tcc-microservices-experiment-product-1,0.02,76042732,1073741824,7.08,3,417kB / 282kB,4.72MB / 2.64MB
115,2026-09-10T06:26:55.560231+00:00,231,2026-09-10T06:26:55.189370+00:00,false,microservices,auth,850bc5b79e2dc6ea0a93cb54e64e8083cfa356effe9fdd08c6e27f5304735829,tcc-microservices-experiment-auth-1,0.02,76629934,1073741824,7.14,3,45.7kB / 40.3kB,7.15MB / 2.63MB
115,2026-09-10T06:26:55.560231+00:00,231,2026-09-10T06:26:55.189370+00:00,false,microservices,gateway,04205f28bb8c1f9b8eb02c123c954deaa86cb685677995ef5f7f35763c4eba3b,tcc-microservices-experiment-gateway-1,26.75,481925530,536870912,89.77,69,99.2MB / 110MB,22.9MB / 7.59MB
115,2026-09-10T06:26:55.560231+00:00,231,2026-09-10T06:26:55.189370+00:00,false,microservices,mysql,78260fe92dc139315e95368911f397987598af1813ddfb66a41e27d7fb4f82c9,tcc-microservices-experiment-mysql-1,25.84,518625690,1073741824,48.3,40,34.1MB / 110MB,52.1MB / 132MB
115,2026-09-10T06:26:55.560231+00:00,231,2026-09-10T06:26:55.189370+00:00,false,microservices,order,ee5c0c148baa6b5b70db57587baa19173dfe1f199ef1d466234b4f0c10307749,tcc-microservices-experiment-order-1,80.47,80572580,1073741824,7.5,3,132MB / 121MB,3.72MB / 4.26MB
115,2026-09-10T06:26:55.560231+00:00,231,2026-09-10T06:26:55.189370+00:00,false,microservices,product,b86c8d938d3d05d64da30c1fdc02d48fdcc002d42cc550f857862d41c1456546,tcc-microservices-experiment-product-1,0.02,76042732,1073741824,7.08,3,417kB / 282kB,4.72MB / 2.64MB
116,2026-09-10T06:26:56.560251+00:00,233,2026-09-10T06:26:56.190462+00:00,false,microservices,auth,850bc5b79e2dc6ea0a93cb54e64e8083cfa356effe9fdd08c6e27f5304735829,tcc-microservices-experiment-auth-1,0.02,76629934,1073741824,7.14,3,45.7kB / 40.3kB,7.15MB / 2.63MB
116,2026-09-10T06:26:56.560251+00:00,233,2026-09-10T06:26:56.190462+00:00,false,microservices,gateway,04205f28bb8c1f9b8eb02c123c954deaa86cb685677995ef5f7f35763c4eba3b,tcc-microservices-experiment-gateway-1,26.18,481086669,536870912,89.61,69,99.9MB / 111MB,22.9MB / 7.59MB
116,2026-09-10T06:26:56.560251+00:00,233,2026-09-10T06:26:56.190462+00:00,false,microservices,mysql,78260fe92dc139315e95368911f397987598af1813ddfb66a41e27d7fb4f82c9,tcc-microservices-experiment-mysql-1,29.8,519359693,1073741824,48.37,40,34.4MB / 111MB,52.1MB / 132MB
116,2026-09-10T06:26:56.560251+00:00,233,2026-09-10T06:26:56.190462+00:00,false,microservices,order,ee5c0c148baa6b5b70db57587baa19173dfe1f199ef1d466234b4f0c10307749,tcc-microservices-experiment-order-1,80.44,80834724,1073741824,7.53,3,133MB / 121MB,3.72MB / 4.26MB
116,2026-09-10T06:26:56.560251+00:00,233,2026-09-10T06:26:56.190462+00:00,false,microservices,product,b86c8d938d3d05d64da30c1fdc02d48fdcc002d42cc550f857862d41c1456546,tcc-microservices-experiment-product-1,0.02,76042732,1073741824,7.08,3,417kB / 282kB,4.72MB / 2.64MB
117,2026-09-10T06:26:57.560181+00:00,235,2026-09-10T06:26:57.190078+00:00,false,microservices,auth,850bc5b79e2dc6ea0a93cb54e64e8083cfa356effe9fdd08c6e27f5304735829,tcc-microservices-experiment-auth-1,0.02,76629934,1073741824,7.14,3,45.7kB / 40.3kB,7.15MB / 2.63MB
117,2026-09-10T06:26:57.560181+00:00,235,2026-09-10T06:26:57.190078+00:00,false,microservices,gateway,04205f28bb8c1f9b8eb02c123c954deaa86cb685677995ef5f7f35763c4eba3b,tcc-microservices-experiment-gateway-1,27.21,480352666,536870912,89.48,69,101MB / 112MB,22.9MB / 7.59MB
117,2026-09-10T06:26:57.560181+00:00,235,2026-09-10T06:26:57.190078+00:00,false,microservices,mysql,78260fe92dc139315e95368911f397987598af1813ddfb66a41e27d7fb4f82c9,tcc-microservices-experiment-mysql-1,24.49,519149978,1073741824,48.35,40,34.6MB / 112MB,52.1MB / 132MB
117,2026-09-10T06:26:57.560181+00:00,235,2026-09-10T06:26:57.190078+00:00,false,microservices,order,ee5c0c148baa6b5b70db57587baa19173dfe1f199ef1d466234b4f0c10307749,tcc-microservices-experiment-order-1,82.41,80824238,1073741824,7.53,3,134MB / 122MB,3.72MB / 4.26MB
117,2026-09-10T06:26:57.560181+00:00,235,2026-09-10T06:26:57.190078+00:00,false,microservices,product,b86c8d938d3d05d64da30c1fdc02d48fdcc002d42cc550f857862d41c1456546,tcc-microservices-experiment-product-1,0.02,76042732,1073741824,7.08,3,417kB / 282kB,4.72MB / 2.64MB
118,2026-09-10T06:26:58.560251+00:00,237,2026-09-10T06:26:58.188431+00:00,false,microservices,auth,850bc5b79e2dc6ea0a93cb54e64e8083cfa356effe9fdd08c6e27f5304735829,tcc-microservices-experiment-auth-1,0.02,76629934,1073741824,7.14,3,45.7kB / 40.3kB,7.15MB / 2.63MB
118,2026-09-10T06:26:58.560251+00:00,237,2026-09-10T06:26:58.188431+00:00,false,microservices,gateway,04205f28bb8c1f9b8eb02c123c954deaa86cb685677995ef5f7f35763c4eba3b,tcc-microservices-experiment-gateway-1,27.09,480981811,536870912,89.6,69,101MB / 112MB,22.9MB / 7.59MB
118,2026-09-10T06:26:58.560251+00:00,237,2026-09-10T06:26:58.188431+00:00,false,microservices,mysql,78260fe92dc139315e95368911f397987598af1813ddfb66a41e27d7fb4f82c9,tcc-microservices-experiment-mysql-1,28.41,519779123,1073741824,48.4,40,34.8MB / 113MB,52.1MB / 132MB
118,2026-09-10T06:26:58.560251+00:00,237,2026-09-10T06:26:58.188431+00:00,false,microservices,order,ee5c0c148baa6b5b70db57587baa19173dfe1f199ef1d466234b4f0c10307749,tcc-microservices-experiment-order-1,81.83,79974892,1073741824,7.45,3,135MB / 123MB,3.72MB / 4.26MB
118,2026-09-10T06:26:58.560251+00:00,237,2026-09-10T06:26:58.188431+00:00,false,microservices,product,b86c8d938d3d05d64da30c1fdc02d48fdcc002d42cc550f857862d41c1456546,tcc-microservices-experiment-product-1,0.02,76042732,1073741824,7.08,3,417kB / 282kB,4.72MB / 2.64MB
119,2026-09-10T06:26:59.560235+00:00,239,2026-09-10T06:26:59.189297+00:00,false,microservices,auth,850bc5b79e2dc6ea0a93cb54e64e8083cfa356effe9fdd08c6e27f5304735829,tcc-microservices-experiment-auth-1,0.02,76629934,1073741824,7.14,3,45.7kB / 40.3kB,7.15MB / 2.63MB
119,2026-09-10T06:26:59.560235+00:00,239,2026-09-10T06:26:59.189297+00:00,false,microservices,gateway,04205f28bb8c1f9b8eb02c123c954deaa86cb685677995ef5f7f35763c4eba3b,tcc-microservices-experiment-gateway-1,26.84,480981811,536870912,89.59,69,102MB / 113MB,22.9MB / 7.59MB
119,2026-09-10T06:26:59.560235+00:00,239,2026-09-10T06:26:59.189297+00:00,false,microservices,mysql,78260fe92dc139315e95368911f397987598af1813ddfb66a41e27d7fb4f82c9,tcc-microservices-experiment-mysql-1,24.18,519464550,1073741824,48.38,40,35MB / 113MB,52.1MB / 132MB
119,2026-09-10T06:26:59.560235+00:00,239,2026-09-10T06:26:59.189297+00:00,false,microservices,order,ee5c0c148baa6b5b70db57587baa19173dfe1f199ef1d466234b4f0c10307749,tcc-microservices-experiment-order-1,81.99,80687923,1073741824,7.51,3,136MB / 124MB,3.72MB / 4.26MB
119,2026-09-10T06:26:59.560235+00:00,239,2026-09-10T06:26:59.189297+00:00,false,microservices,product,b86c8d938d3d05d64da30c1fdc02d48fdcc002d42cc550f857862d41c1456546,tcc-microservices-experiment-product-1,0.02,76042732,1073741824,7.08,3,417kB / 282kB,4.72MB / 2.64MB
120,2026-09-10T06:27:00.560220+00:00,241,2026-09-10T06:27:00.189416+00:00,false,microservices,auth,850bc5b79e2dc6ea0a93cb54e64e8083cfa356effe9fdd08c6e27f5304735829,tcc-microservices-experiment-auth-1,0.02,76629934,1073741824,7.14,3,45.7kB / 40.3kB,7.15MB / 2.63MB
120,2026-09-10T06:27:00.560220+00:00,241,2026-09-10T06:27:00.189416+00:00,false,microservices,gateway,04205f28bb8c1f9b8eb02c123c954deaa86cb685677995ef5f7f35763c4eba3b,tcc-microservices-experiment-gateway-1,25.85,481191526,536870912,89.63,69,103MB / 114MB,22.9MB / 7.59MB
120,2026-09-10T06:27:00.560220+00:00,241,2026-09-10T06:27:00.189416+00:00,false,microservices,mysql,78260fe92dc139315e95368911f397987598af1813ddfb66a41e27d7fb4f82c9,tcc-microservices-experiment-mysql-1,29.76,519883981,1073741824,48.42,40,35.2MB / 114MB,52.1MB / 132MB
120,2026-09-10T06:27:00.560220+00:00,241,2026-09-10T06:27:00.189416+00:00,false,microservices,order,ee5c0c148baa6b5b70db57587baa19173dfe1f199ef1d466234b4f0c10307749,tcc-microservices-experiment-order-1,80.58,80226550,1073741824,7.47,3,137MB / 125MB,3.72MB / 4.26MB
120,2026-09-10T06:27:00.560220+00:00,241,2026-09-10T06:27:00.189416+00:00,false,microservices,product,b86c8d938d3d05d64da30c1fdc02d48fdcc002d42cc550f857862d41c1456546,tcc-microservices-experiment-product-1,0.02,76042732,1073741824,7.08,3,417kB / 282kB,4.72MB / 2.64MB
