sample_index,captured_at_utc,docker_refresh_sequence,docker_refresh_captured_at_utc,docker_refresh_reused,architecture,service,container_id,container_name,cpu_percent,memory_used_bytes,memory_limit_bytes,memory_percent,pids,network_io,block_io
1,2026-09-10T11:47:47.072609+00:00,3,2026-09-10T11:47:46.691572+00:00,false,microservices,auth,96fc60d0f6ef3d3bd9cb668dd42341f58343dfcfa9a6c353fb4683df6c04246f,tcc-microservices-experiment-auth-1,0.02,81170268,1073741824,7.56,3,45.5kB / 40.3kB,9.33MB / 65.5kB
1,2026-09-10T11:47:47.072609+00:00,3,2026-09-10T11:47:46.691572+00:00,false,microservices,gateway,fdf2d6a59fd3df9854a6be81ecb22e01eb2f5118de83026c29b33e33d02ff0e1,tcc-microservices-experiment-gateway-1,0.21,441869926,536870912,82.31,76,1.3MB / 1.65MB,28.7MB / 180kB
1,2026-09-10T11:47:47.072609+00:00,3,2026-09-10T11:47:46.691572+00:00,false,microservices,mysql,24ac2fc3c0c26b10877c826cbef959cfb18618763fe7d6f8b81923214baccaca,tcc-microservices-experiment-mysql-1,3.92,540436070,1073741824,50.33,41,10.4MB / 18.6MB,59.7MB / 222MB
1,2026-09-10T11:47:47.072609+00:00,3,2026-09-10T11:47:46.691572+00:00,false,microservices,order,6f0a9968490f33e07bc1d0b4a3105829d837b59f4d0aadbdefd31f53498de28f,tcc-microservices-experiment-order-1,0.02,80855695,1073741824,7.53,3,12MB / 8.26MB,7.93MB / 77.8kB
1,2026-09-10T11:47:47.072609+00:00,3,2026-09-10T11:47:46.691572+00:00,false,microservices,product,849f6ec3be61aa016d4eee2bd8b4b27429579c5b380eaeea9d72096e62c01ed2,tcc-microservices-experiment-product-1,0.03,81495327,1073741824,7.59,3,9.56MB / 5.01MB,9.82MB / 81.9kB
2,2026-09-10T11:47:48.072614+00:00,5,2026-09-10T11:47:47.693418+00:00,false,microservices,auth,96fc60d0f6ef3d3bd9cb668dd42341f58343dfcfa9a6c353fb4683df6c04246f,tcc-microservices-experiment-auth-1,0.02,81170268,1073741824,7.56,3,45.5kB / 40.3kB,9.33MB / 65.5kB
2,2026-09-10T11:47:48.072614+00:00,5,2026-09-10T11:47:47.693418+00:00,false,microservices,gateway,fdf2d6a59fd3df9854a6be81ecb22e01eb2f5118de83026c29b33e33d02ff0e1,tcc-microservices-experiment-gateway-1,0.2,441869926,536870912,82.31,76,1.3MB / 1.65MB,28.7MB / 180kB
2,2026-09-10T11:47:48.072614+00:00,5,2026-09-10T11:47:47.693418+00:00,false,microservices,mysql,24ac2fc3c0c26b10877c826cbef959cfb18618763fe7d6f8b81923214baccaca,tcc-microservices-experiment-mysql-1,5.03,540855501,1073741824,50.37,41,10.4MB / 18.6MB,59.7MB / 223MB
2,2026-09-10T11:47:48.072614+00:00,5,2026-09-10T11:47:47.693418+00:00,false,microservices,order,6f0a9968490f33e07bc1d0b4a3105829d837b59f4d0aadbdefd31f53498de28f,tcc-microservices-experiment-order-1,0.02,80593551,1073741824,7.51,3,12MB / 8.26MB,7.93MB / 77.8kB
2,2026-09-10T11:47:48.072614+00:00,5,2026-09-10T11:47:47.693418+00:00,false,microservices,product,849f6ec3be61aa016d4eee2bd8b4b27429579c5b380eaeea9d72096e62c01ed2,tcc-microservices-experiment-product-1,0.02,81044439,1073741824,7.55,3,9.56MB / 5.01MB,9.82MB / 81.9kB
3,2026-09-10T11:47:49.072589+00:00,7,2026-09-10T11:47:48.691394+00:00,false,microservices,auth,96fc60d0f6ef3d3bd9cb668dd42341f58343dfcfa9a6c353fb4683df6c04246f,tcc-microservices-experiment-auth-1,0.03,81170268,1073741824,7.56,3,45.5kB / 40.3kB,9.33MB / 65.5kB
3,2026-09-10T11:47:49.072589+00:00,7,2026-09-10T11:47:48.691394+00:00,false,microservices,gateway,fdf2d6a59fd3df9854a6be81ecb22e01eb2f5118de83026c29b33e33d02ff0e1,tcc-microservices-experiment-gateway-1,0.22,441869926,536870912,82.31,76,1.3MB / 1.65MB,28.7MB / 180kB
3,2026-09-10T11:47:49.072589+00:00,7,2026-09-10T11:47:48.691394+00:00,false,microservices,mysql,24ac2fc3c0c26b10877c826cbef959cfb18618763fe7d6f8b81923214baccaca,tcc-microservices-experiment-mysql-1,0.76,540436070,1073741824,50.34,41,10.4MB / 18.6MB,59.7MB / 223MB
3,2026-09-10T11:47:49.072589+00:00,7,2026-09-10T11:47:48.691394+00:00,false,microservices,order,6f0a9968490f33e07bc1d0b4a3105829d837b59f4d0aadbdefd31f53498de28f,tcc-microservices-experiment-order-1,0.03,80593551,1073741824,7.51,3,12MB / 8.26MB,7.93MB / 77.8kB
3,2026-09-10T11:47:49.072589+00:00,7,2026-09-10T11:47:48.691394+00:00,false,microservices,product,849f6ec3be61aa016d4eee2bd8b4b27429579c5b380eaeea9d72096e62c01ed2,tcc-microservices-experiment-product-1,0.02,81044439,1073741824,7.55,3,9.56MB / 5.01MB,9.82MB / 81.9kB
4,2026-09-10T11:47:50.072610+00:00,9,2026-09-10T11:47:49.693024+00:00,false,microservices,auth,96fc60d0f6ef3d3bd9cb668dd42341f58343dfcfa9a6c353fb4683df6c04246f,tcc-microservices-experiment-auth-1,0.02,81170268,1073741824,7.56,3,45.5kB / 40.3kB,9.33MB / 65.5kB
4,2026-09-10T11:47:50.072610+00:00,9,2026-09-10T11:47:49.693024+00:00,false,microservices,gateway,fdf2d6a59fd3df9854a6be81ecb22e01eb2f5118de83026c29b33e33d02ff0e1,tcc-microservices-experiment-gateway-1,39.3,444491366,536870912,82.79,76,1.36MB / 1.72MB,28.7MB / 193kB
4,2026-09-10T11:47:50.072610+00:00,9,2026-09-10T11:47:49.693024+00:00,false,microservices,mysql,24ac2fc3c0c26b10877c826cbef959cfb18618763fe7d6f8b81923214baccaca,tcc-microservices-experiment-mysql-1,23.69,541799219,1073741824,50.46,41,10.6MB / 18.9MB,59.7MB / 223MB
4,2026-09-10T11:47:50.072610+00:00,9,2026-09-10T11:47:49.693024+00:00,false,microservices,order,6f0a9968490f33e07bc1d0b4a3105829d837b59f4d0aadbdefd31f53498de28f,tcc-microservices-experiment-order-1,18.82,82512445,1073741824,7.68,3,12.2MB / 8.35MB,7.93MB / 77.8kB
4,2026-09-10T11:47:50.072610+00:00,9,2026-09-10T11:47:49.693024+00:00,false,microservices,product,849f6ec3be61aa016d4eee2bd8b4b27429579c5b380eaeea9d72096e62c01ed2,tcc-microservices-experiment-product-1,22.5,83592479,1073741824,7.79,3,9.76MB / 5.11MB,9.82MB / 81.9kB
5,2026-09-10T11:47:51.072623+00:00,11,2026-09-10T11:47:50.691441+00:00,false,microservices,auth,96fc60d0f6ef3d3bd9cb668dd42341f58343dfcfa9a6c353fb4683df6c04246f,tcc-microservices-experiment-auth-1,0.02,81170268,1073741824,7.56,3,45.5kB / 40.3kB,9.33MB / 65.5kB
5,2026-09-10T11:47:51.072623+00:00,11,2026-09-10T11:47:50.691441+00:00,false,microservices,gateway,fdf2d6a59fd3df9854a6be81ecb22e01eb2f5118de83026c29b33e33d02ff0e1,tcc-microservices-experiment-gateway-1,29.94,444596224,536870912,82.82,76,1.4MB / 1.78MB,28.7MB / 193kB
5,2026-09-10T11:47:51.072623+00:00,11,2026-09-10T11:47:50.691441+00:00,false,microservices,mysql,24ac2fc3c0c26b10877c826cbef959cfb18618763fe7d6f8b81923214baccaca,tcc-microservices-experiment-mysql-1,25.24,542428365,1073741824,50.52,41,10.8MB / 19.3MB,59.7MB / 237MB
5,2026-09-10T11:47:51.072623+00:00,11,2026-09-10T11:47:50.691441+00:00,false,microservices,order,6f0a9968490f33e07bc1d0b4a3105829d837b59f4d0aadbdefd31f53498de28f,tcc-microservices-experiment-order-1,27.22,82722161,1073741824,7.7,3,12.4MB / 8.48MB,7.93MB / 77.8kB
5,2026-09-10T11:47:51.072623+00:00,11,2026-09-10T11:47:50.691441+00:00,false,microservices,product,849f6ec3be61aa016d4eee2bd8b4b27429579c5b380eaeea9d72096e62c01ed2,tcc-microservices-experiment-product-1,30.97,82638275,1073741824,7.7,3,10.1MB / 5.26MB,9.82MB / 81.9kB
6,2026-09-10T11:47:52.072645+00:00,13,2026-09-10T11:47:51.692288+00:00,false,microservices,auth,96fc60d0f6ef3d3bd9cb668dd42341f58343dfcfa9a6c353fb4683df6c04246f,tcc-microservices-experiment-auth-1,0.02,81170268,1073741824,7.56,3,45.5kB / 40.3kB,9.33MB / 65.5kB
6,2026-09-10T11:47:52.072645+00:00,13,2026-09-10T11:47:51.692288+00:00,false,microservices,gateway,fdf2d6a59fd3df9854a6be81ecb22e01eb2f5118de83026c29b33e33d02ff0e1,tcc-microservices-experiment-gateway-1,10.42,444910797,536870912,82.87,76,1.45MB / 1.83MB,28.7MB / 193kB
6,2026-09-10T11:47:52.072645+00:00,13,2026-09-10T11:47:51.692288+00:00,false,microservices,mysql,24ac2fc3c0c26b10877c826cbef959cfb18618763fe7d6f8b81923214baccaca,tcc-microservices-experiment-mysql-1,28.87,541904077,1073741824,50.46,41,11MB / 19.7MB,59.7MB / 239MB
6,2026-09-10T11:47:52.072645+00:00,13,2026-09-10T11:47:51.692288+00:00,false,microservices,order,6f0a9968490f33e07bc1d0b4a3105829d837b59f4d0aadbdefd31f53498de28f,tcc-microservices-experiment-order-1,26.26,82638275,1073741824,7.7,3,12.6MB / 8.62MB,7.93MB / 77.8kB
6,2026-09-10T11:47:52.072645+00:00,13,2026-09-10T11:47:51.692288+00:00,false,microservices,product,849f6ec3be61aa016d4eee2bd8b4b27429579c5b380eaeea9d72096e62c01ed2,tcc-microservices-experiment-product-1,30.84,82847990,1073741824,7.72,3,10.4MB / 5.42MB,9.82MB / 81.9kB
7,2026-09-10T11:47:53.072612+00:00,15,2026-09-10T11:47:52.692308+00:00,false,microservices,auth,96fc60d0f6ef3d3bd9cb668dd42341f58343dfcfa9a6c353fb4683df6c04246f,tcc-microservices-experiment-auth-1,0.02,81170268,1073741824,7.56,3,45.5kB / 40.3kB,9.33MB / 65.5kB
7,2026-09-10T11:47:53.072612+00:00,15,2026-09-10T11:47:52.692308+00:00,false,microservices,gateway,fdf2d6a59fd3df9854a6be81ecb22e01eb2f5118de83026c29b33e33d02ff0e1,tcc-microservices-experiment-gateway-1,22.37,445959373,536870912,83.06,76,1.49MB / 1.88MB,28.7MB / 193kB
7,2026-09-10T11:47:53.072612+00:00,15,2026-09-10T11:47:52.692308+00:00,false,microservices,mysql,24ac2fc3c0c26b10877c826cbef959cfb18618763fe7d6f8b81923214baccaca,tcc-microservices-experiment-mysql-1,25.01,542533222,1073741824,50.53,41,11.1MB / 20.1MB,59.8MB / 242MB
7,2026-09-10T11:47:53.072612+00:00,15,2026-09-10T11:47:52.692308+00:00,false,microservices,order,6f0a9968490f33e07bc1d0b4a3105829d837b59f4d0aadbdefd31f53498de28f,tcc-microservices-experiment-order-1,25.52,81977672,1073741824,7.64,3,12.8MB / 8.75MB,7.93MB / 77.8kB
7,2026-09-10T11:47:53.072612+00:00,15,2026-09-10T11:47:52.692308+00:00,false,microservices,product,849f6ec3be61aa016d4eee2bd8b4b27429579c5b380eaeea9d72096e62c01ed2,tcc-microservices-experiment-product-1,30.12,82795561,1073741824,7.71,3,10.6MB / 5.57MB,9.82MB / 81.9kB
8,2026-09-10T11:47:54.072618+00:00,17,2026-09-10T11:47:53.692293+00:00,false,microservices,auth,96fc60d0f6ef3d3bd9cb668dd42341f58343dfcfa9a6c353fb4683df6c04246f,tcc-microservices-experiment-auth-1,0.02,81170268,1073741824,7.56,3,45.5kB / 40.3kB,9.33MB / 65.5kB
8,2026-09-10T11:47:54.072618+00:00,17,2026-09-10T11:47:53.692293+00:00,false,microservices,gateway,fdf2d6a59fd3df9854a6be81ecb22e01eb2f5118de83026c29b33e33d02ff0e1,tcc-microservices-experiment-gateway-1,17.79,446483661,536870912,83.16,76,1.53MB / 1.94MB,28.7MB / 193kB
8,2026-09-10T11:47:54.072618+00:00,17,2026-09-10T11:47:53.692293+00:00,false,microservices,mysql,24ac2fc3c0c26b10877c826cbef959cfb18618763fe7d6f8b81923214baccaca,tcc-microservices-experiment-mysql-1,29.26,542113792,1073741824,50.48,41,11.3MB / 20.5MB,59.8MB / 245MB
8,2026-09-10T11:47:54.072618+00:00,17,2026-09-10T11:47:53.692293+00:00,false,microservices,order,6f0a9968490f33e07bc1d0b4a3105829d837b59f4d0aadbdefd31f53498de28f,tcc-microservices-experiment-order-1,26.58,82313216,1073741824,7.67,3,13.1MB / 8.89MB,7.93MB / 77.8kB
8,2026-09-10T11:47:54.072618+00:00,17,2026-09-10T11:47:53.692293+00:00,false,microservices,product,849f6ec3be61aa016d4eee2bd8b4b27429579c5b380eaeea9d72096e62c01ed2,tcc-microservices-experiment-product-1,32.11,83948995,1073741824,7.82,3,11MB / 5.73MB,9.82MB / 81.9kB
9,2026-09-10T11:47:55.072616+00:00,19,2026-09-10T11:47:54.693100+00:00,false,microservices,auth,96fc60d0f6ef3d3bd9cb668dd42341f58343dfcfa9a6c353fb4683df6c04246f,tcc-microservices-experiment-auth-1,0.02,81170268,1073741824,7.56,3,45.5kB / 40.3kB,9.33MB / 65.5kB
9,2026-09-10T11:47:55.072616+00:00,19,2026-09-10T11:47:54.693100+00:00,false,microservices,gateway,fdf2d6a59fd3df9854a6be81ecb22e01eb2f5118de83026c29b33e33d02ff0e1,tcc-microservices-experiment-gateway-1,25.85,446483661,536870912,83.17,76,1.57MB / 1.99MB,28.7MB / 193kB
9,2026-09-10T11:47:55.072616+00:00,19,2026-09-10T11:47:54.693100+00:00,false,microservices,mysql,24ac2fc3c0c26b10877c826cbef959cfb18618763fe7d6f8b81923214baccaca,tcc-microservices-experiment-mysql-1,25.48,542008934,1073741824,50.48,41,11.5MB / 21MB,59.8MB / 249MB
9,2026-09-10T11:47:55.072616+00:00,19,2026-09-10T11:47:54.693100+00:00,false,microservices,order,6f0a9968490f33e07bc1d0b4a3105829d837b59f4d0aadbdefd31f53498de28f,tcc-microservices-experiment-order-1,27.55,82512445,1073741824,7.68,3,13.3MB / 9.03MB,7.93MB / 77.8kB
9,2026-09-10T11:47:55.072616+00:00,19,2026-09-10T11:47:54.693100+00:00,false,microservices,product,849f6ec3be61aa016d4eee2bd8b4b27429579c5b380eaeea9d72096e62c01ed2,tcc-microservices-experiment-product-1,31.6,83770737,1073741824,7.8,3,11.3MB / 5.88MB,9.82MB / 81.9kB
10,2026-09-10T11:47:56.072618+00:00,21,2026-09-10T11:47:55.692354+00:00,false,microservices,auth,96fc60d0f6ef3d3bd9cb668dd42341f58343dfcfa9a6c353fb4683df6c04246f,tcc-microservices-experiment-auth-1,0.02,81170268,1073741824,7.56,3,45.5kB / 40.3kB,9.33MB / 65.5kB
10,2026-09-10T11:47:56.072618+00:00,21,2026-09-10T11:47:55.692354+00:00,false,microservices,gateway,fdf2d6a59fd3df9854a6be81ecb22e01eb2f5118de83026c29b33e33d02ff0e1,tcc-microservices-experiment-gateway-1,11.07,447112806,536870912,83.28,76,1.61MB / 2.05MB,28.7MB / 193kB
10,2026-09-10T11:47:56.072618+00:00,21,2026-09-10T11:47:55.692354+00:00,false,microservices,mysql,24ac2fc3c0c26b10877c826cbef959cfb18618763fe7d6f8b81923214baccaca,tcc-microservices-experiment-mysql-1,30.34,542113792,1073741824,50.49,41,11.7MB / 21.4MB,59.8MB / 252MB
10,2026-09-10T11:47:56.072618+00:00,21,2026-09-10T11:47:55.692354+00:00,false,microservices,order,6f0a9968490f33e07bc1d0b4a3105829d837b59f4d0aadbdefd31f53498de28f,tcc-microservices-experiment-order-1,26.26,82292244,1073741824,7.66,3,13.5MB / 9.16MB,7.93MB / 77.8kB
10,2026-09-10T11:47:56.072618+00:00,21,2026-09-10T11:47:55.692354+00:00,false,microservices,product,849f6ec3be61aa016d4eee2bd8b4b27429579c5b380eaeea9d72096e62c01ed2,tcc-microservices-experiment-product-1,31.61,82827018,1073741824,7.71,3,11.6MB / 6.04MB,9.82MB / 81.9kB
11,2026-09-10T11:47:57.072588+00:00,23,2026-09-10T11:47:56.692547+00:00,false,microservices,auth,96fc60d0f6ef3d3bd9cb668dd42341f58343dfcfa9a6c353fb4683df6c04246f,tcc-microservices-experiment-auth-1,0.02,81170268,1073741824,7.56,3,45.5kB / 40.3kB,9.33MB / 65.5kB
11,2026-09-10T11:47:57.072588+00:00,23,2026-09-10T11:47:56.692547+00:00,false,microservices,gateway,fdf2d6a59fd3df9854a6be81ecb22e01eb2f5118de83026c29b33e33d02ff0e1,tcc-microservices-experiment-gateway-1,17.57,453089690,536870912,84.39,76,1.66MB / 2.1MB,28.7MB / 193kB
11,2026-09-10T11:47:57.072588+00:00,23,2026-09-10T11:47:56.692547+00:00,false,microservices,mysql,24ac2fc3c0c26b10877c826cbef959cfb18618763fe7d6f8b81923214baccaca,tcc-microservices-experiment-mysql-1,26.08,543791514,1073741824,50.64,41,11.9MB / 21.8MB,59.8MB / 255MB
11,2026-09-10T11:47:57.072588+00:00,23,2026-09-10T11:47:56.692547+00:00,false,microservices,order,6f0a9968490f33e07bc1d0b4a3105829d837b59f4d0aadbdefd31f53498de28f,tcc-microservices-experiment-order-1,26.6,83057705,1073741824,7.74,3,13.7MB / 9.3MB,7.93MB / 77.8kB
11,2026-09-10T11:47:57.072588+00:00,23,2026-09-10T11:47:56.692547+00:00,false,microservices,product,849f6ec3be61aa016d4eee2bd8b4b27429579c5b380eaeea9d72096e62c01ed2,tcc-microservices-experiment-product-1,32.52,83907052,1073741824,7.81,3,11.9MB / 6.2MB,9.82MB / 81.9kB
12,2026-09-10T11:47:58.072629+00:00,25,2026-09-10T11:47:57.692530+00:00,false,microservices,auth,96fc60d0f6ef3d3bd9cb668dd42341f58343dfcfa9a6c353fb4683df6c04246f,tcc-microservices-experiment-auth-1,0.02,81170268,1073741824,7.56,3,45.5kB / 40.3kB,9.33MB / 65.5kB
12,2026-09-10T11:47:58.072629+00:00,25,2026-09-10T11:47:57.692530+00:00,false,microservices,gateway,fdf2d6a59fd3df9854a6be81ecb22e01eb2f5118de83026c29b33e33d02ff0e1,tcc-microservices-experiment-gateway-1,25.88,453823693,536870912,84.53,76,1.7MB / 2.16MB,28.7MB / 193kB
12,2026-09-10T11:47:58.072629+00:00,25,2026-09-10T11:47:57.692530+00:00,false,microservices,mysql,24ac2fc3c0c26b10877c826cbef959cfb18618763fe7d6f8b81923214baccaca,tcc-microservices-experiment-mysql-1,29.73,542533222,1073741824,50.53,41,12.1MB / 22.3MB,59.8MB / 258MB
12,2026-09-10T11:47:58.072629+00:00,25,2026-09-10T11:47:57.692530+00:00,false,microservices,order,6f0a9968490f33e07bc1d0b4a3105829d837b59f4d0aadbdefd31f53498de28f,tcc-microservices-experiment-order-1,26.68,82816532,1073741824,7.71,3,14MB / 9.44MB,7.93MB / 77.8kB
12,2026-09-10T11:47:58.072629+00:00,25,2026-09-10T11:47:57.692530+00:00,false,microservices,product,849f6ec3be61aa016d4eee2bd8b4b27429579c5b380eaeea9d72096e62c01ed2,tcc-microservices-experiment-product-1,32.41,82900419,1073741824,7.72,3,12.2MB / 6.36MB,9.82MB / 81.9kB
13,2026-09-10T11:47:59.072602+00:00,27,2026-09-10T11:47:58.692389+00:00,false,microservices,auth,96fc60d0f6ef3d3bd9cb668dd42341f58343dfcfa9a6c353fb4683df6c04246f,tcc-microservices-experiment-auth-1,0.02,81170268,1073741824,7.56,3,45.5kB / 40.3kB,9.33MB / 65.5kB
13,2026-09-10T11:47:59.072602+00:00,27,2026-09-10T11:47:58.692389+00:00,false,microservices,gateway,fdf2d6a59fd3df9854a6be81ecb22e01eb2f5118de83026c29b33e33d02ff0e1,tcc-microservices-experiment-gateway-1,11.46,454347981,536870912,84.63,76,1.74MB / 2.22MB,28.7MB / 193kB
13,2026-09-10T11:47:59.072602+00:00,27,2026-09-10T11:47:58.692389+00:00,false,microservices,mysql,24ac2fc3c0c26b10877c826cbef959cfb18618763fe7d6f8b81923214baccaca,tcc-microservices-experiment-mysql-1,25.46,543057510,1073741824,50.58,41,12.3MB / 22.7MB,59.8MB / 261MB
13,2026-09-10T11:47:59.072602+00:00,27,2026-09-10T11:47:58.692389+00:00,false,microservices,order,6f0a9968490f33e07bc1d0b4a3105829d837b59f4d0aadbdefd31f53498de28f,tcc-microservices-experiment-order-1,26.76,82533417,1073741824,7.69,3,14.2MB / 9.58MB,7.93MB / 77.8kB
13,2026-09-10T11:47:59.072602+00:00,27,2026-09-10T11:47:58.692389+00:00,false,microservices,product,849f6ec3be61aa016d4eee2bd8b4b27429579c5b380eaeea9d72096e62c01ed2,tcc-microservices-experiment-product-1,31.88,83057705,1073741824,7.74,3,12.5MB / 6.52MB,9.82MB / 81.9kB
14,2026-09-10T11:48:00.072611+00:00,29,2026-09-10T11:47:59.692281+00:00,false,microservices,auth,96fc60d0f6ef3d3bd9cb668dd42341f58343dfcfa9a6c353fb4683df6c04246f,tcc-microservices-experiment-auth-1,0.01,81170268,1073741824,7.56,3,45.5kB / 40.3kB,9.33MB / 65.5kB
14,2026-09-10T11:48:00.072611+00:00,29,2026-09-10T11:47:59.692281+00:00,false,microservices,gateway,fdf2d6a59fd3df9854a6be81ecb22e01eb2f5118de83026c29b33e33d02ff0e1,tcc-microservices-experiment-gateway-1,16.56,453823693,536870912,84.53,76,1.79MB / 2.27MB,28.7MB / 193kB
14,2026-09-10T11:48:00.072611+00:00,29,2026-09-10T11:47:59.692281+00:00,false,microservices,mysql,24ac2fc3c0c26b10877c826cbef959cfb18618763fe7d6f8b81923214baccaca,tcc-microservices-experiment-mysql-1,30.28,543057510,1073741824,50.58,41,12.6MB / 23.1MB,59.8MB / 263MB
14,2026-09-10T11:48:00.072611+00:00,29,2026-09-10T11:47:59.692281+00:00,false,microservices,order,6f0a9968490f33e07bc1d0b4a3105829d837b59f4d0aadbdefd31f53498de28f,tcc-microservices-experiment-order-1,26.26,82722161,1073741824,7.7,3,14.4MB / 9.72MB,7.93MB / 77.8kB
14,2026-09-10T11:48:00.072611+00:00,29,2026-09-10T11:47:59.692281+00:00,false,microservices,product,849f6ec3be61aa016d4eee2bd8b4b27429579c5b380eaeea9d72096e62c01ed2,tcc-microservices-experiment-product-1,32.12,83120620,1073741824,7.74,3,12.8MB / 6.68MB,9.82MB / 81.9kB
15,2026-09-10T11:48:01.072613+00:00,31,2026-09-10T11:48:00.692348+00:00,false,microservices,auth,96fc60d0f6ef3d3bd9cb668dd42341f58343dfcfa9a6c353fb4683df6c04246f,tcc-microservices-experiment-auth-1,0.02,81170268,1073741824,7.56,3,45.5kB / 40.3kB,9.33MB / 65.5kB
15,2026-09-10T11:48:01.072613+00:00,31,2026-09-10T11:48:00.692348+00:00,false,microservices,gateway,fdf2d6a59fd3df9854a6be81ecb22e01eb2f5118de83026c29b33e33d02ff0e1,tcc-microservices-experiment-gateway-1,15.08,453823693,536870912,84.54,76,1.83MB / 2.33MB,28.7MB / 193kB
15,2026-09-10T11:48:01.072613+00:00,31,2026-09-10T11:48:00.692348+00:00,false,microservices,mysql,24ac2fc3c0c26b10877c826cbef959cfb18618763fe7d6f8b81923214baccaca,tcc-microservices-experiment-mysql-1,25.72,542742938,1073741824,50.54,41,12.8MB / 23.6MB,59.8MB / 266MB
15,2026-09-10T11:48:01.072613+00:00,31,2026-09-10T11:48:00.692348+00:00,false,microservices,order,6f0a9968490f33e07bc1d0b4a3105829d837b59f4d0aadbdefd31f53498de28f,tcc-microservices-experiment-order-1,26.47,82942362,1073741824,7.72,3,14.6MB / 9.86MB,7.93MB / 77.8kB
15,2026-09-10T11:48:01.072613+00:00,31,2026-09-10T11:48:00.692348+00:00,false,microservices,product,849f6ec3be61aa016d4eee2bd8b4b27429579c5b380eaeea9d72096e62c01ed2,tcc-microservices-experiment-product-1,32.67,83456164,1073741824,7.77,3,13.1MB / 6.84MB,9.82MB / 81.9kB
16,2026-09-10T11:48:02.072608+00:00,33,2026-09-10T11:48:01.692307+00:00,false,microservices,auth,96fc60d0f6ef3d3bd9cb668dd42341f58343dfcfa9a6c353fb4683df6c04246f,tcc-microservices-experiment-auth-1,0.01,81170268,1073741824,7.56,3,45.5kB / 40.3kB,9.33MB / 65.5kB
16,2026-09-10T11:48:02.072608+00:00,33,2026-09-10T11:48:01.692307+00:00,false,microservices,gateway,fdf2d6a59fd3df9854a6be81ecb22e01eb2f5118de83026c29b33e33d02ff0e1,tcc-microservices-experiment-gateway-1,8.01,453404262,536870912,84.45,76,1.87MB / 2.38MB,28.7MB / 193kB
16,2026-09-10T11:48:02.072608+00:00,33,2026-09-10T11:48:01.692307+00:00,false,microservices,mysql,24ac2fc3c0c26b10877c826cbef959cfb18618763fe7d6f8b81923214baccaca,tcc-microservices-experiment-mysql-1,27.56,542218650,1073741824,50.5,41,12.9MB / 24MB,59.8MB / 269MB
16,2026-09-10T11:48:02.072608+00:00,33,2026-09-10T11:48:01.692307+00:00,false,microservices,order,6f0a9968490f33e07bc1d0b4a3105829d837b59f4d0aadbdefd31f53498de28f,tcc-microservices-experiment-order-1,25.88,82753618,1073741824,7.71,3,14.9MB / 10MB,7.93MB / 77.8kB
16,2026-09-10T11:48:02.072608+00:00,33,2026-09-10T11:48:01.692307+00:00,false,microservices,product,849f6ec3be61aa016d4eee2bd8b4b27429579c5b380eaeea9d72096e62c01ed2,tcc-microservices-experiment-product-1,30.85,83980452,1073741824,7.82,3,13.4MB / 6.99MB,9.82MB / 81.9kB
17,2026-09-10T11:48:03.072572+00:00,35,2026-09-10T11:48:02.692434+00:00,false,microservices,auth,96fc60d0f6ef3d3bd9cb668dd42341f58343dfcfa9a6c353fb4683df6c04246f,tcc-microservices-experiment-auth-1,0.02,81170268,1073741824,7.56,3,45.5kB / 40.3kB,9.33MB / 65.5kB
17,2026-09-10T11:48:03.072572+00:00,35,2026-09-10T11:48:02.692434+00:00,false,microservices,gateway,fdf2d6a59fd3df9854a6be81ecb22e01eb2f5118de83026c29b33e33d02ff0e1,tcc-microservices-experiment-gateway-1,10.36,453509120,536870912,84.47,76,1.91MB / 2.43MB,28.7MB / 193kB
17,2026-09-10T11:48:03.072572+00:00,35,2026-09-10T11:48:02.692434+00:00,false,microservices,mysql,24ac2fc3c0c26b10877c826cbef959cfb18618763fe7d6f8b81923214baccaca,tcc-microservices-experiment-mysql-1,25.39,542742938,1073741824,50.55,41,13.1MB / 24.4MB,59.8MB / 271MB
17,2026-09-10T11:48:03.072572+00:00,35,2026-09-10T11:48:02.692434+00:00,false,microservices,order,6f0a9968490f33e07bc1d0b4a3105829d837b59f4d0aadbdefd31f53498de28f,tcc-microservices-experiment-order-1,26.16,82617303,1073741824,7.69,3,15.1MB / 10.1MB,7.93MB / 77.8kB
17,2026-09-10T11:48:03.072572+00:00,35,2026-09-10T11:48:02.692434+00:00,false,microservices,product,849f6ec3be61aa016d4eee2bd8b4b27429579c5b380eaeea9d72096e62c01ed2,tcc-microservices-experiment-product-1,32.52,83120620,1073741824,7.74,3,13.7MB / 7.15MB,9.82MB / 81.9kB
18,2026-09-10T11:48:04.072610+00:00,37,2026-09-10T11:48:03.691795+00:00,false,microservices,auth,96fc60d0f6ef3d3bd9cb668dd42341f58343dfcfa9a6c353fb4683df6c04246f,tcc-microservices-experiment-auth-1,0.02,81170268,1073741824,7.56,3,45.5kB / 40.3kB,9.33MB / 65.5kB
18,2026-09-10T11:48:04.072610+00:00,37,2026-09-10T11:48:03.691795+00:00,false,microservices,gateway,fdf2d6a59fd3df9854a6be81ecb22e01eb2f5118de83026c29b33e33d02ff0e1,tcc-microservices-experiment-gateway-1,8.4,454452838,536870912,84.65,76,1.96MB / 2.49MB,28.7MB / 193kB
18,2026-09-10T11:48:04.072610+00:00,37,2026-09-10T11:48:03.691795+00:00,false,microservices,mysql,24ac2fc3c0c26b10877c826cbef959cfb18618763fe7d6f8b81923214baccaca,tcc-microservices-experiment-mysql-1,29.91,542323507,1073741824,50.51,41,13.4MB / 24.9MB,59.8MB / 274MB
18,2026-09-10T11:48:04.072610+00:00,37,2026-09-10T11:48:03.691795+00:00,false,microservices,order,6f0a9968490f33e07bc1d0b4a3105829d837b59f4d0aadbdefd31f53498de28f,tcc-microservices-experiment-order-1,26.21,81820385,1073741824,7.62,3,15.3MB / 10.3MB,7.93MB / 77.8kB
18,2026-09-10T11:48:04.072610+00:00,37,2026-09-10T11:48:03.691795+00:00,false,microservices,product,849f6ec3be61aa016d4eee2bd8b4b27429579c5b380eaeea9d72096e62c01ed2,tcc-microservices-experiment-product-1,31.74,83372278,1073741824,7.76,3,14MB / 7.31MB,9.82MB / 81.9kB
19,2026-09-10T11:48:05.072601+00:00,39,2026-09-10T11:48:04.692212+00:00,false,microservices,auth,96fc60d0f6ef3d3bd9cb668dd42341f58343dfcfa9a6c353fb4683df6c04246f,tcc-microservices-experiment-auth-1,0.02,81170268,1073741824,7.56,3,45.5kB / 40.3kB,9.33MB / 65.5kB
19,2026-09-10T11:48:05.072601+00:00,39,2026-09-10T11:48:04.692212+00:00,false,microservices,gateway,fdf2d6a59fd3df9854a6be81ecb22e01eb2f5118de83026c29b33e33d02ff0e1,tcc-microservices-experiment-gateway-1,9.65,453823693,536870912,84.53,76,2MB / 2.55MB,28.7MB / 209kB
19,2026-09-10T11:48:05.072601+00:00,39,2026-09-10T11:48:04.692212+00:00,false,microservices,mysql,24ac2fc3c0c26b10877c826cbef959cfb18618763fe7d6f8b81923214baccaca,tcc-microservices-experiment-mysql-1,25.57,542428365,1073741824,50.52,41,13.6MB / 25.3MB,59.8MB / 276MB
19,2026-09-10T11:48:05.072601+00:00,39,2026-09-10T11:48:04.692212+00:00,false,microservices,order,6f0a9968490f33e07bc1d0b4a3105829d837b59f4d0aadbdefd31f53498de28f,tcc-microservices-experiment-order-1,26.23,82155930,1073741824,7.65,3,15.5MB / 10.4MB,7.93MB / 77.8kB
19,2026-09-10T11:48:05.072601+00:00,39,2026-09-10T11:48:04.692212+00:00,false,microservices,product,849f6ec3be61aa016d4eee2bd8b4b27429579c5b380eaeea9d72096e62c01ed2,tcc-microservices-experiment-product-1,32.78,83875594,1073741824,7.81,3,14.3MB / 7.47MB,9.82MB / 81.9kB
20,2026-09-10T11:48:06.072580+00:00,41,2026-09-10T11:48:05.692538+00:00,false,microservices,auth,96fc60d0f6ef3d3bd9cb668dd42341f58343dfcfa9a6c353fb4683df6c04246f,tcc-microservices-experiment-auth-1,0.02,81170268,1073741824,7.56,3,45.5kB / 40.3kB,9.33MB / 65.5kB
20,2026-09-10T11:48:06.072580+00:00,41,2026-09-10T11:48:05.692538+00:00,false,microservices,gateway,fdf2d6a59fd3df9854a6be81ecb22e01eb2f5118de83026c29b33e33d02ff0e1,tcc-microservices-experiment-gateway-1,18.4,453718835,536870912,84.52,76,2.05MB / 2.6MB,28.7MB / 209kB
20,2026-09-10T11:48:06.072580+00:00,41,2026-09-10T11:48:05.692538+00:00,false,microservices,mysql,24ac2fc3c0c26b10877c826cbef959cfb18618763fe7d6f8b81923214baccaca,tcc-microservices-experiment-mysql-1,29.86,542742938,1073741824,50.54,41,13.8MB / 25.7MB,59.8MB / 279MB
20,2026-09-10T11:48:06.072580+00:00,41,2026-09-10T11:48:05.692538+00:00,false,microservices,order,6f0a9968490f33e07bc1d0b4a3105829d837b59f4d0aadbdefd31f53498de28f,tcc-microservices-experiment-order-1,26.25,82334188,1073741824,7.67,3,15.8MB / 10.6MB,7.93MB / 77.8kB
20,2026-09-10T11:48:06.072580+00:00,41,2026-09-10T11:48:05.692538+00:00,false,microservices,product,849f6ec3be61aa016d4eee2bd8b4b27429579c5b380eaeea9d72096e62c01ed2,tcc-microservices-experiment-product-1,32.78,83623936,1073741824,7.79,3,14.7MB / 7.64MB,9.82MB / 81.9kB
21,2026-09-10T11:48:07.072585+00:00,43,2026-09-10T11:48:06.692110+00:00,false,microservices,auth,96fc60d0f6ef3d3bd9cb668dd42341f58343dfcfa9a6c353fb4683df6c04246f,tcc-microservices-experiment-auth-1,0.02,81170268,1073741824,7.56,3,45.5kB / 40.3kB,9.33MB / 65.5kB
21,2026-09-10T11:48:07.072585+00:00,43,2026-09-10T11:48:06.692110+00:00,false,microservices,gateway,fdf2d6a59fd3df9854a6be81ecb22e01eb2f5118de83026c29b33e33d02ff0e1,tcc-microservices-experiment-gateway-1,39.35,454138266,536870912,84.59,76,2.09MB / 2.66MB,28.7MB / 209kB
21,2026-09-10T11:48:07.072585+00:00,43,2026-09-10T11:48:06.692110+00:00,false,microservices,mysql,24ac2fc3c0c26b10877c826cbef959cfb18618763fe7d6f8b81923214baccaca,tcc-microservices-experiment-mysql-1,25.28,542638080,1073741824,50.53,41,14MB / 26.2MB,59.8MB / 281MB
21,2026-09-10T11:48:07.072585+00:00,43,2026-09-10T11:48:06.692110+00:00,false,microservices,order,6f0a9968490f33e07bc1d0b4a3105829d837b59f4d0aadbdefd31f53498de28f,tcc-microservices-experiment-order-1,26.05,82166415,1073741824,7.65,3,16MB / 10.7MB,7.93MB / 77.8kB
21,2026-09-10T11:48:07.072585+00:00,43,2026-09-10T11:48:06.692110+00:00,false,microservices,product,849f6ec3be61aa016d4eee2bd8b4b27429579c5b380eaeea9d72096e62c01ed2,tcc-microservices-experiment-product-1,31.39,83833651,1073741824,7.81,3,15MB / 7.8MB,9.82MB / 81.9kB
22,2026-09-10T11:48:08.072585+00:00,45,2026-09-10T11:48:07.692552+00:00,false,microservices,auth,96fc60d0f6ef3d3bd9cb668dd42341f58343dfcfa9a6c353fb4683df6c04246f,tcc-microservices-experiment-auth-1,0.02,81170268,1073741824,7.56,3,45.5kB / 40.3kB,9.33MB / 65.5kB
22,2026-09-10T11:48:08.072585+00:00,45,2026-09-10T11:48:07.692552+00:00,false,microservices,gateway,fdf2d6a59fd3df9854a6be81ecb22e01eb2f5118de83026c29b33e33d02ff0e1,tcc-microservices-experiment-gateway-1,10.72,453613978,536870912,84.48,76,2.13MB / 2.71MB,28.7MB / 209kB
22,2026-09-10T11:48:08.072585+00:00,45,2026-09-10T11:48:07.692552+00:00,false,microservices,mysql,24ac2fc3c0c26b10877c826cbef959cfb18618763fe7d6f8b81923214baccaca,tcc-microservices-experiment-mysql-1,30.07,542113792,1073741824,50.49,41,14.2MB / 26.6MB,59.8MB / 284MB
22,2026-09-10T11:48:08.072585+00:00,45,2026-09-10T11:48:07.692552+00:00,false,microservices,order,6f0a9968490f33e07bc1d0b4a3105829d837b59f4d0aadbdefd31f53498de28f,tcc-microservices-experiment-order-1,25.98,82942362,1073741824,7.72,3,16.2MB / 10.8MB,7.93MB / 77.8kB
22,2026-09-10T11:48:08.072585+00:00,45,2026-09-10T11:48:07.692552+00:00,false,microservices,product,849f6ec3be61aa016d4eee2bd8b4b27429579c5b380eaeea9d72096e62c01ed2,tcc-microservices-experiment-product-1,32.63,83655393,1073741824,7.79,3,15.3MB / 7.96MB,9.82MB / 81.9kB
23,2026-09-10T11:48:09.072590+00:00,47,2026-09-10T11:48:08.692498+00:00,false,microservices,auth,96fc60d0f6ef3d3bd9cb668dd42341f58343dfcfa9a6c353fb4683df6c04246f,tcc-microservices-experiment-auth-1,0.02,81170268,1073741824,7.56,3,45.5kB / 40.3kB,9.33MB / 65.5kB
23,2026-09-10T11:48:09.072590+00:00,47,2026-09-10T11:48:08.692498+00:00,false,microservices,gateway,fdf2d6a59fd3df9854a6be81ecb22e01eb2f5118de83026c29b33e33d02ff0e1,tcc-microservices-experiment-gateway-1,11.26,454767411,536870912,84.71,76,2.18MB / 2.77MB,28.7MB / 209kB
23,2026-09-10T11:48:09.072590+00:00,47,2026-09-10T11:48:08.692498+00:00,false,microservices,mysql,24ac2fc3c0c26b10877c826cbef959cfb18618763fe7d6f8b81923214baccaca,tcc-microservices-experiment-mysql-1,25.97,542008934,1073741824,50.48,41,14.4MB / 27MB,59.8MB / 287MB
23,2026-09-10T11:48:09.072590+00:00,47,2026-09-10T11:48:08.692498+00:00,false,microservices,order,6f0a9968490f33e07bc1d0b4a3105829d837b59f4d0aadbdefd31f53498de28f,tcc-microservices-experiment-order-1,26.66,81809900,1073741824,7.62,3,16.4MB / 11MB,7.93MB / 77.8kB
23,2026-09-10T11:48:09.072590+00:00,47,2026-09-10T11:48:08.692498+00:00,false,microservices,product,849f6ec3be61aa016d4eee2bd8b4b27429579c5b380eaeea9d72096e62c01ed2,tcc-microservices-experiment-product-1,32.07,83802194,1073741824,7.8,3,15.6MB / 8.12MB,9.82MB / 81.9kB
24,2026-09-10T11:48:10.072584+00:00,49,2026-09-10T11:48:09.692022+00:00,false,microservices,auth,96fc60d0f6ef3d3bd9cb668dd42341f58343dfcfa9a6c353fb4683df6c04246f,tcc-microservices-experiment-auth-1,0.02,81170268,1073741824,7.56,3,45.5kB / 40.3kB,9.33MB / 65.5kB
24,2026-09-10T11:48:10.072584+00:00,49,2026-09-10T11:48:09.692022+00:00,false,microservices,gateway,fdf2d6a59fd3df9854a6be81ecb22e01eb2f5118de83026c29b33e33d02ff0e1,tcc-microservices-experiment-gateway-1,8.11,454347981,536870912,84.63,76,2.22MB / 2.82MB,28.7MB / 209kB
24,2026-09-10T11:48:10.072584+00:00,49,2026-09-10T11:48:09.692022+00:00,false,microservices,mysql,24ac2fc3c0c26b10877c826cbef959cfb18618763fe7d6f8b81923214baccaca,tcc-microservices-experiment-mysql-1,29.28,542847795,1073741824,50.56,41,14.6MB / 27.5MB,59.8MB / 289MB
24,2026-09-10T11:48:10.072584+00:00,49,2026-09-10T11:48:09.692022+00:00,false,microservices,order,6f0a9968490f33e07bc1d0b4a3105829d837b59f4d0aadbdefd31f53498de28f,tcc-microservices-experiment-order-1,25.78,82795561,1073741824,7.71,3,16.7MB / 11.1MB,7.93MB / 77.8kB
24,2026-09-10T11:48:10.072584+00:00,49,2026-09-10T11:48:09.692022+00:00,false,microservices,product,849f6ec3be61aa016d4eee2bd8b4b27429579c5b380eaeea9d72096e62c01ed2,tcc-microservices-experiment-product-1,32.16,83298877,1073741824,7.76,3,15.9MB / 8.28MB,9.82MB / 81.9kB
25,2026-09-10T11:48:11.072600+00:00,51,2026-09-10T11:48:10.691315+00:00,false,microservices,auth,96fc60d0f6ef3d3bd9cb668dd42341f58343dfcfa9a6c353fb4683df6c04246f,tcc-microservices-experiment-auth-1,0.02,81170268,1073741824,7.56,3,45.5kB / 40.3kB,9.33MB / 65.5kB
25,2026-09-10T11:48:11.072600+00:00,51,2026-09-10T11:48:10.691315+00:00,false,microservices,gateway,fdf2d6a59fd3df9854a6be81ecb22e01eb2f5118de83026c29b33e33d02ff0e1,tcc-microservices-experiment-gateway-1,11.74,454452838,536870912,84.65,76,2.26MB / 2.88MB,28.7MB / 209kB
25,2026-09-10T11:48:11.072600+00:00,51,2026-09-10T11:48:10.691315+00:00,false,microservices,mysql,24ac2fc3c0c26b10877c826cbef959cfb18618763fe7d6f8b81923214baccaca,tcc-microservices-experiment-mysql-1,26.46,543057510,1073741824,50.58,41,14.8MB / 27.9MB,59.8MB / 292MB
25,2026-09-10T11:48:11.072600+00:00,51,2026-09-10T11:48:10.691315+00:00,false,microservices,order,6f0a9968490f33e07bc1d0b4a3105829d837b59f4d0aadbdefd31f53498de28f,tcc-microservices-experiment-order-1,26.88,83298877,1073741824,7.76,3,16.9MB / 11.3MB,7.93MB / 77.8kB
25,2026-09-10T11:48:11.072600+00:00,51,2026-09-10T11:48:10.691315+00:00,false,microservices,product,849f6ec3be61aa016d4eee2bd8b4b27429579c5b380eaeea9d72096e62c01ed2,tcc-microservices-experiment-product-1,32.48,82690703,1073741824,7.7,3,16.2MB / 8.43MB,9.82MB / 81.9kB
26,2026-09-10T11:48:12.072609+00:00,53,2026-09-10T11:48:11.692418+00:00,false,microservices,auth,96fc60d0f6ef3d3bd9cb668dd42341f58343dfcfa9a6c353fb4683df6c04246f,tcc-microservices-experiment-auth-1,0.02,81170268,1073741824,7.56,3,45.5kB / 40.3kB,9.33MB / 65.5kB
26,2026-09-10T11:48:12.072609+00:00,53,2026-09-10T11:48:11.692418+00:00,false,microservices,gateway,fdf2d6a59fd3df9854a6be81ecb22e01eb2f5118de83026c29b33e33d02ff0e1,tcc-microservices-experiment-gateway-1,8.95,454243123,536870912,84.61,76,2.31MB / 2.93MB,28.7MB / 209kB
26,2026-09-10T11:48:12.072609+00:00,53,2026-09-10T11:48:11.692418+00:00,false,microservices,mysql,24ac2fc3c0c26b10877c826cbef959cfb18618763fe7d6f8b81923214baccaca,tcc-microservices-experiment-mysql-1,29.0,542847795,1073741824,50.55,41,15MB / 28.3MB,59.8MB / 295MB
26,2026-09-10T11:48:12.072609+00:00,53,2026-09-10T11:48:11.692418+00:00,false,microservices,order,6f0a9968490f33e07bc1d0b4a3105829d837b59f4d0aadbdefd31f53498de28f,tcc-microservices-experiment-order-1,26.19,82124472,1073741824,7.65,3,17.1MB / 11.4MB,7.93MB / 77.8kB
26,2026-09-10T11:48:12.072609+00:00,53,2026-09-10T11:48:11.692418+00:00,false,microservices,product,849f6ec3be61aa016d4eee2bd8b4b27429579c5b380eaeea9d72096e62c01ed2,tcc-microservices-experiment-product-1,32.62,83235963,1073741824,7.75,3,16.5MB / 8.6MB,9.82MB / 81.9kB
27,2026-09-10T11:48:13.072611+00:00,55,2026-09-10T11:48:12.692180+00:00,false,microservices,auth,96fc60d0f6ef3d3bd9cb668dd42341f58343dfcfa9a6c353fb4683df6c04246f,tcc-microservices-experiment-auth-1,0.02,81170268,1073741824,7.56,3,45.5kB / 40.3kB,9.33MB / 65.5kB
27,2026-09-10T11:48:13.072611+00:00,55,2026-09-10T11:48:12.692180+00:00,false,microservices,gateway,fdf2d6a59fd3df9854a6be81ecb22e01eb2f5118de83026c29b33e33d02ff0e1,tcc-microservices-experiment-gateway-1,15.83,454452838,536870912,84.65,76,2.35MB / 2.99MB,28.7MB / 209kB
27,2026-09-10T11:48:13.072611+00:00,55,2026-09-10T11:48:12.692180+00:00,false,microservices,mysql,24ac2fc3c0c26b10877c826cbef959cfb18618763fe7d6f8b81923214baccaca,tcc-microservices-experiment-mysql-1,25.56,542428365,1073741824,50.52,41,15.2MB / 28.8MB,59.8MB / 297MB
27,2026-09-10T11:48:13.072611+00:00,55,2026-09-10T11:48:12.692180+00:00,false,microservices,order,6f0a9968490f33e07bc1d0b4a3105829d837b59f4d0aadbdefd31f53498de28f,tcc-microservices-experiment-order-1,26.35,81925243,1073741824,7.63,3,17.3MB / 11.5MB,7.93MB / 77.8kB
27,2026-09-10T11:48:13.072611+00:00,55,2026-09-10T11:48:12.692180+00:00,false,microservices,product,849f6ec3be61aa016d4eee2bd8b4b27429579c5b380eaeea9d72096e62c01ed2,tcc-microservices-experiment-product-1,32.15,83288392,1073741824,7.76,3,16.8MB / 8.76MB,9.82MB / 81.9kB
28,2026-09-10T11:48:14.072606+00:00,57,2026-09-10T11:48:13.692448+00:00,false,microservices,auth,96fc60d0f6ef3d3bd9cb668dd42341f58343dfcfa9a6c353fb4683df6c04246f,tcc-microservices-experiment-auth-1,0.02,81170268,1073741824,7.56,3,45.5kB / 40.3kB,9.33MB / 65.5kB
28,2026-09-10T11:48:14.072606+00:00,57,2026-09-10T11:48:13.692448+00:00,false,microservices,gateway,fdf2d6a59fd3df9854a6be81ecb22e01eb2f5118de83026c29b33e33d02ff0e1,tcc-microservices-experiment-gateway-1,9.95,454452838,536870912,84.65,76,2.39MB / 3.05MB,28.7MB / 209kB
28,2026-09-10T11:48:14.072606+00:00,57,2026-09-10T11:48:13.692448+00:00,false,microservices,mysql,24ac2fc3c0c26b10877c826cbef959cfb18618763fe7d6f8b81923214baccaca,tcc-microservices-experiment-mysql-1,29.28,543372083,1073741824,50.61,41,15.4MB / 29.2MB,59.8MB / 299MB
28,2026-09-10T11:48:14.072606+00:00,57,2026-09-10T11:48:13.692448+00:00,false,microservices,order,6f0a9968490f33e07bc1d0b4a3105829d837b59f4d0aadbdefd31f53498de28f,tcc-microservices-experiment-order-1,26.7,82984305,1073741824,7.73,4,17.6MB / 11.7MB,7.93MB / 77.8kB
28,2026-09-10T11:48:14.072606+00:00,57,2026-09-10T11:48:13.692448+00:00,false,microservices,product,849f6ec3be61aa016d4eee2bd8b4b27429579c5b380eaeea9d72096e62c01ed2,tcc-microservices-experiment-product-1,31.93,83844137,1073741824,7.81,3,17.1MB / 8.92MB,9.82MB / 81.9kB
29,2026-09-10T11:48:15.072604+00:00,59,2026-09-10T11:48:14.691372+00:00,false,microservices,auth,96fc60d0f6ef3d3bd9cb668dd42341f58343dfcfa9a6c353fb4683df6c04246f,tcc-microservices-experiment-auth-1,0.02,81170268,1073741824,7.56,3,45.5kB / 40.3kB,9.33MB / 65.5kB
29,2026-09-10T11:48:15.072604+00:00,59,2026-09-10T11:48:14.691372+00:00,false,microservices,gateway,fdf2d6a59fd3df9854a6be81ecb22e01eb2f5118de83026c29b33e33d02ff0e1,tcc-microservices-experiment-gateway-1,14.19,455081984,536870912,84.76,76,2.43MB / 3.1MB,28.7MB / 209kB
29,2026-09-10T11:48:15.072604+00:00,59,2026-09-10T11:48:14.691372+00:00,false,microservices,mysql,24ac2fc3c0c26b10877c826cbef959cfb18618763fe7d6f8b81923214baccaca,tcc-microservices-experiment-mysql-1,26.31,543372083,1073741824,50.61,41,15.6MB / 29.6MB,59.8MB / 302MB
29,2026-09-10T11:48:15.072604+00:00,59,2026-09-10T11:48:14.691372+00:00,false,microservices,order,6f0a9968490f33e07bc1d0b4a3105829d837b59f4d0aadbdefd31f53498de28f,tcc-microservices-experiment-order-1,25.19,82480988,1073741824,7.68,3,17.8MB / 11.8MB,7.93MB / 77.8kB
29,2026-09-10T11:48:15.072604+00:00,59,2026-09-10T11:48:14.691372+00:00,false,microservices,product,849f6ec3be61aa016d4eee2bd8b4b27429579c5b380eaeea9d72096e62c01ed2,tcc-microservices-experiment-product-1,32.0,83697336,1073741824,7.8,3,17.4MB / 9.07MB,9.82MB / 81.9kB
30,2026-09-10T11:48:16.072581+00:00,61,2026-09-10T11:48:15.691489+00:00,false,microservices,auth,96fc60d0f6ef3d3bd9cb668dd42341f58343dfcfa9a6c353fb4683df6c04246f,tcc-microservices-experiment-auth-1,0.02,81170268,1073741824,7.56,3,45.5kB / 40.3kB,9.33MB / 65.5kB
30,2026-09-10T11:48:16.072581+00:00,61,2026-09-10T11:48:15.691489+00:00,false,microservices,gateway,fdf2d6a59fd3df9854a6be81ecb22e01eb2f5118de83026c29b33e33d02ff0e1,tcc-microservices-experiment-gateway-1,26.07,454662554,536870912,84.68,76,2.48MB / 3.16MB,28.7MB / 209kB
30,2026-09-10T11:48:16.072581+00:00,61,2026-09-10T11:48:15.691489+00:00,false,microservices,mysql,24ac2fc3c0c26b10877c826cbef959cfb18618763fe7d6f8b81923214baccaca,tcc-microservices-experiment-mysql-1,30.16,543162368,1073741824,50.59,41,15.8MB / 30.1MB,59.8MB / 304MB
30,2026-09-10T11:48:16.072581+00:00,61,2026-09-10T11:48:15.691489+00:00,false,microservices,order,6f0a9968490f33e07bc1d0b4a3105829d837b59f4d0aadbdefd31f53498de28f,tcc-microservices-experiment-order-1,26.38,82512445,1073741824,7.68,3,18MB / 12MB,7.93MB / 77.8kB
30,2026-09-10T11:48:16.072581+00:00,61,2026-09-10T11:48:15.691489+00:00,false,microservices,product,849f6ec3be61aa016d4eee2bd8b4b27429579c5b380eaeea9d72096e62c01ed2,tcc-microservices-experiment-product-1,32.12,84641055,1073741824,7.88,3,17.8MB / 9.24MB,9.82MB / 81.9kB
31,2026-09-10T11:48:17.072595+00:00,63,2026-09-10T11:48:16.691451+00:00,false,microservices,auth,96fc60d0f6ef3d3bd9cb668dd42341f58343dfcfa9a6c353fb4683df6c04246f,tcc-microservices-experiment-auth-1,0.02,81170268,1073741824,7.56,3,45.5kB / 40.3kB,9.33MB / 65.5kB
31,2026-09-10T11:48:17.072595+00:00,63,2026-09-10T11:48:16.691451+00:00,false,microservices,gateway,fdf2d6a59fd3df9854a6be81ecb22e01eb2f5118de83026c29b33e33d02ff0e1,tcc-microservices-experiment-gateway-1,23.85,454977126,536870912,84.74,76,2.52MB / 3.21MB,28.7MB / 209kB
31,2026-09-10T11:48:17.072595+00:00,63,2026-09-10T11:48:16.691451+00:00,false,microservices,mysql,24ac2fc3c0c26b10877c826cbef959cfb18618763fe7d6f8b81923214baccaca,tcc-microservices-experiment-mysql-1,24.11,543476941,1073741824,50.62,41,16MB / 30.5MB,59.8MB / 306MB
31,2026-09-10T11:48:17.072595+00:00,63,2026-09-10T11:48:16.691451+00:00,false,microservices,order,6f0a9968490f33e07bc1d0b4a3105829d837b59f4d0aadbdefd31f53498de28f,tcc-microservices-experiment-order-1,24.34,82648760,1073741824,7.7,3,18.2MB / 12.1MB,7.93MB / 77.8kB
31,2026-09-10T11:48:17.072595+00:00,63,2026-09-10T11:48:16.691451+00:00,false,microservices,product,849f6ec3be61aa016d4eee2bd8b4b27429579c5b380eaeea9d72096e62c01ed2,tcc-microservices-experiment-product-1,29.91,83948995,1073741824,7.82,3,18MB / 9.39MB,9.82MB / 81.9kB
32,2026-09-10T11:48:18.072582+00:00,65,2026-09-10T11:48:17.691845+00:00,false,microservices,auth,96fc60d0f6ef3d3bd9cb668dd42341f58343dfcfa9a6c353fb4683df6c04246f,tcc-microservices-experiment-auth-1,0.02,81170268,1073741824,7.56,3,45.5kB / 40.3kB,9.33MB / 65.5kB
32,2026-09-10T11:48:18.072582+00:00,65,2026-09-10T11:48:17.691845+00:00,false,microservices,gateway,fdf2d6a59fd3df9854a6be81ecb22e01eb2f5118de83026c29b33e33d02ff0e1,tcc-microservices-experiment-gateway-1,11.91,453718835,536870912,84.51,76,2.56MB / 3.27MB,28.7MB / 209kB
32,2026-09-10T11:48:18.072582+00:00,65,2026-09-10T11:48:17.691845+00:00,false,microservices,mysql,24ac2fc3c0c26b10877c826cbef959cfb18618763fe7d6f8b81923214baccaca,tcc-microservices-experiment-mysql-1,28.94,544001229,1073741824,50.66,41,16.2MB / 30.9MB,59.8MB / 307MB
32,2026-09-10T11:48:18.072582+00:00,65,2026-09-10T11:48:17.691845+00:00,false,microservices,order,6f0a9968490f33e07bc1d0b4a3105829d837b59f4d0aadbdefd31f53498de28f,tcc-microservices-experiment-order-1,26.0,81946214,1073741824,7.63,3,18.5MB / 12.2MB,7.93MB / 77.8kB
32,2026-09-10T11:48:18.072582+00:00,65,2026-09-10T11:48:17.691845+00:00,false,microservices,product,849f6ec3be61aa016d4eee2bd8b4b27429579c5b380eaeea9d72096e62c01ed2,tcc-microservices-experiment-product-1,32.69,82795561,1073741824,7.71,3,18.4MB / 9.55MB,9.82MB / 81.9kB
33,2026-09-10T11:48:19.072613+00:00,67,2026-09-10T11:48:18.692534+00:00,false,microservices,auth,96fc60d0f6ef3d3bd9cb668dd42341f58343dfcfa9a6c353fb4683df6c04246f,tcc-microservices-experiment-auth-1,0.02,81170268,1073741824,7.56,3,45.5kB / 40.3kB,9.33MB / 65.5kB
33,2026-09-10T11:48:19.072613+00:00,67,2026-09-10T11:48:18.692534+00:00,false,microservices,gateway,fdf2d6a59fd3df9854a6be81ecb22e01eb2f5118de83026c29b33e33d02ff0e1,tcc-microservices-experiment-gateway-1,7.28,455186842,536870912,84.78,76,2.61MB / 3.32MB,28.7MB / 209kB
33,2026-09-10T11:48:19.072613+00:00,67,2026-09-10T11:48:18.692534+00:00,false,microservices,mysql,24ac2fc3c0c26b10877c826cbef959cfb18618763fe7d6f8b81923214baccaca,tcc-microservices-experiment-mysql-1,26.28,542952653,1073741824,50.56,41,16.4MB / 31.4MB,59.8MB / 309MB
33,2026-09-10T11:48:19.072613+00:00,67,2026-09-10T11:48:18.692534+00:00,false,microservices,order,6f0a9968490f33e07bc1d0b4a3105829d837b59f4d0aadbdefd31f53498de28f,tcc-microservices-experiment-order-1,25.29,81746985,1073741824,7.61,3,18.7MB / 12.4MB,7.93MB / 77.8kB
33,2026-09-10T11:48:19.072613+00:00,67,2026-09-10T11:48:18.692534+00:00,false,microservices,product,849f6ec3be61aa016d4eee2bd8b4b27429579c5b380eaeea9d72096e62c01ed2,tcc-microservices-experiment-product-1,32.98,83980452,1073741824,7.82,3,18.7MB / 9.71MB,9.82MB / 81.9kB
34,2026-09-10T11:48:20.072591+00:00,69,2026-09-10T11:48:19.691498+00:00,false,microservices,auth,96fc60d0f6ef3d3bd9cb668dd42341f58343dfcfa9a6c353fb4683df6c04246f,tcc-microservices-experiment-auth-1,0.02,81170268,1073741824,7.56,3,45.5kB / 40.3kB,9.33MB / 65.5kB
34,2026-09-10T11:48:20.072591+00:00,69,2026-09-10T11:48:19.691498+00:00,false,microservices,gateway,fdf2d6a59fd3df9854a6be81ecb22e01eb2f5118de83026c29b33e33d02ff0e1,tcc-microservices-experiment-gateway-1,32.62,455711130,536870912,84.88,76,2.65MB / 3.38MB,28.7MB / 225kB
34,2026-09-10T11:48:20.072591+00:00,69,2026-09-10T11:48:19.691498+00:00,false,microservices,mysql,24ac2fc3c0c26b10877c826cbef959cfb18618763fe7d6f8b81923214baccaca,tcc-microservices-experiment-mysql-1,29.98,544001229,1073741824,50.67,41,16.6MB / 31.8MB,59.8MB / 311MB
34,2026-09-10T11:48:20.072591+00:00,69,2026-09-10T11:48:19.691498+00:00,false,microservices,order,6f0a9968490f33e07bc1d0b4a3105829d837b59f4d0aadbdefd31f53498de28f,tcc-microservices-experiment-order-1,25.48,81893786,1073741824,7.63,3,18.9MB / 12.5MB,7.93MB / 77.8kB
34,2026-09-10T11:48:20.072591+00:00,69,2026-09-10T11:48:19.691498+00:00,false,microservices,product,849f6ec3be61aa016d4eee2bd8b4b27429579c5b380eaeea9d72096e62c01ed2,tcc-microservices-experiment-product-1,32.97,83770737,1073741824,7.8,3,19MB / 9.87MB,9.82MB / 81.9kB
35,2026-09-10T11:48:21.072563+00:00,71,2026-09-10T11:48:20.691370+00:00,false,microservices,auth,96fc60d0f6ef3d3bd9cb668dd42341f58343dfcfa9a6c353fb4683df6c04246f,tcc-microservices-experiment-auth-1,0.02,81170268,1073741824,7.56,3,45.5kB / 40.3kB,9.33MB / 65.5kB
35,2026-09-10T11:48:21.072563+00:00,71,2026-09-10T11:48:20.691370+00:00,false,microservices,gateway,fdf2d6a59fd3df9854a6be81ecb22e01eb2f5118de83026c29b33e33d02ff0e1,tcc-microservices-experiment-gateway-1,26.23,456969421,536870912,85.11,76,2.69MB / 3.43MB,28.7MB / 225kB
35,2026-09-10T11:48:21.072563+00:00,71,2026-09-10T11:48:20.691370+00:00,false,microservices,mysql,24ac2fc3c0c26b10877c826cbef959cfb18618763fe7d6f8b81923214baccaca,tcc-microservices-experiment-mysql-1,25.77,543162368,1073741824,50.58,41,16.8MB / 32.2MB,59.8MB / 314MB
35,2026-09-10T11:48:21.072563+00:00,71,2026-09-10T11:48:20.691370+00:00,false,microservices,order,6f0a9968490f33e07bc1d0b4a3105829d837b59f4d0aadbdefd31f53498de28f,tcc-microservices-experiment-order-1,25.53,82617303,1073741824,7.69,3,19.2MB / 12.6MB,7.93MB / 77.8kB
35,2026-09-10T11:48:21.072563+00:00,71,2026-09-10T11:48:20.691370+00:00,false,microservices,product,849f6ec3be61aa016d4eee2bd8b4b27429579c5b380eaeea9d72096e62c01ed2,tcc-microservices-experiment-product-1,32.26,83928023,1073741824,7.82,3,19.3MB / 10MB,9.82MB / 81.9kB
36,2026-09-10T11:48:22.072571+00:00,73,2026-09-10T11:48:21.691269+00:00,false,microservices,auth,96fc60d0f6ef3d3bd9cb668dd42341f58343dfcfa9a6c353fb4683df6c04246f,tcc-microservices-experiment-auth-1,0.02,81170268,1073741824,7.56,3,45.5kB / 40.3kB,9.33MB / 65.5kB
36,2026-09-10T11:48:22.072571+00:00,73,2026-09-10T11:48:21.691269+00:00,false,microservices,gateway,fdf2d6a59fd3df9854a6be81ecb22e01eb2f5118de83026c29b33e33d02ff0e1,tcc-microservices-experiment-gateway-1,8.85,457179136,536870912,85.16,76,2.74MB / 3.49MB,28.7MB / 225kB
36,2026-09-10T11:48:22.072571+00:00,73,2026-09-10T11:48:21.691269+00:00,false,microservices,mysql,24ac2fc3c0c26b10877c826cbef959cfb18618763fe7d6f8b81923214baccaca,tcc-microservices-experiment-mysql-1,30.24,543896371,1073741824,50.65,41,17MB / 32.7MB,59.8MB / 315MB
36,2026-09-10T11:48:22.072571+00:00,73,2026-09-10T11:48:21.691269+00:00,false,microservices,order,6f0a9968490f33e07bc1d0b4a3105829d837b59f4d0aadbdefd31f53498de28f,tcc-microservices-experiment-order-1,26.29,82428559,1073741824,7.68,3,19.4MB / 12.8MB,7.93MB / 77.8kB
36,2026-09-10T11:48:22.072571+00:00,73,2026-09-10T11:48:21.691269+00:00,false,microservices,product,849f6ec3be61aa016d4eee2bd8b4b27429579c5b380eaeea9d72096e62c01ed2,tcc-microservices-experiment-product-1,32.74,84242596,1073741824,7.85,3,19.6MB / 10.2MB,9.82MB / 81.9kB
37,2026-09-10T11:48:23.072573+00:00,75,2026-09-10T11:48:22.691458+00:00,false,microservices,auth,96fc60d0f6ef3d3bd9cb668dd42341f58343dfcfa9a6c353fb4683df6c04246f,tcc-microservices-experiment-auth-1,0.02,81170268,1073741824,7.56,3,45.5kB / 40.3kB,9.33MB / 65.5kB
37,2026-09-10T11:48:23.072573+00:00,75,2026-09-10T11:48:22.691458+00:00,false,microservices,gateway,fdf2d6a59fd3df9854a6be81ecb22e01eb2f5118de83026c29b33e33d02ff0e1,tcc-microservices-experiment-gateway-1,8.27,457388851,536870912,85.19,76,2.78MB / 3.55MB,28.7MB / 225kB
37,2026-09-10T11:48:23.072573+00:00,75,2026-09-10T11:48:22.691458+00:00,false,microservices,mysql,24ac2fc3c0c26b10877c826cbef959cfb18618763fe7d6f8b81923214baccaca,tcc-microservices-experiment-mysql-1,25.75,544106086,1073741824,50.68,41,17.2MB / 33.1MB,59.8MB / 317MB
37,2026-09-10T11:48:23.072573+00:00,75,2026-09-10T11:48:22.691458+00:00,false,microservices,order,6f0a9968490f33e07bc1d0b4a3105829d837b59f4d0aadbdefd31f53498de28f,tcc-microservices-experiment-order-1,25.48,82816532,1073741824,7.71,3,19.6MB / 12.9MB,7.93MB / 77.8kB
37,2026-09-10T11:48:23.072573+00:00,75,2026-09-10T11:48:22.691458+00:00,false,microservices,product,849f6ec3be61aa016d4eee2bd8b4b27429579c5b380eaeea9d72096e62c01ed2,tcc-microservices-experiment-product-1,32.44,83319849,1073741824,7.76,3,19.9MB / 10.4MB,9.82MB / 81.9kB
38,2026-09-10T11:48:24.072592+00:00,77,2026-09-10T11:48:23.691766+00:00,false,microservices,auth,96fc60d0f6ef3d3bd9cb668dd42341f58343dfcfa9a6c353fb4683df6c04246f,tcc-microservices-experiment-auth-1,0.02,81170268,1073741824,7.56,3,45.5kB / 40.3kB,9.33MB / 65.5kB
38,2026-09-10T11:48:24.072592+00:00,77,2026-09-10T11:48:23.691766+00:00,false,microservices,gateway,fdf2d6a59fd3df9854a6be81ecb22e01eb2f5118de83026c29b33e33d02ff0e1,tcc-microservices-experiment-gateway-1,7.47,450677965,536870912,83.94,76,2.83MB / 3.6MB,28.7MB / 225kB
38,2026-09-10T11:48:24.072592+00:00,77,2026-09-10T11:48:23.691766+00:00,false,microservices,mysql,24ac2fc3c0c26b10877c826cbef959cfb18618763fe7d6f8b81923214baccaca,tcc-microservices-experiment-mysql-1,30.21,544001229,1073741824,50.67,41,17.4MB / 33.6MB,59.8MB / 318MB
38,2026-09-10T11:48:24.072592+00:00,77,2026-09-10T11:48:23.691766+00:00,false,microservices,order,6f0a9968490f33e07bc1d0b4a3105829d837b59f4d0aadbdefd31f53498de28f,tcc-microservices-experiment-order-1,25.25,82627789,1073741824,7.7,3,19.8MB / 13.1MB,7.93MB / 77.8kB
38,2026-09-10T11:48:24.072592+00:00,77,2026-09-10T11:48:23.691766+00:00,false,microservices,product,849f6ec3be61aa016d4eee2bd8b4b27429579c5b380eaeea9d72096e62c01ed2,tcc-microservices-experiment-product-1,32.52,84095795,1073741824,7.83,3,20.2MB / 10.5MB,9.82MB / 81.9kB
39,2026-09-10T11:48:25.072586+00:00,79,2026-09-10T11:48:24.691375+00:00,false,microservices,auth,96fc60d0f6ef3d3bd9cb668dd42341f58343dfcfa9a6c353fb4683df6c04246f,tcc-microservices-experiment-auth-1,0.02,81170268,1073741824,7.56,3,45.5kB / 40.3kB,9.33MB / 65.5kB
39,2026-09-10T11:48:25.072586+00:00,79,2026-09-10T11:48:24.691375+00:00,false,microservices,gateway,fdf2d6a59fd3df9854a6be81ecb22e01eb2f5118de83026c29b33e33d02ff0e1,tcc-microservices-experiment-gateway-1,8.29,451202253,536870912,84.05,76,2.87MB / 3.66MB,28.7MB / 225kB
39,2026-09-10T11:48:25.072586+00:00,79,2026-09-10T11:48:24.691375+00:00,false,microservices,mysql,24ac2fc3c0c26b10877c826cbef959cfb18618763fe7d6f8b81923214baccaca,tcc-microservices-experiment-mysql-1,26.0,543791514,1073741824,50.65,41,17.6MB / 34MB,59.8MB / 320MB
39,2026-09-10T11:48:25.072586+00:00,79,2026-09-10T11:48:24.691375+00:00,false,microservices,order,6f0a9968490f33e07bc1d0b4a3105829d837b59f4d0aadbdefd31f53498de28f,tcc-microservices-experiment-order-1,26.23,82355159,1073741824,7.67,3,20.1MB / 13.2MB,7.93MB / 77.8kB
39,2026-09-10T11:48:25.072586+00:00,79,2026-09-10T11:48:24.691375+00:00,false,microservices,product,849f6ec3be61aa016d4eee2bd8b4b27429579c5b380eaeea9d72096e62c01ed2,tcc-microservices-experiment-product-1,31.85,83770737,1073741824,7.8,3,20.5MB / 10.7MB,9.82MB / 81.9kB
40,2026-09-10T11:48:26.072602+00:00,81,2026-09-10T11:48:25.691378+00:00,false,microservices,auth,96fc60d0f6ef3d3bd9cb668dd42341f58343dfcfa9a6c353fb4683df6c04246f,tcc-microservices-experiment-auth-1,0.02,81170268,1073741824,7.56,3,45.5kB / 40.3kB,9.33MB / 65.5kB
40,2026-09-10T11:48:26.072602+00:00,81,2026-09-10T11:48:25.691378+00:00,false,microservices,gateway,fdf2d6a59fd3df9854a6be81ecb22e01eb2f5118de83026c29b33e33d02ff0e1,tcc-microservices-experiment-gateway-1,8.31,451831398,536870912,84.17,76,2.91MB / 3.71MB,28.7MB / 225kB
40,2026-09-10T11:48:26.072602+00:00,81,2026-09-10T11:48:25.691378+00:00,false,microservices,mysql,24ac2fc3c0c26b10877c826cbef959cfb18618763fe7d6f8b81923214baccaca,tcc-microservices-experiment-mysql-1,26.89,547566387,1073741824,50.99,47,17.8MB / 34.4MB,59.8MB / 321MB
40,2026-09-10T11:48:26.072602+00:00,81,2026-09-10T11:48:25.691378+00:00,false,microservices,order,6f0a9968490f33e07bc1d0b4a3105829d837b59f4d0aadbdefd31f53498de28f,tcc-microservices-experiment-order-1,26.64,83089162,1073741824,7.74,4,20.3MB / 13.4MB,7.93MB / 77.8kB
40,2026-09-10T11:48:26.072602+00:00,81,2026-09-10T11:48:25.691378+00:00,false,microservices,product,849f6ec3be61aa016d4eee2bd8b4b27429579c5b380eaeea9d72096e62c01ed2,tcc-microservices-experiment-product-1,32.19,83865108,1073741824,7.81,3,20.9MB / 10.8MB,9.82MB / 81.9kB
41,2026-09-10T11:48:27.072609+00:00,83,2026-09-10T11:48:26.691469+00:00,false,microservices,auth,96fc60d0f6ef3d3bd9cb668dd42341f58343dfcfa9a6c353fb4683df6c04246f,tcc-microservices-experiment-auth-1,0.02,81170268,1073741824,7.56,3,45.5kB / 40.3kB,9.33MB / 65.5kB
41,2026-09-10T11:48:27.072609+00:00,83,2026-09-10T11:48:26.691469+00:00,false,microservices,gateway,fdf2d6a59fd3df9854a6be81ecb22e01eb2f5118de83026c29b33e33d02ff0e1,tcc-microservices-experiment-gateway-1,10.06,451411968,536870912,84.07,76,2.96MB / 3.77MB,28.7MB / 225kB
41,2026-09-10T11:48:27.072609+00:00,83,2026-09-10T11:48:26.691469+00:00,false,microservices,mysql,24ac2fc3c0c26b10877c826cbef959cfb18618763fe7d6f8b81923214baccaca,tcc-microservices-experiment-mysql-1,28.89,544630374,1073741824,50.72,41,18MB / 34.9MB,59.8MB / 323MB
41,2026-09-10T11:48:27.072609+00:00,83,2026-09-10T11:48:26.691469+00:00,false,microservices,order,6f0a9968490f33e07bc1d0b4a3105829d837b59f4d0aadbdefd31f53498de28f,tcc-microservices-experiment-order-1,25.96,83330335,1073741824,7.76,3,20.5MB / 13.5MB,7.93MB / 77.8kB
41,2026-09-10T11:48:27.072609+00:00,83,2026-09-10T11:48:26.691469+00:00,false,microservices,product,849f6ec3be61aa016d4eee2bd8b4b27429579c5b380eaeea9d72096e62c01ed2,tcc-microservices-experiment-product-1,31.67,83928023,1073741824,7.82,3,21.2MB / 11MB,9.82MB / 81.9kB
42,2026-09-10T11:48:28.072587+00:00,85,2026-09-10T11:48:27.691665+00:00,false,microservices,auth,96fc60d0f6ef3d3bd9cb668dd42341f58343dfcfa9a6c353fb4683df6c04246f,tcc-microservices-experiment-auth-1,0.02,81170268,1073741824,7.56,3,45.5kB / 40.3kB,9.33MB / 65.5kB
42,2026-09-10T11:48:28.072587+00:00,85,2026-09-10T11:48:27.691665+00:00,false,microservices,gateway,fdf2d6a59fd3df9854a6be81ecb22e01eb2f5118de83026c29b33e33d02ff0e1,tcc-microservices-experiment-gateway-1,15.83,451202253,536870912,84.04,76,3MB / 3.82MB,28.7MB / 225kB
42,2026-09-10T11:48:28.072587+00:00,85,2026-09-10T11:48:27.691665+00:00,false,microservices,mysql,24ac2fc3c0c26b10877c826cbef959cfb18618763fe7d6f8b81923214baccaca,tcc-microservices-experiment-mysql-1,25.86,544420659,1073741824,50.7,41,18.2MB / 35.3MB,59.8MB / 324MB
42,2026-09-10T11:48:28.072587+00:00,85,2026-09-10T11:48:27.691665+00:00,false,microservices,order,6f0a9968490f33e07bc1d0b4a3105829d837b59f4d0aadbdefd31f53498de28f,tcc-microservices-experiment-order-1,26.45,82271273,1073741824,7.66,3,20.8MB / 13.6MB,7.93MB / 77.8kB
42,2026-09-10T11:48:28.072587+00:00,85,2026-09-10T11:48:27.691665+00:00,false,microservices,product,849f6ec3be61aa016d4eee2bd8b4b27429579c5b380eaeea9d72096e62c01ed2,tcc-microservices-experiment-product-1,32.43,83812680,1073741824,7.81,3,21.5MB / 11.2MB,9.82MB / 81.9kB
43,2026-09-10T11:48:29.072611+00:00,87,2026-09-10T11:48:28.691515+00:00,false,microservices,auth,96fc60d0f6ef3d3bd9cb668dd42341f58343dfcfa9a6c353fb4683df6c04246f,tcc-microservices-experiment-auth-1,0.02,81170268,1073741824,7.56,3,45.5kB / 40.3kB,9.33MB / 65.5kB
43,2026-09-10T11:48:29.072611+00:00,87,2026-09-10T11:48:28.691515+00:00,false,microservices,gateway,fdf2d6a59fd3df9854a6be81ecb22e01eb2f5118de83026c29b33e33d02ff0e1,tcc-microservices-experiment-gateway-1,8.68,451621683,536870912,84.12,76,3.04MB / 3.88MB,28.7MB / 225kB
43,2026-09-10T11:48:29.072611+00:00,87,2026-09-10T11:48:28.691515+00:00,false,microservices,mysql,24ac2fc3c0c26b10877c826cbef959cfb18618763fe7d6f8b81923214baccaca,tcc-microservices-experiment-mysql-1,29.73,544420659,1073741824,50.7,41,18.4MB / 35.7MB,59.8MB / 326MB
43,2026-09-10T11:48:29.072611+00:00,87,2026-09-10T11:48:28.691515+00:00,false,microservices,order,6f0a9968490f33e07bc1d0b4a3105829d837b59f4d0aadbdefd31f53498de28f,tcc-microservices-experiment-order-1,26.53,81925243,1073741824,7.63,3,21MB / 13.8MB,7.93MB / 77.8kB
43,2026-09-10T11:48:29.072611+00:00,87,2026-09-10T11:48:28.691515+00:00,false,microservices,product,849f6ec3be61aa016d4eee2bd8b4b27429579c5b380eaeea9d72096e62c01ed2,tcc-microservices-experiment-product-1,33.21,83823165,1073741824,7.81,3,21.8MB / 11.3MB,9.82MB / 81.9kB
44,2026-09-10T11:48:30.072586+00:00,89,2026-09-10T11:48:29.692128+00:00,false,microservices,auth,96fc60d0f6ef3d3bd9cb668dd42341f58343dfcfa9a6c353fb4683df6c04246f,tcc-microservices-experiment-auth-1,0.02,81170268,1073741824,7.56,3,45.5kB / 40.3kB,9.33MB / 65.5kB
44,2026-09-10T11:48:30.072586+00:00,89,2026-09-10T11:48:29.692128+00:00,false,microservices,gateway,fdf2d6a59fd3df9854a6be81ecb22e01eb2f5118de83026c29b33e33d02ff0e1,tcc-microservices-experiment-gateway-1,24.48,454138266,536870912,84.58,76,3.08MB / 3.93MB,28.7MB / 225kB
44,2026-09-10T11:48:30.072586+00:00,89,2026-09-10T11:48:29.692128+00:00,false,microservices,mysql,24ac2fc3c0c26b10877c826cbef959cfb18618763fe7d6f8b81923214baccaca,tcc-microservices-experiment-mysql-1,22.98,543476941,1073741824,50.61,41,18.6MB / 36.1MB,59.8MB / 327MB
44,2026-09-10T11:48:30.072586+00:00,89,2026-09-10T11:48:29.692128+00:00,false,microservices,order,6f0a9968490f33e07bc1d0b4a3105829d837b59f4d0aadbdefd31f53498de28f,tcc-microservices-experiment-order-1,23.22,82313216,1073741824,7.67,3,21.2MB / 13.9MB,7.93MB / 77.8kB
44,2026-09-10T11:48:30.072586+00:00,89,2026-09-10T11:48:29.692128+00:00,false,microservices,product,849f6ec3be61aa016d4eee2bd8b4b27429579c5b380eaeea9d72096e62c01ed2,tcc-microservices-experiment-product-1,28.48,83466650,1073741824,7.77,3,22.1MB / 11.5MB,9.82MB / 81.9kB
45,2026-09-10T11:48:31.072613+00:00,91,2026-09-10T11:48:30.692209+00:00,false,microservices,auth,96fc60d0f6ef3d3bd9cb668dd42341f58343dfcfa9a6c353fb4683df6c04246f,tcc-microservices-experiment-auth-1,0.02,81170268,1073741824,7.56,3,45.5kB / 40.3kB,9.33MB / 65.5kB
45,2026-09-10T11:48:31.072613+00:00,91,2026-09-10T11:48:30.692209+00:00,false,microservices,gateway,fdf2d6a59fd3df9854a6be81ecb22e01eb2f5118de83026c29b33e33d02ff0e1,tcc-microservices-experiment-gateway-1,32.08,455081984,536870912,84.77,76,3.12MB / 3.99MB,28.7MB / 225kB
45,2026-09-10T11:48:31.072613+00:00,91,2026-09-10T11:48:30.692209+00:00,false,microservices,mysql,24ac2fc3c0c26b10877c826cbef959cfb18618763fe7d6f8b81923214baccaca,tcc-microservices-experiment-mysql-1,30.2,543791514,1073741824,50.64,41,18.8MB / 36.6MB,59.8MB / 330MB
45,2026-09-10T11:48:31.072613+00:00,91,2026-09-10T11:48:30.692209+00:00,false,microservices,order,6f0a9968490f33e07bc1d0b4a3105829d837b59f4d0aadbdefd31f53498de28f,tcc-microservices-experiment-order-1,25.59,82575360,1073741824,7.69,3,21.4MB / 14MB,7.93MB / 77.8kB
45,2026-09-10T11:48:31.072613+00:00,91,2026-09-10T11:48:30.692209+00:00,false,microservices,product,849f6ec3be61aa016d4eee2bd8b4b27429579c5b380eaeea9d72096e62c01ed2,tcc-microservices-experiment-product-1,32.73,84305510,1073741824,7.85,3,22.4MB / 11.6MB,9.82MB / 81.9kB
46,2026-09-10T11:48:32.072588+00:00,93,2026-09-10T11:48:31.692312+00:00,false,microservices,auth,96fc60d0f6ef3d3bd9cb668dd42341f58343dfcfa9a6c353fb4683df6c04246f,tcc-microservices-experiment-auth-1,0.02,81170268,1073741824,7.56,3,45.5kB / 40.3kB,9.33MB / 65.5kB
46,2026-09-10T11:48:32.072588+00:00,93,2026-09-10T11:48:31.692312+00:00,false,microservices,gateway,fdf2d6a59fd3df9854a6be81ecb22e01eb2f5118de83026c29b33e33d02ff0e1,tcc-microservices-experiment-gateway-1,9.8,454662554,536870912,84.68,76,3.17MB / 4.04MB,28.7MB / 225kB
46,2026-09-10T11:48:32.072588+00:00,93,2026-09-10T11:48:31.692312+00:00,false,microservices,mysql,24ac2fc3c0c26b10877c826cbef959cfb18618763fe7d6f8b81923214baccaca,tcc-microservices-experiment-mysql-1,24.54,544420659,1073741824,50.7,41,19MB / 37MB,59.8MB / 332MB
46,2026-09-10T11:48:32.072588+00:00,93,2026-09-10T11:48:31.692312+00:00,false,microservices,order,6f0a9968490f33e07bc1d0b4a3105829d837b59f4d0aadbdefd31f53498de28f,tcc-microservices-experiment-order-1,24.61,82522931,1073741824,7.69,3,21.6MB / 14.2MB,7.93MB / 77.8kB
46,2026-09-10T11:48:32.072588+00:00,93,2026-09-10T11:48:31.692312+00:00,false,microservices,product,849f6ec3be61aa016d4eee2bd8b4b27429579c5b380eaeea9d72096e62c01ed2,tcc-microservices-experiment-product-1,29.67,83613450,1073741824,7.79,3,22.7MB / 11.8MB,9.82MB / 81.9kB
47,2026-09-10T11:48:33.072603+00:00,95,2026-09-10T11:48:32.692051+00:00,false,microservices,auth,96fc60d0f6ef3d3bd9cb668dd42341f58343dfcfa9a6c353fb4683df6c04246f,tcc-microservices-experiment-auth-1,0.02,81170268,1073741824,7.56,3,45.5kB / 40.3kB,9.33MB / 65.5kB
47,2026-09-10T11:48:33.072603+00:00,95,2026-09-10T11:48:32.692051+00:00,false,microservices,gateway,fdf2d6a59fd3df9854a6be81ecb22e01eb2f5118de83026c29b33e33d02ff0e1,tcc-microservices-experiment-gateway-1,9.15,454767411,536870912,84.7,76,3.21MB / 4.1MB,28.7MB / 225kB
47,2026-09-10T11:48:33.072603+00:00,95,2026-09-10T11:48:32.692051+00:00,false,microservices,mysql,24ac2fc3c0c26b10877c826cbef959cfb18618763fe7d6f8b81923214baccaca,tcc-microservices-experiment-mysql-1,30.12,544106086,1073741824,50.67,41,19.2MB / 37.4MB,59.8MB / 335MB
47,2026-09-10T11:48:33.072603+00:00,95,2026-09-10T11:48:32.692051+00:00,false,microservices,order,6f0a9968490f33e07bc1d0b4a3105829d837b59f4d0aadbdefd31f53498de28f,tcc-microservices-experiment-order-1,26.28,82533417,1073741824,7.69,3,21.9MB / 14.3MB,7.93MB / 77.8kB
47,2026-09-10T11:48:33.072603+00:00,95,2026-09-10T11:48:32.692051+00:00,false,microservices,product,849f6ec3be61aa016d4eee2bd8b4b27429579c5b380eaeea9d72096e62c01ed2,tcc-microservices-experiment-product-1,32.89,84599112,1073741824,7.88,3,23MB / 11.9MB,9.82MB / 81.9kB
48,2026-09-10T11:48:34.072582+00:00,97,2026-09-10T11:48:33.691349+00:00,false,microservices,auth,96fc60d0f6ef3d3bd9cb668dd42341f58343dfcfa9a6c353fb4683df6c04246f,tcc-microservices-experiment-auth-1,0.02,81170268,1073741824,7.56,3,45.5kB / 40.3kB,9.33MB / 65.5kB
48,2026-09-10T11:48:34.072582+00:00,97,2026-09-10T11:48:33.691349+00:00,false,microservices,gateway,fdf2d6a59fd3df9854a6be81ecb22e01eb2f5118de83026c29b33e33d02ff0e1,tcc-microservices-experiment-gateway-1,8.16,454347981,536870912,84.63,76,3.25MB / 4.15MB,28.7MB / 225kB
48,2026-09-10T11:48:34.072582+00:00,97,2026-09-10T11:48:33.691349+00:00,false,microservices,mysql,24ac2fc3c0c26b10877c826cbef959cfb18618763fe7d6f8b81923214baccaca,tcc-microservices-experiment-mysql-1,25.85,543581798,1073741824,50.62,41,19.4MB / 37.9MB,59.8MB / 337MB
48,2026-09-10T11:48:34.072582+00:00,97,2026-09-10T11:48:33.691349+00:00,false,microservices,order,6f0a9968490f33e07bc1d0b4a3105829d837b59f4d0aadbdefd31f53498de28f,tcc-microservices-experiment-order-1,26.03,82680218,1073741824,7.7,3,22.1MB / 14.5MB,7.93MB / 77.8kB
48,2026-09-10T11:48:34.072582+00:00,97,2026-09-10T11:48:33.691349+00:00,false,microservices,product,849f6ec3be61aa016d4eee2bd8b4b27429579c5b380eaeea9d72096e62c01ed2,tcc-microservices-experiment-product-1,32.57,83896566,1073741824,7.81,3,23.3MB / 12.1MB,9.82MB / 81.9kB
49,2026-09-10T11:48:35.072609+00:00,99,2026-09-10T11:48:34.692064+00:00,false,microservices,auth,96fc60d0f6ef3d3bd9cb668dd42341f58343dfcfa9a6c353fb4683df6c04246f,tcc-microservices-experiment-auth-1,0.02,81170268,1073741824,7.56,3,45.5kB / 40.3kB,9.33MB / 65.5kB
49,2026-09-10T11:48:35.072609+00:00,99,2026-09-10T11:48:34.692064+00:00,false,microservices,gateway,fdf2d6a59fd3df9854a6be81ecb22e01eb2f5118de83026c29b33e33d02ff0e1,tcc-microservices-experiment-gateway-1,7.53,455606272,536870912,84.87,76,3.3MB / 4.21MB,28.7MB / 225kB
49,2026-09-10T11:48:35.072609+00:00,99,2026-09-10T11:48:34.692064+00:00,false,microservices,mysql,24ac2fc3c0c26b10877c826cbef959cfb18618763fe7d6f8b81923214baccaca,tcc-microservices-experiment-mysql-1,29.64,544001229,1073741824,50.66,41,19.6MB / 38.3MB,59.8MB / 339MB
49,2026-09-10T11:48:35.072609+00:00,99,2026-09-10T11:48:34.692064+00:00,false,microservices,order,6f0a9968490f33e07bc1d0b4a3105829d837b59f4d0aadbdefd31f53498de28f,tcc-microservices-experiment-order-1,26.26,82627789,1073741824,7.7,3,22.3MB / 14.6MB,7.93MB / 77.8kB
49,2026-09-10T11:48:35.072609+00:00,99,2026-09-10T11:48:34.692064+00:00,false,microservices,product,849f6ec3be61aa016d4eee2bd8b4b27429579c5b380eaeea9d72096e62c01ed2,tcc-microservices-experiment-product-1,32.04,83267420,1073741824,7.76,3,23.6MB / 12.3MB,9.82MB / 81.9kB
50,2026-09-10T11:48:36.072604+00:00,101,2026-09-10T11:48:35.691949+00:00,false,microservices,auth,96fc60d0f6ef3d3bd9cb668dd42341f58343dfcfa9a6c353fb4683df6c04246f,tcc-microservices-experiment-auth-1,0.02,81170268,1073741824,7.56,3,45.6kB / 40.3kB,9.33MB / 65.5kB
50,2026-09-10T11:48:36.072604+00:00,101,2026-09-10T11:48:35.691949+00:00,false,microservices,gateway,fdf2d6a59fd3df9854a6be81ecb22e01eb2f5118de83026c29b33e33d02ff0e1,tcc-microservices-experiment-gateway-1,7.4,455291699,536870912,84.81,76,3.34MB / 4.26MB,28.7MB / 238kB
50,2026-09-10T11:48:36.072604+00:00,101,2026-09-10T11:48:35.691949+00:00,false,microservices,mysql,24ac2fc3c0c26b10877c826cbef959cfb18618763fe7d6f8b81923214baccaca,tcc-microservices-experiment-mysql-1,25.85,544106086,1073741824,50.67,41,19.8MB / 38.7MB,59.8MB / 342MB
50,2026-09-10T11:48:36.072604+00:00,101,2026-09-10T11:48:35.691949+00:00,false,microservices,order,6f0a9968490f33e07bc1d0b4a3105829d837b59f4d0aadbdefd31f53498de28f,tcc-microservices-experiment-order-1,25.4,82501960,1073741824,7.68,3,22.5MB / 14.7MB,7.93MB / 77.8kB
50,2026-09-10T11:48:36.072604+00:00,101,2026-09-10T11:48:35.691949+00:00,false,microservices,product,849f6ec3be61aa016d4eee2bd8b4b27429579c5b380eaeea9d72096e62c01ed2,tcc-microservices-experiment-product-1,31.96,83969966,1073741824,7.82,3,23.9MB / 12.4MB,9.82MB / 81.9kB
51,2026-09-10T11:48:37.072607+00:00,103,2026-09-10T11:48:36.692509+00:00,false,microservices,auth,96fc60d0f6ef3d3bd9cb668dd42341f58343dfcfa9a6c353fb4683df6c04246f,tcc-microservices-experiment-auth-1,0.02,81170268,1073741824,7.56,3,45.6kB / 40.3kB,9.33MB / 65.5kB
51,2026-09-10T11:48:37.072607+00:00,103,2026-09-10T11:48:36.692509+00:00,false,microservices,gateway,fdf2d6a59fd3df9854a6be81ecb22e01eb2f5118de83026c29b33e33d02ff0e1,tcc-microservices-experiment-gateway-1,8.45,454977126,536870912,84.75,76,3.38MB / 4.32MB,28.7MB / 238kB
51,2026-09-10T11:48:37.072607+00:00,103,2026-09-10T11:48:36.692509+00:00,false,microservices,mysql,24ac2fc3c0c26b10877c826cbef959cfb18618763fe7d6f8b81923214baccaca,tcc-microservices-experiment-mysql-1,30.48,544630374,1073741824,50.72,41,20MB / 39.2MB,59.8MB / 344MB
51,2026-09-10T11:48:37.072607+00:00,103,2026-09-10T11:48:36.692509+00:00,false,microservices,order,6f0a9968490f33e07bc1d0b4a3105829d837b59f4d0aadbdefd31f53498de28f,tcc-microservices-experiment-order-1,25.01,82858476,1073741824,7.72,3,22.8MB / 14.9MB,7.93MB / 77.8kB
51,2026-09-10T11:48:37.072607+00:00,103,2026-09-10T11:48:36.692509+00:00,false,microservices,product,849f6ec3be61aa016d4eee2bd8b4b27429579c5b380eaeea9d72096e62c01ed2,tcc-microservices-experiment-product-1,32.84,83403735,1073741824,7.77,3,24.2MB / 12.6MB,9.82MB / 81.9kB
52,2026-09-10T11:48:38.072582+00:00,105,2026-09-10T11:48:37.691787+00:00,false,microservices,auth,96fc60d0f6ef3d3bd9cb668dd42341f58343dfcfa9a6c353fb4683df6c04246f,tcc-microservices-experiment-auth-1,0.02,81170268,1073741824,7.56,3,45.7kB / 40.3kB,9.33MB / 65.5kB
52,2026-09-10T11:48:38.072582+00:00,105,2026-09-10T11:48:37.691787+00:00,false,microservices,gateway,fdf2d6a59fd3df9854a6be81ecb22e01eb2f5118de83026c29b33e33d02ff0e1,tcc-microservices-experiment-gateway-1,8.48,454872269,536870912,84.74,76,3.43MB / 4.37MB,28.7MB / 238kB
52,2026-09-10T11:48:38.072582+00:00,105,2026-09-10T11:48:37.691787+00:00,false,microservices,mysql,24ac2fc3c0c26b10877c826cbef959cfb18618763fe7d6f8b81923214baccaca,tcc-microservices-experiment-mysql-1,26.59,544210944,1073741824,50.68,41,20.2MB / 39.6MB,59.8MB / 346MB
52,2026-09-10T11:48:38.072582+00:00,105,2026-09-10T11:48:37.691787+00:00,false,microservices,order,6f0a9968490f33e07bc1d0b4a3105829d837b59f4d0aadbdefd31f53498de28f,tcc-microservices-experiment-order-1,26.47,82952847,1073741824,7.73,3,23MB / 15MB,7.93MB / 77.8kB
52,2026-09-10T11:48:38.072582+00:00,105,2026-09-10T11:48:37.691787+00:00,false,microservices,product,849f6ec3be61aa016d4eee2bd8b4b27429579c5b380eaeea9d72096e62c01ed2,tcc-microservices-experiment-product-1,32.54,83854623,1073741824,7.81,3,24.5MB / 12.7MB,9.82MB / 81.9kB
53,2026-09-10T11:48:39.072589+00:00,107,2026-09-10T11:48:38.691340+00:00,false,microservices,auth,96fc60d0f6ef3d3bd9cb668dd42341f58343dfcfa9a6c353fb4683df6c04246f,tcc-microservices-experiment-auth-1,0.01,81170268,1073741824,7.56,3,45.7kB / 40.3kB,9.33MB / 65.5kB
53,2026-09-10T11:48:39.072589+00:00,107,2026-09-10T11:48:38.691340+00:00,false,microservices,gateway,fdf2d6a59fd3df9854a6be81ecb22e01eb2f5118de83026c29b33e33d02ff0e1,tcc-microservices-experiment-gateway-1,10.69,455396557,536870912,84.83,76,3.47MB / 4.43MB,28.7MB / 238kB
53,2026-09-10T11:48:39.072589+00:00,107,2026-09-10T11:48:38.691340+00:00,false,microservices,mysql,24ac2fc3c0c26b10877c826cbef959cfb18618763fe7d6f8b81923214baccaca,tcc-microservices-experiment-mysql-1,29.54,544840090,1073741824,50.74,41,20.4MB / 40MB,59.8MB / 348MB
53,2026-09-10T11:48:39.072589+00:00,107,2026-09-10T11:48:38.691340+00:00,false,microservices,order,6f0a9968490f33e07bc1d0b4a3105829d837b59f4d0aadbdefd31f53498de28f,tcc-microservices-experiment-order-1,26.9,82292244,1073741824,7.66,3,23.2MB / 15.1MB,7.93MB / 77.8kB
53,2026-09-10T11:48:39.072589+00:00,107,2026-09-10T11:48:38.691340+00:00,false,microservices,product,849f6ec3be61aa016d4eee2bd8b4b27429579c5b380eaeea9d72096e62c01ed2,tcc-microservices-experiment-product-1,31.11,83036733,1073741824,7.73,3,24.8MB / 12.9MB,9.82MB / 81.9kB
54,2026-09-10T11:48:40.072615+00:00,109,2026-09-10T11:48:39.691259+00:00,false,microservices,auth,96fc60d0f6ef3d3bd9cb668dd42341f58343dfcfa9a6c353fb4683df6c04246f,tcc-microservices-experiment-auth-1,0.02,81170268,1073741824,7.56,3,45.8kB / 40.3kB,9.33MB / 65.5kB
54,2026-09-10T11:48:40.072615+00:00,109,2026-09-10T11:48:39.691259+00:00,false,microservices,gateway,fdf2d6a59fd3df9854a6be81ecb22e01eb2f5118de83026c29b33e33d02ff0e1,tcc-microservices-experiment-gateway-1,7.26,455501414,536870912,84.84,76,3.51MB / 4.48MB,28.7MB / 238kB
54,2026-09-10T11:48:40.072615+00:00,109,2026-09-10T11:48:39.691259+00:00,false,microservices,mysql,24ac2fc3c0c26b10877c826cbef959cfb18618763fe7d6f8b81923214baccaca,tcc-microservices-experiment-mysql-1,25.54,545469235,1073741824,50.8,41,20.6MB / 40.4MB,59.8MB / 350MB
54,2026-09-10T11:48:40.072615+00:00,109,2026-09-10T11:48:39.691259+00:00,false,microservices,order,6f0a9968490f33e07bc1d0b4a3105829d837b59f4d0aadbdefd31f53498de28f,tcc-microservices-experiment-order-1,26.01,82145444,1073741824,7.65,3,23.4MB / 15.3MB,7.93MB / 77.8kB
54,2026-09-10T11:48:40.072615+00:00,109,2026-09-10T11:48:39.691259+00:00,false,microservices,product,849f6ec3be61aa016d4eee2bd8b4b27429579c5b380eaeea9d72096e62c01ed2,tcc-microservices-experiment-product-1,32.56,84127252,1073741824,7.84,3,25.1MB / 13.1MB,9.82MB / 81.9kB
55,2026-09-10T11:48:41.072595+00:00,111,2026-09-10T11:48:40.692184+00:00,false,microservices,auth,96fc60d0f6ef3d3bd9cb668dd42341f58343dfcfa9a6c353fb4683df6c04246f,tcc-microservices-experiment-auth-1,0.02,81170268,1073741824,7.56,3,45.8kB / 40.3kB,9.33MB / 65.5kB
55,2026-09-10T11:48:41.072595+00:00,111,2026-09-10T11:48:40.692184+00:00,false,microservices,gateway,fdf2d6a59fd3df9854a6be81ecb22e01eb2f5118de83026c29b33e33d02ff0e1,tcc-microservices-experiment-gateway-1,11.85,454557696,536870912,84.67,76,3.56MB / 4.54MB,28.7MB / 238kB
55,2026-09-10T11:48:41.072595+00:00,111,2026-09-10T11:48:40.692184+00:00,false,microservices,mysql,24ac2fc3c0c26b10877c826cbef959cfb18618763fe7d6f8b81923214baccaca,tcc-microservices-experiment-mysql-1,27.49,544630374,1073741824,50.73,41,20.8MB / 40.9MB,59.8MB / 352MB
55,2026-09-10T11:48:41.072595+00:00,111,2026-09-10T11:48:40.692184+00:00,false,microservices,order,6f0a9968490f33e07bc1d0b4a3105829d837b59f4d0aadbdefd31f53498de28f,tcc-microservices-experiment-order-1,27.0,82900419,1073741824,7.72,3,23.7MB / 15.4MB,7.93MB / 77.8kB
55,2026-09-10T11:48:41.072595+00:00,111,2026-09-10T11:48:40.692184+00:00,false,microservices,product,849f6ec3be61aa016d4eee2bd8b4b27429579c5b380eaeea9d72096e62c01ed2,tcc-microservices-experiment-product-1,33.36,84525711,1073741824,7.87,3,25.5MB / 13.2MB,9.82MB / 81.9kB
56,2026-09-10T11:48:42.072613+00:00,113,2026-09-10T11:48:41.691710+00:00,false,microservices,auth,96fc60d0f6ef3d3bd9cb668dd42341f58343dfcfa9a6c353fb4683df6c04246f,tcc-microservices-experiment-auth-1,0.02,81170268,1073741824,7.56,3,45.8kB / 40.3kB,9.33MB / 65.5kB
56,2026-09-10T11:48:42.072613+00:00,113,2026-09-10T11:48:41.691710+00:00,false,microservices,gateway,fdf2d6a59fd3df9854a6be81ecb22e01eb2f5118de83026c29b33e33d02ff0e1,tcc-microservices-experiment-gateway-1,7.02,455711130,536870912,84.88,76,3.6MB / 4.59MB,28.7MB / 238kB
56,2026-09-10T11:48:42.072613+00:00,113,2026-09-10T11:48:41.691710+00:00,false,microservices,mysql,24ac2fc3c0c26b10877c826cbef959cfb18618763fe7d6f8b81923214baccaca,tcc-microservices-experiment-mysql-1,25.13,544840090,1073741824,50.75,41,21MB / 41.3MB,59.8MB / 354MB
56,2026-09-10T11:48:42.072613+00:00,113,2026-09-10T11:48:41.691710+00:00,false,microservices,order,6f0a9968490f33e07bc1d0b4a3105829d837b59f4d0aadbdefd31f53498de28f,tcc-microservices-experiment-order-1,26.37,82868961,1073741824,7.72,3,23.9MB / 15.6MB,7.93MB / 77.8kB
56,2026-09-10T11:48:42.072613+00:00,113,2026-09-10T11:48:41.691710+00:00,false,microservices,product,849f6ec3be61aa016d4eee2bd8b4b27429579c5b380eaeea9d72096e62c01ed2,tcc-microservices-experiment-product-1,31.85,84095795,1073741824,7.83,3,25.8MB / 13.4MB,9.82MB / 81.9kB
57,2026-09-10T11:48:43.072604+00:00,115,2026-09-10T11:48:42.691400+00:00,false,microservices,auth,96fc60d0f6ef3d3bd9cb668dd42341f58343dfcfa9a6c353fb4683df6c04246f,tcc-microservices-experiment-auth-1,0.02,81170268,1073741824,7.56,3,45.8kB / 40.3kB,9.33MB / 65.5kB
57,2026-09-10T11:48:43.072604+00:00,115,2026-09-10T11:48:42.691400+00:00,false,microservices,gateway,fdf2d6a59fd3df9854a6be81ecb22e01eb2f5118de83026c29b33e33d02ff0e1,tcc-microservices-experiment-gateway-1,7.24,455186842,536870912,84.79,76,3.64MB / 4.65MB,28.7MB / 238kB
57,2026-09-10T11:48:43.072604+00:00,115,2026-09-10T11:48:42.691400+00:00,false,microservices,mysql,24ac2fc3c0c26b10877c826cbef959cfb18618763fe7d6f8b81923214baccaca,tcc-microservices-experiment-mysql-1,30.03,544525517,1073741824,50.71,41,21.2MB / 41.8MB,59.8MB / 355MB
57,2026-09-10T11:48:43.072604+00:00,115,2026-09-10T11:48:42.691400+00:00,false,microservices,order,6f0a9968490f33e07bc1d0b4a3105829d837b59f4d0aadbdefd31f53498de28f,tcc-microservices-experiment-order-1,25.84,82879447,1073741824,7.72,3,24.1MB / 15.7MB,7.93MB / 77.8kB
57,2026-09-10T11:48:43.072604+00:00,115,2026-09-10T11:48:42.691400+00:00,false,microservices,product,849f6ec3be61aa016d4eee2bd8b4b27429579c5b380eaeea9d72096e62c01ed2,tcc-microservices-experiment-product-1,31.87,84462797,1073741824,7.87,3,26.1MB / 13.5MB,9.82MB / 81.9kB
58,2026-09-10T11:48:44.072594+00:00,117,2026-09-10T11:48:43.691289+00:00,false,microservices,auth,96fc60d0f6ef3d3bd9cb668dd42341f58343dfcfa9a6c353fb4683df6c04246f,tcc-microservices-experiment-auth-1,0.01,81170268,1073741824,7.56,3,45.8kB / 40.3kB,9.33MB / 65.5kB
58,2026-09-10T11:48:44.072594+00:00,117,2026-09-10T11:48:43.691289+00:00,false,microservices,gateway,fdf2d6a59fd3df9854a6be81ecb22e01eb2f5118de83026c29b33e33d02ff0e1,tcc-microservices-experiment-gateway-1,10.25,454243123,536870912,84.62,76,3.69MB / 4.7MB,28.7MB / 238kB
58,2026-09-10T11:48:44.072594+00:00,117,2026-09-10T11:48:43.691289+00:00,false,microservices,mysql,24ac2fc3c0c26b10877c826cbef959cfb18618763fe7d6f8b81923214baccaca,tcc-microservices-experiment-mysql-1,26.16,544001229,1073741824,50.67,41,21.4MB / 42.2MB,59.8MB / 357MB
58,2026-09-10T11:48:44.072594+00:00,117,2026-09-10T11:48:43.691289+00:00,false,microservices,order,6f0a9968490f33e07bc1d0b4a3105829d837b59f4d0aadbdefd31f53498de28f,tcc-microservices-experiment-order-1,25.08,83214991,1073741824,7.75,3,24.3MB / 15.8MB,7.93MB / 77.8kB
58,2026-09-10T11:48:44.072594+00:00,117,2026-09-10T11:48:43.691289+00:00,false,microservices,product,849f6ec3be61aa016d4eee2bd8b4b27429579c5b380eaeea9d72096e62c01ed2,tcc-microservices-experiment-product-1,33.17,84190167,1073741824,7.84,3,26.4MB / 13.7MB,9.82MB / 81.9kB
59,2026-09-10T11:48:45.072588+00:00,119,2026-09-10T11:48:44.691318+00:00,false,microservices,auth,96fc60d0f6ef3d3bd9cb668dd42341f58343dfcfa9a6c353fb4683df6c04246f,tcc-microservices-experiment-auth-1,0.01,81170268,1073741824,7.56,3,45.8kB / 40.3kB,9.33MB / 65.5kB
59,2026-09-10T11:48:45.072588+00:00,119,2026-09-10T11:48:44.691318+00:00,false,microservices,gateway,fdf2d6a59fd3df9854a6be81ecb22e01eb2f5118de83026c29b33e33d02ff0e1,tcc-microservices-experiment-gateway-1,14.32,455711130,536870912,84.88,76,3.73MB / 4.76MB,28.7MB / 238kB
59,2026-09-10T11:48:45.072588+00:00,119,2026-09-10T11:48:44.691318+00:00,false,microservices,mysql,24ac2fc3c0c26b10877c826cbef959cfb18618763fe7d6f8b81923214baccaca,tcc-microservices-experiment-mysql-1,30.13,544420659,1073741824,50.71,41,21.6MB / 42.6MB,59.8MB / 359MB
59,2026-09-10T11:48:45.072588+00:00,119,2026-09-10T11:48:44.691318+00:00,false,microservices,order,6f0a9968490f33e07bc1d0b4a3105829d837b59f4d0aadbdefd31f53498de28f,tcc-microservices-experiment-order-1,25.08,83214991,1073741824,7.75,3,24.3MB / 15.8MB,7.93MB / 77.8kB
59,2026-09-10T11:48:45.072588+00:00,119,2026-09-10T11:48:44.691318+00:00,false,microservices,product,849f6ec3be61aa016d4eee2bd8b4b27429579c5b380eaeea9d72096e62c01ed2,tcc-microservices-experiment-product-1,32.02,83896566,1073741824,7.81,3,26.7MB / 13.9MB,9.82MB / 81.9kB
60,2026-09-10T11:48:46.072582+00:00,121,2026-09-10T11:48:45.692052+00:00,false,microservices,auth,96fc60d0f6ef3d3bd9cb668dd42341f58343dfcfa9a6c353fb4683df6c04246f,tcc-microservices-experiment-auth-1,0.02,81170268,1073741824,7.56,3,45.8kB / 40.3kB,9.33MB / 65.5kB
60,2026-09-10T11:48:46.072582+00:00,121,2026-09-10T11:48:45.692052+00:00,false,microservices,gateway,fdf2d6a59fd3df9854a6be81ecb22e01eb2f5118de83026c29b33e33d02ff0e1,tcc-microservices-experiment-gateway-1,14.32,455711130,536870912,84.88,76,3.73MB / 4.76MB,28.7MB / 238kB
60,2026-09-10T11:48:46.072582+00:00,121,2026-09-10T11:48:45.692052+00:00,false,microservices,mysql,24ac2fc3c0c26b10877c826cbef959cfb18618763fe7d6f8b81923214baccaca,tcc-microservices-experiment-mysql-1,30.13,544420659,1073741824,50.71,41,21.6MB / 42.6MB,59.8MB / 359MB
60,2026-09-10T11:48:46.072582+00:00,121,2026-09-10T11:48:45.692052+00:00,false,microservices,order,6f0a9968490f33e07bc1d0b4a3105829d837b59f4d0aadbdefd31f53498de28f,tcc-microservices-experiment-order-1,25.58,82753618,1073741824,7.71,3,24.6MB / 16MB,7.93MB / 77.8kB
60,2026-09-10T11:48:46.072582+00:00,121,2026-09-10T11:48:45.692052+00:00,false,microservices,product,849f6ec3be61aa016d4eee2bd8b4b27429579c5b380eaeea9d72096e62c01ed2,tcc-microservices-experiment-product-1,32.02,83896566,1073741824,7.81,3,26.7MB / 13.9MB,9.82MB / 81.9kB
61,2026-09-10T11:48:47.072578+00:00,123,2026-09-10T11:48:46.691202+00:00,false,microservices,auth,96fc60d0f6ef3d3bd9cb668dd42341f58343dfcfa9a6c353fb4683df6c04246f,tcc-microservices-experiment-auth-1,0.02,81170268,1073741824,7.56,3,45.8kB / 40.3kB,9.33MB / 65.5kB
61,2026-09-10T11:48:47.072578+00:00,123,2026-09-10T11:48:46.691202+00:00,false,microservices,gateway,fdf2d6a59fd3df9854a6be81ecb22e01eb2f5118de83026c29b33e33d02ff0e1,tcc-microservices-experiment-gateway-1,7.03,454872269,536870912,84.72,76,3.77MB / 4.82MB,28.7MB / 238kB
61,2026-09-10T11:48:47.072578+00:00,123,2026-09-10T11:48:46.691202+00:00,false,microservices,mysql,24ac2fc3c0c26b10877c826cbef959cfb18618763fe7d6f8b81923214baccaca,tcc-microservices-experiment-mysql-1,26.03,544944947,1073741824,50.75,41,21.8MB / 43.1MB,59.8MB / 360MB
61,2026-09-10T11:48:47.072578+00:00,123,2026-09-10T11:48:46.691202+00:00,false,microservices,order,6f0a9968490f33e07bc1d0b4a3105829d837b59f4d0aadbdefd31f53498de28f,tcc-microservices-experiment-order-1,26.47,82218844,1073741824,7.66,3,24.8MB / 16.1MB,7.93MB / 77.8kB
61,2026-09-10T11:48:47.072578+00:00,123,2026-09-10T11:48:46.691202+00:00,false,microservices,product,849f6ec3be61aa016d4eee2bd8b4b27429579c5b380eaeea9d72096e62c01ed2,tcc-microservices-experiment-product-1,32.32,84724941,1073741824,7.89,3,27MB / 14MB,9.82MB / 81.9kB
62,2026-09-10T11:48:48.072605+00:00,125,2026-09-10T11:48:47.693005+00:00,false,microservices,auth,96fc60d0f6ef3d3bd9cb668dd42341f58343dfcfa9a6c353fb4683df6c04246f,tcc-microservices-experiment-auth-1,0.02,81170268,1073741824,7.56,3,45.8kB / 40.3kB,9.33MB / 65.5kB
62,2026-09-10T11:48:48.072605+00:00,125,2026-09-10T11:48:47.693005+00:00,false,microservices,gateway,fdf2d6a59fd3df9854a6be81ecb22e01eb2f5118de83026c29b33e33d02ff0e1,tcc-microservices-experiment-gateway-1,6.52,454662554,536870912,84.68,76,3.82MB / 4.87MB,28.7MB / 238kB
62,2026-09-10T11:48:48.072605+00:00,125,2026-09-10T11:48:47.693005+00:00,false,microservices,mysql,24ac2fc3c0c26b10877c826cbef959cfb18618763fe7d6f8b81923214baccaca,tcc-microservices-experiment-mysql-1,28.28,544735232,1073741824,50.73,41,22MB / 43.5MB,59.8MB / 362MB
62,2026-09-10T11:48:48.072605+00:00,125,2026-09-10T11:48:47.693005+00:00,false,microservices,order,6f0a9968490f33e07bc1d0b4a3105829d837b59f4d0aadbdefd31f53498de28f,tcc-microservices-experiment-order-1,23.77,82491474,1073741824,7.68,3,25MB / 16.3MB,7.93MB / 77.8kB
62,2026-09-10T11:48:48.072605+00:00,125,2026-09-10T11:48:47.693005+00:00,false,microservices,product,849f6ec3be61aa016d4eee2bd8b4b27429579c5b380eaeea9d72096e62c01ed2,tcc-microservices-experiment-product-1,32.55,83508593,1073741824,7.78,3,27.3MB / 14.2MB,9.82MB / 81.9kB
63,2026-09-10T11:48:49.072613+00:00,127,2026-09-10T11:48:48.693110+00:00,false,microservices,auth,96fc60d0f6ef3d3bd9cb668dd42341f58343dfcfa9a6c353fb4683df6c04246f,tcc-microservices-experiment-auth-1,0.02,81170268,1073741824,7.56,3,45.8kB / 40.3kB,9.33MB / 65.5kB
63,2026-09-10T11:48:49.072613+00:00,127,2026-09-10T11:48:48.693110+00:00,false,microservices,gateway,fdf2d6a59fd3df9854a6be81ecb22e01eb2f5118de83026c29b33e33d02ff0e1,tcc-microservices-experiment-gateway-1,10.47,454872269,536870912,84.73,76,3.86MB / 4.93MB,28.7MB / 238kB
63,2026-09-10T11:48:49.072613+00:00,127,2026-09-10T11:48:48.693110+00:00,false,microservices,mysql,24ac2fc3c0c26b10877c826cbef959cfb18618763fe7d6f8b81923214baccaca,tcc-microservices-experiment-mysql-1,24.65,545574093,1073741824,50.81,41,22.2MB / 43.9MB,59.8MB / 363MB
63,2026-09-10T11:48:49.072613+00:00,127,2026-09-10T11:48:48.693110+00:00,false,microservices,order,6f0a9968490f33e07bc1d0b4a3105829d837b59f4d0aadbdefd31f53498de28f,tcc-microservices-experiment-order-1,24.86,82460017,1073741824,7.68,4,25.3MB / 16.4MB,7.93MB / 77.8kB
63,2026-09-10T11:48:49.072613+00:00,127,2026-09-10T11:48:48.693110+00:00,false,microservices,product,849f6ec3be61aa016d4eee2bd8b4b27429579c5b380eaeea9d72096e62c01ed2,tcc-microservices-experiment-product-1,30.5,84578140,1073741824,7.88,3,27.6MB / 14.3MB,9.82MB / 81.9kB
64,2026-09-10T11:48:50.072600+00:00,129,2026-09-10T11:48:49.692445+00:00,false,microservices,auth,96fc60d0f6ef3d3bd9cb668dd42341f58343dfcfa9a6c353fb4683df6c04246f,tcc-microservices-experiment-auth-1,0.02,81170268,1073741824,7.56,3,45.8kB / 40.3kB,9.33MB / 65.5kB
64,2026-09-10T11:48:50.072600+00:00,129,2026-09-10T11:48:49.692445+00:00,false,microservices,gateway,fdf2d6a59fd3df9854a6be81ecb22e01eb2f5118de83026c29b33e33d02ff0e1,tcc-microservices-experiment-gateway-1,11.72,455396557,536870912,84.82,76,3.9MB / 4.98MB,28.7MB / 238kB
64,2026-09-10T11:48:50.072600+00:00,129,2026-09-10T11:48:49.692445+00:00,false,microservices,mysql,24ac2fc3c0c26b10877c826cbef959cfb18618763fe7d6f8b81923214baccaca,tcc-microservices-experiment-mysql-1,30.94,545469235,1073741824,50.8,41,22.4MB / 44.3MB,59.8MB / 365MB
64,2026-09-10T11:48:50.072600+00:00,129,2026-09-10T11:48:49.692445+00:00,false,microservices,order,6f0a9968490f33e07bc1d0b4a3105829d837b59f4d0aadbdefd31f53498de28f,tcc-microservices-experiment-order-1,26.46,83225477,1073741824,7.75,3,25.5MB / 16.5MB,7.93MB / 77.8kB
64,2026-09-10T11:48:50.072600+00:00,129,2026-09-10T11:48:49.692445+00:00,false,microservices,product,849f6ec3be61aa016d4eee2bd8b4b27429579c5b380eaeea9d72096e62c01ed2,tcc-microservices-experiment-product-1,31.97,84011909,1073741824,7.82,3,27.9MB / 14.5MB,9.82MB / 81.9kB
65,2026-09-10T11:48:51.072590+00:00,131,2026-09-10T11:48:50.691290+00:00,false,microservices,auth,96fc60d0f6ef3d3bd9cb668dd42341f58343dfcfa9a6c353fb4683df6c04246f,tcc-microservices-experiment-auth-1,0.02,81170268,1073741824,7.56,3,45.8kB / 40.3kB,9.33MB / 65.5kB
65,2026-09-10T11:48:51.072590+00:00,131,2026-09-10T11:48:50.691290+00:00,false,microservices,gateway,fdf2d6a59fd3df9854a6be81ecb22e01eb2f5118de83026c29b33e33d02ff0e1,tcc-microservices-experiment-gateway-1,39.11,457074278,536870912,85.13,76,3.95MB / 5.04MB,28.7MB / 238kB
65,2026-09-10T11:48:51.072590+00:00,131,2026-09-10T11:48:50.691290+00:00,false,microservices,mysql,24ac2fc3c0c26b10877c826cbef959cfb18618763fe7d6f8b81923214baccaca,tcc-microservices-experiment-mysql-1,25.73,544944947,1073741824,50.76,41,22.6MB / 44.8MB,59.8MB / 366MB
65,2026-09-10T11:48:51.072590+00:00,131,2026-09-10T11:48:50.691290+00:00,false,microservices,order,6f0a9968490f33e07bc1d0b4a3105829d837b59f4d0aadbdefd31f53498de28f,tcc-microservices-experiment-order-1,27.1,82837504,1073741824,7.71,3,25.7MB / 16.7MB,7.93MB / 77.8kB
65,2026-09-10T11:48:51.072590+00:00,131,2026-09-10T11:48:50.691290+00:00,false,microservices,product,849f6ec3be61aa016d4eee2bd8b4b27429579c5b380eaeea9d72096e62c01ed2,tcc-microservices-experiment-product-1,32.22,84284539,1073741824,7.85,3,28.2MB / 14.6MB,9.82MB / 81.9kB
66,2026-09-10T11:48:52.072597+00:00,133,2026-09-10T11:48:51.693473+00:00,false,microservices,auth,96fc60d0f6ef3d3bd9cb668dd42341f58343dfcfa9a6c353fb4683df6c04246f,tcc-microservices-experiment-auth-1,0.02,81170268,1073741824,7.56,3,45.8kB / 40.3kB,9.33MB / 65.5kB
66,2026-09-10T11:48:52.072597+00:00,133,2026-09-10T11:48:51.693473+00:00,false,microservices,gateway,fdf2d6a59fd3df9854a6be81ecb22e01eb2f5118de83026c29b33e33d02ff0e1,tcc-microservices-experiment-gateway-1,13.49,457388851,536870912,85.2,76,3.99MB / 5.09MB,28.7MB / 250kB
66,2026-09-10T11:48:52.072597+00:00,133,2026-09-10T11:48:51.693473+00:00,false,microservices,mysql,24ac2fc3c0c26b10877c826cbef959cfb18618763fe7d6f8b81923214baccaca,tcc-microservices-experiment-mysql-1,30.38,546098381,1073741824,50.86,41,22.8MB / 45.2MB,59.8MB / 368MB
66,2026-09-10T11:48:52.072597+00:00,133,2026-09-10T11:48:51.693473+00:00,false,microservices,order,6f0a9968490f33e07bc1d0b4a3105829d837b59f4d0aadbdefd31f53498de28f,tcc-microservices-experiment-order-1,26.49,82984305,1073741824,7.73,3,25.9MB / 16.8MB,7.93MB / 77.8kB
66,2026-09-10T11:48:52.072597+00:00,133,2026-09-10T11:48:51.693473+00:00,false,microservices,product,849f6ec3be61aa016d4eee2bd8b4b27429579c5b380eaeea9d72096e62c01ed2,tcc-microservices-experiment-product-1,31.7,84850770,1073741824,7.9,3,28.5MB / 14.8MB,9.82MB / 81.9kB
67,2026-09-10T11:48:53.072635+00:00,135,2026-09-10T11:48:52.693720+00:00,false,microservices,auth,96fc60d0f6ef3d3bd9cb668dd42341f58343dfcfa9a6c353fb4683df6c04246f,tcc-microservices-experiment-auth-1,0.02,81170268,1073741824,7.56,3,45.8kB / 40.3kB,9.33MB / 65.5kB
67,2026-09-10T11:48:53.072635+00:00,135,2026-09-10T11:48:52.693720+00:00,false,microservices,gateway,fdf2d6a59fd3df9854a6be81ecb22e01eb2f5118de83026c29b33e33d02ff0e1,tcc-microservices-experiment-gateway-1,55.9,471439770,536870912,87.81,76,4.04MB / 5.15MB,28.7MB / 250kB
67,2026-09-10T11:48:53.072635+00:00,135,2026-09-10T11:48:52.693720+00:00,false,microservices,mysql,24ac2fc3c0c26b10877c826cbef959cfb18618763fe7d6f8b81923214baccaca,tcc-microservices-experiment-mysql-1,26.0,544944947,1073741824,50.75,41,23MB / 45.6MB,59.8MB / 370MB
67,2026-09-10T11:48:53.072635+00:00,135,2026-09-10T11:48:52.693720+00:00,false,microservices,order,6f0a9968490f33e07bc1d0b4a3105829d837b59f4d0aadbdefd31f53498de28f,tcc-microservices-experiment-order-1,26.16,83047219,1073741824,7.73,3,26.1MB / 16.9MB,7.93MB / 77.8kB
67,2026-09-10T11:48:53.072635+00:00,135,2026-09-10T11:48:52.693720+00:00,false,microservices,product,849f6ec3be61aa016d4eee2bd8b4b27429579c5b380eaeea9d72096e62c01ed2,tcc-microservices-experiment-product-1,32.37,84200653,1073741824,7.84,3,28.8MB / 15MB,9.82MB / 81.9kB
68,2026-09-10T11:48:54.072611+00:00,137,2026-09-10T11:48:53.692462+00:00,false,microservices,auth,96fc60d0f6ef3d3bd9cb668dd42341f58343dfcfa9a6c353fb4683df6c04246f,tcc-microservices-experiment-auth-1,0.02,81170268,1073741824,7.56,3,45.8kB / 40.3kB,9.33MB / 65.5kB
68,2026-09-10T11:48:54.072611+00:00,137,2026-09-10T11:48:53.692462+00:00,false,microservices,gateway,fdf2d6a59fd3df9854a6be81ecb22e01eb2f5118de83026c29b33e33d02ff0e1,tcc-microservices-experiment-gateway-1,37.11,451516826,536870912,84.1,76,4.08MB / 5.2MB,28.7MB / 250kB
68,2026-09-10T11:48:54.072611+00:00,137,2026-09-10T11:48:53.692462+00:00,false,microservices,mysql,24ac2fc3c0c26b10877c826cbef959cfb18618763fe7d6f8b81923214baccaca,tcc-microservices-experiment-mysql-1,28.98,545574093,1073741824,50.81,41,23.2MB / 46.1MB,59.8MB / 372MB
68,2026-09-10T11:48:54.072611+00:00,137,2026-09-10T11:48:53.692462+00:00,false,microservices,order,6f0a9968490f33e07bc1d0b4a3105829d837b59f4d0aadbdefd31f53498de28f,tcc-microservices-experiment-order-1,27.68,82575360,1073741824,7.69,3,26.4MB / 17.1MB,7.93MB / 77.8kB
68,2026-09-10T11:48:54.072611+00:00,137,2026-09-10T11:48:53.692462+00:00,false,microservices,product,849f6ec3be61aa016d4eee2bd8b4b27429579c5b380eaeea9d72096e62c01ed2,tcc-microservices-experiment-product-1,33.2,84861256,1073741824,7.9,3,29.1MB / 15.1MB,9.82MB / 81.9kB
69,2026-09-10T11:48:55.072587+00:00,139,2026-09-10T11:48:54.693107+00:00,false,microservices,auth,96fc60d0f6ef3d3bd9cb668dd42341f58343dfcfa9a6c353fb4683df6c04246f,tcc-microservices-experiment-auth-1,0.02,81170268,1073741824,7.56,3,45.8kB / 40.3kB,9.33MB / 65.5kB
69,2026-09-10T11:48:55.072587+00:00,139,2026-09-10T11:48:54.693107+00:00,false,microservices,gateway,fdf2d6a59fd3df9854a6be81ecb22e01eb2f5118de83026c29b33e33d02ff0e1,tcc-microservices-experiment-gateway-1,20.5,462736589,536870912,86.19,76,4.13MB / 5.26MB,28.7MB / 250kB
69,2026-09-10T11:48:55.072587+00:00,139,2026-09-10T11:48:54.693107+00:00,false,microservices,mysql,24ac2fc3c0c26b10877c826cbef959cfb18618763fe7d6f8b81923214baccaca,tcc-microservices-experiment-mysql-1,25.8,545259520,1073741824,50.78,41,23.4MB / 46.5MB,59.8MB / 375MB
69,2026-09-10T11:48:55.072587+00:00,139,2026-09-10T11:48:54.693107+00:00,false,microservices,order,6f0a9968490f33e07bc1d0b4a3105829d837b59f4d0aadbdefd31f53498de28f,tcc-microservices-experiment-order-1,26.24,82910904,1073741824,7.72,3,26.6MB / 17.2MB,7.93MB / 77.8kB
69,2026-09-10T11:48:55.072587+00:00,139,2026-09-10T11:48:54.693107+00:00,false,microservices,product,849f6ec3be61aa016d4eee2bd8b4b27429579c5b380eaeea9d72096e62c01ed2,tcc-microservices-experiment-product-1,31.29,84924170,1073741824,7.91,3,29.5MB / 15.3MB,9.82MB / 81.9kB
70,2026-09-10T11:48:56.072594+00:00,141,2026-09-10T11:48:55.691301+00:00,false,microservices,auth,96fc60d0f6ef3d3bd9cb668dd42341f58343dfcfa9a6c353fb4683df6c04246f,tcc-microservices-experiment-auth-1,0.02,81170268,1073741824,7.56,3,45.8kB / 40.3kB,9.33MB / 65.5kB
70,2026-09-10T11:48:56.072594+00:00,141,2026-09-10T11:48:55.691301+00:00,false,microservices,gateway,fdf2d6a59fd3df9854a6be81ecb22e01eb2f5118de83026c29b33e33d02ff0e1,tcc-microservices-experiment-gateway-1,18.15,462946304,536870912,86.23,76,4.17MB / 5.31MB,28.7MB / 250kB
70,2026-09-10T11:48:56.072594+00:00,141,2026-09-10T11:48:55.691301+00:00,false,microservices,mysql,24ac2fc3c0c26b10877c826cbef959cfb18618763fe7d6f8b81923214baccaca,tcc-microservices-experiment-mysql-1,29.75,546727526,1073741824,50.92,41,23.6MB / 46.9MB,61.7MB / 377MB
70,2026-09-10T11:48:56.072594+00:00,141,2026-09-10T11:48:55.691301+00:00,false,microservices,order,6f0a9968490f33e07bc1d0b4a3105829d837b59f4d0aadbdefd31f53498de28f,tcc-microservices-experiment-order-1,26.33,82575360,1073741824,7.69,3,26.8MB / 17.4MB,7.93MB / 77.8kB
70,2026-09-10T11:48:56.072594+00:00,141,2026-09-10T11:48:55.691301+00:00,false,microservices,product,849f6ec3be61aa016d4eee2bd8b4b27429579c5b380eaeea9d72096e62c01ed2,tcc-microservices-experiment-product-1,32.98,84085309,1073741824,7.83,3,29.8MB / 15.4MB,9.82MB / 81.9kB
71,2026-09-10T11:48:57.072610+00:00,143,2026-09-10T11:48:56.691219+00:00,false,microservices,auth,96fc60d0f6ef3d3bd9cb668dd42341f58343dfcfa9a6c353fb4683df6c04246f,tcc-microservices-experiment-auth-1,0.02,81170268,1073741824,7.56,3,45.8kB / 40.3kB,9.33MB / 65.5kB
71,2026-09-10T11:48:57.072610+00:00,143,2026-09-10T11:48:56.691219+00:00,false,microservices,gateway,fdf2d6a59fd3df9854a6be81ecb22e01eb2f5118de83026c29b33e33d02ff0e1,tcc-microservices-experiment-gateway-1,28.62,463575450,536870912,86.35,76,4.21MB / 5.37MB,28.7MB / 250kB
71,2026-09-10T11:48:57.072610+00:00,143,2026-09-10T11:48:56.691219+00:00,false,microservices,mysql,24ac2fc3c0c26b10877c826cbef959cfb18618763fe7d6f8b81923214baccaca,tcc-microservices-experiment-mysql-1,25.47,547776102,1073741824,51.01,41,23.8MB / 47.4MB,61.7MB / 379MB
71,2026-09-10T11:48:57.072610+00:00,143,2026-09-10T11:48:56.691219+00:00,false,microservices,order,6f0a9968490f33e07bc1d0b4a3105829d837b59f4d0aadbdefd31f53498de28f,tcc-microservices-experiment-order-1,26.37,82910904,1073741824,7.72,3,27.1MB / 17.5MB,7.93MB / 77.8kB
71,2026-09-10T11:48:57.072610+00:00,143,2026-09-10T11:48:56.691219+00:00,false,microservices,product,849f6ec3be61aa016d4eee2bd8b4b27429579c5b380eaeea9d72096e62c01ed2,tcc-microservices-experiment-product-1,32.49,84378911,1073741824,7.86,3,30.1MB / 15.6MB,9.82MB / 81.9kB
72,2026-09-10T11:48:58.072582+00:00,145,2026-09-10T11:48:57.692213+00:00,false,microservices,auth,96fc60d0f6ef3d3bd9cb668dd42341f58343dfcfa9a6c353fb4683df6c04246f,tcc-microservices-experiment-auth-1,0.02,81170268,1073741824,7.56,3,45.8kB / 40.3kB,9.33MB / 65.5kB
72,2026-09-10T11:48:58.072582+00:00,145,2026-09-10T11:48:57.692213+00:00,false,microservices,gateway,fdf2d6a59fd3df9854a6be81ecb22e01eb2f5118de83026c29b33e33d02ff0e1,tcc-microservices-experiment-gateway-1,8.5,462841446,536870912,86.21,76,4.25MB / 5.42MB,28.7MB / 250kB
72,2026-09-10T11:48:58.072582+00:00,145,2026-09-10T11:48:57.692213+00:00,false,microservices,mysql,24ac2fc3c0c26b10877c826cbef959cfb18618763fe7d6f8b81923214baccaca,tcc-microservices-experiment-mysql-1,29.6,547042099,1073741824,50.95,41,24MB / 47.8MB,61.7MB / 388MB
72,2026-09-10T11:48:58.072582+00:00,145,2026-09-10T11:48:57.692213+00:00,false,microservices,order,6f0a9968490f33e07bc1d0b4a3105829d837b59f4d0aadbdefd31f53498de28f,tcc-microservices-experiment-order-1,25.28,82984305,1073741824,7.73,3,27.3MB / 17.6MB,7.93MB / 77.8kB
72,2026-09-10T11:48:58.072582+00:00,145,2026-09-10T11:48:57.692213+00:00,false,microservices,product,849f6ec3be61aa016d4eee2bd8b4b27429579c5b380eaeea9d72096e62c01ed2,tcc-microservices-experiment-product-1,30.87,83791708,1073741824,7.8,3,30.4MB / 15.8MB,9.82MB / 81.9kB
73,2026-09-10T11:48:59.072587+00:00,147,2026-09-10T11:48:58.691366+00:00,false,microservices,auth,96fc60d0f6ef3d3bd9cb668dd42341f58343dfcfa9a6c353fb4683df6c04246f,tcc-microservices-experiment-auth-1,0.02,81170268,1073741824,7.56,3,45.8kB / 40.3kB,9.33MB / 65.5kB
73,2026-09-10T11:48:59.072587+00:00,147,2026-09-10T11:48:58.691366+00:00,false,microservices,gateway,fdf2d6a59fd3df9854a6be81ecb22e01eb2f5118de83026c29b33e33d02ff0e1,tcc-microservices-experiment-gateway-1,8.93,445854515,536870912,83.04,76,4.3MB / 5.48MB,28.7MB / 250kB
73,2026-09-10T11:48:59.072587+00:00,147,2026-09-10T11:48:58.691366+00:00,false,microservices,mysql,24ac2fc3c0c26b10877c826cbef959cfb18618763fe7d6f8b81923214baccaca,tcc-microservices-experiment-mysql-1,25.26,547985818,1073741824,51.04,41,24.2MB / 48.2MB,61.7MB / 389MB
73,2026-09-10T11:48:59.072587+00:00,147,2026-09-10T11:48:58.691366+00:00,false,microservices,order,6f0a9968490f33e07bc1d0b4a3105829d837b59f4d0aadbdefd31f53498de28f,tcc-microservices-experiment-order-1,26.33,83466650,1073741824,7.77,3,27.5MB / 17.8MB,7.93MB / 77.8kB
73,2026-09-10T11:48:59.072587+00:00,147,2026-09-10T11:48:58.691366+00:00,false,microservices,product,849f6ec3be61aa016d4eee2bd8b4b27429579c5b380eaeea9d72096e62c01ed2,tcc-microservices-experiment-product-1,32.11,83770737,1073741824,7.8,3,30.7MB / 15.9MB,9.82MB / 81.9kB
74,2026-09-10T11:49:00.072625+00:00,149,2026-09-10T11:48:59.693209+00:00,false,microservices,auth,96fc60d0f6ef3d3bd9cb668dd42341f58343dfcfa9a6c353fb4683df6c04246f,tcc-microservices-experiment-auth-1,0.01,81170268,1073741824,7.56,3,45.8kB / 40.3kB,9.33MB / 65.5kB
74,2026-09-10T11:49:00.072625+00:00,149,2026-09-10T11:48:59.693209+00:00,false,microservices,gateway,fdf2d6a59fd3df9854a6be81ecb22e01eb2f5118de83026c29b33e33d02ff0e1,tcc-microservices-experiment-gateway-1,7.1,445225370,536870912,82.93,76,4.34MB / 5.54MB,28.7MB / 250kB
74,2026-09-10T11:49:00.072625+00:00,149,2026-09-10T11:48:59.693209+00:00,false,microservices,mysql,24ac2fc3c0c26b10877c826cbef959cfb18618763fe7d6f8b81923214baccaca,tcc-microservices-experiment-mysql-1,30.05,547356672,1073741824,50.98,41,24.4MB / 48.7MB,61.7MB / 391MB
74,2026-09-10T11:49:00.072625+00:00,149,2026-09-10T11:48:59.693209+00:00,false,microservices,order,6f0a9968490f33e07bc1d0b4a3105829d837b59f4d0aadbdefd31f53498de28f,tcc-microservices-experiment-order-1,26.3,83498107,1073741824,7.78,3,27.7MB / 17.9MB,7.93MB / 77.8kB
74,2026-09-10T11:49:00.072625+00:00,149,2026-09-10T11:48:59.693209+00:00,false,microservices,product,849f6ec3be61aa016d4eee2bd8b4b27429579c5b380eaeea9d72096e62c01ed2,tcc-microservices-experiment-product-1,32.58,84315996,1073741824,7.85,3,31MB / 16.1MB,9.82MB / 81.9kB
75,2026-09-10T11:49:01.072610+00:00,151,2026-09-10T11:49:00.692139+00:00,false,microservices,auth,96fc60d0f6ef3d3bd9cb668dd42341f58343dfcfa9a6c353fb4683df6c04246f,tcc-microservices-experiment-auth-1,0.02,81170268,1073741824,7.56,3,45.8kB / 40.3kB,9.33MB / 65.5kB
75,2026-09-10T11:49:01.072610+00:00,151,2026-09-10T11:49:00.692139+00:00,false,microservices,gateway,fdf2d6a59fd3df9854a6be81ecb22e01eb2f5118de83026c29b33e33d02ff0e1,tcc-microservices-experiment-gateway-1,6.69,445330227,536870912,82.96,76,4.38MB / 5.59MB,28.7MB / 250kB
75,2026-09-10T11:49:01.072610+00:00,151,2026-09-10T11:49:00.692139+00:00,false,microservices,mysql,24ac2fc3c0c26b10877c826cbef959cfb18618763fe7d6f8b81923214baccaca,tcc-microservices-experiment-mysql-1,24.82,548090675,1073741824,51.05,41,24.6MB / 49.1MB,61.7MB / 399MB
75,2026-09-10T11:49:01.072610+00:00,151,2026-09-10T11:49:00.692139+00:00,false,microservices,order,6f0a9968490f33e07bc1d0b4a3105829d837b59f4d0aadbdefd31f53498de28f,tcc-microservices-experiment-order-1,24.24,83120620,1073741824,7.74,3,28MB / 18.1MB,7.93MB / 77.8kB
75,2026-09-10T11:49:01.072610+00:00,151,2026-09-10T11:49:00.692139+00:00,false,microservices,product,849f6ec3be61aa016d4eee2bd8b4b27429579c5b380eaeea9d72096e62c01ed2,tcc-microservices-experiment-product-1,30.99,83980452,1073741824,7.82,3,31.3MB / 16.2MB,9.82MB / 81.9kB
76,2026-09-10T11:49:02.072582+00:00,153,2026-09-10T11:49:01.693009+00:00,false,microservices,auth,96fc60d0f6ef3d3bd9cb668dd42341f58343dfcfa9a6c353fb4683df6c04246f,tcc-microservices-experiment-auth-1,0.01,81170268,1073741824,7.56,3,45.8kB / 40.3kB,9.33MB / 65.5kB
76,2026-09-10T11:49:02.072582+00:00,153,2026-09-10T11:49:01.693009+00:00,false,microservices,gateway,fdf2d6a59fd3df9854a6be81ecb22e01eb2f5118de83026c29b33e33d02ff0e1,tcc-microservices-experiment-gateway-1,6.71,445225370,536870912,82.93,76,4.43MB / 5.65MB,28.7MB / 250kB
76,2026-09-10T11:49:02.072582+00:00,153,2026-09-10T11:49:01.693009+00:00,false,microservices,mysql,24ac2fc3c0c26b10877c826cbef959cfb18618763fe7d6f8b81923214baccaca,tcc-microservices-experiment-mysql-1,29.24,549034394,1073741824,51.14,41,24.8MB / 49.5MB,61.7MB / 401MB
76,2026-09-10T11:49:02.072582+00:00,153,2026-09-10T11:49:01.693009+00:00,false,microservices,order,6f0a9968490f33e07bc1d0b4a3105829d837b59f4d0aadbdefd31f53498de28f,tcc-microservices-experiment-order-1,26.42,84032881,1073741824,7.83,3,28.2MB / 18.2MB,7.93MB / 77.8kB
76,2026-09-10T11:49:02.072582+00:00,153,2026-09-10T11:49:01.693009+00:00,false,microservices,product,849f6ec3be61aa016d4eee2bd8b4b27429579c5b380eaeea9d72096e62c01ed2,tcc-microservices-experiment-product-1,32.18,84179681,1073741824,7.84,3,31.6MB / 16.4MB,9.82MB / 81.9kB
77,2026-09-10T11:49:03.072576+00:00,155,2026-09-10T11:49:02.691958+00:00,false,microservices,auth,96fc60d0f6ef3d3bd9cb668dd42341f58343dfcfa9a6c353fb4683df6c04246f,tcc-microservices-experiment-auth-1,0.02,81170268,1073741824,7.56,3,45.8kB / 40.3kB,9.33MB / 65.5kB
77,2026-09-10T11:49:03.072576+00:00,155,2026-09-10T11:49:02.691958+00:00,false,microservices,gateway,fdf2d6a59fd3df9854a6be81ecb22e01eb2f5118de83026c29b33e33d02ff0e1,tcc-microservices-experiment-gateway-1,6.66,445225370,536870912,82.93,76,4.47MB / 5.7MB,28.7MB / 250kB
77,2026-09-10T11:49:03.072576+00:00,155,2026-09-10T11:49:02.691958+00:00,false,microservices,mysql,24ac2fc3c0c26b10877c826cbef959cfb18618763fe7d6f8b81923214baccaca,tcc-microservices-experiment-mysql-1,25.57,548405248,1073741824,51.08,41,25MB / 50MB,61.7MB / 403MB
77,2026-09-10T11:49:03.072576+00:00,155,2026-09-10T11:49:02.691958+00:00,false,microservices,order,6f0a9968490f33e07bc1d0b4a3105829d837b59f4d0aadbdefd31f53498de28f,tcc-microservices-experiment-order-1,26.96,83340820,1073741824,7.76,3,28.4MB / 18.3MB,7.93MB / 77.8kB
77,2026-09-10T11:49:03.072576+00:00,155,2026-09-10T11:49:02.691958+00:00,false,microservices,product,849f6ec3be61aa016d4eee2bd8b4b27429579c5b380eaeea9d72096e62c01ed2,tcc-microservices-experiment-product-1,32.15,84525711,1073741824,7.87,3,31.9MB / 16.6MB,9.82MB / 81.9kB
78,2026-09-10T11:49:04.072585+00:00,157,2026-09-10T11:49:03.693076+00:00,false,microservices,auth,96fc60d0f6ef3d3bd9cb668dd42341f58343dfcfa9a6c353fb4683df6c04246f,tcc-microservices-experiment-auth-1,0.01,81170268,1073741824,7.56,3,45.8kB / 40.3kB,9.33MB / 65.5kB
78,2026-09-10T11:49:04.072585+00:00,157,2026-09-10T11:49:03.693076+00:00,false,microservices,gateway,fdf2d6a59fd3df9854a6be81ecb22e01eb2f5118de83026c29b33e33d02ff0e1,tcc-microservices-experiment-gateway-1,6.61,445330227,536870912,82.95,76,4.51MB / 5.75MB,28.7MB / 250kB
78,2026-09-10T11:49:04.072585+00:00,157,2026-09-10T11:49:03.693076+00:00,false,microservices,mysql,24ac2fc3c0c26b10877c826cbef959cfb18618763fe7d6f8b81923214baccaca,tcc-microservices-experiment-mysql-1,28.87,548824678,1073741824,51.12,41,25.2MB / 50.4MB,61.7MB / 404MB
78,2026-09-10T11:49:04.072585+00:00,157,2026-09-10T11:49:03.693076+00:00,false,microservices,order,6f0a9968490f33e07bc1d0b4a3105829d837b59f4d0aadbdefd31f53498de28f,tcc-microservices-experiment-order-1,24.85,83078676,1073741824,7.74,3,28.6MB / 18.5MB,7.93MB / 77.8kB
78,2026-09-10T11:49:04.072585+00:00,157,2026-09-10T11:49:03.693076+00:00,false,microservices,product,849f6ec3be61aa016d4eee2bd8b4b27429579c5b380eaeea9d72096e62c01ed2,tcc-microservices-experiment-product-1,30.44,84200653,1073741824,7.84,3,32.2MB / 16.7MB,9.82MB / 81.9kB
79,2026-09-10T11:49:05.072584+00:00,159,2026-09-10T11:49:04.692346+00:00,false,microservices,auth,96fc60d0f6ef3d3bd9cb668dd42341f58343dfcfa9a6c353fb4683df6c04246f,tcc-microservices-experiment-auth-1,0.02,81170268,1073741824,7.56,3,45.8kB / 40.3kB,9.33MB / 65.5kB
79,2026-09-10T11:49:05.072584+00:00,159,2026-09-10T11:49:04.692346+00:00,false,microservices,gateway,fdf2d6a59fd3df9854a6be81ecb22e01eb2f5118de83026c29b33e33d02ff0e1,tcc-microservices-experiment-gateway-1,6.56,446273946,536870912,83.12,76,4.55MB / 5.81MB,28.7MB / 250kB
79,2026-09-10T11:49:05.072584+00:00,159,2026-09-10T11:49:04.692346+00:00,false,microservices,mysql,24ac2fc3c0c26b10877c826cbef959cfb18618763fe7d6f8b81923214baccaca,tcc-microservices-experiment-mysql-1,26.08,549978112,1073741824,51.22,41,25.4MB / 50.8MB,61.7MB / 407MB
79,2026-09-10T11:49:05.072584+00:00,159,2026-09-10T11:49:04.692346+00:00,false,microservices,order,6f0a9968490f33e07bc1d0b4a3105829d837b59f4d0aadbdefd31f53498de28f,tcc-microservices-experiment-order-1,25.71,83393249,1073741824,7.77,3,28.8MB / 18.6MB,7.93MB / 77.8kB
79,2026-09-10T11:49:05.072584+00:00,159,2026-09-10T11:49:04.692346+00:00,false,microservices,product,849f6ec3be61aa016d4eee2bd8b4b27429579c5b380eaeea9d72096e62c01ed2,tcc-microservices-experiment-product-1,32.32,84955628,1073741824,7.91,3,32.5MB / 16.9MB,9.82MB / 81.9kB
80,2026-09-10T11:49:06.072619+00:00,161,2026-09-10T11:49:05.693202+00:00,false,microservices,auth,96fc60d0f6ef3d3bd9cb668dd42341f58343dfcfa9a6c353fb4683df6c04246f,tcc-microservices-experiment-auth-1,0.02,81170268,1073741824,7.56,3,45.8kB / 40.3kB,9.33MB / 65.5kB
80,2026-09-10T11:49:06.072619+00:00,161,2026-09-10T11:49:05.693202+00:00,false,microservices,gateway,fdf2d6a59fd3df9854a6be81ecb22e01eb2f5118de83026c29b33e33d02ff0e1,tcc-microservices-experiment-gateway-1,7.48,446483661,536870912,83.15,76,4.6MB / 5.86MB,28.7MB / 250kB
80,2026-09-10T11:49:06.072619+00:00,161,2026-09-10T11:49:05.693202+00:00,false,microservices,mysql,24ac2fc3c0c26b10877c826cbef959cfb18618763fe7d6f8b81923214baccaca,tcc-microservices-experiment-mysql-1,30.1,550187827,1073741824,51.24,41,25.6MB / 51.2MB,61.7MB / 408MB
80,2026-09-10T11:49:06.072619+00:00,161,2026-09-10T11:49:05.693202+00:00,false,microservices,order,6f0a9968490f33e07bc1d0b4a3105829d837b59f4d0aadbdefd31f53498de28f,tcc-microservices-experiment-order-1,26.78,82931876,1073741824,7.72,3,29.1MB / 18.8MB,7.93MB / 77.8kB
80,2026-09-10T11:49:06.072619+00:00,161,2026-09-10T11:49:05.693202+00:00,false,microservices,product,849f6ec3be61aa016d4eee2bd8b4b27429579c5b380eaeea9d72096e62c01ed2,tcc-microservices-experiment-product-1,32.84,84158710,1073741824,7.84,3,32.8MB / 17MB,9.82MB / 81.9kB
81,2026-09-10T11:49:07.072610+00:00,163,2026-09-10T11:49:06.692081+00:00,false,microservices,auth,96fc60d0f6ef3d3bd9cb668dd42341f58343dfcfa9a6c353fb4683df6c04246f,tcc-microservices-experiment-auth-1,0.02,81170268,1073741824,7.56,3,45.8kB / 40.3kB,9.33MB / 65.5kB
81,2026-09-10T11:49:07.072610+00:00,163,2026-09-10T11:49:06.692081+00:00,false,microservices,gateway,fdf2d6a59fd3df9854a6be81ecb22e01eb2f5118de83026c29b33e33d02ff0e1,tcc-microservices-experiment-gateway-1,7.04,445225370,536870912,82.93,76,4.64MB / 5.92MB,28.7MB / 262kB
81,2026-09-10T11:49:07.072610+00:00,163,2026-09-10T11:49:06.692081+00:00,false,microservices,mysql,24ac2fc3c0c26b10877c826cbef959cfb18618763fe7d6f8b81923214baccaca,tcc-microservices-experiment-mysql-1,25.27,549244109,1073741824,51.15,41,25.8MB / 51.7MB,61.7MB / 410MB
81,2026-09-10T11:49:07.072610+00:00,163,2026-09-10T11:49:06.692081+00:00,false,microservices,order,6f0a9968490f33e07bc1d0b4a3105829d837b59f4d0aadbdefd31f53498de28f,tcc-microservices-experiment-order-1,25.84,83361792,1073741824,7.76,3,29.3MB / 18.9MB,7.93MB / 77.8kB
81,2026-09-10T11:49:07.072610+00:00,163,2026-09-10T11:49:06.692081+00:00,false,microservices,product,849f6ec3be61aa016d4eee2bd8b4b27429579c5b380eaeea9d72096e62c01ed2,tcc-microservices-experiment-product-1,31.59,84420854,1073741824,7.86,3,33.1MB / 17.2MB,9.82MB / 81.9kB
82,2026-09-10T11:49:08.072582+00:00,165,2026-09-10T11:49:07.692929+00:00,false,microservices,auth,96fc60d0f6ef3d3bd9cb668dd42341f58343dfcfa9a6c353fb4683df6c04246f,tcc-microservices-experiment-auth-1,0.02,81170268,1073741824,7.56,3,45.8kB / 40.3kB,9.33MB / 65.5kB
82,2026-09-10T11:49:08.072582+00:00,165,2026-09-10T11:49:07.692929+00:00,false,microservices,gateway,fdf2d6a59fd3df9854a6be81ecb22e01eb2f5118de83026c29b33e33d02ff0e1,tcc-microservices-experiment-gateway-1,8.94,446064230,536870912,83.09,76,4.69MB / 5.98MB,28.7MB / 262kB
82,2026-09-10T11:49:08.072582+00:00,165,2026-09-10T11:49:07.692929+00:00,false,microservices,mysql,24ac2fc3c0c26b10877c826cbef959cfb18618763fe7d6f8b81923214baccaca,tcc-microservices-experiment-mysql-1,29.01,549244109,1073741824,51.16,41,26MB / 52.1MB,61.7MB / 411MB
82,2026-09-10T11:49:08.072582+00:00,165,2026-09-10T11:49:07.692929+00:00,false,microservices,order,6f0a9968490f33e07bc1d0b4a3105829d837b59f4d0aadbdefd31f53498de28f,tcc-microservices-experiment-order-1,25.15,82900419,1073741824,7.72,3,29.5MB / 19MB,7.93MB / 77.8kB
82,2026-09-10T11:49:08.072582+00:00,165,2026-09-10T11:49:07.692929+00:00,false,microservices,product,849f6ec3be61aa016d4eee2bd8b4b27429579c5b380eaeea9d72096e62c01ed2,tcc-microservices-experiment-product-1,32.24,84462797,1073741824,7.87,3,33.5MB / 17.3MB,9.82MB / 81.9kB
83,2026-09-10T11:49:09.072600+00:00,167,2026-09-10T11:49:08.692066+00:00,false,microservices,auth,96fc60d0f6ef3d3bd9cb668dd42341f58343dfcfa9a6c353fb4683df6c04246f,tcc-microservices-experiment-auth-1,0.02,81170268,1073741824,7.56,3,45.8kB / 40.3kB,9.33MB / 65.5kB
83,2026-09-10T11:49:09.072600+00:00,167,2026-09-10T11:49:08.692066+00:00,false,microservices,gateway,fdf2d6a59fd3df9854a6be81ecb22e01eb2f5118de83026c29b33e33d02ff0e1,tcc-microservices-experiment-gateway-1,7.7,445539942,536870912,82.99,76,4.73MB / 6.03MB,28.7MB / 262kB
83,2026-09-10T11:49:09.072600+00:00,167,2026-09-10T11:49:08.692066+00:00,false,microservices,mysql,24ac2fc3c0c26b10877c826cbef959cfb18618763fe7d6f8b81923214baccaca,tcc-microservices-experiment-mysql-1,25.43,550292685,1073741824,51.25,41,26.2MB / 52.6MB,61.7MB / 413MB
83,2026-09-10T11:49:09.072600+00:00,167,2026-09-10T11:49:08.692066+00:00,false,microservices,order,6f0a9968490f33e07bc1d0b4a3105829d837b59f4d0aadbdefd31f53498de28f,tcc-microservices-experiment-order-1,26.34,83487621,1073741824,7.78,3,29.8MB / 19.2MB,7.93MB / 77.8kB
83,2026-09-10T11:49:09.072600+00:00,167,2026-09-10T11:49:08.692066+00:00,false,microservices,product,849f6ec3be61aa016d4eee2bd8b4b27429579c5b380eaeea9d72096e62c01ed2,tcc-microservices-experiment-product-1,33.05,84169196,1073741824,7.84,3,33.8MB / 17.5MB,9.82MB / 81.9kB
84,2026-09-10T11:49:10.072612+00:00,169,2026-09-10T11:49:09.692004+00:00,false,microservices,auth,96fc60d0f6ef3d3bd9cb668dd42341f58343dfcfa9a6c353fb4683df6c04246f,tcc-microservices-experiment-auth-1,0.02,81170268,1073741824,7.56,3,45.8kB / 40.3kB,9.33MB / 65.5kB
84,2026-09-10T11:49:10.072612+00:00,169,2026-09-10T11:49:09.692004+00:00,false,microservices,gateway,fdf2d6a59fd3df9854a6be81ecb22e01eb2f5118de83026c29b33e33d02ff0e1,tcc-microservices-experiment-gateway-1,7.48,445749658,536870912,83.03,76,4.77MB / 6.09MB,28.7MB / 262kB
84,2026-09-10T11:49:10.072612+00:00,169,2026-09-10T11:49:09.692004+00:00,false,microservices,mysql,24ac2fc3c0c26b10877c826cbef959cfb18618763fe7d6f8b81923214baccaca,tcc-microservices-experiment-mysql-1,29.81,549978112,1073741824,51.22,41,26.4MB / 53MB,61.7MB / 414MB
84,2026-09-10T11:49:10.072612+00:00,169,2026-09-10T11:49:09.692004+00:00,false,microservices,order,6f0a9968490f33e07bc1d0b4a3105829d837b59f4d0aadbdefd31f53498de28f,tcc-microservices-experiment-order-1,25.98,83477135,1073741824,7.77,3,30MB / 19.3MB,7.93MB / 77.8kB
84,2026-09-10T11:49:10.072612+00:00,169,2026-09-10T11:49:09.692004+00:00,false,microservices,product,849f6ec3be61aa016d4eee2bd8b4b27429579c5b380eaeea9d72096e62c01ed2,tcc-microservices-experiment-product-1,33.04,84263567,1073741824,7.85,3,34.1MB / 17.7MB,9.82MB / 81.9kB
85,2026-09-10T11:49:11.072619+00:00,171,2026-09-10T11:49:10.692440+00:00,false,microservices,auth,96fc60d0f6ef3d3bd9cb668dd42341f58343dfcfa9a6c353fb4683df6c04246f,tcc-microservices-experiment-auth-1,0.02,81170268,1073741824,7.56,3,45.8kB / 40.3kB,9.33MB / 65.5kB
85,2026-09-10T11:49:11.072619+00:00,171,2026-09-10T11:49:10.692440+00:00,false,microservices,gateway,fdf2d6a59fd3df9854a6be81ecb22e01eb2f5118de83026c29b33e33d02ff0e1,tcc-microservices-experiment-gateway-1,6.93,446273946,536870912,83.12,76,4.82MB / 6.14MB,28.7MB / 262kB
85,2026-09-10T11:49:11.072619+00:00,171,2026-09-10T11:49:10.692440+00:00,false,microservices,mysql,24ac2fc3c0c26b10877c826cbef959cfb18618763fe7d6f8b81923214baccaca,tcc-microservices-experiment-mysql-1,25.61,549768397,1073741824,51.21,41,26.7MB / 53.4MB,61.7MB / 416MB
85,2026-09-10T11:49:11.072619+00:00,171,2026-09-10T11:49:10.692440+00:00,false,microservices,order,6f0a9968490f33e07bc1d0b4a3105829d837b59f4d0aadbdefd31f53498de28f,tcc-microservices-experiment-order-1,26.56,82795561,1073741824,7.71,3,30.2MB / 19.5MB,7.93MB / 77.8kB
85,2026-09-10T11:49:11.072619+00:00,171,2026-09-10T11:49:10.692440+00:00,false,microservices,product,849f6ec3be61aa016d4eee2bd8b4b27429579c5b380eaeea9d72096e62c01ed2,tcc-microservices-experiment-product-1,31.96,84892713,1073741824,7.91,3,34.4MB / 17.8MB,9.82MB / 81.9kB
86,2026-09-10T11:49:12.072616+00:00,173,2026-09-10T11:49:11.692934+00:00,false,microservices,auth,96fc60d0f6ef3d3bd9cb668dd42341f58343dfcfa9a6c353fb4683df6c04246f,tcc-microservices-experiment-auth-1,0.01,81170268,1073741824,7.56,3,45.8kB / 40.3kB,9.33MB / 65.5kB
86,2026-09-10T11:49:12.072616+00:00,173,2026-09-10T11:49:11.692934+00:00,false,microservices,gateway,fdf2d6a59fd3df9854a6be81ecb22e01eb2f5118de83026c29b33e33d02ff0e1,tcc-microservices-experiment-gateway-1,22.88,445539942,536870912,83.0,76,4.86MB / 6.2MB,28.7MB / 262kB
86,2026-09-10T11:49:12.072616+00:00,173,2026-09-10T11:49:11.692934+00:00,false,microservices,mysql,24ac2fc3c0c26b10877c826cbef959cfb18618763fe7d6f8b81923214baccaca,tcc-microservices-experiment-mysql-1,29.44,549453824,1073741824,51.17,41,26.9MB / 53.9MB,61.7MB / 417MB
86,2026-09-10T11:49:12.072616+00:00,173,2026-09-10T11:49:11.692934+00:00,false,microservices,order,6f0a9968490f33e07bc1d0b4a3105829d837b59f4d0aadbdefd31f53498de28f,tcc-microservices-experiment-order-1,26.97,83183534,1073741824,7.75,3,30.5MB / 19.6MB,7.93MB / 77.8kB
86,2026-09-10T11:49:12.072616+00:00,173,2026-09-10T11:49:11.692934+00:00,false,microservices,product,849f6ec3be61aa016d4eee2bd8b4b27429579c5b380eaeea9d72096e62c01ed2,tcc-microservices-experiment-product-1,32.8,84127252,1073741824,7.83,3,34.7MB / 18MB,9.82MB / 81.9kB
87,2026-09-10T11:49:13.072610+00:00,175,2026-09-10T11:49:12.691432+00:00,false,microservices,auth,96fc60d0f6ef3d3bd9cb668dd42341f58343dfcfa9a6c353fb4683df6c04246f,tcc-microservices-experiment-auth-1,0.02,81170268,1073741824,7.56,3,45.8kB / 40.3kB,9.33MB / 65.5kB
87,2026-09-10T11:49:13.072610+00:00,175,2026-09-10T11:49:12.691432+00:00,false,microservices,gateway,fdf2d6a59fd3df9854a6be81ecb22e01eb2f5118de83026c29b33e33d02ff0e1,tcc-microservices-experiment-gateway-1,7.54,446483661,536870912,83.16,76,4.9MB / 6.26MB,28.7MB / 262kB
87,2026-09-10T11:49:13.072610+00:00,175,2026-09-10T11:49:12.691432+00:00,false,microservices,mysql,24ac2fc3c0c26b10877c826cbef959cfb18618763fe7d6f8b81923214baccaca,tcc-microservices-experiment-mysql-1,25.96,549873254,1073741824,51.21,41,27.1MB / 54.3MB,61.7MB / 419MB
87,2026-09-10T11:49:13.072610+00:00,175,2026-09-10T11:49:12.691432+00:00,false,microservices,order,6f0a9968490f33e07bc1d0b4a3105829d837b59f4d0aadbdefd31f53498de28f,tcc-microservices-experiment-order-1,26.0,82984305,1073741824,7.73,3,30.7MB / 19.7MB,7.93MB / 77.8kB
87,2026-09-10T11:49:13.072610+00:00,175,2026-09-10T11:49:12.691432+00:00,false,microservices,product,849f6ec3be61aa016d4eee2bd8b4b27429579c5b380eaeea9d72096e62c01ed2,tcc-microservices-experiment-product-1,33.07,84022395,1073741824,7.83,3,35MB / 18.2MB,9.82MB / 81.9kB
88,2026-09-10T11:49:14.072604+00:00,177,2026-09-10T11:49:13.691353+00:00,false,microservices,auth,96fc60d0f6ef3d3bd9cb668dd42341f58343dfcfa9a6c353fb4683df6c04246f,tcc-microservices-experiment-auth-1,0.02,81170268,1073741824,7.56,3,45.8kB / 40.3kB,9.33MB / 65.5kB
88,2026-09-10T11:49:14.072604+00:00,177,2026-09-10T11:49:13.691353+00:00,false,microservices,gateway,fdf2d6a59fd3df9854a6be81ecb22e01eb2f5118de83026c29b33e33d02ff0e1,tcc-microservices-experiment-gateway-1,8.34,445435085,536870912,82.98,76,4.95MB / 6.32MB,28.7MB / 262kB
88,2026-09-10T11:49:14.072604+00:00,177,2026-09-10T11:49:13.691353+00:00,false,microservices,mysql,24ac2fc3c0c26b10877c826cbef959cfb18618763fe7d6f8b81923214baccaca,tcc-microservices-experiment-mysql-1,29.99,549768397,1073741824,51.2,41,27.3MB / 54.8MB,61.7MB / 421MB
88,2026-09-10T11:49:14.072604+00:00,177,2026-09-10T11:49:13.691353+00:00,false,microservices,order,6f0a9968490f33e07bc1d0b4a3105829d837b59f4d0aadbdefd31f53498de28f,tcc-microservices-experiment-order-1,27.2,83812680,1073741824,7.81,4,30.9MB / 19.9MB,7.93MB / 77.8kB
88,2026-09-10T11:49:14.072604+00:00,177,2026-09-10T11:49:13.691353+00:00,false,microservices,product,849f6ec3be61aa016d4eee2bd8b4b27429579c5b380eaeea9d72096e62c01ed2,tcc-microservices-experiment-product-1,32.06,84955628,1073741824,7.91,3,35.3MB / 18.3MB,9.82MB / 81.9kB
89,2026-09-10T11:49:15.072583+00:00,179,2026-09-10T11:49:14.692416+00:00,false,microservices,auth,96fc60d0f6ef3d3bd9cb668dd42341f58343dfcfa9a6c353fb4683df6c04246f,tcc-microservices-experiment-auth-1,0.02,81170268,1073741824,7.56,3,45.8kB / 40.3kB,9.33MB / 65.5kB
89,2026-09-10T11:49:15.072583+00:00,179,2026-09-10T11:49:14.692416+00:00,false,microservices,gateway,fdf2d6a59fd3df9854a6be81ecb22e01eb2f5118de83026c29b33e33d02ff0e1,tcc-microservices-experiment-gateway-1,7.84,445015654,536870912,82.88,76,4.99MB / 6.37MB,28.7MB / 262kB
89,2026-09-10T11:49:15.072583+00:00,179,2026-09-10T11:49:14.692416+00:00,false,microservices,mysql,24ac2fc3c0c26b10877c826cbef959cfb18618763fe7d6f8b81923214baccaca,tcc-microservices-experiment-mysql-1,26.16,550502400,1073741824,51.27,41,27.5MB / 55.2MB,61.7MB / 423MB
89,2026-09-10T11:49:15.072583+00:00,179,2026-09-10T11:49:14.692416+00:00,false,microservices,order,6f0a9968490f33e07bc1d0b4a3105829d837b59f4d0aadbdefd31f53498de28f,tcc-microservices-experiment-order-1,25.35,82669732,1073741824,7.7,3,31.1MB / 20MB,7.93MB / 77.8kB
89,2026-09-10T11:49:15.072583+00:00,179,2026-09-10T11:49:14.692416+00:00,false,microservices,product,849f6ec3be61aa016d4eee2bd8b4b27429579c5b380eaeea9d72096e62c01ed2,tcc-microservices-experiment-product-1,32.53,84546683,1073741824,7.87,3,35.7MB / 18.5MB,9.82MB / 81.9kB
90,2026-09-10T11:49:16.072606+00:00,181,2026-09-10T11:49:15.692192+00:00,false,microservices,auth,96fc60d0f6ef3d3bd9cb668dd42341f58343dfcfa9a6c353fb4683df6c04246f,tcc-microservices-experiment-auth-1,0.02,81170268,1073741824,7.56,3,45.8kB / 40.3kB,9.33MB / 65.5kB
90,2026-09-10T11:49:16.072606+00:00,181,2026-09-10T11:49:15.692192+00:00,false,microservices,gateway,fdf2d6a59fd3df9854a6be81ecb22e01eb2f5118de83026c29b33e33d02ff0e1,tcc-microservices-experiment-gateway-1,6.52,445644800,536870912,83.02,76,5.04MB / 6.43MB,28.7MB / 262kB
90,2026-09-10T11:49:16.072606+00:00,181,2026-09-10T11:49:15.692192+00:00,false,microservices,mysql,24ac2fc3c0c26b10877c826cbef959cfb18618763fe7d6f8b81923214baccaca,tcc-microservices-experiment-mysql-1,29.94,550502400,1073741824,51.27,41,27.7MB / 55.6MB,61.7MB / 425MB
90,2026-09-10T11:49:16.072606+00:00,181,2026-09-10T11:49:15.692192+00:00,false,microservices,order,6f0a9968490f33e07bc1d0b4a3105829d837b59f4d0aadbdefd31f53498de28f,tcc-microservices-experiment-order-1,26.79,83571507,1073741824,7.78,3,31.4MB / 20.2MB,7.93MB / 77.8kB
90,2026-09-10T11:49:16.072606+00:00,181,2026-09-10T11:49:15.692192+00:00,false,microservices,product,849f6ec3be61aa016d4eee2bd8b4b27429579c5b380eaeea9d72096e62c01ed2,tcc-microservices-experiment-product-1,33.02,84987085,1073741824,7.92,3,36MB / 18.6MB,9.82MB / 81.9kB
91,2026-09-10T11:49:17.072609+00:00,183,2026-09-10T11:49:16.692214+00:00,false,microservices,auth,96fc60d0f6ef3d3bd9cb668dd42341f58343dfcfa9a6c353fb4683df6c04246f,tcc-microservices-experiment-auth-1,0.02,81170268,1073741824,7.56,3,45.8kB / 40.3kB,9.33MB / 65.5kB
91,2026-09-10T11:49:17.072609+00:00,183,2026-09-10T11:49:16.692214+00:00,false,microservices,gateway,fdf2d6a59fd3df9854a6be81ecb22e01eb2f5118de83026c29b33e33d02ff0e1,tcc-microservices-experiment-gateway-1,7.35,445644800,536870912,83.01,76,5.08MB / 6.48MB,28.7MB / 262kB
91,2026-09-10T11:49:17.072609+00:00,183,2026-09-10T11:49:16.692214+00:00,false,microservices,mysql,24ac2fc3c0c26b10877c826cbef959cfb18618763fe7d6f8b81923214baccaca,tcc-microservices-experiment-mysql-1,26.15,549768397,1073741824,51.2,41,27.9MB / 56.1MB,61.7MB / 427MB
91,2026-09-10T11:49:17.072609+00:00,183,2026-09-10T11:49:16.692214+00:00,false,microservices,order,6f0a9968490f33e07bc1d0b4a3105829d837b59f4d0aadbdefd31f53498de28f,tcc-microservices-experiment-order-1,25.88,83529564,1073741824,7.78,3,31.6MB / 20.3MB,7.93MB / 77.8kB
91,2026-09-10T11:49:17.072609+00:00,183,2026-09-10T11:49:16.692214+00:00,false,microservices,product,849f6ec3be61aa016d4eee2bd8b4b27429579c5b380eaeea9d72096e62c01ed2,tcc-microservices-experiment-product-1,32.04,85186314,1073741824,7.93,3,36.3MB / 18.8MB,9.82MB / 81.9kB
92,2026-09-10T11:49:18.072583+00:00,185,2026-09-10T11:49:17.692634+00:00,false,microservices,auth,96fc60d0f6ef3d3bd9cb668dd42341f58343dfcfa9a6c353fb4683df6c04246f,tcc-microservices-experiment-auth-1,0.02,81170268,1073741824,7.56,3,45.8kB / 40.3kB,9.33MB / 65.5kB
92,2026-09-10T11:49:18.072583+00:00,185,2026-09-10T11:49:17.692634+00:00,false,microservices,gateway,fdf2d6a59fd3df9854a6be81ecb22e01eb2f5118de83026c29b33e33d02ff0e1,tcc-microservices-experiment-gateway-1,6.83,446273946,536870912,83.12,76,5.12MB / 6.54MB,28.7MB / 262kB
92,2026-09-10T11:49:18.072583+00:00,185,2026-09-10T11:49:17.692634+00:00,false,microservices,mysql,24ac2fc3c0c26b10877c826cbef959cfb18618763fe7d6f8b81923214baccaca,tcc-microservices-experiment-mysql-1,30.48,550187827,1073741824,51.24,41,28.1MB / 56.5MB,61.7MB / 429MB
92,2026-09-10T11:49:18.072583+00:00,185,2026-09-10T11:49:17.692634+00:00,false,microservices,order,6f0a9968490f33e07bc1d0b4a3105829d837b59f4d0aadbdefd31f53498de28f,tcc-microservices-experiment-order-1,26.06,83015762,1073741824,7.73,3,31.8MB / 20.4MB,7.93MB / 77.8kB
92,2026-09-10T11:49:18.072583+00:00,185,2026-09-10T11:49:17.692634+00:00,false,microservices,product,849f6ec3be61aa016d4eee2bd8b4b27429579c5b380eaeea9d72096e62c01ed2,tcc-microservices-experiment-product-1,32.32,84452311,1073741824,7.87,3,36.6MB / 19MB,9.82MB / 81.9kB
93,2026-09-10T11:49:19.072586+00:00,187,2026-09-10T11:49:18.693709+00:00,false,microservices,auth,96fc60d0f6ef3d3bd9cb668dd42341f58343dfcfa9a6c353fb4683df6c04246f,tcc-microservices-experiment-auth-1,0.02,81170268,1073741824,7.56,3,45.8kB / 40.3kB,9.33MB / 65.5kB
93,2026-09-10T11:49:19.072586+00:00,187,2026-09-10T11:49:18.693709+00:00,false,microservices,gateway,fdf2d6a59fd3df9854a6be81ecb22e01eb2f5118de83026c29b33e33d02ff0e1,tcc-microservices-experiment-gateway-1,7.66,446273946,536870912,83.12,76,5.17MB / 6.59MB,28.7MB / 262kB
93,2026-09-10T11:49:19.072586+00:00,187,2026-09-10T11:49:18.693709+00:00,false,microservices,mysql,24ac2fc3c0c26b10877c826cbef959cfb18618763fe7d6f8b81923214baccaca,tcc-microservices-experiment-mysql-1,24.51,550607258,1073741824,51.28,41,28.3MB / 56.9MB,61.7MB / 431MB
93,2026-09-10T11:49:19.072586+00:00,187,2026-09-10T11:49:18.693709+00:00,false,microservices,order,6f0a9968490f33e07bc1d0b4a3105829d837b59f4d0aadbdefd31f53498de28f,tcc-microservices-experiment-order-1,25.33,83288392,1073741824,7.76,3,32MB / 20.6MB,7.93MB / 77.8kB
93,2026-09-10T11:49:19.072586+00:00,187,2026-09-10T11:49:18.693709+00:00,false,microservices,product,849f6ec3be61aa016d4eee2bd8b4b27429579c5b380eaeea9d72096e62c01ed2,tcc-microservices-experiment-product-1,31.02,84001423,1073741824,7.82,3,36.9MB / 19.1MB,9.82MB / 81.9kB
94,2026-09-10T11:49:20.072618+00:00,189,2026-09-10T11:49:19.692517+00:00,false,microservices,auth,96fc60d0f6ef3d3bd9cb668dd42341f58343dfcfa9a6c353fb4683df6c04246f,tcc-microservices-experiment-auth-1,0.02,81170268,1073741824,7.56,3,45.8kB / 40.3kB,9.33MB / 65.5kB
94,2026-09-10T11:49:20.072618+00:00,189,2026-09-10T11:49:19.692517+00:00,false,microservices,gateway,fdf2d6a59fd3df9854a6be81ecb22e01eb2f5118de83026c29b33e33d02ff0e1,tcc-microservices-experiment-gateway-1,6.52,445120512,536870912,82.91,76,5.21MB / 6.65MB,28.7MB / 262kB
94,2026-09-10T11:49:20.072618+00:00,189,2026-09-10T11:49:19.692517+00:00,false,microservices,mysql,24ac2fc3c0c26b10877c826cbef959cfb18618763fe7d6f8b81923214baccaca,tcc-microservices-experiment-mysql-1,29.66,550816973,1073741824,51.3,41,28.5MB / 57.4MB,61.7MB / 433MB
94,2026-09-10T11:49:20.072618+00:00,189,2026-09-10T11:49:19.692517+00:00,false,microservices,order,6f0a9968490f33e07bc1d0b4a3105829d837b59f4d0aadbdefd31f53498de28f,tcc-microservices-experiment-order-1,26.48,82816532,1073741824,7.71,3,32.3MB / 20.7MB,7.93MB / 77.8kB
94,2026-09-10T11:49:20.072618+00:00,189,2026-09-10T11:49:19.692517+00:00,false,microservices,product,849f6ec3be61aa016d4eee2bd8b4b27429579c5b380eaeea9d72096e62c01ed2,tcc-microservices-experiment-product-1,32.27,84703969,1073741824,7.89,3,37.2MB / 19.3MB,9.82MB / 81.9kB
95,2026-09-10T11:49:21.072610+00:00,191,2026-09-10T11:49:20.692394+00:00,false,microservices,auth,96fc60d0f6ef3d3bd9cb668dd42341f58343dfcfa9a6c353fb4683df6c04246f,tcc-microservices-experiment-auth-1,0.02,81170268,1073741824,7.56,3,45.8kB / 40.3kB,9.33MB / 65.5kB
95,2026-09-10T11:49:21.072610+00:00,191,2026-09-10T11:49:20.692394+00:00,false,microservices,gateway,fdf2d6a59fd3df9854a6be81ecb22e01eb2f5118de83026c29b33e33d02ff0e1,tcc-microservices-experiment-gateway-1,7.0,445854515,536870912,83.05,76,5.25MB / 6.7MB,28.7MB / 262kB
95,2026-09-10T11:49:21.072610+00:00,191,2026-09-10T11:49:20.692394+00:00,false,microservices,mysql,24ac2fc3c0c26b10877c826cbef959cfb18618763fe7d6f8b81923214baccaca,tcc-microservices-experiment-mysql-1,25.14,550502400,1073741824,51.27,41,28.7MB / 57.8MB,61.7MB / 434MB
95,2026-09-10T11:49:21.072610+00:00,191,2026-09-10T11:49:20.692394+00:00,false,microservices,order,6f0a9968490f33e07bc1d0b4a3105829d837b59f4d0aadbdefd31f53498de28f,tcc-microservices-experiment-order-1,26.17,82931876,1073741824,7.72,3,32.5MB / 20.9MB,7.93MB / 77.8kB
95,2026-09-10T11:49:21.072610+00:00,191,2026-09-10T11:49:20.692394+00:00,false,microservices,product,849f6ec3be61aa016d4eee2bd8b4b27429579c5b380eaeea9d72096e62c01ed2,tcc-microservices-experiment-product-1,32.86,84599112,1073741824,7.88,3,37.5MB / 19.4MB,9.82MB / 81.9kB
96,2026-09-10T11:49:22.072598+00:00,193,2026-09-10T11:49:21.693498+00:00,false,microservices,auth,96fc60d0f6ef3d3bd9cb668dd42341f58343dfcfa9a6c353fb4683df6c04246f,tcc-microservices-experiment-auth-1,0.02,81170268,1073741824,7.56,3,45.8kB / 40.3kB,9.33MB / 65.5kB
96,2026-09-10T11:49:22.072598+00:00,193,2026-09-10T11:49:21.693498+00:00,false,microservices,gateway,fdf2d6a59fd3df9854a6be81ecb22e01eb2f5118de83026c29b33e33d02ff0e1,tcc-microservices-experiment-gateway-1,7.04,445539942,536870912,82.99,76,5.3MB / 6.76MB,28.7MB / 274kB
96,2026-09-10T11:49:22.072598+00:00,193,2026-09-10T11:49:21.693498+00:00,false,microservices,mysql,24ac2fc3c0c26b10877c826cbef959cfb18618763fe7d6f8b81923214baccaca,tcc-microservices-experiment-mysql-1,28.9,550607258,1073741824,51.28,41,28.9MB / 58.3MB,61.7MB / 437MB
96,2026-09-10T11:49:22.072598+00:00,193,2026-09-10T11:49:21.693498+00:00,false,microservices,order,6f0a9968490f33e07bc1d0b4a3105829d837b59f4d0aadbdefd31f53498de28f,tcc-microservices-experiment-order-1,26.47,83959480,1073741824,7.82,3,32.7MB / 21MB,7.93MB / 77.8kB
96,2026-09-10T11:49:22.072598+00:00,193,2026-09-10T11:49:21.693498+00:00,false,microservices,product,849f6ec3be61aa016d4eee2bd8b4b27429579c5b380eaeea9d72096e62c01ed2,tcc-microservices-experiment-product-1,33.32,84001423,1073741824,7.82,3,37.8MB / 19.6MB,9.82MB / 81.9kB
97,2026-09-10T11:49:23.072889+00:00,195,2026-09-10T11:49:22.693021+00:00,false,microservices,auth,96fc60d0f6ef3d3bd9cb668dd42341f58343dfcfa9a6c353fb4683df6c04246f,tcc-microservices-experiment-auth-1,0.02,81170268,1073741824,7.56,3,45.8kB / 40.3kB,9.33MB / 65.5kB
97,2026-09-10T11:49:23.072889+00:00,195,2026-09-10T11:49:22.693021+00:00,false,microservices,gateway,fdf2d6a59fd3df9854a6be81ecb22e01eb2f5118de83026c29b33e33d02ff0e1,tcc-microservices-experiment-gateway-1,11.94,446483661,536870912,83.17,76,5.34MB / 6.82MB,28.7MB / 274kB
97,2026-09-10T11:49:23.072889+00:00,195,2026-09-10T11:49:22.693021+00:00,false,microservices,mysql,24ac2fc3c0c26b10877c826cbef959cfb18618763fe7d6f8b81923214baccaca,tcc-microservices-experiment-mysql-1,25.68,550082970,1073741824,51.24,41,29.1MB / 58.7MB,61.7MB / 438MB
97,2026-09-10T11:49:23.072889+00:00,195,2026-09-10T11:49:22.693021+00:00,false,microservices,order,6f0a9968490f33e07bc1d0b4a3105829d837b59f4d0aadbdefd31f53498de28f,tcc-microservices-experiment-order-1,25.5,82596332,1073741824,7.69,3,33MB / 21.1MB,7.93MB / 77.8kB
97,2026-09-10T11:49:23.072889+00:00,195,2026-09-10T11:49:22.693021+00:00,false,microservices,product,849f6ec3be61aa016d4eee2bd8b4b27429579c5b380eaeea9d72096e62c01ed2,tcc-microservices-experiment-product-1,32.62,84263567,1073741824,7.85,3,38.2MB / 19.8MB,9.82MB / 81.9kB
98,2026-09-10T11:49:24.072600+00:00,197,2026-09-10T11:49:23.693290+00:00,false,microservices,auth,96fc60d0f6ef3d3bd9cb668dd42341f58343dfcfa9a6c353fb4683df6c04246f,tcc-microservices-experiment-auth-1,0.01,81170268,1073741824,7.56,3,45.8kB / 40.3kB,9.33MB / 65.5kB
98,2026-09-10T11:49:24.072600+00:00,197,2026-09-10T11:49:23.693290+00:00,false,microservices,gateway,fdf2d6a59fd3df9854a6be81ecb22e01eb2f5118de83026c29b33e33d02ff0e1,tcc-microservices-experiment-gateway-1,4.41,445749658,536870912,83.03,76,5.37MB / 6.85MB,28.7MB / 274kB
98,2026-09-10T11:49:24.072600+00:00,197,2026-09-10T11:49:23.693290+00:00,false,microservices,mysql,24ac2fc3c0c26b10877c826cbef959cfb18618763fe7d6f8b81923214baccaca,tcc-microservices-experiment-mysql-1,22.45,550712115,1073741824,51.29,41,29.2MB / 59MB,61.7MB / 439MB
98,2026-09-10T11:49:24.072600+00:00,197,2026-09-10T11:49:23.693290+00:00,false,microservices,order,6f0a9968490f33e07bc1d0b4a3105829d837b59f4d0aadbdefd31f53498de28f,tcc-microservices-experiment-order-1,18.32,82858476,1073741824,7.72,3,33.1MB / 21.2MB,7.93MB / 77.8kB
98,2026-09-10T11:49:24.072600+00:00,197,2026-09-10T11:49:23.693290+00:00,false,microservices,product,849f6ec3be61aa016d4eee2bd8b4b27429579c5b380eaeea9d72096e62c01ed2,tcc-microservices-experiment-product-1,22.26,83959480,1073741824,7.82,3,38.4MB / 19.9MB,9.82MB / 81.9kB
99,2026-09-10T11:49:25.072624+00:00,199,2026-09-10T11:49:24.693352+00:00,false,microservices,auth,96fc60d0f6ef3d3bd9cb668dd42341f58343dfcfa9a6c353fb4683df6c04246f,tcc-microservices-experiment-auth-1,0.02,81170268,1073741824,7.56,3,45.8kB / 40.3kB,9.33MB / 65.5kB
99,2026-09-10T11:49:25.072624+00:00,199,2026-09-10T11:49:24.693352+00:00,false,microservices,gateway,fdf2d6a59fd3df9854a6be81ecb22e01eb2f5118de83026c29b33e33d02ff0e1,tcc-microservices-experiment-gateway-1,2.71,445854515,536870912,83.04,76,5.39MB / 6.87MB,28.7MB / 274kB
99,2026-09-10T11:49:25.072624+00:00,199,2026-09-10T11:49:24.693352+00:00,false,microservices,mysql,24ac2fc3c0c26b10877c826cbef959cfb18618763fe7d6f8b81923214baccaca,tcc-microservices-experiment-mysql-1,11.32,550187827,1073741824,51.24,41,29.3MB / 59.2MB,61.7MB / 440MB
99,2026-09-10T11:49:25.072624+00:00,199,2026-09-10T11:49:24.693352+00:00,false,microservices,order,6f0a9968490f33e07bc1d0b4a3105829d837b59f4d0aadbdefd31f53498de28f,tcc-microservices-experiment-order-1,9.44,83340820,1073741824,7.76,3,33.2MB / 21.3MB,7.94MB / 77.8kB
99,2026-09-10T11:49:25.072624+00:00,199,2026-09-10T11:49:24.693352+00:00,false,microservices,product,849f6ec3be61aa016d4eee2bd8b4b27429579c5b380eaeea9d72096e62c01ed2,tcc-microservices-experiment-product-1,11.87,84808827,1073741824,7.9,3,38.5MB / 19.9MB,9.82MB / 81.9kB
100,2026-09-10T11:49:26.072606+00:00,201,2026-09-10T11:49:25.692410+00:00,false,microservices,auth,96fc60d0f6ef3d3bd9cb668dd42341f58343dfcfa9a6c353fb4683df6c04246f,tcc-microservices-experiment-auth-1,0.02,81170268,1073741824,7.56,3,45.8kB / 40.3kB,9.33MB / 65.5kB
100,2026-09-10T11:49:26.072606+00:00,201,2026-09-10T11:49:25.692410+00:00,false,microservices,gateway,fdf2d6a59fd3df9854a6be81ecb22e01eb2f5118de83026c29b33e33d02ff0e1,tcc-microservices-experiment-gateway-1,6.7,444805939,536870912,82.85,76,5.43MB / 6.93MB,28.7MB / 274kB
100,2026-09-10T11:49:26.072606+00:00,201,2026-09-10T11:49:25.692410+00:00,false,microservices,mysql,24ac2fc3c0c26b10877c826cbef959cfb18618763fe7d6f8b81923214baccaca,tcc-microservices-experiment-mysql-1,29.52,554277274,1073741824,51.62,42,29.5MB / 59.6MB,61.7MB / 442MB
100,2026-09-10T11:49:26.072606+00:00,201,2026-09-10T11:49:25.692410+00:00,false,microservices,order,6f0a9968490f33e07bc1d0b4a3105829d837b59f4d0aadbdefd31f53498de28f,tcc-microservices-experiment-order-1,25.89,82732646,1073741824,7.7,3,33.4MB / 21.4MB,7.94MB / 77.8kB
100,2026-09-10T11:49:26.072606+00:00,201,2026-09-10T11:49:25.692410+00:00,false,microservices,product,849f6ec3be61aa016d4eee2bd8b4b27429579c5b380eaeea9d72096e62c01ed2,tcc-microservices-experiment-product-1,32.52,85490401,1073741824,7.96,3,38.8MB / 20.1MB,9.82MB / 81.9kB
101,2026-09-10T11:49:27.072583+00:00,203,2026-09-10T11:49:26.693228+00:00,false,microservices,auth,96fc60d0f6ef3d3bd9cb668dd42341f58343dfcfa9a6c353fb4683df6c04246f,tcc-microservices-experiment-auth-1,0.02,81170268,1073741824,7.56,3,45.8kB / 40.3kB,9.33MB / 65.5kB
101,2026-09-10T11:49:27.072583+00:00,203,2026-09-10T11:49:26.693228+00:00,false,microservices,gateway,fdf2d6a59fd3df9854a6be81ecb22e01eb2f5118de83026c29b33e33d02ff0e1,tcc-microservices-experiment-gateway-1,6.42,445854515,536870912,83.04,76,5.47MB / 6.99MB,28.7MB / 274kB
101,2026-09-10T11:49:27.072583+00:00,203,2026-09-10T11:49:26.693228+00:00,false,microservices,mysql,24ac2fc3c0c26b10877c826cbef959cfb18618763fe7d6f8b81923214baccaca,tcc-microservices-experiment-mysql-1,26.27,550816973,1073741824,51.3,41,29.7MB / 60MB,61.7MB / 443MB
101,2026-09-10T11:49:27.072583+00:00,203,2026-09-10T11:49:26.693228+00:00,false,microservices,order,6f0a9968490f33e07bc1d0b4a3105829d837b59f4d0aadbdefd31f53498de28f,tcc-microservices-experiment-order-1,26.41,83707822,1073741824,7.8,3,33.7MB / 21.6MB,7.94MB / 77.8kB
101,2026-09-10T11:49:27.072583+00:00,203,2026-09-10T11:49:26.693228+00:00,false,microservices,product,849f6ec3be61aa016d4eee2bd8b4b27429579c5b380eaeea9d72096e62c01ed2,tcc-microservices-experiment-product-1,33.46,85584773,1073741824,7.97,3,39.1MB / 20.3MB,9.82MB / 81.9kB
102,2026-09-10T11:49:28.072608+00:00,205,2026-09-10T11:49:27.693086+00:00,false,microservices,auth,96fc60d0f6ef3d3bd9cb668dd42341f58343dfcfa9a6c353fb4683df6c04246f,tcc-microservices-experiment-auth-1,0.02,81170268,1073741824,7.56,3,45.8kB / 40.3kB,9.33MB / 65.5kB
102,2026-09-10T11:49:28.072608+00:00,205,2026-09-10T11:49:27.693086+00:00,false,microservices,gateway,fdf2d6a59fd3df9854a6be81ecb22e01eb2f5118de83026c29b33e33d02ff0e1,tcc-microservices-experiment-gateway-1,6.44,445435085,536870912,82.96,76,5.52MB / 7.04MB,28.7MB / 274kB
102,2026-09-10T11:49:28.072608+00:00,205,2026-09-10T11:49:27.693086+00:00,false,microservices,mysql,24ac2fc3c0c26b10877c826cbef959cfb18618763fe7d6f8b81923214baccaca,tcc-microservices-experiment-mysql-1,25.63,550816973,1073741824,51.3,41,29.9MB / 60.5MB,61.7MB / 444MB
102,2026-09-10T11:49:28.072608+00:00,205,2026-09-10T11:49:27.693086+00:00,false,microservices,order,6f0a9968490f33e07bc1d0b4a3105829d837b59f4d0aadbdefd31f53498de28f,tcc-microservices-experiment-order-1,26.19,82627789,1073741824,7.7,3,33.9MB / 21.7MB,7.94MB / 77.8kB
102,2026-09-10T11:49:28.072608+00:00,205,2026-09-10T11:49:27.693086+00:00,false,microservices,product,849f6ec3be61aa016d4eee2bd8b4b27429579c5b380eaeea9d72096e62c01ed2,tcc-microservices-experiment-product-1,32.35,84441825,1073741824,7.86,3,39.4MB / 20.4MB,9.82MB / 81.9kB
103,2026-09-10T11:49:29.072604+00:00,207,2026-09-10T11:49:28.692378+00:00,false,microservices,auth,96fc60d0f6ef3d3bd9cb668dd42341f58343dfcfa9a6c353fb4683df6c04246f,tcc-microservices-experiment-auth-1,0.02,81170268,1073741824,7.56,3,45.8kB / 40.3kB,9.33MB / 65.5kB
103,2026-09-10T11:49:29.072604+00:00,207,2026-09-10T11:49:28.692378+00:00,false,microservices,gateway,fdf2d6a59fd3df9854a6be81ecb22e01eb2f5118de83026c29b33e33d02ff0e1,tcc-microservices-experiment-gateway-1,6.02,445539942,536870912,82.98,76,5.56MB / 7.1MB,28.7MB / 274kB
103,2026-09-10T11:49:29.072604+00:00,207,2026-09-10T11:49:28.692378+00:00,false,microservices,mysql,24ac2fc3c0c26b10877c826cbef959cfb18618763fe7d6f8b81923214baccaca,tcc-microservices-experiment-mysql-1,26.98,550816973,1073741824,51.3,41,30.1MB / 60.9MB,61.7MB / 446MB
103,2026-09-10T11:49:29.072604+00:00,207,2026-09-10T11:49:28.692378+00:00,false,microservices,order,6f0a9968490f33e07bc1d0b4a3105829d837b59f4d0aadbdefd31f53498de28f,tcc-microservices-experiment-order-1,23.71,82942362,1073741824,7.72,3,34.1MB / 21.8MB,7.94MB / 77.8kB
103,2026-09-10T11:49:29.072604+00:00,207,2026-09-10T11:49:28.692378+00:00,false,microservices,product,849f6ec3be61aa016d4eee2bd8b4b27429579c5b380eaeea9d72096e62c01ed2,tcc-microservices-experiment-product-1,28.5,85406515,1073741824,7.95,3,39.7MB / 20.6MB,9.82MB / 81.9kB
104,2026-09-10T11:49:30.072597+00:00,209,2026-09-10T11:49:29.691424+00:00,false,microservices,auth,96fc60d0f6ef3d3bd9cb668dd42341f58343dfcfa9a6c353fb4683df6c04246f,tcc-microservices-experiment-auth-1,0.02,81170268,1073741824,7.56,3,45.8kB / 40.3kB,9.33MB / 65.5kB
104,2026-09-10T11:49:30.072597+00:00,209,2026-09-10T11:49:29.691424+00:00,false,microservices,gateway,fdf2d6a59fd3df9854a6be81ecb22e01eb2f5118de83026c29b33e33d02ff0e1,tcc-microservices-experiment-gateway-1,6.02,445749658,536870912,83.02,76,5.6MB / 7.15MB,28.7MB / 274kB
104,2026-09-10T11:49:30.072597+00:00,209,2026-09-10T11:49:29.691424+00:00,false,microservices,mysql,24ac2fc3c0c26b10877c826cbef959cfb18618763fe7d6f8b81923214baccaca,tcc-microservices-experiment-mysql-1,25.02,550712115,1073741824,51.29,41,30.3MB / 61.3MB,61.7MB / 448MB
104,2026-09-10T11:49:30.072597+00:00,209,2026-09-10T11:49:29.691424+00:00,false,microservices,order,6f0a9968490f33e07bc1d0b4a3105829d837b59f4d0aadbdefd31f53498de28f,tcc-microservices-experiment-order-1,24.12,83319849,1073741824,7.76,3,34.3MB / 22MB,7.94MB / 77.8kB
104,2026-09-10T11:49:30.072597+00:00,209,2026-09-10T11:49:29.691424+00:00,false,microservices,product,849f6ec3be61aa016d4eee2bd8b4b27429579c5b380eaeea9d72096e62c01ed2,tcc-microservices-experiment-product-1,30.97,85626716,1073741824,7.98,3,40MB / 20.7MB,9.82MB / 81.9kB
105,2026-09-10T11:49:31.072576+00:00,211,2026-09-10T11:49:30.692283+00:00,false,microservices,auth,96fc60d0f6ef3d3bd9cb668dd42341f58343dfcfa9a6c353fb4683df6c04246f,tcc-microservices-experiment-auth-1,0.02,81170268,1073741824,7.56,3,45.8kB / 40.3kB,9.33MB / 65.5kB
105,2026-09-10T11:49:31.072576+00:00,211,2026-09-10T11:49:30.692283+00:00,false,microservices,gateway,fdf2d6a59fd3df9854a6be81ecb22e01eb2f5118de83026c29b33e33d02ff0e1,tcc-microservices-experiment-gateway-1,7.57,445854515,536870912,83.06,76,5.64MB / 7.21MB,28.8MB / 274kB
105,2026-09-10T11:49:31.072576+00:00,211,2026-09-10T11:49:30.692283+00:00,false,microservices,mysql,24ac2fc3c0c26b10877c826cbef959cfb18618763fe7d6f8b81923214baccaca,tcc-microservices-experiment-mysql-1,29.77,551026688,1073741824,51.32,41,30.5MB / 61.7MB,61.7MB / 450MB
105,2026-09-10T11:49:31.072576+00:00,211,2026-09-10T11:49:30.692283+00:00,false,microservices,order,6f0a9968490f33e07bc1d0b4a3105829d837b59f4d0aadbdefd31f53498de28f,tcc-microservices-experiment-order-1,26.76,83435192,1073741824,7.77,3,34.6MB / 22.1MB,7.94MB / 77.8kB
105,2026-09-10T11:49:31.072576+00:00,211,2026-09-10T11:49:30.692283+00:00,false,microservices,product,849f6ec3be61aa016d4eee2bd8b4b27429579c5b380eaeea9d72096e62c01ed2,tcc-microservices-experiment-product-1,31.83,85899346,1073741824,8.0,3,40.3MB / 20.9MB,9.82MB / 81.9kB
106,2026-09-10T11:49:32.072665+00:00,213,2026-09-10T11:49:31.691605+00:00,false,microservices,auth,96fc60d0f6ef3d3bd9cb668dd42341f58343dfcfa9a6c353fb4683df6c04246f,tcc-microservices-experiment-auth-1,0.02,81170268,1073741824,7.56,3,45.8kB / 40.3kB,9.33MB / 65.5kB
106,2026-09-10T11:49:32.072665+00:00,213,2026-09-10T11:49:31.691605+00:00,false,microservices,gateway,fdf2d6a59fd3df9854a6be81ecb22e01eb2f5118de83026c29b33e33d02ff0e1,tcc-microservices-experiment-gateway-1,7.6,446169088,536870912,83.1,76,5.69MB / 7.26MB,28.8MB / 274kB
106,2026-09-10T11:49:32.072665+00:00,213,2026-09-10T11:49:31.691605+00:00,false,microservices,mysql,24ac2fc3c0c26b10877c826cbef959cfb18618763fe7d6f8b81923214baccaca,tcc-microservices-experiment-mysql-1,24.87,551550976,1073741824,51.37,41,30.7MB / 62.2MB,61.7MB / 452MB
106,2026-09-10T11:49:32.072665+00:00,213,2026-09-10T11:49:31.691605+00:00,false,microservices,order,6f0a9968490f33e07bc1d0b4a3105829d837b59f4d0aadbdefd31f53498de28f,tcc-microservices-experiment-order-1,25.93,82879447,1073741824,7.72,3,34.8MB / 22.3MB,7.94MB / 77.8kB
106,2026-09-10T11:49:32.072665+00:00,213,2026-09-10T11:49:31.691605+00:00,false,microservices,product,849f6ec3be61aa016d4eee2bd8b4b27429579c5b380eaeea9d72096e62c01ed2,tcc-microservices-experiment-product-1,32.54,85333115,1073741824,7.95,3,40.6MB / 21.1MB,9.82MB / 81.9kB
107,2026-09-10T11:49:33.072608+00:00,215,2026-09-10T11:49:32.692889+00:00,false,microservices,auth,96fc60d0f6ef3d3bd9cb668dd42341f58343dfcfa9a6c353fb4683df6c04246f,tcc-microservices-experiment-auth-1,0.02,81170268,1073741824,7.56,3,45.8kB / 40.3kB,9.33MB / 65.5kB
107,2026-09-10T11:49:33.072608+00:00,215,2026-09-10T11:49:32.692889+00:00,false,microservices,gateway,fdf2d6a59fd3df9854a6be81ecb22e01eb2f5118de83026c29b33e33d02ff0e1,tcc-microservices-experiment-gateway-1,6.47,445225370,536870912,82.93,76,5.73MB / 7.32MB,28.8MB / 274kB
107,2026-09-10T11:49:33.072608+00:00,215,2026-09-10T11:49:32.692889+00:00,false,microservices,mysql,24ac2fc3c0c26b10877c826cbef959cfb18618763fe7d6f8b81923214baccaca,tcc-microservices-experiment-mysql-1,29.36,551026688,1073741824,51.31,41,30.9MB / 62.6MB,61.7MB / 453MB
107,2026-09-10T11:49:33.072608+00:00,215,2026-09-10T11:49:32.692889+00:00,false,microservices,order,6f0a9968490f33e07bc1d0b4a3105829d837b59f4d0aadbdefd31f53498de28f,tcc-microservices-experiment-order-1,26.32,83194020,1073741824,7.75,3,35MB / 22.4MB,7.94MB / 77.8kB
107,2026-09-10T11:49:33.072608+00:00,215,2026-09-10T11:49:32.692889+00:00,false,microservices,product,849f6ec3be61aa016d4eee2bd8b4b27429579c5b380eaeea9d72096e62c01ed2,tcc-microservices-experiment-product-1,32.6,85029028,1073741824,7.92,3,40.9MB / 21.2MB,9.82MB / 81.9kB
108,2026-09-10T11:49:34.072605+00:00,217,2026-09-10T11:49:33.692292+00:00,false,microservices,auth,96fc60d0f6ef3d3bd9cb668dd42341f58343dfcfa9a6c353fb4683df6c04246f,tcc-microservices-experiment-auth-1,0.02,81170268,1073741824,7.56,3,45.8kB / 40.3kB,9.33MB / 65.5kB
108,2026-09-10T11:49:34.072605+00:00,217,2026-09-10T11:49:33.692292+00:00,false,microservices,gateway,fdf2d6a59fd3df9854a6be81ecb22e01eb2f5118de83026c29b33e33d02ff0e1,tcc-microservices-experiment-gateway-1,6.09,445539942,536870912,82.98,76,5.77MB / 7.37MB,28.8MB / 274kB
108,2026-09-10T11:49:34.072605+00:00,217,2026-09-10T11:49:33.692292+00:00,false,microservices,mysql,24ac2fc3c0c26b10877c826cbef959cfb18618763fe7d6f8b81923214baccaca,tcc-microservices-experiment-mysql-1,24.38,551446118,1073741824,51.36,41,31.1MB / 63MB,61.7MB / 456MB
108,2026-09-10T11:49:34.072605+00:00,217,2026-09-10T11:49:33.692292+00:00,false,microservices,order,6f0a9968490f33e07bc1d0b4a3105829d837b59f4d0aadbdefd31f53498de28f,tcc-microservices-experiment-order-1,24.24,83309363,1073741824,7.76,3,35.2MB / 22.5MB,7.94MB / 77.8kB
108,2026-09-10T11:49:34.072605+00:00,217,2026-09-10T11:49:33.692292+00:00,false,microservices,product,849f6ec3be61aa016d4eee2bd8b4b27429579c5b380eaeea9d72096e62c01ed2,tcc-microservices-experiment-product-1,30.65,85857403,1073741824,8.0,3,41.2MB / 21.4MB,9.82MB / 81.9kB
109,2026-09-10T11:49:35.072612+00:00,219,2026-09-10T11:49:34.692320+00:00,false,microservices,auth,96fc60d0f6ef3d3bd9cb668dd42341f58343dfcfa9a6c353fb4683df6c04246f,tcc-microservices-experiment-auth-1,0.02,81170268,1073741824,7.56,3,45.8kB / 40.3kB,9.33MB / 65.5kB
109,2026-09-10T11:49:35.072612+00:00,219,2026-09-10T11:49:34.692320+00:00,false,microservices,gateway,fdf2d6a59fd3df9854a6be81ecb22e01eb2f5118de83026c29b33e33d02ff0e1,tcc-microservices-experiment-gateway-1,8.06,445539942,536870912,82.99,76,5.81MB / 7.42MB,28.8MB / 274kB
109,2026-09-10T11:49:35.072612+00:00,219,2026-09-10T11:49:34.692320+00:00,false,microservices,mysql,24ac2fc3c0c26b10877c826cbef959cfb18618763fe7d6f8b81923214baccaca,tcc-microservices-experiment-mysql-1,30.25,551341261,1073741824,51.34,41,31.3MB / 63.5MB,61.7MB / 458MB
109,2026-09-10T11:49:35.072612+00:00,219,2026-09-10T11:49:34.692320+00:00,false,microservices,order,6f0a9968490f33e07bc1d0b4a3105829d837b59f4d0aadbdefd31f53498de28f,tcc-microservices-experiment-order-1,26.97,83078676,1073741824,7.74,3,35.5MB / 22.7MB,7.94MB / 77.8kB
109,2026-09-10T11:49:35.072612+00:00,219,2026-09-10T11:49:34.692320+00:00,false,microservices,product,849f6ec3be61aa016d4eee2bd8b4b27429579c5b380eaeea9d72096e62c01ed2,tcc-microservices-experiment-product-1,32.58,85417001,1073741824,7.96,3,41.5MB / 21.5MB,9.82MB / 81.9kB
110,2026-09-10T11:49:36.072614+00:00,221,2026-09-10T11:49:35.692745+00:00,false,microservices,auth,96fc60d0f6ef3d3bd9cb668dd42341f58343dfcfa9a6c353fb4683df6c04246f,tcc-microservices-experiment-auth-1,0.02,81170268,1073741824,7.56,3,45.8kB / 40.3kB,9.33MB / 65.5kB
110,2026-09-10T11:49:36.072614+00:00,221,2026-09-10T11:49:35.692745+00:00,false,microservices,gateway,fdf2d6a59fd3df9854a6be81ecb22e01eb2f5118de83026c29b33e33d02ff0e1,tcc-microservices-experiment-gateway-1,6.94,445120512,536870912,82.91,76,5.86MB / 7.48MB,28.8MB / 274kB
110,2026-09-10T11:49:36.072614+00:00,221,2026-09-10T11:49:35.692745+00:00,false,microservices,mysql,24ac2fc3c0c26b10877c826cbef959cfb18618763fe7d6f8b81923214baccaca,tcc-microservices-experiment-mysql-1,25.84,551760691,1073741824,51.38,41,31.5MB / 63.9MB,61.7MB / 459MB
110,2026-09-10T11:49:36.072614+00:00,221,2026-09-10T11:49:35.692745+00:00,false,microservices,order,6f0a9968490f33e07bc1d0b4a3105829d837b59f4d0aadbdefd31f53498de28f,tcc-microservices-experiment-order-1,26.32,82963333,1073741824,7.73,3,35.7MB / 22.8MB,7.94MB / 77.8kB
110,2026-09-10T11:49:36.072614+00:00,221,2026-09-10T11:49:35.692745+00:00,false,microservices,product,849f6ec3be61aa016d4eee2bd8b4b27429579c5b380eaeea9d72096e62c01ed2,tcc-microservices-experiment-product-1,32.63,85584773,1073741824,7.97,3,41.9MB / 21.7MB,9.82MB / 81.9kB
111,2026-09-10T11:49:37.072597+00:00,223,2026-09-10T11:49:36.692438+00:00,false,microservices,auth,96fc60d0f6ef3d3bd9cb668dd42341f58343dfcfa9a6c353fb4683df6c04246f,tcc-microservices-experiment-auth-1,0.02,81170268,1073741824,7.56,3,45.8kB / 40.3kB,9.33MB / 65.5kB
111,2026-09-10T11:49:37.072597+00:00,223,2026-09-10T11:49:36.692438+00:00,false,microservices,gateway,fdf2d6a59fd3df9854a6be81ecb22e01eb2f5118de83026c29b33e33d02ff0e1,tcc-microservices-experiment-gateway-1,8.72,445225370,536870912,82.94,69,5.9MB / 7.54MB,28.8MB / 274kB
111,2026-09-10T11:49:37.072597+00:00,223,2026-09-10T11:49:36.692438+00:00,false,microservices,mysql,24ac2fc3c0c26b10877c826cbef959cfb18618763fe7d6f8b81923214baccaca,tcc-microservices-experiment-mysql-1,29.79,551446118,1073741824,51.35,41,31.7MB / 64.3MB,61.7MB / 461MB
111,2026-09-10T11:49:37.072597+00:00,223,2026-09-10T11:49:36.692438+00:00,false,microservices,order,6f0a9968490f33e07bc1d0b4a3105829d837b59f4d0aadbdefd31f53498de28f,tcc-microservices-experiment-order-1,26.35,83204506,1073741824,7.75,3,35.9MB / 23MB,7.94MB / 77.8kB
111,2026-09-10T11:49:37.072597+00:00,223,2026-09-10T11:49:36.692438+00:00,false,microservices,product,849f6ec3be61aa016d4eee2bd8b4b27429579c5b380eaeea9d72096e62c01ed2,tcc-microservices-experiment-product-1,32.02,85343601,1073741824,7.95,3,42.2MB / 21.8MB,9.82MB / 81.9kB
112,2026-09-10T11:49:38.072613+00:00,225,2026-09-10T11:49:37.692270+00:00,false,microservices,auth,96fc60d0f6ef3d3bd9cb668dd42341f58343dfcfa9a6c353fb4683df6c04246f,tcc-microservices-experiment-auth-1,0.02,81170268,1073741824,7.56,3,45.8kB / 40.3kB,9.33MB / 65.5kB
112,2026-09-10T11:49:38.072613+00:00,225,2026-09-10T11:49:37.692270+00:00,false,microservices,gateway,fdf2d6a59fd3df9854a6be81ecb22e01eb2f5118de83026c29b33e33d02ff0e1,tcc-microservices-experiment-gateway-1,7.21,444910797,536870912,82.88,69,5.95MB / 7.59MB,28.8MB / 291kB
112,2026-09-10T11:49:38.072613+00:00,225,2026-09-10T11:49:37.692270+00:00,false,microservices,mysql,24ac2fc3c0c26b10877c826cbef959cfb18618763fe7d6f8b81923214baccaca,tcc-microservices-experiment-mysql-1,25.88,551446118,1073741824,51.36,41,31.9MB / 64.8MB,61.7MB / 462MB
112,2026-09-10T11:49:38.072613+00:00,225,2026-09-10T11:49:37.692270+00:00,false,microservices,order,6f0a9968490f33e07bc1d0b4a3105829d837b59f4d0aadbdefd31f53498de28f,tcc-microservices-experiment-order-1,25.87,82847990,1073741824,7.72,3,36.1MB / 23.1MB,7.94MB / 77.8kB
112,2026-09-10T11:49:38.072613+00:00,225,2026-09-10T11:49:37.692270+00:00,false,microservices,product,849f6ec3be61aa016d4eee2bd8b4b27429579c5b380eaeea9d72096e62c01ed2,tcc-microservices-experiment-product-1,32.93,85721088,1073741824,7.98,3,42.5MB / 22MB,9.82MB / 81.9kB
113,2026-09-10T11:49:39.072612+00:00,227,2026-09-10T11:49:38.692266+00:00,false,microservices,auth,96fc60d0f6ef3d3bd9cb668dd42341f58343dfcfa9a6c353fb4683df6c04246f,tcc-microservices-experiment-auth-1,0.01,81170268,1073741824,7.56,3,45.8kB / 40.3kB,9.33MB / 65.5kB
113,2026-09-10T11:49:39.072612+00:00,227,2026-09-10T11:49:38.692266+00:00,false,microservices,gateway,fdf2d6a59fd3df9854a6be81ecb22e01eb2f5118de83026c29b33e33d02ff0e1,tcc-microservices-experiment-gateway-1,6.61,444071936,536870912,82.71,69,5.99MB / 7.65MB,28.8MB / 291kB
113,2026-09-10T11:49:39.072612+00:00,227,2026-09-10T11:49:38.692266+00:00,false,microservices,mysql,24ac2fc3c0c26b10877c826cbef959cfb18618763fe7d6f8b81923214baccaca,tcc-microservices-experiment-mysql-1,29.27,552180122,1073741824,51.42,41,32.1MB / 65.2MB,61.7MB / 464MB
113,2026-09-10T11:49:39.072612+00:00,227,2026-09-10T11:49:38.692266+00:00,false,microservices,order,6f0a9968490f33e07bc1d0b4a3105829d837b59f4d0aadbdefd31f53498de28f,tcc-microservices-experiment-order-1,26.38,83382764,1073741824,7.77,3,36.4MB / 23.2MB,7.94MB / 77.8kB
113,2026-09-10T11:49:39.072612+00:00,227,2026-09-10T11:49:38.692266+00:00,false,microservices,product,849f6ec3be61aa016d4eee2bd8b4b27429579c5b380eaeea9d72096e62c01ed2,tcc-microservices-experiment-product-1,32.73,86109061,1073741824,8.02,3,42.8MB / 22.2MB,9.82MB / 81.9kB
114,2026-09-10T11:49:40.072586+00:00,229,2026-09-10T11:49:39.691548+00:00,false,microservices,auth,96fc60d0f6ef3d3bd9cb668dd42341f58343dfcfa9a6c353fb4683df6c04246f,tcc-microservices-experiment-auth-1,0.02,81170268,1073741824,7.56,3,45.8kB / 40.3kB,9.33MB / 65.5kB
114,2026-09-10T11:49:40.072586+00:00,229,2026-09-10T11:49:39.691548+00:00,false,microservices,gateway,fdf2d6a59fd3df9854a6be81ecb22e01eb2f5118de83026c29b33e33d02ff0e1,tcc-microservices-experiment-gateway-1,39.48,453613978,536870912,84.5,69,6.04MB / 7.71MB,28.8MB / 291kB
114,2026-09-10T11:49:40.072586+00:00,229,2026-09-10T11:49:39.691548+00:00,false,microservices,mysql,24ac2fc3c0c26b10877c826cbef959cfb18618763fe7d6f8b81923214baccaca,tcc-microservices-experiment-mysql-1,26.05,551446118,1073741824,51.36,41,32.3MB / 65.7MB,61.7MB / 465MB
114,2026-09-10T11:49:40.072586+00:00,229,2026-09-10T11:49:39.691548+00:00,false,microservices,order,6f0a9968490f33e07bc1d0b4a3105829d837b59f4d0aadbdefd31f53498de28f,tcc-microservices-experiment-order-1,26.21,83382764,1073741824,7.77,3,36.6MB / 23.4MB,7.94MB / 77.8kB
114,2026-09-10T11:49:40.072586+00:00,229,2026-09-10T11:49:39.691548+00:00,false,microservices,product,849f6ec3be61aa016d4eee2bd8b4b27429579c5b380eaeea9d72096e62c01ed2,tcc-microservices-experiment-product-1,31.84,85731574,1073741824,7.98,3,43.1MB / 22.3MB,9.82MB / 81.9kB
115,2026-09-10T11:49:41.072588+00:00,231,2026-09-10T11:49:40.693361+00:00,false,microservices,auth,96fc60d0f6ef3d3bd9cb668dd42341f58343dfcfa9a6c353fb4683df6c04246f,tcc-microservices-experiment-auth-1,0.02,81170268,1073741824,7.56,3,45.8kB / 40.3kB,9.33MB / 65.5kB
115,2026-09-10T11:49:41.072588+00:00,231,2026-09-10T11:49:40.693361+00:00,false,microservices,gateway,fdf2d6a59fd3df9854a6be81ecb22e01eb2f5118de83026c29b33e33d02ff0e1,tcc-microservices-experiment-gateway-1,11.18,453823693,536870912,84.52,69,6.08MB / 7.76MB,28.8MB / 291kB
115,2026-09-10T11:49:41.072588+00:00,231,2026-09-10T11:49:40.693361+00:00,false,microservices,mysql,24ac2fc3c0c26b10877c826cbef959cfb18618763fe7d6f8b81923214baccaca,tcc-microservices-experiment-mysql-1,30.02,550712115,1073741824,51.28,41,32.5MB / 66.1MB,61.7MB / 467MB
115,2026-09-10T11:49:41.072588+00:00,231,2026-09-10T11:49:40.693361+00:00,false,microservices,order,6f0a9968490f33e07bc1d0b4a3105829d837b59f4d0aadbdefd31f53498de28f,tcc-microservices-experiment-order-1,25.88,83519078,1073741824,7.78,3,36.8MB / 23.5MB,7.94MB / 77.8kB
115,2026-09-10T11:49:41.072588+00:00,231,2026-09-10T11:49:40.693361+00:00,false,microservices,product,849f6ec3be61aa016d4eee2bd8b4b27429579c5b380eaeea9d72096e62c01ed2,tcc-microservices-experiment-product-1,32.78,86297805,1073741824,8.04,3,43.4MB / 22.5MB,9.82MB / 81.9kB
116,2026-09-10T11:49:42.072617+00:00,233,2026-09-10T11:49:41.691217+00:00,false,microservices,auth,96fc60d0f6ef3d3bd9cb668dd42341f58343dfcfa9a6c353fb4683df6c04246f,tcc-microservices-experiment-auth-1,0.02,81170268,1073741824,7.56,3,45.8kB / 40.3kB,9.33MB / 65.5kB
116,2026-09-10T11:49:42.072617+00:00,233,2026-09-10T11:49:41.691217+00:00,false,microservices,gateway,fdf2d6a59fd3df9854a6be81ecb22e01eb2f5118de83026c29b33e33d02ff0e1,tcc-microservices-experiment-gateway-1,44.33,454872269,536870912,84.73,69,6.12MB / 7.82MB,28.8MB / 291kB
116,2026-09-10T11:49:42.072617+00:00,233,2026-09-10T11:49:41.691217+00:00,false,microservices,mysql,24ac2fc3c0c26b10877c826cbef959cfb18618763fe7d6f8b81923214baccaca,tcc-microservices-experiment-mysql-1,26.19,551970406,1073741824,51.41,41,32.7MB / 66.5MB,61.7MB / 468MB
116,2026-09-10T11:49:42.072617+00:00,233,2026-09-10T11:49:41.691217+00:00,false,microservices,order,6f0a9968490f33e07bc1d0b4a3105829d837b59f4d0aadbdefd31f53498de28f,tcc-microservices-experiment-order-1,27.18,83466650,1073741824,7.77,3,37.1MB / 23.7MB,7.94MB / 77.8kB
116,2026-09-10T11:49:42.072617+00:00,233,2026-09-10T11:49:41.691217+00:00,false,microservices,product,849f6ec3be61aa016d4eee2bd8b4b27429579c5b380eaeea9d72096e62c01ed2,tcc-microservices-experiment-product-1,32.06,85721088,1073741824,7.98,3,43.7MB / 22.7MB,9.82MB / 81.9kB
117,2026-09-10T11:49:43.072604+00:00,235,2026-09-10T11:49:42.693246+00:00,false,microservices,auth,96fc60d0f6ef3d3bd9cb668dd42341f58343dfcfa9a6c353fb4683df6c04246f,tcc-microservices-experiment-auth-1,0.02,81170268,1073741824,7.56,3,45.8kB / 40.3kB,9.33MB / 65.5kB
117,2026-09-10T11:49:43.072604+00:00,235,2026-09-10T11:49:42.693246+00:00,false,microservices,gateway,fdf2d6a59fd3df9854a6be81ecb22e01eb2f5118de83026c29b33e33d02ff0e1,tcc-microservices-experiment-gateway-1,48.75,455396557,536870912,84.83,69,6.16MB / 7.87MB,28.8MB / 291kB
117,2026-09-10T11:49:43.072604+00:00,235,2026-09-10T11:49:42.693246+00:00,false,microservices,mysql,24ac2fc3c0c26b10877c826cbef959cfb18618763fe7d6f8b81923214baccaca,tcc-microservices-experiment-mysql-1,30.8,551131546,1073741824,51.33,41,32.9MB / 67MB,61.7MB / 470MB
117,2026-09-10T11:49:43.072604+00:00,235,2026-09-10T11:49:42.693246+00:00,false,microservices,order,6f0a9968490f33e07bc1d0b4a3105829d837b59f4d0aadbdefd31f53498de28f,tcc-microservices-experiment-order-1,27.56,83414221,1073741824,7.77,3,37.3MB / 23.8MB,7.94MB / 77.8kB
117,2026-09-10T11:49:43.072604+00:00,235,2026-09-10T11:49:42.693246+00:00,false,microservices,product,849f6ec3be61aa016d4eee2bd8b4b27429579c5b380eaeea9d72096e62c01ed2,tcc-microservices-experiment-product-1,32.45,86098575,1073741824,8.02,3,44MB / 22.8MB,9.82MB / 81.9kB
118,2026-09-10T11:49:44.072607+00:00,237,2026-09-10T11:49:43.692397+00:00,false,microservices,auth,96fc60d0f6ef3d3bd9cb668dd42341f58343dfcfa9a6c353fb4683df6c04246f,tcc-microservices-experiment-auth-1,0.02,81170268,1073741824,7.56,3,45.8kB / 40.3kB,9.33MB / 65.5kB
118,2026-09-10T11:49:44.072607+00:00,237,2026-09-10T11:49:43.692397+00:00,false,microservices,gateway,fdf2d6a59fd3df9854a6be81ecb22e01eb2f5118de83026c29b33e33d02ff0e1,tcc-microservices-experiment-gateway-1,7.65,445435085,536870912,82.97,69,6.21MB / 7.93MB,28.8MB / 291kB
118,2026-09-10T11:49:44.072607+00:00,237,2026-09-10T11:49:43.692397+00:00,false,microservices,mysql,24ac2fc3c0c26b10877c826cbef959cfb18618763fe7d6f8b81923214baccaca,tcc-microservices-experiment-mysql-1,25.93,551970406,1073741824,51.4,41,33.2MB / 67.4MB,61.7MB / 471MB
118,2026-09-10T11:49:44.072607+00:00,237,2026-09-10T11:49:43.692397+00:00,false,microservices,order,6f0a9968490f33e07bc1d0b4a3105829d837b59f4d0aadbdefd31f53498de28f,tcc-microservices-experiment-order-1,26.02,82743132,1073741824,7.71,3,37.5MB / 23.9MB,7.94MB / 77.8kB
118,2026-09-10T11:49:44.072607+00:00,237,2026-09-10T11:49:43.692397+00:00,false,microservices,product,849f6ec3be61aa016d4eee2bd8b4b27429579c5b380eaeea9d72096e62c01ed2,tcc-microservices-experiment-product-1,32.12,85354086,1073741824,7.95,3,44.4MB / 23MB,9.82MB / 81.9kB
119,2026-09-10T11:49:45.072605+00:00,239,2026-09-10T11:49:44.691463+00:00,false,microservices,auth,96fc60d0f6ef3d3bd9cb668dd42341f58343dfcfa9a6c353fb4683df6c04246f,tcc-microservices-experiment-auth-1,0.02,81170268,1073741824,7.56,3,45.8kB / 40.3kB,9.33MB / 65.5kB
119,2026-09-10T11:49:45.072605+00:00,239,2026-09-10T11:49:44.691463+00:00,false,microservices,gateway,fdf2d6a59fd3df9854a6be81ecb22e01eb2f5118de83026c29b33e33d02ff0e1,tcc-microservices-experiment-gateway-1,6.24,445539942,536870912,82.98,69,6.25MB / 7.98MB,28.8MB / 291kB
119,2026-09-10T11:49:45.072605+00:00,239,2026-09-10T11:49:44.691463+00:00,false,microservices,mysql,24ac2fc3c0c26b10877c826cbef959cfb18618763fe7d6f8b81923214baccaca,tcc-microservices-experiment-mysql-1,28.15,551550976,1073741824,51.37,41,33.3MB / 67.8MB,61.7MB / 473MB
119,2026-09-10T11:49:45.072605+00:00,239,2026-09-10T11:49:44.691463+00:00,false,microservices,order,6f0a9968490f33e07bc1d0b4a3105829d837b59f4d0aadbdefd31f53498de28f,tcc-microservices-experiment-order-1,25.19,83078676,1073741824,7.74,3,37.7MB / 24.1MB,7.94MB / 77.8kB
119,2026-09-10T11:49:45.072605+00:00,239,2026-09-10T11:49:44.691463+00:00,false,microservices,product,849f6ec3be61aa016d4eee2bd8b4b27429579c5b380eaeea9d72096e62c01ed2,tcc-microservices-experiment-product-1,31.46,85144371,1073741824,7.93,3,44.7MB / 23.1MB,9.82MB / 81.9kB
120,2026-09-10T11:49:46.072592+00:00,241,2026-09-10T11:49:45.691875+00:00,false,microservices,auth,96fc60d0f6ef3d3bd9cb668dd42341f58343dfcfa9a6c353fb4683df6c04246f,tcc-microservices-experiment-auth-1,0.02,81170268,1073741824,7.56,3,45.8kB / 40.3kB,9.33MB / 65.5kB
120,2026-09-10T11:49:46.072592+00:00,241,2026-09-10T11:49:45.691875+00:00,false,microservices,gateway,fdf2d6a59fd3df9854a6be81ecb22e01eb2f5118de83026c29b33e33d02ff0e1,tcc-microservices-experiment-gateway-1,22.16,446064230,536870912,83.09,69,6.29MB / 8.04MB,28.8MB / 291kB
120,2026-09-10T11:49:46.072592+00:00,241,2026-09-10T11:49:45.691875+00:00,false,microservices,mysql,24ac2fc3c0c26b10877c826cbef959cfb18618763fe7d6f8b81923214baccaca,tcc-microservices-experiment-mysql-1,26.0,551550976,1073741824,51.37,41,33.6MB / 68.3MB,61.7MB / 474MB
120,2026-09-10T11:49:46.072592+00:00,241,2026-09-10T11:49:45.691875+00:00,false,microservices,order,6f0a9968490f33e07bc1d0b4a3105829d837b59f4d0aadbdefd31f53498de28f,tcc-microservices-experiment-order-1,25.55,82680218,1073741824,7.7,3,38MB / 24.2MB,7.94MB / 77.8kB
120,2026-09-10T11:49:46.072592+00:00,241,2026-09-10T11:49:45.691875+00:00,false,microservices,product,849f6ec3be61aa016d4eee2bd8b4b27429579c5b380eaeea9d72096e62c01ed2,tcc-microservices-experiment-product-1,32.91,85888860,1073741824,8.0,3,45MB / 23.3MB,9.82MB / 81.9kB
