sample_index,captured_at_utc,docker_refresh_sequence,docker_refresh_captured_at_utc,docker_refresh_reused,architecture,service,container_id,container_name,cpu_percent,memory_used_bytes,memory_limit_bytes,memory_percent,pids,network_io,block_io
1,2026-09-10T04:51:26.634942+00:00,3,2026-09-10T04:51:26.261406+00:00,false,microservices,auth,a8d34afd037374e249e94fdcc51a0a0d738d9e7ec61a64eddb7c6f350894dec1,tcc-microservices-experiment-auth-1,0.02,79198945,1073741824,7.38,3,45.7kB / 40.3kB,7.05MB / 65.5kB
1,2026-09-10T04:51:26.634942+00:00,3,2026-09-10T04:51:26.261406+00:00,false,microservices,gateway,55d4f88a6e9b6ffc7b1737bc6bb11d1152a37a3fe8e71dd6f1368ff89925a8c4,tcc-microservices-experiment-gateway-1,0.19,475634074,536870912,88.6,75,20.6MB / 23MB,35MB / 184kB
1,2026-09-10T04:51:26.634942+00:00,3,2026-09-10T04:51:26.261406+00:00,false,microservices,mysql,f2f19112f207ba08545ea34a88defb78261071c2a5b9e93ad841a8980758cfdc,tcc-microservices-experiment-mysql-1,0.85,433271603,1073741824,40.35,40,11MB / 23.5MB,54.1MB / 181MB
1,2026-09-10T04:51:26.634942+00:00,3,2026-09-10T04:51:26.261406+00:00,false,microservices,order,682589e4f967cfe8187f814b289a6924f24054c6332193a4c5b7622dd97827af,tcc-microservices-experiment-order-1,0.03,74176266,1073741824,6.91,3,5.31MB / 4.14MB,2.65MB / 77.8kB
1,2026-09-10T04:51:26.634942+00:00,3,2026-09-10T04:51:26.261406+00:00,false,microservices,product,47a3b04159e790d9f9d3eb6c9ab116b6ce342fac7f839e7957228b6d79ca778b,tcc-microservices-experiment-product-1,0.03,78999716,1073741824,7.36,3,23.2MB / 24.6MB,5.46MB / 81.9kB
2,2026-09-10T04:51:27.634956+00:00,5,2026-09-10T04:51:27.261477+00:00,false,microservices,auth,a8d34afd037374e249e94fdcc51a0a0d738d9e7ec61a64eddb7c6f350894dec1,tcc-microservices-experiment-auth-1,0.02,79198945,1073741824,7.38,3,45.7kB / 40.3kB,7.05MB / 65.5kB
2,2026-09-10T04:51:27.634956+00:00,5,2026-09-10T04:51:27.261477+00:00,false,microservices,gateway,55d4f88a6e9b6ffc7b1737bc6bb11d1152a37a3fe8e71dd6f1368ff89925a8c4,tcc-microservices-experiment-gateway-1,0.12,475634074,536870912,88.6,75,20.6MB / 23MB,35MB / 184kB
2,2026-09-10T04:51:27.634956+00:00,5,2026-09-10T04:51:27.261477+00:00,false,microservices,mysql,f2f19112f207ba08545ea34a88defb78261071c2a5b9e93ad841a8980758cfdc,tcc-microservices-experiment-mysql-1,5.63,434320179,1073741824,40.45,40,11MB / 23.5MB,54.1MB / 181MB
2,2026-09-10T04:51:27.634956+00:00,5,2026-09-10T04:51:27.261477+00:00,false,microservices,order,682589e4f967cfe8187f814b289a6924f24054c6332193a4c5b7622dd97827af,tcc-microservices-experiment-order-1,0.02,74176266,1073741824,6.91,3,5.31MB / 4.14MB,2.65MB / 77.8kB
2,2026-09-10T04:51:27.634956+00:00,5,2026-09-10T04:51:27.261477+00:00,false,microservices,product,47a3b04159e790d9f9d3eb6c9ab116b6ce342fac7f839e7957228b6d79ca778b,tcc-microservices-experiment-product-1,0.02,78978744,1073741824,7.36,3,23.2MB / 24.6MB,5.46MB / 81.9kB
3,2026-09-10T04:51:28.634906+00:00,7,2026-09-10T04:51:28.261726+00:00,false,microservices,auth,a8d34afd037374e249e94fdcc51a0a0d738d9e7ec61a64eddb7c6f350894dec1,tcc-microservices-experiment-auth-1,0.03,79198945,1073741824,7.38,3,45.7kB / 40.3kB,7.05MB / 65.5kB
3,2026-09-10T04:51:28.634906+00:00,7,2026-09-10T04:51:28.261726+00:00,false,microservices,gateway,55d4f88a6e9b6ffc7b1737bc6bb11d1152a37a3fe8e71dd6f1368ff89925a8c4,tcc-microservices-experiment-gateway-1,56.13,478150656,536870912,89.06,79,20.7MB / 23.1MB,35MB / 184kB
3,2026-09-10T04:51:28.634906+00:00,7,2026-09-10T04:51:28.261726+00:00,false,microservices,mysql,f2f19112f207ba08545ea34a88defb78261071c2a5b9e93ad841a8980758cfdc,tcc-microservices-experiment-mysql-1,8.24,434005606,1073741824,40.42,40,11.1MB / 23.6MB,54.1MB / 181MB
3,2026-09-10T04:51:28.634906+00:00,7,2026-09-10T04:51:28.261726+00:00,false,microservices,order,682589e4f967cfe8187f814b289a6924f24054c6332193a4c5b7622dd97827af,tcc-microservices-experiment-order-1,0.03,74176266,1073741824,6.91,3,5.31MB / 4.14MB,2.65MB / 77.8kB
3,2026-09-10T04:51:28.634906+00:00,7,2026-09-10T04:51:28.261726+00:00,false,microservices,product,47a3b04159e790d9f9d3eb6c9ab116b6ce342fac7f839e7957228b6d79ca778b,tcc-microservices-experiment-product-1,29.09,80027320,1073741824,7.45,3,23.3MB / 24.8MB,5.46MB / 81.9kB
4,2026-09-10T04:51:29.634925+00:00,9,2026-09-10T04:51:29.262310+00:00,false,microservices,auth,a8d34afd037374e249e94fdcc51a0a0d738d9e7ec61a64eddb7c6f350894dec1,tcc-microservices-experiment-auth-1,0.02,79198945,1073741824,7.38,3,45.7kB / 40.3kB,7.05MB / 65.5kB
4,2026-09-10T04:51:29.634925+00:00,9,2026-09-10T04:51:29.262310+00:00,false,microservices,gateway,55d4f88a6e9b6ffc7b1737bc6bb11d1152a37a3fe8e71dd6f1368ff89925a8c4,tcc-microservices-experiment-gateway-1,68.49,479723520,536870912,89.36,79,21.2MB / 23.6MB,35MB / 184kB
4,2026-09-10T04:51:29.634925+00:00,9,2026-09-10T04:51:29.262310+00:00,false,microservices,mysql,f2f19112f207ba08545ea34a88defb78261071c2a5b9e93ad841a8980758cfdc,tcc-microservices-experiment-mysql-1,19.65,433691034,1073741824,40.39,40,11.2MB / 24MB,54.1MB / 181MB
4,2026-09-10T04:51:29.634925+00:00,9,2026-09-10T04:51:29.262310+00:00,false,microservices,order,682589e4f967cfe8187f814b289a6924f24054c6332193a4c5b7622dd97827af,tcc-microservices-experiment-order-1,0.02,74176266,1073741824,6.91,3,5.31MB / 4.14MB,2.65MB / 77.8kB
4,2026-09-10T04:51:29.634925+00:00,9,2026-09-10T04:51:29.262310+00:00,false,microservices,product,47a3b04159e790d9f9d3eb6c9ab116b6ce342fac7f839e7957228b6d79ca778b,tcc-microservices-experiment-product-1,53.65,80320922,1073741824,7.48,3,23.8MB / 25.3MB,5.46MB / 81.9kB
5,2026-09-10T04:51:30.634919+00:00,11,2026-09-10T04:51:30.261261+00:00,false,microservices,auth,a8d34afd037374e249e94fdcc51a0a0d738d9e7ec61a64eddb7c6f350894dec1,tcc-microservices-experiment-auth-1,0.02,79198945,1073741824,7.38,3,45.7kB / 40.3kB,7.05MB / 65.5kB
5,2026-09-10T04:51:30.634919+00:00,11,2026-09-10T04:51:30.261261+00:00,false,microservices,gateway,55d4f88a6e9b6ffc7b1737bc6bb11d1152a37a3fe8e71dd6f1368ff89925a8c4,tcc-microservices-experiment-gateway-1,96.54,479618662,536870912,89.33,79,21.9MB / 24.5MB,35MB / 184kB
5,2026-09-10T04:51:30.634919+00:00,11,2026-09-10T04:51:30.261261+00:00,false,microservices,mysql,f2f19112f207ba08545ea34a88defb78261071c2a5b9e93ad841a8980758cfdc,tcc-microservices-experiment-mysql-1,22.74,433691034,1073741824,40.39,40,11.5MB / 24.6MB,54.1MB / 181MB
5,2026-09-10T04:51:30.634919+00:00,11,2026-09-10T04:51:30.261261+00:00,false,microservices,order,682589e4f967cfe8187f814b289a6924f24054c6332193a4c5b7622dd97827af,tcc-microservices-experiment-order-1,0.02,74176266,1073741824,6.91,3,5.31MB / 4.14MB,2.65MB / 77.8kB
5,2026-09-10T04:51:30.634919+00:00,11,2026-09-10T04:51:30.261261+00:00,false,microservices,product,47a3b04159e790d9f9d3eb6c9ab116b6ce342fac7f839e7957228b6d79ca778b,tcc-microservices-experiment-product-1,85.52,80855695,1073741824,7.53,3,24.6MB / 26.1MB,5.46MB / 81.9kB
6,2026-09-10T04:51:31.634929+00:00,13,2026-09-10T04:51:31.261350+00:00,false,microservices,auth,a8d34afd037374e249e94fdcc51a0a0d738d9e7ec61a64eddb7c6f350894dec1,tcc-microservices-experiment-auth-1,0.02,79198945,1073741824,7.38,3,45.7kB / 40.3kB,7.05MB / 65.5kB
6,2026-09-10T04:51:31.634929+00:00,13,2026-09-10T04:51:31.261350+00:00,false,microservices,gateway,55d4f88a6e9b6ffc7b1737bc6bb11d1152a37a3fe8e71dd6f1368ff89925a8c4,tcc-microservices-experiment-gateway-1,70.06,479513805,536870912,89.32,79,22.6MB / 25.3MB,35MB / 184kB
6,2026-09-10T04:51:31.634929+00:00,13,2026-09-10T04:51:31.261350+00:00,false,microservices,mysql,f2f19112f207ba08545ea34a88defb78261071c2a5b9e93ad841a8980758cfdc,tcc-microservices-experiment-mysql-1,27.18,434110464,1073741824,40.43,40,11.7MB / 25.2MB,54.1MB / 181MB
6,2026-09-10T04:51:31.634929+00:00,13,2026-09-10T04:51:31.261350+00:00,false,microservices,order,682589e4f967cfe8187f814b289a6924f24054c6332193a4c5b7622dd97827af,tcc-microservices-experiment-order-1,0.02,74176266,1073741824,6.91,3,5.31MB / 4.14MB,2.65MB / 77.8kB
6,2026-09-10T04:51:31.634929+00:00,13,2026-09-10T04:51:31.261350+00:00,false,microservices,product,47a3b04159e790d9f9d3eb6c9ab116b6ce342fac7f839e7957228b6d79ca778b,tcc-microservices-experiment-product-1,83.47,80394322,1073741824,7.49,3,25.4MB / 27MB,5.46MB / 81.9kB
7,2026-09-10T04:51:32.634920+00:00,15,2026-09-10T04:51:32.261372+00:00,false,microservices,auth,a8d34afd037374e249e94fdcc51a0a0d738d9e7ec61a64eddb7c6f350894dec1,tcc-microservices-experiment-auth-1,0.02,79198945,1073741824,7.38,3,45.7kB / 40.3kB,7.05MB / 65.5kB
7,2026-09-10T04:51:32.634920+00:00,15,2026-09-10T04:51:32.261372+00:00,false,microservices,gateway,55d4f88a6e9b6ffc7b1737bc6bb11d1152a37a3fe8e71dd6f1368ff89925a8c4,tcc-microservices-experiment-gateway-1,45.16,479513805,536870912,89.32,79,23.3MB / 26.1MB,35MB / 197kB
7,2026-09-10T04:51:32.634920+00:00,15,2026-09-10T04:51:32.261372+00:00,false,microservices,mysql,f2f19112f207ba08545ea34a88defb78261071c2a5b9e93ad841a8980758cfdc,tcc-microservices-experiment-mysql-1,23.81,433795891,1073741824,40.4,40,11.9MB / 25.8MB,54.1MB / 181MB
7,2026-09-10T04:51:32.634920+00:00,15,2026-09-10T04:51:32.261372+00:00,false,microservices,order,682589e4f967cfe8187f814b289a6924f24054c6332193a4c5b7622dd97827af,tcc-microservices-experiment-order-1,0.02,74176266,1073741824,6.91,3,5.31MB / 4.14MB,2.65MB / 77.8kB
7,2026-09-10T04:51:32.634920+00:00,15,2026-09-10T04:51:32.261372+00:00,false,microservices,product,47a3b04159e790d9f9d3eb6c9ab116b6ce342fac7f839e7957228b6d79ca778b,tcc-microservices-experiment-product-1,82.69,80950067,1073741824,7.54,3,26.2MB / 27.8MB,5.46MB / 81.9kB
8,2026-09-10T04:51:33.634905+00:00,17,2026-09-10T04:51:33.262244+00:00,false,microservices,auth,a8d34afd037374e249e94fdcc51a0a0d738d9e7ec61a64eddb7c6f350894dec1,tcc-microservices-experiment-auth-1,0.02,79198945,1073741824,7.38,3,45.7kB / 40.3kB,7.05MB / 65.5kB
8,2026-09-10T04:51:33.634905+00:00,17,2026-09-10T04:51:33.262244+00:00,false,microservices,gateway,55d4f88a6e9b6ffc7b1737bc6bb11d1152a37a3fe8e71dd6f1368ff89925a8c4,tcc-microservices-experiment-gateway-1,41.42,479723520,536870912,89.35,79,24MB / 26.8MB,35MB / 197kB
8,2026-09-10T04:51:33.634905+00:00,17,2026-09-10T04:51:33.262244+00:00,false,microservices,mysql,f2f19112f207ba08545ea34a88defb78261071c2a5b9e93ad841a8980758cfdc,tcc-microservices-experiment-mysql-1,27.93,433795891,1073741824,40.4,40,12.1MB / 26.4MB,54.1MB / 181MB
8,2026-09-10T04:51:33.634905+00:00,17,2026-09-10T04:51:33.262244+00:00,false,microservices,order,682589e4f967cfe8187f814b289a6924f24054c6332193a4c5b7622dd97827af,tcc-microservices-experiment-order-1,0.02,74176266,1073741824,6.91,3,5.31MB / 4.14MB,2.65MB / 77.8kB
8,2026-09-10T04:51:33.634905+00:00,17,2026-09-10T04:51:33.262244+00:00,false,microservices,product,47a3b04159e790d9f9d3eb6c9ab116b6ce342fac7f839e7957228b6d79ca778b,tcc-microservices-experiment-product-1,83.04,80803267,1073741824,7.53,3,27MB / 28.7MB,5.46MB / 81.9kB
9,2026-09-10T04:51:34.634937+00:00,19,2026-09-10T04:51:34.261826+00:00,false,microservices,auth,a8d34afd037374e249e94fdcc51a0a0d738d9e7ec61a64eddb7c6f350894dec1,tcc-microservices-experiment-auth-1,0.02,79198945,1073741824,7.38,3,45.7kB / 40.3kB,7.05MB / 65.5kB
9,2026-09-10T04:51:34.634937+00:00,19,2026-09-10T04:51:34.261826+00:00,false,microservices,gateway,55d4f88a6e9b6ffc7b1737bc6bb11d1152a37a3fe8e71dd6f1368ff89925a8c4,tcc-microservices-experiment-gateway-1,93.91,479513805,536870912,89.31,79,24.8MB / 27.7MB,35MB / 197kB
9,2026-09-10T04:51:34.634937+00:00,19,2026-09-10T04:51:34.261826+00:00,false,microservices,mysql,f2f19112f207ba08545ea34a88defb78261071c2a5b9e93ad841a8980758cfdc,tcc-microservices-experiment-mysql-1,23.51,433691034,1073741824,40.39,40,12.4MB / 27.1MB,54.1MB / 181MB
9,2026-09-10T04:51:34.634937+00:00,19,2026-09-10T04:51:34.261826+00:00,false,microservices,order,682589e4f967cfe8187f814b289a6924f24054c6332193a4c5b7622dd97827af,tcc-microservices-experiment-order-1,0.02,74176266,1073741824,6.91,3,5.31MB / 4.14MB,2.65MB / 77.8kB
9,2026-09-10T04:51:34.634937+00:00,19,2026-09-10T04:51:34.261826+00:00,false,microservices,product,47a3b04159e790d9f9d3eb6c9ab116b6ce342fac7f839e7957228b6d79ca778b,tcc-microservices-experiment-product-1,83.64,81348526,1073741824,7.58,3,27.8MB / 29.5MB,5.46MB / 81.9kB
10,2026-09-10T04:51:35.634932+00:00,21,2026-09-10T04:51:35.260296+00:00,false,microservices,auth,a8d34afd037374e249e94fdcc51a0a0d738d9e7ec61a64eddb7c6f350894dec1,tcc-microservices-experiment-auth-1,0.03,79198945,1073741824,7.38,3,45.7kB / 40.3kB,7.05MB / 65.5kB
10,2026-09-10T04:51:35.634932+00:00,21,2026-09-10T04:51:35.260296+00:00,false,microservices,gateway,55d4f88a6e9b6ffc7b1737bc6bb11d1152a37a3fe8e71dd6f1368ff89925a8c4,tcc-microservices-experiment-gateway-1,52.44,480038093,536870912,89.42,79,25.5MB / 28.5MB,35MB / 197kB
10,2026-09-10T04:51:35.634932+00:00,21,2026-09-10T04:51:35.260296+00:00,false,microservices,mysql,f2f19112f207ba08545ea34a88defb78261071c2a5b9e93ad841a8980758cfdc,tcc-microservices-experiment-mysql-1,27.81,434215322,1073741824,40.44,40,12.6MB / 27.7MB,54.1MB / 181MB
10,2026-09-10T04:51:35.634932+00:00,21,2026-09-10T04:51:35.260296+00:00,false,microservices,order,682589e4f967cfe8187f814b289a6924f24054c6332193a4c5b7622dd97827af,tcc-microservices-experiment-order-1,0.02,74176266,1073741824,6.91,3,5.31MB / 4.14MB,2.65MB / 77.8kB
10,2026-09-10T04:51:35.634932+00:00,21,2026-09-10T04:51:35.260296+00:00,false,microservices,product,47a3b04159e790d9f9d3eb6c9ab116b6ce342fac7f839e7957228b6d79ca778b,tcc-microservices-experiment-product-1,82.79,80404808,1073741824,7.49,3,28.6MB / 30.4MB,5.46MB / 81.9kB
11,2026-09-10T04:51:36.634902+00:00,23,2026-09-10T04:51:36.261606+00:00,false,microservices,auth,a8d34afd037374e249e94fdcc51a0a0d738d9e7ec61a64eddb7c6f350894dec1,tcc-microservices-experiment-auth-1,0.02,79198945,1073741824,7.38,3,45.7kB / 40.3kB,7.05MB / 65.5kB
11,2026-09-10T04:51:36.634902+00:00,23,2026-09-10T04:51:36.261606+00:00,false,microservices,gateway,55d4f88a6e9b6ffc7b1737bc6bb11d1152a37a3fe8e71dd6f1368ff89925a8c4,tcc-microservices-experiment-gateway-1,38.93,479723520,536870912,89.36,79,26.2MB / 29.3MB,35MB / 197kB
11,2026-09-10T04:51:36.634902+00:00,23,2026-09-10T04:51:36.261606+00:00,false,microservices,mysql,f2f19112f207ba08545ea34a88defb78261071c2a5b9e93ad841a8980758cfdc,tcc-microservices-experiment-mysql-1,23.69,434005606,1073741824,40.42,40,12.8MB / 28.4MB,54.1MB / 181MB
11,2026-09-10T04:51:36.634902+00:00,23,2026-09-10T04:51:36.261606+00:00,false,microservices,order,682589e4f967cfe8187f814b289a6924f24054c6332193a4c5b7622dd97827af,tcc-microservices-experiment-order-1,0.02,74176266,1073741824,6.91,3,5.31MB / 4.14MB,2.65MB / 77.8kB
11,2026-09-10T04:51:36.634902+00:00,23,2026-09-10T04:51:36.261606+00:00,false,microservices,product,47a3b04159e790d9f9d3eb6c9ab116b6ce342fac7f839e7957228b6d79ca778b,tcc-microservices-experiment-product-1,82.56,80687923,1073741824,7.51,3,29.5MB / 31.3MB,5.46MB / 81.9kB
12,2026-09-10T04:51:37.634915+00:00,25,2026-09-10T04:51:37.260373+00:00,false,microservices,auth,a8d34afd037374e249e94fdcc51a0a0d738d9e7ec61a64eddb7c6f350894dec1,tcc-microservices-experiment-auth-1,0.02,79198945,1073741824,7.38,3,45.7kB / 40.3kB,7.05MB / 65.5kB
12,2026-09-10T04:51:37.634915+00:00,25,2026-09-10T04:51:37.260373+00:00,false,microservices,gateway,55d4f88a6e9b6ffc7b1737bc6bb11d1152a37a3fe8e71dd6f1368ff89925a8c4,tcc-microservices-experiment-gateway-1,65.11,480562381,536870912,89.51,79,27MB / 30.1MB,35MB / 197kB
12,2026-09-10T04:51:37.634915+00:00,25,2026-09-10T04:51:37.260373+00:00,false,microservices,mysql,f2f19112f207ba08545ea34a88defb78261071c2a5b9e93ad841a8980758cfdc,tcc-microservices-experiment-mysql-1,27.53,433795891,1073741824,40.4,40,13.1MB / 29MB,54.1MB / 181MB
12,2026-09-10T04:51:37.634915+00:00,25,2026-09-10T04:51:37.260373+00:00,false,microservices,order,682589e4f967cfe8187f814b289a6924f24054c6332193a4c5b7622dd97827af,tcc-microservices-experiment-order-1,0.02,74176266,1073741824,6.91,3,5.31MB / 4.14MB,2.65MB / 77.8kB
12,2026-09-10T04:51:37.634915+00:00,25,2026-09-10T04:51:37.260373+00:00,false,microservices,product,47a3b04159e790d9f9d3eb6c9ab116b6ce342fac7f839e7957228b6d79ca778b,tcc-microservices-experiment-product-1,83.67,80226550,1073741824,7.47,3,30.3MB / 32.1MB,5.46MB / 81.9kB
13,2026-09-10T04:51:38.634901+00:00,27,2026-09-10T04:51:38.261757+00:00,false,microservices,auth,a8d34afd037374e249e94fdcc51a0a0d738d9e7ec61a64eddb7c6f350894dec1,tcc-microservices-experiment-auth-1,0.02,79198945,1073741824,7.38,3,45.7kB / 40.3kB,7.05MB / 65.5kB
13,2026-09-10T04:51:38.634901+00:00,27,2026-09-10T04:51:38.261757+00:00,false,microservices,gateway,55d4f88a6e9b6ffc7b1737bc6bb11d1152a37a3fe8e71dd6f1368ff89925a8c4,tcc-microservices-experiment-gateway-1,39.24,480247808,536870912,89.45,79,27.7MB / 31MB,35MB / 197kB
13,2026-09-10T04:51:38.634901+00:00,27,2026-09-10T04:51:38.261757+00:00,false,microservices,mysql,f2f19112f207ba08545ea34a88defb78261071c2a5b9e93ad841a8980758cfdc,tcc-microservices-experiment-mysql-1,24.24,434005606,1073741824,40.42,40,13.3MB / 29.6MB,54.1MB / 181MB
13,2026-09-10T04:51:38.634901+00:00,27,2026-09-10T04:51:38.261757+00:00,false,microservices,order,682589e4f967cfe8187f814b289a6924f24054c6332193a4c5b7622dd97827af,tcc-microservices-experiment-order-1,0.02,74176266,1073741824,6.91,3,5.31MB / 4.14MB,2.65MB / 77.8kB
13,2026-09-10T04:51:38.634901+00:00,27,2026-09-10T04:51:38.261757+00:00,false,microservices,product,47a3b04159e790d9f9d3eb6c9ab116b6ce342fac7f839e7957228b6d79ca778b,tcc-microservices-experiment-product-1,82.52,81379983,1073741824,7.58,3,31.1MB / 33MB,5.46MB / 81.9kB
14,2026-09-10T04:51:39.634913+00:00,29,2026-09-10T04:51:39.261392+00:00,false,microservices,auth,a8d34afd037374e249e94fdcc51a0a0d738d9e7ec61a64eddb7c6f350894dec1,tcc-microservices-experiment-auth-1,0.02,79198945,1073741824,7.38,3,45.7kB / 40.3kB,7.05MB / 65.5kB
14,2026-09-10T04:51:39.634913+00:00,29,2026-09-10T04:51:39.261392+00:00,false,microservices,gateway,55d4f88a6e9b6ffc7b1737bc6bb11d1152a37a3fe8e71dd6f1368ff89925a8c4,tcc-microservices-experiment-gateway-1,38.6,479723520,536870912,89.35,79,28.4MB / 31.8MB,35MB / 197kB
14,2026-09-10T04:51:39.634913+00:00,29,2026-09-10T04:51:39.261392+00:00,false,microservices,mysql,f2f19112f207ba08545ea34a88defb78261071c2a5b9e93ad841a8980758cfdc,tcc-microservices-experiment-mysql-1,28.67,435054182,1073741824,40.51,40,13.5MB / 30.2MB,54.1MB / 181MB
14,2026-09-10T04:51:39.634913+00:00,29,2026-09-10T04:51:39.261392+00:00,false,microservices,order,682589e4f967cfe8187f814b289a6924f24054c6332193a4c5b7622dd97827af,tcc-microservices-experiment-order-1,0.02,74176266,1073741824,6.91,3,5.31MB / 4.14MB,2.65MB / 77.8kB
14,2026-09-10T04:51:39.634913+00:00,29,2026-09-10T04:51:39.261392+00:00,false,microservices,product,47a3b04159e790d9f9d3eb6c9ab116b6ce342fac7f839e7957228b6d79ca778b,tcc-microservices-experiment-product-1,82.7,80645980,1073741824,7.51,3,31.9MB / 33.9MB,5.46MB / 81.9kB
15,2026-09-10T04:51:40.634913+00:00,31,2026-09-10T04:51:40.260365+00:00,false,microservices,auth,a8d34afd037374e249e94fdcc51a0a0d738d9e7ec61a64eddb7c6f350894dec1,tcc-microservices-experiment-auth-1,0.01,79198945,1073741824,7.38,3,45.7kB / 40.3kB,7.05MB / 65.5kB
15,2026-09-10T04:51:40.634913+00:00,31,2026-09-10T04:51:40.260365+00:00,false,microservices,gateway,55d4f88a6e9b6ffc7b1737bc6bb11d1152a37a3fe8e71dd6f1368ff89925a8c4,tcc-microservices-experiment-gateway-1,42.87,480457523,536870912,89.5,79,29.2MB / 32.6MB,35MB / 197kB
15,2026-09-10T04:51:40.634913+00:00,31,2026-09-10T04:51:40.260365+00:00,false,microservices,mysql,f2f19112f207ba08545ea34a88defb78261071c2a5b9e93ad841a8980758cfdc,tcc-microservices-experiment-mysql-1,23.96,434844467,1073741824,40.5,40,13.8MB / 30.9MB,54.1MB / 181MB
15,2026-09-10T04:51:40.634913+00:00,31,2026-09-10T04:51:40.260365+00:00,false,microservices,order,682589e4f967cfe8187f814b289a6924f24054c6332193a4c5b7622dd97827af,tcc-microservices-experiment-order-1,0.02,74176266,1073741824,6.91,3,5.31MB / 4.14MB,2.65MB / 77.8kB
15,2026-09-10T04:51:40.634913+00:00,31,2026-09-10T04:51:40.260365+00:00,false,microservices,product,47a3b04159e790d9f9d3eb6c9ab116b6ce342fac7f839e7957228b6d79ca778b,tcc-microservices-experiment-product-1,82.53,81935729,1073741824,7.63,3,32.7MB / 34.7MB,5.46MB / 81.9kB
16,2026-09-10T04:51:41.634912+00:00,33,2026-09-10T04:51:41.261291+00:00,false,microservices,auth,a8d34afd037374e249e94fdcc51a0a0d738d9e7ec61a64eddb7c6f350894dec1,tcc-microservices-experiment-auth-1,0.03,79198945,1073741824,7.38,3,45.7kB / 40.3kB,7.05MB / 65.5kB
16,2026-09-10T04:51:41.634912+00:00,33,2026-09-10T04:51:41.261291+00:00,false,microservices,gateway,55d4f88a6e9b6ffc7b1737bc6bb11d1152a37a3fe8e71dd6f1368ff89925a8c4,tcc-microservices-experiment-gateway-1,64.76,480667238,536870912,89.53,79,29.9MB / 33.4MB,35MB / 197kB
16,2026-09-10T04:51:41.634912+00:00,33,2026-09-10T04:51:41.261291+00:00,false,microservices,mysql,f2f19112f207ba08545ea34a88defb78261071c2a5b9e93ad841a8980758cfdc,tcc-microservices-experiment-mysql-1,28.63,434529894,1073741824,40.47,40,14MB / 31.5MB,54.1MB / 181MB
16,2026-09-10T04:51:41.634912+00:00,33,2026-09-10T04:51:41.261291+00:00,false,microservices,order,682589e4f967cfe8187f814b289a6924f24054c6332193a4c5b7622dd97827af,tcc-microservices-experiment-order-1,0.02,74176266,1073741824,6.91,3,5.31MB / 4.14MB,2.65MB / 77.8kB
16,2026-09-10T04:51:41.634912+00:00,33,2026-09-10T04:51:41.261291+00:00,false,microservices,product,47a3b04159e790d9f9d3eb6c9ab116b6ce342fac7f839e7957228b6d79ca778b,tcc-microservices-experiment-product-1,82.13,81379983,1073741824,7.58,3,33.5MB / 35.6MB,5.46MB / 81.9kB
17,2026-09-10T04:51:42.634907+00:00,35,2026-09-10T04:51:42.261240+00:00,false,microservices,auth,a8d34afd037374e249e94fdcc51a0a0d738d9e7ec61a64eddb7c6f350894dec1,tcc-microservices-experiment-auth-1,0.02,79198945,1073741824,7.38,3,45.7kB / 40.3kB,7.05MB / 65.5kB
17,2026-09-10T04:51:42.634907+00:00,35,2026-09-10T04:51:42.261240+00:00,false,microservices,gateway,55d4f88a6e9b6ffc7b1737bc6bb11d1152a37a3fe8e71dd6f1368ff89925a8c4,tcc-microservices-experiment-gateway-1,72.53,480352666,536870912,89.47,79,30.6MB / 34.2MB,35MB / 197kB
17,2026-09-10T04:51:42.634907+00:00,35,2026-09-10T04:51:42.261240+00:00,false,microservices,mysql,f2f19112f207ba08545ea34a88defb78261071c2a5b9e93ad841a8980758cfdc,tcc-microservices-experiment-mysql-1,24.73,433271603,1073741824,40.35,40,14.2MB / 32.1MB,54.2MB / 181MB
17,2026-09-10T04:51:42.634907+00:00,35,2026-09-10T04:51:42.261240+00:00,false,microservices,order,682589e4f967cfe8187f814b289a6924f24054c6332193a4c5b7622dd97827af,tcc-microservices-experiment-order-1,0.02,74176266,1073741824,6.91,3,5.31MB / 4.14MB,2.65MB / 77.8kB
17,2026-09-10T04:51:42.634907+00:00,35,2026-09-10T04:51:42.261240+00:00,false,microservices,product,47a3b04159e790d9f9d3eb6c9ab116b6ce342fac7f839e7957228b6d79ca778b,tcc-microservices-experiment-product-1,81.84,81117839,1073741824,7.55,3,34.3MB / 36.5MB,5.46MB / 81.9kB
18,2026-09-10T04:51:43.634907+00:00,37,2026-09-10T04:51:43.260316+00:00,false,microservices,auth,a8d34afd037374e249e94fdcc51a0a0d738d9e7ec61a64eddb7c6f350894dec1,tcc-microservices-experiment-auth-1,0.02,79198945,1073741824,7.38,3,45.7kB / 40.3kB,7.05MB / 65.5kB
18,2026-09-10T04:51:43.634907+00:00,37,2026-09-10T04:51:43.260316+00:00,false,microservices,gateway,55d4f88a6e9b6ffc7b1737bc6bb11d1152a37a3fe8e71dd6f1368ff89925a8c4,tcc-microservices-experiment-gateway-1,58.32,480038093,536870912,89.41,79,31.4MB / 35.1MB,35MB / 197kB
18,2026-09-10T04:51:43.634907+00:00,37,2026-09-10T04:51:43.260316+00:00,false,microservices,mysql,f2f19112f207ba08545ea34a88defb78261071c2a5b9e93ad841a8980758cfdc,tcc-microservices-experiment-mysql-1,28.5,433795891,1073741824,40.4,40,14.5MB / 32.8MB,54.2MB / 181MB
18,2026-09-10T04:51:43.634907+00:00,37,2026-09-10T04:51:43.260316+00:00,false,microservices,order,682589e4f967cfe8187f814b289a6924f24054c6332193a4c5b7622dd97827af,tcc-microservices-experiment-order-1,0.02,74176266,1073741824,6.91,3,5.31MB / 4.14MB,2.65MB / 77.8kB
18,2026-09-10T04:51:43.634907+00:00,37,2026-09-10T04:51:43.260316+00:00,false,microservices,product,47a3b04159e790d9f9d3eb6c9ab116b6ce342fac7f839e7957228b6d79ca778b,tcc-microservices-experiment-product-1,82.18,80855695,1073741824,7.53,3,35.1MB / 37.3MB,5.46MB / 81.9kB
19,2026-09-10T04:51:44.634901+00:00,39,2026-09-10T04:51:44.260972+00:00,false,microservices,auth,a8d34afd037374e249e94fdcc51a0a0d738d9e7ec61a64eddb7c6f350894dec1,tcc-microservices-experiment-auth-1,0.02,79198945,1073741824,7.38,3,45.7kB / 40.3kB,7.05MB / 65.5kB
19,2026-09-10T04:51:44.634901+00:00,39,2026-09-10T04:51:44.260972+00:00,false,microservices,gateway,55d4f88a6e9b6ffc7b1737bc6bb11d1152a37a3fe8e71dd6f1368ff89925a8c4,tcc-microservices-experiment-gateway-1,76.61,482869248,536870912,89.94,79,32.1MB / 35.9MB,35MB / 197kB
19,2026-09-10T04:51:44.634901+00:00,39,2026-09-10T04:51:44.260972+00:00,false,microservices,mysql,f2f19112f207ba08545ea34a88defb78261071c2a5b9e93ad841a8980758cfdc,tcc-microservices-experiment-mysql-1,24.86,433586176,1073741824,40.38,40,14.7MB / 33.4MB,54.2MB / 181MB
19,2026-09-10T04:51:44.634901+00:00,39,2026-09-10T04:51:44.260972+00:00,false,microservices,order,682589e4f967cfe8187f814b289a6924f24054c6332193a4c5b7622dd97827af,tcc-microservices-experiment-order-1,0.02,74176266,1073741824,6.91,3,5.31MB / 4.14MB,2.65MB / 77.8kB
19,2026-09-10T04:51:44.634901+00:00,39,2026-09-10T04:51:44.260972+00:00,false,microservices,product,47a3b04159e790d9f9d3eb6c9ab116b6ce342fac7f839e7957228b6d79ca778b,tcc-microservices-experiment-product-1,81.81,81379983,1073741824,7.58,3,35.9MB / 38.2MB,5.46MB / 81.9kB
20,2026-09-10T04:51:45.634922+00:00,41,2026-09-10T04:51:45.260555+00:00,false,microservices,auth,a8d34afd037374e249e94fdcc51a0a0d738d9e7ec61a64eddb7c6f350894dec1,tcc-microservices-experiment-auth-1,0.02,79198945,1073741824,7.38,3,45.7kB / 40.3kB,7.05MB / 65.5kB
20,2026-09-10T04:51:45.634922+00:00,41,2026-09-10T04:51:45.260555+00:00,false,microservices,gateway,55d4f88a6e9b6ffc7b1737bc6bb11d1152a37a3fe8e71dd6f1368ff89925a8c4,tcc-microservices-experiment-gateway-1,52.01,476892365,536870912,88.83,79,32.8MB / 36.7MB,35MB / 197kB
20,2026-09-10T04:51:45.634922+00:00,41,2026-09-10T04:51:45.260555+00:00,false,microservices,mysql,f2f19112f207ba08545ea34a88defb78261071c2a5b9e93ad841a8980758cfdc,tcc-microservices-experiment-mysql-1,28.93,434739610,1073741824,40.49,40,15MB / 34MB,54.2MB / 181MB
20,2026-09-10T04:51:45.634922+00:00,41,2026-09-10T04:51:45.260555+00:00,false,microservices,order,682589e4f967cfe8187f814b289a6924f24054c6332193a4c5b7622dd97827af,tcc-microservices-experiment-order-1,0.02,74176266,1073741824,6.91,3,5.31MB / 4.14MB,2.65MB / 77.8kB
20,2026-09-10T04:51:45.634922+00:00,41,2026-09-10T04:51:45.260555+00:00,false,microservices,product,47a3b04159e790d9f9d3eb6c9ab116b6ce342fac7f839e7957228b6d79ca778b,tcc-microservices-experiment-product-1,81.48,80981524,1073741824,7.54,3,36.8MB / 39.1MB,5.46MB / 81.9kB
21,2026-09-10T04:51:46.634906+00:00,43,2026-09-10T04:51:46.260428+00:00,false,microservices,auth,a8d34afd037374e249e94fdcc51a0a0d738d9e7ec61a64eddb7c6f350894dec1,tcc-microservices-experiment-auth-1,0.02,79198945,1073741824,7.38,3,45.7kB / 40.3kB,7.05MB / 65.5kB
21,2026-09-10T04:51:46.634906+00:00,43,2026-09-10T04:51:46.260428+00:00,false,microservices,gateway,55d4f88a6e9b6ffc7b1737bc6bb11d1152a37a3fe8e71dd6f1368ff89925a8c4,tcc-microservices-experiment-gateway-1,35.45,477521510,536870912,88.95,79,33.6MB / 37.5MB,35MB / 197kB
21,2026-09-10T04:51:46.634906+00:00,43,2026-09-10T04:51:46.260428+00:00,false,microservices,mysql,f2f19112f207ba08545ea34a88defb78261071c2a5b9e93ad841a8980758cfdc,tcc-microservices-experiment-mysql-1,24.74,434005606,1073741824,40.42,40,15.2MB / 34.7MB,54.2MB / 181MB
21,2026-09-10T04:51:46.634906+00:00,43,2026-09-10T04:51:46.260428+00:00,false,microservices,order,682589e4f967cfe8187f814b289a6924f24054c6332193a4c5b7622dd97827af,tcc-microservices-experiment-order-1,0.02,74176266,1073741824,6.91,3,5.31MB / 4.14MB,2.65MB / 77.8kB
21,2026-09-10T04:51:46.634906+00:00,43,2026-09-10T04:51:46.260428+00:00,false,microservices,product,47a3b04159e790d9f9d3eb6c9ab116b6ce342fac7f839e7957228b6d79ca778b,tcc-microservices-experiment-product-1,82.14,81495327,1073741824,7.59,3,37.6MB / 40MB,5.46MB / 81.9kB
22,2026-09-10T04:51:47.634937+00:00,45,2026-09-10T04:51:47.260291+00:00,false,microservices,auth,a8d34afd037374e249e94fdcc51a0a0d738d9e7ec61a64eddb7c6f350894dec1,tcc-microservices-experiment-auth-1,0.02,79198945,1073741824,7.38,3,45.7kB / 40.3kB,7.05MB / 65.5kB
22,2026-09-10T04:51:47.634937+00:00,45,2026-09-10T04:51:47.260291+00:00,false,microservices,gateway,55d4f88a6e9b6ffc7b1737bc6bb11d1152a37a3fe8e71dd6f1368ff89925a8c4,tcc-microservices-experiment-gateway-1,52.51,477626368,536870912,88.96,79,34.3MB / 38.4MB,35MB / 213kB
22,2026-09-10T04:51:47.634937+00:00,45,2026-09-10T04:51:47.260291+00:00,false,microservices,mysql,f2f19112f207ba08545ea34a88defb78261071c2a5b9e93ad841a8980758cfdc,tcc-microservices-experiment-mysql-1,28.78,434529894,1073741824,40.47,40,15.4MB / 35.3MB,54.2MB / 181MB
22,2026-09-10T04:51:47.634937+00:00,45,2026-09-10T04:51:47.260291+00:00,false,microservices,order,682589e4f967cfe8187f814b289a6924f24054c6332193a4c5b7622dd97827af,tcc-microservices-experiment-order-1,0.02,74176266,1073741824,6.91,3,5.31MB / 4.14MB,2.65MB / 77.8kB
22,2026-09-10T04:51:47.634937+00:00,45,2026-09-10T04:51:47.260291+00:00,false,microservices,product,47a3b04159e790d9f9d3eb6c9ab116b6ce342fac7f839e7957228b6d79ca778b,tcc-microservices-experiment-product-1,81.36,81484841,1073741824,7.59,3,38.4MB / 40.8MB,5.46MB / 81.9kB
23,2026-09-10T04:51:48.634908+00:00,47,2026-09-10T04:51:48.260481+00:00,false,microservices,auth,a8d34afd037374e249e94fdcc51a0a0d738d9e7ec61a64eddb7c6f350894dec1,tcc-microservices-experiment-auth-1,0.02,79198945,1073741824,7.38,3,45.7kB / 40.3kB,7.05MB / 65.5kB
23,2026-09-10T04:51:48.634908+00:00,47,2026-09-10T04:51:48.260481+00:00,false,microservices,gateway,55d4f88a6e9b6ffc7b1737bc6bb11d1152a37a3fe8e71dd6f1368ff89925a8c4,tcc-microservices-experiment-gateway-1,56.49,477940941,536870912,89.02,79,35.1MB / 39.2MB,35MB / 213kB
23,2026-09-10T04:51:48.634908+00:00,47,2026-09-10T04:51:48.260481+00:00,false,microservices,mysql,f2f19112f207ba08545ea34a88defb78261071c2a5b9e93ad841a8980758cfdc,tcc-microservices-experiment-mysql-1,24.21,433376461,1073741824,40.36,40,15.7MB / 36MB,54.2MB / 181MB
23,2026-09-10T04:51:48.634908+00:00,47,2026-09-10T04:51:48.260481+00:00,false,microservices,order,682589e4f967cfe8187f814b289a6924f24054c6332193a4c5b7622dd97827af,tcc-microservices-experiment-order-1,0.02,74176266,1073741824,6.91,3,5.31MB / 4.14MB,2.65MB / 77.8kB
23,2026-09-10T04:51:48.634908+00:00,47,2026-09-10T04:51:48.260481+00:00,false,microservices,product,47a3b04159e790d9f9d3eb6c9ab116b6ce342fac7f839e7957228b6d79ca778b,tcc-microservices-experiment-product-1,82.35,81002496,1073741824,7.54,3,39.3MB / 41.8MB,5.46MB / 81.9kB
24,2026-09-10T04:51:49.634905+00:00,49,2026-09-10T04:51:49.261400+00:00,false,microservices,auth,a8d34afd037374e249e94fdcc51a0a0d738d9e7ec61a64eddb7c6f350894dec1,tcc-microservices-experiment-auth-1,0.02,79198945,1073741824,7.38,3,45.7kB / 40.3kB,7.05MB / 65.5kB
24,2026-09-10T04:51:49.634905+00:00,49,2026-09-10T04:51:49.261400+00:00,false,microservices,gateway,55d4f88a6e9b6ffc7b1737bc6bb11d1152a37a3fe8e71dd6f1368ff89925a8c4,tcc-microservices-experiment-gateway-1,47.66,476997222,536870912,88.85,79,35.8MB / 40.1MB,35MB / 213kB
24,2026-09-10T04:51:49.634905+00:00,49,2026-09-10T04:51:49.261400+00:00,false,microservices,mysql,f2f19112f207ba08545ea34a88defb78261071c2a5b9e93ad841a8980758cfdc,tcc-microservices-experiment-mysql-1,26.53,437151334,1073741824,40.72,41,15.9MB / 36.7MB,54.2MB / 181MB
24,2026-09-10T04:51:49.634905+00:00,49,2026-09-10T04:51:49.261400+00:00,false,microservices,order,682589e4f967cfe8187f814b289a6924f24054c6332193a4c5b7622dd97827af,tcc-microservices-experiment-order-1,0.02,74176266,1073741824,6.91,3,5.31MB / 4.14MB,2.65MB / 77.8kB
24,2026-09-10T04:51:49.634905+00:00,49,2026-09-10T04:51:49.261400+00:00,false,microservices,product,47a3b04159e790d9f9d3eb6c9ab116b6ce342fac7f839e7957228b6d79ca778b,tcc-microservices-experiment-product-1,83.62,81705042,1073741824,7.61,3,40.1MB / 42.7MB,5.46MB / 81.9kB
25,2026-09-10T04:51:50.634928+00:00,51,2026-09-10T04:51:50.260502+00:00,false,microservices,auth,a8d34afd037374e249e94fdcc51a0a0d738d9e7ec61a64eddb7c6f350894dec1,tcc-microservices-experiment-auth-1,0.02,79198945,1073741824,7.38,3,45.7kB / 40.3kB,7.05MB / 65.5kB
25,2026-09-10T04:51:50.634928+00:00,51,2026-09-10T04:51:50.260502+00:00,false,microservices,gateway,55d4f88a6e9b6ffc7b1737bc6bb11d1152a37a3fe8e71dd6f1368ff89925a8c4,tcc-microservices-experiment-gateway-1,68.05,477836083,536870912,89.01,79,36.6MB / 40.9MB,35MB / 213kB
25,2026-09-10T04:51:50.634928+00:00,51,2026-09-10T04:51:50.260502+00:00,false,microservices,mysql,f2f19112f207ba08545ea34a88defb78261071c2a5b9e93ad841a8980758cfdc,tcc-microservices-experiment-mysql-1,26.12,433900749,1073741824,40.41,40,16.2MB / 37.3MB,54.2MB / 181MB
25,2026-09-10T04:51:50.634928+00:00,51,2026-09-10T04:51:50.260502+00:00,false,microservices,order,682589e4f967cfe8187f814b289a6924f24054c6332193a4c5b7622dd97827af,tcc-microservices-experiment-order-1,0.02,74176266,1073741824,6.91,3,5.31MB / 4.14MB,2.65MB / 77.8kB
25,2026-09-10T04:51:50.634928+00:00,51,2026-09-10T04:51:50.260502+00:00,false,microservices,product,47a3b04159e790d9f9d3eb6c9ab116b6ce342fac7f839e7957228b6d79ca778b,tcc-microservices-experiment-product-1,81.07,81652613,1073741824,7.6,3,40.9MB / 43.5MB,5.46MB / 81.9kB
26,2026-09-10T04:51:51.634903+00:00,53,2026-09-10T04:51:51.260388+00:00,false,microservices,auth,a8d34afd037374e249e94fdcc51a0a0d738d9e7ec61a64eddb7c6f350894dec1,tcc-microservices-experiment-auth-1,0.02,79198945,1073741824,7.38,3,45.7kB / 40.3kB,7.05MB / 65.5kB
26,2026-09-10T04:51:51.634903+00:00,53,2026-09-10T04:51:51.260388+00:00,false,microservices,gateway,55d4f88a6e9b6ffc7b1737bc6bb11d1152a37a3fe8e71dd6f1368ff89925a8c4,tcc-microservices-experiment-gateway-1,59.79,477836083,536870912,89.0,79,37.3MB / 41.7MB,35MB / 213kB
26,2026-09-10T04:51:51.634903+00:00,53,2026-09-10T04:51:51.260388+00:00,false,microservices,mysql,f2f19112f207ba08545ea34a88defb78261071c2a5b9e93ad841a8980758cfdc,tcc-microservices-experiment-mysql-1,24.89,433691034,1073741824,40.39,40,16.4MB / 37.9MB,54.2MB / 181MB
26,2026-09-10T04:51:51.634903+00:00,53,2026-09-10T04:51:51.260388+00:00,false,microservices,order,682589e4f967cfe8187f814b289a6924f24054c6332193a4c5b7622dd97827af,tcc-microservices-experiment-order-1,0.02,74176266,1073741824,6.91,3,5.31MB / 4.14MB,2.65MB / 77.8kB
26,2026-09-10T04:51:51.634903+00:00,53,2026-09-10T04:51:51.260388+00:00,false,microservices,product,47a3b04159e790d9f9d3eb6c9ab116b6ce342fac7f839e7957228b6d79ca778b,tcc-microservices-experiment-product-1,80.77,82239816,1073741824,7.66,3,41.7MB / 44.4MB,5.46MB / 81.9kB
27,2026-09-10T04:51:52.634906+00:00,55,2026-09-10T04:51:52.260373+00:00,false,microservices,auth,a8d34afd037374e249e94fdcc51a0a0d738d9e7ec61a64eddb7c6f350894dec1,tcc-microservices-experiment-auth-1,0.02,79198945,1073741824,7.38,3,45.7kB / 40.3kB,7.05MB / 65.5kB
27,2026-09-10T04:51:52.634906+00:00,55,2026-09-10T04:51:52.260373+00:00,false,microservices,gateway,55d4f88a6e9b6ffc7b1737bc6bb11d1152a37a3fe8e71dd6f1368ff89925a8c4,tcc-microservices-experiment-gateway-1,53.28,478465229,536870912,89.13,79,38.1MB / 42.6MB,35MB / 213kB
27,2026-09-10T04:51:52.634906+00:00,55,2026-09-10T04:51:52.260373+00:00,false,microservices,mysql,f2f19112f207ba08545ea34a88defb78261071c2a5b9e93ad841a8980758cfdc,tcc-microservices-experiment-mysql-1,27.78,433795891,1073741824,40.4,40,16.6MB / 38.6MB,54.2MB / 181MB
27,2026-09-10T04:51:52.634906+00:00,55,2026-09-10T04:51:52.260373+00:00,false,microservices,order,682589e4f967cfe8187f814b289a6924f24054c6332193a4c5b7622dd97827af,tcc-microservices-experiment-order-1,0.02,74176266,1073741824,6.91,3,5.31MB / 4.14MB,2.65MB / 77.8kB
27,2026-09-10T04:51:52.634906+00:00,55,2026-09-10T04:51:52.260373+00:00,false,microservices,product,47a3b04159e790d9f9d3eb6c9ab116b6ce342fac7f839e7957228b6d79ca778b,tcc-microservices-experiment-product-1,83.14,81663099,1073741824,7.61,3,42.6MB / 45.3MB,5.46MB / 81.9kB
28,2026-09-10T04:51:53.634898+00:00,57,2026-09-10T04:51:53.260527+00:00,false,microservices,auth,a8d34afd037374e249e94fdcc51a0a0d738d9e7ec61a64eddb7c6f350894dec1,tcc-microservices-experiment-auth-1,0.02,79198945,1073741824,7.38,3,45.7kB / 40.3kB,7.05MB / 65.5kB
28,2026-09-10T04:51:53.634898+00:00,57,2026-09-10T04:51:53.260527+00:00,false,microservices,gateway,55d4f88a6e9b6ffc7b1737bc6bb11d1152a37a3fe8e71dd6f1368ff89925a8c4,tcc-microservices-experiment-gateway-1,33.15,477102080,536870912,88.88,79,38.8MB / 43.4MB,35MB / 213kB
28,2026-09-10T04:51:53.634898+00:00,57,2026-09-10T04:51:53.260527+00:00,false,microservices,mysql,f2f19112f207ba08545ea34a88defb78261071c2a5b9e93ad841a8980758cfdc,tcc-microservices-experiment-mysql-1,26.54,434215322,1073741824,40.44,40,16.9MB / 39.2MB,54.2MB / 181MB
28,2026-09-10T04:51:53.634898+00:00,57,2026-09-10T04:51:53.260527+00:00,false,microservices,order,682589e4f967cfe8187f814b289a6924f24054c6332193a4c5b7622dd97827af,tcc-microservices-experiment-order-1,0.02,74176266,1073741824,6.91,3,5.31MB / 4.14MB,2.65MB / 77.8kB
28,2026-09-10T04:51:53.634898+00:00,57,2026-09-10T04:51:53.260527+00:00,false,microservices,product,47a3b04159e790d9f9d3eb6c9ab116b6ce342fac7f839e7957228b6d79ca778b,tcc-microservices-experiment-product-1,79.53,82795561,1073741824,7.71,3,43.4MB / 46.2MB,5.46MB / 81.9kB
29,2026-09-10T04:51:54.634919+00:00,59,2026-09-10T04:51:54.260366+00:00,false,microservices,auth,a8d34afd037374e249e94fdcc51a0a0d738d9e7ec61a64eddb7c6f350894dec1,tcc-microservices-experiment-auth-1,0.03,79198945,1073741824,7.38,3,45.7kB / 40.3kB,7.05MB / 65.5kB
29,2026-09-10T04:51:54.634919+00:00,59,2026-09-10T04:51:54.260366+00:00,false,microservices,gateway,55d4f88a6e9b6ffc7b1737bc6bb11d1152a37a3fe8e71dd6f1368ff89925a8c4,tcc-microservices-experiment-gateway-1,34.95,478045798,536870912,89.04,79,39.5MB / 44.2MB,35MB / 213kB
29,2026-09-10T04:51:54.634919+00:00,59,2026-09-10T04:51:54.260366+00:00,false,microservices,mysql,f2f19112f207ba08545ea34a88defb78261071c2a5b9e93ad841a8980758cfdc,tcc-microservices-experiment-mysql-1,31.17,433795891,1073741824,40.4,40,17.1MB / 39.8MB,54.2MB / 181MB
29,2026-09-10T04:51:54.634919+00:00,59,2026-09-10T04:51:54.260366+00:00,false,microservices,order,682589e4f967cfe8187f814b289a6924f24054c6332193a4c5b7622dd97827af,tcc-microservices-experiment-order-1,0.02,74176266,1073741824,6.91,3,5.31MB / 4.14MB,2.65MB / 77.8kB
29,2026-09-10T04:51:54.634919+00:00,59,2026-09-10T04:51:54.260366+00:00,false,microservices,product,47a3b04159e790d9f9d3eb6c9ab116b6ce342fac7f839e7957228b6d79ca778b,tcc-microservices-experiment-product-1,80.13,82365645,1073741824,7.67,3,44.2MB / 47MB,5.46MB / 81.9kB
30,2026-09-10T04:51:55.634898+00:00,61,2026-09-10T04:51:55.260598+00:00,false,microservices,auth,a8d34afd037374e249e94fdcc51a0a0d738d9e7ec61a64eddb7c6f350894dec1,tcc-microservices-experiment-auth-1,0.02,79198945,1073741824,7.38,3,45.7kB / 40.3kB,7.05MB / 65.5kB
30,2026-09-10T04:51:55.634898+00:00,61,2026-09-10T04:51:55.260598+00:00,false,microservices,gateway,55d4f88a6e9b6ffc7b1737bc6bb11d1152a37a3fe8e71dd6f1368ff89925a8c4,tcc-microservices-experiment-gateway-1,32.74,478360371,536870912,89.1,79,40.3MB / 45MB,35MB / 213kB
30,2026-09-10T04:51:55.634898+00:00,61,2026-09-10T04:51:55.260598+00:00,false,microservices,mysql,f2f19112f207ba08545ea34a88defb78261071c2a5b9e93ad841a8980758cfdc,tcc-microservices-experiment-mysql-1,25.68,433376461,1073741824,40.36,40,17.3MB / 40.5MB,54.2MB / 181MB
30,2026-09-10T04:51:55.634898+00:00,61,2026-09-10T04:51:55.260598+00:00,false,microservices,order,682589e4f967cfe8187f814b289a6924f24054c6332193a4c5b7622dd97827af,tcc-microservices-experiment-order-1,0.02,74176266,1073741824,6.91,3,5.31MB / 4.14MB,2.65MB / 77.8kB
30,2026-09-10T04:51:55.634898+00:00,61,2026-09-10T04:51:55.260598+00:00,false,microservices,product,47a3b04159e790d9f9d3eb6c9ab116b6ce342fac7f839e7957228b6d79ca778b,tcc-microservices-experiment-product-1,80.33,81516298,1073741824,7.59,3,45MB / 47.9MB,5.46MB / 81.9kB
31,2026-09-10T04:51:56.634930+00:00,63,2026-09-10T04:51:56.261176+00:00,false,microservices,auth,a8d34afd037374e249e94fdcc51a0a0d738d9e7ec61a64eddb7c6f350894dec1,tcc-microservices-experiment-auth-1,0.02,79198945,1073741824,7.38,3,45.7kB / 40.3kB,7.05MB / 65.5kB
31,2026-09-10T04:51:56.634930+00:00,63,2026-09-10T04:51:56.261176+00:00,false,microservices,gateway,55d4f88a6e9b6ffc7b1737bc6bb11d1152a37a3fe8e71dd6f1368ff89925a8c4,tcc-microservices-experiment-gateway-1,34.44,478255514,536870912,89.07,79,41.1MB / 45.9MB,35MB / 213kB
31,2026-09-10T04:51:56.634930+00:00,63,2026-09-10T04:51:56.261176+00:00,false,microservices,mysql,f2f19112f207ba08545ea34a88defb78261071c2a5b9e93ad841a8980758cfdc,tcc-microservices-experiment-mysql-1,28.68,433691034,1073741824,40.4,40,17.6MB / 41.1MB,54.2MB / 181MB
31,2026-09-10T04:51:56.634930+00:00,63,2026-09-10T04:51:56.261176+00:00,false,microservices,order,682589e4f967cfe8187f814b289a6924f24054c6332193a4c5b7622dd97827af,tcc-microservices-experiment-order-1,0.02,74176266,1073741824,6.91,3,5.31MB / 4.14MB,2.65MB / 77.8kB
31,2026-09-10T04:51:56.634930+00:00,63,2026-09-10T04:51:56.261176+00:00,false,microservices,product,47a3b04159e790d9f9d3eb6c9ab116b6ce342fac7f839e7957228b6d79ca778b,tcc-microservices-experiment-product-1,81.86,82281759,1073741824,7.66,3,45.9MB / 48.8MB,5.46MB / 81.9kB
32,2026-09-10T04:51:57.634894+00:00,65,2026-09-10T04:51:57.260340+00:00,false,microservices,auth,a8d34afd037374e249e94fdcc51a0a0d738d9e7ec61a64eddb7c6f350894dec1,tcc-microservices-experiment-auth-1,0.02,79198945,1073741824,7.38,3,45.7kB / 40.3kB,7.05MB / 65.5kB
32,2026-09-10T04:51:57.634894+00:00,65,2026-09-10T04:51:57.260340+00:00,false,microservices,gateway,55d4f88a6e9b6ffc7b1737bc6bb11d1152a37a3fe8e71dd6f1368ff89925a8c4,tcc-microservices-experiment-gateway-1,32.85,478779802,536870912,89.19,79,41.8MB / 46.7MB,35MB / 213kB
32,2026-09-10T04:51:57.634894+00:00,65,2026-09-10T04:51:57.260340+00:00,false,microservices,mysql,f2f19112f207ba08545ea34a88defb78261071c2a5b9e93ad841a8980758cfdc,tcc-microservices-experiment-mysql-1,24.33,433481318,1073741824,40.38,40,17.8MB / 41.8MB,54.2MB / 181MB
32,2026-09-10T04:51:57.634894+00:00,65,2026-09-10T04:51:57.260340+00:00,false,microservices,order,682589e4f967cfe8187f814b289a6924f24054c6332193a4c5b7622dd97827af,tcc-microservices-experiment-order-1,0.02,74176266,1073741824,6.91,3,5.31MB / 4.14MB,2.65MB / 77.8kB
32,2026-09-10T04:51:57.634894+00:00,65,2026-09-10T04:51:57.260340+00:00,false,microservices,product,47a3b04159e790d9f9d3eb6c9ab116b6ce342fac7f839e7957228b6d79ca778b,tcc-microservices-experiment-product-1,81.63,82281759,1073741824,7.66,3,46.7MB / 49.7MB,5.46MB / 81.9kB
33,2026-09-10T04:51:58.634910+00:00,67,2026-09-10T04:51:58.260249+00:00,false,microservices,auth,a8d34afd037374e249e94fdcc51a0a0d738d9e7ec61a64eddb7c6f350894dec1,tcc-microservices-experiment-auth-1,0.02,79198945,1073741824,7.38,3,45.7kB / 40.3kB,7.05MB / 65.5kB
33,2026-09-10T04:51:58.634910+00:00,67,2026-09-10T04:51:58.260249+00:00,false,microservices,gateway,55d4f88a6e9b6ffc7b1737bc6bb11d1152a37a3fe8e71dd6f1368ff89925a8c4,tcc-microservices-experiment-gateway-1,48.82,478465229,536870912,89.13,79,42.6MB / 47.6MB,35MB / 213kB
33,2026-09-10T04:51:58.634910+00:00,67,2026-09-10T04:51:58.260249+00:00,false,microservices,mysql,f2f19112f207ba08545ea34a88defb78261071c2a5b9e93ad841a8980758cfdc,tcc-microservices-experiment-mysql-1,27.86,433586176,1073741824,40.38,40,18.1MB / 42.5MB,54.2MB / 181MB
33,2026-09-10T04:51:58.634910+00:00,67,2026-09-10T04:51:58.260249+00:00,false,microservices,order,682589e4f967cfe8187f814b289a6924f24054c6332193a4c5b7622dd97827af,tcc-microservices-experiment-order-1,0.02,74176266,1073741824,6.91,3,5.31MB / 4.14MB,2.65MB / 77.8kB
33,2026-09-10T04:51:58.634910+00:00,67,2026-09-10T04:51:58.260249+00:00,false,microservices,product,47a3b04159e790d9f9d3eb6c9ab116b6ce342fac7f839e7957228b6d79ca778b,tcc-microservices-experiment-product-1,83.27,81830871,1073741824,7.62,3,47.5MB / 50.6MB,5.46MB / 81.9kB
34,2026-09-10T04:51:59.634910+00:00,69,2026-09-10T04:51:59.260618+00:00,false,microservices,auth,a8d34afd037374e249e94fdcc51a0a0d738d9e7ec61a64eddb7c6f350894dec1,tcc-microservices-experiment-auth-1,0.02,79198945,1073741824,7.38,3,45.7kB / 40.3kB,7.05MB / 65.5kB
34,2026-09-10T04:51:59.634910+00:00,69,2026-09-10T04:51:59.260618+00:00,false,microservices,gateway,55d4f88a6e9b6ffc7b1737bc6bb11d1152a37a3fe8e71dd6f1368ff89925a8c4,tcc-microservices-experiment-gateway-1,53.17,478465229,536870912,89.11,79,43.3MB / 48.4MB,35MB / 213kB
34,2026-09-10T04:51:59.634910+00:00,69,2026-09-10T04:51:59.260618+00:00,false,microservices,mysql,f2f19112f207ba08545ea34a88defb78261071c2a5b9e93ad841a8980758cfdc,tcc-microservices-experiment-mysql-1,24.4,433691034,1073741824,40.39,40,18.3MB / 43.1MB,54.2MB / 181MB
34,2026-09-10T04:51:59.634910+00:00,69,2026-09-10T04:51:59.260618+00:00,false,microservices,order,682589e4f967cfe8187f814b289a6924f24054c6332193a4c5b7622dd97827af,tcc-microservices-experiment-order-1,0.02,74176266,1073741824,6.91,3,5.31MB / 4.14MB,2.65MB / 77.8kB
34,2026-09-10T04:51:59.634910+00:00,69,2026-09-10T04:51:59.260618+00:00,false,microservices,product,47a3b04159e790d9f9d3eb6c9ab116b6ce342fac7f839e7957228b6d79ca778b,tcc-microservices-experiment-product-1,81.75,82617303,1073741824,7.69,3,48.4MB / 51.5MB,5.46MB / 81.9kB
35,2026-09-10T04:52:00.634932+00:00,71,2026-09-10T04:52:00.260205+00:00,false,microservices,auth,a8d34afd037374e249e94fdcc51a0a0d738d9e7ec61a64eddb7c6f350894dec1,tcc-microservices-experiment-auth-1,0.01,79198945,1073741824,7.38,3,45.7kB / 40.3kB,7.05MB / 65.5kB
35,2026-09-10T04:52:00.634932+00:00,71,2026-09-10T04:52:00.260205+00:00,false,microservices,gateway,55d4f88a6e9b6ffc7b1737bc6bb11d1152a37a3fe8e71dd6f1368ff89925a8c4,tcc-microservices-experiment-gateway-1,48.26,478150656,536870912,89.07,79,44.1MB / 49.3MB,35MB / 213kB
35,2026-09-10T04:52:00.634932+00:00,71,2026-09-10T04:52:00.260205+00:00,false,microservices,mysql,f2f19112f207ba08545ea34a88defb78261071c2a5b9e93ad841a8980758cfdc,tcc-microservices-experiment-mysql-1,27.61,433586176,1073741824,40.38,40,18.6MB / 43.8MB,54.2MB / 181MB
35,2026-09-10T04:52:00.634932+00:00,71,2026-09-10T04:52:00.260205+00:00,false,microservices,order,682589e4f967cfe8187f814b289a6924f24054c6332193a4c5b7622dd97827af,tcc-microservices-experiment-order-1,0.02,74176266,1073741824,6.91,3,5.31MB / 4.14MB,2.65MB / 77.8kB
35,2026-09-10T04:52:00.634932+00:00,71,2026-09-10T04:52:00.260205+00:00,false,microservices,product,47a3b04159e790d9f9d3eb6c9ab116b6ce342fac7f839e7957228b6d79ca778b,tcc-microservices-experiment-product-1,82.55,82795561,1073741824,7.71,3,49.2MB / 52.4MB,5.46MB / 81.9kB
36,2026-09-10T04:52:01.634933+00:00,73,2026-09-10T04:52:01.260404+00:00,false,microservices,auth,a8d34afd037374e249e94fdcc51a0a0d738d9e7ec61a64eddb7c6f350894dec1,tcc-microservices-experiment-auth-1,0.02,79198945,1073741824,7.38,3,45.7kB / 40.3kB,7.05MB / 65.5kB
36,2026-09-10T04:52:01.634933+00:00,73,2026-09-10T04:52:01.260404+00:00,false,microservices,gateway,55d4f88a6e9b6ffc7b1737bc6bb11d1152a37a3fe8e71dd6f1368ff89925a8c4,tcc-microservices-experiment-gateway-1,34.52,478570086,536870912,89.14,79,44.8MB / 50.1MB,35MB / 213kB
36,2026-09-10T04:52:01.634933+00:00,73,2026-09-10T04:52:01.260404+00:00,false,microservices,mysql,f2f19112f207ba08545ea34a88defb78261071c2a5b9e93ad841a8980758cfdc,tcc-microservices-experiment-mysql-1,23.95,434005606,1073741824,40.42,40,18.8MB / 44.4MB,54.2MB / 181MB
36,2026-09-10T04:52:01.634933+00:00,73,2026-09-10T04:52:01.260404+00:00,false,microservices,order,682589e4f967cfe8187f814b289a6924f24054c6332193a4c5b7622dd97827af,tcc-microservices-experiment-order-1,0.03,74176266,1073741824,6.91,3,5.31MB / 4.14MB,2.65MB / 77.8kB
36,2026-09-10T04:52:01.634933+00:00,73,2026-09-10T04:52:01.260404+00:00,false,microservices,product,47a3b04159e790d9f9d3eb6c9ab116b6ce342fac7f839e7957228b6d79ca778b,tcc-microservices-experiment-product-1,83.08,82795561,1073741824,7.71,3,50.1MB / 53.3MB,5.46MB / 81.9kB
37,2026-09-10T04:52:02.634906+00:00,75,2026-09-10T04:52:02.260298+00:00,false,microservices,auth,a8d34afd037374e249e94fdcc51a0a0d738d9e7ec61a64eddb7c6f350894dec1,tcc-microservices-experiment-auth-1,0.02,79198945,1073741824,7.38,3,45.7kB / 40.3kB,7.05MB / 65.5kB
37,2026-09-10T04:52:02.634906+00:00,75,2026-09-10T04:52:02.260298+00:00,false,microservices,gateway,55d4f88a6e9b6ffc7b1737bc6bb11d1152a37a3fe8e71dd6f1368ff89925a8c4,tcc-microservices-experiment-gateway-1,31.63,479408947,536870912,89.29,79,45.6MB / 51MB,35MB / 229kB
37,2026-09-10T04:52:02.634906+00:00,75,2026-09-10T04:52:02.260298+00:00,false,microservices,mysql,f2f19112f207ba08545ea34a88defb78261071c2a5b9e93ad841a8980758cfdc,tcc-microservices-experiment-mysql-1,28.85,433586176,1073741824,40.38,40,19MB / 45.1MB,54.2MB / 181MB
37,2026-09-10T04:52:02.634906+00:00,75,2026-09-10T04:52:02.260298+00:00,false,microservices,order,682589e4f967cfe8187f814b289a6924f24054c6332193a4c5b7622dd97827af,tcc-microservices-experiment-order-1,0.02,74176266,1073741824,6.91,3,5.31MB / 4.14MB,2.65MB / 77.8kB
37,2026-09-10T04:52:02.634906+00:00,75,2026-09-10T04:52:02.260298+00:00,false,microservices,product,47a3b04159e790d9f9d3eb6c9ab116b6ce342fac7f839e7957228b6d79ca778b,tcc-microservices-experiment-product-1,82.12,82501960,1073741824,7.68,3,50.9MB / 54.2MB,5.46MB / 81.9kB
38,2026-09-10T04:52:03.634918+00:00,77,2026-09-10T04:52:03.260972+00:00,false,microservices,auth,a8d34afd037374e249e94fdcc51a0a0d738d9e7ec61a64eddb7c6f350894dec1,tcc-microservices-experiment-auth-1,0.02,79198945,1073741824,7.38,3,45.7kB / 40.3kB,7.05MB / 65.5kB
38,2026-09-10T04:52:03.634918+00:00,77,2026-09-10T04:52:03.260972+00:00,false,microservices,gateway,55d4f88a6e9b6ffc7b1737bc6bb11d1152a37a3fe8e71dd6f1368ff89925a8c4,tcc-microservices-experiment-gateway-1,31.52,479094374,536870912,89.24,79,46.3MB / 51.8MB,35MB / 229kB
38,2026-09-10T04:52:03.634918+00:00,77,2026-09-10T04:52:03.260972+00:00,false,microservices,mysql,f2f19112f207ba08545ea34a88defb78261071c2a5b9e93ad841a8980758cfdc,tcc-microservices-experiment-mysql-1,25.1,433795891,1073741824,40.4,40,19.3MB / 45.7MB,54.2MB / 181MB
38,2026-09-10T04:52:03.634918+00:00,77,2026-09-10T04:52:03.260972+00:00,false,microservices,order,682589e4f967cfe8187f814b289a6924f24054c6332193a4c5b7622dd97827af,tcc-microservices-experiment-order-1,0.02,74176266,1073741824,6.91,3,5.31MB / 4.14MB,2.65MB / 77.8kB
38,2026-09-10T04:52:03.634918+00:00,77,2026-09-10T04:52:03.260972+00:00,false,microservices,product,47a3b04159e790d9f9d3eb6c9ab116b6ce342fac7f839e7957228b6d79ca778b,tcc-microservices-experiment-product-1,80.83,82554388,1073741824,7.69,3,51.7MB / 55.1MB,5.46MB / 81.9kB
39,2026-09-10T04:52:04.634928+00:00,79,2026-09-10T04:52:04.260239+00:00,false,microservices,auth,a8d34afd037374e249e94fdcc51a0a0d738d9e7ec61a64eddb7c6f350894dec1,tcc-microservices-experiment-auth-1,0.02,79198945,1073741824,7.38,3,45.7kB / 40.3kB,7.05MB / 65.5kB
39,2026-09-10T04:52:04.634928+00:00,79,2026-09-10T04:52:04.260239+00:00,false,microservices,gateway,55d4f88a6e9b6ffc7b1737bc6bb11d1152a37a3fe8e71dd6f1368ff89925a8c4,tcc-microservices-experiment-gateway-1,31.9,477836083,536870912,89.01,79,47.1MB / 52.7MB,35MB / 229kB
39,2026-09-10T04:52:04.634928+00:00,79,2026-09-10T04:52:04.260239+00:00,false,microservices,mysql,f2f19112f207ba08545ea34a88defb78261071c2a5b9e93ad841a8980758cfdc,tcc-microservices-experiment-mysql-1,28.07,434320179,1073741824,40.45,40,19.5MB / 46.4MB,54.2MB / 181MB
39,2026-09-10T04:52:04.634928+00:00,79,2026-09-10T04:52:04.260239+00:00,false,microservices,order,682589e4f967cfe8187f814b289a6924f24054c6332193a4c5b7622dd97827af,tcc-microservices-experiment-order-1,0.02,74176266,1073741824,6.91,3,5.31MB / 4.14MB,2.65MB / 77.8kB
39,2026-09-10T04:52:04.634928+00:00,79,2026-09-10T04:52:04.260239+00:00,false,microservices,product,47a3b04159e790d9f9d3eb6c9ab116b6ce342fac7f839e7957228b6d79ca778b,tcc-microservices-experiment-product-1,82.72,82889933,1073741824,7.72,3,52.6MB / 56MB,5.46MB / 81.9kB
40,2026-09-10T04:52:05.634939+00:00,81,2026-09-10T04:52:05.260387+00:00,false,microservices,auth,a8d34afd037374e249e94fdcc51a0a0d738d9e7ec61a64eddb7c6f350894dec1,tcc-microservices-experiment-auth-1,0.02,79198945,1073741824,7.38,3,45.7kB / 40.3kB,7.05MB / 65.5kB
40,2026-09-10T04:52:05.634939+00:00,81,2026-09-10T04:52:05.260387+00:00,false,microservices,gateway,55d4f88a6e9b6ffc7b1737bc6bb11d1152a37a3fe8e71dd6f1368ff89925a8c4,tcc-microservices-experiment-gateway-1,30.74,478360371,536870912,89.09,79,47.9MB / 53.5MB,35MB / 229kB
40,2026-09-10T04:52:05.634939+00:00,81,2026-09-10T04:52:05.260387+00:00,false,microservices,mysql,f2f19112f207ba08545ea34a88defb78261071c2a5b9e93ad841a8980758cfdc,tcc-microservices-experiment-mysql-1,25.15,434005606,1073741824,40.42,40,19.8MB / 47MB,54.2MB / 181MB
40,2026-09-10T04:52:05.634939+00:00,81,2026-09-10T04:52:05.260387+00:00,false,microservices,order,682589e4f967cfe8187f814b289a6924f24054c6332193a4c5b7622dd97827af,tcc-microservices-experiment-order-1,0.02,74176266,1073741824,6.91,3,5.31MB / 4.14MB,2.65MB / 77.8kB
40,2026-09-10T04:52:05.634939+00:00,81,2026-09-10T04:52:05.260387+00:00,false,microservices,product,47a3b04159e790d9f9d3eb6c9ab116b6ce342fac7f839e7957228b6d79ca778b,tcc-microservices-experiment-product-1,80.85,83414221,1073741824,7.77,3,53.4MB / 56.9MB,5.46MB / 81.9kB
41,2026-09-10T04:52:06.634906+00:00,83,2026-09-10T04:52:06.261261+00:00,false,microservices,auth,a8d34afd037374e249e94fdcc51a0a0d738d9e7ec61a64eddb7c6f350894dec1,tcc-microservices-experiment-auth-1,0.02,79198945,1073741824,7.38,3,45.7kB / 40.3kB,7.05MB / 65.5kB
41,2026-09-10T04:52:06.634906+00:00,83,2026-09-10T04:52:06.261261+00:00,false,microservices,gateway,55d4f88a6e9b6ffc7b1737bc6bb11d1152a37a3fe8e71dd6f1368ff89925a8c4,tcc-microservices-experiment-gateway-1,48.53,478045798,536870912,89.05,79,48.6MB / 54.3MB,35MB / 229kB
41,2026-09-10T04:52:06.634906+00:00,83,2026-09-10T04:52:06.261261+00:00,false,microservices,mysql,f2f19112f207ba08545ea34a88defb78261071c2a5b9e93ad841a8980758cfdc,tcc-microservices-experiment-mysql-1,29.06,434529894,1073741824,40.47,40,20MB / 47.7MB,54.2MB / 181MB
41,2026-09-10T04:52:06.634906+00:00,83,2026-09-10T04:52:06.261261+00:00,false,microservices,order,682589e4f967cfe8187f814b289a6924f24054c6332193a4c5b7622dd97827af,tcc-microservices-experiment-order-1,0.02,74176266,1073741824,6.91,3,5.31MB / 4.14MB,2.65MB / 77.8kB
41,2026-09-10T04:52:06.634906+00:00,83,2026-09-10T04:52:06.261261+00:00,false,microservices,product,47a3b04159e790d9f9d3eb6c9ab116b6ce342fac7f839e7957228b6d79ca778b,tcc-microservices-experiment-product-1,81.88,83089162,1073741824,7.74,3,54.2MB / 57.8MB,5.46MB / 81.9kB
42,2026-09-10T04:52:07.634915+00:00,85,2026-09-10T04:52:07.261418+00:00,false,microservices,auth,a8d34afd037374e249e94fdcc51a0a0d738d9e7ec61a64eddb7c6f350894dec1,tcc-microservices-experiment-auth-1,0.02,79198945,1073741824,7.38,3,45.7kB / 40.3kB,7.05MB / 65.5kB
42,2026-09-10T04:52:07.634915+00:00,85,2026-09-10T04:52:07.261418+00:00,false,microservices,gateway,55d4f88a6e9b6ffc7b1737bc6bb11d1152a37a3fe8e71dd6f1368ff89925a8c4,tcc-microservices-experiment-gateway-1,41.24,478674944,536870912,89.17,79,49.4MB / 55.2MB,35MB / 229kB
42,2026-09-10T04:52:07.634915+00:00,85,2026-09-10T04:52:07.261418+00:00,false,microservices,mysql,f2f19112f207ba08545ea34a88defb78261071c2a5b9e93ad841a8980758cfdc,tcc-microservices-experiment-mysql-1,25.32,433586176,1073741824,40.38,40,20.3MB / 48.3MB,54.2MB / 181MB
42,2026-09-10T04:52:07.634915+00:00,85,2026-09-10T04:52:07.261418+00:00,false,microservices,order,682589e4f967cfe8187f814b289a6924f24054c6332193a4c5b7622dd97827af,tcc-microservices-experiment-order-1,0.02,74176266,1073741824,6.91,3,5.31MB / 4.14MB,2.65MB / 77.8kB
42,2026-09-10T04:52:07.634915+00:00,85,2026-09-10T04:52:07.261418+00:00,false,microservices,product,47a3b04159e790d9f9d3eb6c9ab116b6ce342fac7f839e7957228b6d79ca778b,tcc-microservices-experiment-product-1,80.63,83361792,1073741824,7.76,3,55.1MB / 58.7MB,5.46MB / 81.9kB
43,2026-09-10T04:52:08.634941+00:00,87,2026-09-10T04:52:08.261277+00:00,false,microservices,auth,a8d34afd037374e249e94fdcc51a0a0d738d9e7ec61a64eddb7c6f350894dec1,tcc-microservices-experiment-auth-1,0.02,79198945,1073741824,7.38,3,45.7kB / 40.3kB,7.05MB / 65.5kB
43,2026-09-10T04:52:08.634941+00:00,87,2026-09-10T04:52:08.261277+00:00,false,microservices,gateway,55d4f88a6e9b6ffc7b1737bc6bb11d1152a37a3fe8e71dd6f1368ff89925a8c4,tcc-microservices-experiment-gateway-1,63.93,478989517,536870912,89.22,79,50.1MB / 56MB,35MB / 229kB
43,2026-09-10T04:52:08.634941+00:00,87,2026-09-10T04:52:08.261277+00:00,false,microservices,mysql,f2f19112f207ba08545ea34a88defb78261071c2a5b9e93ad841a8980758cfdc,tcc-microservices-experiment-mysql-1,29.17,434425037,1073741824,40.46,40,20.5MB / 48.9MB,54.2MB / 181MB
43,2026-09-10T04:52:08.634941+00:00,87,2026-09-10T04:52:08.261277+00:00,false,microservices,order,682589e4f967cfe8187f814b289a6924f24054c6332193a4c5b7622dd97827af,tcc-microservices-experiment-order-1,0.02,74176266,1073741824,6.91,3,5.31MB / 4.14MB,2.65MB / 77.8kB
43,2026-09-10T04:52:08.634941+00:00,87,2026-09-10T04:52:08.261277+00:00,false,microservices,product,47a3b04159e790d9f9d3eb6c9ab116b6ce342fac7f839e7957228b6d79ca778b,tcc-microservices-experiment-product-1,82.94,82711675,1073741824,7.7,3,55.9MB / 59.5MB,5.46MB / 81.9kB
44,2026-09-10T04:52:09.634931+00:00,89,2026-09-10T04:52:09.261305+00:00,false,microservices,auth,a8d34afd037374e249e94fdcc51a0a0d738d9e7ec61a64eddb7c6f350894dec1,tcc-microservices-experiment-auth-1,0.02,79198945,1073741824,7.38,3,45.7kB / 40.3kB,7.05MB / 65.5kB
44,2026-09-10T04:52:09.634931+00:00,89,2026-09-10T04:52:09.261305+00:00,false,microservices,gateway,55d4f88a6e9b6ffc7b1737bc6bb11d1152a37a3fe8e71dd6f1368ff89925a8c4,tcc-microservices-experiment-gateway-1,33.02,478674944,536870912,89.15,79,50.8MB / 56.8MB,35MB / 229kB
44,2026-09-10T04:52:09.634931+00:00,89,2026-09-10T04:52:09.261305+00:00,false,microservices,mysql,f2f19112f207ba08545ea34a88defb78261071c2a5b9e93ad841a8980758cfdc,tcc-microservices-experiment-mysql-1,23.64,433271603,1073741824,40.35,40,20.7MB / 49.6MB,54.2MB / 181MB
44,2026-09-10T04:52:09.634931+00:00,89,2026-09-10T04:52:09.261305+00:00,false,microservices,order,682589e4f967cfe8187f814b289a6924f24054c6332193a4c5b7622dd97827af,tcc-microservices-experiment-order-1,0.02,74176266,1073741824,6.91,3,5.31MB / 4.14MB,2.65MB / 77.8kB
44,2026-09-10T04:52:09.634931+00:00,89,2026-09-10T04:52:09.261305+00:00,false,microservices,product,47a3b04159e790d9f9d3eb6c9ab116b6ce342fac7f839e7957228b6d79ca778b,tcc-microservices-experiment-product-1,83.73,82963333,1073741824,7.73,3,56.7MB / 60.4MB,5.46MB / 81.9kB
45,2026-09-10T04:52:10.634929+00:00,91,2026-09-10T04:52:10.261309+00:00,false,microservices,auth,a8d34afd037374e249e94fdcc51a0a0d738d9e7ec61a64eddb7c6f350894dec1,tcc-microservices-experiment-auth-1,0.02,79198945,1073741824,7.38,3,45.7kB / 40.3kB,7.05MB / 65.5kB
45,2026-09-10T04:52:10.634929+00:00,91,2026-09-10T04:52:10.261309+00:00,false,microservices,gateway,55d4f88a6e9b6ffc7b1737bc6bb11d1152a37a3fe8e71dd6f1368ff89925a8c4,tcc-microservices-experiment-gateway-1,31.4,479304090,536870912,89.27,79,51.6MB / 57.7MB,35MB / 229kB
45,2026-09-10T04:52:10.634929+00:00,91,2026-09-10T04:52:10.261309+00:00,false,microservices,mysql,f2f19112f207ba08545ea34a88defb78261071c2a5b9e93ad841a8980758cfdc,tcc-microservices-experiment-mysql-1,27.92,434215322,1073741824,40.44,40,21MB / 50.2MB,54.2MB / 181MB
45,2026-09-10T04:52:10.634929+00:00,91,2026-09-10T04:52:10.261309+00:00,false,microservices,order,682589e4f967cfe8187f814b289a6924f24054c6332193a4c5b7622dd97827af,tcc-microservices-experiment-order-1,0.02,74176266,1073741824,6.91,3,5.31MB / 4.14MB,2.65MB / 77.8kB
45,2026-09-10T04:52:10.634929+00:00,91,2026-09-10T04:52:10.261309+00:00,false,microservices,product,47a3b04159e790d9f9d3eb6c9ab116b6ce342fac7f839e7957228b6d79ca778b,tcc-microservices-experiment-product-1,82.91,82774589,1073741824,7.71,3,57.5MB / 61.3MB,5.46MB / 81.9kB
46,2026-09-10T04:52:11.634915+00:00,93,2026-09-10T04:52:11.260961+00:00,false,microservices,auth,a8d34afd037374e249e94fdcc51a0a0d738d9e7ec61a64eddb7c6f350894dec1,tcc-microservices-experiment-auth-1,0.02,79198945,1073741824,7.38,3,45.7kB / 40.3kB,7.05MB / 65.5kB
46,2026-09-10T04:52:11.634915+00:00,93,2026-09-10T04:52:11.260961+00:00,false,microservices,gateway,55d4f88a6e9b6ffc7b1737bc6bb11d1152a37a3fe8e71dd6f1368ff89925a8c4,tcc-microservices-experiment-gateway-1,31.3,478884659,536870912,89.19,79,52.4MB / 58.5MB,35MB / 229kB
46,2026-09-10T04:52:11.634915+00:00,93,2026-09-10T04:52:11.260961+00:00,false,microservices,mysql,f2f19112f207ba08545ea34a88defb78261071c2a5b9e93ad841a8980758cfdc,tcc-microservices-experiment-mysql-1,23.71,433900749,1073741824,40.41,40,21.2MB / 50.9MB,54.2MB / 181MB
46,2026-09-10T04:52:11.634915+00:00,93,2026-09-10T04:52:11.260961+00:00,false,microservices,order,682589e4f967cfe8187f814b289a6924f24054c6332193a4c5b7622dd97827af,tcc-microservices-experiment-order-1,0.02,74176266,1073741824,6.91,3,5.31MB / 4.14MB,2.65MB / 77.8kB
46,2026-09-10T04:52:11.634915+00:00,93,2026-09-10T04:52:11.260961+00:00,false,microservices,product,47a3b04159e790d9f9d3eb6c9ab116b6ce342fac7f839e7957228b6d79ca778b,tcc-microservices-experiment-product-1,82.75,83330335,1073741824,7.76,3,58.4MB / 62.2MB,5.46MB / 81.9kB
47,2026-09-10T04:52:12.634908+00:00,95,2026-09-10T04:52:12.261213+00:00,false,microservices,auth,a8d34afd037374e249e94fdcc51a0a0d738d9e7ec61a64eddb7c6f350894dec1,tcc-microservices-experiment-auth-1,0.02,79198945,1073741824,7.38,3,45.7kB / 40.3kB,7.05MB / 65.5kB
47,2026-09-10T04:52:12.634908+00:00,95,2026-09-10T04:52:12.261213+00:00,false,microservices,gateway,55d4f88a6e9b6ffc7b1737bc6bb11d1152a37a3fe8e71dd6f1368ff89925a8c4,tcc-microservices-experiment-gateway-1,30.63,478465229,536870912,89.13,79,53.1MB / 59.4MB,35MB / 229kB
47,2026-09-10T04:52:12.634908+00:00,95,2026-09-10T04:52:12.261213+00:00,false,microservices,mysql,f2f19112f207ba08545ea34a88defb78261071c2a5b9e93ad841a8980758cfdc,tcc-microservices-experiment-mysql-1,29.15,433586176,1073741824,40.38,40,21.5MB / 51.6MB,54.2MB / 181MB
47,2026-09-10T04:52:12.634908+00:00,95,2026-09-10T04:52:12.261213+00:00,false,microservices,order,682589e4f967cfe8187f814b289a6924f24054c6332193a4c5b7622dd97827af,tcc-microservices-experiment-order-1,0.02,74176266,1073741824,6.91,3,5.31MB / 4.14MB,2.65MB / 77.8kB
47,2026-09-10T04:52:12.634908+00:00,95,2026-09-10T04:52:12.261213+00:00,false,microservices,product,47a3b04159e790d9f9d3eb6c9ab116b6ce342fac7f839e7957228b6d79ca778b,tcc-microservices-experiment-product-1,81.38,83204506,1073741824,7.75,3,59.2MB / 63.1MB,5.46MB / 81.9kB
48,2026-09-10T04:52:13.634904+00:00,97,2026-09-10T04:52:13.260589+00:00,false,microservices,auth,a8d34afd037374e249e94fdcc51a0a0d738d9e7ec61a64eddb7c6f350894dec1,tcc-microservices-experiment-auth-1,0.02,79198945,1073741824,7.38,3,45.7kB / 40.3kB,7.05MB / 65.5kB
48,2026-09-10T04:52:13.634904+00:00,97,2026-09-10T04:52:13.260589+00:00,false,microservices,gateway,55d4f88a6e9b6ffc7b1737bc6bb11d1152a37a3fe8e71dd6f1368ff89925a8c4,tcc-microservices-experiment-gateway-1,30.52,479723520,536870912,89.35,79,53.9MB / 60.2MB,35MB / 229kB
48,2026-09-10T04:52:13.634904+00:00,97,2026-09-10T04:52:13.260589+00:00,false,microservices,mysql,f2f19112f207ba08545ea34a88defb78261071c2a5b9e93ad841a8980758cfdc,tcc-microservices-experiment-mysql-1,25.61,433271603,1073741824,40.36,40,21.7MB / 52.2MB,54.2MB / 181MB
48,2026-09-10T04:52:13.634904+00:00,97,2026-09-10T04:52:13.260589+00:00,false,microservices,order,682589e4f967cfe8187f814b289a6924f24054c6332193a4c5b7622dd97827af,tcc-microservices-experiment-order-1,0.01,74176266,1073741824,6.91,3,5.31MB / 4.14MB,2.65MB / 77.8kB
48,2026-09-10T04:52:13.634904+00:00,97,2026-09-10T04:52:13.260589+00:00,false,microservices,product,47a3b04159e790d9f9d3eb6c9ab116b6ce342fac7f839e7957228b6d79ca778b,tcc-microservices-experiment-product-1,80.48,82785075,1073741824,7.71,3,60.1MB / 64MB,5.46MB / 81.9kB
49,2026-09-10T04:52:14.634894+00:00,99,2026-09-10T04:52:14.261163+00:00,false,microservices,auth,a8d34afd037374e249e94fdcc51a0a0d738d9e7ec61a64eddb7c6f350894dec1,tcc-microservices-experiment-auth-1,0.02,79198945,1073741824,7.38,3,45.7kB / 40.3kB,7.05MB / 65.5kB
49,2026-09-10T04:52:14.634894+00:00,99,2026-09-10T04:52:14.261163+00:00,false,microservices,gateway,55d4f88a6e9b6ffc7b1737bc6bb11d1152a37a3fe8e71dd6f1368ff89925a8c4,tcc-microservices-experiment-gateway-1,30.1,478779802,536870912,89.17,79,54.6MB / 61.1MB,35MB / 229kB
49,2026-09-10T04:52:14.634894+00:00,99,2026-09-10T04:52:14.261163+00:00,false,microservices,mysql,f2f19112f207ba08545ea34a88defb78261071c2a5b9e93ad841a8980758cfdc,tcc-microservices-experiment-mysql-1,29.16,433376461,1073741824,40.36,40,21.9MB / 52.9MB,54.2MB / 181MB
49,2026-09-10T04:52:14.634894+00:00,99,2026-09-10T04:52:14.261163+00:00,false,microservices,order,682589e4f967cfe8187f814b289a6924f24054c6332193a4c5b7622dd97827af,tcc-microservices-experiment-order-1,0.02,74176266,1073741824,6.91,3,5.31MB / 4.14MB,2.65MB / 77.8kB
49,2026-09-10T04:52:14.634894+00:00,99,2026-09-10T04:52:14.261163+00:00,false,microservices,product,47a3b04159e790d9f9d3eb6c9ab116b6ce342fac7f839e7957228b6d79ca778b,tcc-microservices-experiment-product-1,81.5,83256934,1073741824,7.75,3,60.9MB / 64.9MB,5.46MB / 81.9kB
50,2026-09-10T04:52:15.634909+00:00,101,2026-09-10T04:52:15.260322+00:00,false,microservices,auth,a8d34afd037374e249e94fdcc51a0a0d738d9e7ec61a64eddb7c6f350894dec1,tcc-microservices-experiment-auth-1,0.02,79198945,1073741824,7.38,3,45.7kB / 40.3kB,7.05MB / 65.5kB
50,2026-09-10T04:52:15.634909+00:00,101,2026-09-10T04:52:15.260322+00:00,false,microservices,gateway,55d4f88a6e9b6ffc7b1737bc6bb11d1152a37a3fe8e71dd6f1368ff89925a8c4,tcc-microservices-experiment-gateway-1,39.56,479408947,536870912,89.3,79,55.4MB / 61.9MB,35MB / 229kB
50,2026-09-10T04:52:15.634909+00:00,101,2026-09-10T04:52:15.260322+00:00,false,microservices,mysql,f2f19112f207ba08545ea34a88defb78261071c2a5b9e93ad841a8980758cfdc,tcc-microservices-experiment-mysql-1,24.93,433900749,1073741824,40.41,40,22.2MB / 53.5MB,54.2MB / 181MB
50,2026-09-10T04:52:15.634909+00:00,101,2026-09-10T04:52:15.260322+00:00,false,microservices,order,682589e4f967cfe8187f814b289a6924f24054c6332193a4c5b7622dd97827af,tcc-microservices-experiment-order-1,0.02,74176266,1073741824,6.91,3,5.31MB / 4.14MB,2.65MB / 77.8kB
50,2026-09-10T04:52:15.634909+00:00,101,2026-09-10T04:52:15.260322+00:00,false,microservices,product,47a3b04159e790d9f9d3eb6c9ab116b6ce342fac7f839e7957228b6d79ca778b,tcc-microservices-experiment-product-1,81.43,82774589,1073741824,7.71,3,61.7MB / 65.8MB,5.46MB / 81.9kB
51,2026-09-10T04:52:16.634902+00:00,103,2026-09-10T04:52:16.261449+00:00,false,microservices,auth,a8d34afd037374e249e94fdcc51a0a0d738d9e7ec61a64eddb7c6f350894dec1,tcc-microservices-experiment-auth-1,0.02,79198945,1073741824,7.38,3,45.7kB / 40.3kB,7.05MB / 65.5kB
51,2026-09-10T04:52:16.634902+00:00,103,2026-09-10T04:52:16.261449+00:00,false,microservices,gateway,55d4f88a6e9b6ffc7b1737bc6bb11d1152a37a3fe8e71dd6f1368ff89925a8c4,tcc-microservices-experiment-gateway-1,58.79,479618662,536870912,89.33,79,56.1MB / 62.8MB,35MB / 229kB
51,2026-09-10T04:52:16.634902+00:00,103,2026-09-10T04:52:16.261449+00:00,false,microservices,mysql,f2f19112f207ba08545ea34a88defb78261071c2a5b9e93ad841a8980758cfdc,tcc-microservices-experiment-mysql-1,28.64,434425037,1073741824,40.46,40,22.4MB / 54.2MB,54.2MB / 181MB
51,2026-09-10T04:52:16.634902+00:00,103,2026-09-10T04:52:16.261449+00:00,false,microservices,order,682589e4f967cfe8187f814b289a6924f24054c6332193a4c5b7622dd97827af,tcc-microservices-experiment-order-1,0.02,74176266,1073741824,6.91,3,5.31MB / 4.14MB,2.65MB / 77.8kB
51,2026-09-10T04:52:16.634902+00:00,103,2026-09-10T04:52:16.261449+00:00,false,microservices,product,47a3b04159e790d9f9d3eb6c9ab116b6ce342fac7f839e7957228b6d79ca778b,tcc-microservices-experiment-product-1,82.06,84053852,1073741824,7.83,3,62.6MB / 66.7MB,5.46MB / 81.9kB
52,2026-09-10T04:52:17.634928+00:00,105,2026-09-10T04:52:17.261245+00:00,false,microservices,auth,a8d34afd037374e249e94fdcc51a0a0d738d9e7ec61a64eddb7c6f350894dec1,tcc-microservices-experiment-auth-1,0.02,79198945,1073741824,7.38,3,45.8kB / 40.3kB,7.05MB / 65.5kB
52,2026-09-10T04:52:17.634928+00:00,105,2026-09-10T04:52:17.261245+00:00,false,microservices,gateway,55d4f88a6e9b6ffc7b1737bc6bb11d1152a37a3fe8e71dd6f1368ff89925a8c4,tcc-microservices-experiment-gateway-1,29.88,479513805,536870912,89.31,79,56.9MB / 63.6MB,35MB / 246kB
52,2026-09-10T04:52:17.634928+00:00,105,2026-09-10T04:52:17.261245+00:00,false,microservices,mysql,f2f19112f207ba08545ea34a88defb78261071c2a5b9e93ad841a8980758cfdc,tcc-microservices-experiment-mysql-1,24.91,434320179,1073741824,40.45,40,22.7MB / 54.8MB,54.2MB / 181MB
52,2026-09-10T04:52:17.634928+00:00,105,2026-09-10T04:52:17.261245+00:00,false,microservices,order,682589e4f967cfe8187f814b289a6924f24054c6332193a4c5b7622dd97827af,tcc-microservices-experiment-order-1,0.02,74176266,1073741824,6.91,3,5.31MB / 4.14MB,2.65MB / 77.8kB
52,2026-09-10T04:52:17.634928+00:00,105,2026-09-10T04:52:17.261245+00:00,false,microservices,product,47a3b04159e790d9f9d3eb6c9ab116b6ce342fac7f839e7957228b6d79ca778b,tcc-microservices-experiment-product-1,81.47,84169196,1073741824,7.84,3,63.4MB / 67.6MB,5.46MB / 81.9kB
53,2026-09-10T04:52:18.634937+00:00,107,2026-09-10T04:52:18.260288+00:00,false,microservices,auth,a8d34afd037374e249e94fdcc51a0a0d738d9e7ec61a64eddb7c6f350894dec1,tcc-microservices-experiment-auth-1,0.02,79198945,1073741824,7.38,3,45.8kB / 40.3kB,7.05MB / 65.5kB
53,2026-09-10T04:52:18.634937+00:00,107,2026-09-10T04:52:18.260288+00:00,false,microservices,gateway,55d4f88a6e9b6ffc7b1737bc6bb11d1152a37a3fe8e71dd6f1368ff89925a8c4,tcc-microservices-experiment-gateway-1,32.04,479513805,536870912,89.32,79,57.7MB / 64.4MB,35MB / 246kB
53,2026-09-10T04:52:18.634937+00:00,107,2026-09-10T04:52:18.260288+00:00,false,microservices,mysql,f2f19112f207ba08545ea34a88defb78261071c2a5b9e93ad841a8980758cfdc,tcc-microservices-experiment-mysql-1,27.76,434005606,1073741824,40.42,40,22.9MB / 55.5MB,54.2MB / 181MB
53,2026-09-10T04:52:18.634937+00:00,107,2026-09-10T04:52:18.260288+00:00,false,microservices,order,682589e4f967cfe8187f814b289a6924f24054c6332193a4c5b7622dd97827af,tcc-microservices-experiment-order-1,0.02,74176266,1073741824,6.91,3,5.31MB / 4.14MB,2.65MB / 77.8kB
53,2026-09-10T04:52:18.634937+00:00,107,2026-09-10T04:52:18.260288+00:00,false,microservices,product,47a3b04159e790d9f9d3eb6c9ab116b6ce342fac7f839e7957228b6d79ca778b,tcc-microservices-experiment-product-1,83.67,82124472,1073741824,7.65,3,64.2MB / 68.5MB,5.47MB / 81.9kB
54,2026-09-10T04:52:19.634928+00:00,109,2026-09-10T04:52:19.260662+00:00,false,microservices,auth,a8d34afd037374e249e94fdcc51a0a0d738d9e7ec61a64eddb7c6f350894dec1,tcc-microservices-experiment-auth-1,0.02,79198945,1073741824,7.38,3,45.8kB / 40.3kB,7.05MB / 65.5kB
54,2026-09-10T04:52:19.634928+00:00,109,2026-09-10T04:52:19.260662+00:00,false,microservices,gateway,55d4f88a6e9b6ffc7b1737bc6bb11d1152a37a3fe8e71dd6f1368ff89925a8c4,tcc-microservices-experiment-gateway-1,30.48,479408947,536870912,89.31,79,58.4MB / 65.3MB,35MB / 246kB
54,2026-09-10T04:52:19.634928+00:00,109,2026-09-10T04:52:19.260662+00:00,false,microservices,mysql,f2f19112f207ba08545ea34a88defb78261071c2a5b9e93ad841a8980758cfdc,tcc-microservices-experiment-mysql-1,25.65,433586176,1073741824,40.38,40,23.1MB / 56.1MB,54.2MB / 181MB
54,2026-09-10T04:52:19.634928+00:00,109,2026-09-10T04:52:19.260662+00:00,false,microservices,order,682589e4f967cfe8187f814b289a6924f24054c6332193a4c5b7622dd97827af,tcc-microservices-experiment-order-1,0.02,74176266,1073741824,6.91,3,5.31MB / 4.14MB,2.65MB / 77.8kB
54,2026-09-10T04:52:19.634928+00:00,109,2026-09-10T04:52:19.260662+00:00,false,microservices,product,47a3b04159e790d9f9d3eb6c9ab116b6ce342fac7f839e7957228b6d79ca778b,tcc-microservices-experiment-product-1,80.69,82239816,1073741824,7.66,3,65.1MB / 69.3MB,5.47MB / 81.9kB
55,2026-09-10T04:52:20.634903+00:00,111,2026-09-10T04:52:20.261131+00:00,false,microservices,auth,a8d34afd037374e249e94fdcc51a0a0d738d9e7ec61a64eddb7c6f350894dec1,tcc-microservices-experiment-auth-1,0.02,79188460,1073741824,7.38,3,45.9kB / 40.3kB,7.05MB / 65.5kB
55,2026-09-10T04:52:20.634903+00:00,111,2026-09-10T04:52:20.261131+00:00,false,microservices,gateway,55d4f88a6e9b6ffc7b1737bc6bb11d1152a37a3fe8e71dd6f1368ff89925a8c4,tcc-microservices-experiment-gateway-1,29.72,479408947,536870912,89.3,79,59.1MB / 66.1MB,35MB / 246kB
55,2026-09-10T04:52:20.634903+00:00,111,2026-09-10T04:52:20.261131+00:00,false,microservices,mysql,f2f19112f207ba08545ea34a88defb78261071c2a5b9e93ad841a8980758cfdc,tcc-microservices-experiment-mysql-1,29.41,434215322,1073741824,40.44,40,23.4MB / 56.7MB,54.2MB / 181MB
55,2026-09-10T04:52:20.634903+00:00,111,2026-09-10T04:52:20.261131+00:00,false,microservices,order,682589e4f967cfe8187f814b289a6924f24054c6332193a4c5b7622dd97827af,tcc-microservices-experiment-order-1,0.01,74176266,1073741824,6.91,3,5.31MB / 4.14MB,2.65MB / 77.8kB
55,2026-09-10T04:52:20.634903+00:00,111,2026-09-10T04:52:20.261131+00:00,false,microservices,product,47a3b04159e790d9f9d3eb6c9ab116b6ce342fac7f839e7957228b6d79ca778b,tcc-microservices-experiment-product-1,79.53,82648760,1073741824,7.7,3,65.9MB / 70.2MB,5.47MB / 81.9kB
56,2026-09-10T04:52:21.634929+00:00,113,2026-09-10T04:52:21.260164+00:00,false,microservices,auth,a8d34afd037374e249e94fdcc51a0a0d738d9e7ec61a64eddb7c6f350894dec1,tcc-microservices-experiment-auth-1,0.01,79188460,1073741824,7.38,3,46kB / 40.3kB,7.05MB / 65.5kB
56,2026-09-10T04:52:21.634929+00:00,113,2026-09-10T04:52:21.260164+00:00,false,microservices,gateway,55d4f88a6e9b6ffc7b1737bc6bb11d1152a37a3fe8e71dd6f1368ff89925a8c4,tcc-microservices-experiment-gateway-1,34.62,479828378,536870912,89.38,79,59.9MB / 67MB,35MB / 246kB
56,2026-09-10T04:52:21.634929+00:00,113,2026-09-10T04:52:21.260164+00:00,false,microservices,mysql,f2f19112f207ba08545ea34a88defb78261071c2a5b9e93ad841a8980758cfdc,tcc-microservices-experiment-mysql-1,24.11,434320179,1073741824,40.44,40,23.6MB / 57.4MB,54.2MB / 181MB
56,2026-09-10T04:52:21.634929+00:00,113,2026-09-10T04:52:21.260164+00:00,false,microservices,order,682589e4f967cfe8187f814b289a6924f24054c6332193a4c5b7622dd97827af,tcc-microservices-experiment-order-1,0.02,74176266,1073741824,6.91,3,5.31MB / 4.14MB,2.65MB / 77.8kB
56,2026-09-10T04:52:21.634929+00:00,113,2026-09-10T04:52:21.260164+00:00,false,microservices,product,47a3b04159e790d9f9d3eb6c9ab116b6ce342fac7f839e7957228b6d79ca778b,tcc-microservices-experiment-product-1,82.81,81935729,1073741824,7.63,3,66.7MB / 71.1MB,5.47MB / 81.9kB
57,2026-09-10T04:52:22.634908+00:00,115,2026-09-10T04:52:22.260236+00:00,false,microservices,auth,a8d34afd037374e249e94fdcc51a0a0d738d9e7ec61a64eddb7c6f350894dec1,tcc-microservices-experiment-auth-1,0.02,79188460,1073741824,7.38,3,46.1kB / 40.3kB,7.05MB / 65.5kB
57,2026-09-10T04:52:22.634908+00:00,115,2026-09-10T04:52:22.260236+00:00,false,microservices,gateway,55d4f88a6e9b6ffc7b1737bc6bb11d1152a37a3fe8e71dd6f1368ff89925a8c4,tcc-microservices-experiment-gateway-1,31.0,479408947,536870912,89.31,79,60.7MB / 67.8MB,35MB / 246kB
57,2026-09-10T04:52:22.634908+00:00,115,2026-09-10T04:52:22.260236+00:00,false,microservices,mysql,f2f19112f207ba08545ea34a88defb78261071c2a5b9e93ad841a8980758cfdc,tcc-microservices-experiment-mysql-1,24.11,434320179,1073741824,40.44,40,23.6MB / 57.4MB,54.2MB / 181MB
57,2026-09-10T04:52:22.634908+00:00,115,2026-09-10T04:52:22.260236+00:00,false,microservices,order,682589e4f967cfe8187f814b289a6924f24054c6332193a4c5b7622dd97827af,tcc-microservices-experiment-order-1,0.02,74176266,1073741824,6.91,3,5.31MB / 4.14MB,2.65MB / 77.8kB
57,2026-09-10T04:52:22.634908+00:00,115,2026-09-10T04:52:22.260236+00:00,false,microservices,product,47a3b04159e790d9f9d3eb6c9ab116b6ce342fac7f839e7957228b6d79ca778b,tcc-microservices-experiment-product-1,83.46,82554388,1073741824,7.69,3,67.6MB / 72MB,5.47MB / 81.9kB
58,2026-09-10T04:52:23.634894+00:00,117,2026-09-10T04:52:23.261015+00:00,false,microservices,auth,a8d34afd037374e249e94fdcc51a0a0d738d9e7ec61a64eddb7c6f350894dec1,tcc-microservices-experiment-auth-1,0.02,79188460,1073741824,7.38,3,46.1kB / 40.3kB,7.05MB / 65.5kB
58,2026-09-10T04:52:23.634894+00:00,117,2026-09-10T04:52:23.261015+00:00,false,microservices,gateway,55d4f88a6e9b6ffc7b1737bc6bb11d1152a37a3fe8e71dd6f1368ff89925a8c4,tcc-microservices-experiment-gateway-1,31.0,479408947,536870912,89.31,79,60.7MB / 67.8MB,35MB / 246kB
58,2026-09-10T04:52:23.634894+00:00,117,2026-09-10T04:52:23.261015+00:00,false,microservices,mysql,f2f19112f207ba08545ea34a88defb78261071c2a5b9e93ad841a8980758cfdc,tcc-microservices-experiment-mysql-1,27.72,434215322,1073741824,40.44,40,23.9MB / 58.1MB,54.2MB / 181MB
58,2026-09-10T04:52:23.634894+00:00,117,2026-09-10T04:52:23.261015+00:00,false,microservices,order,682589e4f967cfe8187f814b289a6924f24054c6332193a4c5b7622dd97827af,tcc-microservices-experiment-order-1,0.02,74176266,1073741824,6.91,3,5.31MB / 4.14MB,2.65MB / 77.8kB
58,2026-09-10T04:52:23.634894+00:00,117,2026-09-10T04:52:23.261015+00:00,false,microservices,product,47a3b04159e790d9f9d3eb6c9ab116b6ce342fac7f839e7957228b6d79ca778b,tcc-microservices-experiment-product-1,83.46,82554388,1073741824,7.69,3,67.6MB / 72MB,5.47MB / 81.9kB
59,2026-09-10T04:52:24.634932+00:00,119,2026-09-10T04:52:24.260732+00:00,false,microservices,auth,a8d34afd037374e249e94fdcc51a0a0d738d9e7ec61a64eddb7c6f350894dec1,tcc-microservices-experiment-auth-1,0.02,79188460,1073741824,7.38,3,46.1kB / 40.3kB,7.05MB / 65.5kB
59,2026-09-10T04:52:24.634932+00:00,119,2026-09-10T04:52:24.260732+00:00,false,microservices,gateway,55d4f88a6e9b6ffc7b1737bc6bb11d1152a37a3fe8e71dd6f1368ff89925a8c4,tcc-microservices-experiment-gateway-1,60.69,479094374,536870912,89.24,79,61.4MB / 68.6MB,35MB / 246kB
59,2026-09-10T04:52:24.634932+00:00,119,2026-09-10T04:52:24.260732+00:00,false,microservices,mysql,f2f19112f207ba08545ea34a88defb78261071c2a5b9e93ad841a8980758cfdc,tcc-microservices-experiment-mysql-1,24.74,433795891,1073741824,40.4,40,24.1MB / 58.7MB,54.2MB / 181MB
59,2026-09-10T04:52:24.634932+00:00,119,2026-09-10T04:52:24.260732+00:00,false,microservices,order,682589e4f967cfe8187f814b289a6924f24054c6332193a4c5b7622dd97827af,tcc-microservices-experiment-order-1,0.02,74176266,1073741824,6.91,3,5.31MB / 4.14MB,2.65MB / 77.8kB
59,2026-09-10T04:52:24.634932+00:00,119,2026-09-10T04:52:24.260732+00:00,false,microservices,product,47a3b04159e790d9f9d3eb6c9ab116b6ce342fac7f839e7957228b6d79ca778b,tcc-microservices-experiment-product-1,82.0,82648760,1073741824,7.7,3,68.4MB / 72.9MB,5.47MB / 81.9kB
60,2026-09-10T04:52:25.634931+00:00,121,2026-09-10T04:52:25.261315+00:00,false,microservices,auth,a8d34afd037374e249e94fdcc51a0a0d738d9e7ec61a64eddb7c6f350894dec1,tcc-microservices-experiment-auth-1,0.02,79188460,1073741824,7.38,3,46.1kB / 40.3kB,7.05MB / 65.5kB
60,2026-09-10T04:52:25.634931+00:00,121,2026-09-10T04:52:25.261315+00:00,false,microservices,gateway,55d4f88a6e9b6ffc7b1737bc6bb11d1152a37a3fe8e71dd6f1368ff89925a8c4,tcc-microservices-experiment-gateway-1,59.22,478674944,536870912,89.16,79,62.1MB / 69.5MB,35MB / 246kB
60,2026-09-10T04:52:25.634931+00:00,121,2026-09-10T04:52:25.261315+00:00,false,microservices,mysql,f2f19112f207ba08545ea34a88defb78261071c2a5b9e93ad841a8980758cfdc,tcc-microservices-experiment-mysql-1,29.04,433795891,1073741824,40.4,40,24.3MB / 59.3MB,54.2MB / 181MB
60,2026-09-10T04:52:25.634931+00:00,121,2026-09-10T04:52:25.261315+00:00,false,microservices,order,682589e4f967cfe8187f814b289a6924f24054c6332193a4c5b7622dd97827af,tcc-microservices-experiment-order-1,0.01,74176266,1073741824,6.91,3,5.31MB / 4.14MB,2.65MB / 77.8kB
60,2026-09-10T04:52:25.634931+00:00,121,2026-09-10T04:52:25.261315+00:00,false,microservices,product,47a3b04159e790d9f9d3eb6c9ab116b6ce342fac7f839e7957228b6d79ca778b,tcc-microservices-experiment-product-1,82.31,82082529,1073741824,7.64,3,69.2MB / 73.8MB,5.47MB / 81.9kB
61,2026-09-10T04:52:26.634912+00:00,123,2026-09-10T04:52:26.261278+00:00,false,microservices,auth,a8d34afd037374e249e94fdcc51a0a0d738d9e7ec61a64eddb7c6f350894dec1,tcc-microservices-experiment-auth-1,0.02,79188460,1073741824,7.38,3,46.1kB / 40.3kB,7.05MB / 65.5kB
61,2026-09-10T04:52:26.634912+00:00,123,2026-09-10T04:52:26.261278+00:00,false,microservices,gateway,55d4f88a6e9b6ffc7b1737bc6bb11d1152a37a3fe8e71dd6f1368ff89925a8c4,tcc-microservices-experiment-gateway-1,29.71,479828378,536870912,89.38,79,62.9MB / 70.3MB,35MB / 246kB
61,2026-09-10T04:52:26.634912+00:00,123,2026-09-10T04:52:26.261278+00:00,false,microservices,mysql,f2f19112f207ba08545ea34a88defb78261071c2a5b9e93ad841a8980758cfdc,tcc-microservices-experiment-mysql-1,25.01,434529894,1073741824,40.47,40,24.6MB / 60MB,54.2MB / 181MB
61,2026-09-10T04:52:26.634912+00:00,123,2026-09-10T04:52:26.261278+00:00,false,microservices,order,682589e4f967cfe8187f814b289a6924f24054c6332193a4c5b7622dd97827af,tcc-microservices-experiment-order-1,0.02,74176266,1073741824,6.91,3,5.31MB / 4.14MB,2.65MB / 77.8kB
61,2026-09-10T04:52:26.634912+00:00,123,2026-09-10T04:52:26.261278+00:00,false,microservices,product,47a3b04159e790d9f9d3eb6c9ab116b6ce342fac7f839e7957228b6d79ca778b,tcc-microservices-experiment-product-1,81.72,82208358,1073741824,7.66,3,70.1MB / 74.7MB,5.47MB / 81.9kB
62,2026-09-10T04:52:27.634909+00:00,125,2026-09-10T04:52:27.261224+00:00,false,microservices,auth,a8d34afd037374e249e94fdcc51a0a0d738d9e7ec61a64eddb7c6f350894dec1,tcc-microservices-experiment-auth-1,0.02,79188460,1073741824,7.38,3,46.1kB / 40.3kB,7.05MB / 65.5kB
62,2026-09-10T04:52:27.634909+00:00,125,2026-09-10T04:52:27.261224+00:00,false,microservices,gateway,55d4f88a6e9b6ffc7b1737bc6bb11d1152a37a3fe8e71dd6f1368ff89925a8c4,tcc-microservices-experiment-gateway-1,29.19,480247808,536870912,89.45,79,63.6MB / 71.1MB,35MB / 246kB
62,2026-09-10T04:52:27.634909+00:00,125,2026-09-10T04:52:27.261224+00:00,false,microservices,mysql,f2f19112f207ba08545ea34a88defb78261071c2a5b9e93ad841a8980758cfdc,tcc-microservices-experiment-mysql-1,29.85,435368755,1073741824,40.55,40,24.8MB / 60.6MB,54.2MB / 181MB
62,2026-09-10T04:52:27.634909+00:00,125,2026-09-10T04:52:27.261224+00:00,false,microservices,order,682589e4f967cfe8187f814b289a6924f24054c6332193a4c5b7622dd97827af,tcc-microservices-experiment-order-1,0.02,74176266,1073741824,6.91,3,5.31MB / 4.14MB,2.65MB / 77.8kB
62,2026-09-10T04:52:27.634909+00:00,125,2026-09-10T04:52:27.261224+00:00,false,microservices,product,47a3b04159e790d9f9d3eb6c9ab116b6ce342fac7f839e7957228b6d79ca778b,tcc-microservices-experiment-product-1,81.34,82606817,1073741824,7.69,3,70.9MB / 75.5MB,5.47MB / 81.9kB
63,2026-09-10T04:52:28.634934+00:00,127,2026-09-10T04:52:28.260204+00:00,false,microservices,auth,a8d34afd037374e249e94fdcc51a0a0d738d9e7ec61a64eddb7c6f350894dec1,tcc-microservices-experiment-auth-1,0.02,79188460,1073741824,7.38,3,46.1kB / 40.3kB,7.05MB / 65.5kB
63,2026-09-10T04:52:28.634934+00:00,127,2026-09-10T04:52:28.260204+00:00,false,microservices,gateway,55d4f88a6e9b6ffc7b1737bc6bb11d1152a37a3fe8e71dd6f1368ff89925a8c4,tcc-microservices-experiment-gateway-1,32.57,479618662,536870912,89.33,79,64.4MB / 72MB,35MB / 246kB
63,2026-09-10T04:52:28.634934+00:00,127,2026-09-10T04:52:28.260204+00:00,false,microservices,mysql,f2f19112f207ba08545ea34a88defb78261071c2a5b9e93ad841a8980758cfdc,tcc-microservices-experiment-mysql-1,26.01,433481318,1073741824,40.37,40,25.1MB / 61.3MB,54.2MB / 181MB
63,2026-09-10T04:52:28.634934+00:00,127,2026-09-10T04:52:28.260204+00:00,false,microservices,order,682589e4f967cfe8187f814b289a6924f24054c6332193a4c5b7622dd97827af,tcc-microservices-experiment-order-1,0.02,74176266,1073741824,6.91,3,5.31MB / 4.14MB,2.65MB / 77.8kB
63,2026-09-10T04:52:28.634934+00:00,127,2026-09-10T04:52:28.260204+00:00,false,microservices,product,47a3b04159e790d9f9d3eb6c9ab116b6ce342fac7f839e7957228b6d79ca778b,tcc-microservices-experiment-product-1,80.46,82879447,1073741824,7.72,3,71.7MB / 76.4MB,5.47MB / 81.9kB
64,2026-09-10T04:52:29.634915+00:00,129,2026-09-10T04:52:29.260379+00:00,false,microservices,auth,a8d34afd037374e249e94fdcc51a0a0d738d9e7ec61a64eddb7c6f350894dec1,tcc-microservices-experiment-auth-1,0.02,79188460,1073741824,7.38,3,46.1kB / 40.3kB,7.05MB / 65.5kB
64,2026-09-10T04:52:29.634915+00:00,129,2026-09-10T04:52:29.260379+00:00,false,microservices,gateway,55d4f88a6e9b6ffc7b1737bc6bb11d1152a37a3fe8e71dd6f1368ff89925a8c4,tcc-microservices-experiment-gateway-1,34.3,480142950,536870912,89.43,79,65.1MB / 72.8MB,35MB / 246kB
64,2026-09-10T04:52:29.634915+00:00,129,2026-09-10T04:52:29.260379+00:00,false,microservices,mysql,f2f19112f207ba08545ea34a88defb78261071c2a5b9e93ad841a8980758cfdc,tcc-microservices-experiment-mysql-1,29.63,434110464,1073741824,40.43,40,25.3MB / 61.9MB,54.2MB / 181MB
64,2026-09-10T04:52:29.634915+00:00,129,2026-09-10T04:52:29.260379+00:00,false,microservices,order,682589e4f967cfe8187f814b289a6924f24054c6332193a4c5b7622dd97827af,tcc-microservices-experiment-order-1,0.02,74176266,1073741824,6.91,3,5.31MB / 4.14MB,2.65MB / 77.8kB
64,2026-09-10T04:52:29.634915+00:00,129,2026-09-10T04:52:29.260379+00:00,false,microservices,product,47a3b04159e790d9f9d3eb6c9ab116b6ce342fac7f839e7957228b6d79ca778b,tcc-microservices-experiment-product-1,81.88,82774589,1073741824,7.71,3,72.5MB / 77.3MB,5.47MB / 81.9kB
65,2026-09-10T04:52:30.634936+00:00,131,2026-09-10T04:52:30.260204+00:00,false,microservices,auth,a8d34afd037374e249e94fdcc51a0a0d738d9e7ec61a64eddb7c6f350894dec1,tcc-microservices-experiment-auth-1,0.02,79188460,1073741824,7.38,3,46.1kB / 40.3kB,7.05MB / 65.5kB
65,2026-09-10T04:52:30.634936+00:00,131,2026-09-10T04:52:30.260204+00:00,false,microservices,gateway,55d4f88a6e9b6ffc7b1737bc6bb11d1152a37a3fe8e71dd6f1368ff89925a8c4,tcc-microservices-experiment-gateway-1,30.26,480142950,536870912,89.44,79,65.9MB / 73.7MB,35MB / 246kB
65,2026-09-10T04:52:30.634936+00:00,131,2026-09-10T04:52:30.260204+00:00,false,microservices,mysql,f2f19112f207ba08545ea34a88defb78261071c2a5b9e93ad841a8980758cfdc,tcc-microservices-experiment-mysql-1,24.09,434425037,1073741824,40.46,40,25.5MB / 62.6MB,54.2MB / 181MB
65,2026-09-10T04:52:30.634936+00:00,131,2026-09-10T04:52:30.260204+00:00,false,microservices,order,682589e4f967cfe8187f814b289a6924f24054c6332193a4c5b7622dd97827af,tcc-microservices-experiment-order-1,0.02,74176266,1073741824,6.91,3,5.31MB / 4.14MB,2.65MB / 77.8kB
65,2026-09-10T04:52:30.634936+00:00,131,2026-09-10T04:52:30.260204+00:00,false,microservices,product,47a3b04159e790d9f9d3eb6c9ab116b6ce342fac7f839e7957228b6d79ca778b,tcc-microservices-experiment-product-1,82.24,83005276,1073741824,7.73,3,73.4MB / 78.2MB,5.47MB / 81.9kB
66,2026-09-10T04:52:31.634925+00:00,133,2026-09-10T04:52:31.261441+00:00,false,microservices,auth,a8d34afd037374e249e94fdcc51a0a0d738d9e7ec61a64eddb7c6f350894dec1,tcc-microservices-experiment-auth-1,0.02,79188460,1073741824,7.38,3,46.1kB / 40.3kB,7.05MB / 65.5kB
66,2026-09-10T04:52:31.634925+00:00,133,2026-09-10T04:52:31.261441+00:00,false,microservices,gateway,55d4f88a6e9b6ffc7b1737bc6bb11d1152a37a3fe8e71dd6f1368ff89925a8c4,tcc-microservices-experiment-gateway-1,30.52,480352666,536870912,89.48,79,66.7MB / 74.5MB,35MB / 246kB
66,2026-09-10T04:52:31.634925+00:00,133,2026-09-10T04:52:31.261441+00:00,false,microservices,mysql,f2f19112f207ba08545ea34a88defb78261071c2a5b9e93ad841a8980758cfdc,tcc-microservices-experiment-mysql-1,28.28,434844467,1073741824,40.5,40,25.8MB / 63.3MB,54.2MB / 181MB
66,2026-09-10T04:52:31.634925+00:00,133,2026-09-10T04:52:31.261441+00:00,false,microservices,order,682589e4f967cfe8187f814b289a6924f24054c6332193a4c5b7622dd97827af,tcc-microservices-experiment-order-1,0.02,74176266,1073741824,6.91,3,5.31MB / 4.14MB,2.65MB / 77.8kB
66,2026-09-10T04:52:31.634925+00:00,133,2026-09-10T04:52:31.261441+00:00,false,microservices,product,47a3b04159e790d9f9d3eb6c9ab116b6ce342fac7f839e7957228b6d79ca778b,tcc-microservices-experiment-product-1,81.87,82659246,1073741824,7.7,3,74.2MB / 79.1MB,5.47MB / 81.9kB
67,2026-09-10T04:52:32.634913+00:00,135,2026-09-10T04:52:32.260319+00:00,false,microservices,auth,a8d34afd037374e249e94fdcc51a0a0d738d9e7ec61a64eddb7c6f350894dec1,tcc-microservices-experiment-auth-1,0.02,79188460,1073741824,7.38,3,46.1kB / 40.3kB,7.05MB / 65.5kB
67,2026-09-10T04:52:32.634913+00:00,135,2026-09-10T04:52:32.260319+00:00,false,microservices,gateway,55d4f88a6e9b6ffc7b1737bc6bb11d1152a37a3fe8e71dd6f1368ff89925a8c4,tcc-microservices-experiment-gateway-1,70.17,479933235,536870912,89.4,79,67.4MB / 75.4MB,35MB / 246kB
67,2026-09-10T04:52:32.634913+00:00,135,2026-09-10T04:52:32.260319+00:00,false,microservices,mysql,f2f19112f207ba08545ea34a88defb78261071c2a5b9e93ad841a8980758cfdc,tcc-microservices-experiment-mysql-1,25.41,434529894,1073741824,40.47,40,26MB / 63.9MB,54.2MB / 181MB
67,2026-09-10T04:52:32.634913+00:00,135,2026-09-10T04:52:32.260319+00:00,false,microservices,order,682589e4f967cfe8187f814b289a6924f24054c6332193a4c5b7622dd97827af,tcc-microservices-experiment-order-1,0.02,74176266,1073741824,6.91,3,5.31MB / 4.14MB,2.65MB / 77.8kB
67,2026-09-10T04:52:32.634913+00:00,135,2026-09-10T04:52:32.260319+00:00,false,microservices,product,47a3b04159e790d9f9d3eb6c9ab116b6ce342fac7f839e7957228b6d79ca778b,tcc-microservices-experiment-product-1,81.11,83120620,1073741824,7.74,3,75.1MB / 80MB,5.47MB / 81.9kB
68,2026-09-10T04:52:33.634928+00:00,137,2026-09-10T04:52:33.261442+00:00,false,microservices,auth,a8d34afd037374e249e94fdcc51a0a0d738d9e7ec61a64eddb7c6f350894dec1,tcc-microservices-experiment-auth-1,0.02,79188460,1073741824,7.38,3,46.1kB / 40.3kB,7.05MB / 65.5kB
68,2026-09-10T04:52:33.634928+00:00,137,2026-09-10T04:52:33.261442+00:00,false,microservices,gateway,55d4f88a6e9b6ffc7b1737bc6bb11d1152a37a3fe8e71dd6f1368ff89925a8c4,tcc-microservices-experiment-gateway-1,30.79,480352666,536870912,89.47,79,68.2MB / 76.2MB,35MB / 258kB
68,2026-09-10T04:52:33.634928+00:00,137,2026-09-10T04:52:33.261442+00:00,false,microservices,mysql,f2f19112f207ba08545ea34a88defb78261071c2a5b9e93ad841a8980758cfdc,tcc-microservices-experiment-mysql-1,28.82,434215322,1073741824,40.44,40,26.3MB / 64.6MB,54.2MB / 181MB
68,2026-09-10T04:52:33.634928+00:00,137,2026-09-10T04:52:33.261442+00:00,false,microservices,order,682589e4f967cfe8187f814b289a6924f24054c6332193a4c5b7622dd97827af,tcc-microservices-experiment-order-1,0.02,74176266,1073741824,6.91,3,5.31MB / 4.14MB,2.65MB / 77.8kB
68,2026-09-10T04:52:33.634928+00:00,137,2026-09-10T04:52:33.261442+00:00,false,microservices,product,47a3b04159e790d9f9d3eb6c9ab116b6ce342fac7f839e7957228b6d79ca778b,tcc-microservices-experiment-product-1,82.99,83225477,1073741824,7.75,3,75.9MB / 80.9MB,5.47MB / 81.9kB
69,2026-09-10T04:52:34.634903+00:00,139,2026-09-10T04:52:34.260268+00:00,false,microservices,auth,a8d34afd037374e249e94fdcc51a0a0d738d9e7ec61a64eddb7c6f350894dec1,tcc-microservices-experiment-auth-1,0.02,79188460,1073741824,7.38,3,46.1kB / 40.3kB,7.05MB / 65.5kB
69,2026-09-10T04:52:34.634903+00:00,139,2026-09-10T04:52:34.260268+00:00,false,microservices,gateway,55d4f88a6e9b6ffc7b1737bc6bb11d1152a37a3fe8e71dd6f1368ff89925a8c4,tcc-microservices-experiment-gateway-1,31.19,480247808,536870912,89.45,79,69MB / 77.1MB,35MB / 258kB
69,2026-09-10T04:52:34.634903+00:00,139,2026-09-10T04:52:34.260268+00:00,false,microservices,mysql,f2f19112f207ba08545ea34a88defb78261071c2a5b9e93ad841a8980758cfdc,tcc-microservices-experiment-mysql-1,24.4,433691034,1073741824,40.39,40,26.5MB / 65.2MB,54.2MB / 182MB
69,2026-09-10T04:52:34.634903+00:00,139,2026-09-10T04:52:34.260268+00:00,false,microservices,order,682589e4f967cfe8187f814b289a6924f24054c6332193a4c5b7622dd97827af,tcc-microservices-experiment-order-1,0.02,74176266,1073741824,6.91,3,5.31MB / 4.14MB,2.65MB / 77.8kB
69,2026-09-10T04:52:34.634903+00:00,139,2026-09-10T04:52:34.260268+00:00,false,microservices,product,47a3b04159e790d9f9d3eb6c9ab116b6ce342fac7f839e7957228b6d79ca778b,tcc-microservices-experiment-product-1,82.87,82512445,1073741824,7.68,3,76.8MB / 81.8MB,5.47MB / 1.34MB
70,2026-09-10T04:52:35.634924+00:00,141,2026-09-10T04:52:35.261408+00:00,false,microservices,auth,a8d34afd037374e249e94fdcc51a0a0d738d9e7ec61a64eddb7c6f350894dec1,tcc-microservices-experiment-auth-1,0.02,79188460,1073741824,7.38,3,46.1kB / 40.3kB,7.05MB / 65.5kB
70,2026-09-10T04:52:35.634924+00:00,141,2026-09-10T04:52:35.261408+00:00,false,microservices,gateway,55d4f88a6e9b6ffc7b1737bc6bb11d1152a37a3fe8e71dd6f1368ff89925a8c4,tcc-microservices-experiment-gateway-1,29.63,480038093,536870912,89.42,79,69.7MB / 77.9MB,35MB / 258kB
70,2026-09-10T04:52:35.634924+00:00,141,2026-09-10T04:52:35.261408+00:00,false,microservices,mysql,f2f19112f207ba08545ea34a88defb78261071c2a5b9e93ad841a8980758cfdc,tcc-microservices-experiment-mysql-1,30.41,434215322,1073741824,40.44,40,26.8MB / 65.9MB,54.2MB / 182MB
70,2026-09-10T04:52:35.634924+00:00,141,2026-09-10T04:52:35.261408+00:00,false,microservices,order,682589e4f967cfe8187f814b289a6924f24054c6332193a4c5b7622dd97827af,tcc-microservices-experiment-order-1,0.02,74176266,1073741824,6.91,3,5.31MB / 4.14MB,2.65MB / 77.8kB
70,2026-09-10T04:52:35.634924+00:00,141,2026-09-10T04:52:35.261408+00:00,false,microservices,product,47a3b04159e790d9f9d3eb6c9ab116b6ce342fac7f839e7957228b6d79ca778b,tcc-microservices-experiment-product-1,79.83,82722161,1073741824,7.7,3,77.6MB / 82.7MB,5.47MB / 1.34MB
71,2026-09-10T04:52:36.634903+00:00,143,2026-09-10T04:52:36.260214+00:00,false,microservices,auth,a8d34afd037374e249e94fdcc51a0a0d738d9e7ec61a64eddb7c6f350894dec1,tcc-microservices-experiment-auth-1,0.02,79188460,1073741824,7.38,3,46.1kB / 40.3kB,7.05MB / 65.5kB
71,2026-09-10T04:52:36.634903+00:00,143,2026-09-10T04:52:36.260214+00:00,false,microservices,gateway,55d4f88a6e9b6ffc7b1737bc6bb11d1152a37a3fe8e71dd6f1368ff89925a8c4,tcc-microservices-experiment-gateway-1,33.86,480142950,536870912,89.44,79,70.5MB / 78.8MB,35MB / 258kB
71,2026-09-10T04:52:36.634903+00:00,143,2026-09-10T04:52:36.260214+00:00,false,microservices,mysql,f2f19112f207ba08545ea34a88defb78261071c2a5b9e93ad841a8980758cfdc,tcc-microservices-experiment-mysql-1,25.43,434110464,1073741824,40.43,40,27MB / 66.5MB,54.2MB / 182MB
71,2026-09-10T04:52:36.634903+00:00,143,2026-09-10T04:52:36.260214+00:00,false,microservices,order,682589e4f967cfe8187f814b289a6924f24054c6332193a4c5b7622dd97827af,tcc-microservices-experiment-order-1,0.02,74176266,1073741824,6.91,3,5.31MB / 4.14MB,2.65MB / 77.8kB
71,2026-09-10T04:52:36.634903+00:00,143,2026-09-10T04:52:36.260214+00:00,false,microservices,product,47a3b04159e790d9f9d3eb6c9ab116b6ce342fac7f839e7957228b6d79ca778b,tcc-microservices-experiment-product-1,80.52,82732646,1073741824,7.71,3,78.4MB / 83.6MB,5.47MB / 1.34MB
72,2026-09-10T04:52:37.634931+00:00,145,2026-09-10T04:52:37.262403+00:00,false,microservices,auth,a8d34afd037374e249e94fdcc51a0a0d738d9e7ec61a64eddb7c6f350894dec1,tcc-microservices-experiment-auth-1,0.02,79188460,1073741824,7.38,3,46.1kB / 40.3kB,7.05MB / 65.5kB
72,2026-09-10T04:52:37.634931+00:00,145,2026-09-10T04:52:37.262403+00:00,false,microservices,gateway,55d4f88a6e9b6ffc7b1737bc6bb11d1152a37a3fe8e71dd6f1368ff89925a8c4,tcc-microservices-experiment-gateway-1,29.62,479828378,536870912,89.37,79,71.2MB / 79.6MB,35MB / 258kB
72,2026-09-10T04:52:37.634931+00:00,145,2026-09-10T04:52:37.262403+00:00,false,microservices,mysql,f2f19112f207ba08545ea34a88defb78261071c2a5b9e93ad841a8980758cfdc,tcc-microservices-experiment-mysql-1,30.31,434110464,1073741824,40.43,40,27.2MB / 67.2MB,54.2MB / 182MB
72,2026-09-10T04:52:37.634931+00:00,145,2026-09-10T04:52:37.262403+00:00,false,microservices,order,682589e4f967cfe8187f814b289a6924f24054c6332193a4c5b7622dd97827af,tcc-microservices-experiment-order-1,0.02,74176266,1073741824,6.91,3,5.31MB / 4.14MB,2.65MB / 77.8kB
72,2026-09-10T04:52:37.634931+00:00,145,2026-09-10T04:52:37.262403+00:00,false,microservices,product,47a3b04159e790d9f9d3eb6c9ab116b6ce342fac7f839e7957228b6d79ca778b,tcc-microservices-experiment-product-1,79.89,82847990,1073741824,7.72,3,79.2MB / 84.5MB,5.47MB / 1.34MB
73,2026-09-10T04:52:38.634903+00:00,147,2026-09-10T04:52:38.260330+00:00,false,microservices,auth,a8d34afd037374e249e94fdcc51a0a0d738d9e7ec61a64eddb7c6f350894dec1,tcc-microservices-experiment-auth-1,0.02,79188460,1073741824,7.38,3,46.1kB / 40.3kB,7.05MB / 65.5kB
73,2026-09-10T04:52:38.634903+00:00,147,2026-09-10T04:52:38.260330+00:00,false,microservices,gateway,55d4f88a6e9b6ffc7b1737bc6bb11d1152a37a3fe8e71dd6f1368ff89925a8c4,tcc-microservices-experiment-gateway-1,30.38,480457523,536870912,89.49,79,72MB / 80.4MB,35MB / 258kB
73,2026-09-10T04:52:38.634903+00:00,147,2026-09-10T04:52:38.260330+00:00,false,microservices,mysql,f2f19112f207ba08545ea34a88defb78261071c2a5b9e93ad841a8980758cfdc,tcc-microservices-experiment-mysql-1,25.56,434215322,1073741824,40.44,40,27.5MB / 67.8MB,54.2MB / 182MB
73,2026-09-10T04:52:38.634903+00:00,147,2026-09-10T04:52:38.260330+00:00,false,microservices,order,682589e4f967cfe8187f814b289a6924f24054c6332193a4c5b7622dd97827af,tcc-microservices-experiment-order-1,0.02,74176266,1073741824,6.91,3,5.31MB / 4.14MB,2.65MB / 77.8kB
73,2026-09-10T04:52:38.634903+00:00,147,2026-09-10T04:52:38.260330+00:00,false,microservices,product,47a3b04159e790d9f9d3eb6c9ab116b6ce342fac7f839e7957228b6d79ca778b,tcc-microservices-experiment-product-1,80.07,82522931,1073741824,7.69,3,80.1MB / 85.4MB,5.47MB / 1.34MB
74,2026-09-10T04:52:39.634917+00:00,149,2026-09-10T04:52:39.261208+00:00,false,microservices,auth,a8d34afd037374e249e94fdcc51a0a0d738d9e7ec61a64eddb7c6f350894dec1,tcc-microservices-experiment-auth-1,0.02,79188460,1073741824,7.38,3,46.1kB / 40.3kB,7.05MB / 65.5kB
74,2026-09-10T04:52:39.634917+00:00,149,2026-09-10T04:52:39.261208+00:00,false,microservices,gateway,55d4f88a6e9b6ffc7b1737bc6bb11d1152a37a3fe8e71dd6f1368ff89925a8c4,tcc-microservices-experiment-gateway-1,29.86,480038093,536870912,89.41,79,72.7MB / 81.3MB,35MB / 258kB
74,2026-09-10T04:52:39.634917+00:00,149,2026-09-10T04:52:39.261208+00:00,false,microservices,mysql,f2f19112f207ba08545ea34a88defb78261071c2a5b9e93ad841a8980758cfdc,tcc-microservices-experiment-mysql-1,28.45,434425037,1073741824,40.46,40,27.7MB / 68.5MB,54.2MB / 182MB
74,2026-09-10T04:52:39.634917+00:00,149,2026-09-10T04:52:39.261208+00:00,false,microservices,order,682589e4f967cfe8187f814b289a6924f24054c6332193a4c5b7622dd97827af,tcc-microservices-experiment-order-1,0.02,74176266,1073741824,6.91,3,5.31MB / 4.14MB,2.65MB / 77.8kB
74,2026-09-10T04:52:39.634917+00:00,149,2026-09-10T04:52:39.261208+00:00,false,microservices,product,47a3b04159e790d9f9d3eb6c9ab116b6ce342fac7f839e7957228b6d79ca778b,tcc-microservices-experiment-product-1,82.37,82785075,1073741824,7.71,3,80.9MB / 86.3MB,5.47MB / 1.34MB
75,2026-09-10T04:52:40.634924+00:00,151,2026-09-10T04:52:40.261179+00:00,false,microservices,auth,a8d34afd037374e249e94fdcc51a0a0d738d9e7ec61a64eddb7c6f350894dec1,tcc-microservices-experiment-auth-1,0.01,79188460,1073741824,7.38,3,46.1kB / 40.3kB,7.05MB / 65.5kB
75,2026-09-10T04:52:40.634924+00:00,151,2026-09-10T04:52:40.261179+00:00,false,microservices,gateway,55d4f88a6e9b6ffc7b1737bc6bb11d1152a37a3fe8e71dd6f1368ff89925a8c4,tcc-microservices-experiment-gateway-1,29.67,480457523,536870912,89.48,79,73.5MB / 82.1MB,35MB / 258kB
75,2026-09-10T04:52:40.634924+00:00,151,2026-09-10T04:52:40.261179+00:00,false,microservices,mysql,f2f19112f207ba08545ea34a88defb78261071c2a5b9e93ad841a8980758cfdc,tcc-microservices-experiment-mysql-1,25.25,433586176,1073741824,40.38,40,28MB / 69.1MB,54.2MB / 182MB
75,2026-09-10T04:52:40.634924+00:00,151,2026-09-10T04:52:40.261179+00:00,false,microservices,order,682589e4f967cfe8187f814b289a6924f24054c6332193a4c5b7622dd97827af,tcc-microservices-experiment-order-1,0.02,74176266,1073741824,6.91,3,5.31MB / 4.14MB,2.65MB / 77.8kB
75,2026-09-10T04:52:40.634924+00:00,151,2026-09-10T04:52:40.261179+00:00,false,microservices,product,47a3b04159e790d9f9d3eb6c9ab116b6ce342fac7f839e7957228b6d79ca778b,tcc-microservices-experiment-product-1,81.18,83099648,1073741824,7.74,3,81.7MB / 87.2MB,5.47MB / 1.34MB
76,2026-09-10T04:52:41.634903+00:00,153,2026-09-10T04:52:41.262058+00:00,false,microservices,auth,a8d34afd037374e249e94fdcc51a0a0d738d9e7ec61a64eddb7c6f350894dec1,tcc-microservices-experiment-auth-1,0.02,79188460,1073741824,7.38,3,46.1kB / 40.3kB,7.05MB / 65.5kB
76,2026-09-10T04:52:41.634903+00:00,153,2026-09-10T04:52:41.262058+00:00,false,microservices,gateway,55d4f88a6e9b6ffc7b1737bc6bb11d1152a37a3fe8e71dd6f1368ff89925a8c4,tcc-microservices-experiment-gateway-1,29.96,479304090,536870912,89.27,79,74.2MB / 83MB,35MB / 258kB
76,2026-09-10T04:52:41.634903+00:00,153,2026-09-10T04:52:41.262058+00:00,false,microservices,mysql,f2f19112f207ba08545ea34a88defb78261071c2a5b9e93ad841a8980758cfdc,tcc-microservices-experiment-mysql-1,29.02,435054182,1073741824,40.51,40,28.2MB / 69.8MB,54.2MB / 182MB
76,2026-09-10T04:52:41.634903+00:00,153,2026-09-10T04:52:41.262058+00:00,false,microservices,order,682589e4f967cfe8187f814b289a6924f24054c6332193a4c5b7622dd97827af,tcc-microservices-experiment-order-1,0.03,74176266,1073741824,6.91,3,5.31MB / 4.14MB,2.65MB / 77.8kB
76,2026-09-10T04:52:41.634903+00:00,153,2026-09-10T04:52:41.262058+00:00,false,microservices,product,47a3b04159e790d9f9d3eb6c9ab116b6ce342fac7f839e7957228b6d79ca778b,tcc-microservices-experiment-product-1,82.1,83047219,1073741824,7.73,3,82.6MB / 88.1MB,5.47MB / 1.34MB
77,2026-09-10T04:52:42.634922+00:00,155,2026-09-10T04:52:42.261262+00:00,false,microservices,auth,a8d34afd037374e249e94fdcc51a0a0d738d9e7ec61a64eddb7c6f350894dec1,tcc-microservices-experiment-auth-1,0.02,79188460,1073741824,7.38,3,46.1kB / 40.3kB,7.05MB / 65.5kB
77,2026-09-10T04:52:42.634922+00:00,155,2026-09-10T04:52:42.261262+00:00,false,microservices,gateway,55d4f88a6e9b6ffc7b1737bc6bb11d1152a37a3fe8e71dd6f1368ff89925a8c4,tcc-microservices-experiment-gateway-1,29.51,480142950,536870912,89.43,79,75MB / 83.8MB,35MB / 258kB
77,2026-09-10T04:52:42.634922+00:00,155,2026-09-10T04:52:42.261262+00:00,false,microservices,mysql,f2f19112f207ba08545ea34a88defb78261071c2a5b9e93ad841a8980758cfdc,tcc-microservices-experiment-mysql-1,25.33,433900749,1073741824,40.41,40,28.4MB / 70.4MB,54.2MB / 182MB
77,2026-09-10T04:52:42.634922+00:00,155,2026-09-10T04:52:42.261262+00:00,false,microservices,order,682589e4f967cfe8187f814b289a6924f24054c6332193a4c5b7622dd97827af,tcc-microservices-experiment-order-1,0.02,74176266,1073741824,6.91,3,5.31MB / 4.14MB,2.65MB / 77.8kB
77,2026-09-10T04:52:42.634922+00:00,155,2026-09-10T04:52:42.261262+00:00,false,microservices,product,47a3b04159e790d9f9d3eb6c9ab116b6ce342fac7f839e7957228b6d79ca778b,tcc-microservices-experiment-product-1,81.1,83005276,1073741824,7.73,3,83.4MB / 89MB,5.47MB / 1.34MB
78,2026-09-10T04:52:43.634914+00:00,157,2026-09-10T04:52:43.262600+00:00,false,microservices,auth,a8d34afd037374e249e94fdcc51a0a0d738d9e7ec61a64eddb7c6f350894dec1,tcc-microservices-experiment-auth-1,0.02,79188460,1073741824,7.38,3,46.1kB / 40.3kB,7.05MB / 65.5kB
78,2026-09-10T04:52:43.634914+00:00,157,2026-09-10T04:52:43.262600+00:00,false,microservices,gateway,55d4f88a6e9b6ffc7b1737bc6bb11d1152a37a3fe8e71dd6f1368ff89925a8c4,tcc-microservices-experiment-gateway-1,33.06,488741274,536870912,91.04,79,75.7MB / 84.7MB,35MB / 258kB
78,2026-09-10T04:52:43.634914+00:00,157,2026-09-10T04:52:43.262600+00:00,false,microservices,mysql,f2f19112f207ba08545ea34a88defb78261071c2a5b9e93ad841a8980758cfdc,tcc-microservices-experiment-mysql-1,28.86,434320179,1073741824,40.45,40,28.7MB / 71.1MB,54.2MB / 182MB
78,2026-09-10T04:52:43.634914+00:00,157,2026-09-10T04:52:43.262600+00:00,false,microservices,order,682589e4f967cfe8187f814b289a6924f24054c6332193a4c5b7622dd97827af,tcc-microservices-experiment-order-1,0.02,74176266,1073741824,6.91,3,5.31MB / 4.14MB,2.65MB / 77.8kB
78,2026-09-10T04:52:43.634914+00:00,157,2026-09-10T04:52:43.262600+00:00,false,microservices,product,47a3b04159e790d9f9d3eb6c9ab116b6ce342fac7f839e7957228b6d79ca778b,tcc-microservices-experiment-product-1,81.47,82449531,1073741824,7.68,3,84.3MB / 89.9MB,5.47MB / 1.34MB
79,2026-09-10T04:52:44.634894+00:00,159,2026-09-10T04:52:44.261498+00:00,false,microservices,auth,a8d34afd037374e249e94fdcc51a0a0d738d9e7ec61a64eddb7c6f350894dec1,tcc-microservices-experiment-auth-1,0.02,79188460,1073741824,7.38,3,46.1kB / 40.3kB,7.05MB / 65.5kB
79,2026-09-10T04:52:44.634894+00:00,159,2026-09-10T04:52:44.261498+00:00,false,microservices,gateway,55d4f88a6e9b6ffc7b1737bc6bb11d1152a37a3fe8e71dd6f1368ff89925a8c4,tcc-microservices-experiment-gateway-1,29.54,489475277,536870912,91.18,79,76.5MB / 85.5MB,35MB / 258kB
79,2026-09-10T04:52:44.634894+00:00,159,2026-09-10T04:52:44.261498+00:00,false,microservices,mysql,f2f19112f207ba08545ea34a88defb78261071c2a5b9e93ad841a8980758cfdc,tcc-microservices-experiment-mysql-1,24.86,434215322,1073741824,40.44,40,28.9MB / 71.7MB,54.2MB / 182MB
79,2026-09-10T04:52:44.634894+00:00,159,2026-09-10T04:52:44.261498+00:00,false,microservices,order,682589e4f967cfe8187f814b289a6924f24054c6332193a4c5b7622dd97827af,tcc-microservices-experiment-order-1,0.01,74176266,1073741824,6.91,3,5.31MB / 4.14MB,2.65MB / 77.8kB
79,2026-09-10T04:52:44.634894+00:00,159,2026-09-10T04:52:44.261498+00:00,false,microservices,product,47a3b04159e790d9f9d3eb6c9ab116b6ce342fac7f839e7957228b6d79ca778b,tcc-microservices-experiment-product-1,80.96,82984305,1073741824,7.73,3,85.1MB / 90.7MB,5.47MB / 1.34MB
80,2026-09-10T04:52:45.634914+00:00,161,2026-09-10T04:52:45.261351+00:00,false,microservices,auth,a8d34afd037374e249e94fdcc51a0a0d738d9e7ec61a64eddb7c6f350894dec1,tcc-microservices-experiment-auth-1,0.02,79188460,1073741824,7.38,3,46.1kB / 40.3kB,7.05MB / 65.5kB
80,2026-09-10T04:52:45.634914+00:00,161,2026-09-10T04:52:45.261351+00:00,false,microservices,gateway,55d4f88a6e9b6ffc7b1737bc6bb11d1152a37a3fe8e71dd6f1368ff89925a8c4,tcc-microservices-experiment-gateway-1,29.82,489684992,536870912,91.22,79,77.2MB / 86.3MB,35MB / 258kB
80,2026-09-10T04:52:45.634914+00:00,161,2026-09-10T04:52:45.261351+00:00,false,microservices,mysql,f2f19112f207ba08545ea34a88defb78261071c2a5b9e93ad841a8980758cfdc,tcc-microservices-experiment-mysql-1,28.39,434529894,1073741824,40.47,40,29.2MB / 72.4MB,54.2MB / 182MB
80,2026-09-10T04:52:45.634914+00:00,161,2026-09-10T04:52:45.261351+00:00,false,microservices,order,682589e4f967cfe8187f814b289a6924f24054c6332193a4c5b7622dd97827af,tcc-microservices-experiment-order-1,0.02,74176266,1073741824,6.91,3,5.31MB / 4.14MB,2.65MB / 77.8kB
80,2026-09-10T04:52:45.634914+00:00,161,2026-09-10T04:52:45.261351+00:00,false,microservices,product,47a3b04159e790d9f9d3eb6c9ab116b6ce342fac7f839e7957228b6d79ca778b,tcc-microservices-experiment-product-1,82.23,82690703,1073741824,7.7,3,85.9MB / 91.6MB,5.47MB / 1.34MB
81,2026-09-10T04:52:46.634916+00:00,163,2026-09-10T04:52:46.261827+00:00,false,microservices,auth,a8d34afd037374e249e94fdcc51a0a0d738d9e7ec61a64eddb7c6f350894dec1,tcc-microservices-experiment-auth-1,0.02,79188460,1073741824,7.38,3,46.1kB / 40.3kB,7.05MB / 65.5kB
81,2026-09-10T04:52:46.634916+00:00,163,2026-09-10T04:52:46.261827+00:00,false,microservices,gateway,55d4f88a6e9b6ffc7b1737bc6bb11d1152a37a3fe8e71dd6f1368ff89925a8c4,tcc-microservices-experiment-gateway-1,29.69,489160704,536870912,91.12,79,78MB / 87.2MB,35MB / 258kB
81,2026-09-10T04:52:46.634916+00:00,163,2026-09-10T04:52:46.261827+00:00,false,microservices,mysql,f2f19112f207ba08545ea34a88defb78261071c2a5b9e93ad841a8980758cfdc,tcc-microservices-experiment-mysql-1,25.54,433166746,1073741824,40.34,40,29.4MB / 73MB,54.2MB / 182MB
81,2026-09-10T04:52:46.634916+00:00,163,2026-09-10T04:52:46.261827+00:00,false,microservices,order,682589e4f967cfe8187f814b289a6924f24054c6332193a4c5b7622dd97827af,tcc-microservices-experiment-order-1,0.02,74176266,1073741824,6.91,3,5.31MB / 4.14MB,2.65MB / 77.8kB
81,2026-09-10T04:52:46.634916+00:00,163,2026-09-10T04:52:46.261827+00:00,false,microservices,product,47a3b04159e790d9f9d3eb6c9ab116b6ce342fac7f839e7957228b6d79ca778b,tcc-microservices-experiment-product-1,80.62,82585846,1073741824,7.69,3,86.8MB / 92.5MB,5.47MB / 1.34MB
82,2026-09-10T04:52:47.634894+00:00,165,2026-09-10T04:52:47.261454+00:00,false,microservices,auth,a8d34afd037374e249e94fdcc51a0a0d738d9e7ec61a64eddb7c6f350894dec1,tcc-microservices-experiment-auth-1,0.02,79188460,1073741824,7.38,3,46.1kB / 40.3kB,7.05MB / 65.5kB
82,2026-09-10T04:52:47.634894+00:00,165,2026-09-10T04:52:47.261454+00:00,false,microservices,gateway,55d4f88a6e9b6ffc7b1737bc6bb11d1152a37a3fe8e71dd6f1368ff89925a8c4,tcc-microservices-experiment-gateway-1,29.04,489370419,536870912,91.15,79,78.7MB / 88MB,35MB / 258kB
82,2026-09-10T04:52:47.634894+00:00,165,2026-09-10T04:52:47.261454+00:00,false,microservices,mysql,f2f19112f207ba08545ea34a88defb78261071c2a5b9e93ad841a8980758cfdc,tcc-microservices-experiment-mysql-1,29.98,434844467,1073741824,40.5,40,29.6MB / 73.7MB,54.2MB / 182MB
82,2026-09-10T04:52:47.634894+00:00,165,2026-09-10T04:52:47.261454+00:00,false,microservices,order,682589e4f967cfe8187f814b289a6924f24054c6332193a4c5b7622dd97827af,tcc-microservices-experiment-order-1,0.02,74176266,1073741824,6.91,3,5.31MB / 4.14MB,2.65MB / 77.8kB
82,2026-09-10T04:52:47.634894+00:00,165,2026-09-10T04:52:47.261454+00:00,false,microservices,product,47a3b04159e790d9f9d3eb6c9ab116b6ce342fac7f839e7957228b6d79ca778b,tcc-microservices-experiment-product-1,80.08,82774589,1073741824,7.71,3,87.6MB / 93.4MB,5.47MB / 1.34MB
83,2026-09-10T04:52:48.634896+00:00,167,2026-09-10T04:52:48.261506+00:00,false,microservices,auth,a8d34afd037374e249e94fdcc51a0a0d738d9e7ec61a64eddb7c6f350894dec1,tcc-microservices-experiment-auth-1,0.02,79188460,1073741824,7.38,3,46.1kB / 40.3kB,7.05MB / 65.5kB
83,2026-09-10T04:52:48.634896+00:00,167,2026-09-10T04:52:48.261506+00:00,false,microservices,gateway,55d4f88a6e9b6ffc7b1737bc6bb11d1152a37a3fe8e71dd6f1368ff89925a8c4,tcc-microservices-experiment-gateway-1,29.31,488846131,536870912,91.05,79,79.5MB / 88.9MB,35MB / 258kB
83,2026-09-10T04:52:48.634896+00:00,167,2026-09-10T04:52:48.261506+00:00,false,microservices,mysql,f2f19112f207ba08545ea34a88defb78261071c2a5b9e93ad841a8980758cfdc,tcc-microservices-experiment-mysql-1,25.81,433376461,1073741824,40.36,40,29.9MB / 74.3MB,54.2MB / 182MB
83,2026-09-10T04:52:48.634896+00:00,167,2026-09-10T04:52:48.261506+00:00,false,microservices,order,682589e4f967cfe8187f814b289a6924f24054c6332193a4c5b7622dd97827af,tcc-microservices-experiment-order-1,0.02,74176266,1073741824,6.91,3,5.31MB / 4.14MB,2.65MB / 77.8kB
83,2026-09-10T04:52:48.634896+00:00,167,2026-09-10T04:52:48.261506+00:00,false,microservices,product,47a3b04159e790d9f9d3eb6c9ab116b6ce342fac7f839e7957228b6d79ca778b,tcc-microservices-experiment-product-1,79.85,83057705,1073741824,7.74,3,88.4MB / 94.3MB,5.47MB / 1.34MB
84,2026-09-10T04:52:49.634905+00:00,169,2026-09-10T04:52:49.262566+00:00,false,microservices,auth,a8d34afd037374e249e94fdcc51a0a0d738d9e7ec61a64eddb7c6f350894dec1,tcc-microservices-experiment-auth-1,0.02,79188460,1073741824,7.38,3,46.1kB / 40.3kB,7.05MB / 65.5kB
84,2026-09-10T04:52:49.634905+00:00,169,2026-09-10T04:52:49.262566+00:00,false,microservices,gateway,55d4f88a6e9b6ffc7b1737bc6bb11d1152a37a3fe8e71dd6f1368ff89925a8c4,tcc-microservices-experiment-gateway-1,29.2,488216986,536870912,90.95,79,80.3MB / 89.7MB,35MB / 270kB
84,2026-09-10T04:52:49.634905+00:00,169,2026-09-10T04:52:49.262566+00:00,false,microservices,mysql,f2f19112f207ba08545ea34a88defb78261071c2a5b9e93ad841a8980758cfdc,tcc-microservices-experiment-mysql-1,29.44,435054182,1073741824,40.52,40,30.1MB / 75MB,54.2MB / 182MB
84,2026-09-10T04:52:49.634905+00:00,169,2026-09-10T04:52:49.262566+00:00,false,microservices,order,682589e4f967cfe8187f814b289a6924f24054c6332193a4c5b7622dd97827af,tcc-microservices-experiment-order-1,0.02,74176266,1073741824,6.91,3,5.31MB / 4.14MB,2.65MB / 77.8kB
84,2026-09-10T04:52:49.634905+00:00,169,2026-09-10T04:52:49.262566+00:00,false,microservices,product,47a3b04159e790d9f9d3eb6c9ab116b6ce342fac7f839e7957228b6d79ca778b,tcc-microservices-experiment-product-1,81.35,83246449,1073741824,7.75,3,89.3MB / 95.2MB,5.47MB / 1.56MB
85,2026-09-10T04:52:50.634924+00:00,171,2026-09-10T04:52:50.261290+00:00,false,microservices,auth,a8d34afd037374e249e94fdcc51a0a0d738d9e7ec61a64eddb7c6f350894dec1,tcc-microservices-experiment-auth-1,0.02,79188460,1073741824,7.38,3,46.1kB / 40.3kB,7.05MB / 65.5kB
85,2026-09-10T04:52:50.634924+00:00,171,2026-09-10T04:52:50.261290+00:00,false,microservices,gateway,55d4f88a6e9b6ffc7b1737bc6bb11d1152a37a3fe8e71dd6f1368ff89925a8c4,tcc-microservices-experiment-gateway-1,29.94,488846131,536870912,91.05,79,81MB / 90.5MB,35MB / 270kB
85,2026-09-10T04:52:50.634924+00:00,171,2026-09-10T04:52:50.261290+00:00,false,microservices,mysql,f2f19112f207ba08545ea34a88defb78261071c2a5b9e93ad841a8980758cfdc,tcc-microservices-experiment-mysql-1,24.32,434110464,1073741824,40.43,40,30.4MB / 75.6MB,54.2MB / 182MB
85,2026-09-10T04:52:50.634924+00:00,171,2026-09-10T04:52:50.261290+00:00,false,microservices,order,682589e4f967cfe8187f814b289a6924f24054c6332193a4c5b7622dd97827af,tcc-microservices-experiment-order-1,0.02,74176266,1073741824,6.91,3,5.31MB / 4.14MB,2.65MB / 77.8kB
85,2026-09-10T04:52:50.634924+00:00,171,2026-09-10T04:52:50.261290+00:00,false,microservices,product,47a3b04159e790d9f9d3eb6c9ab116b6ce342fac7f839e7957228b6d79ca778b,tcc-microservices-experiment-product-1,82.27,82460017,1073741824,7.68,3,90.1MB / 96.1MB,5.47MB / 1.56MB
86,2026-09-10T04:52:51.634930+00:00,173,2026-09-10T04:52:51.261965+00:00,false,microservices,auth,a8d34afd037374e249e94fdcc51a0a0d738d9e7ec61a64eddb7c6f350894dec1,tcc-microservices-experiment-auth-1,0.02,79188460,1073741824,7.38,3,46.1kB / 40.3kB,7.05MB / 65.5kB
86,2026-09-10T04:52:51.634930+00:00,173,2026-09-10T04:52:51.261965+00:00,false,microservices,gateway,55d4f88a6e9b6ffc7b1737bc6bb11d1152a37a3fe8e71dd6f1368ff89925a8c4,tcc-microservices-experiment-gateway-1,29.73,488741274,536870912,91.04,79,81.8MB / 91.4MB,35MB / 270kB
86,2026-09-10T04:52:51.634930+00:00,173,2026-09-10T04:52:51.261965+00:00,false,microservices,mysql,f2f19112f207ba08545ea34a88defb78261071c2a5b9e93ad841a8980758cfdc,tcc-microservices-experiment-mysql-1,26.13,438514483,1073741824,40.84,46,30.6MB / 76.3MB,54.2MB / 182MB
86,2026-09-10T04:52:51.634930+00:00,173,2026-09-10T04:52:51.261965+00:00,false,microservices,order,682589e4f967cfe8187f814b289a6924f24054c6332193a4c5b7622dd97827af,tcc-microservices-experiment-order-1,0.02,74176266,1073741824,6.91,3,5.31MB / 4.14MB,2.65MB / 77.8kB
86,2026-09-10T04:52:51.634930+00:00,173,2026-09-10T04:52:51.261965+00:00,false,microservices,product,47a3b04159e790d9f9d3eb6c9ab116b6ce342fac7f839e7957228b6d79ca778b,tcc-microservices-experiment-product-1,81.73,83015762,1073741824,7.73,3,90.9MB / 97MB,5.47MB / 1.56MB
87,2026-09-10T04:52:52.634894+00:00,175,2026-09-10T04:52:52.262400+00:00,false,microservices,auth,a8d34afd037374e249e94fdcc51a0a0d738d9e7ec61a64eddb7c6f350894dec1,tcc-microservices-experiment-auth-1,0.02,79188460,1073741824,7.38,3,46.1kB / 40.3kB,7.05MB / 65.5kB
87,2026-09-10T04:52:52.634894+00:00,175,2026-09-10T04:52:52.262400+00:00,false,microservices,gateway,55d4f88a6e9b6ffc7b1737bc6bb11d1152a37a3fe8e71dd6f1368ff89925a8c4,tcc-microservices-experiment-gateway-1,29.69,489999565,536870912,91.27,79,82.5MB / 92.3MB,35MB / 270kB
87,2026-09-10T04:52:52.634894+00:00,175,2026-09-10T04:52:52.262400+00:00,false,microservices,mysql,f2f19112f207ba08545ea34a88defb78261071c2a5b9e93ad841a8980758cfdc,tcc-microservices-experiment-mysql-1,26.82,434215322,1073741824,40.44,40,30.9MB / 76.9MB,54.2MB / 182MB
87,2026-09-10T04:52:52.634894+00:00,175,2026-09-10T04:52:52.262400+00:00,false,microservices,order,682589e4f967cfe8187f814b289a6924f24054c6332193a4c5b7622dd97827af,tcc-microservices-experiment-order-1,0.02,74176266,1073741824,6.91,3,5.31MB / 4.14MB,2.65MB / 77.8kB
87,2026-09-10T04:52:52.634894+00:00,175,2026-09-10T04:52:52.262400+00:00,false,microservices,product,47a3b04159e790d9f9d3eb6c9ab116b6ce342fac7f839e7957228b6d79ca778b,tcc-microservices-experiment-product-1,82.13,82816532,1073741824,7.71,3,91.8MB / 97.9MB,5.47MB / 1.56MB
88,2026-09-10T04:52:53.634886+00:00,177,2026-09-10T04:52:53.261503+00:00,false,microservices,auth,a8d34afd037374e249e94fdcc51a0a0d738d9e7ec61a64eddb7c6f350894dec1,tcc-microservices-experiment-auth-1,0.02,79188460,1073741824,7.38,3,46.1kB / 40.3kB,7.05MB / 65.5kB
88,2026-09-10T04:52:53.634886+00:00,177,2026-09-10T04:52:53.261503+00:00,false,microservices,gateway,55d4f88a6e9b6ffc7b1737bc6bb11d1152a37a3fe8e71dd6f1368ff89925a8c4,tcc-microservices-experiment-gateway-1,29.62,488950989,536870912,91.07,79,83.3MB / 93.1MB,35MB / 270kB
88,2026-09-10T04:52:53.634886+00:00,177,2026-09-10T04:52:53.261503+00:00,false,microservices,mysql,f2f19112f207ba08545ea34a88defb78261071c2a5b9e93ad841a8980758cfdc,tcc-microservices-experiment-mysql-1,23.72,434529894,1073741824,40.46,40,31.1MB / 77.6MB,54.2MB / 182MB
88,2026-09-10T04:52:53.634886+00:00,177,2026-09-10T04:52:53.261503+00:00,false,microservices,order,682589e4f967cfe8187f814b289a6924f24054c6332193a4c5b7622dd97827af,tcc-microservices-experiment-order-1,0.02,74176266,1073741824,6.91,3,5.31MB / 4.14MB,2.65MB / 77.8kB
88,2026-09-10T04:52:53.634886+00:00,177,2026-09-10T04:52:53.261503+00:00,false,microservices,product,47a3b04159e790d9f9d3eb6c9ab116b6ce342fac7f839e7957228b6d79ca778b,tcc-microservices-experiment-product-1,82.78,83110134,1073741824,7.74,3,92.6MB / 98.8MB,5.47MB / 1.56MB
89,2026-09-10T04:52:54.634895+00:00,179,2026-09-10T04:52:54.261215+00:00,false,microservices,auth,a8d34afd037374e249e94fdcc51a0a0d738d9e7ec61a64eddb7c6f350894dec1,tcc-microservices-experiment-auth-1,0.02,79188460,1073741824,7.38,3,46.1kB / 40.3kB,7.05MB / 65.5kB
89,2026-09-10T04:52:54.634895+00:00,179,2026-09-10T04:52:54.261215+00:00,false,microservices,gateway,55d4f88a6e9b6ffc7b1737bc6bb11d1152a37a3fe8e71dd6f1368ff89925a8c4,tcc-microservices-experiment-gateway-1,29.08,489265562,536870912,91.13,79,84.1MB / 94MB,35MB / 270kB
89,2026-09-10T04:52:54.634895+00:00,179,2026-09-10T04:52:54.261215+00:00,false,microservices,mysql,f2f19112f207ba08545ea34a88defb78261071c2a5b9e93ad841a8980758cfdc,tcc-microservices-experiment-mysql-1,28.18,434215322,1073741824,40.44,40,31.3MB / 78.2MB,54.2MB / 182MB
89,2026-09-10T04:52:54.634895+00:00,179,2026-09-10T04:52:54.261215+00:00,false,microservices,order,682589e4f967cfe8187f814b289a6924f24054c6332193a4c5b7622dd97827af,tcc-microservices-experiment-order-1,0.02,74176266,1073741824,6.91,3,5.31MB / 4.14MB,2.65MB / 77.8kB
89,2026-09-10T04:52:54.634895+00:00,179,2026-09-10T04:52:54.261215+00:00,false,microservices,product,47a3b04159e790d9f9d3eb6c9ab116b6ce342fac7f839e7957228b6d79ca778b,tcc-microservices-experiment-product-1,82.85,83571507,1073741824,7.78,3,93.5MB / 99.7MB,5.47MB / 1.56MB
90,2026-09-10T04:52:55.634894+00:00,181,2026-09-10T04:52:55.261870+00:00,false,microservices,auth,a8d34afd037374e249e94fdcc51a0a0d738d9e7ec61a64eddb7c6f350894dec1,tcc-microservices-experiment-auth-1,0.02,79188460,1073741824,7.38,3,46.1kB / 40.3kB,7.05MB / 65.5kB
90,2026-09-10T04:52:55.634894+00:00,181,2026-09-10T04:52:55.261870+00:00,false,microservices,gateway,55d4f88a6e9b6ffc7b1737bc6bb11d1152a37a3fe8e71dd6f1368ff89925a8c4,tcc-microservices-experiment-gateway-1,30.15,488950989,536870912,91.07,79,84.8MB / 94.8MB,35MB / 270kB
90,2026-09-10T04:52:55.634894+00:00,181,2026-09-10T04:52:55.261870+00:00,false,microservices,mysql,f2f19112f207ba08545ea34a88defb78261071c2a5b9e93ad841a8980758cfdc,tcc-microservices-experiment-mysql-1,24.46,434425037,1073741824,40.46,40,31.6MB / 78.9MB,54.2MB / 182MB
90,2026-09-10T04:52:55.634894+00:00,181,2026-09-10T04:52:55.261870+00:00,false,microservices,order,682589e4f967cfe8187f814b289a6924f24054c6332193a4c5b7622dd97827af,tcc-microservices-experiment-order-1,0.02,74176266,1073741824,6.91,3,5.31MB / 4.14MB,2.65MB / 77.8kB
90,2026-09-10T04:52:55.634894+00:00,181,2026-09-10T04:52:55.261870+00:00,false,microservices,product,47a3b04159e790d9f9d3eb6c9ab116b6ce342fac7f839e7957228b6d79ca778b,tcc-microservices-experiment-product-1,81.82,83393249,1073741824,7.77,3,94.3MB / 101MB,5.47MB / 1.56MB
91,2026-09-10T04:52:56.634898+00:00,183,2026-09-10T04:52:56.262240+00:00,false,microservices,auth,a8d34afd037374e249e94fdcc51a0a0d738d9e7ec61a64eddb7c6f350894dec1,tcc-microservices-experiment-auth-1,0.02,79188460,1073741824,7.38,3,46.1kB / 40.3kB,7.05MB / 65.5kB
91,2026-09-10T04:52:56.634898+00:00,183,2026-09-10T04:52:56.262240+00:00,false,microservices,gateway,55d4f88a6e9b6ffc7b1737bc6bb11d1152a37a3fe8e71dd6f1368ff89925a8c4,tcc-microservices-experiment-gateway-1,28.61,489475277,536870912,91.18,79,85.6MB / 95.6MB,35MB / 270kB
91,2026-09-10T04:52:56.634898+00:00,183,2026-09-10T04:52:56.262240+00:00,false,microservices,mysql,f2f19112f207ba08545ea34a88defb78261071c2a5b9e93ad841a8980758cfdc,tcc-microservices-experiment-mysql-1,30.23,433900749,1073741824,40.41,40,31.8MB / 79.5MB,54.2MB / 182MB
91,2026-09-10T04:52:56.634898+00:00,183,2026-09-10T04:52:56.262240+00:00,false,microservices,order,682589e4f967cfe8187f814b289a6924f24054c6332193a4c5b7622dd97827af,tcc-microservices-experiment-order-1,0.01,74176266,1073741824,6.91,3,5.31MB / 4.14MB,2.65MB / 77.8kB
91,2026-09-10T04:52:56.634898+00:00,183,2026-09-10T04:52:56.262240+00:00,false,microservices,product,47a3b04159e790d9f9d3eb6c9ab116b6ce342fac7f839e7957228b6d79ca778b,tcc-microservices-experiment-product-1,79.81,83382764,1073741824,7.77,3,95.1MB / 101MB,5.47MB / 1.56MB
92,2026-09-10T04:52:57.634933+00:00,185,2026-09-10T04:52:57.261252+00:00,false,microservices,auth,a8d34afd037374e249e94fdcc51a0a0d738d9e7ec61a64eddb7c6f350894dec1,tcc-microservices-experiment-auth-1,0.02,79188460,1073741824,7.38,3,46.1kB / 40.3kB,7.05MB / 65.5kB
92,2026-09-10T04:52:57.634933+00:00,185,2026-09-10T04:52:57.261252+00:00,false,microservices,gateway,55d4f88a6e9b6ffc7b1737bc6bb11d1152a37a3fe8e71dd6f1368ff89925a8c4,tcc-microservices-experiment-gateway-1,31.07,489160704,536870912,91.1,79,86.3MB / 96.5MB,35MB / 270kB
92,2026-09-10T04:52:57.634933+00:00,185,2026-09-10T04:52:57.261252+00:00,false,microservices,mysql,f2f19112f207ba08545ea34a88defb78261071c2a5b9e93ad841a8980758cfdc,tcc-microservices-experiment-mysql-1,24.98,433795891,1073741824,40.4,40,32.1MB / 80.2MB,54.2MB / 182MB
92,2026-09-10T04:52:57.634933+00:00,185,2026-09-10T04:52:57.261252+00:00,false,microservices,order,682589e4f967cfe8187f814b289a6924f24054c6332193a4c5b7622dd97827af,tcc-microservices-experiment-order-1,0.02,74176266,1073741824,6.91,3,5.31MB / 4.14MB,2.65MB / 77.8kB
92,2026-09-10T04:52:57.634933+00:00,185,2026-09-10T04:52:57.261252+00:00,false,microservices,product,47a3b04159e790d9f9d3eb6c9ab116b6ce342fac7f839e7957228b6d79ca778b,tcc-microservices-experiment-product-1,81.05,82732646,1073741824,7.71,3,96MB / 102MB,5.47MB / 1.56MB
93,2026-09-10T04:52:58.634932+00:00,187,2026-09-10T04:52:58.262009+00:00,false,microservices,auth,a8d34afd037374e249e94fdcc51a0a0d738d9e7ec61a64eddb7c6f350894dec1,tcc-microservices-experiment-auth-1,0.02,79188460,1073741824,7.38,3,46.1kB / 40.3kB,7.05MB / 65.5kB
93,2026-09-10T04:52:58.634932+00:00,187,2026-09-10T04:52:58.262009+00:00,false,microservices,gateway,55d4f88a6e9b6ffc7b1737bc6bb11d1152a37a3fe8e71dd6f1368ff89925a8c4,tcc-microservices-experiment-gateway-1,29.43,488846131,536870912,91.06,79,87.1MB / 97.3MB,35MB / 270kB
93,2026-09-10T04:52:58.634932+00:00,187,2026-09-10T04:52:58.262009+00:00,false,microservices,mysql,f2f19112f207ba08545ea34a88defb78261071c2a5b9e93ad841a8980758cfdc,tcc-microservices-experiment-mysql-1,29.19,433900749,1073741824,40.41,40,32.3MB / 80.9MB,54.2MB / 182MB
93,2026-09-10T04:52:58.634932+00:00,187,2026-09-10T04:52:58.262009+00:00,false,microservices,order,682589e4f967cfe8187f814b289a6924f24054c6332193a4c5b7622dd97827af,tcc-microservices-experiment-order-1,0.02,74176266,1073741824,6.91,3,5.31MB / 4.14MB,2.65MB / 77.8kB
93,2026-09-10T04:52:58.634932+00:00,187,2026-09-10T04:52:58.262009+00:00,false,microservices,product,47a3b04159e790d9f9d3eb6c9ab116b6ce342fac7f839e7957228b6d79ca778b,tcc-microservices-experiment-product-1,81.46,83581993,1073741824,7.78,3,96.8MB / 103MB,5.47MB / 1.56MB
94,2026-09-10T04:52:59.634925+00:00,189,2026-09-10T04:52:59.261338+00:00,false,microservices,auth,a8d34afd037374e249e94fdcc51a0a0d738d9e7ec61a64eddb7c6f350894dec1,tcc-microservices-experiment-auth-1,0.02,79188460,1073741824,7.38,3,46.1kB / 40.3kB,7.05MB / 65.5kB
94,2026-09-10T04:52:59.634925+00:00,189,2026-09-10T04:52:59.261338+00:00,false,microservices,gateway,55d4f88a6e9b6ffc7b1737bc6bb11d1152a37a3fe8e71dd6f1368ff89925a8c4,tcc-microservices-experiment-gateway-1,29.54,489160704,536870912,91.12,79,87.9MB / 98.2MB,35MB / 270kB
94,2026-09-10T04:52:59.634925+00:00,189,2026-09-10T04:52:59.261338+00:00,false,microservices,mysql,f2f19112f207ba08545ea34a88defb78261071c2a5b9e93ad841a8980758cfdc,tcc-microservices-experiment-mysql-1,24.92,434425037,1073741824,40.46,40,32.6MB / 81.5MB,54.2MB / 182MB
94,2026-09-10T04:52:59.634925+00:00,189,2026-09-10T04:52:59.261338+00:00,false,microservices,order,682589e4f967cfe8187f814b289a6924f24054c6332193a4c5b7622dd97827af,tcc-microservices-experiment-order-1,0.02,74176266,1073741824,6.91,3,5.31MB / 4.14MB,2.65MB / 77.8kB
94,2026-09-10T04:52:59.634925+00:00,189,2026-09-10T04:52:59.261338+00:00,false,microservices,product,47a3b04159e790d9f9d3eb6c9ab116b6ce342fac7f839e7957228b6d79ca778b,tcc-microservices-experiment-product-1,81.23,83508593,1073741824,7.78,3,97.7MB / 104MB,5.47MB / 1.56MB
95,2026-09-10T04:53:00.634894+00:00,191,2026-09-10T04:53:00.261449+00:00,false,microservices,auth,a8d34afd037374e249e94fdcc51a0a0d738d9e7ec61a64eddb7c6f350894dec1,tcc-microservices-experiment-auth-1,0.01,79188460,1073741824,7.38,3,46.1kB / 40.3kB,7.05MB / 65.5kB
95,2026-09-10T04:53:00.634894+00:00,191,2026-09-10T04:53:00.261449+00:00,false,microservices,gateway,55d4f88a6e9b6ffc7b1737bc6bb11d1152a37a3fe8e71dd6f1368ff89925a8c4,tcc-microservices-experiment-gateway-1,29.43,489789850,536870912,91.23,79,88.6MB / 99MB,35MB / 270kB
95,2026-09-10T04:53:00.634894+00:00,191,2026-09-10T04:53:00.261449+00:00,false,microservices,mysql,f2f19112f207ba08545ea34a88defb78261071c2a5b9e93ad841a8980758cfdc,tcc-microservices-experiment-mysql-1,28.2,434005606,1073741824,40.42,40,32.8MB / 82.2MB,54.2MB / 182MB
95,2026-09-10T04:53:00.634894+00:00,191,2026-09-10T04:53:00.261449+00:00,false,microservices,order,682589e4f967cfe8187f814b289a6924f24054c6332193a4c5b7622dd97827af,tcc-microservices-experiment-order-1,0.02,74176266,1073741824,6.91,3,5.31MB / 4.14MB,2.65MB / 77.8kB
95,2026-09-10T04:53:00.634894+00:00,191,2026-09-10T04:53:00.261449+00:00,false,microservices,product,47a3b04159e790d9f9d3eb6c9ab116b6ce342fac7f839e7957228b6d79ca778b,tcc-microservices-experiment-product-1,82.31,82732646,1073741824,7.7,3,98.5MB / 105MB,5.47MB / 1.56MB
96,2026-09-10T04:53:01.634939+00:00,193,2026-09-10T04:53:01.262464+00:00,false,microservices,auth,a8d34afd037374e249e94fdcc51a0a0d738d9e7ec61a64eddb7c6f350894dec1,tcc-microservices-experiment-auth-1,0.02,79188460,1073741824,7.38,3,46.1kB / 40.3kB,7.05MB / 65.5kB
96,2026-09-10T04:53:01.634939+00:00,193,2026-09-10T04:53:01.262464+00:00,false,microservices,gateway,55d4f88a6e9b6ffc7b1737bc6bb11d1152a37a3fe8e71dd6f1368ff89925a8c4,tcc-microservices-experiment-gateway-1,29.27,489475277,536870912,91.16,79,89.4MB / 99.9MB,35MB / 270kB
96,2026-09-10T04:53:01.634939+00:00,193,2026-09-10T04:53:01.262464+00:00,false,microservices,mysql,f2f19112f207ba08545ea34a88defb78261071c2a5b9e93ad841a8980758cfdc,tcc-microservices-experiment-mysql-1,24.99,433795891,1073741824,40.4,40,33MB / 82.8MB,54.2MB / 182MB
96,2026-09-10T04:53:01.634939+00:00,193,2026-09-10T04:53:01.262464+00:00,false,microservices,order,682589e4f967cfe8187f814b289a6924f24054c6332193a4c5b7622dd97827af,tcc-microservices-experiment-order-1,0.02,74176266,1073741824,6.91,3,5.31MB / 4.14MB,2.65MB / 77.8kB
96,2026-09-10T04:53:01.634939+00:00,193,2026-09-10T04:53:01.262464+00:00,false,microservices,product,47a3b04159e790d9f9d3eb6c9ab116b6ce342fac7f839e7957228b6d79ca778b,tcc-microservices-experiment-product-1,81.48,83571507,1073741824,7.78,3,99.3MB / 106MB,5.47MB / 1.56MB
97,2026-09-10T04:53:02.634904+00:00,195,2026-09-10T04:53:02.261285+00:00,false,microservices,auth,a8d34afd037374e249e94fdcc51a0a0d738d9e7ec61a64eddb7c6f350894dec1,tcc-microservices-experiment-auth-1,0.02,79188460,1073741824,7.38,3,46.1kB / 40.3kB,7.05MB / 65.5kB
97,2026-09-10T04:53:02.634904+00:00,195,2026-09-10T04:53:02.261285+00:00,false,microservices,gateway,55d4f88a6e9b6ffc7b1737bc6bb11d1152a37a3fe8e71dd6f1368ff89925a8c4,tcc-microservices-experiment-gateway-1,29.75,489370419,536870912,91.16,79,90.1MB / 101MB,35MB / 270kB
97,2026-09-10T04:53:02.634904+00:00,195,2026-09-10T04:53:02.261285+00:00,false,microservices,mysql,f2f19112f207ba08545ea34a88defb78261071c2a5b9e93ad841a8980758cfdc,tcc-microservices-experiment-mysql-1,28.57,434949325,1073741824,40.51,40,33.3MB / 83.5MB,54.2MB / 182MB
97,2026-09-10T04:53:02.634904+00:00,195,2026-09-10T04:53:02.261285+00:00,false,microservices,order,682589e4f967cfe8187f814b289a6924f24054c6332193a4c5b7622dd97827af,tcc-microservices-experiment-order-1,0.02,74176266,1073741824,6.91,3,5.31MB / 4.14MB,2.65MB / 77.8kB
97,2026-09-10T04:53:02.634904+00:00,195,2026-09-10T04:53:02.261285+00:00,false,microservices,product,47a3b04159e790d9f9d3eb6c9ab116b6ce342fac7f839e7957228b6d79ca778b,tcc-microservices-experiment-product-1,81.56,83644908,1073741824,7.79,3,100MB / 107MB,5.47MB / 1.56MB
98,2026-09-10T04:53:03.634897+00:00,197,2026-09-10T04:53:03.261363+00:00,false,microservices,auth,a8d34afd037374e249e94fdcc51a0a0d738d9e7ec61a64eddb7c6f350894dec1,tcc-microservices-experiment-auth-1,0.02,79188460,1073741824,7.38,3,46.1kB / 40.3kB,7.05MB / 65.5kB
98,2026-09-10T04:53:03.634897+00:00,197,2026-09-10T04:53:03.261363+00:00,false,microservices,gateway,55d4f88a6e9b6ffc7b1737bc6bb11d1152a37a3fe8e71dd6f1368ff89925a8c4,tcc-microservices-experiment-gateway-1,29.82,489265562,536870912,91.14,79,90.9MB / 102MB,35MB / 270kB
98,2026-09-10T04:53:03.634897+00:00,197,2026-09-10T04:53:03.261363+00:00,false,microservices,mysql,f2f19112f207ba08545ea34a88defb78261071c2a5b9e93ad841a8980758cfdc,tcc-microservices-experiment-mysql-1,24.42,434425037,1073741824,40.46,40,33.5MB / 84.1MB,54.2MB / 182MB
98,2026-09-10T04:53:03.634897+00:00,197,2026-09-10T04:53:03.261363+00:00,false,microservices,order,682589e4f967cfe8187f814b289a6924f24054c6332193a4c5b7622dd97827af,tcc-microservices-experiment-order-1,0.02,74176266,1073741824,6.91,3,5.31MB / 4.14MB,2.65MB / 77.8kB
98,2026-09-10T04:53:03.634897+00:00,197,2026-09-10T04:53:03.261363+00:00,false,microservices,product,47a3b04159e790d9f9d3eb6c9ab116b6ce342fac7f839e7957228b6d79ca778b,tcc-microservices-experiment-product-1,81.57,83015762,1073741824,7.73,3,101MB / 108MB,5.47MB / 1.56MB
99,2026-09-10T04:53:04.634904+00:00,199,2026-09-10T04:53:04.262044+00:00,false,microservices,auth,a8d34afd037374e249e94fdcc51a0a0d738d9e7ec61a64eddb7c6f350894dec1,tcc-microservices-experiment-auth-1,0.02,79188460,1073741824,7.38,3,46.1kB / 40.3kB,7.05MB / 65.5kB
99,2026-09-10T04:53:04.634904+00:00,199,2026-09-10T04:53:04.262044+00:00,false,microservices,gateway,55d4f88a6e9b6ffc7b1737bc6bb11d1152a37a3fe8e71dd6f1368ff89925a8c4,tcc-microservices-experiment-gateway-1,32.67,489580134,536870912,91.19,79,91.6MB / 102MB,35MB / 283kB
99,2026-09-10T04:53:04.634904+00:00,199,2026-09-10T04:53:04.262044+00:00,false,microservices,mysql,f2f19112f207ba08545ea34a88defb78261071c2a5b9e93ad841a8980758cfdc,tcc-microservices-experiment-mysql-1,29.6,433691034,1073741824,40.39,40,33.8MB / 84.8MB,54.2MB / 182MB
99,2026-09-10T04:53:04.634904+00:00,199,2026-09-10T04:53:04.262044+00:00,false,microservices,order,682589e4f967cfe8187f814b289a6924f24054c6332193a4c5b7622dd97827af,tcc-microservices-experiment-order-1,0.02,74176266,1073741824,6.91,3,5.31MB / 4.14MB,2.65MB / 77.8kB
99,2026-09-10T04:53:04.634904+00:00,199,2026-09-10T04:53:04.262044+00:00,false,microservices,product,47a3b04159e790d9f9d3eb6c9ab116b6ce342fac7f839e7957228b6d79ca778b,tcc-microservices-experiment-product-1,80.78,82669732,1073741824,7.7,3,102MB / 109MB,5.47MB / 1.78MB
100,2026-09-10T04:53:05.634889+00:00,201,2026-09-10T04:53:05.261393+00:00,false,microservices,auth,a8d34afd037374e249e94fdcc51a0a0d738d9e7ec61a64eddb7c6f350894dec1,tcc-microservices-experiment-auth-1,0.02,79188460,1073741824,7.38,3,46.1kB / 40.3kB,7.05MB / 65.5kB
100,2026-09-10T04:53:05.634889+00:00,201,2026-09-10T04:53:05.261393+00:00,false,microservices,gateway,55d4f88a6e9b6ffc7b1737bc6bb11d1152a37a3fe8e71dd6f1368ff89925a8c4,tcc-microservices-experiment-gateway-1,30.33,489580134,536870912,91.19,79,92.4MB / 103MB,35MB / 283kB
100,2026-09-10T04:53:05.634889+00:00,201,2026-09-10T04:53:05.261393+00:00,false,microservices,mysql,f2f19112f207ba08545ea34a88defb78261071c2a5b9e93ad841a8980758cfdc,tcc-microservices-experiment-mysql-1,25.69,433900749,1073741824,40.41,40,34MB / 85.4MB,54.2MB / 182MB
100,2026-09-10T04:53:05.634889+00:00,201,2026-09-10T04:53:05.261393+00:00,false,microservices,order,682589e4f967cfe8187f814b289a6924f24054c6332193a4c5b7622dd97827af,tcc-microservices-experiment-order-1,0.02,74176266,1073741824,6.91,3,5.31MB / 4.14MB,2.65MB / 77.8kB
100,2026-09-10T04:53:05.634889+00:00,201,2026-09-10T04:53:05.261393+00:00,false,microservices,product,47a3b04159e790d9f9d3eb6c9ab116b6ce342fac7f839e7957228b6d79ca778b,tcc-microservices-experiment-product-1,80.51,83854623,1073741824,7.81,3,103MB / 110MB,5.47MB / 1.78MB
101,2026-09-10T04:53:06.634887+00:00,203,2026-09-10T04:53:06.261401+00:00,false,microservices,auth,a8d34afd037374e249e94fdcc51a0a0d738d9e7ec61a64eddb7c6f350894dec1,tcc-microservices-experiment-auth-1,0.02,79188460,1073741824,7.38,3,46.1kB / 40.3kB,7.05MB / 65.5kB
101,2026-09-10T04:53:06.634887+00:00,203,2026-09-10T04:53:06.261401+00:00,false,microservices,gateway,55d4f88a6e9b6ffc7b1737bc6bb11d1152a37a3fe8e71dd6f1368ff89925a8c4,tcc-microservices-experiment-gateway-1,29.09,489370419,536870912,91.15,79,93.1MB / 104MB,35MB / 283kB
101,2026-09-10T04:53:06.634887+00:00,203,2026-09-10T04:53:06.261401+00:00,false,microservices,mysql,f2f19112f207ba08545ea34a88defb78261071c2a5b9e93ad841a8980758cfdc,tcc-microservices-experiment-mysql-1,28.55,434739610,1073741824,40.49,40,34.3MB / 86.1MB,54.2MB / 182MB
101,2026-09-10T04:53:06.634887+00:00,203,2026-09-10T04:53:06.261401+00:00,false,microservices,order,682589e4f967cfe8187f814b289a6924f24054c6332193a4c5b7622dd97827af,tcc-microservices-experiment-order-1,0.02,74176266,1073741824,6.91,3,5.31MB / 4.14MB,2.65MB / 77.8kB
101,2026-09-10T04:53:06.634887+00:00,203,2026-09-10T04:53:06.261401+00:00,false,microservices,product,47a3b04159e790d9f9d3eb6c9ab116b6ce342fac7f839e7957228b6d79ca778b,tcc-microservices-experiment-product-1,81.83,83613450,1073741824,7.79,3,104MB / 110MB,5.47MB / 1.78MB
102,2026-09-10T04:53:07.634897+00:00,205,2026-09-10T04:53:07.261655+00:00,false,microservices,auth,a8d34afd037374e249e94fdcc51a0a0d738d9e7ec61a64eddb7c6f350894dec1,tcc-microservices-experiment-auth-1,0.02,79188460,1073741824,7.38,3,46.1kB / 40.3kB,7.05MB / 65.5kB
102,2026-09-10T04:53:07.634897+00:00,205,2026-09-10T04:53:07.261655+00:00,false,microservices,gateway,55d4f88a6e9b6ffc7b1737bc6bb11d1152a37a3fe8e71dd6f1368ff89925a8c4,tcc-microservices-experiment-gateway-1,29.16,488846131,536870912,91.06,79,93.9MB / 105MB,35MB / 283kB
102,2026-09-10T04:53:07.634897+00:00,205,2026-09-10T04:53:07.261655+00:00,false,microservices,mysql,f2f19112f207ba08545ea34a88defb78261071c2a5b9e93ad841a8980758cfdc,tcc-microservices-experiment-mysql-1,25.48,433691034,1073741824,40.39,40,34.5MB / 86.7MB,54.2MB / 182MB
102,2026-09-10T04:53:07.634897+00:00,205,2026-09-10T04:53:07.261655+00:00,false,microservices,order,682589e4f967cfe8187f814b289a6924f24054c6332193a4c5b7622dd97827af,tcc-microservices-experiment-order-1,0.02,74176266,1073741824,6.91,3,5.31MB / 4.14MB,2.65MB / 77.8kB
102,2026-09-10T04:53:07.634897+00:00,205,2026-09-10T04:53:07.261655+00:00,false,microservices,product,47a3b04159e790d9f9d3eb6c9ab116b6ce342fac7f839e7957228b6d79ca778b,tcc-microservices-experiment-product-1,80.7,83435192,1073741824,7.77,3,104MB / 111MB,5.47MB / 1.78MB
103,2026-09-10T04:53:08.634904+00:00,207,2026-09-10T04:53:08.262218+00:00,false,microservices,auth,a8d34afd037374e249e94fdcc51a0a0d738d9e7ec61a64eddb7c6f350894dec1,tcc-microservices-experiment-auth-1,0.02,79188460,1073741824,7.38,3,46.1kB / 40.3kB,7.05MB / 65.5kB
103,2026-09-10T04:53:08.634904+00:00,207,2026-09-10T04:53:08.262218+00:00,false,microservices,gateway,55d4f88a6e9b6ffc7b1737bc6bb11d1152a37a3fe8e71dd6f1368ff89925a8c4,tcc-microservices-experiment-gateway-1,28.96,489370419,536870912,91.16,79,94.6MB / 106MB,35MB / 283kB
103,2026-09-10T04:53:08.634904+00:00,207,2026-09-10T04:53:08.262218+00:00,false,microservices,mysql,f2f19112f207ba08545ea34a88defb78261071c2a5b9e93ad841a8980758cfdc,tcc-microservices-experiment-mysql-1,29.69,434634752,1073741824,40.48,40,34.7MB / 87.4MB,54.2MB / 182MB
103,2026-09-10T04:53:08.634904+00:00,207,2026-09-10T04:53:08.262218+00:00,false,microservices,order,682589e4f967cfe8187f814b289a6924f24054c6332193a4c5b7622dd97827af,tcc-microservices-experiment-order-1,0.02,74176266,1073741824,6.91,3,5.31MB / 4.14MB,2.65MB / 77.8kB
103,2026-09-10T04:53:08.634904+00:00,207,2026-09-10T04:53:08.262218+00:00,false,microservices,product,47a3b04159e790d9f9d3eb6c9ab116b6ce342fac7f839e7957228b6d79ca778b,tcc-microservices-experiment-product-1,80.27,83508593,1073741824,7.78,3,105MB / 112MB,5.47MB / 1.78MB
104,2026-09-10T04:53:09.634927+00:00,209,2026-09-10T04:53:09.261391+00:00,false,microservices,auth,a8d34afd037374e249e94fdcc51a0a0d738d9e7ec61a64eddb7c6f350894dec1,tcc-microservices-experiment-auth-1,0.02,79188460,1073741824,7.38,3,46.1kB / 40.3kB,7.05MB / 65.5kB
104,2026-09-10T04:53:09.634927+00:00,209,2026-09-10T04:53:09.261391+00:00,false,microservices,gateway,55d4f88a6e9b6ffc7b1737bc6bb11d1152a37a3fe8e71dd6f1368ff89925a8c4,tcc-microservices-experiment-gateway-1,28.81,489265562,536870912,91.13,79,95.4MB / 107MB,35MB / 283kB
104,2026-09-10T04:53:09.634927+00:00,209,2026-09-10T04:53:09.261391+00:00,false,microservices,mysql,f2f19112f207ba08545ea34a88defb78261071c2a5b9e93ad841a8980758cfdc,tcc-microservices-experiment-mysql-1,23.93,434005606,1073741824,40.42,40,35MB / 88MB,54.2MB / 182MB
104,2026-09-10T04:53:09.634927+00:00,209,2026-09-10T04:53:09.261391+00:00,false,microservices,order,682589e4f967cfe8187f814b289a6924f24054c6332193a4c5b7622dd97827af,tcc-microservices-experiment-order-1,0.02,74176266,1073741824,6.91,3,5.31MB / 4.14MB,2.65MB / 77.8kB
104,2026-09-10T04:53:09.634927+00:00,209,2026-09-10T04:53:09.261391+00:00,false,microservices,product,47a3b04159e790d9f9d3eb6c9ab116b6ce342fac7f839e7957228b6d79ca778b,tcc-microservices-experiment-product-1,82.42,83162563,1073741824,7.74,3,106MB / 113MB,5.47MB / 1.78MB
105,2026-09-10T04:53:10.634916+00:00,211,2026-09-10T04:53:10.261287+00:00,false,microservices,auth,a8d34afd037374e249e94fdcc51a0a0d738d9e7ec61a64eddb7c6f350894dec1,tcc-microservices-experiment-auth-1,0.02,79188460,1073741824,7.38,3,46.1kB / 40.3kB,7.05MB / 65.5kB
105,2026-09-10T04:53:10.634916+00:00,211,2026-09-10T04:53:10.261287+00:00,false,microservices,gateway,55d4f88a6e9b6ffc7b1737bc6bb11d1152a37a3fe8e71dd6f1368ff89925a8c4,tcc-microservices-experiment-gateway-1,28.71,489789850,536870912,91.24,79,96.1MB / 107MB,35MB / 283kB
105,2026-09-10T04:53:10.634916+00:00,211,2026-09-10T04:53:10.261287+00:00,false,microservices,mysql,f2f19112f207ba08545ea34a88defb78261071c2a5b9e93ad841a8980758cfdc,tcc-microservices-experiment-mysql-1,28.87,433795891,1073741824,40.4,40,35.2MB / 88.7MB,54.2MB / 182MB
105,2026-09-10T04:53:10.634916+00:00,211,2026-09-10T04:53:10.261287+00:00,false,microservices,order,682589e4f967cfe8187f814b289a6924f24054c6332193a4c5b7622dd97827af,tcc-microservices-experiment-order-1,0.02,74176266,1073741824,6.91,3,5.31MB / 4.14MB,2.65MB / 77.8kB
105,2026-09-10T04:53:10.634916+00:00,211,2026-09-10T04:53:10.261287+00:00,false,microservices,product,47a3b04159e790d9f9d3eb6c9ab116b6ce342fac7f839e7957228b6d79ca778b,tcc-microservices-experiment-product-1,82.79,83340820,1073741824,7.76,3,107MB / 114MB,5.47MB / 1.78MB
106,2026-09-10T04:53:11.634904+00:00,213,2026-09-10T04:53:11.261176+00:00,false,microservices,auth,a8d34afd037374e249e94fdcc51a0a0d738d9e7ec61a64eddb7c6f350894dec1,tcc-microservices-experiment-auth-1,0.02,79188460,1073741824,7.38,3,46.1kB / 40.3kB,7.05MB / 65.5kB
106,2026-09-10T04:53:11.634904+00:00,213,2026-09-10T04:53:11.261176+00:00,false,microservices,gateway,55d4f88a6e9b6ffc7b1737bc6bb11d1152a37a3fe8e71dd6f1368ff89925a8c4,tcc-microservices-experiment-gateway-1,30.49,489265562,536870912,91.13,79,96.9MB / 108MB,35MB / 283kB
106,2026-09-10T04:53:11.634904+00:00,213,2026-09-10T04:53:11.261176+00:00,false,microservices,mysql,f2f19112f207ba08545ea34a88defb78261071c2a5b9e93ad841a8980758cfdc,tcc-microservices-experiment-mysql-1,24.58,433481318,1073741824,40.38,40,35.5MB / 89.3MB,54.2MB / 182MB
106,2026-09-10T04:53:11.634904+00:00,213,2026-09-10T04:53:11.261176+00:00,false,microservices,order,682589e4f967cfe8187f814b289a6924f24054c6332193a4c5b7622dd97827af,tcc-microservices-experiment-order-1,0.02,74176266,1073741824,6.91,3,5.31MB / 4.14MB,2.65MB / 77.8kB
106,2026-09-10T04:53:11.634904+00:00,213,2026-09-10T04:53:11.261176+00:00,false,microservices,product,47a3b04159e790d9f9d3eb6c9ab116b6ce342fac7f839e7957228b6d79ca778b,tcc-microservices-experiment-product-1,81.45,82827018,1073741824,7.71,3,108MB / 115MB,5.47MB / 1.78MB
107,2026-09-10T04:53:12.634902+00:00,215,2026-09-10T04:53:12.261933+00:00,false,microservices,auth,a8d34afd037374e249e94fdcc51a0a0d738d9e7ec61a64eddb7c6f350894dec1,tcc-microservices-experiment-auth-1,0.02,79188460,1073741824,7.38,3,46.1kB / 40.3kB,7.05MB / 65.5kB
107,2026-09-10T04:53:12.634902+00:00,215,2026-09-10T04:53:12.261933+00:00,false,microservices,gateway,55d4f88a6e9b6ffc7b1737bc6bb11d1152a37a3fe8e71dd6f1368ff89925a8c4,tcc-microservices-experiment-gateway-1,29.68,489475277,536870912,91.18,79,97.6MB / 109MB,35MB / 283kB
107,2026-09-10T04:53:12.634902+00:00,215,2026-09-10T04:53:12.261933+00:00,false,microservices,mysql,f2f19112f207ba08545ea34a88defb78261071c2a5b9e93ad841a8980758cfdc,tcc-microservices-experiment-mysql-1,29.88,434110464,1073741824,40.43,40,35.7MB / 90MB,54.2MB / 182MB
107,2026-09-10T04:53:12.634902+00:00,215,2026-09-10T04:53:12.261933+00:00,false,microservices,order,682589e4f967cfe8187f814b289a6924f24054c6332193a4c5b7622dd97827af,tcc-microservices-experiment-order-1,0.02,74176266,1073741824,6.91,3,5.31MB / 4.14MB,2.65MB / 77.8kB
107,2026-09-10T04:53:12.634902+00:00,215,2026-09-10T04:53:12.261933+00:00,false,microservices,product,47a3b04159e790d9f9d3eb6c9ab116b6ce342fac7f839e7957228b6d79ca778b,tcc-microservices-experiment-product-1,80.81,83204506,1073741824,7.75,3,109MB / 116MB,5.47MB / 1.78MB
108,2026-09-10T04:53:13.634914+00:00,217,2026-09-10T04:53:13.260431+00:00,false,microservices,auth,a8d34afd037374e249e94fdcc51a0a0d738d9e7ec61a64eddb7c6f350894dec1,tcc-microservices-experiment-auth-1,0.02,79188460,1073741824,7.38,3,46.1kB / 40.3kB,7.05MB / 65.5kB
108,2026-09-10T04:53:13.634914+00:00,217,2026-09-10T04:53:13.260431+00:00,false,microservices,gateway,55d4f88a6e9b6ffc7b1737bc6bb11d1152a37a3fe8e71dd6f1368ff89925a8c4,tcc-microservices-experiment-gateway-1,29.37,489789850,536870912,91.23,79,98.4MB / 110MB,35MB / 283kB
108,2026-09-10T04:53:13.634914+00:00,217,2026-09-10T04:53:13.260431+00:00,false,microservices,mysql,f2f19112f207ba08545ea34a88defb78261071c2a5b9e93ad841a8980758cfdc,tcc-microservices-experiment-mysql-1,26.64,434529894,1073741824,40.47,40,35.9MB / 90.6MB,54.2MB / 182MB
108,2026-09-10T04:53:13.634914+00:00,217,2026-09-10T04:53:13.260431+00:00,false,microservices,order,682589e4f967cfe8187f814b289a6924f24054c6332193a4c5b7622dd97827af,tcc-microservices-experiment-order-1,0.02,74176266,1073741824,6.91,3,5.31MB / 4.14MB,2.65MB / 77.8kB
108,2026-09-10T04:53:13.634914+00:00,217,2026-09-10T04:53:13.260431+00:00,false,microservices,product,47a3b04159e790d9f9d3eb6c9ab116b6ce342fac7f839e7957228b6d79ca778b,tcc-microservices-experiment-product-1,79.95,83361792,1073741824,7.76,3,109MB / 117MB,5.47MB / 1.78MB
109,2026-09-10T04:53:14.634910+00:00,219,2026-09-10T04:53:14.261874+00:00,false,microservices,auth,a8d34afd037374e249e94fdcc51a0a0d738d9e7ec61a64eddb7c6f350894dec1,tcc-microservices-experiment-auth-1,0.02,79188460,1073741824,7.38,3,46.1kB / 40.3kB,7.05MB / 65.5kB
109,2026-09-10T04:53:14.634910+00:00,219,2026-09-10T04:53:14.261874+00:00,false,microservices,gateway,55d4f88a6e9b6ffc7b1737bc6bb11d1152a37a3fe8e71dd6f1368ff89925a8c4,tcc-microservices-experiment-gateway-1,29.29,490314138,536870912,91.33,79,99.1MB / 111MB,35MB / 283kB
109,2026-09-10T04:53:14.634910+00:00,219,2026-09-10T04:53:14.261874+00:00,false,microservices,mysql,f2f19112f207ba08545ea34a88defb78261071c2a5b9e93ad841a8980758cfdc,tcc-microservices-experiment-mysql-1,30.7,434634752,1073741824,40.47,40,36.2MB / 91.2MB,54.2MB / 182MB
109,2026-09-10T04:53:14.634910+00:00,219,2026-09-10T04:53:14.261874+00:00,false,microservices,order,682589e4f967cfe8187f814b289a6924f24054c6332193a4c5b7622dd97827af,tcc-microservices-experiment-order-1,0.02,74176266,1073741824,6.91,3,5.31MB / 4.14MB,2.65MB / 77.8kB
109,2026-09-10T04:53:14.634910+00:00,219,2026-09-10T04:53:14.261874+00:00,false,microservices,product,47a3b04159e790d9f9d3eb6c9ab116b6ce342fac7f839e7957228b6d79ca778b,tcc-microservices-experiment-product-1,79.19,83969966,1073741824,7.82,3,110MB / 118MB,5.47MB / 1.78MB
110,2026-09-10T04:53:15.634932+00:00,221,2026-09-10T04:53:15.260434+00:00,false,microservices,auth,a8d34afd037374e249e94fdcc51a0a0d738d9e7ec61a64eddb7c6f350894dec1,tcc-microservices-experiment-auth-1,0.02,79188460,1073741824,7.38,3,46.1kB / 40.3kB,7.05MB / 65.5kB
110,2026-09-10T04:53:15.634932+00:00,221,2026-09-10T04:53:15.260434+00:00,false,microservices,gateway,55d4f88a6e9b6ffc7b1737bc6bb11d1152a37a3fe8e71dd6f1368ff89925a8c4,tcc-microservices-experiment-gateway-1,29.41,489370419,536870912,91.15,79,99.9MB / 112MB,35MB / 283kB
110,2026-09-10T04:53:15.634932+00:00,221,2026-09-10T04:53:15.260434+00:00,false,microservices,mysql,f2f19112f207ba08545ea34a88defb78261071c2a5b9e93ad841a8980758cfdc,tcc-microservices-experiment-mysql-1,24.67,433900749,1073741824,40.41,40,36.4MB / 91.9MB,54.2MB / 182MB
110,2026-09-10T04:53:15.634932+00:00,221,2026-09-10T04:53:15.260434+00:00,false,microservices,order,682589e4f967cfe8187f814b289a6924f24054c6332193a4c5b7622dd97827af,tcc-microservices-experiment-order-1,0.02,74176266,1073741824,6.91,3,5.31MB / 4.14MB,2.65MB / 77.8kB
110,2026-09-10T04:53:15.634932+00:00,221,2026-09-10T04:53:15.260434+00:00,false,microservices,product,47a3b04159e790d9f9d3eb6c9ab116b6ce342fac7f839e7957228b6d79ca778b,tcc-microservices-experiment-product-1,80.68,83875594,1073741824,7.81,3,111MB / 118MB,5.47MB / 1.78MB
111,2026-09-10T04:53:16.634921+00:00,223,2026-09-10T04:53:16.261386+00:00,false,microservices,auth,a8d34afd037374e249e94fdcc51a0a0d738d9e7ec61a64eddb7c6f350894dec1,tcc-microservices-experiment-auth-1,0.02,79188460,1073741824,7.38,3,46.1kB / 40.3kB,7.05MB / 65.5kB
111,2026-09-10T04:53:16.634921+00:00,223,2026-09-10T04:53:16.261386+00:00,false,microservices,gateway,55d4f88a6e9b6ffc7b1737bc6bb11d1152a37a3fe8e71dd6f1368ff89925a8c4,tcc-microservices-experiment-gateway-1,29.93,488531558,536870912,91.0,79,101MB / 112MB,35MB / 283kB
111,2026-09-10T04:53:16.634921+00:00,223,2026-09-10T04:53:16.261386+00:00,false,microservices,mysql,f2f19112f207ba08545ea34a88defb78261071c2a5b9e93ad841a8980758cfdc,tcc-microservices-experiment-mysql-1,28.47,434110464,1073741824,40.43,40,36.7MB / 92.5MB,54.2MB / 182MB
111,2026-09-10T04:53:16.634921+00:00,223,2026-09-10T04:53:16.261386+00:00,false,microservices,order,682589e4f967cfe8187f814b289a6924f24054c6332193a4c5b7622dd97827af,tcc-microservices-experiment-order-1,0.02,74176266,1073741824,6.91,3,5.31MB / 4.14MB,2.65MB / 77.8kB
111,2026-09-10T04:53:16.634921+00:00,223,2026-09-10T04:53:16.261386+00:00,false,microservices,product,47a3b04159e790d9f9d3eb6c9ab116b6ce342fac7f839e7957228b6d79ca778b,tcc-microservices-experiment-product-1,81.57,83361792,1073741824,7.76,3,112MB / 119MB,5.47MB / 1.78MB
112,2026-09-10T04:53:17.634898+00:00,225,2026-09-10T04:53:17.261368+00:00,false,microservices,auth,a8d34afd037374e249e94fdcc51a0a0d738d9e7ec61a64eddb7c6f350894dec1,tcc-microservices-experiment-auth-1,0.02,79188460,1073741824,7.38,3,46.1kB / 40.3kB,7.05MB / 65.5kB
112,2026-09-10T04:53:17.634898+00:00,225,2026-09-10T04:53:17.261368+00:00,false,microservices,gateway,55d4f88a6e9b6ffc7b1737bc6bb11d1152a37a3fe8e71dd6f1368ff89925a8c4,tcc-microservices-experiment-gateway-1,29.11,489055846,536870912,91.1,79,101MB / 113MB,35MB / 283kB
112,2026-09-10T04:53:17.634898+00:00,225,2026-09-10T04:53:17.261368+00:00,false,microservices,mysql,f2f19112f207ba08545ea34a88defb78261071c2a5b9e93ad841a8980758cfdc,tcc-microservices-experiment-mysql-1,25.15,433795891,1073741824,40.4,40,36.9MB / 93.2MB,54.2MB / 182MB
112,2026-09-10T04:53:17.634898+00:00,225,2026-09-10T04:53:17.261368+00:00,false,microservices,order,682589e4f967cfe8187f814b289a6924f24054c6332193a4c5b7622dd97827af,tcc-microservices-experiment-order-1,0.02,74176266,1073741824,6.91,3,5.31MB / 4.14MB,2.65MB / 77.8kB
112,2026-09-10T04:53:17.634898+00:00,225,2026-09-10T04:53:17.261368+00:00,false,microservices,product,47a3b04159e790d9f9d3eb6c9ab116b6ce342fac7f839e7957228b6d79ca778b,tcc-microservices-experiment-product-1,81.24,83015762,1073741824,7.73,3,113MB / 120MB,5.47MB / 1.78MB
113,2026-09-10T04:53:18.634899+00:00,227,2026-09-10T04:53:18.261716+00:00,false,microservices,auth,a8d34afd037374e249e94fdcc51a0a0d738d9e7ec61a64eddb7c6f350894dec1,tcc-microservices-experiment-auth-1,0.02,79188460,1073741824,7.38,3,46.1kB / 40.3kB,7.05MB / 65.5kB
113,2026-09-10T04:53:18.634899+00:00,227,2026-09-10T04:53:18.261716+00:00,false,microservices,gateway,55d4f88a6e9b6ffc7b1737bc6bb11d1152a37a3fe8e71dd6f1368ff89925a8c4,tcc-microservices-experiment-gateway-1,30.82,488321843,536870912,90.95,69,102MB / 114MB,35MB / 283kB
113,2026-09-10T04:53:18.634899+00:00,227,2026-09-10T04:53:18.261716+00:00,false,microservices,mysql,f2f19112f207ba08545ea34a88defb78261071c2a5b9e93ad841a8980758cfdc,tcc-microservices-experiment-mysql-1,28.14,433691034,1073741824,40.39,40,37.1MB / 93.8MB,54.2MB / 182MB
113,2026-09-10T04:53:18.634899+00:00,227,2026-09-10T04:53:18.261716+00:00,false,microservices,order,682589e4f967cfe8187f814b289a6924f24054c6332193a4c5b7622dd97827af,tcc-microservices-experiment-order-1,0.02,74176266,1073741824,6.91,3,5.31MB / 4.14MB,2.65MB / 77.8kB
113,2026-09-10T04:53:18.634899+00:00,227,2026-09-10T04:53:18.261716+00:00,false,microservices,product,47a3b04159e790d9f9d3eb6c9ab116b6ce342fac7f839e7957228b6d79ca778b,tcc-microservices-experiment-product-1,82.13,83110134,1073741824,7.74,3,114MB / 121MB,5.47MB / 1.78MB
114,2026-09-10T04:53:19.634901+00:00,229,2026-09-10T04:53:19.260587+00:00,false,microservices,auth,a8d34afd037374e249e94fdcc51a0a0d738d9e7ec61a64eddb7c6f350894dec1,tcc-microservices-experiment-auth-1,0.02,79188460,1073741824,7.38,3,46.1kB / 40.3kB,7.05MB / 65.5kB
114,2026-09-10T04:53:19.634901+00:00,229,2026-09-10T04:53:19.260587+00:00,false,microservices,gateway,55d4f88a6e9b6ffc7b1737bc6bb11d1152a37a3fe8e71dd6f1368ff89925a8c4,tcc-microservices-experiment-gateway-1,31.95,489475277,536870912,91.17,69,103MB / 115MB,35MB / 295kB
114,2026-09-10T04:53:19.634901+00:00,229,2026-09-10T04:53:19.260587+00:00,false,microservices,mysql,f2f19112f207ba08545ea34a88defb78261071c2a5b9e93ad841a8980758cfdc,tcc-microservices-experiment-mysql-1,23.53,433586176,1073741824,40.38,40,37.4MB / 94.5MB,54.2MB / 182MB
114,2026-09-10T04:53:19.634901+00:00,229,2026-09-10T04:53:19.260587+00:00,false,microservices,order,682589e4f967cfe8187f814b289a6924f24054c6332193a4c5b7622dd97827af,tcc-microservices-experiment-order-1,0.01,74176266,1073741824,6.91,3,5.31MB / 4.14MB,2.65MB / 77.8kB
114,2026-09-10T04:53:19.634901+00:00,229,2026-09-10T04:53:19.260587+00:00,false,microservices,product,47a3b04159e790d9f9d3eb6c9ab116b6ce342fac7f839e7957228b6d79ca778b,tcc-microservices-experiment-product-1,82.91,83319849,1073741824,7.76,3,114MB / 122MB,5.47MB / 1.78MB
115,2026-09-10T04:53:20.634896+00:00,231,2026-09-10T04:53:20.262287+00:00,false,microservices,auth,a8d34afd037374e249e94fdcc51a0a0d738d9e7ec61a64eddb7c6f350894dec1,tcc-microservices-experiment-auth-1,0.02,79188460,1073741824,7.38,3,46.1kB / 40.3kB,7.05MB / 65.5kB
115,2026-09-10T04:53:20.634896+00:00,231,2026-09-10T04:53:20.262287+00:00,false,microservices,gateway,55d4f88a6e9b6ffc7b1737bc6bb11d1152a37a3fe8e71dd6f1368ff89925a8c4,tcc-microservices-experiment-gateway-1,29.82,488216986,536870912,90.94,69,104MB / 116MB,35MB / 295kB
115,2026-09-10T04:53:20.634896+00:00,231,2026-09-10T04:53:20.262287+00:00,false,microservices,mysql,f2f19112f207ba08545ea34a88defb78261071c2a5b9e93ad841a8980758cfdc,tcc-microservices-experiment-mysql-1,29.35,434110464,1073741824,40.43,40,37.6MB / 95.2MB,54.2MB / 182MB
115,2026-09-10T04:53:20.634896+00:00,231,2026-09-10T04:53:20.262287+00:00,false,microservices,order,682589e4f967cfe8187f814b289a6924f24054c6332193a4c5b7622dd97827af,tcc-microservices-experiment-order-1,0.02,74176266,1073741824,6.91,3,5.31MB / 4.14MB,2.65MB / 77.8kB
115,2026-09-10T04:53:20.634896+00:00,231,2026-09-10T04:53:20.262287+00:00,false,microservices,product,47a3b04159e790d9f9d3eb6c9ab116b6ce342fac7f839e7957228b6d79ca778b,tcc-microservices-experiment-product-1,81.26,83550536,1073741824,7.78,3,115MB / 123MB,5.47MB / 3.08MB
116,2026-09-10T04:53:21.634912+00:00,233,2026-09-10T04:53:21.260828+00:00,false,microservices,auth,a8d34afd037374e249e94fdcc51a0a0d738d9e7ec61a64eddb7c6f350894dec1,tcc-microservices-experiment-auth-1,0.02,79188460,1073741824,7.38,3,46.1kB / 40.3kB,7.05MB / 65.5kB
116,2026-09-10T04:53:21.634912+00:00,233,2026-09-10T04:53:21.260828+00:00,false,microservices,gateway,55d4f88a6e9b6ffc7b1737bc6bb11d1152a37a3fe8e71dd6f1368ff89925a8c4,tcc-microservices-experiment-gateway-1,29.98,489055846,536870912,91.09,69,104MB / 117MB,35MB / 295kB
116,2026-09-10T04:53:21.634912+00:00,233,2026-09-10T04:53:21.260828+00:00,false,microservices,mysql,f2f19112f207ba08545ea34a88defb78261071c2a5b9e93ad841a8980758cfdc,tcc-microservices-experiment-mysql-1,23.19,434110464,1073741824,40.43,40,37.9MB / 95.8MB,54.2MB / 182MB
116,2026-09-10T04:53:21.634912+00:00,233,2026-09-10T04:53:21.260828+00:00,false,microservices,order,682589e4f967cfe8187f814b289a6924f24054c6332193a4c5b7622dd97827af,tcc-microservices-experiment-order-1,0.02,74176266,1073741824,6.91,3,5.31MB / 4.14MB,2.65MB / 77.8kB
116,2026-09-10T04:53:21.634912+00:00,233,2026-09-10T04:53:21.260828+00:00,false,microservices,product,47a3b04159e790d9f9d3eb6c9ab116b6ce342fac7f839e7957228b6d79ca778b,tcc-microservices-experiment-product-1,83.02,82795561,1073741824,7.71,3,116MB / 124MB,5.47MB / 3.08MB
117,2026-09-10T04:53:22.634896+00:00,235,2026-09-10T04:53:22.261443+00:00,false,microservices,auth,a8d34afd037374e249e94fdcc51a0a0d738d9e7ec61a64eddb7c6f350894dec1,tcc-microservices-experiment-auth-1,0.02,79188460,1073741824,7.38,3,46.1kB / 40.3kB,7.05MB / 65.5kB
117,2026-09-10T04:53:22.634896+00:00,235,2026-09-10T04:53:22.261443+00:00,false,microservices,gateway,55d4f88a6e9b6ffc7b1737bc6bb11d1152a37a3fe8e71dd6f1368ff89925a8c4,tcc-microservices-experiment-gateway-1,29.34,488950989,536870912,91.07,69,105MB / 118MB,35MB / 295kB
117,2026-09-10T04:53:22.634896+00:00,235,2026-09-10T04:53:22.261443+00:00,false,microservices,mysql,f2f19112f207ba08545ea34a88defb78261071c2a5b9e93ad841a8980758cfdc,tcc-microservices-experiment-mysql-1,29.0,434844467,1073741824,40.5,40,38.1MB / 96.5MB,54.2MB / 182MB
117,2026-09-10T04:53:22.634896+00:00,235,2026-09-10T04:53:22.261443+00:00,false,microservices,order,682589e4f967cfe8187f814b289a6924f24054c6332193a4c5b7622dd97827af,tcc-microservices-experiment-order-1,0.02,74176266,1073741824,6.91,3,5.31MB / 4.14MB,2.65MB / 77.8kB
117,2026-09-10T04:53:22.634896+00:00,235,2026-09-10T04:53:22.261443+00:00,false,microservices,product,47a3b04159e790d9f9d3eb6c9ab116b6ce342fac7f839e7957228b6d79ca778b,tcc-microservices-experiment-product-1,81.52,82984305,1073741824,7.73,3,117MB / 125MB,5.47MB / 3.08MB
118,2026-09-10T04:53:23.634898+00:00,237,2026-09-10T04:53:23.262229+00:00,false,microservices,auth,a8d34afd037374e249e94fdcc51a0a0d738d9e7ec61a64eddb7c6f350894dec1,tcc-microservices-experiment-auth-1,0.02,79188460,1073741824,7.38,3,46.1kB / 40.3kB,7.05MB / 65.5kB
118,2026-09-10T04:53:23.634898+00:00,237,2026-09-10T04:53:23.262229+00:00,false,microservices,gateway,55d4f88a6e9b6ffc7b1737bc6bb11d1152a37a3fe8e71dd6f1368ff89925a8c4,tcc-microservices-experiment-gateway-1,29.83,488426701,536870912,90.98,69,106MB / 118MB,35MB / 295kB
118,2026-09-10T04:53:23.634898+00:00,237,2026-09-10T04:53:23.262229+00:00,false,microservices,mysql,f2f19112f207ba08545ea34a88defb78261071c2a5b9e93ad841a8980758cfdc,tcc-microservices-experiment-mysql-1,24.88,433900749,1073741824,40.41,40,38.3MB / 97.1MB,54.2MB / 182MB
118,2026-09-10T04:53:23.634898+00:00,237,2026-09-10T04:53:23.262229+00:00,false,microservices,order,682589e4f967cfe8187f814b289a6924f24054c6332193a4c5b7622dd97827af,tcc-microservices-experiment-order-1,0.02,74176266,1073741824,6.91,3,5.31MB / 4.14MB,2.65MB / 77.8kB
118,2026-09-10T04:53:23.634898+00:00,237,2026-09-10T04:53:23.262229+00:00,false,microservices,product,47a3b04159e790d9f9d3eb6c9ab116b6ce342fac7f839e7957228b6d79ca778b,tcc-microservices-experiment-product-1,81.04,83393249,1073741824,7.77,3,118MB / 126MB,5.47MB / 3.08MB
119,2026-09-10T04:53:24.634908+00:00,239,2026-09-10T04:53:24.261239+00:00,false,microservices,auth,a8d34afd037374e249e94fdcc51a0a0d738d9e7ec61a64eddb7c6f350894dec1,tcc-microservices-experiment-auth-1,0.02,79188460,1073741824,7.38,3,46.1kB / 40.3kB,7.05MB / 65.5kB
119,2026-09-10T04:53:24.634908+00:00,239,2026-09-10T04:53:24.261239+00:00,false,microservices,gateway,55d4f88a6e9b6ffc7b1737bc6bb11d1152a37a3fe8e71dd6f1368ff89925a8c4,tcc-microservices-experiment-gateway-1,29.32,488950989,536870912,91.08,69,107MB / 119MB,35MB / 295kB
119,2026-09-10T04:53:24.634908+00:00,239,2026-09-10T04:53:24.261239+00:00,false,microservices,mysql,f2f19112f207ba08545ea34a88defb78261071c2a5b9e93ad841a8980758cfdc,tcc-microservices-experiment-mysql-1,29.48,433481318,1073741824,40.38,40,38.6MB / 97.7MB,54.2MB / 182MB
119,2026-09-10T04:53:24.634908+00:00,239,2026-09-10T04:53:24.261239+00:00,false,microservices,order,682589e4f967cfe8187f814b289a6924f24054c6332193a4c5b7622dd97827af,tcc-microservices-experiment-order-1,0.02,74176266,1073741824,6.91,3,5.31MB / 4.14MB,2.65MB / 77.8kB
119,2026-09-10T04:53:24.634908+00:00,239,2026-09-10T04:53:24.261239+00:00,false,microservices,product,47a3b04159e790d9f9d3eb6c9ab116b6ce342fac7f839e7957228b6d79ca778b,tcc-microservices-experiment-product-1,81.77,83466650,1073741824,7.77,3,119MB / 126MB,5.47MB / 3.08MB
120,2026-09-10T04:53:25.634898+00:00,241,2026-09-10T04:53:25.262236+00:00,false,microservices,auth,a8d34afd037374e249e94fdcc51a0a0d738d9e7ec61a64eddb7c6f350894dec1,tcc-microservices-experiment-auth-1,0.02,79188460,1073741824,7.38,3,46.1kB / 40.3kB,7.05MB / 65.5kB
120,2026-09-10T04:53:25.634898+00:00,241,2026-09-10T04:53:25.262236+00:00,false,microservices,gateway,55d4f88a6e9b6ffc7b1737bc6bb11d1152a37a3fe8e71dd6f1368ff89925a8c4,tcc-microservices-experiment-gateway-1,29.61,489160704,536870912,91.12,69,107MB / 120MB,35MB / 295kB
120,2026-09-10T04:53:25.634898+00:00,241,2026-09-10T04:53:25.262236+00:00,false,microservices,mysql,f2f19112f207ba08545ea34a88defb78261071c2a5b9e93ad841a8980758cfdc,tcc-microservices-experiment-mysql-1,24.94,433481318,1073741824,40.38,40,38.8MB / 98.4MB,54.2MB / 182MB
120,2026-09-10T04:53:25.634898+00:00,241,2026-09-10T04:53:25.262236+00:00,false,microservices,order,682589e4f967cfe8187f814b289a6924f24054c6332193a4c5b7622dd97827af,tcc-microservices-experiment-order-1,0.02,74176266,1073741824,6.91,3,5.31MB / 4.14MB,2.65MB / 77.8kB
120,2026-09-10T04:53:25.634898+00:00,241,2026-09-10T04:53:25.262236+00:00,false,microservices,product,47a3b04159e790d9f9d3eb6c9ab116b6ce342fac7f839e7957228b6d79ca778b,tcc-microservices-experiment-product-1,81.17,83634422,1073741824,7.79,3,119MB / 127MB,5.47MB / 3.08MB
