sample_index,captured_at_utc,docker_refresh_sequence,docker_refresh_captured_at_utc,docker_refresh_reused,architecture,service,container_id,container_name,cpu_percent,memory_used_bytes,memory_limit_bytes,memory_percent,pids,network_io,block_io
1,2026-09-10T08:27:12.078811+00:00,3,2026-09-10T08:27:11.708726+00:00,false,microservices,auth,20efabd9278390fe95d1dfd88b671296f1bac9f66ac7877d2f3637299cd03410,tcc-microservices-experiment-auth-1,0.02,82145444,1073741824,7.65,3,45.2kB / 40.3kB,14.5MB / 65.5kB
1,2026-09-10T08:27:12.078811+00:00,3,2026-09-10T08:27:11.708726+00:00,false,microservices,gateway,d4be3dd53c8c16361be310672a99248641b4edf83d9f9b47c4f095f7c61247f2,tcc-microservices-experiment-gateway-1,0.23,493774438,536870912,91.97,87,20.5MB / 22.7MB,33.2MB / 184kB
1,2026-09-10T08:27:12.078811+00:00,3,2026-09-10T08:27:11.708726+00:00,false,microservices,mysql,9cd68107b98468e66d34ab214797c544f369fb96bf7cc3284c9561075eca9f60,tcc-microservices-experiment-mysql-1,0.83,539911782,1073741824,50.28,40,10.6MB / 27.3MB,52.8MB / 118MB
1,2026-09-10T08:27:12.078811+00:00,3,2026-09-10T08:27:11.708726+00:00,false,microservices,order,99afba3c058fed5a38f72f03cebaf849d7bbb1028755506d1b057f851178eaca,tcc-microservices-experiment-order-1,0.02,78831944,1073741824,7.34,3,31.5MB / 28.2MB,8.15MB / 77.8kB
1,2026-09-10T08:27:12.078811+00:00,3,2026-09-10T08:27:11.708726+00:00,false,microservices,product,2e69c401ba2a768022eabe35dfabf5ae08593abd564bb1b4611cb16272491131,tcc-microservices-experiment-product-1,0.02,80289464,1073741824,7.48,3,416kB / 282kB,7.45MB / 81.9kB
2,2026-09-10T08:27:13.078803+00:00,5,2026-09-10T08:27:12.708244+00:00,false,microservices,auth,20efabd9278390fe95d1dfd88b671296f1bac9f66ac7877d2f3637299cd03410,tcc-microservices-experiment-auth-1,0.02,82145444,1073741824,7.65,3,45.2kB / 40.3kB,14.5MB / 65.5kB
2,2026-09-10T08:27:13.078803+00:00,5,2026-09-10T08:27:12.708244+00:00,false,microservices,gateway,d4be3dd53c8c16361be310672a99248641b4edf83d9f9b47c4f095f7c61247f2,tcc-microservices-experiment-gateway-1,0.17,493774438,536870912,91.97,87,20.5MB / 22.7MB,33.2MB / 184kB
2,2026-09-10T08:27:13.078803+00:00,5,2026-09-10T08:27:12.708244+00:00,false,microservices,mysql,9cd68107b98468e66d34ab214797c544f369fb96bf7cc3284c9561075eca9f60,tcc-microservices-experiment-mysql-1,5.47,540855501,1073741824,50.37,40,10.6MB / 27.3MB,52.8MB / 118MB
2,2026-09-10T08:27:13.078803+00:00,5,2026-09-10T08:27:12.708244+00:00,false,microservices,order,99afba3c058fed5a38f72f03cebaf849d7bbb1028755506d1b057f851178eaca,tcc-microservices-experiment-order-1,0.02,78810972,1073741824,7.34,3,31.5MB / 28.2MB,8.15MB / 77.8kB
2,2026-09-10T08:27:13.078803+00:00,5,2026-09-10T08:27:12.708244+00:00,false,microservices,product,2e69c401ba2a768022eabe35dfabf5ae08593abd564bb1b4611cb16272491131,tcc-microservices-experiment-product-1,0.03,80289464,1073741824,7.48,3,416kB / 282kB,7.45MB / 81.9kB
3,2026-09-10T08:27:14.078768+00:00,7,2026-09-10T08:27:13.712487+00:00,false,microservices,auth,20efabd9278390fe95d1dfd88b671296f1bac9f66ac7877d2f3637299cd03410,tcc-microservices-experiment-auth-1,0.02,82145444,1073741824,7.65,3,45.2kB / 40.3kB,14.5MB / 65.5kB
3,2026-09-10T08:27:14.078768+00:00,7,2026-09-10T08:27:13.712487+00:00,false,microservices,gateway,d4be3dd53c8c16361be310672a99248641b4edf83d9f9b47c4f095f7c61247f2,tcc-microservices-experiment-gateway-1,78.51,496081306,536870912,92.41,87,20.8MB / 23MB,33.2MB / 184kB
3,2026-09-10T08:27:14.078768+00:00,7,2026-09-10T08:27:13.712487+00:00,false,microservices,mysql,9cd68107b98468e66d34ab214797c544f369fb96bf7cc3284c9561075eca9f60,tcc-microservices-experiment-mysql-1,10.31,540226355,1073741824,50.32,40,10.7MB / 27.5MB,52.8MB / 118MB
3,2026-09-10T08:27:14.078768+00:00,7,2026-09-10T08:27:13.712487+00:00,false,microservices,order,99afba3c058fed5a38f72f03cebaf849d7bbb1028755506d1b057f851178eaca,tcc-microservices-experiment-order-1,38.83,80090235,1073741824,7.46,3,31.8MB / 28.4MB,8.15MB / 77.8kB
3,2026-09-10T08:27:14.078768+00:00,7,2026-09-10T08:27:13.712487+00:00,false,microservices,product,2e69c401ba2a768022eabe35dfabf5ae08593abd564bb1b4611cb16272491131,tcc-microservices-experiment-product-1,0.02,80289464,1073741824,7.48,3,416kB / 282kB,7.45MB / 81.9kB
4,2026-09-10T08:27:15.078808+00:00,9,2026-09-10T08:27:14.708424+00:00,false,microservices,auth,20efabd9278390fe95d1dfd88b671296f1bac9f66ac7877d2f3637299cd03410,tcc-microservices-experiment-auth-1,0.02,82145444,1073741824,7.65,3,45.2kB / 40.3kB,14.5MB / 65.5kB
4,2026-09-10T08:27:15.078808+00:00,9,2026-09-10T08:27:14.708424+00:00,false,microservices,gateway,d4be3dd53c8c16361be310672a99248641b4edf83d9f9b47c4f095f7c61247f2,tcc-microservices-experiment-gateway-1,55.91,496605594,536870912,92.5,87,21.4MB / 23.6MB,33.2MB / 201kB
4,2026-09-10T08:27:15.078808+00:00,9,2026-09-10T08:27:14.708424+00:00,false,microservices,mysql,9cd68107b98468e66d34ab214797c544f369fb96bf7cc3284c9561075eca9f60,tcc-microservices-experiment-mysql-1,26.83,540436070,1073741824,50.33,40,10.8MB / 28.1MB,52.8MB / 118MB
4,2026-09-10T08:27:15.078808+00:00,9,2026-09-10T08:27:14.708424+00:00,false,microservices,order,99afba3c058fed5a38f72f03cebaf849d7bbb1028755506d1b057f851178eaca,tcc-microservices-experiment-order-1,85.43,79911977,1073741824,7.44,3,32.5MB / 29MB,8.15MB / 77.8kB
4,2026-09-10T08:27:15.078808+00:00,9,2026-09-10T08:27:14.708424+00:00,false,microservices,product,2e69c401ba2a768022eabe35dfabf5ae08593abd564bb1b4611cb16272491131,tcc-microservices-experiment-product-1,0.02,80289464,1073741824,7.48,3,416kB / 282kB,7.45MB / 81.9kB
5,2026-09-10T08:27:16.078784+00:00,11,2026-09-10T08:27:15.708807+00:00,false,microservices,auth,20efabd9278390fe95d1dfd88b671296f1bac9f66ac7877d2f3637299cd03410,tcc-microservices-experiment-auth-1,0.02,82145444,1073741824,7.65,3,45.2kB / 40.3kB,14.5MB / 65.5kB
5,2026-09-10T08:27:16.078784+00:00,11,2026-09-10T08:27:15.708807+00:00,false,microservices,gateway,d4be3dd53c8c16361be310672a99248641b4edf83d9f9b47c4f095f7c61247f2,tcc-microservices-experiment-gateway-1,41.98,496920166,536870912,92.56,87,22MB / 24.4MB,33.2MB / 201kB
5,2026-09-10T08:27:16.078784+00:00,11,2026-09-10T08:27:15.708807+00:00,false,microservices,mysql,9cd68107b98468e66d34ab214797c544f369fb96bf7cc3284c9561075eca9f60,tcc-microservices-experiment-mysql-1,23.43,541170074,1073741824,50.4,40,11MB / 28.8MB,52.8MB / 118MB
5,2026-09-10T08:27:16.078784+00:00,11,2026-09-10T08:27:15.708807+00:00,false,microservices,order,99afba3c058fed5a38f72f03cebaf849d7bbb1028755506d1b057f851178eaca,tcc-microservices-experiment-order-1,83.17,80258007,1073741824,7.47,3,33.4MB / 29.8MB,8.15MB / 77.8kB
5,2026-09-10T08:27:16.078784+00:00,11,2026-09-10T08:27:15.708807+00:00,false,microservices,product,2e69c401ba2a768022eabe35dfabf5ae08593abd564bb1b4611cb16272491131,tcc-microservices-experiment-product-1,0.02,80289464,1073741824,7.48,3,416kB / 282kB,7.45MB / 81.9kB
6,2026-09-10T08:27:17.078809+00:00,13,2026-09-10T08:27:16.708769+00:00,false,microservices,auth,20efabd9278390fe95d1dfd88b671296f1bac9f66ac7877d2f3637299cd03410,tcc-microservices-experiment-auth-1,0.02,82145444,1073741824,7.65,3,45.2kB / 40.3kB,14.5MB / 65.5kB
6,2026-09-10T08:27:17.078809+00:00,13,2026-09-10T08:27:16.708769+00:00,false,microservices,gateway,d4be3dd53c8c16361be310672a99248641b4edf83d9f9b47c4f095f7c61247f2,tcc-microservices-experiment-gateway-1,44.47,497444454,536870912,92.65,87,22.7MB / 25.2MB,33.2MB / 201kB
6,2026-09-10T08:27:17.078809+00:00,13,2026-09-10T08:27:16.708769+00:00,false,microservices,mysql,9cd68107b98468e66d34ab214797c544f369fb96bf7cc3284c9561075eca9f60,tcc-microservices-experiment-mysql-1,28.22,540436070,1073741824,50.33,40,11.2MB / 29.5MB,52.8MB / 118MB
6,2026-09-10T08:27:17.078809+00:00,13,2026-09-10T08:27:16.708769+00:00,false,microservices,order,99afba3c058fed5a38f72f03cebaf849d7bbb1028755506d1b057f851178eaca,tcc-microservices-experiment-order-1,82.79,80247521,1073741824,7.47,3,34.3MB / 30.6MB,8.15MB / 77.8kB
6,2026-09-10T08:27:17.078809+00:00,13,2026-09-10T08:27:16.708769+00:00,false,microservices,product,2e69c401ba2a768022eabe35dfabf5ae08593abd564bb1b4611cb16272491131,tcc-microservices-experiment-product-1,0.02,80289464,1073741824,7.48,3,416kB / 282kB,7.45MB / 81.9kB
7,2026-09-10T08:27:18.078794+00:00,15,2026-09-10T08:27:17.707360+00:00,false,microservices,auth,20efabd9278390fe95d1dfd88b671296f1bac9f66ac7877d2f3637299cd03410,tcc-microservices-experiment-auth-1,0.02,82145444,1073741824,7.65,3,45.2kB / 40.3kB,14.5MB / 65.5kB
7,2026-09-10T08:27:18.078794+00:00,15,2026-09-10T08:27:17.707360+00:00,false,microservices,gateway,d4be3dd53c8c16361be310672a99248641b4edf83d9f9b47c4f095f7c61247f2,tcc-microservices-experiment-gateway-1,98.62,497863885,536870912,92.74,87,23.4MB / 25.9MB,33.2MB / 201kB
7,2026-09-10T08:27:18.078794+00:00,15,2026-09-10T08:27:17.707360+00:00,false,microservices,mysql,9cd68107b98468e66d34ab214797c544f369fb96bf7cc3284c9561075eca9f60,tcc-microservices-experiment-mysql-1,24.57,539911782,1073741824,50.29,40,11.4MB / 30.2MB,52.8MB / 118MB
7,2026-09-10T08:27:18.078794+00:00,15,2026-09-10T08:27:17.707360+00:00,false,microservices,order,99afba3c058fed5a38f72f03cebaf849d7bbb1028755506d1b057f851178eaca,tcc-microservices-experiment-order-1,81.96,81086382,1073741824,7.55,3,35.2MB / 31.4MB,8.15MB / 77.8kB
7,2026-09-10T08:27:18.078794+00:00,15,2026-09-10T08:27:17.707360+00:00,false,microservices,product,2e69c401ba2a768022eabe35dfabf5ae08593abd564bb1b4611cb16272491131,tcc-microservices-experiment-product-1,0.02,80289464,1073741824,7.48,3,416kB / 282kB,7.45MB / 81.9kB
8,2026-09-10T08:27:19.078813+00:00,17,2026-09-10T08:27:18.708315+00:00,false,microservices,auth,20efabd9278390fe95d1dfd88b671296f1bac9f66ac7877d2f3637299cd03410,tcc-microservices-experiment-auth-1,0.02,82145444,1073741824,7.65,3,45.2kB / 40.3kB,14.5MB / 65.5kB
8,2026-09-10T08:27:19.078813+00:00,17,2026-09-10T08:27:18.708315+00:00,false,microservices,gateway,d4be3dd53c8c16361be310672a99248641b4edf83d9f9b47c4f095f7c61247f2,tcc-microservices-experiment-gateway-1,52.76,497549312,536870912,92.68,87,24.1MB / 26.7MB,33.2MB / 201kB
8,2026-09-10T08:27:19.078813+00:00,17,2026-09-10T08:27:18.708315+00:00,false,microservices,mysql,9cd68107b98468e66d34ab214797c544f369fb96bf7cc3284c9561075eca9f60,tcc-microservices-experiment-mysql-1,27.9,541484646,1073741824,50.42,40,11.6MB / 31MB,52.8MB / 118MB
8,2026-09-10T08:27:19.078813+00:00,17,2026-09-10T08:27:18.708315+00:00,false,microservices,order,99afba3c058fed5a38f72f03cebaf849d7bbb1028755506d1b057f851178eaca,tcc-microservices-experiment-order-1,82.0,81117839,1073741824,7.56,3,36MB / 32.2MB,8.15MB / 77.8kB
8,2026-09-10T08:27:19.078813+00:00,17,2026-09-10T08:27:18.708315+00:00,false,microservices,product,2e69c401ba2a768022eabe35dfabf5ae08593abd564bb1b4611cb16272491131,tcc-microservices-experiment-product-1,0.02,80289464,1073741824,7.48,3,416kB / 282kB,7.45MB / 81.9kB
9,2026-09-10T08:27:20.078783+00:00,19,2026-09-10T08:27:19.707303+00:00,false,microservices,auth,20efabd9278390fe95d1dfd88b671296f1bac9f66ac7877d2f3637299cd03410,tcc-microservices-experiment-auth-1,0.02,82145444,1073741824,7.65,3,45.2kB / 40.3kB,14.5MB / 65.5kB
9,2026-09-10T08:27:20.078783+00:00,19,2026-09-10T08:27:19.707303+00:00,false,microservices,gateway,d4be3dd53c8c16361be310672a99248641b4edf83d9f9b47c4f095f7c61247f2,tcc-microservices-experiment-gateway-1,55.32,497654170,536870912,92.69,87,24.8MB / 27.5MB,33.2MB / 201kB
9,2026-09-10T08:27:20.078783+00:00,19,2026-09-10T08:27:19.707303+00:00,false,microservices,mysql,9cd68107b98468e66d34ab214797c544f369fb96bf7cc3284c9561075eca9f60,tcc-microservices-experiment-mysql-1,24.74,541170074,1073741824,50.4,40,11.8MB / 31.7MB,52.8MB / 118MB
9,2026-09-10T08:27:20.078783+00:00,19,2026-09-10T08:27:19.707303+00:00,false,microservices,order,99afba3c058fed5a38f72f03cebaf849d7bbb1028755506d1b057f851178eaca,tcc-microservices-experiment-order-1,81.6,82082529,1073741824,7.64,3,36.9MB / 33.1MB,8.15MB / 77.8kB
9,2026-09-10T08:27:20.078783+00:00,19,2026-09-10T08:27:19.707303+00:00,false,microservices,product,2e69c401ba2a768022eabe35dfabf5ae08593abd564bb1b4611cb16272491131,tcc-microservices-experiment-product-1,0.02,80289464,1073741824,7.48,3,416kB / 282kB,7.45MB / 81.9kB
10,2026-09-10T08:27:21.078771+00:00,21,2026-09-10T08:27:20.708477+00:00,false,microservices,auth,20efabd9278390fe95d1dfd88b671296f1bac9f66ac7877d2f3637299cd03410,tcc-microservices-experiment-auth-1,0.02,82145444,1073741824,7.65,3,45.2kB / 40.3kB,14.5MB / 65.5kB
10,2026-09-10T08:27:21.078771+00:00,21,2026-09-10T08:27:20.708477+00:00,false,microservices,gateway,d4be3dd53c8c16361be310672a99248641b4edf83d9f9b47c4f095f7c61247f2,tcc-microservices-experiment-gateway-1,46.4,497549312,536870912,92.67,87,25.5MB / 28.3MB,33.2MB / 201kB
10,2026-09-10T08:27:21.078771+00:00,21,2026-09-10T08:27:20.708477+00:00,false,microservices,mysql,9cd68107b98468e66d34ab214797c544f369fb96bf7cc3284c9561075eca9f60,tcc-microservices-experiment-mysql-1,27.88,541170074,1073741824,50.4,40,12MB / 32.5MB,52.8MB / 118MB
10,2026-09-10T08:27:21.078771+00:00,21,2026-09-10T08:27:20.708477+00:00,false,microservices,order,99afba3c058fed5a38f72f03cebaf849d7bbb1028755506d1b057f851178eaca,tcc-microservices-experiment-order-1,83.38,80551608,1073741824,7.5,3,37.8MB / 33.9MB,8.15MB / 77.8kB
10,2026-09-10T08:27:21.078771+00:00,21,2026-09-10T08:27:20.708477+00:00,false,microservices,product,2e69c401ba2a768022eabe35dfabf5ae08593abd564bb1b4611cb16272491131,tcc-microservices-experiment-product-1,0.02,80289464,1073741824,7.48,3,416kB / 282kB,7.45MB / 81.9kB
11,2026-09-10T08:27:22.078820+00:00,23,2026-09-10T08:27:21.708581+00:00,false,microservices,auth,20efabd9278390fe95d1dfd88b671296f1bac9f66ac7877d2f3637299cd03410,tcc-microservices-experiment-auth-1,0.02,82145444,1073741824,7.65,3,45.2kB / 40.3kB,14.5MB / 65.5kB
11,2026-09-10T08:27:22.078820+00:00,23,2026-09-10T08:27:21.708581+00:00,false,microservices,gateway,d4be3dd53c8c16361be310672a99248641b4edf83d9f9b47c4f095f7c61247f2,tcc-microservices-experiment-gateway-1,43.58,497968742,536870912,92.75,87,26.2MB / 29MB,33.2MB / 201kB
11,2026-09-10T08:27:22.078820+00:00,23,2026-09-10T08:27:21.708581+00:00,false,microservices,mysql,9cd68107b98468e66d34ab214797c544f369fb96bf7cc3284c9561075eca9f60,tcc-microservices-experiment-mysql-1,23.43,539911782,1073741824,50.29,40,12.3MB / 33.2MB,52.8MB / 118MB
11,2026-09-10T08:27:22.078820+00:00,23,2026-09-10T08:27:21.708581+00:00,false,microservices,order,99afba3c058fed5a38f72f03cebaf849d7bbb1028755506d1b057f851178eaca,tcc-microservices-experiment-order-1,83.26,80687923,1073741824,7.51,3,38.7MB / 34.7MB,8.15MB / 77.8kB
11,2026-09-10T08:27:22.078820+00:00,23,2026-09-10T08:27:21.708581+00:00,false,microservices,product,2e69c401ba2a768022eabe35dfabf5ae08593abd564bb1b4611cb16272491131,tcc-microservices-experiment-product-1,0.02,80289464,1073741824,7.48,3,416kB / 282kB,7.45MB / 81.9kB
12,2026-09-10T08:27:23.078801+00:00,25,2026-09-10T08:27:22.707375+00:00,false,microservices,auth,20efabd9278390fe95d1dfd88b671296f1bac9f66ac7877d2f3637299cd03410,tcc-microservices-experiment-auth-1,0.02,82145444,1073741824,7.65,3,45.2kB / 40.3kB,14.5MB / 65.5kB
12,2026-09-10T08:27:23.078801+00:00,25,2026-09-10T08:27:22.707375+00:00,false,microservices,gateway,d4be3dd53c8c16361be310672a99248641b4edf83d9f9b47c4f095f7c61247f2,tcc-microservices-experiment-gateway-1,72.9,497025024,536870912,92.58,87,26.9MB / 29.8MB,33.2MB / 201kB
12,2026-09-10T08:27:23.078801+00:00,25,2026-09-10T08:27:22.707375+00:00,false,microservices,mysql,9cd68107b98468e66d34ab214797c544f369fb96bf7cc3284c9561075eca9f60,tcc-microservices-experiment-mysql-1,27.82,540750643,1073741824,50.36,40,12.5MB / 34MB,52.8MB / 118MB
12,2026-09-10T08:27:23.078801+00:00,25,2026-09-10T08:27:22.707375+00:00,false,microservices,order,99afba3c058fed5a38f72f03cebaf849d7bbb1028755506d1b057f851178eaca,tcc-microservices-experiment-order-1,83.05,81138811,1073741824,7.56,3,39.7MB / 35.6MB,8.15MB / 77.8kB
12,2026-09-10T08:27:23.078801+00:00,25,2026-09-10T08:27:22.707375+00:00,false,microservices,product,2e69c401ba2a768022eabe35dfabf5ae08593abd564bb1b4611cb16272491131,tcc-microservices-experiment-product-1,0.02,80289464,1073741824,7.48,3,416kB / 282kB,7.45MB / 81.9kB
13,2026-09-10T08:27:24.078771+00:00,27,2026-09-10T08:27:23.707571+00:00,false,microservices,auth,20efabd9278390fe95d1dfd88b671296f1bac9f66ac7877d2f3637299cd03410,tcc-microservices-experiment-auth-1,0.02,82145444,1073741824,7.65,3,45.2kB / 40.3kB,14.5MB / 65.5kB
13,2026-09-10T08:27:24.078771+00:00,27,2026-09-10T08:27:23.707571+00:00,false,microservices,gateway,d4be3dd53c8c16361be310672a99248641b4edf83d9f9b47c4f095f7c61247f2,tcc-microservices-experiment-gateway-1,36.05,497444454,536870912,92.65,87,27.6MB / 30.6MB,33.2MB / 201kB
13,2026-09-10T08:27:24.078771+00:00,27,2026-09-10T08:27:23.707571+00:00,false,microservices,mysql,9cd68107b98468e66d34ab214797c544f369fb96bf7cc3284c9561075eca9f60,tcc-microservices-experiment-mysql-1,24.28,540016640,1073741824,50.3,40,12.7MB / 34.7MB,52.8MB / 118MB
13,2026-09-10T08:27:24.078771+00:00,27,2026-09-10T08:27:23.707571+00:00,false,microservices,order,99afba3c058fed5a38f72f03cebaf849d7bbb1028755506d1b057f851178eaca,tcc-microservices-experiment-order-1,81.9,81275126,1073741824,7.57,3,40.6MB / 36.4MB,8.15MB / 77.8kB
13,2026-09-10T08:27:24.078771+00:00,27,2026-09-10T08:27:23.707571+00:00,false,microservices,product,2e69c401ba2a768022eabe35dfabf5ae08593abd564bb1b4611cb16272491131,tcc-microservices-experiment-product-1,0.02,80289464,1073741824,7.48,3,416kB / 282kB,7.45MB / 81.9kB
14,2026-09-10T08:27:25.078794+00:00,29,2026-09-10T08:27:24.708573+00:00,false,microservices,auth,20efabd9278390fe95d1dfd88b671296f1bac9f66ac7877d2f3637299cd03410,tcc-microservices-experiment-auth-1,0.02,82145444,1073741824,7.65,3,45.2kB / 40.3kB,14.5MB / 65.5kB
14,2026-09-10T08:27:25.078794+00:00,29,2026-09-10T08:27:24.708573+00:00,false,microservices,gateway,d4be3dd53c8c16361be310672a99248641b4edf83d9f9b47c4f095f7c61247f2,tcc-microservices-experiment-gateway-1,36.11,497654170,536870912,92.69,87,28.4MB / 31.4MB,33.2MB / 201kB
14,2026-09-10T08:27:25.078794+00:00,29,2026-09-10T08:27:24.708573+00:00,false,microservices,mysql,9cd68107b98468e66d34ab214797c544f369fb96bf7cc3284c9561075eca9f60,tcc-microservices-experiment-mysql-1,25.84,544630374,1073741824,50.72,46,12.9MB / 35.4MB,52.8MB / 118MB
14,2026-09-10T08:27:25.078794+00:00,29,2026-09-10T08:27:24.708573+00:00,false,microservices,order,99afba3c058fed5a38f72f03cebaf849d7bbb1028755506d1b057f851178eaca,tcc-microservices-experiment-order-1,81.3,80813752,1073741824,7.53,3,41.4MB / 37.2MB,8.15MB / 77.8kB
14,2026-09-10T08:27:25.078794+00:00,29,2026-09-10T08:27:24.708573+00:00,false,microservices,product,2e69c401ba2a768022eabe35dfabf5ae08593abd564bb1b4611cb16272491131,tcc-microservices-experiment-product-1,0.02,80289464,1073741824,7.48,3,416kB / 282kB,7.45MB / 81.9kB
15,2026-09-10T08:27:26.078786+00:00,31,2026-09-10T08:27:25.708223+00:00,false,microservices,auth,20efabd9278390fe95d1dfd88b671296f1bac9f66ac7877d2f3637299cd03410,tcc-microservices-experiment-auth-1,0.02,82145444,1073741824,7.65,3,45.2kB / 40.3kB,14.5MB / 65.5kB
15,2026-09-10T08:27:26.078786+00:00,31,2026-09-10T08:27:25.708223+00:00,false,microservices,gateway,d4be3dd53c8c16361be310672a99248641b4edf83d9f9b47c4f095f7c61247f2,tcc-microservices-experiment-gateway-1,37.32,498388173,536870912,92.82,87,29MB / 32.1MB,33.2MB / 201kB
15,2026-09-10T08:27:26.078786+00:00,31,2026-09-10T08:27:25.708223+00:00,false,microservices,mysql,9cd68107b98468e66d34ab214797c544f369fb96bf7cc3284c9561075eca9f60,tcc-microservices-experiment-mysql-1,28.27,540645786,1073741824,50.35,40,13.1MB / 36.1MB,52.8MB / 118MB
15,2026-09-10T08:27:26.078786+00:00,31,2026-09-10T08:27:25.708223+00:00,false,microservices,order,99afba3c058fed5a38f72f03cebaf849d7bbb1028755506d1b057f851178eaca,tcc-microservices-experiment-order-1,81.84,81379983,1073741824,7.58,3,42.3MB / 38MB,8.15MB / 77.8kB
15,2026-09-10T08:27:26.078786+00:00,31,2026-09-10T08:27:25.708223+00:00,false,microservices,product,2e69c401ba2a768022eabe35dfabf5ae08593abd564bb1b4611cb16272491131,tcc-microservices-experiment-product-1,0.02,80289464,1073741824,7.48,3,416kB / 282kB,7.45MB / 81.9kB
16,2026-09-10T08:27:27.078807+00:00,33,2026-09-10T08:27:26.708396+00:00,false,microservices,auth,20efabd9278390fe95d1dfd88b671296f1bac9f66ac7877d2f3637299cd03410,tcc-microservices-experiment-auth-1,0.02,82145444,1073741824,7.65,3,45.2kB / 40.3kB,14.5MB / 65.5kB
16,2026-09-10T08:27:27.078807+00:00,33,2026-09-10T08:27:26.708396+00:00,false,microservices,gateway,d4be3dd53c8c16361be310672a99248641b4edf83d9f9b47c4f095f7c61247f2,tcc-microservices-experiment-gateway-1,34.98,497549312,536870912,92.67,87,29.7MB / 32.9MB,33.2MB / 201kB
16,2026-09-10T08:27:27.078807+00:00,33,2026-09-10T08:27:26.708396+00:00,false,microservices,mysql,9cd68107b98468e66d34ab214797c544f369fb96bf7cc3284c9561075eca9f60,tcc-microservices-experiment-mysql-1,25.3,540331213,1073741824,50.32,40,13.3MB / 36.9MB,52.8MB / 118MB
16,2026-09-10T08:27:27.078807+00:00,33,2026-09-10T08:27:26.708396+00:00,false,microservices,order,99afba3c058fed5a38f72f03cebaf849d7bbb1028755506d1b057f851178eaca,tcc-microservices-experiment-order-1,80.37,80782295,1073741824,7.52,3,43.2MB / 38.8MB,8.15MB / 77.8kB
16,2026-09-10T08:27:27.078807+00:00,33,2026-09-10T08:27:26.708396+00:00,false,microservices,product,2e69c401ba2a768022eabe35dfabf5ae08593abd564bb1b4611cb16272491131,tcc-microservices-experiment-product-1,0.02,80289464,1073741824,7.48,3,416kB / 282kB,7.45MB / 81.9kB
17,2026-09-10T08:27:28.078790+00:00,35,2026-09-10T08:27:27.707927+00:00,false,microservices,auth,20efabd9278390fe95d1dfd88b671296f1bac9f66ac7877d2f3637299cd03410,tcc-microservices-experiment-auth-1,0.02,82145444,1073741824,7.65,3,45.2kB / 40.3kB,14.5MB / 65.5kB
17,2026-09-10T08:27:28.078790+00:00,35,2026-09-10T08:27:27.707927+00:00,false,microservices,gateway,d4be3dd53c8c16361be310672a99248641b4edf83d9f9b47c4f095f7c61247f2,tcc-microservices-experiment-gateway-1,59.91,497863885,536870912,92.74,87,30.4MB / 33.7MB,33.2MB / 201kB
17,2026-09-10T08:27:28.078790+00:00,35,2026-09-10T08:27:27.707927+00:00,false,microservices,mysql,9cd68107b98468e66d34ab214797c544f369fb96bf7cc3284c9561075eca9f60,tcc-microservices-experiment-mysql-1,28.86,540645786,1073741824,50.35,40,13.5MB / 37.6MB,52.8MB / 118MB
17,2026-09-10T08:27:28.078790+00:00,35,2026-09-10T08:27:27.707927+00:00,false,microservices,order,99afba3c058fed5a38f72f03cebaf849d7bbb1028755506d1b057f851178eaca,tcc-microservices-experiment-order-1,81.54,81317069,1073741824,7.57,3,44.1MB / 39.6MB,8.15MB / 77.8kB
17,2026-09-10T08:27:28.078790+00:00,35,2026-09-10T08:27:27.707927+00:00,false,microservices,product,2e69c401ba2a768022eabe35dfabf5ae08593abd564bb1b4611cb16272491131,tcc-microservices-experiment-product-1,0.02,80289464,1073741824,7.48,3,416kB / 282kB,7.45MB / 81.9kB
18,2026-09-10T08:27:29.078777+00:00,37,2026-09-10T08:27:28.707485+00:00,false,microservices,auth,20efabd9278390fe95d1dfd88b671296f1bac9f66ac7877d2f3637299cd03410,tcc-microservices-experiment-auth-1,0.02,82145444,1073741824,7.65,3,45.2kB / 40.3kB,14.5MB / 65.5kB
18,2026-09-10T08:27:29.078777+00:00,37,2026-09-10T08:27:28.707485+00:00,false,microservices,gateway,d4be3dd53c8c16361be310672a99248641b4edf83d9f9b47c4f095f7c61247f2,tcc-microservices-experiment-gateway-1,34.78,497654170,536870912,92.69,87,31.1MB / 34.5MB,33.2MB / 201kB
18,2026-09-10T08:27:29.078777+00:00,37,2026-09-10T08:27:28.707485+00:00,false,microservices,mysql,9cd68107b98468e66d34ab214797c544f369fb96bf7cc3284c9561075eca9f60,tcc-microservices-experiment-mysql-1,24.55,540226355,1073741824,50.31,40,13.7MB / 38.4MB,52.8MB / 118MB
18,2026-09-10T08:27:29.078777+00:00,37,2026-09-10T08:27:28.707485+00:00,false,microservices,order,99afba3c058fed5a38f72f03cebaf849d7bbb1028755506d1b057f851178eaca,tcc-microservices-experiment-order-1,81.09,80813752,1073741824,7.53,3,45MB / 40.5MB,8.15MB / 77.8kB
18,2026-09-10T08:27:29.078777+00:00,37,2026-09-10T08:27:28.707485+00:00,false,microservices,product,2e69c401ba2a768022eabe35dfabf5ae08593abd564bb1b4611cb16272491131,tcc-microservices-experiment-product-1,0.02,80289464,1073741824,7.48,3,416kB / 282kB,7.45MB / 81.9kB
19,2026-09-10T08:27:30.078812+00:00,39,2026-09-10T08:27:29.707506+00:00,false,microservices,auth,20efabd9278390fe95d1dfd88b671296f1bac9f66ac7877d2f3637299cd03410,tcc-microservices-experiment-auth-1,0.02,82145444,1073741824,7.65,3,45.2kB / 40.3kB,14.5MB / 65.5kB
19,2026-09-10T08:27:30.078812+00:00,39,2026-09-10T08:27:29.707506+00:00,false,microservices,gateway,d4be3dd53c8c16361be310672a99248641b4edf83d9f9b47c4f095f7c61247f2,tcc-microservices-experiment-gateway-1,42.06,498807603,536870912,92.9,87,31.9MB / 35.3MB,33.2MB / 201kB
19,2026-09-10T08:27:30.078812+00:00,39,2026-09-10T08:27:29.707506+00:00,false,microservices,mysql,9cd68107b98468e66d34ab214797c544f369fb96bf7cc3284c9561075eca9f60,tcc-microservices-experiment-mysql-1,27.78,540226355,1073741824,50.31,40,13.9MB / 39.1MB,52.8MB / 118MB
19,2026-09-10T08:27:30.078812+00:00,39,2026-09-10T08:27:29.707506+00:00,false,microservices,order,99afba3c058fed5a38f72f03cebaf849d7bbb1028755506d1b057f851178eaca,tcc-microservices-experiment-order-1,83.03,80719380,1073741824,7.52,3,45.9MB / 41.3MB,8.15MB / 77.8kB
19,2026-09-10T08:27:30.078812+00:00,39,2026-09-10T08:27:29.707506+00:00,false,microservices,product,2e69c401ba2a768022eabe35dfabf5ae08593abd564bb1b4611cb16272491131,tcc-microservices-experiment-product-1,0.02,80289464,1073741824,7.48,3,416kB / 282kB,7.45MB / 81.9kB
20,2026-09-10T08:27:31.078779+00:00,41,2026-09-10T08:27:30.707369+00:00,false,microservices,auth,20efabd9278390fe95d1dfd88b671296f1bac9f66ac7877d2f3637299cd03410,tcc-microservices-experiment-auth-1,0.02,82145444,1073741824,7.65,3,45.2kB / 40.3kB,14.5MB / 65.5kB
20,2026-09-10T08:27:31.078779+00:00,41,2026-09-10T08:27:30.707369+00:00,false,microservices,gateway,d4be3dd53c8c16361be310672a99248641b4edf83d9f9b47c4f095f7c61247f2,tcc-microservices-experiment-gateway-1,66.0,498283315,536870912,92.81,87,32.6MB / 36.1MB,33.2MB / 213kB
20,2026-09-10T08:27:31.078779+00:00,41,2026-09-10T08:27:30.707369+00:00,false,microservices,mysql,9cd68107b98468e66d34ab214797c544f369fb96bf7cc3284c9561075eca9f60,tcc-microservices-experiment-mysql-1,24.68,540121498,1073741824,50.3,40,14.2MB / 39.9MB,52.8MB / 118MB
20,2026-09-10T08:27:31.078779+00:00,41,2026-09-10T08:27:30.707369+00:00,false,microservices,order,99afba3c058fed5a38f72f03cebaf849d7bbb1028755506d1b057f851178eaca,tcc-microservices-experiment-order-1,82.03,81306583,1073741824,7.57,3,46.8MB / 42.2MB,8.15MB / 77.8kB
20,2026-09-10T08:27:31.078779+00:00,41,2026-09-10T08:27:30.707369+00:00,false,microservices,product,2e69c401ba2a768022eabe35dfabf5ae08593abd564bb1b4611cb16272491131,tcc-microservices-experiment-product-1,0.02,80289464,1073741824,7.48,3,416kB / 282kB,7.45MB / 81.9kB
21,2026-09-10T08:27:32.078799+00:00,43,2026-09-10T08:27:31.707933+00:00,false,microservices,auth,20efabd9278390fe95d1dfd88b671296f1bac9f66ac7877d2f3637299cd03410,tcc-microservices-experiment-auth-1,0.02,82145444,1073741824,7.65,3,45.2kB / 40.3kB,14.5MB / 65.5kB
21,2026-09-10T08:27:32.078799+00:00,43,2026-09-10T08:27:31.707933+00:00,false,microservices,gateway,d4be3dd53c8c16361be310672a99248641b4edf83d9f9b47c4f095f7c61247f2,tcc-microservices-experiment-gateway-1,97.43,501009613,536870912,93.33,87,33.3MB / 36.9MB,33.2MB / 213kB
21,2026-09-10T08:27:32.078799+00:00,43,2026-09-10T08:27:31.707933+00:00,false,microservices,mysql,9cd68107b98468e66d34ab214797c544f369fb96bf7cc3284c9561075eca9f60,tcc-microservices-experiment-mysql-1,28.52,539806925,1073741824,50.28,40,14.4MB / 40.6MB,52.8MB / 118MB
21,2026-09-10T08:27:32.078799+00:00,43,2026-09-10T08:27:31.707933+00:00,false,microservices,order,99afba3c058fed5a38f72f03cebaf849d7bbb1028755506d1b057f851178eaca,tcc-microservices-experiment-order-1,82.74,81180754,1073741824,7.56,3,47.8MB / 43MB,8.15MB / 77.8kB
21,2026-09-10T08:27:32.078799+00:00,43,2026-09-10T08:27:31.707933+00:00,false,microservices,product,2e69c401ba2a768022eabe35dfabf5ae08593abd564bb1b4611cb16272491131,tcc-microservices-experiment-product-1,0.02,80289464,1073741824,7.48,3,416kB / 282kB,7.45MB / 81.9kB
22,2026-09-10T08:27:33.078778+00:00,45,2026-09-10T08:27:32.707402+00:00,false,microservices,auth,20efabd9278390fe95d1dfd88b671296f1bac9f66ac7877d2f3637299cd03410,tcc-microservices-experiment-auth-1,0.02,82145444,1073741824,7.65,3,45.2kB / 40.3kB,14.5MB / 65.5kB
22,2026-09-10T08:27:33.078778+00:00,45,2026-09-10T08:27:32.707402+00:00,false,microservices,gateway,d4be3dd53c8c16361be310672a99248641b4edf83d9f9b47c4f095f7c61247f2,tcc-microservices-experiment-gateway-1,53.95,501324186,536870912,93.38,87,34MB / 37.7MB,33.2MB / 213kB
22,2026-09-10T08:27:33.078778+00:00,45,2026-09-10T08:27:32.707402+00:00,false,microservices,mysql,9cd68107b98468e66d34ab214797c544f369fb96bf7cc3284c9561075eca9f60,tcc-microservices-experiment-mysql-1,24.27,539597210,1073741824,50.25,40,14.6MB / 41.4MB,52.8MB / 118MB
22,2026-09-10T08:27:33.078778+00:00,45,2026-09-10T08:27:32.707402+00:00,false,microservices,order,99afba3c058fed5a38f72f03cebaf849d7bbb1028755506d1b057f851178eaca,tcc-microservices-experiment-order-1,81.94,81191240,1073741824,7.56,3,48.7MB / 43.9MB,8.15MB / 77.8kB
22,2026-09-10T08:27:33.078778+00:00,45,2026-09-10T08:27:32.707402+00:00,false,microservices,product,2e69c401ba2a768022eabe35dfabf5ae08593abd564bb1b4611cb16272491131,tcc-microservices-experiment-product-1,0.02,80289464,1073741824,7.48,3,416kB / 282kB,7.45MB / 81.9kB
23,2026-09-10T08:27:34.078777+00:00,47,2026-09-10T08:27:33.707513+00:00,false,microservices,auth,20efabd9278390fe95d1dfd88b671296f1bac9f66ac7877d2f3637299cd03410,tcc-microservices-experiment-auth-1,0.02,82145444,1073741824,7.65,3,45.2kB / 40.3kB,14.5MB / 65.5kB
23,2026-09-10T08:27:34.078777+00:00,47,2026-09-10T08:27:33.707513+00:00,false,microservices,gateway,d4be3dd53c8c16361be310672a99248641b4edf83d9f9b47c4f095f7c61247f2,tcc-microservices-experiment-gateway-1,62.09,501743616,536870912,93.46,87,34.7MB / 38.5MB,33.2MB / 213kB
23,2026-09-10T08:27:34.078777+00:00,47,2026-09-10T08:27:33.707513+00:00,false,microservices,mysql,9cd68107b98468e66d34ab214797c544f369fb96bf7cc3284c9561075eca9f60,tcc-microservices-experiment-mysql-1,29.17,540331213,1073741824,50.32,40,14.8MB / 42.2MB,52.8MB / 118MB
23,2026-09-10T08:27:34.078777+00:00,47,2026-09-10T08:27:33.707513+00:00,false,microservices,order,99afba3c058fed5a38f72f03cebaf849d7bbb1028755506d1b057f851178eaca,tcc-microservices-experiment-order-1,81.59,81180754,1073741824,7.56,3,49.6MB / 44.7MB,8.15MB / 77.8kB
23,2026-09-10T08:27:34.078777+00:00,47,2026-09-10T08:27:33.707513+00:00,false,microservices,product,2e69c401ba2a768022eabe35dfabf5ae08593abd564bb1b4611cb16272491131,tcc-microservices-experiment-product-1,0.01,80289464,1073741824,7.48,3,416kB / 282kB,7.45MB / 81.9kB
24,2026-09-10T08:27:35.078805+00:00,49,2026-09-10T08:27:34.707271+00:00,false,microservices,auth,20efabd9278390fe95d1dfd88b671296f1bac9f66ac7877d2f3637299cd03410,tcc-microservices-experiment-auth-1,0.02,82145444,1073741824,7.65,3,45.2kB / 40.3kB,14.5MB / 65.5kB
24,2026-09-10T08:27:35.078805+00:00,49,2026-09-10T08:27:34.707271+00:00,false,microservices,gateway,d4be3dd53c8c16361be310672a99248641b4edf83d9f9b47c4f095f7c61247f2,tcc-microservices-experiment-gateway-1,33.88,500904755,536870912,93.31,87,35.5MB / 39.3MB,33.2MB / 213kB
24,2026-09-10T08:27:35.078805+00:00,49,2026-09-10T08:27:34.707271+00:00,false,microservices,mysql,9cd68107b98468e66d34ab214797c544f369fb96bf7cc3284c9561075eca9f60,tcc-microservices-experiment-mysql-1,24.52,540436070,1073741824,50.34,40,15MB / 42.9MB,52.8MB / 118MB
24,2026-09-10T08:27:35.078805+00:00,49,2026-09-10T08:27:34.707271+00:00,false,microservices,order,99afba3c058fed5a38f72f03cebaf849d7bbb1028755506d1b057f851178eaca,tcc-microservices-experiment-order-1,82.02,81547756,1073741824,7.59,3,50.5MB / 45.6MB,8.15MB / 77.8kB
24,2026-09-10T08:27:35.078805+00:00,49,2026-09-10T08:27:34.707271+00:00,false,microservices,product,2e69c401ba2a768022eabe35dfabf5ae08593abd564bb1b4611cb16272491131,tcc-microservices-experiment-product-1,0.02,80289464,1073741824,7.48,3,416kB / 282kB,7.45MB / 81.9kB
25,2026-09-10T08:27:36.078788+00:00,51,2026-09-10T08:27:35.707346+00:00,false,microservices,auth,20efabd9278390fe95d1dfd88b671296f1bac9f66ac7877d2f3637299cd03410,tcc-microservices-experiment-auth-1,0.01,82145444,1073741824,7.65,3,45.2kB / 40.3kB,14.5MB / 65.5kB
25,2026-09-10T08:27:36.078788+00:00,51,2026-09-10T08:27:35.707346+00:00,false,microservices,gateway,d4be3dd53c8c16361be310672a99248641b4edf83d9f9b47c4f095f7c61247f2,tcc-microservices-experiment-gateway-1,40.77,501324186,536870912,93.38,87,36.2MB / 40.1MB,33.2MB / 213kB
25,2026-09-10T08:27:36.078788+00:00,51,2026-09-10T08:27:35.707346+00:00,false,microservices,mysql,9cd68107b98468e66d34ab214797c544f369fb96bf7cc3284c9561075eca9f60,tcc-microservices-experiment-mysql-1,29.06,540121498,1073741824,50.31,40,15.2MB / 43.7MB,52.8MB / 118MB
25,2026-09-10T08:27:36.078788+00:00,51,2026-09-10T08:27:35.707346+00:00,false,microservices,order,99afba3c058fed5a38f72f03cebaf849d7bbb1028755506d1b057f851178eaca,tcc-microservices-experiment-order-1,81.64,80845210,1073741824,7.53,3,51.5MB / 46.4MB,8.15MB / 77.8kB
25,2026-09-10T08:27:36.078788+00:00,51,2026-09-10T08:27:35.707346+00:00,false,microservices,product,2e69c401ba2a768022eabe35dfabf5ae08593abd564bb1b4611cb16272491131,tcc-microservices-experiment-product-1,0.02,80289464,1073741824,7.48,3,416kB / 282kB,7.45MB / 81.9kB
26,2026-09-10T08:27:37.078808+00:00,53,2026-09-10T08:27:36.707386+00:00,false,microservices,auth,20efabd9278390fe95d1dfd88b671296f1bac9f66ac7877d2f3637299cd03410,tcc-microservices-experiment-auth-1,0.01,82145444,1073741824,7.65,3,45.2kB / 40.3kB,14.5MB / 65.5kB
26,2026-09-10T08:27:37.078808+00:00,53,2026-09-10T08:27:36.707386+00:00,false,microservices,gateway,d4be3dd53c8c16361be310672a99248641b4edf83d9f9b47c4f095f7c61247f2,tcc-microservices-experiment-gateway-1,34.19,501324186,536870912,93.38,87,36.9MB / 40.9MB,33.2MB / 213kB
26,2026-09-10T08:27:37.078808+00:00,53,2026-09-10T08:27:36.707386+00:00,false,microservices,mysql,9cd68107b98468e66d34ab214797c544f369fb96bf7cc3284c9561075eca9f60,tcc-microservices-experiment-mysql-1,25.19,539806925,1073741824,50.27,40,15.5MB / 44.5MB,52.8MB / 118MB
26,2026-09-10T08:27:37.078808+00:00,53,2026-09-10T08:27:36.707386+00:00,false,microservices,order,99afba3c058fed5a38f72f03cebaf849d7bbb1028755506d1b057f851178eaca,tcc-microservices-experiment-order-1,81.1,81306583,1073741824,7.57,3,52.4MB / 47.3MB,8.15MB / 77.8kB
26,2026-09-10T08:27:37.078808+00:00,53,2026-09-10T08:27:36.707386+00:00,false,microservices,product,2e69c401ba2a768022eabe35dfabf5ae08593abd564bb1b4611cb16272491131,tcc-microservices-experiment-product-1,0.01,80289464,1073741824,7.48,3,416kB / 282kB,7.45MB / 81.9kB
27,2026-09-10T08:27:38.078813+00:00,55,2026-09-10T08:27:37.707791+00:00,false,microservices,auth,20efabd9278390fe95d1dfd88b671296f1bac9f66ac7877d2f3637299cd03410,tcc-microservices-experiment-auth-1,0.02,82145444,1073741824,7.65,3,45.2kB / 40.3kB,14.5MB / 65.5kB
27,2026-09-10T08:27:38.078813+00:00,55,2026-09-10T08:27:37.707791+00:00,false,microservices,gateway,d4be3dd53c8c16361be310672a99248641b4edf83d9f9b47c4f095f7c61247f2,tcc-microservices-experiment-gateway-1,34.03,502058189,536870912,93.51,87,37.6MB / 41.7MB,33.2MB / 213kB
27,2026-09-10T08:27:38.078813+00:00,55,2026-09-10T08:27:37.707791+00:00,false,microservices,mysql,9cd68107b98468e66d34ab214797c544f369fb96bf7cc3284c9561075eca9f60,tcc-microservices-experiment-mysql-1,29.26,541065216,1073741824,50.39,40,15.7MB / 45.2MB,52.8MB / 118MB
27,2026-09-10T08:27:38.078813+00:00,55,2026-09-10T08:27:37.707791+00:00,false,microservices,order,99afba3c058fed5a38f72f03cebaf849d7bbb1028755506d1b057f851178eaca,tcc-microservices-experiment-order-1,80.86,82239816,1073741824,7.66,3,53.3MB / 48.1MB,8.15MB / 77.8kB
27,2026-09-10T08:27:38.078813+00:00,55,2026-09-10T08:27:37.707791+00:00,false,microservices,product,2e69c401ba2a768022eabe35dfabf5ae08593abd564bb1b4611cb16272491131,tcc-microservices-experiment-product-1,0.02,80289464,1073741824,7.48,3,416kB / 282kB,7.45MB / 81.9kB
28,2026-09-10T08:27:39.078811+00:00,57,2026-09-10T08:27:38.707569+00:00,false,microservices,auth,20efabd9278390fe95d1dfd88b671296f1bac9f66ac7877d2f3637299cd03410,tcc-microservices-experiment-auth-1,0.01,82145444,1073741824,7.65,3,45.2kB / 40.3kB,14.5MB / 65.5kB
28,2026-09-10T08:27:39.078811+00:00,57,2026-09-10T08:27:38.707569+00:00,false,microservices,gateway,d4be3dd53c8c16361be310672a99248641b4edf83d9f9b47c4f095f7c61247f2,tcc-microservices-experiment-gateway-1,30.8,496081306,536870912,92.4,87,38.3MB / 42.4MB,33.2MB / 213kB
28,2026-09-10T08:27:39.078811+00:00,57,2026-09-10T08:27:38.707569+00:00,false,microservices,mysql,9cd68107b98468e66d34ab214797c544f369fb96bf7cc3284c9561075eca9f60,tcc-microservices-experiment-mysql-1,26.04,540855501,1073741824,50.37,40,15.9MB / 45.9MB,52.8MB / 118MB
28,2026-09-10T08:27:39.078811+00:00,57,2026-09-10T08:27:38.707569+00:00,false,microservices,order,99afba3c058fed5a38f72f03cebaf849d7bbb1028755506d1b057f851178eaca,tcc-microservices-experiment-order-1,79.92,81631642,1073741824,7.6,3,54.2MB / 48.9MB,8.15MB / 77.8kB
28,2026-09-10T08:27:39.078811+00:00,57,2026-09-10T08:27:38.707569+00:00,false,microservices,product,2e69c401ba2a768022eabe35dfabf5ae08593abd564bb1b4611cb16272491131,tcc-microservices-experiment-product-1,0.02,80289464,1073741824,7.48,3,416kB / 282kB,7.45MB / 81.9kB
29,2026-09-10T08:27:40.078808+00:00,59,2026-09-10T08:27:39.707502+00:00,false,microservices,auth,20efabd9278390fe95d1dfd88b671296f1bac9f66ac7877d2f3637299cd03410,tcc-microservices-experiment-auth-1,0.02,82145444,1073741824,7.65,3,45.2kB / 40.3kB,14.5MB / 65.5kB
29,2026-09-10T08:27:40.078808+00:00,59,2026-09-10T08:27:39.707502+00:00,false,microservices,gateway,d4be3dd53c8c16361be310672a99248641b4edf83d9f9b47c4f095f7c61247f2,tcc-microservices-experiment-gateway-1,32.89,495242445,536870912,92.26,87,39MB / 43.2MB,33.2MB / 213kB
29,2026-09-10T08:27:40.078808+00:00,59,2026-09-10T08:27:39.707502+00:00,false,microservices,mysql,9cd68107b98468e66d34ab214797c544f369fb96bf7cc3284c9561075eca9f60,tcc-microservices-experiment-mysql-1,28.63,540750643,1073741824,50.36,40,16.1MB / 46.7MB,52.8MB / 118MB
29,2026-09-10T08:27:40.078808+00:00,59,2026-09-10T08:27:39.707502+00:00,false,microservices,order,99afba3c058fed5a38f72f03cebaf849d7bbb1028755506d1b057f851178eaca,tcc-microservices-experiment-order-1,81.97,81537270,1073741824,7.59,3,55.1MB / 49.7MB,8.15MB / 77.8kB
29,2026-09-10T08:27:40.078808+00:00,59,2026-09-10T08:27:39.707502+00:00,false,microservices,product,2e69c401ba2a768022eabe35dfabf5ae08593abd564bb1b4611cb16272491131,tcc-microservices-experiment-product-1,0.02,80289464,1073741824,7.48,3,416kB / 282kB,7.45MB / 81.9kB
30,2026-09-10T08:27:41.078781+00:00,61,2026-09-10T08:27:40.707349+00:00,false,microservices,auth,20efabd9278390fe95d1dfd88b671296f1bac9f66ac7877d2f3637299cd03410,tcc-microservices-experiment-auth-1,0.02,82145444,1073741824,7.65,3,45.2kB / 40.3kB,14.5MB / 65.5kB
30,2026-09-10T08:27:41.078781+00:00,61,2026-09-10T08:27:40.707349+00:00,false,microservices,gateway,d4be3dd53c8c16361be310672a99248641b4edf83d9f9b47c4f095f7c61247f2,tcc-microservices-experiment-gateway-1,54.98,495661875,536870912,92.32,87,39.7MB / 44MB,33.2MB / 213kB
30,2026-09-10T08:27:41.078781+00:00,61,2026-09-10T08:27:40.707349+00:00,false,microservices,mysql,9cd68107b98468e66d34ab214797c544f369fb96bf7cc3284c9561075eca9f60,tcc-microservices-experiment-mysql-1,25.01,540226355,1073741824,50.31,40,16.3MB / 47.4MB,52.8MB / 118MB
30,2026-09-10T08:27:41.078781+00:00,61,2026-09-10T08:27:40.707349+00:00,false,microservices,order,99afba3c058fed5a38f72f03cebaf849d7bbb1028755506d1b057f851178eaca,tcc-microservices-experiment-order-1,80.23,81631642,1073741824,7.6,3,55.9MB / 50.5MB,8.15MB / 77.8kB
30,2026-09-10T08:27:41.078781+00:00,61,2026-09-10T08:27:40.707349+00:00,false,microservices,product,2e69c401ba2a768022eabe35dfabf5ae08593abd564bb1b4611cb16272491131,tcc-microservices-experiment-product-1,0.02,80289464,1073741824,7.48,3,416kB / 282kB,7.45MB / 81.9kB
31,2026-09-10T08:27:42.078796+00:00,63,2026-09-10T08:27:41.707454+00:00,false,microservices,auth,20efabd9278390fe95d1dfd88b671296f1bac9f66ac7877d2f3637299cd03410,tcc-microservices-experiment-auth-1,0.02,82145444,1073741824,7.65,3,45.2kB / 40.3kB,14.5MB / 65.5kB
31,2026-09-10T08:27:42.078796+00:00,63,2026-09-10T08:27:41.707454+00:00,false,microservices,gateway,d4be3dd53c8c16361be310672a99248641b4edf83d9f9b47c4f095f7c61247f2,tcc-microservices-experiment-gateway-1,67.6,496291021,536870912,92.45,87,40.4MB / 44.7MB,33.2MB / 213kB
31,2026-09-10T08:27:42.078796+00:00,63,2026-09-10T08:27:41.707454+00:00,false,microservices,mysql,9cd68107b98468e66d34ab214797c544f369fb96bf7cc3284c9561075eca9f60,tcc-microservices-experiment-mysql-1,29.29,541589504,1073741824,50.44,40,16.5MB / 48.1MB,52.8MB / 118MB
31,2026-09-10T08:27:42.078796+00:00,63,2026-09-10T08:27:41.707454+00:00,false,microservices,order,99afba3c058fed5a38f72f03cebaf849d7bbb1028755506d1b057f851178eaca,tcc-microservices-experiment-order-1,81.35,81830871,1073741824,7.62,3,56.8MB / 51.3MB,8.15MB / 77.8kB
31,2026-09-10T08:27:42.078796+00:00,63,2026-09-10T08:27:41.707454+00:00,false,microservices,product,2e69c401ba2a768022eabe35dfabf5ae08593abd564bb1b4611cb16272491131,tcc-microservices-experiment-product-1,0.02,80289464,1073741824,7.48,3,416kB / 282kB,7.45MB / 81.9kB
32,2026-09-10T08:27:43.078801+00:00,65,2026-09-10T08:27:42.707229+00:00,false,microservices,auth,20efabd9278390fe95d1dfd88b671296f1bac9f66ac7877d2f3637299cd03410,tcc-microservices-experiment-auth-1,0.02,82145444,1073741824,7.65,3,45.2kB / 40.3kB,14.5MB / 65.5kB
32,2026-09-10T08:27:43.078801+00:00,65,2026-09-10T08:27:42.707229+00:00,false,microservices,gateway,d4be3dd53c8c16361be310672a99248641b4edf83d9f9b47c4f095f7c61247f2,tcc-microservices-experiment-gateway-1,54.8,496710451,536870912,92.52,87,41.1MB / 45.5MB,33.2MB / 213kB
32,2026-09-10T08:27:43.078801+00:00,65,2026-09-10T08:27:42.707229+00:00,false,microservices,mysql,9cd68107b98468e66d34ab214797c544f369fb96bf7cc3284c9561075eca9f60,tcc-microservices-experiment-mysql-1,26.01,540855501,1073741824,50.37,40,16.7MB / 48.8MB,52.8MB / 118MB
32,2026-09-10T08:27:43.078801+00:00,65,2026-09-10T08:27:42.707229+00:00,false,microservices,order,99afba3c058fed5a38f72f03cebaf849d7bbb1028755506d1b057f851178eaca,tcc-microservices-experiment-order-1,80.03,82093015,1073741824,7.65,3,57.7MB / 52.1MB,8.15MB / 77.8kB
32,2026-09-10T08:27:43.078801+00:00,65,2026-09-10T08:27:42.707229+00:00,false,microservices,product,2e69c401ba2a768022eabe35dfabf5ae08593abd564bb1b4611cb16272491131,tcc-microservices-experiment-product-1,0.02,80289464,1073741824,7.48,3,416kB / 282kB,7.45MB / 81.9kB
33,2026-09-10T08:27:44.078776+00:00,67,2026-09-10T08:27:43.707271+00:00,false,microservices,auth,20efabd9278390fe95d1dfd88b671296f1bac9f66ac7877d2f3637299cd03410,tcc-microservices-experiment-auth-1,0.02,82145444,1073741824,7.65,3,45.2kB / 40.3kB,14.5MB / 65.5kB
33,2026-09-10T08:27:44.078776+00:00,67,2026-09-10T08:27:43.707271+00:00,false,microservices,gateway,d4be3dd53c8c16361be310672a99248641b4edf83d9f9b47c4f095f7c61247f2,tcc-microservices-experiment-gateway-1,35.37,496395878,536870912,92.46,87,41.8MB / 46.3MB,33.2MB / 213kB
33,2026-09-10T08:27:44.078776+00:00,67,2026-09-10T08:27:43.707271+00:00,false,microservices,mysql,9cd68107b98468e66d34ab214797c544f369fb96bf7cc3284c9561075eca9f60,tcc-microservices-experiment-mysql-1,30.24,540226355,1073741824,50.32,40,16.9MB / 49.6MB,52.8MB / 118MB
33,2026-09-10T08:27:44.078776+00:00,67,2026-09-10T08:27:43.707271+00:00,false,microservices,order,99afba3c058fed5a38f72f03cebaf849d7bbb1028755506d1b057f851178eaca,tcc-microservices-experiment-order-1,80.0,82124472,1073741824,7.65,3,58.6MB / 53MB,8.15MB / 77.8kB
33,2026-09-10T08:27:44.078776+00:00,67,2026-09-10T08:27:43.707271+00:00,false,microservices,product,2e69c401ba2a768022eabe35dfabf5ae08593abd564bb1b4611cb16272491131,tcc-microservices-experiment-product-1,0.02,80289464,1073741824,7.48,3,416kB / 282kB,7.45MB / 81.9kB
34,2026-09-10T08:27:45.078793+00:00,69,2026-09-10T08:27:44.707531+00:00,false,microservices,auth,20efabd9278390fe95d1dfd88b671296f1bac9f66ac7877d2f3637299cd03410,tcc-microservices-experiment-auth-1,0.01,82145444,1073741824,7.65,3,45.2kB / 40.3kB,14.5MB / 65.5kB
34,2026-09-10T08:27:45.078793+00:00,69,2026-09-10T08:27:44.707531+00:00,false,microservices,gateway,d4be3dd53c8c16361be310672a99248641b4edf83d9f9b47c4f095f7c61247f2,tcc-microservices-experiment-gateway-1,29.45,496815309,536870912,92.54,87,42.5MB / 47MB,33.2MB / 213kB
34,2026-09-10T08:27:45.078793+00:00,69,2026-09-10T08:27:44.707531+00:00,false,microservices,mysql,9cd68107b98468e66d34ab214797c544f369fb96bf7cc3284c9561075eca9f60,tcc-microservices-experiment-mysql-1,25.36,540226355,1073741824,50.31,40,17.1MB / 50.3MB,52.8MB / 118MB
34,2026-09-10T08:27:45.078793+00:00,69,2026-09-10T08:27:44.707531+00:00,false,microservices,order,99afba3c058fed5a38f72f03cebaf849d7bbb1028755506d1b057f851178eaca,tcc-microservices-experiment-order-1,81.55,82575360,1073741824,7.69,3,59.5MB / 53.8MB,8.15MB / 77.8kB
34,2026-09-10T08:27:45.078793+00:00,69,2026-09-10T08:27:44.707531+00:00,false,microservices,product,2e69c401ba2a768022eabe35dfabf5ae08593abd564bb1b4611cb16272491131,tcc-microservices-experiment-product-1,0.02,80289464,1073741824,7.48,3,416kB / 282kB,7.45MB / 81.9kB
35,2026-09-10T08:27:46.078821+00:00,71,2026-09-10T08:27:45.707447+00:00,false,microservices,auth,20efabd9278390fe95d1dfd88b671296f1bac9f66ac7877d2f3637299cd03410,tcc-microservices-experiment-auth-1,0.02,82145444,1073741824,7.65,3,45.2kB / 40.3kB,14.5MB / 65.5kB
35,2026-09-10T08:27:46.078821+00:00,71,2026-09-10T08:27:45.707447+00:00,false,microservices,gateway,d4be3dd53c8c16361be310672a99248641b4edf83d9f9b47c4f095f7c61247f2,tcc-microservices-experiment-gateway-1,28.69,496291021,536870912,92.44,87,43.2MB / 47.8MB,33.2MB / 229kB
35,2026-09-10T08:27:46.078821+00:00,71,2026-09-10T08:27:45.707447+00:00,false,microservices,mysql,9cd68107b98468e66d34ab214797c544f369fb96bf7cc3284c9561075eca9f60,tcc-microservices-experiment-mysql-1,29.37,540645786,1073741824,50.35,40,17.3MB / 51.1MB,52.8MB / 118MB
35,2026-09-10T08:27:46.078821+00:00,71,2026-09-10T08:27:45.707447+00:00,false,microservices,order,99afba3c058fed5a38f72f03cebaf849d7bbb1028755506d1b057f851178eaca,tcc-microservices-experiment-order-1,81.13,82596332,1073741824,7.69,3,60.4MB / 54.6MB,8.15MB / 77.8kB
35,2026-09-10T08:27:46.078821+00:00,71,2026-09-10T08:27:45.707447+00:00,false,microservices,product,2e69c401ba2a768022eabe35dfabf5ae08593abd564bb1b4611cb16272491131,tcc-microservices-experiment-product-1,0.02,80289464,1073741824,7.48,3,416kB / 282kB,7.45MB / 81.9kB
36,2026-09-10T08:27:47.078773+00:00,73,2026-09-10T08:27:46.707350+00:00,false,microservices,auth,20efabd9278390fe95d1dfd88b671296f1bac9f66ac7877d2f3637299cd03410,tcc-microservices-experiment-auth-1,0.02,82145444,1073741824,7.65,3,45.2kB / 40.3kB,14.5MB / 65.5kB
36,2026-09-10T08:27:47.078773+00:00,73,2026-09-10T08:27:46.707350+00:00,false,microservices,gateway,d4be3dd53c8c16361be310672a99248641b4edf83d9f9b47c4f095f7c61247f2,tcc-microservices-experiment-gateway-1,30.1,496920166,536870912,92.55,87,43.9MB / 48.6MB,33.2MB / 229kB
36,2026-09-10T08:27:47.078773+00:00,73,2026-09-10T08:27:46.707350+00:00,false,microservices,mysql,9cd68107b98468e66d34ab214797c544f369fb96bf7cc3284c9561075eca9f60,tcc-microservices-experiment-mysql-1,25.63,541274931,1073741824,50.41,40,17.5MB / 51.8MB,52.8MB / 118MB
36,2026-09-10T08:27:47.078773+00:00,73,2026-09-10T08:27:46.707350+00:00,false,microservices,order,99afba3c058fed5a38f72f03cebaf849d7bbb1028755506d1b057f851178eaca,tcc-microservices-experiment-order-1,80.19,82617303,1073741824,7.69,3,61.3MB / 55.5MB,8.15MB / 77.8kB
36,2026-09-10T08:27:47.078773+00:00,73,2026-09-10T08:27:46.707350+00:00,false,microservices,product,2e69c401ba2a768022eabe35dfabf5ae08593abd564bb1b4611cb16272491131,tcc-microservices-experiment-product-1,0.02,80289464,1073741824,7.48,3,416kB / 282kB,7.45MB / 81.9kB
37,2026-09-10T08:27:48.078790+00:00,75,2026-09-10T08:27:47.708539+00:00,false,microservices,auth,20efabd9278390fe95d1dfd88b671296f1bac9f66ac7877d2f3637299cd03410,tcc-microservices-experiment-auth-1,0.02,82145444,1073741824,7.65,3,45.2kB / 40.3kB,14.5MB / 65.5kB
37,2026-09-10T08:27:48.078790+00:00,75,2026-09-10T08:27:47.708539+00:00,false,microservices,gateway,d4be3dd53c8c16361be310672a99248641b4edf83d9f9b47c4f095f7c61247f2,tcc-microservices-experiment-gateway-1,29.26,496291021,536870912,92.45,87,44.6MB / 49.4MB,33.2MB / 229kB
37,2026-09-10T08:27:48.078790+00:00,75,2026-09-10T08:27:47.708539+00:00,false,microservices,mysql,9cd68107b98468e66d34ab214797c544f369fb96bf7cc3284c9561075eca9f60,tcc-microservices-experiment-mysql-1,29.35,540016640,1073741824,50.29,40,17.8MB / 52.6MB,52.8MB / 118MB
37,2026-09-10T08:27:48.078790+00:00,75,2026-09-10T08:27:47.708539+00:00,false,microservices,order,99afba3c058fed5a38f72f03cebaf849d7bbb1028755506d1b057f851178eaca,tcc-microservices-experiment-order-1,81.28,82585846,1073741824,7.69,3,62.3MB / 56.3MB,8.15MB / 77.8kB
37,2026-09-10T08:27:48.078790+00:00,75,2026-09-10T08:27:47.708539+00:00,false,microservices,product,2e69c401ba2a768022eabe35dfabf5ae08593abd564bb1b4611cb16272491131,tcc-microservices-experiment-product-1,0.02,80289464,1073741824,7.48,3,416kB / 282kB,7.45MB / 81.9kB
38,2026-09-10T08:27:49.078779+00:00,77,2026-09-10T08:27:48.707427+00:00,false,microservices,auth,20efabd9278390fe95d1dfd88b671296f1bac9f66ac7877d2f3637299cd03410,tcc-microservices-experiment-auth-1,0.02,82145444,1073741824,7.65,3,45.2kB / 40.3kB,14.5MB / 65.5kB
38,2026-09-10T08:27:49.078779+00:00,77,2026-09-10T08:27:48.707427+00:00,false,microservices,gateway,d4be3dd53c8c16361be310672a99248641b4edf83d9f9b47c4f095f7c61247f2,tcc-microservices-experiment-gateway-1,28.54,497025024,536870912,92.57,87,45.4MB / 50.2MB,33.2MB / 229kB
38,2026-09-10T08:27:49.078779+00:00,77,2026-09-10T08:27:48.707427+00:00,false,microservices,mysql,9cd68107b98468e66d34ab214797c544f369fb96bf7cc3284c9561075eca9f60,tcc-microservices-experiment-mysql-1,25.96,540436070,1073741824,50.34,40,18MB / 53.3MB,52.8MB / 118MB
38,2026-09-10T08:27:49.078779+00:00,77,2026-09-10T08:27:48.707427+00:00,false,microservices,order,99afba3c058fed5a38f72f03cebaf849d7bbb1028755506d1b057f851178eaca,tcc-microservices-experiment-order-1,79.99,81935729,1073741824,7.63,3,63.2MB / 57.2MB,8.15MB / 77.8kB
38,2026-09-10T08:27:49.078779+00:00,77,2026-09-10T08:27:48.707427+00:00,false,microservices,product,2e69c401ba2a768022eabe35dfabf5ae08593abd564bb1b4611cb16272491131,tcc-microservices-experiment-product-1,0.02,80289464,1073741824,7.48,3,416kB / 282kB,7.45MB / 81.9kB
39,2026-09-10T08:27:50.078829+00:00,79,2026-09-10T08:27:49.707396+00:00,false,microservices,auth,20efabd9278390fe95d1dfd88b671296f1bac9f66ac7877d2f3637299cd03410,tcc-microservices-experiment-auth-1,0.02,82145444,1073741824,7.65,3,45.2kB / 40.3kB,14.5MB / 65.5kB
39,2026-09-10T08:27:50.078829+00:00,79,2026-09-10T08:27:49.707396+00:00,false,microservices,gateway,d4be3dd53c8c16361be310672a99248641b4edf83d9f9b47c4f095f7c61247f2,tcc-microservices-experiment-gateway-1,61.66,496395878,536870912,92.45,87,46MB / 51MB,33.2MB / 229kB
39,2026-09-10T08:27:50.078829+00:00,79,2026-09-10T08:27:49.707396+00:00,false,microservices,mysql,9cd68107b98468e66d34ab214797c544f369fb96bf7cc3284c9561075eca9f60,tcc-microservices-experiment-mysql-1,30.14,540226355,1073741824,50.32,40,18.2MB / 54.1MB,52.8MB / 118MB
39,2026-09-10T08:27:50.078829+00:00,79,2026-09-10T08:27:49.707396+00:00,false,microservices,order,99afba3c058fed5a38f72f03cebaf849d7bbb1028755506d1b057f851178eaca,tcc-microservices-experiment-order-1,80.56,83246449,1073741824,7.75,3,64.1MB / 58MB,8.15MB / 77.8kB
39,2026-09-10T08:27:50.078829+00:00,79,2026-09-10T08:27:49.707396+00:00,false,microservices,product,2e69c401ba2a768022eabe35dfabf5ae08593abd564bb1b4611cb16272491131,tcc-microservices-experiment-product-1,0.02,80289464,1073741824,7.48,3,416kB / 282kB,7.45MB / 81.9kB
40,2026-09-10T08:27:51.078799+00:00,81,2026-09-10T08:27:50.707397+00:00,false,microservices,auth,20efabd9278390fe95d1dfd88b671296f1bac9f66ac7877d2f3637299cd03410,tcc-microservices-experiment-auth-1,0.02,82145444,1073741824,7.65,3,45.2kB / 40.3kB,14.5MB / 65.5kB
40,2026-09-10T08:27:51.078799+00:00,81,2026-09-10T08:27:50.707397+00:00,false,microservices,gateway,d4be3dd53c8c16361be310672a99248641b4edf83d9f9b47c4f095f7c61247f2,tcc-microservices-experiment-gateway-1,64.14,497339597,536870912,92.63,87,46.7MB / 51.8MB,33.2MB / 229kB
40,2026-09-10T08:27:51.078799+00:00,81,2026-09-10T08:27:50.707397+00:00,false,microservices,mysql,9cd68107b98468e66d34ab214797c544f369fb96bf7cc3284c9561075eca9f60,tcc-microservices-experiment-mysql-1,25.65,540016640,1073741824,50.29,40,18.4MB / 54.8MB,52.8MB / 118MB
40,2026-09-10T08:27:51.078799+00:00,81,2026-09-10T08:27:50.707397+00:00,false,microservices,order,99afba3c058fed5a38f72f03cebaf849d7bbb1028755506d1b057f851178eaca,tcc-microservices-experiment-order-1,80.36,82407588,1073741824,7.68,3,65MB / 58.8MB,8.15MB / 77.8kB
40,2026-09-10T08:27:51.078799+00:00,81,2026-09-10T08:27:50.707397+00:00,false,microservices,product,2e69c401ba2a768022eabe35dfabf5ae08593abd564bb1b4611cb16272491131,tcc-microservices-experiment-product-1,0.02,80289464,1073741824,7.48,3,416kB / 282kB,7.45MB / 81.9kB
41,2026-09-10T08:27:52.078783+00:00,83,2026-09-10T08:27:51.707215+00:00,false,microservices,auth,20efabd9278390fe95d1dfd88b671296f1bac9f66ac7877d2f3637299cd03410,tcc-microservices-experiment-auth-1,0.02,82145444,1073741824,7.65,3,45.2kB / 40.3kB,14.5MB / 65.5kB
41,2026-09-10T08:27:52.078783+00:00,83,2026-09-10T08:27:51.707215+00:00,false,microservices,gateway,d4be3dd53c8c16361be310672a99248641b4edf83d9f9b47c4f095f7c61247f2,tcc-microservices-experiment-gateway-1,52.02,497444454,536870912,92.65,87,47.5MB / 52.6MB,33.2MB / 229kB
41,2026-09-10T08:27:52.078783+00:00,83,2026-09-10T08:27:51.707215+00:00,false,microservices,mysql,9cd68107b98468e66d34ab214797c544f369fb96bf7cc3284c9561075eca9f60,tcc-microservices-experiment-mysql-1,28.87,540855501,1073741824,50.37,40,18.6MB / 55.6MB,52.8MB / 118MB
41,2026-09-10T08:27:52.078783+00:00,83,2026-09-10T08:27:51.707215+00:00,false,microservices,order,99afba3c058fed5a38f72f03cebaf849d7bbb1028755506d1b057f851178eaca,tcc-microservices-experiment-order-1,81.68,82910904,1073741824,7.72,3,65.9MB / 59.6MB,8.15MB / 77.8kB
41,2026-09-10T08:27:52.078783+00:00,83,2026-09-10T08:27:51.707215+00:00,false,microservices,product,2e69c401ba2a768022eabe35dfabf5ae08593abd564bb1b4611cb16272491131,tcc-microservices-experiment-product-1,0.02,80289464,1073741824,7.48,3,416kB / 282kB,7.45MB / 81.9kB
42,2026-09-10T08:27:53.078779+00:00,85,2026-09-10T08:27:52.707468+00:00,false,microservices,auth,20efabd9278390fe95d1dfd88b671296f1bac9f66ac7877d2f3637299cd03410,tcc-microservices-experiment-auth-1,0.02,82145444,1073741824,7.65,3,45.2kB / 40.3kB,14.5MB / 65.5kB
42,2026-09-10T08:27:53.078779+00:00,85,2026-09-10T08:27:52.707468+00:00,false,microservices,gateway,d4be3dd53c8c16361be310672a99248641b4edf83d9f9b47c4f095f7c61247f2,tcc-microservices-experiment-gateway-1,31.2,496815309,536870912,92.53,87,48.2MB / 53.4MB,33.2MB / 229kB
42,2026-09-10T08:27:53.078779+00:00,85,2026-09-10T08:27:52.707468+00:00,false,microservices,mysql,9cd68107b98468e66d34ab214797c544f369fb96bf7cc3284c9561075eca9f60,tcc-microservices-experiment-mysql-1,25.0,539911782,1073741824,50.28,40,18.8MB / 56.3MB,52.8MB / 118MB
42,2026-09-10T08:27:53.078779+00:00,85,2026-09-10T08:27:52.707468+00:00,false,microservices,order,99afba3c058fed5a38f72f03cebaf849d7bbb1028755506d1b057f851178eaca,tcc-microservices-experiment-order-1,81.85,82145444,1073741824,7.65,3,66.8MB / 60.5MB,8.15MB / 77.8kB
42,2026-09-10T08:27:53.078779+00:00,85,2026-09-10T08:27:52.707468+00:00,false,microservices,product,2e69c401ba2a768022eabe35dfabf5ae08593abd564bb1b4611cb16272491131,tcc-microservices-experiment-product-1,0.02,80289464,1073741824,7.48,3,416kB / 282kB,7.45MB / 81.9kB
43,2026-09-10T08:27:54.078777+00:00,87,2026-09-10T08:27:53.707462+00:00,false,microservices,auth,20efabd9278390fe95d1dfd88b671296f1bac9f66ac7877d2f3637299cd03410,tcc-microservices-experiment-auth-1,0.02,82145444,1073741824,7.65,3,45.2kB / 40.3kB,14.5MB / 65.5kB
43,2026-09-10T08:27:54.078777+00:00,87,2026-09-10T08:27:53.707462+00:00,false,microservices,gateway,d4be3dd53c8c16361be310672a99248641b4edf83d9f9b47c4f095f7c61247f2,tcc-microservices-experiment-gateway-1,26.55,497444454,536870912,92.65,87,48.9MB / 54.2MB,33.2MB / 229kB
43,2026-09-10T08:27:54.078777+00:00,87,2026-09-10T08:27:53.707462+00:00,false,microservices,mysql,9cd68107b98468e66d34ab214797c544f369fb96bf7cc3284c9561075eca9f60,tcc-microservices-experiment-mysql-1,29.8,540331213,1073741824,50.32,40,19MB / 57.1MB,52.8MB / 118MB
43,2026-09-10T08:27:54.078777+00:00,87,2026-09-10T08:27:53.707462+00:00,false,microservices,order,99afba3c058fed5a38f72f03cebaf849d7bbb1028755506d1b057f851178eaca,tcc-microservices-experiment-order-1,81.03,82858476,1073741824,7.72,3,67.7MB / 61.3MB,8.15MB / 77.8kB
43,2026-09-10T08:27:54.078777+00:00,87,2026-09-10T08:27:53.707462+00:00,false,microservices,product,2e69c401ba2a768022eabe35dfabf5ae08593abd564bb1b4611cb16272491131,tcc-microservices-experiment-product-1,0.02,80289464,1073741824,7.48,3,416kB / 282kB,7.45MB / 81.9kB
44,2026-09-10T08:27:55.078783+00:00,89,2026-09-10T08:27:54.707043+00:00,false,microservices,auth,20efabd9278390fe95d1dfd88b671296f1bac9f66ac7877d2f3637299cd03410,tcc-microservices-experiment-auth-1,0.01,82145444,1073741824,7.65,3,45.2kB / 40.3kB,14.5MB / 65.5kB
44,2026-09-10T08:27:55.078783+00:00,89,2026-09-10T08:27:54.707043+00:00,false,microservices,gateway,d4be3dd53c8c16361be310672a99248641b4edf83d9f9b47c4f095f7c61247f2,tcc-microservices-experiment-gateway-1,30.89,497654170,536870912,92.7,87,49.6MB / 55MB,33.2MB / 229kB
44,2026-09-10T08:27:55.078783+00:00,89,2026-09-10T08:27:54.707043+00:00,false,microservices,mysql,9cd68107b98468e66d34ab214797c544f369fb96bf7cc3284c9561075eca9f60,tcc-microservices-experiment-mysql-1,24.86,540331213,1073741824,50.32,40,19.3MB / 57.8MB,52.8MB / 118MB
44,2026-09-10T08:27:55.078783+00:00,89,2026-09-10T08:27:54.707043+00:00,false,microservices,order,99afba3c058fed5a38f72f03cebaf849d7bbb1028755506d1b057f851178eaca,tcc-microservices-experiment-order-1,82.01,83057705,1073741824,7.74,3,68.6MB / 62.2MB,8.15MB / 77.8kB
44,2026-09-10T08:27:55.078783+00:00,89,2026-09-10T08:27:54.707043+00:00,false,microservices,product,2e69c401ba2a768022eabe35dfabf5ae08593abd564bb1b4611cb16272491131,tcc-microservices-experiment-product-1,0.02,80289464,1073741824,7.48,3,416kB / 282kB,7.45MB / 81.9kB
45,2026-09-10T08:27:56.078799+00:00,91,2026-09-10T08:27:55.707187+00:00,false,microservices,auth,20efabd9278390fe95d1dfd88b671296f1bac9f66ac7877d2f3637299cd03410,tcc-microservices-experiment-auth-1,0.02,82145444,1073741824,7.65,3,45.2kB / 40.3kB,14.5MB / 65.5kB
45,2026-09-10T08:27:56.078799+00:00,91,2026-09-10T08:27:55.707187+00:00,false,microservices,gateway,d4be3dd53c8c16361be310672a99248641b4edf83d9f9b47c4f095f7c61247f2,tcc-microservices-experiment-gateway-1,27.03,497025024,536870912,92.57,87,50.3MB / 55.8MB,33.2MB / 229kB
45,2026-09-10T08:27:56.078799+00:00,91,2026-09-10T08:27:55.707187+00:00,false,microservices,mysql,9cd68107b98468e66d34ab214797c544f369fb96bf7cc3284c9561075eca9f60,tcc-microservices-experiment-mysql-1,29.41,540436070,1073741824,50.33,40,19.5MB / 58.6MB,52.8MB / 118MB
45,2026-09-10T08:27:56.078799+00:00,91,2026-09-10T08:27:55.707187+00:00,false,microservices,order,99afba3c058fed5a38f72f03cebaf849d7bbb1028755506d1b057f851178eaca,tcc-microservices-experiment-order-1,80.69,82648760,1073741824,7.7,3,69.6MB / 63MB,8.15MB / 77.8kB
45,2026-09-10T08:27:56.078799+00:00,91,2026-09-10T08:27:55.707187+00:00,false,microservices,product,2e69c401ba2a768022eabe35dfabf5ae08593abd564bb1b4611cb16272491131,tcc-microservices-experiment-product-1,0.02,80289464,1073741824,7.48,3,416kB / 282kB,7.45MB / 81.9kB
46,2026-09-10T08:27:57.078783+00:00,93,2026-09-10T08:27:56.706869+00:00,false,microservices,auth,20efabd9278390fe95d1dfd88b671296f1bac9f66ac7877d2f3637299cd03410,tcc-microservices-experiment-auth-1,0.02,82145444,1073741824,7.65,3,45.2kB / 40.3kB,14.5MB / 65.5kB
46,2026-09-10T08:27:57.078783+00:00,93,2026-09-10T08:27:56.706869+00:00,false,microservices,gateway,d4be3dd53c8c16361be310672a99248641b4edf83d9f9b47c4f095f7c61247f2,tcc-microservices-experiment-gateway-1,27.34,496291021,536870912,92.45,87,51.1MB / 56.6MB,33.2MB / 229kB
46,2026-09-10T08:27:57.078783+00:00,93,2026-09-10T08:27:56.706869+00:00,false,microservices,mysql,9cd68107b98468e66d34ab214797c544f369fb96bf7cc3284c9561075eca9f60,tcc-microservices-experiment-mysql-1,26.02,539806925,1073741824,50.28,40,19.7MB / 59.4MB,52.8MB / 118MB
46,2026-09-10T08:27:57.078783+00:00,93,2026-09-10T08:27:56.706869+00:00,false,microservices,order,99afba3c058fed5a38f72f03cebaf849d7bbb1028755506d1b057f851178eaca,tcc-microservices-experiment-order-1,80.2,82302730,1073741824,7.66,3,70.5MB / 63.9MB,8.15MB / 77.8kB
46,2026-09-10T08:27:57.078783+00:00,93,2026-09-10T08:27:56.706869+00:00,false,microservices,product,2e69c401ba2a768022eabe35dfabf5ae08593abd564bb1b4611cb16272491131,tcc-microservices-experiment-product-1,0.02,80289464,1073741824,7.48,3,416kB / 282kB,7.45MB / 81.9kB
47,2026-09-10T08:27:58.078791+00:00,95,2026-09-10T08:27:57.707495+00:00,false,microservices,auth,20efabd9278390fe95d1dfd88b671296f1bac9f66ac7877d2f3637299cd03410,tcc-microservices-experiment-auth-1,0.02,82145444,1073741824,7.65,3,45.2kB / 40.3kB,14.5MB / 65.5kB
47,2026-09-10T08:27:58.078791+00:00,95,2026-09-10T08:27:57.707495+00:00,false,microservices,gateway,d4be3dd53c8c16361be310672a99248641b4edf83d9f9b47c4f095f7c61247f2,tcc-microservices-experiment-gateway-1,26.73,497444454,536870912,92.66,87,51.8MB / 57.4MB,33.2MB / 229kB
47,2026-09-10T08:27:58.078791+00:00,95,2026-09-10T08:27:57.707495+00:00,false,microservices,mysql,9cd68107b98468e66d34ab214797c544f369fb96bf7cc3284c9561075eca9f60,tcc-microservices-experiment-mysql-1,30.16,540855501,1073741824,50.37,40,19.9MB / 60.1MB,52.8MB / 118MB
47,2026-09-10T08:27:58.078791+00:00,95,2026-09-10T08:27:57.707495+00:00,false,microservices,order,99afba3c058fed5a38f72f03cebaf849d7bbb1028755506d1b057f851178eaca,tcc-microservices-experiment-order-1,80.46,82795561,1073741824,7.71,3,71.4MB / 64.7MB,8.15MB / 77.8kB
47,2026-09-10T08:27:58.078791+00:00,95,2026-09-10T08:27:57.707495+00:00,false,microservices,product,2e69c401ba2a768022eabe35dfabf5ae08593abd564bb1b4611cb16272491131,tcc-microservices-experiment-product-1,0.02,80289464,1073741824,7.48,3,416kB / 282kB,7.45MB / 81.9kB
48,2026-09-10T08:27:59.078790+00:00,97,2026-09-10T08:27:58.707053+00:00,false,microservices,auth,20efabd9278390fe95d1dfd88b671296f1bac9f66ac7877d2f3637299cd03410,tcc-microservices-experiment-auth-1,0.02,82145444,1073741824,7.65,3,45.2kB / 40.3kB,14.5MB / 65.5kB
48,2026-09-10T08:27:59.078790+00:00,97,2026-09-10T08:27:58.707053+00:00,false,microservices,gateway,d4be3dd53c8c16361be310672a99248641b4edf83d9f9b47c4f095f7c61247f2,tcc-microservices-experiment-gateway-1,30.85,497444454,536870912,92.66,87,52.5MB / 58.2MB,33.2MB / 229kB
48,2026-09-10T08:27:59.078790+00:00,97,2026-09-10T08:27:58.707053+00:00,false,microservices,mysql,9cd68107b98468e66d34ab214797c544f369fb96bf7cc3284c9561075eca9f60,tcc-microservices-experiment-mysql-1,25.67,540016640,1073741824,50.3,40,20.1MB / 60.9MB,52.8MB / 118MB
48,2026-09-10T08:27:59.078790+00:00,97,2026-09-10T08:27:58.707053+00:00,false,microservices,order,99afba3c058fed5a38f72f03cebaf849d7bbb1028755506d1b057f851178eaca,tcc-microservices-experiment-order-1,80.15,83309363,1073741824,7.76,3,72.4MB / 65.6MB,8.15MB / 77.8kB
48,2026-09-10T08:27:59.078790+00:00,97,2026-09-10T08:27:58.707053+00:00,false,microservices,product,2e69c401ba2a768022eabe35dfabf5ae08593abd564bb1b4611cb16272491131,tcc-microservices-experiment-product-1,0.02,80289464,1073741824,7.48,3,416kB / 282kB,7.45MB / 81.9kB
49,2026-09-10T08:28:00.078772+00:00,99,2026-09-10T08:27:59.707125+00:00,false,microservices,auth,20efabd9278390fe95d1dfd88b671296f1bac9f66ac7877d2f3637299cd03410,tcc-microservices-experiment-auth-1,0.02,82145444,1073741824,7.65,3,45.2kB / 40.3kB,14.5MB / 65.5kB
49,2026-09-10T08:28:00.078772+00:00,99,2026-09-10T08:27:59.707125+00:00,false,microservices,gateway,d4be3dd53c8c16361be310672a99248641b4edf83d9f9b47c4f095f7c61247f2,tcc-microservices-experiment-gateway-1,50.18,496710451,536870912,92.51,87,53.2MB / 58.9MB,33.2MB / 229kB
49,2026-09-10T08:28:00.078772+00:00,99,2026-09-10T08:27:59.707125+00:00,false,microservices,mysql,9cd68107b98468e66d34ab214797c544f369fb96bf7cc3284c9561075eca9f60,tcc-microservices-experiment-mysql-1,28.63,541170074,1073741824,50.4,40,20.3MB / 61.6MB,52.8MB / 118MB
49,2026-09-10T08:28:00.078772+00:00,99,2026-09-10T08:27:59.707125+00:00,false,microservices,order,99afba3c058fed5a38f72f03cebaf849d7bbb1028755506d1b057f851178eaca,tcc-microservices-experiment-order-1,82.59,82690703,1073741824,7.7,3,73.2MB / 66.4MB,8.15MB / 77.8kB
49,2026-09-10T08:28:00.078772+00:00,99,2026-09-10T08:27:59.707125+00:00,false,microservices,product,2e69c401ba2a768022eabe35dfabf5ae08593abd564bb1b4611cb16272491131,tcc-microservices-experiment-product-1,0.02,80289464,1073741824,7.48,3,416kB / 282kB,7.45MB / 81.9kB
50,2026-09-10T08:28:01.078797+00:00,101,2026-09-10T08:28:00.707555+00:00,false,microservices,auth,20efabd9278390fe95d1dfd88b671296f1bac9f66ac7877d2f3637299cd03410,tcc-microservices-experiment-auth-1,0.02,82145444,1073741824,7.65,3,45.3kB / 40.3kB,14.5MB / 65.5kB
50,2026-09-10T08:28:01.078797+00:00,101,2026-09-10T08:28:00.707555+00:00,false,microservices,gateway,d4be3dd53c8c16361be310672a99248641b4edf83d9f9b47c4f095f7c61247f2,tcc-microservices-experiment-gateway-1,50.4,496291021,536870912,92.45,77,53.9MB / 59.7MB,33.2MB / 246kB
50,2026-09-10T08:28:01.078797+00:00,101,2026-09-10T08:28:00.707555+00:00,false,microservices,mysql,9cd68107b98468e66d34ab214797c544f369fb96bf7cc3284c9561075eca9f60,tcc-microservices-experiment-mysql-1,24.85,539806925,1073741824,50.27,40,20.5MB / 62.3MB,52.8MB / 118MB
50,2026-09-10T08:28:01.078797+00:00,101,2026-09-10T08:28:00.707555+00:00,false,microservices,order,99afba3c058fed5a38f72f03cebaf849d7bbb1028755506d1b057f851178eaca,tcc-microservices-experiment-order-1,81.5,82743132,1073741824,7.71,3,74.1MB / 67.2MB,8.15MB / 77.8kB
50,2026-09-10T08:28:01.078797+00:00,101,2026-09-10T08:28:00.707555+00:00,false,microservices,product,2e69c401ba2a768022eabe35dfabf5ae08593abd564bb1b4611cb16272491131,tcc-microservices-experiment-product-1,0.02,80289464,1073741824,7.48,3,416kB / 282kB,7.45MB / 81.9kB
51,2026-09-10T08:28:02.078795+00:00,103,2026-09-10T08:28:01.706998+00:00,false,microservices,auth,20efabd9278390fe95d1dfd88b671296f1bac9f66ac7877d2f3637299cd03410,tcc-microservices-experiment-auth-1,0.02,82145444,1073741824,7.65,3,45.3kB / 40.3kB,14.5MB / 65.5kB
51,2026-09-10T08:28:02.078795+00:00,103,2026-09-10T08:28:01.706998+00:00,false,microservices,gateway,d4be3dd53c8c16361be310672a99248641b4edf83d9f9b47c4f095f7c61247f2,tcc-microservices-experiment-gateway-1,39.03,497234739,536870912,92.62,77,54.6MB / 60.5MB,33.2MB / 246kB
51,2026-09-10T08:28:02.078795+00:00,103,2026-09-10T08:28:01.706998+00:00,false,microservices,mysql,9cd68107b98468e66d34ab214797c544f369fb96bf7cc3284c9561075eca9f60,tcc-microservices-experiment-mysql-1,28.81,540750643,1073741824,50.36,40,20.7MB / 63.1MB,52.8MB / 118MB
51,2026-09-10T08:28:02.078795+00:00,103,2026-09-10T08:28:01.706998+00:00,false,microservices,order,99afba3c058fed5a38f72f03cebaf849d7bbb1028755506d1b057f851178eaca,tcc-microservices-experiment-order-1,81.74,83235963,1073741824,7.75,3,75MB / 68MB,8.15MB / 77.8kB
51,2026-09-10T08:28:02.078795+00:00,103,2026-09-10T08:28:01.706998+00:00,false,microservices,product,2e69c401ba2a768022eabe35dfabf5ae08593abd564bb1b4611cb16272491131,tcc-microservices-experiment-product-1,0.02,80289464,1073741824,7.48,3,416kB / 282kB,7.45MB / 81.9kB
52,2026-09-10T08:28:03.078789+00:00,105,2026-09-10T08:28:02.707484+00:00,false,microservices,auth,20efabd9278390fe95d1dfd88b671296f1bac9f66ac7877d2f3637299cd03410,tcc-microservices-experiment-auth-1,0.02,82145444,1073741824,7.65,3,45.4kB / 40.3kB,14.5MB / 65.5kB
52,2026-09-10T08:28:03.078789+00:00,105,2026-09-10T08:28:02.707484+00:00,false,microservices,gateway,d4be3dd53c8c16361be310672a99248641b4edf83d9f9b47c4f095f7c61247f2,tcc-microservices-experiment-gateway-1,28.76,497234739,536870912,92.61,77,55.3MB / 61.2MB,33.2MB / 246kB
52,2026-09-10T08:28:03.078789+00:00,105,2026-09-10T08:28:02.707484+00:00,false,microservices,mysql,9cd68107b98468e66d34ab214797c544f369fb96bf7cc3284c9561075eca9f60,tcc-microservices-experiment-mysql-1,26.16,540960358,1073741824,50.39,40,21MB / 63.8MB,52.8MB / 118MB
52,2026-09-10T08:28:03.078789+00:00,105,2026-09-10T08:28:02.707484+00:00,false,microservices,order,99afba3c058fed5a38f72f03cebaf849d7bbb1028755506d1b057f851178eaca,tcc-microservices-experiment-order-1,79.73,82575360,1073741824,7.69,3,75.9MB / 68.8MB,8.15MB / 77.8kB
52,2026-09-10T08:28:03.078789+00:00,105,2026-09-10T08:28:02.707484+00:00,false,microservices,product,2e69c401ba2a768022eabe35dfabf5ae08593abd564bb1b4611cb16272491131,tcc-microservices-experiment-product-1,0.02,80289464,1073741824,7.48,3,416kB / 282kB,7.45MB / 81.9kB
53,2026-09-10T08:28:04.078769+00:00,107,2026-09-10T08:28:03.707370+00:00,false,microservices,auth,20efabd9278390fe95d1dfd88b671296f1bac9f66ac7877d2f3637299cd03410,tcc-microservices-experiment-auth-1,0.02,82145444,1073741824,7.65,3,45.4kB / 40.3kB,14.5MB / 65.5kB
53,2026-09-10T08:28:04.078769+00:00,107,2026-09-10T08:28:03.707370+00:00,false,microservices,gateway,d4be3dd53c8c16361be310672a99248641b4edf83d9f9b47c4f095f7c61247f2,tcc-microservices-experiment-gateway-1,25.82,496815309,536870912,92.55,77,56MB / 62MB,33.2MB / 246kB
53,2026-09-10T08:28:04.078769+00:00,107,2026-09-10T08:28:03.707370+00:00,false,microservices,mysql,9cd68107b98468e66d34ab214797c544f369fb96bf7cc3284c9561075eca9f60,tcc-microservices-experiment-mysql-1,29.75,540750643,1073741824,50.37,40,21.2MB / 64.6MB,52.8MB / 118MB
53,2026-09-10T08:28:04.078769+00:00,107,2026-09-10T08:28:03.707370+00:00,false,microservices,order,99afba3c058fed5a38f72f03cebaf849d7bbb1028755506d1b057f851178eaca,tcc-microservices-experiment-order-1,81.01,83980452,1073741824,7.82,3,76.8MB / 69.6MB,8.15MB / 77.8kB
53,2026-09-10T08:28:04.078769+00:00,107,2026-09-10T08:28:03.707370+00:00,false,microservices,product,2e69c401ba2a768022eabe35dfabf5ae08593abd564bb1b4611cb16272491131,tcc-microservices-experiment-product-1,0.02,80289464,1073741824,7.48,3,416kB / 282kB,7.45MB / 81.9kB
54,2026-09-10T08:28:05.078783+00:00,109,2026-09-10T08:28:04.708041+00:00,false,microservices,auth,20efabd9278390fe95d1dfd88b671296f1bac9f66ac7877d2f3637299cd03410,tcc-microservices-experiment-auth-1,0.02,82145444,1073741824,7.65,3,45.4kB / 40.3kB,14.5MB / 65.5kB
54,2026-09-10T08:28:05.078783+00:00,109,2026-09-10T08:28:04.708041+00:00,false,microservices,gateway,d4be3dd53c8c16361be310672a99248641b4edf83d9f9b47c4f095f7c61247f2,tcc-microservices-experiment-gateway-1,26.22,496605594,536870912,92.51,77,56.7MB / 62.8MB,33.2MB / 246kB
54,2026-09-10T08:28:05.078783+00:00,109,2026-09-10T08:28:04.708041+00:00,false,microservices,mysql,9cd68107b98468e66d34ab214797c544f369fb96bf7cc3284c9561075eca9f60,tcc-microservices-experiment-mysql-1,25.19,540960358,1073741824,50.38,40,21.4MB / 65.3MB,52.8MB / 118MB
54,2026-09-10T08:28:05.078783+00:00,109,2026-09-10T08:28:04.708041+00:00,false,microservices,order,99afba3c058fed5a38f72f03cebaf849d7bbb1028755506d1b057f851178eaca,tcc-microservices-experiment-order-1,80.7,83099648,1073741824,7.74,3,77.7MB / 70.5MB,8.15MB / 77.8kB
54,2026-09-10T08:28:05.078783+00:00,109,2026-09-10T08:28:04.708041+00:00,false,microservices,product,2e69c401ba2a768022eabe35dfabf5ae08593abd564bb1b4611cb16272491131,tcc-microservices-experiment-product-1,0.02,80289464,1073741824,7.48,3,416kB / 282kB,7.45MB / 81.9kB
55,2026-09-10T08:28:06.078776+00:00,111,2026-09-10T08:28:05.707445+00:00,false,microservices,auth,20efabd9278390fe95d1dfd88b671296f1bac9f66ac7877d2f3637299cd03410,tcc-microservices-experiment-auth-1,0.01,82145444,1073741824,7.65,3,45.5kB / 40.3kB,14.5MB / 65.5kB
55,2026-09-10T08:28:06.078776+00:00,111,2026-09-10T08:28:05.707445+00:00,false,microservices,gateway,d4be3dd53c8c16361be310672a99248641b4edf83d9f9b47c4f095f7c61247f2,tcc-microservices-experiment-gateway-1,26.89,496710451,536870912,92.52,77,57.4MB / 63.6MB,33.2MB / 246kB
55,2026-09-10T08:28:06.078776+00:00,111,2026-09-10T08:28:05.707445+00:00,false,microservices,mysql,9cd68107b98468e66d34ab214797c544f369fb96bf7cc3284c9561075eca9f60,tcc-microservices-experiment-mysql-1,29.0,540121498,1073741824,50.31,40,21.6MB / 66.1MB,52.8MB / 118MB
55,2026-09-10T08:28:06.078776+00:00,111,2026-09-10T08:28:05.707445+00:00,false,microservices,order,99afba3c058fed5a38f72f03cebaf849d7bbb1028755506d1b057f851178eaca,tcc-microservices-experiment-order-1,81.89,83057705,1073741824,7.74,3,78.6MB / 71.3MB,8.15MB / 77.8kB
55,2026-09-10T08:28:06.078776+00:00,111,2026-09-10T08:28:05.707445+00:00,false,microservices,product,2e69c401ba2a768022eabe35dfabf5ae08593abd564bb1b4611cb16272491131,tcc-microservices-experiment-product-1,0.01,80289464,1073741824,7.48,3,416kB / 282kB,7.45MB / 81.9kB
56,2026-09-10T08:28:07.078779+00:00,113,2026-09-10T08:28:06.707479+00:00,false,microservices,auth,20efabd9278390fe95d1dfd88b671296f1bac9f66ac7877d2f3637299cd03410,tcc-microservices-experiment-auth-1,0.02,82145444,1073741824,7.65,3,45.5kB / 40.3kB,14.5MB / 65.5kB
56,2026-09-10T08:28:07.078779+00:00,113,2026-09-10T08:28:06.707479+00:00,false,microservices,gateway,d4be3dd53c8c16361be310672a99248641b4edf83d9f9b47c4f095f7c61247f2,tcc-microservices-experiment-gateway-1,25.76,496291021,536870912,92.44,77,58.1MB / 64.4MB,33.2MB / 246kB
56,2026-09-10T08:28:07.078779+00:00,113,2026-09-10T08:28:06.707479+00:00,false,microservices,mysql,9cd68107b98468e66d34ab214797c544f369fb96bf7cc3284c9561075eca9f60,tcc-microservices-experiment-mysql-1,24.06,540331213,1073741824,50.32,40,21.8MB / 66.8MB,52.8MB / 118MB
56,2026-09-10T08:28:07.078779+00:00,113,2026-09-10T08:28:06.707479+00:00,false,microservices,order,99afba3c058fed5a38f72f03cebaf849d7bbb1028755506d1b057f851178eaca,tcc-microservices-experiment-order-1,81.52,82501960,1073741824,7.68,3,79.5MB / 72.2MB,8.15MB / 77.8kB
56,2026-09-10T08:28:07.078779+00:00,113,2026-09-10T08:28:06.707479+00:00,false,microservices,product,2e69c401ba2a768022eabe35dfabf5ae08593abd564bb1b4611cb16272491131,tcc-microservices-experiment-product-1,0.02,80289464,1073741824,7.48,3,416kB / 282kB,7.45MB / 81.9kB
57,2026-09-10T08:28:08.078788+00:00,115,2026-09-10T08:28:07.707204+00:00,false,microservices,auth,20efabd9278390fe95d1dfd88b671296f1bac9f66ac7877d2f3637299cd03410,tcc-microservices-experiment-auth-1,0.02,82145444,1073741824,7.65,3,45.5kB / 40.3kB,14.5MB / 65.5kB
57,2026-09-10T08:28:08.078788+00:00,115,2026-09-10T08:28:07.707204+00:00,false,microservices,gateway,d4be3dd53c8c16361be310672a99248641b4edf83d9f9b47c4f095f7c61247f2,tcc-microservices-experiment-gateway-1,26.59,496500736,536870912,92.47,77,58.9MB / 65.2MB,33.2MB / 246kB
57,2026-09-10T08:28:08.078788+00:00,115,2026-09-10T08:28:07.707204+00:00,false,microservices,mysql,9cd68107b98468e66d34ab214797c544f369fb96bf7cc3284c9561075eca9f60,tcc-microservices-experiment-mysql-1,28.39,541274931,1073741824,50.41,40,22MB / 67.6MB,52.8MB / 118MB
57,2026-09-10T08:28:08.078788+00:00,115,2026-09-10T08:28:07.707204+00:00,false,microservices,order,99afba3c058fed5a38f72f03cebaf849d7bbb1028755506d1b057f851178eaca,tcc-microservices-experiment-order-1,81.52,83256934,1073741824,7.75,3,80.5MB / 73MB,8.15MB / 77.8kB
57,2026-09-10T08:28:08.078788+00:00,115,2026-09-10T08:28:07.707204+00:00,false,microservices,product,2e69c401ba2a768022eabe35dfabf5ae08593abd564bb1b4611cb16272491131,tcc-microservices-experiment-product-1,0.02,80289464,1073741824,7.48,3,416kB / 282kB,7.45MB / 81.9kB
58,2026-09-10T08:28:09.078778+00:00,117,2026-09-10T08:28:08.707276+00:00,false,microservices,auth,20efabd9278390fe95d1dfd88b671296f1bac9f66ac7877d2f3637299cd03410,tcc-microservices-experiment-auth-1,0.02,82145444,1073741824,7.65,3,45.5kB / 40.3kB,14.5MB / 65.5kB
58,2026-09-10T08:28:09.078778+00:00,117,2026-09-10T08:28:08.707276+00:00,false,microservices,gateway,d4be3dd53c8c16361be310672a99248641b4edf83d9f9b47c4f095f7c61247f2,tcc-microservices-experiment-gateway-1,26.59,496500736,536870912,92.47,77,58.9MB / 65.2MB,33.2MB / 246kB
58,2026-09-10T08:28:09.078778+00:00,117,2026-09-10T08:28:08.707276+00:00,false,microservices,mysql,9cd68107b98468e66d34ab214797c544f369fb96bf7cc3284c9561075eca9f60,tcc-microservices-experiment-mysql-1,24.52,541065216,1073741824,50.39,40,22.2MB / 68.3MB,52.8MB / 118MB
58,2026-09-10T08:28:09.078778+00:00,117,2026-09-10T08:28:08.707276+00:00,false,microservices,order,99afba3c058fed5a38f72f03cebaf849d7bbb1028755506d1b057f851178eaca,tcc-microservices-experiment-order-1,81.52,83256934,1073741824,7.75,3,80.5MB / 73MB,8.15MB / 77.8kB
58,2026-09-10T08:28:09.078778+00:00,117,2026-09-10T08:28:08.707276+00:00,false,microservices,product,2e69c401ba2a768022eabe35dfabf5ae08593abd564bb1b4611cb16272491131,tcc-microservices-experiment-product-1,0.02,80289464,1073741824,7.48,3,416kB / 282kB,7.45MB / 81.9kB
59,2026-09-10T08:28:10.078777+00:00,119,2026-09-10T08:28:09.707017+00:00,false,microservices,auth,20efabd9278390fe95d1dfd88b671296f1bac9f66ac7877d2f3637299cd03410,tcc-microservices-experiment-auth-1,0.02,82145444,1073741824,7.65,3,45.5kB / 40.3kB,14.5MB / 65.5kB
59,2026-09-10T08:28:10.078777+00:00,119,2026-09-10T08:28:09.707017+00:00,false,microservices,gateway,d4be3dd53c8c16361be310672a99248641b4edf83d9f9b47c4f095f7c61247f2,tcc-microservices-experiment-gateway-1,35.61,496395878,536870912,92.45,77,59.6MB / 66MB,33.2MB / 246kB
59,2026-09-10T08:28:10.078777+00:00,119,2026-09-10T08:28:09.707017+00:00,false,microservices,mysql,9cd68107b98468e66d34ab214797c544f369fb96bf7cc3284c9561075eca9f60,tcc-microservices-experiment-mysql-1,24.52,541065216,1073741824,50.39,40,22.2MB / 68.3MB,52.8MB / 118MB
59,2026-09-10T08:28:10.078777+00:00,119,2026-09-10T08:28:09.707017+00:00,false,microservices,order,99afba3c058fed5a38f72f03cebaf849d7bbb1028755506d1b057f851178eaca,tcc-microservices-experiment-order-1,81.87,83225477,1073741824,7.75,3,81.4MB / 73.8MB,8.15MB / 77.8kB
59,2026-09-10T08:28:10.078777+00:00,119,2026-09-10T08:28:09.707017+00:00,false,microservices,product,2e69c401ba2a768022eabe35dfabf5ae08593abd564bb1b4611cb16272491131,tcc-microservices-experiment-product-1,0.02,80289464,1073741824,7.48,3,416kB / 282kB,7.45MB / 81.9kB
60,2026-09-10T08:28:11.078782+00:00,121,2026-09-10T08:28:10.708524+00:00,false,microservices,auth,20efabd9278390fe95d1dfd88b671296f1bac9f66ac7877d2f3637299cd03410,tcc-microservices-experiment-auth-1,0.02,82145444,1073741824,7.65,3,45.5kB / 40.3kB,14.5MB / 65.5kB
60,2026-09-10T08:28:11.078782+00:00,121,2026-09-10T08:28:10.708524+00:00,false,microservices,gateway,d4be3dd53c8c16361be310672a99248641b4edf83d9f9b47c4f095f7c61247f2,tcc-microservices-experiment-gateway-1,43.85,496395878,536870912,92.47,77,60.3MB / 66.8MB,33.2MB / 246kB
60,2026-09-10T08:28:11.078782+00:00,121,2026-09-10T08:28:10.708524+00:00,false,microservices,mysql,9cd68107b98468e66d34ab214797c544f369fb96bf7cc3284c9561075eca9f60,tcc-microservices-experiment-mysql-1,27.73,540645786,1073741824,50.35,40,22.4MB / 69.1MB,52.8MB / 118MB
60,2026-09-10T08:28:11.078782+00:00,121,2026-09-10T08:28:10.708524+00:00,false,microservices,order,99afba3c058fed5a38f72f03cebaf849d7bbb1028755506d1b057f851178eaca,tcc-microservices-experiment-order-1,81.59,82323702,1073741824,7.67,3,82.3MB / 74.7MB,8.15MB / 77.8kB
60,2026-09-10T08:28:11.078782+00:00,121,2026-09-10T08:28:10.708524+00:00,false,microservices,product,2e69c401ba2a768022eabe35dfabf5ae08593abd564bb1b4611cb16272491131,tcc-microservices-experiment-product-1,0.02,80289464,1073741824,7.48,3,416kB / 282kB,7.45MB / 81.9kB
61,2026-09-10T08:28:12.078797+00:00,123,2026-09-10T08:28:11.707247+00:00,false,microservices,auth,20efabd9278390fe95d1dfd88b671296f1bac9f66ac7877d2f3637299cd03410,tcc-microservices-experiment-auth-1,0.02,82145444,1073741824,7.65,3,45.5kB / 40.3kB,14.5MB / 65.5kB
61,2026-09-10T08:28:12.078797+00:00,123,2026-09-10T08:28:11.707247+00:00,false,microservices,gateway,d4be3dd53c8c16361be310672a99248641b4edf83d9f9b47c4f095f7c61247f2,tcc-microservices-experiment-gateway-1,49.61,497444454,536870912,92.66,77,61MB / 67.6MB,33.2MB / 246kB
61,2026-09-10T08:28:12.078797+00:00,123,2026-09-10T08:28:11.707247+00:00,false,microservices,mysql,9cd68107b98468e66d34ab214797c544f369fb96bf7cc3284c9561075eca9f60,tcc-microservices-experiment-mysql-1,24.46,540960358,1073741824,50.38,40,22.7MB / 69.8MB,52.8MB / 118MB
61,2026-09-10T08:28:12.078797+00:00,123,2026-09-10T08:28:11.707247+00:00,false,microservices,order,99afba3c058fed5a38f72f03cebaf849d7bbb1028755506d1b057f851178eaca,tcc-microservices-experiment-order-1,81.37,83078676,1073741824,7.74,3,83.2MB / 75.5MB,8.15MB / 77.8kB
61,2026-09-10T08:28:12.078797+00:00,123,2026-09-10T08:28:11.707247+00:00,false,microservices,product,2e69c401ba2a768022eabe35dfabf5ae08593abd564bb1b4611cb16272491131,tcc-microservices-experiment-product-1,0.03,80289464,1073741824,7.48,3,416kB / 282kB,7.45MB / 81.9kB
62,2026-09-10T08:28:13.078784+00:00,125,2026-09-10T08:28:12.708227+00:00,false,microservices,auth,20efabd9278390fe95d1dfd88b671296f1bac9f66ac7877d2f3637299cd03410,tcc-microservices-experiment-auth-1,0.01,82145444,1073741824,7.65,3,45.5kB / 40.3kB,14.5MB / 65.5kB
62,2026-09-10T08:28:13.078784+00:00,125,2026-09-10T08:28:12.708227+00:00,false,microservices,gateway,d4be3dd53c8c16361be310672a99248641b4edf83d9f9b47c4f095f7c61247f2,tcc-microservices-experiment-gateway-1,25.56,496710451,536870912,92.51,77,61.7MB / 68.4MB,33.2MB / 246kB
62,2026-09-10T08:28:13.078784+00:00,125,2026-09-10T08:28:12.708227+00:00,false,microservices,mysql,9cd68107b98468e66d34ab214797c544f369fb96bf7cc3284c9561075eca9f60,tcc-microservices-experiment-mysql-1,28.32,540436070,1073741824,50.33,40,22.9MB / 70.6MB,52.8MB / 118MB
62,2026-09-10T08:28:13.078784+00:00,125,2026-09-10T08:28:12.708227+00:00,false,microservices,order,99afba3c058fed5a38f72f03cebaf849d7bbb1028755506d1b057f851178eaca,tcc-microservices-experiment-order-1,82.53,83571507,1073741824,7.78,3,84.1MB / 76.4MB,8.15MB / 77.8kB
62,2026-09-10T08:28:13.078784+00:00,125,2026-09-10T08:28:12.708227+00:00,false,microservices,product,2e69c401ba2a768022eabe35dfabf5ae08593abd564bb1b4611cb16272491131,tcc-microservices-experiment-product-1,0.02,80289464,1073741824,7.48,3,416kB / 282kB,7.45MB / 81.9kB
63,2026-09-10T08:28:14.078774+00:00,127,2026-09-10T08:28:13.707308+00:00,false,microservices,auth,20efabd9278390fe95d1dfd88b671296f1bac9f66ac7877d2f3637299cd03410,tcc-microservices-experiment-auth-1,0.01,82145444,1073741824,7.65,3,45.5kB / 40.3kB,14.5MB / 65.5kB
63,2026-09-10T08:28:14.078774+00:00,127,2026-09-10T08:28:13.707308+00:00,false,microservices,gateway,d4be3dd53c8c16361be310672a99248641b4edf83d9f9b47c4f095f7c61247f2,tcc-microservices-experiment-gateway-1,26.01,497234739,536870912,92.62,77,62.4MB / 69.2MB,33.2MB / 246kB
63,2026-09-10T08:28:14.078774+00:00,127,2026-09-10T08:28:13.707308+00:00,false,microservices,mysql,9cd68107b98468e66d34ab214797c544f369fb96bf7cc3284c9561075eca9f60,tcc-microservices-experiment-mysql-1,25.6,540121498,1073741824,50.3,40,23.1MB / 71.3MB,52.8MB / 118MB
63,2026-09-10T08:28:14.078774+00:00,127,2026-09-10T08:28:13.707308+00:00,false,microservices,order,99afba3c058fed5a38f72f03cebaf849d7bbb1028755506d1b057f851178eaca,tcc-microservices-experiment-order-1,80.37,83204506,1073741824,7.75,3,85MB / 77.2MB,8.15MB / 77.8kB
63,2026-09-10T08:28:14.078774+00:00,127,2026-09-10T08:28:13.707308+00:00,false,microservices,product,2e69c401ba2a768022eabe35dfabf5ae08593abd564bb1b4611cb16272491131,tcc-microservices-experiment-product-1,0.02,80289464,1073741824,7.48,3,416kB / 282kB,7.45MB / 81.9kB
64,2026-09-10T08:28:15.078779+00:00,129,2026-09-10T08:28:14.708546+00:00,false,microservices,auth,20efabd9278390fe95d1dfd88b671296f1bac9f66ac7877d2f3637299cd03410,tcc-microservices-experiment-auth-1,0.02,82145444,1073741824,7.65,3,45.5kB / 40.3kB,14.5MB / 65.5kB
64,2026-09-10T08:28:15.078779+00:00,129,2026-09-10T08:28:14.708546+00:00,false,microservices,gateway,d4be3dd53c8c16361be310672a99248641b4edf83d9f9b47c4f095f7c61247f2,tcc-microservices-experiment-gateway-1,33.51,497129882,536870912,92.61,77,63.2MB / 70MB,33.2MB / 246kB
64,2026-09-10T08:28:15.078779+00:00,129,2026-09-10T08:28:14.708546+00:00,false,microservices,mysql,9cd68107b98468e66d34ab214797c544f369fb96bf7cc3284c9561075eca9f60,tcc-microservices-experiment-mysql-1,27.15,540436070,1073741824,50.33,40,23.3MB / 72.1MB,52.8MB / 118MB
64,2026-09-10T08:28:15.078779+00:00,129,2026-09-10T08:28:14.708546+00:00,false,microservices,order,99afba3c058fed5a38f72f03cebaf849d7bbb1028755506d1b057f851178eaca,tcc-microservices-experiment-order-1,83.61,83110134,1073741824,7.74,3,85.9MB / 78MB,8.15MB / 77.8kB
64,2026-09-10T08:28:15.078779+00:00,129,2026-09-10T08:28:14.708546+00:00,false,microservices,product,2e69c401ba2a768022eabe35dfabf5ae08593abd564bb1b4611cb16272491131,tcc-microservices-experiment-product-1,0.01,80289464,1073741824,7.48,3,416kB / 282kB,7.45MB / 81.9kB
65,2026-09-10T08:28:16.078799+00:00,131,2026-09-10T08:28:15.707731+00:00,false,microservices,auth,20efabd9278390fe95d1dfd88b671296f1bac9f66ac7877d2f3637299cd03410,tcc-microservices-experiment-auth-1,0.01,82145444,1073741824,7.65,3,45.5kB / 40.3kB,14.5MB / 65.5kB
65,2026-09-10T08:28:16.078799+00:00,131,2026-09-10T08:28:15.707731+00:00,false,microservices,gateway,d4be3dd53c8c16361be310672a99248641b4edf83d9f9b47c4f095f7c61247f2,tcc-microservices-experiment-gateway-1,26.8,497234739,536870912,92.61,77,63.9MB / 70.8MB,33.2MB / 246kB
65,2026-09-10T08:28:16.078799+00:00,131,2026-09-10T08:28:15.707731+00:00,false,microservices,mysql,9cd68107b98468e66d34ab214797c544f369fb96bf7cc3284c9561075eca9f60,tcc-microservices-experiment-mysql-1,24.13,540540928,1073741824,50.34,40,23.5MB / 72.8MB,52.8MB / 118MB
65,2026-09-10T08:28:16.078799+00:00,131,2026-09-10T08:28:15.707731+00:00,false,microservices,order,99afba3c058fed5a38f72f03cebaf849d7bbb1028755506d1b057f851178eaca,tcc-microservices-experiment-order-1,82.65,83036733,1073741824,7.73,3,86.9MB / 78.9MB,8.15MB / 77.8kB
65,2026-09-10T08:28:16.078799+00:00,131,2026-09-10T08:28:15.707731+00:00,false,microservices,product,2e69c401ba2a768022eabe35dfabf5ae08593abd564bb1b4611cb16272491131,tcc-microservices-experiment-product-1,0.02,80289464,1073741824,7.48,3,416kB / 282kB,7.45MB / 81.9kB
66,2026-09-10T08:28:17.078793+00:00,133,2026-09-10T08:28:16.708576+00:00,false,microservices,auth,20efabd9278390fe95d1dfd88b671296f1bac9f66ac7877d2f3637299cd03410,tcc-microservices-experiment-auth-1,0.02,82145444,1073741824,7.65,3,45.5kB / 40.3kB,14.5MB / 65.5kB
66,2026-09-10T08:28:17.078793+00:00,133,2026-09-10T08:28:16.708576+00:00,false,microservices,gateway,d4be3dd53c8c16361be310672a99248641b4edf83d9f9b47c4f095f7c61247f2,tcc-microservices-experiment-gateway-1,26.82,497339597,536870912,92.64,77,64.6MB / 71.6MB,33.2MB / 258kB
66,2026-09-10T08:28:17.078793+00:00,133,2026-09-10T08:28:16.708576+00:00,false,microservices,mysql,9cd68107b98468e66d34ab214797c544f369fb96bf7cc3284c9561075eca9f60,tcc-microservices-experiment-mysql-1,29.02,540750643,1073741824,50.36,40,23.7MB / 73.6MB,52.8MB / 118MB
66,2026-09-10T08:28:17.078793+00:00,133,2026-09-10T08:28:16.708576+00:00,false,microservices,order,99afba3c058fed5a38f72f03cebaf849d7bbb1028755506d1b057f851178eaca,tcc-microservices-experiment-order-1,81.5,83865108,1073741824,7.81,3,87.8MB / 79.7MB,8.15MB / 77.8kB
66,2026-09-10T08:28:17.078793+00:00,133,2026-09-10T08:28:16.708576+00:00,false,microservices,product,2e69c401ba2a768022eabe35dfabf5ae08593abd564bb1b4611cb16272491131,tcc-microservices-experiment-product-1,0.02,80289464,1073741824,7.48,3,416kB / 282kB,7.45MB / 81.9kB
67,2026-09-10T08:28:18.078796+00:00,135,2026-09-10T08:28:17.707695+00:00,false,microservices,auth,20efabd9278390fe95d1dfd88b671296f1bac9f66ac7877d2f3637299cd03410,tcc-microservices-experiment-auth-1,0.02,82145444,1073741824,7.65,3,45.5kB / 40.3kB,14.5MB / 65.5kB
67,2026-09-10T08:28:18.078796+00:00,135,2026-09-10T08:28:17.707695+00:00,false,microservices,gateway,d4be3dd53c8c16361be310672a99248641b4edf83d9f9b47c4f095f7c61247f2,tcc-microservices-experiment-gateway-1,26.65,497759027,536870912,92.72,77,65.4MB / 72.4MB,33.2MB / 258kB
67,2026-09-10T08:28:18.078796+00:00,135,2026-09-10T08:28:17.707695+00:00,false,microservices,mysql,9cd68107b98468e66d34ab214797c544f369fb96bf7cc3284c9561075eca9f60,tcc-microservices-experiment-mysql-1,25.63,540855501,1073741824,50.37,40,23.9MB / 74.4MB,52.8MB / 118MB
67,2026-09-10T08:28:18.078796+00:00,135,2026-09-10T08:28:17.707695+00:00,false,microservices,order,99afba3c058fed5a38f72f03cebaf849d7bbb1028755506d1b057f851178eaca,tcc-microservices-experiment-order-1,80.3,83005276,1073741824,7.73,3,88.7MB / 80.6MB,8.15MB / 77.8kB
67,2026-09-10T08:28:18.078796+00:00,135,2026-09-10T08:28:17.707695+00:00,false,microservices,product,2e69c401ba2a768022eabe35dfabf5ae08593abd564bb1b4611cb16272491131,tcc-microservices-experiment-product-1,0.02,80289464,1073741824,7.48,3,416kB / 282kB,7.45MB / 81.9kB
68,2026-09-10T08:28:19.078808+00:00,137,2026-09-10T08:28:18.709488+00:00,false,microservices,auth,20efabd9278390fe95d1dfd88b671296f1bac9f66ac7877d2f3637299cd03410,tcc-microservices-experiment-auth-1,0.02,82145444,1073741824,7.65,3,45.5kB / 40.3kB,14.5MB / 65.5kB
68,2026-09-10T08:28:19.078808+00:00,137,2026-09-10T08:28:18.709488+00:00,false,microservices,gateway,d4be3dd53c8c16361be310672a99248641b4edf83d9f9b47c4f095f7c61247f2,tcc-microservices-experiment-gateway-1,28.72,497968742,536870912,92.75,77,66.1MB / 73.2MB,33.2MB / 258kB
68,2026-09-10T08:28:19.078808+00:00,137,2026-09-10T08:28:18.709488+00:00,false,microservices,mysql,9cd68107b98468e66d34ab214797c544f369fb96bf7cc3284c9561075eca9f60,tcc-microservices-experiment-mysql-1,29.0,541065216,1073741824,50.39,40,24.2MB / 75.1MB,52.8MB / 118MB
68,2026-09-10T08:28:19.078808+00:00,137,2026-09-10T08:28:18.709488+00:00,false,microservices,order,99afba3c058fed5a38f72f03cebaf849d7bbb1028755506d1b057f851178eaca,tcc-microservices-experiment-order-1,81.43,82858476,1073741824,7.72,3,89.6MB / 81.4MB,8.15MB / 77.8kB
68,2026-09-10T08:28:19.078808+00:00,137,2026-09-10T08:28:18.709488+00:00,false,microservices,product,2e69c401ba2a768022eabe35dfabf5ae08593abd564bb1b4611cb16272491131,tcc-microservices-experiment-product-1,0.02,80289464,1073741824,7.48,3,416kB / 282kB,7.45MB / 81.9kB
69,2026-09-10T08:28:20.078800+00:00,139,2026-09-10T08:28:19.707738+00:00,false,microservices,auth,20efabd9278390fe95d1dfd88b671296f1bac9f66ac7877d2f3637299cd03410,tcc-microservices-experiment-auth-1,0.02,82145444,1073741824,7.65,3,45.5kB / 40.3kB,14.5MB / 65.5kB
69,2026-09-10T08:28:20.078800+00:00,139,2026-09-10T08:28:19.707738+00:00,false,microservices,gateway,d4be3dd53c8c16361be310672a99248641b4edf83d9f9b47c4f095f7c61247f2,tcc-microservices-experiment-gateway-1,33.76,497863885,536870912,92.74,77,66.8MB / 73.9MB,33.2MB / 258kB
69,2026-09-10T08:28:20.078800+00:00,139,2026-09-10T08:28:19.707738+00:00,false,microservices,mysql,9cd68107b98468e66d34ab214797c544f369fb96bf7cc3284c9561075eca9f60,tcc-microservices-experiment-mysql-1,24.96,540540928,1073741824,50.34,40,24.4MB / 75.9MB,52.8MB / 118MB
69,2026-09-10T08:28:20.078800+00:00,139,2026-09-10T08:28:19.707738+00:00,false,microservices,order,99afba3c058fed5a38f72f03cebaf849d7bbb1028755506d1b057f851178eaca,tcc-microservices-experiment-order-1,80.8,82743132,1073741824,7.71,3,90.5MB / 82.2MB,8.15MB / 77.8kB
69,2026-09-10T08:28:20.078800+00:00,139,2026-09-10T08:28:19.707738+00:00,false,microservices,product,2e69c401ba2a768022eabe35dfabf5ae08593abd564bb1b4611cb16272491131,tcc-microservices-experiment-product-1,0.02,80289464,1073741824,7.48,3,416kB / 282kB,7.45MB / 81.9kB
70,2026-09-10T08:28:21.078801+00:00,141,2026-09-10T08:28:20.707151+00:00,false,microservices,auth,20efabd9278390fe95d1dfd88b671296f1bac9f66ac7877d2f3637299cd03410,tcc-microservices-experiment-auth-1,0.02,82145444,1073741824,7.65,3,45.5kB / 40.3kB,14.5MB / 65.5kB
70,2026-09-10T08:28:21.078801+00:00,141,2026-09-10T08:28:20.707151+00:00,false,microservices,gateway,d4be3dd53c8c16361be310672a99248641b4edf83d9f9b47c4f095f7c61247f2,tcc-microservices-experiment-gateway-1,26.97,497234739,536870912,92.62,77,67.5MB / 74.7MB,33.2MB / 258kB
70,2026-09-10T08:28:21.078801+00:00,141,2026-09-10T08:28:20.707151+00:00,false,microservices,mysql,9cd68107b98468e66d34ab214797c544f369fb96bf7cc3284c9561075eca9f60,tcc-microservices-experiment-mysql-1,28.76,540855501,1073741824,50.37,40,24.6MB / 76.6MB,52.8MB / 118MB
70,2026-09-10T08:28:21.078801+00:00,141,2026-09-10T08:28:20.707151+00:00,false,microservices,order,99afba3c058fed5a38f72f03cebaf849d7bbb1028755506d1b057f851178eaca,tcc-microservices-experiment-order-1,81.71,82910904,1073741824,7.72,3,91.4MB / 83.1MB,8.15MB / 77.8kB
70,2026-09-10T08:28:21.078801+00:00,141,2026-09-10T08:28:20.707151+00:00,false,microservices,product,2e69c401ba2a768022eabe35dfabf5ae08593abd564bb1b4611cb16272491131,tcc-microservices-experiment-product-1,0.02,80289464,1073741824,7.48,3,416kB / 282kB,7.45MB / 81.9kB
71,2026-09-10T08:28:22.078790+00:00,143,2026-09-10T08:28:21.708338+00:00,false,microservices,auth,20efabd9278390fe95d1dfd88b671296f1bac9f66ac7877d2f3637299cd03410,tcc-microservices-experiment-auth-1,0.02,82145444,1073741824,7.65,3,45.5kB / 40.3kB,14.5MB / 65.5kB
71,2026-09-10T08:28:22.078790+00:00,143,2026-09-10T08:28:21.708338+00:00,false,microservices,gateway,d4be3dd53c8c16361be310672a99248641b4edf83d9f9b47c4f095f7c61247f2,tcc-microservices-experiment-gateway-1,27.43,497654170,536870912,92.69,77,68.2MB / 75.6MB,33.2MB / 258kB
71,2026-09-10T08:28:22.078790+00:00,143,2026-09-10T08:28:21.708338+00:00,false,microservices,mysql,9cd68107b98468e66d34ab214797c544f369fb96bf7cc3284c9561075eca9f60,tcc-microservices-experiment-mysql-1,24.85,540016640,1073741824,50.29,40,24.8MB / 77.4MB,52.8MB / 118MB
71,2026-09-10T08:28:22.078790+00:00,143,2026-09-10T08:28:21.708338+00:00,false,microservices,order,99afba3c058fed5a38f72f03cebaf849d7bbb1028755506d1b057f851178eaca,tcc-microservices-experiment-order-1,81.5,83047219,1073741824,7.73,3,92.4MB / 83.9MB,8.15MB / 77.8kB
71,2026-09-10T08:28:22.078790+00:00,143,2026-09-10T08:28:21.708338+00:00,false,microservices,product,2e69c401ba2a768022eabe35dfabf5ae08593abd564bb1b4611cb16272491131,tcc-microservices-experiment-product-1,0.02,80289464,1073741824,7.48,3,416kB / 282kB,7.45MB / 81.9kB
72,2026-09-10T08:28:23.078803+00:00,145,2026-09-10T08:28:22.708373+00:00,false,microservices,auth,20efabd9278390fe95d1dfd88b671296f1bac9f66ac7877d2f3637299cd03410,tcc-microservices-experiment-auth-1,0.02,82145444,1073741824,7.65,3,45.5kB / 40.3kB,14.5MB / 65.5kB
72,2026-09-10T08:28:23.078803+00:00,145,2026-09-10T08:28:22.708373+00:00,false,microservices,gateway,d4be3dd53c8c16361be310672a99248641b4edf83d9f9b47c4f095f7c61247f2,tcc-microservices-experiment-gateway-1,26.42,497968742,536870912,92.75,77,68.9MB / 76.4MB,33.2MB / 258kB
72,2026-09-10T08:28:23.078803+00:00,145,2026-09-10T08:28:22.708373+00:00,false,microservices,mysql,9cd68107b98468e66d34ab214797c544f369fb96bf7cc3284c9561075eca9f60,tcc-microservices-experiment-mysql-1,28.77,541170074,1073741824,50.4,40,25MB / 78.2MB,52.8MB / 118MB
72,2026-09-10T08:28:23.078803+00:00,145,2026-09-10T08:28:22.708373+00:00,false,microservices,order,99afba3c058fed5a38f72f03cebaf849d7bbb1028755506d1b057f851178eaca,tcc-microservices-experiment-order-1,80.87,82533417,1073741824,7.69,3,93.3MB / 84.8MB,8.15MB / 77.8kB
72,2026-09-10T08:28:23.078803+00:00,145,2026-09-10T08:28:22.708373+00:00,false,microservices,product,2e69c401ba2a768022eabe35dfabf5ae08593abd564bb1b4611cb16272491131,tcc-microservices-experiment-product-1,0.02,80289464,1073741824,7.48,3,416kB / 282kB,7.45MB / 81.9kB
73,2026-09-10T08:28:24.078778+00:00,147,2026-09-10T08:28:23.708333+00:00,false,microservices,auth,20efabd9278390fe95d1dfd88b671296f1bac9f66ac7877d2f3637299cd03410,tcc-microservices-experiment-auth-1,0.02,82145444,1073741824,7.65,3,45.5kB / 40.3kB,14.5MB / 65.5kB
73,2026-09-10T08:28:24.078778+00:00,147,2026-09-10T08:28:23.708333+00:00,false,microservices,gateway,d4be3dd53c8c16361be310672a99248641b4edf83d9f9b47c4f095f7c61247f2,tcc-microservices-experiment-gateway-1,27.17,498283315,536870912,92.81,77,69.7MB / 77.2MB,33.2MB / 258kB
73,2026-09-10T08:28:24.078778+00:00,147,2026-09-10T08:28:23.708333+00:00,false,microservices,mysql,9cd68107b98468e66d34ab214797c544f369fb96bf7cc3284c9561075eca9f60,tcc-microservices-experiment-mysql-1,26.25,540436070,1073741824,50.33,40,25.2MB / 78.9MB,52.8MB / 118MB
73,2026-09-10T08:28:24.078778+00:00,147,2026-09-10T08:28:23.708333+00:00,false,microservices,order,99afba3c058fed5a38f72f03cebaf849d7bbb1028755506d1b057f851178eaca,tcc-microservices-experiment-order-1,79.53,83665879,1073741824,7.79,3,94.2MB / 85.6MB,8.15MB / 77.8kB
73,2026-09-10T08:28:24.078778+00:00,147,2026-09-10T08:28:23.708333+00:00,false,microservices,product,2e69c401ba2a768022eabe35dfabf5ae08593abd564bb1b4611cb16272491131,tcc-microservices-experiment-product-1,0.02,80289464,1073741824,7.48,3,416kB / 282kB,7.45MB / 81.9kB
74,2026-09-10T08:28:25.078790+00:00,149,2026-09-10T08:28:24.708404+00:00,false,microservices,auth,20efabd9278390fe95d1dfd88b671296f1bac9f66ac7877d2f3637299cd03410,tcc-microservices-experiment-auth-1,0.02,82145444,1073741824,7.65,3,45.5kB / 40.3kB,14.5MB / 65.5kB
74,2026-09-10T08:28:25.078790+00:00,149,2026-09-10T08:28:24.708404+00:00,false,microservices,gateway,d4be3dd53c8c16361be310672a99248641b4edf83d9f9b47c4f095f7c61247f2,tcc-microservices-experiment-gateway-1,25.96,496920166,536870912,92.56,77,70.4MB / 77.9MB,33.2MB / 258kB
74,2026-09-10T08:28:25.078790+00:00,149,2026-09-10T08:28:24.708404+00:00,false,microservices,mysql,9cd68107b98468e66d34ab214797c544f369fb96bf7cc3284c9561075eca9f60,tcc-microservices-experiment-mysql-1,28.43,545678950,1073741824,50.82,41,25.5MB / 79.7MB,52.8MB / 118MB
74,2026-09-10T08:28:25.078790+00:00,149,2026-09-10T08:28:24.708404+00:00,false,microservices,order,99afba3c058fed5a38f72f03cebaf849d7bbb1028755506d1b057f851178eaca,tcc-microservices-experiment-order-1,80.34,83655393,1073741824,7.79,3,95.1MB / 86.5MB,8.15MB / 77.8kB
74,2026-09-10T08:28:25.078790+00:00,149,2026-09-10T08:28:24.708404+00:00,false,microservices,product,2e69c401ba2a768022eabe35dfabf5ae08593abd564bb1b4611cb16272491131,tcc-microservices-experiment-product-1,0.02,80289464,1073741824,7.48,3,416kB / 282kB,7.45MB / 81.9kB
75,2026-09-10T08:28:26.078795+00:00,151,2026-09-10T08:28:25.708476+00:00,false,microservices,auth,20efabd9278390fe95d1dfd88b671296f1bac9f66ac7877d2f3637299cd03410,tcc-microservices-experiment-auth-1,0.01,82145444,1073741824,7.65,3,45.5kB / 40.3kB,14.5MB / 65.5kB
75,2026-09-10T08:28:26.078795+00:00,151,2026-09-10T08:28:25.708476+00:00,false,microservices,gateway,d4be3dd53c8c16361be310672a99248641b4edf83d9f9b47c4f095f7c61247f2,tcc-microservices-experiment-gateway-1,25.37,497444454,536870912,92.65,77,71.1MB / 78.7MB,33.2MB / 258kB
75,2026-09-10T08:28:26.078795+00:00,151,2026-09-10T08:28:25.708476+00:00,false,microservices,mysql,9cd68107b98468e66d34ab214797c544f369fb96bf7cc3284c9561075eca9f60,tcc-microservices-experiment-mysql-1,27.33,541170074,1073741824,50.4,40,25.7MB / 80.4MB,52.8MB / 118MB
75,2026-09-10T08:28:26.078795+00:00,151,2026-09-10T08:28:25.708476+00:00,false,microservices,order,99afba3c058fed5a38f72f03cebaf849d7bbb1028755506d1b057f851178eaca,tcc-microservices-experiment-order-1,80.59,83728794,1073741824,7.8,3,96MB / 87.3MB,8.15MB / 77.8kB
75,2026-09-10T08:28:26.078795+00:00,151,2026-09-10T08:28:25.708476+00:00,false,microservices,product,2e69c401ba2a768022eabe35dfabf5ae08593abd564bb1b4611cb16272491131,tcc-microservices-experiment-product-1,0.02,80289464,1073741824,7.48,3,416kB / 282kB,7.45MB / 81.9kB
76,2026-09-10T08:28:27.078782+00:00,153,2026-09-10T08:28:26.708912+00:00,false,microservices,auth,20efabd9278390fe95d1dfd88b671296f1bac9f66ac7877d2f3637299cd03410,tcc-microservices-experiment-auth-1,0.02,82145444,1073741824,7.65,3,45.5kB / 40.3kB,14.5MB / 65.5kB
76,2026-09-10T08:28:27.078782+00:00,153,2026-09-10T08:28:26.708912+00:00,false,microservices,gateway,d4be3dd53c8c16361be310672a99248641b4edf83d9f9b47c4f095f7c61247f2,tcc-microservices-experiment-gateway-1,28.53,496710451,536870912,92.53,77,71.8MB / 79.5MB,33.2MB / 258kB
76,2026-09-10T08:28:27.078782+00:00,153,2026-09-10T08:28:26.708912+00:00,false,microservices,mysql,9cd68107b98468e66d34ab214797c544f369fb96bf7cc3284c9561075eca9f60,tcc-microservices-experiment-mysql-1,25.12,540121498,1073741824,50.3,40,25.9MB / 81.2MB,52.8MB / 118MB
76,2026-09-10T08:28:27.078782+00:00,153,2026-09-10T08:28:26.708912+00:00,false,microservices,order,99afba3c058fed5a38f72f03cebaf849d7bbb1028755506d1b057f851178eaca,tcc-microservices-experiment-order-1,81.08,83309363,1073741824,7.76,3,97MB / 88.2MB,8.15MB / 77.8kB
76,2026-09-10T08:28:27.078782+00:00,153,2026-09-10T08:28:26.708912+00:00,false,microservices,product,2e69c401ba2a768022eabe35dfabf5ae08593abd564bb1b4611cb16272491131,tcc-microservices-experiment-product-1,0.02,80289464,1073741824,7.48,3,416kB / 282kB,7.45MB / 81.9kB
77,2026-09-10T08:28:28.078824+00:00,155,2026-09-10T08:28:27.709131+00:00,false,microservices,auth,20efabd9278390fe95d1dfd88b671296f1bac9f66ac7877d2f3637299cd03410,tcc-microservices-experiment-auth-1,0.02,82145444,1073741824,7.65,3,45.5kB / 40.3kB,14.5MB / 65.5kB
77,2026-09-10T08:28:28.078824+00:00,155,2026-09-10T08:28:27.709131+00:00,false,microservices,gateway,d4be3dd53c8c16361be310672a99248641b4edf83d9f9b47c4f095f7c61247f2,tcc-microservices-experiment-gateway-1,25.7,497339597,536870912,92.64,77,72.5MB / 80.3MB,33.2MB / 258kB
77,2026-09-10T08:28:28.078824+00:00,155,2026-09-10T08:28:27.709131+00:00,false,microservices,mysql,9cd68107b98468e66d34ab214797c544f369fb96bf7cc3284c9561075eca9f60,tcc-microservices-experiment-mysql-1,29.64,540960358,1073741824,50.38,40,26.1MB / 81.9MB,52.8MB / 118MB
77,2026-09-10T08:28:28.078824+00:00,155,2026-09-10T08:28:27.709131+00:00,false,microservices,order,99afba3c058fed5a38f72f03cebaf849d7bbb1028755506d1b057f851178eaca,tcc-microservices-experiment-order-1,80.08,83938509,1073741824,7.82,3,97.9MB / 89MB,8.15MB / 77.8kB
77,2026-09-10T08:28:28.078824+00:00,155,2026-09-10T08:28:27.709131+00:00,false,microservices,product,2e69c401ba2a768022eabe35dfabf5ae08593abd564bb1b4611cb16272491131,tcc-microservices-experiment-product-1,0.02,80289464,1073741824,7.48,3,416kB / 282kB,7.45MB / 81.9kB
78,2026-09-10T08:28:29.078780+00:00,157,2026-09-10T08:28:28.708578+00:00,false,microservices,auth,20efabd9278390fe95d1dfd88b671296f1bac9f66ac7877d2f3637299cd03410,tcc-microservices-experiment-auth-1,0.02,82145444,1073741824,7.65,3,45.5kB / 40.3kB,14.5MB / 65.5kB
78,2026-09-10T08:28:29.078780+00:00,157,2026-09-10T08:28:28.708578+00:00,false,microservices,gateway,d4be3dd53c8c16361be310672a99248641b4edf83d9f9b47c4f095f7c61247f2,tcc-microservices-experiment-gateway-1,25.61,497339597,536870912,92.63,77,73.2MB / 81.1MB,33.2MB / 258kB
78,2026-09-10T08:28:29.078780+00:00,157,2026-09-10T08:28:28.708578+00:00,false,microservices,mysql,9cd68107b98468e66d34ab214797c544f369fb96bf7cc3284c9561075eca9f60,tcc-microservices-experiment-mysql-1,25.12,540016640,1073741824,50.29,40,26.3MB / 82.7MB,52.8MB / 118MB
78,2026-09-10T08:28:29.078780+00:00,157,2026-09-10T08:28:28.708578+00:00,false,microservices,order,99afba3c058fed5a38f72f03cebaf849d7bbb1028755506d1b057f851178eaca,tcc-microservices-experiment-order-1,80.83,83760251,1073741824,7.8,3,98.8MB / 89.8MB,8.15MB / 1.31MB
78,2026-09-10T08:28:29.078780+00:00,157,2026-09-10T08:28:28.708578+00:00,false,microservices,product,2e69c401ba2a768022eabe35dfabf5ae08593abd564bb1b4611cb16272491131,tcc-microservices-experiment-product-1,0.01,80289464,1073741824,7.48,3,416kB / 282kB,7.45MB / 81.9kB
79,2026-09-10T08:28:30.078800+00:00,159,2026-09-10T08:28:29.709098+00:00,false,microservices,auth,20efabd9278390fe95d1dfd88b671296f1bac9f66ac7877d2f3637299cd03410,tcc-microservices-experiment-auth-1,0.02,82145444,1073741824,7.65,3,45.5kB / 40.3kB,14.5MB / 65.5kB
79,2026-09-10T08:28:30.078800+00:00,159,2026-09-10T08:28:29.709098+00:00,false,microservices,gateway,d4be3dd53c8c16361be310672a99248641b4edf83d9f9b47c4f095f7c61247f2,tcc-microservices-experiment-gateway-1,26.7,496920166,536870912,92.56,77,74MB / 81.9MB,33.2MB / 258kB
79,2026-09-10T08:28:30.078800+00:00,159,2026-09-10T08:28:29.709098+00:00,false,microservices,mysql,9cd68107b98468e66d34ab214797c544f369fb96bf7cc3284c9561075eca9f60,tcc-microservices-experiment-mysql-1,29.52,540540928,1073741824,50.35,40,26.5MB / 83.4MB,52.8MB / 118MB
79,2026-09-10T08:28:30.078800+00:00,159,2026-09-10T08:28:29.709098+00:00,false,microservices,order,99afba3c058fed5a38f72f03cebaf849d7bbb1028755506d1b057f851178eaca,tcc-microservices-experiment-order-1,81.18,83540050,1073741824,7.78,3,99.7MB / 90.7MB,8.15MB / 1.31MB
79,2026-09-10T08:28:30.078800+00:00,159,2026-09-10T08:28:29.709098+00:00,false,microservices,product,2e69c401ba2a768022eabe35dfabf5ae08593abd564bb1b4611cb16272491131,tcc-microservices-experiment-product-1,0.01,80289464,1073741824,7.48,3,416kB / 282kB,7.45MB / 81.9kB
80,2026-09-10T08:28:31.078786+00:00,161,2026-09-10T08:28:30.708905+00:00,false,microservices,auth,20efabd9278390fe95d1dfd88b671296f1bac9f66ac7877d2f3637299cd03410,tcc-microservices-experiment-auth-1,0.02,82145444,1073741824,7.65,3,45.5kB / 40.3kB,14.5MB / 65.5kB
80,2026-09-10T08:28:31.078786+00:00,161,2026-09-10T08:28:30.708905+00:00,false,microservices,gateway,d4be3dd53c8c16361be310672a99248641b4edf83d9f9b47c4f095f7c61247f2,tcc-microservices-experiment-gateway-1,27.61,497025024,536870912,92.58,77,74.7MB / 82.7MB,33.2MB / 258kB
80,2026-09-10T08:28:31.078786+00:00,161,2026-09-10T08:28:30.708905+00:00,false,microservices,mysql,9cd68107b98468e66d34ab214797c544f369fb96bf7cc3284c9561075eca9f60,tcc-microservices-experiment-mysql-1,24.23,540016640,1073741824,50.29,40,26.7MB / 84.2MB,52.8MB / 118MB
80,2026-09-10T08:28:31.078786+00:00,161,2026-09-10T08:28:30.708905+00:00,false,microservices,order,99afba3c058fed5a38f72f03cebaf849d7bbb1028755506d1b057f851178eaca,tcc-microservices-experiment-order-1,82.72,83477135,1073741824,7.77,3,101MB / 91.5MB,8.15MB / 1.31MB
80,2026-09-10T08:28:31.078786+00:00,161,2026-09-10T08:28:30.708905+00:00,false,microservices,product,2e69c401ba2a768022eabe35dfabf5ae08593abd564bb1b4611cb16272491131,tcc-microservices-experiment-product-1,0.01,80289464,1073741824,7.48,3,416kB / 282kB,7.45MB / 81.9kB
81,2026-09-10T08:28:32.078785+00:00,163,2026-09-10T08:28:31.708373+00:00,false,microservices,auth,20efabd9278390fe95d1dfd88b671296f1bac9f66ac7877d2f3637299cd03410,tcc-microservices-experiment-auth-1,0.02,82145444,1073741824,7.65,3,45.5kB / 40.3kB,14.5MB / 65.5kB
81,2026-09-10T08:28:32.078785+00:00,163,2026-09-10T08:28:31.708373+00:00,false,microservices,gateway,d4be3dd53c8c16361be310672a99248641b4edf83d9f9b47c4f095f7c61247f2,tcc-microservices-experiment-gateway-1,28.09,496920166,536870912,92.56,77,75.4MB / 83.5MB,33.2MB / 258kB
81,2026-09-10T08:28:32.078785+00:00,163,2026-09-10T08:28:31.708373+00:00,false,microservices,mysql,9cd68107b98468e66d34ab214797c544f369fb96bf7cc3284c9561075eca9f60,tcc-microservices-experiment-mysql-1,28.3,540121498,1073741824,50.3,40,27MB / 85MB,52.8MB / 118MB
81,2026-09-10T08:28:32.078785+00:00,163,2026-09-10T08:28:31.708373+00:00,false,microservices,order,99afba3c058fed5a38f72f03cebaf849d7bbb1028755506d1b057f851178eaca,tcc-microservices-experiment-order-1,82.22,83288392,1073741824,7.76,3,102MB / 92.4MB,8.15MB / 1.31MB
81,2026-09-10T08:28:32.078785+00:00,163,2026-09-10T08:28:31.708373+00:00,false,microservices,product,2e69c401ba2a768022eabe35dfabf5ae08593abd564bb1b4611cb16272491131,tcc-microservices-experiment-product-1,0.02,80289464,1073741824,7.48,3,416kB / 282kB,7.45MB / 81.9kB
82,2026-09-10T08:28:33.078768+00:00,165,2026-09-10T08:28:32.708986+00:00,false,microservices,auth,20efabd9278390fe95d1dfd88b671296f1bac9f66ac7877d2f3637299cd03410,tcc-microservices-experiment-auth-1,0.02,82145444,1073741824,7.65,3,45.5kB / 40.3kB,14.5MB / 65.5kB
82,2026-09-10T08:28:33.078768+00:00,165,2026-09-10T08:28:32.708986+00:00,false,microservices,gateway,d4be3dd53c8c16361be310672a99248641b4edf83d9f9b47c4f095f7c61247f2,tcc-microservices-experiment-gateway-1,27.61,497339597,536870912,92.64,77,76.1MB / 84.3MB,33.2MB / 270kB
82,2026-09-10T08:28:33.078768+00:00,165,2026-09-10T08:28:32.708986+00:00,false,microservices,mysql,9cd68107b98468e66d34ab214797c544f369fb96bf7cc3284c9561075eca9f60,tcc-microservices-experiment-mysql-1,26.08,540436070,1073741824,50.33,40,27.2MB / 85.7MB,52.8MB / 118MB
82,2026-09-10T08:28:33.078768+00:00,165,2026-09-10T08:28:32.708986+00:00,false,microservices,order,99afba3c058fed5a38f72f03cebaf849d7bbb1028755506d1b057f851178eaca,tcc-microservices-experiment-order-1,80.03,83456164,1073741824,7.77,3,102MB / 93.2MB,8.15MB / 1.31MB
82,2026-09-10T08:28:33.078768+00:00,165,2026-09-10T08:28:32.708986+00:00,false,microservices,product,2e69c401ba2a768022eabe35dfabf5ae08593abd564bb1b4611cb16272491131,tcc-microservices-experiment-product-1,0.02,80289464,1073741824,7.48,3,416kB / 282kB,7.45MB / 81.9kB
83,2026-09-10T08:28:34.078802+00:00,167,2026-09-10T08:28:33.709419+00:00,false,microservices,auth,20efabd9278390fe95d1dfd88b671296f1bac9f66ac7877d2f3637299cd03410,tcc-microservices-experiment-auth-1,0.02,82145444,1073741824,7.65,3,45.5kB / 40.3kB,14.5MB / 65.5kB
83,2026-09-10T08:28:34.078802+00:00,167,2026-09-10T08:28:33.709419+00:00,false,microservices,gateway,d4be3dd53c8c16361be310672a99248641b4edf83d9f9b47c4f095f7c61247f2,tcc-microservices-experiment-gateway-1,27.31,497025024,536870912,92.59,77,76.9MB / 85.1MB,33.2MB / 270kB
83,2026-09-10T08:28:34.078802+00:00,167,2026-09-10T08:28:33.709419+00:00,false,microservices,mysql,9cd68107b98468e66d34ab214797c544f369fb96bf7cc3284c9561075eca9f60,tcc-microservices-experiment-mysql-1,28.7,540540928,1073741824,50.34,40,27.4MB / 86.5MB,52.8MB / 118MB
83,2026-09-10T08:28:34.078802+00:00,167,2026-09-10T08:28:33.709419+00:00,false,microservices,order,99afba3c058fed5a38f72f03cebaf849d7bbb1028755506d1b057f851178eaca,tcc-microservices-experiment-order-1,81.58,83110134,1073741824,7.74,3,103MB / 94.1MB,8.15MB / 1.31MB
83,2026-09-10T08:28:34.078802+00:00,167,2026-09-10T08:28:33.709419+00:00,false,microservices,product,2e69c401ba2a768022eabe35dfabf5ae08593abd564bb1b4611cb16272491131,tcc-microservices-experiment-product-1,0.02,80289464,1073741824,7.48,3,416kB / 282kB,7.45MB / 81.9kB
84,2026-09-10T08:28:35.078793+00:00,169,2026-09-10T08:28:34.708463+00:00,false,microservices,auth,20efabd9278390fe95d1dfd88b671296f1bac9f66ac7877d2f3637299cd03410,tcc-microservices-experiment-auth-1,0.02,82145444,1073741824,7.65,3,45.5kB / 40.3kB,14.5MB / 65.5kB
84,2026-09-10T08:28:35.078793+00:00,169,2026-09-10T08:28:34.708463+00:00,false,microservices,gateway,d4be3dd53c8c16361be310672a99248641b4edf83d9f9b47c4f095f7c61247f2,tcc-microservices-experiment-gateway-1,28.97,497549312,536870912,92.68,77,77.6MB / 85.9MB,33.2MB / 270kB
84,2026-09-10T08:28:35.078793+00:00,169,2026-09-10T08:28:34.708463+00:00,false,microservices,mysql,9cd68107b98468e66d34ab214797c544f369fb96bf7cc3284c9561075eca9f60,tcc-microservices-experiment-mysql-1,24.74,540121498,1073741824,50.3,40,27.6MB / 87.3MB,52.8MB / 118MB
84,2026-09-10T08:28:35.078793+00:00,169,2026-09-10T08:28:34.708463+00:00,false,microservices,order,99afba3c058fed5a38f72f03cebaf849d7bbb1028755506d1b057f851178eaca,tcc-microservices-experiment-order-1,81.11,82963333,1073741824,7.73,3,104MB / 94.9MB,8.15MB / 1.31MB
84,2026-09-10T08:28:35.078793+00:00,169,2026-09-10T08:28:34.708463+00:00,false,microservices,product,2e69c401ba2a768022eabe35dfabf5ae08593abd564bb1b4611cb16272491131,tcc-microservices-experiment-product-1,0.02,80289464,1073741824,7.48,3,416kB / 282kB,7.45MB / 81.9kB
85,2026-09-10T08:28:36.078766+00:00,171,2026-09-10T08:28:35.708450+00:00,false,microservices,auth,20efabd9278390fe95d1dfd88b671296f1bac9f66ac7877d2f3637299cd03410,tcc-microservices-experiment-auth-1,0.02,82145444,1073741824,7.65,3,45.5kB / 40.3kB,14.5MB / 65.5kB
85,2026-09-10T08:28:36.078766+00:00,171,2026-09-10T08:28:35.708450+00:00,false,microservices,gateway,d4be3dd53c8c16361be310672a99248641b4edf83d9f9b47c4f095f7c61247f2,tcc-microservices-experiment-gateway-1,27.0,497654170,536870912,92.69,77,78.3MB / 86.7MB,33.2MB / 270kB
85,2026-09-10T08:28:36.078766+00:00,171,2026-09-10T08:28:35.708450+00:00,false,microservices,mysql,9cd68107b98468e66d34ab214797c544f369fb96bf7cc3284c9561075eca9f60,tcc-microservices-experiment-mysql-1,29.07,540436070,1073741824,50.33,40,27.8MB / 88MB,52.8MB / 118MB
85,2026-09-10T08:28:36.078766+00:00,171,2026-09-10T08:28:35.708450+00:00,false,microservices,order,99afba3c058fed5a38f72f03cebaf849d7bbb1028755506d1b057f851178eaca,tcc-microservices-experiment-order-1,80.49,83099648,1073741824,7.74,3,105MB / 95.8MB,8.15MB / 1.31MB
85,2026-09-10T08:28:36.078766+00:00,171,2026-09-10T08:28:35.708450+00:00,false,microservices,product,2e69c401ba2a768022eabe35dfabf5ae08593abd564bb1b4611cb16272491131,tcc-microservices-experiment-product-1,0.02,80289464,1073741824,7.48,3,416kB / 282kB,7.45MB / 81.9kB
86,2026-09-10T08:28:37.078801+00:00,173,2026-09-10T08:28:36.708325+00:00,false,microservices,auth,20efabd9278390fe95d1dfd88b671296f1bac9f66ac7877d2f3637299cd03410,tcc-microservices-experiment-auth-1,0.02,82145444,1073741824,7.65,3,45.5kB / 40.3kB,14.5MB / 65.5kB
86,2026-09-10T08:28:37.078801+00:00,173,2026-09-10T08:28:36.708325+00:00,false,microservices,gateway,d4be3dd53c8c16361be310672a99248641b4edf83d9f9b47c4f095f7c61247f2,tcc-microservices-experiment-gateway-1,30.8,497129882,536870912,92.59,77,79MB / 87.5MB,33.2MB / 270kB
86,2026-09-10T08:28:37.078801+00:00,173,2026-09-10T08:28:36.708325+00:00,false,microservices,mysql,9cd68107b98468e66d34ab214797c544f369fb96bf7cc3284c9561075eca9f60,tcc-microservices-experiment-mysql-1,24.7,540436070,1073741824,50.33,40,28MB / 88.8MB,52.8MB / 118MB
86,2026-09-10T08:28:37.078801+00:00,173,2026-09-10T08:28:36.708325+00:00,false,microservices,order,99afba3c058fed5a38f72f03cebaf849d7bbb1028755506d1b057f851178eaca,tcc-microservices-experiment-order-1,81.83,83141591,1073741824,7.74,3,106MB / 96.6MB,8.15MB / 1.31MB
86,2026-09-10T08:28:37.078801+00:00,173,2026-09-10T08:28:36.708325+00:00,false,microservices,product,2e69c401ba2a768022eabe35dfabf5ae08593abd564bb1b4611cb16272491131,tcc-microservices-experiment-product-1,0.02,80289464,1073741824,7.48,3,416kB / 282kB,7.45MB / 81.9kB
87,2026-09-10T08:28:38.078785+00:00,175,2026-09-10T08:28:37.708906+00:00,false,microservices,auth,20efabd9278390fe95d1dfd88b671296f1bac9f66ac7877d2f3637299cd03410,tcc-microservices-experiment-auth-1,0.02,82145444,1073741824,7.65,3,45.5kB / 40.3kB,14.5MB / 65.5kB
87,2026-09-10T08:28:38.078785+00:00,175,2026-09-10T08:28:37.708906+00:00,false,microservices,gateway,d4be3dd53c8c16361be310672a99248641b4edf83d9f9b47c4f095f7c61247f2,tcc-microservices-experiment-gateway-1,26.85,497863885,536870912,92.73,77,79.7MB / 88.3MB,33.2MB / 270kB
87,2026-09-10T08:28:38.078785+00:00,175,2026-09-10T08:28:37.708906+00:00,false,microservices,mysql,9cd68107b98468e66d34ab214797c544f369fb96bf7cc3284c9561075eca9f60,tcc-microservices-experiment-mysql-1,28.9,540960358,1073741824,50.38,40,28.3MB / 89.5MB,52.8MB / 118MB
87,2026-09-10T08:28:38.078785+00:00,175,2026-09-10T08:28:37.708906+00:00,false,microservices,order,99afba3c058fed5a38f72f03cebaf849d7bbb1028755506d1b057f851178eaca,tcc-microservices-experiment-order-1,81.33,83445678,1073741824,7.77,3,107MB / 97.4MB,8.15MB / 1.31MB
87,2026-09-10T08:28:38.078785+00:00,175,2026-09-10T08:28:37.708906+00:00,false,microservices,product,2e69c401ba2a768022eabe35dfabf5ae08593abd564bb1b4611cb16272491131,tcc-microservices-experiment-product-1,0.02,80289464,1073741824,7.48,3,416kB / 282kB,7.45MB / 81.9kB
88,2026-09-10T08:28:39.078810+00:00,177,2026-09-10T08:28:38.708273+00:00,false,microservices,auth,20efabd9278390fe95d1dfd88b671296f1bac9f66ac7877d2f3637299cd03410,tcc-microservices-experiment-auth-1,0.02,82145444,1073741824,7.65,3,45.5kB / 40.3kB,14.5MB / 65.5kB
88,2026-09-10T08:28:39.078810+00:00,177,2026-09-10T08:28:38.708273+00:00,false,microservices,gateway,d4be3dd53c8c16361be310672a99248641b4edf83d9f9b47c4f095f7c61247f2,tcc-microservices-experiment-gateway-1,27.23,497339597,536870912,92.64,77,80.5MB / 89.1MB,33.2MB / 270kB
88,2026-09-10T08:28:39.078810+00:00,177,2026-09-10T08:28:38.708273+00:00,false,microservices,mysql,9cd68107b98468e66d34ab214797c544f369fb96bf7cc3284c9561075eca9f60,tcc-microservices-experiment-mysql-1,24.6,540016640,1073741824,50.3,40,28.5MB / 90.3MB,52.8MB / 118MB
88,2026-09-10T08:28:39.078810+00:00,177,2026-09-10T08:28:38.708273+00:00,false,microservices,order,99afba3c058fed5a38f72f03cebaf849d7bbb1028755506d1b057f851178eaca,tcc-microservices-experiment-order-1,81.58,83288392,1073741824,7.76,3,108MB / 98.3MB,8.15MB / 1.31MB
88,2026-09-10T08:28:39.078810+00:00,177,2026-09-10T08:28:38.708273+00:00,false,microservices,product,2e69c401ba2a768022eabe35dfabf5ae08593abd564bb1b4611cb16272491131,tcc-microservices-experiment-product-1,0.02,80289464,1073741824,7.48,3,416kB / 282kB,7.45MB / 81.9kB
89,2026-09-10T08:28:40.078782+00:00,179,2026-09-10T08:28:39.708600+00:00,false,microservices,auth,20efabd9278390fe95d1dfd88b671296f1bac9f66ac7877d2f3637299cd03410,tcc-microservices-experiment-auth-1,0.02,82145444,1073741824,7.65,3,45.5kB / 40.3kB,14.5MB / 65.5kB
89,2026-09-10T08:28:40.078782+00:00,179,2026-09-10T08:28:39.708600+00:00,false,microservices,gateway,d4be3dd53c8c16361be310672a99248641b4edf83d9f9b47c4f095f7c61247f2,tcc-microservices-experiment-gateway-1,26.79,497863885,536870912,92.73,77,81.2MB / 89.9MB,33.2MB / 270kB
89,2026-09-10T08:28:40.078782+00:00,179,2026-09-10T08:28:39.708600+00:00,false,microservices,mysql,9cd68107b98468e66d34ab214797c544f369fb96bf7cc3284c9561075eca9f60,tcc-microservices-experiment-mysql-1,28.5,540436070,1073741824,50.34,40,28.7MB / 91MB,52.8MB / 118MB
89,2026-09-10T08:28:40.078782+00:00,179,2026-09-10T08:28:39.708600+00:00,false,microservices,order,99afba3c058fed5a38f72f03cebaf849d7bbb1028755506d1b057f851178eaca,tcc-microservices-experiment-order-1,82.52,83812680,1073741824,7.81,3,109MB / 99.1MB,8.15MB / 1.31MB
89,2026-09-10T08:28:40.078782+00:00,179,2026-09-10T08:28:39.708600+00:00,false,microservices,product,2e69c401ba2a768022eabe35dfabf5ae08593abd564bb1b4611cb16272491131,tcc-microservices-experiment-product-1,0.02,80289464,1073741824,7.48,3,416kB / 282kB,7.45MB / 81.9kB
90,2026-09-10T08:28:41.078773+00:00,181,2026-09-10T08:28:40.708407+00:00,false,microservices,auth,20efabd9278390fe95d1dfd88b671296f1bac9f66ac7877d2f3637299cd03410,tcc-microservices-experiment-auth-1,0.02,82145444,1073741824,7.65,3,45.5kB / 40.3kB,14.5MB / 65.5kB
90,2026-09-10T08:28:41.078773+00:00,181,2026-09-10T08:28:40.708407+00:00,false,microservices,gateway,d4be3dd53c8c16361be310672a99248641b4edf83d9f9b47c4f095f7c61247f2,tcc-microservices-experiment-gateway-1,27.04,497654170,536870912,92.69,77,81.9MB / 90.7MB,33.2MB / 270kB
90,2026-09-10T08:28:41.078773+00:00,181,2026-09-10T08:28:40.708407+00:00,false,microservices,mysql,9cd68107b98468e66d34ab214797c544f369fb96bf7cc3284c9561075eca9f60,tcc-microservices-experiment-mysql-1,24.95,540645786,1073741824,50.35,40,28.9MB / 91.8MB,52.8MB / 118MB
90,2026-09-10T08:28:41.078773+00:00,181,2026-09-10T08:28:40.708407+00:00,false,microservices,order,99afba3c058fed5a38f72f03cebaf849d7bbb1028755506d1b057f851178eaca,tcc-microservices-experiment-order-1,80.6,83676365,1073741824,7.79,3,110MB / 100MB,8.15MB / 1.31MB
90,2026-09-10T08:28:41.078773+00:00,181,2026-09-10T08:28:40.708407+00:00,false,microservices,product,2e69c401ba2a768022eabe35dfabf5ae08593abd564bb1b4611cb16272491131,tcc-microservices-experiment-product-1,0.02,80289464,1073741824,7.48,3,416kB / 282kB,7.45MB / 81.9kB
91,2026-09-10T08:28:42.078778+00:00,183,2026-09-10T08:28:41.708488+00:00,false,microservices,auth,20efabd9278390fe95d1dfd88b671296f1bac9f66ac7877d2f3637299cd03410,tcc-microservices-experiment-auth-1,0.02,82145444,1073741824,7.65,3,45.5kB / 40.3kB,14.5MB / 65.5kB
91,2026-09-10T08:28:42.078778+00:00,183,2026-09-10T08:28:41.708488+00:00,false,microservices,gateway,d4be3dd53c8c16361be310672a99248641b4edf83d9f9b47c4f095f7c61247f2,tcc-microservices-experiment-gateway-1,27.13,497234739,536870912,92.62,77,82.6MB / 91.5MB,33.2MB / 270kB
91,2026-09-10T08:28:42.078778+00:00,183,2026-09-10T08:28:41.708488+00:00,false,microservices,mysql,9cd68107b98468e66d34ab214797c544f369fb96bf7cc3284c9561075eca9f60,tcc-microservices-experiment-mysql-1,29.2,540540928,1073741824,50.34,40,29.1MB / 92.6MB,52.8MB / 118MB
91,2026-09-10T08:28:42.078778+00:00,183,2026-09-10T08:28:41.708488+00:00,false,microservices,order,99afba3c058fed5a38f72f03cebaf849d7bbb1028755506d1b057f851178eaca,tcc-microservices-experiment-order-1,80.96,83372278,1073741824,7.76,3,111MB / 101MB,8.15MB / 1.31MB
91,2026-09-10T08:28:42.078778+00:00,183,2026-09-10T08:28:41.708488+00:00,false,microservices,product,2e69c401ba2a768022eabe35dfabf5ae08593abd564bb1b4611cb16272491131,tcc-microservices-experiment-product-1,0.02,80289464,1073741824,7.48,3,416kB / 282kB,7.45MB / 81.9kB
92,2026-09-10T08:28:43.078776+00:00,185,2026-09-10T08:28:42.708356+00:00,false,microservices,auth,20efabd9278390fe95d1dfd88b671296f1bac9f66ac7877d2f3637299cd03410,tcc-microservices-experiment-auth-1,0.02,82145444,1073741824,7.65,3,45.5kB / 40.3kB,14.5MB / 65.5kB
92,2026-09-10T08:28:43.078776+00:00,185,2026-09-10T08:28:42.708356+00:00,false,microservices,gateway,d4be3dd53c8c16361be310672a99248641b4edf83d9f9b47c4f095f7c61247f2,tcc-microservices-experiment-gateway-1,28.98,497444454,536870912,92.66,77,83.3MB / 92.3MB,33.2MB / 270kB
92,2026-09-10T08:28:43.078776+00:00,185,2026-09-10T08:28:42.708356+00:00,false,microservices,mysql,9cd68107b98468e66d34ab214797c544f369fb96bf7cc3284c9561075eca9f60,tcc-microservices-experiment-mysql-1,25.16,539911782,1073741824,50.29,40,29.3MB / 93.3MB,52.8MB / 118MB
92,2026-09-10T08:28:43.078776+00:00,185,2026-09-10T08:28:42.708356+00:00,false,microservices,order,99afba3c058fed5a38f72f03cebaf849d7bbb1028755506d1b057f851178eaca,tcc-microservices-experiment-order-1,81.05,84095795,1073741824,7.83,3,112MB / 102MB,8.15MB / 1.31MB
92,2026-09-10T08:28:43.078776+00:00,185,2026-09-10T08:28:42.708356+00:00,false,microservices,product,2e69c401ba2a768022eabe35dfabf5ae08593abd564bb1b4611cb16272491131,tcc-microservices-experiment-product-1,0.02,80289464,1073741824,7.48,3,416kB / 282kB,7.45MB / 81.9kB
93,2026-09-10T08:28:44.078787+00:00,187,2026-09-10T08:28:43.708416+00:00,false,microservices,auth,20efabd9278390fe95d1dfd88b671296f1bac9f66ac7877d2f3637299cd03410,tcc-microservices-experiment-auth-1,0.01,82145444,1073741824,7.65,3,45.5kB / 40.3kB,14.5MB / 65.5kB
93,2026-09-10T08:28:44.078787+00:00,187,2026-09-10T08:28:43.708416+00:00,false,microservices,gateway,d4be3dd53c8c16361be310672a99248641b4edf83d9f9b47c4f095f7c61247f2,tcc-microservices-experiment-gateway-1,27.75,497759027,536870912,92.72,77,84MB / 93.1MB,33.2MB / 270kB
93,2026-09-10T08:28:44.078787+00:00,187,2026-09-10T08:28:43.708416+00:00,false,microservices,mysql,9cd68107b98468e66d34ab214797c544f369fb96bf7cc3284c9561075eca9f60,tcc-microservices-experiment-mysql-1,28.97,540331213,1073741824,50.32,40,29.5MB / 94.1MB,52.8MB / 118MB
93,2026-09-10T08:28:44.078787+00:00,187,2026-09-10T08:28:43.708416+00:00,false,microservices,order,99afba3c058fed5a38f72f03cebaf849d7bbb1028755506d1b057f851178eaca,tcc-microservices-experiment-order-1,81.58,83854623,1073741824,7.81,3,113MB / 103MB,8.15MB / 1.5MB
93,2026-09-10T08:28:44.078787+00:00,187,2026-09-10T08:28:43.708416+00:00,false,microservices,product,2e69c401ba2a768022eabe35dfabf5ae08593abd564bb1b4611cb16272491131,tcc-microservices-experiment-product-1,0.02,80289464,1073741824,7.48,3,416kB / 282kB,7.45MB / 81.9kB
94,2026-09-10T08:28:45.078798+00:00,189,2026-09-10T08:28:44.707255+00:00,false,microservices,auth,20efabd9278390fe95d1dfd88b671296f1bac9f66ac7877d2f3637299cd03410,tcc-microservices-experiment-auth-1,0.02,82145444,1073741824,7.65,3,45.5kB / 40.3kB,14.5MB / 65.5kB
94,2026-09-10T08:28:45.078798+00:00,189,2026-09-10T08:28:44.707255+00:00,false,microservices,gateway,d4be3dd53c8c16361be310672a99248641b4edf83d9f9b47c4f095f7c61247f2,tcc-microservices-experiment-gateway-1,27.46,497968742,536870912,92.76,77,84.8MB / 93.9MB,33.2MB / 270kB
94,2026-09-10T08:28:45.078798+00:00,189,2026-09-10T08:28:44.707255+00:00,false,microservices,mysql,9cd68107b98468e66d34ab214797c544f369fb96bf7cc3284c9561075eca9f60,tcc-microservices-experiment-mysql-1,24.93,540226355,1073741824,50.31,40,29.8MB / 94.8MB,52.8MB / 118MB
94,2026-09-10T08:28:45.078798+00:00,189,2026-09-10T08:28:44.707255+00:00,false,microservices,order,99afba3c058fed5a38f72f03cebaf849d7bbb1028755506d1b057f851178eaca,tcc-microservices-experiment-order-1,81.45,83498107,1073741824,7.78,3,114MB / 103MB,8.15MB / 1.5MB
94,2026-09-10T08:28:45.078798+00:00,189,2026-09-10T08:28:44.707255+00:00,false,microservices,product,2e69c401ba2a768022eabe35dfabf5ae08593abd564bb1b4611cb16272491131,tcc-microservices-experiment-product-1,0.02,80289464,1073741824,7.48,3,416kB / 282kB,7.45MB / 81.9kB
95,2026-09-10T08:28:46.078806+00:00,191,2026-09-10T08:28:45.708454+00:00,false,microservices,auth,20efabd9278390fe95d1dfd88b671296f1bac9f66ac7877d2f3637299cd03410,tcc-microservices-experiment-auth-1,0.02,82145444,1073741824,7.65,3,45.5kB / 40.3kB,14.5MB / 65.5kB
95,2026-09-10T08:28:46.078806+00:00,191,2026-09-10T08:28:45.708454+00:00,false,microservices,gateway,d4be3dd53c8c16361be310672a99248641b4edf83d9f9b47c4f095f7c61247f2,tcc-microservices-experiment-gateway-1,26.14,497549312,536870912,92.68,77,85.5MB / 94.7MB,33.2MB / 270kB
95,2026-09-10T08:28:46.078806+00:00,191,2026-09-10T08:28:45.708454+00:00,false,microservices,mysql,9cd68107b98468e66d34ab214797c544f369fb96bf7cc3284c9561075eca9f60,tcc-microservices-experiment-mysql-1,29.46,540750643,1073741824,50.36,40,30MB / 95.6MB,52.8MB / 118MB
95,2026-09-10T08:28:46.078806+00:00,191,2026-09-10T08:28:45.708454+00:00,false,microservices,order,99afba3c058fed5a38f72f03cebaf849d7bbb1028755506d1b057f851178eaca,tcc-microservices-experiment-order-1,80.73,84179681,1073741824,7.84,3,114MB / 104MB,8.15MB / 1.5MB
95,2026-09-10T08:28:46.078806+00:00,191,2026-09-10T08:28:45.708454+00:00,false,microservices,product,2e69c401ba2a768022eabe35dfabf5ae08593abd564bb1b4611cb16272491131,tcc-microservices-experiment-product-1,0.02,80289464,1073741824,7.48,3,416kB / 282kB,7.45MB / 81.9kB
96,2026-09-10T08:28:47.078794+00:00,193,2026-09-10T08:28:46.707343+00:00,false,microservices,auth,20efabd9278390fe95d1dfd88b671296f1bac9f66ac7877d2f3637299cd03410,tcc-microservices-experiment-auth-1,0.02,82145444,1073741824,7.65,3,45.5kB / 40.3kB,14.5MB / 65.5kB
96,2026-09-10T08:28:47.078794+00:00,193,2026-09-10T08:28:46.707343+00:00,false,microservices,gateway,d4be3dd53c8c16361be310672a99248641b4edf83d9f9b47c4f095f7c61247f2,tcc-microservices-experiment-gateway-1,26.56,498283315,536870912,92.81,77,86.2MB / 95.5MB,33.2MB / 270kB
96,2026-09-10T08:28:47.078794+00:00,193,2026-09-10T08:28:46.707343+00:00,false,microservices,mysql,9cd68107b98468e66d34ab214797c544f369fb96bf7cc3284c9561075eca9f60,tcc-microservices-experiment-mysql-1,25.25,540016640,1073741824,50.29,40,30.2MB / 96.3MB,52.8MB / 118MB
96,2026-09-10T08:28:47.078794+00:00,193,2026-09-10T08:28:46.707343+00:00,false,microservices,order,99afba3c058fed5a38f72f03cebaf849d7bbb1028755506d1b057f851178eaca,tcc-microservices-experiment-order-1,81.5,83602964,1073741824,7.79,3,115MB / 105MB,8.15MB / 1.5MB
96,2026-09-10T08:28:47.078794+00:00,193,2026-09-10T08:28:46.707343+00:00,false,microservices,product,2e69c401ba2a768022eabe35dfabf5ae08593abd564bb1b4611cb16272491131,tcc-microservices-experiment-product-1,0.02,80289464,1073741824,7.48,3,416kB / 282kB,7.45MB / 81.9kB
97,2026-09-10T08:28:48.078807+00:00,195,2026-09-10T08:28:47.708251+00:00,false,microservices,auth,20efabd9278390fe95d1dfd88b671296f1bac9f66ac7877d2f3637299cd03410,tcc-microservices-experiment-auth-1,0.02,82145444,1073741824,7.65,3,45.5kB / 40.3kB,14.5MB / 65.5kB
97,2026-09-10T08:28:48.078807+00:00,195,2026-09-10T08:28:47.708251+00:00,false,microservices,gateway,d4be3dd53c8c16361be310672a99248641b4edf83d9f9b47c4f095f7c61247f2,tcc-microservices-experiment-gateway-1,26.9,497234739,536870912,92.61,77,86.9MB / 96.3MB,33.2MB / 283kB
97,2026-09-10T08:28:48.078807+00:00,195,2026-09-10T08:28:47.708251+00:00,false,microservices,mysql,9cd68107b98468e66d34ab214797c544f369fb96bf7cc3284c9561075eca9f60,tcc-microservices-experiment-mysql-1,28.5,540645786,1073741824,50.35,40,30.4MB / 97.1MB,52.8MB / 118MB
97,2026-09-10T08:28:48.078807+00:00,195,2026-09-10T08:28:47.708251+00:00,false,microservices,order,99afba3c058fed5a38f72f03cebaf849d7bbb1028755506d1b057f851178eaca,tcc-microservices-experiment-order-1,81.86,83235963,1073741824,7.75,3,116MB / 106MB,8.15MB / 1.5MB
97,2026-09-10T08:28:48.078807+00:00,195,2026-09-10T08:28:47.708251+00:00,false,microservices,product,2e69c401ba2a768022eabe35dfabf5ae08593abd564bb1b4611cb16272491131,tcc-microservices-experiment-product-1,0.02,80289464,1073741824,7.48,3,416kB / 282kB,7.45MB / 81.9kB
98,2026-09-10T08:28:49.078808+00:00,197,2026-09-10T08:28:48.707287+00:00,false,microservices,auth,20efabd9278390fe95d1dfd88b671296f1bac9f66ac7877d2f3637299cd03410,tcc-microservices-experiment-auth-1,0.02,82145444,1073741824,7.65,3,45.5kB / 40.3kB,14.5MB / 65.5kB
98,2026-09-10T08:28:49.078808+00:00,197,2026-09-10T08:28:48.707287+00:00,false,microservices,gateway,d4be3dd53c8c16361be310672a99248641b4edf83d9f9b47c4f095f7c61247f2,tcc-microservices-experiment-gateway-1,26.94,497549312,536870912,92.67,77,87.7MB / 97.1MB,33.2MB / 283kB
98,2026-09-10T08:28:49.078808+00:00,197,2026-09-10T08:28:48.707287+00:00,false,microservices,mysql,9cd68107b98468e66d34ab214797c544f369fb96bf7cc3284c9561075eca9f60,tcc-microservices-experiment-mysql-1,25.13,540436070,1073741824,50.33,40,30.6MB / 97.9MB,52.8MB / 118MB
98,2026-09-10T08:28:49.078808+00:00,197,2026-09-10T08:28:48.707287+00:00,false,microservices,order,99afba3c058fed5a38f72f03cebaf849d7bbb1028755506d1b057f851178eaca,tcc-microservices-experiment-order-1,81.62,83676365,1073741824,7.79,3,117MB / 107MB,8.15MB / 1.5MB
98,2026-09-10T08:28:49.078808+00:00,197,2026-09-10T08:28:48.707287+00:00,false,microservices,product,2e69c401ba2a768022eabe35dfabf5ae08593abd564bb1b4611cb16272491131,tcc-microservices-experiment-product-1,0.02,80289464,1073741824,7.48,3,416kB / 282kB,7.45MB / 81.9kB
99,2026-09-10T08:28:50.078781+00:00,199,2026-09-10T08:28:49.708486+00:00,false,microservices,auth,20efabd9278390fe95d1dfd88b671296f1bac9f66ac7877d2f3637299cd03410,tcc-microservices-experiment-auth-1,0.02,82145444,1073741824,7.65,3,45.5kB / 40.3kB,14.5MB / 65.5kB
99,2026-09-10T08:28:50.078781+00:00,199,2026-09-10T08:28:49.708486+00:00,false,microservices,gateway,d4be3dd53c8c16361be310672a99248641b4edf83d9f9b47c4f095f7c61247f2,tcc-microservices-experiment-gateway-1,27.29,497654170,536870912,92.69,77,88.4MB / 97.9MB,33.2MB / 283kB
99,2026-09-10T08:28:50.078781+00:00,199,2026-09-10T08:28:49.708486+00:00,false,microservices,mysql,9cd68107b98468e66d34ab214797c544f369fb96bf7cc3284c9561075eca9f60,tcc-microservices-experiment-mysql-1,28.26,540331213,1073741824,50.33,40,30.8MB / 98.6MB,52.8MB / 118MB
99,2026-09-10T08:28:50.078781+00:00,199,2026-09-10T08:28:49.708486+00:00,false,microservices,order,99afba3c058fed5a38f72f03cebaf849d7bbb1028755506d1b057f851178eaca,tcc-microservices-experiment-order-1,81.68,84410368,1073741824,7.86,3,118MB / 108MB,8.15MB / 1.5MB
99,2026-09-10T08:28:50.078781+00:00,199,2026-09-10T08:28:49.708486+00:00,false,microservices,product,2e69c401ba2a768022eabe35dfabf5ae08593abd564bb1b4611cb16272491131,tcc-microservices-experiment-product-1,0.02,80289464,1073741824,7.48,3,416kB / 282kB,7.45MB / 81.9kB
100,2026-09-10T08:28:51.078796+00:00,201,2026-09-10T08:28:50.707300+00:00,false,microservices,auth,20efabd9278390fe95d1dfd88b671296f1bac9f66ac7877d2f3637299cd03410,tcc-microservices-experiment-auth-1,0.02,82145444,1073741824,7.65,3,45.5kB / 40.3kB,14.5MB / 65.5kB
100,2026-09-10T08:28:51.078796+00:00,201,2026-09-10T08:28:50.707300+00:00,false,microservices,gateway,d4be3dd53c8c16361be310672a99248641b4edf83d9f9b47c4f095f7c61247f2,tcc-microservices-experiment-gateway-1,28.73,497654170,536870912,92.69,77,89.1MB / 98.7MB,33.2MB / 283kB
100,2026-09-10T08:28:51.078796+00:00,201,2026-09-10T08:28:50.707300+00:00,false,microservices,mysql,9cd68107b98468e66d34ab214797c544f369fb96bf7cc3284c9561075eca9f60,tcc-microservices-experiment-mysql-1,25.98,539806925,1073741824,50.27,40,31.1MB / 99.4MB,52.8MB / 118MB
100,2026-09-10T08:28:51.078796+00:00,201,2026-09-10T08:28:50.707300+00:00,false,microservices,order,99afba3c058fed5a38f72f03cebaf849d7bbb1028755506d1b057f851178eaca,tcc-microservices-experiment-order-1,80.16,83770737,1073741824,7.8,3,119MB / 108MB,8.15MB / 1.5MB
100,2026-09-10T08:28:51.078796+00:00,201,2026-09-10T08:28:50.707300+00:00,false,microservices,product,2e69c401ba2a768022eabe35dfabf5ae08593abd564bb1b4611cb16272491131,tcc-microservices-experiment-product-1,0.02,80289464,1073741824,7.48,3,416kB / 282kB,7.45MB / 81.9kB
101,2026-09-10T08:28:52.078781+00:00,203,2026-09-10T08:28:51.709004+00:00,false,microservices,auth,20efabd9278390fe95d1dfd88b671296f1bac9f66ac7877d2f3637299cd03410,tcc-microservices-experiment-auth-1,0.02,82145444,1073741824,7.65,3,45.5kB / 40.3kB,14.5MB / 65.5kB
101,2026-09-10T08:28:52.078781+00:00,203,2026-09-10T08:28:51.709004+00:00,false,microservices,gateway,d4be3dd53c8c16361be310672a99248641b4edf83d9f9b47c4f095f7c61247f2,tcc-microservices-experiment-gateway-1,32.31,497654170,536870912,92.7,77,89.8MB / 99.5MB,33.2MB / 283kB
101,2026-09-10T08:28:52.078781+00:00,203,2026-09-10T08:28:51.709004+00:00,false,microservices,mysql,9cd68107b98468e66d34ab214797c544f369fb96bf7cc3284c9561075eca9f60,tcc-microservices-experiment-mysql-1,29.8,540016640,1073741824,50.3,40,31.3MB / 100MB,52.8MB / 118MB
101,2026-09-10T08:28:52.078781+00:00,203,2026-09-10T08:28:51.709004+00:00,false,microservices,order,99afba3c058fed5a38f72f03cebaf849d7bbb1028755506d1b057f851178eaca,tcc-microservices-experiment-order-1,80.9,83340820,1073741824,7.76,3,120MB / 109MB,8.15MB / 1.5MB
101,2026-09-10T08:28:52.078781+00:00,203,2026-09-10T08:28:51.709004+00:00,false,microservices,product,2e69c401ba2a768022eabe35dfabf5ae08593abd564bb1b4611cb16272491131,tcc-microservices-experiment-product-1,0.02,80289464,1073741824,7.48,3,416kB / 282kB,7.45MB / 81.9kB
102,2026-09-10T08:28:53.078782+00:00,205,2026-09-10T08:28:52.707578+00:00,false,microservices,auth,20efabd9278390fe95d1dfd88b671296f1bac9f66ac7877d2f3637299cd03410,tcc-microservices-experiment-auth-1,0.02,82145444,1073741824,7.65,3,45.5kB / 40.3kB,14.5MB / 65.5kB
102,2026-09-10T08:28:53.078782+00:00,205,2026-09-10T08:28:52.707578+00:00,false,microservices,gateway,d4be3dd53c8c16361be310672a99248641b4edf83d9f9b47c4f095f7c61247f2,tcc-microservices-experiment-gateway-1,29.48,497654170,536870912,92.7,77,90.5MB / 100MB,33.2MB / 283kB
102,2026-09-10T08:28:53.078782+00:00,205,2026-09-10T08:28:52.707578+00:00,false,microservices,mysql,9cd68107b98468e66d34ab214797c544f369fb96bf7cc3284c9561075eca9f60,tcc-microservices-experiment-mysql-1,26.13,539702067,1073741824,50.26,40,31.5MB / 101MB,52.8MB / 118MB
102,2026-09-10T08:28:53.078782+00:00,205,2026-09-10T08:28:52.707578+00:00,false,microservices,order,99afba3c058fed5a38f72f03cebaf849d7bbb1028755506d1b057f851178eaca,tcc-microservices-experiment-order-1,79.93,83739279,1073741824,7.8,3,121MB / 110MB,8.15MB / 1.5MB
102,2026-09-10T08:28:53.078782+00:00,205,2026-09-10T08:28:52.707578+00:00,false,microservices,product,2e69c401ba2a768022eabe35dfabf5ae08593abd564bb1b4611cb16272491131,tcc-microservices-experiment-product-1,0.02,80289464,1073741824,7.48,3,416kB / 282kB,7.45MB / 81.9kB
103,2026-09-10T08:28:54.078795+00:00,207,2026-09-10T08:28:53.708644+00:00,false,microservices,auth,20efabd9278390fe95d1dfd88b671296f1bac9f66ac7877d2f3637299cd03410,tcc-microservices-experiment-auth-1,0.02,82145444,1073741824,7.65,3,45.5kB / 40.3kB,14.5MB / 65.5kB
103,2026-09-10T08:28:54.078795+00:00,207,2026-09-10T08:28:53.708644+00:00,false,microservices,gateway,d4be3dd53c8c16361be310672a99248641b4edf83d9f9b47c4f095f7c61247f2,tcc-microservices-experiment-gateway-1,26.56,497549312,536870912,92.67,77,91.3MB / 101MB,33.2MB / 283kB
103,2026-09-10T08:28:54.078795+00:00,207,2026-09-10T08:28:53.708644+00:00,false,microservices,mysql,9cd68107b98468e66d34ab214797c544f369fb96bf7cc3284c9561075eca9f60,tcc-microservices-experiment-mysql-1,30.19,540436070,1073741824,50.33,40,31.7MB / 102MB,52.8MB / 118MB
103,2026-09-10T08:28:54.078795+00:00,207,2026-09-10T08:28:53.708644+00:00,false,microservices,order,99afba3c058fed5a38f72f03cebaf849d7bbb1028755506d1b057f851178eaca,tcc-microservices-experiment-order-1,79.97,84473283,1073741824,7.87,3,122MB / 111MB,8.15MB / 1.5MB
103,2026-09-10T08:28:54.078795+00:00,207,2026-09-10T08:28:53.708644+00:00,false,microservices,product,2e69c401ba2a768022eabe35dfabf5ae08593abd564bb1b4611cb16272491131,tcc-microservices-experiment-product-1,0.02,80289464,1073741824,7.48,3,416kB / 282kB,7.45MB / 81.9kB
104,2026-09-10T08:28:55.078782+00:00,209,2026-09-10T08:28:54.707502+00:00,false,microservices,auth,20efabd9278390fe95d1dfd88b671296f1bac9f66ac7877d2f3637299cd03410,tcc-microservices-experiment-auth-1,0.02,82145444,1073741824,7.65,3,45.5kB / 40.3kB,14.5MB / 65.5kB
104,2026-09-10T08:28:55.078782+00:00,209,2026-09-10T08:28:54.707502+00:00,false,microservices,gateway,d4be3dd53c8c16361be310672a99248641b4edf83d9f9b47c4f095f7c61247f2,tcc-microservices-experiment-gateway-1,29.23,498073600,536870912,92.77,77,92MB / 102MB,33.2MB / 283kB
104,2026-09-10T08:28:55.078782+00:00,209,2026-09-10T08:28:54.707502+00:00,false,microservices,mysql,9cd68107b98468e66d34ab214797c544f369fb96bf7cc3284c9561075eca9f60,tcc-microservices-experiment-mysql-1,25.75,539911782,1073741824,50.28,40,31.9MB / 102MB,52.8MB / 118MB
104,2026-09-10T08:28:55.078782+00:00,209,2026-09-10T08:28:54.707502+00:00,false,microservices,order,99afba3c058fed5a38f72f03cebaf849d7bbb1028755506d1b057f851178eaca,tcc-microservices-experiment-order-1,80.43,84253082,1073741824,7.85,3,123MB / 112MB,8.15MB / 1.5MB
104,2026-09-10T08:28:55.078782+00:00,209,2026-09-10T08:28:54.707502+00:00,false,microservices,product,2e69c401ba2a768022eabe35dfabf5ae08593abd564bb1b4611cb16272491131,tcc-microservices-experiment-product-1,0.02,80289464,1073741824,7.48,3,416kB / 282kB,7.45MB / 81.9kB
105,2026-09-10T08:28:56.078800+00:00,211,2026-09-10T08:28:55.708425+00:00,false,microservices,auth,20efabd9278390fe95d1dfd88b671296f1bac9f66ac7877d2f3637299cd03410,tcc-microservices-experiment-auth-1,0.02,82145444,1073741824,7.65,3,45.5kB / 40.3kB,14.5MB / 65.5kB
105,2026-09-10T08:28:56.078800+00:00,211,2026-09-10T08:28:55.708425+00:00,false,microservices,gateway,d4be3dd53c8c16361be310672a99248641b4edf83d9f9b47c4f095f7c61247f2,tcc-microservices-experiment-gateway-1,26.9,497339597,536870912,92.65,77,92.7MB / 103MB,33.2MB / 283kB
105,2026-09-10T08:28:56.078800+00:00,211,2026-09-10T08:28:55.708425+00:00,false,microservices,mysql,9cd68107b98468e66d34ab214797c544f369fb96bf7cc3284c9561075eca9f60,tcc-microservices-experiment-mysql-1,29.57,541379789,1073741824,50.42,40,32.1MB / 103MB,52.8MB / 118MB
105,2026-09-10T08:28:56.078800+00:00,211,2026-09-10T08:28:55.708425+00:00,false,microservices,order,99afba3c058fed5a38f72f03cebaf849d7bbb1028755506d1b057f851178eaca,tcc-microservices-experiment-order-1,80.91,83739279,1073741824,7.8,3,124MB / 113MB,8.15MB / 1.5MB
105,2026-09-10T08:28:56.078800+00:00,211,2026-09-10T08:28:55.708425+00:00,false,microservices,product,2e69c401ba2a768022eabe35dfabf5ae08593abd564bb1b4611cb16272491131,tcc-microservices-experiment-product-1,0.02,80289464,1073741824,7.48,3,416kB / 282kB,7.45MB / 81.9kB
106,2026-09-10T08:28:57.078802+00:00,213,2026-09-10T08:28:56.707487+00:00,false,microservices,auth,20efabd9278390fe95d1dfd88b671296f1bac9f66ac7877d2f3637299cd03410,tcc-microservices-experiment-auth-1,0.02,79177974,1073741824,7.37,3,45.5kB / 40.3kB,14.5MB / 65.5kB
106,2026-09-10T08:28:57.078802+00:00,213,2026-09-10T08:28:56.707487+00:00,false,microservices,gateway,d4be3dd53c8c16361be310672a99248641b4edf83d9f9b47c4f095f7c61247f2,tcc-microservices-experiment-gateway-1,27.19,486748979,536870912,90.67,77,93.4MB / 103MB,33.2MB / 283kB
106,2026-09-10T08:28:57.078802+00:00,213,2026-09-10T08:28:56.707487+00:00,false,microservices,mysql,9cd68107b98468e66d34ab214797c544f369fb96bf7cc3284c9561075eca9f60,tcc-microservices-experiment-mysql-1,25.54,533305754,1073741824,49.67,40,32.3MB / 104MB,52.8MB / 118MB
106,2026-09-10T08:28:57.078802+00:00,213,2026-09-10T08:28:56.707487+00:00,false,microservices,order,99afba3c058fed5a38f72f03cebaf849d7bbb1028755506d1b057f851178eaca,tcc-microservices-experiment-order-1,81.39,83256934,1073741824,7.75,3,125MB / 113MB,8.15MB / 1.5MB
106,2026-09-10T08:28:57.078802+00:00,213,2026-09-10T08:28:56.707487+00:00,false,microservices,product,2e69c401ba2a768022eabe35dfabf5ae08593abd564bb1b4611cb16272491131,tcc-microservices-experiment-product-1,0.02,78590771,1073741824,7.32,3,416kB / 282kB,7.45MB / 81.9kB
107,2026-09-10T08:28:58.078827+00:00,215,2026-09-10T08:28:57.708296+00:00,false,microservices,auth,20efabd9278390fe95d1dfd88b671296f1bac9f66ac7877d2f3637299cd03410,tcc-microservices-experiment-auth-1,0.02,79177974,1073741824,7.37,3,45.5kB / 40.3kB,14.5MB / 65.5kB
107,2026-09-10T08:28:58.078827+00:00,215,2026-09-10T08:28:57.708296+00:00,false,microservices,gateway,d4be3dd53c8c16361be310672a99248641b4edf83d9f9b47c4f095f7c61247f2,tcc-microservices-experiment-gateway-1,26.77,486539264,536870912,90.63,77,94.1MB / 104MB,33.2MB / 283kB
107,2026-09-10T08:28:58.078827+00:00,215,2026-09-10T08:28:57.708296+00:00,false,microservices,mysql,9cd68107b98468e66d34ab214797c544f369fb96bf7cc3284c9561075eca9f60,tcc-microservices-experiment-mysql-1,30.32,535507763,1073741824,49.87,40,32.6MB / 105MB,54.8MB / 118MB
107,2026-09-10T08:28:58.078827+00:00,215,2026-09-10T08:28:57.708296+00:00,false,microservices,order,99afba3c058fed5a38f72f03cebaf849d7bbb1028755506d1b057f851178eaca,tcc-microservices-experiment-order-1,80.72,82701189,1073741824,7.7,3,125MB / 114MB,8.15MB / 1.5MB
107,2026-09-10T08:28:58.078827+00:00,215,2026-09-10T08:28:57.708296+00:00,false,microservices,product,2e69c401ba2a768022eabe35dfabf5ae08593abd564bb1b4611cb16272491131,tcc-microservices-experiment-product-1,0.02,78590771,1073741824,7.32,3,416kB / 282kB,7.45MB / 81.9kB
108,2026-09-10T08:28:59.078782+00:00,217,2026-09-10T08:28:58.707467+00:00,false,microservices,auth,20efabd9278390fe95d1dfd88b671296f1bac9f66ac7877d2f3637299cd03410,tcc-microservices-experiment-auth-1,0.02,79177974,1073741824,7.37,3,45.5kB / 40.3kB,14.5MB / 65.5kB
108,2026-09-10T08:28:59.078782+00:00,217,2026-09-10T08:28:58.707467+00:00,false,microservices,gateway,d4be3dd53c8c16361be310672a99248641b4edf83d9f9b47c4f095f7c61247f2,tcc-microservices-experiment-gateway-1,28.89,487063552,536870912,90.73,77,94.8MB / 105MB,33.2MB / 283kB
108,2026-09-10T08:28:59.078782+00:00,217,2026-09-10T08:28:58.707467+00:00,false,microservices,mysql,9cd68107b98468e66d34ab214797c544f369fb96bf7cc3284c9561075eca9f60,tcc-microservices-experiment-mysql-1,25.73,535507763,1073741824,49.87,40,32.8MB / 105MB,54.8MB / 118MB
108,2026-09-10T08:28:59.078782+00:00,217,2026-09-10T08:28:58.707467+00:00,false,microservices,order,99afba3c058fed5a38f72f03cebaf849d7bbb1028755506d1b057f851178eaca,tcc-microservices-experiment-order-1,80.68,83214991,1073741824,7.75,3,126MB / 115MB,8.15MB / 1.5MB
108,2026-09-10T08:28:59.078782+00:00,217,2026-09-10T08:28:58.707467+00:00,false,microservices,product,2e69c401ba2a768022eabe35dfabf5ae08593abd564bb1b4611cb16272491131,tcc-microservices-experiment-product-1,0.02,78590771,1073741824,7.32,3,416kB / 282kB,7.45MB / 81.9kB
109,2026-09-10T08:29:00.078793+00:00,219,2026-09-10T08:28:59.708345+00:00,false,microservices,auth,20efabd9278390fe95d1dfd88b671296f1bac9f66ac7877d2f3637299cd03410,tcc-microservices-experiment-auth-1,0.02,79177974,1073741824,7.37,3,45.5kB / 40.3kB,14.5MB / 65.5kB
109,2026-09-10T08:29:00.078793+00:00,219,2026-09-10T08:28:59.708345+00:00,false,microservices,gateway,d4be3dd53c8c16361be310672a99248641b4edf83d9f9b47c4f095f7c61247f2,tcc-microservices-experiment-gateway-1,26.66,487168410,536870912,90.73,77,95.6MB / 106MB,33.2MB / 283kB
109,2026-09-10T08:29:00.078793+00:00,219,2026-09-10T08:28:59.708345+00:00,false,microservices,mysql,9cd68107b98468e66d34ab214797c544f369fb96bf7cc3284c9561075eca9f60,tcc-microservices-experiment-mysql-1,28.73,535193190,1073741824,49.84,40,33MB / 106MB,54.8MB / 118MB
109,2026-09-10T08:29:00.078793+00:00,219,2026-09-10T08:28:59.708345+00:00,false,microservices,order,99afba3c058fed5a38f72f03cebaf849d7bbb1028755506d1b057f851178eaca,tcc-microservices-experiment-order-1,83.6,83057705,1073741824,7.74,3,127MB / 116MB,8.15MB / 1.7MB
109,2026-09-10T08:29:00.078793+00:00,219,2026-09-10T08:28:59.708345+00:00,false,microservices,product,2e69c401ba2a768022eabe35dfabf5ae08593abd564bb1b4611cb16272491131,tcc-microservices-experiment-product-1,0.02,78590771,1073741824,7.32,3,416kB / 282kB,7.45MB / 81.9kB
110,2026-09-10T08:29:01.078794+00:00,221,2026-09-10T08:29:00.709146+00:00,false,microservices,auth,20efabd9278390fe95d1dfd88b671296f1bac9f66ac7877d2f3637299cd03410,tcc-microservices-experiment-auth-1,0.02,79177974,1073741824,7.37,3,45.5kB / 40.3kB,14.5MB / 65.5kB
110,2026-09-10T08:29:01.078794+00:00,221,2026-09-10T08:29:00.709146+00:00,false,microservices,gateway,d4be3dd53c8c16361be310672a99248641b4edf83d9f9b47c4f095f7c61247f2,tcc-microservices-experiment-gateway-1,26.81,486748979,536870912,90.66,77,96.3MB / 107MB,33.2MB / 283kB
110,2026-09-10T08:29:01.078794+00:00,221,2026-09-10T08:29:00.709146+00:00,false,microservices,mysql,9cd68107b98468e66d34ab214797c544f369fb96bf7cc3284c9561075eca9f60,tcc-microservices-experiment-mysql-1,24.2,534459187,1073741824,49.77,40,33.2MB / 107MB,54.8MB / 118MB
110,2026-09-10T08:29:01.078794+00:00,221,2026-09-10T08:29:00.709146+00:00,false,microservices,order,99afba3c058fed5a38f72f03cebaf849d7bbb1028755506d1b057f851178eaca,tcc-microservices-experiment-order-1,82.59,82197873,1073741824,7.66,3,128MB / 117MB,8.15MB / 1.7MB
110,2026-09-10T08:29:01.078794+00:00,221,2026-09-10T08:29:00.709146+00:00,false,microservices,product,2e69c401ba2a768022eabe35dfabf5ae08593abd564bb1b4611cb16272491131,tcc-microservices-experiment-product-1,0.02,78590771,1073741824,7.32,3,416kB / 282kB,7.45MB / 81.9kB
111,2026-09-10T08:29:02.078804+00:00,223,2026-09-10T08:29:01.709086+00:00,false,microservices,auth,20efabd9278390fe95d1dfd88b671296f1bac9f66ac7877d2f3637299cd03410,tcc-microservices-experiment-auth-1,0.02,79177974,1073741824,7.37,3,45.5kB / 40.3kB,14.5MB / 65.5kB
111,2026-09-10T08:29:02.078804+00:00,223,2026-09-10T08:29:01.709086+00:00,false,microservices,gateway,d4be3dd53c8c16361be310672a99248641b4edf83d9f9b47c4f095f7c61247f2,tcc-microservices-experiment-gateway-1,27.97,486644122,536870912,90.64,69,97MB / 107MB,33.2MB / 283kB
111,2026-09-10T08:29:02.078804+00:00,223,2026-09-10T08:29:01.709086+00:00,false,microservices,mysql,9cd68107b98468e66d34ab214797c544f369fb96bf7cc3284c9561075eca9f60,tcc-microservices-experiment-mysql-1,28.78,535507763,1073741824,49.87,40,33.4MB / 108MB,54.8MB / 118MB
111,2026-09-10T08:29:02.078804+00:00,223,2026-09-10T08:29:01.709086+00:00,false,microservices,order,99afba3c058fed5a38f72f03cebaf849d7bbb1028755506d1b057f851178eaca,tcc-microservices-experiment-order-1,81.5,83267420,1073741824,7.75,3,129MB / 118MB,8.15MB / 1.7MB
111,2026-09-10T08:29:02.078804+00:00,223,2026-09-10T08:29:01.709086+00:00,false,microservices,product,2e69c401ba2a768022eabe35dfabf5ae08593abd564bb1b4611cb16272491131,tcc-microservices-experiment-product-1,0.02,78590771,1073741824,7.32,3,416kB / 282kB,7.45MB / 81.9kB
112,2026-09-10T08:29:03.078804+00:00,225,2026-09-10T08:29:02.708956+00:00,false,microservices,auth,20efabd9278390fe95d1dfd88b671296f1bac9f66ac7877d2f3637299cd03410,tcc-microservices-experiment-auth-1,0.02,79177974,1073741824,7.37,3,45.5kB / 40.3kB,14.5MB / 65.5kB
112,2026-09-10T08:29:03.078804+00:00,225,2026-09-10T08:29:02.708956+00:00,false,microservices,gateway,d4be3dd53c8c16361be310672a99248641b4edf83d9f9b47c4f095f7c61247f2,tcc-microservices-experiment-gateway-1,26.56,486329549,536870912,90.59,69,97.7MB / 108MB,33.2MB / 295kB
112,2026-09-10T08:29:03.078804+00:00,225,2026-09-10T08:29:02.708956+00:00,false,microservices,mysql,9cd68107b98468e66d34ab214797c544f369fb96bf7cc3284c9561075eca9f60,tcc-microservices-experiment-mysql-1,25.83,534564045,1073741824,49.79,40,33.6MB / 108MB,54.8MB / 118MB
112,2026-09-10T08:29:03.078804+00:00,225,2026-09-10T08:29:02.708956+00:00,false,microservices,order,99afba3c058fed5a38f72f03cebaf849d7bbb1028755506d1b057f851178eaca,tcc-microservices-experiment-order-1,80.15,82722161,1073741824,7.7,3,130MB / 119MB,8.15MB / 1.7MB
112,2026-09-10T08:29:03.078804+00:00,225,2026-09-10T08:29:02.708956+00:00,false,microservices,product,2e69c401ba2a768022eabe35dfabf5ae08593abd564bb1b4611cb16272491131,tcc-microservices-experiment-product-1,0.01,78590771,1073741824,7.32,3,416kB / 282kB,7.45MB / 81.9kB
113,2026-09-10T08:29:04.078818+00:00,227,2026-09-10T08:29:03.707060+00:00,false,microservices,auth,20efabd9278390fe95d1dfd88b671296f1bac9f66ac7877d2f3637299cd03410,tcc-microservices-experiment-auth-1,0.02,79177974,1073741824,7.37,3,45.5kB / 40.3kB,14.5MB / 65.5kB
113,2026-09-10T08:29:04.078818+00:00,227,2026-09-10T08:29:03.707060+00:00,false,microservices,gateway,d4be3dd53c8c16361be310672a99248641b4edf83d9f9b47c4f095f7c61247f2,tcc-microservices-experiment-gateway-1,27.44,485910118,536870912,90.51,69,98.4MB / 109MB,33.2MB / 295kB
113,2026-09-10T08:29:04.078818+00:00,227,2026-09-10T08:29:03.707060+00:00,false,microservices,mysql,9cd68107b98468e66d34ab214797c544f369fb96bf7cc3284c9561075eca9f60,tcc-microservices-experiment-mysql-1,28.59,535612621,1073741824,49.88,40,33.8MB / 109MB,54.8MB / 118MB
113,2026-09-10T08:29:04.078818+00:00,227,2026-09-10T08:29:03.707060+00:00,false,microservices,order,99afba3c058fed5a38f72f03cebaf849d7bbb1028755506d1b057f851178eaca,tcc-microservices-experiment-order-1,81.5,82522931,1073741824,7.69,3,131MB / 119MB,8.15MB / 1.7MB
113,2026-09-10T08:29:04.078818+00:00,227,2026-09-10T08:29:03.707060+00:00,false,microservices,product,2e69c401ba2a768022eabe35dfabf5ae08593abd564bb1b4611cb16272491131,tcc-microservices-experiment-product-1,0.02,78590771,1073741824,7.32,3,416kB / 282kB,7.45MB / 81.9kB
114,2026-09-10T08:29:05.078793+00:00,229,2026-09-10T08:29:04.708664+00:00,false,microservices,auth,20efabd9278390fe95d1dfd88b671296f1bac9f66ac7877d2f3637299cd03410,tcc-microservices-experiment-auth-1,0.02,79177974,1073741824,7.37,3,45.5kB / 40.3kB,14.5MB / 65.5kB
114,2026-09-10T08:29:05.078793+00:00,229,2026-09-10T08:29:04.708664+00:00,false,microservices,gateway,d4be3dd53c8c16361be310672a99248641b4edf83d9f9b47c4f095f7c61247f2,tcc-microservices-experiment-gateway-1,27.33,485805261,536870912,90.5,69,99.2MB / 110MB,33.2MB / 295kB
114,2026-09-10T08:29:05.078793+00:00,229,2026-09-10T08:29:04.708664+00:00,false,microservices,mysql,9cd68107b98468e66d34ab214797c544f369fb96bf7cc3284c9561075eca9f60,tcc-microservices-experiment-mysql-1,24.17,534983475,1073741824,49.82,40,34.1MB / 110MB,54.8MB / 118MB
114,2026-09-10T08:29:05.078793+00:00,229,2026-09-10T08:29:04.708664+00:00,false,microservices,order,99afba3c058fed5a38f72f03cebaf849d7bbb1028755506d1b057f851178eaca,tcc-microservices-experiment-order-1,81.79,82449531,1073741824,7.68,3,132MB / 120MB,8.15MB / 1.7MB
114,2026-09-10T08:29:05.078793+00:00,229,2026-09-10T08:29:04.708664+00:00,false,microservices,product,2e69c401ba2a768022eabe35dfabf5ae08593abd564bb1b4611cb16272491131,tcc-microservices-experiment-product-1,0.02,78590771,1073741824,7.32,3,416kB / 282kB,7.45MB / 81.9kB
115,2026-09-10T08:29:06.078794+00:00,231,2026-09-10T08:29:05.708392+00:00,false,microservices,auth,20efabd9278390fe95d1dfd88b671296f1bac9f66ac7877d2f3637299cd03410,tcc-microservices-experiment-auth-1,0.02,79177974,1073741824,7.37,3,45.5kB / 40.3kB,14.5MB / 65.5kB
115,2026-09-10T08:29:06.078794+00:00,231,2026-09-10T08:29:05.708392+00:00,false,microservices,gateway,d4be3dd53c8c16361be310672a99248641b4edf83d9f9b47c4f095f7c61247f2,tcc-microservices-experiment-gateway-1,29.36,485910118,536870912,90.5,69,99.9MB / 111MB,33.2MB / 295kB
115,2026-09-10T08:29:06.078794+00:00,231,2026-09-10T08:29:05.708392+00:00,false,microservices,mysql,9cd68107b98468e66d34ab214797c544f369fb96bf7cc3284c9561075eca9f60,tcc-microservices-experiment-mysql-1,29.01,534249472,1073741824,49.75,40,34.3MB / 111MB,54.8MB / 118MB
115,2026-09-10T08:29:06.078794+00:00,231,2026-09-10T08:29:05.708392+00:00,false,microservices,order,99afba3c058fed5a38f72f03cebaf849d7bbb1028755506d1b057f851178eaca,tcc-microservices-experiment-order-1,81.67,82816532,1073741824,7.71,3,133MB / 121MB,8.15MB / 1.7MB
115,2026-09-10T08:29:06.078794+00:00,231,2026-09-10T08:29:05.708392+00:00,false,microservices,product,2e69c401ba2a768022eabe35dfabf5ae08593abd564bb1b4611cb16272491131,tcc-microservices-experiment-product-1,0.02,78590771,1073741824,7.32,3,416kB / 282kB,7.45MB / 81.9kB
116,2026-09-10T08:29:07.078780+00:00,233,2026-09-10T08:29:06.708239+00:00,false,microservices,auth,20efabd9278390fe95d1dfd88b671296f1bac9f66ac7877d2f3637299cd03410,tcc-microservices-experiment-auth-1,0.02,79177974,1073741824,7.37,3,45.5kB / 40.3kB,14.5MB / 65.5kB
116,2026-09-10T08:29:07.078780+00:00,233,2026-09-10T08:29:06.708239+00:00,false,microservices,gateway,d4be3dd53c8c16361be310672a99248641b4edf83d9f9b47c4f095f7c61247f2,tcc-microservices-experiment-gateway-1,27.06,486853837,536870912,90.69,69,101MB / 111MB,33.2MB / 295kB
116,2026-09-10T08:29:07.078780+00:00,233,2026-09-10T08:29:06.708239+00:00,false,microservices,mysql,9cd68107b98468e66d34ab214797c544f369fb96bf7cc3284c9561075eca9f60,tcc-microservices-experiment-mysql-1,24.47,534354330,1073741824,49.76,40,34.5MB / 112MB,54.8MB / 118MB
116,2026-09-10T08:29:07.078780+00:00,233,2026-09-10T08:29:06.708239+00:00,false,microservices,order,99afba3c058fed5a38f72f03cebaf849d7bbb1028755506d1b057f851178eaca,tcc-microservices-experiment-order-1,81.92,82858476,1073741824,7.72,3,134MB / 122MB,8.15MB / 1.7MB
116,2026-09-10T08:29:07.078780+00:00,233,2026-09-10T08:29:06.708239+00:00,false,microservices,product,2e69c401ba2a768022eabe35dfabf5ae08593abd564bb1b4611cb16272491131,tcc-microservices-experiment-product-1,0.02,78590771,1073741824,7.32,3,416kB / 282kB,7.45MB / 81.9kB
117,2026-09-10T08:29:08.078778+00:00,235,2026-09-10T08:29:07.708403+00:00,false,microservices,auth,20efabd9278390fe95d1dfd88b671296f1bac9f66ac7877d2f3637299cd03410,tcc-microservices-experiment-auth-1,0.02,79177974,1073741824,7.37,3,45.5kB / 40.3kB,14.5MB / 65.5kB
117,2026-09-10T08:29:08.078778+00:00,235,2026-09-10T08:29:07.708403+00:00,false,microservices,gateway,d4be3dd53c8c16361be310672a99248641b4edf83d9f9b47c4f095f7c61247f2,tcc-microservices-experiment-gateway-1,26.47,486434406,536870912,90.6,69,101MB / 112MB,33.2MB / 295kB
117,2026-09-10T08:29:08.078778+00:00,235,2026-09-10T08:29:07.708403+00:00,false,microservices,mysql,9cd68107b98468e66d34ab214797c544f369fb96bf7cc3284c9561075eca9f60,tcc-microservices-experiment-mysql-1,30.26,534983475,1073741824,49.83,40,34.7MB / 112MB,54.8MB / 118MB
117,2026-09-10T08:29:08.078778+00:00,235,2026-09-10T08:29:07.708403+00:00,false,microservices,order,99afba3c058fed5a38f72f03cebaf849d7bbb1028755506d1b057f851178eaca,tcc-microservices-experiment-order-1,80.59,82910904,1073741824,7.72,3,135MB / 123MB,8.15MB / 1.7MB
117,2026-09-10T08:29:08.078778+00:00,235,2026-09-10T08:29:07.708403+00:00,false,microservices,product,2e69c401ba2a768022eabe35dfabf5ae08593abd564bb1b4611cb16272491131,tcc-microservices-experiment-product-1,0.01,78590771,1073741824,7.32,3,416kB / 282kB,7.45MB / 81.9kB
118,2026-09-10T08:29:09.078793+00:00,237,2026-09-10T08:29:08.708194+00:00,false,microservices,auth,20efabd9278390fe95d1dfd88b671296f1bac9f66ac7877d2f3637299cd03410,tcc-microservices-experiment-auth-1,0.02,79177974,1073741824,7.37,3,45.5kB / 40.3kB,14.5MB / 65.5kB
118,2026-09-10T08:29:09.078793+00:00,237,2026-09-10T08:29:08.708194+00:00,false,microservices,gateway,d4be3dd53c8c16361be310672a99248641b4edf83d9f9b47c4f095f7c61247f2,tcc-microservices-experiment-gateway-1,26.2,486224691,536870912,90.56,69,102MB / 113MB,33.2MB / 295kB
118,2026-09-10T08:29:09.078793+00:00,237,2026-09-10T08:29:08.708194+00:00,false,microservices,mysql,9cd68107b98468e66d34ab214797c544f369fb96bf7cc3284c9561075eca9f60,tcc-microservices-experiment-mysql-1,25.2,534878618,1073741824,49.81,40,34.9MB / 113MB,54.8MB / 118MB
118,2026-09-10T08:29:09.078793+00:00,237,2026-09-10T08:29:08.708194+00:00,false,microservices,order,99afba3c058fed5a38f72f03cebaf849d7bbb1028755506d1b057f851178eaca,tcc-microservices-experiment-order-1,80.87,82879447,1073741824,7.72,3,136MB / 124MB,8.15MB / 1.7MB
118,2026-09-10T08:29:09.078793+00:00,237,2026-09-10T08:29:08.708194+00:00,false,microservices,product,2e69c401ba2a768022eabe35dfabf5ae08593abd564bb1b4611cb16272491131,tcc-microservices-experiment-product-1,0.02,78590771,1073741824,7.32,3,416kB / 282kB,7.45MB / 81.9kB
119,2026-09-10T08:29:10.078764+00:00,239,2026-09-10T08:29:09.708724+00:00,false,microservices,auth,20efabd9278390fe95d1dfd88b671296f1bac9f66ac7877d2f3637299cd03410,tcc-microservices-experiment-auth-1,0.02,79177974,1073741824,7.37,3,45.5kB / 40.3kB,14.5MB / 65.5kB
119,2026-09-10T08:29:10.078764+00:00,239,2026-09-10T08:29:09.708724+00:00,false,microservices,gateway,d4be3dd53c8c16361be310672a99248641b4edf83d9f9b47c4f095f7c61247f2,tcc-microservices-experiment-gateway-1,26.37,486434406,536870912,90.61,69,103MB / 114MB,33.2MB / 295kB
119,2026-09-10T08:29:10.078764+00:00,239,2026-09-10T08:29:09.708724+00:00,false,microservices,mysql,9cd68107b98468e66d34ab214797c544f369fb96bf7cc3284c9561075eca9f60,tcc-microservices-experiment-mysql-1,28.73,534668902,1073741824,49.79,40,35.2MB / 114MB,54.8MB / 118MB
119,2026-09-10T08:29:10.078764+00:00,239,2026-09-10T08:29:09.708724+00:00,false,microservices,order,99afba3c058fed5a38f72f03cebaf849d7bbb1028755506d1b057f851178eaca,tcc-microservices-experiment-order-1,81.7,83047219,1073741824,7.73,3,137MB / 125MB,8.15MB / 1.7MB
119,2026-09-10T08:29:10.078764+00:00,239,2026-09-10T08:29:09.708724+00:00,false,microservices,product,2e69c401ba2a768022eabe35dfabf5ae08593abd564bb1b4611cb16272491131,tcc-microservices-experiment-product-1,0.02,78590771,1073741824,7.32,3,416kB / 282kB,7.45MB / 81.9kB
120,2026-09-10T08:29:11.078799+00:00,241,2026-09-10T08:29:10.708311+00:00,false,microservices,auth,20efabd9278390fe95d1dfd88b671296f1bac9f66ac7877d2f3637299cd03410,tcc-microservices-experiment-auth-1,0.02,79177974,1073741824,7.37,3,45.5kB / 40.3kB,14.5MB / 65.5kB
120,2026-09-10T08:29:11.078799+00:00,241,2026-09-10T08:29:10.708311+00:00,false,microservices,gateway,d4be3dd53c8c16361be310672a99248641b4edf83d9f9b47c4f095f7c61247f2,tcc-microservices-experiment-gateway-1,26.56,485700403,536870912,90.47,69,104MB / 115MB,33.2MB / 295kB
120,2026-09-10T08:29:11.078799+00:00,241,2026-09-10T08:29:10.708311+00:00,false,microservices,mysql,9cd68107b98468e66d34ab214797c544f369fb96bf7cc3284c9561075eca9f60,tcc-microservices-experiment-mysql-1,24.93,534773760,1073741824,49.81,40,35.4MB / 115MB,54.8MB / 118MB
120,2026-09-10T08:29:11.078799+00:00,241,2026-09-10T08:29:10.708311+00:00,false,microservices,order,99afba3c058fed5a38f72f03cebaf849d7bbb1028755506d1b057f851178eaca,tcc-microservices-experiment-order-1,80.28,82638275,1073741824,7.7,3,138MB / 125MB,8.15MB / 1.7MB
120,2026-09-10T08:29:11.078799+00:00,241,2026-09-10T08:29:10.708311+00:00,false,microservices,product,2e69c401ba2a768022eabe35dfabf5ae08593abd564bb1b4611cb16272491131,tcc-microservices-experiment-product-1,0.02,78590771,1073741824,7.32,3,416kB / 282kB,7.45MB / 81.9kB
