sample_index,captured_at_utc,docker_refresh_sequence,docker_refresh_captured_at_utc,docker_refresh_reused,architecture,service,container_id,container_name,cpu_percent,memory_used_bytes,memory_limit_bytes,memory_percent,pids,network_io,block_io
1,2026-09-10T04:01:10.321750+00:00,3,2026-09-10T04:01:09.959018+00:00,false,microservices,auth,745938cd7236c90413cb600f9d27d87f558693c1727c93033b4e6ccb5bacc8fc,tcc-microservices-experiment-auth-1,0.03,69562532,1073741824,6.48,3,45.3kB / 40.3kB,15.2MB / 9.94MB
1,2026-09-10T04:01:10.321750+00:00,3,2026-09-10T04:01:09.959018+00:00,false,microservices,gateway,d17c369c2d82749b29faf8f33739ce1e400e8e1d232ebc5f5b51303a7350d7bc,tcc-microservices-experiment-gateway-1,0.16,449943962,536870912,83.8,76,20.2MB / 22.6MB,41.2MB / 21.3MB
1,2026-09-10T04:01:10.321750+00:00,3,2026-09-10T04:01:09.959018+00:00,false,microservices,mysql,50a6fabb16ba045e2ffa11e1c7ef22f08585ef0eb46f0ac69f11887576d4784f,tcc-microservices-experiment-mysql-1,4.93,482554675,1073741824,44.94,40,10.9MB / 23.2MB,68.6MB / 154MB
1,2026-09-10T04:01:10.321750+00:00,3,2026-09-10T04:01:09.959018+00:00,false,microservices,order,8e5b25d4fa69ae2926951a9870a4c3d3ab1b87d6dbcb95ac041c80b889a456ff,tcc-microservices-experiment-order-1,0.03,65064141,1073741824,6.06,3,5.31MB / 4.14MB,11MB / 9.18MB
1,2026-09-10T04:01:10.321750+00:00,3,2026-09-10T04:01:09.959018+00:00,false,microservices,product,f06b287eaf314fa63bbd638cbad43bfc62631adf14385dfd4ca6781993d22ec8,tcc-microservices-experiment-product-1,0.02,69593989,1073741824,6.48,3,22.8MB / 24.2MB,12.8MB / 9.28MB
2,2026-09-10T04:01:11.321765+00:00,5,2026-09-10T04:01:10.958619+00:00,false,microservices,auth,745938cd7236c90413cb600f9d27d87f558693c1727c93033b4e6ccb5bacc8fc,tcc-microservices-experiment-auth-1,0.02,69562532,1073741824,6.48,3,45.3kB / 40.3kB,15.2MB / 9.94MB
2,2026-09-10T04:01:11.321765+00:00,5,2026-09-10T04:01:10.958619+00:00,false,microservices,gateway,d17c369c2d82749b29faf8f33739ce1e400e8e1d232ebc5f5b51303a7350d7bc,tcc-microservices-experiment-gateway-1,0.13,449734246,536870912,83.77,76,20.2MB / 22.6MB,41.2MB / 21.3MB
2,2026-09-10T04:01:11.321765+00:00,5,2026-09-10T04:01:10.958619+00:00,false,microservices,mysql,50a6fabb16ba045e2ffa11e1c7ef22f08585ef0eb46f0ac69f11887576d4784f,tcc-microservices-experiment-mysql-1,0.63,482344960,1073741824,44.92,40,10.9MB / 23.2MB,68.6MB / 154MB
2,2026-09-10T04:01:11.321765+00:00,5,2026-09-10T04:01:10.958619+00:00,false,microservices,order,8e5b25d4fa69ae2926951a9870a4c3d3ab1b87d6dbcb95ac041c80b889a456ff,tcc-microservices-experiment-order-1,0.02,65064141,1073741824,6.06,3,5.31MB / 4.14MB,11MB / 9.18MB
2,2026-09-10T04:01:11.321765+00:00,5,2026-09-10T04:01:10.958619+00:00,false,microservices,product,f06b287eaf314fa63bbd638cbad43bfc62631adf14385dfd4ca6781993d22ec8,tcc-microservices-experiment-product-1,0.02,69583503,1073741824,6.48,3,22.8MB / 24.2MB,12.8MB / 9.28MB
3,2026-09-10T04:01:12.321749+00:00,7,2026-09-10T04:01:11.958511+00:00,false,microservices,auth,745938cd7236c90413cb600f9d27d87f558693c1727c93033b4e6ccb5bacc8fc,tcc-microservices-experiment-auth-1,0.02,69562532,1073741824,6.48,3,45.3kB / 40.3kB,15.2MB / 9.94MB
3,2026-09-10T04:01:12.321749+00:00,7,2026-09-10T04:01:11.958511+00:00,false,microservices,gateway,d17c369c2d82749b29faf8f33739ce1e400e8e1d232ebc5f5b51303a7350d7bc,tcc-microservices-experiment-gateway-1,17.33,451516826,536870912,84.09,76,20.3MB / 22.7MB,41.5MB / 21.3MB
3,2026-09-10T04:01:12.321749+00:00,7,2026-09-10T04:01:11.958511+00:00,false,microservices,mysql,50a6fabb16ba045e2ffa11e1c7ef22f08585ef0eb46f0ac69f11887576d4784f,tcc-microservices-experiment-mysql-1,7.56,482135245,1073741824,44.91,40,10.9MB / 23.2MB,68.6MB / 154MB
3,2026-09-10T04:01:12.321749+00:00,7,2026-09-10T04:01:11.958511+00:00,false,microservices,order,8e5b25d4fa69ae2926951a9870a4c3d3ab1b87d6dbcb95ac041c80b889a456ff,tcc-microservices-experiment-order-1,0.02,65064141,1073741824,6.06,3,5.31MB / 4.14MB,11MB / 9.18MB
3,2026-09-10T04:01:12.321749+00:00,7,2026-09-10T04:01:11.958511+00:00,false,microservices,product,f06b287eaf314fa63bbd638cbad43bfc62631adf14385dfd4ca6781993d22ec8,tcc-microservices-experiment-product-1,10.47,70275564,1073741824,6.54,3,22.9MB / 24.3MB,12.8MB / 9.28MB
4,2026-09-10T04:01:13.321750+00:00,9,2026-09-10T04:01:12.958375+00:00,false,microservices,auth,745938cd7236c90413cb600f9d27d87f558693c1727c93033b4e6ccb5bacc8fc,tcc-microservices-experiment-auth-1,0.02,69562532,1073741824,6.48,3,45.3kB / 40.3kB,15.2MB / 9.94MB
4,2026-09-10T04:01:13.321750+00:00,9,2026-09-10T04:01:12.958375+00:00,false,microservices,gateway,d17c369c2d82749b29faf8f33739ce1e400e8e1d232ebc5f5b51303a7350d7bc,tcc-microservices-experiment-gateway-1,33.34,453613978,536870912,84.5,76,20.4MB / 22.8MB,42MB / 21.3MB
4,2026-09-10T04:01:13.321750+00:00,9,2026-09-10T04:01:12.958375+00:00,false,microservices,mysql,50a6fabb16ba045e2ffa11e1c7ef22f08585ef0eb46f0ac69f11887576d4784f,tcc-microservices-experiment-mysql-1,5.19,482135245,1073741824,44.91,40,11MB / 23.3MB,68.6MB / 154MB
4,2026-09-10T04:01:13.321750+00:00,9,2026-09-10T04:01:12.958375+00:00,false,microservices,order,8e5b25d4fa69ae2926951a9870a4c3d3ab1b87d6dbcb95ac041c80b889a456ff,tcc-microservices-experiment-order-1,0.03,65064141,1073741824,6.06,3,5.31MB / 4.14MB,11MB / 9.18MB
4,2026-09-10T04:01:13.321750+00:00,9,2026-09-10T04:01:12.958375+00:00,false,microservices,product,f06b287eaf314fa63bbd638cbad43bfc62631adf14385dfd4ca6781993d22ec8,tcc-microservices-experiment-product-1,18.53,70527222,1073741824,6.57,3,23MB / 24.4MB,12.8MB / 9.28MB
5,2026-09-10T04:01:14.321745+00:00,11,2026-09-10T04:01:13.958343+00:00,false,microservices,auth,745938cd7236c90413cb600f9d27d87f558693c1727c93033b4e6ccb5bacc8fc,tcc-microservices-experiment-auth-1,0.02,69562532,1073741824,6.48,3,45.3kB / 40.3kB,15.2MB / 9.94MB
5,2026-09-10T04:01:14.321745+00:00,11,2026-09-10T04:01:13.958343+00:00,false,microservices,gateway,d17c369c2d82749b29faf8f33739ce1e400e8e1d232ebc5f5b51303a7350d7bc,tcc-microservices-experiment-gateway-1,68.12,452670259,536870912,84.32,76,21.1MB / 23.6MB,42MB / 21.3MB
5,2026-09-10T04:01:14.321745+00:00,11,2026-09-10T04:01:13.958343+00:00,false,microservices,mysql,50a6fabb16ba045e2ffa11e1c7ef22f08585ef0eb46f0ac69f11887576d4784f,tcc-microservices-experiment-mysql-1,26.9,482449818,1073741824,44.93,40,11.2MB / 24MB,68.6MB / 154MB
5,2026-09-10T04:01:14.321745+00:00,11,2026-09-10T04:01:13.958343+00:00,false,microservices,order,8e5b25d4fa69ae2926951a9870a4c3d3ab1b87d6dbcb95ac041c80b889a456ff,tcc-microservices-experiment-order-1,0.01,65064141,1073741824,6.06,3,5.31MB / 4.14MB,11MB / 9.18MB
5,2026-09-10T04:01:14.321745+00:00,11,2026-09-10T04:01:13.958343+00:00,false,microservices,product,f06b287eaf314fa63bbd638cbad43bfc62631adf14385dfd4ca6781993d22ec8,tcc-microservices-experiment-product-1,84.48,71187825,1073741824,6.63,3,23.8MB / 25.2MB,12.8MB / 9.28MB
6,2026-09-10T04:01:15.321729+00:00,13,2026-09-10T04:01:14.957268+00:00,false,microservices,auth,745938cd7236c90413cb600f9d27d87f558693c1727c93033b4e6ccb5bacc8fc,tcc-microservices-experiment-auth-1,0.02,69562532,1073741824,6.48,3,45.3kB / 40.3kB,15.2MB / 9.94MB
6,2026-09-10T04:01:15.321729+00:00,13,2026-09-10T04:01:14.957268+00:00,false,microservices,gateway,d17c369c2d82749b29faf8f33739ce1e400e8e1d232ebc5f5b51303a7350d7bc,tcc-microservices-experiment-gateway-1,120.31,453928550,536870912,84.55,76,21.8MB / 24.4MB,42.2MB / 21.3MB
6,2026-09-10T04:01:15.321729+00:00,13,2026-09-10T04:01:14.957268+00:00,false,microservices,mysql,50a6fabb16ba045e2ffa11e1c7ef22f08585ef0eb46f0ac69f11887576d4784f,tcc-microservices-experiment-mysql-1,23.49,482764390,1073741824,44.96,40,11.4MB / 24.5MB,68.6MB / 154MB
6,2026-09-10T04:01:15.321729+00:00,13,2026-09-10T04:01:14.957268+00:00,false,microservices,order,8e5b25d4fa69ae2926951a9870a4c3d3ab1b87d6dbcb95ac041c80b889a456ff,tcc-microservices-experiment-order-1,0.02,65064141,1073741824,6.06,3,5.31MB / 4.14MB,11MB / 9.18MB
6,2026-09-10T04:01:15.321729+00:00,13,2026-09-10T04:01:14.957268+00:00,false,microservices,product,f06b287eaf314fa63bbd638cbad43bfc62631adf14385dfd4ca6781993d22ec8,tcc-microservices-experiment-product-1,83.71,70988595,1073741824,6.61,3,24.6MB / 26.1MB,12.8MB / 9.28MB
7,2026-09-10T04:01:16.321751+00:00,15,2026-09-10T04:01:15.958327+00:00,false,microservices,auth,745938cd7236c90413cb600f9d27d87f558693c1727c93033b4e6ccb5bacc8fc,tcc-microservices-experiment-auth-1,0.02,69562532,1073741824,6.48,3,45.3kB / 40.3kB,15.2MB / 9.94MB
7,2026-09-10T04:01:16.321751+00:00,15,2026-09-10T04:01:15.958327+00:00,false,microservices,gateway,d17c369c2d82749b29faf8f33739ce1e400e8e1d232ebc5f5b51303a7350d7bc,tcc-microservices-experiment-gateway-1,102.4,453928550,536870912,84.55,76,22.5MB / 25.2MB,42.2MB / 21.3MB
7,2026-09-10T04:01:16.321751+00:00,15,2026-09-10T04:01:15.958327+00:00,false,microservices,mysql,50a6fabb16ba045e2ffa11e1c7ef22f08585ef0eb46f0ac69f11887576d4784f,tcc-microservices-experiment-mysql-1,27.65,482030387,1073741824,44.89,40,11.7MB / 25.2MB,68.6MB / 154MB
7,2026-09-10T04:01:16.321751+00:00,15,2026-09-10T04:01:15.958327+00:00,false,microservices,order,8e5b25d4fa69ae2926951a9870a4c3d3ab1b87d6dbcb95ac041c80b889a456ff,tcc-microservices-experiment-order-1,0.02,65064141,1073741824,6.06,3,5.31MB / 4.14MB,11MB / 9.18MB
7,2026-09-10T04:01:16.321751+00:00,15,2026-09-10T04:01:15.958327+00:00,false,microservices,product,f06b287eaf314fa63bbd638cbad43bfc62631adf14385dfd4ca6781993d22ec8,tcc-microservices-experiment-product-1,84.01,70757908,1073741824,6.59,3,25.3MB / 26.9MB,12.8MB / 9.28MB
8,2026-09-10T04:01:17.321753+00:00,17,2026-09-10T04:01:16.958434+00:00,false,microservices,auth,745938cd7236c90413cb600f9d27d87f558693c1727c93033b4e6ccb5bacc8fc,tcc-microservices-experiment-auth-1,0.02,69562532,1073741824,6.48,3,45.3kB / 40.3kB,15.2MB / 9.94MB
8,2026-09-10T04:01:17.321753+00:00,17,2026-09-10T04:01:16.958434+00:00,false,microservices,gateway,d17c369c2d82749b29faf8f33739ce1e400e8e1d232ebc5f5b51303a7350d7bc,tcc-microservices-experiment-gateway-1,49.46,454138266,536870912,84.6,76,23.3MB / 26MB,42.2MB / 21.3MB
8,2026-09-10T04:01:17.321753+00:00,17,2026-09-10T04:01:16.958434+00:00,false,microservices,mysql,50a6fabb16ba045e2ffa11e1c7ef22f08585ef0eb46f0ac69f11887576d4784f,tcc-microservices-experiment-mysql-1,22.86,482344960,1073741824,44.93,40,11.9MB / 25.8MB,68.6MB / 154MB
8,2026-09-10T04:01:17.321753+00:00,17,2026-09-10T04:01:16.958434+00:00,false,microservices,order,8e5b25d4fa69ae2926951a9870a4c3d3ab1b87d6dbcb95ac041c80b889a456ff,tcc-microservices-experiment-order-1,0.02,65064141,1073741824,6.06,3,5.31MB / 4.14MB,11MB / 9.18MB
8,2026-09-10T04:01:17.321753+00:00,17,2026-09-10T04:01:16.958434+00:00,false,microservices,product,f06b287eaf314fa63bbd638cbad43bfc62631adf14385dfd4ca6781993d22ec8,tcc-microservices-experiment-product-1,83.6,70694994,1073741824,6.58,3,26.2MB / 27.8MB,12.8MB / 9.28MB
9,2026-09-10T04:01:18.321735+00:00,19,2026-09-10T04:01:17.957465+00:00,false,microservices,auth,745938cd7236c90413cb600f9d27d87f558693c1727c93033b4e6ccb5bacc8fc,tcc-microservices-experiment-auth-1,0.02,69562532,1073741824,6.48,3,45.3kB / 40.3kB,15.2MB / 9.94MB
9,2026-09-10T04:01:18.321735+00:00,19,2026-09-10T04:01:17.957465+00:00,false,microservices,gateway,d17c369c2d82749b29faf8f33739ce1e400e8e1d232ebc5f5b51303a7350d7bc,tcc-microservices-experiment-gateway-1,41.86,454138266,536870912,84.6,76,24MB / 26.8MB,42.2MB / 21.3MB
9,2026-09-10T04:01:18.321735+00:00,19,2026-09-10T04:01:17.957465+00:00,false,microservices,mysql,50a6fabb16ba045e2ffa11e1c7ef22f08585ef0eb46f0ac69f11887576d4784f,tcc-microservices-experiment-mysql-1,26.84,482240102,1073741824,44.91,40,12.1MB / 26.4MB,68.6MB / 154MB
9,2026-09-10T04:01:18.321735+00:00,19,2026-09-10T04:01:17.957465+00:00,false,microservices,order,8e5b25d4fa69ae2926951a9870a4c3d3ab1b87d6dbcb95ac041c80b889a456ff,tcc-microservices-experiment-order-1,0.01,65064141,1073741824,6.06,3,5.31MB / 4.14MB,11MB / 9.18MB
9,2026-09-10T04:01:18.321735+00:00,19,2026-09-10T04:01:17.957465+00:00,false,microservices,product,f06b287eaf314fa63bbd638cbad43bfc62631adf14385dfd4ca6781993d22ec8,tcc-microservices-experiment-product-1,84.22,70883738,1073741824,6.6,3,27MB / 28.6MB,12.8MB / 9.28MB
10,2026-09-10T04:01:19.321731+00:00,21,2026-09-10T04:01:18.958410+00:00,false,microservices,auth,745938cd7236c90413cb600f9d27d87f558693c1727c93033b4e6ccb5bacc8fc,tcc-microservices-experiment-auth-1,0.02,69562532,1073741824,6.48,3,45.3kB / 40.3kB,15.2MB / 9.94MB
10,2026-09-10T04:01:19.321731+00:00,21,2026-09-10T04:01:18.958410+00:00,false,microservices,gateway,d17c369c2d82749b29faf8f33739ce1e400e8e1d232ebc5f5b51303a7350d7bc,tcc-microservices-experiment-gateway-1,79.33,454767411,536870912,84.7,76,24.7MB / 27.6MB,42.5MB / 21.3MB
10,2026-09-10T04:01:19.321731+00:00,21,2026-09-10T04:01:18.958410+00:00,false,microservices,mysql,50a6fabb16ba045e2ffa11e1c7ef22f08585ef0eb46f0ac69f11887576d4784f,tcc-microservices-experiment-mysql-1,23.07,481925530,1073741824,44.89,40,12.4MB / 27MB,68.6MB / 154MB
10,2026-09-10T04:01:19.321731+00:00,21,2026-09-10T04:01:18.958410+00:00,false,microservices,order,8e5b25d4fa69ae2926951a9870a4c3d3ab1b87d6dbcb95ac041c80b889a456ff,tcc-microservices-experiment-order-1,0.02,65064141,1073741824,6.06,3,5.31MB / 4.14MB,11MB / 9.18MB
10,2026-09-10T04:01:19.321731+00:00,21,2026-09-10T04:01:18.958410+00:00,false,microservices,product,f06b287eaf314fa63bbd638cbad43bfc62631adf14385dfd4ca6781993d22ec8,tcc-microservices-experiment-product-1,83.86,71313654,1073741824,6.64,3,27.8MB / 29.5MB,12.8MB / 9.28MB
11,2026-09-10T04:01:20.321725+00:00,23,2026-09-10T04:01:19.958263+00:00,false,microservices,auth,745938cd7236c90413cb600f9d27d87f558693c1727c93033b4e6ccb5bacc8fc,tcc-microservices-experiment-auth-1,0.02,69562532,1073741824,6.48,3,45.3kB / 40.3kB,15.2MB / 9.94MB
11,2026-09-10T04:01:20.321725+00:00,23,2026-09-10T04:01:19.958263+00:00,false,microservices,gateway,d17c369c2d82749b29faf8f33739ce1e400e8e1d232ebc5f5b51303a7350d7bc,tcc-microservices-experiment-gateway-1,53.53,454977126,536870912,84.74,76,25.4MB / 28.4MB,42.5MB / 21.3MB
11,2026-09-10T04:01:20.321725+00:00,23,2026-09-10T04:01:19.958263+00:00,false,microservices,mysql,50a6fabb16ba045e2ffa11e1c7ef22f08585ef0eb46f0ac69f11887576d4784f,tcc-microservices-experiment-mysql-1,29.19,482344960,1073741824,44.92,40,12.6MB / 27.7MB,68.6MB / 154MB
11,2026-09-10T04:01:20.321725+00:00,23,2026-09-10T04:01:19.958263+00:00,false,microservices,order,8e5b25d4fa69ae2926951a9870a4c3d3ab1b87d6dbcb95ac041c80b889a456ff,tcc-microservices-experiment-order-1,0.02,65064141,1073741824,6.06,3,5.31MB / 4.14MB,11MB / 9.18MB
11,2026-09-10T04:01:20.321725+00:00,23,2026-09-10T04:01:19.958263+00:00,false,microservices,product,f06b287eaf314fa63bbd638cbad43bfc62631adf14385dfd4ca6781993d22ec8,tcc-microservices-experiment-product-1,82.21,71240253,1073741824,6.63,3,28.6MB / 30.4MB,12.8MB / 9.28MB
12,2026-09-10T04:01:21.321751+00:00,25,2026-09-10T04:01:20.957445+00:00,false,microservices,auth,745938cd7236c90413cb600f9d27d87f558693c1727c93033b4e6ccb5bacc8fc,tcc-microservices-experiment-auth-1,0.01,69562532,1073741824,6.48,3,45.3kB / 40.3kB,15.2MB / 9.94MB
12,2026-09-10T04:01:21.321751+00:00,25,2026-09-10T04:01:20.957445+00:00,false,microservices,gateway,d17c369c2d82749b29faf8f33739ce1e400e8e1d232ebc5f5b51303a7350d7bc,tcc-microservices-experiment-gateway-1,39.39,455291699,536870912,84.81,76,26.2MB / 29.3MB,42.5MB / 21.3MB
12,2026-09-10T04:01:21.321751+00:00,25,2026-09-10T04:01:20.957445+00:00,false,microservices,mysql,50a6fabb16ba045e2ffa11e1c7ef22f08585ef0eb46f0ac69f11887576d4784f,tcc-microservices-experiment-mysql-1,23.63,481820672,1073741824,44.88,40,12.8MB / 28.3MB,68.6MB / 154MB
12,2026-09-10T04:01:21.321751+00:00,25,2026-09-10T04:01:20.957445+00:00,false,microservices,order,8e5b25d4fa69ae2926951a9870a4c3d3ab1b87d6dbcb95ac041c80b889a456ff,tcc-microservices-experiment-order-1,0.02,65064141,1073741824,6.06,3,5.31MB / 4.14MB,11MB / 9.18MB
12,2026-09-10T04:01:21.321751+00:00,25,2026-09-10T04:01:20.957445+00:00,false,microservices,product,f06b287eaf314fa63bbd638cbad43bfc62631adf14385dfd4ca6781993d22ec8,tcc-microservices-experiment-product-1,82.75,71303168,1073741824,6.64,3,29.4MB / 31.2MB,12.8MB / 9.28MB
13,2026-09-10T04:01:22.321743+00:00,27,2026-09-10T04:01:21.958227+00:00,false,microservices,auth,745938cd7236c90413cb600f9d27d87f558693c1727c93033b4e6ccb5bacc8fc,tcc-microservices-experiment-auth-1,0.02,69562532,1073741824,6.48,3,45.3kB / 40.3kB,15.2MB / 9.94MB
13,2026-09-10T04:01:22.321743+00:00,27,2026-09-10T04:01:21.958227+00:00,false,microservices,gateway,d17c369c2d82749b29faf8f33739ce1e400e8e1d232ebc5f5b51303a7350d7bc,tcc-microservices-experiment-gateway-1,39.82,455396557,536870912,84.83,76,26.9MB / 30.1MB,42.5MB / 21.3MB
13,2026-09-10T04:01:22.321743+00:00,27,2026-09-10T04:01:21.958227+00:00,false,microservices,mysql,50a6fabb16ba045e2ffa11e1c7ef22f08585ef0eb46f0ac69f11887576d4784f,tcc-microservices-experiment-mysql-1,27.06,482449818,1073741824,44.93,40,13.1MB / 28.9MB,68.6MB / 154MB
13,2026-09-10T04:01:22.321743+00:00,27,2026-09-10T04:01:21.958227+00:00,false,microservices,order,8e5b25d4fa69ae2926951a9870a4c3d3ab1b87d6dbcb95ac041c80b889a456ff,tcc-microservices-experiment-order-1,0.01,65064141,1073741824,6.06,3,5.31MB / 4.14MB,11MB / 9.18MB
13,2026-09-10T04:01:22.321743+00:00,27,2026-09-10T04:01:21.958227+00:00,false,microservices,product,f06b287eaf314fa63bbd638cbad43bfc62631adf14385dfd4ca6781993d22ec8,tcc-microservices-experiment-product-1,84.78,71208796,1073741824,6.63,3,30.2MB / 32.1MB,12.8MB / 9.28MB
14,2026-09-10T04:01:23.321751+00:00,29,2026-09-10T04:01:22.958331+00:00,false,microservices,auth,745938cd7236c90413cb600f9d27d87f558693c1727c93033b4e6ccb5bacc8fc,tcc-microservices-experiment-auth-1,0.02,69562532,1073741824,6.48,3,45.3kB / 40.3kB,15.2MB / 9.94MB
14,2026-09-10T04:01:23.321751+00:00,29,2026-09-10T04:01:22.958331+00:00,false,microservices,gateway,d17c369c2d82749b29faf8f33739ce1e400e8e1d232ebc5f5b51303a7350d7bc,tcc-microservices-experiment-gateway-1,45.76,455081984,536870912,84.77,76,27.6MB / 30.9MB,42.5MB / 21.3MB
14,2026-09-10T04:01:23.321751+00:00,29,2026-09-10T04:01:22.958331+00:00,false,microservices,mysql,50a6fabb16ba045e2ffa11e1c7ef22f08585ef0eb46f0ac69f11887576d4784f,tcc-microservices-experiment-mysql-1,23.63,481610957,1073741824,44.85,40,13.3MB / 29.6MB,68.6MB / 154MB
14,2026-09-10T04:01:23.321751+00:00,29,2026-09-10T04:01:22.958331+00:00,false,microservices,order,8e5b25d4fa69ae2926951a9870a4c3d3ab1b87d6dbcb95ac041c80b889a456ff,tcc-microservices-experiment-order-1,0.02,65064141,1073741824,6.06,3,5.31MB / 4.14MB,11MB / 9.18MB
14,2026-09-10T04:01:23.321751+00:00,29,2026-09-10T04:01:22.958331+00:00,false,microservices,product,f06b287eaf314fa63bbd638cbad43bfc62631adf14385dfd4ca6781993d22ec8,tcc-microservices-experiment-product-1,83.29,71439483,1073741824,6.65,3,31MB / 32.9MB,12.8MB / 9.28MB
15,2026-09-10T04:01:24.321727+00:00,31,2026-09-10T04:01:23.957418+00:00,false,microservices,auth,745938cd7236c90413cb600f9d27d87f558693c1727c93033b4e6ccb5bacc8fc,tcc-microservices-experiment-auth-1,0.02,69562532,1073741824,6.48,3,45.3kB / 40.3kB,15.2MB / 9.94MB
15,2026-09-10T04:01:24.321727+00:00,31,2026-09-10T04:01:23.957418+00:00,false,microservices,gateway,d17c369c2d82749b29faf8f33739ce1e400e8e1d232ebc5f5b51303a7350d7bc,tcc-microservices-experiment-gateway-1,39.54,455291699,536870912,84.8,76,28.4MB / 31.7MB,42.5MB / 21.3MB
15,2026-09-10T04:01:24.321727+00:00,31,2026-09-10T04:01:23.957418+00:00,false,microservices,mysql,50a6fabb16ba045e2ffa11e1c7ef22f08585ef0eb46f0ac69f11887576d4784f,tcc-microservices-experiment-mysql-1,27.15,482344960,1073741824,44.92,40,13.5MB / 30.2MB,68.6MB / 154MB
15,2026-09-10T04:01:24.321727+00:00,31,2026-09-10T04:01:23.957418+00:00,false,microservices,order,8e5b25d4fa69ae2926951a9870a4c3d3ab1b87d6dbcb95ac041c80b889a456ff,tcc-microservices-experiment-order-1,0.02,65064141,1073741824,6.06,3,5.31MB / 4.14MB,11MB / 9.18MB
15,2026-09-10T04:01:24.321727+00:00,31,2026-09-10T04:01:23.957418+00:00,false,microservices,product,f06b287eaf314fa63bbd638cbad43bfc62631adf14385dfd4ca6781993d22ec8,tcc-microservices-experiment-product-1,84.17,72079114,1073741824,6.71,3,31.8MB / 33.8MB,12.8MB / 9.28MB
16,2026-09-10T04:01:25.321756+00:00,33,2026-09-10T04:01:24.957319+00:00,false,microservices,auth,745938cd7236c90413cb600f9d27d87f558693c1727c93033b4e6ccb5bacc8fc,tcc-microservices-experiment-auth-1,0.02,69562532,1073741824,6.48,3,45.3kB / 40.3kB,15.2MB / 9.94MB
16,2026-09-10T04:01:25.321756+00:00,33,2026-09-10T04:01:24.957319+00:00,false,microservices,gateway,d17c369c2d82749b29faf8f33739ce1e400e8e1d232ebc5f5b51303a7350d7bc,tcc-microservices-experiment-gateway-1,38.97,454662554,536870912,84.69,76,29.1MB / 32.5MB,42.5MB / 21.3MB
16,2026-09-10T04:01:25.321756+00:00,33,2026-09-10T04:01:24.957319+00:00,false,microservices,mysql,50a6fabb16ba045e2ffa11e1c7ef22f08585ef0eb46f0ac69f11887576d4784f,tcc-microservices-experiment-mysql-1,23.01,481715814,1073741824,44.87,40,13.8MB / 30.9MB,68.6MB / 154MB
16,2026-09-10T04:01:25.321756+00:00,33,2026-09-10T04:01:24.957319+00:00,false,microservices,order,8e5b25d4fa69ae2926951a9870a4c3d3ab1b87d6dbcb95ac041c80b889a456ff,tcc-microservices-experiment-order-1,0.02,65064141,1073741824,6.06,3,5.31MB / 4.14MB,11MB / 9.18MB
16,2026-09-10T04:01:25.321756+00:00,33,2026-09-10T04:01:24.957319+00:00,false,microservices,product,f06b287eaf314fa63bbd638cbad43bfc62631adf14385dfd4ca6781993d22ec8,tcc-microservices-experiment-product-1,83.13,71921828,1073741824,6.7,3,32.6MB / 34.7MB,12.8MB / 9.28MB
17,2026-09-10T04:01:26.321731+00:00,35,2026-09-10T04:01:25.957407+00:00,false,microservices,auth,745938cd7236c90413cb600f9d27d87f558693c1727c93033b4e6ccb5bacc8fc,tcc-microservices-experiment-auth-1,0.01,69562532,1073741824,6.48,3,45.3kB / 40.3kB,15.2MB / 9.94MB
17,2026-09-10T04:01:26.321731+00:00,35,2026-09-10T04:01:25.957407+00:00,false,microservices,gateway,d17c369c2d82749b29faf8f33739ce1e400e8e1d232ebc5f5b51303a7350d7bc,tcc-microservices-experiment-gateway-1,76.17,455396557,536870912,84.83,76,29.9MB / 33.4MB,42.7MB / 21.3MB
17,2026-09-10T04:01:26.321731+00:00,35,2026-09-10T04:01:25.957407+00:00,false,microservices,mysql,50a6fabb16ba045e2ffa11e1c7ef22f08585ef0eb46f0ac69f11887576d4784f,tcc-microservices-experiment-mysql-1,27.75,482659533,1073741824,44.95,40,14MB / 31.5MB,68.6MB / 154MB
17,2026-09-10T04:01:26.321731+00:00,35,2026-09-10T04:01:25.957407+00:00,false,microservices,order,8e5b25d4fa69ae2926951a9870a4c3d3ab1b87d6dbcb95ac041c80b889a456ff,tcc-microservices-experiment-order-1,0.02,65064141,1073741824,6.06,3,5.31MB / 4.14MB,11MB / 9.18MB
17,2026-09-10T04:01:26.321731+00:00,35,2026-09-10T04:01:25.957407+00:00,false,microservices,product,f06b287eaf314fa63bbd638cbad43bfc62631adf14385dfd4ca6781993d22ec8,tcc-microservices-experiment-product-1,84.5,71701627,1073741824,6.68,3,33.5MB / 35.6MB,12.8MB / 9.28MB
18,2026-09-10T04:01:27.321725+00:00,37,2026-09-10T04:01:26.957676+00:00,false,microservices,auth,745938cd7236c90413cb600f9d27d87f558693c1727c93033b4e6ccb5bacc8fc,tcc-microservices-experiment-auth-1,0.02,69562532,1073741824,6.48,3,45.3kB / 40.3kB,15.2MB / 9.94MB
18,2026-09-10T04:01:27.321725+00:00,37,2026-09-10T04:01:26.957676+00:00,false,microservices,gateway,d17c369c2d82749b29faf8f33739ce1e400e8e1d232ebc5f5b51303a7350d7bc,tcc-microservices-experiment-gateway-1,70.75,456549990,536870912,85.04,76,30.6MB / 34.2MB,42.9MB / 21.3MB
18,2026-09-10T04:01:27.321725+00:00,37,2026-09-10T04:01:26.957676+00:00,false,microservices,mysql,50a6fabb16ba045e2ffa11e1c7ef22f08585ef0eb46f0ac69f11887576d4784f,tcc-microservices-experiment-mysql-1,23.42,482344960,1073741824,44.92,40,14.2MB / 32.1MB,68.6MB / 154MB
18,2026-09-10T04:01:27.321725+00:00,37,2026-09-10T04:01:26.957676+00:00,false,microservices,order,8e5b25d4fa69ae2926951a9870a4c3d3ab1b87d6dbcb95ac041c80b889a456ff,tcc-microservices-experiment-order-1,0.02,65064141,1073741824,6.06,3,5.31MB / 4.14MB,11MB / 9.18MB
18,2026-09-10T04:01:27.321725+00:00,37,2026-09-10T04:01:26.957676+00:00,false,microservices,product,f06b287eaf314fa63bbd638cbad43bfc62631adf14385dfd4ca6781993d22ec8,tcc-microservices-experiment-product-1,82.57,71712113,1073741824,6.68,3,34.3MB / 36.4MB,12.8MB / 9.28MB
19,2026-09-10T04:01:28.321767+00:00,39,2026-09-10T04:01:27.957466+00:00,false,microservices,auth,745938cd7236c90413cb600f9d27d87f558693c1727c93033b4e6ccb5bacc8fc,tcc-microservices-experiment-auth-1,0.02,69562532,1073741824,6.48,3,45.3kB / 40.3kB,15.2MB / 9.94MB
19,2026-09-10T04:01:28.321767+00:00,39,2026-09-10T04:01:27.957466+00:00,false,microservices,gateway,d17c369c2d82749b29faf8f33739ce1e400e8e1d232ebc5f5b51303a7350d7bc,tcc-microservices-experiment-gateway-1,56.14,455920845,536870912,84.92,76,31.3MB / 35MB,43.2MB / 21.3MB
19,2026-09-10T04:01:28.321767+00:00,39,2026-09-10T04:01:27.957466+00:00,false,microservices,mysql,50a6fabb16ba045e2ffa11e1c7ef22f08585ef0eb46f0ac69f11887576d4784f,tcc-microservices-experiment-mysql-1,29.11,482974106,1073741824,44.98,40,14.5MB / 32.7MB,68.6MB / 154MB
19,2026-09-10T04:01:28.321767+00:00,39,2026-09-10T04:01:27.957466+00:00,false,microservices,order,8e5b25d4fa69ae2926951a9870a4c3d3ab1b87d6dbcb95ac041c80b889a456ff,tcc-microservices-experiment-order-1,0.02,65064141,1073741824,6.06,3,5.31MB / 4.14MB,11MB / 9.18MB
19,2026-09-10T04:01:28.321767+00:00,39,2026-09-10T04:01:27.957466+00:00,false,microservices,product,f06b287eaf314fa63bbd638cbad43bfc62631adf14385dfd4ca6781993d22ec8,tcc-microservices-experiment-product-1,81.45,71995228,1073741824,6.71,3,35.1MB / 37.3MB,12.8MB / 9.28MB
20,2026-09-10T04:01:29.321748+00:00,41,2026-09-10T04:01:28.958049+00:00,false,microservices,auth,745938cd7236c90413cb600f9d27d87f558693c1727c93033b4e6ccb5bacc8fc,tcc-microservices-experiment-auth-1,0.02,69562532,1073741824,6.48,3,45.3kB / 40.3kB,15.2MB / 9.94MB
20,2026-09-10T04:01:29.321748+00:00,41,2026-09-10T04:01:28.958049+00:00,false,microservices,gateway,d17c369c2d82749b29faf8f33739ce1e400e8e1d232ebc5f5b51303a7350d7bc,tcc-microservices-experiment-gateway-1,85.89,462631731,536870912,86.16,76,32MB / 35.8MB,43.2MB / 21.4MB
20,2026-09-10T04:01:29.321748+00:00,41,2026-09-10T04:01:28.958049+00:00,false,microservices,mysql,50a6fabb16ba045e2ffa11e1c7ef22f08585ef0eb46f0ac69f11887576d4784f,tcc-microservices-experiment-mysql-1,23.74,481925530,1073741824,44.88,40,14.7MB / 33.4MB,68.6MB / 154MB
20,2026-09-10T04:01:29.321748+00:00,41,2026-09-10T04:01:28.958049+00:00,false,microservices,order,8e5b25d4fa69ae2926951a9870a4c3d3ab1b87d6dbcb95ac041c80b889a456ff,tcc-microservices-experiment-order-1,0.02,65064141,1073741824,6.06,3,5.31MB / 4.14MB,11MB / 9.18MB
20,2026-09-10T04:01:29.321748+00:00,41,2026-09-10T04:01:28.958049+00:00,false,microservices,product,f06b287eaf314fa63bbd638cbad43bfc62631adf14385dfd4ca6781993d22ec8,tcc-microservices-experiment-product-1,82.34,71942799,1073741824,6.7,3,35.9MB / 38.2MB,12.8MB / 9.28MB
21,2026-09-10T04:01:30.321741+00:00,43,2026-09-10T04:01:29.957489+00:00,false,microservices,auth,745938cd7236c90413cb600f9d27d87f558693c1727c93033b4e6ccb5bacc8fc,tcc-microservices-experiment-auth-1,0.02,69562532,1073741824,6.48,3,45.3kB / 40.3kB,15.2MB / 9.94MB
21,2026-09-10T04:01:30.321741+00:00,43,2026-09-10T04:01:29.957489+00:00,false,microservices,gateway,d17c369c2d82749b29faf8f33739ce1e400e8e1d232ebc5f5b51303a7350d7bc,tcc-microservices-experiment-gateway-1,60.58,462212301,536870912,86.1,76,32.8MB / 36.6MB,43.2MB / 21.4MB
21,2026-09-10T04:01:30.321741+00:00,43,2026-09-10T04:01:29.957489+00:00,false,microservices,mysql,50a6fabb16ba045e2ffa11e1c7ef22f08585ef0eb46f0ac69f11887576d4784f,tcc-microservices-experiment-mysql-1,28.04,482659533,1073741824,44.95,40,14.9MB / 34MB,68.6MB / 154MB
21,2026-09-10T04:01:30.321741+00:00,43,2026-09-10T04:01:29.957489+00:00,false,microservices,order,8e5b25d4fa69ae2926951a9870a4c3d3ab1b87d6dbcb95ac041c80b889a456ff,tcc-microservices-experiment-order-1,0.02,65064141,1073741824,6.06,3,5.31MB / 4.14MB,11MB / 9.18MB
21,2026-09-10T04:01:30.321741+00:00,43,2026-09-10T04:01:29.957489+00:00,false,microservices,product,f06b287eaf314fa63bbd638cbad43bfc62631adf14385dfd4ca6781993d22ec8,tcc-microservices-experiment-product-1,82.58,72016200,1073741824,6.71,3,36.7MB / 39MB,12.8MB / 9.28MB
22,2026-09-10T04:01:31.321762+00:00,45,2026-09-10T04:01:30.957283+00:00,false,microservices,auth,745938cd7236c90413cb600f9d27d87f558693c1727c93033b4e6ccb5bacc8fc,tcc-microservices-experiment-auth-1,0.02,69562532,1073741824,6.48,3,45.3kB / 40.3kB,15.2MB / 9.94MB
22,2026-09-10T04:01:31.321762+00:00,45,2026-09-10T04:01:30.957283+00:00,false,microservices,gateway,d17c369c2d82749b29faf8f33739ce1e400e8e1d232ebc5f5b51303a7350d7bc,tcc-microservices-experiment-gateway-1,38.43,463260877,536870912,86.29,76,33.5MB / 37.5MB,43.2MB / 21.4MB
22,2026-09-10T04:01:31.321762+00:00,45,2026-09-10T04:01:30.957283+00:00,false,microservices,mysql,50a6fabb16ba045e2ffa11e1c7ef22f08585ef0eb46f0ac69f11887576d4784f,tcc-microservices-experiment-mysql-1,23.19,482449818,1073741824,44.93,40,15.2MB / 34.7MB,68.6MB / 154MB
22,2026-09-10T04:01:31.321762+00:00,45,2026-09-10T04:01:30.957283+00:00,false,microservices,order,8e5b25d4fa69ae2926951a9870a4c3d3ab1b87d6dbcb95ac041c80b889a456ff,tcc-microservices-experiment-order-1,0.01,65064141,1073741824,6.06,3,5.31MB / 4.14MB,11MB / 9.18MB
22,2026-09-10T04:01:31.321762+00:00,45,2026-09-10T04:01:30.957283+00:00,false,microservices,product,f06b287eaf314fa63bbd638cbad43bfc62631adf14385dfd4ca6781993d22ec8,tcc-microservices-experiment-product-1,83.12,72037171,1073741824,6.71,3,37.5MB / 39.9MB,12.8MB / 9.28MB
23,2026-09-10T04:01:32.321735+00:00,47,2026-09-10T04:01:31.957209+00:00,false,microservices,auth,745938cd7236c90413cb600f9d27d87f558693c1727c93033b4e6ccb5bacc8fc,tcc-microservices-experiment-auth-1,0.02,69562532,1073741824,6.48,3,45.3kB / 40.3kB,15.2MB / 9.94MB
23,2026-09-10T04:01:32.321735+00:00,47,2026-09-10T04:01:31.957209+00:00,false,microservices,gateway,d17c369c2d82749b29faf8f33739ce1e400e8e1d232ebc5f5b51303a7350d7bc,tcc-microservices-experiment-gateway-1,35.28,462736589,536870912,86.2,76,34.3MB / 38.3MB,43.2MB / 21.4MB
23,2026-09-10T04:01:32.321735+00:00,47,2026-09-10T04:01:31.957209+00:00,false,microservices,mysql,50a6fabb16ba045e2ffa11e1c7ef22f08585ef0eb46f0ac69f11887576d4784f,tcc-microservices-experiment-mysql-1,27.47,482554675,1073741824,44.94,40,15.4MB / 35.3MB,68.6MB / 154MB
23,2026-09-10T04:01:32.321735+00:00,47,2026-09-10T04:01:31.957209+00:00,false,microservices,order,8e5b25d4fa69ae2926951a9870a4c3d3ab1b87d6dbcb95ac041c80b889a456ff,tcc-microservices-experiment-order-1,0.01,65064141,1073741824,6.06,3,5.31MB / 4.14MB,11MB / 9.18MB
23,2026-09-10T04:01:32.321735+00:00,47,2026-09-10T04:01:31.957209+00:00,false,microservices,product,f06b287eaf314fa63bbd638cbad43bfc62631adf14385dfd4ca6781993d22ec8,tcc-microservices-experiment-product-1,83.65,72383201,1073741824,6.74,3,38.3MB / 40.8MB,12.8MB / 9.28MB
24,2026-09-10T04:01:33.321772+00:00,49,2026-09-10T04:01:32.957340+00:00,false,microservices,auth,745938cd7236c90413cb600f9d27d87f558693c1727c93033b4e6ccb5bacc8fc,tcc-microservices-experiment-auth-1,0.02,69562532,1073741824,6.48,3,45.3kB / 40.3kB,15.2MB / 9.94MB
24,2026-09-10T04:01:33.321772+00:00,49,2026-09-10T04:01:32.957340+00:00,false,microservices,gateway,d17c369c2d82749b29faf8f33739ce1e400e8e1d232ebc5f5b51303a7350d7bc,tcc-microservices-experiment-gateway-1,41.42,456759706,536870912,85.08,76,35MB / 39.1MB,43.3MB / 21.4MB
24,2026-09-10T04:01:33.321772+00:00,49,2026-09-10T04:01:32.957340+00:00,false,microservices,mysql,50a6fabb16ba045e2ffa11e1c7ef22f08585ef0eb46f0ac69f11887576d4784f,tcc-microservices-experiment-mysql-1,23.21,482135245,1073741824,44.9,40,15.7MB / 35.9MB,68.6MB / 154MB
24,2026-09-10T04:01:33.321772+00:00,49,2026-09-10T04:01:32.957340+00:00,false,microservices,order,8e5b25d4fa69ae2926951a9870a4c3d3ab1b87d6dbcb95ac041c80b889a456ff,tcc-microservices-experiment-order-1,0.02,65064141,1073741824,6.06,3,5.31MB / 4.14MB,11MB / 9.18MB
24,2026-09-10T04:01:33.321772+00:00,49,2026-09-10T04:01:32.957340+00:00,false,microservices,product,f06b287eaf314fa63bbd638cbad43bfc62631adf14385dfd4ca6781993d22ec8,tcc-microservices-experiment-product-1,83.05,72236401,1073741824,6.73,3,39.2MB / 41.7MB,12.8MB / 9.28MB
25,2026-09-10T04:01:34.321746+00:00,51,2026-09-10T04:01:33.957344+00:00,false,microservices,auth,745938cd7236c90413cb600f9d27d87f558693c1727c93033b4e6ccb5bacc8fc,tcc-microservices-experiment-auth-1,0.02,69562532,1073741824,6.48,3,45.3kB / 40.3kB,15.2MB / 9.94MB
25,2026-09-10T04:01:34.321746+00:00,51,2026-09-10T04:01:33.957344+00:00,false,microservices,gateway,d17c369c2d82749b29faf8f33739ce1e400e8e1d232ebc5f5b51303a7350d7bc,tcc-microservices-experiment-gateway-1,37.56,457179136,536870912,85.16,76,35.7MB / 40MB,43.3MB / 21.4MB
25,2026-09-10T04:01:34.321746+00:00,51,2026-09-10T04:01:33.957344+00:00,false,microservices,mysql,50a6fabb16ba045e2ffa11e1c7ef22f08585ef0eb46f0ac69f11887576d4784f,tcc-microservices-experiment-mysql-1,26.53,482764390,1073741824,44.96,40,15.9MB / 36.6MB,68.6MB / 154MB
25,2026-09-10T04:01:34.321746+00:00,51,2026-09-10T04:01:33.957344+00:00,false,microservices,order,8e5b25d4fa69ae2926951a9870a4c3d3ab1b87d6dbcb95ac041c80b889a456ff,tcc-microservices-experiment-order-1,0.02,65064141,1073741824,6.06,3,5.31MB / 4.14MB,11MB / 9.18MB
25,2026-09-10T04:01:34.321746+00:00,51,2026-09-10T04:01:33.957344+00:00,false,microservices,product,f06b287eaf314fa63bbd638cbad43bfc62631adf14385dfd4ca6781993d22ec8,tcc-microservices-experiment-product-1,85.46,72404173,1073741824,6.74,3,40MB / 42.6MB,12.8MB / 9.28MB
26,2026-09-10T04:01:35.321743+00:00,53,2026-09-10T04:01:34.957494+00:00,false,microservices,auth,745938cd7236c90413cb600f9d27d87f558693c1727c93033b4e6ccb5bacc8fc,tcc-microservices-experiment-auth-1,0.02,69562532,1073741824,6.48,3,45.3kB / 40.3kB,15.2MB / 9.94MB
26,2026-09-10T04:01:35.321743+00:00,53,2026-09-10T04:01:34.957494+00:00,false,microservices,gateway,d17c369c2d82749b29faf8f33739ce1e400e8e1d232ebc5f5b51303a7350d7bc,tcc-microservices-experiment-gateway-1,48.59,457283994,536870912,85.17,76,36.5MB / 40.8MB,43.3MB / 21.4MB
26,2026-09-10T04:01:35.321743+00:00,53,2026-09-10T04:01:34.957494+00:00,false,microservices,mysql,50a6fabb16ba045e2ffa11e1c7ef22f08585ef0eb46f0ac69f11887576d4784f,tcc-microservices-experiment-mysql-1,23.58,482030387,1073741824,44.89,40,16.1MB / 37.2MB,68.6MB / 154MB
26,2026-09-10T04:01:35.321743+00:00,53,2026-09-10T04:01:34.957494+00:00,false,microservices,order,8e5b25d4fa69ae2926951a9870a4c3d3ab1b87d6dbcb95ac041c80b889a456ff,tcc-microservices-experiment-order-1,0.02,65064141,1073741824,6.06,3,5.31MB / 4.14MB,11MB / 9.18MB
26,2026-09-10T04:01:35.321743+00:00,53,2026-09-10T04:01:34.957494+00:00,false,microservices,product,f06b287eaf314fa63bbd638cbad43bfc62631adf14385dfd4ca6781993d22ec8,tcc-microservices-experiment-product-1,82.52,71984742,1073741824,6.7,3,40.8MB / 43.4MB,12.8MB / 9.28MB
27,2026-09-10T04:01:36.321746+00:00,55,2026-09-10T04:01:35.957431+00:00,false,microservices,auth,745938cd7236c90413cb600f9d27d87f558693c1727c93033b4e6ccb5bacc8fc,tcc-microservices-experiment-auth-1,0.02,69562532,1073741824,6.48,3,45.3kB / 40.3kB,15.2MB / 9.94MB
27,2026-09-10T04:01:36.321746+00:00,55,2026-09-10T04:01:35.957431+00:00,false,microservices,gateway,d17c369c2d82749b29faf8f33739ce1e400e8e1d232ebc5f5b51303a7350d7bc,tcc-microservices-experiment-gateway-1,48.31,457598566,536870912,85.23,76,37.2MB / 41.6MB,43.3MB / 21.4MB
27,2026-09-10T04:01:36.321746+00:00,55,2026-09-10T04:01:35.957431+00:00,false,microservices,mysql,50a6fabb16ba045e2ffa11e1c7ef22f08585ef0eb46f0ac69f11887576d4784f,tcc-microservices-experiment-mysql-1,28.53,483288678,1073741824,45.01,40,16.4MB / 37.9MB,68.6MB / 154MB
27,2026-09-10T04:01:36.321746+00:00,55,2026-09-10T04:01:35.957431+00:00,false,microservices,order,8e5b25d4fa69ae2926951a9870a4c3d3ab1b87d6dbcb95ac041c80b889a456ff,tcc-microservices-experiment-order-1,0.02,65064141,1073741824,6.06,3,5.31MB / 4.14MB,11MB / 9.18MB
27,2026-09-10T04:01:36.321746+00:00,55,2026-09-10T04:01:35.957431+00:00,false,microservices,product,f06b287eaf314fa63bbd638cbad43bfc62631adf14385dfd4ca6781993d22ec8,tcc-microservices-experiment-product-1,82.92,72142029,1073741824,6.72,3,41.6MB / 44.3MB,12.8MB / 9.28MB
28,2026-09-10T04:01:37.321730+00:00,57,2026-09-10T04:01:36.957394+00:00,false,microservices,auth,745938cd7236c90413cb600f9d27d87f558693c1727c93033b4e6ccb5bacc8fc,tcc-microservices-experiment-auth-1,0.02,69562532,1073741824,6.48,3,45.3kB / 40.3kB,15.2MB / 9.94MB
28,2026-09-10T04:01:37.321730+00:00,57,2026-09-10T04:01:36.957394+00:00,false,microservices,gateway,d17c369c2d82749b29faf8f33739ce1e400e8e1d232ebc5f5b51303a7350d7bc,tcc-microservices-experiment-gateway-1,63.46,456759706,536870912,85.08,76,38MB / 42.4MB,43.3MB / 21.4MB
28,2026-09-10T04:01:37.321730+00:00,57,2026-09-10T04:01:36.957394+00:00,false,microservices,mysql,50a6fabb16ba045e2ffa11e1c7ef22f08585ef0eb46f0ac69f11887576d4784f,tcc-microservices-experiment-mysql-1,22.67,482344960,1073741824,44.92,40,16.6MB / 38.5MB,68.6MB / 154MB
28,2026-09-10T04:01:37.321730+00:00,57,2026-09-10T04:01:36.957394+00:00,false,microservices,order,8e5b25d4fa69ae2926951a9870a4c3d3ab1b87d6dbcb95ac041c80b889a456ff,tcc-microservices-experiment-order-1,0.02,65064141,1073741824,6.06,3,5.31MB / 4.14MB,11MB / 9.18MB
28,2026-09-10T04:01:37.321730+00:00,57,2026-09-10T04:01:36.957394+00:00,false,microservices,product,f06b287eaf314fa63bbd638cbad43bfc62631adf14385dfd4ca6781993d22ec8,tcc-microservices-experiment-product-1,83.32,71806484,1073741824,6.69,3,42.4MB / 45.2MB,12.8MB / 9.28MB
29,2026-09-10T04:01:38.321757+00:00,59,2026-09-10T04:01:37.957449+00:00,false,microservices,auth,745938cd7236c90413cb600f9d27d87f558693c1727c93033b4e6ccb5bacc8fc,tcc-microservices-experiment-auth-1,0.02,69562532,1073741824,6.48,3,45.3kB / 40.3kB,15.2MB / 9.94MB
29,2026-09-10T04:01:38.321757+00:00,59,2026-09-10T04:01:37.957449+00:00,false,microservices,gateway,d17c369c2d82749b29faf8f33739ce1e400e8e1d232ebc5f5b51303a7350d7bc,tcc-microservices-experiment-gateway-1,37.32,456549990,536870912,85.05,76,38.7MB / 43.3MB,43.3MB / 21.4MB
29,2026-09-10T04:01:38.321757+00:00,59,2026-09-10T04:01:37.957449+00:00,false,microservices,mysql,50a6fabb16ba045e2ffa11e1c7ef22f08585ef0eb46f0ac69f11887576d4784f,tcc-microservices-experiment-mysql-1,25.54,487692698,1073741824,45.42,44,16.8MB / 39.1MB,68.6MB / 154MB
29,2026-09-10T04:01:38.321757+00:00,59,2026-09-10T04:01:37.957449+00:00,false,microservices,order,8e5b25d4fa69ae2926951a9870a4c3d3ab1b87d6dbcb95ac041c80b889a456ff,tcc-microservices-experiment-order-1,0.02,65064141,1073741824,6.06,3,5.31MB / 4.14MB,11MB / 9.18MB
29,2026-09-10T04:01:38.321757+00:00,59,2026-09-10T04:01:37.957449+00:00,false,microservices,product,f06b287eaf314fa63bbd638cbad43bfc62631adf14385dfd4ca6781993d22ec8,tcc-microservices-experiment-product-1,82.82,71869399,1073741824,6.69,3,43.3MB / 46MB,12.8MB / 9.28MB
30,2026-09-10T04:01:39.321761+00:00,61,2026-09-10T04:01:38.957178+00:00,false,microservices,auth,745938cd7236c90413cb600f9d27d87f558693c1727c93033b4e6ccb5bacc8fc,tcc-microservices-experiment-auth-1,0.02,69562532,1073741824,6.48,3,45.3kB / 40.3kB,15.2MB / 9.94MB
30,2026-09-10T04:01:39.321761+00:00,61,2026-09-10T04:01:38.957178+00:00,false,microservices,gateway,d17c369c2d82749b29faf8f33739ce1e400e8e1d232ebc5f5b51303a7350d7bc,tcc-microservices-experiment-gateway-1,46.59,458017997,536870912,85.31,76,39.4MB / 44.1MB,43.4MB / 21.4MB
30,2026-09-10T04:01:39.321761+00:00,61,2026-09-10T04:01:38.957178+00:00,false,microservices,mysql,50a6fabb16ba045e2ffa11e1c7ef22f08585ef0eb46f0ac69f11887576d4784f,tcc-microservices-experiment-mysql-1,25.03,482135245,1073741824,44.9,40,17.1MB / 39.8MB,68.6MB / 154MB
30,2026-09-10T04:01:39.321761+00:00,61,2026-09-10T04:01:38.957178+00:00,false,microservices,order,8e5b25d4fa69ae2926951a9870a4c3d3ab1b87d6dbcb95ac041c80b889a456ff,tcc-microservices-experiment-order-1,0.02,65064141,1073741824,6.06,3,5.31MB / 4.14MB,11MB / 9.18MB
30,2026-09-10T04:01:39.321761+00:00,61,2026-09-10T04:01:38.957178+00:00,false,microservices,product,f06b287eaf314fa63bbd638cbad43bfc62631adf14385dfd4ca6781993d22ec8,tcc-microservices-experiment-product-1,83.41,72131543,1073741824,6.72,3,44.1MB / 46.9MB,12.8MB / 9.28MB
31,2026-09-10T04:01:40.321717+00:00,63,2026-09-10T04:01:39.957430+00:00,false,microservices,auth,745938cd7236c90413cb600f9d27d87f558693c1727c93033b4e6ccb5bacc8fc,tcc-microservices-experiment-auth-1,0.03,69562532,1073741824,6.48,3,45.3kB / 40.3kB,15.2MB / 9.94MB
31,2026-09-10T04:01:40.321717+00:00,63,2026-09-10T04:01:39.957430+00:00,false,microservices,gateway,d17c369c2d82749b29faf8f33739ce1e400e8e1d232ebc5f5b51303a7350d7bc,tcc-microservices-experiment-gateway-1,33.16,457703424,536870912,85.25,76,40.2MB / 44.9MB,43.4MB / 21.4MB
31,2026-09-10T04:01:40.321717+00:00,63,2026-09-10T04:01:39.957430+00:00,false,microservices,mysql,50a6fabb16ba045e2ffa11e1c7ef22f08585ef0eb46f0ac69f11887576d4784f,tcc-microservices-experiment-mysql-1,24.47,481925530,1073741824,44.89,40,17.3MB / 40.4MB,68.6MB / 154MB
31,2026-09-10T04:01:40.321717+00:00,63,2026-09-10T04:01:39.957430+00:00,false,microservices,order,8e5b25d4fa69ae2926951a9870a4c3d3ab1b87d6dbcb95ac041c80b889a456ff,tcc-microservices-experiment-order-1,0.02,65064141,1073741824,6.06,3,5.31MB / 4.14MB,11MB / 9.18MB
31,2026-09-10T04:01:40.321717+00:00,63,2026-09-10T04:01:39.957430+00:00,false,microservices,product,f06b287eaf314fa63bbd638cbad43bfc62631adf14385dfd4ca6781993d22ec8,tcc-microservices-experiment-product-1,81.91,72414659,1073741824,6.74,3,44.9MB / 47.8MB,12.8MB / 9.28MB
32,2026-09-10T04:01:41.321736+00:00,65,2026-09-10T04:01:40.957173+00:00,false,microservices,auth,745938cd7236c90413cb600f9d27d87f558693c1727c93033b4e6ccb5bacc8fc,tcc-microservices-experiment-auth-1,0.02,69562532,1073741824,6.48,3,45.3kB / 40.3kB,15.2MB / 9.94MB
32,2026-09-10T04:01:41.321736+00:00,65,2026-09-10T04:01:40.957173+00:00,false,microservices,gateway,d17c369c2d82749b29faf8f33739ce1e400e8e1d232ebc5f5b51303a7350d7bc,tcc-microservices-experiment-gateway-1,33.05,457808282,536870912,85.27,76,40.9MB / 45.7MB,43.4MB / 21.4MB
32,2026-09-10T04:01:41.321736+00:00,65,2026-09-10T04:01:40.957173+00:00,false,microservices,mysql,50a6fabb16ba045e2ffa11e1c7ef22f08585ef0eb46f0ac69f11887576d4784f,tcc-microservices-experiment-mysql-1,27.61,482344960,1073741824,44.92,40,17.5MB / 41MB,68.6MB / 154MB
32,2026-09-10T04:01:41.321736+00:00,65,2026-09-10T04:01:40.957173+00:00,false,microservices,order,8e5b25d4fa69ae2926951a9870a4c3d3ab1b87d6dbcb95ac041c80b889a456ff,tcc-microservices-experiment-order-1,0.02,65064141,1073741824,6.06,3,5.31MB / 4.14MB,11MB / 9.18MB
32,2026-09-10T04:01:41.321736+00:00,65,2026-09-10T04:01:40.957173+00:00,false,microservices,product,f06b287eaf314fa63bbd638cbad43bfc62631adf14385dfd4ca6781993d22ec8,tcc-microservices-experiment-product-1,83.19,72456602,1073741824,6.75,3,45.7MB / 48.7MB,12.8MB / 9.28MB
33,2026-09-10T04:01:42.321754+00:00,67,2026-09-10T04:01:41.957434+00:00,false,microservices,auth,745938cd7236c90413cb600f9d27d87f558693c1727c93033b4e6ccb5bacc8fc,tcc-microservices-experiment-auth-1,0.02,69562532,1073741824,6.48,3,45.3kB / 40.3kB,15.2MB / 9.94MB
33,2026-09-10T04:01:42.321754+00:00,67,2026-09-10T04:01:41.957434+00:00,false,microservices,gateway,d17c369c2d82749b29faf8f33739ce1e400e8e1d232ebc5f5b51303a7350d7bc,tcc-microservices-experiment-gateway-1,33.05,457598566,536870912,85.24,76,41.6MB / 46.5MB,43.4MB / 21.4MB
33,2026-09-10T04:01:42.321754+00:00,67,2026-09-10T04:01:41.957434+00:00,false,microservices,mysql,50a6fabb16ba045e2ffa11e1c7ef22f08585ef0eb46f0ac69f11887576d4784f,tcc-microservices-experiment-mysql-1,24.53,482344960,1073741824,44.92,40,17.8MB / 41.6MB,68.6MB / 154MB
33,2026-09-10T04:01:42.321754+00:00,67,2026-09-10T04:01:41.957434+00:00,false,microservices,order,8e5b25d4fa69ae2926951a9870a4c3d3ab1b87d6dbcb95ac041c80b889a456ff,tcc-microservices-experiment-order-1,0.02,65064141,1073741824,6.06,3,5.31MB / 4.14MB,11MB / 9.18MB
33,2026-09-10T04:01:42.321754+00:00,67,2026-09-10T04:01:41.957434+00:00,false,microservices,product,f06b287eaf314fa63bbd638cbad43bfc62631adf14385dfd4ca6781993d22ec8,tcc-microservices-experiment-product-1,82.09,72729231,1073741824,6.77,3,46.5MB / 49.5MB,12.8MB / 9.28MB
34,2026-09-10T04:01:43.321761+00:00,69,2026-09-10T04:01:42.957527+00:00,false,microservices,auth,745938cd7236c90413cb600f9d27d87f558693c1727c93033b4e6ccb5bacc8fc,tcc-microservices-experiment-auth-1,0.02,69562532,1073741824,6.48,3,45.3kB / 40.3kB,15.2MB / 9.94MB
34,2026-09-10T04:01:43.321761+00:00,69,2026-09-10T04:01:42.957527+00:00,false,microservices,gateway,d17c369c2d82749b29faf8f33739ce1e400e8e1d232ebc5f5b51303a7350d7bc,tcc-microservices-experiment-gateway-1,42.86,457283994,536870912,85.17,76,42.4MB / 47.4MB,43.4MB / 21.4MB
34,2026-09-10T04:01:43.321761+00:00,69,2026-09-10T04:01:42.957527+00:00,false,microservices,mysql,50a6fabb16ba045e2ffa11e1c7ef22f08585ef0eb46f0ac69f11887576d4784f,tcc-microservices-experiment-mysql-1,27.71,483498394,1073741824,45.02,40,18MB / 42.3MB,68.6MB / 154MB
34,2026-09-10T04:01:43.321761+00:00,69,2026-09-10T04:01:42.957527+00:00,false,microservices,order,8e5b25d4fa69ae2926951a9870a4c3d3ab1b87d6dbcb95ac041c80b889a456ff,tcc-microservices-experiment-order-1,0.01,65064141,1073741824,6.06,3,5.31MB / 4.14MB,11MB / 9.18MB
34,2026-09-10T04:01:43.321761+00:00,69,2026-09-10T04:01:42.957527+00:00,false,microservices,product,f06b287eaf314fa63bbd638cbad43bfc62631adf14385dfd4ca6781993d22ec8,tcc-microservices-experiment-product-1,82.8,73284977,1073741824,6.83,3,47.3MB / 50.4MB,12.8MB / 9.28MB
35,2026-09-10T04:01:44.321753+00:00,71,2026-09-10T04:01:43.957486+00:00,false,microservices,auth,745938cd7236c90413cb600f9d27d87f558693c1727c93033b4e6ccb5bacc8fc,tcc-microservices-experiment-auth-1,0.01,69562532,1073741824,6.48,3,45.3kB / 40.3kB,15.2MB / 9.94MB
35,2026-09-10T04:01:44.321753+00:00,71,2026-09-10T04:01:43.957486+00:00,false,microservices,gateway,d17c369c2d82749b29faf8f33739ce1e400e8e1d232ebc5f5b51303a7350d7bc,tcc-microservices-experiment-gateway-1,64.62,457598566,536870912,85.24,76,43.1MB / 48.2MB,43.4MB / 21.4MB
35,2026-09-10T04:01:44.321753+00:00,71,2026-09-10T04:01:43.957486+00:00,false,microservices,mysql,50a6fabb16ba045e2ffa11e1c7ef22f08585ef0eb46f0ac69f11887576d4784f,tcc-microservices-experiment-mysql-1,23.21,482659533,1073741824,44.95,40,18.3MB / 42.9MB,68.6MB / 154MB
35,2026-09-10T04:01:44.321753+00:00,71,2026-09-10T04:01:43.957486+00:00,false,microservices,order,8e5b25d4fa69ae2926951a9870a4c3d3ab1b87d6dbcb95ac041c80b889a456ff,tcc-microservices-experiment-order-1,0.02,65064141,1073741824,6.06,3,5.31MB / 4.14MB,11MB / 9.18MB
35,2026-09-10T04:01:44.321753+00:00,71,2026-09-10T04:01:43.957486+00:00,false,microservices,product,f06b287eaf314fa63bbd638cbad43bfc62631adf14385dfd4ca6781993d22ec8,tcc-microservices-experiment-product-1,83.07,72928461,1073741824,6.79,3,48.1MB / 51.3MB,12.8MB / 9.28MB
36,2026-09-10T04:01:45.321733+00:00,73,2026-09-10T04:01:44.957304+00:00,false,microservices,auth,745938cd7236c90413cb600f9d27d87f558693c1727c93033b4e6ccb5bacc8fc,tcc-microservices-experiment-auth-1,0.01,69562532,1073741824,6.48,3,45.3kB / 40.3kB,15.2MB / 9.94MB
36,2026-09-10T04:01:45.321733+00:00,73,2026-09-10T04:01:44.957304+00:00,false,microservices,gateway,d17c369c2d82749b29faf8f33739ce1e400e8e1d232ebc5f5b51303a7350d7bc,tcc-microservices-experiment-gateway-1,85.91,457808282,536870912,85.27,76,43.8MB / 49MB,43.4MB / 21.4MB
36,2026-09-10T04:01:45.321733+00:00,73,2026-09-10T04:01:44.957304+00:00,false,microservices,mysql,50a6fabb16ba045e2ffa11e1c7ef22f08585ef0eb46f0ac69f11887576d4784f,tcc-microservices-experiment-mysql-1,27.83,482449818,1073741824,44.93,40,18.5MB / 43.6MB,68.6MB / 154MB
36,2026-09-10T04:01:45.321733+00:00,73,2026-09-10T04:01:44.957304+00:00,false,microservices,order,8e5b25d4fa69ae2926951a9870a4c3d3ab1b87d6dbcb95ac041c80b889a456ff,tcc-microservices-experiment-order-1,0.02,65064141,1073741824,6.06,3,5.31MB / 4.14MB,11MB / 9.18MB
36,2026-09-10T04:01:45.321733+00:00,73,2026-09-10T04:01:44.957304+00:00,false,microservices,product,f06b287eaf314fa63bbd638cbad43bfc62631adf14385dfd4ca6781993d22ec8,tcc-microservices-experiment-product-1,82.97,72970404,1073741824,6.8,3,48.9MB / 52.1MB,12.8MB / 9.28MB
37,2026-09-10T04:01:46.321752+00:00,75,2026-09-10T04:01:45.956944+00:00,false,microservices,auth,745938cd7236c90413cb600f9d27d87f558693c1727c93033b4e6ccb5bacc8fc,tcc-microservices-experiment-auth-1,0.02,69562532,1073741824,6.48,3,45.3kB / 40.3kB,15.2MB / 9.94MB
37,2026-09-10T04:01:46.321752+00:00,75,2026-09-10T04:01:45.956944+00:00,false,microservices,gateway,d17c369c2d82749b29faf8f33739ce1e400e8e1d232ebc5f5b51303a7350d7bc,tcc-microservices-experiment-gateway-1,43.97,458332570,536870912,85.37,76,44.6MB / 49.8MB,43.5MB / 21.4MB
37,2026-09-10T04:01:46.321752+00:00,75,2026-09-10T04:01:45.956944+00:00,false,microservices,mysql,50a6fabb16ba045e2ffa11e1c7ef22f08585ef0eb46f0ac69f11887576d4784f,tcc-microservices-experiment-mysql-1,22.97,482240102,1073741824,44.92,40,18.7MB / 44.2MB,68.6MB / 154MB
37,2026-09-10T04:01:46.321752+00:00,75,2026-09-10T04:01:45.956944+00:00,false,microservices,order,8e5b25d4fa69ae2926951a9870a4c3d3ab1b87d6dbcb95ac041c80b889a456ff,tcc-microservices-experiment-order-1,0.02,65064141,1073741824,6.06,3,5.31MB / 4.14MB,11MB / 9.18MB
37,2026-09-10T04:01:46.321752+00:00,75,2026-09-10T04:01:45.956944+00:00,false,microservices,product,f06b287eaf314fa63bbd638cbad43bfc62631adf14385dfd4ca6781993d22ec8,tcc-microservices-experiment-product-1,83.44,73201091,1073741824,6.82,3,49.8MB / 53MB,12.8MB / 9.28MB
38,2026-09-10T04:01:47.321738+00:00,77,2026-09-10T04:01:46.957547+00:00,false,microservices,auth,745938cd7236c90413cb600f9d27d87f558693c1727c93033b4e6ccb5bacc8fc,tcc-microservices-experiment-auth-1,0.02,69562532,1073741824,6.48,3,45.3kB / 40.3kB,15.2MB / 9.94MB
38,2026-09-10T04:01:47.321738+00:00,77,2026-09-10T04:01:46.957547+00:00,false,microservices,gateway,d17c369c2d82749b29faf8f33739ce1e400e8e1d232ebc5f5b51303a7350d7bc,tcc-microservices-experiment-gateway-1,31.26,458017997,536870912,85.31,76,45.3MB / 50.7MB,43.5MB / 21.4MB
38,2026-09-10T04:01:47.321738+00:00,77,2026-09-10T04:01:46.957547+00:00,false,microservices,mysql,50a6fabb16ba045e2ffa11e1c7ef22f08585ef0eb46f0ac69f11887576d4784f,tcc-microservices-experiment-mysql-1,28.78,481925530,1073741824,44.88,40,19MB / 44.8MB,68.6MB / 154MB
38,2026-09-10T04:01:47.321738+00:00,77,2026-09-10T04:01:46.957547+00:00,false,microservices,order,8e5b25d4fa69ae2926951a9870a4c3d3ab1b87d6dbcb95ac041c80b889a456ff,tcc-microservices-experiment-order-1,0.02,65064141,1073741824,6.06,3,5.31MB / 4.14MB,11MB / 9.18MB
38,2026-09-10T04:01:47.321738+00:00,77,2026-09-10T04:01:46.957547+00:00,false,microservices,product,f06b287eaf314fa63bbd638cbad43bfc62631adf14385dfd4ca6781993d22ec8,tcc-microservices-experiment-product-1,81.78,73589064,1073741824,6.85,3,50.6MB / 53.9MB,12.8MB / 9.28MB
39,2026-09-10T04:01:48.321753+00:00,79,2026-09-10T04:01:47.956867+00:00,false,microservices,auth,745938cd7236c90413cb600f9d27d87f558693c1727c93033b4e6ccb5bacc8fc,tcc-microservices-experiment-auth-1,0.02,69562532,1073741824,6.48,3,45.3kB / 40.3kB,15.2MB / 9.94MB
39,2026-09-10T04:01:48.321753+00:00,79,2026-09-10T04:01:47.956867+00:00,false,microservices,gateway,d17c369c2d82749b29faf8f33739ce1e400e8e1d232ebc5f5b51303a7350d7bc,tcc-microservices-experiment-gateway-1,32.53,457598566,536870912,85.24,76,46.1MB / 51.5MB,43.5MB / 21.4MB
39,2026-09-10T04:01:48.321753+00:00,79,2026-09-10T04:01:47.956867+00:00,false,microservices,mysql,50a6fabb16ba045e2ffa11e1c7ef22f08585ef0eb46f0ac69f11887576d4784f,tcc-microservices-experiment-mysql-1,23.42,482240102,1073741824,44.91,40,19.2MB / 45.5MB,68.6MB / 154MB
39,2026-09-10T04:01:48.321753+00:00,79,2026-09-10T04:01:47.956867+00:00,false,microservices,order,8e5b25d4fa69ae2926951a9870a4c3d3ab1b87d6dbcb95ac041c80b889a456ff,tcc-microservices-experiment-order-1,0.02,65064141,1073741824,6.06,3,5.31MB / 4.14MB,11MB / 9.18MB
39,2026-09-10T04:01:48.321753+00:00,79,2026-09-10T04:01:47.956867+00:00,false,microservices,product,f06b287eaf314fa63bbd638cbad43bfc62631adf14385dfd4ca6781993d22ec8,tcc-microservices-experiment-product-1,83.61,73672950,1073741824,6.86,3,51.4MB / 54.8MB,12.8MB / 9.28MB
40,2026-09-10T04:01:49.321744+00:00,81,2026-09-10T04:01:48.957325+00:00,false,microservices,auth,745938cd7236c90413cb600f9d27d87f558693c1727c93033b4e6ccb5bacc8fc,tcc-microservices-experiment-auth-1,0.02,69562532,1073741824,6.48,3,45.3kB / 40.3kB,15.2MB / 9.94MB
40,2026-09-10T04:01:49.321744+00:00,81,2026-09-10T04:01:48.957325+00:00,false,microservices,gateway,d17c369c2d82749b29faf8f33739ce1e400e8e1d232ebc5f5b51303a7350d7bc,tcc-microservices-experiment-gateway-1,32.36,457388851,536870912,85.19,76,46.8MB / 52.4MB,43.5MB / 21.4MB
40,2026-09-10T04:01:49.321744+00:00,81,2026-09-10T04:01:48.957325+00:00,false,microservices,mysql,50a6fabb16ba045e2ffa11e1c7ef22f08585ef0eb46f0ac69f11887576d4784f,tcc-microservices-experiment-mysql-1,28.28,482135245,1073741824,44.91,40,19.4MB / 46.2MB,68.6MB / 154MB
40,2026-09-10T04:01:49.321744+00:00,81,2026-09-10T04:01:48.957325+00:00,false,microservices,order,8e5b25d4fa69ae2926951a9870a4c3d3ab1b87d6dbcb95ac041c80b889a456ff,tcc-microservices-experiment-order-1,0.02,65064141,1073741824,6.06,3,5.31MB / 4.14MB,11MB / 9.18MB
40,2026-09-10T04:01:49.321744+00:00,81,2026-09-10T04:01:48.957325+00:00,false,microservices,product,f06b287eaf314fa63bbd638cbad43bfc62631adf14385dfd4ca6781993d22ec8,tcc-microservices-experiment-product-1,82.65,73966551,1073741824,6.89,3,52.3MB / 55.7MB,12.8MB / 9.28MB
41,2026-09-10T04:01:50.321740+00:00,83,2026-09-10T04:01:49.957574+00:00,false,microservices,auth,745938cd7236c90413cb600f9d27d87f558693c1727c93033b4e6ccb5bacc8fc,tcc-microservices-experiment-auth-1,0.01,69562532,1073741824,6.48,3,45.3kB / 40.3kB,15.2MB / 9.94MB
41,2026-09-10T04:01:50.321740+00:00,83,2026-09-10T04:01:49.957574+00:00,false,microservices,gateway,d17c369c2d82749b29faf8f33739ce1e400e8e1d232ebc5f5b51303a7350d7bc,tcc-microservices-experiment-gateway-1,33.14,457808282,536870912,85.28,76,47.6MB / 53.2MB,43.5MB / 21.4MB
41,2026-09-10T04:01:50.321740+00:00,83,2026-09-10T04:01:49.957574+00:00,false,microservices,mysql,50a6fabb16ba045e2ffa11e1c7ef22f08585ef0eb46f0ac69f11887576d4784f,tcc-microservices-experiment-mysql-1,23.09,482030387,1073741824,44.89,40,19.7MB / 46.8MB,68.6MB / 154MB
41,2026-09-10T04:01:50.321740+00:00,83,2026-09-10T04:01:49.957574+00:00,false,microservices,order,8e5b25d4fa69ae2926951a9870a4c3d3ab1b87d6dbcb95ac041c80b889a456ff,tcc-microservices-experiment-order-1,0.01,65064141,1073741824,6.06,3,5.31MB / 4.14MB,11MB / 9.18MB
41,2026-09-10T04:01:50.321740+00:00,83,2026-09-10T04:01:49.957574+00:00,false,microservices,product,f06b287eaf314fa63bbd638cbad43bfc62631adf14385dfd4ca6781993d22ec8,tcc-microservices-experiment-product-1,82.49,73117204,1073741824,6.81,3,53.1MB / 56.6MB,12.8MB / 9.28MB
42,2026-09-10T04:01:51.321750+00:00,85,2026-09-10T04:01:50.957405+00:00,false,microservices,auth,745938cd7236c90413cb600f9d27d87f558693c1727c93033b4e6ccb5bacc8fc,tcc-microservices-experiment-auth-1,0.02,69562532,1073741824,6.48,3,45.3kB / 40.3kB,15.2MB / 9.94MB
42,2026-09-10T04:01:51.321750+00:00,85,2026-09-10T04:01:50.957405+00:00,false,microservices,gateway,d17c369c2d82749b29faf8f33739ce1e400e8e1d232ebc5f5b51303a7350d7bc,tcc-microservices-experiment-gateway-1,50.53,458332570,536870912,85.37,76,48.3MB / 54MB,43.5MB / 21.4MB
42,2026-09-10T04:01:51.321750+00:00,85,2026-09-10T04:01:50.957405+00:00,false,microservices,mysql,50a6fabb16ba045e2ffa11e1c7ef22f08585ef0eb46f0ac69f11887576d4784f,tcc-microservices-experiment-mysql-1,28.9,482030387,1073741824,44.9,40,19.9MB / 47.4MB,68.6MB / 154MB
42,2026-09-10T04:01:51.321750+00:00,85,2026-09-10T04:01:50.957405+00:00,false,microservices,order,8e5b25d4fa69ae2926951a9870a4c3d3ab1b87d6dbcb95ac041c80b889a456ff,tcc-microservices-experiment-order-1,0.02,65064141,1073741824,6.06,3,5.31MB / 4.14MB,11MB / 9.18MB
42,2026-09-10T04:01:51.321750+00:00,85,2026-09-10T04:01:50.957405+00:00,false,microservices,product,f06b287eaf314fa63bbd638cbad43bfc62631adf14385dfd4ca6781993d22ec8,tcc-microservices-experiment-product-1,82.28,73693921,1073741824,6.86,3,53.9MB / 57.5MB,12.8MB / 9.28MB
43,2026-09-10T04:01:52.321756+00:00,87,2026-09-10T04:01:51.956926+00:00,false,microservices,auth,745938cd7236c90413cb600f9d27d87f558693c1727c93033b4e6ccb5bacc8fc,tcc-microservices-experiment-auth-1,0.02,69562532,1073741824,6.48,3,45.3kB / 40.3kB,15.2MB / 9.94MB
43,2026-09-10T04:01:52.321756+00:00,87,2026-09-10T04:01:51.956926+00:00,false,microservices,gateway,d17c369c2d82749b29faf8f33739ce1e400e8e1d232ebc5f5b51303a7350d7bc,tcc-microservices-experiment-gateway-1,40.92,457493709,536870912,85.21,76,49.1MB / 54.9MB,43.5MB / 21.4MB
43,2026-09-10T04:01:52.321756+00:00,87,2026-09-10T04:01:51.956926+00:00,false,microservices,mysql,50a6fabb16ba045e2ffa11e1c7ef22f08585ef0eb46f0ac69f11887576d4784f,tcc-microservices-experiment-mysql-1,23.39,482135245,1073741824,44.9,40,20.2MB / 48.1MB,68.6MB / 154MB
43,2026-09-10T04:01:52.321756+00:00,87,2026-09-10T04:01:51.956926+00:00,false,microservices,order,8e5b25d4fa69ae2926951a9870a4c3d3ab1b87d6dbcb95ac041c80b889a456ff,tcc-microservices-experiment-order-1,0.02,65064141,1073741824,6.06,3,5.31MB / 4.14MB,11MB / 9.18MB
43,2026-09-10T04:01:52.321756+00:00,87,2026-09-10T04:01:51.956926+00:00,false,microservices,product,f06b287eaf314fa63bbd638cbad43bfc62631adf14385dfd4ca6781993d22ec8,tcc-microservices-experiment-product-1,83.34,73610035,1073741824,6.86,3,54.8MB / 58.3MB,12.8MB / 9.28MB
44,2026-09-10T04:01:53.321763+00:00,89,2026-09-10T04:01:52.957355+00:00,false,microservices,auth,745938cd7236c90413cb600f9d27d87f558693c1727c93033b4e6ccb5bacc8fc,tcc-microservices-experiment-auth-1,0.01,69562532,1073741824,6.48,3,45.3kB / 40.3kB,15.2MB / 9.94MB
44,2026-09-10T04:01:53.321763+00:00,89,2026-09-10T04:01:52.957355+00:00,false,microservices,gateway,d17c369c2d82749b29faf8f33739ce1e400e8e1d232ebc5f5b51303a7350d7bc,tcc-microservices-experiment-gateway-1,58.12,458856858,536870912,85.47,76,49.8MB / 55.7MB,43.5MB / 21.4MB
44,2026-09-10T04:01:53.321763+00:00,89,2026-09-10T04:01:52.957355+00:00,false,microservices,mysql,50a6fabb16ba045e2ffa11e1c7ef22f08585ef0eb46f0ac69f11887576d4784f,tcc-microservices-experiment-mysql-1,28.45,482030387,1073741824,44.9,40,20.4MB / 48.7MB,68.6MB / 154MB
44,2026-09-10T04:01:53.321763+00:00,89,2026-09-10T04:01:52.957355+00:00,false,microservices,order,8e5b25d4fa69ae2926951a9870a4c3d3ab1b87d6dbcb95ac041c80b889a456ff,tcc-microservices-experiment-order-1,0.01,65064141,1073741824,6.06,3,5.31MB / 4.14MB,11MB / 9.18MB
44,2026-09-10T04:01:53.321763+00:00,89,2026-09-10T04:01:52.957355+00:00,false,microservices,product,f06b287eaf314fa63bbd638cbad43bfc62631adf14385dfd4ca6781993d22ec8,tcc-microservices-experiment-product-1,82.26,73851208,1073741824,6.88,3,55.6MB / 59.2MB,12.8MB / 9.28MB
45,2026-09-10T04:01:54.321728+00:00,91,2026-09-10T04:01:53.957419+00:00,false,microservices,auth,745938cd7236c90413cb600f9d27d87f558693c1727c93033b4e6ccb5bacc8fc,tcc-microservices-experiment-auth-1,0.02,69562532,1073741824,6.48,3,45.3kB / 40.3kB,15.2MB / 9.94MB
45,2026-09-10T04:01:54.321728+00:00,91,2026-09-10T04:01:53.957419+00:00,false,microservices,gateway,d17c369c2d82749b29faf8f33739ce1e400e8e1d232ebc5f5b51303a7350d7bc,tcc-microservices-experiment-gateway-1,35.17,458122854,536870912,85.32,76,50.6MB / 56.6MB,43.5MB / 21.4MB
45,2026-09-10T04:01:54.321728+00:00,91,2026-09-10T04:01:53.957419+00:00,false,microservices,mysql,50a6fabb16ba045e2ffa11e1c7ef22f08585ef0eb46f0ac69f11887576d4784f,tcc-microservices-experiment-mysql-1,23.35,482344960,1073741824,44.92,40,20.6MB / 49.4MB,68.6MB / 154MB
45,2026-09-10T04:01:54.321728+00:00,91,2026-09-10T04:01:53.957419+00:00,false,microservices,order,8e5b25d4fa69ae2926951a9870a4c3d3ab1b87d6dbcb95ac041c80b889a456ff,tcc-microservices-experiment-order-1,0.02,65064141,1073741824,6.06,3,5.31MB / 4.14MB,11MB / 9.18MB
45,2026-09-10T04:01:54.321728+00:00,91,2026-09-10T04:01:53.957419+00:00,false,microservices,product,f06b287eaf314fa63bbd638cbad43bfc62631adf14385dfd4ca6781993d22ec8,tcc-microservices-experiment-product-1,83.0,73693921,1073741824,6.86,3,56.4MB / 60.1MB,12.8MB / 9.28MB
46,2026-09-10T04:01:55.321742+00:00,93,2026-09-10T04:01:54.957248+00:00,false,microservices,auth,745938cd7236c90413cb600f9d27d87f558693c1727c93033b4e6ccb5bacc8fc,tcc-microservices-experiment-auth-1,0.02,61572383,1073741824,5.73,3,45.3kB / 40.3kB,15.2MB / 17.9MB
46,2026-09-10T04:01:55.321742+00:00,93,2026-09-10T04:01:54.957248+00:00,false,microservices,gateway,d17c369c2d82749b29faf8f33739ce1e400e8e1d232ebc5f5b51303a7350d7bc,tcc-microservices-experiment-gateway-1,29.81,449209958,536870912,83.66,76,51.3MB / 57.4MB,43.5MB / 30.2MB
46,2026-09-10T04:01:55.321742+00:00,93,2026-09-10T04:01:54.957248+00:00,false,microservices,mysql,50a6fabb16ba045e2ffa11e1c7ef22f08585ef0eb46f0ac69f11887576d4784f,tcc-microservices-experiment-mysql-1,28.05,460010291,1073741824,42.84,40,20.9MB / 50MB,68.6MB / 177MB
46,2026-09-10T04:01:55.321742+00:00,93,2026-09-10T04:01:54.957248+00:00,false,microservices,order,8e5b25d4fa69ae2926951a9870a4c3d3ab1b87d6dbcb95ac041c80b889a456ff,tcc-microservices-experiment-order-1,0.02,61457039,1073741824,5.72,3,5.31MB / 4.14MB,11MB / 12.8MB
46,2026-09-10T04:01:55.321742+00:00,93,2026-09-10T04:01:54.957248+00:00,false,microservices,product,f06b287eaf314fa63bbd638cbad43bfc62631adf14385dfd4ca6781993d22ec8,tcc-microservices-experiment-product-1,86.57,69856133,1073741824,6.51,3,57.3MB / 61MB,12.8MB / 12.7MB
47,2026-09-10T04:01:56.321724+00:00,95,2026-09-10T04:01:55.957173+00:00,false,microservices,auth,745938cd7236c90413cb600f9d27d87f558693c1727c93033b4e6ccb5bacc8fc,tcc-microservices-experiment-auth-1,0.02,61572383,1073741824,5.73,3,45.3kB / 40.3kB,15.2MB / 17.9MB
47,2026-09-10T04:01:56.321724+00:00,95,2026-09-10T04:01:55.957173+00:00,false,microservices,gateway,d17c369c2d82749b29faf8f33739ce1e400e8e1d232ebc5f5b51303a7350d7bc,tcc-microservices-experiment-gateway-1,30.68,445644800,536870912,83.01,76,52.1MB / 58.2MB,43.5MB / 33.5MB
47,2026-09-10T04:01:56.321724+00:00,95,2026-09-10T04:01:55.957173+00:00,false,microservices,mysql,50a6fabb16ba045e2ffa11e1c7ef22f08585ef0eb46f0ac69f11887576d4784f,tcc-microservices-experiment-mysql-1,23.28,432537600,1073741824,40.28,40,21.1MB / 50.7MB,68.6MB / 186MB
47,2026-09-10T04:01:56.321724+00:00,95,2026-09-10T04:01:55.957173+00:00,false,microservices,order,8e5b25d4fa69ae2926951a9870a4c3d3ab1b87d6dbcb95ac041c80b889a456ff,tcc-microservices-experiment-order-1,0.02,57315164,1073741824,5.34,3,5.31MB / 4.14MB,11MB / 16.9MB
47,2026-09-10T04:01:56.321724+00:00,95,2026-09-10T04:01:55.957173+00:00,false,microservices,product,f06b287eaf314fa63bbd638cbad43bfc62631adf14385dfd4ca6781993d22ec8,tcc-microservices-experiment-product-1,85.47,65619886,1073741824,6.11,3,58.1MB / 61.9MB,12.8MB / 16.8MB
48,2026-09-10T04:01:57.321742+00:00,97,2026-09-10T04:01:56.957311+00:00,false,microservices,auth,745938cd7236c90413cb600f9d27d87f558693c1727c93033b4e6ccb5bacc8fc,tcc-microservices-experiment-auth-1,0.01,61572383,1073741824,5.73,3,45.3kB / 40.3kB,15.2MB / 17.9MB
48,2026-09-10T04:01:57.321742+00:00,97,2026-09-10T04:01:56.957311+00:00,false,microservices,gateway,d17c369c2d82749b29faf8f33739ce1e400e8e1d232ebc5f5b51303a7350d7bc,tcc-microservices-experiment-gateway-1,37.54,444805939,536870912,82.86,76,52.8MB / 59.1MB,43.5MB / 33.5MB
48,2026-09-10T04:01:57.321742+00:00,97,2026-09-10T04:01:56.957311+00:00,false,microservices,mysql,50a6fabb16ba045e2ffa11e1c7ef22f08585ef0eb46f0ac69f11887576d4784f,tcc-microservices-experiment-mysql-1,28.16,432537600,1073741824,40.28,40,21.4MB / 51.3MB,68.6MB / 186MB
48,2026-09-10T04:01:57.321742+00:00,97,2026-09-10T04:01:56.957311+00:00,false,microservices,order,8e5b25d4fa69ae2926951a9870a4c3d3ab1b87d6dbcb95ac041c80b889a456ff,tcc-microservices-experiment-order-1,0.02,57315164,1073741824,5.34,3,5.31MB / 4.14MB,11MB / 16.9MB
48,2026-09-10T04:01:57.321742+00:00,97,2026-09-10T04:01:56.957311+00:00,false,microservices,product,f06b287eaf314fa63bbd638cbad43bfc62631adf14385dfd4ca6781993d22ec8,tcc-microservices-experiment-product-1,82.42,66196603,1073741824,6.17,3,58.9MB / 62.8MB,12.8MB / 16.8MB
49,2026-09-10T04:01:58.321739+00:00,99,2026-09-10T04:01:57.956807+00:00,false,microservices,auth,745938cd7236c90413cb600f9d27d87f558693c1727c93033b4e6ccb5bacc8fc,tcc-microservices-experiment-auth-1,0.02,61572383,1073741824,5.73,3,45.3kB / 40.3kB,15.2MB / 17.9MB
49,2026-09-10T04:01:58.321739+00:00,99,2026-09-10T04:01:57.956807+00:00,false,microservices,gateway,d17c369c2d82749b29faf8f33739ce1e400e8e1d232ebc5f5b51303a7350d7bc,tcc-microservices-experiment-gateway-1,31.59,445330227,536870912,82.95,76,53.6MB / 59.9MB,43.5MB / 33.5MB
49,2026-09-10T04:01:58.321739+00:00,99,2026-09-10T04:01:57.956807+00:00,false,microservices,mysql,50a6fabb16ba045e2ffa11e1c7ef22f08585ef0eb46f0ac69f11887576d4784f,tcc-microservices-experiment-mysql-1,24.08,431593882,1073741824,40.2,40,21.6MB / 52MB,68.6MB / 186MB
49,2026-09-10T04:01:58.321739+00:00,99,2026-09-10T04:01:57.956807+00:00,false,microservices,order,8e5b25d4fa69ae2926951a9870a4c3d3ab1b87d6dbcb95ac041c80b889a456ff,tcc-microservices-experiment-order-1,0.02,57315164,1073741824,5.34,3,5.31MB / 4.14MB,11MB / 16.9MB
49,2026-09-10T04:01:58.321739+00:00,99,2026-09-10T04:01:57.956807+00:00,false,microservices,product,f06b287eaf314fa63bbd638cbad43bfc62631adf14385dfd4ca6781993d22ec8,tcc-microservices-experiment-product-1,82.01,66290975,1073741824,6.17,3,59.8MB / 63.7MB,12.8MB / 16.8MB
50,2026-09-10T04:01:59.321713+00:00,101,2026-09-10T04:01:58.956676+00:00,false,microservices,auth,745938cd7236c90413cb600f9d27d87f558693c1727c93033b4e6ccb5bacc8fc,tcc-microservices-experiment-auth-1,0.02,61572383,1073741824,5.73,3,45.3kB / 40.3kB,15.2MB / 17.9MB
50,2026-09-10T04:01:59.321713+00:00,101,2026-09-10T04:01:58.956676+00:00,false,microservices,gateway,d17c369c2d82749b29faf8f33739ce1e400e8e1d232ebc5f5b51303a7350d7bc,tcc-microservices-experiment-gateway-1,32.41,446064230,536870912,83.09,76,54.4MB / 60.8MB,43.5MB / 33.5MB
50,2026-09-10T04:01:59.321713+00:00,101,2026-09-10T04:01:58.956676+00:00,false,microservices,mysql,50a6fabb16ba045e2ffa11e1c7ef22f08585ef0eb46f0ac69f11887576d4784f,tcc-microservices-experiment-mysql-1,27.65,431593882,1073741824,40.19,40,21.9MB / 52.7MB,68.6MB / 186MB
50,2026-09-10T04:01:59.321713+00:00,101,2026-09-10T04:01:58.956676+00:00,false,microservices,order,8e5b25d4fa69ae2926951a9870a4c3d3ab1b87d6dbcb95ac041c80b889a456ff,tcc-microservices-experiment-order-1,0.02,57315164,1073741824,5.34,3,5.31MB / 4.14MB,11MB / 16.9MB
50,2026-09-10T04:01:59.321713+00:00,101,2026-09-10T04:01:58.956676+00:00,false,microservices,product,f06b287eaf314fa63bbd638cbad43bfc62631adf14385dfd4ca6781993d22ec8,tcc-microservices-experiment-product-1,83.23,65829601,1073741824,6.13,3,60.6MB / 64.6MB,12.8MB / 16.8MB
51,2026-09-10T04:02:00.321714+00:00,103,2026-09-10T04:01:59.957244+00:00,false,microservices,auth,745938cd7236c90413cb600f9d27d87f558693c1727c93033b4e6ccb5bacc8fc,tcc-microservices-experiment-auth-1,0.02,61572383,1073741824,5.73,3,45.3kB / 40.3kB,15.2MB / 17.9MB
51,2026-09-10T04:02:00.321714+00:00,103,2026-09-10T04:01:59.957244+00:00,false,microservices,gateway,d17c369c2d82749b29faf8f33739ce1e400e8e1d232ebc5f5b51303a7350d7bc,tcc-microservices-experiment-gateway-1,35.45,445749658,536870912,83.04,75,55.1MB / 61.7MB,43.6MB / 33.5MB
51,2026-09-10T04:02:00.321714+00:00,103,2026-09-10T04:01:59.957244+00:00,false,microservices,mysql,50a6fabb16ba045e2ffa11e1c7ef22f08585ef0eb46f0ac69f11887576d4784f,tcc-microservices-experiment-mysql-1,23.9,431803597,1073741824,40.21,40,22.1MB / 53.3MB,68.6MB / 186MB
51,2026-09-10T04:02:00.321714+00:00,103,2026-09-10T04:01:59.957244+00:00,false,microservices,order,8e5b25d4fa69ae2926951a9870a4c3d3ab1b87d6dbcb95ac041c80b889a456ff,tcc-microservices-experiment-order-1,0.02,57315164,1073741824,5.34,3,5.31MB / 4.14MB,11MB / 16.9MB
51,2026-09-10T04:02:00.321714+00:00,103,2026-09-10T04:01:59.957244+00:00,false,microservices,product,f06b287eaf314fa63bbd638cbad43bfc62631adf14385dfd4ca6781993d22ec8,tcc-microservices-experiment-product-1,81.8,66678948,1073741824,6.21,3,61.5MB / 65.5MB,12.8MB / 16.8MB
52,2026-09-10T04:02:01.321755+00:00,105,2026-09-10T04:02:00.956875+00:00,false,microservices,auth,745938cd7236c90413cb600f9d27d87f558693c1727c93033b4e6ccb5bacc8fc,tcc-microservices-experiment-auth-1,0.02,61572383,1073741824,5.73,3,45.3kB / 40.3kB,15.2MB / 17.9MB
52,2026-09-10T04:02:01.321755+00:00,105,2026-09-10T04:02:00.956875+00:00,false,microservices,gateway,d17c369c2d82749b29faf8f33739ce1e400e8e1d232ebc5f5b51303a7350d7bc,tcc-microservices-experiment-gateway-1,62.47,445435085,536870912,82.96,75,55.9MB / 62.5MB,43.6MB / 33.5MB
52,2026-09-10T04:02:01.321755+00:00,105,2026-09-10T04:02:00.956875+00:00,false,microservices,mysql,50a6fabb16ba045e2ffa11e1c7ef22f08585ef0eb46f0ac69f11887576d4784f,tcc-microservices-experiment-mysql-1,28.83,431908454,1073741824,40.23,40,22.3MB / 54MB,68.6MB / 186MB
52,2026-09-10T04:02:01.321755+00:00,105,2026-09-10T04:02:00.956875+00:00,false,microservices,order,8e5b25d4fa69ae2926951a9870a4c3d3ab1b87d6dbcb95ac041c80b889a456ff,tcc-microservices-experiment-order-1,0.02,57315164,1073741824,5.34,3,5.31MB / 4.14MB,11MB / 16.9MB
52,2026-09-10T04:02:01.321755+00:00,105,2026-09-10T04:02:00.956875+00:00,false,microservices,product,f06b287eaf314fa63bbd638cbad43bfc62631adf14385dfd4ca6781993d22ec8,tcc-microservices-experiment-product-1,83.01,66374861,1073741824,6.18,3,62.3MB / 66.4MB,12.8MB / 16.8MB
53,2026-09-10T04:02:02.321764+00:00,107,2026-09-10T04:02:01.957499+00:00,false,microservices,auth,745938cd7236c90413cb600f9d27d87f558693c1727c93033b4e6ccb5bacc8fc,tcc-microservices-experiment-auth-1,0.02,61572383,1073741824,5.73,3,45.5kB / 40.3kB,15.2MB / 17.9MB
53,2026-09-10T04:02:02.321764+00:00,107,2026-09-10T04:02:01.957499+00:00,false,microservices,gateway,d17c369c2d82749b29faf8f33739ce1e400e8e1d232ebc5f5b51303a7350d7bc,tcc-microservices-experiment-gateway-1,31.58,446064230,536870912,83.09,75,56.7MB / 63.4MB,43.6MB / 33.5MB
53,2026-09-10T04:02:02.321764+00:00,107,2026-09-10T04:02:01.957499+00:00,false,microservices,mysql,50a6fabb16ba045e2ffa11e1c7ef22f08585ef0eb46f0ac69f11887576d4784f,tcc-microservices-experiment-mysql-1,23.86,431593882,1073741824,40.19,40,22.6MB / 54.6MB,68.6MB / 186MB
53,2026-09-10T04:02:02.321764+00:00,107,2026-09-10T04:02:01.957499+00:00,false,microservices,order,8e5b25d4fa69ae2926951a9870a4c3d3ab1b87d6dbcb95ac041c80b889a456ff,tcc-microservices-experiment-order-1,0.02,57315164,1073741824,5.34,3,5.31MB / 4.14MB,11MB / 16.9MB
53,2026-09-10T04:02:02.321764+00:00,107,2026-09-10T04:02:01.957499+00:00,false,microservices,product,f06b287eaf314fa63bbd638cbad43bfc62631adf14385dfd4ca6781993d22ec8,tcc-microservices-experiment-product-1,82.63,67444408,1073741824,6.28,3,63.2MB / 67.3MB,12.8MB / 16.8MB
54,2026-09-10T04:02:03.321727+00:00,109,2026-09-10T04:02:02.957194+00:00,false,microservices,auth,745938cd7236c90413cb600f9d27d87f558693c1727c93033b4e6ccb5bacc8fc,tcc-microservices-experiment-auth-1,0.02,61572383,1073741824,5.73,3,45.5kB / 40.3kB,15.2MB / 17.9MB
54,2026-09-10T04:02:03.321727+00:00,109,2026-09-10T04:02:02.957194+00:00,false,microservices,gateway,d17c369c2d82749b29faf8f33739ce1e400e8e1d232ebc5f5b51303a7350d7bc,tcc-microservices-experiment-gateway-1,31.74,446378803,536870912,83.15,75,57.4MB / 64.2MB,43.6MB / 33.5MB
54,2026-09-10T04:02:03.321727+00:00,109,2026-09-10T04:02:02.957194+00:00,false,microservices,mysql,50a6fabb16ba045e2ffa11e1c7ef22f08585ef0eb46f0ac69f11887576d4784f,tcc-microservices-experiment-mysql-1,29.37,432432742,1073741824,40.27,40,22.8MB / 55.3MB,68.6MB / 186MB
54,2026-09-10T04:02:03.321727+00:00,109,2026-09-10T04:02:02.957194+00:00,false,microservices,order,8e5b25d4fa69ae2926951a9870a4c3d3ab1b87d6dbcb95ac041c80b889a456ff,tcc-microservices-experiment-order-1,0.02,57315164,1073741824,5.34,3,5.31MB / 4.14MB,11MB / 16.9MB
54,2026-09-10T04:02:03.321727+00:00,109,2026-09-10T04:02:02.957194+00:00,false,microservices,product,f06b287eaf314fa63bbd638cbad43bfc62631adf14385dfd4ca6781993d22ec8,tcc-microservices-experiment-product-1,81.45,65347256,1073741824,6.09,3,64MB / 68.2MB,13.1MB / 16.8MB
55,2026-09-10T04:02:04.321752+00:00,111,2026-09-10T04:02:03.957354+00:00,false,microservices,auth,745938cd7236c90413cb600f9d27d87f558693c1727c93033b4e6ccb5bacc8fc,tcc-microservices-experiment-auth-1,0.02,61572383,1073741824,5.73,3,45.5kB / 40.3kB,15.2MB / 17.9MB
55,2026-09-10T04:02:04.321752+00:00,111,2026-09-10T04:02:03.957354+00:00,false,microservices,gateway,d17c369c2d82749b29faf8f33739ce1e400e8e1d232ebc5f5b51303a7350d7bc,tcc-microservices-experiment-gateway-1,31.22,446169088,536870912,83.11,75,58.1MB / 65MB,43.6MB / 33.5MB
55,2026-09-10T04:02:04.321752+00:00,111,2026-09-10T04:02:03.957354+00:00,false,microservices,mysql,50a6fabb16ba045e2ffa11e1c7ef22f08585ef0eb46f0ac69f11887576d4784f,tcc-microservices-experiment-mysql-1,24.87,431803597,1073741824,40.22,40,23.1MB / 55.9MB,68.6MB / 186MB
55,2026-09-10T04:02:04.321752+00:00,111,2026-09-10T04:02:03.957354+00:00,false,microservices,order,8e5b25d4fa69ae2926951a9870a4c3d3ab1b87d6dbcb95ac041c80b889a456ff,tcc-microservices-experiment-order-1,0.02,57315164,1073741824,5.34,3,5.31MB / 4.14MB,11MB / 16.9MB
55,2026-09-10T04:02:04.321752+00:00,111,2026-09-10T04:02:03.957354+00:00,false,microservices,product,f06b287eaf314fa63bbd638cbad43bfc62631adf14385dfd4ca6781993d22ec8,tcc-microservices-experiment-product-1,80.98,65347256,1073741824,6.09,3,64.8MB / 69.1MB,13.1MB / 16.8MB
56,2026-09-10T04:02:05.321757+00:00,113,2026-09-10T04:02:04.956744+00:00,false,microservices,auth,745938cd7236c90413cb600f9d27d87f558693c1727c93033b4e6ccb5bacc8fc,tcc-microservices-experiment-auth-1,0.02,61572383,1073741824,5.73,3,45.5kB / 40.3kB,15.2MB / 17.9MB
56,2026-09-10T04:02:05.321757+00:00,113,2026-09-10T04:02:04.956744+00:00,false,microservices,gateway,d17c369c2d82749b29faf8f33739ce1e400e8e1d232ebc5f5b51303a7350d7bc,tcc-microservices-experiment-gateway-1,31.22,446169088,536870912,83.11,75,58.1MB / 65MB,43.6MB / 33.5MB
56,2026-09-10T04:02:05.321757+00:00,113,2026-09-10T04:02:04.956744+00:00,false,microservices,mysql,50a6fabb16ba045e2ffa11e1c7ef22f08585ef0eb46f0ac69f11887576d4784f,tcc-microservices-experiment-mysql-1,24.87,431803597,1073741824,40.22,40,23.1MB / 55.9MB,68.6MB / 186MB
56,2026-09-10T04:02:05.321757+00:00,113,2026-09-10T04:02:04.956744+00:00,false,microservices,order,8e5b25d4fa69ae2926951a9870a4c3d3ab1b87d6dbcb95ac041c80b889a456ff,tcc-microservices-experiment-order-1,0.01,57315164,1073741824,5.34,3,5.31MB / 4.14MB,11MB / 16.9MB
56,2026-09-10T04:02:05.321757+00:00,113,2026-09-10T04:02:04.956744+00:00,false,microservices,product,f06b287eaf314fa63bbd638cbad43bfc62631adf14385dfd4ca6781993d22ec8,tcc-microservices-experiment-product-1,80.98,65347256,1073741824,6.09,3,64.8MB / 69.1MB,13.1MB / 16.8MB
57,2026-09-10T04:02:06.321759+00:00,115,2026-09-10T04:02:05.956733+00:00,false,microservices,auth,745938cd7236c90413cb600f9d27d87f558693c1727c93033b4e6ccb5bacc8fc,tcc-microservices-experiment-auth-1,0.02,61572383,1073741824,5.73,3,45.6kB / 40.3kB,15.2MB / 17.9MB
57,2026-09-10T04:02:06.321759+00:00,115,2026-09-10T04:02:05.956733+00:00,false,microservices,gateway,d17c369c2d82749b29faf8f33739ce1e400e8e1d232ebc5f5b51303a7350d7bc,tcc-microservices-experiment-gateway-1,31.67,445539942,536870912,82.99,75,58.9MB / 65.9MB,43.6MB / 33.5MB
57,2026-09-10T04:02:06.321759+00:00,115,2026-09-10T04:02:05.956733+00:00,false,microservices,mysql,50a6fabb16ba045e2ffa11e1c7ef22f08585ef0eb46f0ac69f11887576d4784f,tcc-microservices-experiment-mysql-1,29.13,431908454,1073741824,40.22,40,23.3MB / 56.6MB,68.6MB / 186MB
57,2026-09-10T04:02:06.321759+00:00,115,2026-09-10T04:02:05.956733+00:00,false,microservices,order,8e5b25d4fa69ae2926951a9870a4c3d3ab1b87d6dbcb95ac041c80b889a456ff,tcc-microservices-experiment-order-1,0.01,57315164,1073741824,5.34,3,5.31MB / 4.14MB,11MB / 16.9MB
57,2026-09-10T04:02:06.321759+00:00,115,2026-09-10T04:02:05.956733+00:00,false,microservices,product,f06b287eaf314fa63bbd638cbad43bfc62631adf14385dfd4ca6781993d22ec8,tcc-microservices-experiment-product-1,82.02,65976402,1073741824,6.14,3,65.6MB / 70MB,13.1MB / 16.8MB
58,2026-09-10T04:02:07.321757+00:00,117,2026-09-10T04:02:06.957299+00:00,false,microservices,auth,745938cd7236c90413cb600f9d27d87f558693c1727c93033b4e6ccb5bacc8fc,tcc-microservices-experiment-auth-1,0.01,61572383,1073741824,5.73,3,45.6kB / 40.3kB,15.2MB / 17.9MB
58,2026-09-10T04:02:07.321757+00:00,117,2026-09-10T04:02:06.957299+00:00,false,microservices,gateway,d17c369c2d82749b29faf8f33739ce1e400e8e1d232ebc5f5b51303a7350d7bc,tcc-microservices-experiment-gateway-1,30.75,445854515,536870912,83.04,75,59.6MB / 66.7MB,43.6MB / 33.5MB
58,2026-09-10T04:02:07.321757+00:00,117,2026-09-10T04:02:06.957299+00:00,false,microservices,mysql,50a6fabb16ba045e2ffa11e1c7ef22f08585ef0eb46f0ac69f11887576d4784f,tcc-microservices-experiment-mysql-1,24.81,431384166,1073741824,40.18,40,23.6MB / 57.2MB,68.6MB / 186MB
58,2026-09-10T04:02:07.321757+00:00,117,2026-09-10T04:02:06.957299+00:00,false,microservices,order,8e5b25d4fa69ae2926951a9870a4c3d3ab1b87d6dbcb95ac041c80b889a456ff,tcc-microservices-experiment-order-1,0.02,57315164,1073741824,5.34,3,5.31MB / 4.14MB,11MB / 16.9MB
58,2026-09-10T04:02:07.321757+00:00,117,2026-09-10T04:02:06.957299+00:00,false,microservices,product,f06b287eaf314fa63bbd638cbad43bfc62631adf14385dfd4ca6781993d22ec8,tcc-microservices-experiment-product-1,81.51,66060288,1073741824,6.15,3,66.5MB / 70.9MB,13.1MB / 16.8MB
59,2026-09-10T04:02:08.321725+00:00,119,2026-09-10T04:02:07.962834+00:00,false,microservices,auth,745938cd7236c90413cb600f9d27d87f558693c1727c93033b4e6ccb5bacc8fc,tcc-microservices-experiment-auth-1,0.01,61572383,1073741824,5.73,3,45.6kB / 40.3kB,15.2MB / 17.9MB
59,2026-09-10T04:02:08.321725+00:00,119,2026-09-10T04:02:07.962834+00:00,false,microservices,gateway,d17c369c2d82749b29faf8f33739ce1e400e8e1d232ebc5f5b51303a7350d7bc,tcc-microservices-experiment-gateway-1,34.52,446798234,536870912,83.23,75,60.4MB / 67.5MB,43.6MB / 33.5MB
59,2026-09-10T04:02:08.321725+00:00,119,2026-09-10T04:02:07.962834+00:00,false,microservices,mysql,50a6fabb16ba045e2ffa11e1c7ef22f08585ef0eb46f0ac69f11887576d4784f,tcc-microservices-experiment-mysql-1,28.13,431593882,1073741824,40.2,40,23.8MB / 57.9MB,68.6MB / 186MB
59,2026-09-10T04:02:08.321725+00:00,119,2026-09-10T04:02:07.962834+00:00,false,microservices,order,8e5b25d4fa69ae2926951a9870a4c3d3ab1b87d6dbcb95ac041c80b889a456ff,tcc-microservices-experiment-order-1,0.01,57315164,1073741824,5.34,3,5.31MB / 4.14MB,11MB / 16.9MB
59,2026-09-10T04:02:08.321725+00:00,119,2026-09-10T04:02:07.962834+00:00,false,microservices,product,f06b287eaf314fa63bbd638cbad43bfc62631adf14385dfd4ca6781993d22ec8,tcc-microservices-experiment-product-1,83.03,65840087,1073741824,6.13,3,67.3MB / 71.8MB,13.1MB / 16.8MB
60,2026-09-10T04:02:09.321757+00:00,121,2026-09-10T04:02:08.957532+00:00,false,microservices,auth,745938cd7236c90413cb600f9d27d87f558693c1727c93033b4e6ccb5bacc8fc,tcc-microservices-experiment-auth-1,0.02,61572383,1073741824,5.73,3,45.6kB / 40.3kB,15.2MB / 17.9MB
60,2026-09-10T04:02:09.321757+00:00,121,2026-09-10T04:02:08.957532+00:00,false,microservices,gateway,d17c369c2d82749b29faf8f33739ce1e400e8e1d232ebc5f5b51303a7350d7bc,tcc-microservices-experiment-gateway-1,31.36,446483661,536870912,83.17,75,61.2MB / 68.4MB,43.6MB / 33.5MB
60,2026-09-10T04:02:09.321757+00:00,121,2026-09-10T04:02:08.957532+00:00,false,microservices,mysql,50a6fabb16ba045e2ffa11e1c7ef22f08585ef0eb46f0ac69f11887576d4784f,tcc-microservices-experiment-mysql-1,23.96,432013312,1073741824,40.24,40,24MB / 58.5MB,68.6MB / 186MB
60,2026-09-10T04:02:09.321757+00:00,121,2026-09-10T04:02:08.957532+00:00,false,microservices,order,8e5b25d4fa69ae2926951a9870a4c3d3ab1b87d6dbcb95ac041c80b889a456ff,tcc-microservices-experiment-order-1,0.01,57315164,1073741824,5.34,3,5.31MB / 4.14MB,11MB / 16.9MB
60,2026-09-10T04:02:09.321757+00:00,121,2026-09-10T04:02:08.957532+00:00,false,microservices,product,f06b287eaf314fa63bbd638cbad43bfc62631adf14385dfd4ca6781993d22ec8,tcc-microservices-experiment-product-1,82.09,65630372,1073741824,6.11,3,68.2MB / 72.7MB,13.1MB / 16.8MB
61,2026-09-10T04:02:10.321748+00:00,123,2026-09-10T04:02:09.958365+00:00,false,microservices,auth,745938cd7236c90413cb600f9d27d87f558693c1727c93033b4e6ccb5bacc8fc,tcc-microservices-experiment-auth-1,0.01,61572383,1073741824,5.73,3,45.6kB / 40.3kB,15.2MB / 17.9MB
61,2026-09-10T04:02:10.321748+00:00,123,2026-09-10T04:02:09.958365+00:00,false,microservices,gateway,d17c369c2d82749b29faf8f33739ce1e400e8e1d232ebc5f5b51303a7350d7bc,tcc-microservices-experiment-gateway-1,44.41,445854515,536870912,83.05,75,61.9MB / 69.2MB,43.8MB / 33.5MB
61,2026-09-10T04:02:10.321748+00:00,123,2026-09-10T04:02:09.958365+00:00,false,microservices,mysql,50a6fabb16ba045e2ffa11e1c7ef22f08585ef0eb46f0ac69f11887576d4784f,tcc-microservices-experiment-mysql-1,27.94,432432742,1073741824,40.28,40,24.3MB / 59.1MB,68.6MB / 186MB
61,2026-09-10T04:02:10.321748+00:00,123,2026-09-10T04:02:09.958365+00:00,false,microservices,order,8e5b25d4fa69ae2926951a9870a4c3d3ab1b87d6dbcb95ac041c80b889a456ff,tcc-microservices-experiment-order-1,0.01,57315164,1073741824,5.34,3,5.31MB / 4.14MB,11MB / 16.9MB
61,2026-09-10T04:02:10.321748+00:00,123,2026-09-10T04:02:09.958365+00:00,false,microservices,product,f06b287eaf314fa63bbd638cbad43bfc62631adf14385dfd4ca6781993d22ec8,tcc-microservices-experiment-product-1,82.84,66144174,1073741824,6.16,3,68.9MB / 73.5MB,13.1MB / 16.8MB
62,2026-09-10T04:02:11.321754+00:00,125,2026-09-10T04:02:10.957346+00:00,false,microservices,auth,745938cd7236c90413cb600f9d27d87f558693c1727c93033b4e6ccb5bacc8fc,tcc-microservices-experiment-auth-1,0.02,61572383,1073741824,5.73,3,45.6kB / 40.3kB,15.2MB / 17.9MB
62,2026-09-10T04:02:11.321754+00:00,125,2026-09-10T04:02:10.957346+00:00,false,microservices,gateway,d17c369c2d82749b29faf8f33739ce1e400e8e1d232ebc5f5b51303a7350d7bc,tcc-microservices-experiment-gateway-1,30.08,446903091,536870912,83.24,75,62.6MB / 70MB,43.8MB / 33.5MB
62,2026-09-10T04:02:11.321754+00:00,125,2026-09-10T04:02:10.957346+00:00,false,microservices,mysql,50a6fabb16ba045e2ffa11e1c7ef22f08585ef0eb46f0ac69f11887576d4784f,tcc-microservices-experiment-mysql-1,25.76,431384166,1073741824,40.18,40,24.5MB / 59.8MB,68.6MB / 186MB
62,2026-09-10T04:02:11.321754+00:00,125,2026-09-10T04:02:10.957346+00:00,false,microservices,order,8e5b25d4fa69ae2926951a9870a4c3d3ab1b87d6dbcb95ac041c80b889a456ff,tcc-microservices-experiment-order-1,0.01,57315164,1073741824,5.34,3,5.31MB / 4.14MB,11MB / 16.9MB
62,2026-09-10T04:02:11.321754+00:00,125,2026-09-10T04:02:10.957346+00:00,false,microservices,product,f06b287eaf314fa63bbd638cbad43bfc62631adf14385dfd4ca6781993d22ec8,tcc-microservices-experiment-product-1,80.53,66322432,1073741824,6.18,3,69.8MB / 74.4MB,13.1MB / 16.8MB
63,2026-09-10T04:02:12.321752+00:00,127,2026-09-10T04:02:11.958551+00:00,false,microservices,auth,745938cd7236c90413cb600f9d27d87f558693c1727c93033b4e6ccb5bacc8fc,tcc-microservices-experiment-auth-1,0.02,61572383,1073741824,5.73,3,45.6kB / 40.3kB,15.2MB / 17.9MB
63,2026-09-10T04:02:12.321752+00:00,127,2026-09-10T04:02:11.958551+00:00,false,microservices,gateway,d17c369c2d82749b29faf8f33739ce1e400e8e1d232ebc5f5b51303a7350d7bc,tcc-microservices-experiment-gateway-1,32.0,447007949,536870912,83.26,75,63.3MB / 70.8MB,43.8MB / 33.5MB
63,2026-09-10T04:02:12.321752+00:00,127,2026-09-10T04:02:11.958551+00:00,false,microservices,mysql,50a6fabb16ba045e2ffa11e1c7ef22f08585ef0eb46f0ac69f11887576d4784f,tcc-microservices-experiment-mysql-1,29.02,431803597,1073741824,40.21,40,24.7MB / 60.4MB,68.6MB / 186MB
63,2026-09-10T04:02:12.321752+00:00,127,2026-09-10T04:02:11.958551+00:00,false,microservices,order,8e5b25d4fa69ae2926951a9870a4c3d3ab1b87d6dbcb95ac041c80b889a456ff,tcc-microservices-experiment-order-1,0.02,57315164,1073741824,5.34,3,5.31MB / 4.14MB,11MB / 16.9MB
63,2026-09-10T04:02:12.321752+00:00,127,2026-09-10T04:02:11.958551+00:00,false,microservices,product,f06b287eaf314fa63bbd638cbad43bfc62631adf14385dfd4ca6781993d22ec8,tcc-microservices-experiment-product-1,81.45,66500690,1073741824,6.19,3,70.6MB / 75.2MB,13.1MB / 16.8MB
64,2026-09-10T04:02:13.321758+00:00,129,2026-09-10T04:02:12.957471+00:00,false,microservices,auth,745938cd7236c90413cb600f9d27d87f558693c1727c93033b4e6ccb5bacc8fc,tcc-microservices-experiment-auth-1,0.02,61572383,1073741824,5.73,3,45.6kB / 40.3kB,15.2MB / 17.9MB
64,2026-09-10T04:02:13.321758+00:00,129,2026-09-10T04:02:12.957471+00:00,false,microservices,gateway,d17c369c2d82749b29faf8f33739ce1e400e8e1d232ebc5f5b51303a7350d7bc,tcc-microservices-experiment-gateway-1,46.76,446903091,536870912,83.24,75,64.1MB / 71.7MB,43.9MB / 33.5MB
64,2026-09-10T04:02:13.321758+00:00,129,2026-09-10T04:02:12.957471+00:00,false,microservices,mysql,50a6fabb16ba045e2ffa11e1c7ef22f08585ef0eb46f0ac69f11887576d4784f,tcc-microservices-experiment-mysql-1,24.67,432118170,1073741824,40.24,40,25MB / 61MB,68.6MB / 186MB
64,2026-09-10T04:02:13.321758+00:00,129,2026-09-10T04:02:12.957471+00:00,false,microservices,order,8e5b25d4fa69ae2926951a9870a4c3d3ab1b87d6dbcb95ac041c80b889a456ff,tcc-microservices-experiment-order-1,0.02,57315164,1073741824,5.34,3,5.31MB / 4.14MB,11MB / 16.9MB
64,2026-09-10T04:02:13.321758+00:00,129,2026-09-10T04:02:12.957471+00:00,false,microservices,product,f06b287eaf314fa63bbd638cbad43bfc62631adf14385dfd4ca6781993d22ec8,tcc-microservices-experiment-product-1,82.05,66249032,1073741824,6.17,3,71.4MB / 76.1MB,13.1MB / 16.8MB
65,2026-09-10T04:02:14.321757+00:00,131,2026-09-10T04:02:13.958254+00:00,false,microservices,auth,745938cd7236c90413cb600f9d27d87f558693c1727c93033b4e6ccb5bacc8fc,tcc-microservices-experiment-auth-1,0.01,61572383,1073741824,5.73,3,45.6kB / 40.3kB,15.2MB / 17.9MB
65,2026-09-10T04:02:14.321757+00:00,131,2026-09-10T04:02:13.958254+00:00,false,microservices,gateway,d17c369c2d82749b29faf8f33739ce1e400e8e1d232ebc5f5b51303a7350d7bc,tcc-microservices-experiment-gateway-1,37.6,446378803,536870912,83.15,75,64.8MB / 72.5MB,43.9MB / 33.5MB
65,2026-09-10T04:02:14.321757+00:00,131,2026-09-10T04:02:13.958254+00:00,false,microservices,mysql,50a6fabb16ba045e2ffa11e1c7ef22f08585ef0eb46f0ac69f11887576d4784f,tcc-microservices-experiment-mysql-1,28.89,432537600,1073741824,40.28,40,25.2MB / 61.7MB,68.6MB / 186MB
65,2026-09-10T04:02:14.321757+00:00,131,2026-09-10T04:02:13.958254+00:00,false,microservices,order,8e5b25d4fa69ae2926951a9870a4c3d3ab1b87d6dbcb95ac041c80b889a456ff,tcc-microservices-experiment-order-1,0.02,57315164,1073741824,5.34,3,5.31MB / 4.14MB,11MB / 16.9MB
65,2026-09-10T04:02:14.321757+00:00,131,2026-09-10T04:02:13.958254+00:00,false,microservices,product,f06b287eaf314fa63bbd638cbad43bfc62631adf14385dfd4ca6781993d22ec8,tcc-microservices-experiment-product-1,82.1,66270003,1073741824,6.17,3,72.2MB / 77MB,13.1MB / 16.8MB
66,2026-09-10T04:02:15.321757+00:00,133,2026-09-10T04:02:14.957373+00:00,false,microservices,auth,745938cd7236c90413cb600f9d27d87f558693c1727c93033b4e6ccb5bacc8fc,tcc-microservices-experiment-auth-1,0.02,61572383,1073741824,5.73,3,45.6kB / 40.3kB,15.2MB / 17.9MB
66,2026-09-10T04:02:15.321757+00:00,133,2026-09-10T04:02:14.957373+00:00,false,microservices,gateway,d17c369c2d82749b29faf8f33739ce1e400e8e1d232ebc5f5b51303a7350d7bc,tcc-microservices-experiment-gateway-1,31.97,447007949,536870912,83.27,75,65.6MB / 73.3MB,43.9MB / 33.5MB
66,2026-09-10T04:02:15.321757+00:00,133,2026-09-10T04:02:14.957373+00:00,false,microservices,mysql,50a6fabb16ba045e2ffa11e1c7ef22f08585ef0eb46f0ac69f11887576d4784f,tcc-microservices-experiment-mysql-1,23.58,432118170,1073741824,40.25,40,25.5MB / 62.3MB,68.6MB / 186MB
66,2026-09-10T04:02:15.321757+00:00,133,2026-09-10T04:02:14.957373+00:00,false,microservices,order,8e5b25d4fa69ae2926951a9870a4c3d3ab1b87d6dbcb95ac041c80b889a456ff,tcc-microservices-experiment-order-1,0.02,57315164,1073741824,5.34,3,5.31MB / 4.14MB,11MB / 16.9MB
66,2026-09-10T04:02:15.321757+00:00,133,2026-09-10T04:02:14.957373+00:00,false,microservices,product,f06b287eaf314fa63bbd638cbad43bfc62631adf14385dfd4ca6781993d22ec8,tcc-microservices-experiment-product-1,83.01,65934459,1073741824,6.14,3,73MB / 77.9MB,13.1MB / 16.8MB
67,2026-09-10T04:02:16.321759+00:00,135,2026-09-10T04:02:15.958423+00:00,false,microservices,auth,745938cd7236c90413cb600f9d27d87f558693c1727c93033b4e6ccb5bacc8fc,tcc-microservices-experiment-auth-1,0.02,61572383,1073741824,5.73,3,45.6kB / 40.3kB,15.2MB / 17.9MB
67,2026-09-10T04:02:16.321759+00:00,135,2026-09-10T04:02:15.958423+00:00,false,microservices,gateway,d17c369c2d82749b29faf8f33739ce1e400e8e1d232ebc5f5b51303a7350d7bc,tcc-microservices-experiment-gateway-1,34.19,446273946,536870912,83.12,75,66.3MB / 74.2MB,43.9MB / 33.5MB
67,2026-09-10T04:02:16.321759+00:00,135,2026-09-10T04:02:15.958423+00:00,false,microservices,mysql,50a6fabb16ba045e2ffa11e1c7ef22f08585ef0eb46f0ac69f11887576d4784f,tcc-microservices-experiment-mysql-1,27.76,431908454,1073741824,40.22,40,25.7MB / 63MB,68.6MB / 186MB
67,2026-09-10T04:02:16.321759+00:00,135,2026-09-10T04:02:15.958423+00:00,false,microservices,order,8e5b25d4fa69ae2926951a9870a4c3d3ab1b87d6dbcb95ac041c80b889a456ff,tcc-microservices-experiment-order-1,0.02,57315164,1073741824,5.34,3,5.31MB / 4.14MB,11MB / 16.9MB
67,2026-09-10T04:02:16.321759+00:00,135,2026-09-10T04:02:15.958423+00:00,false,microservices,product,f06b287eaf314fa63bbd638cbad43bfc62631adf14385dfd4ca6781993d22ec8,tcc-microservices-experiment-product-1,83.12,66175631,1073741824,6.16,3,73.9MB / 78.8MB,13.1MB / 16.8MB
68,2026-09-10T04:02:17.321746+00:00,137,2026-09-10T04:02:16.957303+00:00,false,microservices,auth,745938cd7236c90413cb600f9d27d87f558693c1727c93033b4e6ccb5bacc8fc,tcc-microservices-experiment-auth-1,0.02,61572383,1073741824,5.73,3,45.6kB / 40.3kB,15.2MB / 17.9MB
68,2026-09-10T04:02:17.321746+00:00,137,2026-09-10T04:02:16.957303+00:00,false,microservices,gateway,d17c369c2d82749b29faf8f33739ce1e400e8e1d232ebc5f5b51303a7350d7bc,tcc-microservices-experiment-gateway-1,34.89,446483661,536870912,83.16,75,67.1MB / 75MB,43.9MB / 33.5MB
68,2026-09-10T04:02:17.321746+00:00,137,2026-09-10T04:02:16.957303+00:00,false,microservices,mysql,50a6fabb16ba045e2ffa11e1c7ef22f08585ef0eb46f0ac69f11887576d4784f,tcc-microservices-experiment-mysql-1,23.96,431908454,1073741824,40.23,40,25.9MB / 63.7MB,68.6MB / 186MB
68,2026-09-10T04:02:17.321746+00:00,137,2026-09-10T04:02:16.957303+00:00,false,microservices,order,8e5b25d4fa69ae2926951a9870a4c3d3ab1b87d6dbcb95ac041c80b889a456ff,tcc-microservices-experiment-order-1,0.02,57315164,1073741824,5.34,3,5.31MB / 4.14MB,11MB / 16.9MB
68,2026-09-10T04:02:17.321746+00:00,137,2026-09-10T04:02:16.957303+00:00,false,microservices,product,f06b287eaf314fa63bbd638cbad43bfc62631adf14385dfd4ca6781993d22ec8,tcc-microservices-experiment-product-1,82.06,66007859,1073741824,6.15,3,74.7MB / 79.7MB,13.1MB / 16.8MB
69,2026-09-10T04:02:18.321736+00:00,139,2026-09-10T04:02:17.959058+00:00,false,microservices,auth,745938cd7236c90413cb600f9d27d87f558693c1727c93033b4e6ccb5bacc8fc,tcc-microservices-experiment-auth-1,0.02,61572383,1073741824,5.73,3,45.6kB / 40.3kB,15.2MB / 17.9MB
69,2026-09-10T04:02:18.321736+00:00,139,2026-09-10T04:02:17.959058+00:00,false,microservices,gateway,d17c369c2d82749b29faf8f33739ce1e400e8e1d232ebc5f5b51303a7350d7bc,tcc-microservices-experiment-gateway-1,44.75,447741952,536870912,83.39,75,67.9MB / 75.9MB,43.9MB / 33.5MB
69,2026-09-10T04:02:18.321736+00:00,139,2026-09-10T04:02:17.959058+00:00,false,microservices,mysql,50a6fabb16ba045e2ffa11e1c7ef22f08585ef0eb46f0ac69f11887576d4784f,tcc-microservices-experiment-mysql-1,28.37,432537600,1073741824,40.28,40,26.2MB / 64.3MB,68.6MB / 186MB
69,2026-09-10T04:02:18.321736+00:00,139,2026-09-10T04:02:17.959058+00:00,false,microservices,order,8e5b25d4fa69ae2926951a9870a4c3d3ab1b87d6dbcb95ac041c80b889a456ff,tcc-microservices-experiment-order-1,0.01,57315164,1073741824,5.34,3,5.31MB / 4.14MB,11MB / 16.9MB
69,2026-09-10T04:02:18.321736+00:00,139,2026-09-10T04:02:17.959058+00:00,false,microservices,product,f06b287eaf314fa63bbd638cbad43bfc62631adf14385dfd4ca6781993d22ec8,tcc-microservices-experiment-product-1,82.63,66133688,1073741824,6.16,3,75.6MB / 80.6MB,13.1MB / 16.8MB
70,2026-09-10T04:02:19.321727+00:00,141,2026-09-10T04:02:18.956643+00:00,false,microservices,auth,745938cd7236c90413cb600f9d27d87f558693c1727c93033b4e6ccb5bacc8fc,tcc-microservices-experiment-auth-1,0.02,61572383,1073741824,5.73,3,45.6kB / 40.3kB,15.2MB / 17.9MB
70,2026-09-10T04:02:19.321727+00:00,141,2026-09-10T04:02:18.956643+00:00,false,microservices,gateway,d17c369c2d82749b29faf8f33739ce1e400e8e1d232ebc5f5b51303a7350d7bc,tcc-microservices-experiment-gateway-1,30.62,447741952,536870912,83.39,75,68.6MB / 76.7MB,43.9MB / 33.5MB
70,2026-09-10T04:02:19.321727+00:00,141,2026-09-10T04:02:18.956643+00:00,false,microservices,mysql,50a6fabb16ba045e2ffa11e1c7ef22f08585ef0eb46f0ac69f11887576d4784f,tcc-microservices-experiment-mysql-1,24.66,431593882,1073741824,40.19,40,26.4MB / 65MB,68.6MB / 186MB
70,2026-09-10T04:02:19.321727+00:00,141,2026-09-10T04:02:18.956643+00:00,false,microservices,order,8e5b25d4fa69ae2926951a9870a4c3d3ab1b87d6dbcb95ac041c80b889a456ff,tcc-microservices-experiment-order-1,0.02,57315164,1073741824,5.34,3,5.31MB / 4.14MB,11MB / 16.9MB
70,2026-09-10T04:02:19.321727+00:00,141,2026-09-10T04:02:18.956643+00:00,false,microservices,product,f06b287eaf314fa63bbd638cbad43bfc62631adf14385dfd4ca6781993d22ec8,tcc-microservices-experiment-product-1,82.26,65819116,1073741824,6.13,3,76.4MB / 81.5MB,13.1MB / 18MB
71,2026-09-10T04:02:20.321724+00:00,143,2026-09-10T04:02:19.958267+00:00,false,microservices,auth,745938cd7236c90413cb600f9d27d87f558693c1727c93033b4e6ccb5bacc8fc,tcc-microservices-experiment-auth-1,0.01,61572383,1073741824,5.73,3,45.6kB / 40.3kB,15.2MB / 17.9MB
71,2026-09-10T04:02:20.321724+00:00,143,2026-09-10T04:02:19.958267+00:00,false,microservices,gateway,d17c369c2d82749b29faf8f33739ce1e400e8e1d232ebc5f5b51303a7350d7bc,tcc-microservices-experiment-gateway-1,30.31,447007949,536870912,83.27,75,69.4MB / 77.6MB,43.9MB / 33.5MB
71,2026-09-10T04:02:20.321724+00:00,143,2026-09-10T04:02:19.958267+00:00,false,microservices,mysql,50a6fabb16ba045e2ffa11e1c7ef22f08585ef0eb46f0ac69f11887576d4784f,tcc-microservices-experiment-mysql-1,29.02,432432742,1073741824,40.27,40,26.7MB / 65.6MB,68.6MB / 186MB
71,2026-09-10T04:02:20.321724+00:00,143,2026-09-10T04:02:19.958267+00:00,false,microservices,order,8e5b25d4fa69ae2926951a9870a4c3d3ab1b87d6dbcb95ac041c80b889a456ff,tcc-microservices-experiment-order-1,0.02,57315164,1073741824,5.34,3,5.31MB / 4.14MB,11MB / 16.9MB
71,2026-09-10T04:02:20.321724+00:00,143,2026-09-10T04:02:19.958267+00:00,false,microservices,product,f06b287eaf314fa63bbd638cbad43bfc62631adf14385dfd4ca6781993d22ec8,tcc-microservices-experiment-product-1,80.68,66238546,1073741824,6.17,3,77.2MB / 82.4MB,13.1MB / 18MB
72,2026-09-10T04:02:21.321730+00:00,145,2026-09-10T04:02:20.956787+00:00,false,microservices,auth,745938cd7236c90413cb600f9d27d87f558693c1727c93033b4e6ccb5bacc8fc,tcc-microservices-experiment-auth-1,0.02,61572383,1073741824,5.73,3,45.6kB / 40.3kB,15.2MB / 17.9MB
72,2026-09-10T04:02:21.321730+00:00,145,2026-09-10T04:02:20.956787+00:00,false,microservices,gateway,d17c369c2d82749b29faf8f33739ce1e400e8e1d232ebc5f5b51303a7350d7bc,tcc-microservices-experiment-gateway-1,35.67,447951667,536870912,83.44,75,70.1MB / 78.4MB,43.9MB / 33.5MB
72,2026-09-10T04:02:21.321730+00:00,145,2026-09-10T04:02:20.956787+00:00,false,microservices,mysql,50a6fabb16ba045e2ffa11e1c7ef22f08585ef0eb46f0ac69f11887576d4784f,tcc-microservices-experiment-mysql-1,23.41,432013312,1073741824,40.23,40,26.9MB / 66.3MB,68.6MB / 186MB
72,2026-09-10T04:02:21.321730+00:00,145,2026-09-10T04:02:20.956787+00:00,false,microservices,order,8e5b25d4fa69ae2926951a9870a4c3d3ab1b87d6dbcb95ac041c80b889a456ff,tcc-microservices-experiment-order-1,0.02,57315164,1073741824,5.34,3,5.31MB / 4.14MB,11MB / 16.9MB
72,2026-09-10T04:02:21.321730+00:00,145,2026-09-10T04:02:20.956787+00:00,false,microservices,product,f06b287eaf314fa63bbd638cbad43bfc62631adf14385dfd4ca6781993d22ec8,tcc-microservices-experiment-product-1,83.41,66343404,1073741824,6.18,3,78.1MB / 83.3MB,13.1MB / 18MB
73,2026-09-10T04:02:22.321750+00:00,147,2026-09-10T04:02:21.958214+00:00,false,microservices,auth,745938cd7236c90413cb600f9d27d87f558693c1727c93033b4e6ccb5bacc8fc,tcc-microservices-experiment-auth-1,0.02,61572383,1073741824,5.73,3,45.6kB / 40.3kB,15.2MB / 17.9MB
73,2026-09-10T04:02:22.321750+00:00,147,2026-09-10T04:02:21.958214+00:00,false,microservices,gateway,d17c369c2d82749b29faf8f33739ce1e400e8e1d232ebc5f5b51303a7350d7bc,tcc-microservices-experiment-gateway-1,30.36,447741952,536870912,83.4,75,70.9MB / 79.3MB,43.9MB / 33.5MB
73,2026-09-10T04:02:22.321750+00:00,147,2026-09-10T04:02:21.958214+00:00,false,microservices,mysql,50a6fabb16ba045e2ffa11e1c7ef22f08585ef0eb46f0ac69f11887576d4784f,tcc-microservices-experiment-mysql-1,30.19,432432742,1073741824,40.27,40,27.1MB / 66.9MB,68.6MB / 186MB
73,2026-09-10T04:02:22.321750+00:00,147,2026-09-10T04:02:21.958214+00:00,false,microservices,order,8e5b25d4fa69ae2926951a9870a4c3d3ab1b87d6dbcb95ac041c80b889a456ff,tcc-microservices-experiment-order-1,0.01,57315164,1073741824,5.34,3,5.31MB / 4.14MB,11MB / 16.9MB
73,2026-09-10T04:02:22.321750+00:00,147,2026-09-10T04:02:21.958214+00:00,false,microservices,product,f06b287eaf314fa63bbd638cbad43bfc62631adf14385dfd4ca6781993d22ec8,tcc-microservices-experiment-product-1,80.8,66112717,1073741824,6.16,3,78.9MB / 84.1MB,13.1MB / 18MB
74,2026-09-10T04:02:23.321734+00:00,149,2026-09-10T04:02:22.957377+00:00,false,microservices,auth,745938cd7236c90413cb600f9d27d87f558693c1727c93033b4e6ccb5bacc8fc,tcc-microservices-experiment-auth-1,0.02,61572383,1073741824,5.73,3,45.6kB / 40.3kB,15.2MB / 17.9MB
74,2026-09-10T04:02:23.321734+00:00,149,2026-09-10T04:02:22.957377+00:00,false,microservices,gateway,d17c369c2d82749b29faf8f33739ce1e400e8e1d232ebc5f5b51303a7350d7bc,tcc-microservices-experiment-gateway-1,29.86,447427379,536870912,83.33,75,71.6MB / 80.1MB,43.9MB / 33.5MB
74,2026-09-10T04:02:23.321734+00:00,149,2026-09-10T04:02:22.957377+00:00,false,microservices,mysql,50a6fabb16ba045e2ffa11e1c7ef22f08585ef0eb46f0ac69f11887576d4784f,tcc-microservices-experiment-mysql-1,24.65,432223027,1073741824,40.25,40,27.4MB / 67.5MB,68.6MB / 186MB
74,2026-09-10T04:02:23.321734+00:00,149,2026-09-10T04:02:22.957377+00:00,false,microservices,order,8e5b25d4fa69ae2926951a9870a4c3d3ab1b87d6dbcb95ac041c80b889a456ff,tcc-microservices-experiment-order-1,0.02,57315164,1073741824,5.34,3,5.31MB / 4.14MB,11MB / 16.9MB
74,2026-09-10T04:02:23.321734+00:00,149,2026-09-10T04:02:22.957377+00:00,false,microservices,product,f06b287eaf314fa63bbd638cbad43bfc62631adf14385dfd4ca6781993d22ec8,tcc-microservices-experiment-product-1,82.23,66301460,1073741824,6.17,3,79.7MB / 85MB,13.1MB / 18MB
75,2026-09-10T04:02:24.321763+00:00,151,2026-09-10T04:02:23.958526+00:00,false,microservices,auth,745938cd7236c90413cb600f9d27d87f558693c1727c93033b4e6ccb5bacc8fc,tcc-microservices-experiment-auth-1,0.01,61572383,1073741824,5.73,3,45.6kB / 40.3kB,15.2MB / 17.9MB
75,2026-09-10T04:02:24.321763+00:00,151,2026-09-10T04:02:23.958526+00:00,false,microservices,gateway,d17c369c2d82749b29faf8f33739ce1e400e8e1d232ebc5f5b51303a7350d7bc,tcc-microservices-experiment-gateway-1,32.57,448056525,536870912,83.46,75,72.4MB / 80.9MB,43.9MB / 33.5MB
75,2026-09-10T04:02:24.321763+00:00,151,2026-09-10T04:02:23.958526+00:00,false,microservices,mysql,50a6fabb16ba045e2ffa11e1c7ef22f08585ef0eb46f0ac69f11887576d4784f,tcc-microservices-experiment-mysql-1,29.34,433166746,1073741824,40.34,40,27.6MB / 68.2MB,68.6MB / 186MB
75,2026-09-10T04:02:24.321763+00:00,151,2026-09-10T04:02:23.958526+00:00,false,microservices,order,8e5b25d4fa69ae2926951a9870a4c3d3ab1b87d6dbcb95ac041c80b889a456ff,tcc-microservices-experiment-order-1,0.02,57315164,1073741824,5.34,3,5.31MB / 4.14MB,11MB / 16.9MB
75,2026-09-10T04:02:24.321763+00:00,151,2026-09-10T04:02:23.958526+00:00,false,microservices,product,f06b287eaf314fa63bbd638cbad43bfc62631adf14385dfd4ca6781993d22ec8,tcc-microservices-experiment-product-1,82.17,66290975,1073741824,6.17,3,80.5MB / 85.9MB,13.1MB / 18MB
76,2026-09-10T04:02:25.321756+00:00,153,2026-09-10T04:02:24.957222+00:00,false,microservices,auth,745938cd7236c90413cb600f9d27d87f558693c1727c93033b4e6ccb5bacc8fc,tcc-microservices-experiment-auth-1,0.02,61572383,1073741824,5.73,3,45.6kB / 40.3kB,15.2MB / 17.9MB
76,2026-09-10T04:02:25.321756+00:00,153,2026-09-10T04:02:24.957222+00:00,false,microservices,gateway,d17c369c2d82749b29faf8f33739ce1e400e8e1d232ebc5f5b51303a7350d7bc,tcc-microservices-experiment-gateway-1,47.38,448266240,536870912,83.49,75,73.1MB / 81.7MB,44MB / 33.5MB
76,2026-09-10T04:02:25.321756+00:00,153,2026-09-10T04:02:24.957222+00:00,false,microservices,mysql,50a6fabb16ba045e2ffa11e1c7ef22f08585ef0eb46f0ac69f11887576d4784f,tcc-microservices-experiment-mysql-1,23.66,432642458,1073741824,40.3,40,27.9MB / 68.8MB,68.6MB / 186MB
76,2026-09-10T04:02:25.321756+00:00,153,2026-09-10T04:02:24.957222+00:00,false,microservices,order,8e5b25d4fa69ae2926951a9870a4c3d3ab1b87d6dbcb95ac041c80b889a456ff,tcc-microservices-experiment-order-1,0.02,57315164,1073741824,5.34,3,5.31MB / 4.14MB,11MB / 16.9MB
76,2026-09-10T04:02:25.321756+00:00,153,2026-09-10T04:02:24.957222+00:00,false,microservices,product,f06b287eaf314fa63bbd638cbad43bfc62631adf14385dfd4ca6781993d22ec8,tcc-microservices-experiment-product-1,82.52,67014492,1073741824,6.24,3,81.4MB / 86.8MB,13.1MB / 18MB
77,2026-09-10T04:02:26.321752+00:00,155,2026-09-10T04:02:25.956808+00:00,false,microservices,auth,745938cd7236c90413cb600f9d27d87f558693c1727c93033b4e6ccb5bacc8fc,tcc-microservices-experiment-auth-1,0.02,61572383,1073741824,5.73,3,45.6kB / 40.3kB,15.2MB / 17.9MB
77,2026-09-10T04:02:26.321752+00:00,155,2026-09-10T04:02:25.956808+00:00,false,microservices,gateway,d17c369c2d82749b29faf8f33739ce1e400e8e1d232ebc5f5b51303a7350d7bc,tcc-microservices-experiment-gateway-1,36.87,448580813,536870912,83.56,75,73.8MB / 82.6MB,44MB / 33.5MB
77,2026-09-10T04:02:26.321752+00:00,155,2026-09-10T04:02:25.956808+00:00,false,microservices,mysql,50a6fabb16ba045e2ffa11e1c7ef22f08585ef0eb46f0ac69f11887576d4784f,tcc-microservices-experiment-mysql-1,29.47,433061888,1073741824,40.33,40,28.1MB / 69.5MB,68.6MB / 186MB
77,2026-09-10T04:02:26.321752+00:00,155,2026-09-10T04:02:25.956808+00:00,false,microservices,order,8e5b25d4fa69ae2926951a9870a4c3d3ab1b87d6dbcb95ac041c80b889a456ff,tcc-microservices-experiment-order-1,0.02,57315164,1073741824,5.34,3,5.31MB / 4.14MB,11MB / 16.9MB
77,2026-09-10T04:02:26.321752+00:00,155,2026-09-10T04:02:25.956808+00:00,false,microservices,product,f06b287eaf314fa63bbd638cbad43bfc62631adf14385dfd4ca6781993d22ec8,tcc-microservices-experiment-product-1,80.18,66270003,1073741824,6.17,3,82.2MB / 87.6MB,13.1MB / 18MB
78,2026-09-10T04:02:27.321755+00:00,157,2026-09-10T04:02:26.957178+00:00,false,microservices,auth,745938cd7236c90413cb600f9d27d87f558693c1727c93033b4e6ccb5bacc8fc,tcc-microservices-experiment-auth-1,0.02,61572383,1073741824,5.73,3,45.6kB / 40.3kB,15.2MB / 17.9MB
78,2026-09-10T04:02:27.321755+00:00,157,2026-09-10T04:02:26.957178+00:00,false,microservices,gateway,d17c369c2d82749b29faf8f33739ce1e400e8e1d232ebc5f5b51303a7350d7bc,tcc-microservices-experiment-gateway-1,29.48,448790528,536870912,83.59,75,74.6MB / 83.4MB,44MB / 33.5MB
78,2026-09-10T04:02:27.321755+00:00,157,2026-09-10T04:02:26.957178+00:00,false,microservices,mysql,50a6fabb16ba045e2ffa11e1c7ef22f08585ef0eb46f0ac69f11887576d4784f,tcc-microservices-experiment-mysql-1,26.14,432852173,1073741824,40.31,40,28.3MB / 70.1MB,68.6MB / 186MB
78,2026-09-10T04:02:27.321755+00:00,157,2026-09-10T04:02:26.957178+00:00,false,microservices,order,8e5b25d4fa69ae2926951a9870a4c3d3ab1b87d6dbcb95ac041c80b889a456ff,tcc-microservices-experiment-order-1,0.02,57315164,1073741824,5.34,3,5.31MB / 4.14MB,11MB / 16.9MB
78,2026-09-10T04:02:27.321755+00:00,157,2026-09-10T04:02:26.957178+00:00,false,microservices,product,f06b287eaf314fa63bbd638cbad43bfc62631adf14385dfd4ca6781993d22ec8,tcc-microservices-experiment-product-1,80.02,67192750,1073741824,6.26,3,83MB / 88.5MB,13.1MB / 18MB
79,2026-09-10T04:02:28.321719+00:00,159,2026-09-10T04:02:27.958238+00:00,false,microservices,auth,745938cd7236c90413cb600f9d27d87f558693c1727c93033b4e6ccb5bacc8fc,tcc-microservices-experiment-auth-1,0.02,61572383,1073741824,5.73,3,45.6kB / 40.3kB,15.2MB / 17.9MB
79,2026-09-10T04:02:28.321719+00:00,159,2026-09-10T04:02:27.958238+00:00,false,microservices,gateway,d17c369c2d82749b29faf8f33739ce1e400e8e1d232ebc5f5b51303a7350d7bc,tcc-microservices-experiment-gateway-1,34.08,457808282,536870912,85.27,75,75.3MB / 84.2MB,44MB / 33.5MB
79,2026-09-10T04:02:28.321719+00:00,159,2026-09-10T04:02:27.958238+00:00,false,microservices,mysql,50a6fabb16ba045e2ffa11e1c7ef22f08585ef0eb46f0ac69f11887576d4784f,tcc-microservices-experiment-mysql-1,29.21,432852173,1073741824,40.32,40,28.6MB / 70.7MB,68.6MB / 186MB
79,2026-09-10T04:02:28.321719+00:00,159,2026-09-10T04:02:27.958238+00:00,false,microservices,order,8e5b25d4fa69ae2926951a9870a4c3d3ab1b87d6dbcb95ac041c80b889a456ff,tcc-microservices-experiment-order-1,0.02,57315164,1073741824,5.34,3,5.31MB / 4.14MB,11MB / 16.9MB
79,2026-09-10T04:02:28.321719+00:00,159,2026-09-10T04:02:27.958238+00:00,false,microservices,product,f06b287eaf314fa63bbd638cbad43bfc62631adf14385dfd4ca6781993d22ec8,tcc-microservices-experiment-product-1,81.26,66888663,1073741824,6.23,3,83.8MB / 89.4MB,13.1MB / 18MB
80,2026-09-10T04:02:29.321757+00:00,161,2026-09-10T04:02:28.957980+00:00,false,microservices,auth,745938cd7236c90413cb600f9d27d87f558693c1727c93033b4e6ccb5bacc8fc,tcc-microservices-experiment-auth-1,0.02,61572383,1073741824,5.73,3,45.6kB / 40.3kB,15.2MB / 17.9MB
80,2026-09-10T04:02:29.321757+00:00,161,2026-09-10T04:02:28.957980+00:00,false,microservices,gateway,d17c369c2d82749b29faf8f33739ce1e400e8e1d232ebc5f5b51303a7350d7bc,tcc-microservices-experiment-gateway-1,30.58,457074278,536870912,85.13,75,76.1MB / 85.1MB,44MB / 33.5MB
80,2026-09-10T04:02:29.321757+00:00,161,2026-09-10T04:02:28.957980+00:00,false,microservices,mysql,50a6fabb16ba045e2ffa11e1c7ef22f08585ef0eb46f0ac69f11887576d4784f,tcc-microservices-experiment-mysql-1,24.0,431698739,1073741824,40.21,40,28.8MB / 71.4MB,68.6MB / 186MB
80,2026-09-10T04:02:29.321757+00:00,161,2026-09-10T04:02:28.957980+00:00,false,microservices,order,8e5b25d4fa69ae2926951a9870a4c3d3ab1b87d6dbcb95ac041c80b889a456ff,tcc-microservices-experiment-order-1,0.01,57315164,1073741824,5.34,3,5.31MB / 4.14MB,11MB / 16.9MB
80,2026-09-10T04:02:29.321757+00:00,161,2026-09-10T04:02:28.957980+00:00,false,microservices,product,f06b287eaf314fa63bbd638cbad43bfc62631adf14385dfd4ca6781993d22ec8,tcc-microservices-experiment-product-1,82.41,66270003,1073741824,6.17,3,84.7MB / 90.3MB,13.1MB / 18MB
81,2026-09-10T04:02:30.321729+00:00,163,2026-09-10T04:02:29.958689+00:00,false,microservices,auth,745938cd7236c90413cb600f9d27d87f558693c1727c93033b4e6ccb5bacc8fc,tcc-microservices-experiment-auth-1,0.02,61572383,1073741824,5.73,3,45.6kB / 40.3kB,15.2MB / 17.9MB
81,2026-09-10T04:02:30.321729+00:00,163,2026-09-10T04:02:29.958689+00:00,false,microservices,gateway,d17c369c2d82749b29faf8f33739ce1e400e8e1d232ebc5f5b51303a7350d7bc,tcc-microservices-experiment-gateway-1,29.86,456969421,536870912,85.12,75,76.8MB / 85.9MB,44MB / 33.5MB
81,2026-09-10T04:02:30.321729+00:00,163,2026-09-10T04:02:29.958689+00:00,false,microservices,mysql,50a6fabb16ba045e2ffa11e1c7ef22f08585ef0eb46f0ac69f11887576d4784f,tcc-microservices-experiment-mysql-1,28.09,432852173,1073741824,40.31,40,29.1MB / 72.1MB,68.6MB / 186MB
81,2026-09-10T04:02:30.321729+00:00,163,2026-09-10T04:02:29.958689+00:00,false,microservices,order,8e5b25d4fa69ae2926951a9870a4c3d3ab1b87d6dbcb95ac041c80b889a456ff,tcc-microservices-experiment-order-1,0.02,57315164,1073741824,5.34,3,5.31MB / 4.14MB,11MB / 16.9MB
81,2026-09-10T04:02:30.321729+00:00,163,2026-09-10T04:02:29.958689+00:00,false,microservices,product,f06b287eaf314fa63bbd638cbad43bfc62631adf14385dfd4ca6781993d22ec8,tcc-microservices-experiment-product-1,82.52,66469233,1073741824,6.19,3,85.5MB / 91.2MB,13.1MB / 18MB
82,2026-09-10T04:02:31.321718+00:00,165,2026-09-10T04:02:30.958385+00:00,false,microservices,auth,745938cd7236c90413cb600f9d27d87f558693c1727c93033b4e6ccb5bacc8fc,tcc-microservices-experiment-auth-1,0.02,61572383,1073741824,5.73,3,45.6kB / 40.3kB,15.2MB / 17.9MB
82,2026-09-10T04:02:31.321718+00:00,165,2026-09-10T04:02:30.958385+00:00,false,microservices,gateway,d17c369c2d82749b29faf8f33739ce1e400e8e1d232ebc5f5b51303a7350d7bc,tcc-microservices-experiment-gateway-1,30.66,457283994,536870912,85.18,75,77.6MB / 86.8MB,44MB / 33.5MB
82,2026-09-10T04:02:31.321718+00:00,165,2026-09-10T04:02:30.958385+00:00,false,microservices,mysql,50a6fabb16ba045e2ffa11e1c7ef22f08585ef0eb46f0ac69f11887576d4784f,tcc-microservices-experiment-mysql-1,23.67,432537600,1073741824,40.28,40,29.3MB / 72.7MB,68.6MB / 186MB
82,2026-09-10T04:02:31.321718+00:00,165,2026-09-10T04:02:30.958385+00:00,false,microservices,order,8e5b25d4fa69ae2926951a9870a4c3d3ab1b87d6dbcb95ac041c80b889a456ff,tcc-microservices-experiment-order-1,0.02,57315164,1073741824,5.34,3,5.31MB / 4.14MB,11MB / 16.9MB
82,2026-09-10T04:02:31.321718+00:00,165,2026-09-10T04:02:30.958385+00:00,false,microservices,product,f06b287eaf314fa63bbd638cbad43bfc62631adf14385dfd4ca6781993d22ec8,tcc-microservices-experiment-product-1,83.29,66500690,1073741824,6.19,3,86.4MB / 92.1MB,13.1MB / 18MB
83,2026-09-10T04:02:32.321752+00:00,167,2026-09-10T04:02:31.958236+00:00,false,microservices,auth,745938cd7236c90413cb600f9d27d87f558693c1727c93033b4e6ccb5bacc8fc,tcc-microservices-experiment-auth-1,0.01,61572383,1073741824,5.73,3,45.6kB / 40.3kB,15.2MB / 17.9MB
83,2026-09-10T04:02:32.321752+00:00,167,2026-09-10T04:02:31.958236+00:00,false,microservices,gateway,d17c369c2d82749b29faf8f33739ce1e400e8e1d232ebc5f5b51303a7350d7bc,tcc-microservices-experiment-gateway-1,31.73,457074278,536870912,85.13,75,78.4MB / 87.6MB,44MB / 33.5MB
83,2026-09-10T04:02:32.321752+00:00,167,2026-09-10T04:02:31.958236+00:00,false,microservices,mysql,50a6fabb16ba045e2ffa11e1c7ef22f08585ef0eb46f0ac69f11887576d4784f,tcc-microservices-experiment-mysql-1,27.69,432013312,1073741824,40.24,40,29.5MB / 73.4MB,68.6MB / 186MB
83,2026-09-10T04:02:32.321752+00:00,167,2026-09-10T04:02:31.958236+00:00,false,microservices,order,8e5b25d4fa69ae2926951a9870a4c3d3ab1b87d6dbcb95ac041c80b889a456ff,tcc-microservices-experiment-order-1,0.02,57315164,1073741824,5.34,3,5.31MB / 4.14MB,11MB / 16.9MB
83,2026-09-10T04:02:32.321752+00:00,167,2026-09-10T04:02:31.958236+00:00,false,microservices,product,f06b287eaf314fa63bbd638cbad43bfc62631adf14385dfd4ca6781993d22ec8,tcc-microservices-experiment-product-1,82.51,65934459,1073741824,6.14,3,87.2MB / 93MB,13.1MB / 18MB
84,2026-09-10T04:02:33.321752+00:00,169,2026-09-10T04:02:32.958231+00:00,false,microservices,auth,745938cd7236c90413cb600f9d27d87f558693c1727c93033b4e6ccb5bacc8fc,tcc-microservices-experiment-auth-1,0.01,54001664,1073741824,5.03,3,45.6kB / 40.3kB,15.2MB / 25.5MB
84,2026-09-10T04:02:33.321752+00:00,169,2026-09-10T04:02:32.958231+00:00,false,microservices,gateway,d17c369c2d82749b29faf8f33739ce1e400e8e1d232ebc5f5b51303a7350d7bc,tcc-microservices-experiment-gateway-1,29.82,438619341,536870912,81.7,75,79.1MB / 88.5MB,44MB / 51.2MB
84,2026-09-10T04:02:33.321752+00:00,169,2026-09-10T04:02:32.958231+00:00,false,microservices,mysql,50a6fabb16ba045e2ffa11e1c7ef22f08585ef0eb46f0ac69f11887576d4784f,tcc-microservices-experiment-mysql-1,23.82,408525210,1073741824,38.04,40,29.8MB / 74MB,68.6MB / 192MB
84,2026-09-10T04:02:33.321752+00:00,169,2026-09-10T04:02:32.958231+00:00,false,microservices,order,8e5b25d4fa69ae2926951a9870a4c3d3ab1b87d6dbcb95ac041c80b889a456ff,tcc-microservices-experiment-order-1,0.01,50509906,1073741824,4.7,3,5.31MB / 4.14MB,11MB / 23.7MB
84,2026-09-10T04:02:33.321752+00:00,169,2026-09-10T04:02:32.958231+00:00,false,microservices,product,f06b287eaf314fa63bbd638cbad43bfc62631adf14385dfd4ca6781993d22ec8,tcc-microservices-experiment-product-1,86.56,58657341,1073741824,5.46,3,88MB / 93.9MB,13.1MB / 25.7MB
85,2026-09-10T04:02:34.321759+00:00,171,2026-09-10T04:02:33.959002+00:00,false,microservices,auth,745938cd7236c90413cb600f9d27d87f558693c1727c93033b4e6ccb5bacc8fc,tcc-microservices-experiment-auth-1,0.02,54001664,1073741824,5.03,3,45.6kB / 40.3kB,15.2MB / 25.5MB
85,2026-09-10T04:02:34.321759+00:00,171,2026-09-10T04:02:33.959002+00:00,false,microservices,gateway,d17c369c2d82749b29faf8f33739ce1e400e8e1d232ebc5f5b51303a7350d7bc,tcc-microservices-experiment-gateway-1,29.45,439667917,536870912,81.89,75,79.9MB / 89.3MB,44MB / 51.2MB
85,2026-09-10T04:02:34.321759+00:00,171,2026-09-10T04:02:33.959002+00:00,false,microservices,mysql,50a6fabb16ba045e2ffa11e1c7ef22f08585ef0eb46f0ac69f11887576d4784f,tcc-microservices-experiment-mysql-1,27.77,409678643,1073741824,38.15,40,30MB / 74.7MB,68.6MB / 192MB
85,2026-09-10T04:02:34.321759+00:00,171,2026-09-10T04:02:33.959002+00:00,false,microservices,order,8e5b25d4fa69ae2926951a9870a4c3d3ab1b87d6dbcb95ac041c80b889a456ff,tcc-microservices-experiment-order-1,0.02,50509906,1073741824,4.7,3,5.31MB / 4.14MB,11MB / 23.7MB
85,2026-09-10T04:02:34.321759+00:00,171,2026-09-10T04:02:33.959002+00:00,false,microservices,product,f06b287eaf314fa63bbd638cbad43bfc62631adf14385dfd4ca6781993d22ec8,tcc-microservices-experiment-product-1,82.65,58531512,1073741824,5.45,3,88.9MB / 94.8MB,13.1MB / 25.9MB
86,2026-09-10T04:02:35.321762+00:00,173,2026-09-10T04:02:34.958481+00:00,false,microservices,auth,745938cd7236c90413cb600f9d27d87f558693c1727c93033b4e6ccb5bacc8fc,tcc-microservices-experiment-auth-1,0.01,54001664,1073741824,5.03,3,45.6kB / 40.3kB,15.2MB / 25.5MB
86,2026-09-10T04:02:35.321762+00:00,173,2026-09-10T04:02:34.958481+00:00,false,microservices,gateway,d17c369c2d82749b29faf8f33739ce1e400e8e1d232ebc5f5b51303a7350d7bc,tcc-microservices-experiment-gateway-1,30.84,439458202,536870912,81.86,75,80.6MB / 90.1MB,44MB / 51.2MB
86,2026-09-10T04:02:35.321762+00:00,173,2026-09-10T04:02:34.958481+00:00,false,microservices,mysql,50a6fabb16ba045e2ffa11e1c7ef22f08585ef0eb46f0ac69f11887576d4784f,tcc-microservices-experiment-mysql-1,24.43,409049498,1073741824,38.1,40,30.3MB / 75.3MB,68.6MB / 192MB
86,2026-09-10T04:02:35.321762+00:00,173,2026-09-10T04:02:34.958481+00:00,false,microservices,order,8e5b25d4fa69ae2926951a9870a4c3d3ab1b87d6dbcb95ac041c80b889a456ff,tcc-microservices-experiment-order-1,0.02,50509906,1073741824,4.7,3,5.31MB / 4.14MB,11MB / 23.7MB
86,2026-09-10T04:02:35.321762+00:00,173,2026-09-10T04:02:34.958481+00:00,false,microservices,product,f06b287eaf314fa63bbd638cbad43bfc62631adf14385dfd4ca6781993d22ec8,tcc-microservices-experiment-product-1,81.76,58573455,1073741824,5.45,3,89.7MB / 95.7MB,13.1MB / 25.9MB
87,2026-09-10T04:02:36.321730+00:00,175,2026-09-10T04:02:35.959047+00:00,false,microservices,auth,745938cd7236c90413cb600f9d27d87f558693c1727c93033b4e6ccb5bacc8fc,tcc-microservices-experiment-auth-1,0.02,54001664,1073741824,5.03,3,45.6kB / 40.3kB,15.2MB / 25.5MB
87,2026-09-10T04:02:36.321730+00:00,175,2026-09-10T04:02:35.959047+00:00,false,microservices,gateway,d17c369c2d82749b29faf8f33739ce1e400e8e1d232ebc5f5b51303a7350d7bc,tcc-microservices-experiment-gateway-1,29.63,439038771,536870912,81.78,75,81.4MB / 91MB,44MB / 51.2MB
87,2026-09-10T04:02:36.321730+00:00,175,2026-09-10T04:02:35.959047+00:00,false,microservices,mysql,50a6fabb16ba045e2ffa11e1c7ef22f08585ef0eb46f0ac69f11887576d4784f,tcc-microservices-experiment-mysql-1,28.05,410307789,1073741824,38.21,40,30.5MB / 76MB,68.6MB / 192MB
87,2026-09-10T04:02:36.321730+00:00,175,2026-09-10T04:02:35.959047+00:00,false,microservices,order,8e5b25d4fa69ae2926951a9870a4c3d3ab1b87d6dbcb95ac041c80b889a456ff,tcc-microservices-experiment-order-1,0.02,50509906,1073741824,4.7,3,5.31MB / 4.14MB,11MB / 23.7MB
87,2026-09-10T04:02:36.321730+00:00,175,2026-09-10T04:02:35.959047+00:00,false,microservices,product,f06b287eaf314fa63bbd638cbad43bfc62631adf14385dfd4ca6781993d22ec8,tcc-microservices-experiment-product-1,82.77,58437140,1073741824,5.44,3,90.5MB / 96.6MB,13.1MB / 25.9MB
88,2026-09-10T04:02:37.321747+00:00,177,2026-09-10T04:02:36.958422+00:00,false,microservices,auth,745938cd7236c90413cb600f9d27d87f558693c1727c93033b4e6ccb5bacc8fc,tcc-microservices-experiment-auth-1,0.01,54001664,1073741824,5.03,3,45.6kB / 40.3kB,15.2MB / 25.5MB
88,2026-09-10T04:02:37.321747+00:00,177,2026-09-10T04:02:36.958422+00:00,false,microservices,gateway,d17c369c2d82749b29faf8f33739ce1e400e8e1d232ebc5f5b51303a7350d7bc,tcc-microservices-experiment-gateway-1,29.22,439143629,536870912,81.79,75,82.1MB / 91.8MB,44MB / 51.2MB
88,2026-09-10T04:02:37.321747+00:00,177,2026-09-10T04:02:36.958422+00:00,false,microservices,mysql,50a6fabb16ba045e2ffa11e1c7ef22f08585ef0eb46f0ac69f11887576d4784f,tcc-microservices-experiment-mysql-1,22.55,408525210,1073741824,38.04,40,30.7MB / 76.6MB,68.6MB / 192MB
88,2026-09-10T04:02:37.321747+00:00,177,2026-09-10T04:02:36.958422+00:00,false,microservices,order,8e5b25d4fa69ae2926951a9870a4c3d3ab1b87d6dbcb95ac041c80b889a456ff,tcc-microservices-experiment-order-1,0.02,50509906,1073741824,4.7,3,5.31MB / 4.14MB,11MB / 23.7MB
88,2026-09-10T04:02:37.321747+00:00,177,2026-09-10T04:02:36.958422+00:00,false,microservices,product,f06b287eaf314fa63bbd638cbad43bfc62631adf14385dfd4ca6781993d22ec8,tcc-microservices-experiment-product-1,84.24,58070139,1073741824,5.41,3,91.4MB / 97.5MB,13.1MB / 25.9MB
89,2026-09-10T04:02:38.321750+00:00,179,2026-09-10T04:02:37.958247+00:00,false,microservices,auth,745938cd7236c90413cb600f9d27d87f558693c1727c93033b4e6ccb5bacc8fc,tcc-microservices-experiment-auth-1,0.02,54001664,1073741824,5.03,3,45.6kB / 40.3kB,15.2MB / 25.5MB
89,2026-09-10T04:02:38.321750+00:00,179,2026-09-10T04:02:37.958247+00:00,false,microservices,gateway,d17c369c2d82749b29faf8f33739ce1e400e8e1d232ebc5f5b51303a7350d7bc,tcc-microservices-experiment-gateway-1,29.34,438933914,536870912,81.75,75,82.9MB / 92.7MB,44MB / 51.2MB
89,2026-09-10T04:02:38.321750+00:00,179,2026-09-10T04:02:37.958247+00:00,false,microservices,mysql,50a6fabb16ba045e2ffa11e1c7ef22f08585ef0eb46f0ac69f11887576d4784f,tcc-microservices-experiment-mysql-1,28.21,409783501,1073741824,38.16,40,31MB / 77.3MB,68.6MB / 192MB
89,2026-09-10T04:02:38.321750+00:00,179,2026-09-10T04:02:37.958247+00:00,false,microservices,order,8e5b25d4fa69ae2926951a9870a4c3d3ab1b87d6dbcb95ac041c80b889a456ff,tcc-microservices-experiment-order-1,0.01,50509906,1073741824,4.7,3,5.31MB / 4.14MB,11MB / 23.7MB
89,2026-09-10T04:02:38.321750+00:00,179,2026-09-10T04:02:37.958247+00:00,false,microservices,product,f06b287eaf314fa63bbd638cbad43bfc62631adf14385dfd4ca6781993d22ec8,tcc-microservices-experiment-product-1,83.34,58594427,1073741824,5.46,3,92.2MB / 98.3MB,13.1MB / 25.9MB
90,2026-09-10T04:02:39.321750+00:00,181,2026-09-10T04:02:38.958758+00:00,false,microservices,auth,745938cd7236c90413cb600f9d27d87f558693c1727c93033b4e6ccb5bacc8fc,tcc-microservices-experiment-auth-1,0.01,54001664,1073741824,5.03,3,45.6kB / 40.3kB,15.2MB / 25.5MB
90,2026-09-10T04:02:39.321750+00:00,181,2026-09-10T04:02:38.958758+00:00,false,microservices,gateway,d17c369c2d82749b29faf8f33739ce1e400e8e1d232ebc5f5b51303a7350d7bc,tcc-microservices-experiment-gateway-1,28.37,438304768,536870912,81.64,75,83.6MB / 93.5MB,44MB / 51.2MB
90,2026-09-10T04:02:39.321750+00:00,181,2026-09-10T04:02:38.958758+00:00,false,microservices,mysql,50a6fabb16ba045e2ffa11e1c7ef22f08585ef0eb46f0ac69f11887576d4784f,tcc-microservices-experiment-mysql-1,24.92,408944640,1073741824,38.09,40,31.2MB / 77.9MB,68.6MB / 192MB
90,2026-09-10T04:02:39.321750+00:00,181,2026-09-10T04:02:38.958758+00:00,false,microservices,order,8e5b25d4fa69ae2926951a9870a4c3d3ab1b87d6dbcb95ac041c80b889a456ff,tcc-microservices-experiment-order-1,0.02,50509906,1073741824,4.7,3,5.31MB / 4.14MB,11MB / 23.7MB
90,2026-09-10T04:02:39.321750+00:00,181,2026-09-10T04:02:38.958758+00:00,false,microservices,product,f06b287eaf314fa63bbd638cbad43bfc62631adf14385dfd4ca6781993d22ec8,tcc-microservices-experiment-product-1,83.32,58971914,1073741824,5.49,3,93MB / 99.2MB,13.1MB / 25.9MB
91,2026-09-10T04:02:40.321740+00:00,183,2026-09-10T04:02:39.958581+00:00,false,microservices,auth,745938cd7236c90413cb600f9d27d87f558693c1727c93033b4e6ccb5bacc8fc,tcc-microservices-experiment-auth-1,0.02,54001664,1073741824,5.03,3,45.6kB / 40.3kB,15.2MB / 25.5MB
91,2026-09-10T04:02:40.321740+00:00,183,2026-09-10T04:02:39.958581+00:00,false,microservices,gateway,d17c369c2d82749b29faf8f33739ce1e400e8e1d232ebc5f5b51303a7350d7bc,tcc-microservices-experiment-gateway-1,29.2,439458202,536870912,81.86,75,84.3MB / 94.3MB,44MB / 51.2MB
91,2026-09-10T04:02:40.321740+00:00,183,2026-09-10T04:02:39.958581+00:00,false,microservices,mysql,50a6fabb16ba045e2ffa11e1c7ef22f08585ef0eb46f0ac69f11887576d4784f,tcc-microservices-experiment-mysql-1,27.62,415131238,1073741824,38.66,41,31.5MB / 78.5MB,68.6MB / 192MB
91,2026-09-10T04:02:40.321740+00:00,183,2026-09-10T04:02:39.958581+00:00,false,microservices,order,8e5b25d4fa69ae2926951a9870a4c3d3ab1b87d6dbcb95ac041c80b889a456ff,tcc-microservices-experiment-order-1,0.02,50509906,1073741824,4.7,3,5.31MB / 4.14MB,11MB / 23.7MB
91,2026-09-10T04:02:40.321740+00:00,183,2026-09-10T04:02:39.958581+00:00,false,microservices,product,f06b287eaf314fa63bbd638cbad43bfc62631adf14385dfd4ca6781993d22ec8,tcc-microservices-experiment-product-1,81.31,59076772,1073741824,5.5,3,93.8MB / 100MB,13.1MB / 25.9MB
92,2026-09-10T04:02:41.321745+00:00,185,2026-09-10T04:02:40.958184+00:00,false,microservices,auth,745938cd7236c90413cb600f9d27d87f558693c1727c93033b4e6ccb5bacc8fc,tcc-microservices-experiment-auth-1,0.02,54001664,1073741824,5.03,3,45.6kB / 40.3kB,15.2MB / 25.5MB
92,2026-09-10T04:02:41.321745+00:00,185,2026-09-10T04:02:40.958184+00:00,false,microservices,gateway,d17c369c2d82749b29faf8f33739ce1e400e8e1d232ebc5f5b51303a7350d7bc,tcc-microservices-experiment-gateway-1,29.77,439143629,536870912,81.8,75,85.1MB / 95.2MB,44MB / 51.2MB
92,2026-09-10T04:02:41.321745+00:00,185,2026-09-10T04:02:40.958184+00:00,false,microservices,mysql,50a6fabb16ba045e2ffa11e1c7ef22f08585ef0eb46f0ac69f11887576d4784f,tcc-microservices-experiment-mysql-1,25.16,408839782,1073741824,38.07,40,31.7MB / 79.2MB,68.6MB / 192MB
92,2026-09-10T04:02:41.321745+00:00,185,2026-09-10T04:02:40.958184+00:00,false,microservices,order,8e5b25d4fa69ae2926951a9870a4c3d3ab1b87d6dbcb95ac041c80b889a456ff,tcc-microservices-experiment-order-1,0.02,50509906,1073741824,4.7,3,5.31MB / 4.14MB,11MB / 23.7MB
92,2026-09-10T04:02:41.321745+00:00,185,2026-09-10T04:02:40.958184+00:00,false,microservices,product,f06b287eaf314fa63bbd638cbad43bfc62631adf14385dfd4ca6781993d22ec8,tcc-microservices-experiment-product-1,81.97,59066286,1073741824,5.5,3,94.7MB / 101MB,13.1MB / 25.9MB
93,2026-09-10T04:02:42.321750+00:00,187,2026-09-10T04:02:41.958376+00:00,false,microservices,auth,745938cd7236c90413cb600f9d27d87f558693c1727c93033b4e6ccb5bacc8fc,tcc-microservices-experiment-auth-1,0.02,54001664,1073741824,5.03,3,45.6kB / 40.3kB,15.2MB / 25.5MB
93,2026-09-10T04:02:42.321750+00:00,187,2026-09-10T04:02:41.958376+00:00,false,microservices,gateway,d17c369c2d82749b29faf8f33739ce1e400e8e1d232ebc5f5b51303a7350d7bc,tcc-microservices-experiment-gateway-1,30.23,439248486,536870912,81.82,75,85.9MB / 96MB,44MB / 51.2MB
93,2026-09-10T04:02:42.321750+00:00,187,2026-09-10T04:02:41.958376+00:00,false,microservices,mysql,50a6fabb16ba045e2ffa11e1c7ef22f08585ef0eb46f0ac69f11887576d4784f,tcc-microservices-experiment-mysql-1,24.9,410098074,1073741824,38.2,41,31.9MB / 79.8MB,68.6MB / 192MB
93,2026-09-10T04:02:42.321750+00:00,187,2026-09-10T04:02:41.958376+00:00,false,microservices,order,8e5b25d4fa69ae2926951a9870a4c3d3ab1b87d6dbcb95ac041c80b889a456ff,tcc-microservices-experiment-order-1,0.02,50509906,1073741824,4.7,3,5.31MB / 4.14MB,11MB / 23.7MB
93,2026-09-10T04:02:42.321750+00:00,187,2026-09-10T04:02:41.958376+00:00,false,microservices,product,f06b287eaf314fa63bbd638cbad43bfc62631adf14385dfd4ca6781993d22ec8,tcc-microservices-experiment-product-1,81.01,59223572,1073741824,5.52,3,95.5MB / 102MB,13.1MB / 25.9MB
94,2026-09-10T04:02:43.321759+00:00,189,2026-09-10T04:02:42.958378+00:00,false,microservices,auth,745938cd7236c90413cb600f9d27d87f558693c1727c93033b4e6ccb5bacc8fc,tcc-microservices-experiment-auth-1,0.01,54001664,1073741824,5.03,3,45.6kB / 40.3kB,15.2MB / 25.5MB
94,2026-09-10T04:02:43.321759+00:00,189,2026-09-10T04:02:42.958378+00:00,false,microservices,gateway,d17c369c2d82749b29faf8f33739ce1e400e8e1d232ebc5f5b51303a7350d7bc,tcc-microservices-experiment-gateway-1,31.0,439667917,536870912,81.89,75,86.6MB / 96.9MB,44MB / 51.2MB
94,2026-09-10T04:02:43.321759+00:00,189,2026-09-10T04:02:42.958378+00:00,false,microservices,mysql,50a6fabb16ba045e2ffa11e1c7ef22f08585ef0eb46f0ac69f11887576d4784f,tcc-microservices-experiment-mysql-1,27.75,409049498,1073741824,38.1,40,32.2MB / 80.5MB,68.6MB / 192MB
94,2026-09-10T04:02:43.321759+00:00,189,2026-09-10T04:02:42.958378+00:00,false,microservices,order,8e5b25d4fa69ae2926951a9870a4c3d3ab1b87d6dbcb95ac041c80b889a456ff,tcc-microservices-experiment-order-1,0.02,50509906,1073741824,4.7,3,5.31MB / 4.14MB,11MB / 23.7MB
94,2026-09-10T04:02:43.321759+00:00,189,2026-09-10T04:02:42.958378+00:00,false,microservices,product,f06b287eaf314fa63bbd638cbad43bfc62631adf14385dfd4ca6781993d22ec8,tcc-microservices-experiment-product-1,82.44,58867057,1073741824,5.48,3,96.3MB / 103MB,13.1MB / 25.9MB
95,2026-09-10T04:02:44.321718+00:00,191,2026-09-10T04:02:43.956683+00:00,false,microservices,auth,745938cd7236c90413cb600f9d27d87f558693c1727c93033b4e6ccb5bacc8fc,tcc-microservices-experiment-auth-1,0.01,54001664,1073741824,5.03,3,45.6kB / 40.3kB,15.2MB / 25.5MB
95,2026-09-10T04:02:44.321718+00:00,191,2026-09-10T04:02:43.956683+00:00,false,microservices,gateway,d17c369c2d82749b29faf8f33739ce1e400e8e1d232ebc5f5b51303a7350d7bc,tcc-microservices-experiment-gateway-1,29.96,439248486,536870912,81.82,75,87.4MB / 97.7MB,44MB / 51.2MB
95,2026-09-10T04:02:44.321718+00:00,191,2026-09-10T04:02:43.956683+00:00,false,microservices,mysql,50a6fabb16ba045e2ffa11e1c7ef22f08585ef0eb46f0ac69f11887576d4784f,tcc-microservices-experiment-mysql-1,23.92,409783501,1073741824,38.17,40,32.4MB / 81.1MB,68.6MB / 192MB
95,2026-09-10T04:02:44.321718+00:00,191,2026-09-10T04:02:43.956683+00:00,false,microservices,order,8e5b25d4fa69ae2926951a9870a4c3d3ab1b87d6dbcb95ac041c80b889a456ff,tcc-microservices-experiment-order-1,0.02,50509906,1073741824,4.7,3,5.31MB / 4.14MB,11MB / 23.7MB
95,2026-09-10T04:02:44.321718+00:00,191,2026-09-10T04:02:43.956683+00:00,false,microservices,product,f06b287eaf314fa63bbd638cbad43bfc62631adf14385dfd4ca6781993d22ec8,tcc-microservices-experiment-product-1,82.41,58783171,1073741824,5.47,3,97.2MB / 104MB,13.1MB / 25.9MB
96,2026-09-10T04:02:45.321752+00:00,193,2026-09-10T04:02:44.957397+00:00,false,microservices,auth,745938cd7236c90413cb600f9d27d87f558693c1727c93033b4e6ccb5bacc8fc,tcc-microservices-experiment-auth-1,0.02,54001664,1073741824,5.03,3,45.6kB / 40.3kB,15.2MB / 25.5MB
96,2026-09-10T04:02:45.321752+00:00,193,2026-09-10T04:02:44.957397+00:00,false,microservices,gateway,d17c369c2d82749b29faf8f33739ce1e400e8e1d232ebc5f5b51303a7350d7bc,tcc-microservices-experiment-gateway-1,30.36,440297062,536870912,82.0,75,88.1MB / 98.5MB,44MB / 51.2MB
96,2026-09-10T04:02:45.321752+00:00,193,2026-09-10T04:02:44.957397+00:00,false,microservices,mysql,50a6fabb16ba045e2ffa11e1c7ef22f08585ef0eb46f0ac69f11887576d4784f,tcc-microservices-experiment-mysql-1,28.01,409573786,1073741824,38.14,40,32.7MB / 81.8MB,68.6MB / 192MB
96,2026-09-10T04:02:45.321752+00:00,193,2026-09-10T04:02:44.957397+00:00,false,microservices,order,8e5b25d4fa69ae2926951a9870a4c3d3ab1b87d6dbcb95ac041c80b889a456ff,tcc-microservices-experiment-order-1,0.02,50509906,1073741824,4.7,3,5.31MB / 4.14MB,11MB / 23.7MB
96,2026-09-10T04:02:45.321752+00:00,193,2026-09-10T04:02:44.957397+00:00,false,microservices,product,f06b287eaf314fa63bbd638cbad43bfc62631adf14385dfd4ca6781993d22ec8,tcc-microservices-experiment-product-1,82.26,59412316,1073741824,5.53,3,98MB / 105MB,13.1MB / 25.9MB
97,2026-09-10T04:02:46.321722+00:00,195,2026-09-10T04:02:45.958249+00:00,false,microservices,auth,745938cd7236c90413cb600f9d27d87f558693c1727c93033b4e6ccb5bacc8fc,tcc-microservices-experiment-auth-1,0.01,54001664,1073741824,5.03,3,45.6kB / 40.3kB,15.2MB / 25.5MB
97,2026-09-10T04:02:46.321722+00:00,195,2026-09-10T04:02:45.958249+00:00,false,microservices,gateway,d17c369c2d82749b29faf8f33739ce1e400e8e1d232ebc5f5b51303a7350d7bc,tcc-microservices-experiment-gateway-1,30.46,439353344,536870912,81.84,75,88.9MB / 99.4MB,44MB / 51.3MB
97,2026-09-10T04:02:46.321722+00:00,195,2026-09-10T04:02:45.958249+00:00,false,microservices,mysql,50a6fabb16ba045e2ffa11e1c7ef22f08585ef0eb46f0ac69f11887576d4784f,tcc-microservices-experiment-mysql-1,25.05,408734925,1073741824,38.07,40,32.9MB / 82.4MB,68.6MB / 192MB
97,2026-09-10T04:02:46.321722+00:00,195,2026-09-10T04:02:45.958249+00:00,false,microservices,order,8e5b25d4fa69ae2926951a9870a4c3d3ab1b87d6dbcb95ac041c80b889a456ff,tcc-microservices-experiment-order-1,0.02,50509906,1073741824,4.7,3,5.31MB / 4.14MB,11MB / 23.7MB
97,2026-09-10T04:02:46.321722+00:00,195,2026-09-10T04:02:45.958249+00:00,false,microservices,product,f06b287eaf314fa63bbd638cbad43bfc62631adf14385dfd4ca6781993d22ec8,tcc-microservices-experiment-product-1,81.23,58625884,1073741824,5.46,3,98.9MB / 105MB,13.1MB / 25.9MB
98,2026-09-10T04:02:47.321716+00:00,197,2026-09-10T04:02:46.958223+00:00,false,microservices,auth,745938cd7236c90413cb600f9d27d87f558693c1727c93033b4e6ccb5bacc8fc,tcc-microservices-experiment-auth-1,0.02,54001664,1073741824,5.03,3,45.6kB / 40.3kB,15.2MB / 25.5MB
98,2026-09-10T04:02:47.321716+00:00,197,2026-09-10T04:02:46.958223+00:00,false,microservices,gateway,d17c369c2d82749b29faf8f33739ce1e400e8e1d232ebc5f5b51303a7350d7bc,tcc-microservices-experiment-gateway-1,30.7,438933914,536870912,81.75,75,89.7MB / 100MB,44MB / 51.3MB
98,2026-09-10T04:02:47.321716+00:00,197,2026-09-10T04:02:46.958223+00:00,false,microservices,mysql,50a6fabb16ba045e2ffa11e1c7ef22f08585ef0eb46f0ac69f11887576d4784f,tcc-microservices-experiment-mysql-1,28.41,409364070,1073741824,38.12,40,33.2MB / 83.1MB,68.6MB / 192MB
98,2026-09-10T04:02:47.321716+00:00,197,2026-09-10T04:02:46.958223+00:00,false,microservices,order,8e5b25d4fa69ae2926951a9870a4c3d3ab1b87d6dbcb95ac041c80b889a456ff,tcc-microservices-experiment-order-1,0.01,50509906,1073741824,4.7,3,5.31MB / 4.14MB,11MB / 23.7MB
98,2026-09-10T04:02:47.321716+00:00,197,2026-09-10T04:02:46.958223+00:00,false,microservices,product,f06b287eaf314fa63bbd638cbad43bfc62631adf14385dfd4ca6781993d22ec8,tcc-microservices-experiment-product-1,81.97,58982400,1073741824,5.49,3,99.7MB / 106MB,13.1MB / 25.9MB
99,2026-09-10T04:02:48.321749+00:00,199,2026-09-10T04:02:47.958690+00:00,false,microservices,auth,745938cd7236c90413cb600f9d27d87f558693c1727c93033b4e6ccb5bacc8fc,tcc-microservices-experiment-auth-1,0.02,54001664,1073741824,5.03,3,45.6kB / 40.3kB,15.2MB / 25.5MB
99,2026-09-10T04:02:48.321749+00:00,199,2026-09-10T04:02:47.958690+00:00,false,microservices,gateway,d17c369c2d82749b29faf8f33739ce1e400e8e1d232ebc5f5b51303a7350d7bc,tcc-microservices-experiment-gateway-1,30.6,439563059,536870912,81.88,75,90.4MB / 101MB,44MB / 51.3MB
99,2026-09-10T04:02:48.321749+00:00,199,2026-09-10T04:02:47.958690+00:00,false,microservices,mysql,50a6fabb16ba045e2ffa11e1c7ef22f08585ef0eb46f0ac69f11887576d4784f,tcc-microservices-experiment-mysql-1,24.37,408734925,1073741824,38.07,40,33.4MB / 83.8MB,68.6MB / 192MB
99,2026-09-10T04:02:48.321749+00:00,199,2026-09-10T04:02:47.958690+00:00,false,microservices,order,8e5b25d4fa69ae2926951a9870a4c3d3ab1b87d6dbcb95ac041c80b889a456ff,tcc-microservices-experiment-order-1,0.01,50509906,1073741824,4.7,3,5.31MB / 4.14MB,11MB / 23.7MB
99,2026-09-10T04:02:48.321749+00:00,199,2026-09-10T04:02:47.958690+00:00,false,microservices,product,f06b287eaf314fa63bbd638cbad43bfc62631adf14385dfd4ca6781993d22ec8,tcc-microservices-experiment-product-1,82.17,58783171,1073741824,5.47,3,101MB / 107MB,13.1MB / 25.9MB
100,2026-09-10T04:02:49.321760+00:00,201,2026-09-10T04:02:48.958282+00:00,false,microservices,auth,745938cd7236c90413cb600f9d27d87f558693c1727c93033b4e6ccb5bacc8fc,tcc-microservices-experiment-auth-1,0.02,54001664,1073741824,5.03,3,45.6kB / 40.3kB,15.2MB / 25.5MB
100,2026-09-10T04:02:49.321760+00:00,201,2026-09-10T04:02:48.958282+00:00,false,microservices,gateway,d17c369c2d82749b29faf8f33739ce1e400e8e1d232ebc5f5b51303a7350d7bc,tcc-microservices-experiment-gateway-1,28.62,439772774,536870912,81.91,75,91.2MB / 102MB,44MB / 51.3MB
100,2026-09-10T04:02:49.321760+00:00,201,2026-09-10T04:02:48.958282+00:00,false,microservices,mysql,50a6fabb16ba045e2ffa11e1c7ef22f08585ef0eb46f0ac69f11887576d4784f,tcc-microservices-experiment-mysql-1,30.08,408839782,1073741824,38.07,40,33.6MB / 84.4MB,68.6MB / 192MB
100,2026-09-10T04:02:49.321760+00:00,201,2026-09-10T04:02:48.958282+00:00,false,microservices,order,8e5b25d4fa69ae2926951a9870a4c3d3ab1b87d6dbcb95ac041c80b889a456ff,tcc-microservices-experiment-order-1,0.02,50509906,1073741824,4.7,3,5.31MB / 4.14MB,11MB / 23.7MB
100,2026-09-10T04:02:49.321760+00:00,201,2026-09-10T04:02:48.958282+00:00,false,microservices,product,f06b287eaf314fa63bbd638cbad43bfc62631adf14385dfd4ca6781993d22ec8,tcc-microservices-experiment-product-1,80.7,59380859,1073741824,5.53,3,101MB / 108MB,13.1MB / 25.9MB
101,2026-09-10T04:02:50.321769+00:00,203,2026-09-10T04:02:49.958502+00:00,false,microservices,auth,745938cd7236c90413cb600f9d27d87f558693c1727c93033b4e6ccb5bacc8fc,tcc-microservices-experiment-auth-1,0.02,54001664,1073741824,5.03,3,45.6kB / 40.3kB,15.2MB / 25.5MB
101,2026-09-10T04:02:50.321769+00:00,203,2026-09-10T04:02:49.958502+00:00,false,microservices,gateway,d17c369c2d82749b29faf8f33739ce1e400e8e1d232ebc5f5b51303a7350d7bc,tcc-microservices-experiment-gateway-1,30.31,439772774,536870912,81.92,75,91.9MB / 103MB,44.1MB / 51.3MB
101,2026-09-10T04:02:50.321769+00:00,203,2026-09-10T04:02:49.958502+00:00,false,microservices,mysql,50a6fabb16ba045e2ffa11e1c7ef22f08585ef0eb46f0ac69f11887576d4784f,tcc-microservices-experiment-mysql-1,25.78,408630067,1073741824,38.06,40,33.9MB / 85.1MB,68.6MB / 192MB
101,2026-09-10T04:02:50.321769+00:00,203,2026-09-10T04:02:49.958502+00:00,false,microservices,order,8e5b25d4fa69ae2926951a9870a4c3d3ab1b87d6dbcb95ac041c80b889a456ff,tcc-microservices-experiment-order-1,0.02,50509906,1073741824,4.7,3,5.31MB / 4.14MB,11MB / 23.7MB
101,2026-09-10T04:02:50.321769+00:00,203,2026-09-10T04:02:49.958502+00:00,false,microservices,product,f06b287eaf314fa63bbd638cbad43bfc62631adf14385dfd4ca6781993d22ec8,tcc-microservices-experiment-product-1,80.65,58982400,1073741824,5.49,3,102MB / 109MB,13.1MB / 26.2MB
102,2026-09-10T04:02:51.321744+00:00,205,2026-09-10T04:02:50.958361+00:00,false,microservices,auth,745938cd7236c90413cb600f9d27d87f558693c1727c93033b4e6ccb5bacc8fc,tcc-microservices-experiment-auth-1,0.02,54001664,1073741824,5.03,3,45.6kB / 40.3kB,15.2MB / 25.5MB
102,2026-09-10T04:02:51.321744+00:00,205,2026-09-10T04:02:50.958361+00:00,false,microservices,gateway,d17c369c2d82749b29faf8f33739ce1e400e8e1d232ebc5f5b51303a7350d7bc,tcc-microservices-experiment-gateway-1,29.62,439458202,536870912,81.86,75,92.7MB / 104MB,44.1MB / 51.3MB
102,2026-09-10T04:02:51.321744+00:00,205,2026-09-10T04:02:50.958361+00:00,false,microservices,mysql,50a6fabb16ba045e2ffa11e1c7ef22f08585ef0eb46f0ac69f11887576d4784f,tcc-microservices-experiment-mysql-1,28.51,408839782,1073741824,38.07,40,34.1MB / 85.7MB,68.6MB / 192MB
102,2026-09-10T04:02:51.321744+00:00,205,2026-09-10T04:02:50.958361+00:00,false,microservices,order,8e5b25d4fa69ae2926951a9870a4c3d3ab1b87d6dbcb95ac041c80b889a456ff,tcc-microservices-experiment-order-1,0.02,50509906,1073741824,4.7,3,5.31MB / 4.14MB,11MB / 23.7MB
102,2026-09-10T04:02:51.321744+00:00,205,2026-09-10T04:02:50.958361+00:00,false,microservices,product,f06b287eaf314fa63bbd638cbad43bfc62631adf14385dfd4ca6781993d22ec8,tcc-microservices-experiment-product-1,82.07,59276001,1073741824,5.52,3,103MB / 110MB,13.1MB / 26.2MB
103,2026-09-10T04:02:52.321762+00:00,207,2026-09-10T04:02:51.957809+00:00,false,microservices,auth,745938cd7236c90413cb600f9d27d87f558693c1727c93033b4e6ccb5bacc8fc,tcc-microservices-experiment-auth-1,0.01,54001664,1073741824,5.03,3,45.6kB / 40.3kB,15.2MB / 25.5MB
103,2026-09-10T04:02:52.321762+00:00,207,2026-09-10T04:02:51.957809+00:00,false,microservices,gateway,d17c369c2d82749b29faf8f33739ce1e400e8e1d232ebc5f5b51303a7350d7bc,tcc-microservices-experiment-gateway-1,30.86,439143629,536870912,81.8,75,93.4MB / 104MB,44.1MB / 51.3MB
103,2026-09-10T04:02:52.321762+00:00,207,2026-09-10T04:02:51.957809+00:00,false,microservices,mysql,50a6fabb16ba045e2ffa11e1c7ef22f08585ef0eb46f0ac69f11887576d4784f,tcc-microservices-experiment-mysql-1,24.67,408944640,1073741824,38.09,40,34.4MB / 86.3MB,68.6MB / 192MB
103,2026-09-10T04:02:52.321762+00:00,207,2026-09-10T04:02:51.957809+00:00,false,microservices,order,8e5b25d4fa69ae2926951a9870a4c3d3ab1b87d6dbcb95ac041c80b889a456ff,tcc-microservices-experiment-order-1,0.02,50509906,1073741824,4.7,3,5.31MB / 4.14MB,11MB / 23.7MB
103,2026-09-10T04:02:52.321762+00:00,207,2026-09-10T04:02:51.957809+00:00,false,microservices,product,f06b287eaf314fa63bbd638cbad43bfc62631adf14385dfd4ca6781993d22ec8,tcc-microservices-experiment-product-1,81.9,59296973,1073741824,5.52,3,104MB / 111MB,13.1MB / 26.2MB
104,2026-09-10T04:02:53.321759+00:00,209,2026-09-10T04:02:52.958374+00:00,false,microservices,auth,745938cd7236c90413cb600f9d27d87f558693c1727c93033b4e6ccb5bacc8fc,tcc-microservices-experiment-auth-1,0.01,54001664,1073741824,5.03,3,45.6kB / 40.3kB,15.2MB / 25.5MB
104,2026-09-10T04:02:53.321759+00:00,209,2026-09-10T04:02:52.958374+00:00,false,microservices,gateway,d17c369c2d82749b29faf8f33739ce1e400e8e1d232ebc5f5b51303a7350d7bc,tcc-microservices-experiment-gateway-1,29.96,439353344,536870912,81.84,75,94.1MB / 105MB,44.1MB / 51.3MB
104,2026-09-10T04:02:53.321759+00:00,209,2026-09-10T04:02:52.958374+00:00,false,microservices,mysql,50a6fabb16ba045e2ffa11e1c7ef22f08585ef0eb46f0ac69f11887576d4784f,tcc-microservices-experiment-mysql-1,28.19,408315494,1073741824,38.03,40,34.6MB / 87MB,68.6MB / 192MB
104,2026-09-10T04:02:53.321759+00:00,209,2026-09-10T04:02:52.958374+00:00,false,microservices,order,8e5b25d4fa69ae2926951a9870a4c3d3ab1b87d6dbcb95ac041c80b889a456ff,tcc-microservices-experiment-order-1,0.02,50509906,1073741824,4.7,3,5.31MB / 4.14MB,11MB / 23.7MB
104,2026-09-10T04:02:53.321759+00:00,209,2026-09-10T04:02:52.958374+00:00,false,microservices,product,f06b287eaf314fa63bbd638cbad43bfc62631adf14385dfd4ca6781993d22ec8,tcc-microservices-experiment-product-1,83.67,59202601,1073741824,5.51,3,105MB / 112MB,13.1MB / 26.2MB
105,2026-09-10T04:02:54.321754+00:00,211,2026-09-10T04:02:53.957493+00:00,false,microservices,auth,745938cd7236c90413cb600f9d27d87f558693c1727c93033b4e6ccb5bacc8fc,tcc-microservices-experiment-auth-1,0.01,54001664,1073741824,5.03,3,45.6kB / 40.3kB,15.2MB / 25.5MB
105,2026-09-10T04:02:54.321754+00:00,211,2026-09-10T04:02:53.957493+00:00,false,microservices,gateway,d17c369c2d82749b29faf8f33739ce1e400e8e1d232ebc5f5b51303a7350d7bc,tcc-microservices-experiment-gateway-1,30.21,440087347,536870912,81.96,75,94.9MB / 106MB,44.1MB / 51.3MB
105,2026-09-10T04:02:54.321754+00:00,211,2026-09-10T04:02:53.957493+00:00,false,microservices,mysql,50a6fabb16ba045e2ffa11e1c7ef22f08585ef0eb46f0ac69f11887576d4784f,tcc-microservices-experiment-mysql-1,24.3,408944640,1073741824,38.09,40,34.8MB / 87.6MB,68.6MB / 192MB
105,2026-09-10T04:02:54.321754+00:00,211,2026-09-10T04:02:53.957493+00:00,false,microservices,order,8e5b25d4fa69ae2926951a9870a4c3d3ab1b87d6dbcb95ac041c80b889a456ff,tcc-microservices-experiment-order-1,0.02,50509906,1073741824,4.7,3,5.31MB / 4.14MB,11MB / 23.7MB
105,2026-09-10T04:02:54.321754+00:00,211,2026-09-10T04:02:53.957493+00:00,false,microservices,product,f06b287eaf314fa63bbd638cbad43bfc62631adf14385dfd4ca6781993d22ec8,tcc-microservices-experiment-product-1,81.97,59076772,1073741824,5.5,3,106MB / 113MB,13.1MB / 26.2MB
106,2026-09-10T04:02:55.321729+00:00,213,2026-09-10T04:02:54.959079+00:00,false,microservices,auth,745938cd7236c90413cb600f9d27d87f558693c1727c93033b4e6ccb5bacc8fc,tcc-microservices-experiment-auth-1,0.02,54001664,1073741824,5.03,3,45.6kB / 40.3kB,15.2MB / 25.5MB
106,2026-09-10T04:02:55.321729+00:00,213,2026-09-10T04:02:54.959079+00:00,false,microservices,gateway,d17c369c2d82749b29faf8f33739ce1e400e8e1d232ebc5f5b51303a7350d7bc,tcc-microservices-experiment-gateway-1,29.6,438724198,536870912,81.72,75,95.7MB / 107MB,44.1MB / 51.3MB
106,2026-09-10T04:02:55.321729+00:00,213,2026-09-10T04:02:54.959079+00:00,false,microservices,mysql,50a6fabb16ba045e2ffa11e1c7ef22f08585ef0eb46f0ac69f11887576d4784f,tcc-microservices-experiment-mysql-1,28.45,408734925,1073741824,38.07,40,35.1MB / 88.3MB,68.6MB / 192MB
106,2026-09-10T04:02:55.321729+00:00,213,2026-09-10T04:02:54.959079+00:00,false,microservices,order,8e5b25d4fa69ae2926951a9870a4c3d3ab1b87d6dbcb95ac041c80b889a456ff,tcc-microservices-experiment-order-1,0.02,50509906,1073741824,4.7,3,5.31MB / 4.14MB,11MB / 23.7MB
106,2026-09-10T04:02:55.321729+00:00,213,2026-09-10T04:02:54.959079+00:00,false,microservices,product,f06b287eaf314fa63bbd638cbad43bfc62631adf14385dfd4ca6781993d22ec8,tcc-microservices-experiment-product-1,82.79,58909000,1073741824,5.49,3,106MB / 114MB,13.1MB / 26.2MB
107,2026-09-10T04:02:56.321741+00:00,215,2026-09-10T04:02:55.957343+00:00,false,microservices,auth,745938cd7236c90413cb600f9d27d87f558693c1727c93033b4e6ccb5bacc8fc,tcc-microservices-experiment-auth-1,0.02,54001664,1073741824,5.03,3,45.6kB / 40.3kB,15.2MB / 25.5MB
107,2026-09-10T04:02:56.321741+00:00,215,2026-09-10T04:02:55.957343+00:00,false,microservices,gateway,d17c369c2d82749b29faf8f33739ce1e400e8e1d232ebc5f5b51303a7350d7bc,tcc-microservices-experiment-gateway-1,29.44,438933914,536870912,81.76,75,96.5MB / 108MB,44.1MB / 51.3MB
107,2026-09-10T04:02:56.321741+00:00,215,2026-09-10T04:02:55.957343+00:00,false,microservices,mysql,50a6fabb16ba045e2ffa11e1c7ef22f08585ef0eb46f0ac69f11887576d4784f,tcc-microservices-experiment-mysql-1,24.01,408525210,1073741824,38.05,40,35.3MB / 89MB,68.6MB / 192MB
107,2026-09-10T04:02:56.321741+00:00,215,2026-09-10T04:02:55.957343+00:00,false,microservices,order,8e5b25d4fa69ae2926951a9870a4c3d3ab1b87d6dbcb95ac041c80b889a456ff,tcc-microservices-experiment-order-1,0.02,50509906,1073741824,4.7,3,5.31MB / 4.14MB,11MB / 23.7MB
107,2026-09-10T04:02:56.321741+00:00,215,2026-09-10T04:02:55.957343+00:00,false,microservices,product,f06b287eaf314fa63bbd638cbad43bfc62631adf14385dfd4ca6781993d22ec8,tcc-microservices-experiment-product-1,82.64,58888028,1073741824,5.48,3,107MB / 114MB,13.1MB / 26.2MB
108,2026-09-10T04:02:57.321750+00:00,217,2026-09-10T04:02:56.958942+00:00,false,microservices,auth,745938cd7236c90413cb600f9d27d87f558693c1727c93033b4e6ccb5bacc8fc,tcc-microservices-experiment-auth-1,0.02,54001664,1073741824,5.03,3,45.6kB / 40.3kB,15.2MB / 25.5MB
108,2026-09-10T04:02:57.321750+00:00,217,2026-09-10T04:02:56.958942+00:00,false,microservices,gateway,d17c369c2d82749b29faf8f33739ce1e400e8e1d232ebc5f5b51303a7350d7bc,tcc-microservices-experiment-gateway-1,29.42,439667917,536870912,81.9,75,97.2MB / 109MB,44.1MB / 51.3MB
108,2026-09-10T04:02:57.321750+00:00,217,2026-09-10T04:02:56.958942+00:00,false,microservices,mysql,50a6fabb16ba045e2ffa11e1c7ef22f08585ef0eb46f0ac69f11887576d4784f,tcc-microservices-experiment-mysql-1,30.1,408315494,1073741824,38.03,40,35.6MB / 89.6MB,68.6MB / 192MB
108,2026-09-10T04:02:57.321750+00:00,217,2026-09-10T04:02:56.958942+00:00,false,microservices,order,8e5b25d4fa69ae2926951a9870a4c3d3ab1b87d6dbcb95ac041c80b889a456ff,tcc-microservices-experiment-order-1,0.02,50509906,1073741824,4.7,3,5.31MB / 4.14MB,11MB / 23.7MB
108,2026-09-10T04:02:57.321750+00:00,217,2026-09-10T04:02:56.958942+00:00,false,microservices,product,f06b287eaf314fa63bbd638cbad43bfc62631adf14385dfd4ca6781993d22ec8,tcc-microservices-experiment-product-1,79.55,59055800,1073741824,5.5,3,108MB / 115MB,13.1MB / 26.2MB
109,2026-09-10T04:02:58.321750+00:00,219,2026-09-10T04:02:57.957204+00:00,false,microservices,auth,745938cd7236c90413cb600f9d27d87f558693c1727c93033b4e6ccb5bacc8fc,tcc-microservices-experiment-auth-1,0.02,54001664,1073741824,5.03,3,45.6kB / 40.3kB,15.2MB / 25.5MB
109,2026-09-10T04:02:58.321750+00:00,219,2026-09-10T04:02:57.957204+00:00,false,microservices,gateway,d17c369c2d82749b29faf8f33739ce1e400e8e1d232ebc5f5b51303a7350d7bc,tcc-microservices-experiment-gateway-1,31.6,439353344,536870912,81.83,75,98MB / 110MB,44.1MB / 51.3MB
109,2026-09-10T04:02:58.321750+00:00,219,2026-09-10T04:02:57.957204+00:00,false,microservices,mysql,50a6fabb16ba045e2ffa11e1c7ef22f08585ef0eb46f0ac69f11887576d4784f,tcc-microservices-experiment-mysql-1,24.66,408630067,1073741824,38.06,40,35.8MB / 90.3MB,68.6MB / 192MB
109,2026-09-10T04:02:58.321750+00:00,219,2026-09-10T04:02:57.957204+00:00,false,microservices,order,8e5b25d4fa69ae2926951a9870a4c3d3ab1b87d6dbcb95ac041c80b889a456ff,tcc-microservices-experiment-order-1,0.02,50509906,1073741824,4.7,3,5.31MB / 4.14MB,11MB / 23.7MB
109,2026-09-10T04:02:58.321750+00:00,219,2026-09-10T04:02:57.957204+00:00,false,microservices,product,f06b287eaf314fa63bbd638cbad43bfc62631adf14385dfd4ca6781993d22ec8,tcc-microservices-experiment-product-1,80.85,59296973,1073741824,5.52,3,109MB / 116MB,13.1MB / 26.2MB
110,2026-09-10T04:02:59.321764+00:00,221,2026-09-10T04:02:58.958301+00:00,false,microservices,auth,745938cd7236c90413cb600f9d27d87f558693c1727c93033b4e6ccb5bacc8fc,tcc-microservices-experiment-auth-1,0.02,54001664,1073741824,5.03,3,45.6kB / 40.3kB,15.2MB / 25.5MB
110,2026-09-10T04:02:59.321764+00:00,221,2026-09-10T04:02:58.958301+00:00,false,microservices,gateway,d17c369c2d82749b29faf8f33739ce1e400e8e1d232ebc5f5b51303a7350d7bc,tcc-microservices-experiment-gateway-1,28.96,439458202,536870912,81.86,75,98.7MB / 110MB,44.1MB / 51.3MB
110,2026-09-10T04:02:59.321764+00:00,221,2026-09-10T04:02:58.958301+00:00,false,microservices,mysql,50a6fabb16ba045e2ffa11e1c7ef22f08585ef0eb46f0ac69f11887576d4784f,tcc-microservices-experiment-mysql-1,28.91,409049498,1073741824,38.1,40,36.1MB / 90.9MB,68.6MB / 192MB
110,2026-09-10T04:02:59.321764+00:00,221,2026-09-10T04:02:58.958301+00:00,false,microservices,order,8e5b25d4fa69ae2926951a9870a4c3d3ab1b87d6dbcb95ac041c80b889a456ff,tcc-microservices-experiment-order-1,0.02,50509906,1073741824,4.7,3,5.31MB / 4.14MB,11MB / 23.7MB
110,2026-09-10T04:02:59.321764+00:00,221,2026-09-10T04:02:58.958301+00:00,false,microservices,product,f06b287eaf314fa63bbd638cbad43bfc62631adf14385dfd4ca6781993d22ec8,tcc-microservices-experiment-product-1,81.43,59171144,1073741824,5.51,3,110MB / 117MB,13.1MB / 26.2MB
111,2026-09-10T04:03:00.321759+00:00,223,2026-09-10T04:02:59.957792+00:00,false,microservices,auth,745938cd7236c90413cb600f9d27d87f558693c1727c93033b4e6ccb5bacc8fc,tcc-microservices-experiment-auth-1,0.02,54001664,1073741824,5.03,3,45.6kB / 40.3kB,15.2MB / 25.5MB
111,2026-09-10T04:03:00.321759+00:00,223,2026-09-10T04:02:59.957792+00:00,false,microservices,gateway,d17c369c2d82749b29faf8f33739ce1e400e8e1d232ebc5f5b51303a7350d7bc,tcc-microservices-experiment-gateway-1,30.05,439038771,536870912,81.78,75,99.5MB / 111MB,44.1MB / 51.3MB
111,2026-09-10T04:03:00.321759+00:00,223,2026-09-10T04:02:59.957792+00:00,false,microservices,mysql,50a6fabb16ba045e2ffa11e1c7ef22f08585ef0eb46f0ac69f11887576d4784f,tcc-microservices-experiment-mysql-1,24.65,408315494,1073741824,38.03,40,36.3MB / 91.6MB,68.6MB / 192MB
111,2026-09-10T04:03:00.321759+00:00,223,2026-09-10T04:02:59.957792+00:00,false,microservices,order,8e5b25d4fa69ae2926951a9870a4c3d3ab1b87d6dbcb95ac041c80b889a456ff,tcc-microservices-experiment-order-1,0.02,50509906,1073741824,4.7,3,5.31MB / 4.14MB,11MB / 23.7MB
111,2026-09-10T04:03:00.321759+00:00,223,2026-09-10T04:02:59.957792+00:00,false,microservices,product,f06b287eaf314fa63bbd638cbad43bfc62631adf14385dfd4ca6781993d22ec8,tcc-microservices-experiment-product-1,81.68,59045315,1073741824,5.5,3,111MB / 118MB,13.1MB / 26.2MB
112,2026-09-10T04:03:01.321746+00:00,225,2026-09-10T04:03:00.958333+00:00,false,microservices,auth,745938cd7236c90413cb600f9d27d87f558693c1727c93033b4e6ccb5bacc8fc,tcc-microservices-experiment-auth-1,0.02,54001664,1073741824,5.03,3,45.6kB / 40.3kB,15.2MB / 25.5MB
112,2026-09-10T04:03:01.321746+00:00,225,2026-09-10T04:03:00.958333+00:00,false,microservices,gateway,d17c369c2d82749b29faf8f33739ce1e400e8e1d232ebc5f5b51303a7350d7bc,tcc-microservices-experiment-gateway-1,30.17,439353344,536870912,81.84,69,100MB / 112MB,44.1MB / 51.3MB
112,2026-09-10T04:03:01.321746+00:00,225,2026-09-10T04:03:00.958333+00:00,false,microservices,mysql,50a6fabb16ba045e2ffa11e1c7ef22f08585ef0eb46f0ac69f11887576d4784f,tcc-microservices-experiment-mysql-1,29.29,408944640,1073741824,38.09,40,36.5MB / 92.2MB,68.6MB / 192MB
112,2026-09-10T04:03:01.321746+00:00,225,2026-09-10T04:03:00.958333+00:00,false,microservices,order,8e5b25d4fa69ae2926951a9870a4c3d3ab1b87d6dbcb95ac041c80b889a456ff,tcc-microservices-experiment-order-1,0.02,50509906,1073741824,4.7,3,5.31MB / 4.14MB,11MB / 23.7MB
112,2026-09-10T04:03:01.321746+00:00,225,2026-09-10T04:03:00.958333+00:00,false,microservices,product,f06b287eaf314fa63bbd638cbad43bfc62631adf14385dfd4ca6781993d22ec8,tcc-microservices-experiment-product-1,81.35,59181629,1073741824,5.51,3,111MB / 119MB,13.1MB / 26.2MB
113,2026-09-10T04:03:02.321751+00:00,227,2026-09-10T04:03:01.958211+00:00,false,microservices,auth,745938cd7236c90413cb600f9d27d87f558693c1727c93033b4e6ccb5bacc8fc,tcc-microservices-experiment-auth-1,0.02,54001664,1073741824,5.03,3,45.6kB / 40.3kB,15.2MB / 25.5MB
113,2026-09-10T04:03:02.321751+00:00,227,2026-09-10T04:03:01.958211+00:00,false,microservices,gateway,d17c369c2d82749b29faf8f33739ce1e400e8e1d232ebc5f5b51303a7350d7bc,tcc-microservices-experiment-gateway-1,29.01,438619341,536870912,81.69,69,101MB / 113MB,44.1MB / 51.3MB
113,2026-09-10T04:03:02.321751+00:00,227,2026-09-10T04:03:01.958211+00:00,false,microservices,mysql,50a6fabb16ba045e2ffa11e1c7ef22f08585ef0eb46f0ac69f11887576d4784f,tcc-microservices-experiment-mysql-1,25.69,408944640,1073741824,38.08,40,36.8MB / 92.9MB,68.6MB / 192MB
113,2026-09-10T04:03:02.321751+00:00,227,2026-09-10T04:03:01.958211+00:00,false,microservices,order,8e5b25d4fa69ae2926951a9870a4c3d3ab1b87d6dbcb95ac041c80b889a456ff,tcc-microservices-experiment-order-1,0.02,50509906,1073741824,4.7,3,5.31MB / 4.14MB,11MB / 23.7MB
113,2026-09-10T04:03:02.321751+00:00,227,2026-09-10T04:03:01.958211+00:00,false,microservices,product,f06b287eaf314fa63bbd638cbad43bfc62631adf14385dfd4ca6781993d22ec8,tcc-microservices-experiment-product-1,80.53,59863204,1073741824,5.57,3,112MB / 120MB,13.1MB / 26.2MB
114,2026-09-10T04:03:03.321753+00:00,229,2026-09-10T04:03:02.958252+00:00,false,microservices,auth,745938cd7236c90413cb600f9d27d87f558693c1727c93033b4e6ccb5bacc8fc,tcc-microservices-experiment-auth-1,0.02,54001664,1073741824,5.03,3,45.6kB / 40.3kB,15.2MB / 25.5MB
114,2026-09-10T04:03:03.321753+00:00,229,2026-09-10T04:03:02.958252+00:00,false,microservices,gateway,d17c369c2d82749b29faf8f33739ce1e400e8e1d232ebc5f5b51303a7350d7bc,tcc-microservices-experiment-gateway-1,29.77,439038771,536870912,81.77,69,102MB / 114MB,44.1MB / 51.3MB
114,2026-09-10T04:03:03.321753+00:00,229,2026-09-10T04:03:02.958252+00:00,false,microservices,mysql,50a6fabb16ba045e2ffa11e1c7ef22f08585ef0eb46f0ac69f11887576d4784f,tcc-microservices-experiment-mysql-1,28.61,408525210,1073741824,38.05,40,37MB / 93.5MB,68.6MB / 192MB
114,2026-09-10T04:03:03.321753+00:00,229,2026-09-10T04:03:02.958252+00:00,false,microservices,order,8e5b25d4fa69ae2926951a9870a4c3d3ab1b87d6dbcb95ac041c80b889a456ff,tcc-microservices-experiment-order-1,0.01,50509906,1073741824,4.7,3,5.31MB / 4.14MB,11MB / 23.7MB
114,2026-09-10T04:03:03.321753+00:00,229,2026-09-10T04:03:02.958252+00:00,false,microservices,product,f06b287eaf314fa63bbd638cbad43bfc62631adf14385dfd4ca6781993d22ec8,tcc-microservices-experiment-product-1,81.89,58720256,1073741824,5.47,3,113MB / 121MB,13.1MB / 26.2MB
115,2026-09-10T04:03:04.321753+00:00,231,2026-09-10T04:03:03.956492+00:00,false,microservices,auth,745938cd7236c90413cb600f9d27d87f558693c1727c93033b4e6ccb5bacc8fc,tcc-microservices-experiment-auth-1,0.02,54001664,1073741824,5.03,3,45.6kB / 40.3kB,15.2MB / 25.5MB
115,2026-09-10T04:03:04.321753+00:00,231,2026-09-10T04:03:03.956492+00:00,false,microservices,gateway,d17c369c2d82749b29faf8f33739ce1e400e8e1d232ebc5f5b51303a7350d7bc,tcc-microservices-experiment-gateway-1,30.59,439143629,536870912,81.8,69,102MB / 115MB,44.1MB / 51.3MB
115,2026-09-10T04:03:04.321753+00:00,231,2026-09-10T04:03:03.956492+00:00,false,microservices,mysql,50a6fabb16ba045e2ffa11e1c7ef22f08585ef0eb46f0ac69f11887576d4784f,tcc-microservices-experiment-mysql-1,26.02,408734925,1073741824,38.07,40,37.3MB / 94.2MB,68.6MB / 192MB
115,2026-09-10T04:03:04.321753+00:00,231,2026-09-10T04:03:03.956492+00:00,false,microservices,order,8e5b25d4fa69ae2926951a9870a4c3d3ab1b87d6dbcb95ac041c80b889a456ff,tcc-microservices-experiment-order-1,0.02,50509906,1073741824,4.7,3,5.31MB / 4.14MB,11MB / 23.7MB
115,2026-09-10T04:03:04.321753+00:00,231,2026-09-10T04:03:03.956492+00:00,false,microservices,product,f06b287eaf314fa63bbd638cbad43bfc62631adf14385dfd4ca6781993d22ec8,tcc-microservices-experiment-product-1,79.65,59768832,1073741824,5.57,3,114MB / 122MB,13.1MB / 26.2MB
116,2026-09-10T04:03:05.321750+00:00,233,2026-09-10T04:03:04.958381+00:00,false,microservices,auth,745938cd7236c90413cb600f9d27d87f558693c1727c93033b4e6ccb5bacc8fc,tcc-microservices-experiment-auth-1,0.02,54001664,1073741824,5.03,3,45.6kB / 40.3kB,15.2MB / 25.5MB
116,2026-09-10T04:03:05.321750+00:00,233,2026-09-10T04:03:04.958381+00:00,false,microservices,gateway,d17c369c2d82749b29faf8f33739ce1e400e8e1d232ebc5f5b51303a7350d7bc,tcc-microservices-experiment-gateway-1,30.3,439038771,536870912,81.77,69,103MB / 115MB,44.1MB / 51.3MB
116,2026-09-10T04:03:05.321750+00:00,233,2026-09-10T04:03:04.958381+00:00,false,microservices,mysql,50a6fabb16ba045e2ffa11e1c7ef22f08585ef0eb46f0ac69f11887576d4784f,tcc-microservices-experiment-mysql-1,29.34,408734925,1073741824,38.07,40,37.5MB / 94.8MB,68.6MB / 192MB
116,2026-09-10T04:03:05.321750+00:00,233,2026-09-10T04:03:04.958381+00:00,false,microservices,order,8e5b25d4fa69ae2926951a9870a4c3d3ab1b87d6dbcb95ac041c80b889a456ff,tcc-microservices-experiment-order-1,0.01,50509906,1073741824,4.7,3,5.31MB / 4.14MB,11MB / 23.7MB
116,2026-09-10T04:03:05.321750+00:00,233,2026-09-10T04:03:04.958381+00:00,false,microservices,product,f06b287eaf314fa63bbd638cbad43bfc62631adf14385dfd4ca6781993d22ec8,tcc-microservices-experiment-product-1,81.69,58657341,1073741824,5.46,3,115MB / 122MB,13.1MB / 27.7MB
117,2026-09-10T04:03:06.321747+00:00,235,2026-09-10T04:03:05.956627+00:00,false,microservices,auth,745938cd7236c90413cb600f9d27d87f558693c1727c93033b4e6ccb5bacc8fc,tcc-microservices-experiment-auth-1,0.02,54001664,1073741824,5.03,3,45.6kB / 40.3kB,15.2MB / 25.5MB
117,2026-09-10T04:03:06.321747+00:00,235,2026-09-10T04:03:05.956627+00:00,false,microservices,gateway,d17c369c2d82749b29faf8f33739ce1e400e8e1d232ebc5f5b51303a7350d7bc,tcc-microservices-experiment-gateway-1,30.84,439353344,536870912,81.84,69,104MB / 116MB,44.1MB / 51.3MB
117,2026-09-10T04:03:06.321747+00:00,235,2026-09-10T04:03:05.956627+00:00,false,microservices,mysql,50a6fabb16ba045e2ffa11e1c7ef22f08585ef0eb46f0ac69f11887576d4784f,tcc-microservices-experiment-mysql-1,24.48,408734925,1073741824,38.06,40,37.7MB / 95.5MB,68.6MB / 192MB
117,2026-09-10T04:03:06.321747+00:00,235,2026-09-10T04:03:05.956627+00:00,false,microservices,order,8e5b25d4fa69ae2926951a9870a4c3d3ab1b87d6dbcb95ac041c80b889a456ff,tcc-microservices-experiment-order-1,0.01,50509906,1073741824,4.7,3,5.31MB / 4.14MB,11MB / 23.7MB
117,2026-09-10T04:03:06.321747+00:00,235,2026-09-10T04:03:05.956627+00:00,false,microservices,product,f06b287eaf314fa63bbd638cbad43bfc62631adf14385dfd4ca6781993d22ec8,tcc-microservices-experiment-product-1,81.82,59150172,1073741824,5.51,3,116MB / 123MB,13.1MB / 27.7MB
118,2026-09-10T04:03:07.321750+00:00,237,2026-09-10T04:03:06.957449+00:00,false,microservices,auth,745938cd7236c90413cb600f9d27d87f558693c1727c93033b4e6ccb5bacc8fc,tcc-microservices-experiment-auth-1,0.01,54001664,1073741824,5.03,3,45.6kB / 40.3kB,15.2MB / 25.5MB
118,2026-09-10T04:03:07.321750+00:00,237,2026-09-10T04:03:06.957449+00:00,false,microservices,gateway,d17c369c2d82749b29faf8f33739ce1e400e8e1d232ebc5f5b51303a7350d7bc,tcc-microservices-experiment-gateway-1,30.45,438829056,536870912,81.74,69,105MB / 117MB,44.1MB / 51.3MB
118,2026-09-10T04:03:07.321750+00:00,237,2026-09-10T04:03:06.957449+00:00,false,microservices,mysql,50a6fabb16ba045e2ffa11e1c7ef22f08585ef0eb46f0ac69f11887576d4784f,tcc-microservices-experiment-mysql-1,27.75,408839782,1073741824,38.07,40,38MB / 96.1MB,68.6MB / 192MB
118,2026-09-10T04:03:07.321750+00:00,237,2026-09-10T04:03:06.957449+00:00,false,microservices,order,8e5b25d4fa69ae2926951a9870a4c3d3ab1b87d6dbcb95ac041c80b889a456ff,tcc-microservices-experiment-order-1,0.02,50509906,1073741824,4.7,3,5.31MB / 4.14MB,11MB / 23.7MB
118,2026-09-10T04:03:07.321750+00:00,237,2026-09-10T04:03:06.957449+00:00,false,microservices,product,f06b287eaf314fa63bbd638cbad43bfc62631adf14385dfd4ca6781993d22ec8,tcc-microservices-experiment-product-1,82.67,58971914,1073741824,5.49,3,116MB / 124MB,13.1MB / 27.7MB
119,2026-09-10T04:03:08.321734+00:00,239,2026-09-10T04:03:07.957385+00:00,false,microservices,auth,745938cd7236c90413cb600f9d27d87f558693c1727c93033b4e6ccb5bacc8fc,tcc-microservices-experiment-auth-1,0.02,54001664,1073741824,5.03,3,45.6kB / 40.3kB,15.2MB / 25.5MB
119,2026-09-10T04:03:08.321734+00:00,239,2026-09-10T04:03:07.957385+00:00,false,microservices,gateway,d17c369c2d82749b29faf8f33739ce1e400e8e1d232ebc5f5b51303a7350d7bc,tcc-microservices-experiment-gateway-1,30.65,438933914,536870912,81.76,69,106MB / 118MB,44.1MB / 51.3MB
119,2026-09-10T04:03:08.321734+00:00,239,2026-09-10T04:03:07.957385+00:00,false,microservices,mysql,50a6fabb16ba045e2ffa11e1c7ef22f08585ef0eb46f0ac69f11887576d4784f,tcc-microservices-experiment-mysql-1,23.52,408630067,1073741824,38.05,40,38.2MB / 96.8MB,68.6MB / 192MB
119,2026-09-10T04:03:08.321734+00:00,239,2026-09-10T04:03:07.957385+00:00,false,microservices,order,8e5b25d4fa69ae2926951a9870a4c3d3ab1b87d6dbcb95ac041c80b889a456ff,tcc-microservices-experiment-order-1,0.02,50509906,1073741824,4.7,3,5.31MB / 4.14MB,11MB / 23.7MB
119,2026-09-10T04:03:08.321734+00:00,239,2026-09-10T04:03:07.957385+00:00,false,microservices,product,f06b287eaf314fa63bbd638cbad43bfc62631adf14385dfd4ca6781993d22ec8,tcc-microservices-experiment-product-1,83.52,58982400,1073741824,5.49,3,117MB / 125MB,13.1MB / 27.7MB
120,2026-09-10T04:03:09.321746+00:00,241,2026-09-10T04:03:08.957314+00:00,false,microservices,auth,745938cd7236c90413cb600f9d27d87f558693c1727c93033b4e6ccb5bacc8fc,tcc-microservices-experiment-auth-1,0.02,54001664,1073741824,5.03,3,45.6kB / 40.3kB,15.2MB / 25.5MB
120,2026-09-10T04:03:09.321746+00:00,241,2026-09-10T04:03:08.957314+00:00,false,microservices,gateway,d17c369c2d82749b29faf8f33739ce1e400e8e1d232ebc5f5b51303a7350d7bc,tcc-microservices-experiment-gateway-1,29.67,439143629,536870912,81.79,69,106MB / 119MB,44.1MB / 51.3MB
120,2026-09-10T04:03:09.321746+00:00,241,2026-09-10T04:03:08.957314+00:00,false,microservices,mysql,50a6fabb16ba045e2ffa11e1c7ef22f08585ef0eb46f0ac69f11887576d4784f,tcc-microservices-experiment-mysql-1,28.03,409049498,1073741824,38.1,40,38.5MB / 97.4MB,68.6MB / 192MB
120,2026-09-10T04:03:09.321746+00:00,241,2026-09-10T04:03:08.957314+00:00,false,microservices,order,8e5b25d4fa69ae2926951a9870a4c3d3ab1b87d6dbcb95ac041c80b889a456ff,tcc-microservices-experiment-order-1,0.01,50509906,1073741824,4.7,3,5.31MB / 4.14MB,11MB / 23.7MB
120,2026-09-10T04:03:09.321746+00:00,241,2026-09-10T04:03:08.957314+00:00,false,microservices,product,f06b287eaf314fa63bbd638cbad43bfc62631adf14385dfd4ca6781993d22ec8,tcc-microservices-experiment-product-1,82.45,58237911,1073741824,5.42,3,118MB / 126MB,13.1MB / 27.7MB
