sample_index,captured_at_utc,docker_refresh_sequence,docker_refresh_captured_at_utc,docker_refresh_reused,architecture,service,container_id,container_name,cpu_percent,memory_used_bytes,memory_limit_bytes,memory_percent,pids,network_io,block_io
1,2026-09-10T03:57:28.744902+00:00,3,2026-09-10T03:57:28.385933+00:00,false,microservices,auth,9cec0b0e45f32a4137d1f72d75fa0640dd8a40cb405e77781e3e3b01aedd367b,tcc-microservices-experiment-auth-1,0.02,80666952,1073741824,7.51,3,45.3kB / 40.3kB,17.9MB / 65.5kB
1,2026-09-10T03:57:28.744902+00:00,3,2026-09-10T03:57:28.385933+00:00,false,microservices,gateway,0b4e4591543a7a957c7792d1d455558adea3d911273f7ee6fd6c5c75085959c4,tcc-microservices-experiment-gateway-1,0.15,471649485,536870912,87.86,77,19.8MB / 22.1MB,77.9MB / 184kB
1,2026-09-10T03:57:28.744902+00:00,3,2026-09-10T03:57:28.385933+00:00,false,microservices,mysql,67e2504f0a790cc0f0b87b58633df5771a9038f71c1cf6fc13b21f9a336b4fc8,tcc-microservices-experiment-mysql-1,4.77,430230733,1073741824,40.07,40,10.8MB / 22.8MB,52.2MB / 182MB
1,2026-09-10T03:57:28.744902+00:00,3,2026-09-10T03:57:28.385933+00:00,false,microservices,order,d7569b7c39d89089f9d254c8ccf563f268a8997e691d861186f93e04a5c0b899,tcc-microservices-experiment-order-1,0.02,75350671,1073741824,7.02,3,5.31MB / 4.14MB,12MB / 77.8kB
1,2026-09-10T03:57:28.744902+00:00,3,2026-09-10T03:57:28.385933+00:00,false,microservices,product,5ac9975e25dd010bc938175a0e0d0fa41bc2f21bc3ddc9d4912b9622d81914e1,tcc-microservices-experiment-product-1,0.03,80142664,1073741824,7.46,3,22.3MB / 23.6MB,13.5MB / 81.9kB
2,2026-09-10T03:57:29.744974+00:00,5,2026-09-10T03:57:29.384564+00:00,false,microservices,auth,9cec0b0e45f32a4137d1f72d75fa0640dd8a40cb405e77781e3e3b01aedd367b,tcc-microservices-experiment-auth-1,0.02,80666952,1073741824,7.51,3,45.3kB / 40.3kB,17.9MB / 65.5kB
2,2026-09-10T03:57:29.744974+00:00,5,2026-09-10T03:57:29.384564+00:00,false,microservices,gateway,0b4e4591543a7a957c7792d1d455558adea3d911273f7ee6fd6c5c75085959c4,tcc-microservices-experiment-gateway-1,0.12,471649485,536870912,87.85,77,19.8MB / 22.1MB,77.9MB / 184kB
2,2026-09-10T03:57:29.744974+00:00,5,2026-09-10T03:57:29.384564+00:00,false,microservices,mysql,67e2504f0a790cc0f0b87b58633df5771a9038f71c1cf6fc13b21f9a336b4fc8,tcc-microservices-experiment-mysql-1,0.7,429916160,1073741824,40.04,40,10.8MB / 22.8MB,52.2MB / 182MB
2,2026-09-10T03:57:29.744974+00:00,5,2026-09-10T03:57:29.384564+00:00,false,microservices,order,d7569b7c39d89089f9d254c8ccf563f268a8997e691d861186f93e04a5c0b899,tcc-microservices-experiment-order-1,0.02,75350671,1073741824,7.02,3,5.31MB / 4.14MB,12MB / 77.8kB
2,2026-09-10T03:57:29.744974+00:00,5,2026-09-10T03:57:29.384564+00:00,false,microservices,product,5ac9975e25dd010bc938175a0e0d0fa41bc2f21bc3ddc9d4912b9622d81914e1,tcc-microservices-experiment-product-1,0.02,79901491,1073741824,7.44,3,22.3MB / 23.6MB,13.5MB / 81.9kB
3,2026-09-10T03:57:30.744909+00:00,7,2026-09-10T03:57:30.385357+00:00,false,microservices,auth,9cec0b0e45f32a4137d1f72d75fa0640dd8a40cb405e77781e3e3b01aedd367b,tcc-microservices-experiment-auth-1,0.02,80666952,1073741824,7.51,3,45.3kB / 40.3kB,17.9MB / 65.5kB
3,2026-09-10T03:57:30.744909+00:00,7,2026-09-10T03:57:30.385357+00:00,false,microservices,gateway,0b4e4591543a7a957c7792d1d455558adea3d911273f7ee6fd6c5c75085959c4,tcc-microservices-experiment-gateway-1,19.04,473327206,536870912,88.16,78,19.8MB / 22.2MB,77.9MB / 184kB
3,2026-09-10T03:57:30.744909+00:00,7,2026-09-10T03:57:30.385357+00:00,false,microservices,mysql,67e2504f0a790cc0f0b87b58633df5771a9038f71c1cf6fc13b21f9a336b4fc8,tcc-microservices-experiment-mysql-1,9.75,431069594,1073741824,40.15,40,10.8MB / 22.8MB,52.2MB / 182MB
3,2026-09-10T03:57:30.744909+00:00,7,2026-09-10T03:57:30.385357+00:00,false,microservices,order,d7569b7c39d89089f9d254c8ccf563f268a8997e691d861186f93e04a5c0b899,tcc-microservices-experiment-order-1,0.04,75350671,1073741824,7.02,3,5.31MB / 4.14MB,12MB / 77.8kB
3,2026-09-10T03:57:30.744909+00:00,7,2026-09-10T03:57:30.385357+00:00,false,microservices,product,5ac9975e25dd010bc938175a0e0d0fa41bc2f21bc3ddc9d4912b9622d81914e1,tcc-microservices-experiment-product-1,12.32,81421926,1073741824,7.58,3,22.3MB / 23.7MB,13.5MB / 81.9kB
4,2026-09-10T03:57:31.744952+00:00,9,2026-09-10T03:57:31.384447+00:00,false,microservices,auth,9cec0b0e45f32a4137d1f72d75fa0640dd8a40cb405e77781e3e3b01aedd367b,tcc-microservices-experiment-auth-1,0.02,80666952,1073741824,7.51,3,45.3kB / 40.3kB,17.9MB / 65.5kB
4,2026-09-10T03:57:31.744952+00:00,9,2026-09-10T03:57:31.384447+00:00,false,microservices,gateway,0b4e4591543a7a957c7792d1d455558adea3d911273f7ee6fd6c5c75085959c4,tcc-microservices-experiment-gateway-1,57.03,475004928,536870912,88.47,78,20.2MB / 22.6MB,77.9MB / 184kB
4,2026-09-10T03:57:31.744952+00:00,9,2026-09-10T03:57:31.384447+00:00,false,microservices,mysql,67e2504f0a790cc0f0b87b58633df5771a9038f71c1cf6fc13b21f9a336b4fc8,tcc-microservices-experiment-mysql-1,14.41,431279309,1073741824,40.17,40,10.9MB / 23.2MB,52.2MB / 182MB
4,2026-09-10T03:57:31.744952+00:00,9,2026-09-10T03:57:31.384447+00:00,false,microservices,order,d7569b7c39d89089f9d254c8ccf563f268a8997e691d861186f93e04a5c0b899,tcc-microservices-experiment-order-1,0.02,75350671,1073741824,7.02,3,5.31MB / 4.14MB,12MB / 77.8kB
4,2026-09-10T03:57:31.744952+00:00,9,2026-09-10T03:57:31.384447+00:00,false,microservices,product,5ac9975e25dd010bc938175a0e0d0fa41bc2f21bc3ddc9d4912b9622d81914e1,tcc-microservices-experiment-product-1,49.1,81956700,1073741824,7.63,3,22.8MB / 24.2MB,13.5MB / 81.9kB
5,2026-09-10T03:57:32.744922+00:00,11,2026-09-10T03:57:32.384458+00:00,false,microservices,auth,9cec0b0e45f32a4137d1f72d75fa0640dd8a40cb405e77781e3e3b01aedd367b,tcc-microservices-experiment-auth-1,0.02,80666952,1073741824,7.51,3,45.3kB / 40.3kB,17.9MB / 65.5kB
5,2026-09-10T03:57:32.744922+00:00,11,2026-09-10T03:57:32.384458+00:00,false,microservices,gateway,0b4e4591543a7a957c7792d1d455558adea3d911273f7ee6fd6c5c75085959c4,tcc-microservices-experiment-gateway-1,53.0,475109786,536870912,88.5,78,20.9MB / 23.4MB,77.9MB / 197kB
5,2026-09-10T03:57:32.744922+00:00,11,2026-09-10T03:57:32.384458+00:00,false,microservices,mysql,67e2504f0a790cc0f0b87b58633df5771a9038f71c1cf6fc13b21f9a336b4fc8,tcc-microservices-experiment-mysql-1,27.29,430964736,1073741824,40.13,40,11.2MB / 23.8MB,52.2MB / 182MB
5,2026-09-10T03:57:32.744922+00:00,11,2026-09-10T03:57:32.384458+00:00,false,microservices,order,d7569b7c39d89089f9d254c8ccf563f268a8997e691d861186f93e04a5c0b899,tcc-microservices-experiment-order-1,0.02,75350671,1073741824,7.02,3,5.31MB / 4.14MB,12MB / 77.8kB
5,2026-09-10T03:57:32.744922+00:00,11,2026-09-10T03:57:32.384458+00:00,false,microservices,product,5ac9975e25dd010bc938175a0e0d0fa41bc2f21bc3ddc9d4912b9622d81914e1,tcc-microservices-experiment-product-1,83.27,82051072,1073741824,7.64,3,23.6MB / 25MB,13.5MB / 81.9kB
6,2026-09-10T03:57:33.744916+00:00,13,2026-09-10T03:57:33.384475+00:00,false,microservices,auth,9cec0b0e45f32a4137d1f72d75fa0640dd8a40cb405e77781e3e3b01aedd367b,tcc-microservices-experiment-auth-1,0.02,80666952,1073741824,7.51,3,45.3kB / 40.3kB,17.9MB / 65.5kB
6,2026-09-10T03:57:33.744916+00:00,13,2026-09-10T03:57:33.384475+00:00,false,microservices,gateway,0b4e4591543a7a957c7792d1d455558adea3d911273f7ee6fd6c5c75085959c4,tcc-microservices-experiment-gateway-1,109.26,475214643,536870912,88.51,78,21.6MB / 24.2MB,77.9MB / 197kB
6,2026-09-10T03:57:33.744916+00:00,13,2026-09-10T03:57:33.384475+00:00,false,microservices,mysql,67e2504f0a790cc0f0b87b58633df5771a9038f71c1cf6fc13b21f9a336b4fc8,tcc-microservices-experiment-mysql-1,22.55,430650163,1073741824,40.11,40,11.4MB / 24.4MB,52.2MB / 182MB
6,2026-09-10T03:57:33.744916+00:00,13,2026-09-10T03:57:33.384475+00:00,false,microservices,order,d7569b7c39d89089f9d254c8ccf563f268a8997e691d861186f93e04a5c0b899,tcc-microservices-experiment-order-1,0.02,75350671,1073741824,7.02,3,5.31MB / 4.14MB,12MB / 77.8kB
6,2026-09-10T03:57:33.744916+00:00,13,2026-09-10T03:57:33.384475+00:00,false,microservices,product,5ac9975e25dd010bc938175a0e0d0fa41bc2f21bc3ddc9d4912b9622d81914e1,tcc-microservices-experiment-product-1,83.84,81684070,1073741824,7.61,3,24.3MB / 25.8MB,13.5MB / 81.9kB
7,2026-09-10T03:57:34.744936+00:00,15,2026-09-10T03:57:34.384531+00:00,false,microservices,auth,9cec0b0e45f32a4137d1f72d75fa0640dd8a40cb405e77781e3e3b01aedd367b,tcc-microservices-experiment-auth-1,0.02,80666952,1073741824,7.51,3,45.3kB / 40.3kB,17.9MB / 65.5kB
7,2026-09-10T03:57:34.744936+00:00,15,2026-09-10T03:57:34.384531+00:00,false,microservices,gateway,0b4e4591543a7a957c7792d1d455558adea3d911273f7ee6fd6c5c75085959c4,tcc-microservices-experiment-gateway-1,66.42,475634074,536870912,88.59,78,22.3MB / 24.9MB,77.9MB / 197kB
7,2026-09-10T03:57:34.744936+00:00,15,2026-09-10T03:57:34.384531+00:00,false,microservices,mysql,67e2504f0a790cc0f0b87b58633df5771a9038f71c1cf6fc13b21f9a336b4fc8,tcc-microservices-experiment-mysql-1,27.34,430859878,1073741824,40.13,40,11.6MB / 25MB,52.2MB / 182MB
7,2026-09-10T03:57:34.744936+00:00,15,2026-09-10T03:57:34.384531+00:00,false,microservices,order,d7569b7c39d89089f9d254c8ccf563f268a8997e691d861186f93e04a5c0b899,tcc-microservices-experiment-order-1,0.02,75350671,1073741824,7.02,3,5.31MB / 4.14MB,12MB / 77.8kB
7,2026-09-10T03:57:34.744936+00:00,15,2026-09-10T03:57:34.384531+00:00,false,microservices,product,5ac9975e25dd010bc938175a0e0d0fa41bc2f21bc3ddc9d4912b9622d81914e1,tcc-microservices-experiment-product-1,83.9,82103501,1073741824,7.65,3,25.1MB / 26.7MB,13.5MB / 81.9kB
8,2026-09-10T03:57:35.744893+00:00,17,2026-09-10T03:57:35.383399+00:00,false,microservices,auth,9cec0b0e45f32a4137d1f72d75fa0640dd8a40cb405e77781e3e3b01aedd367b,tcc-microservices-experiment-auth-1,0.02,80666952,1073741824,7.51,3,45.3kB / 40.3kB,17.9MB / 65.5kB
8,2026-09-10T03:57:35.744893+00:00,17,2026-09-10T03:57:35.383399+00:00,false,microservices,gateway,0b4e4591543a7a957c7792d1d455558adea3d911273f7ee6fd6c5c75085959c4,tcc-microservices-experiment-gateway-1,41.05,474795213,536870912,88.44,78,23MB / 25.8MB,77.9MB / 197kB
8,2026-09-10T03:57:35.744893+00:00,17,2026-09-10T03:57:35.383399+00:00,false,microservices,mysql,67e2504f0a790cc0f0b87b58633df5771a9038f71c1cf6fc13b21f9a336b4fc8,tcc-microservices-experiment-mysql-1,24.69,431174451,1073741824,40.16,40,11.8MB / 25.6MB,52.2MB / 182MB
8,2026-09-10T03:57:35.744893+00:00,17,2026-09-10T03:57:35.383399+00:00,false,microservices,order,d7569b7c39d89089f9d254c8ccf563f268a8997e691d861186f93e04a5c0b899,tcc-microservices-experiment-order-1,0.01,75350671,1073741824,7.02,3,5.31MB / 4.14MB,12MB / 77.8kB
8,2026-09-10T03:57:35.744893+00:00,17,2026-09-10T03:57:35.383399+00:00,false,microservices,product,5ac9975e25dd010bc938175a0e0d0fa41bc2f21bc3ddc9d4912b9622d81914e1,tcc-microservices-experiment-product-1,81.34,82585846,1073741824,7.69,3,25.9MB / 27.5MB,13.5MB / 81.9kB
9,2026-09-10T03:57:36.744904+00:00,19,2026-09-10T03:57:36.384314+00:00,false,microservices,auth,9cec0b0e45f32a4137d1f72d75fa0640dd8a40cb405e77781e3e3b01aedd367b,tcc-microservices-experiment-auth-1,0.02,80666952,1073741824,7.51,3,45.3kB / 40.3kB,17.9MB / 65.5kB
9,2026-09-10T03:57:36.744904+00:00,19,2026-09-10T03:57:36.384314+00:00,false,microservices,gateway,0b4e4591543a7a957c7792d1d455558adea3d911273f7ee6fd6c5c75085959c4,tcc-microservices-experiment-gateway-1,59.79,475948646,536870912,88.64,78,23.8MB / 26.6MB,77.9MB / 197kB
9,2026-09-10T03:57:36.744904+00:00,19,2026-09-10T03:57:36.384314+00:00,false,microservices,mysql,67e2504f0a790cc0f0b87b58633df5771a9038f71c1cf6fc13b21f9a336b4fc8,tcc-microservices-experiment-mysql-1,27.51,431384166,1073741824,40.18,40,12.1MB / 26.2MB,52.2MB / 182MB
9,2026-09-10T03:57:36.744904+00:00,19,2026-09-10T03:57:36.384314+00:00,false,microservices,order,d7569b7c39d89089f9d254c8ccf563f268a8997e691d861186f93e04a5c0b899,tcc-microservices-experiment-order-1,0.02,75350671,1073741824,7.02,3,5.31MB / 4.14MB,12MB / 77.8kB
9,2026-09-10T03:57:36.744904+00:00,19,2026-09-10T03:57:36.384314+00:00,false,microservices,product,5ac9975e25dd010bc938175a0e0d0fa41bc2f21bc3ddc9d4912b9622d81914e1,tcc-microservices-experiment-product-1,82.65,82030100,1073741824,7.64,3,26.7MB / 28.4MB,13.5MB / 81.9kB
10,2026-09-10T03:57:37.744900+00:00,21,2026-09-10T03:57:37.384472+00:00,false,microservices,auth,9cec0b0e45f32a4137d1f72d75fa0640dd8a40cb405e77781e3e3b01aedd367b,tcc-microservices-experiment-auth-1,0.02,80666952,1073741824,7.51,3,45.3kB / 40.3kB,17.9MB / 65.5kB
10,2026-09-10T03:57:37.744900+00:00,21,2026-09-10T03:57:37.384472+00:00,false,microservices,gateway,0b4e4591543a7a957c7792d1d455558adea3d911273f7ee6fd6c5c75085959c4,tcc-microservices-experiment-gateway-1,87.38,476368077,536870912,88.72,78,24.4MB / 27.2MB,77.9MB / 197kB
10,2026-09-10T03:57:37.744900+00:00,21,2026-09-10T03:57:37.384472+00:00,false,microservices,mysql,67e2504f0a790cc0f0b87b58633df5771a9038f71c1cf6fc13b21f9a336b4fc8,tcc-microservices-experiment-mysql-1,22.83,430440448,1073741824,40.09,40,12.3MB / 26.8MB,52.2MB / 182MB
10,2026-09-10T03:57:37.744900+00:00,21,2026-09-10T03:57:37.384472+00:00,false,microservices,order,d7569b7c39d89089f9d254c8ccf563f268a8997e691d861186f93e04a5c0b899,tcc-microservices-experiment-order-1,0.02,75350671,1073741824,7.02,3,5.31MB / 4.14MB,12MB / 77.8kB
10,2026-09-10T03:57:37.744900+00:00,21,2026-09-10T03:57:37.384472+00:00,false,microservices,product,5ac9975e25dd010bc938175a0e0d0fa41bc2f21bc3ddc9d4912b9622d81914e1,tcc-microservices-experiment-product-1,85.58,81767956,1073741824,7.62,3,27.4MB / 29.1MB,13.5MB / 81.9kB
11,2026-09-10T03:57:38.744909+00:00,23,2026-09-10T03:57:38.384275+00:00,false,microservices,auth,9cec0b0e45f32a4137d1f72d75fa0640dd8a40cb405e77781e3e3b01aedd367b,tcc-microservices-experiment-auth-1,0.02,80666952,1073741824,7.51,3,45.3kB / 40.3kB,17.9MB / 65.5kB
11,2026-09-10T03:57:38.744909+00:00,23,2026-09-10T03:57:38.384275+00:00,false,microservices,gateway,0b4e4591543a7a957c7792d1d455558adea3d911273f7ee6fd6c5c75085959c4,tcc-microservices-experiment-gateway-1,82.68,480247808,536870912,89.45,78,25.1MB / 28MB,77.9MB / 197kB
11,2026-09-10T03:57:38.744909+00:00,23,2026-09-10T03:57:38.384275+00:00,false,microservices,mysql,67e2504f0a790cc0f0b87b58633df5771a9038f71c1cf6fc13b21f9a336b4fc8,tcc-microservices-experiment-mysql-1,28.29,431593882,1073741824,40.2,40,12.5MB / 27.4MB,52.2MB / 182MB
11,2026-09-10T03:57:38.744909+00:00,23,2026-09-10T03:57:38.384275+00:00,false,microservices,order,d7569b7c39d89089f9d254c8ccf563f268a8997e691d861186f93e04a5c0b899,tcc-microservices-experiment-order-1,0.02,75350671,1073741824,7.02,3,5.31MB / 4.14MB,12MB / 77.8kB
11,2026-09-10T03:57:38.744909+00:00,23,2026-09-10T03:57:38.384275+00:00,false,microservices,product,5ac9975e25dd010bc938175a0e0d0fa41bc2f21bc3ddc9d4912b9622d81914e1,tcc-microservices-experiment-product-1,83.07,82355159,1073741824,7.67,3,28.2MB / 29.9MB,13.5MB / 81.9kB
12,2026-09-10T03:57:39.744907+00:00,25,2026-09-10T03:57:39.384199+00:00,false,microservices,auth,9cec0b0e45f32a4137d1f72d75fa0640dd8a40cb405e77781e3e3b01aedd367b,tcc-microservices-experiment-auth-1,0.02,80666952,1073741824,7.51,3,45.3kB / 40.3kB,17.9MB / 65.5kB
12,2026-09-10T03:57:39.744907+00:00,25,2026-09-10T03:57:39.384199+00:00,false,microservices,gateway,0b4e4591543a7a957c7792d1d455558adea3d911273f7ee6fd6c5c75085959c4,tcc-microservices-experiment-gateway-1,52.79,480457523,536870912,89.5,78,25.8MB / 28.9MB,77.9MB / 197kB
12,2026-09-10T03:57:39.744907+00:00,25,2026-09-10T03:57:39.384199+00:00,false,microservices,mysql,67e2504f0a790cc0f0b87b58633df5771a9038f71c1cf6fc13b21f9a336b4fc8,tcc-microservices-experiment-mysql-1,24.43,430859878,1073741824,40.13,40,12.7MB / 28MB,52.2MB / 182MB
12,2026-09-10T03:57:39.744907+00:00,25,2026-09-10T03:57:39.384199+00:00,false,microservices,order,d7569b7c39d89089f9d254c8ccf563f268a8997e691d861186f93e04a5c0b899,tcc-microservices-experiment-order-1,0.02,75350671,1073741824,7.02,3,5.31MB / 4.14MB,12MB / 77.8kB
12,2026-09-10T03:57:39.744907+00:00,25,2026-09-10T03:57:39.384199+00:00,false,microservices,product,5ac9975e25dd010bc938175a0e0d0fa41bc2f21bc3ddc9d4912b9622d81914e1,tcc-microservices-experiment-product-1,81.9,81736499,1073741824,7.61,3,29MB / 30.8MB,13.5MB / 81.9kB
13,2026-09-10T03:57:40.744909+00:00,27,2026-09-10T03:57:40.384378+00:00,false,microservices,auth,9cec0b0e45f32a4137d1f72d75fa0640dd8a40cb405e77781e3e3b01aedd367b,tcc-microservices-experiment-auth-1,0.02,80666952,1073741824,7.51,3,45.3kB / 40.3kB,17.9MB / 65.5kB
13,2026-09-10T03:57:40.744909+00:00,27,2026-09-10T03:57:40.384378+00:00,false,microservices,gateway,0b4e4591543a7a957c7792d1d455558adea3d911273f7ee6fd6c5c75085959c4,tcc-microservices-experiment-gateway-1,39.05,480142950,536870912,89.43,78,26.5MB / 29.7MB,77.9MB / 197kB
13,2026-09-10T03:57:40.744909+00:00,27,2026-09-10T03:57:40.384378+00:00,false,microservices,mysql,67e2504f0a790cc0f0b87b58633df5771a9038f71c1cf6fc13b21f9a336b4fc8,tcc-microservices-experiment-mysql-1,28.15,430859878,1073741824,40.13,40,12.9MB / 28.6MB,52.5MB / 184MB
13,2026-09-10T03:57:40.744909+00:00,27,2026-09-10T03:57:40.384378+00:00,false,microservices,order,d7569b7c39d89089f9d254c8ccf563f268a8997e691d861186f93e04a5c0b899,tcc-microservices-experiment-order-1,0.02,75350671,1073741824,7.02,3,5.31MB / 4.14MB,12MB / 77.8kB
13,2026-09-10T03:57:40.744909+00:00,27,2026-09-10T03:57:40.384378+00:00,false,microservices,product,5ac9975e25dd010bc938175a0e0d0fa41bc2f21bc3ddc9d4912b9622d81914e1,tcc-microservices-experiment-product-1,82.97,82449531,1073741824,7.68,3,29.8MB / 31.6MB,13.5MB / 81.9kB
14,2026-09-10T03:57:41.744903+00:00,29,2026-09-10T03:57:41.383303+00:00,false,microservices,auth,9cec0b0e45f32a4137d1f72d75fa0640dd8a40cb405e77781e3e3b01aedd367b,tcc-microservices-experiment-auth-1,0.02,80666952,1073741824,7.51,3,45.3kB / 40.3kB,17.9MB / 65.5kB
14,2026-09-10T03:57:41.744903+00:00,29,2026-09-10T03:57:41.383303+00:00,false,microservices,gateway,0b4e4591543a7a957c7792d1d455558adea3d911273f7ee6fd6c5c75085959c4,tcc-microservices-experiment-gateway-1,49.91,480981811,536870912,89.58,78,27.3MB / 30.5MB,77.9MB / 197kB
14,2026-09-10T03:57:41.744903+00:00,29,2026-09-10T03:57:41.383303+00:00,false,microservices,mysql,67e2504f0a790cc0f0b87b58633df5771a9038f71c1cf6fc13b21f9a336b4fc8,tcc-microservices-experiment-mysql-1,23.57,431174451,1073741824,40.15,40,13.2MB / 29.3MB,52.5MB / 184MB
14,2026-09-10T03:57:41.744903+00:00,29,2026-09-10T03:57:41.383303+00:00,false,microservices,order,d7569b7c39d89089f9d254c8ccf563f268a8997e691d861186f93e04a5c0b899,tcc-microservices-experiment-order-1,0.02,75350671,1073741824,7.02,3,5.31MB / 4.14MB,12MB / 77.8kB
14,2026-09-10T03:57:41.744903+00:00,29,2026-09-10T03:57:41.383303+00:00,false,microservices,product,5ac9975e25dd010bc938175a0e0d0fa41bc2f21bc3ddc9d4912b9622d81914e1,tcc-microservices-experiment-product-1,82.17,82470502,1073741824,7.68,3,30.6MB / 32.5MB,13.5MB / 81.9kB
15,2026-09-10T03:57:42.744927+00:00,31,2026-09-10T03:57:42.384288+00:00,false,microservices,auth,9cec0b0e45f32a4137d1f72d75fa0640dd8a40cb405e77781e3e3b01aedd367b,tcc-microservices-experiment-auth-1,0.01,80666952,1073741824,7.51,3,45.3kB / 40.3kB,17.9MB / 65.5kB
15,2026-09-10T03:57:42.744927+00:00,31,2026-09-10T03:57:42.384288+00:00,false,microservices,gateway,0b4e4591543a7a957c7792d1d455558adea3d911273f7ee6fd6c5c75085959c4,tcc-microservices-experiment-gateway-1,48.23,480457523,536870912,89.49,78,28MB / 31.3MB,77.9MB / 197kB
15,2026-09-10T03:57:42.744927+00:00,31,2026-09-10T03:57:42.384288+00:00,false,microservices,mysql,67e2504f0a790cc0f0b87b58633df5771a9038f71c1cf6fc13b21f9a336b4fc8,tcc-microservices-experiment-mysql-1,27.7,431593882,1073741824,40.19,40,13.4MB / 29.9MB,52.5MB / 184MB
15,2026-09-10T03:57:42.744927+00:00,31,2026-09-10T03:57:42.384288+00:00,false,microservices,order,d7569b7c39d89089f9d254c8ccf563f268a8997e691d861186f93e04a5c0b899,tcc-microservices-experiment-order-1,0.02,75350671,1073741824,7.02,3,5.31MB / 4.14MB,12MB / 77.8kB
15,2026-09-10T03:57:42.744927+00:00,31,2026-09-10T03:57:42.384288+00:00,false,microservices,product,5ac9975e25dd010bc938175a0e0d0fa41bc2f21bc3ddc9d4912b9622d81914e1,tcc-microservices-experiment-product-1,82.6,82858476,1073741824,7.72,3,31.4MB / 33.4MB,13.5MB / 81.9kB
16,2026-09-10T03:57:43.744915+00:00,33,2026-09-10T03:57:43.384262+00:00,false,microservices,auth,9cec0b0e45f32a4137d1f72d75fa0640dd8a40cb405e77781e3e3b01aedd367b,tcc-microservices-experiment-auth-1,0.02,80666952,1073741824,7.51,3,45.3kB / 40.3kB,17.9MB / 65.5kB
16,2026-09-10T03:57:43.744915+00:00,33,2026-09-10T03:57:43.384262+00:00,false,microservices,gateway,0b4e4591543a7a957c7792d1d455558adea3d911273f7ee6fd6c5c75085959c4,tcc-microservices-experiment-gateway-1,41.71,479618662,536870912,89.33,78,28.7MB / 32.1MB,77.9MB / 197kB
16,2026-09-10T03:57:43.744915+00:00,33,2026-09-10T03:57:43.384262+00:00,false,microservices,mysql,67e2504f0a790cc0f0b87b58633df5771a9038f71c1cf6fc13b21f9a336b4fc8,tcc-microservices-experiment-mysql-1,23.62,430650163,1073741824,40.11,40,13.7MB / 30.5MB,52.5MB / 184MB
16,2026-09-10T03:57:43.744915+00:00,33,2026-09-10T03:57:43.384262+00:00,false,microservices,order,d7569b7c39d89089f9d254c8ccf563f268a8997e691d861186f93e04a5c0b899,tcc-microservices-experiment-order-1,0.02,75350671,1073741824,7.02,3,5.31MB / 4.14MB,12MB / 77.8kB
16,2026-09-10T03:57:43.744915+00:00,33,2026-09-10T03:57:43.384262+00:00,false,microservices,product,5ac9975e25dd010bc938175a0e0d0fa41bc2f21bc3ddc9d4912b9622d81914e1,tcc-microservices-experiment-product-1,83.18,81442898,1073741824,7.58,3,32.2MB / 34.3MB,13.5MB / 81.9kB
17,2026-09-10T03:57:44.744916+00:00,35,2026-09-10T03:57:44.384280+00:00,false,microservices,auth,9cec0b0e45f32a4137d1f72d75fa0640dd8a40cb405e77781e3e3b01aedd367b,tcc-microservices-experiment-auth-1,0.02,80666952,1073741824,7.51,3,45.3kB / 40.3kB,17.9MB / 65.5kB
17,2026-09-10T03:57:44.744916+00:00,35,2026-09-10T03:57:44.384280+00:00,false,microservices,gateway,0b4e4591543a7a957c7792d1d455558adea3d911273f7ee6fd6c5c75085959c4,tcc-microservices-experiment-gateway-1,67.03,481191526,536870912,89.64,78,29.5MB / 33MB,77.9MB / 197kB
17,2026-09-10T03:57:44.744916+00:00,35,2026-09-10T03:57:44.384280+00:00,false,microservices,mysql,67e2504f0a790cc0f0b87b58633df5771a9038f71c1cf6fc13b21f9a336b4fc8,tcc-microservices-experiment-mysql-1,27.56,432327885,1073741824,40.26,40,13.9MB / 31.2MB,52.5MB / 184MB
17,2026-09-10T03:57:44.744916+00:00,35,2026-09-10T03:57:44.384280+00:00,false,microservices,order,d7569b7c39d89089f9d254c8ccf563f268a8997e691d861186f93e04a5c0b899,tcc-microservices-experiment-order-1,0.02,75350671,1073741824,7.02,3,5.31MB / 4.14MB,12MB / 77.8kB
17,2026-09-10T03:57:44.744916+00:00,35,2026-09-10T03:57:44.384280+00:00,false,microservices,product,5ac9975e25dd010bc938175a0e0d0fa41bc2f21bc3ddc9d4912b9622d81914e1,tcc-microservices-experiment-product-1,83.5,83047219,1073741824,7.73,3,33MB / 35.1MB,13.5MB / 81.9kB
18,2026-09-10T03:57:45.744918+00:00,37,2026-09-10T03:57:45.383341+00:00,false,microservices,auth,9cec0b0e45f32a4137d1f72d75fa0640dd8a40cb405e77781e3e3b01aedd367b,tcc-microservices-experiment-auth-1,0.02,80666952,1073741824,7.51,3,45.3kB / 40.3kB,17.9MB / 65.5kB
18,2026-09-10T03:57:45.744918+00:00,37,2026-09-10T03:57:45.383341+00:00,false,microservices,gateway,0b4e4591543a7a957c7792d1d455558adea3d911273f7ee6fd6c5c75085959c4,tcc-microservices-experiment-gateway-1,58.35,480981811,536870912,89.6,78,30.2MB / 33.7MB,77.9MB / 197kB
18,2026-09-10T03:57:45.744918+00:00,37,2026-09-10T03:57:45.383341+00:00,false,microservices,mysql,67e2504f0a790cc0f0b87b58633df5771a9038f71c1cf6fc13b21f9a336b4fc8,tcc-microservices-experiment-mysql-1,24.45,431174451,1073741824,40.15,40,14.1MB / 31.8MB,52.5MB / 184MB
18,2026-09-10T03:57:45.744918+00:00,37,2026-09-10T03:57:45.383341+00:00,false,microservices,order,d7569b7c39d89089f9d254c8ccf563f268a8997e691d861186f93e04a5c0b899,tcc-microservices-experiment-order-1,0.02,75350671,1073741824,7.02,3,5.31MB / 4.14MB,12MB / 77.8kB
18,2026-09-10T03:57:45.744918+00:00,37,2026-09-10T03:57:45.383341+00:00,false,microservices,product,5ac9975e25dd010bc938175a0e0d0fa41bc2f21bc3ddc9d4912b9622d81914e1,tcc-microservices-experiment-product-1,82.09,82365645,1073741824,7.67,3,33.8MB / 36MB,13.5MB / 81.9kB
19,2026-09-10T03:57:46.744941+00:00,39,2026-09-10T03:57:46.384177+00:00,false,microservices,auth,9cec0b0e45f32a4137d1f72d75fa0640dd8a40cb405e77781e3e3b01aedd367b,tcc-microservices-experiment-auth-1,0.02,80666952,1073741824,7.51,3,45.3kB / 40.3kB,17.9MB / 65.5kB
19,2026-09-10T03:57:46.744941+00:00,39,2026-09-10T03:57:46.384177+00:00,false,microservices,gateway,0b4e4591543a7a957c7792d1d455558adea3d911273f7ee6fd6c5c75085959c4,tcc-microservices-experiment-gateway-1,79.87,480667238,536870912,89.54,78,30.9MB / 34.5MB,78MB / 197kB
19,2026-09-10T03:57:46.744941+00:00,39,2026-09-10T03:57:46.384177+00:00,false,microservices,mysql,67e2504f0a790cc0f0b87b58633df5771a9038f71c1cf6fc13b21f9a336b4fc8,tcc-microservices-experiment-mysql-1,27.69,434844467,1073741824,40.5,41,14.3MB / 32.4MB,52.5MB / 184MB
19,2026-09-10T03:57:46.744941+00:00,39,2026-09-10T03:57:46.384177+00:00,false,microservices,order,d7569b7c39d89089f9d254c8ccf563f268a8997e691d861186f93e04a5c0b899,tcc-microservices-experiment-order-1,0.02,75350671,1073741824,7.02,3,5.31MB / 4.14MB,12MB / 77.8kB
19,2026-09-10T03:57:46.744941+00:00,39,2026-09-10T03:57:46.384177+00:00,false,microservices,product,5ac9975e25dd010bc938175a0e0d0fa41bc2f21bc3ddc9d4912b9622d81914e1,tcc-microservices-experiment-product-1,82.72,82806047,1073741824,7.71,3,34.6MB / 36.8MB,13.5MB / 81.9kB
20,2026-09-10T03:57:47.744920+00:00,41,2026-09-10T03:57:47.383419+00:00,false,microservices,auth,9cec0b0e45f32a4137d1f72d75fa0640dd8a40cb405e77781e3e3b01aedd367b,tcc-microservices-experiment-auth-1,0.02,80666952,1073741824,7.51,3,45.3kB / 40.3kB,17.9MB / 65.5kB
20,2026-09-10T03:57:47.744920+00:00,41,2026-09-10T03:57:47.383419+00:00,false,microservices,gateway,0b4e4591543a7a957c7792d1d455558adea3d911273f7ee6fd6c5c75085959c4,tcc-microservices-experiment-gateway-1,88.98,481820672,536870912,89.75,78,31.6MB / 35.3MB,78MB / 197kB
20,2026-09-10T03:57:47.744920+00:00,41,2026-09-10T03:57:47.383419+00:00,false,microservices,mysql,67e2504f0a790cc0f0b87b58633df5771a9038f71c1cf6fc13b21f9a336b4fc8,tcc-microservices-experiment-mysql-1,24.53,431279309,1073741824,40.16,40,14.6MB / 33MB,52.5MB / 184MB
20,2026-09-10T03:57:47.744920+00:00,41,2026-09-10T03:57:47.383419+00:00,false,microservices,order,d7569b7c39d89089f9d254c8ccf563f268a8997e691d861186f93e04a5c0b899,tcc-microservices-experiment-order-1,0.02,75350671,1073741824,7.02,3,5.31MB / 4.14MB,12MB / 77.8kB
20,2026-09-10T03:57:47.744920+00:00,41,2026-09-10T03:57:47.383419+00:00,false,microservices,product,5ac9975e25dd010bc938175a0e0d0fa41bc2f21bc3ddc9d4912b9622d81914e1,tcc-microservices-experiment-product-1,81.46,82250301,1073741824,7.66,3,35.4MB / 37.6MB,13.5MB / 81.9kB
21,2026-09-10T03:57:48.744903+00:00,43,2026-09-10T03:57:48.383725+00:00,false,microservices,auth,9cec0b0e45f32a4137d1f72d75fa0640dd8a40cb405e77781e3e3b01aedd367b,tcc-microservices-experiment-auth-1,0.02,80666952,1073741824,7.51,3,45.3kB / 40.3kB,17.9MB / 65.5kB
21,2026-09-10T03:57:48.744903+00:00,43,2026-09-10T03:57:48.383725+00:00,false,microservices,gateway,0b4e4591543a7a957c7792d1d455558adea3d911273f7ee6fd6c5c75085959c4,tcc-microservices-experiment-gateway-1,53.15,482030387,536870912,89.78,78,32.3MB / 36.1MB,78MB / 213kB
21,2026-09-10T03:57:48.744903+00:00,43,2026-09-10T03:57:48.383725+00:00,false,microservices,mysql,67e2504f0a790cc0f0b87b58633df5771a9038f71c1cf6fc13b21f9a336b4fc8,tcc-microservices-experiment-mysql-1,23.56,435578470,1073741824,40.57,46,14.8MB / 33.6MB,52.5MB / 184MB
21,2026-09-10T03:57:48.744903+00:00,43,2026-09-10T03:57:48.383725+00:00,false,microservices,order,d7569b7c39d89089f9d254c8ccf563f268a8997e691d861186f93e04a5c0b899,tcc-microservices-experiment-order-1,0.02,75350671,1073741824,7.02,3,5.31MB / 4.14MB,12MB / 77.8kB
21,2026-09-10T03:57:48.744903+00:00,43,2026-09-10T03:57:48.383725+00:00,false,microservices,product,5ac9975e25dd010bc938175a0e0d0fa41bc2f21bc3ddc9d4912b9622d81914e1,tcc-microservices-experiment-product-1,82.82,82218844,1073741824,7.66,3,36.2MB / 38.5MB,13.5MB / 81.9kB
22,2026-09-10T03:57:49.744909+00:00,45,2026-09-10T03:57:49.383476+00:00,false,microservices,auth,9cec0b0e45f32a4137d1f72d75fa0640dd8a40cb405e77781e3e3b01aedd367b,tcc-microservices-experiment-auth-1,0.02,80666952,1073741824,7.51,3,45.3kB / 40.3kB,17.9MB / 65.5kB
22,2026-09-10T03:57:49.744909+00:00,45,2026-09-10T03:57:49.383476+00:00,false,microservices,gateway,0b4e4591543a7a957c7792d1d455558adea3d911273f7ee6fd6c5c75085959c4,tcc-microservices-experiment-gateway-1,44.94,482240102,536870912,89.82,78,33MB / 36.9MB,78MB / 213kB
22,2026-09-10T03:57:49.744909+00:00,45,2026-09-10T03:57:49.383476+00:00,false,microservices,mysql,67e2504f0a790cc0f0b87b58633df5771a9038f71c1cf6fc13b21f9a336b4fc8,tcc-microservices-experiment-mysql-1,26.15,430650163,1073741824,40.1,40,15MB / 34.2MB,52.5MB / 184MB
22,2026-09-10T03:57:49.744909+00:00,45,2026-09-10T03:57:49.383476+00:00,false,microservices,order,d7569b7c39d89089f9d254c8ccf563f268a8997e691d861186f93e04a5c0b899,tcc-microservices-experiment-order-1,0.02,75350671,1073741824,7.02,3,5.31MB / 4.14MB,12MB / 77.8kB
22,2026-09-10T03:57:49.744909+00:00,45,2026-09-10T03:57:49.383476+00:00,false,microservices,product,5ac9975e25dd010bc938175a0e0d0fa41bc2f21bc3ddc9d4912b9622d81914e1,tcc-microservices-experiment-product-1,83.34,82984305,1073741824,7.73,3,37MB / 39.3MB,13.5MB / 81.9kB
23,2026-09-10T03:57:50.744920+00:00,47,2026-09-10T03:57:50.383546+00:00,false,microservices,auth,9cec0b0e45f32a4137d1f72d75fa0640dd8a40cb405e77781e3e3b01aedd367b,tcc-microservices-experiment-auth-1,0.02,80666952,1073741824,7.51,3,45.3kB / 40.3kB,17.9MB / 65.5kB
23,2026-09-10T03:57:50.744920+00:00,47,2026-09-10T03:57:50.383546+00:00,false,microservices,gateway,0b4e4591543a7a957c7792d1d455558adea3d911273f7ee6fd6c5c75085959c4,tcc-microservices-experiment-gateway-1,36.04,482135245,536870912,89.8,78,33.8MB / 37.8MB,78MB / 213kB
23,2026-09-10T03:57:50.744920+00:00,47,2026-09-10T03:57:50.383546+00:00,false,microservices,mysql,67e2504f0a790cc0f0b87b58633df5771a9038f71c1cf6fc13b21f9a336b4fc8,tcc-microservices-experiment-mysql-1,23.68,431174451,1073741824,40.16,40,15.3MB / 34.9MB,52.5MB / 184MB
23,2026-09-10T03:57:50.744920+00:00,47,2026-09-10T03:57:50.383546+00:00,false,microservices,order,d7569b7c39d89089f9d254c8ccf563f268a8997e691d861186f93e04a5c0b899,tcc-microservices-experiment-order-1,0.02,75350671,1073741824,7.02,3,5.31MB / 4.14MB,12MB / 77.8kB
23,2026-09-10T03:57:50.744920+00:00,47,2026-09-10T03:57:50.383546+00:00,false,microservices,product,5ac9975e25dd010bc938175a0e0d0fa41bc2f21bc3ddc9d4912b9622d81914e1,tcc-microservices-experiment-product-1,82.62,82785075,1073741824,7.71,3,37.8MB / 40.2MB,13.5MB / 81.9kB
24,2026-09-10T03:57:51.744890+00:00,49,2026-09-10T03:57:51.384191+00:00,false,microservices,auth,9cec0b0e45f32a4137d1f72d75fa0640dd8a40cb405e77781e3e3b01aedd367b,tcc-microservices-experiment-auth-1,0.02,80666952,1073741824,7.51,3,45.3kB / 40.3kB,17.9MB / 65.5kB
24,2026-09-10T03:57:51.744890+00:00,49,2026-09-10T03:57:51.384191+00:00,false,microservices,gateway,0b4e4591543a7a957c7792d1d455558adea3d911273f7ee6fd6c5c75085959c4,tcc-microservices-experiment-gateway-1,40.56,476158362,536870912,88.68,78,34.5MB / 38.6MB,78MB / 213kB
24,2026-09-10T03:57:51.744890+00:00,49,2026-09-10T03:57:51.384191+00:00,false,microservices,mysql,67e2504f0a790cc0f0b87b58633df5771a9038f71c1cf6fc13b21f9a336b4fc8,tcc-microservices-experiment-mysql-1,27.02,431279309,1073741824,40.16,40,15.5MB / 35.5MB,52.5MB / 184MB
24,2026-09-10T03:57:51.744890+00:00,49,2026-09-10T03:57:51.384191+00:00,false,microservices,order,d7569b7c39d89089f9d254c8ccf563f268a8997e691d861186f93e04a5c0b899,tcc-microservices-experiment-order-1,0.02,75350671,1073741824,7.02,3,5.31MB / 4.14MB,12MB / 77.8kB
24,2026-09-10T03:57:51.744890+00:00,49,2026-09-10T03:57:51.384191+00:00,false,microservices,product,5ac9975e25dd010bc938175a0e0d0fa41bc2f21bc3ddc9d4912b9622d81914e1,tcc-microservices-experiment-product-1,83.84,82124472,1073741824,7.65,3,38.6MB / 41.1MB,13.5MB / 81.9kB
25,2026-09-10T03:57:52.744913+00:00,51,2026-09-10T03:57:52.383409+00:00,false,microservices,auth,9cec0b0e45f32a4137d1f72d75fa0640dd8a40cb405e77781e3e3b01aedd367b,tcc-microservices-experiment-auth-1,0.01,80666952,1073741824,7.51,3,45.3kB / 40.3kB,17.9MB / 65.5kB
25,2026-09-10T03:57:52.744913+00:00,51,2026-09-10T03:57:52.383409+00:00,false,microservices,gateway,0b4e4591543a7a957c7792d1d455558adea3d911273f7ee6fd6c5c75085959c4,tcc-microservices-experiment-gateway-1,40.57,476787507,536870912,88.8,78,35.2MB / 39.4MB,78MB / 213kB
25,2026-09-10T03:57:52.744913+00:00,51,2026-09-10T03:57:52.383409+00:00,false,microservices,mysql,67e2504f0a790cc0f0b87b58633df5771a9038f71c1cf6fc13b21f9a336b4fc8,tcc-microservices-experiment-mysql-1,22.51,430964736,1073741824,40.13,40,15.7MB / 36.2MB,52.5MB / 184MB
25,2026-09-10T03:57:52.744913+00:00,51,2026-09-10T03:57:52.383409+00:00,false,microservices,order,d7569b7c39d89089f9d254c8ccf563f268a8997e691d861186f93e04a5c0b899,tcc-microservices-experiment-order-1,0.02,75350671,1073741824,7.02,3,5.31MB / 4.14MB,12MB / 77.8kB
25,2026-09-10T03:57:52.744913+00:00,51,2026-09-10T03:57:52.383409+00:00,false,microservices,product,5ac9975e25dd010bc938175a0e0d0fa41bc2f21bc3ddc9d4912b9622d81914e1,tcc-microservices-experiment-product-1,84.55,82648760,1073741824,7.7,3,39.4MB / 42MB,13.5MB / 81.9kB
26,2026-09-10T03:57:53.744913+00:00,53,2026-09-10T03:57:53.383408+00:00,false,microservices,auth,9cec0b0e45f32a4137d1f72d75fa0640dd8a40cb405e77781e3e3b01aedd367b,tcc-microservices-experiment-auth-1,0.02,80666952,1073741824,7.51,3,45.3kB / 40.3kB,17.9MB / 65.5kB
26,2026-09-10T03:57:53.744913+00:00,53,2026-09-10T03:57:53.383408+00:00,false,microservices,gateway,0b4e4591543a7a957c7792d1d455558adea3d911273f7ee6fd6c5c75085959c4,tcc-microservices-experiment-gateway-1,38.24,476053504,536870912,88.68,78,36MB / 40.2MB,78MB / 213kB
26,2026-09-10T03:57:53.744913+00:00,53,2026-09-10T03:57:53.383408+00:00,false,microservices,mysql,67e2504f0a790cc0f0b87b58633df5771a9038f71c1cf6fc13b21f9a336b4fc8,tcc-microservices-experiment-mysql-1,28.06,430545306,1073741824,40.1,40,16MB / 36.8MB,52.5MB / 184MB
26,2026-09-10T03:57:53.744913+00:00,53,2026-09-10T03:57:53.383408+00:00,false,microservices,order,d7569b7c39d89089f9d254c8ccf563f268a8997e691d861186f93e04a5c0b899,tcc-microservices-experiment-order-1,0.02,75350671,1073741824,7.02,3,5.31MB / 4.14MB,12MB / 77.8kB
26,2026-09-10T03:57:53.744913+00:00,53,2026-09-10T03:57:53.383408+00:00,false,microservices,product,5ac9975e25dd010bc938175a0e0d0fa41bc2f21bc3ddc9d4912b9622d81914e1,tcc-microservices-experiment-product-1,83.18,83099648,1073741824,7.74,3,40.3MB / 42.9MB,13.5MB / 81.9kB
27,2026-09-10T03:57:54.744903+00:00,55,2026-09-10T03:57:54.383623+00:00,false,microservices,auth,9cec0b0e45f32a4137d1f72d75fa0640dd8a40cb405e77781e3e3b01aedd367b,tcc-microservices-experiment-auth-1,0.02,80666952,1073741824,7.51,3,45.3kB / 40.3kB,17.9MB / 65.5kB
27,2026-09-10T03:57:54.744903+00:00,55,2026-09-10T03:57:54.383623+00:00,false,microservices,gateway,0b4e4591543a7a957c7792d1d455558adea3d911273f7ee6fd6c5c75085959c4,tcc-microservices-experiment-gateway-1,54.98,476053504,536870912,88.68,78,36.8MB / 41.1MB,78MB / 213kB
27,2026-09-10T03:57:54.744903+00:00,55,2026-09-10T03:57:54.383623+00:00,false,microservices,mysql,67e2504f0a790cc0f0b87b58633df5771a9038f71c1cf6fc13b21f9a336b4fc8,tcc-microservices-experiment-mysql-1,22.58,430755021,1073741824,40.12,40,16.2MB / 37.5MB,52.5MB / 184MB
27,2026-09-10T03:57:54.744903+00:00,55,2026-09-10T03:57:54.383623+00:00,false,microservices,order,d7569b7c39d89089f9d254c8ccf563f268a8997e691d861186f93e04a5c0b899,tcc-microservices-experiment-order-1,0.02,75350671,1073741824,7.02,3,5.31MB / 4.14MB,12MB / 77.8kB
27,2026-09-10T03:57:54.744903+00:00,55,2026-09-10T03:57:54.383623+00:00,false,microservices,product,5ac9975e25dd010bc938175a0e0d0fa41bc2f21bc3ddc9d4912b9622d81914e1,tcc-microservices-experiment-product-1,84.07,82512445,1073741824,7.68,3,41.1MB / 43.8MB,13.5MB / 81.9kB
28,2026-09-10T03:57:55.744927+00:00,57,2026-09-10T03:57:55.383320+00:00,false,microservices,auth,9cec0b0e45f32a4137d1f72d75fa0640dd8a40cb405e77781e3e3b01aedd367b,tcc-microservices-experiment-auth-1,0.02,80666952,1073741824,7.51,3,45.3kB / 40.3kB,17.9MB / 65.5kB
28,2026-09-10T03:57:55.744927+00:00,57,2026-09-10T03:57:55.383320+00:00,false,microservices,gateway,0b4e4591543a7a957c7792d1d455558adea3d911273f7ee6fd6c5c75085959c4,tcc-microservices-experiment-gateway-1,82.17,477521510,536870912,88.95,78,37.5MB / 41.9MB,78MB / 213kB
28,2026-09-10T03:57:55.744927+00:00,57,2026-09-10T03:57:55.383320+00:00,false,microservices,mysql,67e2504f0a790cc0f0b87b58633df5771a9038f71c1cf6fc13b21f9a336b4fc8,tcc-microservices-experiment-mysql-1,27.18,431698739,1073741824,40.21,40,16.4MB / 38.1MB,52.5MB / 184MB
28,2026-09-10T03:57:55.744927+00:00,57,2026-09-10T03:57:55.383320+00:00,false,microservices,order,d7569b7c39d89089f9d254c8ccf563f268a8997e691d861186f93e04a5c0b899,tcc-microservices-experiment-order-1,0.02,75350671,1073741824,7.02,3,5.31MB / 4.14MB,12MB / 77.8kB
28,2026-09-10T03:57:55.744927+00:00,57,2026-09-10T03:57:55.383320+00:00,false,microservices,product,5ac9975e25dd010bc938175a0e0d0fa41bc2f21bc3ddc9d4912b9622d81914e1,tcc-microservices-experiment-product-1,83.98,83005276,1073741824,7.73,3,41.9MB / 44.6MB,13.5MB / 81.9kB
29,2026-09-10T03:57:56.744905+00:00,59,2026-09-10T03:57:56.383219+00:00,false,microservices,auth,9cec0b0e45f32a4137d1f72d75fa0640dd8a40cb405e77781e3e3b01aedd367b,tcc-microservices-experiment-auth-1,0.02,80666952,1073741824,7.51,3,45.3kB / 40.3kB,17.9MB / 65.5kB
29,2026-09-10T03:57:56.744905+00:00,59,2026-09-10T03:57:56.383219+00:00,false,microservices,gateway,0b4e4591543a7a957c7792d1d455558adea3d911273f7ee6fd6c5c75085959c4,tcc-microservices-experiment-gateway-1,45.88,476577792,536870912,88.77,78,38.2MB / 42.7MB,78MB / 213kB
29,2026-09-10T03:57:56.744905+00:00,59,2026-09-10T03:57:56.383219+00:00,false,microservices,mysql,67e2504f0a790cc0f0b87b58633df5771a9038f71c1cf6fc13b21f9a336b4fc8,tcc-microservices-experiment-mysql-1,22.13,430859878,1073741824,40.13,40,16.7MB / 38.7MB,52.5MB / 184MB
29,2026-09-10T03:57:56.744905+00:00,59,2026-09-10T03:57:56.383219+00:00,false,microservices,order,d7569b7c39d89089f9d254c8ccf563f268a8997e691d861186f93e04a5c0b899,tcc-microservices-experiment-order-1,0.02,75350671,1073741824,7.02,3,5.31MB / 4.14MB,12MB / 77.8kB
29,2026-09-10T03:57:56.744905+00:00,59,2026-09-10T03:57:56.383219+00:00,false,microservices,product,5ac9975e25dd010bc938175a0e0d0fa41bc2f21bc3ddc9d4912b9622d81914e1,tcc-microservices-experiment-product-1,84.82,83047219,1073741824,7.73,3,42.7MB / 45.5MB,13.5MB / 81.9kB
30,2026-09-10T03:57:57.744904+00:00,61,2026-09-10T03:57:57.384275+00:00,false,microservices,auth,9cec0b0e45f32a4137d1f72d75fa0640dd8a40cb405e77781e3e3b01aedd367b,tcc-microservices-experiment-auth-1,0.01,80666952,1073741824,7.51,3,45.3kB / 40.3kB,17.9MB / 65.5kB
30,2026-09-10T03:57:57.744904+00:00,61,2026-09-10T03:57:57.384275+00:00,false,microservices,gateway,0b4e4591543a7a957c7792d1d455558adea3d911273f7ee6fd6c5c75085959c4,tcc-microservices-experiment-gateway-1,35.5,476577792,536870912,88.77,78,38.9MB / 43.6MB,78MB / 213kB
30,2026-09-10T03:57:57.744904+00:00,61,2026-09-10T03:57:57.384275+00:00,false,microservices,mysql,67e2504f0a790cc0f0b87b58633df5771a9038f71c1cf6fc13b21f9a336b4fc8,tcc-microservices-experiment-mysql-1,27.77,431489024,1073741824,40.19,40,16.9MB / 39.4MB,52.5MB / 184MB
30,2026-09-10T03:57:57.744904+00:00,61,2026-09-10T03:57:57.384275+00:00,false,microservices,order,d7569b7c39d89089f9d254c8ccf563f268a8997e691d861186f93e04a5c0b899,tcc-microservices-experiment-order-1,0.02,75350671,1073741824,7.02,3,5.31MB / 4.14MB,12MB / 77.8kB
30,2026-09-10T03:57:57.744904+00:00,61,2026-09-10T03:57:57.384275+00:00,false,microservices,product,5ac9975e25dd010bc938175a0e0d0fa41bc2f21bc3ddc9d4912b9622d81914e1,tcc-microservices-experiment-product-1,83.32,83256934,1073741824,7.75,3,43.6MB / 46.4MB,13.5MB / 81.9kB
31,2026-09-10T03:57:58.744925+00:00,63,2026-09-10T03:57:58.383543+00:00,false,microservices,auth,9cec0b0e45f32a4137d1f72d75fa0640dd8a40cb405e77781e3e3b01aedd367b,tcc-microservices-experiment-auth-1,0.02,80666952,1073741824,7.51,3,45.3kB / 40.3kB,17.9MB / 65.5kB
31,2026-09-10T03:57:58.744925+00:00,63,2026-09-10T03:57:58.383543+00:00,false,microservices,gateway,0b4e4591543a7a957c7792d1d455558adea3d911273f7ee6fd6c5c75085959c4,tcc-microservices-experiment-gateway-1,39.42,477416653,536870912,88.92,78,39.7MB / 44.4MB,78MB / 213kB
31,2026-09-10T03:57:58.744925+00:00,63,2026-09-10T03:57:58.383543+00:00,false,microservices,mysql,67e2504f0a790cc0f0b87b58633df5771a9038f71c1cf6fc13b21f9a336b4fc8,tcc-microservices-experiment-mysql-1,23.41,431384166,1073741824,40.18,40,17.2MB / 40MB,52.5MB / 184MB
31,2026-09-10T03:57:58.744925+00:00,63,2026-09-10T03:57:58.383543+00:00,false,microservices,order,d7569b7c39d89089f9d254c8ccf563f268a8997e691d861186f93e04a5c0b899,tcc-microservices-experiment-order-1,0.02,75350671,1073741824,7.02,3,5.31MB / 4.14MB,12MB / 77.8kB
31,2026-09-10T03:57:58.744925+00:00,63,2026-09-10T03:57:58.383543+00:00,false,microservices,product,5ac9975e25dd010bc938175a0e0d0fa41bc2f21bc3ddc9d4912b9622d81914e1,tcc-microservices-experiment-product-1,83.21,83655393,1073741824,7.79,3,44.4MB / 47.2MB,13.5MB / 81.9kB
32,2026-09-10T03:57:59.744909+00:00,65,2026-09-10T03:57:59.383535+00:00,false,microservices,auth,9cec0b0e45f32a4137d1f72d75fa0640dd8a40cb405e77781e3e3b01aedd367b,tcc-microservices-experiment-auth-1,0.01,80666952,1073741824,7.51,3,45.3kB / 40.3kB,17.9MB / 65.5kB
32,2026-09-10T03:57:59.744909+00:00,65,2026-09-10T03:57:59.383535+00:00,false,microservices,gateway,0b4e4591543a7a957c7792d1d455558adea3d911273f7ee6fd6c5c75085959c4,tcc-microservices-experiment-gateway-1,34.9,477311795,536870912,88.9,78,40.4MB / 45.2MB,78MB / 213kB
32,2026-09-10T03:57:59.744909+00:00,65,2026-09-10T03:57:59.383535+00:00,false,microservices,mysql,67e2504f0a790cc0f0b87b58633df5771a9038f71c1cf6fc13b21f9a336b4fc8,tcc-microservices-experiment-mysql-1,28.26,430650163,1073741824,40.11,40,17.4MB / 40.7MB,52.5MB / 184MB
32,2026-09-10T03:57:59.744909+00:00,65,2026-09-10T03:57:59.383535+00:00,false,microservices,order,d7569b7c39d89089f9d254c8ccf563f268a8997e691d861186f93e04a5c0b899,tcc-microservices-experiment-order-1,0.02,75350671,1073741824,7.02,3,5.31MB / 4.14MB,12MB / 77.8kB
32,2026-09-10T03:57:59.744909+00:00,65,2026-09-10T03:57:59.383535+00:00,false,microservices,product,5ac9975e25dd010bc938175a0e0d0fa41bc2f21bc3ddc9d4912b9622d81914e1,tcc-microservices-experiment-product-1,82.72,82554388,1073741824,7.69,3,45.2MB / 48.1MB,13.5MB / 81.9kB
33,2026-09-10T03:58:00.744894+00:00,67,2026-09-10T03:58:00.383882+00:00,false,microservices,auth,9cec0b0e45f32a4137d1f72d75fa0640dd8a40cb405e77781e3e3b01aedd367b,tcc-microservices-experiment-auth-1,0.02,80666952,1073741824,7.51,3,45.3kB / 40.3kB,17.9MB / 65.5kB
33,2026-09-10T03:58:00.744894+00:00,67,2026-09-10T03:58:00.383882+00:00,false,microservices,gateway,0b4e4591543a7a957c7792d1d455558adea3d911273f7ee6fd6c5c75085959c4,tcc-microservices-experiment-gateway-1,34.36,476892365,536870912,88.82,78,41.2MB / 46.1MB,78MB / 213kB
33,2026-09-10T03:58:00.744894+00:00,67,2026-09-10T03:58:00.383882+00:00,false,microservices,mysql,67e2504f0a790cc0f0b87b58633df5771a9038f71c1cf6fc13b21f9a336b4fc8,tcc-microservices-experiment-mysql-1,23.86,431069594,1073741824,40.14,40,17.6MB / 41.3MB,52.5MB / 184MB
33,2026-09-10T03:58:00.744894+00:00,67,2026-09-10T03:58:00.383882+00:00,false,microservices,order,d7569b7c39d89089f9d254c8ccf563f268a8997e691d861186f93e04a5c0b899,tcc-microservices-experiment-order-1,0.02,75350671,1073741824,7.02,3,5.31MB / 4.14MB,12MB / 77.8kB
33,2026-09-10T03:58:00.744894+00:00,67,2026-09-10T03:58:00.383882+00:00,false,microservices,product,5ac9975e25dd010bc938175a0e0d0fa41bc2f21bc3ddc9d4912b9622d81914e1,tcc-microservices-experiment-product-1,82.91,83330335,1073741824,7.76,3,46MB / 49MB,13.5MB / 81.9kB
34,2026-09-10T03:58:01.744901+00:00,69,2026-09-10T03:58:01.383400+00:00,false,microservices,auth,9cec0b0e45f32a4137d1f72d75fa0640dd8a40cb405e77781e3e3b01aedd367b,tcc-microservices-experiment-auth-1,0.02,80666952,1073741824,7.51,3,45.3kB / 40.3kB,17.9MB / 65.5kB
34,2026-09-10T03:58:01.744901+00:00,69,2026-09-10T03:58:01.383400+00:00,false,microservices,gateway,0b4e4591543a7a957c7792d1d455558adea3d911273f7ee6fd6c5c75085959c4,tcc-microservices-experiment-gateway-1,39.92,477206938,536870912,88.89,78,41.9MB / 46.9MB,78MB / 213kB
34,2026-09-10T03:58:01.744901+00:00,69,2026-09-10T03:58:01.383400+00:00,false,microservices,mysql,67e2504f0a790cc0f0b87b58633df5771a9038f71c1cf6fc13b21f9a336b4fc8,tcc-microservices-experiment-mysql-1,27.88,432013312,1073741824,40.24,40,17.9MB / 41.9MB,52.5MB / 184MB
34,2026-09-10T03:58:01.744901+00:00,69,2026-09-10T03:58:01.383400+00:00,false,microservices,order,d7569b7c39d89089f9d254c8ccf563f268a8997e691d861186f93e04a5c0b899,tcc-microservices-experiment-order-1,0.02,75350671,1073741824,7.02,3,5.31MB / 4.14MB,12MB / 77.8kB
34,2026-09-10T03:58:01.744901+00:00,69,2026-09-10T03:58:01.383400+00:00,false,microservices,product,5ac9975e25dd010bc938175a0e0d0fa41bc2f21bc3ddc9d4912b9622d81914e1,tcc-microservices-experiment-product-1,82.36,82963333,1073741824,7.73,3,46.9MB / 49.9MB,13.5MB / 81.9kB
35,2026-09-10T03:58:02.744897+00:00,71,2026-09-10T03:58:02.383175+00:00,false,microservices,auth,9cec0b0e45f32a4137d1f72d75fa0640dd8a40cb405e77781e3e3b01aedd367b,tcc-microservices-experiment-auth-1,0.01,80666952,1073741824,7.51,3,45.3kB / 40.3kB,17.9MB / 65.5kB
35,2026-09-10T03:58:02.744897+00:00,71,2026-09-10T03:58:02.383175+00:00,false,microservices,gateway,0b4e4591543a7a957c7792d1d455558adea3d911273f7ee6fd6c5c75085959c4,tcc-microservices-experiment-gateway-1,46.25,477731226,536870912,88.98,78,42.7MB / 47.7MB,78MB / 213kB
35,2026-09-10T03:58:02.744897+00:00,71,2026-09-10T03:58:02.383175+00:00,false,microservices,mysql,67e2504f0a790cc0f0b87b58633df5771a9038f71c1cf6fc13b21f9a336b4fc8,tcc-microservices-experiment-mysql-1,22.7,430964736,1073741824,40.13,40,18.1MB / 42.6MB,52.5MB / 184MB
35,2026-09-10T03:58:02.744897+00:00,71,2026-09-10T03:58:02.383175+00:00,false,microservices,order,d7569b7c39d89089f9d254c8ccf563f268a8997e691d861186f93e04a5c0b899,tcc-microservices-experiment-order-1,0.01,75350671,1073741824,7.02,3,5.31MB / 4.14MB,12MB / 77.8kB
35,2026-09-10T03:58:02.744897+00:00,71,2026-09-10T03:58:02.383175+00:00,false,microservices,product,5ac9975e25dd010bc938175a0e0d0fa41bc2f21bc3ddc9d4912b9622d81914e1,tcc-microservices-experiment-product-1,83.23,82407588,1073741824,7.67,3,47.7MB / 50.8MB,13.5MB / 81.9kB
36,2026-09-10T03:58:03.744938+00:00,73,2026-09-10T03:58:03.384275+00:00,false,microservices,auth,9cec0b0e45f32a4137d1f72d75fa0640dd8a40cb405e77781e3e3b01aedd367b,tcc-microservices-experiment-auth-1,0.01,80666952,1073741824,7.51,3,45.3kB / 40.3kB,17.9MB / 65.5kB
36,2026-09-10T03:58:03.744938+00:00,73,2026-09-10T03:58:03.384275+00:00,false,microservices,gateway,0b4e4591543a7a957c7792d1d455558adea3d911273f7ee6fd6c5c75085959c4,tcc-microservices-experiment-gateway-1,56.22,476997222,536870912,88.84,78,43.4MB / 48.6MB,78.1MB / 229kB
36,2026-09-10T03:58:03.744938+00:00,73,2026-09-10T03:58:03.384275+00:00,false,microservices,mysql,67e2504f0a790cc0f0b87b58633df5771a9038f71c1cf6fc13b21f9a336b4fc8,tcc-microservices-experiment-mysql-1,27.09,431174451,1073741824,40.16,40,18.4MB / 43.2MB,52.5MB / 184MB
36,2026-09-10T03:58:03.744938+00:00,73,2026-09-10T03:58:03.384275+00:00,false,microservices,order,d7569b7c39d89089f9d254c8ccf563f268a8997e691d861186f93e04a5c0b899,tcc-microservices-experiment-order-1,0.02,75350671,1073741824,7.02,3,5.31MB / 4.14MB,12MB / 77.8kB
36,2026-09-10T03:58:03.744938+00:00,73,2026-09-10T03:58:03.384275+00:00,false,microservices,product,5ac9975e25dd010bc938175a0e0d0fa41bc2f21bc3ddc9d4912b9622d81914e1,tcc-microservices-experiment-product-1,83.53,83099648,1073741824,7.74,3,48.5MB / 51.7MB,13.5MB / 81.9kB
37,2026-09-10T03:58:04.744903+00:00,75,2026-09-10T03:58:04.383331+00:00,false,microservices,auth,9cec0b0e45f32a4137d1f72d75fa0640dd8a40cb405e77781e3e3b01aedd367b,tcc-microservices-experiment-auth-1,0.02,80666952,1073741824,7.51,3,45.3kB / 40.3kB,17.9MB / 65.5kB
37,2026-09-10T03:58:04.744903+00:00,75,2026-09-10T03:58:04.383331+00:00,false,microservices,gateway,0b4e4591543a7a957c7792d1d455558adea3d911273f7ee6fd6c5c75085959c4,tcc-microservices-experiment-gateway-1,62.64,477626368,536870912,88.96,78,44.2MB / 49.4MB,78.1MB / 229kB
37,2026-09-10T03:58:04.744903+00:00,75,2026-09-10T03:58:04.383331+00:00,false,microservices,mysql,67e2504f0a790cc0f0b87b58633df5771a9038f71c1cf6fc13b21f9a336b4fc8,tcc-microservices-experiment-mysql-1,23.07,430859878,1073741824,40.12,40,18.6MB / 43.9MB,52.5MB / 184MB
37,2026-09-10T03:58:04.744903+00:00,75,2026-09-10T03:58:04.383331+00:00,false,microservices,order,d7569b7c39d89089f9d254c8ccf563f268a8997e691d861186f93e04a5c0b899,tcc-microservices-experiment-order-1,0.02,75350671,1073741824,7.02,3,5.31MB / 4.14MB,12MB / 77.8kB
37,2026-09-10T03:58:04.744903+00:00,75,2026-09-10T03:58:04.383331+00:00,false,microservices,product,5ac9975e25dd010bc938175a0e0d0fa41bc2f21bc3ddc9d4912b9622d81914e1,tcc-microservices-experiment-product-1,83.17,83928023,1073741824,7.82,3,49.4MB / 52.6MB,13.5MB / 81.9kB
38,2026-09-10T03:58:05.744910+00:00,77,2026-09-10T03:58:05.384114+00:00,false,microservices,auth,9cec0b0e45f32a4137d1f72d75fa0640dd8a40cb405e77781e3e3b01aedd367b,tcc-microservices-experiment-auth-1,0.02,80666952,1073741824,7.51,3,45.3kB / 40.3kB,17.9MB / 65.5kB
38,2026-09-10T03:58:05.744910+00:00,77,2026-09-10T03:58:05.384114+00:00,false,microservices,gateway,0b4e4591543a7a957c7792d1d455558adea3d911273f7ee6fd6c5c75085959c4,tcc-microservices-experiment-gateway-1,37.71,477626368,536870912,88.96,78,44.9MB / 50.3MB,78.1MB / 229kB
38,2026-09-10T03:58:05.744910+00:00,77,2026-09-10T03:58:05.384114+00:00,false,microservices,mysql,67e2504f0a790cc0f0b87b58633df5771a9038f71c1cf6fc13b21f9a336b4fc8,tcc-microservices-experiment-mysql-1,27.89,430755021,1073741824,40.12,40,18.8MB / 44.5MB,52.5MB / 184MB
38,2026-09-10T03:58:05.744910+00:00,77,2026-09-10T03:58:05.384114+00:00,false,microservices,order,d7569b7c39d89089f9d254c8ccf563f268a8997e691d861186f93e04a5c0b899,tcc-microservices-experiment-order-1,0.02,75350671,1073741824,7.02,3,5.31MB / 4.14MB,12MB / 77.8kB
38,2026-09-10T03:58:05.744910+00:00,77,2026-09-10T03:58:05.384114+00:00,false,microservices,product,5ac9975e25dd010bc938175a0e0d0fa41bc2f21bc3ddc9d4912b9622d81914e1,tcc-microservices-experiment-product-1,83.32,84284539,1073741824,7.85,3,50.2MB / 53.5MB,13.5MB / 81.9kB
39,2026-09-10T03:58:06.744896+00:00,79,2026-09-10T03:58:06.383338+00:00,false,microservices,auth,9cec0b0e45f32a4137d1f72d75fa0640dd8a40cb405e77781e3e3b01aedd367b,tcc-microservices-experiment-auth-1,0.02,80666952,1073741824,7.51,3,45.3kB / 40.3kB,17.9MB / 65.5kB
39,2026-09-10T03:58:06.744896+00:00,79,2026-09-10T03:58:06.383338+00:00,false,microservices,gateway,0b4e4591543a7a957c7792d1d455558adea3d911273f7ee6fd6c5c75085959c4,tcc-microservices-experiment-gateway-1,33.74,477102080,536870912,88.88,78,45.7MB / 51.1MB,78.1MB / 229kB
39,2026-09-10T03:58:06.744896+00:00,79,2026-09-10T03:58:06.383338+00:00,false,microservices,mysql,67e2504f0a790cc0f0b87b58633df5771a9038f71c1cf6fc13b21f9a336b4fc8,tcc-microservices-experiment-mysql-1,23.7,430545306,1073741824,40.1,40,19.1MB / 45.2MB,52.5MB / 184MB
39,2026-09-10T03:58:06.744896+00:00,79,2026-09-10T03:58:06.383338+00:00,false,microservices,order,d7569b7c39d89089f9d254c8ccf563f268a8997e691d861186f93e04a5c0b899,tcc-microservices-experiment-order-1,0.02,75350671,1073741824,7.02,3,5.31MB / 4.14MB,12MB / 77.8kB
39,2026-09-10T03:58:06.744896+00:00,79,2026-09-10T03:58:06.383338+00:00,false,microservices,product,5ac9975e25dd010bc938175a0e0d0fa41bc2f21bc3ddc9d4912b9622d81914e1,tcc-microservices-experiment-product-1,83.48,83665879,1073741824,7.79,3,51MB / 54.4MB,13.5MB / 81.9kB
40,2026-09-10T03:58:07.744896+00:00,81,2026-09-10T03:58:07.383380+00:00,false,microservices,auth,9cec0b0e45f32a4137d1f72d75fa0640dd8a40cb405e77781e3e3b01aedd367b,tcc-microservices-experiment-auth-1,0.02,80666952,1073741824,7.51,3,45.3kB / 40.3kB,17.9MB / 65.5kB
40,2026-09-10T03:58:07.744896+00:00,81,2026-09-10T03:58:07.383380+00:00,false,microservices,gateway,0b4e4591543a7a957c7792d1d455558adea3d911273f7ee6fd6c5c75085959c4,tcc-microservices-experiment-gateway-1,33.01,477626368,536870912,88.97,78,46.4MB / 51.9MB,78.1MB / 229kB
40,2026-09-10T03:58:07.744896+00:00,81,2026-09-10T03:58:07.383380+00:00,false,microservices,mysql,67e2504f0a790cc0f0b87b58633df5771a9038f71c1cf6fc13b21f9a336b4fc8,tcc-microservices-experiment-mysql-1,28.01,431174451,1073741824,40.16,40,19.3MB / 45.8MB,52.5MB / 184MB
40,2026-09-10T03:58:07.744896+00:00,81,2026-09-10T03:58:07.383380+00:00,false,microservices,order,d7569b7c39d89089f9d254c8ccf563f268a8997e691d861186f93e04a5c0b899,tcc-microservices-experiment-order-1,0.02,75350671,1073741824,7.02,3,5.31MB / 4.14MB,12MB / 77.8kB
40,2026-09-10T03:58:07.744896+00:00,81,2026-09-10T03:58:07.383380+00:00,false,microservices,product,5ac9975e25dd010bc938175a0e0d0fa41bc2f21bc3ddc9d4912b9622d81914e1,tcc-microservices-experiment-product-1,83.51,83571507,1073741824,7.78,3,51.8MB / 55.2MB,13.5MB / 81.9kB
41,2026-09-10T03:58:08.744921+00:00,83,2026-09-10T03:58:08.383532+00:00,false,microservices,auth,9cec0b0e45f32a4137d1f72d75fa0640dd8a40cb405e77781e3e3b01aedd367b,tcc-microservices-experiment-auth-1,0.02,80666952,1073741824,7.51,3,45.3kB / 40.3kB,17.9MB / 65.5kB
41,2026-09-10T03:58:08.744921+00:00,83,2026-09-10T03:58:08.383532+00:00,false,microservices,gateway,0b4e4591543a7a957c7792d1d455558adea3d911273f7ee6fd6c5c75085959c4,tcc-microservices-experiment-gateway-1,34.36,477521510,536870912,88.95,78,47.2MB / 52.8MB,78.1MB / 229kB
41,2026-09-10T03:58:08.744921+00:00,83,2026-09-10T03:58:08.383532+00:00,false,microservices,mysql,67e2504f0a790cc0f0b87b58633df5771a9038f71c1cf6fc13b21f9a336b4fc8,tcc-microservices-experiment-mysql-1,23.76,430440448,1073741824,40.09,40,19.6MB / 46.5MB,52.5MB / 184MB
41,2026-09-10T03:58:08.744921+00:00,83,2026-09-10T03:58:08.383532+00:00,false,microservices,order,d7569b7c39d89089f9d254c8ccf563f268a8997e691d861186f93e04a5c0b899,tcc-microservices-experiment-order-1,0.02,75350671,1073741824,7.02,3,5.31MB / 4.14MB,12MB / 77.8kB
41,2026-09-10T03:58:08.744921+00:00,83,2026-09-10T03:58:08.383532+00:00,false,microservices,product,5ac9975e25dd010bc938175a0e0d0fa41bc2f21bc3ddc9d4912b9622d81914e1,tcc-microservices-experiment-product-1,82.74,84368425,1073741824,7.86,3,52.7MB / 56.1MB,13.5MB / 81.9kB
42,2026-09-10T03:58:09.744926+00:00,85,2026-09-10T03:58:09.384257+00:00,false,microservices,auth,9cec0b0e45f32a4137d1f72d75fa0640dd8a40cb405e77781e3e3b01aedd367b,tcc-microservices-experiment-auth-1,0.02,80666952,1073741824,7.51,3,45.3kB / 40.3kB,17.9MB / 65.5kB
42,2026-09-10T03:58:09.744926+00:00,85,2026-09-10T03:58:09.384257+00:00,false,microservices,gateway,0b4e4591543a7a957c7792d1d455558adea3d911273f7ee6fd6c5c75085959c4,tcc-microservices-experiment-gateway-1,33.53,477521510,536870912,88.94,78,48MB / 53.6MB,78.1MB / 229kB
42,2026-09-10T03:58:09.744926+00:00,85,2026-09-10T03:58:09.384257+00:00,false,microservices,mysql,67e2504f0a790cc0f0b87b58633df5771a9038f71c1cf6fc13b21f9a336b4fc8,tcc-microservices-experiment-mysql-1,27.88,430964736,1073741824,40.14,40,19.8MB / 47.1MB,52.5MB / 184MB
42,2026-09-10T03:58:09.744926+00:00,85,2026-09-10T03:58:09.384257+00:00,false,microservices,order,d7569b7c39d89089f9d254c8ccf563f268a8997e691d861186f93e04a5c0b899,tcc-microservices-experiment-order-1,0.02,75350671,1073741824,7.02,3,5.31MB / 4.14MB,12MB / 77.8kB
42,2026-09-10T03:58:09.744926+00:00,85,2026-09-10T03:58:09.384257+00:00,false,microservices,product,5ac9975e25dd010bc938175a0e0d0fa41bc2f21bc3ddc9d4912b9622d81914e1,tcc-microservices-experiment-product-1,83.25,84557169,1073741824,7.87,3,53.5MB / 57MB,13.5MB / 81.9kB
43,2026-09-10T03:58:10.744925+00:00,87,2026-09-10T03:58:10.383306+00:00,false,microservices,auth,9cec0b0e45f32a4137d1f72d75fa0640dd8a40cb405e77781e3e3b01aedd367b,tcc-microservices-experiment-auth-1,0.02,80666952,1073741824,7.51,3,45.3kB / 40.3kB,17.9MB / 65.5kB
43,2026-09-10T03:58:10.744925+00:00,87,2026-09-10T03:58:10.383306+00:00,false,microservices,gateway,0b4e4591543a7a957c7792d1d455558adea3d911273f7ee6fd6c5c75085959c4,tcc-microservices-experiment-gateway-1,33.89,477102080,536870912,88.86,78,48.7MB / 54.5MB,78.1MB / 229kB
43,2026-09-10T03:58:10.744925+00:00,87,2026-09-10T03:58:10.383306+00:00,false,microservices,mysql,67e2504f0a790cc0f0b87b58633df5771a9038f71c1cf6fc13b21f9a336b4fc8,tcc-microservices-experiment-mysql-1,25.98,430755021,1073741824,40.12,40,20MB / 47.8MB,52.5MB / 184MB
43,2026-09-10T03:58:10.744925+00:00,87,2026-09-10T03:58:10.383306+00:00,false,microservices,order,d7569b7c39d89089f9d254c8ccf563f268a8997e691d861186f93e04a5c0b899,tcc-microservices-experiment-order-1,0.02,75350671,1073741824,7.02,3,5.31MB / 4.14MB,12MB / 77.8kB
43,2026-09-10T03:58:10.744925+00:00,87,2026-09-10T03:58:10.383306+00:00,false,microservices,product,5ac9975e25dd010bc938175a0e0d0fa41bc2f21bc3ddc9d4912b9622d81914e1,tcc-microservices-experiment-product-1,79.52,84315996,1073741824,7.85,3,54.4MB / 57.9MB,13.5MB / 81.9kB
44,2026-09-10T03:58:11.744916+00:00,89,2026-09-10T03:58:11.383284+00:00,false,microservices,auth,9cec0b0e45f32a4137d1f72d75fa0640dd8a40cb405e77781e3e3b01aedd367b,tcc-microservices-experiment-auth-1,0.02,80666952,1073741824,7.51,3,45.3kB / 40.3kB,17.9MB / 65.5kB
44,2026-09-10T03:58:11.744916+00:00,89,2026-09-10T03:58:11.383284+00:00,false,microservices,gateway,0b4e4591543a7a957c7792d1d455558adea3d911273f7ee6fd6c5c75085959c4,tcc-microservices-experiment-gateway-1,54.29,477416653,536870912,88.93,78,49.4MB / 55.3MB,78.1MB / 229kB
44,2026-09-10T03:58:11.744916+00:00,89,2026-09-10T03:58:11.383284+00:00,false,microservices,mysql,67e2504f0a790cc0f0b87b58633df5771a9038f71c1cf6fc13b21f9a336b4fc8,tcc-microservices-experiment-mysql-1,29.2,431593882,1073741824,40.19,40,20.3MB / 48.4MB,52.5MB / 184MB
44,2026-09-10T03:58:11.744916+00:00,89,2026-09-10T03:58:11.383284+00:00,false,microservices,order,d7569b7c39d89089f9d254c8ccf563f268a8997e691d861186f93e04a5c0b899,tcc-microservices-experiment-order-1,0.02,75350671,1073741824,7.02,3,5.31MB / 4.14MB,12MB / 77.8kB
44,2026-09-10T03:58:11.744916+00:00,89,2026-09-10T03:58:11.383284+00:00,false,microservices,product,5ac9975e25dd010bc938175a0e0d0fa41bc2f21bc3ddc9d4912b9622d81914e1,tcc-microservices-experiment-product-1,81.05,84169196,1073741824,7.84,3,55.2MB / 58.8MB,13.5MB / 81.9kB
45,2026-09-10T03:58:12.744909+00:00,91,2026-09-10T03:58:12.383346+00:00,false,microservices,auth,9cec0b0e45f32a4137d1f72d75fa0640dd8a40cb405e77781e3e3b01aedd367b,tcc-microservices-experiment-auth-1,0.02,80666952,1073741824,7.51,3,45.3kB / 40.3kB,17.9MB / 65.5kB
45,2026-09-10T03:58:12.744909+00:00,91,2026-09-10T03:58:12.383346+00:00,false,microservices,gateway,0b4e4591543a7a957c7792d1d455558adea3d911273f7ee6fd6c5c75085959c4,tcc-microservices-experiment-gateway-1,53.89,478255514,536870912,89.08,78,50.2MB / 56.1MB,78.1MB / 229kB
45,2026-09-10T03:58:12.744909+00:00,91,2026-09-10T03:58:12.383346+00:00,false,microservices,mysql,67e2504f0a790cc0f0b87b58633df5771a9038f71c1cf6fc13b21f9a336b4fc8,tcc-microservices-experiment-mysql-1,25.16,431174451,1073741824,40.16,40,20.5MB / 49.1MB,52.5MB / 184MB
45,2026-09-10T03:58:12.744909+00:00,91,2026-09-10T03:58:12.383346+00:00,false,microservices,order,d7569b7c39d89089f9d254c8ccf563f268a8997e691d861186f93e04a5c0b899,tcc-microservices-experiment-order-1,0.02,75350671,1073741824,7.02,3,5.31MB / 4.14MB,12MB / 77.8kB
45,2026-09-10T03:58:12.744909+00:00,91,2026-09-10T03:58:12.383346+00:00,false,microservices,product,5ac9975e25dd010bc938175a0e0d0fa41bc2f21bc3ddc9d4912b9622d81914e1,tcc-microservices-experiment-product-1,80.93,84074824,1073741824,7.83,3,56MB / 59.7MB,13.5MB / 81.9kB
46,2026-09-10T03:58:13.744906+00:00,93,2026-09-10T03:58:13.383949+00:00,false,microservices,auth,9cec0b0e45f32a4137d1f72d75fa0640dd8a40cb405e77781e3e3b01aedd367b,tcc-microservices-experiment-auth-1,0.02,80666952,1073741824,7.51,3,45.3kB / 40.3kB,17.9MB / 65.5kB
46,2026-09-10T03:58:13.744906+00:00,93,2026-09-10T03:58:13.383949+00:00,false,microservices,gateway,0b4e4591543a7a957c7792d1d455558adea3d911273f7ee6fd6c5c75085959c4,tcc-microservices-experiment-gateway-1,33.69,477836083,536870912,88.99,78,50.9MB / 57MB,78.1MB / 229kB
46,2026-09-10T03:58:13.744906+00:00,93,2026-09-10T03:58:13.383949+00:00,false,microservices,mysql,67e2504f0a790cc0f0b87b58633df5771a9038f71c1cf6fc13b21f9a336b4fc8,tcc-microservices-experiment-mysql-1,29.92,431384166,1073741824,40.18,40,20.8MB / 49.7MB,52.5MB / 184MB
46,2026-09-10T03:58:13.744906+00:00,93,2026-09-10T03:58:13.383949+00:00,false,microservices,order,d7569b7c39d89089f9d254c8ccf563f268a8997e691d861186f93e04a5c0b899,tcc-microservices-experiment-order-1,0.02,75350671,1073741824,7.02,3,5.31MB / 4.14MB,12MB / 77.8kB
46,2026-09-10T03:58:13.744906+00:00,93,2026-09-10T03:58:13.383949+00:00,false,microservices,product,5ac9975e25dd010bc938175a0e0d0fa41bc2f21bc3ddc9d4912b9622d81914e1,tcc-microservices-experiment-product-1,80.63,83760251,1073741824,7.8,3,56.8MB / 60.5MB,13.5MB / 81.9kB
47,2026-09-10T03:58:14.744916+00:00,95,2026-09-10T03:58:14.383597+00:00,false,microservices,auth,9cec0b0e45f32a4137d1f72d75fa0640dd8a40cb405e77781e3e3b01aedd367b,tcc-microservices-experiment-auth-1,0.01,80666952,1073741824,7.51,3,45.3kB / 40.3kB,17.9MB / 65.5kB
47,2026-09-10T03:58:14.744916+00:00,95,2026-09-10T03:58:14.383597+00:00,false,microservices,gateway,0b4e4591543a7a957c7792d1d455558adea3d911273f7ee6fd6c5c75085959c4,tcc-microservices-experiment-gateway-1,32.69,477836083,536870912,89.0,78,51.7MB / 57.8MB,78.1MB / 229kB
47,2026-09-10T03:58:14.744916+00:00,95,2026-09-10T03:58:14.383597+00:00,false,microservices,mysql,67e2504f0a790cc0f0b87b58633df5771a9038f71c1cf6fc13b21f9a336b4fc8,tcc-microservices-experiment-mysql-1,23.72,430859878,1073741824,40.13,40,21MB / 50.4MB,52.5MB / 184MB
47,2026-09-10T03:58:14.744916+00:00,95,2026-09-10T03:58:14.383597+00:00,false,microservices,order,d7569b7c39d89089f9d254c8ccf563f268a8997e691d861186f93e04a5c0b899,tcc-microservices-experiment-order-1,0.02,75350671,1073741824,7.02,3,5.31MB / 4.14MB,12MB / 77.8kB
47,2026-09-10T03:58:14.744916+00:00,95,2026-09-10T03:58:14.383597+00:00,false,microservices,product,5ac9975e25dd010bc938175a0e0d0fa41bc2f21bc3ddc9d4912b9622d81914e1,tcc-microservices-experiment-product-1,82.4,83802194,1073741824,7.8,3,57.7MB / 61.5MB,13.5MB / 81.9kB
48,2026-09-10T03:58:15.744935+00:00,97,2026-09-10T03:58:15.383123+00:00,false,microservices,auth,9cec0b0e45f32a4137d1f72d75fa0640dd8a40cb405e77781e3e3b01aedd367b,tcc-microservices-experiment-auth-1,0.02,80666952,1073741824,7.51,3,45.3kB / 40.3kB,17.9MB / 65.5kB
48,2026-09-10T03:58:15.744935+00:00,97,2026-09-10T03:58:15.383123+00:00,false,microservices,gateway,0b4e4591543a7a957c7792d1d455558adea3d911273f7ee6fd6c5c75085959c4,tcc-microservices-experiment-gateway-1,31.77,477416653,536870912,88.93,78,52.5MB / 58.7MB,78.1MB / 229kB
48,2026-09-10T03:58:15.744935+00:00,97,2026-09-10T03:58:15.383123+00:00,false,microservices,mysql,67e2504f0a790cc0f0b87b58633df5771a9038f71c1cf6fc13b21f9a336b4fc8,tcc-microservices-experiment-mysql-1,29.19,430755021,1073741824,40.11,40,21.3MB / 51MB,52.5MB / 184MB
48,2026-09-10T03:58:15.744935+00:00,97,2026-09-10T03:58:15.383123+00:00,false,microservices,order,d7569b7c39d89089f9d254c8ccf563f268a8997e691d861186f93e04a5c0b899,tcc-microservices-experiment-order-1,0.02,75350671,1073741824,7.02,3,5.31MB / 4.14MB,12MB / 77.8kB
48,2026-09-10T03:58:15.744935+00:00,97,2026-09-10T03:58:15.383123+00:00,false,microservices,product,5ac9975e25dd010bc938175a0e0d0fa41bc2f21bc3ddc9d4912b9622d81914e1,tcc-microservices-experiment-product-1,80.53,84714455,1073741824,7.89,3,58.5MB / 62.4MB,13.5MB / 81.9kB
49,2026-09-10T03:58:16.744896+00:00,99,2026-09-10T03:58:16.383992+00:00,false,microservices,auth,9cec0b0e45f32a4137d1f72d75fa0640dd8a40cb405e77781e3e3b01aedd367b,tcc-microservices-experiment-auth-1,0.02,80666952,1073741824,7.51,3,45.3kB / 40.3kB,17.9MB / 65.5kB
49,2026-09-10T03:58:16.744896+00:00,99,2026-09-10T03:58:16.383992+00:00,false,microservices,gateway,0b4e4591543a7a957c7792d1d455558adea3d911273f7ee6fd6c5c75085959c4,tcc-microservices-experiment-gateway-1,31.67,477416653,536870912,88.93,78,53.2MB / 59.5MB,78.1MB / 229kB
49,2026-09-10T03:58:16.744896+00:00,99,2026-09-10T03:58:16.383992+00:00,false,microservices,mysql,67e2504f0a790cc0f0b87b58633df5771a9038f71c1cf6fc13b21f9a336b4fc8,tcc-microservices-experiment-mysql-1,24.12,431279309,1073741824,40.16,40,21.5MB / 51.7MB,52.5MB / 184MB
49,2026-09-10T03:58:16.744896+00:00,99,2026-09-10T03:58:16.383992+00:00,false,microservices,order,d7569b7c39d89089f9d254c8ccf563f268a8997e691d861186f93e04a5c0b899,tcc-microservices-experiment-order-1,0.02,75350671,1073741824,7.02,3,5.31MB / 4.14MB,12MB / 77.8kB
49,2026-09-10T03:58:16.744896+00:00,99,2026-09-10T03:58:16.383992+00:00,false,microservices,product,5ac9975e25dd010bc938175a0e0d0fa41bc2f21bc3ddc9d4912b9622d81914e1,tcc-microservices-experiment-product-1,81.79,84672512,1073741824,7.89,3,59.4MB / 63.3MB,13.5MB / 81.9kB
50,2026-09-10T03:58:17.744904+00:00,101,2026-09-10T03:58:17.383054+00:00,false,microservices,auth,9cec0b0e45f32a4137d1f72d75fa0640dd8a40cb405e77781e3e3b01aedd367b,tcc-microservices-experiment-auth-1,0.02,80666952,1073741824,7.51,3,45.4kB / 40.3kB,17.9MB / 65.5kB
50,2026-09-10T03:58:17.744904+00:00,101,2026-09-10T03:58:17.383054+00:00,false,microservices,gateway,0b4e4591543a7a957c7792d1d455558adea3d911273f7ee6fd6c5c75085959c4,tcc-microservices-experiment-gateway-1,32.43,477206938,536870912,88.89,78,54MB / 60.4MB,78.1MB / 229kB
50,2026-09-10T03:58:17.744904+00:00,101,2026-09-10T03:58:17.383054+00:00,false,microservices,mysql,67e2504f0a790cc0f0b87b58633df5771a9038f71c1cf6fc13b21f9a336b4fc8,tcc-microservices-experiment-mysql-1,27.78,431174451,1073741824,40.15,40,21.7MB / 52.3MB,52.5MB / 184MB
50,2026-09-10T03:58:17.744904+00:00,101,2026-09-10T03:58:17.383054+00:00,false,microservices,order,d7569b7c39d89089f9d254c8ccf563f268a8997e691d861186f93e04a5c0b899,tcc-microservices-experiment-order-1,0.02,75350671,1073741824,7.02,3,5.31MB / 4.14MB,12MB / 77.8kB
50,2026-09-10T03:58:17.744904+00:00,101,2026-09-10T03:58:17.383054+00:00,false,microservices,product,5ac9975e25dd010bc938175a0e0d0fa41bc2f21bc3ddc9d4912b9622d81914e1,tcc-microservices-experiment-product-1,83.47,83990938,1073741824,7.82,3,60.2MB / 64.2MB,13.5MB / 81.9kB
51,2026-09-10T03:58:18.744898+00:00,103,2026-09-10T03:58:18.383209+00:00,false,microservices,auth,9cec0b0e45f32a4137d1f72d75fa0640dd8a40cb405e77781e3e3b01aedd367b,tcc-microservices-experiment-auth-1,0.02,80666952,1073741824,7.51,3,45.5kB / 40.3kB,17.9MB / 65.5kB
51,2026-09-10T03:58:18.744898+00:00,103,2026-09-10T03:58:18.383209+00:00,false,microservices,gateway,0b4e4591543a7a957c7792d1d455558adea3d911273f7ee6fd6c5c75085959c4,tcc-microservices-experiment-gateway-1,43.33,478045798,536870912,89.04,78,54.8MB / 61.2MB,78.1MB / 246kB
51,2026-09-10T03:58:18.744898+00:00,103,2026-09-10T03:58:18.383209+00:00,false,microservices,mysql,67e2504f0a790cc0f0b87b58633df5771a9038f71c1cf6fc13b21f9a336b4fc8,tcc-microservices-experiment-mysql-1,23.5,430545306,1073741824,40.1,40,22MB / 53MB,52.5MB / 184MB
51,2026-09-10T03:58:18.744898+00:00,103,2026-09-10T03:58:18.383209+00:00,false,microservices,order,d7569b7c39d89089f9d254c8ccf563f268a8997e691d861186f93e04a5c0b899,tcc-microservices-experiment-order-1,0.02,75350671,1073741824,7.02,3,5.31MB / 4.14MB,12MB / 77.8kB
51,2026-09-10T03:58:18.744898+00:00,103,2026-09-10T03:58:18.383209+00:00,false,microservices,product,5ac9975e25dd010bc938175a0e0d0fa41bc2f21bc3ddc9d4912b9622d81914e1,tcc-microservices-experiment-product-1,83.09,84127252,1073741824,7.83,3,61.1MB / 65.1MB,13.5MB / 81.9kB
52,2026-09-10T03:58:19.744917+00:00,105,2026-09-10T03:58:19.384264+00:00,false,microservices,auth,9cec0b0e45f32a4137d1f72d75fa0640dd8a40cb405e77781e3e3b01aedd367b,tcc-microservices-experiment-auth-1,0.02,80666952,1073741824,7.51,3,45.5kB / 40.3kB,17.9MB / 65.5kB
52,2026-09-10T03:58:19.744917+00:00,105,2026-09-10T03:58:19.384264+00:00,false,microservices,gateway,0b4e4591543a7a957c7792d1d455558adea3d911273f7ee6fd6c5c75085959c4,tcc-microservices-experiment-gateway-1,49.38,477836083,536870912,89.01,78,55.5MB / 62.1MB,78.1MB / 246kB
52,2026-09-10T03:58:19.744917+00:00,105,2026-09-10T03:58:19.384264+00:00,false,microservices,mysql,67e2504f0a790cc0f0b87b58633df5771a9038f71c1cf6fc13b21f9a336b4fc8,tcc-microservices-experiment-mysql-1,28.12,430335590,1073741824,40.08,40,22.2MB / 53.7MB,52.5MB / 184MB
52,2026-09-10T03:58:19.744917+00:00,105,2026-09-10T03:58:19.384264+00:00,false,microservices,order,d7569b7c39d89089f9d254c8ccf563f268a8997e691d861186f93e04a5c0b899,tcc-microservices-experiment-order-1,0.02,75350671,1073741824,7.02,3,5.31MB / 4.14MB,12MB / 77.8kB
52,2026-09-10T03:58:19.744917+00:00,105,2026-09-10T03:58:19.384264+00:00,false,microservices,product,5ac9975e25dd010bc938175a0e0d0fa41bc2f21bc3ddc9d4912b9622d81914e1,tcc-microservices-experiment-product-1,83.11,84630569,1073741824,7.88,3,61.9MB / 66MB,13.5MB / 81.9kB
53,2026-09-10T03:58:20.744902+00:00,107,2026-09-10T03:58:20.384139+00:00,false,microservices,auth,9cec0b0e45f32a4137d1f72d75fa0640dd8a40cb405e77781e3e3b01aedd367b,tcc-microservices-experiment-auth-1,0.02,80666952,1073741824,7.51,3,45.6kB / 40.3kB,17.9MB / 65.5kB
53,2026-09-10T03:58:20.744902+00:00,107,2026-09-10T03:58:20.384139+00:00,false,microservices,gateway,0b4e4591543a7a957c7792d1d455558adea3d911273f7ee6fd6c5c75085959c4,tcc-microservices-experiment-gateway-1,46.73,477521510,536870912,88.95,78,56.2MB / 62.9MB,78.1MB / 246kB
53,2026-09-10T03:58:20.744902+00:00,107,2026-09-10T03:58:20.384139+00:00,false,microservices,mysql,67e2504f0a790cc0f0b87b58633df5771a9038f71c1cf6fc13b21f9a336b4fc8,tcc-microservices-experiment-mysql-1,24.27,430859878,1073741824,40.12,40,22.5MB / 54.3MB,52.5MB / 184MB
53,2026-09-10T03:58:20.744902+00:00,107,2026-09-10T03:58:20.384139+00:00,false,microservices,order,d7569b7c39d89089f9d254c8ccf563f268a8997e691d861186f93e04a5c0b899,tcc-microservices-experiment-order-1,0.02,75350671,1073741824,7.02,3,5.31MB / 4.14MB,12MB / 77.8kB
53,2026-09-10T03:58:20.744902+00:00,107,2026-09-10T03:58:20.384139+00:00,false,microservices,product,5ac9975e25dd010bc938175a0e0d0fa41bc2f21bc3ddc9d4912b9622d81914e1,tcc-microservices-experiment-product-1,81.79,85385544,1073741824,7.95,3,62.7MB / 66.8MB,13.5MB / 81.9kB
54,2026-09-10T03:58:21.744941+00:00,109,2026-09-10T03:58:21.383279+00:00,false,microservices,auth,9cec0b0e45f32a4137d1f72d75fa0640dd8a40cb405e77781e3e3b01aedd367b,tcc-microservices-experiment-auth-1,0.02,80666952,1073741824,7.51,3,45.6kB / 40.3kB,17.9MB / 65.5kB
54,2026-09-10T03:58:21.744941+00:00,109,2026-09-10T03:58:21.383279+00:00,false,microservices,gateway,0b4e4591543a7a957c7792d1d455558adea3d911273f7ee6fd6c5c75085959c4,tcc-microservices-experiment-gateway-1,31.34,478989517,536870912,89.21,78,57MB / 63.7MB,78.1MB / 246kB
54,2026-09-10T03:58:21.744941+00:00,109,2026-09-10T03:58:21.383279+00:00,false,microservices,mysql,67e2504f0a790cc0f0b87b58633df5771a9038f71c1cf6fc13b21f9a336b4fc8,tcc-microservices-experiment-mysql-1,29.14,431279309,1073741824,40.17,40,22.7MB / 54.9MB,52.5MB / 184MB
54,2026-09-10T03:58:21.744941+00:00,109,2026-09-10T03:58:21.383279+00:00,false,microservices,order,d7569b7c39d89089f9d254c8ccf563f268a8997e691d861186f93e04a5c0b899,tcc-microservices-experiment-order-1,0.02,75350671,1073741824,7.02,3,5.31MB / 4.14MB,12MB / 77.8kB
54,2026-09-10T03:58:21.744941+00:00,109,2026-09-10T03:58:21.383279+00:00,false,microservices,product,5ac9975e25dd010bc938175a0e0d0fa41bc2f21bc3ddc9d4912b9622d81914e1,tcc-microservices-experiment-product-1,81.87,85679145,1073741824,7.98,3,63.5MB / 67.7MB,13.5MB / 81.9kB
55,2026-09-10T03:58:22.744919+00:00,111,2026-09-10T03:58:22.383886+00:00,false,microservices,auth,9cec0b0e45f32a4137d1f72d75fa0640dd8a40cb405e77781e3e3b01aedd367b,tcc-microservices-experiment-auth-1,0.02,80666952,1073741824,7.51,3,45.6kB / 40.3kB,17.9MB / 65.5kB
55,2026-09-10T03:58:22.744919+00:00,111,2026-09-10T03:58:22.383886+00:00,false,microservices,gateway,0b4e4591543a7a957c7792d1d455558adea3d911273f7ee6fd6c5c75085959c4,tcc-microservices-experiment-gateway-1,32.5,477836083,536870912,89.0,78,57.7MB / 64.5MB,78.1MB / 246kB
55,2026-09-10T03:58:22.744919+00:00,111,2026-09-10T03:58:22.383886+00:00,false,microservices,mysql,67e2504f0a790cc0f0b87b58633df5771a9038f71c1cf6fc13b21f9a336b4fc8,tcc-microservices-experiment-mysql-1,24.03,430440448,1073741824,40.09,40,22.9MB / 55.6MB,52.5MB / 184MB
55,2026-09-10T03:58:22.744919+00:00,111,2026-09-10T03:58:22.383886+00:00,false,microservices,order,d7569b7c39d89089f9d254c8ccf563f268a8997e691d861186f93e04a5c0b899,tcc-microservices-experiment-order-1,0.02,75350671,1073741824,7.02,3,5.31MB / 4.14MB,12MB / 77.8kB
55,2026-09-10T03:58:22.744919+00:00,111,2026-09-10T03:58:22.383886+00:00,false,microservices,product,5ac9975e25dd010bc938175a0e0d0fa41bc2f21bc3ddc9d4912b9622d81914e1,tcc-microservices-experiment-product-1,83.27,83540050,1073741824,7.78,3,64.3MB / 68.6MB,13.6MB / 81.9kB
56,2026-09-10T03:58:23.744933+00:00,113,2026-09-10T03:58:23.384150+00:00,false,microservices,auth,9cec0b0e45f32a4137d1f72d75fa0640dd8a40cb405e77781e3e3b01aedd367b,tcc-microservices-experiment-auth-1,0.01,80666952,1073741824,7.51,3,45.6kB / 40.3kB,17.9MB / 65.5kB
56,2026-09-10T03:58:23.744933+00:00,113,2026-09-10T03:58:23.384150+00:00,false,microservices,gateway,0b4e4591543a7a957c7792d1d455558adea3d911273f7ee6fd6c5c75085959c4,tcc-microservices-experiment-gateway-1,32.5,477836083,536870912,89.0,78,57.7MB / 64.5MB,78.1MB / 246kB
56,2026-09-10T03:58:23.744933+00:00,113,2026-09-10T03:58:23.384150+00:00,false,microservices,mysql,67e2504f0a790cc0f0b87b58633df5771a9038f71c1cf6fc13b21f9a336b4fc8,tcc-microservices-experiment-mysql-1,24.03,430440448,1073741824,40.09,40,22.9MB / 55.6MB,52.5MB / 184MB
56,2026-09-10T03:58:23.744933+00:00,113,2026-09-10T03:58:23.384150+00:00,false,microservices,order,d7569b7c39d89089f9d254c8ccf563f268a8997e691d861186f93e04a5c0b899,tcc-microservices-experiment-order-1,0.02,75350671,1073741824,7.02,3,5.31MB / 4.14MB,12MB / 77.8kB
56,2026-09-10T03:58:23.744933+00:00,113,2026-09-10T03:58:23.384150+00:00,false,microservices,product,5ac9975e25dd010bc938175a0e0d0fa41bc2f21bc3ddc9d4912b9622d81914e1,tcc-microservices-experiment-product-1,83.27,83540050,1073741824,7.78,3,64.3MB / 68.6MB,13.6MB / 81.9kB
57,2026-09-10T03:58:24.744921+00:00,115,2026-09-10T03:58:24.383771+00:00,false,microservices,auth,9cec0b0e45f32a4137d1f72d75fa0640dd8a40cb405e77781e3e3b01aedd367b,tcc-microservices-experiment-auth-1,0.02,80666952,1073741824,7.51,3,45.7kB / 40.3kB,17.9MB / 65.5kB
57,2026-09-10T03:58:24.744921+00:00,115,2026-09-10T03:58:24.383771+00:00,false,microservices,gateway,0b4e4591543a7a957c7792d1d455558adea3d911273f7ee6fd6c5c75085959c4,tcc-microservices-experiment-gateway-1,31.11,477940941,536870912,89.02,78,58.4MB / 65.4MB,78.1MB / 246kB
57,2026-09-10T03:58:24.744921+00:00,115,2026-09-10T03:58:24.383771+00:00,false,microservices,mysql,67e2504f0a790cc0f0b87b58633df5771a9038f71c1cf6fc13b21f9a336b4fc8,tcc-microservices-experiment-mysql-1,28.9,430859878,1073741824,40.13,40,23.2MB / 56.2MB,52.5MB / 184MB
57,2026-09-10T03:58:24.744921+00:00,115,2026-09-10T03:58:24.383771+00:00,false,microservices,order,d7569b7c39d89089f9d254c8ccf563f268a8997e691d861186f93e04a5c0b899,tcc-microservices-experiment-order-1,0.02,75350671,1073741824,7.02,3,5.31MB / 4.14MB,12MB / 77.8kB
57,2026-09-10T03:58:24.744921+00:00,115,2026-09-10T03:58:24.383771+00:00,false,microservices,product,5ac9975e25dd010bc938175a0e0d0fa41bc2f21bc3ddc9d4912b9622d81914e1,tcc-microservices-experiment-product-1,81.39,83812680,1073741824,7.81,3,65.2MB / 69.5MB,13.6MB / 81.9kB
58,2026-09-10T03:58:25.744906+00:00,117,2026-09-10T03:58:25.384823+00:00,false,microservices,auth,9cec0b0e45f32a4137d1f72d75fa0640dd8a40cb405e77781e3e3b01aedd367b,tcc-microservices-experiment-auth-1,0.02,80666952,1073741824,7.51,3,45.7kB / 40.3kB,17.9MB / 65.5kB
58,2026-09-10T03:58:25.744906+00:00,117,2026-09-10T03:58:25.384823+00:00,false,microservices,gateway,0b4e4591543a7a957c7792d1d455558adea3d911273f7ee6fd6c5c75085959c4,tcc-microservices-experiment-gateway-1,31.39,478779802,536870912,89.19,78,59.2MB / 66.2MB,78.1MB / 246kB
58,2026-09-10T03:58:25.744906+00:00,117,2026-09-10T03:58:25.384823+00:00,false,microservices,mysql,67e2504f0a790cc0f0b87b58633df5771a9038f71c1cf6fc13b21f9a336b4fc8,tcc-microservices-experiment-mysql-1,23.99,430964736,1073741824,40.13,40,23.4MB / 56.8MB,52.5MB / 184MB
58,2026-09-10T03:58:25.744906+00:00,117,2026-09-10T03:58:25.384823+00:00,false,microservices,order,d7569b7c39d89089f9d254c8ccf563f268a8997e691d861186f93e04a5c0b899,tcc-microservices-experiment-order-1,0.02,75350671,1073741824,7.02,3,5.31MB / 4.14MB,12MB / 77.8kB
58,2026-09-10T03:58:25.744906+00:00,117,2026-09-10T03:58:25.384823+00:00,false,microservices,product,5ac9975e25dd010bc938175a0e0d0fa41bc2f21bc3ddc9d4912b9622d81914e1,tcc-microservices-experiment-product-1,82.95,83214991,1073741824,7.75,3,66MB / 70.3MB,13.6MB / 81.9kB
59,2026-09-10T03:58:26.744931+00:00,119,2026-09-10T03:58:26.384287+00:00,false,microservices,auth,9cec0b0e45f32a4137d1f72d75fa0640dd8a40cb405e77781e3e3b01aedd367b,tcc-microservices-experiment-auth-1,0.02,80666952,1073741824,7.51,3,45.7kB / 40.3kB,17.9MB / 65.5kB
59,2026-09-10T03:58:26.744931+00:00,119,2026-09-10T03:58:26.384287+00:00,false,microservices,gateway,0b4e4591543a7a957c7792d1d455558adea3d911273f7ee6fd6c5c75085959c4,tcc-microservices-experiment-gateway-1,35.42,477940941,536870912,89.02,78,59.9MB / 67MB,78.1MB / 246kB
59,2026-09-10T03:58:26.744931+00:00,119,2026-09-10T03:58:26.384287+00:00,false,microservices,mysql,67e2504f0a790cc0f0b87b58633df5771a9038f71c1cf6fc13b21f9a336b4fc8,tcc-microservices-experiment-mysql-1,28.27,430964736,1073741824,40.14,40,23.6MB / 57.4MB,52.5MB / 184MB
59,2026-09-10T03:58:26.744931+00:00,119,2026-09-10T03:58:26.384287+00:00,false,microservices,order,d7569b7c39d89089f9d254c8ccf563f268a8997e691d861186f93e04a5c0b899,tcc-microservices-experiment-order-1,0.02,75350671,1073741824,7.02,3,5.31MB / 4.14MB,12MB / 77.8kB
59,2026-09-10T03:58:26.744931+00:00,119,2026-09-10T03:58:26.384287+00:00,false,microservices,product,5ac9975e25dd010bc938175a0e0d0fa41bc2f21bc3ddc9d4912b9622d81914e1,tcc-microservices-experiment-product-1,83.04,83204506,1073741824,7.75,3,66.8MB / 71.2MB,13.6MB / 81.9kB
60,2026-09-10T03:58:27.744922+00:00,121,2026-09-10T03:58:27.383270+00:00,false,microservices,auth,9cec0b0e45f32a4137d1f72d75fa0640dd8a40cb405e77781e3e3b01aedd367b,tcc-microservices-experiment-auth-1,0.02,80666952,1073741824,7.51,3,45.7kB / 40.3kB,17.9MB / 65.5kB
60,2026-09-10T03:58:27.744922+00:00,121,2026-09-10T03:58:27.383270+00:00,false,microservices,gateway,0b4e4591543a7a957c7792d1d455558adea3d911273f7ee6fd6c5c75085959c4,tcc-microservices-experiment-gateway-1,31.98,478570086,536870912,89.13,78,60.6MB / 67.8MB,78.1MB / 246kB
60,2026-09-10T03:58:27.744922+00:00,121,2026-09-10T03:58:27.383270+00:00,false,microservices,mysql,67e2504f0a790cc0f0b87b58633df5771a9038f71c1cf6fc13b21f9a336b4fc8,tcc-microservices-experiment-mysql-1,24.26,430964736,1073741824,40.14,40,23.9MB / 58.1MB,52.5MB / 184MB
60,2026-09-10T03:58:27.744922+00:00,121,2026-09-10T03:58:27.383270+00:00,false,microservices,order,d7569b7c39d89089f9d254c8ccf563f268a8997e691d861186f93e04a5c0b899,tcc-microservices-experiment-order-1,0.02,75350671,1073741824,7.02,3,5.31MB / 4.14MB,12MB / 77.8kB
60,2026-09-10T03:58:27.744922+00:00,121,2026-09-10T03:58:27.383270+00:00,false,microservices,product,5ac9975e25dd010bc938175a0e0d0fa41bc2f21bc3ddc9d4912b9622d81914e1,tcc-microservices-experiment-product-1,83.26,83875594,1073741824,7.81,3,67.6MB / 72MB,13.6MB / 81.9kB
61,2026-09-10T03:58:28.744930+00:00,123,2026-09-10T03:58:28.384469+00:00,false,microservices,auth,9cec0b0e45f32a4137d1f72d75fa0640dd8a40cb405e77781e3e3b01aedd367b,tcc-microservices-experiment-auth-1,0.01,80666952,1073741824,7.51,3,45.7kB / 40.3kB,17.9MB / 65.5kB
61,2026-09-10T03:58:28.744930+00:00,123,2026-09-10T03:58:28.384469+00:00,false,microservices,gateway,0b4e4591543a7a957c7792d1d455558adea3d911273f7ee6fd6c5c75085959c4,tcc-microservices-experiment-gateway-1,54.87,478989517,536870912,89.22,78,61.4MB / 68.6MB,78.1MB / 246kB
61,2026-09-10T03:58:28.744930+00:00,123,2026-09-10T03:58:28.384469+00:00,false,microservices,mysql,67e2504f0a790cc0f0b87b58633df5771a9038f71c1cf6fc13b21f9a336b4fc8,tcc-microservices-experiment-mysql-1,27.68,425302426,1073741824,39.61,40,24.1MB / 58.7MB,52.5MB / 185MB
61,2026-09-10T03:58:28.744930+00:00,123,2026-09-10T03:58:28.384469+00:00,false,microservices,order,d7569b7c39d89089f9d254c8ccf563f268a8997e691d861186f93e04a5c0b899,tcc-microservices-experiment-order-1,0.02,75350671,1073741824,7.02,3,5.31MB / 4.14MB,12MB / 77.8kB
61,2026-09-10T03:58:28.744930+00:00,123,2026-09-10T03:58:28.384469+00:00,false,microservices,product,5ac9975e25dd010bc938175a0e0d0fa41bc2f21bc3ddc9d4912b9622d81914e1,tcc-microservices-experiment-product-1,85.46,84095795,1073741824,7.83,3,68.4MB / 72.9MB,13.6MB / 81.9kB
62,2026-09-10T03:58:29.744904+00:00,125,2026-09-10T03:58:29.383199+00:00,false,microservices,auth,9cec0b0e45f32a4137d1f72d75fa0640dd8a40cb405e77781e3e3b01aedd367b,tcc-microservices-experiment-auth-1,0.02,80666952,1073741824,7.51,3,45.7kB / 40.3kB,17.9MB / 65.5kB
62,2026-09-10T03:58:29.744904+00:00,125,2026-09-10T03:58:29.383199+00:00,false,microservices,gateway,0b4e4591543a7a957c7792d1d455558adea3d911273f7ee6fd6c5c75085959c4,tcc-microservices-experiment-gateway-1,49.89,477731226,536870912,88.99,78,62.1MB / 69.4MB,78.1MB / 246kB
62,2026-09-10T03:58:29.744904+00:00,125,2026-09-10T03:58:29.383199+00:00,false,microservices,mysql,67e2504f0a790cc0f0b87b58633df5771a9038f71c1cf6fc13b21f9a336b4fc8,tcc-microservices-experiment-mysql-1,23.83,426141286,1073741824,39.69,40,24.3MB / 59.3MB,52.5MB / 185MB
62,2026-09-10T03:58:29.744904+00:00,125,2026-09-10T03:58:29.383199+00:00,false,microservices,order,d7569b7c39d89089f9d254c8ccf563f268a8997e691d861186f93e04a5c0b899,tcc-microservices-experiment-order-1,0.02,75350671,1073741824,7.02,3,5.31MB / 4.14MB,12MB / 77.8kB
62,2026-09-10T03:58:29.744904+00:00,125,2026-09-10T03:58:29.383199+00:00,false,microservices,product,5ac9975e25dd010bc938175a0e0d0fa41bc2f21bc3ddc9d4912b9622d81914e1,tcc-microservices-experiment-product-1,82.8,83435192,1073741824,7.77,3,69.2MB / 73.8MB,13.6MB / 81.9kB
63,2026-09-10T03:58:30.744894+00:00,127,2026-09-10T03:58:30.384424+00:00,false,microservices,auth,9cec0b0e45f32a4137d1f72d75fa0640dd8a40cb405e77781e3e3b01aedd367b,tcc-microservices-experiment-auth-1,0.02,80666952,1073741824,7.51,3,45.7kB / 40.3kB,17.9MB / 65.5kB
63,2026-09-10T03:58:30.744894+00:00,127,2026-09-10T03:58:30.384424+00:00,false,microservices,gateway,0b4e4591543a7a957c7792d1d455558adea3d911273f7ee6fd6c5c75085959c4,tcc-microservices-experiment-gateway-1,30.93,477416653,536870912,88.93,78,62.8MB / 70.2MB,78.1MB / 246kB
63,2026-09-10T03:58:30.744894+00:00,127,2026-09-10T03:58:30.384424+00:00,false,microservices,mysql,67e2504f0a790cc0f0b87b58633df5771a9038f71c1cf6fc13b21f9a336b4fc8,tcc-microservices-experiment-mysql-1,28.82,426980147,1073741824,39.77,40,24.6MB / 59.9MB,52.5MB / 185MB
63,2026-09-10T03:58:30.744894+00:00,127,2026-09-10T03:58:30.384424+00:00,false,microservices,order,d7569b7c39d89089f9d254c8ccf563f268a8997e691d861186f93e04a5c0b899,tcc-microservices-experiment-order-1,0.02,75350671,1073741824,7.02,3,5.31MB / 4.14MB,12MB / 77.8kB
63,2026-09-10T03:58:30.744894+00:00,127,2026-09-10T03:58:30.384424+00:00,false,microservices,product,5ac9975e25dd010bc938175a0e0d0fa41bc2f21bc3ddc9d4912b9622d81914e1,tcc-microservices-experiment-product-1,83.6,83099648,1073741824,7.74,3,70MB / 74.6MB,13.6MB / 81.9kB
64,2026-09-10T03:58:31.744912+00:00,129,2026-09-10T03:58:31.383587+00:00,false,microservices,auth,9cec0b0e45f32a4137d1f72d75fa0640dd8a40cb405e77781e3e3b01aedd367b,tcc-microservices-experiment-auth-1,0.02,80666952,1073741824,7.51,3,45.7kB / 40.3kB,17.9MB / 65.5kB
64,2026-09-10T03:58:31.744912+00:00,129,2026-09-10T03:58:31.383587+00:00,false,microservices,gateway,0b4e4591543a7a957c7792d1d455558adea3d911273f7ee6fd6c5c75085959c4,tcc-microservices-experiment-gateway-1,35.72,478570086,536870912,89.14,78,63.5MB / 71MB,78.1MB / 246kB
64,2026-09-10T03:58:31.744912+00:00,129,2026-09-10T03:58:31.383587+00:00,false,microservices,mysql,67e2504f0a790cc0f0b87b58633df5771a9038f71c1cf6fc13b21f9a336b4fc8,tcc-microservices-experiment-mysql-1,22.84,425931571,1073741824,39.67,40,24.8MB / 60.5MB,52.5MB / 185MB
64,2026-09-10T03:58:31.744912+00:00,129,2026-09-10T03:58:31.383587+00:00,false,microservices,order,d7569b7c39d89089f9d254c8ccf563f268a8997e691d861186f93e04a5c0b899,tcc-microservices-experiment-order-1,0.02,75350671,1073741824,7.02,3,5.31MB / 4.14MB,12MB / 77.8kB
64,2026-09-10T03:58:31.744912+00:00,129,2026-09-10T03:58:31.383587+00:00,false,microservices,product,5ac9975e25dd010bc938175a0e0d0fa41bc2f21bc3ddc9d4912b9622d81914e1,tcc-microservices-experiment-product-1,85.02,83980452,1073741824,7.82,3,70.7MB / 75.4MB,13.6MB / 81.9kB
65,2026-09-10T03:58:32.744924+00:00,131,2026-09-10T03:58:32.388524+00:00,false,microservices,auth,9cec0b0e45f32a4137d1f72d75fa0640dd8a40cb405e77781e3e3b01aedd367b,tcc-microservices-experiment-auth-1,0.02,80666952,1073741824,7.51,3,45.7kB / 40.3kB,17.9MB / 65.5kB
65,2026-09-10T03:58:32.744924+00:00,131,2026-09-10T03:58:32.388524+00:00,false,microservices,gateway,0b4e4591543a7a957c7792d1d455558adea3d911273f7ee6fd6c5c75085959c4,tcc-microservices-experiment-gateway-1,34.31,478255514,536870912,89.09,78,64.2MB / 71.8MB,78.1MB / 246kB
65,2026-09-10T03:58:32.744924+00:00,131,2026-09-10T03:58:32.388524+00:00,false,microservices,mysql,67e2504f0a790cc0f0b87b58633df5771a9038f71c1cf6fc13b21f9a336b4fc8,tcc-microservices-experiment-mysql-1,29.25,426455859,1073741824,39.71,40,25MB / 61.2MB,52.5MB / 185MB
65,2026-09-10T03:58:32.744924+00:00,131,2026-09-10T03:58:32.388524+00:00,false,microservices,order,d7569b7c39d89089f9d254c8ccf563f268a8997e691d861186f93e04a5c0b899,tcc-microservices-experiment-order-1,0.02,75350671,1073741824,7.02,3,5.31MB / 4.14MB,12MB / 77.8kB
65,2026-09-10T03:58:32.744924+00:00,131,2026-09-10T03:58:32.388524+00:00,false,microservices,product,5ac9975e25dd010bc938175a0e0d0fa41bc2f21bc3ddc9d4912b9622d81914e1,tcc-microservices-experiment-product-1,81.76,84546683,1073741824,7.87,3,71.5MB / 76.3MB,13.6MB / 81.9kB
66,2026-09-10T03:58:33.744930+00:00,133,2026-09-10T03:58:33.383975+00:00,false,microservices,auth,9cec0b0e45f32a4137d1f72d75fa0640dd8a40cb405e77781e3e3b01aedd367b,tcc-microservices-experiment-auth-1,0.02,80666952,1073741824,7.51,3,45.7kB / 40.3kB,17.9MB / 65.5kB
66,2026-09-10T03:58:33.744930+00:00,133,2026-09-10T03:58:33.383975+00:00,false,microservices,gateway,0b4e4591543a7a957c7792d1d455558adea3d911273f7ee6fd6c5c75085959c4,tcc-microservices-experiment-gateway-1,34.04,478674944,536870912,89.16,78,64.9MB / 72.5MB,78.1MB / 246kB
66,2026-09-10T03:58:33.744930+00:00,133,2026-09-10T03:58:33.383975+00:00,false,microservices,mysql,67e2504f0a790cc0f0b87b58633df5771a9038f71c1cf6fc13b21f9a336b4fc8,tcc-microservices-experiment-mysql-1,23.61,424882995,1073741824,39.57,40,25.2MB / 61.7MB,52.5MB / 185MB
66,2026-09-10T03:58:33.744930+00:00,133,2026-09-10T03:58:33.383975+00:00,false,microservices,order,d7569b7c39d89089f9d254c8ccf563f268a8997e691d861186f93e04a5c0b899,tcc-microservices-experiment-order-1,0.02,75350671,1073741824,7.02,3,5.31MB / 4.14MB,12MB / 77.8kB
66,2026-09-10T03:58:33.744930+00:00,133,2026-09-10T03:58:33.383975+00:00,false,microservices,product,5ac9975e25dd010bc938175a0e0d0fa41bc2f21bc3ddc9d4912b9622d81914e1,tcc-microservices-experiment-product-1,82.05,83959480,1073741824,7.82,3,72.3MB / 77MB,13.6MB / 81.9kB
67,2026-09-10T03:58:34.744907+00:00,135,2026-09-10T03:58:34.385348+00:00,false,microservices,auth,9cec0b0e45f32a4137d1f72d75fa0640dd8a40cb405e77781e3e3b01aedd367b,tcc-microservices-experiment-auth-1,0.01,80666952,1073741824,7.51,3,45.7kB / 40.3kB,17.9MB / 65.5kB
67,2026-09-10T03:58:34.744907+00:00,135,2026-09-10T03:58:34.385348+00:00,false,microservices,gateway,0b4e4591543a7a957c7792d1d455558adea3d911273f7ee6fd6c5c75085959c4,tcc-microservices-experiment-gateway-1,32.43,478570086,536870912,89.15,78,65.6MB / 73.4MB,78.1MB / 262kB
67,2026-09-10T03:58:34.744907+00:00,135,2026-09-10T03:58:34.385348+00:00,false,microservices,mysql,67e2504f0a790cc0f0b87b58633df5771a9038f71c1cf6fc13b21f9a336b4fc8,tcc-microservices-experiment-mysql-1,28.76,425826714,1073741824,39.66,40,25.5MB / 62.4MB,52.5MB / 185MB
67,2026-09-10T03:58:34.744907+00:00,135,2026-09-10T03:58:34.385348+00:00,false,microservices,order,d7569b7c39d89089f9d254c8ccf563f268a8997e691d861186f93e04a5c0b899,tcc-microservices-experiment-order-1,0.02,75350671,1073741824,7.02,3,5.31MB / 4.14MB,12MB / 77.8kB
67,2026-09-10T03:58:34.744907+00:00,135,2026-09-10T03:58:34.385348+00:00,false,microservices,product,5ac9975e25dd010bc938175a0e0d0fa41bc2f21bc3ddc9d4912b9622d81914e1,tcc-microservices-experiment-product-1,82.06,83676365,1073741824,7.79,3,73.1MB / 77.9MB,13.6MB / 81.9kB
68,2026-09-10T03:58:35.744911+00:00,137,2026-09-10T03:58:35.383198+00:00,false,microservices,auth,9cec0b0e45f32a4137d1f72d75fa0640dd8a40cb405e77781e3e3b01aedd367b,tcc-microservices-experiment-auth-1,0.01,80666952,1073741824,7.51,3,45.7kB / 40.3kB,17.9MB / 65.5kB
68,2026-09-10T03:58:35.744911+00:00,137,2026-09-10T03:58:35.383198+00:00,false,microservices,gateway,0b4e4591543a7a957c7792d1d455558adea3d911273f7ee6fd6c5c75085959c4,tcc-microservices-experiment-gateway-1,33.88,478465229,536870912,89.13,78,66.3MB / 74.2MB,78.1MB / 262kB
68,2026-09-10T03:58:35.744911+00:00,137,2026-09-10T03:58:35.383198+00:00,false,microservices,mysql,67e2504f0a790cc0f0b87b58633df5771a9038f71c1cf6fc13b21f9a336b4fc8,tcc-microservices-experiment-mysql-1,24.31,425826714,1073741824,39.66,40,25.7MB / 63MB,52.5MB / 185MB
68,2026-09-10T03:58:35.744911+00:00,137,2026-09-10T03:58:35.383198+00:00,false,microservices,order,d7569b7c39d89089f9d254c8ccf563f268a8997e691d861186f93e04a5c0b899,tcc-microservices-experiment-order-1,0.02,75350671,1073741824,7.02,3,5.31MB / 4.14MB,12MB / 77.8kB
68,2026-09-10T03:58:35.744911+00:00,137,2026-09-10T03:58:35.383198+00:00,false,microservices,product,5ac9975e25dd010bc938175a0e0d0fa41bc2f21bc3ddc9d4912b9622d81914e1,tcc-microservices-experiment-product-1,82.35,83886080,1073741824,7.81,3,73.9MB / 78.8MB,13.6MB / 81.9kB
69,2026-09-10T03:58:36.744912+00:00,139,2026-09-10T03:58:36.384222+00:00,false,microservices,auth,9cec0b0e45f32a4137d1f72d75fa0640dd8a40cb405e77781e3e3b01aedd367b,tcc-microservices-experiment-auth-1,0.02,80666952,1073741824,7.51,3,45.7kB / 40.3kB,17.9MB / 65.5kB
69,2026-09-10T03:58:36.744912+00:00,139,2026-09-10T03:58:36.384222+00:00,false,microservices,gateway,0b4e4591543a7a957c7792d1d455558adea3d911273f7ee6fd6c5c75085959c4,tcc-microservices-experiment-gateway-1,32.29,478674944,536870912,89.16,78,67.1MB / 75MB,78.1MB / 262kB
69,2026-09-10T03:58:36.744912+00:00,139,2026-09-10T03:58:36.384222+00:00,false,microservices,mysql,67e2504f0a790cc0f0b87b58633df5771a9038f71c1cf6fc13b21f9a336b4fc8,tcc-microservices-experiment-mysql-1,29.0,425302426,1073741824,39.61,40,25.9MB / 63.6MB,52.5MB / 185MB
69,2026-09-10T03:58:36.744912+00:00,139,2026-09-10T03:58:36.384222+00:00,false,microservices,order,d7569b7c39d89089f9d254c8ccf563f268a8997e691d861186f93e04a5c0b899,tcc-microservices-experiment-order-1,0.02,75350671,1073741824,7.02,3,5.31MB / 4.14MB,12MB / 77.8kB
69,2026-09-10T03:58:36.744912+00:00,139,2026-09-10T03:58:36.384222+00:00,false,microservices,product,5ac9975e25dd010bc938175a0e0d0fa41bc2f21bc3ddc9d4912b9622d81914e1,tcc-microservices-experiment-product-1,82.1,84053852,1073741824,7.83,3,74.7MB / 79.7MB,13.6MB / 81.9kB
70,2026-09-10T03:58:37.744907+00:00,141,2026-09-10T03:58:37.384092+00:00,false,microservices,auth,9cec0b0e45f32a4137d1f72d75fa0640dd8a40cb405e77781e3e3b01aedd367b,tcc-microservices-experiment-auth-1,0.02,80666952,1073741824,7.51,3,45.7kB / 40.3kB,17.9MB / 65.5kB
70,2026-09-10T03:58:37.744907+00:00,141,2026-09-10T03:58:37.384092+00:00,false,microservices,gateway,0b4e4591543a7a957c7792d1d455558adea3d911273f7ee6fd6c5c75085959c4,tcc-microservices-experiment-gateway-1,105.97,478989517,536870912,89.21,78,67.7MB / 75.8MB,78.1MB / 262kB
70,2026-09-10T03:58:37.744907+00:00,141,2026-09-10T03:58:37.384092+00:00,false,microservices,mysql,67e2504f0a790cc0f0b87b58633df5771a9038f71c1cf6fc13b21f9a336b4fc8,tcc-microservices-experiment-mysql-1,23.97,425512141,1073741824,39.63,40,26.1MB / 64.2MB,52.5MB / 185MB
70,2026-09-10T03:58:37.744907+00:00,141,2026-09-10T03:58:37.384092+00:00,false,microservices,order,d7569b7c39d89089f9d254c8ccf563f268a8997e691d861186f93e04a5c0b899,tcc-microservices-experiment-order-1,0.02,75350671,1073741824,7.02,3,5.31MB / 4.14MB,12MB / 77.8kB
70,2026-09-10T03:58:37.744907+00:00,141,2026-09-10T03:58:37.384092+00:00,false,microservices,product,5ac9975e25dd010bc938175a0e0d0fa41bc2f21bc3ddc9d4912b9622d81914e1,tcc-microservices-experiment-product-1,82.99,84431340,1073741824,7.86,3,75.4MB / 80.4MB,13.6MB / 81.9kB
71,2026-09-10T03:58:38.744929+00:00,143,2026-09-10T03:58:38.384279+00:00,false,microservices,auth,9cec0b0e45f32a4137d1f72d75fa0640dd8a40cb405e77781e3e3b01aedd367b,tcc-microservices-experiment-auth-1,0.02,80666952,1073741824,7.51,3,45.7kB / 40.3kB,17.9MB / 65.5kB
71,2026-09-10T03:58:38.744929+00:00,143,2026-09-10T03:58:38.384279+00:00,false,microservices,gateway,0b4e4591543a7a957c7792d1d455558adea3d911273f7ee6fd6c5c75085959c4,tcc-microservices-experiment-gateway-1,32.2,478779802,536870912,89.18,78,68.4MB / 76.5MB,78.1MB / 262kB
71,2026-09-10T03:58:38.744929+00:00,143,2026-09-10T03:58:38.384279+00:00,false,microservices,mysql,67e2504f0a790cc0f0b87b58633df5771a9038f71c1cf6fc13b21f9a336b4fc8,tcc-microservices-experiment-mysql-1,28.53,425407283,1073741824,39.62,40,26.4MB / 64.8MB,52.5MB / 185MB
71,2026-09-10T03:58:38.744929+00:00,143,2026-09-10T03:58:38.384279+00:00,false,microservices,order,d7569b7c39d89089f9d254c8ccf563f268a8997e691d861186f93e04a5c0b899,tcc-microservices-experiment-order-1,0.02,75350671,1073741824,7.02,3,5.31MB / 4.14MB,12MB / 77.8kB
71,2026-09-10T03:58:38.744929+00:00,143,2026-09-10T03:58:38.384279+00:00,false,microservices,product,5ac9975e25dd010bc938175a0e0d0fa41bc2f21bc3ddc9d4912b9622d81914e1,tcc-microservices-experiment-product-1,83.01,83561021,1073741824,7.78,3,76.2MB / 81.3MB,13.6MB / 1.34MB
72,2026-09-10T03:58:39.744909+00:00,145,2026-09-10T03:58:39.383357+00:00,false,microservices,auth,9cec0b0e45f32a4137d1f72d75fa0640dd8a40cb405e77781e3e3b01aedd367b,tcc-microservices-experiment-auth-1,0.02,80666952,1073741824,7.51,3,45.7kB / 40.3kB,17.9MB / 65.5kB
72,2026-09-10T03:58:39.744909+00:00,145,2026-09-10T03:58:39.383357+00:00,false,microservices,gateway,0b4e4591543a7a957c7792d1d455558adea3d911273f7ee6fd6c5c75085959c4,tcc-microservices-experiment-gateway-1,32.39,478360371,536870912,89.09,78,69.2MB / 77.4MB,78.1MB / 262kB
72,2026-09-10T03:58:39.744909+00:00,145,2026-09-10T03:58:39.383357+00:00,false,microservices,mysql,67e2504f0a790cc0f0b87b58633df5771a9038f71c1cf6fc13b21f9a336b4fc8,tcc-microservices-experiment-mysql-1,25.37,425197568,1073741824,39.6,40,26.6MB / 65.4MB,52.5MB / 185MB
72,2026-09-10T03:58:39.744909+00:00,145,2026-09-10T03:58:39.383357+00:00,false,microservices,order,d7569b7c39d89089f9d254c8ccf563f268a8997e691d861186f93e04a5c0b899,tcc-microservices-experiment-order-1,0.02,75350671,1073741824,7.02,3,5.31MB / 4.14MB,12MB / 77.8kB
72,2026-09-10T03:58:39.744909+00:00,145,2026-09-10T03:58:39.383357+00:00,false,microservices,product,5ac9975e25dd010bc938175a0e0d0fa41bc2f21bc3ddc9d4912b9622d81914e1,tcc-microservices-experiment-product-1,81.48,83655393,1073741824,7.79,3,77MB / 82.1MB,13.6MB / 1.34MB
73,2026-09-10T03:58:40.744904+00:00,147,2026-09-10T03:58:40.384222+00:00,false,microservices,auth,9cec0b0e45f32a4137d1f72d75fa0640dd8a40cb405e77781e3e3b01aedd367b,tcc-microservices-experiment-auth-1,0.02,80666952,1073741824,7.51,3,45.7kB / 40.3kB,17.9MB / 65.5kB
73,2026-09-10T03:58:40.744904+00:00,147,2026-09-10T03:58:40.384222+00:00,false,microservices,gateway,0b4e4591543a7a957c7792d1d455558adea3d911273f7ee6fd6c5c75085959c4,tcc-microservices-experiment-gateway-1,32.32,478779802,536870912,89.18,78,69.9MB / 78.2MB,78.1MB / 262kB
73,2026-09-10T03:58:40.744904+00:00,147,2026-09-10T03:58:40.384222+00:00,false,microservices,mysql,67e2504f0a790cc0f0b87b58633df5771a9038f71c1cf6fc13b21f9a336b4fc8,tcc-microservices-experiment-mysql-1,28.95,425826714,1073741824,39.66,40,26.8MB / 66.1MB,52.5MB / 185MB
73,2026-09-10T03:58:40.744904+00:00,147,2026-09-10T03:58:40.384222+00:00,false,microservices,order,d7569b7c39d89089f9d254c8ccf563f268a8997e691d861186f93e04a5c0b899,tcc-microservices-experiment-order-1,0.02,75350671,1073741824,7.02,3,5.31MB / 4.14MB,12MB / 77.8kB
73,2026-09-10T03:58:40.744904+00:00,147,2026-09-10T03:58:40.384222+00:00,false,microservices,product,5ac9975e25dd010bc938175a0e0d0fa41bc2f21bc3ddc9d4912b9622d81914e1,tcc-microservices-experiment-product-1,82.49,84190167,1073741824,7.84,3,77.8MB / 83MB,13.6MB / 1.34MB
74,2026-09-10T03:58:41.744897+00:00,149,2026-09-10T03:58:41.384343+00:00,false,microservices,auth,9cec0b0e45f32a4137d1f72d75fa0640dd8a40cb405e77781e3e3b01aedd367b,tcc-microservices-experiment-auth-1,0.02,80666952,1073741824,7.51,3,45.7kB / 40.3kB,17.9MB / 65.5kB
74,2026-09-10T03:58:41.744897+00:00,149,2026-09-10T03:58:41.384343+00:00,false,microservices,gateway,0b4e4591543a7a957c7792d1d455558adea3d911273f7ee6fd6c5c75085959c4,tcc-microservices-experiment-gateway-1,35.26,479408947,536870912,89.29,78,70.6MB / 79MB,78.1MB / 262kB
74,2026-09-10T03:58:41.744897+00:00,149,2026-09-10T03:58:41.384343+00:00,false,microservices,mysql,67e2504f0a790cc0f0b87b58633df5771a9038f71c1cf6fc13b21f9a336b4fc8,tcc-microservices-experiment-mysql-1,24.71,426141286,1073741824,39.68,40,27.1MB / 66.7MB,52.5MB / 185MB
74,2026-09-10T03:58:41.744897+00:00,149,2026-09-10T03:58:41.384343+00:00,false,microservices,order,d7569b7c39d89089f9d254c8ccf563f268a8997e691d861186f93e04a5c0b899,tcc-microservices-experiment-order-1,0.02,75350671,1073741824,7.02,3,5.31MB / 4.14MB,12MB / 77.8kB
74,2026-09-10T03:58:41.744897+00:00,149,2026-09-10T03:58:41.384343+00:00,false,microservices,product,5ac9975e25dd010bc938175a0e0d0fa41bc2f21bc3ddc9d4912b9622d81914e1,tcc-microservices-experiment-product-1,82.73,83896566,1073741824,7.81,3,78.7MB / 83.9MB,13.6MB / 1.34MB
75,2026-09-10T03:58:42.744924+00:00,151,2026-09-10T03:58:42.386001+00:00,false,microservices,auth,9cec0b0e45f32a4137d1f72d75fa0640dd8a40cb405e77781e3e3b01aedd367b,tcc-microservices-experiment-auth-1,0.02,80666952,1073741824,7.51,3,45.7kB / 40.3kB,17.9MB / 65.5kB
75,2026-09-10T03:58:42.744924+00:00,151,2026-09-10T03:58:42.386001+00:00,false,microservices,gateway,0b4e4591543a7a957c7792d1d455558adea3d911273f7ee6fd6c5c75085959c4,tcc-microservices-experiment-gateway-1,31.24,478989517,536870912,89.22,78,71.4MB / 79.8MB,78.1MB / 262kB
75,2026-09-10T03:58:42.744924+00:00,151,2026-09-10T03:58:42.386001+00:00,false,microservices,mysql,67e2504f0a790cc0f0b87b58633df5771a9038f71c1cf6fc13b21f9a336b4fc8,tcc-microservices-experiment-mysql-1,28.68,425721856,1073741824,39.64,40,27.3MB / 67.4MB,52.5MB / 185MB
75,2026-09-10T03:58:42.744924+00:00,151,2026-09-10T03:58:42.386001+00:00,false,microservices,order,d7569b7c39d89089f9d254c8ccf563f268a8997e691d861186f93e04a5c0b899,tcc-microservices-experiment-order-1,0.02,75350671,1073741824,7.02,3,5.31MB / 4.14MB,12MB / 77.8kB
75,2026-09-10T03:58:42.744924+00:00,151,2026-09-10T03:58:42.386001+00:00,false,microservices,product,5ac9975e25dd010bc938175a0e0d0fa41bc2f21bc3ddc9d4912b9622d81914e1,tcc-microservices-experiment-product-1,82.7,84557169,1073741824,7.88,3,79.5MB / 84.7MB,13.6MB / 1.34MB
76,2026-09-10T03:58:43.744899+00:00,153,2026-09-10T03:58:43.384257+00:00,false,microservices,auth,9cec0b0e45f32a4137d1f72d75fa0640dd8a40cb405e77781e3e3b01aedd367b,tcc-microservices-experiment-auth-1,0.02,80666952,1073741824,7.51,3,45.7kB / 40.3kB,17.9MB / 65.5kB
76,2026-09-10T03:58:43.744899+00:00,153,2026-09-10T03:58:43.384257+00:00,false,microservices,gateway,0b4e4591543a7a957c7792d1d455558adea3d911273f7ee6fd6c5c75085959c4,tcc-microservices-experiment-gateway-1,31.51,478989517,536870912,89.21,78,72.1MB / 80.6MB,78.1MB / 262kB
76,2026-09-10T03:58:43.744899+00:00,153,2026-09-10T03:58:43.384257+00:00,false,microservices,mysql,67e2504f0a790cc0f0b87b58633df5771a9038f71c1cf6fc13b21f9a336b4fc8,tcc-microservices-experiment-mysql-1,24.45,425826714,1073741824,39.66,40,27.5MB / 68MB,52.5MB / 185MB
76,2026-09-10T03:58:43.744899+00:00,153,2026-09-10T03:58:43.384257+00:00,false,microservices,order,d7569b7c39d89089f9d254c8ccf563f268a8997e691d861186f93e04a5c0b899,tcc-microservices-experiment-order-1,0.01,75350671,1073741824,7.02,3,5.31MB / 4.14MB,12MB / 77.8kB
76,2026-09-10T03:58:43.744899+00:00,153,2026-09-10T03:58:43.384257+00:00,false,microservices,product,5ac9975e25dd010bc938175a0e0d0fa41bc2f21bc3ddc9d4912b9622d81914e1,tcc-microservices-experiment-product-1,81.01,84515226,1073741824,7.87,3,80.3MB / 85.6MB,13.6MB / 1.34MB
77,2026-09-10T03:58:44.744914+00:00,155,2026-09-10T03:58:44.385340+00:00,false,microservices,auth,9cec0b0e45f32a4137d1f72d75fa0640dd8a40cb405e77781e3e3b01aedd367b,tcc-microservices-experiment-auth-1,0.02,80666952,1073741824,7.51,3,45.7kB / 40.3kB,17.9MB / 65.5kB
77,2026-09-10T03:58:44.744914+00:00,155,2026-09-10T03:58:44.385340+00:00,false,microservices,gateway,0b4e4591543a7a957c7792d1d455558adea3d911273f7ee6fd6c5c75085959c4,tcc-microservices-experiment-gateway-1,31.2,479513805,536870912,89.31,78,72.9MB / 81.5MB,78.1MB / 262kB
77,2026-09-10T03:58:44.744914+00:00,155,2026-09-10T03:58:44.385340+00:00,false,microservices,mysql,67e2504f0a790cc0f0b87b58633df5771a9038f71c1cf6fc13b21f9a336b4fc8,tcc-microservices-experiment-mysql-1,28.55,426665574,1073741824,39.74,40,27.8MB / 68.6MB,52.5MB / 185MB
77,2026-09-10T03:58:44.744914+00:00,155,2026-09-10T03:58:44.385340+00:00,false,microservices,order,d7569b7c39d89089f9d254c8ccf563f268a8997e691d861186f93e04a5c0b899,tcc-microservices-experiment-order-1,0.02,75350671,1073741824,7.02,3,5.31MB / 4.14MB,12MB / 77.8kB
77,2026-09-10T03:58:44.744914+00:00,155,2026-09-10T03:58:44.385340+00:00,false,microservices,product,5ac9975e25dd010bc938175a0e0d0fa41bc2f21bc3ddc9d4912b9622d81914e1,tcc-microservices-experiment-product-1,81.57,83477135,1073741824,7.77,3,81.1MB / 86.5MB,13.6MB / 1.34MB
78,2026-09-10T03:58:45.744909+00:00,157,2026-09-10T03:58:45.384575+00:00,false,microservices,auth,9cec0b0e45f32a4137d1f72d75fa0640dd8a40cb405e77781e3e3b01aedd367b,tcc-microservices-experiment-auth-1,0.02,80666952,1073741824,7.51,3,45.7kB / 40.3kB,17.9MB / 65.5kB
78,2026-09-10T03:58:45.744909+00:00,157,2026-09-10T03:58:45.384575+00:00,false,microservices,gateway,0b4e4591543a7a957c7792d1d455558adea3d911273f7ee6fd6c5c75085959c4,tcc-microservices-experiment-gateway-1,54.61,480562381,536870912,89.51,78,73.6MB / 82.3MB,78.1MB / 262kB
78,2026-09-10T03:58:45.744909+00:00,157,2026-09-10T03:58:45.384575+00:00,false,microservices,mysql,67e2504f0a790cc0f0b87b58633df5771a9038f71c1cf6fc13b21f9a336b4fc8,tcc-microservices-experiment-mysql-1,23.45,425302426,1073741824,39.61,40,28MB / 69.3MB,52.5MB / 185MB
78,2026-09-10T03:58:45.744909+00:00,157,2026-09-10T03:58:45.384575+00:00,false,microservices,order,d7569b7c39d89089f9d254c8ccf563f268a8997e691d861186f93e04a5c0b899,tcc-microservices-experiment-order-1,0.02,75350671,1073741824,7.02,3,5.31MB / 4.14MB,12MB / 77.8kB
78,2026-09-10T03:58:45.744909+00:00,157,2026-09-10T03:58:45.384575+00:00,false,microservices,product,5ac9975e25dd010bc938175a0e0d0fa41bc2f21bc3ddc9d4912b9622d81914e1,tcc-microservices-experiment-product-1,82.71,83980452,1073741824,7.82,3,81.9MB / 87.4MB,13.6MB / 1.34MB
79,2026-09-10T03:58:46.744920+00:00,159,2026-09-10T03:58:46.384454+00:00,false,microservices,auth,9cec0b0e45f32a4137d1f72d75fa0640dd8a40cb405e77781e3e3b01aedd367b,tcc-microservices-experiment-auth-1,0.01,80666952,1073741824,7.51,3,45.7kB / 40.3kB,17.9MB / 65.5kB
79,2026-09-10T03:58:46.744920+00:00,159,2026-09-10T03:58:46.384454+00:00,false,microservices,gateway,0b4e4591543a7a957c7792d1d455558adea3d911273f7ee6fd6c5c75085959c4,tcc-microservices-experiment-gateway-1,31.34,480562381,536870912,89.51,78,74.3MB / 83.1MB,78.1MB / 262kB
79,2026-09-10T03:58:46.744920+00:00,159,2026-09-10T03:58:46.384454+00:00,false,microservices,mysql,67e2504f0a790cc0f0b87b58633df5771a9038f71c1cf6fc13b21f9a336b4fc8,tcc-microservices-experiment-mysql-1,28.3,426036429,1073741824,39.68,40,28.3MB / 69.9MB,52.5MB / 185MB
79,2026-09-10T03:58:46.744920+00:00,159,2026-09-10T03:58:46.384454+00:00,false,microservices,order,d7569b7c39d89089f9d254c8ccf563f268a8997e691d861186f93e04a5c0b899,tcc-microservices-experiment-order-1,0.02,75350671,1073741824,7.02,3,5.31MB / 4.14MB,12MB / 77.8kB
79,2026-09-10T03:58:46.744920+00:00,159,2026-09-10T03:58:46.384454+00:00,false,microservices,product,5ac9975e25dd010bc938175a0e0d0fa41bc2f21bc3ddc9d4912b9622d81914e1,tcc-microservices-experiment-product-1,82.2,83634422,1073741824,7.79,3,82.8MB / 88.3MB,13.6MB / 1.34MB
80,2026-09-10T03:58:47.744908+00:00,161,2026-09-10T03:58:47.384537+00:00,false,microservices,auth,9cec0b0e45f32a4137d1f72d75fa0640dd8a40cb405e77781e3e3b01aedd367b,tcc-microservices-experiment-auth-1,0.02,80666952,1073741824,7.51,3,45.7kB / 40.3kB,17.9MB / 65.5kB
80,2026-09-10T03:58:47.744908+00:00,161,2026-09-10T03:58:47.384537+00:00,false,microservices,gateway,0b4e4591543a7a957c7792d1d455558adea3d911273f7ee6fd6c5c75085959c4,tcc-microservices-experiment-gateway-1,36.27,489160704,536870912,91.11,78,75.1MB / 84MB,78.1MB / 262kB
80,2026-09-10T03:58:47.744908+00:00,161,2026-09-10T03:58:47.384537+00:00,false,microservices,mysql,67e2504f0a790cc0f0b87b58633df5771a9038f71c1cf6fc13b21f9a336b4fc8,tcc-microservices-experiment-mysql-1,26.14,425616998,1073741824,39.64,40,28.5MB / 70.6MB,52.5MB / 185MB
80,2026-09-10T03:58:47.744908+00:00,161,2026-09-10T03:58:47.384537+00:00,false,microservices,order,d7569b7c39d89089f9d254c8ccf563f268a8997e691d861186f93e04a5c0b899,tcc-microservices-experiment-order-1,0.02,75350671,1073741824,7.02,3,5.31MB / 4.14MB,12MB / 77.8kB
80,2026-09-10T03:58:47.744908+00:00,161,2026-09-10T03:58:47.384537+00:00,false,microservices,product,5ac9975e25dd010bc938175a0e0d0fa41bc2f21bc3ddc9d4912b9622d81914e1,tcc-microservices-experiment-product-1,80.31,83277906,1073741824,7.76,3,83.6MB / 89.2MB,13.6MB / 1.34MB
81,2026-09-10T03:58:48.744925+00:00,163,2026-09-10T03:58:48.384344+00:00,false,microservices,auth,9cec0b0e45f32a4137d1f72d75fa0640dd8a40cb405e77781e3e3b01aedd367b,tcc-microservices-experiment-auth-1,0.02,80666952,1073741824,7.51,3,45.7kB / 40.3kB,17.9MB / 65.5kB
81,2026-09-10T03:58:48.744925+00:00,163,2026-09-10T03:58:48.384344+00:00,false,microservices,gateway,0b4e4591543a7a957c7792d1d455558adea3d911273f7ee6fd6c5c75085959c4,tcc-microservices-experiment-gateway-1,30.64,487902413,536870912,90.89,78,75.8MB / 84.8MB,78.1MB / 262kB
81,2026-09-10T03:58:48.744925+00:00,163,2026-09-10T03:58:48.384344+00:00,false,microservices,mysql,67e2504f0a790cc0f0b87b58633df5771a9038f71c1cf6fc13b21f9a336b4fc8,tcc-microservices-experiment-mysql-1,28.91,426665574,1073741824,39.73,40,28.7MB / 71.2MB,52.5MB / 185MB
81,2026-09-10T03:58:48.744925+00:00,163,2026-09-10T03:58:48.384344+00:00,false,microservices,order,d7569b7c39d89089f9d254c8ccf563f268a8997e691d861186f93e04a5c0b899,tcc-microservices-experiment-order-1,0.02,75350671,1073741824,7.02,3,5.31MB / 4.14MB,12MB / 77.8kB
81,2026-09-10T03:58:48.744925+00:00,163,2026-09-10T03:58:48.384344+00:00,false,microservices,product,5ac9975e25dd010bc938175a0e0d0fa41bc2f21bc3ddc9d4912b9622d81914e1,tcc-microservices-experiment-product-1,81.63,84861256,1073741824,7.9,3,84.4MB / 90MB,13.6MB / 1.34MB
82,2026-09-10T03:58:49.744890+00:00,165,2026-09-10T03:58:49.384241+00:00,false,microservices,auth,9cec0b0e45f32a4137d1f72d75fa0640dd8a40cb405e77781e3e3b01aedd367b,tcc-microservices-experiment-auth-1,0.01,80666952,1073741824,7.51,3,45.7kB / 40.3kB,17.9MB / 65.5kB
82,2026-09-10T03:58:49.744890+00:00,165,2026-09-10T03:58:49.384241+00:00,false,microservices,gateway,0b4e4591543a7a957c7792d1d455558adea3d911273f7ee6fd6c5c75085959c4,tcc-microservices-experiment-gateway-1,31.18,488950989,536870912,91.08,78,76.5MB / 85.6MB,78.1MB / 262kB
82,2026-09-10T03:58:49.744890+00:00,165,2026-09-10T03:58:49.384241+00:00,false,microservices,mysql,67e2504f0a790cc0f0b87b58633df5771a9038f71c1cf6fc13b21f9a336b4fc8,tcc-microservices-experiment-mysql-1,25.17,425721856,1073741824,39.65,40,29MB / 71.8MB,52.5MB / 185MB
82,2026-09-10T03:58:49.744890+00:00,165,2026-09-10T03:58:49.384241+00:00,false,microservices,order,d7569b7c39d89089f9d254c8ccf563f268a8997e691d861186f93e04a5c0b899,tcc-microservices-experiment-order-1,0.02,75350671,1073741824,7.02,3,5.31MB / 4.14MB,12MB / 77.8kB
82,2026-09-10T03:58:49.744890+00:00,165,2026-09-10T03:58:49.384241+00:00,false,microservices,product,5ac9975e25dd010bc938175a0e0d0fa41bc2f21bc3ddc9d4912b9622d81914e1,tcc-microservices-experiment-product-1,81.5,84882227,1073741824,7.91,3,85.2MB / 90.9MB,13.6MB / 1.34MB
83,2026-09-10T03:58:50.744920+00:00,167,2026-09-10T03:58:50.384824+00:00,false,microservices,auth,9cec0b0e45f32a4137d1f72d75fa0640dd8a40cb405e77781e3e3b01aedd367b,tcc-microservices-experiment-auth-1,0.01,80666952,1073741824,7.51,3,45.7kB / 40.3kB,17.9MB / 65.5kB
83,2026-09-10T03:58:50.744920+00:00,167,2026-09-10T03:58:50.384824+00:00,false,microservices,gateway,0b4e4591543a7a957c7792d1d455558adea3d911273f7ee6fd6c5c75085959c4,tcc-microservices-experiment-gateway-1,32.06,488426701,536870912,90.98,78,77.3MB / 86.4MB,78.1MB / 274kB
83,2026-09-10T03:58:50.744920+00:00,167,2026-09-10T03:58:50.384824+00:00,false,microservices,mysql,67e2504f0a790cc0f0b87b58633df5771a9038f71c1cf6fc13b21f9a336b4fc8,tcc-microservices-experiment-mysql-1,25.34,430545306,1073741824,40.1,46,29.2MB / 72.5MB,52.5MB / 185MB
83,2026-09-10T03:58:50.744920+00:00,167,2026-09-10T03:58:50.384824+00:00,false,microservices,order,d7569b7c39d89089f9d254c8ccf563f268a8997e691d861186f93e04a5c0b899,tcc-microservices-experiment-order-1,0.02,75350671,1073741824,7.02,3,5.31MB / 4.14MB,12MB / 77.8kB
83,2026-09-10T03:58:50.744920+00:00,167,2026-09-10T03:58:50.384824+00:00,false,microservices,product,5ac9975e25dd010bc938175a0e0d0fa41bc2f21bc3ddc9d4912b9622d81914e1,tcc-microservices-experiment-product-1,82.65,85008056,1073741824,7.92,3,86MB / 91.7MB,13.6MB / 1.34MB
84,2026-09-10T03:58:51.744898+00:00,169,2026-09-10T03:58:51.384422+00:00,false,microservices,auth,9cec0b0e45f32a4137d1f72d75fa0640dd8a40cb405e77781e3e3b01aedd367b,tcc-microservices-experiment-auth-1,0.01,80666952,1073741824,7.51,3,45.7kB / 40.3kB,17.9MB / 65.5kB
84,2026-09-10T03:58:51.744898+00:00,169,2026-09-10T03:58:51.384422+00:00,false,microservices,gateway,0b4e4591543a7a957c7792d1d455558adea3d911273f7ee6fd6c5c75085959c4,tcc-microservices-experiment-gateway-1,31.32,488426701,536870912,90.97,78,78MB / 87.3MB,78.1MB / 274kB
84,2026-09-10T03:58:51.744898+00:00,169,2026-09-10T03:58:51.384422+00:00,false,microservices,mysql,67e2504f0a790cc0f0b87b58633df5771a9038f71c1cf6fc13b21f9a336b4fc8,tcc-microservices-experiment-mysql-1,27.3,425512141,1073741824,39.62,40,29.4MB / 73.1MB,52.5MB / 185MB
84,2026-09-10T03:58:51.744898+00:00,169,2026-09-10T03:58:51.384422+00:00,false,microservices,order,d7569b7c39d89089f9d254c8ccf563f268a8997e691d861186f93e04a5c0b899,tcc-microservices-experiment-order-1,0.02,75350671,1073741824,7.02,3,5.31MB / 4.14MB,12MB / 77.8kB
84,2026-09-10T03:58:51.744898+00:00,169,2026-09-10T03:58:51.384422+00:00,false,microservices,product,5ac9975e25dd010bc938175a0e0d0fa41bc2f21bc3ddc9d4912b9622d81914e1,tcc-microservices-experiment-product-1,81.35,83990938,1073741824,7.82,3,86.8MB / 92.6MB,13.6MB / 1.34MB
85,2026-09-10T03:58:52.744933+00:00,171,2026-09-10T03:58:52.384503+00:00,false,microservices,auth,9cec0b0e45f32a4137d1f72d75fa0640dd8a40cb405e77781e3e3b01aedd367b,tcc-microservices-experiment-auth-1,0.02,80666952,1073741824,7.51,3,45.7kB / 40.3kB,17.9MB / 65.5kB
85,2026-09-10T03:58:52.744933+00:00,171,2026-09-10T03:58:52.384503+00:00,false,microservices,gateway,0b4e4591543a7a957c7792d1d455558adea3d911273f7ee6fd6c5c75085959c4,tcc-microservices-experiment-gateway-1,30.62,488426701,536870912,90.97,78,78.8MB / 88.1MB,78.1MB / 274kB
85,2026-09-10T03:58:52.744933+00:00,171,2026-09-10T03:58:52.384503+00:00,false,microservices,mysql,67e2504f0a790cc0f0b87b58633df5771a9038f71c1cf6fc13b21f9a336b4fc8,tcc-microservices-experiment-mysql-1,24.84,425197568,1073741824,39.6,40,29.7MB / 73.7MB,52.5MB / 185MB
85,2026-09-10T03:58:52.744933+00:00,171,2026-09-10T03:58:52.384503+00:00,false,microservices,order,d7569b7c39d89089f9d254c8ccf563f268a8997e691d861186f93e04a5c0b899,tcc-microservices-experiment-order-1,0.02,75350671,1073741824,7.02,3,5.31MB / 4.14MB,12MB / 77.8kB
85,2026-09-10T03:58:52.744933+00:00,171,2026-09-10T03:58:52.384503+00:00,false,microservices,product,5ac9975e25dd010bc938175a0e0d0fa41bc2f21bc3ddc9d4912b9622d81914e1,tcc-microservices-experiment-product-1,81.37,83875594,1073741824,7.81,3,87.7MB / 93.5MB,13.6MB / 1.34MB
86,2026-09-10T03:58:53.744903+00:00,173,2026-09-10T03:58:53.384299+00:00,false,microservices,auth,9cec0b0e45f32a4137d1f72d75fa0640dd8a40cb405e77781e3e3b01aedd367b,tcc-microservices-experiment-auth-1,0.02,80666952,1073741824,7.51,3,45.7kB / 40.3kB,17.9MB / 65.5kB
86,2026-09-10T03:58:53.744903+00:00,173,2026-09-10T03:58:53.384299+00:00,false,microservices,gateway,0b4e4591543a7a957c7792d1d455558adea3d911273f7ee6fd6c5c75085959c4,tcc-microservices-experiment-gateway-1,54.43,488846131,536870912,91.05,78,79.5MB / 88.9MB,78.1MB / 274kB
86,2026-09-10T03:58:53.744903+00:00,173,2026-09-10T03:58:53.384299+00:00,false,microservices,mysql,67e2504f0a790cc0f0b87b58633df5771a9038f71c1cf6fc13b21f9a336b4fc8,tcc-microservices-experiment-mysql-1,28.83,426246144,1073741824,39.7,40,29.9MB / 74.4MB,52.5MB / 185MB
86,2026-09-10T03:58:53.744903+00:00,173,2026-09-10T03:58:53.384299+00:00,false,microservices,order,d7569b7c39d89089f9d254c8ccf563f268a8997e691d861186f93e04a5c0b899,tcc-microservices-experiment-order-1,0.02,75350671,1073741824,7.02,3,5.31MB / 4.14MB,12MB / 77.8kB
86,2026-09-10T03:58:53.744903+00:00,173,2026-09-10T03:58:53.384299+00:00,false,microservices,product,5ac9975e25dd010bc938175a0e0d0fa41bc2f21bc3ddc9d4912b9622d81914e1,tcc-microservices-experiment-product-1,82.22,84420854,1073741824,7.86,3,88.5MB / 94.4MB,13.6MB / 1.34MB
87,2026-09-10T03:58:54.744906+00:00,175,2026-09-10T03:58:54.384362+00:00,false,microservices,auth,9cec0b0e45f32a4137d1f72d75fa0640dd8a40cb405e77781e3e3b01aedd367b,tcc-microservices-experiment-auth-1,0.02,80666952,1073741824,7.51,3,45.7kB / 40.3kB,17.9MB / 65.5kB
87,2026-09-10T03:58:54.744906+00:00,175,2026-09-10T03:58:54.384362+00:00,false,microservices,gateway,0b4e4591543a7a957c7792d1d455558adea3d911273f7ee6fd6c5c75085959c4,tcc-microservices-experiment-gateway-1,31.3,488950989,536870912,91.07,78,80.2MB / 89.8MB,78.1MB / 274kB
87,2026-09-10T03:58:54.744906+00:00,175,2026-09-10T03:58:54.384362+00:00,false,microservices,mysql,67e2504f0a790cc0f0b87b58633df5771a9038f71c1cf6fc13b21f9a336b4fc8,tcc-microservices-experiment-mysql-1,24.56,425512141,1073741824,39.63,40,30.1MB / 75MB,52.5MB / 185MB
87,2026-09-10T03:58:54.744906+00:00,175,2026-09-10T03:58:54.384362+00:00,false,microservices,order,d7569b7c39d89089f9d254c8ccf563f268a8997e691d861186f93e04a5c0b899,tcc-microservices-experiment-order-1,0.02,75350671,1073741824,7.02,3,5.31MB / 4.14MB,12MB / 77.8kB
87,2026-09-10T03:58:54.744906+00:00,175,2026-09-10T03:58:54.384362+00:00,false,microservices,product,5ac9975e25dd010bc938175a0e0d0fa41bc2f21bc3ddc9d4912b9622d81914e1,tcc-microservices-experiment-product-1,81.93,84945142,1073741824,7.91,3,89.3MB / 95.3MB,13.6MB / 1.56MB
88,2026-09-10T03:58:55.744930+00:00,177,2026-09-10T03:58:55.384445+00:00,false,microservices,auth,9cec0b0e45f32a4137d1f72d75fa0640dd8a40cb405e77781e3e3b01aedd367b,tcc-microservices-experiment-auth-1,0.01,80666952,1073741824,7.51,3,45.7kB / 40.3kB,17.9MB / 65.5kB
88,2026-09-10T03:58:55.744930+00:00,177,2026-09-10T03:58:55.384445+00:00,false,microservices,gateway,0b4e4591543a7a957c7792d1d455558adea3d911273f7ee6fd6c5c75085959c4,tcc-microservices-experiment-gateway-1,30.5,489370419,536870912,91.15,78,81MB / 90.6MB,78.1MB / 274kB
88,2026-09-10T03:58:55.744930+00:00,177,2026-09-10T03:58:55.384445+00:00,false,microservices,mysql,67e2504f0a790cc0f0b87b58633df5771a9038f71c1cf6fc13b21f9a336b4fc8,tcc-microservices-experiment-mysql-1,29.26,365743309,1073741824,34.06,40,30.4MB / 75.7MB,52.5MB / 213MB
88,2026-09-10T03:58:55.744930+00:00,177,2026-09-10T03:58:55.384445+00:00,false,microservices,order,d7569b7c39d89089f9d254c8ccf563f268a8997e691d861186f93e04a5c0b899,tcc-microservices-experiment-order-1,0.02,75350671,1073741824,7.02,3,5.31MB / 4.14MB,12MB / 77.8kB
88,2026-09-10T03:58:55.744930+00:00,177,2026-09-10T03:58:55.384445+00:00,false,microservices,product,5ac9975e25dd010bc938175a0e0d0fa41bc2f21bc3ddc9d4912b9622d81914e1,tcc-microservices-experiment-product-1,85.63,84106281,1073741824,7.83,3,90.1MB / 96.1MB,13.6MB / 1.56MB
89,2026-09-10T03:58:56.744898+00:00,179,2026-09-10T03:58:56.384373+00:00,false,microservices,auth,9cec0b0e45f32a4137d1f72d75fa0640dd8a40cb405e77781e3e3b01aedd367b,tcc-microservices-experiment-auth-1,0.02,80666952,1073741824,7.51,3,45.7kB / 40.3kB,17.9MB / 65.5kB
89,2026-09-10T03:58:56.744898+00:00,179,2026-09-10T03:58:56.384373+00:00,false,microservices,gateway,0b4e4591543a7a957c7792d1d455558adea3d911273f7ee6fd6c5c75085959c4,tcc-microservices-experiment-gateway-1,29.76,489684992,536870912,91.21,78,81.7MB / 91.4MB,78.1MB / 274kB
89,2026-09-10T03:58:56.744898+00:00,179,2026-09-10T03:58:56.384373+00:00,false,microservices,mysql,67e2504f0a790cc0f0b87b58633df5771a9038f71c1cf6fc13b21f9a336b4fc8,tcc-microservices-experiment-mysql-1,26.67,365953024,1073741824,34.08,40,30.6MB / 76.3MB,52.5MB / 213MB
89,2026-09-10T03:58:56.744898+00:00,179,2026-09-10T03:58:56.384373+00:00,false,microservices,order,d7569b7c39d89089f9d254c8ccf563f268a8997e691d861186f93e04a5c0b899,tcc-microservices-experiment-order-1,0.02,75350671,1073741824,7.02,3,5.31MB / 4.14MB,12MB / 77.8kB
89,2026-09-10T03:58:56.744898+00:00,179,2026-09-10T03:58:56.384373+00:00,false,microservices,product,5ac9975e25dd010bc938175a0e0d0fa41bc2f21bc3ddc9d4912b9622d81914e1,tcc-microservices-experiment-product-1,79.49,84609597,1073741824,7.88,3,91MB / 97MB,13.6MB / 1.56MB
90,2026-09-10T03:58:57.744914+00:00,181,2026-09-10T03:58:57.384335+00:00,false,microservices,auth,9cec0b0e45f32a4137d1f72d75fa0640dd8a40cb405e77781e3e3b01aedd367b,tcc-microservices-experiment-auth-1,0.02,80666952,1073741824,7.51,3,45.7kB / 40.3kB,17.9MB / 65.5kB
90,2026-09-10T03:58:57.744914+00:00,181,2026-09-10T03:58:57.384335+00:00,false,microservices,gateway,0b4e4591543a7a957c7792d1d455558adea3d911273f7ee6fd6c5c75085959c4,tcc-microservices-experiment-gateway-1,29.9,489265562,536870912,91.13,78,82.5MB / 92.2MB,78.1MB / 274kB
90,2026-09-10T03:58:57.744914+00:00,181,2026-09-10T03:58:57.384335+00:00,false,microservices,mysql,67e2504f0a790cc0f0b87b58633df5771a9038f71c1cf6fc13b21f9a336b4fc8,tcc-microservices-experiment-mysql-1,30.79,366267597,1073741824,34.12,40,30.9MB / 76.9MB,52.5MB / 213MB
90,2026-09-10T03:58:57.744914+00:00,181,2026-09-10T03:58:57.384335+00:00,false,microservices,order,d7569b7c39d89089f9d254c8ccf563f268a8997e691d861186f93e04a5c0b899,tcc-microservices-experiment-order-1,0.02,75350671,1073741824,7.02,3,5.31MB / 4.14MB,12MB / 77.8kB
90,2026-09-10T03:58:57.744914+00:00,181,2026-09-10T03:58:57.384335+00:00,false,microservices,product,5ac9975e25dd010bc938175a0e0d0fa41bc2f21bc3ddc9d4912b9622d81914e1,tcc-microservices-experiment-product-1,79.75,84064338,1073741824,7.83,3,91.8MB / 97.9MB,13.6MB / 1.56MB
91,2026-09-10T03:58:58.744905+00:00,183,2026-09-10T03:58:58.384622+00:00,false,microservices,auth,9cec0b0e45f32a4137d1f72d75fa0640dd8a40cb405e77781e3e3b01aedd367b,tcc-microservices-experiment-auth-1,0.02,80666952,1073741824,7.51,3,45.7kB / 40.3kB,17.9MB / 65.5kB
91,2026-09-10T03:58:58.744905+00:00,183,2026-09-10T03:58:58.384622+00:00,false,microservices,gateway,0b4e4591543a7a957c7792d1d455558adea3d911273f7ee6fd6c5c75085959c4,tcc-microservices-experiment-gateway-1,30.41,488950989,536870912,91.07,78,83.2MB / 93.1MB,78.1MB / 274kB
91,2026-09-10T03:58:58.744905+00:00,183,2026-09-10T03:58:58.384622+00:00,false,microservices,mysql,67e2504f0a790cc0f0b87b58633df5771a9038f71c1cf6fc13b21f9a336b4fc8,tcc-microservices-experiment-mysql-1,26.21,365743309,1073741824,34.06,40,31.1MB / 77.6MB,52.5MB / 213MB
91,2026-09-10T03:58:58.744905+00:00,183,2026-09-10T03:58:58.384622+00:00,false,microservices,order,d7569b7c39d89089f9d254c8ccf563f268a8997e691d861186f93e04a5c0b899,tcc-microservices-experiment-order-1,0.02,75350671,1073741824,7.02,3,5.31MB / 4.14MB,12MB / 77.8kB
91,2026-09-10T03:58:58.744905+00:00,183,2026-09-10T03:58:58.384622+00:00,false,microservices,product,5ac9975e25dd010bc938175a0e0d0fa41bc2f21bc3ddc9d4912b9622d81914e1,tcc-microservices-experiment-product-1,79.64,84620083,1073741824,7.88,3,92.6MB / 98.8MB,13.6MB / 1.56MB
92,2026-09-10T03:58:59.744934+00:00,185,2026-09-10T03:58:59.384331+00:00,false,microservices,auth,9cec0b0e45f32a4137d1f72d75fa0640dd8a40cb405e77781e3e3b01aedd367b,tcc-microservices-experiment-auth-1,0.02,80666952,1073741824,7.51,3,45.7kB / 40.3kB,17.9MB / 65.5kB
92,2026-09-10T03:58:59.744934+00:00,185,2026-09-10T03:58:59.384331+00:00,false,microservices,gateway,0b4e4591543a7a957c7792d1d455558adea3d911273f7ee6fd6c5c75085959c4,tcc-microservices-experiment-gateway-1,30.57,488426701,536870912,90.98,78,83.9MB / 93.9MB,78.1MB / 274kB
92,2026-09-10T03:58:59.744934+00:00,185,2026-09-10T03:58:59.384331+00:00,false,microservices,mysql,67e2504f0a790cc0f0b87b58633df5771a9038f71c1cf6fc13b21f9a336b4fc8,tcc-microservices-experiment-mysql-1,29.73,365953024,1073741824,34.08,40,31.3MB / 78.2MB,52.5MB / 213MB
92,2026-09-10T03:58:59.744934+00:00,185,2026-09-10T03:58:59.384331+00:00,false,microservices,order,d7569b7c39d89089f9d254c8ccf563f268a8997e691d861186f93e04a5c0b899,tcc-microservices-experiment-order-1,0.01,75350671,1073741824,7.02,3,5.31MB / 4.14MB,12MB / 77.8kB
92,2026-09-10T03:58:59.744934+00:00,185,2026-09-10T03:58:59.384331+00:00,false,microservices,product,5ac9975e25dd010bc938175a0e0d0fa41bc2f21bc3ddc9d4912b9622d81914e1,tcc-microservices-experiment-product-1,80.96,84410368,1073741824,7.86,3,93.4MB / 99.6MB,13.6MB / 1.56MB
93,2026-09-10T03:59:00.744921+00:00,187,2026-09-10T03:59:00.384504+00:00,false,microservices,auth,9cec0b0e45f32a4137d1f72d75fa0640dd8a40cb405e77781e3e3b01aedd367b,tcc-microservices-experiment-auth-1,0.02,80666952,1073741824,7.51,3,45.7kB / 40.3kB,17.9MB / 65.5kB
93,2026-09-10T03:59:00.744921+00:00,187,2026-09-10T03:59:00.384504+00:00,false,microservices,gateway,0b4e4591543a7a957c7792d1d455558adea3d911273f7ee6fd6c5c75085959c4,tcc-microservices-experiment-gateway-1,30.58,488636416,536870912,91.01,78,84.7MB / 94.7MB,78.1MB / 274kB
93,2026-09-10T03:59:00.744921+00:00,187,2026-09-10T03:59:00.384504+00:00,false,microservices,mysql,67e2504f0a790cc0f0b87b58633df5771a9038f71c1cf6fc13b21f9a336b4fc8,tcc-microservices-experiment-mysql-1,24.58,365953024,1073741824,34.09,40,31.6MB / 78.8MB,52.5MB / 213MB
93,2026-09-10T03:59:00.744921+00:00,187,2026-09-10T03:59:00.384504+00:00,false,microservices,order,d7569b7c39d89089f9d254c8ccf563f268a8997e691d861186f93e04a5c0b899,tcc-microservices-experiment-order-1,0.02,75350671,1073741824,7.02,3,5.31MB / 4.14MB,12MB / 77.8kB
93,2026-09-10T03:59:00.744921+00:00,187,2026-09-10T03:59:00.384504+00:00,false,microservices,product,5ac9975e25dd010bc938175a0e0d0fa41bc2f21bc3ddc9d4912b9622d81914e1,tcc-microservices-experiment-product-1,82.16,84567654,1073741824,7.88,3,94.2MB / 101MB,13.6MB / 1.56MB
94,2026-09-10T03:59:01.744917+00:00,189,2026-09-10T03:59:01.385944+00:00,false,microservices,auth,9cec0b0e45f32a4137d1f72d75fa0640dd8a40cb405e77781e3e3b01aedd367b,tcc-microservices-experiment-auth-1,0.02,80666952,1073741824,7.51,3,45.7kB / 40.3kB,17.9MB / 65.5kB
94,2026-09-10T03:59:01.744917+00:00,189,2026-09-10T03:59:01.385944+00:00,false,microservices,gateway,0b4e4591543a7a957c7792d1d455558adea3d911273f7ee6fd6c5c75085959c4,tcc-microservices-experiment-gateway-1,31.11,489055846,536870912,91.09,78,85.4MB / 95.5MB,78.1MB / 274kB
94,2026-09-10T03:59:01.744917+00:00,189,2026-09-10T03:59:01.385944+00:00,false,microservices,mysql,67e2504f0a790cc0f0b87b58633df5771a9038f71c1cf6fc13b21f9a336b4fc8,tcc-microservices-experiment-mysql-1,28.48,366372454,1073741824,34.12,40,31.8MB / 79.5MB,52.5MB / 213MB
94,2026-09-10T03:59:01.744917+00:00,189,2026-09-10T03:59:01.385944+00:00,false,microservices,order,d7569b7c39d89089f9d254c8ccf563f268a8997e691d861186f93e04a5c0b899,tcc-microservices-experiment-order-1,0.02,75350671,1073741824,7.02,3,5.31MB / 4.14MB,12MB / 77.8kB
94,2026-09-10T03:59:01.744917+00:00,189,2026-09-10T03:59:01.385944+00:00,false,microservices,product,5ac9975e25dd010bc938175a0e0d0fa41bc2f21bc3ddc9d4912b9622d81914e1,tcc-microservices-experiment-product-1,82.41,84745912,1073741824,7.89,3,95.1MB / 101MB,13.6MB / 1.56MB
95,2026-09-10T03:59:02.744922+00:00,191,2026-09-10T03:59:02.384356+00:00,false,microservices,auth,9cec0b0e45f32a4137d1f72d75fa0640dd8a40cb405e77781e3e3b01aedd367b,tcc-microservices-experiment-auth-1,0.02,80666952,1073741824,7.51,3,45.7kB / 40.3kB,17.9MB / 65.5kB
95,2026-09-10T03:59:02.744922+00:00,191,2026-09-10T03:59:02.384356+00:00,false,microservices,gateway,0b4e4591543a7a957c7792d1d455558adea3d911273f7ee6fd6c5c75085959c4,tcc-microservices-experiment-gateway-1,30.32,489894707,536870912,91.26,78,86.2MB / 96.4MB,78.1MB / 274kB
95,2026-09-10T03:59:02.744922+00:00,191,2026-09-10T03:59:02.384356+00:00,false,microservices,mysql,67e2504f0a790cc0f0b87b58633df5771a9038f71c1cf6fc13b21f9a336b4fc8,tcc-microservices-experiment-mysql-1,26.0,365848166,1073741824,34.07,40,32MB / 80.1MB,52.5MB / 213MB
95,2026-09-10T03:59:02.744922+00:00,191,2026-09-10T03:59:02.384356+00:00,false,microservices,order,d7569b7c39d89089f9d254c8ccf563f268a8997e691d861186f93e04a5c0b899,tcc-microservices-experiment-order-1,0.02,75350671,1073741824,7.02,3,5.31MB / 4.14MB,12MB / 77.8kB
95,2026-09-10T03:59:02.744922+00:00,191,2026-09-10T03:59:02.384356+00:00,false,microservices,product,5ac9975e25dd010bc938175a0e0d0fa41bc2f21bc3ddc9d4912b9622d81914e1,tcc-microservices-experiment-product-1,80.46,84840284,1073741824,7.9,3,95.9MB / 102MB,13.6MB / 1.56MB
96,2026-09-10T03:59:03.744893+00:00,193,2026-09-10T03:59:03.384244+00:00,false,microservices,auth,9cec0b0e45f32a4137d1f72d75fa0640dd8a40cb405e77781e3e3b01aedd367b,tcc-microservices-experiment-auth-1,0.01,80666952,1073741824,7.51,3,45.7kB / 40.3kB,17.9MB / 65.5kB
96,2026-09-10T03:59:03.744893+00:00,193,2026-09-10T03:59:03.384244+00:00,false,microservices,gateway,0b4e4591543a7a957c7792d1d455558adea3d911273f7ee6fd6c5c75085959c4,tcc-microservices-experiment-gateway-1,30.94,489684992,536870912,91.21,78,86.9MB / 97.2MB,78.1MB / 274kB
96,2026-09-10T03:59:03.744893+00:00,193,2026-09-10T03:59:03.384244+00:00,false,microservices,mysql,67e2504f0a790cc0f0b87b58633df5771a9038f71c1cf6fc13b21f9a336b4fc8,tcc-microservices-experiment-mysql-1,28.5,365533594,1073741824,34.05,40,32.3MB / 80.8MB,52.5MB / 213MB
96,2026-09-10T03:59:03.744893+00:00,193,2026-09-10T03:59:03.384244+00:00,false,microservices,order,d7569b7c39d89089f9d254c8ccf563f268a8997e691d861186f93e04a5c0b899,tcc-microservices-experiment-order-1,0.02,75350671,1073741824,7.02,3,5.31MB / 4.14MB,12MB / 77.8kB
96,2026-09-10T03:59:03.744893+00:00,193,2026-09-10T03:59:03.384244+00:00,false,microservices,product,5ac9975e25dd010bc938175a0e0d0fa41bc2f21bc3ddc9d4912b9622d81914e1,tcc-microservices-experiment-product-1,82.43,84693484,1073741824,7.89,3,96.7MB / 103MB,13.6MB / 1.56MB
97,2026-09-10T03:59:04.744917+00:00,195,2026-09-10T03:59:04.383185+00:00,false,microservices,auth,9cec0b0e45f32a4137d1f72d75fa0640dd8a40cb405e77781e3e3b01aedd367b,tcc-microservices-experiment-auth-1,0.02,80666952,1073741824,7.51,3,45.7kB / 40.3kB,17.9MB / 65.5kB
97,2026-09-10T03:59:04.744917+00:00,195,2026-09-10T03:59:04.383185+00:00,false,microservices,gateway,0b4e4591543a7a957c7792d1d455558adea3d911273f7ee6fd6c5c75085959c4,tcc-microservices-experiment-gateway-1,31.28,488846131,536870912,91.06,78,87.7MB / 98.1MB,78.1MB / 274kB
97,2026-09-10T03:59:04.744917+00:00,195,2026-09-10T03:59:04.383185+00:00,false,microservices,mysql,67e2504f0a790cc0f0b87b58633df5771a9038f71c1cf6fc13b21f9a336b4fc8,tcc-microservices-experiment-mysql-1,23.94,365219021,1073741824,34.02,40,32.5MB / 81.4MB,52.5MB / 213MB
97,2026-09-10T03:59:04.744917+00:00,195,2026-09-10T03:59:04.383185+00:00,false,microservices,order,d7569b7c39d89089f9d254c8ccf563f268a8997e691d861186f93e04a5c0b899,tcc-microservices-experiment-order-1,0.02,75350671,1073741824,7.02,3,5.31MB / 4.14MB,12MB / 77.8kB
97,2026-09-10T03:59:04.744917+00:00,195,2026-09-10T03:59:04.383185+00:00,false,microservices,product,5ac9975e25dd010bc938175a0e0d0fa41bc2f21bc3ddc9d4912b9622d81914e1,tcc-microservices-experiment-product-1,82.36,83770737,1073741824,7.8,3,97.5MB / 104MB,13.6MB / 1.56MB
98,2026-09-10T03:59:05.744934+00:00,197,2026-09-10T03:59:05.384215+00:00,false,microservices,auth,9cec0b0e45f32a4137d1f72d75fa0640dd8a40cb405e77781e3e3b01aedd367b,tcc-microservices-experiment-auth-1,0.02,80666952,1073741824,7.51,3,45.7kB / 40.3kB,17.9MB / 65.5kB
98,2026-09-10T03:59:05.744934+00:00,197,2026-09-10T03:59:05.384215+00:00,false,microservices,gateway,0b4e4591543a7a957c7792d1d455558adea3d911273f7ee6fd6c5c75085959c4,tcc-microservices-experiment-gateway-1,30.5,489370419,536870912,91.16,78,88.4MB / 98.9MB,78.1MB / 287kB
98,2026-09-10T03:59:05.744934+00:00,197,2026-09-10T03:59:05.384215+00:00,false,microservices,mysql,67e2504f0a790cc0f0b87b58633df5771a9038f71c1cf6fc13b21f9a336b4fc8,tcc-microservices-experiment-mysql-1,28.81,365323878,1073741824,34.03,40,32.8MB / 82.1MB,52.5MB / 213MB
98,2026-09-10T03:59:05.744934+00:00,197,2026-09-10T03:59:05.384215+00:00,false,microservices,order,d7569b7c39d89089f9d254c8ccf563f268a8997e691d861186f93e04a5c0b899,tcc-microservices-experiment-order-1,0.02,75350671,1073741824,7.02,3,5.31MB / 4.14MB,12MB / 77.8kB
98,2026-09-10T03:59:05.744934+00:00,197,2026-09-10T03:59:05.384215+00:00,false,microservices,product,5ac9975e25dd010bc938175a0e0d0fa41bc2f21bc3ddc9d4912b9622d81914e1,tcc-microservices-experiment-product-1,82.4,84620083,1073741824,7.88,3,98.4MB / 105MB,13.6MB / 1.56MB
99,2026-09-10T03:59:06.744914+00:00,199,2026-09-10T03:59:06.383493+00:00,false,microservices,auth,9cec0b0e45f32a4137d1f72d75fa0640dd8a40cb405e77781e3e3b01aedd367b,tcc-microservices-experiment-auth-1,0.02,80666952,1073741824,7.51,3,45.7kB / 40.3kB,17.9MB / 65.5kB
99,2026-09-10T03:59:06.744914+00:00,199,2026-09-10T03:59:06.383493+00:00,false,microservices,gateway,0b4e4591543a7a957c7792d1d455558adea3d911273f7ee6fd6c5c75085959c4,tcc-microservices-experiment-gateway-1,30.45,488426701,536870912,90.97,78,89.2MB / 99.7MB,78.1MB / 287kB
99,2026-09-10T03:59:06.744914+00:00,199,2026-09-10T03:59:06.383493+00:00,false,microservices,mysql,67e2504f0a790cc0f0b87b58633df5771a9038f71c1cf6fc13b21f9a336b4fc8,tcc-microservices-experiment-mysql-1,24.26,365009306,1073741824,34.0,40,33MB / 82.7MB,52.5MB / 213MB
99,2026-09-10T03:59:06.744914+00:00,199,2026-09-10T03:59:06.383493+00:00,false,microservices,order,d7569b7c39d89089f9d254c8ccf563f268a8997e691d861186f93e04a5c0b899,tcc-microservices-experiment-order-1,0.02,75350671,1073741824,7.02,3,5.31MB / 4.14MB,12MB / 77.8kB
99,2026-09-10T03:59:06.744914+00:00,199,2026-09-10T03:59:06.383493+00:00,false,microservices,product,5ac9975e25dd010bc938175a0e0d0fa41bc2f21bc3ddc9d4912b9622d81914e1,tcc-microservices-experiment-product-1,82.74,84452311,1073741824,7.86,3,99.2MB / 106MB,13.6MB / 1.56MB
100,2026-09-10T03:59:07.744892+00:00,201,2026-09-10T03:59:07.384234+00:00,false,microservices,auth,9cec0b0e45f32a4137d1f72d75fa0640dd8a40cb405e77781e3e3b01aedd367b,tcc-microservices-experiment-auth-1,0.01,80666952,1073741824,7.51,3,45.7kB / 40.3kB,17.9MB / 65.5kB
100,2026-09-10T03:59:07.744892+00:00,201,2026-09-10T03:59:07.384234+00:00,false,microservices,gateway,0b4e4591543a7a957c7792d1d455558adea3d911273f7ee6fd6c5c75085959c4,tcc-microservices-experiment-gateway-1,30.63,489475277,536870912,91.17,78,89.9MB / 101MB,78.1MB / 287kB
100,2026-09-10T03:59:07.744892+00:00,201,2026-09-10T03:59:07.384234+00:00,false,microservices,mysql,67e2504f0a790cc0f0b87b58633df5771a9038f71c1cf6fc13b21f9a336b4fc8,tcc-microservices-experiment-mysql-1,28.09,365638451,1073741824,34.05,40,33.2MB / 83.4MB,52.5MB / 213MB
100,2026-09-10T03:59:07.744892+00:00,201,2026-09-10T03:59:07.384234+00:00,false,microservices,order,d7569b7c39d89089f9d254c8ccf563f268a8997e691d861186f93e04a5c0b899,tcc-microservices-experiment-order-1,0.02,75350671,1073741824,7.02,3,5.31MB / 4.14MB,12MB / 77.8kB
100,2026-09-10T03:59:07.744892+00:00,201,2026-09-10T03:59:07.384234+00:00,false,microservices,product,5ac9975e25dd010bc938175a0e0d0fa41bc2f21bc3ddc9d4912b9622d81914e1,tcc-microservices-experiment-product-1,83.83,84263567,1073741824,7.85,3,100MB / 107MB,13.6MB / 1.56MB
101,2026-09-10T03:59:08.744907+00:00,203,2026-09-10T03:59:08.383245+00:00,false,microservices,auth,9cec0b0e45f32a4137d1f72d75fa0640dd8a40cb405e77781e3e3b01aedd367b,tcc-microservices-experiment-auth-1,0.02,80666952,1073741824,7.51,3,45.7kB / 40.3kB,17.9MB / 65.5kB
101,2026-09-10T03:59:08.744907+00:00,203,2026-09-10T03:59:08.383245+00:00,false,microservices,gateway,0b4e4591543a7a957c7792d1d455558adea3d911273f7ee6fd6c5c75085959c4,tcc-microservices-experiment-gateway-1,30.84,488636416,536870912,91.01,78,90.7MB / 101MB,78.1MB / 287kB
101,2026-09-10T03:59:08.744907+00:00,203,2026-09-10T03:59:08.383245+00:00,false,microservices,mysql,67e2504f0a790cc0f0b87b58633df5771a9038f71c1cf6fc13b21f9a336b4fc8,tcc-microservices-experiment-mysql-1,23.6,365638451,1073741824,34.05,40,33.5MB / 84MB,52.5MB / 213MB
101,2026-09-10T03:59:08.744907+00:00,203,2026-09-10T03:59:08.383245+00:00,false,microservices,order,d7569b7c39d89089f9d254c8ccf563f268a8997e691d861186f93e04a5c0b899,tcc-microservices-experiment-order-1,0.02,75350671,1073741824,7.02,3,5.31MB / 4.14MB,12MB / 77.8kB
101,2026-09-10T03:59:08.744907+00:00,203,2026-09-10T03:59:08.383245+00:00,false,microservices,product,5ac9975e25dd010bc938175a0e0d0fa41bc2f21bc3ddc9d4912b9622d81914e1,tcc-microservices-experiment-product-1,82.5,84462797,1073741824,7.87,3,101MB / 108MB,13.6MB / 1.56MB
102,2026-09-10T03:59:09.744920+00:00,205,2026-09-10T03:59:09.384469+00:00,false,microservices,auth,9cec0b0e45f32a4137d1f72d75fa0640dd8a40cb405e77781e3e3b01aedd367b,tcc-microservices-experiment-auth-1,0.02,80666952,1073741824,7.51,3,45.7kB / 40.3kB,17.9MB / 65.5kB
102,2026-09-10T03:59:09.744920+00:00,205,2026-09-10T03:59:09.384469+00:00,false,microservices,gateway,0b4e4591543a7a957c7792d1d455558adea3d911273f7ee6fd6c5c75085959c4,tcc-microservices-experiment-gateway-1,31.15,489265562,536870912,91.13,78,91.4MB / 102MB,78.1MB / 287kB
102,2026-09-10T03:59:09.744920+00:00,205,2026-09-10T03:59:09.384469+00:00,false,microservices,mysql,67e2504f0a790cc0f0b87b58633df5771a9038f71c1cf6fc13b21f9a336b4fc8,tcc-microservices-experiment-mysql-1,27.86,365323878,1073741824,34.02,40,33.7MB / 84.7MB,52.5MB / 213MB
102,2026-09-10T03:59:09.744920+00:00,205,2026-09-10T03:59:09.384469+00:00,false,microservices,order,d7569b7c39d89089f9d254c8ccf563f268a8997e691d861186f93e04a5c0b899,tcc-microservices-experiment-order-1,0.02,75350671,1073741824,7.02,3,5.31MB / 4.14MB,12MB / 77.8kB
102,2026-09-10T03:59:09.744920+00:00,205,2026-09-10T03:59:09.384469+00:00,false,microservices,product,5ac9975e25dd010bc938175a0e0d0fa41bc2f21bc3ddc9d4912b9622d81914e1,tcc-microservices-experiment-product-1,82.83,84116767,1073741824,7.83,3,102MB / 109MB,13.6MB / 1.77MB
103,2026-09-10T03:59:10.744916+00:00,207,2026-09-10T03:59:10.383247+00:00,false,microservices,auth,9cec0b0e45f32a4137d1f72d75fa0640dd8a40cb405e77781e3e3b01aedd367b,tcc-microservices-experiment-auth-1,0.02,80666952,1073741824,7.51,3,45.7kB / 40.3kB,17.9MB / 65.5kB
103,2026-09-10T03:59:10.744916+00:00,207,2026-09-10T03:59:10.383247+00:00,false,microservices,gateway,0b4e4591543a7a957c7792d1d455558adea3d911273f7ee6fd6c5c75085959c4,tcc-microservices-experiment-gateway-1,33.23,489160704,536870912,91.11,78,92.2MB / 103MB,78.1MB / 287kB
103,2026-09-10T03:59:10.744916+00:00,207,2026-09-10T03:59:10.383247+00:00,false,microservices,mysql,67e2504f0a790cc0f0b87b58633df5771a9038f71c1cf6fc13b21f9a336b4fc8,tcc-microservices-experiment-mysql-1,24.34,365743309,1073741824,34.06,40,34MB / 85.3MB,52.5MB / 213MB
103,2026-09-10T03:59:10.744916+00:00,207,2026-09-10T03:59:10.383247+00:00,false,microservices,order,d7569b7c39d89089f9d254c8ccf563f268a8997e691d861186f93e04a5c0b899,tcc-microservices-experiment-order-1,0.02,75350671,1073741824,7.02,3,5.31MB / 4.14MB,12MB / 77.8kB
103,2026-09-10T03:59:10.744916+00:00,207,2026-09-10T03:59:10.383247+00:00,false,microservices,product,5ac9975e25dd010bc938175a0e0d0fa41bc2f21bc3ddc9d4912b9622d81914e1,tcc-microservices-experiment-product-1,81.1,84253082,1073741824,7.85,3,103MB / 109MB,13.6MB / 1.77MB
104,2026-09-10T03:59:11.744896+00:00,209,2026-09-10T03:59:11.384505+00:00,false,microservices,auth,9cec0b0e45f32a4137d1f72d75fa0640dd8a40cb405e77781e3e3b01aedd367b,tcc-microservices-experiment-auth-1,0.02,80666952,1073741824,7.51,3,45.7kB / 40.3kB,17.9MB / 65.5kB
104,2026-09-10T03:59:11.744896+00:00,209,2026-09-10T03:59:11.384505+00:00,false,microservices,gateway,0b4e4591543a7a957c7792d1d455558adea3d911273f7ee6fd6c5c75085959c4,tcc-microservices-experiment-gateway-1,30.67,489580134,536870912,91.19,78,92.9MB / 104MB,78.1MB / 287kB
104,2026-09-10T03:59:11.744896+00:00,209,2026-09-10T03:59:11.384505+00:00,false,microservices,mysql,67e2504f0a790cc0f0b87b58633df5771a9038f71c1cf6fc13b21f9a336b4fc8,tcc-microservices-experiment-mysql-1,29.86,366687027,1073741824,34.15,40,34.2MB / 86MB,52.5MB / 213MB
104,2026-09-10T03:59:11.744896+00:00,209,2026-09-10T03:59:11.384505+00:00,false,microservices,order,d7569b7c39d89089f9d254c8ccf563f268a8997e691d861186f93e04a5c0b899,tcc-microservices-experiment-order-1,0.02,75350671,1073741824,7.02,3,5.31MB / 4.14MB,12MB / 77.8kB
104,2026-09-10T03:59:11.744896+00:00,209,2026-09-10T03:59:11.384505+00:00,false,microservices,product,5ac9975e25dd010bc938175a0e0d0fa41bc2f21bc3ddc9d4912b9622d81914e1,tcc-microservices-experiment-product-1,80.52,84263567,1073741824,7.85,3,103MB / 110MB,13.6MB / 1.77MB
105,2026-09-10T03:59:12.744889+00:00,211,2026-09-10T03:59:12.384041+00:00,false,microservices,auth,9cec0b0e45f32a4137d1f72d75fa0640dd8a40cb405e77781e3e3b01aedd367b,tcc-microservices-experiment-auth-1,0.02,80666952,1073741824,7.51,3,45.7kB / 40.3kB,17.9MB / 65.5kB
105,2026-09-10T03:59:12.744889+00:00,211,2026-09-10T03:59:12.384041+00:00,false,microservices,gateway,0b4e4591543a7a957c7792d1d455558adea3d911273f7ee6fd6c5c75085959c4,tcc-microservices-experiment-gateway-1,29.46,488950989,536870912,91.08,78,93.6MB / 105MB,78.1MB / 287kB
105,2026-09-10T03:59:12.744889+00:00,211,2026-09-10T03:59:12.384041+00:00,false,microservices,mysql,67e2504f0a790cc0f0b87b58633df5771a9038f71c1cf6fc13b21f9a336b4fc8,tcc-microservices-experiment-mysql-1,25.58,365743309,1073741824,34.06,40,34.4MB / 86.6MB,52.5MB / 213MB
105,2026-09-10T03:59:12.744889+00:00,211,2026-09-10T03:59:12.384041+00:00,false,microservices,order,d7569b7c39d89089f9d254c8ccf563f268a8997e691d861186f93e04a5c0b899,tcc-microservices-experiment-order-1,0.02,75350671,1073741824,7.02,3,5.31MB / 4.14MB,12MB / 77.8kB
105,2026-09-10T03:59:12.744889+00:00,211,2026-09-10T03:59:12.384041+00:00,false,microservices,product,5ac9975e25dd010bc938175a0e0d0fa41bc2f21bc3ddc9d4912b9622d81914e1,tcc-microservices-experiment-product-1,80.41,84651540,1073741824,7.88,3,104MB / 111MB,13.6MB / 1.77MB
106,2026-09-10T03:59:13.744929+00:00,213,2026-09-10T03:59:13.385530+00:00,false,microservices,auth,9cec0b0e45f32a4137d1f72d75fa0640dd8a40cb405e77781e3e3b01aedd367b,tcc-microservices-experiment-auth-1,0.01,80666952,1073741824,7.51,3,45.7kB / 40.3kB,17.9MB / 65.5kB
106,2026-09-10T03:59:13.744929+00:00,213,2026-09-10T03:59:13.385530+00:00,false,microservices,gateway,0b4e4591543a7a957c7792d1d455558adea3d911273f7ee6fd6c5c75085959c4,tcc-microservices-experiment-gateway-1,30.35,489475277,536870912,91.17,78,94.4MB / 106MB,78.1MB / 287kB
106,2026-09-10T03:59:13.744929+00:00,213,2026-09-10T03:59:13.385530+00:00,false,microservices,mysql,67e2504f0a790cc0f0b87b58633df5771a9038f71c1cf6fc13b21f9a336b4fc8,tcc-microservices-experiment-mysql-1,29.08,365743309,1073741824,34.06,40,34.7MB / 87.2MB,52.5MB / 213MB
106,2026-09-10T03:59:13.744929+00:00,213,2026-09-10T03:59:13.385530+00:00,false,microservices,order,d7569b7c39d89089f9d254c8ccf563f268a8997e691d861186f93e04a5c0b899,tcc-microservices-experiment-order-1,0.02,75350671,1073741824,7.02,3,5.31MB / 4.14MB,12MB / 77.8kB
106,2026-09-10T03:59:13.744929+00:00,213,2026-09-10T03:59:13.385530+00:00,false,microservices,product,5ac9975e25dd010bc938175a0e0d0fa41bc2f21bc3ddc9d4912b9622d81914e1,tcc-microservices-experiment-product-1,81.58,84148224,1073741824,7.84,3,105MB / 112MB,13.6MB / 1.77MB
107,2026-09-10T03:59:14.744925+00:00,215,2026-09-10T03:59:14.383199+00:00,false,microservices,auth,9cec0b0e45f32a4137d1f72d75fa0640dd8a40cb405e77781e3e3b01aedd367b,tcc-microservices-experiment-auth-1,0.02,80666952,1073741824,7.51,3,45.7kB / 40.3kB,17.9MB / 65.5kB
107,2026-09-10T03:59:14.744925+00:00,215,2026-09-10T03:59:14.383199+00:00,false,microservices,gateway,0b4e4591543a7a957c7792d1d455558adea3d911273f7ee6fd6c5c75085959c4,tcc-microservices-experiment-gateway-1,30.39,489580134,536870912,91.19,78,95.2MB / 106MB,78.1MB / 287kB
107,2026-09-10T03:59:14.744925+00:00,215,2026-09-10T03:59:14.383199+00:00,false,microservices,mysql,67e2504f0a790cc0f0b87b58633df5771a9038f71c1cf6fc13b21f9a336b4fc8,tcc-microservices-experiment-mysql-1,24.03,365114163,1073741824,34.0,40,34.9MB / 87.9MB,52.5MB / 213MB
107,2026-09-10T03:59:14.744925+00:00,215,2026-09-10T03:59:14.383199+00:00,false,microservices,order,d7569b7c39d89089f9d254c8ccf563f268a8997e691d861186f93e04a5c0b899,tcc-microservices-experiment-order-1,0.02,75350671,1073741824,7.02,3,5.31MB / 4.14MB,12MB / 77.8kB
107,2026-09-10T03:59:14.744925+00:00,215,2026-09-10T03:59:14.383199+00:00,false,microservices,product,5ac9975e25dd010bc938175a0e0d0fa41bc2f21bc3ddc9d4912b9622d81914e1,tcc-microservices-experiment-product-1,82.22,84536197,1073741824,7.87,3,106MB / 113MB,13.6MB / 1.77MB
108,2026-09-10T03:59:15.744910+00:00,217,2026-09-10T03:59:15.385288+00:00,false,microservices,auth,9cec0b0e45f32a4137d1f72d75fa0640dd8a40cb405e77781e3e3b01aedd367b,tcc-microservices-experiment-auth-1,0.02,80666952,1073741824,7.51,3,45.7kB / 40.3kB,17.9MB / 65.5kB
108,2026-09-10T03:59:15.744910+00:00,217,2026-09-10T03:59:15.385288+00:00,false,microservices,gateway,0b4e4591543a7a957c7792d1d455558adea3d911273f7ee6fd6c5c75085959c4,tcc-microservices-experiment-gateway-1,30.54,489265562,536870912,91.13,78,95.9MB / 107MB,78.1MB / 287kB
108,2026-09-10T03:59:15.744910+00:00,217,2026-09-10T03:59:15.385288+00:00,false,microservices,mysql,67e2504f0a790cc0f0b87b58633df5771a9038f71c1cf6fc13b21f9a336b4fc8,tcc-microservices-experiment-mysql-1,27.49,364799590,1073741824,33.97,40,35.2MB / 88.6MB,52.5MB / 213MB
108,2026-09-10T03:59:15.744910+00:00,217,2026-09-10T03:59:15.385288+00:00,false,microservices,order,d7569b7c39d89089f9d254c8ccf563f268a8997e691d861186f93e04a5c0b899,tcc-microservices-experiment-order-1,0.02,75350671,1073741824,7.02,3,5.31MB / 4.14MB,12MB / 77.8kB
108,2026-09-10T03:59:15.744910+00:00,217,2026-09-10T03:59:15.385288+00:00,false,microservices,product,5ac9975e25dd010bc938175a0e0d0fa41bc2f21bc3ddc9d4912b9622d81914e1,tcc-microservices-experiment-product-1,82.87,84441825,1073741824,7.86,3,107MB / 114MB,13.6MB / 1.77MB
109,2026-09-10T03:59:16.744921+00:00,219,2026-09-10T03:59:16.383805+00:00,false,microservices,auth,9cec0b0e45f32a4137d1f72d75fa0640dd8a40cb405e77781e3e3b01aedd367b,tcc-microservices-experiment-auth-1,0.01,80666952,1073741824,7.51,3,45.7kB / 40.3kB,17.9MB / 65.5kB
109,2026-09-10T03:59:16.744921+00:00,219,2026-09-10T03:59:16.383805+00:00,false,microservices,gateway,0b4e4591543a7a957c7792d1d455558adea3d911273f7ee6fd6c5c75085959c4,tcc-microservices-experiment-gateway-1,30.67,489055846,536870912,91.09,78,96.7MB / 108MB,78.1MB / 287kB
109,2026-09-10T03:59:16.744921+00:00,219,2026-09-10T03:59:16.383805+00:00,false,microservices,mysql,67e2504f0a790cc0f0b87b58633df5771a9038f71c1cf6fc13b21f9a336b4fc8,tcc-microservices-experiment-mysql-1,23.47,365114163,1073741824,34.0,40,35.4MB / 89.2MB,52.5MB / 213MB
109,2026-09-10T03:59:16.744921+00:00,219,2026-09-10T03:59:16.383805+00:00,false,microservices,order,d7569b7c39d89089f9d254c8ccf563f268a8997e691d861186f93e04a5c0b899,tcc-microservices-experiment-order-1,0.02,75350671,1073741824,7.02,3,5.31MB / 4.14MB,12MB / 77.8kB
109,2026-09-10T03:59:16.744921+00:00,219,2026-09-10T03:59:16.383805+00:00,false,microservices,product,5ac9975e25dd010bc938175a0e0d0fa41bc2f21bc3ddc9d4912b9622d81914e1,tcc-microservices-experiment-product-1,82.54,83487621,1073741824,7.78,3,108MB / 115MB,13.6MB / 1.77MB
110,2026-09-10T03:59:17.744925+00:00,221,2026-09-10T03:59:17.384348+00:00,false,microservices,auth,9cec0b0e45f32a4137d1f72d75fa0640dd8a40cb405e77781e3e3b01aedd367b,tcc-microservices-experiment-auth-1,0.02,80666952,1073741824,7.51,3,45.7kB / 40.3kB,17.9MB / 65.5kB
110,2026-09-10T03:59:17.744925+00:00,221,2026-09-10T03:59:17.384348+00:00,false,microservices,gateway,0b4e4591543a7a957c7792d1d455558adea3d911273f7ee6fd6c5c75085959c4,tcc-microservices-experiment-gateway-1,30.78,489055846,536870912,91.1,78,97.5MB / 109MB,78.1MB / 287kB
110,2026-09-10T03:59:17.744925+00:00,221,2026-09-10T03:59:17.384348+00:00,false,microservices,mysql,67e2504f0a790cc0f0b87b58633df5771a9038f71c1cf6fc13b21f9a336b4fc8,tcc-microservices-experiment-mysql-1,29.01,365638451,1073741824,34.05,40,35.7MB / 89.9MB,52.5MB / 213MB
110,2026-09-10T03:59:17.744925+00:00,221,2026-09-10T03:59:17.384348+00:00,false,microservices,order,d7569b7c39d89089f9d254c8ccf563f268a8997e691d861186f93e04a5c0b899,tcc-microservices-experiment-order-1,0.02,75350671,1073741824,7.02,3,5.31MB / 4.14MB,12MB / 77.8kB
110,2026-09-10T03:59:17.744925+00:00,221,2026-09-10T03:59:17.384348+00:00,false,microservices,product,5ac9975e25dd010bc938175a0e0d0fa41bc2f21bc3ddc9d4912b9622d81914e1,tcc-microservices-experiment-product-1,82.43,84032881,1073741824,7.83,3,108MB / 116MB,13.6MB / 1.77MB
111,2026-09-10T03:59:18.744919+00:00,223,2026-09-10T03:59:18.383794+00:00,false,microservices,auth,9cec0b0e45f32a4137d1f72d75fa0640dd8a40cb405e77781e3e3b01aedd367b,tcc-microservices-experiment-auth-1,0.02,80666952,1073741824,7.51,3,45.7kB / 40.3kB,17.9MB / 65.5kB
111,2026-09-10T03:59:18.744919+00:00,223,2026-09-10T03:59:18.383794+00:00,false,microservices,gateway,0b4e4591543a7a957c7792d1d455558adea3d911273f7ee6fd6c5c75085959c4,tcc-microservices-experiment-gateway-1,30.54,489475277,536870912,91.17,78,98.2MB / 110MB,78.1MB / 287kB
111,2026-09-10T03:59:18.744919+00:00,223,2026-09-10T03:59:18.383794+00:00,false,microservices,mysql,67e2504f0a790cc0f0b87b58633df5771a9038f71c1cf6fc13b21f9a336b4fc8,tcc-microservices-experiment-mysql-1,24.83,365533594,1073741824,34.04,40,35.9MB / 90.5MB,52.5MB / 213MB
111,2026-09-10T03:59:18.744919+00:00,223,2026-09-10T03:59:18.383794+00:00,false,microservices,order,d7569b7c39d89089f9d254c8ccf563f268a8997e691d861186f93e04a5c0b899,tcc-microservices-experiment-order-1,0.02,75350671,1073741824,7.02,3,5.31MB / 4.14MB,12MB / 77.8kB
111,2026-09-10T03:59:18.744919+00:00,223,2026-09-10T03:59:18.383794+00:00,false,microservices,product,5ac9975e25dd010bc938175a0e0d0fa41bc2f21bc3ddc9d4912b9622d81914e1,tcc-microservices-experiment-product-1,81.93,84001423,1073741824,7.82,3,109MB / 117MB,13.6MB / 1.77MB
112,2026-09-10T03:59:19.744905+00:00,225,2026-09-10T03:59:19.385299+00:00,false,microservices,auth,9cec0b0e45f32a4137d1f72d75fa0640dd8a40cb405e77781e3e3b01aedd367b,tcc-microservices-experiment-auth-1,0.02,80666952,1073741824,7.51,3,45.7kB / 40.3kB,17.9MB / 65.5kB
112,2026-09-10T03:59:19.744905+00:00,225,2026-09-10T03:59:19.385299+00:00,false,microservices,gateway,0b4e4591543a7a957c7792d1d455558adea3d911273f7ee6fd6c5c75085959c4,tcc-microservices-experiment-gateway-1,31.1,488426701,536870912,90.98,69,99MB / 111MB,78.1MB / 287kB
112,2026-09-10T03:59:19.744905+00:00,225,2026-09-10T03:59:19.385299+00:00,false,microservices,mysql,67e2504f0a790cc0f0b87b58633df5771a9038f71c1cf6fc13b21f9a336b4fc8,tcc-microservices-experiment-mysql-1,28.23,365953024,1073741824,34.08,40,36.1MB / 91.2MB,52.5MB / 213MB
112,2026-09-10T03:59:19.744905+00:00,225,2026-09-10T03:59:19.385299+00:00,false,microservices,order,d7569b7c39d89089f9d254c8ccf563f268a8997e691d861186f93e04a5c0b899,tcc-microservices-experiment-order-1,0.02,75350671,1073741824,7.02,3,5.31MB / 4.14MB,12MB / 77.8kB
112,2026-09-10T03:59:19.744905+00:00,225,2026-09-10T03:59:19.385299+00:00,false,microservices,product,5ac9975e25dd010bc938175a0e0d0fa41bc2f21bc3ddc9d4912b9622d81914e1,tcc-microservices-experiment-product-1,82.63,84473283,1073741824,7.87,3,110MB / 117MB,13.6MB / 1.77MB
113,2026-09-10T03:59:20.744930+00:00,227,2026-09-10T03:59:20.384058+00:00,false,microservices,auth,9cec0b0e45f32a4137d1f72d75fa0640dd8a40cb405e77781e3e3b01aedd367b,tcc-microservices-experiment-auth-1,0.02,80666952,1073741824,7.51,3,45.7kB / 40.3kB,17.9MB / 65.5kB
113,2026-09-10T03:59:20.744930+00:00,227,2026-09-10T03:59:20.384058+00:00,false,microservices,gateway,0b4e4591543a7a957c7792d1d455558adea3d911273f7ee6fd6c5c75085959c4,tcc-microservices-experiment-gateway-1,30.25,488846131,536870912,91.06,69,99.7MB / 112MB,78.1MB / 299kB
113,2026-09-10T03:59:20.744930+00:00,227,2026-09-10T03:59:20.384058+00:00,false,microservices,mysql,67e2504f0a790cc0f0b87b58633df5771a9038f71c1cf6fc13b21f9a336b4fc8,tcc-microservices-experiment-mysql-1,24.28,365638451,1073741824,34.06,40,36.4MB / 91.8MB,52.5MB / 213MB
113,2026-09-10T03:59:20.744930+00:00,227,2026-09-10T03:59:20.384058+00:00,false,microservices,order,d7569b7c39d89089f9d254c8ccf563f268a8997e691d861186f93e04a5c0b899,tcc-microservices-experiment-order-1,0.02,75350671,1073741824,7.02,3,5.31MB / 4.14MB,12MB / 77.8kB
113,2026-09-10T03:59:20.744930+00:00,227,2026-09-10T03:59:20.384058+00:00,false,microservices,product,5ac9975e25dd010bc938175a0e0d0fa41bc2f21bc3ddc9d4912b9622d81914e1,tcc-microservices-experiment-product-1,82.24,84766884,1073741824,7.89,3,111MB / 118MB,13.6MB / 1.77MB
114,2026-09-10T03:59:21.744928+00:00,229,2026-09-10T03:59:21.384298+00:00,false,microservices,auth,9cec0b0e45f32a4137d1f72d75fa0640dd8a40cb405e77781e3e3b01aedd367b,tcc-microservices-experiment-auth-1,0.02,80666952,1073741824,7.51,3,45.7kB / 40.3kB,17.9MB / 65.5kB
114,2026-09-10T03:59:21.744928+00:00,229,2026-09-10T03:59:21.384298+00:00,false,microservices,gateway,0b4e4591543a7a957c7792d1d455558adea3d911273f7ee6fd6c5c75085959c4,tcc-microservices-experiment-gateway-1,29.49,488216986,536870912,90.94,69,100MB / 112MB,78.1MB / 299kB
114,2026-09-10T03:59:21.744928+00:00,229,2026-09-10T03:59:21.384298+00:00,false,microservices,mysql,67e2504f0a790cc0f0b87b58633df5771a9038f71c1cf6fc13b21f9a336b4fc8,tcc-microservices-experiment-mysql-1,28.47,366267597,1073741824,34.11,40,36.6MB / 92.5MB,52.5MB / 213MB
114,2026-09-10T03:59:21.744928+00:00,229,2026-09-10T03:59:21.384298+00:00,false,microservices,order,d7569b7c39d89089f9d254c8ccf563f268a8997e691d861186f93e04a5c0b899,tcc-microservices-experiment-order-1,0.02,75350671,1073741824,7.02,3,5.31MB / 4.14MB,12MB / 77.8kB
114,2026-09-10T03:59:21.744928+00:00,229,2026-09-10T03:59:21.384298+00:00,false,microservices,product,5ac9975e25dd010bc938175a0e0d0fa41bc2f21bc3ddc9d4912b9622d81914e1,tcc-microservices-experiment-product-1,81.66,84672512,1073741824,7.89,3,112MB / 119MB,13.6MB / 1.77MB
115,2026-09-10T03:59:22.744906+00:00,231,2026-09-10T03:59:22.384482+00:00,false,microservices,auth,9cec0b0e45f32a4137d1f72d75fa0640dd8a40cb405e77781e3e3b01aedd367b,tcc-microservices-experiment-auth-1,0.02,80666952,1073741824,7.51,3,45.7kB / 40.3kB,17.9MB / 65.5kB
115,2026-09-10T03:59:22.744906+00:00,231,2026-09-10T03:59:22.384482+00:00,false,microservices,gateway,0b4e4591543a7a957c7792d1d455558adea3d911273f7ee6fd6c5c75085959c4,tcc-microservices-experiment-gateway-1,29.36,488636416,536870912,91.01,69,101MB / 113MB,78.1MB / 299kB
115,2026-09-10T03:59:22.744906+00:00,231,2026-09-10T03:59:22.384482+00:00,false,microservices,mysql,67e2504f0a790cc0f0b87b58633df5771a9038f71c1cf6fc13b21f9a336b4fc8,tcc-microservices-experiment-mysql-1,24.83,365743309,1073741824,34.06,40,36.9MB / 93.1MB,52.5MB / 213MB
115,2026-09-10T03:59:22.744906+00:00,231,2026-09-10T03:59:22.384482+00:00,false,microservices,order,d7569b7c39d89089f9d254c8ccf563f268a8997e691d861186f93e04a5c0b899,tcc-microservices-experiment-order-1,0.02,75350671,1073741824,7.02,3,5.31MB / 4.14MB,12MB / 77.8kB
115,2026-09-10T03:59:22.744906+00:00,231,2026-09-10T03:59:22.384482+00:00,false,microservices,product,5ac9975e25dd010bc938175a0e0d0fa41bc2f21bc3ddc9d4912b9622d81914e1,tcc-microservices-experiment-product-1,81.86,84137738,1073741824,7.84,3,113MB / 120MB,13.6MB / 1.77MB
116,2026-09-10T03:59:23.744908+00:00,233,2026-09-10T03:59:23.385037+00:00,false,microservices,auth,9cec0b0e45f32a4137d1f72d75fa0640dd8a40cb405e77781e3e3b01aedd367b,tcc-microservices-experiment-auth-1,0.02,80666952,1073741824,7.51,3,45.7kB / 40.3kB,17.9MB / 65.5kB
116,2026-09-10T03:59:23.744908+00:00,233,2026-09-10T03:59:23.385037+00:00,false,microservices,gateway,0b4e4591543a7a957c7792d1d455558adea3d911273f7ee6fd6c5c75085959c4,tcc-microservices-experiment-gateway-1,30.16,488950989,536870912,91.07,69,102MB / 114MB,78.1MB / 299kB
116,2026-09-10T03:59:23.744908+00:00,233,2026-09-10T03:59:23.385037+00:00,false,microservices,mysql,67e2504f0a790cc0f0b87b58633df5771a9038f71c1cf6fc13b21f9a336b4fc8,tcc-microservices-experiment-mysql-1,27.96,366162739,1073741824,34.1,40,37.1MB / 93.8MB,52.5MB / 213MB
116,2026-09-10T03:59:23.744908+00:00,233,2026-09-10T03:59:23.385037+00:00,false,microservices,order,d7569b7c39d89089f9d254c8ccf563f268a8997e691d861186f93e04a5c0b899,tcc-microservices-experiment-order-1,0.02,75350671,1073741824,7.02,3,5.31MB / 4.14MB,12MB / 77.8kB
116,2026-09-10T03:59:23.744908+00:00,233,2026-09-10T03:59:23.385037+00:00,false,microservices,product,5ac9975e25dd010bc938175a0e0d0fa41bc2f21bc3ddc9d4912b9622d81914e1,tcc-microservices-experiment-product-1,82.15,84483768,1073741824,7.87,3,113MB / 121MB,13.6MB / 1.77MB
117,2026-09-10T03:59:24.744894+00:00,235,2026-09-10T03:59:24.384485+00:00,false,microservices,auth,9cec0b0e45f32a4137d1f72d75fa0640dd8a40cb405e77781e3e3b01aedd367b,tcc-microservices-experiment-auth-1,0.02,80666952,1073741824,7.51,3,45.7kB / 40.3kB,17.9MB / 65.5kB
117,2026-09-10T03:59:24.744894+00:00,235,2026-09-10T03:59:24.384485+00:00,false,microservices,gateway,0b4e4591543a7a957c7792d1d455558adea3d911273f7ee6fd6c5c75085959c4,tcc-microservices-experiment-gateway-1,30.71,488636416,536870912,91.01,69,103MB / 115MB,78.1MB / 299kB
117,2026-09-10T03:59:24.744894+00:00,235,2026-09-10T03:59:24.384485+00:00,false,microservices,mysql,67e2504f0a790cc0f0b87b58633df5771a9038f71c1cf6fc13b21f9a336b4fc8,tcc-microservices-experiment-mysql-1,25.05,365323878,1073741824,34.02,40,37.3MB / 94.4MB,52.5MB / 213MB
117,2026-09-10T03:59:24.744894+00:00,235,2026-09-10T03:59:24.384485+00:00,false,microservices,order,d7569b7c39d89089f9d254c8ccf563f268a8997e691d861186f93e04a5c0b899,tcc-microservices-experiment-order-1,0.02,75350671,1073741824,7.02,3,5.31MB / 4.14MB,12MB / 77.8kB
117,2026-09-10T03:59:24.744894+00:00,235,2026-09-10T03:59:24.384485+00:00,false,microservices,product,5ac9975e25dd010bc938175a0e0d0fa41bc2f21bc3ddc9d4912b9622d81914e1,tcc-microservices-experiment-product-1,81.25,84620083,1073741824,7.88,3,114MB / 122MB,13.6MB / 1.77MB
118,2026-09-10T03:59:25.744897+00:00,237,2026-09-10T03:59:25.384305+00:00,false,microservices,auth,9cec0b0e45f32a4137d1f72d75fa0640dd8a40cb405e77781e3e3b01aedd367b,tcc-microservices-experiment-auth-1,0.02,80666952,1073741824,7.51,3,45.7kB / 40.3kB,17.9MB / 65.5kB
118,2026-09-10T03:59:25.744897+00:00,237,2026-09-10T03:59:25.384305+00:00,false,microservices,gateway,0b4e4591543a7a957c7792d1d455558adea3d911273f7ee6fd6c5c75085959c4,tcc-microservices-experiment-gateway-1,30.68,488636416,536870912,91.01,69,103MB / 116MB,78.1MB / 299kB
118,2026-09-10T03:59:25.744897+00:00,237,2026-09-10T03:59:25.384305+00:00,false,microservices,mysql,67e2504f0a790cc0f0b87b58633df5771a9038f71c1cf6fc13b21f9a336b4fc8,tcc-microservices-experiment-mysql-1,28.21,366162739,1073741824,34.1,40,37.6MB / 95.1MB,52.5MB / 213MB
118,2026-09-10T03:59:25.744897+00:00,237,2026-09-10T03:59:25.384305+00:00,false,microservices,order,d7569b7c39d89089f9d254c8ccf563f268a8997e691d861186f93e04a5c0b899,tcc-microservices-experiment-order-1,0.02,75350671,1073741824,7.02,3,5.31MB / 4.14MB,12MB / 77.8kB
118,2026-09-10T03:59:25.744897+00:00,237,2026-09-10T03:59:25.384305+00:00,false,microservices,product,5ac9975e25dd010bc938175a0e0d0fa41bc2f21bc3ddc9d4912b9622d81914e1,tcc-microservices-experiment-product-1,82.19,84578140,1073741824,7.88,3,115MB / 123MB,13.6MB / 3.28MB
119,2026-09-10T03:59:26.744895+00:00,239,2026-09-10T03:59:26.384446+00:00,false,microservices,auth,9cec0b0e45f32a4137d1f72d75fa0640dd8a40cb405e77781e3e3b01aedd367b,tcc-microservices-experiment-auth-1,0.02,80666952,1073741824,7.51,3,45.7kB / 40.3kB,17.9MB / 65.5kB
119,2026-09-10T03:59:26.744895+00:00,239,2026-09-10T03:59:26.384446+00:00,false,microservices,gateway,0b4e4591543a7a957c7792d1d455558adea3d911273f7ee6fd6c5c75085959c4,tcc-microservices-experiment-gateway-1,31.02,488531558,536870912,91.0,69,104MB / 117MB,78.1MB / 299kB
119,2026-09-10T03:59:26.744895+00:00,239,2026-09-10T03:59:26.384446+00:00,false,microservices,mysql,67e2504f0a790cc0f0b87b58633df5771a9038f71c1cf6fc13b21f9a336b4fc8,tcc-microservices-experiment-mysql-1,24.55,365323878,1073741824,34.02,40,37.8MB / 95.7MB,52.5MB / 213MB
119,2026-09-10T03:59:26.744895+00:00,239,2026-09-10T03:59:26.384446+00:00,false,microservices,order,d7569b7c39d89089f9d254c8ccf563f268a8997e691d861186f93e04a5c0b899,tcc-microservices-experiment-order-1,0.02,75350671,1073741824,7.02,3,5.31MB / 4.14MB,12MB / 77.8kB
119,2026-09-10T03:59:26.744895+00:00,239,2026-09-10T03:59:26.384446+00:00,false,microservices,product,5ac9975e25dd010bc938175a0e0d0fa41bc2f21bc3ddc9d4912b9622d81914e1,tcc-microservices-experiment-product-1,81.76,84620083,1073741824,7.88,3,116MB / 124MB,13.6MB / 3.28MB
120,2026-09-10T03:59:27.744922+00:00,241,2026-09-10T03:59:27.384319+00:00,false,microservices,auth,9cec0b0e45f32a4137d1f72d75fa0640dd8a40cb405e77781e3e3b01aedd367b,tcc-microservices-experiment-auth-1,0.02,80666952,1073741824,7.51,3,45.7kB / 40.3kB,17.9MB / 65.5kB
120,2026-09-10T03:59:27.744922+00:00,241,2026-09-10T03:59:27.384319+00:00,false,microservices,gateway,0b4e4591543a7a957c7792d1d455558adea3d911273f7ee6fd6c5c75085959c4,tcc-microservices-experiment-gateway-1,30.07,488636416,536870912,91.02,69,105MB / 117MB,78.1MB / 299kB
120,2026-09-10T03:59:27.744922+00:00,241,2026-09-10T03:59:27.384319+00:00,false,microservices,mysql,67e2504f0a790cc0f0b87b58633df5771a9038f71c1cf6fc13b21f9a336b4fc8,tcc-microservices-experiment-mysql-1,28.46,365533594,1073741824,34.05,40,38.1MB / 96.4MB,52.5MB / 213MB
120,2026-09-10T03:59:27.744922+00:00,241,2026-09-10T03:59:27.384319+00:00,false,microservices,order,d7569b7c39d89089f9d254c8ccf563f268a8997e691d861186f93e04a5c0b899,tcc-microservices-experiment-order-1,0.02,75350671,1073741824,7.02,3,5.31MB / 4.14MB,12MB / 77.8kB
120,2026-09-10T03:59:27.744922+00:00,241,2026-09-10T03:59:27.384319+00:00,false,microservices,product,5ac9975e25dd010bc938175a0e0d0fa41bc2f21bc3ddc9d4912b9622d81914e1,tcc-microservices-experiment-product-1,81.73,84221624,1073741824,7.84,3,117MB / 125MB,13.6MB / 3.28MB
