sample_index,captured_at_utc,docker_refresh_sequence,docker_refresh_captured_at_utc,docker_refresh_reused,architecture,service,container_id,container_name,cpu_percent,memory_used_bytes,memory_limit_bytes,memory_percent,pids,network_io,block_io
1,2026-09-10T11:58:27.019787+00:00,3,2026-09-10T11:58:26.649466+00:00,false,microservices,auth,3a2b559fe4c26fe75dd3f01792d353434a631f0a9d2f687c95184064a20889b5,tcc-microservices-experiment-auth-1,0.02,79209431,1073741824,7.38,3,45.3kB / 40.3kB,16.4MB / 65.5kB
1,2026-09-10T11:58:27.019787+00:00,3,2026-09-10T11:58:26.649466+00:00,false,microservices,gateway,aba588f0a9f8c4f8ce983028a0d3a33c83e5279a9b0031e940378354525197ef,tcc-microservices-experiment-gateway-1,0.23,428657869,536870912,79.85,79,1.32MB / 1.67MB,50.9MB / 180kB
1,2026-09-10T11:58:27.019787+00:00,3,2026-09-10T11:58:26.649466+00:00,false,microservices,mysql,9657460a96aabd1b63dbae5e524314696b373abf1b98c8dc67f85aab8c15f21f,tcc-microservices-experiment-mysql-1,4.06,546412954,1073741824,50.89,41,10.5MB / 18.7MB,62.7MB / 215MB
1,2026-09-10T11:58:27.019787+00:00,3,2026-09-10T11:58:26.649466+00:00,false,microservices,order,661cfe1bbbcf03dcbb08593646a71f5d3823f3a50d17cb345151deb4054c65c2,tcc-microservices-experiment-order-1,0.03,80551608,1073741824,7.5,3,12.1MB / 8.31MB,13MB / 77.8kB
1,2026-09-10T11:58:27.019787+00:00,3,2026-09-10T11:58:26.649466+00:00,false,microservices,product,b37b5ac210765e75705337e79d1c02e3f60e45795f1ee386aecfac37592beb40,tcc-microservices-experiment-product-1,0.02,79146516,1073741824,7.37,3,9.67MB / 5.06MB,12.3MB / 81.9kB
2,2026-09-10T11:58:28.019804+00:00,5,2026-09-10T11:58:27.650518+00:00,false,microservices,auth,3a2b559fe4c26fe75dd3f01792d353434a631f0a9d2f687c95184064a20889b5,tcc-microservices-experiment-auth-1,0.02,79209431,1073741824,7.38,3,45.3kB / 40.3kB,16.4MB / 65.5kB
2,2026-09-10T11:58:28.019804+00:00,5,2026-09-10T11:58:27.650518+00:00,false,microservices,gateway,aba588f0a9f8c4f8ce983028a0d3a33c83e5279a9b0031e940378354525197ef,tcc-microservices-experiment-gateway-1,0.19,428657869,536870912,79.84,79,1.32MB / 1.67MB,50.9MB / 180kB
2,2026-09-10T11:58:28.019804+00:00,5,2026-09-10T11:58:27.650518+00:00,false,microservices,mysql,9657460a96aabd1b63dbae5e524314696b373abf1b98c8dc67f85aab8c15f21f,tcc-microservices-experiment-mysql-1,5.18,546517811,1073741824,50.9,41,10.5MB / 18.7MB,62.7MB / 215MB
2,2026-09-10T11:58:28.019804+00:00,5,2026-09-10T11:58:27.650518+00:00,false,microservices,order,661cfe1bbbcf03dcbb08593646a71f5d3823f3a50d17cb345151deb4054c65c2,tcc-microservices-experiment-order-1,0.02,80551608,1073741824,7.5,3,12.1MB / 8.31MB,13MB / 77.8kB
2,2026-09-10T11:58:28.019804+00:00,5,2026-09-10T11:58:27.650518+00:00,false,microservices,product,b37b5ac210765e75705337e79d1c02e3f60e45795f1ee386aecfac37592beb40,tcc-microservices-experiment-product-1,0.02,78727086,1073741824,7.33,3,9.67MB / 5.06MB,12.3MB / 81.9kB
3,2026-09-10T11:58:29.019789+00:00,7,2026-09-10T11:58:28.648992+00:00,false,microservices,auth,3a2b559fe4c26fe75dd3f01792d353434a631f0a9d2f687c95184064a20889b5,tcc-microservices-experiment-auth-1,0.02,79209431,1073741824,7.38,3,45.3kB / 40.3kB,16.4MB / 65.5kB
3,2026-09-10T11:58:29.019789+00:00,7,2026-09-10T11:58:28.648992+00:00,false,microservices,gateway,aba588f0a9f8c4f8ce983028a0d3a33c83e5279a9b0031e940378354525197ef,tcc-microservices-experiment-gateway-1,0.22,428657869,536870912,79.84,79,1.32MB / 1.67MB,50.9MB / 180kB
3,2026-09-10T11:58:29.019789+00:00,7,2026-09-10T11:58:28.648992+00:00,false,microservices,mysql,9657460a96aabd1b63dbae5e524314696b373abf1b98c8dc67f85aab8c15f21f,tcc-microservices-experiment-mysql-1,0.77,545993523,1073741824,50.85,41,10.5MB / 18.7MB,62.7MB / 215MB
3,2026-09-10T11:58:29.019789+00:00,7,2026-09-10T11:58:28.648992+00:00,false,microservices,order,661cfe1bbbcf03dcbb08593646a71f5d3823f3a50d17cb345151deb4054c65c2,tcc-microservices-experiment-order-1,0.02,80551608,1073741824,7.5,3,12.1MB / 8.31MB,13MB / 77.8kB
3,2026-09-10T11:58:29.019789+00:00,7,2026-09-10T11:58:28.648992+00:00,false,microservices,product,b37b5ac210765e75705337e79d1c02e3f60e45795f1ee386aecfac37592beb40,tcc-microservices-experiment-product-1,0.02,78727086,1073741824,7.33,3,9.67MB / 5.06MB,12.3MB / 81.9kB
4,2026-09-10T11:58:30.019787+00:00,9,2026-09-10T11:58:29.651286+00:00,false,microservices,auth,3a2b559fe4c26fe75dd3f01792d353434a631f0a9d2f687c95184064a20889b5,tcc-microservices-experiment-auth-1,0.02,79209431,1073741824,7.38,3,45.3kB / 40.3kB,16.4MB / 65.5kB
4,2026-09-10T11:58:30.019787+00:00,9,2026-09-10T11:58:29.651286+00:00,false,microservices,gateway,aba588f0a9f8c4f8ce983028a0d3a33c83e5279a9b0031e940378354525197ef,tcc-microservices-experiment-gateway-1,29.52,431698739,536870912,80.4,79,1.38MB / 1.75MB,50.9MB / 197kB
4,2026-09-10T11:58:30.019787+00:00,9,2026-09-10T11:58:29.651286+00:00,false,microservices,mysql,9657460a96aabd1b63dbae5e524314696b373abf1b98c8dc67f85aab8c15f21f,tcc-microservices-experiment-mysql-1,26.02,547146957,1073741824,50.96,41,10.7MB / 19.1MB,62.7MB / 217MB
4,2026-09-10T11:58:30.019787+00:00,9,2026-09-10T11:58:29.651286+00:00,false,microservices,order,661cfe1bbbcf03dcbb08593646a71f5d3823f3a50d17cb345151deb4054c65c2,tcc-microservices-experiment-order-1,20.7,82166415,1073741824,7.65,3,12.3MB / 8.42MB,13MB / 77.8kB
4,2026-09-10T11:58:30.019787+00:00,9,2026-09-10T11:58:29.651286+00:00,false,microservices,product,b37b5ac210765e75705337e79d1c02e3f60e45795f1ee386aecfac37592beb40,tcc-microservices-experiment-product-1,25.32,81484841,1073741824,7.59,3,9.9MB / 5.18MB,12.3MB / 81.9kB
5,2026-09-10T11:58:31.019773+00:00,11,2026-09-10T11:58:30.650566+00:00,false,microservices,auth,3a2b559fe4c26fe75dd3f01792d353434a631f0a9d2f687c95184064a20889b5,tcc-microservices-experiment-auth-1,0.02,79209431,1073741824,7.38,3,45.3kB / 40.3kB,16.4MB / 65.5kB
5,2026-09-10T11:58:31.019773+00:00,11,2026-09-10T11:58:30.650566+00:00,false,microservices,gateway,aba588f0a9f8c4f8ce983028a0d3a33c83e5279a9b0031e940378354525197ef,tcc-microservices-experiment-gateway-1,14.16,430859878,536870912,80.26,79,1.43MB / 1.81MB,50.9MB / 197kB
5,2026-09-10T11:58:31.019773+00:00,11,2026-09-10T11:58:30.650566+00:00,false,microservices,mysql,9657460a96aabd1b63dbae5e524314696b373abf1b98c8dc67f85aab8c15f21f,tcc-microservices-experiment-mysql-1,26.04,546517811,1073741824,50.89,41,10.9MB / 19.5MB,62.7MB / 220MB
5,2026-09-10T11:58:31.019773+00:00,11,2026-09-10T11:58:30.650566+00:00,false,microservices,order,661cfe1bbbcf03dcbb08593646a71f5d3823f3a50d17cb345151deb4054c65c2,tcc-microservices-experiment-order-1,26.1,82648760,1073741824,7.7,3,12.5MB / 8.55MB,13MB / 77.8kB
5,2026-09-10T11:58:31.019773+00:00,11,2026-09-10T11:58:30.650566+00:00,false,microservices,product,b37b5ac210765e75705337e79d1c02e3f60e45795f1ee386aecfac37592beb40,tcc-microservices-experiment-product-1,31.95,80761324,1073741824,7.52,3,10.2MB / 5.34MB,12.3MB / 81.9kB
6,2026-09-10T11:58:32.019789+00:00,13,2026-09-10T11:58:31.650045+00:00,false,microservices,auth,3a2b559fe4c26fe75dd3f01792d353434a631f0a9d2f687c95184064a20889b5,tcc-microservices-experiment-auth-1,0.02,79209431,1073741824,7.38,3,45.3kB / 40.3kB,16.4MB / 65.5kB
6,2026-09-10T11:58:32.019789+00:00,13,2026-09-10T11:58:31.650045+00:00,false,microservices,gateway,aba588f0a9f8c4f8ce983028a0d3a33c83e5279a9b0031e940378354525197ef,tcc-microservices-experiment-gateway-1,22.32,433271603,536870912,80.7,79,1.47MB / 1.86MB,50.9MB / 197kB
6,2026-09-10T11:58:32.019789+00:00,13,2026-09-10T11:58:31.650045+00:00,false,microservices,mysql,9657460a96aabd1b63dbae5e524314696b373abf1b98c8dc67f85aab8c15f21f,tcc-microservices-experiment-mysql-1,30.98,547461530,1073741824,50.99,41,11.1MB / 19.9MB,62.7MB / 222MB
6,2026-09-10T11:58:32.019789+00:00,13,2026-09-10T11:58:31.650045+00:00,false,microservices,order,661cfe1bbbcf03dcbb08593646a71f5d3823f3a50d17cb345151deb4054c65c2,tcc-microservices-experiment-order-1,26.46,82564874,1073741824,7.69,3,12.7MB / 8.7MB,13MB / 77.8kB
6,2026-09-10T11:58:32.019789+00:00,13,2026-09-10T11:58:31.650045+00:00,false,microservices,product,b37b5ac210765e75705337e79d1c02e3f60e45795f1ee386aecfac37592beb40,tcc-microservices-experiment-product-1,33.43,80687923,1073741824,7.51,3,10.5MB / 5.51MB,12.3MB / 81.9kB
7,2026-09-10T11:58:33.019755+00:00,15,2026-09-10T11:58:32.650874+00:00,false,microservices,auth,3a2b559fe4c26fe75dd3f01792d353434a631f0a9d2f687c95184064a20889b5,tcc-microservices-experiment-auth-1,0.02,79209431,1073741824,7.38,3,45.3kB / 40.3kB,16.4MB / 65.5kB
7,2026-09-10T11:58:33.019755+00:00,15,2026-09-10T11:58:32.650874+00:00,false,microservices,gateway,aba588f0a9f8c4f8ce983028a0d3a33c83e5279a9b0031e940378354525197ef,tcc-microservices-experiment-gateway-1,16.61,433691034,536870912,80.79,79,1.51MB / 1.92MB,50.9MB / 197kB
7,2026-09-10T11:58:33.019755+00:00,15,2026-09-10T11:58:32.650874+00:00,false,microservices,mysql,9657460a96aabd1b63dbae5e524314696b373abf1b98c8dc67f85aab8c15f21f,tcc-microservices-experiment-mysql-1,26.7,547671245,1073741824,51.01,41,11.3MB / 20.4MB,62.7MB / 225MB
7,2026-09-10T11:58:33.019755+00:00,15,2026-09-10T11:58:32.650874+00:00,false,microservices,order,661cfe1bbbcf03dcbb08593646a71f5d3823f3a50d17cb345151deb4054c65c2,tcc-microservices-experiment-order-1,26.28,82386616,1073741824,7.67,3,13MB / 8.84MB,13MB / 77.8kB
7,2026-09-10T11:58:33.019755+00:00,15,2026-09-10T11:58:32.650874+00:00,false,microservices,product,b37b5ac210765e75705337e79d1c02e3f60e45795f1ee386aecfac37592beb40,tcc-microservices-experiment-product-1,31.6,81432412,1073741824,7.58,3,10.8MB / 5.67MB,12.3MB / 81.9kB
8,2026-09-10T11:58:34.019755+00:00,17,2026-09-10T11:58:33.650412+00:00,false,microservices,auth,3a2b559fe4c26fe75dd3f01792d353434a631f0a9d2f687c95184064a20889b5,tcc-microservices-experiment-auth-1,0.02,79209431,1073741824,7.38,3,45.3kB / 40.3kB,16.4MB / 65.5kB
8,2026-09-10T11:58:34.019755+00:00,17,2026-09-10T11:58:33.650412+00:00,false,microservices,gateway,aba588f0a9f8c4f8ce983028a0d3a33c83e5279a9b0031e940378354525197ef,tcc-microservices-experiment-gateway-1,14.9,432642458,536870912,80.58,79,1.56MB / 1.98MB,50.9MB / 197kB
8,2026-09-10T11:58:34.019755+00:00,17,2026-09-10T11:58:33.650412+00:00,false,microservices,mysql,9657460a96aabd1b63dbae5e524314696b373abf1b98c8dc67f85aab8c15f21f,tcc-microservices-experiment-mysql-1,30.01,547671245,1073741824,51.01,41,11.5MB / 20.8MB,62.7MB / 228MB
8,2026-09-10T11:58:34.019755+00:00,17,2026-09-10T11:58:33.650412+00:00,false,microservices,order,661cfe1bbbcf03dcbb08593646a71f5d3823f3a50d17cb345151deb4054c65c2,tcc-microservices-experiment-order-1,26.32,82522931,1073741824,7.69,3,13.2MB / 8.98MB,13MB / 77.8kB
8,2026-09-10T11:58:34.019755+00:00,17,2026-09-10T11:58:33.650412+00:00,false,microservices,product,b37b5ac210765e75705337e79d1c02e3f60e45795f1ee386aecfac37592beb40,tcc-microservices-experiment-product-1,32.55,81778442,1073741824,7.62,3,11.2MB / 5.83MB,12.3MB / 81.9kB
9,2026-09-10T11:58:35.019798+00:00,19,2026-09-10T11:58:34.650208+00:00,false,microservices,auth,3a2b559fe4c26fe75dd3f01792d353434a631f0a9d2f687c95184064a20889b5,tcc-microservices-experiment-auth-1,0.02,79198945,1073741824,7.38,3,45.3kB / 40.3kB,16.4MB / 65.5kB
9,2026-09-10T11:58:35.019798+00:00,19,2026-09-10T11:58:34.650208+00:00,false,microservices,gateway,aba588f0a9f8c4f8ce983028a0d3a33c83e5279a9b0031e940378354525197ef,tcc-microservices-experiment-gateway-1,38.98,435054182,536870912,81.03,79,1.6MB / 2.03MB,50.9MB / 197kB
9,2026-09-10T11:58:35.019798+00:00,19,2026-09-10T11:58:34.650208+00:00,false,microservices,mysql,9657460a96aabd1b63dbae5e524314696b373abf1b98c8dc67f85aab8c15f21f,tcc-microservices-experiment-mysql-1,26.07,547671245,1073741824,51.01,41,11.7MB / 21.3MB,62.7MB / 231MB
9,2026-09-10T11:58:35.019798+00:00,19,2026-09-10T11:58:34.650208+00:00,false,microservices,order,661cfe1bbbcf03dcbb08593646a71f5d3823f3a50d17cb345151deb4054c65c2,tcc-microservices-experiment-order-1,26.81,81956700,1073741824,7.63,3,13.4MB / 9.12MB,13MB / 77.8kB
9,2026-09-10T11:58:35.019798+00:00,19,2026-09-10T11:58:34.650208+00:00,false,microservices,product,b37b5ac210765e75705337e79d1c02e3f60e45795f1ee386aecfac37592beb40,tcc-microservices-experiment-product-1,32.38,81138811,1073741824,7.56,3,11.5MB / 5.99MB,12.3MB / 81.9kB
10,2026-09-10T11:58:36.019788+00:00,21,2026-09-10T11:58:35.649410+00:00,false,microservices,auth,3a2b559fe4c26fe75dd3f01792d353434a631f0a9d2f687c95184064a20889b5,tcc-microservices-experiment-auth-1,0.02,79198945,1073741824,7.38,3,45.3kB / 40.3kB,16.4MB / 65.5kB
10,2026-09-10T11:58:36.019788+00:00,21,2026-09-10T11:58:35.649410+00:00,false,microservices,gateway,aba588f0a9f8c4f8ce983028a0d3a33c83e5279a9b0031e940378354525197ef,tcc-microservices-experiment-gateway-1,10.92,435578470,536870912,81.13,79,1.64MB / 2.09MB,50.9MB / 197kB
10,2026-09-10T11:58:36.019788+00:00,21,2026-09-10T11:58:35.649410+00:00,false,microservices,mysql,9657460a96aabd1b63dbae5e524314696b373abf1b98c8dc67f85aab8c15f21f,tcc-microservices-experiment-mysql-1,29.55,548824678,1073741824,51.11,41,11.9MB / 21.7MB,62.7MB / 234MB
10,2026-09-10T11:58:36.019788+00:00,21,2026-09-10T11:58:35.649410+00:00,false,microservices,order,661cfe1bbbcf03dcbb08593646a71f5d3823f3a50d17cb345151deb4054c65c2,tcc-microservices-experiment-order-1,27.6,82470502,1073741824,7.68,3,13.7MB / 9.26MB,13MB / 77.8kB
10,2026-09-10T11:58:36.019788+00:00,21,2026-09-10T11:58:35.649410+00:00,false,microservices,product,b37b5ac210765e75705337e79d1c02e3f60e45795f1ee386aecfac37592beb40,tcc-microservices-experiment-product-1,33.01,81233183,1073741824,7.57,3,11.8MB / 6.15MB,12.3MB / 81.9kB
11,2026-09-10T11:58:37.019773+00:00,23,2026-09-10T11:58:36.649474+00:00,false,microservices,auth,3a2b559fe4c26fe75dd3f01792d353434a631f0a9d2f687c95184064a20889b5,tcc-microservices-experiment-auth-1,0.02,79198945,1073741824,7.38,3,45.3kB / 40.3kB,16.4MB / 65.5kB
11,2026-09-10T11:58:37.019773+00:00,23,2026-09-10T11:58:36.649474+00:00,false,microservices,gateway,aba588f0a9f8c4f8ce983028a0d3a33c83e5279a9b0031e940378354525197ef,tcc-microservices-experiment-gateway-1,19.98,442603930,536870912,82.43,79,1.69MB / 2.14MB,50.9MB / 197kB
11,2026-09-10T11:58:37.019773+00:00,23,2026-09-10T11:58:36.649474+00:00,false,microservices,mysql,9657460a96aabd1b63dbae5e524314696b373abf1b98c8dc67f85aab8c15f21f,tcc-microservices-experiment-mysql-1,25.19,547880960,1073741824,51.02,41,12.1MB / 22.1MB,62.7MB / 237MB
11,2026-09-10T11:58:37.019773+00:00,23,2026-09-10T11:58:36.649474+00:00,false,microservices,order,661cfe1bbbcf03dcbb08593646a71f5d3823f3a50d17cb345151deb4054c65c2,tcc-microservices-experiment-order-1,27.11,82208358,1073741824,7.66,3,13.9MB / 9.4MB,13MB / 77.8kB
11,2026-09-10T11:58:37.019773+00:00,23,2026-09-10T11:58:36.649474+00:00,false,microservices,product,b37b5ac210765e75705337e79d1c02e3f60e45795f1ee386aecfac37592beb40,tcc-microservices-experiment-product-1,31.3,80614523,1073741824,7.51,3,12.1MB / 6.31MB,12.3MB / 81.9kB
12,2026-09-10T11:58:38.019770+00:00,25,2026-09-10T11:58:37.650203+00:00,false,microservices,auth,3a2b559fe4c26fe75dd3f01792d353434a631f0a9d2f687c95184064a20889b5,tcc-microservices-experiment-auth-1,0.01,79198945,1073741824,7.38,3,45.3kB / 40.3kB,16.4MB / 65.5kB
12,2026-09-10T11:58:38.019770+00:00,25,2026-09-10T11:58:37.650203+00:00,false,microservices,gateway,aba588f0a9f8c4f8ce983028a0d3a33c83e5279a9b0031e940378354525197ef,tcc-microservices-experiment-gateway-1,25.08,448161382,536870912,83.47,79,1.73MB / 2.2MB,50.9MB / 197kB
12,2026-09-10T11:58:38.019770+00:00,25,2026-09-10T11:58:37.650203+00:00,false,microservices,mysql,9657460a96aabd1b63dbae5e524314696b373abf1b98c8dc67f85aab8c15f21f,tcc-microservices-experiment-mysql-1,28.97,547461530,1073741824,50.99,41,12.3MB / 22.6MB,62.7MB / 240MB
12,2026-09-10T11:58:38.019770+00:00,25,2026-09-10T11:58:37.650203+00:00,false,microservices,order,661cfe1bbbcf03dcbb08593646a71f5d3823f3a50d17cb345151deb4054c65c2,tcc-microservices-experiment-order-1,26.8,82407588,1073741824,7.68,3,14.1MB / 9.54MB,13MB / 77.8kB
12,2026-09-10T11:58:38.019770+00:00,25,2026-09-10T11:58:37.650203+00:00,false,microservices,product,b37b5ac210765e75705337e79d1c02e3f60e45795f1ee386aecfac37592beb40,tcc-microservices-experiment-product-1,32.91,81652613,1073741824,7.6,3,12.4MB / 6.47MB,12.3MB / 81.9kB
13,2026-09-10T11:58:39.019787+00:00,27,2026-09-10T11:58:38.649346+00:00,false,microservices,auth,3a2b559fe4c26fe75dd3f01792d353434a631f0a9d2f687c95184064a20889b5,tcc-microservices-experiment-auth-1,0.02,79198945,1073741824,7.38,3,45.3kB / 40.3kB,16.4MB / 65.5kB
13,2026-09-10T11:58:39.019787+00:00,27,2026-09-10T11:58:38.649346+00:00,false,microservices,gateway,aba588f0a9f8c4f8ce983028a0d3a33c83e5279a9b0031e940378354525197ef,tcc-microservices-experiment-gateway-1,15.42,443337933,536870912,82.57,79,1.77MB / 2.25MB,50.9MB / 197kB
13,2026-09-10T11:58:39.019787+00:00,27,2026-09-10T11:58:38.649346+00:00,false,microservices,mysql,9657460a96aabd1b63dbae5e524314696b373abf1b98c8dc67f85aab8c15f21f,tcc-microservices-experiment-mysql-1,25.37,547985818,1073741824,51.04,41,12.5MB / 23MB,62.7MB / 243MB
13,2026-09-10T11:58:39.019787+00:00,27,2026-09-10T11:58:38.649346+00:00,false,microservices,order,661cfe1bbbcf03dcbb08593646a71f5d3823f3a50d17cb345151deb4054c65c2,tcc-microservices-experiment-order-1,26.67,82439045,1073741824,7.68,3,14.3MB / 9.68MB,13MB / 77.8kB
13,2026-09-10T11:58:39.019787+00:00,27,2026-09-10T11:58:38.649346+00:00,false,microservices,product,b37b5ac210765e75705337e79d1c02e3f60e45795f1ee386aecfac37592beb40,tcc-microservices-experiment-product-1,32.48,81442898,1073741824,7.59,3,12.7MB / 6.63MB,12.3MB / 81.9kB
14,2026-09-10T11:58:40.019769+00:00,29,2026-09-10T11:58:39.649255+00:00,false,microservices,auth,3a2b559fe4c26fe75dd3f01792d353434a631f0a9d2f687c95184064a20889b5,tcc-microservices-experiment-auth-1,0.02,79198945,1073741824,7.38,3,45.3kB / 40.3kB,16.4MB / 65.5kB
14,2026-09-10T11:58:40.019769+00:00,29,2026-09-10T11:58:39.649255+00:00,false,microservices,gateway,aba588f0a9f8c4f8ce983028a0d3a33c83e5279a9b0031e940378354525197ef,tcc-microservices-experiment-gateway-1,14.6,443233075,536870912,82.56,79,1.82MB / 2.31MB,50.9MB / 197kB
14,2026-09-10T11:58:40.019769+00:00,29,2026-09-10T11:58:39.649255+00:00,false,microservices,mysql,9657460a96aabd1b63dbae5e524314696b373abf1b98c8dc67f85aab8c15f21f,tcc-microservices-experiment-mysql-1,28.85,548195533,1073741824,51.05,41,12.7MB / 23.4MB,62.7MB / 245MB
14,2026-09-10T11:58:40.019769+00:00,29,2026-09-10T11:58:39.649255+00:00,false,microservices,order,661cfe1bbbcf03dcbb08593646a71f5d3823f3a50d17cb345151deb4054c65c2,tcc-microservices-experiment-order-1,26.58,82543903,1073741824,7.69,3,14.6MB / 9.82MB,13MB / 77.8kB
14,2026-09-10T11:58:40.019769+00:00,29,2026-09-10T11:58:39.649255+00:00,false,microservices,product,b37b5ac210765e75705337e79d1c02e3f60e45795f1ee386aecfac37592beb40,tcc-microservices-experiment-product-1,32.6,81579213,1073741824,7.6,3,13MB / 6.79MB,12.3MB / 81.9kB
15,2026-09-10T11:58:41.019797+00:00,31,2026-09-10T11:58:40.650539+00:00,false,microservices,auth,3a2b559fe4c26fe75dd3f01792d353434a631f0a9d2f687c95184064a20889b5,tcc-microservices-experiment-auth-1,0.02,79198945,1073741824,7.38,3,45.3kB / 40.3kB,16.4MB / 65.5kB
15,2026-09-10T11:58:41.019797+00:00,31,2026-09-10T11:58:40.650539+00:00,false,microservices,gateway,aba588f0a9f8c4f8ce983028a0d3a33c83e5279a9b0031e940378354525197ef,tcc-microservices-experiment-gateway-1,22.02,443233075,536870912,82.56,79,1.86MB / 2.37MB,50.9MB / 197kB
15,2026-09-10T11:58:41.019797+00:00,31,2026-09-10T11:58:40.650539+00:00,false,microservices,mysql,9657460a96aabd1b63dbae5e524314696b373abf1b98c8dc67f85aab8c15f21f,tcc-microservices-experiment-mysql-1,26.38,548090675,1073741824,51.04,41,12.9MB / 23.9MB,62.7MB / 248MB
15,2026-09-10T11:58:41.019797+00:00,31,2026-09-10T11:58:40.650539+00:00,false,microservices,order,661cfe1bbbcf03dcbb08593646a71f5d3823f3a50d17cb345151deb4054c65c2,tcc-microservices-experiment-order-1,26.24,81893786,1073741824,7.63,3,14.8MB / 9.96MB,13MB / 77.8kB
15,2026-09-10T11:58:41.019797+00:00,31,2026-09-10T11:58:40.650539+00:00,false,microservices,product,b37b5ac210765e75705337e79d1c02e3f60e45795f1ee386aecfac37592beb40,tcc-microservices-experiment-product-1,32.3,81505812,1073741824,7.59,3,13.3MB / 6.95MB,12.3MB / 81.9kB
16,2026-09-10T11:58:42.019792+00:00,33,2026-09-10T11:58:41.649694+00:00,false,microservices,auth,3a2b559fe4c26fe75dd3f01792d353434a631f0a9d2f687c95184064a20889b5,tcc-microservices-experiment-auth-1,0.02,79198945,1073741824,7.38,3,45.3kB / 40.3kB,16.4MB / 65.5kB
16,2026-09-10T11:58:42.019792+00:00,33,2026-09-10T11:58:41.649694+00:00,false,microservices,gateway,aba588f0a9f8c4f8ce983028a0d3a33c83e5279a9b0031e940378354525197ef,tcc-microservices-experiment-gateway-1,7.19,443337933,536870912,82.58,79,1.9MB / 2.41MB,50.9MB / 197kB
16,2026-09-10T11:58:42.019792+00:00,33,2026-09-10T11:58:41.649694+00:00,false,microservices,mysql,9657460a96aabd1b63dbae5e524314696b373abf1b98c8dc67f85aab8c15f21f,tcc-microservices-experiment-mysql-1,25.95,547985818,1073741824,51.03,41,13.1MB / 24.3MB,62.7MB / 251MB
16,2026-09-10T11:58:42.019792+00:00,33,2026-09-10T11:58:41.649694+00:00,false,microservices,order,661cfe1bbbcf03dcbb08593646a71f5d3823f3a50d17cb345151deb4054c65c2,tcc-microservices-experiment-order-1,22.25,82554388,1073741824,7.69,3,15MB / 10.1MB,13MB / 77.8kB
16,2026-09-10T11:58:42.019792+00:00,33,2026-09-10T11:58:41.649694+00:00,false,microservices,product,b37b5ac210765e75705337e79d1c02e3f60e45795f1ee386aecfac37592beb40,tcc-microservices-experiment-product-1,27.98,81317069,1073741824,7.57,3,13.6MB / 7.09MB,12.3MB / 81.9kB
17,2026-09-10T11:58:43.019771+00:00,35,2026-09-10T11:58:42.649890+00:00,false,microservices,auth,3a2b559fe4c26fe75dd3f01792d353434a631f0a9d2f687c95184064a20889b5,tcc-microservices-experiment-auth-1,0.02,79198945,1073741824,7.38,3,45.3kB / 40.3kB,16.4MB / 65.5kB
17,2026-09-10T11:58:43.019771+00:00,35,2026-09-10T11:58:42.649890+00:00,false,microservices,gateway,aba588f0a9f8c4f8ce983028a0d3a33c83e5279a9b0031e940378354525197ef,tcc-microservices-experiment-gateway-1,10.22,443547648,536870912,82.62,79,1.94MB / 2.47MB,50.9MB / 197kB
17,2026-09-10T11:58:43.019771+00:00,35,2026-09-10T11:58:42.649890+00:00,false,microservices,mysql,9657460a96aabd1b63dbae5e524314696b373abf1b98c8dc67f85aab8c15f21f,tcc-microservices-experiment-mysql-1,25.86,547985818,1073741824,51.03,41,13.3MB / 24.7MB,62.7MB / 254MB
17,2026-09-10T11:58:43.019771+00:00,35,2026-09-10T11:58:42.649890+00:00,false,microservices,order,661cfe1bbbcf03dcbb08593646a71f5d3823f3a50d17cb345151deb4054c65c2,tcc-microservices-experiment-order-1,25.67,82648760,1073741824,7.7,3,15.2MB / 10.2MB,13MB / 77.8kB
17,2026-09-10T11:58:43.019771+00:00,35,2026-09-10T11:58:42.649890+00:00,false,microservices,product,b37b5ac210765e75705337e79d1c02e3f60e45795f1ee386aecfac37592beb40,tcc-microservices-experiment-product-1,31.85,81883300,1073741824,7.63,3,13.9MB / 7.25MB,12.3MB / 81.9kB
18,2026-09-10T11:58:44.019792+00:00,37,2026-09-10T11:58:43.649219+00:00,false,microservices,auth,3a2b559fe4c26fe75dd3f01792d353434a631f0a9d2f687c95184064a20889b5,tcc-microservices-experiment-auth-1,0.02,79198945,1073741824,7.38,3,45.3kB / 40.3kB,16.4MB / 65.5kB
18,2026-09-10T11:58:44.019792+00:00,37,2026-09-10T11:58:43.649219+00:00,false,microservices,gateway,aba588f0a9f8c4f8ce983028a0d3a33c83e5279a9b0031e940378354525197ef,tcc-microservices-experiment-gateway-1,8.62,443547648,536870912,82.61,79,1.98MB / 2.52MB,50.9MB / 197kB
18,2026-09-10T11:58:44.019792+00:00,37,2026-09-10T11:58:43.649219+00:00,false,microservices,mysql,9657460a96aabd1b63dbae5e524314696b373abf1b98c8dc67f85aab8c15f21f,tcc-microservices-experiment-mysql-1,30.2,547985818,1073741824,51.03,41,13.5MB / 25.1MB,62.7MB / 256MB
18,2026-09-10T11:58:44.019792+00:00,37,2026-09-10T11:58:43.649219+00:00,false,microservices,order,661cfe1bbbcf03dcbb08593646a71f5d3823f3a50d17cb345151deb4054c65c2,tcc-microservices-experiment-order-1,26.45,82910904,1073741824,7.72,3,15.4MB / 10.4MB,13MB / 77.8kB
18,2026-09-10T11:58:44.019792+00:00,37,2026-09-10T11:58:43.649219+00:00,false,microservices,product,b37b5ac210765e75705337e79d1c02e3f60e45795f1ee386aecfac37592beb40,tcc-microservices-experiment-product-1,31.51,81463869,1073741824,7.59,3,14.2MB / 7.41MB,12.3MB / 81.9kB
19,2026-09-10T11:58:45.019764+00:00,39,2026-09-10T11:58:44.650536+00:00,false,microservices,auth,3a2b559fe4c26fe75dd3f01792d353434a631f0a9d2f687c95184064a20889b5,tcc-microservices-experiment-auth-1,0.02,79198945,1073741824,7.38,3,45.3kB / 40.3kB,16.4MB / 65.5kB
19,2026-09-10T11:58:45.019764+00:00,39,2026-09-10T11:58:44.650536+00:00,false,microservices,gateway,aba588f0a9f8c4f8ce983028a0d3a33c83e5279a9b0031e940378354525197ef,tcc-microservices-experiment-gateway-1,12.64,443757363,536870912,82.66,79,2.03MB / 2.58MB,50.9MB / 213kB
19,2026-09-10T11:58:45.019764+00:00,39,2026-09-10T11:58:44.650536+00:00,false,microservices,mysql,9657460a96aabd1b63dbae5e524314696b373abf1b98c8dc67f85aab8c15f21f,tcc-microservices-experiment-mysql-1,25.61,548719821,1073741824,51.11,41,13.7MB / 25.6MB,62.7MB / 259MB
19,2026-09-10T11:58:45.019764+00:00,39,2026-09-10T11:58:44.650536+00:00,false,microservices,order,661cfe1bbbcf03dcbb08593646a71f5d3823f3a50d17cb345151deb4054c65c2,tcc-microservices-experiment-order-1,26.3,82617303,1073741824,7.69,3,15.7MB / 10.5MB,13MB / 77.8kB
19,2026-09-10T11:58:45.019764+00:00,39,2026-09-10T11:58:44.650536+00:00,false,microservices,product,b37b5ac210765e75705337e79d1c02e3f60e45795f1ee386aecfac37592beb40,tcc-microservices-experiment-product-1,31.7,81369498,1073741824,7.58,3,14.5MB / 7.57MB,12.3MB / 81.9kB
20,2026-09-10T11:58:46.019788+00:00,41,2026-09-10T11:58:45.650350+00:00,false,microservices,auth,3a2b559fe4c26fe75dd3f01792d353434a631f0a9d2f687c95184064a20889b5,tcc-microservices-experiment-auth-1,0.01,79198945,1073741824,7.38,3,45.3kB / 40.3kB,16.4MB / 65.5kB
20,2026-09-10T11:58:46.019788+00:00,41,2026-09-10T11:58:45.650350+00:00,false,microservices,gateway,aba588f0a9f8c4f8ce983028a0d3a33c83e5279a9b0031e940378354525197ef,tcc-microservices-experiment-gateway-1,46.76,451516826,536870912,84.1,79,2.07MB / 2.64MB,50.9MB / 213kB
20,2026-09-10T11:58:46.019788+00:00,41,2026-09-10T11:58:45.650350+00:00,false,microservices,mysql,9657460a96aabd1b63dbae5e524314696b373abf1b98c8dc67f85aab8c15f21f,tcc-microservices-experiment-mysql-1,29.96,548824678,1073741824,51.11,41,13.9MB / 26MB,62.7MB / 262MB
20,2026-09-10T11:58:46.019788+00:00,41,2026-09-10T11:58:45.650350+00:00,false,microservices,order,661cfe1bbbcf03dcbb08593646a71f5d3823f3a50d17cb345151deb4054c65c2,tcc-microservices-experiment-order-1,26.36,82617303,1073741824,7.69,3,15.9MB / 10.6MB,13MB / 77.8kB
20,2026-09-10T11:58:46.019788+00:00,41,2026-09-10T11:58:45.650350+00:00,false,microservices,product,b37b5ac210765e75705337e79d1c02e3f60e45795f1ee386aecfac37592beb40,tcc-microservices-experiment-product-1,32.32,80992010,1073741824,7.54,3,14.8MB / 7.73MB,12.3MB / 81.9kB
21,2026-09-10T11:58:47.019782+00:00,43,2026-09-10T11:58:46.649192+00:00,false,microservices,auth,3a2b559fe4c26fe75dd3f01792d353434a631f0a9d2f687c95184064a20889b5,tcc-microservices-experiment-auth-1,0.02,79198945,1073741824,7.38,3,45.3kB / 40.3kB,16.4MB / 65.5kB
21,2026-09-10T11:58:47.019782+00:00,43,2026-09-10T11:58:46.649192+00:00,false,microservices,gateway,aba588f0a9f8c4f8ce983028a0d3a33c83e5279a9b0031e940378354525197ef,tcc-microservices-experiment-gateway-1,14.96,451411968,536870912,84.08,79,2.12MB / 2.69MB,50.9MB / 213kB
21,2026-09-10T11:58:47.019782+00:00,43,2026-09-10T11:58:46.649192+00:00,false,microservices,mysql,9657460a96aabd1b63dbae5e524314696b373abf1b98c8dc67f85aab8c15f21f,tcc-microservices-experiment-mysql-1,26.61,548300390,1073741824,51.07,41,14.1MB / 26.4MB,62.7MB / 264MB
21,2026-09-10T11:58:47.019782+00:00,43,2026-09-10T11:58:46.649192+00:00,false,microservices,order,661cfe1bbbcf03dcbb08593646a71f5d3823f3a50d17cb345151deb4054c65c2,tcc-microservices-experiment-order-1,26.72,82407588,1073741824,7.67,3,16.1MB / 10.8MB,13MB / 77.8kB
21,2026-09-10T11:58:47.019782+00:00,43,2026-09-10T11:58:46.649192+00:00,false,microservices,product,b37b5ac210765e75705337e79d1c02e3f60e45795f1ee386aecfac37592beb40,tcc-microservices-experiment-product-1,32.05,81862328,1073741824,7.62,3,15.2MB / 7.89MB,12.3MB / 81.9kB
22,2026-09-10T11:58:48.019792+00:00,45,2026-09-10T11:58:47.649470+00:00,false,microservices,auth,3a2b559fe4c26fe75dd3f01792d353434a631f0a9d2f687c95184064a20889b5,tcc-microservices-experiment-auth-1,0.02,79198945,1073741824,7.38,3,45.3kB / 40.3kB,16.4MB / 65.5kB
22,2026-09-10T11:58:48.019792+00:00,45,2026-09-10T11:58:47.649470+00:00,false,microservices,gateway,aba588f0a9f8c4f8ce983028a0d3a33c83e5279a9b0031e940378354525197ef,tcc-microservices-experiment-gateway-1,10.5,451516826,536870912,84.1,79,2.16MB / 2.75MB,50.9MB / 213kB
22,2026-09-10T11:58:48.019792+00:00,45,2026-09-10T11:58:47.649470+00:00,false,microservices,mysql,9657460a96aabd1b63dbae5e524314696b373abf1b98c8dc67f85aab8c15f21f,tcc-microservices-experiment-mysql-1,30.39,549453824,1073741824,51.17,41,14.3MB / 26.9MB,62.7MB / 267MB
22,2026-09-10T11:58:48.019792+00:00,45,2026-09-10T11:58:47.649470+00:00,false,microservices,order,661cfe1bbbcf03dcbb08593646a71f5d3823f3a50d17cb345151deb4054c65c2,tcc-microservices-experiment-order-1,26.87,82281759,1073741824,7.66,3,16.4MB / 10.9MB,13MB / 77.8kB
22,2026-09-10T11:58:48.019792+00:00,45,2026-09-10T11:58:47.649470+00:00,false,microservices,product,b37b5ac210765e75705337e79d1c02e3f60e45795f1ee386aecfac37592beb40,tcc-microservices-experiment-product-1,32.77,81526784,1073741824,7.59,3,15.5MB / 8.05MB,12.3MB / 81.9kB
23,2026-09-10T11:58:49.019767+00:00,47,2026-09-10T11:58:48.649421+00:00,false,microservices,auth,3a2b559fe4c26fe75dd3f01792d353434a631f0a9d2f687c95184064a20889b5,tcc-microservices-experiment-auth-1,0.02,79198945,1073741824,7.38,3,45.3kB / 40.3kB,16.4MB / 65.5kB
23,2026-09-10T11:58:49.019767+00:00,47,2026-09-10T11:58:48.649421+00:00,false,microservices,gateway,aba588f0a9f8c4f8ce983028a0d3a33c83e5279a9b0031e940378354525197ef,tcc-microservices-experiment-gateway-1,12.58,444701082,536870912,82.83,79,2.2MB / 2.8MB,50.9MB / 213kB
23,2026-09-10T11:58:49.019767+00:00,47,2026-09-10T11:58:48.649421+00:00,false,microservices,mysql,9657460a96aabd1b63dbae5e524314696b373abf1b98c8dc67f85aab8c15f21f,tcc-microservices-experiment-mysql-1,25.6,548824678,1073741824,51.11,41,14.5MB / 27.3MB,62.7MB / 269MB
23,2026-09-10T11:58:49.019767+00:00,47,2026-09-10T11:58:48.649421+00:00,false,microservices,order,661cfe1bbbcf03dcbb08593646a71f5d3823f3a50d17cb345151deb4054c65c2,tcc-microservices-experiment-order-1,25.6,82669732,1073741824,7.7,3,16.6MB / 11.1MB,13MB / 77.8kB
23,2026-09-10T11:58:49.019767+00:00,47,2026-09-10T11:58:48.649421+00:00,false,microservices,product,b37b5ac210765e75705337e79d1c02e3f60e45795f1ee386aecfac37592beb40,tcc-microservices-experiment-product-1,31.86,81264640,1073741824,7.57,3,15.8MB / 8.21MB,12.3MB / 81.9kB
24,2026-09-10T11:58:50.019793+00:00,49,2026-09-10T11:58:49.649275+00:00,false,microservices,auth,3a2b559fe4c26fe75dd3f01792d353434a631f0a9d2f687c95184064a20889b5,tcc-microservices-experiment-auth-1,0.02,79198945,1073741824,7.38,3,45.3kB / 40.3kB,16.4MB / 65.5kB
24,2026-09-10T11:58:50.019793+00:00,49,2026-09-10T11:58:49.649275+00:00,false,microservices,gateway,aba588f0a9f8c4f8ce983028a0d3a33c83e5279a9b0031e940378354525197ef,tcc-microservices-experiment-gateway-1,10.21,444596224,536870912,82.82,79,2.25MB / 2.86MB,50.9MB / 213kB
24,2026-09-10T11:58:50.019793+00:00,49,2026-09-10T11:58:49.649275+00:00,false,microservices,mysql,9657460a96aabd1b63dbae5e524314696b373abf1b98c8dc67f85aab8c15f21f,tcc-microservices-experiment-mysql-1,29.99,549034394,1073741824,51.13,41,14.7MB / 27.7MB,62.7MB / 272MB
24,2026-09-10T11:58:50.019793+00:00,49,2026-09-10T11:58:49.649275+00:00,false,microservices,order,661cfe1bbbcf03dcbb08593646a71f5d3823f3a50d17cb345151deb4054c65c2,tcc-microservices-experiment-order-1,26.59,82271273,1073741824,7.66,3,16.8MB / 11.2MB,13MB / 77.8kB
24,2026-09-10T11:58:50.019793+00:00,49,2026-09-10T11:58:49.649275+00:00,false,microservices,product,b37b5ac210765e75705337e79d1c02e3f60e45795f1ee386aecfac37592beb40,tcc-microservices-experiment-product-1,32.61,81621156,1073741824,7.6,3,16.1MB / 8.37MB,12.3MB / 81.9kB
25,2026-09-10T11:58:51.019768+00:00,51,2026-09-10T11:58:50.649801+00:00,false,microservices,auth,3a2b559fe4c26fe75dd3f01792d353434a631f0a9d2f687c95184064a20889b5,tcc-microservices-experiment-auth-1,0.02,79198945,1073741824,7.38,3,45.3kB / 40.3kB,16.4MB / 65.5kB
25,2026-09-10T11:58:51.019768+00:00,51,2026-09-10T11:58:50.649801+00:00,false,microservices,gateway,aba588f0a9f8c4f8ce983028a0d3a33c83e5279a9b0031e940378354525197ef,tcc-microservices-experiment-gateway-1,7.61,443652506,536870912,82.64,79,2.29MB / 2.91MB,50.9MB / 213kB
25,2026-09-10T11:58:51.019768+00:00,51,2026-09-10T11:58:50.649801+00:00,false,microservices,mysql,9657460a96aabd1b63dbae5e524314696b373abf1b98c8dc67f85aab8c15f21f,tcc-microservices-experiment-mysql-1,25.28,548300390,1073741824,51.06,41,14.9MB / 28.2MB,62.7MB / 274MB
25,2026-09-10T11:58:51.019768+00:00,51,2026-09-10T11:58:50.649801+00:00,false,microservices,order,661cfe1bbbcf03dcbb08593646a71f5d3823f3a50d17cb345151deb4054c65c2,tcc-microservices-experiment-order-1,26.37,82575360,1073741824,7.69,3,17MB / 11.3MB,13MB / 77.8kB
25,2026-09-10T11:58:51.019768+00:00,51,2026-09-10T11:58:50.649801+00:00,false,microservices,product,b37b5ac210765e75705337e79d1c02e3f60e45795f1ee386aecfac37592beb40,tcc-microservices-experiment-product-1,32.75,81579213,1073741824,7.6,3,16.4MB / 8.54MB,12.3MB / 81.9kB
26,2026-09-10T11:58:52.019789+00:00,53,2026-09-10T11:58:51.649522+00:00,false,microservices,auth,3a2b559fe4c26fe75dd3f01792d353434a631f0a9d2f687c95184064a20889b5,tcc-microservices-experiment-auth-1,0.02,79198945,1073741824,7.38,3,45.3kB / 40.3kB,16.4MB / 65.5kB
26,2026-09-10T11:58:52.019789+00:00,53,2026-09-10T11:58:51.649522+00:00,false,microservices,gateway,aba588f0a9f8c4f8ce983028a0d3a33c83e5279a9b0031e940378354525197ef,tcc-microservices-experiment-gateway-1,15.57,444910797,536870912,82.87,79,2.33MB / 2.97MB,50.9MB / 213kB
26,2026-09-10T11:58:52.019789+00:00,53,2026-09-10T11:58:51.649522+00:00,false,microservices,mysql,9657460a96aabd1b63dbae5e524314696b373abf1b98c8dc67f85aab8c15f21f,tcc-microservices-experiment-mysql-1,29.59,548824678,1073741824,51.11,41,15.1MB / 28.6MB,62.7MB / 277MB
26,2026-09-10T11:58:52.019789+00:00,53,2026-09-10T11:58:51.649522+00:00,false,microservices,order,661cfe1bbbcf03dcbb08593646a71f5d3823f3a50d17cb345151deb4054c65c2,tcc-microservices-experiment-order-1,26.15,82197873,1073741824,7.65,3,17.3MB / 11.5MB,13MB / 77.8kB
26,2026-09-10T11:58:52.019789+00:00,53,2026-09-10T11:58:51.649522+00:00,false,microservices,product,b37b5ac210765e75705337e79d1c02e3f60e45795f1ee386aecfac37592beb40,tcc-microservices-experiment-product-1,31.42,81673585,1073741824,7.61,3,16.7MB / 8.7MB,12.3MB / 81.9kB
27,2026-09-10T11:58:53.019791+00:00,55,2026-09-10T11:58:52.649312+00:00,false,microservices,auth,3a2b559fe4c26fe75dd3f01792d353434a631f0a9d2f687c95184064a20889b5,tcc-microservices-experiment-auth-1,0.02,79198945,1073741824,7.38,3,45.3kB / 40.3kB,16.4MB / 65.5kB
27,2026-09-10T11:58:53.019791+00:00,55,2026-09-10T11:58:52.649312+00:00,false,microservices,gateway,aba588f0a9f8c4f8ce983028a0d3a33c83e5279a9b0031e940378354525197ef,tcc-microservices-experiment-gateway-1,7.88,445120512,536870912,82.92,79,2.38MB / 3.03MB,50.9MB / 213kB
27,2026-09-10T11:58:53.019791+00:00,55,2026-09-10T11:58:52.649312+00:00,false,microservices,mysql,9657460a96aabd1b63dbae5e524314696b373abf1b98c8dc67f85aab8c15f21f,tcc-microservices-experiment-mysql-1,26.01,548405248,1073741824,51.07,41,15.3MB / 29.1MB,62.7MB / 279MB
27,2026-09-10T11:58:53.019791+00:00,55,2026-09-10T11:58:52.649312+00:00,false,microservices,order,661cfe1bbbcf03dcbb08593646a71f5d3823f3a50d17cb345151deb4054c65c2,tcc-microservices-experiment-order-1,26.59,82764104,1073741824,7.71,3,17.5MB / 11.6MB,13MB / 77.8kB
27,2026-09-10T11:58:53.019791+00:00,55,2026-09-10T11:58:52.649312+00:00,false,microservices,product,b37b5ac210765e75705337e79d1c02e3f60e45795f1ee386aecfac37592beb40,tcc-microservices-experiment-product-1,32.27,81338040,1073741824,7.58,3,17MB / 8.86MB,12.3MB / 81.9kB
28,2026-09-10T11:58:54.019793+00:00,57,2026-09-10T11:58:53.649450+00:00,false,microservices,auth,3a2b559fe4c26fe75dd3f01792d353434a631f0a9d2f687c95184064a20889b5,tcc-microservices-experiment-auth-1,0.02,79198945,1073741824,7.38,3,45.3kB / 40.3kB,16.4MB / 65.5kB
28,2026-09-10T11:58:54.019793+00:00,57,2026-09-10T11:58:53.649450+00:00,false,microservices,gateway,aba588f0a9f8c4f8ce983028a0d3a33c83e5279a9b0031e940378354525197ef,tcc-microservices-experiment-gateway-1,9.36,444281651,536870912,82.75,79,2.42MB / 3.08MB,50.9MB / 213kB
28,2026-09-10T11:58:54.019793+00:00,57,2026-09-10T11:58:53.649450+00:00,false,microservices,mysql,9657460a96aabd1b63dbae5e524314696b373abf1b98c8dc67f85aab8c15f21f,tcc-microservices-experiment-mysql-1,30.28,549139251,1073741824,51.14,41,15.5MB / 29.5MB,62.7MB / 281MB
28,2026-09-10T11:58:54.019793+00:00,57,2026-09-10T11:58:53.649450+00:00,false,microservices,order,661cfe1bbbcf03dcbb08593646a71f5d3823f3a50d17cb345151deb4054c65c2,tcc-microservices-experiment-order-1,25.6,82931876,1073741824,7.72,3,17.7MB / 11.8MB,13MB / 77.8kB
28,2026-09-10T11:58:54.019793+00:00,57,2026-09-10T11:58:53.649450+00:00,false,microservices,product,b37b5ac210765e75705337e79d1c02e3f60e45795f1ee386aecfac37592beb40,tcc-microservices-experiment-product-1,32.73,81925243,1073741824,7.63,3,17.3MB / 9.02MB,12.3MB / 81.9kB
29,2026-09-10T11:58:55.019766+00:00,59,2026-09-10T11:58:54.649220+00:00,false,microservices,auth,3a2b559fe4c26fe75dd3f01792d353434a631f0a9d2f687c95184064a20889b5,tcc-microservices-experiment-auth-1,0.02,79198945,1073741824,7.38,3,45.3kB / 40.3kB,16.4MB / 65.5kB
29,2026-09-10T11:58:55.019766+00:00,59,2026-09-10T11:58:54.649220+00:00,false,microservices,gateway,aba588f0a9f8c4f8ce983028a0d3a33c83e5279a9b0031e940378354525197ef,tcc-microservices-experiment-gateway-1,26.29,444805939,536870912,82.84,79,2.46MB / 3.14MB,51MB / 213kB
29,2026-09-10T11:58:55.019766+00:00,59,2026-09-10T11:58:54.649220+00:00,false,microservices,mysql,9657460a96aabd1b63dbae5e524314696b373abf1b98c8dc67f85aab8c15f21f,tcc-microservices-experiment-mysql-1,26.16,548719821,1073741824,51.11,41,15.7MB / 29.9MB,62.7MB / 283MB
29,2026-09-10T11:58:55.019766+00:00,59,2026-09-10T11:58:54.649220+00:00,false,microservices,order,661cfe1bbbcf03dcbb08593646a71f5d3823f3a50d17cb345151deb4054c65c2,tcc-microservices-experiment-order-1,26.87,82376131,1073741824,7.67,3,18MB / 11.9MB,13MB / 77.8kB
29,2026-09-10T11:58:55.019766+00:00,59,2026-09-10T11:58:54.649220+00:00,false,microservices,product,b37b5ac210765e75705337e79d1c02e3f60e45795f1ee386aecfac37592beb40,tcc-microservices-experiment-product-1,32.51,81589699,1073741824,7.6,3,17.6MB / 9.18MB,12.3MB / 81.9kB
30,2026-09-10T11:58:56.019789+00:00,61,2026-09-10T11:58:55.650108+00:00,false,microservices,auth,3a2b559fe4c26fe75dd3f01792d353434a631f0a9d2f687c95184064a20889b5,tcc-microservices-experiment-auth-1,0.02,79198945,1073741824,7.38,3,45.3kB / 40.3kB,16.4MB / 65.5kB
30,2026-09-10T11:58:56.019789+00:00,61,2026-09-10T11:58:55.650108+00:00,false,microservices,gateway,aba588f0a9f8c4f8ce983028a0d3a33c83e5279a9b0031e940378354525197ef,tcc-microservices-experiment-gateway-1,21.36,444805939,536870912,82.85,79,2.51MB / 3.19MB,51MB / 213kB
30,2026-09-10T11:58:56.019789+00:00,61,2026-09-10T11:58:55.650108+00:00,false,microservices,mysql,9657460a96aabd1b63dbae5e524314696b373abf1b98c8dc67f85aab8c15f21f,tcc-microservices-experiment-mysql-1,29.92,549348966,1073741824,51.16,41,15.9MB / 30.4MB,62.7MB / 285MB
30,2026-09-10T11:58:56.019789+00:00,61,2026-09-10T11:58:55.650108+00:00,false,microservices,order,661cfe1bbbcf03dcbb08593646a71f5d3823f3a50d17cb345151deb4054c65c2,tcc-microservices-experiment-order-1,26.45,83246449,1073741824,7.75,3,18.2MB / 12MB,13MB / 77.8kB
30,2026-09-10T11:58:56.019789+00:00,61,2026-09-10T11:58:55.650108+00:00,false,microservices,product,b37b5ac210765e75705337e79d1c02e3f60e45795f1ee386aecfac37592beb40,tcc-microservices-experiment-product-1,32.09,81484841,1073741824,7.59,3,17.9MB / 9.34MB,12.3MB / 81.9kB
31,2026-09-10T11:58:57.019771+00:00,63,2026-09-10T11:58:56.649347+00:00,false,microservices,auth,3a2b559fe4c26fe75dd3f01792d353434a631f0a9d2f687c95184064a20889b5,tcc-microservices-experiment-auth-1,0.01,79198945,1073741824,7.38,3,45.3kB / 40.3kB,16.4MB / 65.5kB
31,2026-09-10T11:58:57.019771+00:00,63,2026-09-10T11:58:56.649347+00:00,false,microservices,gateway,aba588f0a9f8c4f8ce983028a0d3a33c83e5279a9b0031e940378354525197ef,tcc-microservices-experiment-gateway-1,16.03,444281651,536870912,82.75,79,2.55MB / 3.25MB,51MB / 213kB
31,2026-09-10T11:58:57.019771+00:00,63,2026-09-10T11:58:56.649347+00:00,false,microservices,mysql,9657460a96aabd1b63dbae5e524314696b373abf1b98c8dc67f85aab8c15f21f,tcc-microservices-experiment-mysql-1,25.13,548614963,1073741824,51.1,41,16.1MB / 30.8MB,62.7MB / 287MB
31,2026-09-10T11:58:57.019771+00:00,63,2026-09-10T11:58:56.649347+00:00,false,microservices,order,661cfe1bbbcf03dcbb08593646a71f5d3823f3a50d17cb345151deb4054c65c2,tcc-microservices-experiment-order-1,25.55,82627789,1073741824,7.7,3,18.4MB / 12.2MB,13MB / 77.8kB
31,2026-09-10T11:58:57.019771+00:00,63,2026-09-10T11:58:56.649347+00:00,false,microservices,product,b37b5ac210765e75705337e79d1c02e3f60e45795f1ee386aecfac37592beb40,tcc-microservices-experiment-product-1,33.55,82009129,1073741824,7.64,3,18.3MB / 9.5MB,12.3MB / 81.9kB
32,2026-09-10T11:58:58.019760+00:00,65,2026-09-10T11:58:57.649171+00:00,false,microservices,auth,3a2b559fe4c26fe75dd3f01792d353434a631f0a9d2f687c95184064a20889b5,tcc-microservices-experiment-auth-1,0.02,79198945,1073741824,7.38,3,45.3kB / 40.3kB,16.4MB / 65.5kB
32,2026-09-10T11:58:58.019760+00:00,65,2026-09-10T11:58:57.649171+00:00,false,microservices,gateway,aba588f0a9f8c4f8ce983028a0d3a33c83e5279a9b0031e940378354525197ef,tcc-microservices-experiment-gateway-1,7.67,444805939,536870912,82.86,79,2.59MB / 3.3MB,51MB / 213kB
32,2026-09-10T11:58:58.019760+00:00,65,2026-09-10T11:58:57.649171+00:00,false,microservices,mysql,9657460a96aabd1b63dbae5e524314696b373abf1b98c8dc67f85aab8c15f21f,tcc-microservices-experiment-mysql-1,29.39,549663539,1073741824,51.19,41,16.3MB / 31.2MB,62.7MB / 289MB
32,2026-09-10T11:58:58.019760+00:00,65,2026-09-10T11:58:57.649171+00:00,false,microservices,order,661cfe1bbbcf03dcbb08593646a71f5d3823f3a50d17cb345151deb4054c65c2,tcc-microservices-experiment-order-1,26.22,82313216,1073741824,7.67,3,18.6MB / 12.3MB,13MB / 77.8kB
32,2026-09-10T11:58:58.019760+00:00,65,2026-09-10T11:58:57.649171+00:00,false,microservices,product,b37b5ac210765e75705337e79d1c02e3f60e45795f1ee386aecfac37592beb40,tcc-microservices-experiment-product-1,31.73,81526784,1073741824,7.59,3,18.6MB / 9.66MB,12.3MB / 81.9kB
33,2026-09-10T11:58:59.019787+00:00,67,2026-09-10T11:58:58.649405+00:00,false,microservices,auth,3a2b559fe4c26fe75dd3f01792d353434a631f0a9d2f687c95184064a20889b5,tcc-microservices-experiment-auth-1,0.02,79198945,1073741824,7.38,3,45.3kB / 40.3kB,16.4MB / 65.5kB
33,2026-09-10T11:58:59.019787+00:00,67,2026-09-10T11:58:58.649405+00:00,false,microservices,gateway,aba588f0a9f8c4f8ce983028a0d3a33c83e5279a9b0031e940378354525197ef,tcc-microservices-experiment-gateway-1,8.01,444805939,536870912,82.85,79,2.63MB / 3.36MB,51MB / 213kB
33,2026-09-10T11:58:59.019787+00:00,67,2026-09-10T11:58:58.649405+00:00,false,microservices,mysql,9657460a96aabd1b63dbae5e524314696b373abf1b98c8dc67f85aab8c15f21f,tcc-microservices-experiment-mysql-1,25.7,549453824,1073741824,51.17,41,16.5MB / 31.6MB,62.7MB / 292MB
33,2026-09-10T11:58:59.019787+00:00,67,2026-09-10T11:58:58.649405+00:00,false,microservices,order,661cfe1bbbcf03dcbb08593646a71f5d3823f3a50d17cb345151deb4054c65c2,tcc-microservices-experiment-order-1,25.26,82795561,1073741824,7.71,3,18.8MB / 12.5MB,13MB / 77.8kB
33,2026-09-10T11:58:59.019787+00:00,67,2026-09-10T11:58:58.649405+00:00,false,microservices,product,b37b5ac210765e75705337e79d1c02e3f60e45795f1ee386aecfac37592beb40,tcc-microservices-experiment-product-1,31.69,81746985,1073741824,7.61,3,18.9MB / 9.81MB,12.3MB / 81.9kB
34,2026-09-10T11:59:00.019785+00:00,69,2026-09-10T11:58:59.649439+00:00,false,microservices,auth,3a2b559fe4c26fe75dd3f01792d353434a631f0a9d2f687c95184064a20889b5,tcc-microservices-experiment-auth-1,0.02,79198945,1073741824,7.38,3,45.3kB / 40.3kB,16.4MB / 65.5kB
34,2026-09-10T11:59:00.019785+00:00,69,2026-09-10T11:58:59.649439+00:00,false,microservices,gateway,aba588f0a9f8c4f8ce983028a0d3a33c83e5279a9b0031e940378354525197ef,tcc-microservices-experiment-gateway-1,47.98,449524531,536870912,83.74,79,2.68MB / 3.41MB,51MB / 213kB
34,2026-09-10T11:59:00.019785+00:00,69,2026-09-10T11:58:59.649439+00:00,false,microservices,mysql,9657460a96aabd1b63dbae5e524314696b373abf1b98c8dc67f85aab8c15f21f,tcc-microservices-experiment-mysql-1,29.94,548824678,1073741824,51.11,41,16.7MB / 32.1MB,62.7MB / 294MB
34,2026-09-10T11:59:00.019785+00:00,69,2026-09-10T11:58:59.649439+00:00,false,microservices,order,661cfe1bbbcf03dcbb08593646a71f5d3823f3a50d17cb345151deb4054c65c2,tcc-microservices-experiment-order-1,26.67,81505812,1073741824,7.59,3,19.1MB / 12.6MB,13MB / 77.8kB
34,2026-09-10T11:59:00.019785+00:00,69,2026-09-10T11:58:59.649439+00:00,false,microservices,product,b37b5ac210765e75705337e79d1c02e3f60e45795f1ee386aecfac37592beb40,tcc-microservices-experiment-product-1,32.38,81956700,1073741824,7.63,3,19.2MB / 9.97MB,12.3MB / 81.9kB
35,2026-09-10T11:59:01.019791+00:00,71,2026-09-10T11:59:00.649422+00:00,false,microservices,auth,3a2b559fe4c26fe75dd3f01792d353434a631f0a9d2f687c95184064a20889b5,tcc-microservices-experiment-auth-1,0.02,79198945,1073741824,7.38,3,45.3kB / 40.3kB,16.4MB / 65.5kB
35,2026-09-10T11:59:01.019791+00:00,71,2026-09-10T11:59:00.649422+00:00,false,microservices,gateway,aba588f0a9f8c4f8ce983028a0d3a33c83e5279a9b0031e940378354525197ef,tcc-microservices-experiment-gateway-1,11.96,450677965,536870912,83.94,79,2.72MB / 3.47MB,51MB / 229kB
35,2026-09-10T11:59:01.019791+00:00,71,2026-09-10T11:59:00.649422+00:00,false,microservices,mysql,9657460a96aabd1b63dbae5e524314696b373abf1b98c8dc67f85aab8c15f21f,tcc-microservices-experiment-mysql-1,25.54,549244109,1073741824,51.15,41,16.9MB / 32.5MB,62.7MB / 295MB
35,2026-09-10T11:59:01.019791+00:00,71,2026-09-10T11:59:00.649422+00:00,false,microservices,order,661cfe1bbbcf03dcbb08593646a71f5d3823f3a50d17cb345151deb4054c65c2,tcc-microservices-experiment-order-1,25.68,82680218,1073741824,7.7,3,19.3MB / 12.7MB,13MB / 77.8kB
35,2026-09-10T11:59:01.019791+00:00,71,2026-09-10T11:59:00.649422+00:00,false,microservices,product,b37b5ac210765e75705337e79d1c02e3f60e45795f1ee386aecfac37592beb40,tcc-microservices-experiment-product-1,32.57,81579213,1073741824,7.6,3,19.5MB / 10.1MB,12.3MB / 81.9kB
36,2026-09-10T11:59:02.019791+00:00,73,2026-09-10T11:59:01.649499+00:00,false,microservices,auth,3a2b559fe4c26fe75dd3f01792d353434a631f0a9d2f687c95184064a20889b5,tcc-microservices-experiment-auth-1,0.02,79198945,1073741824,7.38,3,45.3kB / 40.3kB,16.4MB / 65.5kB
36,2026-09-10T11:59:02.019791+00:00,73,2026-09-10T11:59:01.649499+00:00,false,microservices,gateway,aba588f0a9f8c4f8ce983028a0d3a33c83e5279a9b0031e940378354525197ef,tcc-microservices-experiment-gateway-1,8.73,451097395,536870912,84.02,79,2.77MB / 3.53MB,51MB / 229kB
36,2026-09-10T11:59:02.019791+00:00,73,2026-09-10T11:59:01.649499+00:00,false,microservices,mysql,9657460a96aabd1b63dbae5e524314696b373abf1b98c8dc67f85aab8c15f21f,tcc-microservices-experiment-mysql-1,29.34,552704410,1073741824,51.47,42,17.1MB / 32.9MB,62.7MB / 297MB
36,2026-09-10T11:59:02.019791+00:00,73,2026-09-10T11:59:01.649499+00:00,false,microservices,order,661cfe1bbbcf03dcbb08593646a71f5d3823f3a50d17cb345151deb4054c65c2,tcc-microservices-experiment-order-1,26.42,82711675,1073741824,7.7,3,19.5MB / 12.9MB,13MB / 77.8kB
36,2026-09-10T11:59:02.019791+00:00,73,2026-09-10T11:59:01.649499+00:00,false,microservices,product,b37b5ac210765e75705337e79d1c02e3f60e45795f1ee386aecfac37592beb40,tcc-microservices-experiment-product-1,31.99,81684070,1073741824,7.61,3,19.8MB / 10.3MB,12.3MB / 81.9kB
37,2026-09-10T11:59:03.019786+00:00,75,2026-09-10T11:59:02.648989+00:00,false,microservices,auth,3a2b559fe4c26fe75dd3f01792d353434a631f0a9d2f687c95184064a20889b5,tcc-microservices-experiment-auth-1,0.02,79198945,1073741824,7.38,3,45.3kB / 40.3kB,16.4MB / 65.5kB
37,2026-09-10T11:59:03.019786+00:00,75,2026-09-10T11:59:02.648989+00:00,false,microservices,gateway,aba588f0a9f8c4f8ce983028a0d3a33c83e5279a9b0031e940378354525197ef,tcc-microservices-experiment-gateway-1,7.88,451097395,536870912,84.02,79,2.81MB / 3.58MB,51MB / 229kB
37,2026-09-10T11:59:03.019786+00:00,75,2026-09-10T11:59:02.648989+00:00,false,microservices,mysql,9657460a96aabd1b63dbae5e524314696b373abf1b98c8dc67f85aab8c15f21f,tcc-microservices-experiment-mysql-1,25.01,548824678,1073741824,51.11,41,17.3MB / 33.4MB,62.7MB / 299MB
37,2026-09-10T11:59:03.019786+00:00,75,2026-09-10T11:59:02.648989+00:00,false,microservices,order,661cfe1bbbcf03dcbb08593646a71f5d3823f3a50d17cb345151deb4054c65c2,tcc-microservices-experiment-order-1,25.54,82449531,1073741824,7.68,3,19.8MB / 13MB,13MB / 77.8kB
37,2026-09-10T11:59:03.019786+00:00,75,2026-09-10T11:59:02.648989+00:00,false,microservices,product,b37b5ac210765e75705337e79d1c02e3f60e45795f1ee386aecfac37592beb40,tcc-microservices-experiment-product-1,32.86,82250301,1073741824,7.66,3,20.1MB / 10.5MB,12.3MB / 81.9kB
38,2026-09-10T11:59:04.019785+00:00,77,2026-09-10T11:59:03.649371+00:00,false,microservices,auth,3a2b559fe4c26fe75dd3f01792d353434a631f0a9d2f687c95184064a20889b5,tcc-microservices-experiment-auth-1,0.02,79198945,1073741824,7.38,3,45.3kB / 40.3kB,16.4MB / 65.5kB
38,2026-09-10T11:59:04.019785+00:00,77,2026-09-10T11:59:03.649371+00:00,false,microservices,gateway,aba588f0a9f8c4f8ce983028a0d3a33c83e5279a9b0031e940378354525197ef,tcc-microservices-experiment-gateway-1,7.54,445225370,536870912,82.93,79,2.85MB / 3.64MB,51MB / 229kB
38,2026-09-10T11:59:04.019785+00:00,77,2026-09-10T11:59:03.649371+00:00,false,microservices,mysql,9657460a96aabd1b63dbae5e524314696b373abf1b98c8dc67f85aab8c15f21f,tcc-microservices-experiment-mysql-1,26.46,553752986,1073741824,51.57,47,17.5MB / 33.8MB,62.7MB / 301MB
38,2026-09-10T11:59:04.019785+00:00,77,2026-09-10T11:59:03.649371+00:00,false,microservices,order,661cfe1bbbcf03dcbb08593646a71f5d3823f3a50d17cb345151deb4054c65c2,tcc-microservices-experiment-order-1,26.39,82103501,1073741824,7.65,3,20MB / 13.2MB,13MB / 77.8kB
38,2026-09-10T11:59:04.019785+00:00,77,2026-09-10T11:59:03.649371+00:00,false,microservices,product,b37b5ac210765e75705337e79d1c02e3f60e45795f1ee386aecfac37592beb40,tcc-microservices-experiment-product-1,31.83,80887153,1073741824,7.53,3,20.4MB / 10.6MB,12.3MB / 81.9kB
39,2026-09-10T11:59:05.019788+00:00,79,2026-09-10T11:59:04.649282+00:00,false,microservices,auth,3a2b559fe4c26fe75dd3f01792d353434a631f0a9d2f687c95184064a20889b5,tcc-microservices-experiment-auth-1,0.02,79198945,1073741824,7.38,3,45.3kB / 40.3kB,16.4MB / 65.5kB
39,2026-09-10T11:59:05.019788+00:00,79,2026-09-10T11:59:04.649282+00:00,false,microservices,gateway,aba588f0a9f8c4f8ce983028a0d3a33c83e5279a9b0031e940378354525197ef,tcc-microservices-experiment-gateway-1,8.42,445435085,536870912,82.97,79,2.9MB / 3.69MB,51MB / 229kB
39,2026-09-10T11:59:05.019788+00:00,79,2026-09-10T11:59:04.649282+00:00,false,microservices,mysql,9657460a96aabd1b63dbae5e524314696b373abf1b98c8dc67f85aab8c15f21f,tcc-microservices-experiment-mysql-1,28.89,549663539,1073741824,51.2,41,17.7MB / 34.3MB,62.7MB / 302MB
39,2026-09-10T11:59:05.019788+00:00,79,2026-09-10T11:59:04.649282+00:00,false,microservices,order,661cfe1bbbcf03dcbb08593646a71f5d3823f3a50d17cb345151deb4054c65c2,tcc-microservices-experiment-order-1,26.02,82984305,1073741824,7.73,3,20.2MB / 13.3MB,13MB / 77.8kB
39,2026-09-10T11:59:05.019788+00:00,79,2026-09-10T11:59:04.649282+00:00,false,microservices,product,b37b5ac210765e75705337e79d1c02e3f60e45795f1ee386aecfac37592beb40,tcc-microservices-experiment-product-1,33.22,82522931,1073741824,7.69,3,20.7MB / 10.8MB,12.3MB / 81.9kB
40,2026-09-10T11:59:06.019767+00:00,81,2026-09-10T11:59:05.649702+00:00,false,microservices,auth,3a2b559fe4c26fe75dd3f01792d353434a631f0a9d2f687c95184064a20889b5,tcc-microservices-experiment-auth-1,0.02,79198945,1073741824,7.38,3,45.3kB / 40.3kB,16.4MB / 65.5kB
40,2026-09-10T11:59:06.019767+00:00,81,2026-09-10T11:59:05.649702+00:00,false,microservices,gateway,aba588f0a9f8c4f8ce983028a0d3a33c83e5279a9b0031e940378354525197ef,tcc-microservices-experiment-gateway-1,14.34,443652506,536870912,82.64,79,2.94MB / 3.75MB,51MB / 229kB
40,2026-09-10T11:59:06.019767+00:00,81,2026-09-10T11:59:05.649702+00:00,false,microservices,mysql,9657460a96aabd1b63dbae5e524314696b373abf1b98c8dc67f85aab8c15f21f,tcc-microservices-experiment-mysql-1,24.95,549244109,1073741824,51.15,41,17.9MB / 34.7MB,62.7MB / 304MB
40,2026-09-10T11:59:06.019767+00:00,81,2026-09-10T11:59:05.649702+00:00,false,microservices,order,661cfe1bbbcf03dcbb08593646a71f5d3823f3a50d17cb345151deb4054c65c2,tcc-microservices-experiment-order-1,26.5,81684070,1073741824,7.61,3,20.4MB / 13.4MB,13MB / 77.8kB
40,2026-09-10T11:59:06.019767+00:00,81,2026-09-10T11:59:05.649702+00:00,false,microservices,product,b37b5ac210765e75705337e79d1c02e3f60e45795f1ee386aecfac37592beb40,tcc-microservices-experiment-product-1,32.99,81348526,1073741824,7.58,3,21.1MB / 10.9MB,12.3MB / 81.9kB
41,2026-09-10T11:59:07.019770+00:00,83,2026-09-10T11:59:06.649360+00:00,false,microservices,auth,3a2b559fe4c26fe75dd3f01792d353434a631f0a9d2f687c95184064a20889b5,tcc-microservices-experiment-auth-1,0.02,79198945,1073741824,7.38,3,45.3kB / 40.3kB,16.4MB / 65.5kB
41,2026-09-10T11:59:07.019770+00:00,83,2026-09-10T11:59:06.649360+00:00,false,microservices,gateway,aba588f0a9f8c4f8ce983028a0d3a33c83e5279a9b0031e940378354525197ef,tcc-microservices-experiment-gateway-1,15.32,445330227,536870912,82.94,79,2.98MB / 3.81MB,51MB / 229kB
41,2026-09-10T11:59:07.019770+00:00,83,2026-09-10T11:59:06.649360+00:00,false,microservices,mysql,9657460a96aabd1b63dbae5e524314696b373abf1b98c8dc67f85aab8c15f21f,tcc-microservices-experiment-mysql-1,28.97,549348966,1073741824,51.16,41,18.1MB / 35.1MB,62.7MB / 305MB
41,2026-09-10T11:59:07.019770+00:00,83,2026-09-10T11:59:06.649360+00:00,false,microservices,order,661cfe1bbbcf03dcbb08593646a71f5d3823f3a50d17cb345151deb4054c65c2,tcc-microservices-experiment-order-1,26.7,82491474,1073741824,7.68,3,20.7MB / 13.6MB,13MB / 77.8kB
41,2026-09-10T11:59:07.019770+00:00,83,2026-09-10T11:59:06.649360+00:00,false,microservices,product,b37b5ac210765e75705337e79d1c02e3f60e45795f1ee386aecfac37592beb40,tcc-microservices-experiment-product-1,31.85,81201725,1073741824,7.56,3,21.4MB / 11.1MB,12.3MB / 81.9kB
42,2026-09-10T11:59:08.019787+00:00,85,2026-09-10T11:59:07.648872+00:00,false,microservices,auth,3a2b559fe4c26fe75dd3f01792d353434a631f0a9d2f687c95184064a20889b5,tcc-microservices-experiment-auth-1,0.01,79198945,1073741824,7.38,3,45.3kB / 40.3kB,16.4MB / 65.5kB
42,2026-09-10T11:59:08.019787+00:00,85,2026-09-10T11:59:07.648872+00:00,false,microservices,gateway,aba588f0a9f8c4f8ce983028a0d3a33c83e5279a9b0031e940378354525197ef,tcc-microservices-experiment-gateway-1,9.05,445225370,536870912,82.93,79,3.03MB / 3.86MB,51MB / 229kB
42,2026-09-10T11:59:08.019787+00:00,85,2026-09-10T11:59:07.648872+00:00,false,microservices,mysql,9657460a96aabd1b63dbae5e524314696b373abf1b98c8dc67f85aab8c15f21f,tcc-microservices-experiment-mysql-1,25.18,549873254,1073741824,51.21,41,18.3MB / 35.6MB,62.7MB / 307MB
42,2026-09-10T11:59:08.019787+00:00,85,2026-09-10T11:59:07.648872+00:00,false,microservices,order,661cfe1bbbcf03dcbb08593646a71f5d3823f3a50d17cb345151deb4054c65c2,tcc-microservices-experiment-order-1,25.76,82166415,1073741824,7.65,3,20.9MB / 13.7MB,13MB / 77.8kB
42,2026-09-10T11:59:08.019787+00:00,85,2026-09-10T11:59:07.648872+00:00,false,microservices,product,b37b5ac210765e75705337e79d1c02e3f60e45795f1ee386aecfac37592beb40,tcc-microservices-experiment-product-1,32.24,81400955,1073741824,7.58,3,21.7MB / 11.3MB,12.3MB / 81.9kB
43,2026-09-10T11:59:09.019794+00:00,87,2026-09-10T11:59:08.649254+00:00,false,microservices,auth,3a2b559fe4c26fe75dd3f01792d353434a631f0a9d2f687c95184064a20889b5,tcc-microservices-experiment-auth-1,0.02,79198945,1073741824,7.38,3,45.3kB / 40.3kB,16.4MB / 65.5kB
43,2026-09-10T11:59:09.019794+00:00,87,2026-09-10T11:59:08.649254+00:00,false,microservices,gateway,aba588f0a9f8c4f8ce983028a0d3a33c83e5279a9b0031e940378354525197ef,tcc-microservices-experiment-gateway-1,14.54,444805939,536870912,82.86,79,3.07MB / 3.92MB,51MB / 229kB
43,2026-09-10T11:59:09.019794+00:00,87,2026-09-10T11:59:08.649254+00:00,false,microservices,mysql,9657460a96aabd1b63dbae5e524314696b373abf1b98c8dc67f85aab8c15f21f,tcc-microservices-experiment-mysql-1,29.3,548929536,1073741824,51.13,41,18.5MB / 36MB,62.7MB / 309MB
43,2026-09-10T11:59:09.019794+00:00,87,2026-09-10T11:59:08.649254+00:00,false,microservices,order,661cfe1bbbcf03dcbb08593646a71f5d3823f3a50d17cb345151deb4054c65c2,tcc-microservices-experiment-order-1,26.63,82407588,1073741824,7.68,3,21.1MB / 13.9MB,13MB / 77.8kB
43,2026-09-10T11:59:09.019794+00:00,87,2026-09-10T11:59:08.649254+00:00,false,microservices,product,b37b5ac210765e75705337e79d1c02e3f60e45795f1ee386aecfac37592beb40,tcc-microservices-experiment-product-1,33.16,81652613,1073741824,7.6,3,22MB / 11.4MB,12.3MB / 81.9kB
44,2026-09-10T11:59:10.019792+00:00,89,2026-09-10T11:59:09.649400+00:00,false,microservices,auth,3a2b559fe4c26fe75dd3f01792d353434a631f0a9d2f687c95184064a20889b5,tcc-microservices-experiment-auth-1,0.02,79198945,1073741824,7.38,3,45.4kB / 40.3kB,16.4MB / 65.5kB
44,2026-09-10T11:59:10.019792+00:00,89,2026-09-10T11:59:09.649400+00:00,false,microservices,gateway,aba588f0a9f8c4f8ce983028a0d3a33c83e5279a9b0031e940378354525197ef,tcc-microservices-experiment-gateway-1,39.55,452460544,536870912,84.28,79,3.11MB / 3.97MB,51MB / 229kB
44,2026-09-10T11:59:10.019792+00:00,89,2026-09-10T11:59:09.649400+00:00,false,microservices,mysql,9657460a96aabd1b63dbae5e524314696b373abf1b98c8dc67f85aab8c15f21f,tcc-microservices-experiment-mysql-1,25.46,550502400,1073741824,51.27,41,18.7MB / 36.4MB,62.7MB / 310MB
44,2026-09-10T11:59:10.019792+00:00,89,2026-09-10T11:59:09.649400+00:00,false,microservices,order,661cfe1bbbcf03dcbb08593646a71f5d3823f3a50d17cb345151deb4054c65c2,tcc-microservices-experiment-order-1,26.42,82774589,1073741824,7.71,3,21.3MB / 14MB,13MB / 77.8kB
44,2026-09-10T11:59:10.019792+00:00,89,2026-09-10T11:59:09.649400+00:00,false,microservices,product,b37b5ac210765e75705337e79d1c02e3f60e45795f1ee386aecfac37592beb40,tcc-microservices-experiment-product-1,31.81,81170268,1073741824,7.56,3,22.3MB / 11.6MB,12.3MB / 81.9kB
45,2026-09-10T11:59:11.019778+00:00,91,2026-09-10T11:59:10.649687+00:00,false,microservices,auth,3a2b559fe4c26fe75dd3f01792d353434a631f0a9d2f687c95184064a20889b5,tcc-microservices-experiment-auth-1,0.02,79198945,1073741824,7.38,3,45.4kB / 40.3kB,16.4MB / 65.5kB
45,2026-09-10T11:59:11.019778+00:00,91,2026-09-10T11:59:10.649687+00:00,false,microservices,gateway,aba588f0a9f8c4f8ce983028a0d3a33c83e5279a9b0031e940378354525197ef,tcc-microservices-experiment-gateway-1,15.41,451936256,536870912,84.19,79,3.15MB / 4.02MB,51MB / 229kB
45,2026-09-10T11:59:11.019778+00:00,91,2026-09-10T11:59:10.649687+00:00,false,microservices,mysql,9657460a96aabd1b63dbae5e524314696b373abf1b98c8dc67f85aab8c15f21f,tcc-microservices-experiment-mysql-1,30.39,549663539,1073741824,51.19,41,18.9MB / 36.9MB,62.7MB / 313MB
45,2026-09-10T11:59:11.019778+00:00,91,2026-09-10T11:59:10.649687+00:00,false,microservices,order,661cfe1bbbcf03dcbb08593646a71f5d3823f3a50d17cb345151deb4054c65c2,tcc-microservices-experiment-order-1,26.3,82522931,1073741824,7.69,3,21.6MB / 14.1MB,13MB / 77.8kB
45,2026-09-10T11:59:11.019778+00:00,91,2026-09-10T11:59:10.649687+00:00,false,microservices,product,b37b5ac210765e75705337e79d1c02e3f60e45795f1ee386aecfac37592beb40,tcc-microservices-experiment-product-1,33.05,81715528,1073741824,7.61,3,22.6MB / 11.7MB,12.3MB / 81.9kB
46,2026-09-10T11:59:12.019796+00:00,93,2026-09-10T11:59:11.649761+00:00,false,microservices,auth,3a2b559fe4c26fe75dd3f01792d353434a631f0a9d2f687c95184064a20889b5,tcc-microservices-experiment-auth-1,0.02,79198945,1073741824,7.38,3,45.4kB / 40.3kB,16.4MB / 65.5kB
46,2026-09-10T11:59:12.019796+00:00,93,2026-09-10T11:59:11.649761+00:00,false,microservices,gateway,aba588f0a9f8c4f8ce983028a0d3a33c83e5279a9b0031e940378354525197ef,tcc-microservices-experiment-gateway-1,14.32,452565402,536870912,84.29,79,3.2MB / 4.08MB,51MB / 229kB
46,2026-09-10T11:59:12.019796+00:00,93,2026-09-10T11:59:11.649761+00:00,false,microservices,mysql,9657460a96aabd1b63dbae5e524314696b373abf1b98c8dc67f85aab8c15f21f,tcc-microservices-experiment-mysql-1,25.73,550187827,1073741824,51.24,41,19.1MB / 37.3MB,62.7MB / 315MB
46,2026-09-10T11:59:12.019796+00:00,93,2026-09-10T11:59:11.649761+00:00,false,microservices,order,661cfe1bbbcf03dcbb08593646a71f5d3823f3a50d17cb345151deb4054c65c2,tcc-microservices-experiment-order-1,25.92,82543903,1073741824,7.69,3,21.8MB / 14.3MB,13MB / 77.8kB
46,2026-09-10T11:59:12.019796+00:00,93,2026-09-10T11:59:11.649761+00:00,false,microservices,product,b37b5ac210765e75705337e79d1c02e3f60e45795f1ee386aecfac37592beb40,tcc-microservices-experiment-product-1,31.77,81159782,1073741824,7.56,3,22.9MB / 11.9MB,12.3MB / 81.9kB
47,2026-09-10T11:59:13.019762+00:00,95,2026-09-10T11:59:12.648981+00:00,false,microservices,auth,3a2b559fe4c26fe75dd3f01792d353434a631f0a9d2f687c95184064a20889b5,tcc-microservices-experiment-auth-1,0.02,79198945,1073741824,7.38,3,45.4kB / 40.3kB,16.4MB / 65.5kB
47,2026-09-10T11:59:13.019762+00:00,95,2026-09-10T11:59:12.648981+00:00,false,microservices,gateway,aba588f0a9f8c4f8ce983028a0d3a33c83e5279a9b0031e940378354525197ef,tcc-microservices-experiment-gateway-1,10.22,452984832,536870912,84.38,79,3.24MB / 4.14MB,51MB / 229kB
47,2026-09-10T11:59:13.019762+00:00,95,2026-09-10T11:59:12.648981+00:00,false,microservices,mysql,9657460a96aabd1b63dbae5e524314696b373abf1b98c8dc67f85aab8c15f21f,tcc-microservices-experiment-mysql-1,29.99,548824678,1073741824,51.12,41,19.3MB / 37.7MB,62.7MB / 318MB
47,2026-09-10T11:59:13.019762+00:00,95,2026-09-10T11:59:12.648981+00:00,false,microservices,order,661cfe1bbbcf03dcbb08593646a71f5d3823f3a50d17cb345151deb4054c65c2,tcc-microservices-experiment-order-1,26.23,82984305,1073741824,7.73,3,22MB / 14.4MB,13MB / 77.8kB
47,2026-09-10T11:59:13.019762+00:00,95,2026-09-10T11:59:12.648981+00:00,false,microservices,product,b37b5ac210765e75705337e79d1c02e3f60e45795f1ee386aecfac37592beb40,tcc-microservices-experiment-product-1,32.53,81799414,1073741824,7.62,3,23.2MB / 12.1MB,12.3MB / 81.9kB
48,2026-09-10T11:59:14.019792+00:00,97,2026-09-10T11:59:13.648907+00:00,false,microservices,auth,3a2b559fe4c26fe75dd3f01792d353434a631f0a9d2f687c95184064a20889b5,tcc-microservices-experiment-auth-1,0.02,79198945,1073741824,7.38,3,45.4kB / 40.3kB,16.4MB / 65.5kB
48,2026-09-10T11:59:14.019792+00:00,97,2026-09-10T11:59:13.648907+00:00,false,microservices,gateway,aba588f0a9f8c4f8ce983028a0d3a33c83e5279a9b0031e940378354525197ef,tcc-microservices-experiment-gateway-1,7.02,452250829,536870912,84.24,79,3.29MB / 4.19MB,51MB / 229kB
48,2026-09-10T11:59:14.019792+00:00,97,2026-09-10T11:59:13.648907+00:00,false,microservices,mysql,9657460a96aabd1b63dbae5e524314696b373abf1b98c8dc67f85aab8c15f21f,tcc-microservices-experiment-mysql-1,25.83,549453824,1073741824,51.18,41,19.5MB / 38.2MB,62.7MB / 321MB
48,2026-09-10T11:59:14.019792+00:00,97,2026-09-10T11:59:13.648907+00:00,false,microservices,order,661cfe1bbbcf03dcbb08593646a71f5d3823f3a50d17cb345151deb4054c65c2,tcc-microservices-experiment-order-1,26.57,82827018,1073741824,7.71,3,22.3MB / 14.6MB,13MB / 77.8kB
48,2026-09-10T11:59:14.019792+00:00,97,2026-09-10T11:59:13.648907+00:00,false,microservices,product,b37b5ac210765e75705337e79d1c02e3f60e45795f1ee386aecfac37592beb40,tcc-microservices-experiment-product-1,32.39,81841357,1073741824,7.62,3,23.5MB / 12.2MB,12.3MB / 81.9kB
49,2026-09-10T11:59:15.019773+00:00,99,2026-09-10T11:59:14.649163+00:00,false,microservices,auth,3a2b559fe4c26fe75dd3f01792d353434a631f0a9d2f687c95184064a20889b5,tcc-microservices-experiment-auth-1,0.02,79198945,1073741824,7.38,3,45.4kB / 40.3kB,16.4MB / 65.5kB
49,2026-09-10T11:59:15.019773+00:00,99,2026-09-10T11:59:14.649163+00:00,false,microservices,gateway,aba588f0a9f8c4f8ce983028a0d3a33c83e5279a9b0031e940378354525197ef,tcc-microservices-experiment-gateway-1,7.8,452250829,536870912,84.23,79,3.33MB / 4.25MB,51MB / 229kB
49,2026-09-10T11:59:15.019773+00:00,99,2026-09-10T11:59:14.649163+00:00,false,microservices,mysql,9657460a96aabd1b63dbae5e524314696b373abf1b98c8dc67f85aab8c15f21f,tcc-microservices-experiment-mysql-1,30.01,549348966,1073741824,51.16,41,19.8MB / 38.6MB,62.7MB / 323MB
49,2026-09-10T11:59:15.019773+00:00,99,2026-09-10T11:59:14.649163+00:00,false,microservices,order,661cfe1bbbcf03dcbb08593646a71f5d3823f3a50d17cb345151deb4054c65c2,tcc-microservices-experiment-order-1,25.41,82072044,1073741824,7.64,3,22.5MB / 14.7MB,13MB / 77.8kB
49,2026-09-10T11:59:15.019773+00:00,99,2026-09-10T11:59:14.649163+00:00,false,microservices,product,b37b5ac210765e75705337e79d1c02e3f60e45795f1ee386aecfac37592beb40,tcc-microservices-experiment-product-1,32.79,82260787,1073741824,7.66,3,23.8MB / 12.4MB,12.3MB / 81.9kB
50,2026-09-10T11:59:16.019771+00:00,101,2026-09-10T11:59:15.649584+00:00,false,microservices,auth,3a2b559fe4c26fe75dd3f01792d353434a631f0a9d2f687c95184064a20889b5,tcc-microservices-experiment-auth-1,0.02,79198945,1073741824,7.38,3,45.5kB / 40.3kB,16.4MB / 65.5kB
50,2026-09-10T11:59:16.019771+00:00,101,2026-09-10T11:59:15.649584+00:00,false,microservices,gateway,aba588f0a9f8c4f8ce983028a0d3a33c83e5279a9b0031e940378354525197ef,tcc-microservices-experiment-gateway-1,7.38,453089690,536870912,84.39,77,3.37MB / 4.3MB,51MB / 242kB
50,2026-09-10T11:59:16.019771+00:00,101,2026-09-10T11:59:15.649584+00:00,false,microservices,mysql,9657460a96aabd1b63dbae5e524314696b373abf1b98c8dc67f85aab8c15f21f,tcc-microservices-experiment-mysql-1,25.44,549663539,1073741824,51.19,41,19.9MB / 39MB,62.7MB / 325MB
50,2026-09-10T11:59:16.019771+00:00,101,2026-09-10T11:59:15.649584+00:00,false,microservices,order,661cfe1bbbcf03dcbb08593646a71f5d3823f3a50d17cb345151deb4054c65c2,tcc-microservices-experiment-order-1,25.5,82292244,1073741824,7.66,3,22.7MB / 14.8MB,13MB / 77.8kB
50,2026-09-10T11:59:16.019771+00:00,101,2026-09-10T11:59:15.649584+00:00,false,microservices,product,b37b5ac210765e75705337e79d1c02e3f60e45795f1ee386aecfac37592beb40,tcc-microservices-experiment-product-1,30.4,81170268,1073741824,7.56,3,24.1MB / 12.5MB,12.3MB / 81.9kB
51,2026-09-10T11:59:17.019754+00:00,103,2026-09-10T11:59:16.649322+00:00,false,microservices,auth,3a2b559fe4c26fe75dd3f01792d353434a631f0a9d2f687c95184064a20889b5,tcc-microservices-experiment-auth-1,0.02,79198945,1073741824,7.38,3,45.5kB / 40.3kB,16.4MB / 65.5kB
51,2026-09-10T11:59:17.019754+00:00,103,2026-09-10T11:59:16.649322+00:00,false,microservices,gateway,aba588f0a9f8c4f8ce983028a0d3a33c83e5279a9b0031e940378354525197ef,tcc-microservices-experiment-gateway-1,8.37,451936256,536870912,84.18,77,3.42MB / 4.36MB,51MB / 242kB
51,2026-09-10T11:59:17.019754+00:00,103,2026-09-10T11:59:16.649322+00:00,false,microservices,mysql,9657460a96aabd1b63dbae5e524314696b373abf1b98c8dc67f85aab8c15f21f,tcc-microservices-experiment-mysql-1,29.58,549453824,1073741824,51.17,41,20.2MB / 39.5MB,62.7MB / 327MB
51,2026-09-10T11:59:17.019754+00:00,103,2026-09-10T11:59:16.649322+00:00,false,microservices,order,661cfe1bbbcf03dcbb08593646a71f5d3823f3a50d17cb345151deb4054c65c2,tcc-microservices-experiment-order-1,25.47,82271273,1073741824,7.66,3,22.9MB / 15MB,13MB / 77.8kB
51,2026-09-10T11:59:17.019754+00:00,103,2026-09-10T11:59:16.649322+00:00,false,microservices,product,b37b5ac210765e75705337e79d1c02e3f60e45795f1ee386aecfac37592beb40,tcc-microservices-experiment-product-1,33.56,81600184,1073741824,7.6,3,24.5MB / 12.7MB,12.3MB / 81.9kB
52,2026-09-10T11:59:18.019773+00:00,105,2026-09-10T11:59:17.649056+00:00,false,microservices,auth,3a2b559fe4c26fe75dd3f01792d353434a631f0a9d2f687c95184064a20889b5,tcc-microservices-experiment-auth-1,0.02,79198945,1073741824,7.38,3,45.6kB / 40.3kB,16.4MB / 65.5kB
52,2026-09-10T11:59:18.019773+00:00,105,2026-09-10T11:59:17.649056+00:00,false,microservices,gateway,aba588f0a9f8c4f8ce983028a0d3a33c83e5279a9b0031e940378354525197ef,tcc-microservices-experiment-gateway-1,12.4,451621683,536870912,84.12,77,3.46MB / 4.42MB,51MB / 242kB
52,2026-09-10T11:59:18.019773+00:00,105,2026-09-10T11:59:17.649056+00:00,false,microservices,mysql,9657460a96aabd1b63dbae5e524314696b373abf1b98c8dc67f85aab8c15f21f,tcc-microservices-experiment-mysql-1,26.03,549978112,1073741824,51.22,41,20.4MB / 39.9MB,62.7MB / 329MB
52,2026-09-10T11:59:18.019773+00:00,105,2026-09-10T11:59:17.649056+00:00,false,microservices,order,661cfe1bbbcf03dcbb08593646a71f5d3823f3a50d17cb345151deb4054c65c2,tcc-microservices-experiment-order-1,26.36,82764104,1073741824,7.71,3,23.2MB / 15.1MB,13MB / 77.8kB
52,2026-09-10T11:59:18.019773+00:00,105,2026-09-10T11:59:17.649056+00:00,false,microservices,product,b37b5ac210765e75705337e79d1c02e3f60e45795f1ee386aecfac37592beb40,tcc-microservices-experiment-product-1,31.77,81715528,1073741824,7.61,3,24.8MB / 12.9MB,12.3MB / 81.9kB
53,2026-09-10T11:59:19.019772+00:00,107,2026-09-10T11:59:18.649984+00:00,false,microservices,auth,3a2b559fe4c26fe75dd3f01792d353434a631f0a9d2f687c95184064a20889b5,tcc-microservices-experiment-auth-1,0.02,79198945,1073741824,7.38,3,45.6kB / 40.3kB,16.4MB / 65.5kB
53,2026-09-10T11:59:19.019772+00:00,107,2026-09-10T11:59:18.649984+00:00,false,microservices,gateway,aba588f0a9f8c4f8ce983028a0d3a33c83e5279a9b0031e940378354525197ef,tcc-microservices-experiment-gateway-1,7.2,452250829,536870912,84.24,77,3.5MB / 4.47MB,51MB / 242kB
53,2026-09-10T11:59:19.019772+00:00,107,2026-09-10T11:59:18.649984+00:00,false,microservices,mysql,9657460a96aabd1b63dbae5e524314696b373abf1b98c8dc67f85aab8c15f21f,tcc-microservices-experiment-mysql-1,29.58,549244109,1073741824,51.16,41,20.6MB / 40.4MB,62.7MB / 331MB
53,2026-09-10T11:59:19.019772+00:00,107,2026-09-10T11:59:18.649984+00:00,false,microservices,order,661cfe1bbbcf03dcbb08593646a71f5d3823f3a50d17cb345151deb4054c65c2,tcc-microservices-experiment-order-1,26.15,83026248,1073741824,7.73,3,23.4MB / 15.3MB,13MB / 77.8kB
53,2026-09-10T11:59:19.019772+00:00,107,2026-09-10T11:59:18.649984+00:00,false,microservices,product,b37b5ac210765e75705337e79d1c02e3f60e45795f1ee386aecfac37592beb40,tcc-microservices-experiment-product-1,32.97,81862328,1073741824,7.62,3,25.1MB / 13MB,12.3MB / 81.9kB
54,2026-09-10T11:59:20.019768+00:00,109,2026-09-10T11:59:19.649153+00:00,false,microservices,auth,3a2b559fe4c26fe75dd3f01792d353434a631f0a9d2f687c95184064a20889b5,tcc-microservices-experiment-auth-1,0.01,79198945,1073741824,7.38,3,45.7kB / 40.3kB,16.4MB / 65.5kB
54,2026-09-10T11:59:20.019768+00:00,109,2026-09-10T11:59:19.649153+00:00,false,microservices,gateway,aba588f0a9f8c4f8ce983028a0d3a33c83e5279a9b0031e940378354525197ef,tcc-microservices-experiment-gateway-1,11.18,452355686,536870912,84.26,77,3.55MB / 4.53MB,51MB / 242kB
54,2026-09-10T11:59:20.019768+00:00,109,2026-09-10T11:59:19.649153+00:00,false,microservices,mysql,9657460a96aabd1b63dbae5e524314696b373abf1b98c8dc67f85aab8c15f21f,tcc-microservices-experiment-mysql-1,25.28,549768397,1073741824,51.2,41,20.8MB / 40.8MB,62.8MB / 333MB
54,2026-09-10T11:59:20.019768+00:00,109,2026-09-10T11:59:19.649153+00:00,false,microservices,order,661cfe1bbbcf03dcbb08593646a71f5d3823f3a50d17cb345151deb4054c65c2,tcc-microservices-experiment-order-1,26.11,82449531,1073741824,7.68,3,23.6MB / 15.4MB,13MB / 77.8kB
54,2026-09-10T11:59:20.019768+00:00,109,2026-09-10T11:59:19.649153+00:00,false,microservices,product,b37b5ac210765e75705337e79d1c02e3f60e45795f1ee386aecfac37592beb40,tcc-microservices-experiment-product-1,32.71,81191240,1073741824,7.56,3,25.4MB / 13.2MB,12.3MB / 81.9kB
55,2026-09-10T11:59:21.019779+00:00,111,2026-09-10T11:59:20.649583+00:00,false,microservices,auth,3a2b559fe4c26fe75dd3f01792d353434a631f0a9d2f687c95184064a20889b5,tcc-microservices-experiment-auth-1,0.01,79198945,1073741824,7.38,3,45.7kB / 40.3kB,16.4MB / 65.5kB
55,2026-09-10T11:59:21.019779+00:00,111,2026-09-10T11:59:20.649583+00:00,false,microservices,gateway,aba588f0a9f8c4f8ce983028a0d3a33c83e5279a9b0031e940378354525197ef,tcc-microservices-experiment-gateway-1,6.9,452670259,536870912,84.32,77,3.59MB / 4.59MB,51MB / 242kB
55,2026-09-10T11:59:21.019779+00:00,111,2026-09-10T11:59:20.649583+00:00,false,microservices,mysql,9657460a96aabd1b63dbae5e524314696b373abf1b98c8dc67f85aab8c15f21f,tcc-microservices-experiment-mysql-1,28.62,549453824,1073741824,51.17,41,21MB / 41.3MB,62.8MB / 334MB
55,2026-09-10T11:59:21.019779+00:00,111,2026-09-10T11:59:20.649583+00:00,false,microservices,order,661cfe1bbbcf03dcbb08593646a71f5d3823f3a50d17cb345151deb4054c65c2,tcc-microservices-experiment-order-1,25.83,82606817,1073741824,7.69,3,23.9MB / 15.5MB,13MB / 77.8kB
55,2026-09-10T11:59:21.019779+00:00,111,2026-09-10T11:59:20.649583+00:00,false,microservices,product,b37b5ac210765e75705337e79d1c02e3f60e45795f1ee386aecfac37592beb40,tcc-microservices-experiment-product-1,32.82,81212211,1073741824,7.56,3,25.7MB / 13.4MB,12.3MB / 81.9kB
56,2026-09-10T11:59:22.019783+00:00,113,2026-09-10T11:59:21.650030+00:00,false,microservices,auth,3a2b559fe4c26fe75dd3f01792d353434a631f0a9d2f687c95184064a20889b5,tcc-microservices-experiment-auth-1,0.02,79198945,1073741824,7.38,3,45.7kB / 40.3kB,16.4MB / 65.5kB
56,2026-09-10T11:59:22.019783+00:00,113,2026-09-10T11:59:21.650030+00:00,false,microservices,gateway,aba588f0a9f8c4f8ce983028a0d3a33c83e5279a9b0031e940378354525197ef,tcc-microservices-experiment-gateway-1,8.44,453299405,536870912,84.42,77,3.64MB / 4.64MB,51MB / 242kB
56,2026-09-10T11:59:22.019783+00:00,113,2026-09-10T11:59:21.650030+00:00,false,microservices,mysql,9657460a96aabd1b63dbae5e524314696b373abf1b98c8dc67f85aab8c15f21f,tcc-microservices-experiment-mysql-1,25.96,551026688,1073741824,51.31,41,21.2MB / 41.7MB,62.8MB / 336MB
56,2026-09-10T11:59:22.019783+00:00,113,2026-09-10T11:59:21.650030+00:00,false,microservices,order,661cfe1bbbcf03dcbb08593646a71f5d3823f3a50d17cb345151deb4054c65c2,tcc-microservices-experiment-order-1,26.79,83068191,1073741824,7.74,3,24.1MB / 15.7MB,13MB / 77.8kB
56,2026-09-10T11:59:22.019783+00:00,113,2026-09-10T11:59:21.650030+00:00,false,microservices,product,b37b5ac210765e75705337e79d1c02e3f60e45795f1ee386aecfac37592beb40,tcc-microservices-experiment-product-1,31.75,80971039,1073741824,7.54,3,26MB / 13.5MB,12.3MB / 81.9kB
57,2026-09-10T11:59:23.019789+00:00,115,2026-09-10T11:59:22.649367+00:00,false,microservices,auth,3a2b559fe4c26fe75dd3f01792d353434a631f0a9d2f687c95184064a20889b5,tcc-microservices-experiment-auth-1,0.02,79198945,1073741824,7.38,3,45.7kB / 40.3kB,16.4MB / 65.5kB
57,2026-09-10T11:59:23.019789+00:00,115,2026-09-10T11:59:22.649367+00:00,false,microservices,gateway,aba588f0a9f8c4f8ce983028a0d3a33c83e5279a9b0031e940378354525197ef,tcc-microservices-experiment-gateway-1,7.85,453089690,536870912,84.4,77,3.68MB / 4.7MB,51MB / 242kB
57,2026-09-10T11:59:23.019789+00:00,115,2026-09-10T11:59:22.649367+00:00,false,microservices,mysql,9657460a96aabd1b63dbae5e524314696b373abf1b98c8dc67f85aab8c15f21f,tcc-microservices-experiment-mysql-1,30.0,550397542,1073741824,51.26,41,21.4MB / 42.1MB,62.8MB / 338MB
57,2026-09-10T11:59:23.019789+00:00,115,2026-09-10T11:59:22.649367+00:00,false,microservices,order,661cfe1bbbcf03dcbb08593646a71f5d3823f3a50d17cb345151deb4054c65c2,tcc-microservices-experiment-order-1,26.22,82889933,1073741824,7.72,3,24.3MB / 15.8MB,13MB / 77.8kB
57,2026-09-10T11:59:23.019789+00:00,115,2026-09-10T11:59:22.649367+00:00,false,microservices,product,b37b5ac210765e75705337e79d1c02e3f60e45795f1ee386aecfac37592beb40,tcc-microservices-experiment-product-1,32.04,81694556,1073741824,7.61,3,26.3MB / 13.7MB,12.3MB / 81.9kB
58,2026-09-10T11:59:24.019768+00:00,117,2026-09-10T11:59:23.649615+00:00,false,microservices,auth,3a2b559fe4c26fe75dd3f01792d353434a631f0a9d2f687c95184064a20889b5,tcc-microservices-experiment-auth-1,0.02,79198945,1073741824,7.38,3,45.7kB / 40.3kB,16.4MB / 65.5kB
58,2026-09-10T11:59:24.019768+00:00,117,2026-09-10T11:59:23.649615+00:00,false,microservices,gateway,aba588f0a9f8c4f8ce983028a0d3a33c83e5279a9b0031e940378354525197ef,tcc-microservices-experiment-gateway-1,15.52,452670259,536870912,84.31,77,3.72MB / 4.75MB,51MB / 242kB
58,2026-09-10T11:59:24.019768+00:00,117,2026-09-10T11:59:23.649615+00:00,false,microservices,mysql,9657460a96aabd1b63dbae5e524314696b373abf1b98c8dc67f85aab8c15f21f,tcc-microservices-experiment-mysql-1,25.68,550082970,1073741824,51.23,41,21.6MB / 42.6MB,62.8MB / 339MB
58,2026-09-10T11:59:24.019768+00:00,117,2026-09-10T11:59:23.649615+00:00,false,microservices,order,661cfe1bbbcf03dcbb08593646a71f5d3823f3a50d17cb345151deb4054c65c2,tcc-microservices-experiment-order-1,26.1,82732646,1073741824,7.7,3,24.5MB / 16MB,13MB / 77.8kB
58,2026-09-10T11:59:24.019768+00:00,117,2026-09-10T11:59:23.649615+00:00,false,microservices,product,b37b5ac210765e75705337e79d1c02e3f60e45795f1ee386aecfac37592beb40,tcc-microservices-experiment-product-1,32.55,81746985,1073741824,7.61,3,26.7MB / 13.8MB,12.3MB / 81.9kB
59,2026-09-10T11:59:25.019789+00:00,119,2026-09-10T11:59:24.649364+00:00,false,microservices,auth,3a2b559fe4c26fe75dd3f01792d353434a631f0a9d2f687c95184064a20889b5,tcc-microservices-experiment-auth-1,0.02,79198945,1073741824,7.38,3,45.7kB / 40.3kB,16.4MB / 65.5kB
59,2026-09-10T11:59:25.019789+00:00,119,2026-09-10T11:59:24.649364+00:00,false,microservices,gateway,aba588f0a9f8c4f8ce983028a0d3a33c83e5279a9b0031e940378354525197ef,tcc-microservices-experiment-gateway-1,15.52,452670259,536870912,84.31,77,3.72MB / 4.75MB,51MB / 242kB
59,2026-09-10T11:59:25.019789+00:00,119,2026-09-10T11:59:24.649364+00:00,false,microservices,mysql,9657460a96aabd1b63dbae5e524314696b373abf1b98c8dc67f85aab8c15f21f,tcc-microservices-experiment-mysql-1,29.23,550292685,1073741824,51.25,41,21.8MB / 43MB,62.8MB / 341MB
59,2026-09-10T11:59:25.019789+00:00,119,2026-09-10T11:59:24.649364+00:00,false,microservices,order,661cfe1bbbcf03dcbb08593646a71f5d3823f3a50d17cb345151deb4054c65c2,tcc-microservices-experiment-order-1,26.1,82732646,1073741824,7.7,3,24.5MB / 16MB,13MB / 77.8kB
59,2026-09-10T11:59:25.019789+00:00,119,2026-09-10T11:59:24.649364+00:00,false,microservices,product,b37b5ac210765e75705337e79d1c02e3f60e45795f1ee386aecfac37592beb40,tcc-microservices-experiment-product-1,32.55,81746985,1073741824,7.61,3,26.7MB / 13.8MB,12.3MB / 81.9kB
60,2026-09-10T11:59:26.019789+00:00,121,2026-09-10T11:59:25.649040+00:00,false,microservices,auth,3a2b559fe4c26fe75dd3f01792d353434a631f0a9d2f687c95184064a20889b5,tcc-microservices-experiment-auth-1,0.02,79198945,1073741824,7.38,3,45.7kB / 40.3kB,16.4MB / 65.5kB
60,2026-09-10T11:59:26.019789+00:00,121,2026-09-10T11:59:25.649040+00:00,false,microservices,gateway,aba588f0a9f8c4f8ce983028a0d3a33c83e5279a9b0031e940378354525197ef,tcc-microservices-experiment-gateway-1,7.13,452670259,536870912,84.32,77,3.77MB / 4.81MB,51MB / 242kB
60,2026-09-10T11:59:26.019789+00:00,121,2026-09-10T11:59:25.649040+00:00,false,microservices,mysql,9657460a96aabd1b63dbae5e524314696b373abf1b98c8dc67f85aab8c15f21f,tcc-microservices-experiment-mysql-1,29.23,550292685,1073741824,51.25,41,21.8MB / 43MB,62.8MB / 341MB
60,2026-09-10T11:59:26.019789+00:00,121,2026-09-10T11:59:25.649040+00:00,false,microservices,order,661cfe1bbbcf03dcbb08593646a71f5d3823f3a50d17cb345151deb4054c65c2,tcc-microservices-experiment-order-1,27.15,83005276,1073741824,7.73,3,24.8MB / 16.1MB,13MB / 77.8kB
60,2026-09-10T11:59:26.019789+00:00,121,2026-09-10T11:59:25.649040+00:00,false,microservices,product,b37b5ac210765e75705337e79d1c02e3f60e45795f1ee386aecfac37592beb40,tcc-microservices-experiment-product-1,31.84,82239816,1073741824,7.66,3,27MB / 14MB,12.3MB / 81.9kB
61,2026-09-10T11:59:27.019775+00:00,123,2026-09-10T11:59:26.650254+00:00,false,microservices,auth,3a2b559fe4c26fe75dd3f01792d353434a631f0a9d2f687c95184064a20889b5,tcc-microservices-experiment-auth-1,0.02,79198945,1073741824,7.38,3,45.7kB / 40.3kB,16.4MB / 65.5kB
61,2026-09-10T11:59:27.019775+00:00,123,2026-09-10T11:59:26.650254+00:00,false,microservices,gateway,aba588f0a9f8c4f8ce983028a0d3a33c83e5279a9b0031e940378354525197ef,tcc-microservices-experiment-gateway-1,7.74,451726541,536870912,84.14,77,3.81MB / 4.86MB,51MB / 242kB
61,2026-09-10T11:59:27.019775+00:00,123,2026-09-10T11:59:26.650254+00:00,false,microservices,mysql,9657460a96aabd1b63dbae5e524314696b373abf1b98c8dc67f85aab8c15f21f,tcc-microservices-experiment-mysql-1,25.1,549873254,1073741824,51.21,41,22MB / 43.4MB,62.8MB / 342MB
61,2026-09-10T11:59:27.019775+00:00,123,2026-09-10T11:59:26.650254+00:00,false,microservices,order,661cfe1bbbcf03dcbb08593646a71f5d3823f3a50d17cb345151deb4054c65c2,tcc-microservices-experiment-order-1,27.25,82910904,1073741824,7.72,3,25MB / 16.2MB,13MB / 77.8kB
61,2026-09-10T11:59:27.019775+00:00,123,2026-09-10T11:59:26.650254+00:00,false,microservices,product,b37b5ac210765e75705337e79d1c02e3f60e45795f1ee386aecfac37592beb40,tcc-microservices-experiment-product-1,32.35,82197873,1073741824,7.66,3,27.3MB / 14.2MB,12.3MB / 81.9kB
62,2026-09-10T11:59:28.019778+00:00,125,2026-09-10T11:59:27.650339+00:00,false,microservices,auth,3a2b559fe4c26fe75dd3f01792d353434a631f0a9d2f687c95184064a20889b5,tcc-microservices-experiment-auth-1,0.02,79198945,1073741824,7.38,3,45.7kB / 40.3kB,16.4MB / 65.5kB
62,2026-09-10T11:59:28.019778+00:00,125,2026-09-10T11:59:27.650339+00:00,false,microservices,gateway,aba588f0a9f8c4f8ce983028a0d3a33c83e5279a9b0031e940378354525197ef,tcc-microservices-experiment-gateway-1,10.9,452460544,536870912,84.28,77,3.85MB / 4.92MB,51MB / 242kB
62,2026-09-10T11:59:28.019778+00:00,125,2026-09-10T11:59:27.650339+00:00,false,microservices,mysql,9657460a96aabd1b63dbae5e524314696b373abf1b98c8dc67f85aab8c15f21f,tcc-microservices-experiment-mysql-1,29.46,550292685,1073741824,51.25,41,22.2MB / 43.9MB,62.8MB / 344MB
62,2026-09-10T11:59:28.019778+00:00,125,2026-09-10T11:59:27.650339+00:00,false,microservices,order,661cfe1bbbcf03dcbb08593646a71f5d3823f3a50d17cb345151deb4054c65c2,tcc-microservices-experiment-order-1,26.1,82543903,1073741824,7.69,3,25.2MB / 16.4MB,13MB / 77.8kB
62,2026-09-10T11:59:28.019778+00:00,125,2026-09-10T11:59:27.650339+00:00,false,microservices,product,b37b5ac210765e75705337e79d1c02e3f60e45795f1ee386aecfac37592beb40,tcc-microservices-experiment-product-1,31.73,81820385,1073741824,7.62,3,27.6MB / 14.3MB,12.3MB / 81.9kB
63,2026-09-10T11:59:29.019781+00:00,127,2026-09-10T11:59:28.650335+00:00,false,microservices,auth,3a2b559fe4c26fe75dd3f01792d353434a631f0a9d2f687c95184064a20889b5,tcc-microservices-experiment-auth-1,0.02,79198945,1073741824,7.38,3,45.7kB / 40.3kB,16.4MB / 65.5kB
63,2026-09-10T11:59:29.019781+00:00,127,2026-09-10T11:59:28.650335+00:00,false,microservices,gateway,aba588f0a9f8c4f8ce983028a0d3a33c83e5279a9b0031e940378354525197ef,tcc-microservices-experiment-gateway-1,8.32,452775117,536870912,84.33,77,3.89MB / 4.97MB,51MB / 242kB
63,2026-09-10T11:59:29.019781+00:00,127,2026-09-10T11:59:28.650335+00:00,false,microservices,mysql,9657460a96aabd1b63dbae5e524314696b373abf1b98c8dc67f85aab8c15f21f,tcc-microservices-experiment-mysql-1,23.94,550921830,1073741824,51.31,41,22.4MB / 44.3MB,62.8MB / 345MB
63,2026-09-10T11:59:29.019781+00:00,127,2026-09-10T11:59:28.650335+00:00,false,microservices,order,661cfe1bbbcf03dcbb08593646a71f5d3823f3a50d17cb345151deb4054c65c2,tcc-microservices-experiment-order-1,24.88,83214991,1073741824,7.75,3,25.4MB / 16.5MB,13MB / 77.8kB
63,2026-09-10T11:59:29.019781+00:00,127,2026-09-10T11:59:28.650335+00:00,false,microservices,product,b37b5ac210765e75705337e79d1c02e3f60e45795f1ee386aecfac37592beb40,tcc-microservices-experiment-product-1,30.69,81379983,1073741824,7.58,3,27.9MB / 14.5MB,12.3MB / 81.9kB
64,2026-09-10T11:59:30.019820+00:00,129,2026-09-10T11:59:29.650317+00:00,false,microservices,auth,3a2b559fe4c26fe75dd3f01792d353434a631f0a9d2f687c95184064a20889b5,tcc-microservices-experiment-auth-1,0.02,79198945,1073741824,7.38,3,45.7kB / 40.3kB,16.4MB / 65.5kB
64,2026-09-10T11:59:30.019820+00:00,129,2026-09-10T11:59:29.650317+00:00,false,microservices,gateway,aba588f0a9f8c4f8ce983028a0d3a33c83e5279a9b0031e940378354525197ef,tcc-microservices-experiment-gateway-1,20.27,453299405,536870912,84.43,77,3.94MB / 5.03MB,51MB / 242kB
64,2026-09-10T11:59:30.019820+00:00,129,2026-09-10T11:59:29.650317+00:00,false,microservices,mysql,9657460a96aabd1b63dbae5e524314696b373abf1b98c8dc67f85aab8c15f21f,tcc-microservices-experiment-mysql-1,30.11,550921830,1073741824,51.31,41,22.6MB / 44.7MB,62.8MB / 347MB
64,2026-09-10T11:59:30.019820+00:00,129,2026-09-10T11:59:29.650317+00:00,false,microservices,order,661cfe1bbbcf03dcbb08593646a71f5d3823f3a50d17cb345151deb4054c65c2,tcc-microservices-experiment-order-1,25.88,83183534,1073741824,7.75,3,25.7MB / 16.6MB,13MB / 77.8kB
64,2026-09-10T11:59:30.019820+00:00,129,2026-09-10T11:59:29.650317+00:00,false,microservices,product,b37b5ac210765e75705337e79d1c02e3f60e45795f1ee386aecfac37592beb40,tcc-microservices-experiment-product-1,32.23,81400955,1073741824,7.58,3,28.2MB / 14.6MB,12.3MB / 81.9kB
65,2026-09-10T11:59:31.019778+00:00,131,2026-09-10T11:59:30.650467+00:00,false,microservices,auth,3a2b559fe4c26fe75dd3f01792d353434a631f0a9d2f687c95184064a20889b5,tcc-microservices-experiment-auth-1,0.02,79198945,1073741824,7.38,3,45.7kB / 40.3kB,16.4MB / 65.5kB
65,2026-09-10T11:59:31.019778+00:00,131,2026-09-10T11:59:30.650467+00:00,false,microservices,gateway,aba588f0a9f8c4f8ce983028a0d3a33c83e5279a9b0031e940378354525197ef,tcc-microservices-experiment-gateway-1,23.84,453718835,536870912,84.51,77,3.99MB / 5.08MB,51MB / 242kB
65,2026-09-10T11:59:31.019778+00:00,131,2026-09-10T11:59:30.650467+00:00,false,microservices,mysql,9657460a96aabd1b63dbae5e524314696b373abf1b98c8dc67f85aab8c15f21f,tcc-microservices-experiment-mysql-1,25.38,550712115,1073741824,51.29,41,22.8MB / 45.1MB,62.8MB / 348MB
65,2026-09-10T11:59:31.019778+00:00,131,2026-09-10T11:59:30.650467+00:00,false,microservices,order,661cfe1bbbcf03dcbb08593646a71f5d3823f3a50d17cb345151deb4054c65c2,tcc-microservices-experiment-order-1,25.97,83770737,1073741824,7.8,3,25.9MB / 16.8MB,13MB / 77.8kB
65,2026-09-10T11:59:31.019778+00:00,131,2026-09-10T11:59:30.650467+00:00,false,microservices,product,b37b5ac210765e75705337e79d1c02e3f60e45795f1ee386aecfac37592beb40,tcc-microservices-experiment-product-1,31.9,82051072,1073741824,7.64,3,28.5MB / 14.8MB,12.3MB / 81.9kB
66,2026-09-10T11:59:32.019782+00:00,133,2026-09-10T11:59:31.650980+00:00,false,microservices,auth,3a2b559fe4c26fe75dd3f01792d353434a631f0a9d2f687c95184064a20889b5,tcc-microservices-experiment-auth-1,0.02,79198945,1073741824,7.38,3,45.7kB / 40.3kB,16.4MB / 65.5kB
66,2026-09-10T11:59:32.019782+00:00,133,2026-09-10T11:59:31.650980+00:00,false,microservices,gateway,aba588f0a9f8c4f8ce983028a0d3a33c83e5279a9b0031e940378354525197ef,tcc-microservices-experiment-gateway-1,39.5,453718835,536870912,84.52,77,4.03MB / 5.14MB,51MB / 254kB
66,2026-09-10T11:59:32.019782+00:00,133,2026-09-10T11:59:31.650980+00:00,false,microservices,mysql,9657460a96aabd1b63dbae5e524314696b373abf1b98c8dc67f85aab8c15f21f,tcc-microservices-experiment-mysql-1,29.29,551026688,1073741824,51.32,41,23MB / 45.6MB,62.8MB / 351MB
66,2026-09-10T11:59:32.019782+00:00,133,2026-09-10T11:59:31.650980+00:00,false,microservices,order,661cfe1bbbcf03dcbb08593646a71f5d3823f3a50d17cb345151deb4054c65c2,tcc-microservices-experiment-order-1,26.3,83739279,1073741824,7.8,3,26.1MB / 16.9MB,13MB / 77.8kB
66,2026-09-10T11:59:32.019782+00:00,133,2026-09-10T11:59:31.650980+00:00,false,microservices,product,b37b5ac210765e75705337e79d1c02e3f60e45795f1ee386aecfac37592beb40,tcc-microservices-experiment-product-1,31.96,81369498,1073741824,7.58,3,28.8MB / 14.9MB,12.3MB / 81.9kB
67,2026-09-10T11:59:33.019766+00:00,135,2026-09-10T11:59:32.650199+00:00,false,microservices,auth,3a2b559fe4c26fe75dd3f01792d353434a631f0a9d2f687c95184064a20889b5,tcc-microservices-experiment-auth-1,0.02,79198945,1073741824,7.38,3,45.7kB / 40.3kB,16.4MB / 65.5kB
67,2026-09-10T11:59:33.019766+00:00,135,2026-09-10T11:59:32.650199+00:00,false,microservices,gateway,aba588f0a9f8c4f8ce983028a0d3a33c83e5279a9b0031e940378354525197ef,tcc-microservices-experiment-gateway-1,14.61,454138266,536870912,84.59,77,4.07MB / 5.19MB,51MB / 254kB
67,2026-09-10T11:59:33.019766+00:00,135,2026-09-10T11:59:32.650199+00:00,false,microservices,mysql,9657460a96aabd1b63dbae5e524314696b373abf1b98c8dc67f85aab8c15f21f,tcc-microservices-experiment-mysql-1,25.4,550607258,1073741824,51.28,41,23.2MB / 46MB,62.8MB / 353MB
67,2026-09-10T11:59:33.019766+00:00,135,2026-09-10T11:59:32.650199+00:00,false,microservices,order,661cfe1bbbcf03dcbb08593646a71f5d3823f3a50d17cb345151deb4054c65c2,tcc-microservices-experiment-order-1,26.31,83540050,1073741824,7.78,3,26.3MB / 17.1MB,13MB / 77.8kB
67,2026-09-10T11:59:33.019766+00:00,135,2026-09-10T11:59:32.650199+00:00,false,microservices,product,b37b5ac210765e75705337e79d1c02e3f60e45795f1ee386aecfac37592beb40,tcc-microservices-experiment-product-1,31.9,82334188,1073741824,7.67,3,29.1MB / 15.1MB,12.3MB / 81.9kB
68,2026-09-10T11:59:34.019792+00:00,137,2026-09-10T11:59:33.650257+00:00,false,microservices,auth,3a2b559fe4c26fe75dd3f01792d353434a631f0a9d2f687c95184064a20889b5,tcc-microservices-experiment-auth-1,0.02,79198945,1073741824,7.38,3,45.7kB / 40.3kB,16.4MB / 65.5kB
68,2026-09-10T11:59:34.019792+00:00,137,2026-09-10T11:59:33.650257+00:00,false,microservices,gateway,aba588f0a9f8c4f8ce983028a0d3a33c83e5279a9b0031e940378354525197ef,tcc-microservices-experiment-gateway-1,43.41,450048819,536870912,83.83,77,4.12MB / 5.25MB,51MB / 254kB
68,2026-09-10T11:59:34.019792+00:00,137,2026-09-10T11:59:33.650257+00:00,false,microservices,mysql,9657460a96aabd1b63dbae5e524314696b373abf1b98c8dc67f85aab8c15f21f,tcc-microservices-experiment-mysql-1,30.0,551026688,1073741824,51.32,41,23.4MB / 46.4MB,62.8MB / 356MB
68,2026-09-10T11:59:34.019792+00:00,137,2026-09-10T11:59:33.650257+00:00,false,microservices,order,661cfe1bbbcf03dcbb08593646a71f5d3823f3a50d17cb345151deb4054c65c2,tcc-microservices-experiment-order-1,25.67,83141591,1073741824,7.74,3,26.5MB / 17.2MB,13MB / 77.8kB
68,2026-09-10T11:59:34.019792+00:00,137,2026-09-10T11:59:33.650257+00:00,false,microservices,product,b37b5ac210765e75705337e79d1c02e3f60e45795f1ee386aecfac37592beb40,tcc-microservices-experiment-product-1,31.14,82051072,1073741824,7.64,3,29.4MB / 15.2MB,12.3MB / 81.9kB
69,2026-09-10T11:59:35.019802+00:00,139,2026-09-10T11:59:34.649557+00:00,false,microservices,auth,3a2b559fe4c26fe75dd3f01792d353434a631f0a9d2f687c95184064a20889b5,tcc-microservices-experiment-auth-1,0.02,79198945,1073741824,7.38,3,45.7kB / 40.3kB,16.4MB / 65.5kB
69,2026-09-10T11:59:35.019802+00:00,139,2026-09-10T11:59:34.649557+00:00,false,microservices,gateway,aba588f0a9f8c4f8ce983028a0d3a33c83e5279a9b0031e940378354525197ef,tcc-microservices-experiment-gateway-1,10.01,450258534,536870912,83.87,77,4.16MB / 5.3MB,51MB / 254kB
69,2026-09-10T11:59:35.019802+00:00,139,2026-09-10T11:59:34.649557+00:00,false,microservices,mysql,9657460a96aabd1b63dbae5e524314696b373abf1b98c8dc67f85aab8c15f21f,tcc-microservices-experiment-mysql-1,24.9,551446118,1073741824,51.36,41,23.6MB / 46.8MB,62.8MB / 357MB
69,2026-09-10T11:59:35.019802+00:00,139,2026-09-10T11:59:34.649557+00:00,false,microservices,order,661cfe1bbbcf03dcbb08593646a71f5d3823f3a50d17cb345151deb4054c65c2,tcc-microservices-experiment-order-1,26.68,83078676,1073741824,7.74,3,26.8MB / 17.3MB,13MB / 77.8kB
69,2026-09-10T11:59:35.019802+00:00,139,2026-09-10T11:59:34.649557+00:00,false,microservices,product,b37b5ac210765e75705337e79d1c02e3f60e45795f1ee386aecfac37592beb40,tcc-microservices-experiment-product-1,32.81,81988157,1073741824,7.64,3,29.7MB / 15.4MB,12.3MB / 81.9kB
70,2026-09-10T11:59:36.019792+00:00,141,2026-09-10T11:59:35.650525+00:00,false,microservices,auth,3a2b559fe4c26fe75dd3f01792d353434a631f0a9d2f687c95184064a20889b5,tcc-microservices-experiment-auth-1,0.02,79198945,1073741824,7.38,3,45.7kB / 40.3kB,16.4MB / 65.5kB
70,2026-09-10T11:59:36.019792+00:00,141,2026-09-10T11:59:35.650525+00:00,false,microservices,gateway,aba588f0a9f8c4f8ce983028a0d3a33c83e5279a9b0031e940378354525197ef,tcc-microservices-experiment-gateway-1,25.12,455186842,536870912,84.78,77,4.2MB / 5.35MB,51MB / 254kB
70,2026-09-10T11:59:36.019792+00:00,141,2026-09-10T11:59:35.650525+00:00,false,microservices,mysql,9657460a96aabd1b63dbae5e524314696b373abf1b98c8dc67f85aab8c15f21f,tcc-microservices-experiment-mysql-1,29.27,552284979,1073741824,51.43,41,23.8MB / 47.3MB,62.8MB / 365MB
70,2026-09-10T11:59:36.019792+00:00,141,2026-09-10T11:59:35.650525+00:00,false,microservices,order,661cfe1bbbcf03dcbb08593646a71f5d3823f3a50d17cb345151deb4054c65c2,tcc-microservices-experiment-order-1,24.91,83508593,1073741824,7.78,3,27MB / 17.5MB,13MB / 77.8kB
70,2026-09-10T11:59:36.019792+00:00,141,2026-09-10T11:59:35.650525+00:00,false,microservices,product,b37b5ac210765e75705337e79d1c02e3f60e45795f1ee386aecfac37592beb40,tcc-microservices-experiment-product-1,31.0,81589699,1073741824,7.6,3,30MB / 15.6MB,12.3MB / 81.9kB
71,2026-09-10T11:59:37.019794+00:00,143,2026-09-10T11:59:36.650001+00:00,false,microservices,auth,3a2b559fe4c26fe75dd3f01792d353434a631f0a9d2f687c95184064a20889b5,tcc-microservices-experiment-auth-1,0.02,79198945,1073741824,7.38,3,45.7kB / 40.3kB,16.4MB / 65.5kB
71,2026-09-10T11:59:37.019794+00:00,143,2026-09-10T11:59:36.650001+00:00,false,microservices,gateway,aba588f0a9f8c4f8ce983028a0d3a33c83e5279a9b0031e940378354525197ef,tcc-microservices-experiment-gateway-1,18.37,454767411,536870912,84.72,77,4.24MB / 5.41MB,51MB / 254kB
71,2026-09-10T11:59:37.019794+00:00,143,2026-09-10T11:59:36.650001+00:00,false,microservices,mysql,9657460a96aabd1b63dbae5e524314696b373abf1b98c8dc67f85aab8c15f21f,tcc-microservices-experiment-mysql-1,24.66,551655834,1073741824,51.38,41,24MB / 47.7MB,62.8MB / 374MB
71,2026-09-10T11:59:37.019794+00:00,143,2026-09-10T11:59:36.650001+00:00,false,microservices,order,661cfe1bbbcf03dcbb08593646a71f5d3823f3a50d17cb345151deb4054c65c2,tcc-microservices-experiment-order-1,25.35,82554388,1073741824,7.69,3,27.2MB / 17.6MB,13MB / 77.8kB
71,2026-09-10T11:59:37.019794+00:00,143,2026-09-10T11:59:36.650001+00:00,false,microservices,product,b37b5ac210765e75705337e79d1c02e3f60e45795f1ee386aecfac37592beb40,tcc-microservices-experiment-product-1,31.09,82176901,1073741824,7.65,3,30.3MB / 15.7MB,12.3MB / 81.9kB
72,2026-09-10T11:59:38.019765+00:00,145,2026-09-10T11:59:37.650503+00:00,false,microservices,auth,3a2b559fe4c26fe75dd3f01792d353434a631f0a9d2f687c95184064a20889b5,tcc-microservices-experiment-auth-1,0.02,79198945,1073741824,7.38,3,45.7kB / 40.3kB,16.4MB / 65.5kB
72,2026-09-10T11:59:38.019765+00:00,145,2026-09-10T11:59:37.650503+00:00,false,microservices,gateway,aba588f0a9f8c4f8ce983028a0d3a33c83e5279a9b0031e940378354525197ef,tcc-microservices-experiment-gateway-1,8.39,454872269,536870912,84.73,77,4.29MB / 5.47MB,51MB / 254kB
72,2026-09-10T11:59:38.019765+00:00,145,2026-09-10T11:59:37.650503+00:00,false,microservices,mysql,9657460a96aabd1b63dbae5e524314696b373abf1b98c8dc67f85aab8c15f21f,tcc-microservices-experiment-mysql-1,30.37,551760691,1073741824,51.38,41,24.2MB / 48.1MB,62.8MB / 376MB
72,2026-09-10T11:59:38.019765+00:00,145,2026-09-10T11:59:37.650503+00:00,false,microservices,order,661cfe1bbbcf03dcbb08593646a71f5d3823f3a50d17cb345151deb4054c65c2,tcc-microservices-experiment-order-1,26.01,83235963,1073741824,7.75,3,27.4MB / 17.7MB,13MB / 77.8kB
72,2026-09-10T11:59:38.019765+00:00,145,2026-09-10T11:59:37.650503+00:00,false,microservices,product,b37b5ac210765e75705337e79d1c02e3f60e45795f1ee386aecfac37592beb40,tcc-microservices-experiment-product-1,32.44,81306583,1073741824,7.57,3,30.6MB / 15.9MB,12.3MB / 81.9kB
73,2026-09-10T11:59:39.019790+00:00,147,2026-09-10T11:59:38.649460+00:00,false,microservices,auth,3a2b559fe4c26fe75dd3f01792d353434a631f0a9d2f687c95184064a20889b5,tcc-microservices-experiment-auth-1,0.02,79198945,1073741824,7.38,3,45.7kB / 40.3kB,16.4MB / 65.5kB
73,2026-09-10T11:59:39.019790+00:00,147,2026-09-10T11:59:38.649460+00:00,false,microservices,gateway,aba588f0a9f8c4f8ce983028a0d3a33c83e5279a9b0031e940378354525197ef,tcc-microservices-experiment-gateway-1,7.2,449943962,536870912,83.81,77,4.33MB / 5.52MB,51MB / 254kB
73,2026-09-10T11:59:39.019790+00:00,147,2026-09-10T11:59:38.649460+00:00,false,microservices,mysql,9657460a96aabd1b63dbae5e524314696b373abf1b98c8dc67f85aab8c15f21f,tcc-microservices-experiment-mysql-1,25.46,552180122,1073741824,51.42,41,24.4MB / 48.6MB,62.8MB / 378MB
73,2026-09-10T11:59:39.019790+00:00,147,2026-09-10T11:59:38.649460+00:00,false,microservices,order,661cfe1bbbcf03dcbb08593646a71f5d3823f3a50d17cb345151deb4054c65c2,tcc-microservices-experiment-order-1,26.25,82795561,1073741824,7.71,3,27.7MB / 17.9MB,13MB / 77.8kB
73,2026-09-10T11:59:39.019790+00:00,147,2026-09-10T11:59:38.649460+00:00,false,microservices,product,b37b5ac210765e75705337e79d1c02e3f60e45795f1ee386aecfac37592beb40,tcc-microservices-experiment-product-1,33.18,82155930,1073741824,7.65,3,30.9MB / 16MB,12.3MB / 81.9kB
74,2026-09-10T11:59:40.019764+00:00,149,2026-09-10T11:59:39.650449+00:00,false,microservices,auth,3a2b559fe4c26fe75dd3f01792d353434a631f0a9d2f687c95184064a20889b5,tcc-microservices-experiment-auth-1,0.02,79198945,1073741824,7.38,3,45.7kB / 40.3kB,16.4MB / 65.5kB
74,2026-09-10T11:59:40.019764+00:00,149,2026-09-10T11:59:39.650449+00:00,false,microservices,gateway,aba588f0a9f8c4f8ce983028a0d3a33c83e5279a9b0031e940378354525197ef,tcc-microservices-experiment-gateway-1,7.67,449943962,536870912,83.8,77,4.37MB / 5.58MB,51MB / 254kB
74,2026-09-10T11:59:40.019764+00:00,149,2026-09-10T11:59:39.650449+00:00,false,microservices,mysql,9657460a96aabd1b63dbae5e524314696b373abf1b98c8dc67f85aab8c15f21f,tcc-microservices-experiment-mysql-1,29.0,552599552,1073741824,51.46,41,24.6MB / 49MB,62.8MB / 380MB
74,2026-09-10T11:59:40.019764+00:00,149,2026-09-10T11:59:39.650449+00:00,false,microservices,order,661cfe1bbbcf03dcbb08593646a71f5d3823f3a50d17cb345151deb4054c65c2,tcc-microservices-experiment-order-1,24.87,83309363,1073741824,7.76,3,27.9MB / 18MB,13MB / 77.8kB
74,2026-09-10T11:59:40.019764+00:00,149,2026-09-10T11:59:39.650449+00:00,false,microservices,product,b37b5ac210765e75705337e79d1c02e3f60e45795f1ee386aecfac37592beb40,tcc-microservices-experiment-product-1,32.35,82690703,1073741824,7.7,3,31.2MB / 16.2MB,12.3MB / 81.9kB
75,2026-09-10T11:59:41.019771+00:00,151,2026-09-10T11:59:40.649356+00:00,false,microservices,auth,3a2b559fe4c26fe75dd3f01792d353434a631f0a9d2f687c95184064a20889b5,tcc-microservices-experiment-auth-1,0.02,79198945,1073741824,7.38,3,45.7kB / 40.3kB,16.4MB / 65.5kB
75,2026-09-10T11:59:41.019771+00:00,151,2026-09-10T11:59:40.649356+00:00,false,microservices,gateway,aba588f0a9f8c4f8ce983028a0d3a33c83e5279a9b0031e940378354525197ef,tcc-microservices-experiment-gateway-1,6.78,450363392,536870912,83.88,77,4.42MB / 5.64MB,51MB / 254kB
75,2026-09-10T11:59:41.019771+00:00,151,2026-09-10T11:59:40.649356+00:00,false,microservices,mysql,9657460a96aabd1b63dbae5e524314696b373abf1b98c8dc67f85aab8c15f21f,tcc-microservices-experiment-mysql-1,25.32,552494694,1073741824,51.46,41,24.8MB / 49.5MB,62.8MB / 382MB
75,2026-09-10T11:59:41.019771+00:00,151,2026-09-10T11:59:40.649356+00:00,false,microservices,order,661cfe1bbbcf03dcbb08593646a71f5d3823f3a50d17cb345151deb4054c65c2,tcc-microservices-experiment-order-1,26.24,83194020,1073741824,7.75,3,28.1MB / 18.2MB,13MB / 77.8kB
75,2026-09-10T11:59:41.019771+00:00,151,2026-09-10T11:59:40.649356+00:00,false,microservices,product,b37b5ac210765e75705337e79d1c02e3f60e45795f1ee386aecfac37592beb40,tcc-microservices-experiment-product-1,31.98,81830871,1073741824,7.62,3,31.6MB / 16.4MB,12.3MB / 81.9kB
76,2026-09-10T11:59:42.019771+00:00,153,2026-09-10T11:59:41.650265+00:00,false,microservices,auth,3a2b559fe4c26fe75dd3f01792d353434a631f0a9d2f687c95184064a20889b5,tcc-microservices-experiment-auth-1,0.02,79198945,1073741824,7.38,3,45.7kB / 40.3kB,16.4MB / 65.5kB
76,2026-09-10T11:59:42.019771+00:00,153,2026-09-10T11:59:41.650265+00:00,false,microservices,gateway,aba588f0a9f8c4f8ce983028a0d3a33c83e5279a9b0031e940378354525197ef,tcc-microservices-experiment-gateway-1,6.41,450363392,536870912,83.88,77,4.46MB / 5.69MB,51MB / 254kB
76,2026-09-10T11:59:42.019771+00:00,153,2026-09-10T11:59:41.650265+00:00,false,microservices,mysql,9657460a96aabd1b63dbae5e524314696b373abf1b98c8dc67f85aab8c15f21f,tcc-microservices-experiment-mysql-1,28.82,552389837,1073741824,51.44,41,25MB / 49.9MB,62.8MB / 383MB
76,2026-09-10T11:59:42.019771+00:00,153,2026-09-10T11:59:41.650265+00:00,false,microservices,order,661cfe1bbbcf03dcbb08593646a71f5d3823f3a50d17cb345151deb4054c65c2,tcc-microservices-experiment-order-1,25.6,83519078,1073741824,7.78,3,28.4MB / 18.3MB,13MB / 77.8kB
76,2026-09-10T11:59:42.019771+00:00,153,2026-09-10T11:59:41.650265+00:00,false,microservices,product,b37b5ac210765e75705337e79d1c02e3f60e45795f1ee386aecfac37592beb40,tcc-microservices-experiment-product-1,32.41,81610670,1073741824,7.6,3,31.9MB / 16.5MB,12.3MB / 81.9kB
77,2026-09-10T11:59:43.019787+00:00,155,2026-09-10T11:59:42.649563+00:00,false,microservices,auth,3a2b559fe4c26fe75dd3f01792d353434a631f0a9d2f687c95184064a20889b5,tcc-microservices-experiment-auth-1,0.01,79198945,1073741824,7.38,3,45.7kB / 40.3kB,16.4MB / 65.5kB
77,2026-09-10T11:59:43.019787+00:00,155,2026-09-10T11:59:42.649563+00:00,false,microservices,gateway,aba588f0a9f8c4f8ce983028a0d3a33c83e5279a9b0031e940378354525197ef,tcc-microservices-experiment-gateway-1,6.73,450153677,536870912,83.85,77,4.51MB / 5.75MB,51MB / 254kB
77,2026-09-10T11:59:43.019787+00:00,155,2026-09-10T11:59:42.649563+00:00,false,microservices,mysql,9657460a96aabd1b63dbae5e524314696b373abf1b98c8dc67f85aab8c15f21f,tcc-microservices-experiment-mysql-1,26.06,552809267,1073741824,51.48,41,25.2MB / 50.3MB,62.8MB / 385MB
77,2026-09-10T11:59:43.019787+00:00,155,2026-09-10T11:59:42.649563+00:00,false,microservices,order,661cfe1bbbcf03dcbb08593646a71f5d3823f3a50d17cb345151deb4054c65c2,tcc-microservices-experiment-order-1,26.57,82418074,1073741824,7.68,3,28.6MB / 18.5MB,13MB / 77.8kB
77,2026-09-10T11:59:43.019787+00:00,155,2026-09-10T11:59:42.649563+00:00,false,microservices,product,b37b5ac210765e75705337e79d1c02e3f60e45795f1ee386aecfac37592beb40,tcc-microservices-experiment-product-1,32.71,82030100,1073741824,7.64,3,32.2MB / 16.7MB,12.3MB / 81.9kB
78,2026-09-10T11:59:44.019795+00:00,157,2026-09-10T11:59:43.650831+00:00,false,microservices,auth,3a2b559fe4c26fe75dd3f01792d353434a631f0a9d2f687c95184064a20889b5,tcc-microservices-experiment-auth-1,0.02,79198945,1073741824,7.38,3,45.7kB / 40.3kB,16.4MB / 65.5kB
78,2026-09-10T11:59:44.019795+00:00,157,2026-09-10T11:59:43.650831+00:00,false,microservices,gateway,aba588f0a9f8c4f8ce983028a0d3a33c83e5279a9b0031e940378354525197ef,tcc-microservices-experiment-gateway-1,6.17,449524531,536870912,83.73,77,4.55MB / 5.8MB,51MB / 254kB
78,2026-09-10T11:59:44.019795+00:00,157,2026-09-10T11:59:43.650831+00:00,false,microservices,mysql,9657460a96aabd1b63dbae5e524314696b373abf1b98c8dc67f85aab8c15f21f,tcc-microservices-experiment-mysql-1,28.59,552180122,1073741824,51.42,41,25.4MB / 50.7MB,62.8MB / 387MB
78,2026-09-10T11:59:44.019795+00:00,157,2026-09-10T11:59:43.650831+00:00,false,microservices,order,661cfe1bbbcf03dcbb08593646a71f5d3823f3a50d17cb345151deb4054c65c2,tcc-microservices-experiment-order-1,24.6,83718308,1073741824,7.8,3,28.8MB / 18.6MB,13MB / 77.8kB
78,2026-09-10T11:59:44.019795+00:00,157,2026-09-10T11:59:43.650831+00:00,false,microservices,product,b37b5ac210765e75705337e79d1c02e3f60e45795f1ee386aecfac37592beb40,tcc-microservices-experiment-product-1,29.98,82260787,1073741824,7.66,3,32.5MB / 16.8MB,12.3MB / 81.9kB
79,2026-09-10T11:59:45.019785+00:00,159,2026-09-10T11:59:44.649505+00:00,false,microservices,auth,3a2b559fe4c26fe75dd3f01792d353434a631f0a9d2f687c95184064a20889b5,tcc-microservices-experiment-auth-1,0.01,79198945,1073741824,7.38,3,45.7kB / 40.3kB,16.4MB / 65.5kB
79,2026-09-10T11:59:45.019785+00:00,159,2026-09-10T11:59:44.649505+00:00,false,microservices,gateway,aba588f0a9f8c4f8ce983028a0d3a33c83e5279a9b0031e940378354525197ef,tcc-microservices-experiment-gateway-1,6.48,450468250,536870912,83.91,77,4.59MB / 5.86MB,51MB / 254kB
79,2026-09-10T11:59:45.019785+00:00,159,2026-09-10T11:59:44.649505+00:00,false,microservices,mysql,9657460a96aabd1b63dbae5e524314696b373abf1b98c8dc67f85aab8c15f21f,tcc-microservices-experiment-mysql-1,25.55,552389837,1073741824,51.45,41,25.6MB / 51.2MB,62.8MB / 388MB
79,2026-09-10T11:59:45.019785+00:00,159,2026-09-10T11:59:44.649505+00:00,false,microservices,order,661cfe1bbbcf03dcbb08593646a71f5d3823f3a50d17cb345151deb4054c65c2,tcc-microservices-experiment-order-1,26.31,82994790,1073741824,7.73,3,29MB / 18.7MB,13MB / 77.8kB
79,2026-09-10T11:59:45.019785+00:00,159,2026-09-10T11:59:44.649505+00:00,false,microservices,product,b37b5ac210765e75705337e79d1c02e3f60e45795f1ee386aecfac37592beb40,tcc-microservices-experiment-product-1,32.14,82889933,1073741824,7.72,3,32.8MB / 17MB,12.3MB / 81.9kB
80,2026-09-10T11:59:46.019789+00:00,161,2026-09-10T11:59:45.650457+00:00,false,microservices,auth,3a2b559fe4c26fe75dd3f01792d353434a631f0a9d2f687c95184064a20889b5,tcc-microservices-experiment-auth-1,0.02,79198945,1073741824,7.38,3,45.7kB / 40.3kB,16.4MB / 65.5kB
80,2026-09-10T11:59:46.019789+00:00,161,2026-09-10T11:59:45.650457+00:00,false,microservices,gateway,aba588f0a9f8c4f8ce983028a0d3a33c83e5279a9b0031e940378354525197ef,tcc-microservices-experiment-gateway-1,7.72,449734246,536870912,83.76,77,4.63MB / 5.91MB,51MB / 254kB
80,2026-09-10T11:59:46.019789+00:00,161,2026-09-10T11:59:45.650457+00:00,false,microservices,mysql,9657460a96aabd1b63dbae5e524314696b373abf1b98c8dc67f85aab8c15f21f,tcc-microservices-experiment-mysql-1,30.24,552494694,1073741824,51.45,41,25.8MB / 51.6MB,62.8MB / 390MB
80,2026-09-10T11:59:46.019789+00:00,161,2026-09-10T11:59:45.650457+00:00,false,microservices,order,661cfe1bbbcf03dcbb08593646a71f5d3823f3a50d17cb345151deb4054c65c2,tcc-microservices-experiment-order-1,26.36,82711675,1073741824,7.7,3,29.3MB / 18.9MB,13MB / 77.8kB
80,2026-09-10T11:59:46.019789+00:00,161,2026-09-10T11:59:45.650457+00:00,false,microservices,product,b37b5ac210765e75705337e79d1c02e3f60e45795f1ee386aecfac37592beb40,tcc-microservices-experiment-product-1,32.11,82743132,1073741824,7.71,3,33.1MB / 17.2MB,12.3MB / 81.9kB
81,2026-09-10T11:59:47.020115+00:00,163,2026-09-10T11:59:46.649084+00:00,false,microservices,auth,3a2b559fe4c26fe75dd3f01792d353434a631f0a9d2f687c95184064a20889b5,tcc-microservices-experiment-auth-1,0.01,79198945,1073741824,7.38,3,45.7kB / 40.3kB,16.4MB / 65.5kB
81,2026-09-10T11:59:47.020115+00:00,163,2026-09-10T11:59:46.649084+00:00,false,microservices,gateway,aba588f0a9f8c4f8ce983028a0d3a33c83e5279a9b0031e940378354525197ef,tcc-microservices-experiment-gateway-1,9.58,449209958,536870912,83.67,77,4.68MB / 5.97MB,51MB / 270kB
81,2026-09-10T11:59:47.020115+00:00,163,2026-09-10T11:59:46.649084+00:00,false,microservices,mysql,9657460a96aabd1b63dbae5e524314696b373abf1b98c8dc67f85aab8c15f21f,tcc-microservices-experiment-mysql-1,25.77,552075264,1073741824,51.42,41,26MB / 52MB,62.8MB / 392MB
81,2026-09-10T11:59:47.020115+00:00,163,2026-09-10T11:59:46.649084+00:00,false,microservices,order,661cfe1bbbcf03dcbb08593646a71f5d3823f3a50d17cb345151deb4054c65c2,tcc-microservices-experiment-order-1,26.79,83288392,1073741824,7.76,3,29.5MB / 19MB,13MB / 77.8kB
81,2026-09-10T11:59:47.020115+00:00,163,2026-09-10T11:59:46.649084+00:00,false,microservices,product,b37b5ac210765e75705337e79d1c02e3f60e45795f1ee386aecfac37592beb40,tcc-microservices-experiment-product-1,32.65,82522931,1073741824,7.69,3,33.4MB / 17.3MB,12.3MB / 81.9kB
82,2026-09-10T11:59:48.019757+00:00,165,2026-09-10T11:59:47.650290+00:00,false,microservices,auth,3a2b559fe4c26fe75dd3f01792d353434a631f0a9d2f687c95184064a20889b5,tcc-microservices-experiment-auth-1,0.02,79198945,1073741824,7.38,3,45.7kB / 40.3kB,16.4MB / 65.5kB
82,2026-09-10T11:59:48.019757+00:00,165,2026-09-10T11:59:47.650290+00:00,false,microservices,gateway,aba588f0a9f8c4f8ce983028a0d3a33c83e5279a9b0031e940378354525197ef,tcc-microservices-experiment-gateway-1,5.85,449734246,536870912,83.77,77,4.72MB / 6.02MB,51MB / 270kB
82,2026-09-10T11:59:48.019757+00:00,165,2026-09-10T11:59:47.650290+00:00,false,microservices,mysql,9657460a96aabd1b63dbae5e524314696b373abf1b98c8dc67f85aab8c15f21f,tcc-microservices-experiment-mysql-1,28.43,552704410,1073741824,51.47,41,26.2MB / 52.4MB,62.8MB / 393MB
82,2026-09-10T11:59:48.019757+00:00,165,2026-09-10T11:59:47.650290+00:00,false,microservices,order,661cfe1bbbcf03dcbb08593646a71f5d3823f3a50d17cb345151deb4054c65c2,tcc-microservices-experiment-order-1,23.38,83162563,1073741824,7.75,3,29.7MB / 19.1MB,13MB / 77.8kB
82,2026-09-10T11:59:48.019757+00:00,165,2026-09-10T11:59:47.650290+00:00,false,microservices,product,b37b5ac210765e75705337e79d1c02e3f60e45795f1ee386aecfac37592beb40,tcc-microservices-experiment-product-1,29.82,82166415,1073741824,7.65,3,33.7MB / 17.5MB,12.3MB / 81.9kB
83,2026-09-10T11:59:49.019764+00:00,167,2026-09-10T11:59:48.649824+00:00,false,microservices,auth,3a2b559fe4c26fe75dd3f01792d353434a631f0a9d2f687c95184064a20889b5,tcc-microservices-experiment-auth-1,0.02,79198945,1073741824,7.38,3,45.7kB / 40.3kB,16.4MB / 65.5kB
83,2026-09-10T11:59:49.019764+00:00,167,2026-09-10T11:59:48.649824+00:00,false,microservices,gateway,aba588f0a9f8c4f8ce983028a0d3a33c83e5279a9b0031e940378354525197ef,tcc-microservices-experiment-gateway-1,1.46,448685670,536870912,83.58,77,4.72MB / 6.03MB,51MB / 270kB
83,2026-09-10T11:59:49.019764+00:00,167,2026-09-10T11:59:48.649824+00:00,false,microservices,mysql,9657460a96aabd1b63dbae5e524314696b373abf1b98c8dc67f85aab8c15f21f,tcc-microservices-experiment-mysql-1,8.34,552180122,1073741824,51.42,41,26.2MB / 52.5MB,62.8MB / 394MB
83,2026-09-10T11:59:49.019764+00:00,167,2026-09-10T11:59:48.649824+00:00,false,microservices,order,661cfe1bbbcf03dcbb08593646a71f5d3823f3a50d17cb345151deb4054c65c2,tcc-microservices-experiment-order-1,6.13,82418074,1073741824,7.68,3,29.7MB / 19.2MB,13MB / 77.8kB
83,2026-09-10T11:59:49.019764+00:00,167,2026-09-10T11:59:48.649824+00:00,false,microservices,product,b37b5ac210765e75705337e79d1c02e3f60e45795f1ee386aecfac37592beb40,tcc-microservices-experiment-product-1,6.99,81862328,1073741824,7.62,3,33.8MB / 17.5MB,12.3MB / 81.9kB
84,2026-09-10T11:59:50.019797+00:00,169,2026-09-10T11:59:49.649477+00:00,false,microservices,auth,3a2b559fe4c26fe75dd3f01792d353434a631f0a9d2f687c95184064a20889b5,tcc-microservices-experiment-auth-1,0.02,79198945,1073741824,7.38,3,45.7kB / 40.3kB,16.4MB / 65.5kB
84,2026-09-10T11:59:50.019797+00:00,169,2026-09-10T11:59:49.649477+00:00,false,microservices,gateway,aba588f0a9f8c4f8ce983028a0d3a33c83e5279a9b0031e940378354525197ef,tcc-microservices-experiment-gateway-1,6.17,449419674,536870912,83.71,77,4.76MB / 6.07MB,51MB / 270kB
84,2026-09-10T11:59:50.019797+00:00,169,2026-09-10T11:59:49.649477+00:00,false,microservices,mysql,9657460a96aabd1b63dbae5e524314696b373abf1b98c8dc67f85aab8c15f21f,tcc-microservices-experiment-mysql-1,25.24,552494694,1073741824,51.45,41,26.4MB / 52.9MB,62.8MB / 395MB
84,2026-09-10T11:59:50.019797+00:00,169,2026-09-10T11:59:49.649477+00:00,false,microservices,order,661cfe1bbbcf03dcbb08593646a71f5d3823f3a50d17cb345151deb4054c65c2,tcc-microservices-experiment-order-1,21.76,83602964,1073741824,7.79,3,29.9MB / 19.3MB,13MB / 77.8kB
84,2026-09-10T11:59:50.019797+00:00,169,2026-09-10T11:59:49.649477+00:00,false,microservices,product,b37b5ac210765e75705337e79d1c02e3f60e45795f1ee386aecfac37592beb40,tcc-microservices-experiment-product-1,25.89,82900419,1073741824,7.72,3,34MB / 17.6MB,12.3MB / 81.9kB
85,2026-09-10T11:59:51.019776+00:00,171,2026-09-10T11:59:50.649869+00:00,false,microservices,auth,3a2b559fe4c26fe75dd3f01792d353434a631f0a9d2f687c95184064a20889b5,tcc-microservices-experiment-auth-1,0.01,79198945,1073741824,7.38,3,45.7kB / 40.3kB,16.4MB / 65.5kB
85,2026-09-10T11:59:51.019776+00:00,171,2026-09-10T11:59:50.649869+00:00,false,microservices,gateway,aba588f0a9f8c4f8ce983028a0d3a33c83e5279a9b0031e940378354525197ef,tcc-microservices-experiment-gateway-1,42.91,466511462,536870912,86.9,77,4.8MB / 6.13MB,51MB / 270kB
85,2026-09-10T11:59:51.019776+00:00,171,2026-09-10T11:59:50.649869+00:00,false,microservices,mysql,9657460a96aabd1b63dbae5e524314696b373abf1b98c8dc67f85aab8c15f21f,tcc-microservices-experiment-mysql-1,24.45,553123840,1073741824,51.51,41,26.6MB / 53.3MB,62.8MB / 396MB
85,2026-09-10T11:59:51.019776+00:00,171,2026-09-10T11:59:50.649869+00:00,false,microservices,order,661cfe1bbbcf03dcbb08593646a71f5d3823f3a50d17cb345151deb4054c65c2,tcc-microservices-experiment-order-1,25.81,83026248,1073741824,7.73,3,30.1MB / 19.4MB,13MB / 77.8kB
85,2026-09-10T11:59:51.019776+00:00,171,2026-09-10T11:59:50.649869+00:00,false,microservices,product,b37b5ac210765e75705337e79d1c02e3f60e45795f1ee386aecfac37592beb40,tcc-microservices-experiment-product-1,31.64,81946214,1073741824,7.63,3,34.3MB / 17.8MB,12.3MB / 81.9kB
86,2026-09-10T11:59:52.019798+00:00,173,2026-09-10T11:59:51.650343+00:00,false,microservices,auth,3a2b559fe4c26fe75dd3f01792d353434a631f0a9d2f687c95184064a20889b5,tcc-microservices-experiment-auth-1,0.01,79198945,1073741824,7.38,3,45.7kB / 40.3kB,16.4MB / 65.5kB
86,2026-09-10T11:59:52.019798+00:00,173,2026-09-10T11:59:51.650343+00:00,false,microservices,gateway,aba588f0a9f8c4f8ce983028a0d3a33c83e5279a9b0031e940378354525197ef,tcc-microservices-experiment-gateway-1,8.45,466406605,536870912,86.88,77,4.84MB / 6.18MB,51MB / 270kB
86,2026-09-10T11:59:52.019798+00:00,173,2026-09-10T11:59:51.650343+00:00,false,microservices,mysql,9657460a96aabd1b63dbae5e524314696b373abf1b98c8dc67f85aab8c15f21f,tcc-microservices-experiment-mysql-1,29.28,553018982,1073741824,51.5,41,26.8MB / 53.7MB,62.8MB / 399MB
86,2026-09-10T11:59:52.019798+00:00,173,2026-09-10T11:59:51.650343+00:00,false,microservices,order,661cfe1bbbcf03dcbb08593646a71f5d3823f3a50d17cb345151deb4054c65c2,tcc-microservices-experiment-order-1,26.5,83372278,1073741824,7.76,3,30.4MB / 19.5MB,13MB / 77.8kB
86,2026-09-10T11:59:52.019798+00:00,173,2026-09-10T11:59:51.650343+00:00,false,microservices,product,b37b5ac210765e75705337e79d1c02e3f60e45795f1ee386aecfac37592beb40,tcc-microservices-experiment-product-1,30.8,82795561,1073741824,7.71,3,34.6MB / 17.9MB,12.3MB / 81.9kB
87,2026-09-10T11:59:53.019789+00:00,175,2026-09-10T11:59:52.650204+00:00,false,microservices,auth,3a2b559fe4c26fe75dd3f01792d353434a631f0a9d2f687c95184064a20889b5,tcc-microservices-experiment-auth-1,0.02,79198945,1073741824,7.38,3,45.7kB / 40.3kB,16.4MB / 65.5kB
87,2026-09-10T11:59:53.019789+00:00,175,2026-09-10T11:59:52.650204+00:00,false,microservices,gateway,aba588f0a9f8c4f8ce983028a0d3a33c83e5279a9b0031e940378354525197ef,tcc-microservices-experiment-gateway-1,30.99,465358029,536870912,86.68,77,4.89MB / 6.23MB,51MB / 270kB
87,2026-09-10T11:59:53.019789+00:00,175,2026-09-10T11:59:52.650204+00:00,false,microservices,mysql,9657460a96aabd1b63dbae5e524314696b373abf1b98c8dc67f85aab8c15f21f,tcc-microservices-experiment-mysql-1,27.47,552599552,1073741824,51.47,41,27MB / 54.1MB,62.8MB / 400MB
87,2026-09-10T11:59:53.019789+00:00,175,2026-09-10T11:59:52.650204+00:00,false,microservices,order,661cfe1bbbcf03dcbb08593646a71f5d3823f3a50d17cb345151deb4054c65c2,tcc-microservices-experiment-order-1,26.28,83288392,1073741824,7.76,3,30.6MB / 19.7MB,13MB / 77.8kB
87,2026-09-10T11:59:53.019789+00:00,175,2026-09-10T11:59:52.650204+00:00,false,microservices,product,b37b5ac210765e75705337e79d1c02e3f60e45795f1ee386aecfac37592beb40,tcc-microservices-experiment-product-1,32.98,82218844,1073741824,7.66,3,34.9MB / 18.1MB,12.3MB / 81.9kB
88,2026-09-10T11:59:54.019745+00:00,177,2026-09-10T11:59:53.650795+00:00,false,microservices,auth,3a2b559fe4c26fe75dd3f01792d353434a631f0a9d2f687c95184064a20889b5,tcc-microservices-experiment-auth-1,0.02,79198945,1073741824,7.38,3,45.7kB / 40.3kB,16.4MB / 65.5kB
88,2026-09-10T11:59:54.019745+00:00,177,2026-09-10T11:59:53.650795+00:00,false,microservices,gateway,aba588f0a9f8c4f8ce983028a0d3a33c83e5279a9b0031e940378354525197ef,tcc-microservices-experiment-gateway-1,8.72,450048819,536870912,83.82,77,4.93MB / 6.29MB,51MB / 270kB
88,2026-09-10T11:59:54.019745+00:00,177,2026-09-10T11:59:53.650795+00:00,false,microservices,mysql,9657460a96aabd1b63dbae5e524314696b373abf1b98c8dc67f85aab8c15f21f,tcc-microservices-experiment-mysql-1,30.15,552704410,1073741824,51.47,41,27.2MB / 54.6MB,62.8MB / 402MB
88,2026-09-10T11:59:54.019745+00:00,177,2026-09-10T11:59:53.650795+00:00,false,microservices,order,661cfe1bbbcf03dcbb08593646a71f5d3823f3a50d17cb345151deb4054c65c2,tcc-microservices-experiment-order-1,27.19,83131105,1073741824,7.74,3,30.8MB / 19.8MB,13MB / 77.8kB
88,2026-09-10T11:59:54.019745+00:00,177,2026-09-10T11:59:53.650795+00:00,false,microservices,product,b37b5ac210765e75705337e79d1c02e3f60e45795f1ee386aecfac37592beb40,tcc-microservices-experiment-product-1,32.7,82753618,1073741824,7.71,3,35.2MB / 18.3MB,12.3MB / 81.9kB
89,2026-09-10T11:59:55.019794+00:00,179,2026-09-10T11:59:54.650420+00:00,false,microservices,auth,3a2b559fe4c26fe75dd3f01792d353434a631f0a9d2f687c95184064a20889b5,tcc-microservices-experiment-auth-1,0.02,79198945,1073741824,7.38,3,45.7kB / 40.3kB,16.4MB / 65.5kB
89,2026-09-10T11:59:55.019794+00:00,179,2026-09-10T11:59:54.650420+00:00,false,microservices,gateway,aba588f0a9f8c4f8ce983028a0d3a33c83e5279a9b0031e940378354525197ef,tcc-microservices-experiment-gateway-1,9.23,450363392,536870912,83.88,77,4.97MB / 6.35MB,51MB / 270kB
89,2026-09-10T11:59:55.019794+00:00,179,2026-09-10T11:59:54.650420+00:00,false,microservices,mysql,9657460a96aabd1b63dbae5e524314696b373abf1b98c8dc67f85aab8c15f21f,tcc-microservices-experiment-mysql-1,25.58,552809267,1073741824,51.49,41,27.4MB / 55MB,62.8MB / 403MB
89,2026-09-10T11:59:55.019794+00:00,179,2026-09-10T11:59:54.650420+00:00,false,microservices,order,661cfe1bbbcf03dcbb08593646a71f5d3823f3a50d17cb345151deb4054c65c2,tcc-microservices-experiment-order-1,26.37,82795561,1073741824,7.71,3,31MB / 20MB,13MB / 77.8kB
89,2026-09-10T11:59:55.019794+00:00,179,2026-09-10T11:59:54.650420+00:00,false,microservices,product,b37b5ac210765e75705337e79d1c02e3f60e45795f1ee386aecfac37592beb40,tcc-microservices-experiment-product-1,32.36,82145444,1073741824,7.65,3,35.5MB / 18.4MB,12.3MB / 81.9kB
90,2026-09-10T11:59:56.019789+00:00,181,2026-09-10T11:59:55.650631+00:00,false,microservices,auth,3a2b559fe4c26fe75dd3f01792d353434a631f0a9d2f687c95184064a20889b5,tcc-microservices-experiment-auth-1,0.02,79198945,1073741824,7.38,3,45.7kB / 40.3kB,16.4MB / 65.5kB
90,2026-09-10T11:59:56.019789+00:00,181,2026-09-10T11:59:55.650631+00:00,false,microservices,gateway,aba588f0a9f8c4f8ce983028a0d3a33c83e5279a9b0031e940378354525197ef,tcc-microservices-experiment-gateway-1,6.45,449839104,536870912,83.78,77,5.02MB / 6.4MB,51MB / 270kB
90,2026-09-10T11:59:56.019789+00:00,181,2026-09-10T11:59:55.650631+00:00,false,microservices,mysql,9657460a96aabd1b63dbae5e524314696b373abf1b98c8dc67f85aab8c15f21f,tcc-microservices-experiment-mysql-1,29.54,553018982,1073741824,51.51,41,27.6MB / 55.5MB,62.8MB / 405MB
90,2026-09-10T11:59:56.019789+00:00,181,2026-09-10T11:59:55.650631+00:00,false,microservices,order,661cfe1bbbcf03dcbb08593646a71f5d3823f3a50d17cb345151deb4054c65c2,tcc-microservices-experiment-order-1,25.57,83005276,1073741824,7.73,3,31.3MB / 20.1MB,13MB / 77.8kB
90,2026-09-10T11:59:56.019789+00:00,181,2026-09-10T11:59:55.650631+00:00,false,microservices,product,b37b5ac210765e75705337e79d1c02e3f60e45795f1ee386aecfac37592beb40,tcc-microservices-experiment-product-1,32.5,81956700,1073741824,7.63,3,35.8MB / 18.6MB,12.3MB / 81.9kB
91,2026-09-10T11:59:57.019764+00:00,183,2026-09-10T11:59:56.650962+00:00,false,microservices,auth,3a2b559fe4c26fe75dd3f01792d353434a631f0a9d2f687c95184064a20889b5,tcc-microservices-experiment-auth-1,0.02,79198945,1073741824,7.38,3,45.7kB / 40.3kB,16.4MB / 65.5kB
91,2026-09-10T11:59:57.019764+00:00,183,2026-09-10T11:59:56.650962+00:00,false,microservices,gateway,aba588f0a9f8c4f8ce983028a0d3a33c83e5279a9b0031e940378354525197ef,tcc-microservices-experiment-gateway-1,6.6,450258534,536870912,83.87,77,5.06MB / 6.46MB,51MB / 270kB
91,2026-09-10T11:59:57.019764+00:00,183,2026-09-10T11:59:56.650962+00:00,false,microservices,mysql,9657460a96aabd1b63dbae5e524314696b373abf1b98c8dc67f85aab8c15f21f,tcc-microservices-experiment-mysql-1,26.33,553228698,1073741824,51.52,41,27.8MB / 55.9MB,62.8MB / 407MB
91,2026-09-10T11:59:57.019764+00:00,183,2026-09-10T11:59:56.650962+00:00,false,microservices,order,661cfe1bbbcf03dcbb08593646a71f5d3823f3a50d17cb345151deb4054c65c2,tcc-microservices-experiment-order-1,25.91,82764104,1073741824,7.71,3,31.5MB / 20.2MB,13MB / 77.8kB
91,2026-09-10T11:59:57.019764+00:00,183,2026-09-10T11:59:56.650962+00:00,false,microservices,product,b37b5ac210765e75705337e79d1c02e3f60e45795f1ee386aecfac37592beb40,tcc-microservices-experiment-product-1,32.54,82134958,1073741824,7.65,3,36.2MB / 18.7MB,12.3MB / 81.9kB
92,2026-09-10T11:59:58.019754+00:00,185,2026-09-10T11:59:57.650339+00:00,false,microservices,auth,3a2b559fe4c26fe75dd3f01792d353434a631f0a9d2f687c95184064a20889b5,tcc-microservices-experiment-auth-1,0.01,79198945,1073741824,7.38,3,45.7kB / 40.3kB,16.4MB / 65.5kB
92,2026-09-10T11:59:58.019754+00:00,185,2026-09-10T11:59:57.650339+00:00,false,microservices,gateway,aba588f0a9f8c4f8ce983028a0d3a33c83e5279a9b0031e940378354525197ef,tcc-microservices-experiment-gateway-1,6.68,450048819,536870912,83.82,77,5.1MB / 6.51MB,51MB / 270kB
92,2026-09-10T11:59:58.019754+00:00,185,2026-09-10T11:59:57.650339+00:00,false,microservices,mysql,9657460a96aabd1b63dbae5e524314696b373abf1b98c8dc67f85aab8c15f21f,tcc-microservices-experiment-mysql-1,31.01,553438413,1073741824,51.54,41,28MB / 56.3MB,62.8MB / 409MB
92,2026-09-10T11:59:58.019754+00:00,185,2026-09-10T11:59:57.650339+00:00,false,microservices,order,661cfe1bbbcf03dcbb08593646a71f5d3823f3a50d17cb345151deb4054c65c2,tcc-microservices-experiment-order-1,26.32,83005276,1073741824,7.73,3,31.7MB / 20.4MB,13MB / 77.8kB
92,2026-09-10T11:59:58.019754+00:00,185,2026-09-10T11:59:57.650339+00:00,false,microservices,product,b37b5ac210765e75705337e79d1c02e3f60e45795f1ee386aecfac37592beb40,tcc-microservices-experiment-product-1,32.32,82313216,1073741824,7.67,3,36.5MB / 18.9MB,12.3MB / 81.9kB
93,2026-09-10T11:59:59.019764+00:00,187,2026-09-10T11:59:58.650215+00:00,false,microservices,auth,3a2b559fe4c26fe75dd3f01792d353434a631f0a9d2f687c95184064a20889b5,tcc-microservices-experiment-auth-1,0.02,79198945,1073741824,7.38,3,45.7kB / 40.3kB,16.4MB / 65.5kB
93,2026-09-10T11:59:59.019764+00:00,187,2026-09-10T11:59:58.650215+00:00,false,microservices,gateway,aba588f0a9f8c4f8ce983028a0d3a33c83e5279a9b0031e940378354525197ef,tcc-microservices-experiment-gateway-1,7.36,450782822,536870912,83.96,77,5.15MB / 6.57MB,51MB / 270kB
93,2026-09-10T11:59:59.019764+00:00,187,2026-09-10T11:59:58.650215+00:00,false,microservices,mysql,9657460a96aabd1b63dbae5e524314696b373abf1b98c8dc67f85aab8c15f21f,tcc-microservices-experiment-mysql-1,25.03,553857843,1073741824,51.58,41,28.2MB / 56.8MB,62.8MB / 411MB
93,2026-09-10T11:59:59.019764+00:00,187,2026-09-10T11:59:58.650215+00:00,false,microservices,order,661cfe1bbbcf03dcbb08593646a71f5d3823f3a50d17cb345151deb4054c65c2,tcc-microservices-experiment-order-1,25.82,83036733,1073741824,7.73,3,31.9MB / 20.5MB,13MB / 77.8kB
93,2026-09-10T11:59:59.019764+00:00,187,2026-09-10T11:59:58.650215+00:00,false,microservices,product,b37b5ac210765e75705337e79d1c02e3f60e45795f1ee386aecfac37592beb40,tcc-microservices-experiment-product-1,30.83,82218844,1073741824,7.66,3,36.8MB / 19.1MB,12.3MB / 81.9kB
94,2026-09-10T12:00:00.019768+00:00,189,2026-09-10T11:59:59.651011+00:00,false,microservices,auth,3a2b559fe4c26fe75dd3f01792d353434a631f0a9d2f687c95184064a20889b5,tcc-microservices-experiment-auth-1,0.02,79198945,1073741824,7.38,3,45.7kB / 40.3kB,16.4MB / 65.5kB
94,2026-09-10T12:00:00.019768+00:00,189,2026-09-10T11:59:59.651011+00:00,false,microservices,gateway,aba588f0a9f8c4f8ce983028a0d3a33c83e5279a9b0031e940378354525197ef,tcc-microservices-experiment-gateway-1,8.15,449734246,536870912,83.78,77,5.19MB / 6.62MB,51MB / 270kB
94,2026-09-10T12:00:00.019768+00:00,189,2026-09-10T11:59:59.651011+00:00,false,microservices,mysql,9657460a96aabd1b63dbae5e524314696b373abf1b98c8dc67f85aab8c15f21f,tcc-microservices-experiment-mysql-1,29.69,554067558,1073741824,51.6,41,28.4MB / 57.2MB,62.8MB / 413MB
94,2026-09-10T12:00:00.019768+00:00,189,2026-09-10T11:59:59.651011+00:00,false,microservices,order,661cfe1bbbcf03dcbb08593646a71f5d3823f3a50d17cb345151deb4054c65c2,tcc-microservices-experiment-order-1,25.99,83162563,1073741824,7.75,3,32.2MB / 20.7MB,13MB / 77.8kB
94,2026-09-10T12:00:00.019768+00:00,189,2026-09-10T11:59:59.651011+00:00,false,microservices,product,b37b5ac210765e75705337e79d1c02e3f60e45795f1ee386aecfac37592beb40,tcc-microservices-experiment-product-1,33.41,82239816,1073741824,7.66,3,37.1MB / 19.2MB,12.3MB / 81.9kB
95,2026-09-10T12:00:01.019795+00:00,191,2026-09-10T12:00:00.651548+00:00,false,microservices,auth,3a2b559fe4c26fe75dd3f01792d353434a631f0a9d2f687c95184064a20889b5,tcc-microservices-experiment-auth-1,0.02,79198945,1073741824,7.38,3,45.7kB / 40.3kB,16.4MB / 65.5kB
95,2026-09-10T12:00:01.019795+00:00,191,2026-09-10T12:00:00.651548+00:00,false,microservices,gateway,aba588f0a9f8c4f8ce983028a0d3a33c83e5279a9b0031e940378354525197ef,tcc-microservices-experiment-gateway-1,7.04,449734246,536870912,83.77,77,5.23MB / 6.68MB,51MB / 270kB
95,2026-09-10T12:00:01.019795+00:00,191,2026-09-10T12:00:00.651548+00:00,false,microservices,mysql,9657460a96aabd1b63dbae5e524314696b373abf1b98c8dc67f85aab8c15f21f,tcc-microservices-experiment-mysql-1,26.02,553018982,1073741824,51.5,41,28.6MB / 57.6MB,62.8MB / 414MB
95,2026-09-10T12:00:01.019795+00:00,191,2026-09-10T12:00:00.651548+00:00,false,microservices,order,661cfe1bbbcf03dcbb08593646a71f5d3823f3a50d17cb345151deb4054c65c2,tcc-microservices-experiment-order-1,26.09,83330335,1073741824,7.76,3,32.4MB / 20.8MB,13MB / 77.8kB
95,2026-09-10T12:00:01.019795+00:00,191,2026-09-10T12:00:00.651548+00:00,false,microservices,product,b37b5ac210765e75705337e79d1c02e3f60e45795f1ee386aecfac37592beb40,tcc-microservices-experiment-product-1,32.68,82711675,1073741824,7.7,3,37.4MB / 19.4MB,12.3MB / 81.9kB
96,2026-09-10T12:00:02.019790+00:00,193,2026-09-10T12:00:01.650330+00:00,false,microservices,auth,3a2b559fe4c26fe75dd3f01792d353434a631f0a9d2f687c95184064a20889b5,tcc-microservices-experiment-auth-1,0.02,79198945,1073741824,7.38,3,45.7kB / 40.3kB,16.4MB / 65.5kB
96,2026-09-10T12:00:02.019790+00:00,193,2026-09-10T12:00:01.650330+00:00,false,microservices,gateway,aba588f0a9f8c4f8ce983028a0d3a33c83e5279a9b0031e940378354525197ef,tcc-microservices-experiment-gateway-1,6.65,450258534,536870912,83.87,77,5.28MB / 6.73MB,51MB / 283kB
96,2026-09-10T12:00:02.019790+00:00,193,2026-09-10T12:00:01.650330+00:00,false,microservices,mysql,9657460a96aabd1b63dbae5e524314696b373abf1b98c8dc67f85aab8c15f21f,tcc-microservices-experiment-mysql-1,29.07,552704410,1073741824,51.48,41,28.8MB / 58.1MB,62.8MB / 417MB
96,2026-09-10T12:00:02.019790+00:00,193,2026-09-10T12:00:01.650330+00:00,false,microservices,order,661cfe1bbbcf03dcbb08593646a71f5d3823f3a50d17cb345151deb4054c65c2,tcc-microservices-experiment-order-1,26.29,82680218,1073741824,7.7,3,32.6MB / 20.9MB,13MB / 77.8kB
96,2026-09-10T12:00:02.019790+00:00,193,2026-09-10T12:00:01.650330+00:00,false,microservices,product,b37b5ac210765e75705337e79d1c02e3f60e45795f1ee386aecfac37592beb40,tcc-microservices-experiment-product-1,31.28,81830871,1073741824,7.62,3,37.7MB / 19.5MB,12.3MB / 81.9kB
97,2026-09-10T12:00:03.019793+00:00,195,2026-09-10T12:00:02.650546+00:00,false,microservices,auth,3a2b559fe4c26fe75dd3f01792d353434a631f0a9d2f687c95184064a20889b5,tcc-microservices-experiment-auth-1,0.02,79198945,1073741824,7.38,3,45.7kB / 40.3kB,16.4MB / 65.5kB
97,2026-09-10T12:00:03.019793+00:00,195,2026-09-10T12:00:02.650546+00:00,false,microservices,gateway,aba588f0a9f8c4f8ce983028a0d3a33c83e5279a9b0031e940378354525197ef,tcc-microservices-experiment-gateway-1,10.39,451516826,536870912,84.1,77,5.32MB / 6.79MB,51MB / 283kB
97,2026-09-10T12:00:03.019793+00:00,195,2026-09-10T12:00:02.650546+00:00,false,microservices,mysql,9657460a96aabd1b63dbae5e524314696b373abf1b98c8dc67f85aab8c15f21f,tcc-microservices-experiment-mysql-1,25.83,553228698,1073741824,51.52,41,29MB / 58.5MB,62.8MB / 419MB
97,2026-09-10T12:00:03.019793+00:00,195,2026-09-10T12:00:02.650546+00:00,false,microservices,order,661cfe1bbbcf03dcbb08593646a71f5d3823f3a50d17cb345151deb4054c65c2,tcc-microservices-experiment-order-1,26.95,82764104,1073741824,7.71,3,32.9MB / 21.1MB,13MB / 77.8kB
97,2026-09-10T12:00:03.019793+00:00,195,2026-09-10T12:00:02.650546+00:00,false,microservices,product,b37b5ac210765e75705337e79d1c02e3f60e45795f1ee386aecfac37592beb40,tcc-microservices-experiment-product-1,32.09,82806047,1073741824,7.71,3,38MB / 19.7MB,12.3MB / 81.9kB
98,2026-09-10T12:00:04.019804+00:00,197,2026-09-10T12:00:03.650477+00:00,false,microservices,auth,3a2b559fe4c26fe75dd3f01792d353434a631f0a9d2f687c95184064a20889b5,tcc-microservices-experiment-auth-1,0.02,79198945,1073741824,7.38,3,45.7kB / 40.3kB,16.4MB / 65.5kB
98,2026-09-10T12:00:04.019804+00:00,197,2026-09-10T12:00:03.650477+00:00,false,microservices,gateway,aba588f0a9f8c4f8ce983028a0d3a33c83e5279a9b0031e940378354525197ef,tcc-microservices-experiment-gateway-1,8.29,450573107,536870912,83.93,77,5.36MB / 6.85MB,51MB / 283kB
98,2026-09-10T12:00:04.019804+00:00,197,2026-09-10T12:00:03.650477+00:00,false,microservices,mysql,9657460a96aabd1b63dbae5e524314696b373abf1b98c8dc67f85aab8c15f21f,tcc-microservices-experiment-mysql-1,30.1,554067558,1073741824,51.61,41,29.2MB / 58.9MB,62.8MB / 420MB
98,2026-09-10T12:00:04.019804+00:00,197,2026-09-10T12:00:03.650477+00:00,false,microservices,order,661cfe1bbbcf03dcbb08593646a71f5d3823f3a50d17cb345151deb4054c65c2,tcc-microservices-experiment-order-1,25.91,82313216,1073741824,7.67,3,33.1MB / 21.2MB,13MB / 77.8kB
98,2026-09-10T12:00:04.019804+00:00,197,2026-09-10T12:00:03.650477+00:00,false,microservices,product,b37b5ac210765e75705337e79d1c02e3f60e45795f1ee386aecfac37592beb40,tcc-microservices-experiment-product-1,33.39,82187387,1073741824,7.65,3,38.3MB / 19.9MB,12.3MB / 81.9kB
99,2026-09-10T12:00:05.019791+00:00,199,2026-09-10T12:00:04.650245+00:00,false,microservices,auth,3a2b559fe4c26fe75dd3f01792d353434a631f0a9d2f687c95184064a20889b5,tcc-microservices-experiment-auth-1,0.02,79198945,1073741824,7.38,3,45.7kB / 40.3kB,16.4MB / 65.5kB
99,2026-09-10T12:00:05.019791+00:00,199,2026-09-10T12:00:04.650245+00:00,false,microservices,gateway,aba588f0a9f8c4f8ce983028a0d3a33c83e5279a9b0031e940378354525197ef,tcc-microservices-experiment-gateway-1,6.5,451097395,536870912,84.03,77,5.41MB / 6.9MB,51MB / 283kB
99,2026-09-10T12:00:05.019791+00:00,199,2026-09-10T12:00:04.650245+00:00,false,microservices,mysql,9657460a96aabd1b63dbae5e524314696b373abf1b98c8dc67f85aab8c15f21f,tcc-microservices-experiment-mysql-1,26.38,553648128,1073741824,51.56,41,29.4MB / 59.4MB,62.8MB / 422MB
99,2026-09-10T12:00:05.019791+00:00,199,2026-09-10T12:00:04.650245+00:00,false,microservices,order,661cfe1bbbcf03dcbb08593646a71f5d3823f3a50d17cb345151deb4054c65c2,tcc-microservices-experiment-order-1,25.06,83277906,1073741824,7.76,3,33.3MB / 21.4MB,13MB / 77.8kB
99,2026-09-10T12:00:05.019791+00:00,199,2026-09-10T12:00:04.650245+00:00,false,microservices,product,b37b5ac210765e75705337e79d1c02e3f60e45795f1ee386aecfac37592beb40,tcc-microservices-experiment-product-1,32.12,82847990,1073741824,7.72,3,38.6MB / 20MB,12.3MB / 81.9kB
100,2026-09-10T12:00:06.019775+00:00,201,2026-09-10T12:00:05.651005+00:00,false,microservices,auth,3a2b559fe4c26fe75dd3f01792d353434a631f0a9d2f687c95184064a20889b5,tcc-microservices-experiment-auth-1,0.02,79198945,1073741824,7.38,3,45.7kB / 40.3kB,16.4MB / 65.5kB
100,2026-09-10T12:00:06.019775+00:00,201,2026-09-10T12:00:05.651005+00:00,false,microservices,gateway,aba588f0a9f8c4f8ce983028a0d3a33c83e5279a9b0031e940378354525197ef,tcc-microservices-experiment-gateway-1,6.37,449524531,536870912,83.74,77,5.45MB / 6.96MB,51MB / 283kB
100,2026-09-10T12:00:06.019775+00:00,201,2026-09-10T12:00:05.651005+00:00,false,microservices,mysql,9657460a96aabd1b63dbae5e524314696b373abf1b98c8dc67f85aab8c15f21f,tcc-microservices-experiment-mysql-1,26.89,558366720,1073741824,52.0,47,29.6MB / 59.8MB,62.8MB / 423MB
100,2026-09-10T12:00:06.019775+00:00,201,2026-09-10T12:00:05.651005+00:00,false,microservices,order,661cfe1bbbcf03dcbb08593646a71f5d3823f3a50d17cb345151deb4054c65c2,tcc-microservices-experiment-order-1,25.89,82460017,1073741824,7.68,3,33.5MB / 21.5MB,13MB / 77.8kB
100,2026-09-10T12:00:06.019775+00:00,201,2026-09-10T12:00:05.651005+00:00,false,microservices,product,b37b5ac210765e75705337e79d1c02e3f60e45795f1ee386aecfac37592beb40,tcc-microservices-experiment-product-1,31.98,81988157,1073741824,7.64,3,38.9MB / 20.2MB,12.3MB / 81.9kB
101,2026-09-10T12:00:07.019769+00:00,203,2026-09-10T12:00:06.650480+00:00,false,microservices,auth,3a2b559fe4c26fe75dd3f01792d353434a631f0a9d2f687c95184064a20889b5,tcc-microservices-experiment-auth-1,0.02,79198945,1073741824,7.38,3,45.7kB / 40.3kB,16.4MB / 65.5kB
101,2026-09-10T12:00:07.019769+00:00,203,2026-09-10T12:00:06.650480+00:00,false,microservices,gateway,aba588f0a9f8c4f8ce983028a0d3a33c83e5279a9b0031e940378354525197ef,tcc-microservices-experiment-gateway-1,6.56,450677965,536870912,83.94,77,5.5MB / 7.02MB,51MB / 283kB
101,2026-09-10T12:00:07.019769+00:00,203,2026-09-10T12:00:06.650480+00:00,false,microservices,mysql,9657460a96aabd1b63dbae5e524314696b373abf1b98c8dc67f85aab8c15f21f,tcc-microservices-experiment-mysql-1,28.79,553438413,1073741824,51.54,41,29.8MB / 60.3MB,62.8MB / 424MB
101,2026-09-10T12:00:07.019769+00:00,203,2026-09-10T12:00:06.650480+00:00,false,microservices,order,661cfe1bbbcf03dcbb08593646a71f5d3823f3a50d17cb345151deb4054c65c2,tcc-microservices-experiment-order-1,26.82,83099648,1073741824,7.74,3,33.8MB / 21.6MB,13MB / 77.8kB
101,2026-09-10T12:00:07.019769+00:00,203,2026-09-10T12:00:06.650480+00:00,false,microservices,product,b37b5ac210765e75705337e79d1c02e3f60e45795f1ee386aecfac37592beb40,tcc-microservices-experiment-product-1,32.21,83928023,1073741824,7.82,3,39.3MB / 20.3MB,12.3MB / 81.9kB
102,2026-09-10T12:00:08.019775+00:00,205,2026-09-10T12:00:07.649516+00:00,false,microservices,auth,3a2b559fe4c26fe75dd3f01792d353434a631f0a9d2f687c95184064a20889b5,tcc-microservices-experiment-auth-1,0.02,79198945,1073741824,7.38,3,45.7kB / 40.3kB,16.4MB / 65.5kB
102,2026-09-10T12:00:08.019775+00:00,205,2026-09-10T12:00:07.649516+00:00,false,microservices,gateway,aba588f0a9f8c4f8ce983028a0d3a33c83e5279a9b0031e940378354525197ef,tcc-microservices-experiment-gateway-1,6.37,450573107,536870912,83.93,77,5.54MB / 7.07MB,51MB / 283kB
102,2026-09-10T12:00:08.019775+00:00,205,2026-09-10T12:00:07.649516+00:00,false,microservices,mysql,9657460a96aabd1b63dbae5e524314696b373abf1b98c8dc67f85aab8c15f21f,tcc-microservices-experiment-mysql-1,26.09,553333555,1073741824,51.53,41,30MB / 60.7MB,62.8MB / 426MB
102,2026-09-10T12:00:08.019775+00:00,205,2026-09-10T12:00:07.649516+00:00,false,microservices,order,661cfe1bbbcf03dcbb08593646a71f5d3823f3a50d17cb345151deb4054c65c2,tcc-microservices-experiment-order-1,25.34,83351306,1073741824,7.76,3,34MB / 21.8MB,13MB / 77.8kB
102,2026-09-10T12:00:08.019775+00:00,205,2026-09-10T12:00:07.649516+00:00,false,microservices,product,b37b5ac210765e75705337e79d1c02e3f60e45795f1ee386aecfac37592beb40,tcc-microservices-experiment-product-1,33.02,83382764,1073741824,7.77,3,39.6MB / 20.5MB,12.3MB / 81.9kB
103,2026-09-10T12:00:09.019763+00:00,207,2026-09-10T12:00:08.650390+00:00,false,microservices,auth,3a2b559fe4c26fe75dd3f01792d353434a631f0a9d2f687c95184064a20889b5,tcc-microservices-experiment-auth-1,0.02,79198945,1073741824,7.38,3,45.7kB / 40.3kB,16.4MB / 65.5kB
103,2026-09-10T12:00:09.019763+00:00,207,2026-09-10T12:00:08.650390+00:00,false,microservices,gateway,aba588f0a9f8c4f8ce983028a0d3a33c83e5279a9b0031e940378354525197ef,tcc-microservices-experiment-gateway-1,6.87,450153677,536870912,83.84,77,5.59MB / 7.13MB,51MB / 283kB
103,2026-09-10T12:00:09.019763+00:00,207,2026-09-10T12:00:08.650390+00:00,false,microservices,mysql,9657460a96aabd1b63dbae5e524314696b373abf1b98c8dc67f85aab8c15f21f,tcc-microservices-experiment-mysql-1,30.02,553543270,1073741824,51.55,41,30.2MB / 61.2MB,62.8MB / 427MB
103,2026-09-10T12:00:09.019763+00:00,207,2026-09-10T12:00:08.650390+00:00,false,microservices,order,661cfe1bbbcf03dcbb08593646a71f5d3823f3a50d17cb345151deb4054c65c2,tcc-microservices-experiment-order-1,27.11,83015762,1073741824,7.73,3,34.3MB / 21.9MB,13MB / 77.8kB
103,2026-09-10T12:00:09.019763+00:00,207,2026-09-10T12:00:08.650390+00:00,false,microservices,product,b37b5ac210765e75705337e79d1c02e3f60e45795f1ee386aecfac37592beb40,tcc-microservices-experiment-product-1,32.24,83487621,1073741824,7.78,3,39.9MB / 20.7MB,12.3MB / 81.9kB
104,2026-09-10T12:00:10.019784+00:00,209,2026-09-10T12:00:09.650393+00:00,false,microservices,auth,3a2b559fe4c26fe75dd3f01792d353434a631f0a9d2f687c95184064a20889b5,tcc-microservices-experiment-auth-1,0.02,79198945,1073741824,7.38,3,45.7kB / 40.3kB,16.4MB / 65.5kB
104,2026-09-10T12:00:10.019784+00:00,209,2026-09-10T12:00:09.650393+00:00,false,microservices,gateway,aba588f0a9f8c4f8ce983028a0d3a33c83e5279a9b0031e940378354525197ef,tcc-microservices-experiment-gateway-1,7.07,450992538,536870912,84.01,77,5.63MB / 7.19MB,51MB / 283kB
104,2026-09-10T12:00:10.019784+00:00,209,2026-09-10T12:00:09.650393+00:00,false,microservices,mysql,9657460a96aabd1b63dbae5e524314696b373abf1b98c8dc67f85aab8c15f21f,tcc-microservices-experiment-mysql-1,26.01,553123840,1073741824,51.52,41,30.5MB / 61.6MB,62.8MB / 429MB
104,2026-09-10T12:00:10.019784+00:00,209,2026-09-10T12:00:09.650393+00:00,false,microservices,order,661cfe1bbbcf03dcbb08593646a71f5d3823f3a50d17cb345151deb4054c65c2,tcc-microservices-experiment-order-1,25.81,82774589,1073741824,7.71,3,34.5MB / 22.1MB,13MB / 77.8kB
104,2026-09-10T12:00:10.019784+00:00,209,2026-09-10T12:00:09.650393+00:00,false,microservices,product,b37b5ac210765e75705337e79d1c02e3f60e45795f1ee386aecfac37592beb40,tcc-microservices-experiment-product-1,32.3,82166415,1073741824,7.65,3,40.2MB / 20.8MB,12.3MB / 81.9kB
105,2026-09-10T12:00:11.019788+00:00,211,2026-09-10T12:00:10.651018+00:00,false,microservices,auth,3a2b559fe4c26fe75dd3f01792d353434a631f0a9d2f687c95184064a20889b5,tcc-microservices-experiment-auth-1,0.02,79198945,1073741824,7.38,3,45.7kB / 40.3kB,16.4MB / 65.5kB
105,2026-09-10T12:00:11.019788+00:00,211,2026-09-10T12:00:10.651018+00:00,false,microservices,gateway,aba588f0a9f8c4f8ce983028a0d3a33c83e5279a9b0031e940378354525197ef,tcc-microservices-experiment-gateway-1,6.49,450573107,536870912,83.93,77,5.68MB / 7.25MB,51MB / 283kB
105,2026-09-10T12:00:11.019788+00:00,211,2026-09-10T12:00:10.651018+00:00,false,microservices,mysql,9657460a96aabd1b63dbae5e524314696b373abf1b98c8dc67f85aab8c15f21f,tcc-microservices-experiment-mysql-1,29.23,553857843,1073741824,51.58,41,30.7MB / 62.1MB,62.8MB / 430MB
105,2026-09-10T12:00:11.019788+00:00,211,2026-09-10T12:00:10.651018+00:00,false,microservices,order,661cfe1bbbcf03dcbb08593646a71f5d3823f3a50d17cb345151deb4054c65c2,tcc-microservices-experiment-order-1,26.2,83141591,1073741824,7.74,3,34.7MB / 22.2MB,13MB / 77.8kB
105,2026-09-10T12:00:11.019788+00:00,211,2026-09-10T12:00:10.651018+00:00,false,microservices,product,b37b5ac210765e75705337e79d1c02e3f60e45795f1ee386aecfac37592beb40,tcc-microservices-experiment-product-1,32.83,82806047,1073741824,7.71,3,40.6MB / 21MB,12.3MB / 81.9kB
106,2026-09-10T12:00:12.019770+00:00,213,2026-09-10T12:00:11.650633+00:00,false,microservices,auth,3a2b559fe4c26fe75dd3f01792d353434a631f0a9d2f687c95184064a20889b5,tcc-microservices-experiment-auth-1,0.02,79198945,1073741824,7.38,3,45.7kB / 40.3kB,16.4MB / 65.5kB
106,2026-09-10T12:00:12.019770+00:00,213,2026-09-10T12:00:11.650633+00:00,false,microservices,gateway,aba588f0a9f8c4f8ce983028a0d3a33c83e5279a9b0031e940378354525197ef,tcc-microservices-experiment-gateway-1,6.41,450887680,536870912,83.99,77,5.72MB / 7.3MB,51MB / 283kB
106,2026-09-10T12:00:12.019770+00:00,213,2026-09-10T12:00:11.650633+00:00,false,microservices,mysql,9657460a96aabd1b63dbae5e524314696b373abf1b98c8dc67f85aab8c15f21f,tcc-microservices-experiment-mysql-1,25.0,553543270,1073741824,51.55,41,30.9MB / 62.5MB,62.8MB / 432MB
106,2026-09-10T12:00:12.019770+00:00,213,2026-09-10T12:00:11.650633+00:00,false,microservices,order,661cfe1bbbcf03dcbb08593646a71f5d3823f3a50d17cb345151deb4054c65c2,tcc-microservices-experiment-order-1,25.59,82910904,1073741824,7.72,4,34.9MB / 22.4MB,13MB / 77.8kB
106,2026-09-10T12:00:12.019770+00:00,213,2026-09-10T12:00:11.650633+00:00,false,microservices,product,b37b5ac210765e75705337e79d1c02e3f60e45795f1ee386aecfac37592beb40,tcc-microservices-experiment-product-1,32.16,82847990,1073741824,7.72,3,40.9MB / 21.2MB,12.3MB / 81.9kB
107,2026-09-10T12:00:13.019770+00:00,215,2026-09-10T12:00:12.650650+00:00,false,microservices,auth,3a2b559fe4c26fe75dd3f01792d353434a631f0a9d2f687c95184064a20889b5,tcc-microservices-experiment-auth-1,0.02,79198945,1073741824,7.38,3,45.7kB / 40.3kB,16.4MB / 65.5kB
107,2026-09-10T12:00:13.019770+00:00,215,2026-09-10T12:00:12.650650+00:00,false,microservices,gateway,aba588f0a9f8c4f8ce983028a0d3a33c83e5279a9b0031e940378354525197ef,tcc-microservices-experiment-gateway-1,6.56,451097395,536870912,84.03,77,5.76MB / 7.36MB,51MB / 283kB
107,2026-09-10T12:00:13.019770+00:00,215,2026-09-10T12:00:12.650650+00:00,false,microservices,mysql,9657460a96aabd1b63dbae5e524314696b373abf1b98c8dc67f85aab8c15f21f,tcc-microservices-experiment-mysql-1,29.73,553543270,1073741824,51.55,41,31.1MB / 62.9MB,62.8MB / 435MB
107,2026-09-10T12:00:13.019770+00:00,215,2026-09-10T12:00:12.650650+00:00,false,microservices,order,661cfe1bbbcf03dcbb08593646a71f5d3823f3a50d17cb345151deb4054c65c2,tcc-microservices-experiment-order-1,25.8,83487621,1073741824,7.78,3,35.2MB / 22.5MB,13MB / 77.8kB
107,2026-09-10T12:00:13.019770+00:00,215,2026-09-10T12:00:12.650650+00:00,false,microservices,product,b37b5ac210765e75705337e79d1c02e3f60e45795f1ee386aecfac37592beb40,tcc-microservices-experiment-product-1,33.08,84253082,1073741824,7.85,3,41.2MB / 21.3MB,12.3MB / 81.9kB
108,2026-09-10T12:00:14.019764+00:00,217,2026-09-10T12:00:13.649204+00:00,false,microservices,auth,3a2b559fe4c26fe75dd3f01792d353434a631f0a9d2f687c95184064a20889b5,tcc-microservices-experiment-auth-1,0.02,79198945,1073741824,7.38,3,45.7kB / 40.3kB,16.4MB / 65.5kB
108,2026-09-10T12:00:14.019764+00:00,217,2026-09-10T12:00:13.649204+00:00,false,microservices,gateway,aba588f0a9f8c4f8ce983028a0d3a33c83e5279a9b0031e940378354525197ef,tcc-microservices-experiment-gateway-1,5.96,450677965,536870912,83.95,77,5.8MB / 7.41MB,51MB / 283kB
108,2026-09-10T12:00:14.019764+00:00,217,2026-09-10T12:00:13.649204+00:00,false,microservices,mysql,9657460a96aabd1b63dbae5e524314696b373abf1b98c8dc67f85aab8c15f21f,tcc-microservices-experiment-mysql-1,23.82,553438413,1073741824,51.54,41,31.3MB / 63.3MB,62.8MB / 437MB
108,2026-09-10T12:00:14.019764+00:00,217,2026-09-10T12:00:13.649204+00:00,false,microservices,order,661cfe1bbbcf03dcbb08593646a71f5d3823f3a50d17cb345151deb4054c65c2,tcc-microservices-experiment-order-1,22.55,83833651,1073741824,7.81,3,35.4MB / 22.6MB,13MB / 77.8kB
108,2026-09-10T12:00:14.019764+00:00,217,2026-09-10T12:00:13.649204+00:00,false,microservices,product,b37b5ac210765e75705337e79d1c02e3f60e45795f1ee386aecfac37592beb40,tcc-microservices-experiment-product-1,29.29,83288392,1073741824,7.76,3,41.5MB / 21.5MB,12.3MB / 81.9kB
109,2026-09-10T12:00:15.019764+00:00,219,2026-09-10T12:00:14.650418+00:00,false,microservices,auth,3a2b559fe4c26fe75dd3f01792d353434a631f0a9d2f687c95184064a20889b5,tcc-microservices-experiment-auth-1,0.02,79198945,1073741824,7.38,3,45.7kB / 40.3kB,16.4MB / 65.5kB
109,2026-09-10T12:00:15.019764+00:00,219,2026-09-10T12:00:14.650418+00:00,false,microservices,gateway,aba588f0a9f8c4f8ce983028a0d3a33c83e5279a9b0031e940378354525197ef,tcc-microservices-experiment-gateway-1,7.69,450153677,536870912,83.85,77,5.85MB / 7.47MB,51MB / 283kB
109,2026-09-10T12:00:15.019764+00:00,219,2026-09-10T12:00:14.650418+00:00,false,microservices,mysql,9657460a96aabd1b63dbae5e524314696b373abf1b98c8dc67f85aab8c15f21f,tcc-microservices-experiment-mysql-1,29.25,553752986,1073741824,51.57,41,31.5MB / 63.8MB,62.8MB / 438MB
109,2026-09-10T12:00:15.019764+00:00,219,2026-09-10T12:00:14.650418+00:00,false,microservices,order,661cfe1bbbcf03dcbb08593646a71f5d3823f3a50d17cb345151deb4054c65c2,tcc-microservices-experiment-order-1,25.25,83057705,1073741824,7.74,3,35.6MB / 22.8MB,13MB / 77.8kB
109,2026-09-10T12:00:15.019764+00:00,219,2026-09-10T12:00:14.650418+00:00,false,microservices,product,b37b5ac210765e75705337e79d1c02e3f60e45795f1ee386aecfac37592beb40,tcc-microservices-experiment-product-1,32.08,83225477,1073741824,7.75,3,41.8MB / 21.6MB,12.3MB / 81.9kB
110,2026-09-10T12:00:16.019767+00:00,221,2026-09-10T12:00:15.649277+00:00,false,microservices,auth,3a2b559fe4c26fe75dd3f01792d353434a631f0a9d2f687c95184064a20889b5,tcc-microservices-experiment-auth-1,0.02,79198945,1073741824,7.38,3,45.7kB / 40.3kB,16.4MB / 65.5kB
110,2026-09-10T12:00:16.019767+00:00,221,2026-09-10T12:00:15.649277+00:00,false,microservices,gateway,aba588f0a9f8c4f8ce983028a0d3a33c83e5279a9b0031e940378354525197ef,tcc-microservices-experiment-gateway-1,7.18,449839104,536870912,83.79,77,5.89MB / 7.52MB,51MB / 283kB
110,2026-09-10T12:00:16.019767+00:00,221,2026-09-10T12:00:15.649277+00:00,false,microservices,mysql,9657460a96aabd1b63dbae5e524314696b373abf1b98c8dc67f85aab8c15f21f,tcc-microservices-experiment-mysql-1,25.74,553543270,1073741824,51.55,41,31.7MB / 64.2MB,62.8MB / 440MB
110,2026-09-10T12:00:16.019767+00:00,221,2026-09-10T12:00:15.649277+00:00,false,microservices,order,661cfe1bbbcf03dcbb08593646a71f5d3823f3a50d17cb345151deb4054c65c2,tcc-microservices-experiment-order-1,26.65,83256934,1073741824,7.75,3,35.8MB / 22.9MB,13MB / 77.8kB
110,2026-09-10T12:00:16.019767+00:00,221,2026-09-10T12:00:15.649277+00:00,false,microservices,product,b37b5ac210765e75705337e79d1c02e3f60e45795f1ee386aecfac37592beb40,tcc-microservices-experiment-product-1,33.27,83665879,1073741824,7.79,3,42.1MB / 21.8MB,12.3MB / 81.9kB
111,2026-09-10T12:00:17.019788+00:00,223,2026-09-10T12:00:16.649702+00:00,false,microservices,auth,3a2b559fe4c26fe75dd3f01792d353434a631f0a9d2f687c95184064a20889b5,tcc-microservices-experiment-auth-1,0.02,79198945,1073741824,7.38,3,45.7kB / 40.3kB,16.4MB / 65.5kB
111,2026-09-10T12:00:17.019788+00:00,223,2026-09-10T12:00:16.649702+00:00,false,microservices,gateway,aba588f0a9f8c4f8ce983028a0d3a33c83e5279a9b0031e940378354525197ef,tcc-microservices-experiment-gateway-1,7.53,449000243,536870912,83.64,69,5.93MB / 7.58MB,51MB / 283kB
111,2026-09-10T12:00:17.019788+00:00,223,2026-09-10T12:00:16.649702+00:00,false,microservices,mysql,9657460a96aabd1b63dbae5e524314696b373abf1b98c8dc67f85aab8c15f21f,tcc-microservices-experiment-mysql-1,28.8,553543270,1073741824,51.55,41,31.9MB / 64.6MB,62.8MB / 442MB
111,2026-09-10T12:00:17.019788+00:00,223,2026-09-10T12:00:16.649702+00:00,false,microservices,order,661cfe1bbbcf03dcbb08593646a71f5d3823f3a50d17cb345151deb4054c65c2,tcc-microservices-experiment-order-1,25.54,82931876,1073741824,7.72,3,36.1MB / 23.1MB,13MB / 77.8kB
111,2026-09-10T12:00:17.019788+00:00,223,2026-09-10T12:00:16.649702+00:00,false,microservices,product,b37b5ac210765e75705337e79d1c02e3f60e45795f1ee386aecfac37592beb40,tcc-microservices-experiment-product-1,29.99,83456164,1073741824,7.77,3,42.4MB / 22MB,12.3MB / 81.9kB
112,2026-09-10T12:00:18.019799+00:00,225,2026-09-10T12:00:17.649457+00:00,false,microservices,auth,3a2b559fe4c26fe75dd3f01792d353434a631f0a9d2f687c95184064a20889b5,tcc-microservices-experiment-auth-1,0.02,79198945,1073741824,7.38,3,45.7kB / 40.3kB,16.4MB / 65.5kB
112,2026-09-10T12:00:18.019799+00:00,225,2026-09-10T12:00:17.649457+00:00,false,microservices,gateway,aba588f0a9f8c4f8ce983028a0d3a33c83e5279a9b0031e940378354525197ef,tcc-microservices-experiment-gateway-1,6.37,450258534,536870912,83.87,69,5.98MB / 7.63MB,51MB / 295kB
112,2026-09-10T12:00:18.019799+00:00,225,2026-09-10T12:00:17.649457+00:00,false,microservices,mysql,9657460a96aabd1b63dbae5e524314696b373abf1b98c8dc67f85aab8c15f21f,tcc-microservices-experiment-mysql-1,25.25,553333555,1073741824,51.53,41,32.1MB / 65.1MB,62.8MB / 443MB
112,2026-09-10T12:00:18.019799+00:00,225,2026-09-10T12:00:17.649457+00:00,false,microservices,order,661cfe1bbbcf03dcbb08593646a71f5d3823f3a50d17cb345151deb4054c65c2,tcc-microservices-experiment-order-1,25.26,83225477,1073741824,7.75,3,36.3MB / 23.2MB,13MB / 77.8kB
112,2026-09-10T12:00:18.019799+00:00,225,2026-09-10T12:00:17.649457+00:00,false,microservices,product,b37b5ac210765e75705337e79d1c02e3f60e45795f1ee386aecfac37592beb40,tcc-microservices-experiment-product-1,32.9,83099648,1073741824,7.74,3,42.7MB / 22.1MB,12.3MB / 81.9kB
113,2026-09-10T12:00:19.019765+00:00,227,2026-09-10T12:00:18.650199+00:00,false,microservices,auth,3a2b559fe4c26fe75dd3f01792d353434a631f0a9d2f687c95184064a20889b5,tcc-microservices-experiment-auth-1,0.02,79198945,1073741824,7.38,3,45.7kB / 40.3kB,16.4MB / 65.5kB
113,2026-09-10T12:00:19.019765+00:00,227,2026-09-10T12:00:18.650199+00:00,false,microservices,gateway,aba588f0a9f8c4f8ce983028a0d3a33c83e5279a9b0031e940378354525197ef,tcc-microservices-experiment-gateway-1,24.81,454557696,536870912,84.67,69,6.02MB / 7.69MB,51MB / 295kB
113,2026-09-10T12:00:19.019765+00:00,227,2026-09-10T12:00:18.650199+00:00,false,microservices,mysql,9657460a96aabd1b63dbae5e524314696b373abf1b98c8dc67f85aab8c15f21f,tcc-microservices-experiment-mysql-1,29.33,553543270,1073741824,51.55,41,32.3MB / 65.5MB,62.8MB / 445MB
113,2026-09-10T12:00:19.019765+00:00,227,2026-09-10T12:00:18.650199+00:00,false,microservices,order,661cfe1bbbcf03dcbb08593646a71f5d3823f3a50d17cb345151deb4054c65c2,tcc-microservices-experiment-order-1,26.28,82564874,1073741824,7.69,3,36.5MB / 23.3MB,13MB / 77.8kB
113,2026-09-10T12:00:19.019765+00:00,227,2026-09-10T12:00:18.650199+00:00,false,microservices,product,b37b5ac210765e75705337e79d1c02e3f60e45795f1ee386aecfac37592beb40,tcc-microservices-experiment-product-1,33.28,84032881,1073741824,7.83,3,43MB / 22.3MB,12.3MB / 81.9kB
114,2026-09-10T12:00:20.019794+00:00,229,2026-09-10T12:00:19.649310+00:00,false,microservices,auth,3a2b559fe4c26fe75dd3f01792d353434a631f0a9d2f687c95184064a20889b5,tcc-microservices-experiment-auth-1,0.02,79198945,1073741824,7.38,3,45.7kB / 40.3kB,16.4MB / 65.5kB
114,2026-09-10T12:00:20.019794+00:00,229,2026-09-10T12:00:19.649310+00:00,false,microservices,gateway,aba588f0a9f8c4f8ce983028a0d3a33c83e5279a9b0031e940378354525197ef,tcc-microservices-experiment-gateway-1,11.19,453613978,536870912,84.49,69,6.06MB / 7.75MB,51MB / 295kB
114,2026-09-10T12:00:20.019794+00:00,229,2026-09-10T12:00:19.649310+00:00,false,microservices,mysql,9657460a96aabd1b63dbae5e524314696b373abf1b98c8dc67f85aab8c15f21f,tcc-microservices-experiment-mysql-1,24.62,553752986,1073741824,51.57,41,32.5MB / 66MB,62.8MB / 446MB
114,2026-09-10T12:00:20.019794+00:00,229,2026-09-10T12:00:19.649310+00:00,false,microservices,order,661cfe1bbbcf03dcbb08593646a71f5d3823f3a50d17cb345151deb4054c65c2,tcc-microservices-experiment-order-1,25.61,82627789,1073741824,7.7,3,36.8MB / 23.5MB,13MB / 77.8kB
114,2026-09-10T12:00:20.019794+00:00,229,2026-09-10T12:00:19.649310+00:00,false,microservices,product,b37b5ac210765e75705337e79d1c02e3f60e45795f1ee386aecfac37592beb40,tcc-microservices-experiment-product-1,32.43,83634422,1073741824,7.79,3,43.3MB / 22.5MB,12.3MB / 81.9kB
115,2026-09-10T12:00:21.019787+00:00,231,2026-09-10T12:00:20.650415+00:00,false,microservices,auth,3a2b559fe4c26fe75dd3f01792d353434a631f0a9d2f687c95184064a20889b5,tcc-microservices-experiment-auth-1,0.02,79198945,1073741824,7.38,3,45.7kB / 40.3kB,16.4MB / 65.5kB
115,2026-09-10T12:00:21.019787+00:00,231,2026-09-10T12:00:20.650415+00:00,false,microservices,gateway,aba588f0a9f8c4f8ce983028a0d3a33c83e5279a9b0031e940378354525197ef,tcc-microservices-experiment-gateway-1,39.2,455501414,536870912,84.85,69,6.11MB / 7.8MB,51MB / 295kB
115,2026-09-10T12:00:21.019787+00:00,231,2026-09-10T12:00:20.650415+00:00,false,microservices,mysql,9657460a96aabd1b63dbae5e524314696b373abf1b98c8dc67f85aab8c15f21f,tcc-microservices-experiment-mysql-1,28.91,553438413,1073741824,51.54,41,32.7MB / 66.4MB,62.8MB / 447MB
115,2026-09-10T12:00:21.019787+00:00,231,2026-09-10T12:00:20.650415+00:00,false,microservices,order,661cfe1bbbcf03dcbb08593646a71f5d3823f3a50d17cb345151deb4054c65c2,tcc-microservices-experiment-order-1,26.62,83435192,1073741824,7.77,3,37MB / 23.6MB,13MB / 77.8kB
115,2026-09-10T12:00:21.019787+00:00,231,2026-09-10T12:00:20.650415+00:00,false,microservices,product,b37b5ac210765e75705337e79d1c02e3f60e45795f1ee386aecfac37592beb40,tcc-microservices-experiment-product-1,32.29,82984305,1073741824,7.73,3,43.6MB / 22.6MB,12.3MB / 81.9kB
116,2026-09-10T12:00:22.019786+00:00,233,2026-09-10T12:00:21.649555+00:00,false,microservices,auth,3a2b559fe4c26fe75dd3f01792d353434a631f0a9d2f687c95184064a20889b5,tcc-microservices-experiment-auth-1,0.02,79198945,1073741824,7.38,3,45.7kB / 40.3kB,16.4MB / 65.5kB
116,2026-09-10T12:00:22.019786+00:00,233,2026-09-10T12:00:21.649555+00:00,false,microservices,gateway,aba588f0a9f8c4f8ce983028a0d3a33c83e5279a9b0031e940378354525197ef,tcc-microservices-experiment-gateway-1,57.69,459800576,536870912,85.64,69,6.15MB / 7.86MB,51MB / 295kB
116,2026-09-10T12:00:22.019786+00:00,233,2026-09-10T12:00:21.649555+00:00,false,microservices,mysql,9657460a96aabd1b63dbae5e524314696b373abf1b98c8dc67f85aab8c15f21f,tcc-microservices-experiment-mysql-1,25.52,553648128,1073741824,51.56,41,32.9MB / 66.9MB,62.8MB / 449MB
116,2026-09-10T12:00:22.019786+00:00,233,2026-09-10T12:00:21.649555+00:00,false,microservices,order,661cfe1bbbcf03dcbb08593646a71f5d3823f3a50d17cb345151deb4054c65c2,tcc-microservices-experiment-order-1,25.88,82617303,1073741824,7.69,3,37.2MB / 23.8MB,13MB / 77.8kB
116,2026-09-10T12:00:22.019786+00:00,233,2026-09-10T12:00:21.649555+00:00,false,microservices,product,b37b5ac210765e75705337e79d1c02e3f60e45795f1ee386aecfac37592beb40,tcc-microservices-experiment-product-1,32.54,83141591,1073741824,7.74,3,44MB / 22.8MB,12.3MB / 81.9kB
117,2026-09-10T12:00:23.019781+00:00,235,2026-09-10T12:00:22.650433+00:00,false,microservices,auth,3a2b559fe4c26fe75dd3f01792d353434a631f0a9d2f687c95184064a20889b5,tcc-microservices-experiment-auth-1,0.02,79198945,1073741824,7.38,3,45.7kB / 40.3kB,16.4MB / 65.5kB
117,2026-09-10T12:00:23.019781+00:00,235,2026-09-10T12:00:22.650433+00:00,false,microservices,gateway,aba588f0a9f8c4f8ce983028a0d3a33c83e5279a9b0031e940378354525197ef,tcc-microservices-experiment-gateway-1,8.87,459590861,536870912,85.6,69,6.2MB / 7.91MB,51MB / 295kB
117,2026-09-10T12:00:23.019781+00:00,235,2026-09-10T12:00:22.650433+00:00,false,microservices,mysql,9657460a96aabd1b63dbae5e524314696b373abf1b98c8dc67f85aab8c15f21f,tcc-microservices-experiment-mysql-1,30.5,554591846,1073741824,51.65,41,33.1MB / 67.3MB,62.8MB / 450MB
117,2026-09-10T12:00:23.019781+00:00,235,2026-09-10T12:00:22.650433+00:00,false,microservices,order,661cfe1bbbcf03dcbb08593646a71f5d3823f3a50d17cb345151deb4054c65c2,tcc-microservices-experiment-order-1,26.38,82837504,1073741824,7.71,3,37.5MB / 23.9MB,13MB / 77.8kB
117,2026-09-10T12:00:23.019781+00:00,235,2026-09-10T12:00:22.650433+00:00,false,microservices,product,b37b5ac210765e75705337e79d1c02e3f60e45795f1ee386aecfac37592beb40,tcc-microservices-experiment-product-1,32.25,83445678,1073741824,7.77,3,44.3MB / 22.9MB,12.3MB / 81.9kB
118,2026-09-10T12:00:24.019784+00:00,237,2026-09-10T12:00:23.649236+00:00,false,microservices,auth,3a2b559fe4c26fe75dd3f01792d353434a631f0a9d2f687c95184064a20889b5,tcc-microservices-experiment-auth-1,0.02,79198945,1073741824,7.38,3,45.7kB / 40.3kB,16.4MB / 65.5kB
118,2026-09-10T12:00:24.019784+00:00,237,2026-09-10T12:00:23.649236+00:00,false,microservices,gateway,aba588f0a9f8c4f8ce983028a0d3a33c83e5279a9b0031e940378354525197ef,tcc-microservices-experiment-gateway-1,6.64,452145971,536870912,84.22,69,6.24MB / 7.97MB,51MB / 295kB
118,2026-09-10T12:00:24.019784+00:00,237,2026-09-10T12:00:23.649236+00:00,false,microservices,mysql,9657460a96aabd1b63dbae5e524314696b373abf1b98c8dc67f85aab8c15f21f,tcc-microservices-experiment-mysql-1,25.55,554486989,1073741824,51.64,41,33.3MB / 67.7MB,62.8MB / 451MB
118,2026-09-10T12:00:24.019784+00:00,237,2026-09-10T12:00:23.649236+00:00,false,microservices,order,661cfe1bbbcf03dcbb08593646a71f5d3823f3a50d17cb345151deb4054c65c2,tcc-microservices-experiment-order-1,26.12,82963333,1073741824,7.73,3,37.7MB / 24MB,13MB / 77.8kB
118,2026-09-10T12:00:24.019784+00:00,237,2026-09-10T12:00:23.649236+00:00,false,microservices,product,b37b5ac210765e75705337e79d1c02e3f60e45795f1ee386aecfac37592beb40,tcc-microservices-experiment-product-1,32.23,83456164,1073741824,7.77,3,44.6MB / 23.1MB,12.3MB / 81.9kB
119,2026-09-10T12:00:25.019786+00:00,239,2026-09-10T12:00:24.650465+00:00,false,microservices,auth,3a2b559fe4c26fe75dd3f01792d353434a631f0a9d2f687c95184064a20889b5,tcc-microservices-experiment-auth-1,0.02,79198945,1073741824,7.38,3,45.7kB / 40.3kB,16.4MB / 65.5kB
119,2026-09-10T12:00:25.019786+00:00,239,2026-09-10T12:00:24.650465+00:00,false,microservices,gateway,aba588f0a9f8c4f8ce983028a0d3a33c83e5279a9b0031e940378354525197ef,tcc-microservices-experiment-gateway-1,31.11,452250829,536870912,84.23,69,6.28MB / 8.03MB,51MB / 295kB
119,2026-09-10T12:00:25.019786+00:00,239,2026-09-10T12:00:24.650465+00:00,false,microservices,mysql,9657460a96aabd1b63dbae5e524314696b373abf1b98c8dc67f85aab8c15f21f,tcc-microservices-experiment-mysql-1,30.12,554172416,1073741824,51.62,41,33.5MB / 68.2MB,62.8MB / 453MB
119,2026-09-10T12:00:25.019786+00:00,239,2026-09-10T12:00:24.650465+00:00,false,microservices,order,661cfe1bbbcf03dcbb08593646a71f5d3823f3a50d17cb345151deb4054c65c2,tcc-microservices-experiment-order-1,25.86,83361792,1073741824,7.76,3,37.9MB / 24.2MB,13MB / 77.8kB
119,2026-09-10T12:00:25.019786+00:00,239,2026-09-10T12:00:24.650465+00:00,false,microservices,product,b37b5ac210765e75705337e79d1c02e3f60e45795f1ee386aecfac37592beb40,tcc-microservices-experiment-product-1,33.1,83519078,1073741824,7.78,3,44.9MB / 23.3MB,12.3MB / 81.9kB
120,2026-09-10T12:00:26.019792+00:00,241,2026-09-10T12:00:25.649339+00:00,false,microservices,auth,3a2b559fe4c26fe75dd3f01792d353434a631f0a9d2f687c95184064a20889b5,tcc-microservices-experiment-auth-1,0.01,79198945,1073741824,7.38,3,45.7kB / 40.3kB,16.4MB / 65.5kB
120,2026-09-10T12:00:26.019792+00:00,241,2026-09-10T12:00:25.649339+00:00,false,microservices,gateway,aba588f0a9f8c4f8ce983028a0d3a33c83e5279a9b0031e940378354525197ef,tcc-microservices-experiment-gateway-1,10.89,452355686,536870912,84.26,69,6.33MB / 8.09MB,51MB / 295kB
120,2026-09-10T12:00:26.019792+00:00,241,2026-09-10T12:00:25.649339+00:00,false,microservices,mysql,9657460a96aabd1b63dbae5e524314696b373abf1b98c8dc67f85aab8c15f21f,tcc-microservices-experiment-mysql-1,26.24,554172416,1073741824,51.61,41,33.7MB / 68.6MB,62.8MB / 456MB
120,2026-09-10T12:00:26.019792+00:00,241,2026-09-10T12:00:25.649339+00:00,false,microservices,order,661cfe1bbbcf03dcbb08593646a71f5d3823f3a50d17cb345151deb4054c65c2,tcc-microservices-experiment-order-1,26.22,83256934,1073741824,7.75,3,38.1MB / 24.3MB,13MB / 77.8kB
120,2026-09-10T12:00:26.019792+00:00,241,2026-09-10T12:00:25.649339+00:00,false,microservices,product,b37b5ac210765e75705337e79d1c02e3f60e45795f1ee386aecfac37592beb40,tcc-microservices-experiment-product-1,31.88,83739279,1073741824,7.8,3,45.2MB / 23.4MB,12.3MB / 81.9kB
