sample_index,captured_at_utc,docker_refresh_sequence,docker_refresh_captured_at_utc,docker_refresh_reused,architecture,service,container_id,container_name,cpu_percent,memory_used_bytes,memory_limit_bytes,memory_percent,pids,network_io,block_io
1,2026-09-10T07:25:52.099057+00:00,3,2026-09-10T07:25:51.719802+00:00,false,microservices,auth,75d289a90ab7d3625976be146cf4ee797879517b22846515fe2ed0d3d65402c6,tcc-microservices-experiment-auth-1,0.03,79209431,1073741824,7.38,3,45.4kB / 40.3kB,4.25MB / 65.5kB
1,2026-09-10T07:25:52.099057+00:00,3,2026-09-10T07:25:51.719802+00:00,false,microservices,gateway,a3507f6b6e8707b4d8bef693406731bedc1351fc0c65693c91ed034b8f121cb2,tcc-microservices-experiment-gateway-1,0.22,463890022,536870912,86.41,73,19.9MB / 22MB,34.6MB / 168kB
1,2026-09-10T07:25:52.099057+00:00,3,2026-09-10T07:25:51.719802+00:00,false,microservices,mysql,e7a08879ce0cca9067650f7cae7fe1181027f96811e24585c71a0234ef956f27,tcc-microservices-experiment-mysql-1,5.05,532991181,1073741824,49.64,40,10.4MB / 26.7MB,44.5MB / 118MB
1,2026-09-10T07:25:52.099057+00:00,3,2026-09-10T07:25:51.719802+00:00,false,microservices,order,2ec70ae6f80e6f26f6aafd1e740a827589d39b41d7060590c48f7c7e23e21c82,tcc-microservices-experiment-order-1,0.03,78601257,1073741824,7.32,3,30.7MB / 27.4MB,7.09MB / 77.8kB
1,2026-09-10T07:25:52.099057+00:00,3,2026-09-10T07:25:51.719802+00:00,false,microservices,product,c2194a2c256149d71286160aeba0411f40a6df44c92c07c23c34d18f5e639653,tcc-microservices-experiment-product-1,0.02,78601257,1073741824,7.32,3,417kB / 282kB,3.76MB / 81.9kB
2,2026-09-10T07:25:53.099068+00:00,5,2026-09-10T07:25:52.719309+00:00,false,microservices,auth,75d289a90ab7d3625976be146cf4ee797879517b22846515fe2ed0d3d65402c6,tcc-microservices-experiment-auth-1,0.03,79209431,1073741824,7.38,3,45.4kB / 40.3kB,4.25MB / 65.5kB
2,2026-09-10T07:25:53.099068+00:00,5,2026-09-10T07:25:52.719309+00:00,false,microservices,gateway,a3507f6b6e8707b4d8bef693406731bedc1351fc0c65693c91ed034b8f121cb2,tcc-microservices-experiment-gateway-1,0.18,463890022,536870912,86.41,73,19.9MB / 22MB,34.6MB / 168kB
2,2026-09-10T07:25:53.099068+00:00,5,2026-09-10T07:25:52.719309+00:00,false,microservices,mysql,e7a08879ce0cca9067650f7cae7fe1181027f96811e24585c71a0234ef956f27,tcc-microservices-experiment-mysql-1,0.71,532781466,1073741824,49.62,40,10.4MB / 26.7MB,44.5MB / 118MB
2,2026-09-10T07:25:53.099068+00:00,5,2026-09-10T07:25:52.719309+00:00,false,microservices,order,2ec70ae6f80e6f26f6aafd1e740a827589d39b41d7060590c48f7c7e23e21c82,tcc-microservices-experiment-order-1,0.02,78601257,1073741824,7.32,3,30.7MB / 27.4MB,7.09MB / 77.8kB
2,2026-09-10T07:25:53.099068+00:00,5,2026-09-10T07:25:52.719309+00:00,false,microservices,product,c2194a2c256149d71286160aeba0411f40a6df44c92c07c23c34d18f5e639653,tcc-microservices-experiment-product-1,0.03,78601257,1073741824,7.32,3,417kB / 282kB,3.76MB / 81.9kB
3,2026-09-10T07:25:54.099025+00:00,7,2026-09-10T07:25:53.719302+00:00,false,microservices,auth,75d289a90ab7d3625976be146cf4ee797879517b22846515fe2ed0d3d65402c6,tcc-microservices-experiment-auth-1,0.02,79209431,1073741824,7.38,3,45.4kB / 40.3kB,4.25MB / 65.5kB
3,2026-09-10T07:25:54.099025+00:00,7,2026-09-10T07:25:53.719302+00:00,false,microservices,gateway,a3507f6b6e8707b4d8bef693406731bedc1351fc0c65693c91ed034b8f121cb2,tcc-microservices-experiment-gateway-1,60.14,466826035,536870912,86.95,75,20MB / 22.2MB,34.6MB / 168kB
3,2026-09-10T07:25:54.099025+00:00,7,2026-09-10T07:25:53.719302+00:00,false,microservices,mysql,e7a08879ce0cca9067650f7cae7fe1181027f96811e24585c71a0234ef956f27,tcc-microservices-experiment-mysql-1,15.58,533410611,1073741824,49.68,40,10.4MB / 26.8MB,44.5MB / 118MB
3,2026-09-10T07:25:54.099025+00:00,7,2026-09-10T07:25:53.719302+00:00,false,microservices,order,2ec70ae6f80e6f26f6aafd1e740a827589d39b41d7060590c48f7c7e23e21c82,tcc-microservices-experiment-order-1,34.65,80572580,1073741824,7.5,3,30.9MB / 27.6MB,7.09MB / 77.8kB
3,2026-09-10T07:25:54.099025+00:00,7,2026-09-10T07:25:53.719302+00:00,false,microservices,product,c2194a2c256149d71286160aeba0411f40a6df44c92c07c23c34d18f5e639653,tcc-microservices-experiment-product-1,0.02,78601257,1073741824,7.32,3,417kB / 282kB,3.76MB / 81.9kB
4,2026-09-10T07:25:55.099056+00:00,9,2026-09-10T07:25:54.718215+00:00,false,microservices,auth,75d289a90ab7d3625976be146cf4ee797879517b22846515fe2ed0d3d65402c6,tcc-microservices-experiment-auth-1,0.02,79209431,1073741824,7.38,3,45.4kB / 40.3kB,4.25MB / 65.5kB
4,2026-09-10T07:25:55.099056+00:00,9,2026-09-10T07:25:54.718215+00:00,false,microservices,gateway,a3507f6b6e8707b4d8bef693406731bedc1351fc0c65693c91ed034b8f121cb2,tcc-microservices-experiment-gateway-1,63.09,467664896,536870912,87.1,75,20.3MB / 22.5MB,34.6MB / 168kB
4,2026-09-10T07:25:55.099056+00:00,9,2026-09-10T07:25:54.718215+00:00,false,microservices,mysql,e7a08879ce0cca9067650f7cae7fe1181027f96811e24585c71a0234ef956f27,tcc-microservices-experiment-mysql-1,8.86,533200896,1073741824,49.65,40,10.5MB / 27.1MB,44.5MB / 118MB
4,2026-09-10T07:25:55.099056+00:00,9,2026-09-10T07:25:54.718215+00:00,false,microservices,order,2ec70ae6f80e6f26f6aafd1e740a827589d39b41d7060590c48f7c7e23e21c82,tcc-microservices-experiment-order-1,32.89,80520151,1073741824,7.5,3,31.2MB / 27.9MB,7.09MB / 77.8kB
4,2026-09-10T07:25:55.099056+00:00,9,2026-09-10T07:25:54.718215+00:00,false,microservices,product,c2194a2c256149d71286160aeba0411f40a6df44c92c07c23c34d18f5e639653,tcc-microservices-experiment-product-1,0.03,78601257,1073741824,7.32,3,417kB / 282kB,3.76MB / 81.9kB
5,2026-09-10T07:25:56.099027+00:00,11,2026-09-10T07:25:55.719337+00:00,false,microservices,auth,75d289a90ab7d3625976be146cf4ee797879517b22846515fe2ed0d3d65402c6,tcc-microservices-experiment-auth-1,0.02,79209431,1073741824,7.38,3,45.4kB / 40.3kB,4.25MB / 65.5kB
5,2026-09-10T07:25:56.099027+00:00,11,2026-09-10T07:25:55.719337+00:00,false,microservices,gateway,a3507f6b6e8707b4d8bef693406731bedc1351fc0c65693c91ed034b8f121cb2,tcc-microservices-experiment-gateway-1,102.49,467874611,536870912,87.14,75,21MB / 23.2MB,34.6MB / 180kB
5,2026-09-10T07:25:56.099027+00:00,11,2026-09-10T07:25:55.719337+00:00,false,microservices,mysql,e7a08879ce0cca9067650f7cae7fe1181027f96811e24585c71a0234ef956f27,tcc-microservices-experiment-mysql-1,27.21,533515469,1073741824,49.68,40,10.7MB / 27.8MB,44.5MB / 118MB
5,2026-09-10T07:25:56.099027+00:00,11,2026-09-10T07:25:55.719337+00:00,false,microservices,order,2ec70ae6f80e6f26f6aafd1e740a827589d39b41d7060590c48f7c7e23e21c82,tcc-microservices-experiment-order-1,83.96,81117839,1073741824,7.56,3,32.1MB / 28.7MB,7.09MB / 77.8kB
5,2026-09-10T07:25:56.099027+00:00,11,2026-09-10T07:25:55.719337+00:00,false,microservices,product,c2194a2c256149d71286160aeba0411f40a6df44c92c07c23c34d18f5e639653,tcc-microservices-experiment-product-1,0.02,78601257,1073741824,7.32,3,417kB / 282kB,3.76MB / 81.9kB
6,2026-09-10T07:25:57.099045+00:00,13,2026-09-10T07:25:56.718356+00:00,false,microservices,auth,75d289a90ab7d3625976be146cf4ee797879517b22846515fe2ed0d3d65402c6,tcc-microservices-experiment-auth-1,0.02,79209431,1073741824,7.38,3,45.4kB / 40.3kB,4.25MB / 65.5kB
6,2026-09-10T07:25:57.099045+00:00,13,2026-09-10T07:25:56.718356+00:00,false,microservices,gateway,a3507f6b6e8707b4d8bef693406731bedc1351fc0c65693c91ed034b8f121cb2,tcc-microservices-experiment-gateway-1,69.59,468084326,536870912,87.18,75,21.6MB / 24MB,34.6MB / 180kB
6,2026-09-10T07:25:57.099045+00:00,13,2026-09-10T07:25:56.718356+00:00,false,microservices,mysql,e7a08879ce0cca9067650f7cae7fe1181027f96811e24585c71a0234ef956f27,tcc-microservices-experiment-mysql-1,23.64,533200896,1073741824,49.66,40,10.9MB / 28.5MB,44.5MB / 118MB
6,2026-09-10T07:25:57.099045+00:00,13,2026-09-10T07:25:56.718356+00:00,false,microservices,order,2ec70ae6f80e6f26f6aafd1e740a827589d39b41d7060590c48f7c7e23e21c82,tcc-microservices-experiment-order-1,82.6,81159782,1073741824,7.56,3,32.9MB / 29.5MB,7.09MB / 77.8kB
6,2026-09-10T07:25:57.099045+00:00,13,2026-09-10T07:25:56.718356+00:00,false,microservices,product,c2194a2c256149d71286160aeba0411f40a6df44c92c07c23c34d18f5e639653,tcc-microservices-experiment-product-1,0.02,78601257,1073741824,7.32,3,417kB / 282kB,3.76MB / 81.9kB
7,2026-09-10T07:25:58.099037+00:00,15,2026-09-10T07:25:57.718466+00:00,false,microservices,auth,75d289a90ab7d3625976be146cf4ee797879517b22846515fe2ed0d3d65402c6,tcc-microservices-experiment-auth-1,0.02,79209431,1073741824,7.38,3,45.4kB / 40.3kB,4.25MB / 65.5kB
7,2026-09-10T07:25:58.099037+00:00,15,2026-09-10T07:25:57.718466+00:00,false,microservices,gateway,a3507f6b6e8707b4d8bef693406731bedc1351fc0c65693c91ed034b8f121cb2,tcc-microservices-experiment-gateway-1,39.3,468189184,536870912,87.2,75,22.3MB / 24.8MB,34.6MB / 180kB
7,2026-09-10T07:25:58.099037+00:00,15,2026-09-10T07:25:57.718466+00:00,false,microservices,mysql,e7a08879ce0cca9067650f7cae7fe1181027f96811e24585c71a0234ef956f27,tcc-microservices-experiment-mysql-1,28.67,533200896,1073741824,49.66,40,11.1MB / 29.2MB,44.5MB / 118MB
7,2026-09-10T07:25:58.099037+00:00,15,2026-09-10T07:25:57.718466+00:00,false,microservices,order,2ec70ae6f80e6f26f6aafd1e740a827589d39b41d7060590c48f7c7e23e21c82,tcc-microservices-experiment-order-1,82.3,81033953,1073741824,7.55,3,33.8MB / 30.3MB,7.09MB / 77.8kB
7,2026-09-10T07:25:58.099037+00:00,15,2026-09-10T07:25:57.718466+00:00,false,microservices,product,c2194a2c256149d71286160aeba0411f40a6df44c92c07c23c34d18f5e639653,tcc-microservices-experiment-product-1,0.01,78601257,1073741824,7.32,3,417kB / 282kB,3.76MB / 81.9kB
8,2026-09-10T07:25:59.099046+00:00,17,2026-09-10T07:25:58.719422+00:00,false,microservices,auth,75d289a90ab7d3625976be146cf4ee797879517b22846515fe2ed0d3d65402c6,tcc-microservices-experiment-auth-1,0.02,79209431,1073741824,7.38,3,45.4kB / 40.3kB,4.25MB / 65.5kB
8,2026-09-10T07:25:59.099046+00:00,17,2026-09-10T07:25:58.719422+00:00,false,microservices,gateway,a3507f6b6e8707b4d8bef693406731bedc1351fc0c65693c91ed034b8f121cb2,tcc-microservices-experiment-gateway-1,83.33,467350323,536870912,87.05,75,23MB / 25.5MB,34.6MB / 180kB
8,2026-09-10T07:25:59.099046+00:00,17,2026-09-10T07:25:58.719422+00:00,false,microservices,mysql,e7a08879ce0cca9067650f7cae7fe1181027f96811e24585c71a0234ef956f27,tcc-microservices-experiment-mysql-1,24.52,533305754,1073741824,49.67,40,11.3MB / 29.9MB,44.5MB / 118MB
8,2026-09-10T07:25:59.099046+00:00,17,2026-09-10T07:25:58.719422+00:00,false,microservices,order,2ec70ae6f80e6f26f6aafd1e740a827589d39b41d7060590c48f7c7e23e21c82,tcc-microservices-experiment-order-1,82.14,80394322,1073741824,7.49,3,34.7MB / 31.1MB,7.09MB / 77.8kB
8,2026-09-10T07:25:59.099046+00:00,17,2026-09-10T07:25:58.719422+00:00,false,microservices,product,c2194a2c256149d71286160aeba0411f40a6df44c92c07c23c34d18f5e639653,tcc-microservices-experiment-product-1,0.02,78601257,1073741824,7.32,3,417kB / 282kB,3.76MB / 81.9kB
9,2026-09-10T07:26:00.099040+00:00,19,2026-09-10T07:25:59.719543+00:00,false,microservices,auth,75d289a90ab7d3625976be146cf4ee797879517b22846515fe2ed0d3d65402c6,tcc-microservices-experiment-auth-1,0.03,79209431,1073741824,7.38,3,45.4kB / 40.3kB,4.25MB / 65.5kB
9,2026-09-10T07:26:00.099040+00:00,19,2026-09-10T07:25:59.719543+00:00,false,microservices,gateway,a3507f6b6e8707b4d8bef693406731bedc1351fc0c65693c91ed034b8f121cb2,tcc-microservices-experiment-gateway-1,83.75,468294042,536870912,87.22,75,23.7MB / 26.3MB,34.6MB / 180kB
9,2026-09-10T07:26:00.099040+00:00,19,2026-09-10T07:25:59.719543+00:00,false,microservices,mysql,e7a08879ce0cca9067650f7cae7fe1181027f96811e24585c71a0234ef956f27,tcc-microservices-experiment-mysql-1,27.98,532991181,1073741824,49.63,40,11.5MB / 30.7MB,44.5MB / 118MB
9,2026-09-10T07:26:00.099040+00:00,19,2026-09-10T07:25:59.719543+00:00,false,microservices,order,2ec70ae6f80e6f26f6aafd1e740a827589d39b41d7060590c48f7c7e23e21c82,tcc-microservices-experiment-order-1,83.2,81107354,1073741824,7.55,3,35.6MB / 31.9MB,7.09MB / 77.8kB
9,2026-09-10T07:26:00.099040+00:00,19,2026-09-10T07:25:59.719543+00:00,false,microservices,product,c2194a2c256149d71286160aeba0411f40a6df44c92c07c23c34d18f5e639653,tcc-microservices-experiment-product-1,0.01,78601257,1073741824,7.32,3,417kB / 282kB,3.76MB / 81.9kB
10,2026-09-10T07:26:01.099019+00:00,21,2026-09-10T07:26:00.718311+00:00,false,microservices,auth,75d289a90ab7d3625976be146cf4ee797879517b22846515fe2ed0d3d65402c6,tcc-microservices-experiment-auth-1,0.02,79209431,1073741824,7.38,3,45.4kB / 40.3kB,4.25MB / 65.5kB
10,2026-09-10T07:26:01.099019+00:00,21,2026-09-10T07:26:00.718311+00:00,false,microservices,gateway,a3507f6b6e8707b4d8bef693406731bedc1351fc0c65693c91ed034b8f121cb2,tcc-microservices-experiment-gateway-1,38.38,468294042,536870912,87.22,75,24.4MB / 27MB,34.6MB / 180kB
10,2026-09-10T07:26:01.099019+00:00,21,2026-09-10T07:26:00.718311+00:00,false,microservices,mysql,e7a08879ce0cca9067650f7cae7fe1181027f96811e24585c71a0234ef956f27,tcc-microservices-experiment-mysql-1,23.64,533096038,1073741824,49.65,40,11.8MB / 31.4MB,44.5MB / 121MB
10,2026-09-10T07:26:01.099019+00:00,21,2026-09-10T07:26:00.718311+00:00,false,microservices,order,2ec70ae6f80e6f26f6aafd1e740a827589d39b41d7060590c48f7c7e23e21c82,tcc-microservices-experiment-order-1,83.88,80237036,1073741824,7.47,3,36.5MB / 32.7MB,7.09MB / 77.8kB
10,2026-09-10T07:26:01.099019+00:00,21,2026-09-10T07:26:00.718311+00:00,false,microservices,product,c2194a2c256149d71286160aeba0411f40a6df44c92c07c23c34d18f5e639653,tcc-microservices-experiment-product-1,0.02,78601257,1073741824,7.32,3,417kB / 282kB,3.76MB / 81.9kB
11,2026-09-10T07:26:02.099014+00:00,23,2026-09-10T07:26:01.719711+00:00,false,microservices,auth,75d289a90ab7d3625976be146cf4ee797879517b22846515fe2ed0d3d65402c6,tcc-microservices-experiment-auth-1,0.02,79209431,1073741824,7.38,3,45.4kB / 40.3kB,4.25MB / 65.5kB
11,2026-09-10T07:26:02.099014+00:00,23,2026-09-10T07:26:01.719711+00:00,false,microservices,gateway,a3507f6b6e8707b4d8bef693406731bedc1351fc0c65693c91ed034b8f121cb2,tcc-microservices-experiment-gateway-1,39.16,468189184,536870912,87.21,75,25.1MB / 27.8MB,34.6MB / 180kB
11,2026-09-10T07:26:02.099014+00:00,23,2026-09-10T07:26:01.719711+00:00,false,microservices,mysql,e7a08879ce0cca9067650f7cae7fe1181027f96811e24585c71a0234ef956f27,tcc-microservices-experiment-mysql-1,28.73,532781466,1073741824,49.62,40,12MB / 32.2MB,44.5MB / 121MB
11,2026-09-10T07:26:02.099014+00:00,23,2026-09-10T07:26:01.719711+00:00,false,microservices,order,2ec70ae6f80e6f26f6aafd1e740a827589d39b41d7060590c48f7c7e23e21c82,tcc-microservices-experiment-order-1,81.54,81652613,1073741824,7.6,3,37.4MB / 33.6MB,7.09MB / 77.8kB
11,2026-09-10T07:26:02.099014+00:00,23,2026-09-10T07:26:01.719711+00:00,false,microservices,product,c2194a2c256149d71286160aeba0411f40a6df44c92c07c23c34d18f5e639653,tcc-microservices-experiment-product-1,0.02,78601257,1073741824,7.32,3,417kB / 282kB,3.76MB / 81.9kB
12,2026-09-10T07:26:03.099039+00:00,25,2026-09-10T07:26:02.719379+00:00,false,microservices,auth,75d289a90ab7d3625976be146cf4ee797879517b22846515fe2ed0d3d65402c6,tcc-microservices-experiment-auth-1,0.02,79209431,1073741824,7.38,3,45.4kB / 40.3kB,4.25MB / 65.5kB
12,2026-09-10T07:26:03.099039+00:00,25,2026-09-10T07:26:02.719379+00:00,false,microservices,gateway,a3507f6b6e8707b4d8bef693406731bedc1351fc0c65693c91ed034b8f121cb2,tcc-microservices-experiment-gateway-1,38.47,467560038,536870912,87.09,75,25.8MB / 28.6MB,34.6MB / 180kB
12,2026-09-10T07:26:03.099039+00:00,25,2026-09-10T07:26:02.719379+00:00,false,microservices,mysql,e7a08879ce0cca9067650f7cae7fe1181027f96811e24585c71a0234ef956f27,tcc-microservices-experiment-mysql-1,23.67,532676608,1073741824,49.61,40,12.2MB / 32.9MB,44.5MB / 121MB
12,2026-09-10T07:26:03.099039+00:00,25,2026-09-10T07:26:02.719379+00:00,false,microservices,order,2ec70ae6f80e6f26f6aafd1e740a827589d39b41d7060590c48f7c7e23e21c82,tcc-microservices-experiment-order-1,83.0,80593551,1073741824,7.51,3,38.3MB / 34.4MB,7.09MB / 77.8kB
12,2026-09-10T07:26:03.099039+00:00,25,2026-09-10T07:26:02.719379+00:00,false,microservices,product,c2194a2c256149d71286160aeba0411f40a6df44c92c07c23c34d18f5e639653,tcc-microservices-experiment-product-1,0.02,78601257,1073741824,7.32,3,417kB / 282kB,3.76MB / 81.9kB
13,2026-09-10T07:26:04.099022+00:00,27,2026-09-10T07:26:03.718592+00:00,false,microservices,auth,75d289a90ab7d3625976be146cf4ee797879517b22846515fe2ed0d3d65402c6,tcc-microservices-experiment-auth-1,0.02,79209431,1073741824,7.38,3,45.4kB / 40.3kB,4.25MB / 65.5kB
13,2026-09-10T07:26:04.099022+00:00,27,2026-09-10T07:26:03.718592+00:00,false,microservices,gateway,a3507f6b6e8707b4d8bef693406731bedc1351fc0c65693c91ed034b8f121cb2,tcc-microservices-experiment-gateway-1,39.67,467979469,536870912,87.17,75,26.5MB / 29.4MB,34.6MB / 180kB
13,2026-09-10T07:26:04.099022+00:00,27,2026-09-10T07:26:03.718592+00:00,false,microservices,mysql,e7a08879ce0cca9067650f7cae7fe1181027f96811e24585c71a0234ef956f27,tcc-microservices-experiment-mysql-1,27.82,533096038,1073741824,49.65,40,12.4MB / 33.6MB,44.5MB / 121MB
13,2026-09-10T07:26:04.099022+00:00,27,2026-09-10T07:26:03.718592+00:00,false,microservices,order,2ec70ae6f80e6f26f6aafd1e740a827589d39b41d7060590c48f7c7e23e21c82,tcc-microservices-experiment-order-1,83.22,80687923,1073741824,7.51,3,39.2MB / 35.2MB,7.09MB / 77.8kB
13,2026-09-10T07:26:04.099022+00:00,27,2026-09-10T07:26:03.718592+00:00,false,microservices,product,c2194a2c256149d71286160aeba0411f40a6df44c92c07c23c34d18f5e639653,tcc-microservices-experiment-product-1,0.02,78601257,1073741824,7.32,3,417kB / 282kB,3.76MB / 81.9kB
14,2026-09-10T07:26:05.099031+00:00,29,2026-09-10T07:26:04.719167+00:00,false,microservices,auth,75d289a90ab7d3625976be146cf4ee797879517b22846515fe2ed0d3d65402c6,tcc-microservices-experiment-auth-1,0.02,79209431,1073741824,7.38,3,45.4kB / 40.3kB,4.25MB / 65.5kB
14,2026-09-10T07:26:05.099031+00:00,29,2026-09-10T07:26:04.719167+00:00,false,microservices,gateway,a3507f6b6e8707b4d8bef693406731bedc1351fc0c65693c91ed034b8f121cb2,tcc-microservices-experiment-gateway-1,65.33,468398899,536870912,87.25,75,27.2MB / 30.2MB,34.6MB / 180kB
14,2026-09-10T07:26:05.099031+00:00,29,2026-09-10T07:26:04.719167+00:00,false,microservices,mysql,e7a08879ce0cca9067650f7cae7fe1181027f96811e24585c71a0234ef956f27,tcc-microservices-experiment-mysql-1,24.26,533410611,1073741824,49.68,40,12.6MB / 34.4MB,44.5MB / 121MB
14,2026-09-10T07:26:05.099031+00:00,29,2026-09-10T07:26:04.719167+00:00,false,microservices,order,2ec70ae6f80e6f26f6aafd1e740a827589d39b41d7060590c48f7c7e23e21c82,tcc-microservices-experiment-order-1,82.28,80436265,1073741824,7.49,3,40.1MB / 36MB,7.09MB / 77.8kB
14,2026-09-10T07:26:05.099031+00:00,29,2026-09-10T07:26:04.719167+00:00,false,microservices,product,c2194a2c256149d71286160aeba0411f40a6df44c92c07c23c34d18f5e639653,tcc-microservices-experiment-product-1,0.03,78601257,1073741824,7.32,3,417kB / 282kB,3.76MB / 81.9kB
15,2026-09-10T07:26:06.099028+00:00,31,2026-09-10T07:26:05.718330+00:00,false,microservices,auth,75d289a90ab7d3625976be146cf4ee797879517b22846515fe2ed0d3d65402c6,tcc-microservices-experiment-auth-1,0.02,79209431,1073741824,7.38,3,45.4kB / 40.3kB,4.25MB / 65.5kB
15,2026-09-10T07:26:06.099028+00:00,31,2026-09-10T07:26:05.718330+00:00,false,microservices,gateway,a3507f6b6e8707b4d8bef693406731bedc1351fc0c65693c91ed034b8f121cb2,tcc-microservices-experiment-gateway-1,51.83,468608614,536870912,87.29,75,27.9MB / 30.9MB,34.6MB / 180kB
15,2026-09-10T07:26:06.099028+00:00,31,2026-09-10T07:26:05.718330+00:00,false,microservices,mysql,e7a08879ce0cca9067650f7cae7fe1181027f96811e24585c71a0234ef956f27,tcc-microservices-experiment-mysql-1,27.37,533096038,1073741824,49.65,40,12.8MB / 35.1MB,44.5MB / 121MB
15,2026-09-10T07:26:06.099028+00:00,31,2026-09-10T07:26:05.718330+00:00,false,microservices,order,2ec70ae6f80e6f26f6aafd1e740a827589d39b41d7060590c48f7c7e23e21c82,tcc-microservices-experiment-order-1,81.92,81212211,1073741824,7.56,3,41MB / 36.8MB,7.09MB / 77.8kB
15,2026-09-10T07:26:06.099028+00:00,31,2026-09-10T07:26:05.718330+00:00,false,microservices,product,c2194a2c256149d71286160aeba0411f40a6df44c92c07c23c34d18f5e639653,tcc-microservices-experiment-product-1,0.02,78601257,1073741824,7.32,3,417kB / 282kB,3.76MB / 81.9kB
16,2026-09-10T07:26:07.099046+00:00,33,2026-09-10T07:26:06.719641+00:00,false,microservices,auth,75d289a90ab7d3625976be146cf4ee797879517b22846515fe2ed0d3d65402c6,tcc-microservices-experiment-auth-1,0.02,79209431,1073741824,7.38,3,45.4kB / 40.3kB,4.25MB / 65.5kB
16,2026-09-10T07:26:07.099046+00:00,33,2026-09-10T07:26:06.719641+00:00,false,microservices,gateway,a3507f6b6e8707b4d8bef693406731bedc1351fc0c65693c91ed034b8f121cb2,tcc-microservices-experiment-gateway-1,34.73,467874611,536870912,87.15,75,28.6MB / 31.7MB,34.6MB / 180kB
16,2026-09-10T07:26:07.099046+00:00,33,2026-09-10T07:26:06.719641+00:00,false,microservices,mysql,e7a08879ce0cca9067650f7cae7fe1181027f96811e24585c71a0234ef956f27,tcc-microservices-experiment-mysql-1,23.37,532886323,1073741824,49.63,40,13MB / 35.9MB,44.5MB / 121MB
16,2026-09-10T07:26:07.099046+00:00,33,2026-09-10T07:26:06.719641+00:00,false,microservices,order,2ec70ae6f80e6f26f6aafd1e740a827589d39b41d7060590c48f7c7e23e21c82,tcc-microservices-experiment-order-1,83.13,81327555,1073741824,7.57,3,41.9MB / 37.7MB,7.09MB / 77.8kB
16,2026-09-10T07:26:07.099046+00:00,33,2026-09-10T07:26:06.719641+00:00,false,microservices,product,c2194a2c256149d71286160aeba0411f40a6df44c92c07c23c34d18f5e639653,tcc-microservices-experiment-product-1,0.02,78601257,1073741824,7.32,3,417kB / 282kB,3.76MB / 81.9kB
17,2026-09-10T07:26:08.099022+00:00,35,2026-09-10T07:26:07.718366+00:00,false,microservices,auth,75d289a90ab7d3625976be146cf4ee797879517b22846515fe2ed0d3d65402c6,tcc-microservices-experiment-auth-1,0.02,79209431,1073741824,7.38,3,45.4kB / 40.3kB,4.25MB / 65.5kB
17,2026-09-10T07:26:08.099022+00:00,35,2026-09-10T07:26:07.718366+00:00,false,microservices,gateway,a3507f6b6e8707b4d8bef693406731bedc1351fc0c65693c91ed034b8f121cb2,tcc-microservices-experiment-gateway-1,35.92,468608614,536870912,87.29,75,29.4MB / 32.5MB,34.6MB / 180kB
17,2026-09-10T07:26:08.099022+00:00,35,2026-09-10T07:26:07.718366+00:00,false,microservices,mysql,e7a08879ce0cca9067650f7cae7fe1181027f96811e24585c71a0234ef956f27,tcc-microservices-experiment-mysql-1,28.01,533410611,1073741824,49.68,40,13.2MB / 36.6MB,44.5MB / 121MB
17,2026-09-10T07:26:08.099022+00:00,35,2026-09-10T07:26:07.718366+00:00,false,microservices,order,2ec70ae6f80e6f26f6aafd1e740a827589d39b41d7060590c48f7c7e23e21c82,tcc-microservices-experiment-order-1,82.62,80740352,1073741824,7.52,3,42.8MB / 38.5MB,7.09MB / 77.8kB
17,2026-09-10T07:26:08.099022+00:00,35,2026-09-10T07:26:07.718366+00:00,false,microservices,product,c2194a2c256149d71286160aeba0411f40a6df44c92c07c23c34d18f5e639653,tcc-microservices-experiment-product-1,0.02,78601257,1073741824,7.32,3,417kB / 282kB,3.76MB / 81.9kB
18,2026-09-10T07:26:09.099039+00:00,37,2026-09-10T07:26:08.718427+00:00,false,microservices,auth,75d289a90ab7d3625976be146cf4ee797879517b22846515fe2ed0d3d65402c6,tcc-microservices-experiment-auth-1,0.02,79209431,1073741824,7.38,3,45.4kB / 40.3kB,4.25MB / 65.5kB
18,2026-09-10T07:26:09.099039+00:00,37,2026-09-10T07:26:08.718427+00:00,false,microservices,gateway,a3507f6b6e8707b4d8bef693406731bedc1351fc0c65693c91ed034b8f121cb2,tcc-microservices-experiment-gateway-1,33.87,468294042,536870912,87.22,75,30.1MB / 33.3MB,34.6MB / 180kB
18,2026-09-10T07:26:09.099039+00:00,37,2026-09-10T07:26:08.718427+00:00,false,microservices,mysql,e7a08879ce0cca9067650f7cae7fe1181027f96811e24585c71a0234ef956f27,tcc-microservices-experiment-mysql-1,24.97,532886323,1073741824,49.62,40,13.4MB / 37.4MB,44.5MB / 121MB
18,2026-09-10T07:26:09.099039+00:00,37,2026-09-10T07:26:08.718427+00:00,false,microservices,order,2ec70ae6f80e6f26f6aafd1e740a827589d39b41d7060590c48f7c7e23e21c82,tcc-microservices-experiment-order-1,81.47,81086382,1073741824,7.55,3,43.7MB / 39.4MB,7.09MB / 77.8kB
18,2026-09-10T07:26:09.099039+00:00,37,2026-09-10T07:26:08.718427+00:00,false,microservices,product,c2194a2c256149d71286160aeba0411f40a6df44c92c07c23c34d18f5e639653,tcc-microservices-experiment-product-1,0.02,78601257,1073741824,7.32,3,417kB / 282kB,3.76MB / 81.9kB
19,2026-09-10T07:26:10.099021+00:00,39,2026-09-10T07:26:09.718496+00:00,false,microservices,auth,75d289a90ab7d3625976be146cf4ee797879517b22846515fe2ed0d3d65402c6,tcc-microservices-experiment-auth-1,0.02,79209431,1073741824,7.38,3,45.4kB / 40.3kB,4.25MB / 65.5kB
19,2026-09-10T07:26:10.099021+00:00,39,2026-09-10T07:26:09.718496+00:00,false,microservices,gateway,a3507f6b6e8707b4d8bef693406731bedc1351fc0c65693c91ed034b8f121cb2,tcc-microservices-experiment-gateway-1,35.01,468294042,536870912,87.23,75,30.8MB / 34.1MB,34.6MB / 180kB
19,2026-09-10T07:26:10.099021+00:00,39,2026-09-10T07:26:09.718496+00:00,false,microservices,mysql,e7a08879ce0cca9067650f7cae7fe1181027f96811e24585c71a0234ef956f27,tcc-microservices-experiment-mysql-1,28.84,533200896,1073741824,49.65,40,13.7MB / 38.1MB,44.5MB / 121MB
19,2026-09-10T07:26:10.099021+00:00,39,2026-09-10T07:26:09.718496+00:00,false,microservices,order,2ec70ae6f80e6f26f6aafd1e740a827589d39b41d7060590c48f7c7e23e21c82,tcc-microservices-experiment-order-1,81.59,81233183,1073741824,7.57,3,44.6MB / 40.2MB,7.09MB / 77.8kB
19,2026-09-10T07:26:10.099021+00:00,39,2026-09-10T07:26:09.718496+00:00,false,microservices,product,c2194a2c256149d71286160aeba0411f40a6df44c92c07c23c34d18f5e639653,tcc-microservices-experiment-product-1,0.02,78601257,1073741824,7.32,3,417kB / 282kB,3.76MB / 81.9kB
20,2026-09-10T07:26:11.099021+00:00,41,2026-09-10T07:26:10.719354+00:00,false,microservices,auth,75d289a90ab7d3625976be146cf4ee797879517b22846515fe2ed0d3d65402c6,tcc-microservices-experiment-auth-1,0.02,79209431,1073741824,7.38,3,45.4kB / 40.3kB,4.25MB / 65.5kB
20,2026-09-10T07:26:11.099021+00:00,41,2026-09-10T07:26:10.719354+00:00,false,microservices,gateway,a3507f6b6e8707b4d8bef693406731bedc1351fc0c65693c91ed034b8f121cb2,tcc-microservices-experiment-gateway-1,34.83,469028045,536870912,87.36,75,31.5MB / 34.9MB,34.6MB / 193kB
20,2026-09-10T07:26:11.099021+00:00,41,2026-09-10T07:26:10.719354+00:00,false,microservices,mysql,e7a08879ce0cca9067650f7cae7fe1181027f96811e24585c71a0234ef956f27,tcc-microservices-experiment-mysql-1,24.35,532571750,1073741824,49.6,40,13.9MB / 38.9MB,44.5MB / 121MB
20,2026-09-10T07:26:11.099021+00:00,41,2026-09-10T07:26:10.719354+00:00,false,microservices,order,2ec70ae6f80e6f26f6aafd1e740a827589d39b41d7060590c48f7c7e23e21c82,tcc-microservices-experiment-order-1,81.67,81065411,1073741824,7.55,3,45.5MB / 41MB,7.09MB / 77.8kB
20,2026-09-10T07:26:11.099021+00:00,41,2026-09-10T07:26:10.719354+00:00,false,microservices,product,c2194a2c256149d71286160aeba0411f40a6df44c92c07c23c34d18f5e639653,tcc-microservices-experiment-product-1,0.02,78601257,1073741824,7.32,3,417kB / 282kB,3.76MB / 81.9kB
21,2026-09-10T07:26:12.099015+00:00,43,2026-09-10T07:26:11.718403+00:00,false,microservices,auth,75d289a90ab7d3625976be146cf4ee797879517b22846515fe2ed0d3d65402c6,tcc-microservices-experiment-auth-1,0.02,79209431,1073741824,7.38,3,45.4kB / 40.3kB,4.25MB / 65.5kB
21,2026-09-10T07:26:12.099015+00:00,43,2026-09-10T07:26:11.718403+00:00,false,microservices,gateway,a3507f6b6e8707b4d8bef693406731bedc1351fc0c65693c91ed034b8f121cb2,tcc-microservices-experiment-gateway-1,59.57,468294042,536870912,87.22,75,32.2MB / 35.7MB,34.6MB / 193kB
21,2026-09-10T07:26:12.099015+00:00,43,2026-09-10T07:26:11.718403+00:00,false,microservices,mysql,e7a08879ce0cca9067650f7cae7fe1181027f96811e24585c71a0234ef956f27,tcc-microservices-experiment-mysql-1,29.19,533200896,1073741824,49.66,40,14.1MB / 39.6MB,44.5MB / 121MB
21,2026-09-10T07:26:12.099015+00:00,43,2026-09-10T07:26:11.718403+00:00,false,microservices,order,2ec70ae6f80e6f26f6aafd1e740a827589d39b41d7060590c48f7c7e23e21c82,tcc-microservices-experiment-order-1,81.25,80876667,1073741824,7.53,3,46.5MB / 41.9MB,7.09MB / 77.8kB
21,2026-09-10T07:26:12.099015+00:00,43,2026-09-10T07:26:11.718403+00:00,false,microservices,product,c2194a2c256149d71286160aeba0411f40a6df44c92c07c23c34d18f5e639653,tcc-microservices-experiment-product-1,0.02,78601257,1073741824,7.32,3,417kB / 282kB,3.76MB / 81.9kB
22,2026-09-10T07:26:13.099020+00:00,45,2026-09-10T07:26:12.718257+00:00,false,microservices,auth,75d289a90ab7d3625976be146cf4ee797879517b22846515fe2ed0d3d65402c6,tcc-microservices-experiment-auth-1,0.02,79209431,1073741824,7.38,3,45.4kB / 40.3kB,4.25MB / 65.5kB
22,2026-09-10T07:26:13.099020+00:00,45,2026-09-10T07:26:12.718257+00:00,false,microservices,gateway,a3507f6b6e8707b4d8bef693406731bedc1351fc0c65693c91ed034b8f121cb2,tcc-microservices-experiment-gateway-1,93.7,475948646,536870912,88.65,75,32.9MB / 36.5MB,34.6MB / 193kB
22,2026-09-10T07:26:13.099020+00:00,45,2026-09-10T07:26:12.718257+00:00,false,microservices,mysql,e7a08879ce0cca9067650f7cae7fe1181027f96811e24585c71a0234ef956f27,tcc-microservices-experiment-mysql-1,23.63,532571750,1073741824,49.6,40,14.3MB / 40.3MB,44.5MB / 121MB
22,2026-09-10T07:26:13.099020+00:00,45,2026-09-10T07:26:12.718257+00:00,false,microservices,order,2ec70ae6f80e6f26f6aafd1e740a827589d39b41d7060590c48f7c7e23e21c82,tcc-microservices-experiment-order-1,83.01,81033953,1073741824,7.55,3,47.3MB / 42.7MB,7.09MB / 77.8kB
22,2026-09-10T07:26:13.099020+00:00,45,2026-09-10T07:26:12.718257+00:00,false,microservices,product,c2194a2c256149d71286160aeba0411f40a6df44c92c07c23c34d18f5e639653,tcc-microservices-experiment-product-1,0.01,78601257,1073741824,7.32,3,417kB / 282kB,3.76MB / 81.9kB
23,2026-09-10T07:26:14.099013+00:00,47,2026-09-10T07:26:13.718275+00:00,false,microservices,auth,75d289a90ab7d3625976be146cf4ee797879517b22846515fe2ed0d3d65402c6,tcc-microservices-experiment-auth-1,0.02,79209431,1073741824,7.38,3,45.4kB / 40.3kB,4.25MB / 65.5kB
23,2026-09-10T07:26:14.099013+00:00,47,2026-09-10T07:26:13.718275+00:00,false,microservices,gateway,a3507f6b6e8707b4d8bef693406731bedc1351fc0c65693c91ed034b8f121cb2,tcc-microservices-experiment-gateway-1,60.73,476472934,536870912,88.76,75,33.6MB / 37.2MB,34.6MB / 193kB
23,2026-09-10T07:26:14.099013+00:00,47,2026-09-10T07:26:13.718275+00:00,false,microservices,mysql,e7a08879ce0cca9067650f7cae7fe1181027f96811e24585c71a0234ef956f27,tcc-microservices-experiment-mysql-1,27.77,538338918,1073741824,50.14,41,14.5MB / 41.1MB,46.3MB / 121MB
23,2026-09-10T07:26:14.099013+00:00,47,2026-09-10T07:26:13.718275+00:00,false,microservices,order,2ec70ae6f80e6f26f6aafd1e740a827589d39b41d7060590c48f7c7e23e21c82,tcc-microservices-experiment-order-1,84.12,82407588,1073741824,7.68,3,48.2MB / 43.5MB,7.09MB / 77.8kB
23,2026-09-10T07:26:14.099013+00:00,47,2026-09-10T07:26:13.718275+00:00,false,microservices,product,c2194a2c256149d71286160aeba0411f40a6df44c92c07c23c34d18f5e639653,tcc-microservices-experiment-product-1,0.02,78601257,1073741824,7.32,3,417kB / 282kB,3.76MB / 81.9kB
24,2026-09-10T07:26:15.099037+00:00,49,2026-09-10T07:26:14.718460+00:00,false,microservices,auth,75d289a90ab7d3625976be146cf4ee797879517b22846515fe2ed0d3d65402c6,tcc-microservices-experiment-auth-1,0.02,79209431,1073741824,7.38,3,45.4kB / 40.3kB,4.25MB / 65.5kB
24,2026-09-10T07:26:15.099037+00:00,49,2026-09-10T07:26:14.718460+00:00,false,microservices,gateway,a3507f6b6e8707b4d8bef693406731bedc1351fc0c65693c91ed034b8f121cb2,tcc-microservices-experiment-gateway-1,56.26,475843789,536870912,88.63,75,34.3MB / 38MB,34.6MB / 193kB
24,2026-09-10T07:26:15.099037+00:00,49,2026-09-10T07:26:14.718460+00:00,false,microservices,mysql,e7a08879ce0cca9067650f7cae7fe1181027f96811e24585c71a0234ef956f27,tcc-microservices-experiment-mysql-1,25.65,534983475,1073741824,49.82,40,14.7MB / 41.9MB,46.3MB / 121MB
24,2026-09-10T07:26:15.099037+00:00,49,2026-09-10T07:26:14.718460+00:00,false,microservices,order,2ec70ae6f80e6f26f6aafd1e740a827589d39b41d7060590c48f7c7e23e21c82,tcc-microservices-experiment-order-1,81.94,82648760,1073741824,7.7,3,49.2MB / 44.4MB,7.09MB / 77.8kB
24,2026-09-10T07:26:15.099037+00:00,49,2026-09-10T07:26:14.718460+00:00,false,microservices,product,c2194a2c256149d71286160aeba0411f40a6df44c92c07c23c34d18f5e639653,tcc-microservices-experiment-product-1,0.02,78601257,1073741824,7.32,3,417kB / 282kB,3.76MB / 81.9kB
25,2026-09-10T07:26:16.099023+00:00,51,2026-09-10T07:26:15.718389+00:00,false,microservices,auth,75d289a90ab7d3625976be146cf4ee797879517b22846515fe2ed0d3d65402c6,tcc-microservices-experiment-auth-1,0.02,79209431,1073741824,7.38,3,45.4kB / 40.3kB,4.25MB / 65.5kB
25,2026-09-10T07:26:16.099023+00:00,51,2026-09-10T07:26:15.718389+00:00,false,microservices,gateway,a3507f6b6e8707b4d8bef693406731bedc1351fc0c65693c91ed034b8f121cb2,tcc-microservices-experiment-gateway-1,54.47,476577792,536870912,88.77,75,35.1MB / 38.8MB,34.6MB / 193kB
25,2026-09-10T07:26:16.099023+00:00,51,2026-09-10T07:26:15.718389+00:00,false,microservices,mysql,e7a08879ce0cca9067650f7cae7fe1181027f96811e24585c71a0234ef956f27,tcc-microservices-experiment-mysql-1,24.12,535507763,1073741824,49.87,41,14.9MB / 42.6MB,46.3MB / 121MB
25,2026-09-10T07:26:16.099023+00:00,51,2026-09-10T07:26:15.718389+00:00,false,microservices,order,2ec70ae6f80e6f26f6aafd1e740a827589d39b41d7060590c48f7c7e23e21c82,tcc-microservices-experiment-order-1,82.03,82187387,1073741824,7.65,3,50.1MB / 45.2MB,7.09MB / 77.8kB
25,2026-09-10T07:26:16.099023+00:00,51,2026-09-10T07:26:15.718389+00:00,false,microservices,product,c2194a2c256149d71286160aeba0411f40a6df44c92c07c23c34d18f5e639653,tcc-microservices-experiment-product-1,0.02,78601257,1073741824,7.32,3,417kB / 282kB,3.76MB / 81.9kB
26,2026-09-10T07:26:17.099051+00:00,53,2026-09-10T07:26:16.718434+00:00,false,microservices,auth,75d289a90ab7d3625976be146cf4ee797879517b22846515fe2ed0d3d65402c6,tcc-microservices-experiment-auth-1,0.03,79209431,1073741824,7.38,3,45.4kB / 40.3kB,4.25MB / 65.5kB
26,2026-09-10T07:26:17.099051+00:00,53,2026-09-10T07:26:16.718434+00:00,false,microservices,gateway,a3507f6b6e8707b4d8bef693406731bedc1351fc0c65693c91ed034b8f121cb2,tcc-microservices-experiment-gateway-1,44.98,476892365,536870912,88.83,75,35.8MB / 39.6MB,34.6MB / 193kB
26,2026-09-10T07:26:17.099051+00:00,53,2026-09-10T07:26:16.718434+00:00,false,microservices,mysql,e7a08879ce0cca9067650f7cae7fe1181027f96811e24585c71a0234ef956f27,tcc-microservices-experiment-mysql-1,29.48,534983475,1073741824,49.83,40,15.2MB / 43.4MB,46.3MB / 121MB
26,2026-09-10T07:26:17.099051+00:00,53,2026-09-10T07:26:16.718434+00:00,false,microservices,order,2ec70ae6f80e6f26f6aafd1e740a827589d39b41d7060590c48f7c7e23e21c82,tcc-microservices-experiment-order-1,80.8,81830871,1073741824,7.62,3,51MB / 46.1MB,7.09MB / 77.8kB
26,2026-09-10T07:26:17.099051+00:00,53,2026-09-10T07:26:16.718434+00:00,false,microservices,product,c2194a2c256149d71286160aeba0411f40a6df44c92c07c23c34d18f5e639653,tcc-microservices-experiment-product-1,0.02,78601257,1073741824,7.32,3,417kB / 282kB,3.76MB / 81.9kB
27,2026-09-10T07:26:18.099010+00:00,55,2026-09-10T07:26:17.718560+00:00,false,microservices,auth,75d289a90ab7d3625976be146cf4ee797879517b22846515fe2ed0d3d65402c6,tcc-microservices-experiment-auth-1,0.02,79209431,1073741824,7.38,3,45.4kB / 40.3kB,4.25MB / 65.5kB
27,2026-09-10T07:26:18.099010+00:00,55,2026-09-10T07:26:17.718560+00:00,false,microservices,gateway,a3507f6b6e8707b4d8bef693406731bedc1351fc0c65693c91ed034b8f121cb2,tcc-microservices-experiment-gateway-1,31.26,476892365,536870912,88.82,75,36.5MB / 40.4MB,34.6MB / 193kB
27,2026-09-10T07:26:18.099010+00:00,55,2026-09-10T07:26:17.718560+00:00,false,microservices,mysql,e7a08879ce0cca9067650f7cae7fe1181027f96811e24585c71a0234ef956f27,tcc-microservices-experiment-mysql-1,24.95,534564045,1073741824,49.78,40,15.4MB / 44.1MB,46.3MB / 121MB
27,2026-09-10T07:26:18.099010+00:00,55,2026-09-10T07:26:17.718560+00:00,false,microservices,order,2ec70ae6f80e6f26f6aafd1e740a827589d39b41d7060590c48f7c7e23e21c82,tcc-microservices-experiment-order-1,81.6,82921390,1073741824,7.72,3,51.9MB / 46.9MB,7.09MB / 77.8kB
27,2026-09-10T07:26:18.099010+00:00,55,2026-09-10T07:26:17.718560+00:00,false,microservices,product,c2194a2c256149d71286160aeba0411f40a6df44c92c07c23c34d18f5e639653,tcc-microservices-experiment-product-1,0.02,78601257,1073741824,7.32,3,417kB / 282kB,3.76MB / 81.9kB
28,2026-09-10T07:26:19.099020+00:00,57,2026-09-10T07:26:18.718423+00:00,false,microservices,auth,75d289a90ab7d3625976be146cf4ee797879517b22846515fe2ed0d3d65402c6,tcc-microservices-experiment-auth-1,0.02,79209431,1073741824,7.38,3,45.4kB / 40.3kB,4.25MB / 65.5kB
28,2026-09-10T07:26:19.099020+00:00,57,2026-09-10T07:26:18.718423+00:00,false,microservices,gateway,a3507f6b6e8707b4d8bef693406731bedc1351fc0c65693c91ed034b8f121cb2,tcc-microservices-experiment-gateway-1,37.56,476892365,536870912,88.82,75,37.2MB / 41.2MB,34.6MB / 193kB
28,2026-09-10T07:26:19.099020+00:00,57,2026-09-10T07:26:18.718423+00:00,false,microservices,mysql,e7a08879ce0cca9067650f7cae7fe1181027f96811e24585c71a0234ef956f27,tcc-microservices-experiment-mysql-1,29.6,534144614,1073741824,49.75,40,15.6MB / 44.9MB,46.3MB / 121MB
28,2026-09-10T07:26:19.099020+00:00,57,2026-09-10T07:26:18.718423+00:00,false,microservices,order,2ec70ae6f80e6f26f6aafd1e740a827589d39b41d7060590c48f7c7e23e21c82,tcc-microservices-experiment-order-1,81.3,82218844,1073741824,7.66,3,52.9MB / 47.8MB,7.09MB / 77.8kB
28,2026-09-10T07:26:19.099020+00:00,57,2026-09-10T07:26:18.718423+00:00,false,microservices,product,c2194a2c256149d71286160aeba0411f40a6df44c92c07c23c34d18f5e639653,tcc-microservices-experiment-product-1,0.02,78601257,1073741824,7.32,3,417kB / 282kB,3.76MB / 81.9kB
29,2026-09-10T07:26:20.099021+00:00,59,2026-09-10T07:26:19.718316+00:00,false,microservices,auth,75d289a90ab7d3625976be146cf4ee797879517b22846515fe2ed0d3d65402c6,tcc-microservices-experiment-auth-1,0.02,79209431,1073741824,7.38,3,45.4kB / 40.3kB,4.25MB / 65.5kB
29,2026-09-10T07:26:20.099021+00:00,59,2026-09-10T07:26:19.718316+00:00,false,microservices,gateway,a3507f6b6e8707b4d8bef693406731bedc1351fc0c65693c91ed034b8f121cb2,tcc-microservices-experiment-gateway-1,34.39,476368077,536870912,88.74,75,37.9MB / 42MB,34.6MB / 193kB
29,2026-09-10T07:26:20.099021+00:00,59,2026-09-10T07:26:19.718316+00:00,false,microservices,mysql,e7a08879ce0cca9067650f7cae7fe1181027f96811e24585c71a0234ef956f27,tcc-microservices-experiment-mysql-1,25.39,534249472,1073741824,49.76,40,15.8MB / 45.7MB,46.3MB / 121MB
29,2026-09-10T07:26:20.099021+00:00,59,2026-09-10T07:26:19.718316+00:00,false,microservices,order,2ec70ae6f80e6f26f6aafd1e740a827589d39b41d7060590c48f7c7e23e21c82,tcc-microservices-experiment-order-1,80.72,83256934,1073741824,7.75,3,53.8MB / 48.6MB,7.09MB / 77.8kB
29,2026-09-10T07:26:20.099021+00:00,59,2026-09-10T07:26:19.718316+00:00,false,microservices,product,c2194a2c256149d71286160aeba0411f40a6df44c92c07c23c34d18f5e639653,tcc-microservices-experiment-product-1,0.02,78601257,1073741824,7.32,3,417kB / 282kB,3.76MB / 81.9kB
30,2026-09-10T07:26:21.099044+00:00,61,2026-09-10T07:26:20.718406+00:00,false,microservices,auth,75d289a90ab7d3625976be146cf4ee797879517b22846515fe2ed0d3d65402c6,tcc-microservices-experiment-auth-1,0.02,79209431,1073741824,7.38,3,45.4kB / 40.3kB,4.25MB / 65.5kB
30,2026-09-10T07:26:21.099044+00:00,61,2026-09-10T07:26:20.718406+00:00,false,microservices,gateway,a3507f6b6e8707b4d8bef693406731bedc1351fc0c65693c91ed034b8f121cb2,tcc-microservices-experiment-gateway-1,40.93,476787507,536870912,88.81,75,38.7MB / 42.9MB,34.6MB / 193kB
30,2026-09-10T07:26:21.099044+00:00,61,2026-09-10T07:26:20.718406+00:00,false,microservices,mysql,e7a08879ce0cca9067650f7cae7fe1181027f96811e24585c71a0234ef956f27,tcc-microservices-experiment-mysql-1,28.02,534459187,1073741824,49.77,40,16MB / 46.5MB,46.3MB / 121MB
30,2026-09-10T07:26:21.099044+00:00,61,2026-09-10T07:26:20.718406+00:00,false,microservices,order,2ec70ae6f80e6f26f6aafd1e740a827589d39b41d7060590c48f7c7e23e21c82,tcc-microservices-experiment-order-1,83.21,82197873,1073741824,7.65,3,54.7MB / 49.5MB,7.09MB / 77.8kB
30,2026-09-10T07:26:21.099044+00:00,61,2026-09-10T07:26:20.718406+00:00,false,microservices,product,c2194a2c256149d71286160aeba0411f40a6df44c92c07c23c34d18f5e639653,tcc-microservices-experiment-product-1,0.02,78601257,1073741824,7.32,3,417kB / 282kB,3.76MB / 81.9kB
31,2026-09-10T07:26:22.099036+00:00,63,2026-09-10T07:26:21.718582+00:00,false,microservices,auth,75d289a90ab7d3625976be146cf4ee797879517b22846515fe2ed0d3d65402c6,tcc-microservices-experiment-auth-1,0.02,79209431,1073741824,7.38,3,45.4kB / 40.3kB,4.25MB / 65.5kB
31,2026-09-10T07:26:22.099036+00:00,63,2026-09-10T07:26:21.718582+00:00,false,microservices,gateway,a3507f6b6e8707b4d8bef693406731bedc1351fc0c65693c91ed034b8f121cb2,tcc-microservices-experiment-gateway-1,36.57,476892365,536870912,88.84,75,39.4MB / 43.7MB,34.6MB / 193kB
31,2026-09-10T07:26:22.099036+00:00,63,2026-09-10T07:26:21.718582+00:00,false,microservices,mysql,e7a08879ce0cca9067650f7cae7fe1181027f96811e24585c71a0234ef956f27,tcc-microservices-experiment-mysql-1,24.43,534459187,1073741824,49.77,40,16.2MB / 47.2MB,46.3MB / 121MB
31,2026-09-10T07:26:22.099036+00:00,63,2026-09-10T07:26:21.718582+00:00,false,microservices,order,2ec70ae6f80e6f26f6aafd1e740a827589d39b41d7060590c48f7c7e23e21c82,tcc-microservices-experiment-order-1,82.04,83110134,1073741824,7.74,3,55.7MB / 50.3MB,7.09MB / 77.8kB
31,2026-09-10T07:26:22.099036+00:00,63,2026-09-10T07:26:21.718582+00:00,false,microservices,product,c2194a2c256149d71286160aeba0411f40a6df44c92c07c23c34d18f5e639653,tcc-microservices-experiment-product-1,0.02,78601257,1073741824,7.32,3,417kB / 282kB,3.76MB / 81.9kB
32,2026-09-10T07:26:23.099016+00:00,65,2026-09-10T07:26:22.718423+00:00,false,microservices,auth,75d289a90ab7d3625976be146cf4ee797879517b22846515fe2ed0d3d65402c6,tcc-microservices-experiment-auth-1,0.02,79209431,1073741824,7.38,3,45.4kB / 40.3kB,4.25MB / 65.5kB
32,2026-09-10T07:26:23.099016+00:00,65,2026-09-10T07:26:22.718423+00:00,false,microservices,gateway,a3507f6b6e8707b4d8bef693406731bedc1351fc0c65693c91ed034b8f121cb2,tcc-microservices-experiment-gateway-1,47.44,477416653,536870912,88.93,75,40.1MB / 44.5MB,34.6MB / 193kB
32,2026-09-10T07:26:23.099016+00:00,65,2026-09-10T07:26:22.718423+00:00,false,microservices,mysql,e7a08879ce0cca9067650f7cae7fe1181027f96811e24585c71a0234ef956f27,tcc-microservices-experiment-mysql-1,28.71,534144614,1073741824,49.75,40,16.5MB / 48MB,46.3MB / 121MB
32,2026-09-10T07:26:23.099016+00:00,65,2026-09-10T07:26:22.718423+00:00,false,microservices,order,2ec70ae6f80e6f26f6aafd1e740a827589d39b41d7060590c48f7c7e23e21c82,tcc-microservices-experiment-order-1,82.52,82386616,1073741824,7.67,3,56.6MB / 51.2MB,7.09MB / 77.8kB
32,2026-09-10T07:26:23.099016+00:00,65,2026-09-10T07:26:22.718423+00:00,false,microservices,product,c2194a2c256149d71286160aeba0411f40a6df44c92c07c23c34d18f5e639653,tcc-microservices-experiment-product-1,0.02,78601257,1073741824,7.32,3,417kB / 282kB,3.76MB / 81.9kB
33,2026-09-10T07:26:24.099037+00:00,67,2026-09-10T07:26:23.718763+00:00,false,microservices,auth,75d289a90ab7d3625976be146cf4ee797879517b22846515fe2ed0d3d65402c6,tcc-microservices-experiment-auth-1,0.02,79209431,1073741824,7.38,3,45.4kB / 40.3kB,4.25MB / 65.5kB
33,2026-09-10T07:26:24.099037+00:00,67,2026-09-10T07:26:23.718763+00:00,false,microservices,gateway,a3507f6b6e8707b4d8bef693406731bedc1351fc0c65693c91ed034b8f121cb2,tcc-microservices-experiment-gateway-1,46.46,476682650,536870912,88.79,75,40.8MB / 45.3MB,34.6MB / 193kB
33,2026-09-10T07:26:24.099037+00:00,67,2026-09-10T07:26:23.718763+00:00,false,microservices,mysql,e7a08879ce0cca9067650f7cae7fe1181027f96811e24585c71a0234ef956f27,tcc-microservices-experiment-mysql-1,25.47,534564045,1073741824,49.79,40,16.7MB / 48.7MB,46.3MB / 121MB
33,2026-09-10T07:26:24.099037+00:00,67,2026-09-10T07:26:23.718763+00:00,false,microservices,order,2ec70ae6f80e6f26f6aafd1e740a827589d39b41d7060590c48f7c7e23e21c82,tcc-microservices-experiment-order-1,81.02,83550536,1073741824,7.78,3,57.5MB / 52MB,7.09MB / 77.8kB
33,2026-09-10T07:26:24.099037+00:00,67,2026-09-10T07:26:23.718763+00:00,false,microservices,product,c2194a2c256149d71286160aeba0411f40a6df44c92c07c23c34d18f5e639653,tcc-microservices-experiment-product-1,0.02,78601257,1073741824,7.32,3,417kB / 282kB,3.76MB / 81.9kB
34,2026-09-10T07:26:25.099040+00:00,69,2026-09-10T07:26:24.718448+00:00,false,microservices,auth,75d289a90ab7d3625976be146cf4ee797879517b22846515fe2ed0d3d65402c6,tcc-microservices-experiment-auth-1,0.02,79209431,1073741824,7.38,3,45.4kB / 40.3kB,4.25MB / 65.5kB
34,2026-09-10T07:26:25.099040+00:00,69,2026-09-10T07:26:24.718448+00:00,false,microservices,gateway,a3507f6b6e8707b4d8bef693406731bedc1351fc0c65693c91ed034b8f121cb2,tcc-microservices-experiment-gateway-1,48.74,477521510,536870912,88.95,75,41.6MB / 46.1MB,34.6MB / 193kB
34,2026-09-10T07:26:25.099040+00:00,69,2026-09-10T07:26:24.718448+00:00,false,microservices,mysql,e7a08879ce0cca9067650f7cae7fe1181027f96811e24585c71a0234ef956f27,tcc-microservices-experiment-mysql-1,29.49,534459187,1073741824,49.77,40,16.9MB / 49.5MB,46.3MB / 121MB
34,2026-09-10T07:26:25.099040+00:00,69,2026-09-10T07:26:24.718448+00:00,false,microservices,order,2ec70ae6f80e6f26f6aafd1e740a827589d39b41d7060590c48f7c7e23e21c82,tcc-microservices-experiment-order-1,81.61,82596332,1073741824,7.69,3,58.4MB / 52.9MB,7.09MB / 77.8kB
34,2026-09-10T07:26:25.099040+00:00,69,2026-09-10T07:26:24.718448+00:00,false,microservices,product,c2194a2c256149d71286160aeba0411f40a6df44c92c07c23c34d18f5e639653,tcc-microservices-experiment-product-1,0.02,78601257,1073741824,7.32,3,417kB / 282kB,3.76MB / 81.9kB
35,2026-09-10T07:26:26.099044+00:00,71,2026-09-10T07:26:25.718733+00:00,false,microservices,auth,75d289a90ab7d3625976be146cf4ee797879517b22846515fe2ed0d3d65402c6,tcc-microservices-experiment-auth-1,0.02,79209431,1073741824,7.38,3,45.4kB / 40.3kB,4.25MB / 65.5kB
35,2026-09-10T07:26:26.099044+00:00,71,2026-09-10T07:26:25.718733+00:00,false,microservices,gateway,a3507f6b6e8707b4d8bef693406731bedc1351fc0c65693c91ed034b8f121cb2,tcc-microservices-experiment-gateway-1,28.91,477416653,536870912,88.92,75,42.3MB / 46.9MB,34.6MB / 193kB
35,2026-09-10T07:26:26.099044+00:00,71,2026-09-10T07:26:25.718733+00:00,false,microservices,mysql,e7a08879ce0cca9067650f7cae7fe1181027f96811e24585c71a0234ef956f27,tcc-microservices-experiment-mysql-1,24.16,534668902,1073741824,49.79,40,17.1MB / 50.3MB,46.3MB / 121MB
35,2026-09-10T07:26:26.099044+00:00,71,2026-09-10T07:26:25.718733+00:00,false,microservices,order,2ec70ae6f80e6f26f6aafd1e740a827589d39b41d7060590c48f7c7e23e21c82,tcc-microservices-experiment-order-1,81.81,82963333,1073741824,7.73,3,59.4MB / 53.7MB,7.09MB / 77.8kB
35,2026-09-10T07:26:26.099044+00:00,71,2026-09-10T07:26:25.718733+00:00,false,microservices,product,c2194a2c256149d71286160aeba0411f40a6df44c92c07c23c34d18f5e639653,tcc-microservices-experiment-product-1,0.02,78601257,1073741824,7.32,3,417kB / 282kB,3.76MB / 81.9kB
36,2026-09-10T07:26:27.099020+00:00,73,2026-09-10T07:26:26.718499+00:00,false,microservices,auth,75d289a90ab7d3625976be146cf4ee797879517b22846515fe2ed0d3d65402c6,tcc-microservices-experiment-auth-1,0.02,79209431,1073741824,7.38,3,45.4kB / 40.3kB,4.25MB / 65.5kB
36,2026-09-10T07:26:27.099020+00:00,73,2026-09-10T07:26:26.718499+00:00,false,microservices,gateway,a3507f6b6e8707b4d8bef693406731bedc1351fc0c65693c91ed034b8f121cb2,tcc-microservices-experiment-gateway-1,32.11,477416653,536870912,88.93,75,43MB / 47.7MB,34.6MB / 209kB
36,2026-09-10T07:26:27.099020+00:00,73,2026-09-10T07:26:26.718499+00:00,false,microservices,mysql,e7a08879ce0cca9067650f7cae7fe1181027f96811e24585c71a0234ef956f27,tcc-microservices-experiment-mysql-1,28.18,534249472,1073741824,49.76,40,17.3MB / 51MB,46.3MB / 121MB
36,2026-09-10T07:26:27.099020+00:00,73,2026-09-10T07:26:26.718499+00:00,false,microservices,order,2ec70ae6f80e6f26f6aafd1e740a827589d39b41d7060590c48f7c7e23e21c82,tcc-microservices-experiment-order-1,82.03,82690703,1073741824,7.7,3,60.3MB / 54.6MB,7.09MB / 77.8kB
36,2026-09-10T07:26:27.099020+00:00,73,2026-09-10T07:26:26.718499+00:00,false,microservices,product,c2194a2c256149d71286160aeba0411f40a6df44c92c07c23c34d18f5e639653,tcc-microservices-experiment-product-1,0.02,78601257,1073741824,7.32,3,417kB / 282kB,3.76MB / 81.9kB
37,2026-09-10T07:26:28.099043+00:00,75,2026-09-10T07:26:27.718514+00:00,false,microservices,auth,75d289a90ab7d3625976be146cf4ee797879517b22846515fe2ed0d3d65402c6,tcc-microservices-experiment-auth-1,0.02,79209431,1073741824,7.38,3,45.4kB / 40.3kB,4.25MB / 65.5kB
37,2026-09-10T07:26:28.099043+00:00,75,2026-09-10T07:26:27.718514+00:00,false,microservices,gateway,a3507f6b6e8707b4d8bef693406731bedc1351fc0c65693c91ed034b8f121cb2,tcc-microservices-experiment-gateway-1,28.76,477626368,536870912,88.97,75,43.8MB / 48.5MB,34.6MB / 209kB
37,2026-09-10T07:26:28.099043+00:00,75,2026-09-10T07:26:27.718514+00:00,false,microservices,mysql,e7a08879ce0cca9067650f7cae7fe1181027f96811e24585c71a0234ef956f27,tcc-microservices-experiment-mysql-1,24.55,534354330,1073741824,49.77,40,17.5MB / 51.8MB,46.3MB / 121MB
37,2026-09-10T07:26:28.099043+00:00,75,2026-09-10T07:26:27.718514+00:00,false,microservices,order,2ec70ae6f80e6f26f6aafd1e740a827589d39b41d7060590c48f7c7e23e21c82,tcc-microservices-experiment-order-1,82.23,82827018,1073741824,7.71,3,61.2MB / 55.4MB,7.09MB / 77.8kB
37,2026-09-10T07:26:28.099043+00:00,75,2026-09-10T07:26:27.718514+00:00,false,microservices,product,c2194a2c256149d71286160aeba0411f40a6df44c92c07c23c34d18f5e639653,tcc-microservices-experiment-product-1,0.02,78601257,1073741824,7.32,3,417kB / 282kB,3.76MB / 81.9kB
38,2026-09-10T07:26:29.099018+00:00,77,2026-09-10T07:26:28.718381+00:00,false,microservices,auth,75d289a90ab7d3625976be146cf4ee797879517b22846515fe2ed0d3d65402c6,tcc-microservices-experiment-auth-1,0.02,79209431,1073741824,7.38,3,45.4kB / 40.3kB,4.25MB / 65.5kB
38,2026-09-10T07:26:29.099018+00:00,77,2026-09-10T07:26:28.718381+00:00,false,microservices,gateway,a3507f6b6e8707b4d8bef693406731bedc1351fc0c65693c91ed034b8f121cb2,tcc-microservices-experiment-gateway-1,28.55,476997222,536870912,88.86,75,44.5MB / 49.3MB,34.6MB / 209kB
38,2026-09-10T07:26:29.099018+00:00,77,2026-09-10T07:26:28.718381+00:00,false,microservices,mysql,e7a08879ce0cca9067650f7cae7fe1181027f96811e24585c71a0234ef956f27,tcc-microservices-experiment-mysql-1,28.45,534668902,1073741824,49.79,40,17.8MB / 52.6MB,46.3MB / 121MB
38,2026-09-10T07:26:29.099018+00:00,77,2026-09-10T07:26:28.718381+00:00,false,microservices,order,2ec70ae6f80e6f26f6aafd1e740a827589d39b41d7060590c48f7c7e23e21c82,tcc-microservices-experiment-order-1,82.1,82806047,1073741824,7.71,3,62.1MB / 56.3MB,7.09MB / 77.8kB
38,2026-09-10T07:26:29.099018+00:00,77,2026-09-10T07:26:28.718381+00:00,false,microservices,product,c2194a2c256149d71286160aeba0411f40a6df44c92c07c23c34d18f5e639653,tcc-microservices-experiment-product-1,0.02,78601257,1073741824,7.32,3,417kB / 282kB,3.76MB / 81.9kB
39,2026-09-10T07:26:30.099017+00:00,79,2026-09-10T07:26:29.718104+00:00,false,microservices,auth,75d289a90ab7d3625976be146cf4ee797879517b22846515fe2ed0d3d65402c6,tcc-microservices-experiment-auth-1,0.02,79209431,1073741824,7.38,3,45.4kB / 40.3kB,4.25MB / 65.5kB
39,2026-09-10T07:26:30.099017+00:00,79,2026-09-10T07:26:29.718104+00:00,false,microservices,gateway,a3507f6b6e8707b4d8bef693406731bedc1351fc0c65693c91ed034b8f121cb2,tcc-microservices-experiment-gateway-1,28.52,477626368,536870912,88.97,75,45.2MB / 50.1MB,34.6MB / 209kB
39,2026-09-10T07:26:30.099017+00:00,79,2026-09-10T07:26:29.718104+00:00,false,microservices,mysql,e7a08879ce0cca9067650f7cae7fe1181027f96811e24585c71a0234ef956f27,tcc-microservices-experiment-mysql-1,24.31,534354330,1073741824,49.77,40,18MB / 53.3MB,46.3MB / 121MB
39,2026-09-10T07:26:30.099017+00:00,79,2026-09-10T07:26:29.718104+00:00,false,microservices,order,2ec70ae6f80e6f26f6aafd1e740a827589d39b41d7060590c48f7c7e23e21c82,tcc-microservices-experiment-order-1,82.28,82931876,1073741824,7.72,3,63.1MB / 57.1MB,7.09MB / 77.8kB
39,2026-09-10T07:26:30.099017+00:00,79,2026-09-10T07:26:29.718104+00:00,false,microservices,product,c2194a2c256149d71286160aeba0411f40a6df44c92c07c23c34d18f5e639653,tcc-microservices-experiment-product-1,0.02,78601257,1073741824,7.32,3,417kB / 282kB,3.76MB / 81.9kB
40,2026-09-10T07:26:31.099039+00:00,81,2026-09-10T07:26:30.718044+00:00,false,microservices,auth,75d289a90ab7d3625976be146cf4ee797879517b22846515fe2ed0d3d65402c6,tcc-microservices-experiment-auth-1,0.02,79209431,1073741824,7.38,3,45.4kB / 40.3kB,4.25MB / 65.5kB
40,2026-09-10T07:26:31.099039+00:00,81,2026-09-10T07:26:30.718044+00:00,false,microservices,gateway,a3507f6b6e8707b4d8bef693406731bedc1351fc0c65693c91ed034b8f121cb2,tcc-microservices-experiment-gateway-1,56.04,477206938,536870912,88.89,75,45.9MB / 50.9MB,34.6MB / 209kB
40,2026-09-10T07:26:31.099039+00:00,81,2026-09-10T07:26:30.718044+00:00,false,microservices,mysql,e7a08879ce0cca9067650f7cae7fe1181027f96811e24585c71a0234ef956f27,tcc-microservices-experiment-mysql-1,28.73,534354330,1073741824,49.77,40,18.2MB / 54.1MB,46.3MB / 121MB
40,2026-09-10T07:26:31.099039+00:00,81,2026-09-10T07:26:30.718044+00:00,false,microservices,order,2ec70ae6f80e6f26f6aafd1e740a827589d39b41d7060590c48f7c7e23e21c82,tcc-microservices-experiment-order-1,81.85,82543903,1073741824,7.69,3,64MB / 58MB,7.09MB / 77.8kB
40,2026-09-10T07:26:31.099039+00:00,81,2026-09-10T07:26:30.718044+00:00,false,microservices,product,c2194a2c256149d71286160aeba0411f40a6df44c92c07c23c34d18f5e639653,tcc-microservices-experiment-product-1,0.02,78601257,1073741824,7.32,3,417kB / 282kB,3.76MB / 81.9kB
41,2026-09-10T07:26:32.099021+00:00,83,2026-09-10T07:26:31.718129+00:00,false,microservices,auth,75d289a90ab7d3625976be146cf4ee797879517b22846515fe2ed0d3d65402c6,tcc-microservices-experiment-auth-1,0.02,79209431,1073741824,7.38,3,45.4kB / 40.3kB,4.25MB / 65.5kB
41,2026-09-10T07:26:32.099021+00:00,83,2026-09-10T07:26:31.718129+00:00,false,microservices,gateway,a3507f6b6e8707b4d8bef693406731bedc1351fc0c65693c91ed034b8f121cb2,tcc-microservices-experiment-gateway-1,41.39,477416653,536870912,88.93,75,46.7MB / 51.7MB,34.6MB / 209kB
41,2026-09-10T07:26:32.099021+00:00,83,2026-09-10T07:26:31.718129+00:00,false,microservices,mysql,e7a08879ce0cca9067650f7cae7fe1181027f96811e24585c71a0234ef956f27,tcc-microservices-experiment-mysql-1,24.29,534564045,1073741824,49.78,40,18.4MB / 54.9MB,46.3MB / 121MB
41,2026-09-10T07:26:32.099021+00:00,83,2026-09-10T07:26:31.718129+00:00,false,microservices,order,2ec70ae6f80e6f26f6aafd1e740a827589d39b41d7060590c48f7c7e23e21c82,tcc-microservices-experiment-order-1,81.13,82868961,1073741824,7.72,3,64.9MB / 58.8MB,7.09MB / 77.8kB
41,2026-09-10T07:26:32.099021+00:00,83,2026-09-10T07:26:31.718129+00:00,false,microservices,product,c2194a2c256149d71286160aeba0411f40a6df44c92c07c23c34d18f5e639653,tcc-microservices-experiment-product-1,0.02,78601257,1073741824,7.32,3,417kB / 282kB,3.76MB / 81.9kB
42,2026-09-10T07:26:33.099012+00:00,85,2026-09-10T07:26:32.718322+00:00,false,microservices,auth,75d289a90ab7d3625976be146cf4ee797879517b22846515fe2ed0d3d65402c6,tcc-microservices-experiment-auth-1,0.02,79209431,1073741824,7.38,3,45.4kB / 40.3kB,4.25MB / 65.5kB
42,2026-09-10T07:26:33.099012+00:00,85,2026-09-10T07:26:32.718322+00:00,false,microservices,gateway,a3507f6b6e8707b4d8bef693406731bedc1351fc0c65693c91ed034b8f121cb2,tcc-microservices-experiment-gateway-1,41.68,477416653,536870912,88.92,75,47.4MB / 52.5MB,34.6MB / 209kB
42,2026-09-10T07:26:33.099012+00:00,85,2026-09-10T07:26:32.718322+00:00,false,microservices,mysql,e7a08879ce0cca9067650f7cae7fe1181027f96811e24585c71a0234ef956f27,tcc-microservices-experiment-mysql-1,28.93,534983475,1073741824,49.82,40,18.6MB / 55.6MB,46.3MB / 121MB
42,2026-09-10T07:26:33.099012+00:00,85,2026-09-10T07:26:32.718322+00:00,false,microservices,order,2ec70ae6f80e6f26f6aafd1e740a827589d39b41d7060590c48f7c7e23e21c82,tcc-microservices-experiment-order-1,81.59,82827018,1073741824,7.71,3,65.9MB / 59.7MB,7.09MB / 77.8kB
42,2026-09-10T07:26:33.099012+00:00,85,2026-09-10T07:26:32.718322+00:00,false,microservices,product,c2194a2c256149d71286160aeba0411f40a6df44c92c07c23c34d18f5e639653,tcc-microservices-experiment-product-1,0.02,78601257,1073741824,7.32,3,417kB / 282kB,3.76MB / 81.9kB
43,2026-09-10T07:26:34.099023+00:00,87,2026-09-10T07:26:33.718066+00:00,false,microservices,auth,75d289a90ab7d3625976be146cf4ee797879517b22846515fe2ed0d3d65402c6,tcc-microservices-experiment-auth-1,0.02,79209431,1073741824,7.38,3,45.4kB / 40.3kB,4.25MB / 65.5kB
43,2026-09-10T07:26:34.099023+00:00,87,2026-09-10T07:26:33.718066+00:00,false,microservices,gateway,a3507f6b6e8707b4d8bef693406731bedc1351fc0c65693c91ed034b8f121cb2,tcc-microservices-experiment-gateway-1,49.1,478150656,536870912,89.07,75,48.1MB / 53.3MB,34.6MB / 209kB
43,2026-09-10T07:26:34.099023+00:00,87,2026-09-10T07:26:33.718066+00:00,false,microservices,mysql,e7a08879ce0cca9067650f7cae7fe1181027f96811e24585c71a0234ef956f27,tcc-microservices-experiment-mysql-1,25.1,534249472,1073741824,49.75,40,18.8MB / 56.4MB,46.3MB / 121MB
43,2026-09-10T07:26:34.099023+00:00,87,2026-09-10T07:26:33.718066+00:00,false,microservices,order,2ec70ae6f80e6f26f6aafd1e740a827589d39b41d7060590c48f7c7e23e21c82,tcc-microservices-experiment-order-1,81.53,83099648,1073741824,7.74,3,66.8MB / 60.5MB,7.09MB / 77.8kB
43,2026-09-10T07:26:34.099023+00:00,87,2026-09-10T07:26:33.718066+00:00,false,microservices,product,c2194a2c256149d71286160aeba0411f40a6df44c92c07c23c34d18f5e639653,tcc-microservices-experiment-product-1,0.02,78601257,1073741824,7.32,3,417kB / 282kB,3.76MB / 81.9kB
44,2026-09-10T07:26:35.099021+00:00,89,2026-09-10T07:26:34.718315+00:00,false,microservices,auth,75d289a90ab7d3625976be146cf4ee797879517b22846515fe2ed0d3d65402c6,tcc-microservices-experiment-auth-1,0.02,79209431,1073741824,7.38,3,45.4kB / 40.3kB,4.25MB / 65.5kB
44,2026-09-10T07:26:35.099021+00:00,89,2026-09-10T07:26:34.718315+00:00,false,microservices,gateway,a3507f6b6e8707b4d8bef693406731bedc1351fc0c65693c91ed034b8f121cb2,tcc-microservices-experiment-gateway-1,27.91,477521510,536870912,88.95,75,48.8MB / 54.1MB,34.6MB / 209kB
44,2026-09-10T07:26:35.099021+00:00,89,2026-09-10T07:26:34.718315+00:00,false,microservices,mysql,e7a08879ce0cca9067650f7cae7fe1181027f96811e24585c71a0234ef956f27,tcc-microservices-experiment-mysql-1,28.43,535507763,1073741824,49.87,40,19.1MB / 57.1MB,46.3MB / 121MB
44,2026-09-10T07:26:35.099021+00:00,89,2026-09-10T07:26:34.718315+00:00,false,microservices,order,2ec70ae6f80e6f26f6aafd1e740a827589d39b41d7060590c48f7c7e23e21c82,tcc-microservices-experiment-order-1,81.39,82407588,1073741824,7.67,3,67.7MB / 61.4MB,7.09MB / 77.8kB
44,2026-09-10T07:26:35.099021+00:00,89,2026-09-10T07:26:34.718315+00:00,false,microservices,product,c2194a2c256149d71286160aeba0411f40a6df44c92c07c23c34d18f5e639653,tcc-microservices-experiment-product-1,0.02,78601257,1073741824,7.32,3,417kB / 282kB,3.76MB / 81.9kB
45,2026-09-10T07:26:36.099016+00:00,91,2026-09-10T07:26:35.718473+00:00,false,microservices,auth,75d289a90ab7d3625976be146cf4ee797879517b22846515fe2ed0d3d65402c6,tcc-microservices-experiment-auth-1,0.02,79209431,1073741824,7.38,3,45.4kB / 40.3kB,4.25MB / 65.5kB
45,2026-09-10T07:26:36.099016+00:00,91,2026-09-10T07:26:35.718473+00:00,false,microservices,gateway,a3507f6b6e8707b4d8bef693406731bedc1351fc0c65693c91ed034b8f121cb2,tcc-microservices-experiment-gateway-1,27.83,477311795,536870912,88.9,75,49.6MB / 54.9MB,34.6MB / 209kB
45,2026-09-10T07:26:36.099016+00:00,91,2026-09-10T07:26:35.718473+00:00,false,microservices,mysql,e7a08879ce0cca9067650f7cae7fe1181027f96811e24585c71a0234ef956f27,tcc-microservices-experiment-mysql-1,24.76,534668902,1073741824,49.8,40,19.3MB / 57.9MB,46.3MB / 121MB
45,2026-09-10T07:26:36.099016+00:00,91,2026-09-10T07:26:35.718473+00:00,false,microservices,order,2ec70ae6f80e6f26f6aafd1e740a827589d39b41d7060590c48f7c7e23e21c82,tcc-microservices-experiment-order-1,80.99,83047219,1073741824,7.73,3,68.6MB / 62.2MB,7.09MB / 77.8kB
45,2026-09-10T07:26:36.099016+00:00,91,2026-09-10T07:26:35.718473+00:00,false,microservices,product,c2194a2c256149d71286160aeba0411f40a6df44c92c07c23c34d18f5e639653,tcc-microservices-experiment-product-1,0.02,78601257,1073741824,7.32,3,417kB / 282kB,3.76MB / 81.9kB
46,2026-09-10T07:26:37.099035+00:00,93,2026-09-10T07:26:36.718407+00:00,false,microservices,auth,75d289a90ab7d3625976be146cf4ee797879517b22846515fe2ed0d3d65402c6,tcc-microservices-experiment-auth-1,0.02,79209431,1073741824,7.38,3,45.4kB / 40.3kB,4.25MB / 65.5kB
46,2026-09-10T07:26:37.099035+00:00,93,2026-09-10T07:26:36.718407+00:00,false,microservices,gateway,a3507f6b6e8707b4d8bef693406731bedc1351fc0c65693c91ed034b8f121cb2,tcc-microservices-experiment-gateway-1,27.55,477626368,536870912,88.96,75,50.3MB / 55.7MB,34.6MB / 209kB
46,2026-09-10T07:26:37.099035+00:00,93,2026-09-10T07:26:36.718407+00:00,false,microservices,mysql,e7a08879ce0cca9067650f7cae7fe1181027f96811e24585c71a0234ef956f27,tcc-microservices-experiment-mysql-1,28.74,534564045,1073741824,49.78,40,19.5MB / 58.7MB,46.3MB / 121MB
46,2026-09-10T07:26:37.099035+00:00,93,2026-09-10T07:26:36.718407+00:00,false,microservices,order,2ec70ae6f80e6f26f6aafd1e740a827589d39b41d7060590c48f7c7e23e21c82,tcc-microservices-experiment-order-1,82.39,83057705,1073741824,7.74,3,69.6MB / 63.1MB,7.09MB / 77.8kB
46,2026-09-10T07:26:37.099035+00:00,93,2026-09-10T07:26:36.718407+00:00,false,microservices,product,c2194a2c256149d71286160aeba0411f40a6df44c92c07c23c34d18f5e639653,tcc-microservices-experiment-product-1,0.02,78601257,1073741824,7.32,3,417kB / 282kB,3.76MB / 81.9kB
47,2026-09-10T07:26:38.099047+00:00,95,2026-09-10T07:26:37.718536+00:00,false,microservices,auth,75d289a90ab7d3625976be146cf4ee797879517b22846515fe2ed0d3d65402c6,tcc-microservices-experiment-auth-1,0.02,79209431,1073741824,7.38,3,45.4kB / 40.3kB,4.25MB / 65.5kB
47,2026-09-10T07:26:38.099047+00:00,95,2026-09-10T07:26:37.718536+00:00,false,microservices,gateway,a3507f6b6e8707b4d8bef693406731bedc1351fc0c65693c91ed034b8f121cb2,tcc-microservices-experiment-gateway-1,27.71,477626368,536870912,88.97,75,51MB / 56.6MB,34.6MB / 209kB
47,2026-09-10T07:26:38.099047+00:00,95,2026-09-10T07:26:37.718536+00:00,false,microservices,mysql,e7a08879ce0cca9067650f7cae7fe1181027f96811e24585c71a0234ef956f27,tcc-microservices-experiment-mysql-1,24.54,534249472,1073741824,49.76,40,19.7MB / 59.4MB,46.3MB / 121MB
47,2026-09-10T07:26:38.099047+00:00,95,2026-09-10T07:26:37.718536+00:00,false,microservices,order,2ec70ae6f80e6f26f6aafd1e740a827589d39b41d7060590c48f7c7e23e21c82,tcc-microservices-experiment-order-1,81.57,83267420,1073741824,7.75,3,70.5MB / 64MB,7.09MB / 77.8kB
47,2026-09-10T07:26:38.099047+00:00,95,2026-09-10T07:26:37.718536+00:00,false,microservices,product,c2194a2c256149d71286160aeba0411f40a6df44c92c07c23c34d18f5e639653,tcc-microservices-experiment-product-1,0.02,78601257,1073741824,7.32,3,417kB / 282kB,3.76MB / 81.9kB
48,2026-09-10T07:26:39.099021+00:00,97,2026-09-10T07:26:38.717989+00:00,false,microservices,auth,75d289a90ab7d3625976be146cf4ee797879517b22846515fe2ed0d3d65402c6,tcc-microservices-experiment-auth-1,0.02,79209431,1073741824,7.38,3,45.4kB / 40.3kB,4.25MB / 65.5kB
48,2026-09-10T07:26:39.099021+00:00,97,2026-09-10T07:26:38.717989+00:00,false,microservices,gateway,a3507f6b6e8707b4d8bef693406731bedc1351fc0c65693c91ed034b8f121cb2,tcc-microservices-experiment-gateway-1,28.25,477731226,536870912,88.99,75,51.7MB / 57.4MB,34.6MB / 209kB
48,2026-09-10T07:26:39.099021+00:00,97,2026-09-10T07:26:38.717989+00:00,false,microservices,mysql,e7a08879ce0cca9067650f7cae7fe1181027f96811e24585c71a0234ef956f27,tcc-microservices-experiment-mysql-1,28.99,534983475,1073741824,49.83,40,19.9MB / 60.2MB,46.3MB / 121MB
48,2026-09-10T07:26:39.099021+00:00,97,2026-09-10T07:26:38.717989+00:00,false,microservices,order,2ec70ae6f80e6f26f6aafd1e740a827589d39b41d7060590c48f7c7e23e21c82,tcc-microservices-experiment-order-1,82.28,83435192,1073741824,7.77,3,71.4MB / 64.8MB,7.09MB / 77.8kB
48,2026-09-10T07:26:39.099021+00:00,97,2026-09-10T07:26:38.717989+00:00,false,microservices,product,c2194a2c256149d71286160aeba0411f40a6df44c92c07c23c34d18f5e639653,tcc-microservices-experiment-product-1,0.02,78601257,1073741824,7.32,3,417kB / 282kB,3.76MB / 81.9kB
49,2026-09-10T07:26:40.099013+00:00,99,2026-09-10T07:26:39.718765+00:00,false,microservices,auth,75d289a90ab7d3625976be146cf4ee797879517b22846515fe2ed0d3d65402c6,tcc-microservices-experiment-auth-1,0.02,79209431,1073741824,7.38,3,45.4kB / 40.3kB,4.25MB / 65.5kB
49,2026-09-10T07:26:40.099013+00:00,99,2026-09-10T07:26:39.718765+00:00,false,microservices,gateway,a3507f6b6e8707b4d8bef693406731bedc1351fc0c65693c91ed034b8f121cb2,tcc-microservices-experiment-gateway-1,31.48,477940941,536870912,89.03,75,52.5MB / 58.2MB,34.6MB / 209kB
49,2026-09-10T07:26:40.099013+00:00,99,2026-09-10T07:26:39.718765+00:00,false,microservices,mysql,e7a08879ce0cca9067650f7cae7fe1181027f96811e24585c71a0234ef956f27,tcc-microservices-experiment-mysql-1,24.6,535193190,1073741824,49.84,40,20.1MB / 61MB,46.3MB / 121MB
49,2026-09-10T07:26:40.099013+00:00,99,2026-09-10T07:26:39.718765+00:00,false,microservices,order,2ec70ae6f80e6f26f6aafd1e740a827589d39b41d7060590c48f7c7e23e21c82,tcc-microservices-experiment-order-1,82.15,82879447,1073741824,7.72,3,72.4MB / 65.7MB,7.09MB / 77.8kB
49,2026-09-10T07:26:40.099013+00:00,99,2026-09-10T07:26:39.718765+00:00,false,microservices,product,c2194a2c256149d71286160aeba0411f40a6df44c92c07c23c34d18f5e639653,tcc-microservices-experiment-product-1,0.02,78601257,1073741824,7.32,3,417kB / 282kB,3.76MB / 81.9kB
50,2026-09-10T07:26:41.099040+00:00,101,2026-09-10T07:26:40.717903+00:00,false,microservices,auth,75d289a90ab7d3625976be146cf4ee797879517b22846515fe2ed0d3d65402c6,tcc-microservices-experiment-auth-1,0.02,79209431,1073741824,7.38,3,45.4kB / 40.3kB,4.25MB / 65.5kB
50,2026-09-10T07:26:41.099040+00:00,101,2026-09-10T07:26:40.717903+00:00,false,microservices,gateway,a3507f6b6e8707b4d8bef693406731bedc1351fc0c65693c91ed034b8f121cb2,tcc-microservices-experiment-gateway-1,32.2,477836083,536870912,89.01,75,53.2MB / 59MB,34.6MB / 209kB
50,2026-09-10T07:26:41.099040+00:00,101,2026-09-10T07:26:40.717903+00:00,false,microservices,mysql,e7a08879ce0cca9067650f7cae7fe1181027f96811e24585c71a0234ef956f27,tcc-microservices-experiment-mysql-1,28.57,534564045,1073741824,49.78,40,20.4MB / 61.7MB,46.3MB / 121MB
50,2026-09-10T07:26:41.099040+00:00,101,2026-09-10T07:26:40.717903+00:00,false,microservices,order,2ec70ae6f80e6f26f6aafd1e740a827589d39b41d7060590c48f7c7e23e21c82,tcc-microservices-experiment-order-1,82.18,83099648,1073741824,7.74,3,73.3MB / 66.5MB,7.09MB / 77.8kB
50,2026-09-10T07:26:41.099040+00:00,101,2026-09-10T07:26:40.717903+00:00,false,microservices,product,c2194a2c256149d71286160aeba0411f40a6df44c92c07c23c34d18f5e639653,tcc-microservices-experiment-product-1,0.02,78601257,1073741824,7.32,3,417kB / 282kB,3.76MB / 81.9kB
51,2026-09-10T07:26:42.099017+00:00,103,2026-09-10T07:26:41.718532+00:00,false,microservices,auth,75d289a90ab7d3625976be146cf4ee797879517b22846515fe2ed0d3d65402c6,tcc-microservices-experiment-auth-1,0.02,79209431,1073741824,7.38,3,45.5kB / 40.3kB,4.25MB / 65.5kB
51,2026-09-10T07:26:42.099017+00:00,103,2026-09-10T07:26:41.718532+00:00,false,microservices,gateway,a3507f6b6e8707b4d8bef693406731bedc1351fc0c65693c91ed034b8f121cb2,tcc-microservices-experiment-gateway-1,61.82,478360371,536870912,89.11,75,53.9MB / 59.8MB,34.6MB / 221kB
51,2026-09-10T07:26:42.099017+00:00,103,2026-09-10T07:26:41.718532+00:00,false,microservices,mysql,e7a08879ce0cca9067650f7cae7fe1181027f96811e24585c71a0234ef956f27,tcc-microservices-experiment-mysql-1,25.04,534144614,1073741824,49.74,40,20.6MB / 62.5MB,46.3MB / 121MB
51,2026-09-10T07:26:42.099017+00:00,103,2026-09-10T07:26:41.718532+00:00,false,microservices,order,2ec70ae6f80e6f26f6aafd1e740a827589d39b41d7060590c48f7c7e23e21c82,tcc-microservices-experiment-order-1,81.11,83592479,1073741824,7.79,3,74.2MB / 67.4MB,7.09MB / 77.8kB
51,2026-09-10T07:26:42.099017+00:00,103,2026-09-10T07:26:41.718532+00:00,false,microservices,product,c2194a2c256149d71286160aeba0411f40a6df44c92c07c23c34d18f5e639653,tcc-microservices-experiment-product-1,0.02,78601257,1073741824,7.32,3,417kB / 282kB,3.76MB / 81.9kB
52,2026-09-10T07:26:43.099020+00:00,105,2026-09-10T07:26:42.718465+00:00,false,microservices,auth,75d289a90ab7d3625976be146cf4ee797879517b22846515fe2ed0d3d65402c6,tcc-microservices-experiment-auth-1,0.02,79209431,1073741824,7.38,3,45.5kB / 40.3kB,4.25MB / 65.5kB
52,2026-09-10T07:26:43.099020+00:00,105,2026-09-10T07:26:42.718465+00:00,false,microservices,gateway,a3507f6b6e8707b4d8bef693406731bedc1351fc0c65693c91ed034b8f121cb2,tcc-microservices-experiment-gateway-1,27.01,478150656,536870912,89.06,75,54.6MB / 60.6MB,34.6MB / 221kB
52,2026-09-10T07:26:43.099020+00:00,105,2026-09-10T07:26:42.718465+00:00,false,microservices,mysql,e7a08879ce0cca9067650f7cae7fe1181027f96811e24585c71a0234ef956f27,tcc-microservices-experiment-mysql-1,29.53,534039757,1073741824,49.74,40,20.8MB / 63.3MB,46.3MB / 121MB
52,2026-09-10T07:26:43.099020+00:00,105,2026-09-10T07:26:42.718465+00:00,false,microservices,order,2ec70ae6f80e6f26f6aafd1e740a827589d39b41d7060590c48f7c7e23e21c82,tcc-microservices-experiment-order-1,82.25,82564874,1073741824,7.69,3,75.1MB / 68.2MB,7.09MB / 77.8kB
52,2026-09-10T07:26:43.099020+00:00,105,2026-09-10T07:26:42.718465+00:00,false,microservices,product,c2194a2c256149d71286160aeba0411f40a6df44c92c07c23c34d18f5e639653,tcc-microservices-experiment-product-1,0.01,78601257,1073741824,7.32,3,417kB / 282kB,3.76MB / 81.9kB
53,2026-09-10T07:26:44.099039+00:00,107,2026-09-10T07:26:43.718447+00:00,false,microservices,auth,75d289a90ab7d3625976be146cf4ee797879517b22846515fe2ed0d3d65402c6,tcc-microservices-experiment-auth-1,0.02,79209431,1073741824,7.38,3,45.5kB / 40.3kB,4.25MB / 65.5kB
53,2026-09-10T07:26:44.099039+00:00,107,2026-09-10T07:26:43.718447+00:00,false,microservices,gateway,a3507f6b6e8707b4d8bef693406731bedc1351fc0c65693c91ed034b8f121cb2,tcc-microservices-experiment-gateway-1,32.62,478360371,536870912,89.1,75,55.4MB / 61.4MB,34.6MB / 221kB
53,2026-09-10T07:26:44.099039+00:00,107,2026-09-10T07:26:43.718447+00:00,false,microservices,mysql,e7a08879ce0cca9067650f7cae7fe1181027f96811e24585c71a0234ef956f27,tcc-microservices-experiment-mysql-1,24.99,534878618,1073741824,49.82,40,21MB / 64MB,46.3MB / 121MB
53,2026-09-10T07:26:44.099039+00:00,107,2026-09-10T07:26:43.718447+00:00,false,microservices,order,2ec70ae6f80e6f26f6aafd1e740a827589d39b41d7060590c48f7c7e23e21c82,tcc-microservices-experiment-order-1,81.1,82743132,1073741824,7.71,3,76.1MB / 69.1MB,7.09MB / 77.8kB
53,2026-09-10T07:26:44.099039+00:00,107,2026-09-10T07:26:43.718447+00:00,false,microservices,product,c2194a2c256149d71286160aeba0411f40a6df44c92c07c23c34d18f5e639653,tcc-microservices-experiment-product-1,0.02,78601257,1073741824,7.32,3,417kB / 282kB,3.76MB / 81.9kB
54,2026-09-10T07:26:45.099021+00:00,109,2026-09-10T07:26:44.718415+00:00,false,microservices,auth,75d289a90ab7d3625976be146cf4ee797879517b22846515fe2ed0d3d65402c6,tcc-microservices-experiment-auth-1,0.02,79209431,1073741824,7.38,3,45.6kB / 40.3kB,4.25MB / 65.5kB
54,2026-09-10T07:26:45.099021+00:00,109,2026-09-10T07:26:44.718415+00:00,false,microservices,gateway,a3507f6b6e8707b4d8bef693406731bedc1351fc0c65693c91ed034b8f121cb2,tcc-microservices-experiment-gateway-1,26.74,478150656,536870912,89.06,75,56.1MB / 62.2MB,34.6MB / 221kB
54,2026-09-10T07:26:45.099021+00:00,109,2026-09-10T07:26:44.718415+00:00,false,microservices,mysql,e7a08879ce0cca9067650f7cae7fe1181027f96811e24585c71a0234ef956f27,tcc-microservices-experiment-mysql-1,28.4,534773760,1073741824,49.81,40,21.2MB / 64.8MB,46.3MB / 121MB
54,2026-09-10T07:26:45.099021+00:00,109,2026-09-10T07:26:44.718415+00:00,false,microservices,order,2ec70ae6f80e6f26f6aafd1e740a827589d39b41d7060590c48f7c7e23e21c82,tcc-microservices-experiment-order-1,82.18,83099648,1073741824,7.74,3,77MB / 69.9MB,7.09MB / 77.8kB
54,2026-09-10T07:26:45.099021+00:00,109,2026-09-10T07:26:44.718415+00:00,false,microservices,product,c2194a2c256149d71286160aeba0411f40a6df44c92c07c23c34d18f5e639653,tcc-microservices-experiment-product-1,0.02,78601257,1073741824,7.32,3,417kB / 282kB,3.76MB / 81.9kB
55,2026-09-10T07:26:46.099037+00:00,111,2026-09-10T07:26:45.718674+00:00,false,microservices,auth,75d289a90ab7d3625976be146cf4ee797879517b22846515fe2ed0d3d65402c6,tcc-microservices-experiment-auth-1,0.02,79209431,1073741824,7.38,3,45.6kB / 40.3kB,4.25MB / 65.5kB
55,2026-09-10T07:26:46.099037+00:00,111,2026-09-10T07:26:45.718674+00:00,false,microservices,gateway,a3507f6b6e8707b4d8bef693406731bedc1351fc0c65693c91ed034b8f121cb2,tcc-microservices-experiment-gateway-1,26.66,477836083,536870912,89.01,75,56.8MB / 63MB,34.6MB / 221kB
55,2026-09-10T07:26:46.099037+00:00,111,2026-09-10T07:26:45.718674+00:00,false,microservices,mysql,e7a08879ce0cca9067650f7cae7fe1181027f96811e24585c71a0234ef956f27,tcc-microservices-experiment-mysql-1,25.65,534459187,1073741824,49.77,40,21.5MB / 65.6MB,46.3MB / 121MB
55,2026-09-10T07:26:46.099037+00:00,111,2026-09-10T07:26:45.718674+00:00,false,microservices,order,2ec70ae6f80e6f26f6aafd1e740a827589d39b41d7060590c48f7c7e23e21c82,tcc-microservices-experiment-order-1,80.11,83382764,1073741824,7.77,3,77.9MB / 70.8MB,7.09MB / 77.8kB
55,2026-09-10T07:26:46.099037+00:00,111,2026-09-10T07:26:45.718674+00:00,false,microservices,product,c2194a2c256149d71286160aeba0411f40a6df44c92c07c23c34d18f5e639653,tcc-microservices-experiment-product-1,0.02,78601257,1073741824,7.32,3,417kB / 282kB,3.76MB / 81.9kB
56,2026-09-10T07:26:47.099020+00:00,113,2026-09-10T07:26:46.717704+00:00,false,microservices,auth,75d289a90ab7d3625976be146cf4ee797879517b22846515fe2ed0d3d65402c6,tcc-microservices-experiment-auth-1,0.02,79209431,1073741824,7.38,3,45.7kB / 40.3kB,4.25MB / 65.5kB
56,2026-09-10T07:26:47.099020+00:00,113,2026-09-10T07:26:46.717704+00:00,false,microservices,gateway,a3507f6b6e8707b4d8bef693406731bedc1351fc0c65693c91ed034b8f121cb2,tcc-microservices-experiment-gateway-1,26.84,477731226,536870912,88.98,75,57.6MB / 63.8MB,34.6MB / 221kB
56,2026-09-10T07:26:47.099020+00:00,113,2026-09-10T07:26:46.717704+00:00,false,microservices,mysql,e7a08879ce0cca9067650f7cae7fe1181027f96811e24585c71a0234ef956f27,tcc-microservices-experiment-mysql-1,29.21,535193190,1073741824,49.84,40,21.7MB / 66.3MB,46.3MB / 121MB
56,2026-09-10T07:26:47.099020+00:00,113,2026-09-10T07:26:46.717704+00:00,false,microservices,order,2ec70ae6f80e6f26f6aafd1e740a827589d39b41d7060590c48f7c7e23e21c82,tcc-microservices-experiment-order-1,81.01,83718308,1073741824,7.8,3,78.9MB / 71.6MB,7.09MB / 77.8kB
56,2026-09-10T07:26:47.099020+00:00,113,2026-09-10T07:26:46.717704+00:00,false,microservices,product,c2194a2c256149d71286160aeba0411f40a6df44c92c07c23c34d18f5e639653,tcc-microservices-experiment-product-1,0.02,78601257,1073741824,7.32,3,417kB / 282kB,3.76MB / 81.9kB
57,2026-09-10T07:26:48.099020+00:00,115,2026-09-10T07:26:47.717652+00:00,false,microservices,auth,75d289a90ab7d3625976be146cf4ee797879517b22846515fe2ed0d3d65402c6,tcc-microservices-experiment-auth-1,0.02,79209431,1073741824,7.38,3,45.7kB / 40.3kB,4.25MB / 65.5kB
57,2026-09-10T07:26:48.099020+00:00,115,2026-09-10T07:26:47.717652+00:00,false,microservices,gateway,a3507f6b6e8707b4d8bef693406731bedc1351fc0c65693c91ed034b8f121cb2,tcc-microservices-experiment-gateway-1,26.84,477731226,536870912,88.98,75,57.6MB / 63.8MB,34.6MB / 221kB
57,2026-09-10T07:26:48.099020+00:00,115,2026-09-10T07:26:47.717652+00:00,false,microservices,mysql,e7a08879ce0cca9067650f7cae7fe1181027f96811e24585c71a0234ef956f27,tcc-microservices-experiment-mysql-1,24.71,534983475,1073741824,49.82,40,21.9MB / 67.1MB,46.3MB / 121MB
57,2026-09-10T07:26:48.099020+00:00,115,2026-09-10T07:26:47.717652+00:00,false,microservices,order,2ec70ae6f80e6f26f6aafd1e740a827589d39b41d7060590c48f7c7e23e21c82,tcc-microservices-experiment-order-1,81.01,83718308,1073741824,7.8,3,78.9MB / 71.6MB,7.09MB / 77.8kB
57,2026-09-10T07:26:48.099020+00:00,115,2026-09-10T07:26:47.717652+00:00,false,microservices,product,c2194a2c256149d71286160aeba0411f40a6df44c92c07c23c34d18f5e639653,tcc-microservices-experiment-product-1,0.02,78601257,1073741824,7.32,3,417kB / 282kB,3.76MB / 81.9kB
58,2026-09-10T07:26:49.099019+00:00,117,2026-09-10T07:26:48.718063+00:00,false,microservices,auth,75d289a90ab7d3625976be146cf4ee797879517b22846515fe2ed0d3d65402c6,tcc-microservices-experiment-auth-1,0.02,79209431,1073741824,7.38,3,45.7kB / 40.3kB,4.25MB / 65.5kB
58,2026-09-10T07:26:49.099019+00:00,117,2026-09-10T07:26:48.718063+00:00,false,microservices,gateway,a3507f6b6e8707b4d8bef693406731bedc1351fc0c65693c91ed034b8f121cb2,tcc-microservices-experiment-gateway-1,26.85,478255514,536870912,89.08,75,58.3MB / 64.6MB,34.6MB / 221kB
58,2026-09-10T07:26:49.099019+00:00,117,2026-09-10T07:26:48.718063+00:00,false,microservices,mysql,e7a08879ce0cca9067650f7cae7fe1181027f96811e24585c71a0234ef956f27,tcc-microservices-experiment-mysql-1,24.71,534983475,1073741824,49.82,40,21.9MB / 67.1MB,46.3MB / 121MB
58,2026-09-10T07:26:49.099019+00:00,117,2026-09-10T07:26:48.718063+00:00,false,microservices,order,2ec70ae6f80e6f26f6aafd1e740a827589d39b41d7060590c48f7c7e23e21c82,tcc-microservices-experiment-order-1,82.19,83686851,1073741824,7.79,3,79.8MB / 72.5MB,7.09MB / 77.8kB
58,2026-09-10T07:26:49.099019+00:00,117,2026-09-10T07:26:48.718063+00:00,false,microservices,product,c2194a2c256149d71286160aeba0411f40a6df44c92c07c23c34d18f5e639653,tcc-microservices-experiment-product-1,0.02,78601257,1073741824,7.32,3,417kB / 282kB,3.76MB / 81.9kB
59,2026-09-10T07:26:50.099049+00:00,119,2026-09-10T07:26:49.718289+00:00,false,microservices,auth,75d289a90ab7d3625976be146cf4ee797879517b22846515fe2ed0d3d65402c6,tcc-microservices-experiment-auth-1,0.01,79209431,1073741824,7.38,3,45.7kB / 40.3kB,4.25MB / 65.5kB
59,2026-09-10T07:26:50.099049+00:00,119,2026-09-10T07:26:49.718289+00:00,false,microservices,gateway,a3507f6b6e8707b4d8bef693406731bedc1351fc0c65693c91ed034b8f121cb2,tcc-microservices-experiment-gateway-1,31.06,478465229,536870912,89.12,75,59MB / 65.4MB,34.6MB / 221kB
59,2026-09-10T07:26:50.099049+00:00,119,2026-09-10T07:26:49.718289+00:00,false,microservices,mysql,e7a08879ce0cca9067650f7cae7fe1181027f96811e24585c71a0234ef956f27,tcc-microservices-experiment-mysql-1,28.77,534773760,1073741824,49.81,40,22.1MB / 67.9MB,46.3MB / 121MB
59,2026-09-10T07:26:50.099049+00:00,119,2026-09-10T07:26:49.718289+00:00,false,microservices,order,2ec70ae6f80e6f26f6aafd1e740a827589d39b41d7060590c48f7c7e23e21c82,tcc-microservices-experiment-order-1,82.4,83644908,1073741824,7.79,3,80.7MB / 73.4MB,7.09MB / 77.8kB
59,2026-09-10T07:26:50.099049+00:00,119,2026-09-10T07:26:49.718289+00:00,false,microservices,product,c2194a2c256149d71286160aeba0411f40a6df44c92c07c23c34d18f5e639653,tcc-microservices-experiment-product-1,0.02,78601257,1073741824,7.32,3,417kB / 282kB,3.76MB / 81.9kB
60,2026-09-10T07:26:51.099043+00:00,121,2026-09-10T07:26:50.719255+00:00,false,microservices,auth,75d289a90ab7d3625976be146cf4ee797879517b22846515fe2ed0d3d65402c6,tcc-microservices-experiment-auth-1,0.02,79209431,1073741824,7.38,3,45.7kB / 40.3kB,4.25MB / 65.5kB
60,2026-09-10T07:26:51.099043+00:00,121,2026-09-10T07:26:50.719255+00:00,false,microservices,gateway,a3507f6b6e8707b4d8bef693406731bedc1351fc0c65693c91ed034b8f121cb2,tcc-microservices-experiment-gateway-1,27.79,478150656,536870912,89.07,75,59.8MB / 66.2MB,34.6MB / 221kB
60,2026-09-10T07:26:51.099043+00:00,121,2026-09-10T07:26:50.719255+00:00,false,microservices,mysql,e7a08879ce0cca9067650f7cae7fe1181027f96811e24585c71a0234ef956f27,tcc-microservices-experiment-mysql-1,24.1,534668902,1073741824,49.8,40,22.3MB / 68.6MB,46.3MB / 121MB
60,2026-09-10T07:26:51.099043+00:00,121,2026-09-10T07:26:50.719255+00:00,false,microservices,order,2ec70ae6f80e6f26f6aafd1e740a827589d39b41d7060590c48f7c7e23e21c82,tcc-microservices-experiment-order-1,82.52,84074824,1073741824,7.83,3,81.7MB / 74.2MB,7.09MB / 77.8kB
60,2026-09-10T07:26:51.099043+00:00,121,2026-09-10T07:26:50.719255+00:00,false,microservices,product,c2194a2c256149d71286160aeba0411f40a6df44c92c07c23c34d18f5e639653,tcc-microservices-experiment-product-1,0.02,78601257,1073741824,7.32,3,417kB / 282kB,3.76MB / 81.9kB
61,2026-09-10T07:26:52.099046+00:00,123,2026-09-10T07:26:51.719460+00:00,false,microservices,auth,75d289a90ab7d3625976be146cf4ee797879517b22846515fe2ed0d3d65402c6,tcc-microservices-experiment-auth-1,0.02,79209431,1073741824,7.38,3,45.7kB / 40.3kB,4.25MB / 65.5kB
61,2026-09-10T07:26:52.099046+00:00,123,2026-09-10T07:26:51.719460+00:00,false,microservices,gateway,a3507f6b6e8707b4d8bef693406731bedc1351fc0c65693c91ed034b8f121cb2,tcc-microservices-experiment-gateway-1,70.2,478674944,536870912,89.17,75,60.5MB / 67MB,34.6MB / 221kB
61,2026-09-10T07:26:52.099046+00:00,123,2026-09-10T07:26:51.719460+00:00,false,microservices,mysql,e7a08879ce0cca9067650f7cae7fe1181027f96811e24585c71a0234ef956f27,tcc-microservices-experiment-mysql-1,29.0,534459187,1073741824,49.78,40,22.5MB / 69.4MB,46.3MB / 121MB
61,2026-09-10T07:26:52.099046+00:00,123,2026-09-10T07:26:51.719460+00:00,false,microservices,order,2ec70ae6f80e6f26f6aafd1e740a827589d39b41d7060590c48f7c7e23e21c82,tcc-microservices-experiment-order-1,82.33,84389396,1073741824,7.86,3,82.6MB / 75MB,7.09MB / 77.8kB
61,2026-09-10T07:26:52.099046+00:00,123,2026-09-10T07:26:51.719460+00:00,false,microservices,product,c2194a2c256149d71286160aeba0411f40a6df44c92c07c23c34d18f5e639653,tcc-microservices-experiment-product-1,0.02,78601257,1073741824,7.32,3,417kB / 282kB,3.76MB / 81.9kB
62,2026-09-10T07:26:53.099040+00:00,125,2026-09-10T07:26:52.718337+00:00,false,microservices,auth,75d289a90ab7d3625976be146cf4ee797879517b22846515fe2ed0d3d65402c6,tcc-microservices-experiment-auth-1,0.02,79209431,1073741824,7.38,3,45.7kB / 40.3kB,4.25MB / 65.5kB
62,2026-09-10T07:26:53.099040+00:00,125,2026-09-10T07:26:52.718337+00:00,false,microservices,gateway,a3507f6b6e8707b4d8bef693406731bedc1351fc0c65693c91ed034b8f121cb2,tcc-microservices-experiment-gateway-1,26.59,478989517,536870912,89.22,75,61.2MB / 67.8MB,34.6MB / 221kB
62,2026-09-10T07:26:53.099040+00:00,125,2026-09-10T07:26:52.718337+00:00,false,microservices,mysql,e7a08879ce0cca9067650f7cae7fe1181027f96811e24585c71a0234ef956f27,tcc-microservices-experiment-mysql-1,25.45,534564045,1073741824,49.78,40,22.8MB / 70.2MB,46.3MB / 121MB
62,2026-09-10T07:26:53.099040+00:00,125,2026-09-10T07:26:52.718337+00:00,false,microservices,order,2ec70ae6f80e6f26f6aafd1e740a827589d39b41d7060590c48f7c7e23e21c82,tcc-microservices-experiment-order-1,80.83,83424707,1073741824,7.77,3,83.5MB / 75.9MB,7.09MB / 77.8kB
62,2026-09-10T07:26:53.099040+00:00,125,2026-09-10T07:26:52.718337+00:00,false,microservices,product,c2194a2c256149d71286160aeba0411f40a6df44c92c07c23c34d18f5e639653,tcc-microservices-experiment-product-1,0.02,78601257,1073741824,7.32,3,417kB / 282kB,3.76MB / 81.9kB
63,2026-09-10T07:26:54.099011+00:00,127,2026-09-10T07:26:53.719923+00:00,false,microservices,auth,75d289a90ab7d3625976be146cf4ee797879517b22846515fe2ed0d3d65402c6,tcc-microservices-experiment-auth-1,0.02,79209431,1073741824,7.38,3,45.7kB / 40.3kB,4.25MB / 65.5kB
63,2026-09-10T07:26:54.099011+00:00,127,2026-09-10T07:26:53.719923+00:00,false,microservices,gateway,a3507f6b6e8707b4d8bef693406731bedc1351fc0c65693c91ed034b8f121cb2,tcc-microservices-experiment-gateway-1,26.19,478360371,536870912,89.11,75,61.9MB / 68.6MB,34.6MB / 221kB
63,2026-09-10T07:26:54.099011+00:00,127,2026-09-10T07:26:53.719923+00:00,false,microservices,mysql,e7a08879ce0cca9067650f7cae7fe1181027f96811e24585c71a0234ef956f27,tcc-microservices-experiment-mysql-1,29.29,534668902,1073741824,49.79,40,23MB / 70.9MB,46.3MB / 121MB
63,2026-09-10T07:26:54.099011+00:00,127,2026-09-10T07:26:53.719923+00:00,false,microservices,order,2ec70ae6f80e6f26f6aafd1e740a827589d39b41d7060590c48f7c7e23e21c82,tcc-microservices-experiment-order-1,81.98,82239816,1073741824,7.66,3,84.5MB / 76.8MB,7.09MB / 77.8kB
63,2026-09-10T07:26:54.099011+00:00,127,2026-09-10T07:26:53.719923+00:00,false,microservices,product,c2194a2c256149d71286160aeba0411f40a6df44c92c07c23c34d18f5e639653,tcc-microservices-experiment-product-1,0.02,78601257,1073741824,7.32,3,417kB / 282kB,3.76MB / 81.9kB
64,2026-09-10T07:26:55.099028+00:00,129,2026-09-10T07:26:54.718236+00:00,false,microservices,auth,75d289a90ab7d3625976be146cf4ee797879517b22846515fe2ed0d3d65402c6,tcc-microservices-experiment-auth-1,0.02,79209431,1073741824,7.38,3,45.7kB / 40.3kB,4.25MB / 65.5kB
64,2026-09-10T07:26:55.099028+00:00,129,2026-09-10T07:26:54.718236+00:00,false,microservices,gateway,a3507f6b6e8707b4d8bef693406731bedc1351fc0c65693c91ed034b8f121cb2,tcc-microservices-experiment-gateway-1,31.26,478570086,536870912,89.14,75,62.7MB / 69.5MB,34.6MB / 221kB
64,2026-09-10T07:26:55.099028+00:00,129,2026-09-10T07:26:54.718236+00:00,false,microservices,mysql,e7a08879ce0cca9067650f7cae7fe1181027f96811e24585c71a0234ef956f27,tcc-microservices-experiment-mysql-1,26.21,534039757,1073741824,49.73,40,23.2MB / 71.7MB,46.3MB / 121MB
64,2026-09-10T07:26:55.099028+00:00,129,2026-09-10T07:26:54.718236+00:00,false,microservices,order,2ec70ae6f80e6f26f6aafd1e740a827589d39b41d7060590c48f7c7e23e21c82,tcc-microservices-experiment-order-1,79.96,83078676,1073741824,7.74,3,85.4MB / 77.6MB,7.09MB / 77.8kB
64,2026-09-10T07:26:55.099028+00:00,129,2026-09-10T07:26:54.718236+00:00,false,microservices,product,c2194a2c256149d71286160aeba0411f40a6df44c92c07c23c34d18f5e639653,tcc-microservices-experiment-product-1,0.02,78601257,1073741824,7.32,3,417kB / 282kB,3.76MB / 81.9kB
65,2026-09-10T07:26:56.099044+00:00,131,2026-09-10T07:26:55.719952+00:00,false,microservices,auth,75d289a90ab7d3625976be146cf4ee797879517b22846515fe2ed0d3d65402c6,tcc-microservices-experiment-auth-1,0.02,79209431,1073741824,7.38,3,45.7kB / 40.3kB,4.25MB / 65.5kB
65,2026-09-10T07:26:56.099044+00:00,131,2026-09-10T07:26:55.719952+00:00,false,microservices,gateway,a3507f6b6e8707b4d8bef693406731bedc1351fc0c65693c91ed034b8f121cb2,tcc-microservices-experiment-gateway-1,26.68,478570086,536870912,89.14,75,63.4MB / 70.3MB,34.6MB / 221kB
65,2026-09-10T07:26:56.099044+00:00,131,2026-09-10T07:26:55.719952+00:00,false,microservices,mysql,e7a08879ce0cca9067650f7cae7fe1181027f96811e24585c71a0234ef956f27,tcc-microservices-experiment-mysql-1,30.51,535507763,1073741824,49.87,40,23.4MB / 72.5MB,46.3MB / 121MB
65,2026-09-10T07:26:56.099044+00:00,131,2026-09-10T07:26:55.719952+00:00,false,microservices,order,2ec70ae6f80e6f26f6aafd1e740a827589d39b41d7060590c48f7c7e23e21c82,tcc-microservices-experiment-order-1,80.42,82942362,1073741824,7.72,3,86.3MB / 78.5MB,7.09MB / 77.8kB
65,2026-09-10T07:26:56.099044+00:00,131,2026-09-10T07:26:55.719952+00:00,false,microservices,product,c2194a2c256149d71286160aeba0411f40a6df44c92c07c23c34d18f5e639653,tcc-microservices-experiment-product-1,0.01,78601257,1073741824,7.32,3,417kB / 282kB,3.76MB / 81.9kB
66,2026-09-10T07:26:57.099048+00:00,133,2026-09-10T07:26:56.718583+00:00,false,microservices,auth,75d289a90ab7d3625976be146cf4ee797879517b22846515fe2ed0d3d65402c6,tcc-microservices-experiment-auth-1,0.02,79209431,1073741824,7.38,3,45.7kB / 40.3kB,4.25MB / 65.5kB
66,2026-09-10T07:26:57.099048+00:00,133,2026-09-10T07:26:56.718583+00:00,false,microservices,gateway,a3507f6b6e8707b4d8bef693406731bedc1351fc0c65693c91ed034b8f121cb2,tcc-microservices-experiment-gateway-1,26.82,478779802,536870912,89.17,75,64.1MB / 71.1MB,34.6MB / 221kB
66,2026-09-10T07:26:57.099048+00:00,133,2026-09-10T07:26:56.718583+00:00,false,microservices,mysql,e7a08879ce0cca9067650f7cae7fe1181027f96811e24585c71a0234ef956f27,tcc-microservices-experiment-mysql-1,25.73,534459187,1073741824,49.78,40,23.6MB / 73.2MB,46.3MB / 121MB
66,2026-09-10T07:26:57.099048+00:00,133,2026-09-10T07:26:56.718583+00:00,false,microservices,order,2ec70ae6f80e6f26f6aafd1e740a827589d39b41d7060590c48f7c7e23e21c82,tcc-microservices-experiment-order-1,80.16,82512445,1073741824,7.68,3,87.2MB / 79.3MB,7.09MB / 77.8kB
66,2026-09-10T07:26:57.099048+00:00,133,2026-09-10T07:26:56.718583+00:00,false,microservices,product,c2194a2c256149d71286160aeba0411f40a6df44c92c07c23c34d18f5e639653,tcc-microservices-experiment-product-1,0.02,78601257,1073741824,7.32,3,417kB / 282kB,3.76MB / 81.9kB
67,2026-09-10T07:26:58.099023+00:00,135,2026-09-10T07:26:57.719306+00:00,false,microservices,auth,75d289a90ab7d3625976be146cf4ee797879517b22846515fe2ed0d3d65402c6,tcc-microservices-experiment-auth-1,0.02,79209431,1073741824,7.38,3,45.7kB / 40.3kB,4.25MB / 65.5kB
67,2026-09-10T07:26:58.099023+00:00,135,2026-09-10T07:26:57.719306+00:00,false,microservices,gateway,a3507f6b6e8707b4d8bef693406731bedc1351fc0c65693c91ed034b8f121cb2,tcc-microservices-experiment-gateway-1,30.53,478674944,536870912,89.16,75,64.9MB / 71.9MB,34.6MB / 233kB
67,2026-09-10T07:26:58.099023+00:00,135,2026-09-10T07:26:57.719306+00:00,false,microservices,mysql,e7a08879ce0cca9067650f7cae7fe1181027f96811e24585c71a0234ef956f27,tcc-microservices-experiment-mysql-1,28.96,534878618,1073741824,49.81,40,23.9MB / 74MB,46.3MB / 121MB
67,2026-09-10T07:26:58.099023+00:00,135,2026-09-10T07:26:57.719306+00:00,false,microservices,order,2ec70ae6f80e6f26f6aafd1e740a827589d39b41d7060590c48f7c7e23e21c82,tcc-microservices-experiment-order-1,81.45,82868961,1073741824,7.72,3,88.2MB / 80.2MB,7.09MB / 77.8kB
67,2026-09-10T07:26:58.099023+00:00,135,2026-09-10T07:26:57.719306+00:00,false,microservices,product,c2194a2c256149d71286160aeba0411f40a6df44c92c07c23c34d18f5e639653,tcc-microservices-experiment-product-1,0.02,78601257,1073741824,7.32,3,417kB / 282kB,3.76MB / 81.9kB
68,2026-09-10T07:26:59.099028+00:00,137,2026-09-10T07:26:58.718151+00:00,false,microservices,auth,75d289a90ab7d3625976be146cf4ee797879517b22846515fe2ed0d3d65402c6,tcc-microservices-experiment-auth-1,0.02,79209431,1073741824,7.38,3,45.7kB / 40.3kB,4.25MB / 65.5kB
68,2026-09-10T07:26:59.099028+00:00,137,2026-09-10T07:26:58.718151+00:00,false,microservices,gateway,a3507f6b6e8707b4d8bef693406731bedc1351fc0c65693c91ed034b8f121cb2,tcc-microservices-experiment-gateway-1,26.96,478465229,536870912,89.12,75,65.6MB / 72.7MB,34.6MB / 233kB
68,2026-09-10T07:26:59.099028+00:00,137,2026-09-10T07:26:58.718151+00:00,false,microservices,mysql,e7a08879ce0cca9067650f7cae7fe1181027f96811e24585c71a0234ef956f27,tcc-microservices-experiment-mysql-1,24.94,534354330,1073741824,49.77,40,24.1MB / 74.8MB,46.3MB / 121MB
68,2026-09-10T07:26:59.099028+00:00,137,2026-09-10T07:26:58.718151+00:00,false,microservices,order,2ec70ae6f80e6f26f6aafd1e740a827589d39b41d7060590c48f7c7e23e21c82,tcc-microservices-experiment-order-1,81.93,82942362,1073741824,7.72,3,89.1MB / 81MB,7.09MB / 77.8kB
68,2026-09-10T07:26:59.099028+00:00,137,2026-09-10T07:26:58.718151+00:00,false,microservices,product,c2194a2c256149d71286160aeba0411f40a6df44c92c07c23c34d18f5e639653,tcc-microservices-experiment-product-1,0.02,78601257,1073741824,7.32,3,417kB / 282kB,3.76MB / 81.9kB
69,2026-09-10T07:27:00.099013+00:00,139,2026-09-10T07:26:59.719252+00:00,false,microservices,auth,75d289a90ab7d3625976be146cf4ee797879517b22846515fe2ed0d3d65402c6,tcc-microservices-experiment-auth-1,0.02,79209431,1073741824,7.38,3,45.7kB / 40.3kB,4.25MB / 65.5kB
69,2026-09-10T07:27:00.099013+00:00,139,2026-09-10T07:26:59.719252+00:00,false,microservices,gateway,a3507f6b6e8707b4d8bef693406731bedc1351fc0c65693c91ed034b8f121cb2,tcc-microservices-experiment-gateway-1,29.07,479094374,536870912,89.24,75,66.3MB / 73.5MB,34.6MB / 233kB
69,2026-09-10T07:27:00.099013+00:00,139,2026-09-10T07:26:59.719252+00:00,false,microservices,mysql,e7a08879ce0cca9067650f7cae7fe1181027f96811e24585c71a0234ef956f27,tcc-microservices-experiment-mysql-1,28.78,534878618,1073741824,49.81,40,24.3MB / 75.5MB,46.3MB / 121MB
69,2026-09-10T07:27:00.099013+00:00,139,2026-09-10T07:26:59.719252+00:00,false,microservices,order,2ec70ae6f80e6f26f6aafd1e740a827589d39b41d7060590c48f7c7e23e21c82,tcc-microservices-experiment-order-1,81.46,82260787,1073741824,7.66,3,90MB / 81.9MB,7.09MB / 77.8kB
69,2026-09-10T07:27:00.099013+00:00,139,2026-09-10T07:26:59.719252+00:00,false,microservices,product,c2194a2c256149d71286160aeba0411f40a6df44c92c07c23c34d18f5e639653,tcc-microservices-experiment-product-1,0.02,78601257,1073741824,7.32,3,417kB / 282kB,3.76MB / 81.9kB
70,2026-09-10T07:27:01.099026+00:00,141,2026-09-10T07:27:00.718236+00:00,false,microservices,auth,75d289a90ab7d3625976be146cf4ee797879517b22846515fe2ed0d3d65402c6,tcc-microservices-experiment-auth-1,0.02,79209431,1073741824,7.38,3,45.7kB / 40.3kB,4.25MB / 65.5kB
70,2026-09-10T07:27:01.099026+00:00,141,2026-09-10T07:27:00.718236+00:00,false,microservices,gateway,a3507f6b6e8707b4d8bef693406731bedc1351fc0c65693c91ed034b8f121cb2,tcc-microservices-experiment-gateway-1,89.15,478779802,536870912,89.19,75,67MB / 74.2MB,34.6MB / 233kB
70,2026-09-10T07:27:01.099026+00:00,141,2026-09-10T07:27:00.718236+00:00,false,microservices,mysql,e7a08879ce0cca9067650f7cae7fe1181027f96811e24585c71a0234ef956f27,tcc-microservices-experiment-mysql-1,24.9,534459187,1073741824,49.77,40,24.5MB / 76.3MB,46.3MB / 121MB
70,2026-09-10T07:27:01.099026+00:00,141,2026-09-10T07:27:00.718236+00:00,false,microservices,order,2ec70ae6f80e6f26f6aafd1e740a827589d39b41d7060590c48f7c7e23e21c82,tcc-microservices-experiment-order-1,82.38,82638275,1073741824,7.7,3,90.9MB / 82.7MB,7.09MB / 77.8kB
70,2026-09-10T07:27:01.099026+00:00,141,2026-09-10T07:27:00.718236+00:00,false,microservices,product,c2194a2c256149d71286160aeba0411f40a6df44c92c07c23c34d18f5e639653,tcc-microservices-experiment-product-1,0.02,78601257,1073741824,7.32,3,417kB / 282kB,3.76MB / 81.9kB
71,2026-09-10T07:27:02.099010+00:00,143,2026-09-10T07:27:01.717823+00:00,false,microservices,auth,75d289a90ab7d3625976be146cf4ee797879517b22846515fe2ed0d3d65402c6,tcc-microservices-experiment-auth-1,0.02,79209431,1073741824,7.38,3,45.7kB / 40.3kB,4.25MB / 65.5kB
71,2026-09-10T07:27:02.099010+00:00,143,2026-09-10T07:27:01.717823+00:00,false,microservices,gateway,a3507f6b6e8707b4d8bef693406731bedc1351fc0c65693c91ed034b8f121cb2,tcc-microservices-experiment-gateway-1,25.71,478989517,536870912,89.23,75,67.7MB / 75MB,34.6MB / 233kB
71,2026-09-10T07:27:02.099010+00:00,143,2026-09-10T07:27:01.717823+00:00,false,microservices,mysql,e7a08879ce0cca9067650f7cae7fe1181027f96811e24585c71a0234ef956f27,tcc-microservices-experiment-mysql-1,29.69,535193190,1073741824,49.84,40,24.7MB / 77MB,46.3MB / 121MB
71,2026-09-10T07:27:02.099010+00:00,143,2026-09-10T07:27:01.717823+00:00,false,microservices,order,2ec70ae6f80e6f26f6aafd1e740a827589d39b41d7060590c48f7c7e23e21c82,tcc-microservices-experiment-order-1,81.7,82491474,1073741824,7.68,3,91.8MB / 83.5MB,7.09MB / 77.8kB
71,2026-09-10T07:27:02.099010+00:00,143,2026-09-10T07:27:01.717823+00:00,false,microservices,product,c2194a2c256149d71286160aeba0411f40a6df44c92c07c23c34d18f5e639653,tcc-microservices-experiment-product-1,0.02,78601257,1073741824,7.32,3,417kB / 282kB,3.76MB / 81.9kB
72,2026-09-10T07:27:03.099038+00:00,145,2026-09-10T07:27:02.717967+00:00,false,microservices,auth,75d289a90ab7d3625976be146cf4ee797879517b22846515fe2ed0d3d65402c6,tcc-microservices-experiment-auth-1,0.02,79209431,1073741824,7.38,3,45.7kB / 40.3kB,4.25MB / 65.5kB
72,2026-09-10T07:27:03.099038+00:00,145,2026-09-10T07:27:02.717967+00:00,false,microservices,gateway,a3507f6b6e8707b4d8bef693406731bedc1351fc0c65693c91ed034b8f121cb2,tcc-microservices-experiment-gateway-1,26.18,478255514,536870912,89.09,75,68.4MB / 75.8MB,34.6MB / 233kB
72,2026-09-10T07:27:03.099038+00:00,145,2026-09-10T07:27:02.717967+00:00,false,microservices,mysql,e7a08879ce0cca9067650f7cae7fe1181027f96811e24585c71a0234ef956f27,tcc-microservices-experiment-mysql-1,25.45,534564045,1073741824,49.79,40,24.9MB / 77.7MB,46.3MB / 121MB
72,2026-09-10T07:27:03.099038+00:00,145,2026-09-10T07:27:02.717967+00:00,false,microservices,order,2ec70ae6f80e6f26f6aafd1e740a827589d39b41d7060590c48f7c7e23e21c82,tcc-microservices-experiment-order-1,81.27,82648760,1073741824,7.7,3,92.7MB / 84.3MB,7.09MB / 77.8kB
72,2026-09-10T07:27:03.099038+00:00,145,2026-09-10T07:27:02.717967+00:00,false,microservices,product,c2194a2c256149d71286160aeba0411f40a6df44c92c07c23c34d18f5e639653,tcc-microservices-experiment-product-1,0.02,78601257,1073741824,7.32,3,417kB / 282kB,3.76MB / 81.9kB
73,2026-09-10T07:27:04.099018+00:00,147,2026-09-10T07:27:03.719482+00:00,false,microservices,auth,75d289a90ab7d3625976be146cf4ee797879517b22846515fe2ed0d3d65402c6,tcc-microservices-experiment-auth-1,0.02,79209431,1073741824,7.38,3,45.8kB / 40.3kB,4.25MB / 65.5kB
73,2026-09-10T07:27:04.099018+00:00,147,2026-09-10T07:27:03.719482+00:00,false,microservices,gateway,a3507f6b6e8707b4d8bef693406731bedc1351fc0c65693c91ed034b8f121cb2,tcc-microservices-experiment-gateway-1,25.98,478674944,536870912,89.16,75,69.1MB / 76.6MB,34.6MB / 233kB
73,2026-09-10T07:27:04.099018+00:00,147,2026-09-10T07:27:03.719482+00:00,false,microservices,mysql,e7a08879ce0cca9067650f7cae7fe1181027f96811e24585c71a0234ef956f27,tcc-microservices-experiment-mysql-1,29.45,535193190,1073741824,49.84,40,25.1MB / 78.5MB,46.3MB / 121MB
73,2026-09-10T07:27:04.099018+00:00,147,2026-09-10T07:27:03.719482+00:00,false,microservices,order,2ec70ae6f80e6f26f6aafd1e740a827589d39b41d7060590c48f7c7e23e21c82,tcc-microservices-experiment-order-1,81.69,82816532,1073741824,7.71,3,93.6MB / 85.2MB,7.09MB / 77.8kB
73,2026-09-10T07:27:04.099018+00:00,147,2026-09-10T07:27:03.719482+00:00,false,microservices,product,c2194a2c256149d71286160aeba0411f40a6df44c92c07c23c34d18f5e639653,tcc-microservices-experiment-product-1,0.02,78601257,1073741824,7.32,3,417kB / 282kB,3.76MB / 81.9kB
74,2026-09-10T07:27:05.099077+00:00,149,2026-09-10T07:27:04.718497+00:00,false,microservices,auth,75d289a90ab7d3625976be146cf4ee797879517b22846515fe2ed0d3d65402c6,tcc-microservices-experiment-auth-1,0.02,79209431,1073741824,7.38,3,45.8kB / 40.3kB,4.25MB / 65.5kB
74,2026-09-10T07:27:05.099077+00:00,149,2026-09-10T07:27:04.718497+00:00,false,microservices,gateway,a3507f6b6e8707b4d8bef693406731bedc1351fc0c65693c91ed034b8f121cb2,tcc-microservices-experiment-gateway-1,29.03,479094374,536870912,89.23,75,69.9MB / 77.4MB,34.6MB / 233kB
74,2026-09-10T07:27:05.099077+00:00,149,2026-09-10T07:27:04.718497+00:00,false,microservices,mysql,e7a08879ce0cca9067650f7cae7fe1181027f96811e24585c71a0234ef956f27,tcc-microservices-experiment-mysql-1,24.88,534459187,1073741824,49.77,40,25.4MB / 79.3MB,46.3MB / 121MB
74,2026-09-10T07:27:05.099077+00:00,149,2026-09-10T07:27:04.718497+00:00,false,microservices,order,2ec70ae6f80e6f26f6aafd1e740a827589d39b41d7060590c48f7c7e23e21c82,tcc-microservices-experiment-order-1,80.47,82617303,1073741824,7.69,3,94.6MB / 86.1MB,7.09MB / 77.8kB
74,2026-09-10T07:27:05.099077+00:00,149,2026-09-10T07:27:04.718497+00:00,false,microservices,product,c2194a2c256149d71286160aeba0411f40a6df44c92c07c23c34d18f5e639653,tcc-microservices-experiment-product-1,0.02,78601257,1073741824,7.32,3,417kB / 282kB,3.76MB / 81.9kB
75,2026-09-10T07:27:06.099011+00:00,151,2026-09-10T07:27:05.719330+00:00,false,microservices,auth,75d289a90ab7d3625976be146cf4ee797879517b22846515fe2ed0d3d65402c6,tcc-microservices-experiment-auth-1,0.02,79209431,1073741824,7.38,3,45.8kB / 40.3kB,4.25MB / 65.5kB
75,2026-09-10T07:27:06.099011+00:00,151,2026-09-10T07:27:05.719330+00:00,false,microservices,gateway,a3507f6b6e8707b4d8bef693406731bedc1351fc0c65693c91ed034b8f121cb2,tcc-microservices-experiment-gateway-1,25.98,479094374,536870912,89.24,75,70.6MB / 78.2MB,34.6MB / 233kB
75,2026-09-10T07:27:06.099011+00:00,151,2026-09-10T07:27:05.719330+00:00,false,microservices,mysql,e7a08879ce0cca9067650f7cae7fe1181027f96811e24585c71a0234ef956f27,tcc-microservices-experiment-mysql-1,29.03,534983475,1073741824,49.82,40,25.6MB / 80.1MB,46.3MB / 121MB
75,2026-09-10T07:27:06.099011+00:00,151,2026-09-10T07:27:05.719330+00:00,false,microservices,order,2ec70ae6f80e6f26f6aafd1e740a827589d39b41d7060590c48f7c7e23e21c82,tcc-microservices-experiment-order-1,80.65,83099648,1073741824,7.74,3,95.5MB / 86.9MB,7.09MB / 77.8kB
75,2026-09-10T07:27:06.099011+00:00,151,2026-09-10T07:27:05.719330+00:00,false,microservices,product,c2194a2c256149d71286160aeba0411f40a6df44c92c07c23c34d18f5e639653,tcc-microservices-experiment-product-1,0.02,78601257,1073741824,7.32,3,417kB / 282kB,3.76MB / 81.9kB
76,2026-09-10T07:27:07.099037+00:00,153,2026-09-10T07:27:06.719473+00:00,false,microservices,auth,75d289a90ab7d3625976be146cf4ee797879517b22846515fe2ed0d3d65402c6,tcc-microservices-experiment-auth-1,0.02,79209431,1073741824,7.38,3,45.8kB / 40.3kB,4.25MB / 65.5kB
76,2026-09-10T07:27:07.099037+00:00,153,2026-09-10T07:27:06.719473+00:00,false,microservices,gateway,a3507f6b6e8707b4d8bef693406731bedc1351fc0c65693c91ed034b8f121cb2,tcc-microservices-experiment-gateway-1,26.94,478989517,536870912,89.22,75,71.3MB / 79.1MB,34.6MB / 233kB
76,2026-09-10T07:27:07.099037+00:00,153,2026-09-10T07:27:06.719473+00:00,false,microservices,mysql,e7a08879ce0cca9067650f7cae7fe1181027f96811e24585c71a0234ef956f27,tcc-microservices-experiment-mysql-1,24.91,534354330,1073741824,49.76,40,25.8MB / 80.8MB,46.3MB / 121MB
76,2026-09-10T07:27:07.099037+00:00,153,2026-09-10T07:27:06.719473+00:00,false,microservices,order,2ec70ae6f80e6f26f6aafd1e740a827589d39b41d7060590c48f7c7e23e21c82,tcc-microservices-experiment-order-1,81.7,82501960,1073741824,7.68,3,96.5MB / 87.8MB,7.09MB / 77.8kB
76,2026-09-10T07:27:07.099037+00:00,153,2026-09-10T07:27:06.719473+00:00,false,microservices,product,c2194a2c256149d71286160aeba0411f40a6df44c92c07c23c34d18f5e639653,tcc-microservices-experiment-product-1,0.02,78601257,1073741824,7.32,3,417kB / 282kB,3.76MB / 81.9kB
77,2026-09-10T07:27:08.099036+00:00,155,2026-09-10T07:27:07.719293+00:00,false,microservices,auth,75d289a90ab7d3625976be146cf4ee797879517b22846515fe2ed0d3d65402c6,tcc-microservices-experiment-auth-1,0.02,79209431,1073741824,7.38,3,45.8kB / 40.3kB,4.25MB / 65.5kB
77,2026-09-10T07:27:08.099036+00:00,155,2026-09-10T07:27:07.719293+00:00,false,microservices,gateway,a3507f6b6e8707b4d8bef693406731bedc1351fc0c65693c91ed034b8f121cb2,tcc-microservices-experiment-gateway-1,26.71,478779802,536870912,89.19,75,72.1MB / 79.9MB,34.6MB / 233kB
77,2026-09-10T07:27:08.099036+00:00,155,2026-09-10T07:27:07.719293+00:00,false,microservices,mysql,e7a08879ce0cca9067650f7cae7fe1181027f96811e24585c71a0234ef956f27,tcc-microservices-experiment-mysql-1,28.93,534878618,1073741824,49.81,40,26MB / 81.6MB,46.3MB / 121MB
77,2026-09-10T07:27:08.099036+00:00,155,2026-09-10T07:27:07.719293+00:00,false,microservices,order,2ec70ae6f80e6f26f6aafd1e740a827589d39b41d7060590c48f7c7e23e21c82,tcc-microservices-experiment-order-1,81.75,83026248,1073741824,7.73,3,97.4MB / 88.6MB,7.09MB / 77.8kB
77,2026-09-10T07:27:08.099036+00:00,155,2026-09-10T07:27:07.719293+00:00,false,microservices,product,c2194a2c256149d71286160aeba0411f40a6df44c92c07c23c34d18f5e639653,tcc-microservices-experiment-product-1,0.01,78601257,1073741824,7.32,3,417kB / 282kB,3.76MB / 81.9kB
78,2026-09-10T07:27:09.099016+00:00,157,2026-09-10T07:27:08.719330+00:00,false,microservices,auth,75d289a90ab7d3625976be146cf4ee797879517b22846515fe2ed0d3d65402c6,tcc-microservices-experiment-auth-1,0.02,79209431,1073741824,7.38,3,45.8kB / 40.3kB,4.25MB / 65.5kB
78,2026-09-10T07:27:09.099016+00:00,157,2026-09-10T07:27:08.719330+00:00,false,microservices,gateway,a3507f6b6e8707b4d8bef693406731bedc1351fc0c65693c91ed034b8f121cb2,tcc-microservices-experiment-gateway-1,28.42,479304090,536870912,89.27,75,72.8MB / 80.7MB,34.6MB / 233kB
78,2026-09-10T07:27:09.099016+00:00,157,2026-09-10T07:27:08.719330+00:00,false,microservices,mysql,e7a08879ce0cca9067650f7cae7fe1181027f96811e24585c71a0234ef956f27,tcc-microservices-experiment-mysql-1,25.24,534459187,1073741824,49.77,40,26.2MB / 82.4MB,46.3MB / 121MB
78,2026-09-10T07:27:09.099016+00:00,157,2026-09-10T07:27:08.719330+00:00,false,microservices,order,2ec70ae6f80e6f26f6aafd1e740a827589d39b41d7060590c48f7c7e23e21c82,tcc-microservices-experiment-order-1,80.98,83057705,1073741824,7.74,3,98.3MB / 89.5MB,7.09MB / 1.31MB
78,2026-09-10T07:27:09.099016+00:00,157,2026-09-10T07:27:08.719330+00:00,false,microservices,product,c2194a2c256149d71286160aeba0411f40a6df44c92c07c23c34d18f5e639653,tcc-microservices-experiment-product-1,0.02,78601257,1073741824,7.32,3,417kB / 282kB,3.76MB / 81.9kB
79,2026-09-10T07:27:10.099160+00:00,159,2026-09-10T07:27:09.719312+00:00,false,microservices,auth,75d289a90ab7d3625976be146cf4ee797879517b22846515fe2ed0d3d65402c6,tcc-microservices-experiment-auth-1,0.02,79209431,1073741824,7.38,3,45.8kB / 40.3kB,4.25MB / 65.5kB
79,2026-09-10T07:27:10.099160+00:00,159,2026-09-10T07:27:09.719312+00:00,false,microservices,gateway,a3507f6b6e8707b4d8bef693406731bedc1351fc0c65693c91ed034b8f121cb2,tcc-microservices-experiment-gateway-1,27.92,479094374,536870912,89.24,75,73.5MB / 81.5MB,34.6MB / 233kB
79,2026-09-10T07:27:10.099160+00:00,159,2026-09-10T07:27:09.719312+00:00,false,microservices,mysql,e7a08879ce0cca9067650f7cae7fe1181027f96811e24585c71a0234ef956f27,tcc-microservices-experiment-mysql-1,28.88,534773760,1073741824,49.81,40,26.4MB / 83.1MB,46.3MB / 121MB
79,2026-09-10T07:27:10.099160+00:00,159,2026-09-10T07:27:09.719312+00:00,false,microservices,order,2ec70ae6f80e6f26f6aafd1e740a827589d39b41d7060590c48f7c7e23e21c82,tcc-microservices-experiment-order-1,82.46,82722161,1073741824,7.7,3,99.2MB / 90.3MB,7.09MB / 1.31MB
79,2026-09-10T07:27:10.099160+00:00,159,2026-09-10T07:27:09.719312+00:00,false,microservices,product,c2194a2c256149d71286160aeba0411f40a6df44c92c07c23c34d18f5e639653,tcc-microservices-experiment-product-1,0.02,78601257,1073741824,7.32,3,417kB / 282kB,3.76MB / 81.9kB
80,2026-09-10T07:27:11.099047+00:00,161,2026-09-10T07:27:10.719711+00:00,false,microservices,auth,75d289a90ab7d3625976be146cf4ee797879517b22846515fe2ed0d3d65402c6,tcc-microservices-experiment-auth-1,0.02,79209431,1073741824,7.38,3,45.8kB / 40.3kB,4.25MB / 65.5kB
80,2026-09-10T07:27:11.099047+00:00,161,2026-09-10T07:27:10.719711+00:00,false,microservices,gateway,a3507f6b6e8707b4d8bef693406731bedc1351fc0c65693c91ed034b8f121cb2,tcc-microservices-experiment-gateway-1,26.51,478570086,536870912,89.14,75,74.2MB / 82.3MB,34.6MB / 233kB
80,2026-09-10T07:27:11.099047+00:00,161,2026-09-10T07:27:10.719711+00:00,false,microservices,mysql,e7a08879ce0cca9067650f7cae7fe1181027f96811e24585c71a0234ef956f27,tcc-microservices-experiment-mysql-1,24.83,534249472,1073741824,49.76,40,26.7MB / 83.9MB,46.3MB / 121MB
80,2026-09-10T07:27:11.099047+00:00,161,2026-09-10T07:27:10.719711+00:00,false,microservices,order,2ec70ae6f80e6f26f6aafd1e740a827589d39b41d7060590c48f7c7e23e21c82,tcc-microservices-experiment-order-1,81.51,82868961,1073741824,7.72,3,100MB / 91.2MB,7.09MB / 1.31MB
80,2026-09-10T07:27:11.099047+00:00,161,2026-09-10T07:27:10.719711+00:00,false,microservices,product,c2194a2c256149d71286160aeba0411f40a6df44c92c07c23c34d18f5e639653,tcc-microservices-experiment-product-1,0.02,78601257,1073741824,7.32,3,417kB / 282kB,3.76MB / 81.9kB
81,2026-09-10T07:27:12.099019+00:00,163,2026-09-10T07:27:11.719242+00:00,false,microservices,auth,75d289a90ab7d3625976be146cf4ee797879517b22846515fe2ed0d3d65402c6,tcc-microservices-experiment-auth-1,0.01,79209431,1073741824,7.38,3,45.8kB / 40.3kB,4.25MB / 65.5kB
81,2026-09-10T07:27:12.099019+00:00,163,2026-09-10T07:27:11.719242+00:00,false,microservices,gateway,a3507f6b6e8707b4d8bef693406731bedc1351fc0c65693c91ed034b8f121cb2,tcc-microservices-experiment-gateway-1,26.2,479618662,536870912,89.34,75,75MB / 83.1MB,34.6MB / 233kB
81,2026-09-10T07:27:12.099019+00:00,163,2026-09-10T07:27:11.719242+00:00,false,microservices,mysql,e7a08879ce0cca9067650f7cae7fe1181027f96811e24585c71a0234ef956f27,tcc-microservices-experiment-mysql-1,29.87,535507763,1073741824,49.87,40,26.9MB / 84.7MB,46.3MB / 121MB
81,2026-09-10T07:27:12.099019+00:00,163,2026-09-10T07:27:11.719242+00:00,false,microservices,order,2ec70ae6f80e6f26f6aafd1e740a827589d39b41d7060590c48f7c7e23e21c82,tcc-microservices-experiment-order-1,80.15,83519078,1073741824,7.78,3,101MB / 92MB,7.09MB / 1.31MB
81,2026-09-10T07:27:12.099019+00:00,163,2026-09-10T07:27:11.719242+00:00,false,microservices,product,c2194a2c256149d71286160aeba0411f40a6df44c92c07c23c34d18f5e639653,tcc-microservices-experiment-product-1,0.03,78601257,1073741824,7.32,3,417kB / 282kB,3.76MB / 81.9kB
82,2026-09-10T07:27:13.099038+00:00,165,2026-09-10T07:27:12.719246+00:00,false,microservices,auth,75d289a90ab7d3625976be146cf4ee797879517b22846515fe2ed0d3d65402c6,tcc-microservices-experiment-auth-1,0.01,79209431,1073741824,7.38,3,45.8kB / 40.3kB,4.25MB / 65.5kB
82,2026-09-10T07:27:13.099038+00:00,165,2026-09-10T07:27:12.719246+00:00,false,microservices,gateway,a3507f6b6e8707b4d8bef693406731bedc1351fc0c65693c91ed034b8f121cb2,tcc-microservices-experiment-gateway-1,29.23,478674944,536870912,89.16,75,75.7MB / 83.9MB,34.6MB / 250kB
82,2026-09-10T07:27:13.099038+00:00,165,2026-09-10T07:27:12.719246+00:00,false,microservices,mysql,e7a08879ce0cca9067650f7cae7fe1181027f96811e24585c71a0234ef956f27,tcc-microservices-experiment-mysql-1,24.67,534354330,1073741824,49.77,40,27.1MB / 85.4MB,46.3MB / 121MB
82,2026-09-10T07:27:13.099038+00:00,165,2026-09-10T07:27:12.719246+00:00,false,microservices,order,2ec70ae6f80e6f26f6aafd1e740a827589d39b41d7060590c48f7c7e23e21c82,tcc-microservices-experiment-order-1,81.56,82816532,1073741824,7.71,3,102MB / 92.9MB,7.09MB / 1.31MB
82,2026-09-10T07:27:13.099038+00:00,165,2026-09-10T07:27:12.719246+00:00,false,microservices,product,c2194a2c256149d71286160aeba0411f40a6df44c92c07c23c34d18f5e639653,tcc-microservices-experiment-product-1,0.02,78601257,1073741824,7.32,3,417kB / 282kB,3.76MB / 81.9kB
83,2026-09-10T07:27:14.099016+00:00,167,2026-09-10T07:27:13.719788+00:00,false,microservices,auth,75d289a90ab7d3625976be146cf4ee797879517b22846515fe2ed0d3d65402c6,tcc-microservices-experiment-auth-1,0.02,79209431,1073741824,7.38,3,45.8kB / 40.3kB,4.25MB / 65.5kB
83,2026-09-10T07:27:14.099016+00:00,167,2026-09-10T07:27:13.719788+00:00,false,microservices,gateway,a3507f6b6e8707b4d8bef693406731bedc1351fc0c65693c91ed034b8f121cb2,tcc-microservices-experiment-gateway-1,25.9,478779802,536870912,89.17,75,76.4MB / 84.7MB,34.6MB / 250kB
83,2026-09-10T07:27:14.099016+00:00,167,2026-09-10T07:27:13.719788+00:00,false,microservices,mysql,e7a08879ce0cca9067650f7cae7fe1181027f96811e24585c71a0234ef956f27,tcc-microservices-experiment-mysql-1,28.87,535088333,1073741824,49.84,40,27.3MB / 86.2MB,46.3MB / 121MB
83,2026-09-10T07:27:14.099016+00:00,167,2026-09-10T07:27:13.719788+00:00,false,microservices,order,2ec70ae6f80e6f26f6aafd1e740a827589d39b41d7060590c48f7c7e23e21c82,tcc-microservices-experiment-order-1,81.83,82659246,1073741824,7.7,3,103MB / 93.7MB,7.09MB / 1.31MB
83,2026-09-10T07:27:14.099016+00:00,167,2026-09-10T07:27:13.719788+00:00,false,microservices,product,c2194a2c256149d71286160aeba0411f40a6df44c92c07c23c34d18f5e639653,tcc-microservices-experiment-product-1,0.02,78601257,1073741824,7.32,3,417kB / 282kB,3.76MB / 81.9kB
84,2026-09-10T07:27:15.099025+00:00,169,2026-09-10T07:27:14.719524+00:00,false,microservices,auth,75d289a90ab7d3625976be146cf4ee797879517b22846515fe2ed0d3d65402c6,tcc-microservices-experiment-auth-1,0.02,79209431,1073741824,7.38,3,45.8kB / 40.3kB,4.25MB / 65.5kB
84,2026-09-10T07:27:15.099025+00:00,169,2026-09-10T07:27:14.719524+00:00,false,microservices,gateway,a3507f6b6e8707b4d8bef693406731bedc1351fc0c65693c91ed034b8f121cb2,tcc-microservices-experiment-gateway-1,25.96,479618662,536870912,89.33,75,77.1MB / 85.5MB,34.6MB / 250kB
84,2026-09-10T07:27:15.099025+00:00,169,2026-09-10T07:27:14.719524+00:00,false,microservices,mysql,e7a08879ce0cca9067650f7cae7fe1181027f96811e24585c71a0234ef956f27,tcc-microservices-experiment-mysql-1,25.31,534144614,1073741824,49.75,40,27.5MB / 87MB,46.3MB / 121MB
84,2026-09-10T07:27:15.099025+00:00,169,2026-09-10T07:27:14.719524+00:00,false,microservices,order,2ec70ae6f80e6f26f6aafd1e740a827589d39b41d7060590c48f7c7e23e21c82,tcc-microservices-experiment-order-1,80.94,82575360,1073741824,7.69,3,104MB / 94.6MB,7.09MB / 1.31MB
84,2026-09-10T07:27:15.099025+00:00,169,2026-09-10T07:27:14.719524+00:00,false,microservices,product,c2194a2c256149d71286160aeba0411f40a6df44c92c07c23c34d18f5e639653,tcc-microservices-experiment-product-1,0.02,78601257,1073741824,7.32,3,417kB / 282kB,3.76MB / 81.9kB
85,2026-09-10T07:27:16.099021+00:00,171,2026-09-10T07:27:15.719476+00:00,false,microservices,auth,75d289a90ab7d3625976be146cf4ee797879517b22846515fe2ed0d3d65402c6,tcc-microservices-experiment-auth-1,0.02,79209431,1073741824,7.38,3,45.8kB / 40.3kB,4.25MB / 65.5kB
85,2026-09-10T07:27:16.099021+00:00,171,2026-09-10T07:27:15.719476+00:00,false,microservices,gateway,a3507f6b6e8707b4d8bef693406731bedc1351fc0c65693c91ed034b8f121cb2,tcc-microservices-experiment-gateway-1,25.66,479618662,536870912,89.34,75,77.9MB / 86.3MB,34.6MB / 250kB
85,2026-09-10T07:27:16.099021+00:00,171,2026-09-10T07:27:15.719476+00:00,false,microservices,mysql,e7a08879ce0cca9067650f7cae7fe1181027f96811e24585c71a0234ef956f27,tcc-microservices-experiment-mysql-1,28.02,539911782,1073741824,50.28,41,27.7MB / 87.7MB,46.3MB / 121MB
85,2026-09-10T07:27:16.099021+00:00,171,2026-09-10T07:27:15.719476+00:00,false,microservices,order,2ec70ae6f80e6f26f6aafd1e740a827589d39b41d7060590c48f7c7e23e21c82,tcc-microservices-experiment-order-1,80.64,83152077,1073741824,7.74,3,105MB / 95.4MB,7.09MB / 1.31MB
85,2026-09-10T07:27:16.099021+00:00,171,2026-09-10T07:27:15.719476+00:00,false,microservices,product,c2194a2c256149d71286160aeba0411f40a6df44c92c07c23c34d18f5e639653,tcc-microservices-experiment-product-1,0.02,78601257,1073741824,7.32,3,417kB / 282kB,3.76MB / 81.9kB
86,2026-09-10T07:27:17.099038+00:00,173,2026-09-10T07:27:16.717958+00:00,false,microservices,auth,75d289a90ab7d3625976be146cf4ee797879517b22846515fe2ed0d3d65402c6,tcc-microservices-experiment-auth-1,0.02,79209431,1073741824,7.38,3,45.8kB / 40.3kB,4.25MB / 65.5kB
86,2026-09-10T07:27:17.099038+00:00,173,2026-09-10T07:27:16.717958+00:00,false,microservices,gateway,a3507f6b6e8707b4d8bef693406731bedc1351fc0c65693c91ed034b8f121cb2,tcc-microservices-experiment-gateway-1,26.84,478989517,536870912,89.22,75,78.6MB / 87.1MB,34.6MB / 250kB
86,2026-09-10T07:27:17.099038+00:00,173,2026-09-10T07:27:16.717958+00:00,false,microservices,mysql,e7a08879ce0cca9067650f7cae7fe1181027f96811e24585c71a0234ef956f27,tcc-microservices-experiment-mysql-1,26.42,534459187,1073741824,49.78,40,28MB / 88.5MB,46.3MB / 121MB
86,2026-09-10T07:27:17.099038+00:00,173,2026-09-10T07:27:16.717958+00:00,false,microservices,order,2ec70ae6f80e6f26f6aafd1e740a827589d39b41d7060590c48f7c7e23e21c82,tcc-microservices-experiment-order-1,81.53,82785075,1073741824,7.71,3,106MB / 96.3MB,7.09MB / 1.31MB
86,2026-09-10T07:27:17.099038+00:00,173,2026-09-10T07:27:16.717958+00:00,false,microservices,product,c2194a2c256149d71286160aeba0411f40a6df44c92c07c23c34d18f5e639653,tcc-microservices-experiment-product-1,0.02,78601257,1073741824,7.32,3,417kB / 282kB,3.76MB / 81.9kB
87,2026-09-10T07:27:18.099017+00:00,175,2026-09-10T07:27:17.719244+00:00,false,microservices,auth,75d289a90ab7d3625976be146cf4ee797879517b22846515fe2ed0d3d65402c6,tcc-microservices-experiment-auth-1,0.02,79209431,1073741824,7.38,3,45.8kB / 40.3kB,4.25MB / 65.5kB
87,2026-09-10T07:27:18.099017+00:00,175,2026-09-10T07:27:17.719244+00:00,false,microservices,gateway,a3507f6b6e8707b4d8bef693406731bedc1351fc0c65693c91ed034b8f121cb2,tcc-microservices-experiment-gateway-1,25.95,479304090,536870912,89.28,75,79.3MB / 87.9MB,34.6MB / 250kB
87,2026-09-10T07:27:18.099017+00:00,175,2026-09-10T07:27:17.719244+00:00,false,microservices,mysql,e7a08879ce0cca9067650f7cae7fe1181027f96811e24585c71a0234ef956f27,tcc-microservices-experiment-mysql-1,25.27,534039757,1073741824,49.74,40,28.2MB / 89.3MB,46.3MB / 121MB
87,2026-09-10T07:27:18.099017+00:00,175,2026-09-10T07:27:17.719244+00:00,false,microservices,order,2ec70ae6f80e6f26f6aafd1e740a827589d39b41d7060590c48f7c7e23e21c82,tcc-microservices-experiment-order-1,80.79,83183534,1073741824,7.75,3,107MB / 97.2MB,7.09MB / 1.31MB
87,2026-09-10T07:27:18.099017+00:00,175,2026-09-10T07:27:17.719244+00:00,false,microservices,product,c2194a2c256149d71286160aeba0411f40a6df44c92c07c23c34d18f5e639653,tcc-microservices-experiment-product-1,0.01,78601257,1073741824,7.32,3,417kB / 282kB,3.76MB / 81.9kB
88,2026-09-10T07:27:19.099015+00:00,177,2026-09-10T07:27:18.719301+00:00,false,microservices,auth,75d289a90ab7d3625976be146cf4ee797879517b22846515fe2ed0d3d65402c6,tcc-microservices-experiment-auth-1,0.02,79209431,1073741824,7.38,3,45.8kB / 40.3kB,4.25MB / 65.5kB
88,2026-09-10T07:27:19.099015+00:00,177,2026-09-10T07:27:18.719301+00:00,false,microservices,gateway,a3507f6b6e8707b4d8bef693406731bedc1351fc0c65693c91ed034b8f121cb2,tcc-microservices-experiment-gateway-1,26.46,480247808,536870912,89.45,75,80.1MB / 88.7MB,34.6MB / 250kB
88,2026-09-10T07:27:19.099015+00:00,177,2026-09-10T07:27:18.719301+00:00,false,microservices,mysql,e7a08879ce0cca9067650f7cae7fe1181027f96811e24585c71a0234ef956f27,tcc-microservices-experiment-mysql-1,28.68,534564045,1073741824,49.79,40,28.4MB / 90MB,46.3MB / 121MB
88,2026-09-10T07:27:19.099015+00:00,177,2026-09-10T07:27:18.719301+00:00,false,microservices,order,2ec70ae6f80e6f26f6aafd1e740a827589d39b41d7060590c48f7c7e23e21c82,tcc-microservices-experiment-order-1,81.5,82868961,1073741824,7.72,3,108MB / 98MB,7.09MB / 1.31MB
88,2026-09-10T07:27:19.099015+00:00,177,2026-09-10T07:27:18.719301+00:00,false,microservices,product,c2194a2c256149d71286160aeba0411f40a6df44c92c07c23c34d18f5e639653,tcc-microservices-experiment-product-1,0.02,78601257,1073741824,7.32,3,417kB / 282kB,3.76MB / 81.9kB
89,2026-09-10T07:27:20.099013+00:00,179,2026-09-10T07:27:19.719226+00:00,false,microservices,auth,75d289a90ab7d3625976be146cf4ee797879517b22846515fe2ed0d3d65402c6,tcc-microservices-experiment-auth-1,0.01,79209431,1073741824,7.38,3,45.8kB / 40.3kB,4.25MB / 65.5kB
89,2026-09-10T07:27:20.099013+00:00,179,2026-09-10T07:27:19.719226+00:00,false,microservices,gateway,a3507f6b6e8707b4d8bef693406731bedc1351fc0c65693c91ed034b8f121cb2,tcc-microservices-experiment-gateway-1,26.07,479408947,536870912,89.29,75,80.8MB / 89.5MB,34.6MB / 250kB
89,2026-09-10T07:27:20.099013+00:00,179,2026-09-10T07:27:19.719226+00:00,false,microservices,mysql,e7a08879ce0cca9067650f7cae7fe1181027f96811e24585c71a0234ef956f27,tcc-microservices-experiment-mysql-1,25.28,534249472,1073741824,49.76,40,28.6MB / 90.8MB,46.3MB / 121MB
89,2026-09-10T07:27:20.099013+00:00,179,2026-09-10T07:27:19.719226+00:00,false,microservices,order,2ec70ae6f80e6f26f6aafd1e740a827589d39b41d7060590c48f7c7e23e21c82,tcc-microservices-experiment-order-1,80.83,82648760,1073741824,7.7,3,109MB / 98.9MB,7.09MB / 1.31MB
89,2026-09-10T07:27:20.099013+00:00,179,2026-09-10T07:27:19.719226+00:00,false,microservices,product,c2194a2c256149d71286160aeba0411f40a6df44c92c07c23c34d18f5e639653,tcc-microservices-experiment-product-1,0.02,78601257,1073741824,7.32,3,417kB / 282kB,3.76MB / 81.9kB
90,2026-09-10T07:27:21.099021+00:00,181,2026-09-10T07:27:20.718493+00:00,false,microservices,auth,75d289a90ab7d3625976be146cf4ee797879517b22846515fe2ed0d3d65402c6,tcc-microservices-experiment-auth-1,0.02,79209431,1073741824,7.38,3,45.8kB / 40.3kB,4.25MB / 65.5kB
90,2026-09-10T07:27:21.099021+00:00,181,2026-09-10T07:27:20.718493+00:00,false,microservices,gateway,a3507f6b6e8707b4d8bef693406731bedc1351fc0c65693c91ed034b8f121cb2,tcc-microservices-experiment-gateway-1,31.08,488112128,536870912,90.92,75,81.5MB / 90.3MB,34.6MB / 250kB
90,2026-09-10T07:27:21.099021+00:00,181,2026-09-10T07:27:20.718493+00:00,false,microservices,mysql,e7a08879ce0cca9067650f7cae7fe1181027f96811e24585c71a0234ef956f27,tcc-microservices-experiment-mysql-1,28.74,534144614,1073741824,49.75,40,28.8MB / 91.6MB,46.3MB / 121MB
90,2026-09-10T07:27:21.099021+00:00,181,2026-09-10T07:27:20.718493+00:00,false,microservices,order,2ec70ae6f80e6f26f6aafd1e740a827589d39b41d7060590c48f7c7e23e21c82,tcc-microservices-experiment-order-1,83.16,83099648,1073741824,7.74,3,109MB / 99.7MB,7.09MB / 1.31MB
90,2026-09-10T07:27:21.099021+00:00,181,2026-09-10T07:27:20.718493+00:00,false,microservices,product,c2194a2c256149d71286160aeba0411f40a6df44c92c07c23c34d18f5e639653,tcc-microservices-experiment-product-1,0.02,78601257,1073741824,7.32,3,417kB / 282kB,3.76MB / 81.9kB
91,2026-09-10T07:27:22.099022+00:00,183,2026-09-10T07:27:21.719363+00:00,false,microservices,auth,75d289a90ab7d3625976be146cf4ee797879517b22846515fe2ed0d3d65402c6,tcc-microservices-experiment-auth-1,0.02,79209431,1073741824,7.38,3,45.8kB / 40.3kB,4.25MB / 65.5kB
91,2026-09-10T07:27:22.099022+00:00,183,2026-09-10T07:27:21.719363+00:00,false,microservices,gateway,a3507f6b6e8707b4d8bef693406731bedc1351fc0c65693c91ed034b8f121cb2,tcc-microservices-experiment-gateway-1,26.7,488321843,536870912,90.96,75,82.3MB / 91.2MB,34.6MB / 250kB
91,2026-09-10T07:27:22.099022+00:00,183,2026-09-10T07:27:21.719363+00:00,false,microservices,mysql,e7a08879ce0cca9067650f7cae7fe1181027f96811e24585c71a0234ef956f27,tcc-microservices-experiment-mysql-1,24.31,534249472,1073741824,49.76,40,29.1MB / 92.3MB,46.3MB / 121MB
91,2026-09-10T07:27:22.099022+00:00,183,2026-09-10T07:27:21.719363+00:00,false,microservices,order,2ec70ae6f80e6f26f6aafd1e740a827589d39b41d7060590c48f7c7e23e21c82,tcc-microservices-experiment-order-1,81.91,82397102,1073741824,7.67,3,110MB / 101MB,7.09MB / 1.31MB
91,2026-09-10T07:27:22.099022+00:00,183,2026-09-10T07:27:21.719363+00:00,false,microservices,product,c2194a2c256149d71286160aeba0411f40a6df44c92c07c23c34d18f5e639653,tcc-microservices-experiment-product-1,0.02,78601257,1073741824,7.32,3,417kB / 282kB,3.76MB / 81.9kB
92,2026-09-10T07:27:23.099040+00:00,185,2026-09-10T07:27:22.719359+00:00,false,microservices,auth,75d289a90ab7d3625976be146cf4ee797879517b22846515fe2ed0d3d65402c6,tcc-microservices-experiment-auth-1,0.02,79209431,1073741824,7.38,3,45.8kB / 40.3kB,4.25MB / 65.5kB
92,2026-09-10T07:27:23.099040+00:00,185,2026-09-10T07:27:22.719359+00:00,false,microservices,gateway,a3507f6b6e8707b4d8bef693406731bedc1351fc0c65693c91ed034b8f121cb2,tcc-microservices-experiment-gateway-1,27.37,488531558,536870912,91.0,75,83MB / 91.9MB,34.6MB / 250kB
92,2026-09-10T07:27:23.099040+00:00,185,2026-09-10T07:27:22.719359+00:00,false,microservices,mysql,e7a08879ce0cca9067650f7cae7fe1181027f96811e24585c71a0234ef956f27,tcc-microservices-experiment-mysql-1,27.8,534354330,1073741824,49.76,40,29.3MB / 93.1MB,46.3MB / 121MB
92,2026-09-10T07:27:23.099040+00:00,185,2026-09-10T07:27:22.719359+00:00,false,microservices,order,2ec70ae6f80e6f26f6aafd1e740a827589d39b41d7060590c48f7c7e23e21c82,tcc-microservices-experiment-order-1,84.02,82680218,1073741824,7.7,3,111MB / 101MB,7.09MB / 1.31MB
92,2026-09-10T07:27:23.099040+00:00,185,2026-09-10T07:27:22.719359+00:00,false,microservices,product,c2194a2c256149d71286160aeba0411f40a6df44c92c07c23c34d18f5e639653,tcc-microservices-experiment-product-1,0.02,78601257,1073741824,7.32,3,417kB / 282kB,3.76MB / 81.9kB
93,2026-09-10T07:27:24.099043+00:00,187,2026-09-10T07:27:23.720374+00:00,false,microservices,auth,75d289a90ab7d3625976be146cf4ee797879517b22846515fe2ed0d3d65402c6,tcc-microservices-experiment-auth-1,0.02,79209431,1073741824,7.38,3,45.8kB / 40.3kB,4.25MB / 65.5kB
93,2026-09-10T07:27:24.099043+00:00,187,2026-09-10T07:27:23.720374+00:00,false,microservices,gateway,a3507f6b6e8707b4d8bef693406731bedc1351fc0c65693c91ed034b8f121cb2,tcc-microservices-experiment-gateway-1,28.86,488531558,536870912,90.99,75,83.7MB / 92.7MB,34.6MB / 250kB
93,2026-09-10T07:27:24.099043+00:00,187,2026-09-10T07:27:23.720374+00:00,false,microservices,mysql,e7a08879ce0cca9067650f7cae7fe1181027f96811e24585c71a0234ef956f27,tcc-microservices-experiment-mysql-1,24.77,534354330,1073741824,49.77,40,29.5MB / 93.8MB,46.3MB / 121MB
93,2026-09-10T07:27:24.099043+00:00,187,2026-09-10T07:27:23.720374+00:00,false,microservices,order,2ec70ae6f80e6f26f6aafd1e740a827589d39b41d7060590c48f7c7e23e21c82,tcc-microservices-experiment-order-1,81.62,82879447,1073741824,7.72,3,112MB / 102MB,7.09MB / 1.31MB
93,2026-09-10T07:27:24.099043+00:00,187,2026-09-10T07:27:23.720374+00:00,false,microservices,product,c2194a2c256149d71286160aeba0411f40a6df44c92c07c23c34d18f5e639653,tcc-microservices-experiment-product-1,0.02,78601257,1073741824,7.32,3,417kB / 282kB,3.76MB / 81.9kB
94,2026-09-10T07:27:25.099030+00:00,189,2026-09-10T07:27:24.719378+00:00,false,microservices,auth,75d289a90ab7d3625976be146cf4ee797879517b22846515fe2ed0d3d65402c6,tcc-microservices-experiment-auth-1,0.02,79209431,1073741824,7.38,3,45.8kB / 40.3kB,4.25MB / 65.5kB
94,2026-09-10T07:27:25.099030+00:00,189,2026-09-10T07:27:24.719378+00:00,false,microservices,gateway,a3507f6b6e8707b4d8bef693406731bedc1351fc0c65693c91ed034b8f121cb2,tcc-microservices-experiment-gateway-1,26.63,487902413,536870912,90.88,75,84.4MB / 93.5MB,34.6MB / 250kB
94,2026-09-10T07:27:25.099030+00:00,189,2026-09-10T07:27:24.719378+00:00,false,microservices,mysql,e7a08879ce0cca9067650f7cae7fe1181027f96811e24585c71a0234ef956f27,tcc-microservices-experiment-mysql-1,29.49,534668902,1073741824,49.79,40,29.7MB / 94.6MB,46.3MB / 121MB
94,2026-09-10T07:27:25.099030+00:00,189,2026-09-10T07:27:24.719378+00:00,false,microservices,order,2ec70ae6f80e6f26f6aafd1e740a827589d39b41d7060590c48f7c7e23e21c82,tcc-microservices-experiment-order-1,81.21,83183534,1073741824,7.75,3,113MB / 103MB,7.09MB / 1.5MB
94,2026-09-10T07:27:25.099030+00:00,189,2026-09-10T07:27:24.719378+00:00,false,microservices,product,c2194a2c256149d71286160aeba0411f40a6df44c92c07c23c34d18f5e639653,tcc-microservices-experiment-product-1,0.02,78601257,1073741824,7.32,3,417kB / 282kB,3.76MB / 81.9kB
95,2026-09-10T07:27:26.099039+00:00,191,2026-09-10T07:27:25.719415+00:00,false,microservices,auth,75d289a90ab7d3625976be146cf4ee797879517b22846515fe2ed0d3d65402c6,tcc-microservices-experiment-auth-1,0.02,79209431,1073741824,7.38,3,45.8kB / 40.3kB,4.25MB / 65.5kB
95,2026-09-10T07:27:26.099039+00:00,191,2026-09-10T07:27:25.719415+00:00,false,microservices,gateway,a3507f6b6e8707b4d8bef693406731bedc1351fc0c65693c91ed034b8f121cb2,tcc-microservices-experiment-gateway-1,26.98,487902413,536870912,90.88,75,85.1MB / 94.4MB,34.6MB / 250kB
95,2026-09-10T07:27:26.099039+00:00,191,2026-09-10T07:27:25.719415+00:00,false,microservices,mysql,e7a08879ce0cca9067650f7cae7fe1181027f96811e24585c71a0234ef956f27,tcc-microservices-experiment-mysql-1,25.0,534668902,1073741824,49.8,40,29.9MB / 95.4MB,46.3MB / 121MB
95,2026-09-10T07:27:26.099039+00:00,191,2026-09-10T07:27:25.719415+00:00,false,microservices,order,2ec70ae6f80e6f26f6aafd1e740a827589d39b41d7060590c48f7c7e23e21c82,tcc-microservices-experiment-order-1,81.81,82868961,1073741824,7.72,3,114MB / 104MB,7.09MB / 1.5MB
95,2026-09-10T07:27:26.099039+00:00,191,2026-09-10T07:27:25.719415+00:00,false,microservices,product,c2194a2c256149d71286160aeba0411f40a6df44c92c07c23c34d18f5e639653,tcc-microservices-experiment-product-1,0.02,78601257,1073741824,7.32,3,417kB / 282kB,3.76MB / 81.9kB
96,2026-09-10T07:27:27.099024+00:00,193,2026-09-10T07:27:26.719323+00:00,false,microservices,auth,75d289a90ab7d3625976be146cf4ee797879517b22846515fe2ed0d3d65402c6,tcc-microservices-experiment-auth-1,0.02,79209431,1073741824,7.38,3,45.8kB / 40.3kB,4.25MB / 65.5kB
96,2026-09-10T07:27:27.099024+00:00,193,2026-09-10T07:27:26.719323+00:00,false,microservices,gateway,a3507f6b6e8707b4d8bef693406731bedc1351fc0c65693c91ed034b8f121cb2,tcc-microservices-experiment-gateway-1,26.55,488426701,536870912,90.98,75,85.9MB / 95.2MB,34.6MB / 250kB
96,2026-09-10T07:27:27.099024+00:00,193,2026-09-10T07:27:26.719323+00:00,false,microservices,mysql,e7a08879ce0cca9067650f7cae7fe1181027f96811e24585c71a0234ef956f27,tcc-microservices-experiment-mysql-1,29.41,534249472,1073741824,49.76,40,30.1MB / 96.1MB,46.3MB / 121MB
96,2026-09-10T07:27:27.099024+00:00,193,2026-09-10T07:27:26.719323+00:00,false,microservices,order,2ec70ae6f80e6f26f6aafd1e740a827589d39b41d7060590c48f7c7e23e21c82,tcc-microservices-experiment-order-1,80.93,83120620,1073741824,7.74,3,115MB / 105MB,7.09MB / 1.5MB
96,2026-09-10T07:27:27.099024+00:00,193,2026-09-10T07:27:26.719323+00:00,false,microservices,product,c2194a2c256149d71286160aeba0411f40a6df44c92c07c23c34d18f5e639653,tcc-microservices-experiment-product-1,0.01,78601257,1073741824,7.32,3,417kB / 282kB,3.76MB / 81.9kB
97,2026-09-10T07:27:28.099010+00:00,195,2026-09-10T07:27:27.719327+00:00,false,microservices,auth,75d289a90ab7d3625976be146cf4ee797879517b22846515fe2ed0d3d65402c6,tcc-microservices-experiment-auth-1,0.02,79209431,1073741824,7.38,3,45.8kB / 40.3kB,4.25MB / 65.5kB
97,2026-09-10T07:27:28.099010+00:00,195,2026-09-10T07:27:27.719327+00:00,false,microservices,gateway,a3507f6b6e8707b4d8bef693406731bedc1351fc0c65693c91ed034b8f121cb2,tcc-microservices-experiment-gateway-1,26.42,488216986,536870912,90.95,75,86.6MB / 96MB,34.6MB / 250kB
97,2026-09-10T07:27:28.099010+00:00,195,2026-09-10T07:27:27.719327+00:00,false,microservices,mysql,e7a08879ce0cca9067650f7cae7fe1181027f96811e24585c71a0234ef956f27,tcc-microservices-experiment-mysql-1,25.59,534249472,1073741824,49.75,40,30.4MB / 96.9MB,46.3MB / 121MB
97,2026-09-10T07:27:28.099010+00:00,195,2026-09-10T07:27:27.719327+00:00,false,microservices,order,2ec70ae6f80e6f26f6aafd1e740a827589d39b41d7060590c48f7c7e23e21c82,tcc-microservices-experiment-order-1,81.08,83120620,1073741824,7.74,3,116MB / 106MB,7.09MB / 1.5MB
97,2026-09-10T07:27:28.099010+00:00,195,2026-09-10T07:27:27.719327+00:00,false,microservices,product,c2194a2c256149d71286160aeba0411f40a6df44c92c07c23c34d18f5e639653,tcc-microservices-experiment-product-1,0.03,78601257,1073741824,7.32,3,417kB / 282kB,3.76MB / 81.9kB
98,2026-09-10T07:27:29.099026+00:00,197,2026-09-10T07:27:28.719268+00:00,false,microservices,auth,75d289a90ab7d3625976be146cf4ee797879517b22846515fe2ed0d3d65402c6,tcc-microservices-experiment-auth-1,0.02,79209431,1073741824,7.38,3,45.8kB / 40.3kB,4.25MB / 65.5kB
98,2026-09-10T07:27:29.099026+00:00,197,2026-09-10T07:27:28.719268+00:00,false,microservices,gateway,a3507f6b6e8707b4d8bef693406731bedc1351fc0c65693c91ed034b8f121cb2,tcc-microservices-experiment-gateway-1,27.68,487587840,536870912,90.82,75,87.3MB / 96.8MB,34.6MB / 262kB
98,2026-09-10T07:27:29.099026+00:00,197,2026-09-10T07:27:28.719268+00:00,false,microservices,mysql,e7a08879ce0cca9067650f7cae7fe1181027f96811e24585c71a0234ef956f27,tcc-microservices-experiment-mysql-1,29.23,534249472,1073741824,49.76,40,30.6MB / 97.6MB,46.3MB / 121MB
98,2026-09-10T07:27:29.099026+00:00,197,2026-09-10T07:27:28.719268+00:00,false,microservices,order,2ec70ae6f80e6f26f6aafd1e740a827589d39b41d7060590c48f7c7e23e21c82,tcc-microservices-experiment-order-1,81.6,82260787,1073741824,7.66,3,117MB / 107MB,7.09MB / 1.5MB
98,2026-09-10T07:27:29.099026+00:00,197,2026-09-10T07:27:28.719268+00:00,false,microservices,product,c2194a2c256149d71286160aeba0411f40a6df44c92c07c23c34d18f5e639653,tcc-microservices-experiment-product-1,0.02,78601257,1073741824,7.32,3,417kB / 282kB,3.76MB / 81.9kB
99,2026-09-10T07:27:30.099016+00:00,199,2026-09-10T07:27:29.718733+00:00,false,microservices,auth,75d289a90ab7d3625976be146cf4ee797879517b22846515fe2ed0d3d65402c6,tcc-microservices-experiment-auth-1,0.02,79209431,1073741824,7.38,3,45.8kB / 40.3kB,4.25MB / 65.5kB
99,2026-09-10T07:27:30.099016+00:00,199,2026-09-10T07:27:29.718733+00:00,false,microservices,gateway,a3507f6b6e8707b4d8bef693406731bedc1351fc0c65693c91ed034b8f121cb2,tcc-microservices-experiment-gateway-1,28.18,488112128,536870912,90.92,75,88MB / 97.6MB,34.6MB / 262kB
99,2026-09-10T07:27:30.099016+00:00,199,2026-09-10T07:27:29.718733+00:00,false,microservices,mysql,e7a08879ce0cca9067650f7cae7fe1181027f96811e24585c71a0234ef956f27,tcc-microservices-experiment-mysql-1,24.12,534773760,1073741824,49.81,40,30.8MB / 98.4MB,46.3MB / 121MB
99,2026-09-10T07:27:30.099016+00:00,199,2026-09-10T07:27:29.718733+00:00,false,microservices,order,2ec70ae6f80e6f26f6aafd1e740a827589d39b41d7060590c48f7c7e23e21c82,tcc-microservices-experiment-order-1,82.61,82313216,1073741824,7.67,3,118MB / 107MB,7.09MB / 1.5MB
99,2026-09-10T07:27:30.099016+00:00,199,2026-09-10T07:27:29.718733+00:00,false,microservices,product,c2194a2c256149d71286160aeba0411f40a6df44c92c07c23c34d18f5e639653,tcc-microservices-experiment-product-1,0.02,78601257,1073741824,7.32,3,417kB / 282kB,3.76MB / 81.9kB
100,2026-09-10T07:27:31.099011+00:00,201,2026-09-10T07:27:30.719945+00:00,false,microservices,auth,75d289a90ab7d3625976be146cf4ee797879517b22846515fe2ed0d3d65402c6,tcc-microservices-experiment-auth-1,0.02,79209431,1073741824,7.38,3,45.8kB / 40.3kB,4.25MB / 65.5kB
100,2026-09-10T07:27:31.099011+00:00,201,2026-09-10T07:27:30.719945+00:00,false,microservices,gateway,a3507f6b6e8707b4d8bef693406731bedc1351fc0c65693c91ed034b8f121cb2,tcc-microservices-experiment-gateway-1,26.39,489160704,536870912,91.11,75,88.7MB / 98.4MB,34.6MB / 262kB
100,2026-09-10T07:27:31.099011+00:00,201,2026-09-10T07:27:30.719945+00:00,false,microservices,mysql,e7a08879ce0cca9067650f7cae7fe1181027f96811e24585c71a0234ef956f27,tcc-microservices-experiment-mysql-1,29.5,534983475,1073741824,49.82,40,31MB / 99.2MB,46.3MB / 121MB
100,2026-09-10T07:27:31.099011+00:00,201,2026-09-10T07:27:30.719945+00:00,false,microservices,order,2ec70ae6f80e6f26f6aafd1e740a827589d39b41d7060590c48f7c7e23e21c82,tcc-microservices-experiment-order-1,81.61,82910904,1073741824,7.72,3,119MB / 108MB,7.09MB / 1.5MB
100,2026-09-10T07:27:31.099011+00:00,201,2026-09-10T07:27:30.719945+00:00,false,microservices,product,c2194a2c256149d71286160aeba0411f40a6df44c92c07c23c34d18f5e639653,tcc-microservices-experiment-product-1,0.02,78601257,1073741824,7.32,3,417kB / 282kB,3.76MB / 81.9kB
101,2026-09-10T07:27:32.099036+00:00,203,2026-09-10T07:27:31.718211+00:00,false,microservices,auth,75d289a90ab7d3625976be146cf4ee797879517b22846515fe2ed0d3d65402c6,tcc-microservices-experiment-auth-1,0.02,79209431,1073741824,7.38,3,45.8kB / 40.3kB,4.25MB / 65.5kB
101,2026-09-10T07:27:32.099036+00:00,203,2026-09-10T07:27:31.718211+00:00,false,microservices,gateway,a3507f6b6e8707b4d8bef693406731bedc1351fc0c65693c91ed034b8f121cb2,tcc-microservices-experiment-gateway-1,27.29,488531558,536870912,91.0,75,89.5MB / 99.2MB,34.6MB / 262kB
101,2026-09-10T07:27:32.099036+00:00,203,2026-09-10T07:27:31.718211+00:00,false,microservices,mysql,e7a08879ce0cca9067650f7cae7fe1181027f96811e24585c71a0234ef956f27,tcc-microservices-experiment-mysql-1,24.8,534354330,1073741824,49.76,40,31.2MB / 99.9MB,46.3MB / 121MB
101,2026-09-10T07:27:32.099036+00:00,203,2026-09-10T07:27:31.718211+00:00,false,microservices,order,2ec70ae6f80e6f26f6aafd1e740a827589d39b41d7060590c48f7c7e23e21c82,tcc-microservices-experiment-order-1,81.92,82690703,1073741824,7.7,3,120MB / 109MB,7.09MB / 1.5MB
101,2026-09-10T07:27:32.099036+00:00,203,2026-09-10T07:27:31.718211+00:00,false,microservices,product,c2194a2c256149d71286160aeba0411f40a6df44c92c07c23c34d18f5e639653,tcc-microservices-experiment-product-1,0.01,78601257,1073741824,7.32,3,417kB / 282kB,3.76MB / 81.9kB
102,2026-09-10T07:27:33.099012+00:00,205,2026-09-10T07:27:32.718585+00:00,false,microservices,auth,75d289a90ab7d3625976be146cf4ee797879517b22846515fe2ed0d3d65402c6,tcc-microservices-experiment-auth-1,0.02,79209431,1073741824,7.38,3,45.8kB / 40.3kB,4.25MB / 65.5kB
102,2026-09-10T07:27:33.099012+00:00,205,2026-09-10T07:27:32.718585+00:00,false,microservices,gateway,a3507f6b6e8707b4d8bef693406731bedc1351fc0c65693c91ed034b8f121cb2,tcc-microservices-experiment-gateway-1,26.33,488636416,536870912,91.02,75,90.2MB / 100MB,34.6MB / 262kB
102,2026-09-10T07:27:33.099012+00:00,205,2026-09-10T07:27:32.718585+00:00,false,microservices,mysql,e7a08879ce0cca9067650f7cae7fe1181027f96811e24585c71a0234ef956f27,tcc-microservices-experiment-mysql-1,30.01,535612621,1073741824,49.88,40,31.4MB / 101MB,46.3MB / 121MB
102,2026-09-10T07:27:33.099012+00:00,205,2026-09-10T07:27:32.718585+00:00,false,microservices,order,2ec70ae6f80e6f26f6aafd1e740a827589d39b41d7060590c48f7c7e23e21c82,tcc-microservices-experiment-order-1,80.27,82743132,1073741824,7.71,3,121MB / 110MB,7.09MB / 1.5MB
102,2026-09-10T07:27:33.099012+00:00,205,2026-09-10T07:27:32.718585+00:00,false,microservices,product,c2194a2c256149d71286160aeba0411f40a6df44c92c07c23c34d18f5e639653,tcc-microservices-experiment-product-1,0.01,78601257,1073741824,7.32,3,417kB / 282kB,3.76MB / 81.9kB
103,2026-09-10T07:27:34.099046+00:00,207,2026-09-10T07:27:33.718228+00:00,false,microservices,auth,75d289a90ab7d3625976be146cf4ee797879517b22846515fe2ed0d3d65402c6,tcc-microservices-experiment-auth-1,0.02,79209431,1073741824,7.38,3,45.8kB / 40.3kB,4.25MB / 65.5kB
103,2026-09-10T07:27:34.099046+00:00,207,2026-09-10T07:27:33.718228+00:00,false,microservices,gateway,a3507f6b6e8707b4d8bef693406731bedc1351fc0c65693c91ed034b8f121cb2,tcc-microservices-experiment-gateway-1,27.28,488950989,536870912,91.07,75,90.9MB / 101MB,34.6MB / 262kB
103,2026-09-10T07:27:34.099046+00:00,207,2026-09-10T07:27:33.718228+00:00,false,microservices,mysql,e7a08879ce0cca9067650f7cae7fe1181027f96811e24585c71a0234ef956f27,tcc-microservices-experiment-mysql-1,25.06,534773760,1073741824,49.81,40,31.7MB / 101MB,46.3MB / 121MB
103,2026-09-10T07:27:34.099046+00:00,207,2026-09-10T07:27:33.718228+00:00,false,microservices,order,2ec70ae6f80e6f26f6aafd1e740a827589d39b41d7060590c48f7c7e23e21c82,tcc-microservices-experiment-order-1,81.64,82774589,1073741824,7.71,3,122MB / 111MB,7.09MB / 1.5MB
103,2026-09-10T07:27:34.099046+00:00,207,2026-09-10T07:27:33.718228+00:00,false,microservices,product,c2194a2c256149d71286160aeba0411f40a6df44c92c07c23c34d18f5e639653,tcc-microservices-experiment-product-1,0.02,78601257,1073741824,7.32,3,417kB / 282kB,3.76MB / 81.9kB
104,2026-09-10T07:27:35.099025+00:00,209,2026-09-10T07:27:34.719957+00:00,false,microservices,auth,75d289a90ab7d3625976be146cf4ee797879517b22846515fe2ed0d3d65402c6,tcc-microservices-experiment-auth-1,0.02,79209431,1073741824,7.38,3,45.8kB / 40.3kB,4.25MB / 65.5kB
104,2026-09-10T07:27:35.099025+00:00,209,2026-09-10T07:27:34.719957+00:00,false,microservices,gateway,a3507f6b6e8707b4d8bef693406731bedc1351fc0c65693c91ed034b8f121cb2,tcc-microservices-experiment-gateway-1,26.96,487902413,536870912,90.87,75,91.6MB / 102MB,34.6MB / 262kB
104,2026-09-10T07:27:35.099025+00:00,209,2026-09-10T07:27:34.719957+00:00,false,microservices,mysql,e7a08879ce0cca9067650f7cae7fe1181027f96811e24585c71a0234ef956f27,tcc-microservices-experiment-mysql-1,29.2,534668902,1073741824,49.79,40,31.9MB / 102MB,46.3MB / 121MB
104,2026-09-10T07:27:35.099025+00:00,209,2026-09-10T07:27:34.719957+00:00,false,microservices,order,2ec70ae6f80e6f26f6aafd1e740a827589d39b41d7060590c48f7c7e23e21c82,tcc-microservices-experiment-order-1,80.23,82407588,1073741824,7.67,3,122MB / 112MB,7.09MB / 1.5MB
104,2026-09-10T07:27:35.099025+00:00,209,2026-09-10T07:27:34.719957+00:00,false,microservices,product,c2194a2c256149d71286160aeba0411f40a6df44c92c07c23c34d18f5e639653,tcc-microservices-experiment-product-1,0.02,78601257,1073741824,7.32,3,417kB / 282kB,3.76MB / 81.9kB
105,2026-09-10T07:27:36.099041+00:00,211,2026-09-10T07:27:35.720378+00:00,false,microservices,auth,75d289a90ab7d3625976be146cf4ee797879517b22846515fe2ed0d3d65402c6,tcc-microservices-experiment-auth-1,0.02,79209431,1073741824,7.38,3,45.8kB / 40.3kB,4.25MB / 65.5kB
105,2026-09-10T07:27:36.099041+00:00,211,2026-09-10T07:27:35.720378+00:00,false,microservices,gateway,a3507f6b6e8707b4d8bef693406731bedc1351fc0c65693c91ed034b8f121cb2,tcc-microservices-experiment-gateway-1,26.96,487797555,536870912,90.87,75,92.4MB / 102MB,34.6MB / 262kB
105,2026-09-10T07:27:36.099041+00:00,211,2026-09-10T07:27:35.720378+00:00,false,microservices,mysql,e7a08879ce0cca9067650f7cae7fe1181027f96811e24585c71a0234ef956f27,tcc-microservices-experiment-mysql-1,25.14,534773760,1073741824,49.81,40,32.1MB / 103MB,46.3MB / 121MB
105,2026-09-10T07:27:36.099041+00:00,211,2026-09-10T07:27:35.720378+00:00,false,microservices,order,2ec70ae6f80e6f26f6aafd1e740a827589d39b41d7060590c48f7c7e23e21c82,tcc-microservices-experiment-order-1,80.98,82659246,1073741824,7.7,3,123MB / 112MB,7.09MB / 1.5MB
105,2026-09-10T07:27:36.099041+00:00,211,2026-09-10T07:27:35.720378+00:00,false,microservices,product,c2194a2c256149d71286160aeba0411f40a6df44c92c07c23c34d18f5e639653,tcc-microservices-experiment-product-1,0.01,78601257,1073741824,7.32,3,417kB / 282kB,3.76MB / 81.9kB
106,2026-09-10T07:27:37.099042+00:00,213,2026-09-10T07:27:36.719229+00:00,false,microservices,auth,75d289a90ab7d3625976be146cf4ee797879517b22846515fe2ed0d3d65402c6,tcc-microservices-experiment-auth-1,0.02,79209431,1073741824,7.38,3,45.8kB / 40.3kB,4.25MB / 65.5kB
106,2026-09-10T07:27:37.099042+00:00,213,2026-09-10T07:27:36.719229+00:00,false,microservices,gateway,a3507f6b6e8707b4d8bef693406731bedc1351fc0c65693c91ed034b8f121cb2,tcc-microservices-experiment-gateway-1,27.77,488636416,536870912,91.02,75,93.1MB / 103MB,34.6MB / 262kB
106,2026-09-10T07:27:37.099042+00:00,213,2026-09-10T07:27:36.719229+00:00,false,microservices,mysql,e7a08879ce0cca9067650f7cae7fe1181027f96811e24585c71a0234ef956f27,tcc-microservices-experiment-mysql-1,29.21,534564045,1073741824,49.78,40,32.3MB / 104MB,46.3MB / 121MB
106,2026-09-10T07:27:37.099042+00:00,213,2026-09-10T07:27:36.719229+00:00,false,microservices,order,2ec70ae6f80e6f26f6aafd1e740a827589d39b41d7060590c48f7c7e23e21c82,tcc-microservices-experiment-order-1,81.45,83382764,1073741824,7.77,3,124MB / 113MB,7.09MB / 1.5MB
106,2026-09-10T07:27:37.099042+00:00,213,2026-09-10T07:27:36.719229+00:00,false,microservices,product,c2194a2c256149d71286160aeba0411f40a6df44c92c07c23c34d18f5e639653,tcc-microservices-experiment-product-1,0.02,78601257,1073741824,7.32,3,417kB / 282kB,3.76MB / 81.9kB
107,2026-09-10T07:27:38.099052+00:00,215,2026-09-10T07:27:37.718603+00:00,false,microservices,auth,75d289a90ab7d3625976be146cf4ee797879517b22846515fe2ed0d3d65402c6,tcc-microservices-experiment-auth-1,0.02,79209431,1073741824,7.38,3,45.8kB / 40.3kB,4.25MB / 65.5kB
107,2026-09-10T07:27:38.099052+00:00,215,2026-09-10T07:27:37.718603+00:00,false,microservices,gateway,a3507f6b6e8707b4d8bef693406731bedc1351fc0c65693c91ed034b8f121cb2,tcc-microservices-experiment-gateway-1,27.43,488950989,536870912,91.08,75,93.8MB / 104MB,34.6MB / 262kB
107,2026-09-10T07:27:38.099052+00:00,215,2026-09-10T07:27:37.718603+00:00,false,microservices,mysql,e7a08879ce0cca9067650f7cae7fe1181027f96811e24585c71a0234ef956f27,tcc-microservices-experiment-mysql-1,23.98,534354330,1073741824,49.77,40,32.5MB / 104MB,46.3MB / 121MB
107,2026-09-10T07:27:38.099052+00:00,215,2026-09-10T07:27:37.718603+00:00,false,microservices,order,2ec70ae6f80e6f26f6aafd1e740a827589d39b41d7060590c48f7c7e23e21c82,tcc-microservices-experiment-order-1,82.39,83057705,1073741824,7.74,3,125MB / 114MB,7.09MB / 1.5MB
107,2026-09-10T07:27:38.099052+00:00,215,2026-09-10T07:27:37.718603+00:00,false,microservices,product,c2194a2c256149d71286160aeba0411f40a6df44c92c07c23c34d18f5e639653,tcc-microservices-experiment-product-1,0.02,78601257,1073741824,7.32,3,417kB / 282kB,3.76MB / 81.9kB
108,2026-09-10T07:27:39.099014+00:00,217,2026-09-10T07:27:38.719264+00:00,false,microservices,auth,75d289a90ab7d3625976be146cf4ee797879517b22846515fe2ed0d3d65402c6,tcc-microservices-experiment-auth-1,0.02,79209431,1073741824,7.38,3,45.8kB / 40.3kB,4.25MB / 65.5kB
108,2026-09-10T07:27:39.099014+00:00,217,2026-09-10T07:27:38.719264+00:00,false,microservices,gateway,a3507f6b6e8707b4d8bef693406731bedc1351fc0c65693c91ed034b8f121cb2,tcc-microservices-experiment-gateway-1,26.61,488112128,536870912,90.92,75,94.5MB / 105MB,34.6MB / 262kB
108,2026-09-10T07:27:39.099014+00:00,217,2026-09-10T07:27:38.719264+00:00,false,microservices,mysql,e7a08879ce0cca9067650f7cae7fe1181027f96811e24585c71a0234ef956f27,tcc-microservices-experiment-mysql-1,29.16,535193190,1073741824,49.84,40,32.7MB / 105MB,46.3MB / 121MB
108,2026-09-10T07:27:39.099014+00:00,217,2026-09-10T07:27:38.719264+00:00,false,microservices,order,2ec70ae6f80e6f26f6aafd1e740a827589d39b41d7060590c48f7c7e23e21c82,tcc-microservices-experiment-order-1,81.45,82952847,1073741824,7.73,3,126MB / 115MB,7.09MB / 1.5MB
108,2026-09-10T07:27:39.099014+00:00,217,2026-09-10T07:27:38.719264+00:00,false,microservices,product,c2194a2c256149d71286160aeba0411f40a6df44c92c07c23c34d18f5e639653,tcc-microservices-experiment-product-1,0.02,78601257,1073741824,7.32,3,417kB / 282kB,3.76MB / 81.9kB
109,2026-09-10T07:27:40.099045+00:00,219,2026-09-10T07:27:39.718455+00:00,false,microservices,auth,75d289a90ab7d3625976be146cf4ee797879517b22846515fe2ed0d3d65402c6,tcc-microservices-experiment-auth-1,0.02,79209431,1073741824,7.38,3,45.8kB / 40.3kB,4.25MB / 65.5kB
109,2026-09-10T07:27:40.099045+00:00,219,2026-09-10T07:27:39.718455+00:00,false,microservices,gateway,a3507f6b6e8707b4d8bef693406731bedc1351fc0c65693c91ed034b8f121cb2,tcc-microservices-experiment-gateway-1,26.83,488216986,536870912,90.93,75,95.3MB / 106MB,34.6MB / 262kB
109,2026-09-10T07:27:40.099045+00:00,219,2026-09-10T07:27:39.718455+00:00,false,microservices,mysql,e7a08879ce0cca9067650f7cae7fe1181027f96811e24585c71a0234ef956f27,tcc-microservices-experiment-mysql-1,24.54,534144614,1073741824,49.75,40,32.9MB / 106MB,46.3MB / 121MB
109,2026-09-10T07:27:40.099045+00:00,219,2026-09-10T07:27:39.718455+00:00,false,microservices,order,2ec70ae6f80e6f26f6aafd1e740a827589d39b41d7060590c48f7c7e23e21c82,tcc-microservices-experiment-order-1,81.51,82648760,1073741824,7.7,3,127MB / 116MB,7.09MB / 1.7MB
109,2026-09-10T07:27:40.099045+00:00,219,2026-09-10T07:27:39.718455+00:00,false,microservices,product,c2194a2c256149d71286160aeba0411f40a6df44c92c07c23c34d18f5e639653,tcc-microservices-experiment-product-1,0.02,78601257,1073741824,7.32,3,417kB / 282kB,3.76MB / 81.9kB
110,2026-09-10T07:27:41.099049+00:00,221,2026-09-10T07:27:40.719210+00:00,false,microservices,auth,75d289a90ab7d3625976be146cf4ee797879517b22846515fe2ed0d3d65402c6,tcc-microservices-experiment-auth-1,0.02,79209431,1073741824,7.38,3,45.8kB / 40.3kB,4.25MB / 65.5kB
110,2026-09-10T07:27:41.099049+00:00,221,2026-09-10T07:27:40.719210+00:00,false,microservices,gateway,a3507f6b6e8707b4d8bef693406731bedc1351fc0c65693c91ed034b8f121cb2,tcc-microservices-experiment-gateway-1,25.84,488741274,536870912,91.03,75,96MB / 106MB,34.6MB / 262kB
110,2026-09-10T07:27:41.099049+00:00,221,2026-09-10T07:27:40.719210+00:00,false,microservices,mysql,e7a08879ce0cca9067650f7cae7fe1181027f96811e24585c71a0234ef956f27,tcc-microservices-experiment-mysql-1,30.02,535193190,1073741824,49.84,40,33.2MB / 107MB,46.3MB / 121MB
110,2026-09-10T07:27:41.099049+00:00,221,2026-09-10T07:27:40.719210+00:00,false,microservices,order,2ec70ae6f80e6f26f6aafd1e740a827589d39b41d7060590c48f7c7e23e21c82,tcc-microservices-experiment-order-1,80.23,82795561,1073741824,7.71,3,128MB / 117MB,7.09MB / 1.7MB
110,2026-09-10T07:27:41.099049+00:00,221,2026-09-10T07:27:40.719210+00:00,false,microservices,product,c2194a2c256149d71286160aeba0411f40a6df44c92c07c23c34d18f5e639653,tcc-microservices-experiment-product-1,0.01,78601257,1073741824,7.32,3,417kB / 282kB,3.76MB / 81.9kB
111,2026-09-10T07:27:42.099039+00:00,223,2026-09-10T07:27:41.718471+00:00,false,microservices,auth,75d289a90ab7d3625976be146cf4ee797879517b22846515fe2ed0d3d65402c6,tcc-microservices-experiment-auth-1,0.02,79209431,1073741824,7.38,3,45.8kB / 40.3kB,4.25MB / 65.5kB
111,2026-09-10T07:27:42.099039+00:00,223,2026-09-10T07:27:41.718471+00:00,false,microservices,gateway,a3507f6b6e8707b4d8bef693406731bedc1351fc0c65693c91ed034b8f121cb2,tcc-microservices-experiment-gateway-1,26.64,487902413,536870912,90.88,75,96.7MB / 107MB,34.6MB / 262kB
111,2026-09-10T07:27:42.099039+00:00,223,2026-09-10T07:27:41.718471+00:00,false,microservices,mysql,e7a08879ce0cca9067650f7cae7fe1181027f96811e24585c71a0234ef956f27,tcc-microservices-experiment-mysql-1,25.71,534878618,1073741824,49.82,40,33.4MB / 108MB,46.3MB / 121MB
111,2026-09-10T07:27:42.099039+00:00,223,2026-09-10T07:27:41.718471+00:00,false,microservices,order,2ec70ae6f80e6f26f6aafd1e740a827589d39b41d7060590c48f7c7e23e21c82,tcc-microservices-experiment-order-1,80.13,82638275,1073741824,7.7,3,129MB / 118MB,7.09MB / 1.7MB
111,2026-09-10T07:27:42.099039+00:00,223,2026-09-10T07:27:41.718471+00:00,false,microservices,product,c2194a2c256149d71286160aeba0411f40a6df44c92c07c23c34d18f5e639653,tcc-microservices-experiment-product-1,0.01,78601257,1073741824,7.32,3,417kB / 282kB,3.76MB / 81.9kB
112,2026-09-10T07:27:43.099020+00:00,225,2026-09-10T07:27:42.719483+00:00,false,microservices,auth,75d289a90ab7d3625976be146cf4ee797879517b22846515fe2ed0d3d65402c6,tcc-microservices-experiment-auth-1,0.02,79209431,1073741824,7.38,3,45.8kB / 40.3kB,4.25MB / 65.5kB
112,2026-09-10T07:27:43.099020+00:00,225,2026-09-10T07:27:42.719483+00:00,false,microservices,gateway,a3507f6b6e8707b4d8bef693406731bedc1351fc0c65693c91ed034b8f121cb2,tcc-microservices-experiment-gateway-1,27.78,488216986,536870912,90.94,69,97.4MB / 108MB,34.6MB / 262kB
112,2026-09-10T07:27:43.099020+00:00,225,2026-09-10T07:27:42.719483+00:00,false,microservices,mysql,e7a08879ce0cca9067650f7cae7fe1181027f96811e24585c71a0234ef956f27,tcc-microservices-experiment-mysql-1,29.44,534983475,1073741824,49.83,40,33.6MB / 108MB,46.3MB / 121MB
112,2026-09-10T07:27:43.099020+00:00,225,2026-09-10T07:27:42.719483+00:00,false,microservices,order,2ec70ae6f80e6f26f6aafd1e740a827589d39b41d7060590c48f7c7e23e21c82,tcc-microservices-experiment-order-1,81.16,83089162,1073741824,7.74,3,130MB / 118MB,7.09MB / 1.7MB
112,2026-09-10T07:27:43.099020+00:00,225,2026-09-10T07:27:42.719483+00:00,false,microservices,product,c2194a2c256149d71286160aeba0411f40a6df44c92c07c23c34d18f5e639653,tcc-microservices-experiment-product-1,0.02,78601257,1073741824,7.32,3,417kB / 282kB,3.76MB / 81.9kB
113,2026-09-10T07:27:44.099039+00:00,227,2026-09-10T07:27:43.718045+00:00,false,microservices,auth,75d289a90ab7d3625976be146cf4ee797879517b22846515fe2ed0d3d65402c6,tcc-microservices-experiment-auth-1,0.02,79209431,1073741824,7.38,3,45.8kB / 40.3kB,4.25MB / 65.5kB
113,2026-09-10T07:27:44.099039+00:00,227,2026-09-10T07:27:43.718045+00:00,false,microservices,gateway,a3507f6b6e8707b4d8bef693406731bedc1351fc0c65693c91ed034b8f121cb2,tcc-microservices-experiment-gateway-1,25.78,489160704,536870912,91.12,69,98.1MB / 109MB,34.6MB / 274kB
113,2026-09-10T07:27:44.099039+00:00,227,2026-09-10T07:27:43.718045+00:00,false,microservices,mysql,e7a08879ce0cca9067650f7cae7fe1181027f96811e24585c71a0234ef956f27,tcc-microservices-experiment-mysql-1,26.21,534249472,1073741824,49.76,40,33.8MB / 109MB,46.3MB / 121MB
113,2026-09-10T07:27:44.099039+00:00,227,2026-09-10T07:27:43.718045+00:00,false,microservices,order,2ec70ae6f80e6f26f6aafd1e740a827589d39b41d7060590c48f7c7e23e21c82,tcc-microservices-experiment-order-1,80.15,83581993,1073741824,7.78,3,131MB / 119MB,7.09MB / 1.7MB
113,2026-09-10T07:27:44.099039+00:00,227,2026-09-10T07:27:43.718045+00:00,false,microservices,product,c2194a2c256149d71286160aeba0411f40a6df44c92c07c23c34d18f5e639653,tcc-microservices-experiment-product-1,0.02,78601257,1073741824,7.32,3,417kB / 282kB,3.76MB / 81.9kB
114,2026-09-10T07:27:45.099038+00:00,229,2026-09-10T07:27:44.719759+00:00,false,microservices,auth,75d289a90ab7d3625976be146cf4ee797879517b22846515fe2ed0d3d65402c6,tcc-microservices-experiment-auth-1,0.02,79209431,1073741824,7.38,3,45.8kB / 40.3kB,4.25MB / 65.5kB
114,2026-09-10T07:27:45.099038+00:00,229,2026-09-10T07:27:44.719759+00:00,false,microservices,gateway,a3507f6b6e8707b4d8bef693406731bedc1351fc0c65693c91ed034b8f121cb2,tcc-microservices-experiment-gateway-1,27.05,487902413,536870912,90.87,69,98.8MB / 110MB,34.6MB / 274kB
114,2026-09-10T07:27:45.099038+00:00,229,2026-09-10T07:27:44.719759+00:00,false,microservices,mysql,e7a08879ce0cca9067650f7cae7fe1181027f96811e24585c71a0234ef956f27,tcc-microservices-experiment-mysql-1,30.83,534773760,1073741824,49.8,40,34MB / 110MB,46.3MB / 121MB
114,2026-09-10T07:27:45.099038+00:00,229,2026-09-10T07:27:44.719759+00:00,false,microservices,order,2ec70ae6f80e6f26f6aafd1e740a827589d39b41d7060590c48f7c7e23e21c82,tcc-microservices-experiment-order-1,79.23,82827018,1073741824,7.71,3,132MB / 120MB,7.09MB / 1.7MB
114,2026-09-10T07:27:45.099038+00:00,229,2026-09-10T07:27:44.719759+00:00,false,microservices,product,c2194a2c256149d71286160aeba0411f40a6df44c92c07c23c34d18f5e639653,tcc-microservices-experiment-product-1,0.02,78601257,1073741824,7.32,3,417kB / 282kB,3.76MB / 81.9kB
115,2026-09-10T07:27:46.099041+00:00,231,2026-09-10T07:27:45.718134+00:00,false,microservices,auth,75d289a90ab7d3625976be146cf4ee797879517b22846515fe2ed0d3d65402c6,tcc-microservices-experiment-auth-1,0.02,79209431,1073741824,7.38,3,45.8kB / 40.3kB,4.25MB / 65.5kB
115,2026-09-10T07:27:46.099041+00:00,231,2026-09-10T07:27:45.718134+00:00,false,microservices,gateway,a3507f6b6e8707b4d8bef693406731bedc1351fc0c65693c91ed034b8f121cb2,tcc-microservices-experiment-gateway-1,26.52,488112128,536870912,90.91,69,99.6MB / 110MB,34.6MB / 274kB
115,2026-09-10T07:27:46.099041+00:00,231,2026-09-10T07:27:45.718134+00:00,false,microservices,mysql,e7a08879ce0cca9067650f7cae7fe1181027f96811e24585c71a0234ef956f27,tcc-microservices-experiment-mysql-1,25.35,534144614,1073741824,49.74,40,34.2MB / 111MB,46.3MB / 121MB
115,2026-09-10T07:27:46.099041+00:00,231,2026-09-10T07:27:45.718134+00:00,false,microservices,order,2ec70ae6f80e6f26f6aafd1e740a827589d39b41d7060590c48f7c7e23e21c82,tcc-microservices-experiment-order-1,80.77,82617303,1073741824,7.69,3,133MB / 121MB,7.09MB / 1.7MB
115,2026-09-10T07:27:46.099041+00:00,231,2026-09-10T07:27:45.718134+00:00,false,microservices,product,c2194a2c256149d71286160aeba0411f40a6df44c92c07c23c34d18f5e639653,tcc-microservices-experiment-product-1,0.02,78601257,1073741824,7.32,3,417kB / 282kB,3.76MB / 81.9kB
116,2026-09-10T07:27:47.099037+00:00,233,2026-09-10T07:27:46.720311+00:00,false,microservices,auth,75d289a90ab7d3625976be146cf4ee797879517b22846515fe2ed0d3d65402c6,tcc-microservices-experiment-auth-1,0.02,79209431,1073741824,7.38,3,45.8kB / 40.3kB,4.25MB / 65.5kB
116,2026-09-10T07:27:47.099037+00:00,233,2026-09-10T07:27:46.720311+00:00,false,microservices,gateway,a3507f6b6e8707b4d8bef693406731bedc1351fc0c65693c91ed034b8f121cb2,tcc-microservices-experiment-gateway-1,27.01,488112128,536870912,90.93,69,100MB / 111MB,34.6MB / 274kB
116,2026-09-10T07:27:47.099037+00:00,233,2026-09-10T07:27:46.720311+00:00,false,microservices,mysql,e7a08879ce0cca9067650f7cae7fe1181027f96811e24585c71a0234ef956f27,tcc-microservices-experiment-mysql-1,29.71,535088333,1073741824,49.83,40,34.4MB / 111MB,46.3MB / 121MB
116,2026-09-10T07:27:47.099037+00:00,233,2026-09-10T07:27:46.720311+00:00,false,microservices,order,2ec70ae6f80e6f26f6aafd1e740a827589d39b41d7060590c48f7c7e23e21c82,tcc-microservices-experiment-order-1,81.02,82512445,1073741824,7.68,3,133MB / 122MB,7.09MB / 1.7MB
116,2026-09-10T07:27:47.099037+00:00,233,2026-09-10T07:27:46.720311+00:00,false,microservices,product,c2194a2c256149d71286160aeba0411f40a6df44c92c07c23c34d18f5e639653,tcc-microservices-experiment-product-1,0.02,78601257,1073741824,7.32,3,417kB / 282kB,3.76MB / 81.9kB
117,2026-09-10T07:27:48.099025+00:00,235,2026-09-10T07:27:47.719248+00:00,false,microservices,auth,75d289a90ab7d3625976be146cf4ee797879517b22846515fe2ed0d3d65402c6,tcc-microservices-experiment-auth-1,0.02,79209431,1073741824,7.38,3,45.8kB / 40.3kB,4.25MB / 65.5kB
117,2026-09-10T07:27:48.099025+00:00,235,2026-09-10T07:27:47.719248+00:00,false,microservices,gateway,a3507f6b6e8707b4d8bef693406731bedc1351fc0c65693c91ed034b8f121cb2,tcc-microservices-experiment-gateway-1,27.07,488321843,536870912,90.95,69,101MB / 112MB,34.6MB / 274kB
117,2026-09-10T07:27:48.099025+00:00,235,2026-09-10T07:27:47.719248+00:00,false,microservices,mysql,e7a08879ce0cca9067650f7cae7fe1181027f96811e24585c71a0234ef956f27,tcc-microservices-experiment-mysql-1,25.49,534668902,1073741824,49.79,40,34.7MB / 112MB,46.3MB / 121MB
117,2026-09-10T07:27:48.099025+00:00,235,2026-09-10T07:27:47.719248+00:00,false,microservices,order,2ec70ae6f80e6f26f6aafd1e740a827589d39b41d7060590c48f7c7e23e21c82,tcc-microservices-experiment-order-1,81.92,82868961,1073741824,7.72,3,134MB / 123MB,7.09MB / 1.7MB
117,2026-09-10T07:27:48.099025+00:00,235,2026-09-10T07:27:47.719248+00:00,false,microservices,product,c2194a2c256149d71286160aeba0411f40a6df44c92c07c23c34d18f5e639653,tcc-microservices-experiment-product-1,0.02,78601257,1073741824,7.32,3,417kB / 282kB,3.76MB / 81.9kB
118,2026-09-10T07:27:49.099036+00:00,237,2026-09-10T07:27:48.719264+00:00,false,microservices,auth,75d289a90ab7d3625976be146cf4ee797879517b22846515fe2ed0d3d65402c6,tcc-microservices-experiment-auth-1,0.02,79209431,1073741824,7.38,3,45.8kB / 40.3kB,4.25MB / 65.5kB
118,2026-09-10T07:27:49.099036+00:00,237,2026-09-10T07:27:48.719264+00:00,false,microservices,gateway,a3507f6b6e8707b4d8bef693406731bedc1351fc0c65693c91ed034b8f121cb2,tcc-microservices-experiment-gateway-1,26.34,488950989,536870912,91.08,69,102MB / 113MB,34.6MB / 274kB
118,2026-09-10T07:27:49.099036+00:00,237,2026-09-10T07:27:48.719264+00:00,false,microservices,mysql,e7a08879ce0cca9067650f7cae7fe1181027f96811e24585c71a0234ef956f27,tcc-microservices-experiment-mysql-1,29.23,534878618,1073741824,49.82,40,34.9MB / 113MB,46.3MB / 121MB
118,2026-09-10T07:27:49.099036+00:00,237,2026-09-10T07:27:48.719264+00:00,false,microservices,order,2ec70ae6f80e6f26f6aafd1e740a827589d39b41d7060590c48f7c7e23e21c82,tcc-microservices-experiment-order-1,80.87,83152077,1073741824,7.74,3,135MB / 123MB,7.09MB / 1.7MB
118,2026-09-10T07:27:49.099036+00:00,237,2026-09-10T07:27:48.719264+00:00,false,microservices,product,c2194a2c256149d71286160aeba0411f40a6df44c92c07c23c34d18f5e639653,tcc-microservices-experiment-product-1,0.02,78601257,1073741824,7.32,3,417kB / 282kB,3.76MB / 81.9kB
119,2026-09-10T07:27:50.099037+00:00,239,2026-09-10T07:27:49.718320+00:00,false,microservices,auth,75d289a90ab7d3625976be146cf4ee797879517b22846515fe2ed0d3d65402c6,tcc-microservices-experiment-auth-1,0.02,79209431,1073741824,7.38,3,45.8kB / 40.3kB,4.25MB / 65.5kB
119,2026-09-10T07:27:50.099037+00:00,239,2026-09-10T07:27:49.718320+00:00,false,microservices,gateway,a3507f6b6e8707b4d8bef693406731bedc1351fc0c65693c91ed034b8f121cb2,tcc-microservices-experiment-gateway-1,28.05,488636416,536870912,91.01,69,102MB / 114MB,34.6MB / 274kB
119,2026-09-10T07:27:50.099037+00:00,239,2026-09-10T07:27:49.718320+00:00,false,microservices,mysql,e7a08879ce0cca9067650f7cae7fe1181027f96811e24585c71a0234ef956f27,tcc-microservices-experiment-mysql-1,25.22,534878618,1073741824,49.82,40,35.1MB / 114MB,46.3MB / 121MB
119,2026-09-10T07:27:50.099037+00:00,239,2026-09-10T07:27:49.718320+00:00,false,microservices,order,2ec70ae6f80e6f26f6aafd1e740a827589d39b41d7060590c48f7c7e23e21c82,tcc-microservices-experiment-order-1,81.2,82952847,1073741824,7.73,3,136MB / 124MB,7.09MB / 1.7MB
119,2026-09-10T07:27:50.099037+00:00,239,2026-09-10T07:27:49.718320+00:00,false,microservices,product,c2194a2c256149d71286160aeba0411f40a6df44c92c07c23c34d18f5e639653,tcc-microservices-experiment-product-1,0.02,78601257,1073741824,7.32,3,417kB / 282kB,3.76MB / 81.9kB
120,2026-09-10T07:27:51.099045+00:00,241,2026-09-10T07:27:50.718361+00:00,false,microservices,auth,75d289a90ab7d3625976be146cf4ee797879517b22846515fe2ed0d3d65402c6,tcc-microservices-experiment-auth-1,0.02,79209431,1073741824,7.38,3,45.8kB / 40.3kB,4.25MB / 65.5kB
120,2026-09-10T07:27:51.099045+00:00,241,2026-09-10T07:27:50.718361+00:00,false,microservices,gateway,a3507f6b6e8707b4d8bef693406731bedc1351fc0c65693c91ed034b8f121cb2,tcc-microservices-experiment-gateway-1,26.09,488531558,536870912,91.0,69,103MB / 114MB,34.6MB / 274kB
120,2026-09-10T07:27:51.099045+00:00,241,2026-09-10T07:27:50.718361+00:00,false,microservices,mysql,e7a08879ce0cca9067650f7cae7fe1181027f96811e24585c71a0234ef956f27,tcc-microservices-experiment-mysql-1,30.47,534668902,1073741824,49.8,40,35.3MB / 114MB,46.3MB / 121MB
120,2026-09-10T07:27:51.099045+00:00,241,2026-09-10T07:27:50.718361+00:00,false,microservices,order,2ec70ae6f80e6f26f6aafd1e740a827589d39b41d7060590c48f7c7e23e21c82,tcc-microservices-experiment-order-1,80.12,83194020,1073741824,7.75,3,137MB / 125MB,7.09MB / 1.7MB
120,2026-09-10T07:27:51.099045+00:00,241,2026-09-10T07:27:50.718361+00:00,false,microservices,product,c2194a2c256149d71286160aeba0411f40a6df44c92c07c23c34d18f5e639653,tcc-microservices-experiment-product-1,0.01,78601257,1073741824,7.32,3,417kB / 282kB,3.76MB / 81.9kB
