sample_index,captured_at_utc,docker_refresh_sequence,docker_refresh_captured_at_utc,docker_refresh_reused,architecture,service,container_id,container_name,cpu_percent,memory_used_bytes,memory_limit_bytes,memory_percent,pids,network_io,block_io
1,2026-09-10T11:36:54.507501+00:00,3,2026-09-10T11:36:54.128432+00:00,false,microservices,auth,253a7e20eec58ff1fdd30a235e182aa111d12b6bd79e562772a4457f801816ff,tcc-microservices-experiment-auth-1,0.02,79272346,1073741824,7.38,3,45.3kB / 40.3kB,12.1MB / 65.5kB
1,2026-09-10T11:36:54.507501+00:00,3,2026-09-10T11:36:54.128432+00:00,false,microservices,gateway,3bb11d31bf741218ad169cb6931b14a74292d85b11224ee298df7548f695516f,tcc-microservices-experiment-gateway-1,0.12,443442790,536870912,82.6,72,1.27MB / 1.62MB,39.6MB / 180kB
1,2026-09-10T11:36:54.507501+00:00,3,2026-09-10T11:36:54.128432+00:00,false,microservices,mysql,d8fac9a218def48484c5274a5c721fd1ab04b03f0f91605588141e7e6c91336e,tcc-microservices-experiment-mysql-1,1.22,545259520,1073741824,50.79,41,10.3MB / 18.4MB,57.9MB / 224MB
1,2026-09-10T11:36:54.507501+00:00,3,2026-09-10T11:36:54.128432+00:00,false,microservices,order,a77af749719268a95713bc4075f56cb6589702e65da79deaee425ceb403e64de,tcc-microservices-experiment-order-1,0.02,80562094,1073741824,7.5,3,11.9MB / 8.18MB,12.4MB / 77.8kB
1,2026-09-10T11:36:54.507501+00:00,3,2026-09-10T11:36:54.128432+00:00,false,microservices,product,e6dd4875d61f2f2472c37568ba21c331a1edb0e428f74083ecf3867a133b7534,tcc-microservices-experiment-product-1,0.02,79157002,1073741824,7.37,3,9.4MB / 4.92MB,12.5MB / 81.9kB
2,2026-09-10T11:36:55.507517+00:00,5,2026-09-10T11:36:55.127676+00:00,false,microservices,auth,253a7e20eec58ff1fdd30a235e182aa111d12b6bd79e562772a4457f801816ff,tcc-microservices-experiment-auth-1,0.02,79272346,1073741824,7.38,3,45.3kB / 40.3kB,12.1MB / 65.5kB
2,2026-09-10T11:36:55.507517+00:00,5,2026-09-10T11:36:55.127676+00:00,false,microservices,gateway,3bb11d31bf741218ad169cb6931b14a74292d85b11224ee298df7548f695516f,tcc-microservices-experiment-gateway-1,0.1,443442790,536870912,82.6,72,1.27MB / 1.62MB,39.6MB / 180kB
2,2026-09-10T11:36:55.507517+00:00,5,2026-09-10T11:36:55.127676+00:00,false,microservices,mysql,d8fac9a218def48484c5274a5c721fd1ab04b03f0f91605588141e7e6c91336e,tcc-microservices-experiment-mysql-1,4.95,544420659,1073741824,50.71,41,10.3MB / 18.4MB,57.9MB / 224MB
2,2026-09-10T11:36:55.507517+00:00,5,2026-09-10T11:36:55.127676+00:00,false,microservices,order,a77af749719268a95713bc4075f56cb6589702e65da79deaee425ceb403e64de,tcc-microservices-experiment-order-1,0.02,80551608,1073741824,7.5,3,11.9MB / 8.18MB,12.4MB / 77.8kB
2,2026-09-10T11:36:55.507517+00:00,5,2026-09-10T11:36:55.127676+00:00,false,microservices,product,e6dd4875d61f2f2472c37568ba21c331a1edb0e428f74083ecf3867a133b7534,tcc-microservices-experiment-product-1,0.02,78884372,1073741824,7.35,3,9.4MB / 4.92MB,12.5MB / 81.9kB
3,2026-09-10T11:36:56.507499+00:00,7,2026-09-10T11:36:56.128993+00:00,false,microservices,auth,253a7e20eec58ff1fdd30a235e182aa111d12b6bd79e562772a4457f801816ff,tcc-microservices-experiment-auth-1,0.02,79261860,1073741824,7.38,3,45.3kB / 40.3kB,12.1MB / 65.5kB
3,2026-09-10T11:36:56.507499+00:00,7,2026-09-10T11:36:56.128993+00:00,false,microservices,gateway,3bb11d31bf741218ad169cb6931b14a74292d85b11224ee298df7548f695516f,tcc-microservices-experiment-gateway-1,0.12,443442790,536870912,82.6,72,1.27MB / 1.62MB,39.6MB / 180kB
3,2026-09-10T11:36:56.507499+00:00,7,2026-09-10T11:36:56.128993+00:00,false,microservices,mysql,d8fac9a218def48484c5274a5c721fd1ab04b03f0f91605588141e7e6c91336e,tcc-microservices-experiment-mysql-1,0.75,544106086,1073741824,50.68,41,10.3MB / 18.4MB,57.9MB / 224MB
3,2026-09-10T11:36:56.507499+00:00,7,2026-09-10T11:36:56.128993+00:00,false,microservices,order,a77af749719268a95713bc4075f56cb6589702e65da79deaee425ceb403e64de,tcc-microservices-experiment-order-1,0.02,80551608,1073741824,7.5,3,11.9MB / 8.18MB,12.4MB / 77.8kB
3,2026-09-10T11:36:56.507499+00:00,7,2026-09-10T11:36:56.128993+00:00,false,microservices,product,e6dd4875d61f2f2472c37568ba21c331a1edb0e428f74083ecf3867a133b7534,tcc-microservices-experiment-product-1,0.02,78884372,1073741824,7.35,3,9.4MB / 4.92MB,12.5MB / 81.9kB
4,2026-09-10T11:36:57.507492+00:00,9,2026-09-10T11:36:57.129241+00:00,false,microservices,auth,253a7e20eec58ff1fdd30a235e182aa111d12b6bd79e562772a4457f801816ff,tcc-microservices-experiment-auth-1,0.02,79261860,1073741824,7.38,3,45.3kB / 40.3kB,12.1MB / 65.5kB
4,2026-09-10T11:36:57.507492+00:00,9,2026-09-10T11:36:57.129241+00:00,false,microservices,gateway,3bb11d31bf741218ad169cb6931b14a74292d85b11224ee298df7548f695516f,tcc-microservices-experiment-gateway-1,19.51,445644800,536870912,83.01,77,1.32MB / 1.68MB,39.6MB / 180kB
4,2026-09-10T11:36:57.507492+00:00,9,2026-09-10T11:36:57.129241+00:00,false,microservices,mysql,d8fac9a218def48484c5274a5c721fd1ab04b03f0f91605588141e7e6c91336e,tcc-microservices-experiment-mysql-1,26.93,545049805,1073741824,50.76,41,10.5MB / 18.7MB,57.9MB / 228MB
4,2026-09-10T11:36:57.507492+00:00,9,2026-09-10T11:36:57.129241+00:00,false,microservices,order,a77af749719268a95713bc4075f56cb6589702e65da79deaee425ceb403e64de,tcc-microservices-experiment-order-1,24.8,82732646,1073741824,7.71,3,12.1MB / 8.31MB,12.4MB / 77.8kB
4,2026-09-10T11:36:57.507492+00:00,9,2026-09-10T11:36:57.129241+00:00,false,microservices,product,e6dd4875d61f2f2472c37568ba21c331a1edb0e428f74083ecf3867a133b7534,tcc-microservices-experiment-product-1,29.22,81411441,1073741824,7.58,3,9.66MB / 5.06MB,12.5MB / 81.9kB
5,2026-09-10T11:36:58.507510+00:00,11,2026-09-10T11:36:58.128456+00:00,false,microservices,auth,253a7e20eec58ff1fdd30a235e182aa111d12b6bd79e562772a4457f801816ff,tcc-microservices-experiment-auth-1,0.01,79261860,1073741824,7.38,3,45.3kB / 40.3kB,12.1MB / 65.5kB
5,2026-09-10T11:36:58.507510+00:00,11,2026-09-10T11:36:58.128456+00:00,false,microservices,gateway,3bb11d31bf741218ad169cb6931b14a74292d85b11224ee298df7548f695516f,tcc-microservices-experiment-gateway-1,23.84,446693376,536870912,83.21,77,1.37MB / 1.74MB,39.6MB / 197kB
5,2026-09-10T11:36:58.507510+00:00,11,2026-09-10T11:36:58.128456+00:00,false,microservices,mysql,d8fac9a218def48484c5274a5c721fd1ab04b03f0f91605588141e7e6c91336e,tcc-microservices-experiment-mysql-1,25.4,545259520,1073741824,50.78,41,10.7MB / 19.2MB,57.9MB / 231MB
5,2026-09-10T11:36:58.507510+00:00,11,2026-09-10T11:36:58.128456+00:00,false,microservices,order,a77af749719268a95713bc4075f56cb6589702e65da79deaee425ceb403e64de,tcc-microservices-experiment-order-1,26.26,82145444,1073741824,7.65,3,12.3MB / 8.44MB,12.4MB / 77.8kB
5,2026-09-10T11:36:58.507510+00:00,11,2026-09-10T11:36:58.128456+00:00,false,microservices,product,e6dd4875d61f2f2472c37568ba21c331a1edb0e428f74083ecf3867a133b7534,tcc-microservices-experiment-product-1,32.27,80813752,1073741824,7.53,3,9.98MB / 5.22MB,12.5MB / 81.9kB
6,2026-09-10T11:36:59.507534+00:00,13,2026-09-10T11:36:59.127134+00:00,false,microservices,auth,253a7e20eec58ff1fdd30a235e182aa111d12b6bd79e562772a4457f801816ff,tcc-microservices-experiment-auth-1,0.02,79261860,1073741824,7.38,3,45.3kB / 40.3kB,12.1MB / 65.5kB
6,2026-09-10T11:36:59.507534+00:00,13,2026-09-10T11:36:59.127134+00:00,false,microservices,gateway,3bb11d31bf741218ad169cb6931b14a74292d85b11224ee298df7548f695516f,tcc-microservices-experiment-gateway-1,13.73,445330227,536870912,82.95,77,1.41MB / 1.79MB,39.6MB / 197kB
6,2026-09-10T11:36:59.507534+00:00,13,2026-09-10T11:36:59.127134+00:00,false,microservices,mysql,d8fac9a218def48484c5274a5c721fd1ab04b03f0f91605588141e7e6c91336e,tcc-microservices-experiment-mysql-1,30.16,546203238,1073741824,50.87,41,10.9MB / 19.6MB,57.9MB / 233MB
6,2026-09-10T11:36:59.507534+00:00,13,2026-09-10T11:36:59.127134+00:00,false,microservices,order,a77af749719268a95713bc4075f56cb6589702e65da79deaee425ceb403e64de,tcc-microservices-experiment-order-1,27.0,82229330,1073741824,7.66,3,12.5MB / 8.58MB,12.4MB / 77.8kB
6,2026-09-10T11:36:59.507534+00:00,13,2026-09-10T11:36:59.127134+00:00,false,microservices,product,e6dd4875d61f2f2472c37568ba21c331a1edb0e428f74083ecf3867a133b7534,tcc-microservices-experiment-product-1,32.09,80855695,1073741824,7.53,3,10.3MB / 5.38MB,12.5MB / 81.9kB
7,2026-09-10T11:37:00.507496+00:00,15,2026-09-10T11:37:00.127350+00:00,false,microservices,auth,253a7e20eec58ff1fdd30a235e182aa111d12b6bd79e562772a4457f801816ff,tcc-microservices-experiment-auth-1,0.02,79261860,1073741824,7.38,3,45.3kB / 40.3kB,12.1MB / 65.5kB
7,2026-09-10T11:37:00.507496+00:00,15,2026-09-10T11:37:00.127350+00:00,false,microservices,gateway,3bb11d31bf741218ad169cb6931b14a74292d85b11224ee298df7548f695516f,tcc-microservices-experiment-gateway-1,12.9,445854515,536870912,83.05,77,1.45MB / 1.85MB,39.6MB / 197kB
7,2026-09-10T11:37:00.507496+00:00,15,2026-09-10T11:37:00.127350+00:00,false,microservices,mysql,d8fac9a218def48484c5274a5c721fd1ab04b03f0f91605588141e7e6c91336e,tcc-microservices-experiment-mysql-1,25.71,546203238,1073741824,50.86,41,11.1MB / 20MB,57.9MB / 236MB
7,2026-09-10T11:37:00.507496+00:00,15,2026-09-10T11:37:00.127350+00:00,false,microservices,order,a77af749719268a95713bc4075f56cb6589702e65da79deaee425ceb403e64de,tcc-microservices-experiment-order-1,27.13,82564874,1073741824,7.69,3,12.8MB / 8.72MB,12.4MB / 77.8kB
7,2026-09-10T11:37:00.507496+00:00,15,2026-09-10T11:37:00.127350+00:00,false,microservices,product,e6dd4875d61f2f2472c37568ba21c331a1edb0e428f74083ecf3867a133b7534,tcc-microservices-experiment-product-1,32.12,81170268,1073741824,7.56,3,10.6MB / 5.54MB,12.5MB / 81.9kB
8,2026-09-10T11:37:01.507491+00:00,17,2026-09-10T11:37:01.127688+00:00,false,microservices,auth,253a7e20eec58ff1fdd30a235e182aa111d12b6bd79e562772a4457f801816ff,tcc-microservices-experiment-auth-1,0.02,79261860,1073741824,7.38,3,45.3kB / 40.3kB,12.1MB / 65.5kB
8,2026-09-10T11:37:01.507491+00:00,17,2026-09-10T11:37:01.127688+00:00,false,microservices,gateway,3bb11d31bf741218ad169cb6931b14a74292d85b11224ee298df7548f695516f,tcc-microservices-experiment-gateway-1,32.32,447532237,536870912,83.37,77,1.49MB / 1.9MB,39.6MB / 197kB
8,2026-09-10T11:37:01.507491+00:00,17,2026-09-10T11:37:01.127688+00:00,false,microservices,mysql,d8fac9a218def48484c5274a5c721fd1ab04b03f0f91605588141e7e6c91336e,tcc-microservices-experiment-mysql-1,30.68,545993523,1073741824,50.85,41,11.3MB / 20.5MB,57.9MB / 239MB
8,2026-09-10T11:37:01.507491+00:00,17,2026-09-10T11:37:01.127688+00:00,false,microservices,order,a77af749719268a95713bc4075f56cb6589702e65da79deaee425ceb403e64de,tcc-microservices-experiment-order-1,27.06,81369498,1073741824,7.58,3,13MB / 8.86MB,12.4MB / 77.8kB
8,2026-09-10T11:37:01.507491+00:00,17,2026-09-10T11:37:01.127688+00:00,false,microservices,product,e6dd4875d61f2f2472c37568ba21c331a1edb0e428f74083ecf3867a133b7534,tcc-microservices-experiment-product-1,32.33,80310436,1073741824,7.48,3,10.9MB / 5.69MB,12.5MB / 81.9kB
9,2026-09-10T11:37:02.507506+00:00,19,2026-09-10T11:37:02.128230+00:00,false,microservices,auth,253a7e20eec58ff1fdd30a235e182aa111d12b6bd79e562772a4457f801816ff,tcc-microservices-experiment-auth-1,0.02,79261860,1073741824,7.38,3,45.3kB / 40.3kB,12.1MB / 65.5kB
9,2026-09-10T11:37:02.507506+00:00,19,2026-09-10T11:37:02.128230+00:00,false,microservices,gateway,3bb11d31bf741218ad169cb6931b14a74292d85b11224ee298df7548f695516f,tcc-microservices-experiment-gateway-1,10.87,448056525,536870912,83.46,77,1.54MB / 1.96MB,39.6MB / 197kB
9,2026-09-10T11:37:02.507506+00:00,19,2026-09-10T11:37:02.128230+00:00,false,microservices,mysql,d8fac9a218def48484c5274a5c721fd1ab04b03f0f91605588141e7e6c91336e,tcc-microservices-experiment-mysql-1,25.74,546517811,1073741824,50.9,41,11.5MB / 20.9MB,57.9MB / 242MB
9,2026-09-10T11:37:02.507506+00:00,19,2026-09-10T11:37:02.128230+00:00,false,microservices,order,a77af749719268a95713bc4075f56cb6589702e65da79deaee425ceb403e64de,tcc-microservices-experiment-order-1,26.47,83120620,1073741824,7.74,3,13.2MB / 9MB,12.4MB / 77.8kB
9,2026-09-10T11:37:02.507506+00:00,19,2026-09-10T11:37:02.128230+00:00,false,microservices,product,e6dd4875d61f2f2472c37568ba21c331a1edb0e428f74083ecf3867a133b7534,tcc-microservices-experiment-product-1,32.7,81359012,1073741824,7.58,3,11.2MB / 5.85MB,12.5MB / 81.9kB
10,2026-09-10T11:37:03.507477+00:00,21,2026-09-10T11:37:03.128270+00:00,false,microservices,auth,253a7e20eec58ff1fdd30a235e182aa111d12b6bd79e562772a4457f801816ff,tcc-microservices-experiment-auth-1,0.01,79261860,1073741824,7.38,3,45.3kB / 40.3kB,12.1MB / 65.5kB
10,2026-09-10T11:37:03.507477+00:00,21,2026-09-10T11:37:03.128270+00:00,false,microservices,gateway,3bb11d31bf741218ad169cb6931b14a74292d85b11224ee298df7548f695516f,tcc-microservices-experiment-gateway-1,18.98,447846810,536870912,83.42,77,1.58MB / 2.01MB,39.6MB / 197kB
10,2026-09-10T11:37:03.507477+00:00,21,2026-09-10T11:37:03.128270+00:00,false,microservices,mysql,d8fac9a218def48484c5274a5c721fd1ab04b03f0f91605588141e7e6c91336e,tcc-microservices-experiment-mysql-1,29.64,553752986,1073741824,51.57,42,11.7MB / 21.3MB,57.9MB / 245MB
10,2026-09-10T11:37:03.507477+00:00,21,2026-09-10T11:37:03.128270+00:00,false,microservices,order,a77af749719268a95713bc4075f56cb6589702e65da79deaee425ceb403e64de,tcc-microservices-experiment-order-1,26.89,82785075,1073741824,7.71,3,13.4MB / 9.14MB,12.4MB / 77.8kB
10,2026-09-10T11:37:03.507477+00:00,21,2026-09-10T11:37:03.128270+00:00,false,microservices,product,e6dd4875d61f2f2472c37568ba21c331a1edb0e428f74083ecf3867a133b7534,tcc-microservices-experiment-product-1,32.42,81862328,1073741824,7.62,3,11.5MB / 6.01MB,12.5MB / 81.9kB
11,2026-09-10T11:37:04.507478+00:00,23,2026-09-10T11:37:04.127983+00:00,false,microservices,auth,253a7e20eec58ff1fdd30a235e182aa111d12b6bd79e562772a4457f801816ff,tcc-microservices-experiment-auth-1,0.02,79261860,1073741824,7.38,3,45.3kB / 40.3kB,12.1MB / 65.5kB
11,2026-09-10T11:37:04.507478+00:00,23,2026-09-10T11:37:04.127983+00:00,false,microservices,gateway,3bb11d31bf741218ad169cb6931b14a74292d85b11224ee298df7548f695516f,tcc-microservices-experiment-gateway-1,11.76,449105101,536870912,83.66,77,1.62MB / 2.07MB,39.6MB / 197kB
11,2026-09-10T11:37:04.507478+00:00,23,2026-09-10T11:37:04.127983+00:00,false,microservices,mysql,d8fac9a218def48484c5274a5c721fd1ab04b03f0f91605588141e7e6c91336e,tcc-microservices-experiment-mysql-1,25.86,546412954,1073741824,50.89,41,11.9MB / 21.8MB,57.9MB / 248MB
11,2026-09-10T11:37:04.507478+00:00,23,2026-09-10T11:37:04.127983+00:00,false,microservices,order,a77af749719268a95713bc4075f56cb6589702e65da79deaee425ceb403e64de,tcc-microservices-experiment-order-1,26.01,82795561,1073741824,7.71,3,13.7MB / 9.27MB,12.4MB / 77.8kB
11,2026-09-10T11:37:04.507478+00:00,23,2026-09-10T11:37:04.127983+00:00,false,microservices,product,e6dd4875d61f2f2472c37568ba21c331a1edb0e428f74083ecf3867a133b7534,tcc-microservices-experiment-product-1,32.31,81684070,1073741824,7.61,3,11.8MB / 6.17MB,12.5MB / 81.9kB
12,2026-09-10T11:37:05.507504+00:00,25,2026-09-10T11:37:05.128224+00:00,false,microservices,auth,253a7e20eec58ff1fdd30a235e182aa111d12b6bd79e562772a4457f801816ff,tcc-microservices-experiment-auth-1,0.02,79261860,1073741824,7.38,3,45.3kB / 40.3kB,12.1MB / 65.5kB
12,2026-09-10T11:37:05.507504+00:00,25,2026-09-10T11:37:05.128224+00:00,false,microservices,gateway,3bb11d31bf741218ad169cb6931b14a74292d85b11224ee298df7548f695516f,tcc-microservices-experiment-gateway-1,9.83,448371098,536870912,83.52,77,1.67MB / 2.13MB,39.6MB / 197kB
12,2026-09-10T11:37:05.507504+00:00,25,2026-09-10T11:37:05.128224+00:00,false,microservices,mysql,d8fac9a218def48484c5274a5c721fd1ab04b03f0f91605588141e7e6c91336e,tcc-microservices-experiment-mysql-1,26.36,550397542,1073741824,51.26,47,12.1MB / 22.2MB,57.9MB / 250MB
12,2026-09-10T11:37:05.507504+00:00,25,2026-09-10T11:37:05.128224+00:00,false,microservices,order,a77af749719268a95713bc4075f56cb6589702e65da79deaee425ceb403e64de,tcc-microservices-experiment-order-1,26.78,82103501,1073741824,7.65,3,13.9MB / 9.41MB,12.4MB / 77.8kB
12,2026-09-10T11:37:05.507504+00:00,25,2026-09-10T11:37:05.128224+00:00,false,microservices,product,e6dd4875d61f2f2472c37568ba21c331a1edb0e428f74083ecf3867a133b7534,tcc-microservices-experiment-product-1,32.48,81159782,1073741824,7.56,3,12.1MB / 6.33MB,12.5MB / 81.9kB
13,2026-09-10T11:37:06.507461+00:00,27,2026-09-10T11:37:06.127347+00:00,false,microservices,auth,253a7e20eec58ff1fdd30a235e182aa111d12b6bd79e562772a4457f801816ff,tcc-microservices-experiment-auth-1,0.02,79261860,1073741824,7.38,3,45.3kB / 40.3kB,12.1MB / 65.5kB
13,2026-09-10T11:37:06.507461+00:00,27,2026-09-10T11:37:06.127347+00:00,false,microservices,gateway,3bb11d31bf741218ad169cb6931b14a74292d85b11224ee298df7548f695516f,tcc-microservices-experiment-gateway-1,7.89,448266240,536870912,83.5,77,1.71MB / 2.18MB,39.6MB / 197kB
13,2026-09-10T11:37:06.507461+00:00,27,2026-09-10T11:37:06.127347+00:00,false,microservices,mysql,d8fac9a218def48484c5274a5c721fd1ab04b03f0f91605588141e7e6c91336e,tcc-microservices-experiment-mysql-1,28.66,547356672,1073741824,50.98,41,12.3MB / 22.6MB,57.9MB / 253MB
13,2026-09-10T11:37:06.507461+00:00,27,2026-09-10T11:37:06.127347+00:00,false,microservices,order,a77af749719268a95713bc4075f56cb6589702e65da79deaee425ceb403e64de,tcc-microservices-experiment-order-1,25.34,83519078,1073741824,7.78,3,14.1MB / 9.55MB,12.4MB / 77.8kB
13,2026-09-10T11:37:06.507461+00:00,27,2026-09-10T11:37:06.127347+00:00,false,microservices,product,e6dd4875d61f2f2472c37568ba21c331a1edb0e428f74083ecf3867a133b7534,tcc-microservices-experiment-product-1,32.84,80981524,1073741824,7.54,3,12.4MB / 6.49MB,12.5MB / 81.9kB
14,2026-09-10T11:37:07.507501+00:00,29,2026-09-10T11:37:07.127242+00:00,false,microservices,auth,253a7e20eec58ff1fdd30a235e182aa111d12b6bd79e562772a4457f801816ff,tcc-microservices-experiment-auth-1,0.02,79261860,1073741824,7.38,3,45.3kB / 40.3kB,12.1MB / 65.5kB
14,2026-09-10T11:37:07.507501+00:00,29,2026-09-10T11:37:07.127242+00:00,false,microservices,gateway,3bb11d31bf741218ad169cb6931b14a74292d85b11224ee298df7548f695516f,tcc-microservices-experiment-gateway-1,18.67,454662554,536870912,84.69,77,1.75MB / 2.23MB,39.6MB / 197kB
14,2026-09-10T11:37:07.507501+00:00,29,2026-09-10T11:37:07.127242+00:00,false,microservices,mysql,d8fac9a218def48484c5274a5c721fd1ab04b03f0f91605588141e7e6c91336e,tcc-microservices-experiment-mysql-1,26.31,546727526,1073741824,50.91,41,12.5MB / 23.1MB,57.9MB / 256MB
14,2026-09-10T11:37:07.507501+00:00,29,2026-09-10T11:37:07.127242+00:00,false,microservices,order,a77af749719268a95713bc4075f56cb6589702e65da79deaee425ceb403e64de,tcc-microservices-experiment-order-1,26.89,81967186,1073741824,7.63,3,14.3MB / 9.69MB,12.4MB / 77.8kB
14,2026-09-10T11:37:07.507501+00:00,29,2026-09-10T11:37:07.127242+00:00,false,microservices,product,e6dd4875d61f2f2472c37568ba21c331a1edb0e428f74083ecf3867a133b7534,tcc-microservices-experiment-product-1,31.97,81694556,1073741824,7.61,3,12.7MB / 6.65MB,12.5MB / 81.9kB
15,2026-09-10T11:37:08.507454+00:00,31,2026-09-10T11:37:08.128710+00:00,false,microservices,auth,253a7e20eec58ff1fdd30a235e182aa111d12b6bd79e562772a4457f801816ff,tcc-microservices-experiment-auth-1,0.02,79261860,1073741824,7.38,3,45.3kB / 40.3kB,12.1MB / 65.5kB
15,2026-09-10T11:37:08.507454+00:00,31,2026-09-10T11:37:08.128710+00:00,false,microservices,gateway,3bb11d31bf741218ad169cb6931b14a74292d85b11224ee298df7548f695516f,tcc-microservices-experiment-gateway-1,30.78,456864563,536870912,85.09,77,1.8MB / 2.29MB,39.6MB / 197kB
15,2026-09-10T11:37:08.507454+00:00,31,2026-09-10T11:37:08.128710+00:00,false,microservices,mysql,d8fac9a218def48484c5274a5c721fd1ab04b03f0f91605588141e7e6c91336e,tcc-microservices-experiment-mysql-1,29.38,546412954,1073741824,50.89,41,12.7MB / 23.5MB,57.9MB / 258MB
15,2026-09-10T11:37:08.507454+00:00,31,2026-09-10T11:37:08.128710+00:00,false,microservices,order,a77af749719268a95713bc4075f56cb6589702e65da79deaee425ceb403e64de,tcc-microservices-experiment-order-1,26.02,82376131,1073741824,7.67,4,14.6MB / 9.83MB,12.4MB / 77.8kB
15,2026-09-10T11:37:08.507454+00:00,31,2026-09-10T11:37:08.128710+00:00,false,microservices,product,e6dd4875d61f2f2472c37568ba21c331a1edb0e428f74083ecf3867a133b7534,tcc-microservices-experiment-product-1,31.18,81925243,1073741824,7.63,3,13MB / 6.8MB,12.5MB / 81.9kB
16,2026-09-10T11:37:09.507503+00:00,33,2026-09-10T11:37:09.127216+00:00,false,microservices,auth,253a7e20eec58ff1fdd30a235e182aa111d12b6bd79e562772a4457f801816ff,tcc-microservices-experiment-auth-1,0.02,79261860,1073741824,7.38,3,45.3kB / 40.3kB,12.1MB / 65.5kB
16,2026-09-10T11:37:09.507503+00:00,33,2026-09-10T11:37:09.127216+00:00,false,microservices,gateway,3bb11d31bf741218ad169cb6931b14a74292d85b11224ee298df7548f695516f,tcc-microservices-experiment-gateway-1,28.57,458227712,536870912,85.35,77,1.84MB / 2.34MB,39.6MB / 197kB
16,2026-09-10T11:37:09.507503+00:00,33,2026-09-10T11:37:09.127216+00:00,false,microservices,mysql,d8fac9a218def48484c5274a5c721fd1ab04b03f0f91605588141e7e6c91336e,tcc-microservices-experiment-mysql-1,24.6,546203238,1073741824,50.87,41,12.9MB / 23.9MB,57.9MB / 261MB
16,2026-09-10T11:37:09.507503+00:00,33,2026-09-10T11:37:09.127216+00:00,false,microservices,order,a77af749719268a95713bc4075f56cb6589702e65da79deaee425ceb403e64de,tcc-microservices-experiment-order-1,26.34,82722161,1073741824,7.7,3,14.8MB / 9.97MB,12.4MB / 77.8kB
16,2026-09-10T11:37:09.507503+00:00,33,2026-09-10T11:37:09.127216+00:00,false,microservices,product,e6dd4875d61f2f2472c37568ba21c331a1edb0e428f74083ecf3867a133b7534,tcc-microservices-experiment-product-1,32.49,82491474,1073741824,7.68,3,13.3MB / 6.96MB,12.5MB / 81.9kB
17,2026-09-10T11:37:10.507503+00:00,35,2026-09-10T11:37:10.127429+00:00,false,microservices,auth,253a7e20eec58ff1fdd30a235e182aa111d12b6bd79e562772a4457f801816ff,tcc-microservices-experiment-auth-1,0.02,79261860,1073741824,7.38,3,45.3kB / 40.3kB,12.1MB / 65.5kB
17,2026-09-10T11:37:10.507503+00:00,35,2026-09-10T11:37:10.127429+00:00,false,microservices,gateway,3bb11d31bf741218ad169cb6931b14a74292d85b11224ee298df7548f695516f,tcc-microservices-experiment-gateway-1,8.71,457493709,536870912,85.21,77,1.88MB / 2.4MB,39.6MB / 197kB
17,2026-09-10T11:37:10.507503+00:00,35,2026-09-10T11:37:10.127429+00:00,false,microservices,mysql,d8fac9a218def48484c5274a5c721fd1ab04b03f0f91605588141e7e6c91336e,tcc-microservices-experiment-mysql-1,28.83,547146957,1073741824,50.96,41,13.1MB / 24.3MB,57.9MB / 264MB
17,2026-09-10T11:37:10.507503+00:00,35,2026-09-10T11:37:10.127429+00:00,false,microservices,order,a77af749719268a95713bc4075f56cb6589702e65da79deaee425ceb403e64de,tcc-microservices-experiment-order-1,25.51,82260787,1073741824,7.66,3,15MB / 10.1MB,12.4MB / 77.8kB
17,2026-09-10T11:37:10.507503+00:00,35,2026-09-10T11:37:10.127429+00:00,false,microservices,product,e6dd4875d61f2f2472c37568ba21c331a1edb0e428f74083ecf3867a133b7534,tcc-microservices-experiment-product-1,32.46,81537270,1073741824,7.59,3,13.7MB / 7.12MB,12.5MB / 81.9kB
18,2026-09-10T11:37:11.507507+00:00,37,2026-09-10T11:37:11.127572+00:00,false,microservices,auth,253a7e20eec58ff1fdd30a235e182aa111d12b6bd79e562772a4457f801816ff,tcc-microservices-experiment-auth-1,0.01,79261860,1073741824,7.38,3,45.3kB / 40.3kB,12.1MB / 65.5kB
18,2026-09-10T11:37:11.507507+00:00,37,2026-09-10T11:37:11.127572+00:00,false,microservices,gateway,3bb11d31bf741218ad169cb6931b14a74292d85b11224ee298df7548f695516f,tcc-microservices-experiment-gateway-1,10.16,457598566,536870912,85.23,77,1.92MB / 2.45MB,39.6MB / 197kB
18,2026-09-10T11:37:11.507507+00:00,37,2026-09-10T11:37:11.127572+00:00,false,microservices,mysql,d8fac9a218def48484c5274a5c721fd1ab04b03f0f91605588141e7e6c91336e,tcc-microservices-experiment-mysql-1,25.81,546937242,1073741824,50.94,41,13.3MB / 24.8MB,57.9MB / 266MB
18,2026-09-10T11:37:11.507507+00:00,37,2026-09-10T11:37:11.127572+00:00,false,microservices,order,a77af749719268a95713bc4075f56cb6589702e65da79deaee425ceb403e64de,tcc-microservices-experiment-order-1,25.94,82648760,1073741824,7.7,3,15.2MB / 10.2MB,12.4MB / 77.8kB
18,2026-09-10T11:37:11.507507+00:00,37,2026-09-10T11:37:11.127572+00:00,false,microservices,product,e6dd4875d61f2f2472c37568ba21c331a1edb0e428f74083ecf3867a133b7534,tcc-microservices-experiment-product-1,32.46,80960553,1073741824,7.54,3,14MB / 7.28MB,12.5MB / 81.9kB
19,2026-09-10T11:37:12.507508+00:00,39,2026-09-10T11:37:12.127378+00:00,false,microservices,auth,253a7e20eec58ff1fdd30a235e182aa111d12b6bd79e562772a4457f801816ff,tcc-microservices-experiment-auth-1,0.02,79261860,1073741824,7.38,3,45.3kB / 40.3kB,12.1MB / 65.5kB
19,2026-09-10T11:37:12.507508+00:00,39,2026-09-10T11:37:12.127378+00:00,false,microservices,gateway,3bb11d31bf741218ad169cb6931b14a74292d85b11224ee298df7548f695516f,tcc-microservices-experiment-gateway-1,9.53,457493709,536870912,85.21,77,1.97MB / 2.51MB,39.6MB / 197kB
19,2026-09-10T11:37:12.507508+00:00,39,2026-09-10T11:37:12.127378+00:00,false,microservices,mysql,d8fac9a218def48484c5274a5c721fd1ab04b03f0f91605588141e7e6c91336e,tcc-microservices-experiment-mysql-1,29.35,546412954,1073741824,50.89,41,13.5MB / 25.2MB,57.9MB / 269MB
19,2026-09-10T11:37:12.507508+00:00,39,2026-09-10T11:37:12.127378+00:00,false,microservices,order,a77af749719268a95713bc4075f56cb6589702e65da79deaee425ceb403e64de,tcc-microservices-experiment-order-1,27.41,82627789,1073741824,7.7,3,15.5MB / 10.4MB,12.4MB / 77.8kB
19,2026-09-10T11:37:12.507508+00:00,39,2026-09-10T11:37:12.127378+00:00,false,microservices,product,e6dd4875d61f2f2472c37568ba21c331a1edb0e428f74083ecf3867a133b7534,tcc-microservices-experiment-product-1,32.56,81726013,1073741824,7.61,3,14.3MB / 7.44MB,12.5MB / 81.9kB
20,2026-09-10T11:37:13.507514+00:00,41,2026-09-10T11:37:13.127293+00:00,false,microservices,auth,253a7e20eec58ff1fdd30a235e182aa111d12b6bd79e562772a4457f801816ff,tcc-microservices-experiment-auth-1,0.02,79261860,1073741824,7.38,3,45.3kB / 40.3kB,12.1MB / 65.5kB
20,2026-09-10T11:37:13.507514+00:00,41,2026-09-10T11:37:13.127293+00:00,false,microservices,gateway,3bb11d31bf741218ad169cb6931b14a74292d85b11224ee298df7548f695516f,tcc-microservices-experiment-gateway-1,9.79,457493709,536870912,85.21,77,2.01MB / 2.57MB,39.6MB / 213kB
20,2026-09-10T11:37:13.507514+00:00,41,2026-09-10T11:37:13.127293+00:00,false,microservices,mysql,d8fac9a218def48484c5274a5c721fd1ab04b03f0f91605588141e7e6c91336e,tcc-microservices-experiment-mysql-1,26.18,546622669,1073741824,50.91,41,13.7MB / 25.6MB,57.9MB / 272MB
20,2026-09-10T11:37:13.507514+00:00,41,2026-09-10T11:37:13.127293+00:00,false,microservices,order,a77af749719268a95713bc4075f56cb6589702e65da79deaee425ceb403e64de,tcc-microservices-experiment-order-1,26.04,82480988,1073741824,7.68,3,15.7MB / 10.5MB,12.4MB / 77.8kB
20,2026-09-10T11:37:13.507514+00:00,41,2026-09-10T11:37:13.127293+00:00,false,microservices,product,e6dd4875d61f2f2472c37568ba21c331a1edb0e428f74083ecf3867a133b7534,tcc-microservices-experiment-product-1,32.36,81568727,1073741824,7.6,3,14.6MB / 7.6MB,12.5MB / 81.9kB
21,2026-09-10T11:37:14.507507+00:00,43,2026-09-10T11:37:14.127450+00:00,false,microservices,auth,253a7e20eec58ff1fdd30a235e182aa111d12b6bd79e562772a4457f801816ff,tcc-microservices-experiment-auth-1,0.02,79261860,1073741824,7.38,3,45.3kB / 40.3kB,12.1MB / 65.5kB
21,2026-09-10T11:37:14.507507+00:00,43,2026-09-10T11:37:14.127450+00:00,false,microservices,gateway,3bb11d31bf741218ad169cb6931b14a74292d85b11224ee298df7548f695516f,tcc-microservices-experiment-gateway-1,26.29,456969421,536870912,85.12,77,2.05MB / 2.62MB,39.6MB / 213kB
21,2026-09-10T11:37:14.507507+00:00,43,2026-09-10T11:37:14.127450+00:00,false,microservices,mysql,d8fac9a218def48484c5274a5c721fd1ab04b03f0f91605588141e7e6c91336e,tcc-microservices-experiment-mysql-1,30.21,547042099,1073741824,50.94,41,13.9MB / 26.1MB,57.9MB / 275MB
21,2026-09-10T11:37:14.507507+00:00,43,2026-09-10T11:37:14.127450+00:00,false,microservices,order,a77af749719268a95713bc4075f56cb6589702e65da79deaee425ceb403e64de,tcc-microservices-experiment-order-1,26.02,81809900,1073741824,7.62,3,15.9MB / 10.7MB,12.4MB / 77.8kB
21,2026-09-10T11:37:14.507507+00:00,43,2026-09-10T11:37:14.127450+00:00,false,microservices,product,e6dd4875d61f2f2472c37568ba21c331a1edb0e428f74083ecf3867a133b7534,tcc-microservices-experiment-product-1,32.27,82009129,1073741824,7.64,3,14.9MB / 7.76MB,12.5MB / 81.9kB
22,2026-09-10T11:37:15.507498+00:00,45,2026-09-10T11:37:15.127583+00:00,false,microservices,auth,253a7e20eec58ff1fdd30a235e182aa111d12b6bd79e562772a4457f801816ff,tcc-microservices-experiment-auth-1,0.01,79261860,1073741824,7.38,3,45.3kB / 40.3kB,12.1MB / 65.5kB
22,2026-09-10T11:37:15.507498+00:00,45,2026-09-10T11:37:15.127583+00:00,false,microservices,gateway,3bb11d31bf741218ad169cb6931b14a74292d85b11224ee298df7548f695516f,tcc-microservices-experiment-gateway-1,32.83,461268582,536870912,85.92,77,2.1MB / 2.68MB,39.6MB / 213kB
22,2026-09-10T11:37:15.507498+00:00,45,2026-09-10T11:37:15.127583+00:00,false,microservices,mysql,d8fac9a218def48484c5274a5c721fd1ab04b03f0f91605588141e7e6c91336e,tcc-microservices-experiment-mysql-1,26.11,547251814,1073741824,50.97,41,14.1MB / 26.5MB,57.9MB / 277MB
22,2026-09-10T11:37:15.507498+00:00,45,2026-09-10T11:37:15.127583+00:00,false,microservices,order,a77af749719268a95713bc4075f56cb6589702e65da79deaee425ceb403e64de,tcc-microservices-experiment-order-1,26.16,82428559,1073741824,7.68,3,16.1MB / 10.8MB,12.4MB / 77.8kB
22,2026-09-10T11:37:15.507498+00:00,45,2026-09-10T11:37:15.127583+00:00,false,microservices,product,e6dd4875d61f2f2472c37568ba21c331a1edb0e428f74083ecf3867a133b7534,tcc-microservices-experiment-product-1,33.17,81505812,1073741824,7.59,3,15.2MB / 7.92MB,12.5MB / 81.9kB
23,2026-09-10T11:37:16.507503+00:00,47,2026-09-10T11:37:16.127401+00:00,false,microservices,auth,253a7e20eec58ff1fdd30a235e182aa111d12b6bd79e562772a4457f801816ff,tcc-microservices-experiment-auth-1,0.02,79261860,1073741824,7.38,3,45.3kB / 40.3kB,12.1MB / 65.5kB
23,2026-09-10T11:37:16.507503+00:00,47,2026-09-10T11:37:16.127401+00:00,false,microservices,gateway,3bb11d31bf741218ad169cb6931b14a74292d85b11224ee298df7548f695516f,tcc-microservices-experiment-gateway-1,14.64,454347981,536870912,84.62,77,2.14MB / 2.73MB,39.6MB / 213kB
23,2026-09-10T11:37:16.507503+00:00,47,2026-09-10T11:37:16.127401+00:00,false,microservices,mysql,d8fac9a218def48484c5274a5c721fd1ab04b03f0f91605588141e7e6c91336e,tcc-microservices-experiment-mysql-1,29.22,547251814,1073741824,50.96,41,14.3MB / 26.9MB,57.9MB / 280MB
23,2026-09-10T11:37:16.507503+00:00,47,2026-09-10T11:37:16.127401+00:00,false,microservices,order,a77af749719268a95713bc4075f56cb6589702e65da79deaee425ceb403e64de,tcc-microservices-experiment-order-1,25.24,82386616,1073741824,7.67,3,16.4MB / 10.9MB,12.4MB / 77.8kB
23,2026-09-10T11:37:16.507503+00:00,47,2026-09-10T11:37:16.127401+00:00,false,microservices,product,e6dd4875d61f2f2472c37568ba21c331a1edb0e428f74083ecf3867a133b7534,tcc-microservices-experiment-product-1,32.26,81285612,1073741824,7.57,3,15.5MB / 8.08MB,12.5MB / 81.9kB
24,2026-09-10T11:37:17.507480+00:00,49,2026-09-10T11:37:17.127281+00:00,false,microservices,auth,253a7e20eec58ff1fdd30a235e182aa111d12b6bd79e562772a4457f801816ff,tcc-microservices-experiment-auth-1,0.02,79261860,1073741824,7.38,3,45.3kB / 40.3kB,12.1MB / 65.5kB
24,2026-09-10T11:37:17.507480+00:00,49,2026-09-10T11:37:17.127281+00:00,false,microservices,gateway,3bb11d31bf741218ad169cb6931b14a74292d85b11224ee298df7548f695516f,tcc-microservices-experiment-gateway-1,9.49,441240781,536870912,82.18,77,2.18MB / 2.79MB,39.7MB / 213kB
24,2026-09-10T11:37:17.507480+00:00,49,2026-09-10T11:37:17.127281+00:00,false,microservices,mysql,d8fac9a218def48484c5274a5c721fd1ab04b03f0f91605588141e7e6c91336e,tcc-microservices-experiment-mysql-1,24.2,546832384,1073741824,50.93,41,14.5MB / 27.4MB,57.9MB / 282MB
24,2026-09-10T11:37:17.507480+00:00,49,2026-09-10T11:37:17.127281+00:00,false,microservices,order,a77af749719268a95713bc4075f56cb6589702e65da79deaee425ceb403e64de,tcc-microservices-experiment-order-1,25.59,82449531,1073741824,7.68,3,16.6MB / 11.1MB,12.4MB / 77.8kB
24,2026-09-10T11:37:17.507480+00:00,49,2026-09-10T11:37:17.127281+00:00,false,microservices,product,e6dd4875d61f2f2472c37568ba21c331a1edb0e428f74083ecf3867a133b7534,tcc-microservices-experiment-product-1,32.57,80992010,1073741824,7.54,3,15.8MB / 8.24MB,12.5MB / 81.9kB
25,2026-09-10T11:37:18.507510+00:00,51,2026-09-10T11:37:18.127495+00:00,false,microservices,auth,253a7e20eec58ff1fdd30a235e182aa111d12b6bd79e562772a4457f801816ff,tcc-microservices-experiment-auth-1,0.02,79261860,1073741824,7.38,3,45.3kB / 40.3kB,12.1MB / 65.5kB
25,2026-09-10T11:37:18.507510+00:00,51,2026-09-10T11:37:18.127495+00:00,false,microservices,gateway,3bb11d31bf741218ad169cb6931b14a74292d85b11224ee298df7548f695516f,tcc-microservices-experiment-gateway-1,12.05,441031066,536870912,82.15,77,2.23MB / 2.84MB,39.7MB / 213kB
25,2026-09-10T11:37:18.507510+00:00,51,2026-09-10T11:37:18.127495+00:00,false,microservices,mysql,d8fac9a218def48484c5274a5c721fd1ab04b03f0f91605588141e7e6c91336e,tcc-microservices-experiment-mysql-1,28.53,546727526,1073741824,50.91,41,14.7MB / 27.8MB,58MB / 285MB
25,2026-09-10T11:37:18.507510+00:00,51,2026-09-10T11:37:18.127495+00:00,false,microservices,order,a77af749719268a95713bc4075f56cb6589702e65da79deaee425ceb403e64de,tcc-microservices-experiment-order-1,26.72,82302730,1073741824,7.66,3,16.8MB / 11.2MB,12.4MB / 77.8kB
25,2026-09-10T11:37:18.507510+00:00,51,2026-09-10T11:37:18.127495+00:00,false,microservices,product,e6dd4875d61f2f2472c37568ba21c331a1edb0e428f74083ecf3867a133b7534,tcc-microservices-experiment-product-1,33.18,82197873,1073741824,7.66,3,16.1MB / 8.41MB,12.5MB / 81.9kB
26,2026-09-10T11:37:19.507526+00:00,53,2026-09-10T11:37:19.126676+00:00,false,microservices,auth,253a7e20eec58ff1fdd30a235e182aa111d12b6bd79e562772a4457f801816ff,tcc-microservices-experiment-auth-1,0.02,79261860,1073741824,7.38,3,45.3kB / 40.3kB,12.1MB / 65.5kB
26,2026-09-10T11:37:19.507526+00:00,53,2026-09-10T11:37:19.126676+00:00,false,microservices,gateway,3bb11d31bf741218ad169cb6931b14a74292d85b11224ee298df7548f695516f,tcc-microservices-experiment-gateway-1,7.69,441555354,536870912,82.25,77,2.27MB / 2.9MB,39.7MB / 213kB
26,2026-09-10T11:37:19.507526+00:00,53,2026-09-10T11:37:19.126676+00:00,false,microservices,mysql,d8fac9a218def48484c5274a5c721fd1ab04b03f0f91605588141e7e6c91336e,tcc-microservices-experiment-mysql-1,24.95,546937242,1073741824,50.94,41,14.9MB / 28.3MB,58MB / 287MB
26,2026-09-10T11:37:19.507526+00:00,53,2026-09-10T11:37:19.126676+00:00,false,microservices,order,a77af749719268a95713bc4075f56cb6589702e65da79deaee425ceb403e64de,tcc-microservices-experiment-order-1,25.86,82355159,1073741824,7.67,3,17.1MB / 11.4MB,12.4MB / 77.8kB
26,2026-09-10T11:37:19.507526+00:00,53,2026-09-10T11:37:19.126676+00:00,false,microservices,product,e6dd4875d61f2f2472c37568ba21c331a1edb0e428f74083ecf3867a133b7534,tcc-microservices-experiment-product-1,32.9,82187387,1073741824,7.65,3,16.5MB / 8.57MB,12.5MB / 81.9kB
27,2026-09-10T11:37:20.507510+00:00,55,2026-09-10T11:37:20.127225+00:00,false,microservices,auth,253a7e20eec58ff1fdd30a235e182aa111d12b6bd79e562772a4457f801816ff,tcc-microservices-experiment-auth-1,0.01,79261860,1073741824,7.38,3,45.3kB / 40.3kB,12.1MB / 65.5kB
27,2026-09-10T11:37:20.507510+00:00,55,2026-09-10T11:37:20.127225+00:00,false,microservices,gateway,3bb11d31bf741218ad169cb6931b14a74292d85b11224ee298df7548f695516f,tcc-microservices-experiment-gateway-1,7.71,441869926,536870912,82.3,77,2.32MB / 2.96MB,39.7MB / 213kB
27,2026-09-10T11:37:20.507510+00:00,55,2026-09-10T11:37:20.127225+00:00,false,microservices,mysql,d8fac9a218def48484c5274a5c721fd1ab04b03f0f91605588141e7e6c91336e,tcc-microservices-experiment-mysql-1,30.52,546832384,1073741824,50.93,41,15.1MB / 28.7MB,58MB / 289MB
27,2026-09-10T11:37:20.507510+00:00,55,2026-09-10T11:37:20.127225+00:00,false,microservices,order,a77af749719268a95713bc4075f56cb6589702e65da79deaee425ceb403e64de,tcc-microservices-experiment-order-1,25.78,82439045,1073741824,7.68,3,17.3MB / 11.5MB,12.4MB / 77.8kB
27,2026-09-10T11:37:20.507510+00:00,55,2026-09-10T11:37:20.127225+00:00,false,microservices,product,e6dd4875d61f2f2472c37568ba21c331a1edb0e428f74083ecf3867a133b7534,tcc-microservices-experiment-product-1,32.8,81736499,1073741824,7.61,3,16.8MB / 8.73MB,12.5MB / 81.9kB
28,2026-09-10T11:37:21.507502+00:00,57,2026-09-10T11:37:21.127501+00:00,false,microservices,auth,253a7e20eec58ff1fdd30a235e182aa111d12b6bd79e562772a4457f801816ff,tcc-microservices-experiment-auth-1,0.02,79261860,1073741824,7.38,3,45.3kB / 40.3kB,12.1MB / 65.5kB
28,2026-09-10T11:37:21.507502+00:00,57,2026-09-10T11:37:21.127501+00:00,false,microservices,gateway,3bb11d31bf741218ad169cb6931b14a74292d85b11224ee298df7548f695516f,tcc-microservices-experiment-gateway-1,15.39,441345638,536870912,82.2,77,2.36MB / 3.01MB,39.7MB / 213kB
28,2026-09-10T11:37:21.507502+00:00,57,2026-09-10T11:37:21.127501+00:00,false,microservices,mysql,d8fac9a218def48484c5274a5c721fd1ab04b03f0f91605588141e7e6c91336e,tcc-microservices-experiment-mysql-1,26.58,546937242,1073741824,50.94,41,15.3MB / 29.1MB,58MB / 292MB
28,2026-09-10T11:37:21.507502+00:00,57,2026-09-10T11:37:21.127501+00:00,false,microservices,order,a77af749719268a95713bc4075f56cb6589702e65da79deaee425ceb403e64de,tcc-microservices-experiment-order-1,26.98,82722161,1073741824,7.7,3,17.5MB / 11.6MB,12.4MB / 77.8kB
28,2026-09-10T11:37:21.507502+00:00,57,2026-09-10T11:37:21.127501+00:00,false,microservices,product,e6dd4875d61f2f2472c37568ba21c331a1edb0e428f74083ecf3867a133b7534,tcc-microservices-experiment-product-1,32.6,81715528,1073741824,7.61,3,17.1MB / 8.89MB,12.5MB / 81.9kB
29,2026-09-10T11:37:22.507507+00:00,59,2026-09-10T11:37:22.127232+00:00,false,microservices,auth,253a7e20eec58ff1fdd30a235e182aa111d12b6bd79e562772a4457f801816ff,tcc-microservices-experiment-auth-1,0.02,79261860,1073741824,7.38,3,45.3kB / 40.3kB,12.1MB / 65.5kB
29,2026-09-10T11:37:22.507507+00:00,59,2026-09-10T11:37:22.127232+00:00,false,microservices,gateway,3bb11d31bf741218ad169cb6931b14a74292d85b11224ee298df7548f695516f,tcc-microservices-experiment-gateway-1,8.67,442184499,536870912,82.36,77,2.4MB / 3.07MB,39.7MB / 213kB
29,2026-09-10T11:37:22.507507+00:00,59,2026-09-10T11:37:22.127232+00:00,false,microservices,mysql,d8fac9a218def48484c5274a5c721fd1ab04b03f0f91605588141e7e6c91336e,tcc-microservices-experiment-mysql-1,30.15,547251814,1073741824,50.97,41,15.5MB / 29.6MB,58MB / 294MB
29,2026-09-10T11:37:22.507507+00:00,59,2026-09-10T11:37:22.127232+00:00,false,microservices,order,a77af749719268a95713bc4075f56cb6589702e65da79deaee425ceb403e64de,tcc-microservices-experiment-order-1,25.58,82889933,1073741824,7.72,3,17.8MB / 11.8MB,12.4MB / 77.8kB
29,2026-09-10T11:37:22.507507+00:00,59,2026-09-10T11:37:22.127232+00:00,false,microservices,product,e6dd4875d61f2f2472c37568ba21c331a1edb0e428f74083ecf3867a133b7534,tcc-microservices-experiment-product-1,33.31,81694556,1073741824,7.61,3,17.4MB / 9.05MB,12.5MB / 81.9kB
30,2026-09-10T11:37:23.507507+00:00,61,2026-09-10T11:37:23.127415+00:00,false,microservices,auth,253a7e20eec58ff1fdd30a235e182aa111d12b6bd79e562772a4457f801816ff,tcc-microservices-experiment-auth-1,0.02,79261860,1073741824,7.38,3,45.3kB / 40.3kB,12.1MB / 65.5kB
30,2026-09-10T11:37:23.507507+00:00,61,2026-09-10T11:37:23.127415+00:00,false,microservices,gateway,3bb11d31bf741218ad169cb6931b14a74292d85b11224ee298df7548f695516f,tcc-microservices-experiment-gateway-1,15.49,441135923,536870912,82.16,77,2.45MB / 3.12MB,39.7MB / 213kB
30,2026-09-10T11:37:23.507507+00:00,61,2026-09-10T11:37:23.127415+00:00,false,microservices,mysql,d8fac9a218def48484c5274a5c721fd1ab04b03f0f91605588141e7e6c91336e,tcc-microservices-experiment-mysql-1,26.09,547146957,1073741824,50.95,41,15.8MB / 30MB,58MB / 295MB
30,2026-09-10T11:37:23.507507+00:00,61,2026-09-10T11:37:23.127415+00:00,false,microservices,order,a77af749719268a95713bc4075f56cb6589702e65da79deaee425ceb403e64de,tcc-microservices-experiment-order-1,25.42,82480988,1073741824,7.68,3,18MB / 11.9MB,12.4MB / 77.8kB
30,2026-09-10T11:37:23.507507+00:00,61,2026-09-10T11:37:23.127415+00:00,false,microservices,product,e6dd4875d61f2f2472c37568ba21c331a1edb0e428f74083ecf3867a133b7534,tcc-microservices-experiment-product-1,32.77,81432412,1073741824,7.58,3,17.7MB / 9.22MB,12.5MB / 81.9kB
31,2026-09-10T11:37:24.507497+00:00,63,2026-09-10T11:37:24.126960+00:00,false,microservices,auth,253a7e20eec58ff1fdd30a235e182aa111d12b6bd79e562772a4457f801816ff,tcc-microservices-experiment-auth-1,0.02,79261860,1073741824,7.38,3,45.3kB / 40.3kB,12.1MB / 65.5kB
31,2026-09-10T11:37:24.507497+00:00,63,2026-09-10T11:37:24.126960+00:00,false,microservices,gateway,3bb11d31bf741218ad169cb6931b14a74292d85b11224ee298df7548f695516f,tcc-microservices-experiment-gateway-1,20.81,440821350,536870912,82.12,77,2.49MB / 3.17MB,39.8MB / 213kB
31,2026-09-10T11:37:24.507497+00:00,63,2026-09-10T11:37:24.126960+00:00,false,microservices,mysql,d8fac9a218def48484c5274a5c721fd1ab04b03f0f91605588141e7e6c91336e,tcc-microservices-experiment-mysql-1,26.69,547776102,1073741824,51.02,41,15.9MB / 30.4MB,58MB / 297MB
31,2026-09-10T11:37:24.507497+00:00,63,2026-09-10T11:37:24.126960+00:00,false,microservices,order,a77af749719268a95713bc4075f56cb6589702e65da79deaee425ceb403e64de,tcc-microservices-experiment-order-1,23.32,82543903,1073741824,7.69,3,18.2MB / 12.1MB,12.4MB / 77.8kB
31,2026-09-10T11:37:24.507497+00:00,63,2026-09-10T11:37:24.126960+00:00,false,microservices,product,e6dd4875d61f2f2472c37568ba21c331a1edb0e428f74083ecf3867a133b7534,tcc-microservices-experiment-product-1,29.13,81673585,1073741824,7.61,3,18MB / 9.36MB,12.5MB / 81.9kB
32,2026-09-10T11:37:25.507491+00:00,65,2026-09-10T11:37:25.127011+00:00,false,microservices,auth,253a7e20eec58ff1fdd30a235e182aa111d12b6bd79e562772a4457f801816ff,tcc-microservices-experiment-auth-1,0.02,79261860,1073741824,7.38,3,45.3kB / 40.3kB,12.1MB / 65.5kB
32,2026-09-10T11:37:25.507491+00:00,65,2026-09-10T11:37:25.127011+00:00,false,microservices,gateway,3bb11d31bf741218ad169cb6931b14a74292d85b11224ee298df7548f695516f,tcc-microservices-experiment-gateway-1,22.24,440926208,536870912,82.12,77,2.53MB / 3.23MB,39.8MB / 213kB
32,2026-09-10T11:37:25.507491+00:00,65,2026-09-10T11:37:25.127011+00:00,false,microservices,mysql,d8fac9a218def48484c5274a5c721fd1ab04b03f0f91605588141e7e6c91336e,tcc-microservices-experiment-mysql-1,25.52,548300390,1073741824,51.07,41,16.1MB / 30.8MB,58MB / 299MB
32,2026-09-10T11:37:25.507491+00:00,65,2026-09-10T11:37:25.127011+00:00,false,microservices,order,a77af749719268a95713bc4075f56cb6589702e65da79deaee425ceb403e64de,tcc-microservices-experiment-order-1,27.88,83089162,1073741824,7.74,3,18.4MB / 12.2MB,12.4MB / 77.8kB
32,2026-09-10T11:37:25.507491+00:00,65,2026-09-10T11:37:25.127011+00:00,false,microservices,product,e6dd4875d61f2f2472c37568ba21c331a1edb0e428f74083ecf3867a133b7534,tcc-microservices-experiment-product-1,31.62,81726013,1073741824,7.61,3,18.3MB / 9.51MB,12.5MB / 81.9kB
33,2026-09-10T11:37:26.507477+00:00,67,2026-09-10T11:37:26.127565+00:00,false,microservices,auth,253a7e20eec58ff1fdd30a235e182aa111d12b6bd79e562772a4457f801816ff,tcc-microservices-experiment-auth-1,0.02,79261860,1073741824,7.38,3,45.3kB / 40.3kB,12.1MB / 65.5kB
33,2026-09-10T11:37:26.507477+00:00,67,2026-09-10T11:37:26.127565+00:00,false,microservices,gateway,3bb11d31bf741218ad169cb6931b14a74292d85b11224ee298df7548f695516f,tcc-microservices-experiment-gateway-1,11.78,441765069,536870912,82.28,77,2.57MB / 3.28MB,39.8MB / 213kB
33,2026-09-10T11:37:26.507477+00:00,67,2026-09-10T11:37:26.127565+00:00,false,microservices,mysql,d8fac9a218def48484c5274a5c721fd1ab04b03f0f91605588141e7e6c91336e,tcc-microservices-experiment-mysql-1,29.02,547251814,1073741824,50.96,41,16.3MB / 31.3MB,58MB / 300MB
33,2026-09-10T11:37:26.507477+00:00,67,2026-09-10T11:37:26.127565+00:00,false,microservices,order,a77af749719268a95713bc4075f56cb6589702e65da79deaee425ceb403e64de,tcc-microservices-experiment-order-1,26.09,82743132,1073741824,7.71,3,18.6MB / 12.3MB,12.4MB / 77.8kB
33,2026-09-10T11:37:26.507477+00:00,67,2026-09-10T11:37:26.127565+00:00,false,microservices,product,e6dd4875d61f2f2472c37568ba21c331a1edb0e428f74083ecf3867a133b7534,tcc-microservices-experiment-product-1,32.18,81715528,1073741824,7.61,3,18.6MB / 9.67MB,12.5MB / 81.9kB
34,2026-09-10T11:37:27.507492+00:00,69,2026-09-10T11:37:27.127360+00:00,false,microservices,auth,253a7e20eec58ff1fdd30a235e182aa111d12b6bd79e562772a4457f801816ff,tcc-microservices-experiment-auth-1,0.02,79261860,1073741824,7.38,3,45.3kB / 40.3kB,12.1MB / 65.5kB
34,2026-09-10T11:37:27.507492+00:00,69,2026-09-10T11:37:27.127360+00:00,false,microservices,gateway,3bb11d31bf741218ad169cb6931b14a74292d85b11224ee298df7548f695516f,tcc-microservices-experiment-gateway-1,7.28,441555354,536870912,82.24,77,2.61MB / 3.34MB,39.8MB / 213kB
34,2026-09-10T11:37:27.507492+00:00,69,2026-09-10T11:37:27.127360+00:00,false,microservices,mysql,d8fac9a218def48484c5274a5c721fd1ab04b03f0f91605588141e7e6c91336e,tcc-microservices-experiment-mysql-1,25.68,547251814,1073741824,50.97,41,16.5MB / 31.7MB,58MB / 302MB
34,2026-09-10T11:37:27.507492+00:00,69,2026-09-10T11:37:27.127360+00:00,false,microservices,order,a77af749719268a95713bc4075f56cb6589702e65da79deaee425ceb403e64de,tcc-microservices-experiment-order-1,24.98,82711675,1073741824,7.7,3,18.9MB / 12.5MB,12.4MB / 77.8kB
34,2026-09-10T11:37:27.507492+00:00,69,2026-09-10T11:37:27.127360+00:00,false,microservices,product,e6dd4875d61f2f2472c37568ba21c331a1edb0e428f74083ecf3867a133b7534,tcc-microservices-experiment-product-1,32.99,81809900,1073741824,7.62,3,18.9MB / 9.83MB,12.5MB / 81.9kB
35,2026-09-10T11:37:28.507500+00:00,71,2026-09-10T11:37:28.127345+00:00,false,microservices,auth,253a7e20eec58ff1fdd30a235e182aa111d12b6bd79e562772a4457f801816ff,tcc-microservices-experiment-auth-1,0.02,79261860,1073741824,7.38,3,45.3kB / 40.3kB,12.1MB / 65.5kB
35,2026-09-10T11:37:28.507500+00:00,71,2026-09-10T11:37:28.127345+00:00,false,microservices,gateway,3bb11d31bf741218ad169cb6931b14a74292d85b11224ee298df7548f695516f,tcc-microservices-experiment-gateway-1,30.21,445959373,536870912,83.08,77,2.66MB / 3.39MB,39.8MB / 229kB
35,2026-09-10T11:37:28.507500+00:00,71,2026-09-10T11:37:28.127345+00:00,false,microservices,mysql,d8fac9a218def48484c5274a5c721fd1ab04b03f0f91605588141e7e6c91336e,tcc-microservices-experiment-mysql-1,29.37,548300390,1073741824,51.07,41,16.7MB / 32.1MB,58MB / 305MB
35,2026-09-10T11:37:28.507500+00:00,71,2026-09-10T11:37:28.127345+00:00,false,microservices,order,a77af749719268a95713bc4075f56cb6589702e65da79deaee425ceb403e64de,tcc-microservices-experiment-order-1,26.19,82543903,1073741824,7.69,3,19.1MB / 12.6MB,12.4MB / 77.8kB
35,2026-09-10T11:37:28.507500+00:00,71,2026-09-10T11:37:28.127345+00:00,false,microservices,product,e6dd4875d61f2f2472c37568ba21c331a1edb0e428f74083ecf3867a133b7534,tcc-microservices-experiment-product-1,32.74,81663099,1073741824,7.61,3,19.2MB / 10MB,12.5MB / 81.9kB
36,2026-09-10T11:37:29.507506+00:00,73,2026-09-10T11:37:29.127414+00:00,false,microservices,auth,253a7e20eec58ff1fdd30a235e182aa111d12b6bd79e562772a4457f801816ff,tcc-microservices-experiment-auth-1,0.02,79261860,1073741824,7.38,3,45.3kB / 40.3kB,12.1MB / 65.5kB
36,2026-09-10T11:37:29.507506+00:00,73,2026-09-10T11:37:29.127414+00:00,false,microservices,gateway,3bb11d31bf741218ad169cb6931b14a74292d85b11224ee298df7548f695516f,tcc-microservices-experiment-gateway-1,30.06,447951667,536870912,83.43,77,2.7MB / 3.45MB,39.8MB / 229kB
36,2026-09-10T11:37:29.507506+00:00,73,2026-09-10T11:37:29.127414+00:00,false,microservices,mysql,d8fac9a218def48484c5274a5c721fd1ab04b03f0f91605588141e7e6c91336e,tcc-microservices-experiment-mysql-1,25.44,548090675,1073741824,51.05,41,16.9MB / 32.6MB,58MB / 306MB
36,2026-09-10T11:37:29.507506+00:00,73,2026-09-10T11:37:29.127414+00:00,false,microservices,order,a77af749719268a95713bc4075f56cb6589702e65da79deaee425ceb403e64de,tcc-microservices-experiment-order-1,25.36,83372278,1073741824,7.76,3,19.3MB / 12.8MB,12.4MB / 77.8kB
36,2026-09-10T11:37:29.507506+00:00,73,2026-09-10T11:37:29.127414+00:00,false,microservices,product,e6dd4875d61f2f2472c37568ba21c331a1edb0e428f74083ecf3867a133b7534,tcc-microservices-experiment-product-1,32.5,81191240,1073741824,7.56,3,19.5MB / 10.2MB,12.5MB / 81.9kB
37,2026-09-10T11:37:30.507481+00:00,75,2026-09-10T11:37:30.127634+00:00,false,microservices,auth,253a7e20eec58ff1fdd30a235e182aa111d12b6bd79e562772a4457f801816ff,tcc-microservices-experiment-auth-1,0.01,79261860,1073741824,7.38,3,45.3kB / 40.3kB,12.1MB / 65.5kB
37,2026-09-10T11:37:30.507481+00:00,75,2026-09-10T11:37:30.127634+00:00,false,microservices,gateway,3bb11d31bf741218ad169cb6931b14a74292d85b11224ee298df7548f695516f,tcc-microservices-experiment-gateway-1,8.38,448475955,536870912,83.53,77,2.75MB / 3.51MB,39.8MB / 229kB
37,2026-09-10T11:37:30.507481+00:00,75,2026-09-10T11:37:30.127634+00:00,false,microservices,mysql,d8fac9a218def48484c5274a5c721fd1ab04b03f0f91605588141e7e6c91336e,tcc-microservices-experiment-mysql-1,29.22,549558682,1073741824,51.18,41,17.1MB / 33MB,58MB / 308MB
37,2026-09-10T11:37:30.507481+00:00,75,2026-09-10T11:37:30.127634+00:00,false,microservices,order,a77af749719268a95713bc4075f56cb6589702e65da79deaee425ceb403e64de,tcc-microservices-experiment-order-1,26.68,83267420,1073741824,7.75,3,19.5MB / 12.9MB,12.4MB / 77.8kB
37,2026-09-10T11:37:30.507481+00:00,75,2026-09-10T11:37:30.127634+00:00,false,microservices,product,e6dd4875d61f2f2472c37568ba21c331a1edb0e428f74083ecf3867a133b7534,tcc-microservices-experiment-product-1,31.67,81663099,1073741824,7.6,3,19.8MB / 10.3MB,12.5MB / 81.9kB
38,2026-09-10T11:37:31.507518+00:00,77,2026-09-10T11:37:31.127529+00:00,false,microservices,auth,253a7e20eec58ff1fdd30a235e182aa111d12b6bd79e562772a4457f801816ff,tcc-microservices-experiment-auth-1,0.02,79261860,1073741824,7.38,3,45.3kB / 40.3kB,12.1MB / 65.5kB
38,2026-09-10T11:37:31.507518+00:00,77,2026-09-10T11:37:31.127529+00:00,false,microservices,gateway,3bb11d31bf741218ad169cb6931b14a74292d85b11224ee298df7548f695516f,tcc-microservices-experiment-gateway-1,8.29,440926208,536870912,82.13,77,2.79MB / 3.56MB,39.8MB / 229kB
38,2026-09-10T11:37:31.507518+00:00,77,2026-09-10T11:37:31.127529+00:00,false,microservices,mysql,d8fac9a218def48484c5274a5c721fd1ab04b03f0f91605588141e7e6c91336e,tcc-microservices-experiment-mysql-1,25.63,548510106,1073741824,51.08,41,17.4MB / 33.5MB,58MB / 310MB
38,2026-09-10T11:37:31.507518+00:00,77,2026-09-10T11:37:31.127529+00:00,false,microservices,order,a77af749719268a95713bc4075f56cb6589702e65da79deaee425ceb403e64de,tcc-microservices-experiment-order-1,25.71,82145444,1073741824,7.65,3,19.8MB / 13MB,12.4MB / 77.8kB
38,2026-09-10T11:37:31.507518+00:00,77,2026-09-10T11:37:31.127529+00:00,false,microservices,product,e6dd4875d61f2f2472c37568ba21c331a1edb0e428f74083ecf3867a133b7534,tcc-microservices-experiment-product-1,33.42,81243668,1073741824,7.57,3,20.2MB / 10.5MB,12.5MB / 81.9kB
39,2026-09-10T11:37:32.507475+00:00,79,2026-09-10T11:37:32.127415+00:00,false,microservices,auth,253a7e20eec58ff1fdd30a235e182aa111d12b6bd79e562772a4457f801816ff,tcc-microservices-experiment-auth-1,0.02,79261860,1073741824,7.38,3,45.3kB / 40.3kB,12.1MB / 65.5kB
39,2026-09-10T11:37:32.507475+00:00,79,2026-09-10T11:37:32.127415+00:00,false,microservices,gateway,3bb11d31bf741218ad169cb6931b14a74292d85b11224ee298df7548f695516f,tcc-microservices-experiment-gateway-1,7.02,441660211,536870912,82.26,77,2.83MB / 3.62MB,39.8MB / 229kB
39,2026-09-10T11:37:32.507475+00:00,79,2026-09-10T11:37:32.127415+00:00,false,microservices,mysql,d8fac9a218def48484c5274a5c721fd1ab04b03f0f91605588141e7e6c91336e,tcc-microservices-experiment-mysql-1,29.37,548614963,1073741824,51.1,41,17.6MB / 33.9MB,58MB / 311MB
39,2026-09-10T11:37:32.507475+00:00,79,2026-09-10T11:37:32.127415+00:00,false,microservices,order,a77af749719268a95713bc4075f56cb6589702e65da79deaee425ceb403e64de,tcc-microservices-experiment-order-1,26.08,82040586,1073741824,7.64,3,20MB / 13.2MB,12.4MB / 77.8kB
39,2026-09-10T11:37:32.507475+00:00,79,2026-09-10T11:37:32.127415+00:00,false,microservices,product,e6dd4875d61f2f2472c37568ba21c331a1edb0e428f74083ecf3867a133b7534,tcc-microservices-experiment-product-1,31.79,82208358,1073741824,7.66,3,20.5MB / 10.6MB,12.5MB / 81.9kB
40,2026-09-10T11:37:33.507508+00:00,81,2026-09-10T11:37:33.126880+00:00,false,microservices,auth,253a7e20eec58ff1fdd30a235e182aa111d12b6bd79e562772a4457f801816ff,tcc-microservices-experiment-auth-1,0.01,79261860,1073741824,7.38,3,45.3kB / 40.3kB,12.1MB / 65.5kB
40,2026-09-10T11:37:33.507508+00:00,81,2026-09-10T11:37:33.126880+00:00,false,microservices,gateway,3bb11d31bf741218ad169cb6931b14a74292d85b11224ee298df7548f695516f,tcc-microservices-experiment-gateway-1,8.19,442289357,536870912,82.38,77,2.88MB / 3.68MB,39.8MB / 229kB
40,2026-09-10T11:37:33.507508+00:00,81,2026-09-10T11:37:33.126880+00:00,false,microservices,mysql,d8fac9a218def48484c5274a5c721fd1ab04b03f0f91605588141e7e6c91336e,tcc-microservices-experiment-mysql-1,26.02,549348966,1073741824,51.17,41,17.8MB / 34.3MB,58MB / 313MB
40,2026-09-10T11:37:33.507508+00:00,81,2026-09-10T11:37:33.126880+00:00,false,microservices,order,a77af749719268a95713bc4075f56cb6589702e65da79deaee425ceb403e64de,tcc-microservices-experiment-order-1,25.98,82208358,1073741824,7.66,3,20.2MB / 13.3MB,12.4MB / 77.8kB
40,2026-09-10T11:37:33.507508+00:00,81,2026-09-10T11:37:33.126880+00:00,false,microservices,product,e6dd4875d61f2f2472c37568ba21c331a1edb0e428f74083ecf3867a133b7534,tcc-microservices-experiment-product-1,32.69,81317069,1073741824,7.57,3,20.8MB / 10.8MB,12.5MB / 81.9kB
41,2026-09-10T11:37:34.507494+00:00,83,2026-09-10T11:37:34.127278+00:00,false,microservices,auth,253a7e20eec58ff1fdd30a235e182aa111d12b6bd79e562772a4457f801816ff,tcc-microservices-experiment-auth-1,0.02,79261860,1073741824,7.38,3,45.3kB / 40.3kB,12.1MB / 65.5kB
41,2026-09-10T11:37:34.507494+00:00,83,2026-09-10T11:37:34.127278+00:00,false,microservices,gateway,3bb11d31bf741218ad169cb6931b14a74292d85b11224ee298df7548f695516f,tcc-microservices-experiment-gateway-1,16.48,442184499,536870912,82.36,77,2.92MB / 3.73MB,39.8MB / 229kB
41,2026-09-10T11:37:34.507494+00:00,83,2026-09-10T11:37:34.127278+00:00,false,microservices,mysql,d8fac9a218def48484c5274a5c721fd1ab04b03f0f91605588141e7e6c91336e,tcc-microservices-experiment-mysql-1,29.68,549348966,1073741824,51.16,41,18MB / 34.8MB,58MB / 315MB
41,2026-09-10T11:37:34.507494+00:00,83,2026-09-10T11:37:34.127278+00:00,false,microservices,order,a77af749719268a95713bc4075f56cb6589702e65da79deaee425ceb403e64de,tcc-microservices-experiment-order-1,25.96,82743132,1073741824,7.71,3,20.5MB / 13.5MB,12.4MB / 77.8kB
41,2026-09-10T11:37:34.507494+00:00,83,2026-09-10T11:37:34.127278+00:00,false,microservices,product,e6dd4875d61f2f2472c37568ba21c331a1edb0e428f74083ecf3867a133b7534,tcc-microservices-experiment-product-1,32.16,81285612,1073741824,7.57,3,21.1MB / 11MB,12.5MB / 81.9kB
42,2026-09-10T11:37:35.507487+00:00,85,2026-09-10T11:37:35.127544+00:00,false,microservices,auth,253a7e20eec58ff1fdd30a235e182aa111d12b6bd79e562772a4457f801816ff,tcc-microservices-experiment-auth-1,0.02,79261860,1073741824,7.38,3,45.4kB / 40.3kB,12.1MB / 65.5kB
42,2026-09-10T11:37:35.507487+00:00,85,2026-09-10T11:37:35.127544+00:00,false,microservices,gateway,3bb11d31bf741218ad169cb6931b14a74292d85b11224ee298df7548f695516f,tcc-microservices-experiment-gateway-1,11.18,441240781,536870912,82.18,77,2.96MB / 3.79MB,39.8MB / 229kB
42,2026-09-10T11:37:35.507487+00:00,85,2026-09-10T11:37:35.127544+00:00,false,microservices,mysql,d8fac9a218def48484c5274a5c721fd1ab04b03f0f91605588141e7e6c91336e,tcc-microservices-experiment-mysql-1,25.29,549244109,1073741824,51.15,41,18.2MB / 35.2MB,58MB / 316MB
42,2026-09-10T11:37:35.507487+00:00,85,2026-09-10T11:37:35.127544+00:00,false,microservices,order,a77af749719268a95713bc4075f56cb6589702e65da79deaee425ceb403e64de,tcc-microservices-experiment-order-1,26.48,82313216,1073741824,7.67,3,20.7MB / 13.6MB,12.4MB / 77.8kB
42,2026-09-10T11:37:35.507487+00:00,85,2026-09-10T11:37:35.127544+00:00,false,microservices,product,e6dd4875d61f2f2472c37568ba21c331a1edb0e428f74083ecf3867a133b7534,tcc-microservices-experiment-product-1,32.78,81379983,1073741824,7.58,3,21.4MB / 11.1MB,12.5MB / 81.9kB
43,2026-09-10T11:37:36.507474+00:00,87,2026-09-10T11:37:36.127398+00:00,false,microservices,auth,253a7e20eec58ff1fdd30a235e182aa111d12b6bd79e562772a4457f801816ff,tcc-microservices-experiment-auth-1,0.02,79261860,1073741824,7.38,3,45.4kB / 40.3kB,12.1MB / 65.5kB
43,2026-09-10T11:37:36.507474+00:00,87,2026-09-10T11:37:36.127398+00:00,false,microservices,gateway,3bb11d31bf741218ad169cb6931b14a74292d85b11224ee298df7548f695516f,tcc-microservices-experiment-gateway-1,11.85,442289357,536870912,82.39,77,3.01MB / 3.84MB,39.8MB / 229kB
43,2026-09-10T11:37:36.507474+00:00,87,2026-09-10T11:37:36.127398+00:00,false,microservices,mysql,d8fac9a218def48484c5274a5c721fd1ab04b03f0f91605588141e7e6c91336e,tcc-microservices-experiment-mysql-1,29.09,548719821,1073741824,51.1,41,18.4MB / 35.6MB,58MB / 317MB
43,2026-09-10T11:37:36.507474+00:00,87,2026-09-10T11:37:36.127398+00:00,false,microservices,order,a77af749719268a95713bc4075f56cb6589702e65da79deaee425ceb403e64de,tcc-microservices-experiment-order-1,26.91,83152077,1073741824,7.74,3,20.9MB / 13.7MB,12.4MB / 77.8kB
43,2026-09-10T11:37:36.507474+00:00,87,2026-09-10T11:37:36.127398+00:00,false,microservices,product,e6dd4875d61f2f2472c37568ba21c331a1edb0e428f74083ecf3867a133b7534,tcc-microservices-experiment-product-1,32.89,82627789,1073741824,7.7,3,21.7MB / 11.3MB,12.5MB / 81.9kB
44,2026-09-10T11:37:37.507477+00:00,89,2026-09-10T11:37:37.127348+00:00,false,microservices,auth,253a7e20eec58ff1fdd30a235e182aa111d12b6bd79e562772a4457f801816ff,tcc-microservices-experiment-auth-1,0.01,79261860,1073741824,7.38,3,45.4kB / 40.3kB,12.1MB / 65.5kB
44,2026-09-10T11:37:37.507477+00:00,89,2026-09-10T11:37:37.127348+00:00,false,microservices,gateway,3bb11d31bf741218ad169cb6931b14a74292d85b11224ee298df7548f695516f,tcc-microservices-experiment-gateway-1,9.33,441765069,536870912,82.29,77,3.05MB / 3.9MB,39.8MB / 229kB
44,2026-09-10T11:37:37.507477+00:00,89,2026-09-10T11:37:37.127348+00:00,false,microservices,mysql,d8fac9a218def48484c5274a5c721fd1ab04b03f0f91605588141e7e6c91336e,tcc-microservices-experiment-mysql-1,24.84,548719821,1073741824,51.1,41,18.6MB / 36.1MB,58MB / 319MB
44,2026-09-10T11:37:37.507477+00:00,89,2026-09-10T11:37:37.127348+00:00,false,microservices,order,a77af749719268a95713bc4075f56cb6589702e65da79deaee425ceb403e64de,tcc-microservices-experiment-order-1,25.93,83204506,1073741824,7.75,3,21.1MB / 13.9MB,12.4MB / 77.8kB
44,2026-09-10T11:37:37.507477+00:00,89,2026-09-10T11:37:37.127348+00:00,false,microservices,product,e6dd4875d61f2f2472c37568ba21c331a1edb0e428f74083ecf3867a133b7534,tcc-microservices-experiment-product-1,32.19,82313216,1073741824,7.67,3,22MB / 11.4MB,12.5MB / 81.9kB
45,2026-09-10T11:37:38.507505+00:00,91,2026-09-10T11:37:38.127214+00:00,false,microservices,auth,253a7e20eec58ff1fdd30a235e182aa111d12b6bd79e562772a4457f801816ff,tcc-microservices-experiment-auth-1,0.02,79261860,1073741824,7.38,3,45.4kB / 40.3kB,12.1MB / 65.5kB
45,2026-09-10T11:37:38.507505+00:00,91,2026-09-10T11:37:38.127214+00:00,false,microservices,gateway,3bb11d31bf741218ad169cb6931b14a74292d85b11224ee298df7548f695516f,tcc-microservices-experiment-gateway-1,35.1,445225370,536870912,82.94,77,3.09MB / 3.95MB,39.8MB / 229kB
45,2026-09-10T11:37:38.507505+00:00,91,2026-09-10T11:37:38.127214+00:00,false,microservices,mysql,d8fac9a218def48484c5274a5c721fd1ab04b03f0f91605588141e7e6c91336e,tcc-microservices-experiment-mysql-1,30.52,549768397,1073741824,51.2,41,18.8MB / 36.5MB,58MB / 321MB
45,2026-09-10T11:37:38.507505+00:00,91,2026-09-10T11:37:38.127214+00:00,false,microservices,order,a77af749719268a95713bc4075f56cb6589702e65da79deaee425ceb403e64de,tcc-microservices-experiment-order-1,26.15,82952847,1073741824,7.73,3,21.4MB / 14MB,12.4MB / 77.8kB
45,2026-09-10T11:37:38.507505+00:00,91,2026-09-10T11:37:38.127214+00:00,false,microservices,product,e6dd4875d61f2f2472c37568ba21c331a1edb0e428f74083ecf3867a133b7534,tcc-microservices-experiment-product-1,32.26,81883300,1073741824,7.63,3,22.3MB / 11.6MB,12.5MB / 81.9kB
46,2026-09-10T11:37:39.507483+00:00,93,2026-09-10T11:37:39.127686+00:00,false,microservices,auth,253a7e20eec58ff1fdd30a235e182aa111d12b6bd79e562772a4457f801816ff,tcc-microservices-experiment-auth-1,0.02,79261860,1073741824,7.38,3,45.4kB / 40.3kB,12.1MB / 65.5kB
46,2026-09-10T11:37:39.507483+00:00,93,2026-09-10T11:37:39.127686+00:00,false,microservices,gateway,3bb11d31bf741218ad169cb6931b14a74292d85b11224ee298df7548f695516f,tcc-microservices-experiment-gateway-1,15.18,447322522,536870912,83.32,77,3.14MB / 4.01MB,39.8MB / 229kB
46,2026-09-10T11:37:39.507483+00:00,93,2026-09-10T11:37:39.127686+00:00,false,microservices,mysql,d8fac9a218def48484c5274a5c721fd1ab04b03f0f91605588141e7e6c91336e,tcc-microservices-experiment-mysql-1,25.3,548929536,1073741824,51.12,41,19MB / 37MB,58MB / 324MB
46,2026-09-10T11:37:39.507483+00:00,93,2026-09-10T11:37:39.127686+00:00,false,microservices,order,a77af749719268a95713bc4075f56cb6589702e65da79deaee425ceb403e64de,tcc-microservices-experiment-order-1,25.4,82407588,1073741824,7.68,3,21.6MB / 14.2MB,12.4MB / 77.8kB
46,2026-09-10T11:37:39.507483+00:00,93,2026-09-10T11:37:39.127686+00:00,false,microservices,product,e6dd4875d61f2f2472c37568ba21c331a1edb0e428f74083ecf3867a133b7534,tcc-microservices-experiment-product-1,32.23,81547756,1073741824,7.6,3,22.7MB / 11.8MB,12.5MB / 81.9kB
47,2026-09-10T11:37:40.507510+00:00,95,2026-09-10T11:37:40.127555+00:00,false,microservices,auth,253a7e20eec58ff1fdd30a235e182aa111d12b6bd79e562772a4457f801816ff,tcc-microservices-experiment-auth-1,0.02,79261860,1073741824,7.38,3,45.4kB / 40.3kB,12.1MB / 65.5kB
47,2026-09-10T11:37:40.507510+00:00,95,2026-09-10T11:37:40.127555+00:00,false,microservices,gateway,3bb11d31bf741218ad169cb6931b14a74292d85b11224ee298df7548f695516f,tcc-microservices-experiment-gateway-1,9.4,447637094,536870912,83.37,77,3.18MB / 4.06MB,39.8MB / 229kB
47,2026-09-10T11:37:40.507510+00:00,95,2026-09-10T11:37:40.127555+00:00,false,microservices,mysql,d8fac9a218def48484c5274a5c721fd1ab04b03f0f91605588141e7e6c91336e,tcc-microservices-experiment-mysql-1,28.45,549768397,1073741824,51.2,41,19.2MB / 37.4MB,58MB / 326MB
47,2026-09-10T11:37:40.507510+00:00,95,2026-09-10T11:37:40.127555+00:00,false,microservices,order,a77af749719268a95713bc4075f56cb6589702e65da79deaee425ceb403e64de,tcc-microservices-experiment-order-1,25.86,82460017,1073741824,7.68,3,21.8MB / 14.3MB,12.4MB / 77.8kB
47,2026-09-10T11:37:40.507510+00:00,95,2026-09-10T11:37:40.127555+00:00,false,microservices,product,e6dd4875d61f2f2472c37568ba21c331a1edb0e428f74083ecf3867a133b7534,tcc-microservices-experiment-product-1,29.99,81684070,1073741824,7.61,3,22.9MB / 11.9MB,12.5MB / 81.9kB
48,2026-09-10T11:37:41.507511+00:00,97,2026-09-10T11:37:41.127450+00:00,false,microservices,auth,253a7e20eec58ff1fdd30a235e182aa111d12b6bd79e562772a4457f801816ff,tcc-microservices-experiment-auth-1,0.02,79261860,1073741824,7.38,3,45.4kB / 40.3kB,12.1MB / 65.5kB
48,2026-09-10T11:37:41.507511+00:00,97,2026-09-10T11:37:41.127450+00:00,false,microservices,gateway,3bb11d31bf741218ad169cb6931b14a74292d85b11224ee298df7548f695516f,tcc-microservices-experiment-gateway-1,8.96,441974784,536870912,82.32,77,3.22MB / 4.12MB,39.8MB / 229kB
48,2026-09-10T11:37:41.507511+00:00,97,2026-09-10T11:37:41.127450+00:00,false,microservices,mysql,d8fac9a218def48484c5274a5c721fd1ab04b03f0f91605588141e7e6c91336e,tcc-microservices-experiment-mysql-1,25.95,549348966,1073741824,51.17,41,19.4MB / 37.8MB,58MB / 329MB
48,2026-09-10T11:37:41.507511+00:00,97,2026-09-10T11:37:41.127450+00:00,false,microservices,order,a77af749719268a95713bc4075f56cb6589702e65da79deaee425ceb403e64de,tcc-microservices-experiment-order-1,26.13,82753618,1073741824,7.71,3,22MB / 14.4MB,12.4MB / 77.8kB
48,2026-09-10T11:37:41.507511+00:00,97,2026-09-10T11:37:41.127450+00:00,false,microservices,product,e6dd4875d61f2f2472c37568ba21c331a1edb0e428f74083ecf3867a133b7534,tcc-microservices-experiment-product-1,32.45,82124472,1073741824,7.65,3,23.3MB / 12.1MB,12.5MB / 81.9kB
49,2026-09-10T11:37:42.507477+00:00,99,2026-09-10T11:37:42.127053+00:00,false,microservices,auth,253a7e20eec58ff1fdd30a235e182aa111d12b6bd79e562772a4457f801816ff,tcc-microservices-experiment-auth-1,0.02,79261860,1073741824,7.38,3,45.4kB / 40.3kB,12.1MB / 65.5kB
49,2026-09-10T11:37:42.507477+00:00,99,2026-09-10T11:37:42.127053+00:00,false,microservices,gateway,3bb11d31bf741218ad169cb6931b14a74292d85b11224ee298df7548f695516f,tcc-microservices-experiment-gateway-1,6.95,442499072,536870912,82.43,77,3.27MB / 4.18MB,39.8MB / 229kB
49,2026-09-10T11:37:42.507477+00:00,99,2026-09-10T11:37:42.127053+00:00,false,microservices,mysql,d8fac9a218def48484c5274a5c721fd1ab04b03f0f91605588141e7e6c91336e,tcc-microservices-experiment-mysql-1,30.17,549244109,1073741824,51.16,41,19.6MB / 38.2MB,58MB / 331MB
49,2026-09-10T11:37:42.507477+00:00,99,2026-09-10T11:37:42.127053+00:00,false,microservices,order,a77af749719268a95713bc4075f56cb6589702e65da79deaee425ceb403e64de,tcc-microservices-experiment-order-1,25.91,83508593,1073741824,7.78,3,22.3MB / 14.6MB,12.4MB / 77.8kB
49,2026-09-10T11:37:42.507477+00:00,99,2026-09-10T11:37:42.127053+00:00,false,microservices,product,e6dd4875d61f2f2472c37568ba21c331a1edb0e428f74083ecf3867a133b7534,tcc-microservices-experiment-product-1,33.65,81862328,1073741824,7.62,3,23.6MB / 12.2MB,12.5MB / 81.9kB
50,2026-09-10T11:37:43.507505+00:00,101,2026-09-10T11:37:43.126723+00:00,false,microservices,auth,253a7e20eec58ff1fdd30a235e182aa111d12b6bd79e562772a4457f801816ff,tcc-microservices-experiment-auth-1,0.02,79261860,1073741824,7.38,3,45.4kB / 40.3kB,12.1MB / 65.5kB
50,2026-09-10T11:37:43.507505+00:00,101,2026-09-10T11:37:43.126723+00:00,false,microservices,gateway,3bb11d31bf741218ad169cb6931b14a74292d85b11224ee298df7548f695516f,tcc-microservices-experiment-gateway-1,7.68,441974784,536870912,82.32,77,3.31MB / 4.23MB,39.8MB / 229kB
50,2026-09-10T11:37:43.507505+00:00,101,2026-09-10T11:37:43.126723+00:00,false,microservices,mysql,d8fac9a218def48484c5274a5c721fd1ab04b03f0f91605588141e7e6c91336e,tcc-microservices-experiment-mysql-1,26.34,549348966,1073741824,51.16,41,19.8MB / 38.7MB,58MB / 333MB
50,2026-09-10T11:37:43.507505+00:00,101,2026-09-10T11:37:43.126723+00:00,false,microservices,order,a77af749719268a95713bc4075f56cb6589702e65da79deaee425ceb403e64de,tcc-microservices-experiment-order-1,25.47,82785075,1073741824,7.71,3,22.5MB / 14.7MB,12.4MB / 77.8kB
50,2026-09-10T11:37:43.507505+00:00,101,2026-09-10T11:37:43.126723+00:00,false,microservices,product,e6dd4875d61f2f2472c37568ba21c331a1edb0e428f74083ecf3867a133b7534,tcc-microservices-experiment-product-1,32.02,81935729,1073741824,7.63,3,23.9MB / 12.4MB,12.5MB / 81.9kB
51,2026-09-10T11:37:44.507473+00:00,103,2026-09-10T11:37:44.127470+00:00,false,microservices,auth,253a7e20eec58ff1fdd30a235e182aa111d12b6bd79e562772a4457f801816ff,tcc-microservices-experiment-auth-1,0.02,79261860,1073741824,7.38,3,45.5kB / 40.3kB,12.1MB / 65.5kB
51,2026-09-10T11:37:44.507473+00:00,103,2026-09-10T11:37:44.127470+00:00,false,microservices,gateway,3bb11d31bf741218ad169cb6931b14a74292d85b11224ee298df7548f695516f,tcc-microservices-experiment-gateway-1,7.09,442184499,536870912,82.37,77,3.35MB / 4.29MB,39.8MB / 242kB
51,2026-09-10T11:37:44.507473+00:00,103,2026-09-10T11:37:44.127470+00:00,false,microservices,mysql,d8fac9a218def48484c5274a5c721fd1ab04b03f0f91605588141e7e6c91336e,tcc-microservices-experiment-mysql-1,29.56,549663539,1073741824,51.19,41,20MB / 39.1MB,58MB / 335MB
51,2026-09-10T11:37:44.507473+00:00,103,2026-09-10T11:37:44.127470+00:00,false,microservices,order,a77af749719268a95713bc4075f56cb6589702e65da79deaee425ceb403e64de,tcc-microservices-experiment-order-1,26.22,82617303,1073741824,7.69,3,22.7MB / 14.8MB,12.4MB / 77.8kB
51,2026-09-10T11:37:44.507473+00:00,103,2026-09-10T11:37:44.127470+00:00,false,microservices,product,e6dd4875d61f2f2472c37568ba21c331a1edb0e428f74083ecf3867a133b7534,tcc-microservices-experiment-product-1,32.87,81338040,1073741824,7.57,3,24.2MB / 12.6MB,12.5MB / 81.9kB
52,2026-09-10T11:37:45.507479+00:00,105,2026-09-10T11:37:45.127588+00:00,false,microservices,auth,253a7e20eec58ff1fdd30a235e182aa111d12b6bd79e562772a4457f801816ff,tcc-microservices-experiment-auth-1,0.02,79261860,1073741824,7.38,3,45.6kB / 40.3kB,12.1MB / 65.5kB
52,2026-09-10T11:37:45.507479+00:00,105,2026-09-10T11:37:45.127588+00:00,false,microservices,gateway,3bb11d31bf741218ad169cb6931b14a74292d85b11224ee298df7548f695516f,tcc-microservices-experiment-gateway-1,7.19,442079642,536870912,82.34,77,3.4MB / 4.34MB,39.8MB / 242kB
52,2026-09-10T11:37:45.507479+00:00,105,2026-09-10T11:37:45.127588+00:00,false,microservices,mysql,d8fac9a218def48484c5274a5c721fd1ab04b03f0f91605588141e7e6c91336e,tcc-microservices-experiment-mysql-1,25.77,549348966,1073741824,51.16,41,20.2MB / 39.6MB,58MB / 337MB
52,2026-09-10T11:37:45.507479+00:00,105,2026-09-10T11:37:45.127588+00:00,false,microservices,order,a77af749719268a95713bc4075f56cb6589702e65da79deaee425ceb403e64de,tcc-microservices-experiment-order-1,25.69,82659246,1073741824,7.7,3,23MB / 15MB,12.4MB / 77.8kB
52,2026-09-10T11:37:45.507479+00:00,105,2026-09-10T11:37:45.127588+00:00,false,microservices,product,e6dd4875d61f2f2472c37568ba21c331a1edb0e428f74083ecf3867a133b7534,tcc-microservices-experiment-product-1,32.85,81925243,1073741824,7.63,3,24.5MB / 12.7MB,12.5MB / 81.9kB
53,2026-09-10T11:37:46.507507+00:00,107,2026-09-10T11:37:46.127523+00:00,false,microservices,auth,253a7e20eec58ff1fdd30a235e182aa111d12b6bd79e562772a4457f801816ff,tcc-microservices-experiment-auth-1,0.02,79261860,1073741824,7.38,3,45.6kB / 40.3kB,12.1MB / 65.5kB
53,2026-09-10T11:37:46.507507+00:00,107,2026-09-10T11:37:46.127523+00:00,false,microservices,gateway,3bb11d31bf741218ad169cb6931b14a74292d85b11224ee298df7548f695516f,tcc-microservices-experiment-gateway-1,8.86,441974784,536870912,82.33,77,3.44MB / 4.4MB,39.8MB / 242kB
53,2026-09-10T11:37:46.507507+00:00,107,2026-09-10T11:37:46.127523+00:00,false,microservices,mysql,d8fac9a218def48484c5274a5c721fd1ab04b03f0f91605588141e7e6c91336e,tcc-microservices-experiment-mysql-1,29.21,549663539,1073741824,51.2,41,20.4MB / 40MB,58MB / 339MB
53,2026-09-10T11:37:46.507507+00:00,107,2026-09-10T11:37:46.127523+00:00,false,microservices,order,a77af749719268a95713bc4075f56cb6589702e65da79deaee425ceb403e64de,tcc-microservices-experiment-order-1,26.13,81694556,1073741824,7.61,3,23.2MB / 15.1MB,12.4MB / 77.8kB
53,2026-09-10T11:37:46.507507+00:00,107,2026-09-10T11:37:46.127523+00:00,false,microservices,product,e6dd4875d61f2f2472c37568ba21c331a1edb0e428f74083ecf3867a133b7534,tcc-microservices-experiment-product-1,32.59,81883300,1073741824,7.63,3,24.8MB / 12.9MB,12.5MB / 81.9kB
54,2026-09-10T11:37:47.507466+00:00,109,2026-09-10T11:37:47.127124+00:00,false,microservices,auth,253a7e20eec58ff1fdd30a235e182aa111d12b6bd79e562772a4457f801816ff,tcc-microservices-experiment-auth-1,0.02,79261860,1073741824,7.38,3,45.6kB / 40.3kB,12.1MB / 65.5kB
54,2026-09-10T11:37:47.507466+00:00,109,2026-09-10T11:37:47.127124+00:00,false,microservices,gateway,3bb11d31bf741218ad169cb6931b14a74292d85b11224ee298df7548f695516f,tcc-microservices-experiment-gateway-1,8.51,443023360,536870912,82.52,77,3.49MB / 4.45MB,39.8MB / 242kB
54,2026-09-10T11:37:47.507466+00:00,109,2026-09-10T11:37:47.127124+00:00,false,microservices,mysql,d8fac9a218def48484c5274a5c721fd1ab04b03f0f91605588141e7e6c91336e,tcc-microservices-experiment-mysql-1,25.3,549768397,1073741824,51.2,41,20.6MB / 40.4MB,58MB / 341MB
54,2026-09-10T11:37:47.507466+00:00,109,2026-09-10T11:37:47.127124+00:00,false,microservices,order,a77af749719268a95713bc4075f56cb6589702e65da79deaee425ceb403e64de,tcc-microservices-experiment-order-1,26.27,82113987,1073741824,7.65,3,23.4MB / 15.3MB,12.4MB / 77.8kB
54,2026-09-10T11:37:47.507466+00:00,109,2026-09-10T11:37:47.127124+00:00,false,microservices,product,e6dd4875d61f2f2472c37568ba21c331a1edb0e428f74083ecf3867a133b7534,tcc-microservices-experiment-product-1,32.86,81264640,1073741824,7.57,3,25.1MB / 13.1MB,12.5MB / 81.9kB
55,2026-09-10T11:37:48.507511+00:00,111,2026-09-10T11:37:48.127499+00:00,false,microservices,auth,253a7e20eec58ff1fdd30a235e182aa111d12b6bd79e562772a4457f801816ff,tcc-microservices-experiment-auth-1,0.02,79261860,1073741824,7.38,3,45.7kB / 40.3kB,12.1MB / 65.5kB
55,2026-09-10T11:37:48.507511+00:00,111,2026-09-10T11:37:48.127499+00:00,false,microservices,gateway,3bb11d31bf741218ad169cb6931b14a74292d85b11224ee298df7548f695516f,tcc-microservices-experiment-gateway-1,14.86,442289357,536870912,82.39,77,3.53MB / 4.51MB,39.8MB / 242kB
55,2026-09-10T11:37:48.507511+00:00,111,2026-09-10T11:37:48.127499+00:00,false,microservices,mysql,d8fac9a218def48484c5274a5c721fd1ab04b03f0f91605588141e7e6c91336e,tcc-microservices-experiment-mysql-1,29.49,549348966,1073741824,51.16,41,20.8MB / 40.9MB,58MB / 343MB
55,2026-09-10T11:37:48.507511+00:00,111,2026-09-10T11:37:48.127499+00:00,false,microservices,order,a77af749719268a95713bc4075f56cb6589702e65da79deaee425ceb403e64de,tcc-microservices-experiment-order-1,25.83,82501960,1073741824,7.68,3,23.6MB / 15.4MB,12.4MB / 77.8kB
55,2026-09-10T11:37:48.507511+00:00,111,2026-09-10T11:37:48.127499+00:00,false,microservices,product,e6dd4875d61f2f2472c37568ba21c331a1edb0e428f74083ecf3867a133b7534,tcc-microservices-experiment-product-1,32.25,80929096,1073741824,7.54,3,25.4MB / 13.2MB,12.5MB / 81.9kB
56,2026-09-10T11:37:49.507469+00:00,113,2026-09-10T11:37:49.127440+00:00,false,microservices,auth,253a7e20eec58ff1fdd30a235e182aa111d12b6bd79e562772a4457f801816ff,tcc-microservices-experiment-auth-1,0.02,79261860,1073741824,7.38,3,45.7kB / 40.3kB,12.1MB / 65.5kB
56,2026-09-10T11:37:49.507469+00:00,113,2026-09-10T11:37:49.127440+00:00,false,microservices,gateway,3bb11d31bf741218ad169cb6931b14a74292d85b11224ee298df7548f695516f,tcc-microservices-experiment-gateway-1,7.53,441555354,536870912,82.24,77,3.57MB / 4.57MB,39.8MB / 242kB
56,2026-09-10T11:37:49.507469+00:00,113,2026-09-10T11:37:49.127440+00:00,false,microservices,mysql,d8fac9a218def48484c5274a5c721fd1ab04b03f0f91605588141e7e6c91336e,tcc-microservices-experiment-mysql-1,25.68,548824678,1073741824,51.12,41,21MB / 41.3MB,58MB / 344MB
56,2026-09-10T11:37:49.507469+00:00,113,2026-09-10T11:37:49.127440+00:00,false,microservices,order,a77af749719268a95713bc4075f56cb6589702e65da79deaee425ceb403e64de,tcc-microservices-experiment-order-1,25.68,82439045,1073741824,7.68,3,23.9MB / 15.6MB,12.4MB / 77.8kB
56,2026-09-10T11:37:49.507469+00:00,113,2026-09-10T11:37:49.127440+00:00,false,microservices,product,e6dd4875d61f2f2472c37568ba21c331a1edb0e428f74083ecf3867a133b7534,tcc-microservices-experiment-product-1,32.95,81736499,1073741824,7.61,3,25.8MB / 13.4MB,12.5MB / 81.9kB
57,2026-09-10T11:37:50.507479+00:00,115,2026-09-10T11:37:50.127656+00:00,false,microservices,auth,253a7e20eec58ff1fdd30a235e182aa111d12b6bd79e562772a4457f801816ff,tcc-microservices-experiment-auth-1,0.02,79261860,1073741824,7.38,3,45.7kB / 40.3kB,12.1MB / 65.5kB
57,2026-09-10T11:37:50.507479+00:00,115,2026-09-10T11:37:50.127656+00:00,false,microservices,gateway,3bb11d31bf741218ad169cb6931b14a74292d85b11224ee298df7548f695516f,tcc-microservices-experiment-gateway-1,7.47,442184499,536870912,82.36,77,3.62MB / 4.62MB,39.8MB / 242kB
57,2026-09-10T11:37:50.507479+00:00,115,2026-09-10T11:37:50.127656+00:00,false,microservices,mysql,d8fac9a218def48484c5274a5c721fd1ab04b03f0f91605588141e7e6c91336e,tcc-microservices-experiment-mysql-1,29.04,549244109,1073741824,51.15,41,21.2MB / 41.8MB,58MB / 346MB
57,2026-09-10T11:37:50.507479+00:00,115,2026-09-10T11:37:50.127656+00:00,false,microservices,order,a77af749719268a95713bc4075f56cb6589702e65da79deaee425ceb403e64de,tcc-microservices-experiment-order-1,26.01,83078676,1073741824,7.74,3,24.1MB / 15.7MB,12.4MB / 77.8kB
57,2026-09-10T11:37:50.507479+00:00,115,2026-09-10T11:37:50.127656+00:00,false,microservices,product,e6dd4875d61f2f2472c37568ba21c331a1edb0e428f74083ecf3867a133b7534,tcc-microservices-experiment-product-1,32.61,82271273,1073741824,7.66,3,26.1MB / 13.5MB,12.5MB / 81.9kB
58,2026-09-10T11:37:51.507488+00:00,117,2026-09-10T11:37:51.126893+00:00,false,microservices,auth,253a7e20eec58ff1fdd30a235e182aa111d12b6bd79e562772a4457f801816ff,tcc-microservices-experiment-auth-1,0.02,79261860,1073741824,7.38,3,45.7kB / 40.3kB,12.1MB / 65.5kB
58,2026-09-10T11:37:51.507488+00:00,117,2026-09-10T11:37:51.126893+00:00,false,microservices,gateway,3bb11d31bf741218ad169cb6931b14a74292d85b11224ee298df7548f695516f,tcc-microservices-experiment-gateway-1,15.49,442394214,536870912,82.41,77,3.66MB / 4.68MB,39.8MB / 242kB
58,2026-09-10T11:37:51.507488+00:00,117,2026-09-10T11:37:51.126893+00:00,false,microservices,mysql,d8fac9a218def48484c5274a5c721fd1ab04b03f0f91605588141e7e6c91336e,tcc-microservices-experiment-mysql-1,25.86,549558682,1073741824,51.18,41,21.4MB / 42.2MB,58MB / 348MB
58,2026-09-10T11:37:51.507488+00:00,117,2026-09-10T11:37:51.126893+00:00,false,microservices,order,a77af749719268a95713bc4075f56cb6589702e65da79deaee425ceb403e64de,tcc-microservices-experiment-order-1,26.09,82827018,1073741824,7.71,3,24.3MB / 15.8MB,12.4MB / 77.8kB
58,2026-09-10T11:37:51.507488+00:00,117,2026-09-10T11:37:51.126893+00:00,false,microservices,product,e6dd4875d61f2f2472c37568ba21c331a1edb0e428f74083ecf3867a133b7534,tcc-microservices-experiment-product-1,32.24,82323702,1073741824,7.67,3,26.4MB / 13.7MB,12.5MB / 81.9kB
59,2026-09-10T11:37:52.507506+00:00,119,2026-09-10T11:37:52.127087+00:00,false,microservices,auth,253a7e20eec58ff1fdd30a235e182aa111d12b6bd79e562772a4457f801816ff,tcc-microservices-experiment-auth-1,0.02,79261860,1073741824,7.38,3,45.7kB / 40.3kB,12.1MB / 65.5kB
59,2026-09-10T11:37:52.507506+00:00,119,2026-09-10T11:37:52.127087+00:00,false,microservices,gateway,3bb11d31bf741218ad169cb6931b14a74292d85b11224ee298df7548f695516f,tcc-microservices-experiment-gateway-1,15.49,442394214,536870912,82.41,77,3.66MB / 4.68MB,39.8MB / 242kB
59,2026-09-10T11:37:52.507506+00:00,119,2026-09-10T11:37:52.127087+00:00,false,microservices,mysql,d8fac9a218def48484c5274a5c721fd1ab04b03f0f91605588141e7e6c91336e,tcc-microservices-experiment-mysql-1,28.9,548929536,1073741824,51.13,41,21.6MB / 42.6MB,58MB / 349MB
59,2026-09-10T11:37:52.507506+00:00,119,2026-09-10T11:37:52.127087+00:00,false,microservices,order,a77af749719268a95713bc4075f56cb6589702e65da79deaee425ceb403e64de,tcc-microservices-experiment-order-1,26.09,82827018,1073741824,7.71,3,24.3MB / 15.8MB,12.4MB / 77.8kB
59,2026-09-10T11:37:52.507506+00:00,119,2026-09-10T11:37:52.127087+00:00,false,microservices,product,e6dd4875d61f2f2472c37568ba21c331a1edb0e428f74083ecf3867a133b7534,tcc-microservices-experiment-product-1,32.24,82323702,1073741824,7.67,3,26.4MB / 13.7MB,12.5MB / 81.9kB
60,2026-09-10T11:37:53.507506+00:00,121,2026-09-10T11:37:53.127607+00:00,false,microservices,auth,253a7e20eec58ff1fdd30a235e182aa111d12b6bd79e562772a4457f801816ff,tcc-microservices-experiment-auth-1,0.02,79261860,1073741824,7.38,3,45.7kB / 40.3kB,12.1MB / 65.5kB
60,2026-09-10T11:37:53.507506+00:00,121,2026-09-10T11:37:53.127607+00:00,false,microservices,gateway,3bb11d31bf741218ad169cb6931b14a74292d85b11224ee298df7548f695516f,tcc-microservices-experiment-gateway-1,7.98,442289357,536870912,82.37,77,3.7MB / 4.73MB,39.8MB / 242kB
60,2026-09-10T11:37:53.507506+00:00,121,2026-09-10T11:37:53.127607+00:00,false,microservices,mysql,d8fac9a218def48484c5274a5c721fd1ab04b03f0f91605588141e7e6c91336e,tcc-microservices-experiment-mysql-1,28.9,548929536,1073741824,51.13,41,21.6MB / 42.6MB,58MB / 349MB
60,2026-09-10T11:37:53.507506+00:00,121,2026-09-10T11:37:53.127607+00:00,false,microservices,order,a77af749719268a95713bc4075f56cb6589702e65da79deaee425ceb403e64de,tcc-microservices-experiment-order-1,25.79,82260787,1073741824,7.66,3,24.6MB / 16MB,12.4MB / 77.8kB
60,2026-09-10T11:37:53.507506+00:00,121,2026-09-10T11:37:53.127607+00:00,false,microservices,product,e6dd4875d61f2f2472c37568ba21c331a1edb0e428f74083ecf3867a133b7534,tcc-microservices-experiment-product-1,33.47,82030100,1073741824,7.64,3,26.7MB / 13.9MB,12.5MB / 81.9kB
61,2026-09-10T11:37:54.507499+00:00,123,2026-09-10T11:37:54.127640+00:00,false,microservices,auth,253a7e20eec58ff1fdd30a235e182aa111d12b6bd79e562772a4457f801816ff,tcc-microservices-experiment-auth-1,0.02,79261860,1073741824,7.38,3,45.7kB / 40.3kB,12.1MB / 65.5kB
61,2026-09-10T11:37:54.507499+00:00,123,2026-09-10T11:37:54.127640+00:00,false,microservices,gateway,3bb11d31bf741218ad169cb6931b14a74292d85b11224ee298df7548f695516f,tcc-microservices-experiment-gateway-1,8.09,441765069,536870912,82.29,77,3.75MB / 4.79MB,39.8MB / 242kB
61,2026-09-10T11:37:54.507499+00:00,123,2026-09-10T11:37:54.127640+00:00,false,microservices,mysql,d8fac9a218def48484c5274a5c721fd1ab04b03f0f91605588141e7e6c91336e,tcc-microservices-experiment-mysql-1,25.93,550187827,1073741824,51.24,41,21.8MB / 43.1MB,58MB / 351MB
61,2026-09-10T11:37:54.507499+00:00,123,2026-09-10T11:37:54.127640+00:00,false,microservices,order,a77af749719268a95713bc4075f56cb6589702e65da79deaee425ceb403e64de,tcc-microservices-experiment-order-1,26.48,82774589,1073741824,7.71,3,24.8MB / 16.1MB,12.4MB / 77.8kB
61,2026-09-10T11:37:54.507499+00:00,123,2026-09-10T11:37:54.127640+00:00,false,microservices,product,e6dd4875d61f2f2472c37568ba21c331a1edb0e428f74083ecf3867a133b7534,tcc-microservices-experiment-product-1,32.09,82302730,1073741824,7.66,3,27MB / 14MB,12.5MB / 81.9kB
62,2026-09-10T11:37:55.507481+00:00,125,2026-09-10T11:37:55.128280+00:00,false,microservices,auth,253a7e20eec58ff1fdd30a235e182aa111d12b6bd79e562772a4457f801816ff,tcc-microservices-experiment-auth-1,0.02,79261860,1073741824,7.38,3,45.7kB / 40.3kB,12.1MB / 65.5kB
62,2026-09-10T11:37:55.507481+00:00,125,2026-09-10T11:37:55.128280+00:00,false,microservices,gateway,3bb11d31bf741218ad169cb6931b14a74292d85b11224ee298df7548f695516f,tcc-microservices-experiment-gateway-1,6.95,442184499,536870912,82.36,77,3.79MB / 4.85MB,39.8MB / 242kB
62,2026-09-10T11:37:55.507481+00:00,125,2026-09-10T11:37:55.128280+00:00,false,microservices,mysql,d8fac9a218def48484c5274a5c721fd1ab04b03f0f91605588141e7e6c91336e,tcc-microservices-experiment-mysql-1,29.22,549873254,1073741824,51.21,41,22MB / 43.5MB,58MB / 352MB
62,2026-09-10T11:37:55.507481+00:00,125,2026-09-10T11:37:55.128280+00:00,false,microservices,order,a77af749719268a95713bc4075f56cb6589702e65da79deaee425ceb403e64de,tcc-microservices-experiment-order-1,25.66,82816532,1073741824,7.71,3,25MB / 16.3MB,12.4MB / 77.8kB
62,2026-09-10T11:37:55.507481+00:00,125,2026-09-10T11:37:55.128280+00:00,false,microservices,product,e6dd4875d61f2f2472c37568ba21c331a1edb0e428f74083ecf3867a133b7534,tcc-microservices-experiment-product-1,32.27,81904271,1073741824,7.63,3,27.3MB / 14.2MB,12.5MB / 81.9kB
63,2026-09-10T11:37:56.507485+00:00,127,2026-09-10T11:37:56.127393+00:00,false,microservices,auth,253a7e20eec58ff1fdd30a235e182aa111d12b6bd79e562772a4457f801816ff,tcc-microservices-experiment-auth-1,0.02,79261860,1073741824,7.38,3,45.7kB / 40.3kB,12.1MB / 65.5kB
63,2026-09-10T11:37:56.507485+00:00,127,2026-09-10T11:37:56.127393+00:00,false,microservices,gateway,3bb11d31bf741218ad169cb6931b14a74292d85b11224ee298df7548f695516f,tcc-microservices-experiment-gateway-1,6.6,441974784,536870912,82.32,77,3.83MB / 4.9MB,39.8MB / 242kB
63,2026-09-10T11:37:56.507485+00:00,127,2026-09-10T11:37:56.127393+00:00,false,microservices,mysql,d8fac9a218def48484c5274a5c721fd1ab04b03f0f91605588141e7e6c91336e,tcc-microservices-experiment-mysql-1,24.83,550397542,1073741824,51.26,41,22.2MB / 43.9MB,58MB / 354MB
63,2026-09-10T11:37:56.507485+00:00,127,2026-09-10T11:37:56.127393+00:00,false,microservices,order,a77af749719268a95713bc4075f56cb6589702e65da79deaee425ceb403e64de,tcc-microservices-experiment-order-1,24.35,82973819,1073741824,7.73,3,25.2MB / 16.4MB,12.4MB / 77.8kB
63,2026-09-10T11:37:56.507485+00:00,127,2026-09-10T11:37:56.127393+00:00,false,microservices,product,e6dd4875d61f2f2472c37568ba21c331a1edb0e428f74083ecf3867a133b7534,tcc-microservices-experiment-product-1,31.11,82134958,1073741824,7.65,3,27.6MB / 14.3MB,12.5MB / 81.9kB
64,2026-09-10T11:37:57.507494+00:00,129,2026-09-10T11:37:57.128394+00:00,false,microservices,auth,253a7e20eec58ff1fdd30a235e182aa111d12b6bd79e562772a4457f801816ff,tcc-microservices-experiment-auth-1,0.03,79261860,1073741824,7.38,3,45.7kB / 40.3kB,12.1MB / 65.5kB
64,2026-09-10T11:37:57.507494+00:00,129,2026-09-10T11:37:57.128394+00:00,false,microservices,gateway,3bb11d31bf741218ad169cb6931b14a74292d85b11224ee298df7548f695516f,tcc-microservices-experiment-gateway-1,14.89,442499072,536870912,82.42,77,3.88MB / 4.96MB,39.8MB / 242kB
64,2026-09-10T11:37:57.507494+00:00,129,2026-09-10T11:37:57.128394+00:00,false,microservices,mysql,d8fac9a218def48484c5274a5c721fd1ab04b03f0f91605588141e7e6c91336e,tcc-microservices-experiment-mysql-1,29.6,549663539,1073741824,51.19,41,22.4MB / 44.4MB,58MB / 355MB
64,2026-09-10T11:37:57.507494+00:00,129,2026-09-10T11:37:57.128394+00:00,false,microservices,order,a77af749719268a95713bc4075f56cb6589702e65da79deaee425ceb403e64de,tcc-microservices-experiment-order-1,26.0,83256934,1073741824,7.75,3,25.5MB / 16.5MB,12.4MB / 77.8kB
64,2026-09-10T11:37:57.507494+00:00,129,2026-09-10T11:37:57.128394+00:00,false,microservices,product,e6dd4875d61f2f2472c37568ba21c331a1edb0e428f74083ecf3867a133b7534,tcc-microservices-experiment-product-1,32.4,81621156,1073741824,7.6,3,27.9MB / 14.5MB,12.5MB / 81.9kB
65,2026-09-10T11:37:58.507510+00:00,131,2026-09-10T11:37:58.127116+00:00,false,microservices,auth,253a7e20eec58ff1fdd30a235e182aa111d12b6bd79e562772a4457f801816ff,tcc-microservices-experiment-auth-1,0.02,79261860,1073741824,7.38,3,45.7kB / 40.3kB,12.1MB / 65.5kB
65,2026-09-10T11:37:58.507510+00:00,131,2026-09-10T11:37:58.127116+00:00,false,microservices,gateway,3bb11d31bf741218ad169cb6931b14a74292d85b11224ee298df7548f695516f,tcc-microservices-experiment-gateway-1,12.35,442289357,536870912,82.37,77,3.92MB / 5.01MB,39.8MB / 242kB
65,2026-09-10T11:37:58.507510+00:00,131,2026-09-10T11:37:58.127116+00:00,false,microservices,mysql,d8fac9a218def48484c5274a5c721fd1ab04b03f0f91605588141e7e6c91336e,tcc-microservices-experiment-mysql-1,25.76,549978112,1073741824,51.22,41,22.6MB / 44.8MB,58MB / 358MB
65,2026-09-10T11:37:58.507510+00:00,131,2026-09-10T11:37:58.127116+00:00,false,microservices,order,a77af749719268a95713bc4075f56cb6589702e65da79deaee425ceb403e64de,tcc-microservices-experiment-order-1,26.57,83026248,1073741824,7.73,3,25.7MB / 16.7MB,12.4MB / 77.8kB
65,2026-09-10T11:37:58.507510+00:00,131,2026-09-10T11:37:58.127116+00:00,false,microservices,product,e6dd4875d61f2f2472c37568ba21c331a1edb0e428f74083ecf3867a133b7534,tcc-microservices-experiment-product-1,32.56,82093015,1073741824,7.65,3,28.2MB / 14.7MB,12.5MB / 81.9kB
66,2026-09-10T11:37:59.507505+00:00,133,2026-09-10T11:37:59.128417+00:00,false,microservices,auth,253a7e20eec58ff1fdd30a235e182aa111d12b6bd79e562772a4457f801816ff,tcc-microservices-experiment-auth-1,0.01,79261860,1073741824,7.38,3,45.7kB / 40.3kB,12.1MB / 65.5kB
66,2026-09-10T11:37:59.507505+00:00,133,2026-09-10T11:37:59.128417+00:00,false,microservices,gateway,3bb11d31bf741218ad169cb6931b14a74292d85b11224ee298df7548f695516f,tcc-microservices-experiment-gateway-1,8.33,442079642,536870912,82.35,77,3.97MB / 5.07MB,39.8MB / 242kB
66,2026-09-10T11:37:59.507505+00:00,133,2026-09-10T11:37:59.128417+00:00,false,microservices,mysql,d8fac9a218def48484c5274a5c721fd1ab04b03f0f91605588141e7e6c91336e,tcc-microservices-experiment-mysql-1,29.78,549978112,1073741824,51.22,41,22.8MB / 45.2MB,58MB / 360MB
66,2026-09-10T11:37:59.507505+00:00,133,2026-09-10T11:37:59.128417+00:00,false,microservices,order,a77af749719268a95713bc4075f56cb6589702e65da79deaee425ceb403e64de,tcc-microservices-experiment-order-1,26.71,82910904,1073741824,7.72,3,25.9MB / 16.8MB,12.4MB / 77.8kB
66,2026-09-10T11:37:59.507505+00:00,133,2026-09-10T11:37:59.128417+00:00,false,microservices,product,e6dd4875d61f2f2472c37568ba21c331a1edb0e428f74083ecf3867a133b7534,tcc-microservices-experiment-product-1,32.41,81505812,1073741824,7.59,3,28.5MB / 14.8MB,12.5MB / 81.9kB
67,2026-09-10T11:38:00.507504+00:00,135,2026-09-10T11:38:00.127610+00:00,false,microservices,auth,253a7e20eec58ff1fdd30a235e182aa111d12b6bd79e562772a4457f801816ff,tcc-microservices-experiment-auth-1,0.02,79261860,1073741824,7.38,3,45.7kB / 40.3kB,12.1MB / 65.5kB
67,2026-09-10T11:38:00.507504+00:00,135,2026-09-10T11:38:00.127610+00:00,false,microservices,gateway,3bb11d31bf741218ad169cb6931b14a74292d85b11224ee298df7548f695516f,tcc-microservices-experiment-gateway-1,35.91,449734246,536870912,83.78,77,4.01MB / 5.12MB,39.8MB / 254kB
67,2026-09-10T11:38:00.507504+00:00,135,2026-09-10T11:38:00.127610+00:00,false,microservices,mysql,d8fac9a218def48484c5274a5c721fd1ab04b03f0f91605588141e7e6c91336e,tcc-microservices-experiment-mysql-1,26.94,550607258,1073741824,51.28,41,23MB / 45.6MB,58MB / 362MB
67,2026-09-10T11:38:00.507504+00:00,135,2026-09-10T11:38:00.127610+00:00,false,microservices,order,a77af749719268a95713bc4075f56cb6589702e65da79deaee425ceb403e64de,tcc-microservices-experiment-order-1,26.56,82596332,1073741824,7.69,3,26.1MB / 16.9MB,12.4MB / 77.8kB
67,2026-09-10T11:38:00.507504+00:00,135,2026-09-10T11:38:00.127610+00:00,false,microservices,product,e6dd4875d61f2f2472c37568ba21c331a1edb0e428f74083ecf3867a133b7534,tcc-microservices-experiment-product-1,32.09,81589699,1073741824,7.6,3,28.8MB / 15MB,12.5MB / 81.9kB
68,2026-09-10T11:38:01.507524+00:00,137,2026-09-10T11:38:01.127355+00:00,false,microservices,auth,253a7e20eec58ff1fdd30a235e182aa111d12b6bd79e562772a4457f801816ff,tcc-microservices-experiment-auth-1,0.02,79261860,1073741824,7.38,3,45.7kB / 40.3kB,12.1MB / 65.5kB
68,2026-09-10T11:38:01.507524+00:00,137,2026-09-10T11:38:01.127355+00:00,false,microservices,gateway,3bb11d31bf741218ad169cb6931b14a74292d85b11224ee298df7548f695516f,tcc-microservices-experiment-gateway-1,12.12,450573107,536870912,83.92,77,4.05MB / 5.18MB,39.9MB / 254kB
68,2026-09-10T11:38:01.507524+00:00,137,2026-09-10T11:38:01.127355+00:00,false,microservices,mysql,d8fac9a218def48484c5274a5c721fd1ab04b03f0f91605588141e7e6c91336e,tcc-microservices-experiment-mysql-1,30.27,550712115,1073741824,51.29,41,23.2MB / 46.1MB,58MB / 364MB
68,2026-09-10T11:38:01.507524+00:00,137,2026-09-10T11:38:01.127355+00:00,false,microservices,order,a77af749719268a95713bc4075f56cb6589702e65da79deaee425ceb403e64de,tcc-microservices-experiment-order-1,26.87,82795561,1073741824,7.71,3,26.4MB / 17.1MB,12.4MB / 77.8kB
68,2026-09-10T11:38:01.507524+00:00,137,2026-09-10T11:38:01.127355+00:00,false,microservices,product,e6dd4875d61f2f2472c37568ba21c331a1edb0e428f74083ecf3867a133b7534,tcc-microservices-experiment-product-1,32.51,81516298,1073741824,7.59,3,29.2MB / 15.1MB,12.5MB / 81.9kB
69,2026-09-10T11:38:02.507480+00:00,139,2026-09-10T11:38:02.127189+00:00,false,microservices,auth,253a7e20eec58ff1fdd30a235e182aa111d12b6bd79e562772a4457f801816ff,tcc-microservices-experiment-auth-1,0.02,79261860,1073741824,7.38,3,45.7kB / 40.3kB,12.1MB / 65.5kB
69,2026-09-10T11:38:02.507480+00:00,139,2026-09-10T11:38:02.127189+00:00,false,microservices,gateway,3bb11d31bf741218ad169cb6931b14a74292d85b11224ee298df7548f695516f,tcc-microservices-experiment-gateway-1,43.57,449419674,536870912,83.71,77,4.09MB / 5.23MB,39.9MB / 254kB
69,2026-09-10T11:38:02.507480+00:00,139,2026-09-10T11:38:02.127189+00:00,false,microservices,mysql,d8fac9a218def48484c5274a5c721fd1ab04b03f0f91605588141e7e6c91336e,tcc-microservices-experiment-mysql-1,26.17,550187827,1073741824,51.24,41,23.4MB / 46.5MB,58MB / 367MB
69,2026-09-10T11:38:02.507480+00:00,139,2026-09-10T11:38:02.127189+00:00,false,microservices,order,a77af749719268a95713bc4075f56cb6589702e65da79deaee425ceb403e64de,tcc-microservices-experiment-order-1,25.57,82984305,1073741824,7.73,3,26.6MB / 17.2MB,12.4MB / 77.8kB
69,2026-09-10T11:38:02.507480+00:00,139,2026-09-10T11:38:02.127189+00:00,false,microservices,product,e6dd4875d61f2f2472c37568ba21c331a1edb0e428f74083ecf3867a133b7534,tcc-microservices-experiment-product-1,32.31,81684070,1073741824,7.61,3,29.5MB / 15.3MB,12.5MB / 81.9kB
70,2026-09-10T11:38:03.507494+00:00,141,2026-09-10T11:38:03.127030+00:00,false,microservices,auth,253a7e20eec58ff1fdd30a235e182aa111d12b6bd79e562772a4457f801816ff,tcc-microservices-experiment-auth-1,0.02,79261860,1073741824,7.38,3,45.7kB / 40.3kB,12.1MB / 65.5kB
70,2026-09-10T11:38:03.507494+00:00,141,2026-09-10T11:38:03.127030+00:00,false,microservices,gateway,3bb11d31bf741218ad169cb6931b14a74292d85b11224ee298df7548f695516f,tcc-microservices-experiment-gateway-1,18.2,449209958,536870912,83.68,77,4.14MB / 5.29MB,39.9MB / 254kB
70,2026-09-10T11:38:03.507494+00:00,141,2026-09-10T11:38:03.127030+00:00,false,microservices,mysql,d8fac9a218def48484c5274a5c721fd1ab04b03f0f91605588141e7e6c91336e,tcc-microservices-experiment-mysql-1,28.1,550502400,1073741824,51.27,41,23.6MB / 46.9MB,58MB / 375MB
70,2026-09-10T11:38:03.507494+00:00,141,2026-09-10T11:38:03.127030+00:00,false,microservices,order,a77af749719268a95713bc4075f56cb6589702e65da79deaee425ceb403e64de,tcc-microservices-experiment-order-1,25.43,82428559,1073741824,7.68,3,26.8MB / 17.4MB,12.4MB / 77.8kB
70,2026-09-10T11:38:03.507494+00:00,141,2026-09-10T11:38:03.127030+00:00,false,microservices,product,e6dd4875d61f2f2472c37568ba21c331a1edb0e428f74083ecf3867a133b7534,tcc-microservices-experiment-product-1,31.31,82176901,1073741824,7.65,3,29.8MB / 15.4MB,12.5MB / 81.9kB
71,2026-09-10T11:38:04.507485+00:00,143,2026-09-10T11:38:04.128261+00:00,false,microservices,auth,253a7e20eec58ff1fdd30a235e182aa111d12b6bd79e562772a4457f801816ff,tcc-microservices-experiment-auth-1,0.02,79261860,1073741824,7.38,3,45.7kB / 40.3kB,12.1MB / 65.5kB
71,2026-09-10T11:38:04.507485+00:00,143,2026-09-10T11:38:04.128261+00:00,false,microservices,gateway,3bb11d31bf741218ad169cb6931b14a74292d85b11224ee298df7548f695516f,tcc-microservices-experiment-gateway-1,15.82,449839104,536870912,83.78,77,4.18MB / 5.34MB,39.9MB / 254kB
71,2026-09-10T11:38:04.507485+00:00,143,2026-09-10T11:38:04.128261+00:00,false,microservices,mysql,d8fac9a218def48484c5274a5c721fd1ab04b03f0f91605588141e7e6c91336e,tcc-microservices-experiment-mysql-1,26.03,550607258,1073741824,51.28,41,23.8MB / 47.4MB,58MB / 377MB
71,2026-09-10T11:38:04.507485+00:00,143,2026-09-10T11:38:04.128261+00:00,false,microservices,order,a77af749719268a95713bc4075f56cb6589702e65da79deaee425ceb403e64de,tcc-microservices-experiment-order-1,25.57,82795561,1073741824,7.71,3,27MB / 17.5MB,12.4MB / 77.8kB
71,2026-09-10T11:38:04.507485+00:00,143,2026-09-10T11:38:04.128261+00:00,false,microservices,product,e6dd4875d61f2f2472c37568ba21c331a1edb0e428f74083ecf3867a133b7534,tcc-microservices-experiment-product-1,32.56,81390469,1073741824,7.58,3,30.1MB / 15.6MB,12.5MB / 81.9kB
72,2026-09-10T11:38:05.507503+00:00,145,2026-09-10T11:38:05.128354+00:00,false,microservices,auth,253a7e20eec58ff1fdd30a235e182aa111d12b6bd79e562772a4457f801816ff,tcc-microservices-experiment-auth-1,0.02,79261860,1073741824,7.38,3,45.7kB / 40.3kB,12.1MB / 65.5kB
72,2026-09-10T11:38:05.507503+00:00,145,2026-09-10T11:38:05.128354+00:00,false,microservices,gateway,3bb11d31bf741218ad169cb6931b14a74292d85b11224ee298df7548f695516f,tcc-microservices-experiment-gateway-1,24.72,451726541,536870912,84.14,77,4.22MB / 5.39MB,39.9MB / 254kB
72,2026-09-10T11:38:05.507503+00:00,145,2026-09-10T11:38:05.128354+00:00,false,microservices,mysql,d8fac9a218def48484c5274a5c721fd1ab04b03f0f91605588141e7e6c91336e,tcc-microservices-experiment-mysql-1,29.11,550816973,1073741824,51.3,41,24MB / 47.8MB,58MB / 386MB
72,2026-09-10T11:38:05.507503+00:00,145,2026-09-10T11:38:05.128354+00:00,false,microservices,order,a77af749719268a95713bc4075f56cb6589702e65da79deaee425ceb403e64de,tcc-microservices-experiment-order-1,25.19,82921390,1073741824,7.72,3,27.2MB / 17.6MB,12.4MB / 77.8kB
72,2026-09-10T11:38:05.507503+00:00,145,2026-09-10T11:38:05.128354+00:00,false,microservices,product,e6dd4875d61f2f2472c37568ba21c331a1edb0e428f74083ecf3867a133b7534,tcc-microservices-experiment-product-1,30.49,81631642,1073741824,7.6,3,30.4MB / 15.7MB,12.5MB / 81.9kB
73,2026-09-10T11:38:06.507504+00:00,147,2026-09-10T11:38:06.128371+00:00,false,microservices,auth,253a7e20eec58ff1fdd30a235e182aa111d12b6bd79e562772a4457f801816ff,tcc-microservices-experiment-auth-1,0.02,79261860,1073741824,7.38,3,45.7kB / 40.3kB,12.1MB / 65.5kB
73,2026-09-10T11:38:06.507504+00:00,147,2026-09-10T11:38:06.128371+00:00,false,microservices,gateway,3bb11d31bf741218ad169cb6931b14a74292d85b11224ee298df7548f695516f,tcc-microservices-experiment-gateway-1,6.88,453194547,536870912,84.42,77,4.26MB / 5.45MB,39.9MB / 254kB
73,2026-09-10T11:38:06.507504+00:00,147,2026-09-10T11:38:06.128371+00:00,false,microservices,mysql,d8fac9a218def48484c5274a5c721fd1ab04b03f0f91605588141e7e6c91336e,tcc-microservices-experiment-mysql-1,25.12,550082970,1073741824,51.23,41,24.2MB / 48.2MB,58MB / 388MB
73,2026-09-10T11:38:06.507504+00:00,147,2026-09-10T11:38:06.128371+00:00,false,microservices,order,a77af749719268a95713bc4075f56cb6589702e65da79deaee425ceb403e64de,tcc-microservices-experiment-order-1,26.19,82994790,1073741824,7.73,3,27.5MB / 17.8MB,12.4MB / 77.8kB
73,2026-09-10T11:38:06.507504+00:00,147,2026-09-10T11:38:06.128371+00:00,false,microservices,product,e6dd4875d61f2f2472c37568ba21c331a1edb0e428f74083ecf3867a133b7534,tcc-microservices-experiment-product-1,33.18,81243668,1073741824,7.57,3,30.7MB / 15.9MB,12.5MB / 81.9kB
74,2026-09-10T11:38:07.507481+00:00,149,2026-09-10T11:38:07.128461+00:00,false,microservices,auth,253a7e20eec58ff1fdd30a235e182aa111d12b6bd79e562772a4457f801816ff,tcc-microservices-experiment-auth-1,0.02,79261860,1073741824,7.38,3,45.7kB / 40.3kB,12.1MB / 65.5kB
74,2026-09-10T11:38:07.507481+00:00,149,2026-09-10T11:38:07.128461+00:00,false,microservices,gateway,3bb11d31bf741218ad169cb6931b14a74292d85b11224ee298df7548f695516f,tcc-microservices-experiment-gateway-1,7.17,452355686,536870912,84.25,77,4.31MB / 5.5MB,39.9MB / 254kB
74,2026-09-10T11:38:07.507481+00:00,149,2026-09-10T11:38:07.128461+00:00,false,microservices,mysql,d8fac9a218def48484c5274a5c721fd1ab04b03f0f91605588141e7e6c91336e,tcc-microservices-experiment-mysql-1,28.71,556898714,1073741824,51.87,42,24.4MB / 48.6MB,58MB / 389MB
74,2026-09-10T11:38:07.507481+00:00,149,2026-09-10T11:38:07.128461+00:00,false,microservices,order,a77af749719268a95713bc4075f56cb6589702e65da79deaee425ceb403e64de,tcc-microservices-experiment-order-1,26.66,82365645,1073741824,7.67,3,27.7MB / 17.9MB,12.4MB / 77.8kB
74,2026-09-10T11:38:07.507481+00:00,149,2026-09-10T11:38:07.128461+00:00,false,microservices,product,e6dd4875d61f2f2472c37568ba21c331a1edb0e428f74083ecf3867a133b7534,tcc-microservices-experiment-product-1,32.2,81484841,1073741824,7.59,3,31MB / 16.1MB,12.5MB / 81.9kB
75,2026-09-10T11:38:08.507495+00:00,151,2026-09-10T11:38:08.128281+00:00,false,microservices,auth,253a7e20eec58ff1fdd30a235e182aa111d12b6bd79e562772a4457f801816ff,tcc-microservices-experiment-auth-1,0.02,79261860,1073741824,7.38,3,45.7kB / 40.3kB,12.1MB / 65.5kB
75,2026-09-10T11:38:08.507495+00:00,151,2026-09-10T11:38:08.128281+00:00,false,microservices,gateway,3bb11d31bf741218ad169cb6931b14a74292d85b11224ee298df7548f695516f,tcc-microservices-experiment-gateway-1,7.42,452145971,536870912,84.22,77,4.35MB / 5.56MB,39.9MB / 254kB
75,2026-09-10T11:38:08.507495+00:00,151,2026-09-10T11:38:08.128281+00:00,false,microservices,mysql,d8fac9a218def48484c5274a5c721fd1ab04b03f0f91605588141e7e6c91336e,tcc-microservices-experiment-mysql-1,26.21,550292685,1073741824,51.25,41,24.6MB / 49.1MB,58MB / 391MB
75,2026-09-10T11:38:08.507495+00:00,151,2026-09-10T11:38:08.128281+00:00,false,microservices,order,a77af749719268a95713bc4075f56cb6589702e65da79deaee425ceb403e64de,tcc-microservices-experiment-order-1,26.58,83141591,1073741824,7.74,4,27.9MB / 18.1MB,12.4MB / 77.8kB
75,2026-09-10T11:38:08.507495+00:00,151,2026-09-10T11:38:08.128281+00:00,false,microservices,product,e6dd4875d61f2f2472c37568ba21c331a1edb0e428f74083ecf3867a133b7534,tcc-microservices-experiment-product-1,32.37,82009129,1073741824,7.64,3,31.3MB / 16.2MB,12.5MB / 81.9kB
76,2026-09-10T11:38:09.507481+00:00,153,2026-09-10T11:38:09.128721+00:00,false,microservices,auth,253a7e20eec58ff1fdd30a235e182aa111d12b6bd79e562772a4457f801816ff,tcc-microservices-experiment-auth-1,0.02,79261860,1073741824,7.38,3,45.7kB / 40.3kB,12.1MB / 65.5kB
76,2026-09-10T11:38:09.507481+00:00,153,2026-09-10T11:38:09.128721+00:00,false,microservices,gateway,3bb11d31bf741218ad169cb6931b14a74292d85b11224ee298df7548f695516f,tcc-microservices-experiment-gateway-1,6.84,452250829,536870912,84.25,77,4.4MB / 5.62MB,39.9MB / 254kB
76,2026-09-10T11:38:09.507481+00:00,153,2026-09-10T11:38:09.128721+00:00,false,microservices,mysql,d8fac9a218def48484c5274a5c721fd1ab04b03f0f91605588141e7e6c91336e,tcc-microservices-experiment-mysql-1,25.36,551550976,1073741824,51.37,42,24.8MB / 49.5MB,58MB / 392MB
76,2026-09-10T11:38:09.507481+00:00,153,2026-09-10T11:38:09.128721+00:00,false,microservices,order,a77af749719268a95713bc4075f56cb6589702e65da79deaee425ceb403e64de,tcc-microservices-experiment-order-1,26.42,83047219,1073741824,7.73,3,28.2MB / 18.2MB,12.4MB / 77.8kB
76,2026-09-10T11:38:09.507481+00:00,153,2026-09-10T11:38:09.128721+00:00,false,microservices,product,e6dd4875d61f2f2472c37568ba21c331a1edb0e428f74083ecf3867a133b7534,tcc-microservices-experiment-product-1,33.12,81558241,1073741824,7.6,3,31.6MB / 16.4MB,12.5MB / 81.9kB
77,2026-09-10T11:38:10.507498+00:00,155,2026-09-10T11:38:10.128433+00:00,false,microservices,auth,253a7e20eec58ff1fdd30a235e182aa111d12b6bd79e562772a4457f801816ff,tcc-microservices-experiment-auth-1,0.02,79261860,1073741824,7.38,3,45.7kB / 40.3kB,12.1MB / 65.5kB
77,2026-09-10T11:38:10.507498+00:00,155,2026-09-10T11:38:10.128433+00:00,false,microservices,gateway,3bb11d31bf741218ad169cb6931b14a74292d85b11224ee298df7548f695516f,tcc-microservices-experiment-gateway-1,6.87,451202253,536870912,84.03,77,4.44MB / 5.67MB,39.9MB / 254kB
77,2026-09-10T11:38:10.507498+00:00,155,2026-09-10T11:38:10.128433+00:00,false,microservices,mysql,d8fac9a218def48484c5274a5c721fd1ab04b03f0f91605588141e7e6c91336e,tcc-microservices-experiment-mysql-1,29.79,550816973,1073741824,51.3,41,25MB / 50MB,58MB / 394MB
77,2026-09-10T11:38:10.507498+00:00,155,2026-09-10T11:38:10.128433+00:00,false,microservices,order,a77af749719268a95713bc4075f56cb6589702e65da79deaee425ceb403e64de,tcc-microservices-experiment-order-1,26.15,83550536,1073741824,7.78,3,28.4MB / 18.3MB,12.4MB / 77.8kB
77,2026-09-10T11:38:10.507498+00:00,155,2026-09-10T11:38:10.128433+00:00,false,microservices,product,e6dd4875d61f2f2472c37568ba21c331a1edb0e428f74083ecf3867a133b7534,tcc-microservices-experiment-product-1,32.57,82659246,1073741824,7.7,3,31.9MB / 16.6MB,12.5MB / 81.9kB
78,2026-09-10T11:38:11.507512+00:00,157,2026-09-10T11:38:11.128238+00:00,false,microservices,auth,253a7e20eec58ff1fdd30a235e182aa111d12b6bd79e562772a4457f801816ff,tcc-microservices-experiment-auth-1,0.02,79261860,1073741824,7.38,3,45.7kB / 40.3kB,12.1MB / 65.5kB
78,2026-09-10T11:38:11.507512+00:00,157,2026-09-10T11:38:11.128238+00:00,false,microservices,gateway,3bb11d31bf741218ad169cb6931b14a74292d85b11224ee298df7548f695516f,tcc-microservices-experiment-gateway-1,8.44,452355686,536870912,84.26,77,4.48MB / 5.73MB,39.9MB / 254kB
78,2026-09-10T11:38:11.507512+00:00,157,2026-09-10T11:38:11.128238+00:00,false,microservices,mysql,d8fac9a218def48484c5274a5c721fd1ab04b03f0f91605588141e7e6c91336e,tcc-microservices-experiment-mysql-1,25.16,551026688,1073741824,51.32,41,25.2MB / 50.4MB,58MB / 395MB
78,2026-09-10T11:38:11.507512+00:00,157,2026-09-10T11:38:11.128238+00:00,false,microservices,order,a77af749719268a95713bc4075f56cb6589702e65da79deaee425ceb403e64de,tcc-microservices-experiment-order-1,26.21,82774589,1073741824,7.71,3,28.6MB / 18.5MB,12.4MB / 77.8kB
78,2026-09-10T11:38:11.507512+00:00,157,2026-09-10T11:38:11.128238+00:00,false,microservices,product,e6dd4875d61f2f2472c37568ba21c331a1edb0e428f74083ecf3867a133b7534,tcc-microservices-experiment-product-1,30.99,82334188,1073741824,7.67,3,32.2MB / 16.7MB,12.5MB / 81.9kB
79,2026-09-10T11:38:12.507500+00:00,159,2026-09-10T11:38:12.129199+00:00,false,microservices,auth,253a7e20eec58ff1fdd30a235e182aa111d12b6bd79e562772a4457f801816ff,tcc-microservices-experiment-auth-1,0.02,79261860,1073741824,7.38,3,45.7kB / 40.3kB,12.1MB / 65.5kB
79,2026-09-10T11:38:12.507500+00:00,159,2026-09-10T11:38:12.129199+00:00,false,microservices,gateway,3bb11d31bf741218ad169cb6931b14a74292d85b11224ee298df7548f695516f,tcc-microservices-experiment-gateway-1,6.95,452250829,536870912,84.24,77,4.52MB / 5.78MB,39.9MB / 254kB
79,2026-09-10T11:38:12.507500+00:00,159,2026-09-10T11:38:12.129199+00:00,false,microservices,mysql,d8fac9a218def48484c5274a5c721fd1ab04b03f0f91605588141e7e6c91336e,tcc-microservices-experiment-mysql-1,30.17,550712115,1073741824,51.29,41,25.4MB / 50.8MB,58MB / 398MB
79,2026-09-10T11:38:12.507500+00:00,159,2026-09-10T11:38:12.129199+00:00,false,microservices,order,a77af749719268a95713bc4075f56cb6589702e65da79deaee425ceb403e64de,tcc-microservices-experiment-order-1,26.26,83120620,1073741824,7.74,3,28.8MB / 18.6MB,12.4MB / 77.8kB
79,2026-09-10T11:38:12.507500+00:00,159,2026-09-10T11:38:12.129199+00:00,false,microservices,product,e6dd4875d61f2f2472c37568ba21c331a1edb0e428f74083ecf3867a133b7534,tcc-microservices-experiment-product-1,31.69,81998643,1073741824,7.64,3,32.5MB / 16.9MB,12.5MB / 81.9kB
80,2026-09-10T11:38:13.507495+00:00,161,2026-09-10T11:38:13.128920+00:00,false,microservices,auth,253a7e20eec58ff1fdd30a235e182aa111d12b6bd79e562772a4457f801816ff,tcc-microservices-experiment-auth-1,0.02,79261860,1073741824,7.38,3,45.7kB / 40.3kB,12.1MB / 65.5kB
80,2026-09-10T11:38:13.507495+00:00,161,2026-09-10T11:38:13.128920+00:00,false,microservices,gateway,3bb11d31bf741218ad169cb6931b14a74292d85b11224ee298df7548f695516f,tcc-microservices-experiment-gateway-1,6.53,452460544,536870912,84.28,77,4.57MB / 5.84MB,39.9MB / 254kB
80,2026-09-10T11:38:13.507495+00:00,161,2026-09-10T11:38:13.128920+00:00,false,microservices,mysql,d8fac9a218def48484c5274a5c721fd1ab04b03f0f91605588141e7e6c91336e,tcc-microservices-experiment-mysql-1,26.5,551341261,1073741824,51.35,41,25.6MB / 51.3MB,58MB / 400MB
80,2026-09-10T11:38:13.507495+00:00,161,2026-09-10T11:38:13.128920+00:00,false,microservices,order,a77af749719268a95713bc4075f56cb6589702e65da79deaee425ceb403e64de,tcc-microservices-experiment-order-1,25.72,83466650,1073741824,7.77,3,29.1MB / 18.8MB,12.4MB / 77.8kB
80,2026-09-10T11:38:13.507495+00:00,161,2026-09-10T11:38:13.128920+00:00,false,microservices,product,e6dd4875d61f2f2472c37568ba21c331a1edb0e428f74083ecf3867a133b7534,tcc-microservices-experiment-product-1,33.08,82355159,1073741824,7.67,3,32.8MB / 17MB,12.5MB / 81.9kB
81,2026-09-10T11:38:14.507501+00:00,163,2026-09-10T11:38:14.128490+00:00,false,microservices,auth,253a7e20eec58ff1fdd30a235e182aa111d12b6bd79e562772a4457f801816ff,tcc-microservices-experiment-auth-1,0.02,79261860,1073741824,7.38,3,45.7kB / 40.3kB,12.1MB / 65.5kB
81,2026-09-10T11:38:14.507501+00:00,163,2026-09-10T11:38:14.128490+00:00,false,microservices,gateway,3bb11d31bf741218ad169cb6931b14a74292d85b11224ee298df7548f695516f,tcc-microservices-experiment-gateway-1,7.65,452775117,536870912,84.33,77,4.61MB / 5.89MB,39.9MB / 254kB
81,2026-09-10T11:38:14.507501+00:00,163,2026-09-10T11:38:14.128490+00:00,false,microservices,mysql,d8fac9a218def48484c5274a5c721fd1ab04b03f0f91605588141e7e6c91336e,tcc-microservices-experiment-mysql-1,29.34,550607258,1073741824,51.28,41,25.8MB / 51.7MB,58MB / 401MB
81,2026-09-10T11:38:14.507501+00:00,163,2026-09-10T11:38:14.128490+00:00,false,microservices,order,a77af749719268a95713bc4075f56cb6589702e65da79deaee425ceb403e64de,tcc-microservices-experiment-order-1,25.44,82889933,1073741824,7.72,3,29.3MB / 18.9MB,12.4MB / 77.8kB
81,2026-09-10T11:38:14.507501+00:00,163,2026-09-10T11:38:14.128490+00:00,false,microservices,product,e6dd4875d61f2f2472c37568ba21c331a1edb0e428f74083ecf3867a133b7534,tcc-microservices-experiment-product-1,31.78,81212211,1073741824,7.56,3,33.2MB / 17.2MB,12.5MB / 81.9kB
82,2026-09-10T11:38:15.507479+00:00,165,2026-09-10T11:38:15.128513+00:00,false,microservices,auth,253a7e20eec58ff1fdd30a235e182aa111d12b6bd79e562772a4457f801816ff,tcc-microservices-experiment-auth-1,0.02,79261860,1073741824,7.38,3,45.7kB / 40.3kB,12.1MB / 65.5kB
82,2026-09-10T11:38:15.507479+00:00,165,2026-09-10T11:38:15.128513+00:00,false,microservices,gateway,3bb11d31bf741218ad169cb6931b14a74292d85b11224ee298df7548f695516f,tcc-microservices-experiment-gateway-1,6.66,453089690,536870912,84.39,77,4.66MB / 5.95MB,39.9MB / 270kB
82,2026-09-10T11:38:15.507479+00:00,165,2026-09-10T11:38:15.128513+00:00,false,microservices,mysql,d8fac9a218def48484c5274a5c721fd1ab04b03f0f91605588141e7e6c91336e,tcc-microservices-experiment-mysql-1,25.33,551341261,1073741824,51.35,41,26.1MB / 52.2MB,58MB / 403MB
82,2026-09-10T11:38:15.507479+00:00,165,2026-09-10T11:38:15.128513+00:00,false,microservices,order,a77af749719268a95713bc4075f56cb6589702e65da79deaee425ceb403e64de,tcc-microservices-experiment-order-1,26.56,82617303,1073741824,7.69,3,29.5MB / 19MB,12.4MB / 77.8kB
82,2026-09-10T11:38:15.507479+00:00,165,2026-09-10T11:38:15.128513+00:00,false,microservices,product,e6dd4875d61f2f2472c37568ba21c331a1edb0e428f74083ecf3867a133b7534,tcc-microservices-experiment-product-1,33.25,81505812,1073741824,7.59,3,33.5MB / 17.4MB,12.5MB / 81.9kB
83,2026-09-10T11:38:16.507485+00:00,167,2026-09-10T11:38:16.129030+00:00,false,microservices,auth,253a7e20eec58ff1fdd30a235e182aa111d12b6bd79e562772a4457f801816ff,tcc-microservices-experiment-auth-1,0.03,79261860,1073741824,7.38,3,45.7kB / 40.3kB,12.1MB / 65.5kB
83,2026-09-10T11:38:16.507485+00:00,167,2026-09-10T11:38:16.129030+00:00,false,microservices,gateway,3bb11d31bf741218ad169cb6931b14a74292d85b11224ee298df7548f695516f,tcc-microservices-experiment-gateway-1,10.18,452355686,536870912,84.25,77,4.7MB / 6.01MB,39.9MB / 270kB
83,2026-09-10T11:38:16.507485+00:00,167,2026-09-10T11:38:16.129030+00:00,false,microservices,mysql,d8fac9a218def48484c5274a5c721fd1ab04b03f0f91605588141e7e6c91336e,tcc-microservices-experiment-mysql-1,29.5,551341261,1073741824,51.35,41,26.3MB / 52.6MB,58MB / 404MB
83,2026-09-10T11:38:16.507485+00:00,167,2026-09-10T11:38:16.129030+00:00,false,microservices,order,a77af749719268a95713bc4075f56cb6589702e65da79deaee425ceb403e64de,tcc-microservices-experiment-order-1,25.56,82743132,1073741824,7.71,3,29.8MB / 19.2MB,12.4MB / 77.8kB
83,2026-09-10T11:38:16.507485+00:00,167,2026-09-10T11:38:16.129030+00:00,false,microservices,product,e6dd4875d61f2f2472c37568ba21c331a1edb0e428f74083ecf3867a133b7534,tcc-microservices-experiment-product-1,32.79,82460017,1073741824,7.68,3,33.8MB / 17.5MB,12.5MB / 81.9kB
84,2026-09-10T11:38:17.507480+00:00,169,2026-09-10T11:38:17.128221+00:00,false,microservices,auth,253a7e20eec58ff1fdd30a235e182aa111d12b6bd79e562772a4457f801816ff,tcc-microservices-experiment-auth-1,0.02,79261860,1073741824,7.38,3,45.7kB / 40.3kB,12.1MB / 65.5kB
84,2026-09-10T11:38:17.507480+00:00,169,2026-09-10T11:38:17.128221+00:00,false,microservices,gateway,3bb11d31bf741218ad169cb6931b14a74292d85b11224ee298df7548f695516f,tcc-microservices-experiment-gateway-1,6.38,452565402,536870912,84.29,77,4.75MB / 6.07MB,39.9MB / 270kB
84,2026-09-10T11:38:17.507480+00:00,169,2026-09-10T11:38:17.128221+00:00,false,microservices,mysql,d8fac9a218def48484c5274a5c721fd1ab04b03f0f91605588141e7e6c91336e,tcc-microservices-experiment-mysql-1,25.94,551236403,1073741824,51.33,41,26.5MB / 53MB,58MB / 406MB
84,2026-09-10T11:38:17.507480+00:00,169,2026-09-10T11:38:17.128221+00:00,false,microservices,order,a77af749719268a95713bc4075f56cb6589702e65da79deaee425ceb403e64de,tcc-microservices-experiment-order-1,25.37,82910904,1073741824,7.72,3,30MB / 19.3MB,12.4MB / 77.8kB
84,2026-09-10T11:38:17.507480+00:00,169,2026-09-10T11:38:17.128221+00:00,false,microservices,product,e6dd4875d61f2f2472c37568ba21c331a1edb0e428f74083ecf3867a133b7534,tcc-microservices-experiment-product-1,33.18,82218844,1073741824,7.66,3,34.1MB / 17.7MB,12.5MB / 81.9kB
85,2026-09-10T11:38:18.507488+00:00,171,2026-09-10T11:38:18.128307+00:00,false,microservices,auth,253a7e20eec58ff1fdd30a235e182aa111d12b6bd79e562772a4457f801816ff,tcc-microservices-experiment-auth-1,0.02,79261860,1073741824,7.38,3,45.7kB / 40.3kB,12.1MB / 65.5kB
85,2026-09-10T11:38:18.507488+00:00,171,2026-09-10T11:38:18.128307+00:00,false,microservices,gateway,3bb11d31bf741218ad169cb6931b14a74292d85b11224ee298df7548f695516f,tcc-microservices-experiment-gateway-1,7.07,452355686,536870912,84.26,77,4.79MB / 6.12MB,39.9MB / 270kB
85,2026-09-10T11:38:18.507488+00:00,171,2026-09-10T11:38:18.128307+00:00,false,microservices,mysql,d8fac9a218def48484c5274a5c721fd1ab04b03f0f91605588141e7e6c91336e,tcc-microservices-experiment-mysql-1,30.32,551131546,1073741824,51.32,41,26.7MB / 53.5MB,58MB / 407MB
85,2026-09-10T11:38:18.507488+00:00,171,2026-09-10T11:38:18.128307+00:00,false,microservices,order,a77af749719268a95713bc4075f56cb6589702e65da79deaee425ceb403e64de,tcc-microservices-experiment-order-1,27.31,82564874,1073741824,7.69,3,30.2MB / 19.5MB,12.4MB / 77.8kB
85,2026-09-10T11:38:18.507488+00:00,171,2026-09-10T11:38:18.128307+00:00,false,microservices,product,e6dd4875d61f2f2472c37568ba21c331a1edb0e428f74083ecf3867a133b7534,tcc-microservices-experiment-product-1,32.2,81379983,1073741824,7.58,3,34.4MB / 17.9MB,12.5MB / 81.9kB
86,2026-09-10T11:38:19.507506+00:00,173,2026-09-10T11:38:19.128203+00:00,false,microservices,auth,253a7e20eec58ff1fdd30a235e182aa111d12b6bd79e562772a4457f801816ff,tcc-microservices-experiment-auth-1,0.02,79261860,1073741824,7.38,3,45.7kB / 40.3kB,12.1MB / 65.5kB
86,2026-09-10T11:38:19.507506+00:00,173,2026-09-10T11:38:19.128203+00:00,false,microservices,gateway,3bb11d31bf741218ad169cb6931b14a74292d85b11224ee298df7548f695516f,tcc-microservices-experiment-gateway-1,34.27,461268582,536870912,85.92,77,4.83MB / 6.18MB,39.9MB / 270kB
86,2026-09-10T11:38:19.507506+00:00,173,2026-09-10T11:38:19.128203+00:00,false,microservices,mysql,d8fac9a218def48484c5274a5c721fd1ab04b03f0f91605588141e7e6c91336e,tcc-microservices-experiment-mysql-1,25.21,550712115,1073741824,51.29,41,26.9MB / 53.9MB,58MB / 409MB
86,2026-09-10T11:38:19.507506+00:00,173,2026-09-10T11:38:19.128203+00:00,false,microservices,order,a77af749719268a95713bc4075f56cb6589702e65da79deaee425ceb403e64de,tcc-microservices-experiment-order-1,25.96,82900419,1073741824,7.72,3,30.5MB / 19.6MB,12.4MB / 77.8kB
86,2026-09-10T11:38:19.507506+00:00,173,2026-09-10T11:38:19.128203+00:00,false,microservices,product,e6dd4875d61f2f2472c37568ba21c331a1edb0e428f74083ecf3867a133b7534,tcc-microservices-experiment-product-1,33.12,82460017,1073741824,7.68,3,34.8MB / 18MB,12.5MB / 81.9kB
87,2026-09-10T11:38:20.507532+00:00,175,2026-09-10T11:38:20.129047+00:00,false,microservices,auth,253a7e20eec58ff1fdd30a235e182aa111d12b6bd79e562772a4457f801816ff,tcc-microservices-experiment-auth-1,0.01,79261860,1073741824,7.38,3,45.7kB / 40.3kB,12.1MB / 65.5kB
87,2026-09-10T11:38:20.507532+00:00,175,2026-09-10T11:38:20.129047+00:00,false,microservices,gateway,3bb11d31bf741218ad169cb6931b14a74292d85b11224ee298df7548f695516f,tcc-microservices-experiment-gateway-1,33.22,460744294,536870912,85.81,77,4.88MB / 6.24MB,39.9MB / 270kB
87,2026-09-10T11:38:20.507532+00:00,175,2026-09-10T11:38:20.129047+00:00,false,microservices,mysql,d8fac9a218def48484c5274a5c721fd1ab04b03f0f91605588141e7e6c91336e,tcc-microservices-experiment-mysql-1,29.41,551760691,1073741824,51.38,41,27.1MB / 54.4MB,58MB / 410MB
87,2026-09-10T11:38:20.507532+00:00,175,2026-09-10T11:38:20.129047+00:00,false,microservices,order,a77af749719268a95713bc4075f56cb6589702e65da79deaee425ceb403e64de,tcc-microservices-experiment-order-1,26.78,83581993,1073741824,7.78,3,30.7MB / 19.7MB,12.4MB / 77.8kB
87,2026-09-10T11:38:20.507532+00:00,175,2026-09-10T11:38:20.129047+00:00,false,microservices,product,e6dd4875d61f2f2472c37568ba21c331a1edb0e428f74083ecf3867a133b7534,tcc-microservices-experiment-product-1,33.17,82250301,1073741824,7.66,3,35.1MB / 18.2MB,12.5MB / 81.9kB
88,2026-09-10T11:38:21.507493+00:00,177,2026-09-10T11:38:21.128126+00:00,false,microservices,auth,253a7e20eec58ff1fdd30a235e182aa111d12b6bd79e562772a4457f801816ff,tcc-microservices-experiment-auth-1,0.02,79261860,1073741824,7.38,3,45.7kB / 40.3kB,12.1MB / 65.5kB
88,2026-09-10T11:38:21.507493+00:00,177,2026-09-10T11:38:21.128126+00:00,false,microservices,gateway,3bb11d31bf741218ad169cb6931b14a74292d85b11224ee298df7548f695516f,tcc-microservices-experiment-gateway-1,8.12,460954010,536870912,85.86,77,4.92MB / 6.29MB,39.9MB / 270kB
88,2026-09-10T11:38:21.507493+00:00,177,2026-09-10T11:38:21.128126+00:00,false,microservices,mysql,d8fac9a218def48484c5274a5c721fd1ab04b03f0f91605588141e7e6c91336e,tcc-microservices-experiment-mysql-1,25.32,551026688,1073741824,51.32,41,27.3MB / 54.8MB,58MB / 412MB
88,2026-09-10T11:38:21.507493+00:00,177,2026-09-10T11:38:21.128126+00:00,false,microservices,order,a77af749719268a95713bc4075f56cb6589702e65da79deaee425ceb403e64de,tcc-microservices-experiment-order-1,26.33,83718308,1073741824,7.8,3,30.9MB / 19.9MB,12.4MB / 77.8kB
88,2026-09-10T11:38:21.507493+00:00,177,2026-09-10T11:38:21.128126+00:00,false,microservices,product,e6dd4875d61f2f2472c37568ba21c331a1edb0e428f74083ecf3867a133b7534,tcc-microservices-experiment-product-1,31.14,82323702,1073741824,7.67,3,35.4MB / 18.3MB,12.5MB / 81.9kB
89,2026-09-10T11:38:22.507477+00:00,179,2026-09-10T11:38:22.128625+00:00,false,microservices,auth,253a7e20eec58ff1fdd30a235e182aa111d12b6bd79e562772a4457f801816ff,tcc-microservices-experiment-auth-1,0.02,79261860,1073741824,7.38,3,45.7kB / 40.3kB,12.1MB / 65.5kB
89,2026-09-10T11:38:22.507477+00:00,179,2026-09-10T11:38:22.128625+00:00,false,microservices,gateway,3bb11d31bf741218ad169cb6931b14a74292d85b11224ee298df7548f695516f,tcc-microservices-experiment-gateway-1,25.01,453509120,536870912,84.48,77,4.96MB / 6.34MB,39.9MB / 270kB
89,2026-09-10T11:38:22.507477+00:00,179,2026-09-10T11:38:22.128625+00:00,false,microservices,mysql,d8fac9a218def48484c5274a5c721fd1ab04b03f0f91605588141e7e6c91336e,tcc-microservices-experiment-mysql-1,30.58,551446118,1073741824,51.36,41,27.5MB / 55.2MB,58MB / 413MB
89,2026-09-10T11:38:22.507477+00:00,179,2026-09-10T11:38:22.128625+00:00,false,microservices,order,a77af749719268a95713bc4075f56cb6589702e65da79deaee425ceb403e64de,tcc-microservices-experiment-order-1,25.87,82743132,1073741824,7.71,3,31.1MB / 20MB,12.4MB / 77.8kB
89,2026-09-10T11:38:22.507477+00:00,179,2026-09-10T11:38:22.128625+00:00,false,microservices,product,e6dd4875d61f2f2472c37568ba21c331a1edb0e428f74083ecf3867a133b7534,tcc-microservices-experiment-product-1,33.1,82795561,1073741824,7.71,3,35.7MB / 18.5MB,12.5MB / 81.9kB
90,2026-09-10T11:38:23.507480+00:00,181,2026-09-10T11:38:23.128404+00:00,false,microservices,auth,253a7e20eec58ff1fdd30a235e182aa111d12b6bd79e562772a4457f801816ff,tcc-microservices-experiment-auth-1,0.02,79261860,1073741824,7.38,3,45.7kB / 40.3kB,12.1MB / 65.5kB
90,2026-09-10T11:38:23.507480+00:00,181,2026-09-10T11:38:23.128404+00:00,false,microservices,gateway,3bb11d31bf741218ad169cb6931b14a74292d85b11224ee298df7548f695516f,tcc-microservices-experiment-gateway-1,7.01,453194547,536870912,84.42,77,5MB / 6.4MB,39.9MB / 270kB
90,2026-09-10T11:38:23.507480+00:00,181,2026-09-10T11:38:23.128404+00:00,false,microservices,mysql,d8fac9a218def48484c5274a5c721fd1ab04b03f0f91605588141e7e6c91336e,tcc-microservices-experiment-mysql-1,25.59,552075264,1073741824,51.42,41,27.7MB / 55.6MB,58MB / 415MB
90,2026-09-10T11:38:23.507480+00:00,181,2026-09-10T11:38:23.128404+00:00,false,microservices,order,a77af749719268a95713bc4075f56cb6589702e65da79deaee425ceb403e64de,tcc-microservices-experiment-order-1,25.64,82994790,1073741824,7.73,3,31.3MB / 20.2MB,12.4MB / 77.8kB
90,2026-09-10T11:38:23.507480+00:00,181,2026-09-10T11:38:23.128404+00:00,false,microservices,product,e6dd4875d61f2f2472c37568ba21c331a1edb0e428f74083ecf3867a133b7534,tcc-microservices-experiment-product-1,32.58,82868961,1073741824,7.72,3,36MB / 18.6MB,12.5MB / 81.9kB
91,2026-09-10T11:38:24.507484+00:00,183,2026-09-10T11:38:24.128336+00:00,false,microservices,auth,253a7e20eec58ff1fdd30a235e182aa111d12b6bd79e562772a4457f801816ff,tcc-microservices-experiment-auth-1,0.01,79261860,1073741824,7.38,3,45.7kB / 40.3kB,12.1MB / 65.5kB
91,2026-09-10T11:38:24.507484+00:00,183,2026-09-10T11:38:24.128336+00:00,false,microservices,gateway,3bb11d31bf741218ad169cb6931b14a74292d85b11224ee298df7548f695516f,tcc-microservices-experiment-gateway-1,6.51,453509120,536870912,84.47,77,5.05MB / 6.45MB,39.9MB / 270kB
91,2026-09-10T11:38:24.507484+00:00,183,2026-09-10T11:38:24.128336+00:00,false,microservices,mysql,d8fac9a218def48484c5274a5c721fd1ab04b03f0f91605588141e7e6c91336e,tcc-microservices-experiment-mysql-1,28.99,551550976,1073741824,51.36,41,27.9MB / 56.1MB,58MB / 417MB
91,2026-09-10T11:38:24.507484+00:00,183,2026-09-10T11:38:24.128336+00:00,false,microservices,order,a77af749719268a95713bc4075f56cb6589702e65da79deaee425ceb403e64de,tcc-microservices-experiment-order-1,25.84,83969966,1073741824,7.82,3,31.6MB / 20.3MB,12.4MB / 77.8kB
91,2026-09-10T11:38:24.507484+00:00,183,2026-09-10T11:38:24.128336+00:00,false,microservices,product,e6dd4875d61f2f2472c37568ba21c331a1edb0e428f74083ecf3867a133b7534,tcc-microservices-experiment-product-1,32.16,81830871,1073741824,7.62,3,36.3MB / 18.8MB,12.5MB / 81.9kB
92,2026-09-10T11:38:25.507477+00:00,185,2026-09-10T11:38:25.128021+00:00,false,microservices,auth,253a7e20eec58ff1fdd30a235e182aa111d12b6bd79e562772a4457f801816ff,tcc-microservices-experiment-auth-1,0.02,79261860,1073741824,7.38,3,45.7kB / 40.3kB,12.1MB / 65.5kB
92,2026-09-10T11:38:25.507477+00:00,185,2026-09-10T11:38:25.128021+00:00,false,microservices,gateway,3bb11d31bf741218ad169cb6931b14a74292d85b11224ee298df7548f695516f,tcc-microservices-experiment-gateway-1,7.43,453823693,536870912,84.52,77,5.09MB / 6.51MB,39.9MB / 270kB
92,2026-09-10T11:38:25.507477+00:00,185,2026-09-10T11:38:25.128021+00:00,false,microservices,mysql,d8fac9a218def48484c5274a5c721fd1ab04b03f0f91605588141e7e6c91336e,tcc-microservices-experiment-mysql-1,25.28,550607258,1073741824,51.28,41,28.1MB / 56.5MB,58MB / 419MB
92,2026-09-10T11:38:25.507477+00:00,185,2026-09-10T11:38:25.128021+00:00,false,microservices,order,a77af749719268a95713bc4075f56cb6589702e65da79deaee425ceb403e64de,tcc-microservices-experiment-order-1,25.81,82889933,1073741824,7.72,3,31.8MB / 20.4MB,12.4MB / 77.8kB
92,2026-09-10T11:38:25.507477+00:00,185,2026-09-10T11:38:25.128021+00:00,false,microservices,product,e6dd4875d61f2f2472c37568ba21c331a1edb0e428f74083ecf3867a133b7534,tcc-microservices-experiment-product-1,32.76,81935729,1073741824,7.63,3,36.6MB / 19MB,12.5MB / 81.9kB
93,2026-09-10T11:38:26.507519+00:00,187,2026-09-10T11:38:26.128343+00:00,false,microservices,auth,253a7e20eec58ff1fdd30a235e182aa111d12b6bd79e562772a4457f801816ff,tcc-microservices-experiment-auth-1,0.02,79261860,1073741824,7.38,3,45.7kB / 40.3kB,12.1MB / 65.5kB
93,2026-09-10T11:38:26.507519+00:00,187,2026-09-10T11:38:26.128343+00:00,false,microservices,gateway,3bb11d31bf741218ad169cb6931b14a74292d85b11224ee298df7548f695516f,tcc-microservices-experiment-gateway-1,6.52,453823693,536870912,84.53,77,5.13MB / 6.56MB,39.9MB / 270kB
93,2026-09-10T11:38:26.507519+00:00,187,2026-09-10T11:38:26.128343+00:00,false,microservices,mysql,d8fac9a218def48484c5274a5c721fd1ab04b03f0f91605588141e7e6c91336e,tcc-microservices-experiment-mysql-1,26.69,551131546,1073741824,51.33,41,28.3MB / 56.9MB,58MB / 421MB
93,2026-09-10T11:38:26.507519+00:00,187,2026-09-10T11:38:26.128343+00:00,false,microservices,order,a77af749719268a95713bc4075f56cb6589702e65da79deaee425ceb403e64de,tcc-microservices-experiment-order-1,23.99,82868961,1073741824,7.72,3,32MB / 20.6MB,12.4MB / 77.8kB
93,2026-09-10T11:38:26.507519+00:00,187,2026-09-10T11:38:26.128343+00:00,false,microservices,product,e6dd4875d61f2f2472c37568ba21c331a1edb0e428f74083ecf3867a133b7534,tcc-microservices-experiment-product-1,29.68,82774589,1073741824,7.71,3,36.9MB / 19.1MB,12.5MB / 81.9kB
94,2026-09-10T11:38:27.507489+00:00,189,2026-09-10T11:38:27.128051+00:00,false,microservices,auth,253a7e20eec58ff1fdd30a235e182aa111d12b6bd79e562772a4457f801816ff,tcc-microservices-experiment-auth-1,0.01,79261860,1073741824,7.38,3,45.7kB / 40.3kB,12.1MB / 65.5kB
94,2026-09-10T11:38:27.507489+00:00,189,2026-09-10T11:38:27.128051+00:00,false,microservices,gateway,3bb11d31bf741218ad169cb6931b14a74292d85b11224ee298df7548f695516f,tcc-microservices-experiment-gateway-1,6.57,454243123,536870912,84.61,77,5.18MB / 6.62MB,39.9MB / 270kB
94,2026-09-10T11:38:27.507489+00:00,189,2026-09-10T11:38:27.128051+00:00,false,microservices,mysql,d8fac9a218def48484c5274a5c721fd1ab04b03f0f91605588141e7e6c91336e,tcc-microservices-experiment-mysql-1,25.29,551341261,1073741824,51.35,41,28.5MB / 57.4MB,58MB / 423MB
94,2026-09-10T11:38:27.507489+00:00,189,2026-09-10T11:38:27.128051+00:00,false,microservices,order,a77af749719268a95713bc4075f56cb6589702e65da79deaee425ceb403e64de,tcc-microservices-experiment-order-1,26.09,83057705,1073741824,7.74,3,32.2MB / 20.7MB,12.4MB / 77.8kB
94,2026-09-10T11:38:27.507489+00:00,189,2026-09-10T11:38:27.128051+00:00,false,microservices,product,e6dd4875d61f2f2472c37568ba21c331a1edb0e428f74083ecf3867a133b7534,tcc-microservices-experiment-product-1,31.62,81757471,1073741824,7.61,3,37.2MB / 19.3MB,12.5MB / 81.9kB
95,2026-09-10T11:38:28.507478+00:00,191,2026-09-10T11:38:28.129146+00:00,false,microservices,auth,253a7e20eec58ff1fdd30a235e182aa111d12b6bd79e562772a4457f801816ff,tcc-microservices-experiment-auth-1,0.01,79261860,1073741824,7.38,3,45.7kB / 40.3kB,12.1MB / 65.5kB
95,2026-09-10T11:38:28.507478+00:00,191,2026-09-10T11:38:28.129146+00:00,false,microservices,gateway,3bb11d31bf741218ad169cb6931b14a74292d85b11224ee298df7548f695516f,tcc-microservices-experiment-gateway-1,9.59,453718835,536870912,84.52,77,5.22MB / 6.68MB,39.9MB / 270kB
95,2026-09-10T11:38:28.507478+00:00,191,2026-09-10T11:38:28.129146+00:00,false,microservices,mysql,d8fac9a218def48484c5274a5c721fd1ab04b03f0f91605588141e7e6c91336e,tcc-microservices-experiment-mysql-1,29.39,551655834,1073741824,51.37,41,28.7MB / 57.8MB,58MB / 425MB
95,2026-09-10T11:38:28.507478+00:00,191,2026-09-10T11:38:28.129146+00:00,false,microservices,order,a77af749719268a95713bc4075f56cb6589702e65da79deaee425ceb403e64de,tcc-microservices-experiment-order-1,25.67,83057705,1073741824,7.74,3,32.5MB / 20.9MB,12.4MB / 77.8kB
95,2026-09-10T11:38:28.507478+00:00,191,2026-09-10T11:38:28.129146+00:00,false,microservices,product,e6dd4875d61f2f2472c37568ba21c331a1edb0e428f74083ecf3867a133b7534,tcc-microservices-experiment-product-1,33.25,82460017,1073741824,7.68,3,37.5MB / 19.4MB,12.5MB / 81.9kB
96,2026-09-10T11:38:29.507465+00:00,193,2026-09-10T11:38:29.127568+00:00,false,microservices,auth,253a7e20eec58ff1fdd30a235e182aa111d12b6bd79e562772a4457f801816ff,tcc-microservices-experiment-auth-1,0.02,79261860,1073741824,7.38,3,45.7kB / 40.3kB,12.1MB / 65.5kB
96,2026-09-10T11:38:29.507465+00:00,193,2026-09-10T11:38:29.127568+00:00,false,microservices,gateway,3bb11d31bf741218ad169cb6931b14a74292d85b11224ee298df7548f695516f,tcc-microservices-experiment-gateway-1,7.14,454033408,536870912,84.56,77,5.26MB / 6.73MB,39.9MB / 270kB
96,2026-09-10T11:38:29.507465+00:00,193,2026-09-10T11:38:29.127568+00:00,false,microservices,mysql,d8fac9a218def48484c5274a5c721fd1ab04b03f0f91605588141e7e6c91336e,tcc-microservices-experiment-mysql-1,26.04,551865549,1073741824,51.39,41,28.9MB / 58.2MB,58MB / 427MB
96,2026-09-10T11:38:29.507465+00:00,193,2026-09-10T11:38:29.127568+00:00,false,microservices,order,a77af749719268a95713bc4075f56cb6589702e65da79deaee425ceb403e64de,tcc-microservices-experiment-order-1,25.81,82711675,1073741824,7.7,3,32.7MB / 21MB,12.4MB / 77.8kB
96,2026-09-10T11:38:29.507465+00:00,193,2026-09-10T11:38:29.127568+00:00,false,microservices,product,e6dd4875d61f2f2472c37568ba21c331a1edb0e428f74083ecf3867a133b7534,tcc-microservices-experiment-product-1,32.36,81977672,1073741824,7.64,3,37.8MB / 19.6MB,12.5MB / 81.9kB
97,2026-09-10T11:38:30.507482+00:00,195,2026-09-10T11:38:30.128868+00:00,false,microservices,auth,253a7e20eec58ff1fdd30a235e182aa111d12b6bd79e562772a4457f801816ff,tcc-microservices-experiment-auth-1,0.02,79261860,1073741824,7.38,3,45.7kB / 40.3kB,12.1MB / 65.5kB
97,2026-09-10T11:38:30.507482+00:00,195,2026-09-10T11:38:30.128868+00:00,false,microservices,gateway,3bb11d31bf741218ad169cb6931b14a74292d85b11224ee298df7548f695516f,tcc-microservices-experiment-gateway-1,6.92,453194547,536870912,84.41,77,5.31MB / 6.79MB,39.9MB / 283kB
97,2026-09-10T11:38:30.507482+00:00,195,2026-09-10T11:38:30.128868+00:00,false,microservices,mysql,d8fac9a218def48484c5274a5c721fd1ab04b03f0f91605588141e7e6c91336e,tcc-microservices-experiment-mysql-1,29.54,551026688,1073741824,51.32,41,29.1MB / 58.7MB,58MB / 429MB
97,2026-09-10T11:38:30.507482+00:00,195,2026-09-10T11:38:30.128868+00:00,false,microservices,order,a77af749719268a95713bc4075f56cb6589702e65da79deaee425ceb403e64de,tcc-microservices-experiment-order-1,26.01,82460017,1073741824,7.68,3,32.9MB / 21.1MB,12.4MB / 77.8kB
97,2026-09-10T11:38:30.507482+00:00,195,2026-09-10T11:38:30.128868+00:00,false,microservices,product,e6dd4875d61f2f2472c37568ba21c331a1edb0e428f74083ecf3867a133b7534,tcc-microservices-experiment-product-1,31.54,82166415,1073741824,7.65,3,38.1MB / 19.8MB,12.5MB / 81.9kB
98,2026-09-10T11:38:31.507501+00:00,197,2026-09-10T11:38:31.127604+00:00,false,microservices,auth,253a7e20eec58ff1fdd30a235e182aa111d12b6bd79e562772a4457f801816ff,tcc-microservices-experiment-auth-1,0.02,79261860,1073741824,7.38,3,45.7kB / 40.3kB,12.1MB / 65.5kB
98,2026-09-10T11:38:31.507501+00:00,197,2026-09-10T11:38:31.127604+00:00,false,microservices,gateway,3bb11d31bf741218ad169cb6931b14a74292d85b11224ee298df7548f695516f,tcc-microservices-experiment-gateway-1,8.63,454138266,536870912,84.59,77,5.35MB / 6.84MB,39.9MB / 283kB
98,2026-09-10T11:38:31.507501+00:00,197,2026-09-10T11:38:31.127604+00:00,false,microservices,mysql,d8fac9a218def48484c5274a5c721fd1ab04b03f0f91605588141e7e6c91336e,tcc-microservices-experiment-mysql-1,25.67,551446118,1073741824,51.36,41,29.3MB / 59.1MB,58MB / 430MB
98,2026-09-10T11:38:31.507501+00:00,197,2026-09-10T11:38:31.127604+00:00,false,microservices,order,a77af749719268a95713bc4075f56cb6589702e65da79deaee425ceb403e64de,tcc-microservices-experiment-order-1,26.72,83015762,1073741824,7.73,3,33.2MB / 21.3MB,12.4MB / 77.8kB
98,2026-09-10T11:38:31.507501+00:00,197,2026-09-10T11:38:31.127604+00:00,false,microservices,product,e6dd4875d61f2f2472c37568ba21c331a1edb0e428f74083ecf3867a133b7534,tcc-microservices-experiment-product-1,32.38,81673585,1073741824,7.61,3,38.4MB / 19.9MB,12.5MB / 81.9kB
99,2026-09-10T11:38:32.507481+00:00,199,2026-09-10T11:38:32.128444+00:00,false,microservices,auth,253a7e20eec58ff1fdd30a235e182aa111d12b6bd79e562772a4457f801816ff,tcc-microservices-experiment-auth-1,0.02,79261860,1073741824,7.38,3,45.7kB / 40.3kB,12.1MB / 65.5kB
99,2026-09-10T11:38:32.507481+00:00,199,2026-09-10T11:38:32.128444+00:00,false,microservices,gateway,3bb11d31bf741218ad169cb6931b14a74292d85b11224ee298df7548f695516f,tcc-microservices-experiment-gateway-1,10.29,454662554,536870912,84.69,77,5.39MB / 6.9MB,39.9MB / 283kB
99,2026-09-10T11:38:32.507481+00:00,199,2026-09-10T11:38:32.128444+00:00,false,microservices,mysql,d8fac9a218def48484c5274a5c721fd1ab04b03f0f91605588141e7e6c91336e,tcc-microservices-experiment-mysql-1,29.68,551550976,1073741824,51.36,41,29.5MB / 59.6MB,58MB / 432MB
99,2026-09-10T11:38:32.507481+00:00,199,2026-09-10T11:38:32.128444+00:00,false,microservices,order,a77af749719268a95713bc4075f56cb6589702e65da79deaee425ceb403e64de,tcc-microservices-experiment-order-1,25.35,83634422,1073741824,7.79,3,33.4MB / 21.4MB,12.4MB / 77.8kB
99,2026-09-10T11:38:32.507481+00:00,199,2026-09-10T11:38:32.128444+00:00,false,microservices,product,e6dd4875d61f2f2472c37568ba21c331a1edb0e428f74083ecf3867a133b7534,tcc-microservices-experiment-product-1,33.16,82900419,1073741824,7.72,3,38.8MB / 20.1MB,12.5MB / 81.9kB
100,2026-09-10T11:38:33.507501+00:00,201,2026-09-10T11:38:33.127332+00:00,false,microservices,auth,253a7e20eec58ff1fdd30a235e182aa111d12b6bd79e562772a4457f801816ff,tcc-microservices-experiment-auth-1,0.02,79261860,1073741824,7.38,3,45.7kB / 40.3kB,12.1MB / 65.5kB
100,2026-09-10T11:38:33.507501+00:00,201,2026-09-10T11:38:33.127332+00:00,false,microservices,gateway,3bb11d31bf741218ad169cb6931b14a74292d85b11224ee298df7548f695516f,tcc-microservices-experiment-gateway-1,6.12,454138266,536870912,84.59,77,5.44MB / 6.95MB,39.9MB / 283kB
100,2026-09-10T11:38:33.507501+00:00,201,2026-09-10T11:38:33.127332+00:00,false,microservices,mysql,d8fac9a218def48484c5274a5c721fd1ab04b03f0f91605588141e7e6c91336e,tcc-microservices-experiment-mysql-1,25.71,551446118,1073741824,51.36,41,29.7MB / 60MB,58MB / 433MB
100,2026-09-10T11:38:33.507501+00:00,201,2026-09-10T11:38:33.127332+00:00,false,microservices,order,a77af749719268a95713bc4075f56cb6589702e65da79deaee425ceb403e64de,tcc-microservices-experiment-order-1,26.18,83015762,1073741824,7.73,3,33.6MB / 21.6MB,12.4MB / 77.8kB
100,2026-09-10T11:38:33.507501+00:00,201,2026-09-10T11:38:33.127332+00:00,false,microservices,product,e6dd4875d61f2f2472c37568ba21c331a1edb0e428f74083ecf3867a133b7534,tcc-microservices-experiment-product-1,32.26,82690703,1073741824,7.7,3,39.1MB / 20.3MB,12.5MB / 81.9kB
101,2026-09-10T11:38:34.507483+00:00,203,2026-09-10T11:38:34.128927+00:00,false,microservices,auth,253a7e20eec58ff1fdd30a235e182aa111d12b6bd79e562772a4457f801816ff,tcc-microservices-experiment-auth-1,0.02,79261860,1073741824,7.38,3,45.7kB / 40.3kB,12.1MB / 65.5kB
101,2026-09-10T11:38:34.507483+00:00,203,2026-09-10T11:38:34.128927+00:00,false,microservices,gateway,3bb11d31bf741218ad169cb6931b14a74292d85b11224ee298df7548f695516f,tcc-microservices-experiment-gateway-1,6.81,454452838,536870912,84.65,77,5.48MB / 7.01MB,39.9MB / 283kB
101,2026-09-10T11:38:34.507483+00:00,203,2026-09-10T11:38:34.128927+00:00,false,microservices,mysql,d8fac9a218def48484c5274a5c721fd1ab04b03f0f91605588141e7e6c91336e,tcc-microservices-experiment-mysql-1,30.39,551865549,1073741824,51.4,41,29.9MB / 60.4MB,58MB / 435MB
101,2026-09-10T11:38:34.507483+00:00,203,2026-09-10T11:38:34.128927+00:00,false,microservices,order,a77af749719268a95713bc4075f56cb6589702e65da79deaee425ceb403e64de,tcc-microservices-experiment-order-1,25.94,83162563,1073741824,7.75,3,33.9MB / 21.7MB,12.4MB / 77.8kB
101,2026-09-10T11:38:34.507483+00:00,203,2026-09-10T11:38:34.128927+00:00,false,microservices,product,e6dd4875d61f2f2472c37568ba21c331a1edb0e428f74083ecf3867a133b7534,tcc-microservices-experiment-product-1,32.44,83749765,1073741824,7.8,3,39.4MB / 20.4MB,12.5MB / 81.9kB
102,2026-09-10T11:38:35.507470+00:00,205,2026-09-10T11:38:35.127067+00:00,false,microservices,auth,253a7e20eec58ff1fdd30a235e182aa111d12b6bd79e562772a4457f801816ff,tcc-microservices-experiment-auth-1,0.02,79261860,1073741824,7.38,3,45.7kB / 40.3kB,12.1MB / 65.5kB
102,2026-09-10T11:38:35.507470+00:00,205,2026-09-10T11:38:35.127067+00:00,false,microservices,gateway,3bb11d31bf741218ad169cb6931b14a74292d85b11224ee298df7548f695516f,tcc-microservices-experiment-gateway-1,6.36,453194547,536870912,84.41,77,5.53MB / 7.07MB,39.9MB / 283kB
102,2026-09-10T11:38:35.507470+00:00,205,2026-09-10T11:38:35.127067+00:00,false,microservices,mysql,d8fac9a218def48484c5274a5c721fd1ab04b03f0f91605588141e7e6c91336e,tcc-microservices-experiment-mysql-1,25.7,552180122,1073741824,51.42,41,30.1MB / 60.9MB,58MB / 437MB
102,2026-09-10T11:38:35.507470+00:00,205,2026-09-10T11:38:35.127067+00:00,false,microservices,order,a77af749719268a95713bc4075f56cb6589702e65da79deaee425ceb403e64de,tcc-microservices-experiment-order-1,26.21,83361792,1073741824,7.76,3,34.1MB / 21.8MB,12.4MB / 77.8kB
102,2026-09-10T11:38:35.507470+00:00,205,2026-09-10T11:38:35.127067+00:00,false,microservices,product,e6dd4875d61f2f2472c37568ba21c331a1edb0e428f74083ecf3867a133b7534,tcc-microservices-experiment-product-1,34.06,84011909,1073741824,7.82,3,39.7MB / 20.6MB,12.5MB / 81.9kB
103,2026-09-10T11:38:36.507468+00:00,207,2026-09-10T11:38:36.128750+00:00,false,microservices,auth,253a7e20eec58ff1fdd30a235e182aa111d12b6bd79e562772a4457f801816ff,tcc-microservices-experiment-auth-1,0.02,79261860,1073741824,7.38,3,45.7kB / 40.3kB,12.1MB / 65.5kB
103,2026-09-10T11:38:36.507468+00:00,207,2026-09-10T11:38:36.128750+00:00,false,microservices,gateway,3bb11d31bf741218ad169cb6931b14a74292d85b11224ee298df7548f695516f,tcc-microservices-experiment-gateway-1,6.56,453194547,536870912,84.41,77,5.57MB / 7.13MB,39.9MB / 283kB
103,2026-09-10T11:38:36.507468+00:00,207,2026-09-10T11:38:36.128750+00:00,false,microservices,mysql,d8fac9a218def48484c5274a5c721fd1ab04b03f0f91605588141e7e6c91336e,tcc-microservices-experiment-mysql-1,29.46,552704410,1073741824,51.47,41,30.3MB / 61.3MB,58MB / 439MB
103,2026-09-10T11:38:36.507468+00:00,207,2026-09-10T11:38:36.128750+00:00,false,microservices,order,a77af749719268a95713bc4075f56cb6589702e65da79deaee425ceb403e64de,tcc-microservices-experiment-order-1,26.13,83340820,1073741824,7.76,3,34.3MB / 22MB,12.4MB / 77.8kB
103,2026-09-10T11:38:36.507468+00:00,207,2026-09-10T11:38:36.128750+00:00,false,microservices,product,e6dd4875d61f2f2472c37568ba21c331a1edb0e428f74083ecf3867a133b7534,tcc-microservices-experiment-product-1,31.75,82868961,1073741824,7.72,3,40MB / 20.7MB,12.5MB / 81.9kB
104,2026-09-10T11:38:37.507467+00:00,209,2026-09-10T11:38:37.127567+00:00,false,microservices,auth,253a7e20eec58ff1fdd30a235e182aa111d12b6bd79e562772a4457f801816ff,tcc-microservices-experiment-auth-1,0.02,79261860,1073741824,7.38,3,45.7kB / 40.3kB,12.1MB / 65.5kB
104,2026-09-10T11:38:37.507467+00:00,209,2026-09-10T11:38:37.127567+00:00,false,microservices,gateway,3bb11d31bf741218ad169cb6931b14a74292d85b11224ee298df7548f695516f,tcc-microservices-experiment-gateway-1,6.27,453928550,536870912,84.55,77,5.61MB / 7.18MB,39.9MB / 283kB
104,2026-09-10T11:38:37.507467+00:00,209,2026-09-10T11:38:37.127567+00:00,false,microservices,mysql,d8fac9a218def48484c5274a5c721fd1ab04b03f0f91605588141e7e6c91336e,tcc-microservices-experiment-mysql-1,25.77,552180122,1073741824,51.43,41,30.5MB / 61.8MB,58MB / 441MB
104,2026-09-10T11:38:37.507467+00:00,209,2026-09-10T11:38:37.127567+00:00,false,microservices,order,a77af749719268a95713bc4075f56cb6589702e65da79deaee425ceb403e64de,tcc-microservices-experiment-order-1,25.44,83540050,1073741824,7.78,3,34.5MB / 22.1MB,12.4MB / 77.8kB
104,2026-09-10T11:38:37.507467+00:00,209,2026-09-10T11:38:37.127567+00:00,false,microservices,product,e6dd4875d61f2f2472c37568ba21c331a1edb0e428f74083ecf3867a133b7534,tcc-microservices-experiment-product-1,32.87,82827018,1073741824,7.71,3,40.3MB / 20.9MB,12.5MB / 81.9kB
105,2026-09-10T11:38:38.507473+00:00,211,2026-09-10T11:38:38.129061+00:00,false,microservices,auth,253a7e20eec58ff1fdd30a235e182aa111d12b6bd79e562772a4457f801816ff,tcc-microservices-experiment-auth-1,0.02,79261860,1073741824,7.38,3,45.7kB / 40.3kB,12.1MB / 65.5kB
105,2026-09-10T11:38:38.507473+00:00,211,2026-09-10T11:38:38.129061+00:00,false,microservices,gateway,3bb11d31bf741218ad169cb6931b14a74292d85b11224ee298df7548f695516f,tcc-microservices-experiment-gateway-1,7.63,453613978,536870912,84.5,77,5.66MB / 7.24MB,39.9MB / 283kB
105,2026-09-10T11:38:38.507473+00:00,211,2026-09-10T11:38:38.129061+00:00,false,microservices,mysql,d8fac9a218def48484c5274a5c721fd1ab04b03f0f91605588141e7e6c91336e,tcc-microservices-experiment-mysql-1,29.72,551655834,1073741824,51.38,41,30.7MB / 62.2MB,58MB / 443MB
105,2026-09-10T11:38:38.507473+00:00,211,2026-09-10T11:38:38.129061+00:00,false,microservices,order,a77af749719268a95713bc4075f56cb6589702e65da79deaee425ceb403e64de,tcc-microservices-experiment-order-1,24.99,83550536,1073741824,7.78,3,34.8MB / 22.3MB,12.4MB / 77.8kB
105,2026-09-10T11:38:38.507473+00:00,211,2026-09-10T11:38:38.129061+00:00,false,microservices,product,e6dd4875d61f2f2472c37568ba21c331a1edb0e428f74083ecf3867a133b7534,tcc-microservices-experiment-product-1,32.62,83267420,1073741824,7.76,3,40.7MB / 21.1MB,12.5MB / 81.9kB
106,2026-09-10T11:38:39.507474+00:00,213,2026-09-10T11:38:39.127212+00:00,false,microservices,auth,253a7e20eec58ff1fdd30a235e182aa111d12b6bd79e562772a4457f801816ff,tcc-microservices-experiment-auth-1,0.02,79261860,1073741824,7.38,3,45.7kB / 40.3kB,12.1MB / 65.5kB
106,2026-09-10T11:38:39.507474+00:00,213,2026-09-10T11:38:39.127212+00:00,false,microservices,gateway,3bb11d31bf741218ad169cb6931b14a74292d85b11224ee298df7548f695516f,tcc-microservices-experiment-gateway-1,6.4,454662554,536870912,84.68,77,5.7MB / 7.29MB,39.9MB / 283kB
106,2026-09-10T11:38:39.507474+00:00,213,2026-09-10T11:38:39.127212+00:00,false,microservices,mysql,d8fac9a218def48484c5274a5c721fd1ab04b03f0f91605588141e7e6c91336e,tcc-microservices-experiment-mysql-1,25.75,552389837,1073741824,51.44,41,30.9MB / 62.6MB,58MB / 444MB
106,2026-09-10T11:38:39.507474+00:00,213,2026-09-10T11:38:39.127212+00:00,false,microservices,order,a77af749719268a95713bc4075f56cb6589702e65da79deaee425ceb403e64de,tcc-microservices-experiment-order-1,25.97,83498107,1073741824,7.78,3,35MB / 22.4MB,12.4MB / 77.8kB
106,2026-09-10T11:38:39.507474+00:00,213,2026-09-10T11:38:39.127212+00:00,false,microservices,product,e6dd4875d61f2f2472c37568ba21c331a1edb0e428f74083ecf3867a133b7534,tcc-microservices-experiment-product-1,31.75,83194020,1073741824,7.75,3,41MB / 21.2MB,12.5MB / 81.9kB
107,2026-09-10T11:38:40.507498+00:00,215,2026-09-10T11:38:40.126885+00:00,false,microservices,auth,253a7e20eec58ff1fdd30a235e182aa111d12b6bd79e562772a4457f801816ff,tcc-microservices-experiment-auth-1,0.02,79261860,1073741824,7.38,3,45.7kB / 40.3kB,12.1MB / 65.5kB
107,2026-09-10T11:38:40.507498+00:00,215,2026-09-10T11:38:40.126885+00:00,false,microservices,gateway,3bb11d31bf741218ad169cb6931b14a74292d85b11224ee298df7548f695516f,tcc-microservices-experiment-gateway-1,6.58,453823693,536870912,84.54,77,5.75MB / 7.35MB,39.9MB / 283kB
107,2026-09-10T11:38:40.507498+00:00,215,2026-09-10T11:38:40.126885+00:00,false,microservices,mysql,d8fac9a218def48484c5274a5c721fd1ab04b03f0f91605588141e7e6c91336e,tcc-microservices-experiment-mysql-1,29.77,552075264,1073741824,51.42,41,31.1MB / 63.1MB,58MB / 447MB
107,2026-09-10T11:38:40.507498+00:00,215,2026-09-10T11:38:40.126885+00:00,false,microservices,order,a77af749719268a95713bc4075f56cb6589702e65da79deaee425ceb403e64de,tcc-microservices-experiment-order-1,26.05,83173048,1073741824,7.75,3,35.2MB / 22.6MB,12.4MB / 77.8kB
107,2026-09-10T11:38:40.507498+00:00,215,2026-09-10T11:38:40.126885+00:00,false,microservices,product,e6dd4875d61f2f2472c37568ba21c331a1edb0e428f74083ecf3867a133b7534,tcc-microservices-experiment-product-1,32.42,83393249,1073741824,7.77,3,41.3MB / 21.4MB,12.5MB / 81.9kB
108,2026-09-10T11:38:41.507485+00:00,217,2026-09-10T11:38:41.127094+00:00,false,microservices,auth,253a7e20eec58ff1fdd30a235e182aa111d12b6bd79e562772a4457f801816ff,tcc-microservices-experiment-auth-1,0.02,79261860,1073741824,7.38,3,45.7kB / 40.3kB,12.1MB / 65.5kB
108,2026-09-10T11:38:41.507485+00:00,217,2026-09-10T11:38:41.127094+00:00,false,microservices,gateway,3bb11d31bf741218ad169cb6931b14a74292d85b11224ee298df7548f695516f,tcc-microservices-experiment-gateway-1,6.32,453823693,536870912,84.54,77,5.79MB / 7.4MB,39.9MB / 283kB
108,2026-09-10T11:38:41.507485+00:00,217,2026-09-10T11:38:41.127094+00:00,false,microservices,mysql,d8fac9a218def48484c5274a5c721fd1ab04b03f0f91605588141e7e6c91336e,tcc-microservices-experiment-mysql-1,24.28,552389837,1073741824,51.44,41,31.3MB / 63.5MB,58MB / 449MB
108,2026-09-10T11:38:41.507485+00:00,217,2026-09-10T11:38:41.127094+00:00,false,microservices,order,a77af749719268a95713bc4075f56cb6589702e65da79deaee425ceb403e64de,tcc-microservices-experiment-order-1,23.67,82921390,1073741824,7.72,3,35.4MB / 22.7MB,12.4MB / 77.8kB
108,2026-09-10T11:38:41.507485+00:00,217,2026-09-10T11:38:41.127094+00:00,false,microservices,product,e6dd4875d61f2f2472c37568ba21c331a1edb0e428f74083ecf3867a133b7534,tcc-microservices-experiment-product-1,30.16,83173048,1073741824,7.75,3,41.6MB / 21.5MB,12.5MB / 81.9kB
109,2026-09-10T11:38:42.507500+00:00,219,2026-09-10T11:38:42.127307+00:00,false,microservices,auth,253a7e20eec58ff1fdd30a235e182aa111d12b6bd79e562772a4457f801816ff,tcc-microservices-experiment-auth-1,0.02,79261860,1073741824,7.38,3,45.7kB / 40.3kB,12.1MB / 65.5kB
109,2026-09-10T11:38:42.507500+00:00,219,2026-09-10T11:38:42.127307+00:00,false,microservices,gateway,3bb11d31bf741218ad169cb6931b14a74292d85b11224ee298df7548f695516f,tcc-microservices-experiment-gateway-1,6.84,454033408,536870912,84.56,77,5.83MB / 7.46MB,39.9MB / 283kB
109,2026-09-10T11:38:42.507500+00:00,219,2026-09-10T11:38:42.127307+00:00,false,microservices,mysql,d8fac9a218def48484c5274a5c721fd1ab04b03f0f91605588141e7e6c91336e,tcc-microservices-experiment-mysql-1,28.98,552704410,1073741824,51.47,41,31.5MB / 63.9MB,58MB / 450MB
109,2026-09-10T11:38:42.507500+00:00,219,2026-09-10T11:38:42.127307+00:00,false,microservices,order,a77af749719268a95713bc4075f56cb6589702e65da79deaee425ceb403e64de,tcc-microservices-experiment-order-1,25.22,82606817,1073741824,7.69,3,35.7MB / 22.8MB,12.4MB / 77.8kB
109,2026-09-10T11:38:42.507500+00:00,219,2026-09-10T11:38:42.127307+00:00,false,microservices,product,e6dd4875d61f2f2472c37568ba21c331a1edb0e428f74083ecf3867a133b7534,tcc-microservices-experiment-product-1,33.29,83288392,1073741824,7.76,3,41.9MB / 21.7MB,12.5MB / 81.9kB
110,2026-09-10T11:38:43.507506+00:00,221,2026-09-10T11:38:43.126656+00:00,false,microservices,auth,253a7e20eec58ff1fdd30a235e182aa111d12b6bd79e562772a4457f801816ff,tcc-microservices-experiment-auth-1,0.02,79261860,1073741824,7.38,3,45.7kB / 40.3kB,12.1MB / 65.5kB
110,2026-09-10T11:38:43.507506+00:00,221,2026-09-10T11:38:43.126656+00:00,false,microservices,gateway,3bb11d31bf741218ad169cb6931b14a74292d85b11224ee298df7548f695516f,tcc-microservices-experiment-gateway-1,7.9,454767411,536870912,84.7,77,5.88MB / 7.52MB,39.9MB / 283kB
110,2026-09-10T11:38:43.507506+00:00,221,2026-09-10T11:38:43.126656+00:00,false,microservices,mysql,d8fac9a218def48484c5274a5c721fd1ab04b03f0f91605588141e7e6c91336e,tcc-microservices-experiment-mysql-1,25.26,552704410,1073741824,51.47,41,31.7MB / 64.4MB,58MB / 452MB
110,2026-09-10T11:38:43.507506+00:00,221,2026-09-10T11:38:43.126656+00:00,false,microservices,order,a77af749719268a95713bc4075f56cb6589702e65da79deaee425ceb403e64de,tcc-microservices-experiment-order-1,26.29,82806047,1073741824,7.71,3,35.9MB / 23MB,12.4MB / 77.8kB
110,2026-09-10T11:38:43.507506+00:00,221,2026-09-10T11:38:43.126656+00:00,false,microservices,product,e6dd4875d61f2f2472c37568ba21c331a1edb0e428f74083ecf3867a133b7534,tcc-microservices-experiment-product-1,32.44,82847990,1073741824,7.72,3,42.2MB / 21.9MB,12.5MB / 81.9kB
111,2026-09-10T11:38:44.507485+00:00,223,2026-09-10T11:38:44.128272+00:00,false,microservices,auth,253a7e20eec58ff1fdd30a235e182aa111d12b6bd79e562772a4457f801816ff,tcc-microservices-experiment-auth-1,0.02,79261860,1073741824,7.38,3,45.7kB / 40.3kB,12.1MB / 65.5kB
111,2026-09-10T11:38:44.507485+00:00,223,2026-09-10T11:38:44.128272+00:00,false,microservices,gateway,3bb11d31bf741218ad169cb6931b14a74292d85b11224ee298df7548f695516f,tcc-microservices-experiment-gateway-1,7.59,452250829,536870912,84.24,69,5.92MB / 7.57MB,39.9MB / 283kB
111,2026-09-10T11:38:44.507485+00:00,223,2026-09-10T11:38:44.128272+00:00,false,microservices,mysql,d8fac9a218def48484c5274a5c721fd1ab04b03f0f91605588141e7e6c91336e,tcc-microservices-experiment-mysql-1,29.93,552809267,1073741824,51.49,41,32MB / 64.8MB,58MB / 453MB
111,2026-09-10T11:38:44.507485+00:00,223,2026-09-10T11:38:44.128272+00:00,false,microservices,order,a77af749719268a95713bc4075f56cb6589702e65da79deaee425ceb403e64de,tcc-microservices-experiment-order-1,26.17,82732646,1073741824,7.7,3,36.1MB / 23.1MB,12.4MB / 77.8kB
111,2026-09-10T11:38:44.507485+00:00,223,2026-09-10T11:38:44.128272+00:00,false,microservices,product,e6dd4875d61f2f2472c37568ba21c331a1edb0e428f74083ecf3867a133b7534,tcc-microservices-experiment-product-1,33.43,83602964,1073741824,7.79,3,42.5MB / 22MB,12.5MB / 81.9kB
112,2026-09-10T11:38:45.507477+00:00,225,2026-09-10T11:38:45.128462+00:00,false,microservices,auth,253a7e20eec58ff1fdd30a235e182aa111d12b6bd79e562772a4457f801816ff,tcc-microservices-experiment-auth-1,0.02,79261860,1073741824,7.38,3,45.7kB / 40.3kB,12.1MB / 65.5kB
112,2026-09-10T11:38:45.507477+00:00,225,2026-09-10T11:38:45.128462+00:00,false,microservices,gateway,3bb11d31bf741218ad169cb6931b14a74292d85b11224ee298df7548f695516f,tcc-microservices-experiment-gateway-1,7.02,453089690,536870912,84.39,69,5.96MB / 7.63MB,39.9MB / 295kB
112,2026-09-10T11:38:45.507477+00:00,225,2026-09-10T11:38:45.128462+00:00,false,microservices,mysql,d8fac9a218def48484c5274a5c721fd1ab04b03f0f91605588141e7e6c91336e,tcc-microservices-experiment-mysql-1,25.94,552180122,1073741824,51.42,41,32.2MB / 65.3MB,58MB / 455MB
112,2026-09-10T11:38:45.507477+00:00,225,2026-09-10T11:38:45.128462+00:00,false,microservices,order,a77af749719268a95713bc4075f56cb6589702e65da79deaee425ceb403e64de,tcc-microservices-experiment-order-1,26.48,82606817,1073741824,7.69,3,36.4MB / 23.3MB,12.4MB / 77.8kB
112,2026-09-10T11:38:45.507477+00:00,225,2026-09-10T11:38:45.128462+00:00,false,microservices,product,e6dd4875d61f2f2472c37568ba21c331a1edb0e428f74083ecf3867a133b7534,tcc-microservices-experiment-product-1,31.96,83235963,1073741824,7.75,3,42.8MB / 22.2MB,12.5MB / 81.9kB
113,2026-09-10T11:38:46.507513+00:00,227,2026-09-10T11:38:46.127735+00:00,false,microservices,auth,253a7e20eec58ff1fdd30a235e182aa111d12b6bd79e562772a4457f801816ff,tcc-microservices-experiment-auth-1,0.02,79261860,1073741824,7.38,3,45.7kB / 40.3kB,12.1MB / 65.5kB
113,2026-09-10T11:38:46.507513+00:00,227,2026-09-10T11:38:46.127735+00:00,false,microservices,gateway,3bb11d31bf741218ad169cb6931b14a74292d85b11224ee298df7548f695516f,tcc-microservices-experiment-gateway-1,8.26,453718835,536870912,84.51,69,6.01MB / 7.69MB,39.9MB / 295kB
113,2026-09-10T11:38:46.507513+00:00,227,2026-09-10T11:38:46.127735+00:00,false,microservices,mysql,d8fac9a218def48484c5274a5c721fd1ab04b03f0f91605588141e7e6c91336e,tcc-microservices-experiment-mysql-1,30.16,552180122,1073741824,51.43,41,32.4MB / 65.7MB,58MB / 456MB
113,2026-09-10T11:38:46.507513+00:00,227,2026-09-10T11:38:46.127735+00:00,false,microservices,order,a77af749719268a95713bc4075f56cb6589702e65da79deaee425ceb403e64de,tcc-microservices-experiment-order-1,25.85,83466650,1073741824,7.77,3,36.6MB / 23.4MB,12.4MB / 77.8kB
113,2026-09-10T11:38:46.507513+00:00,227,2026-09-10T11:38:46.127735+00:00,false,microservices,product,e6dd4875d61f2f2472c37568ba21c331a1edb0e428f74083ecf3867a133b7534,tcc-microservices-experiment-product-1,33.44,83267420,1073741824,7.75,3,43.2MB / 22.4MB,12.5MB / 81.9kB
114,2026-09-10T11:38:47.507485+00:00,229,2026-09-10T11:38:47.128384+00:00,false,microservices,auth,253a7e20eec58ff1fdd30a235e182aa111d12b6bd79e562772a4457f801816ff,tcc-microservices-experiment-auth-1,0.02,79261860,1073741824,7.38,3,45.7kB / 40.3kB,12.1MB / 65.5kB
114,2026-09-10T11:38:47.507485+00:00,229,2026-09-10T11:38:47.128384+00:00,false,microservices,gateway,3bb11d31bf741218ad169cb6931b14a74292d85b11224ee298df7548f695516f,tcc-microservices-experiment-gateway-1,2.64,453718835,536870912,84.52,69,6.02MB / 7.7MB,39.9MB / 295kB
114,2026-09-10T11:38:47.507485+00:00,229,2026-09-10T11:38:47.128384+00:00,false,microservices,mysql,d8fac9a218def48484c5274a5c721fd1ab04b03f0f91605588141e7e6c91336e,tcc-microservices-experiment-mysql-1,10.96,552075264,1073741824,51.42,41,32.4MB / 65.9MB,58MB / 457MB
114,2026-09-10T11:38:47.507485+00:00,229,2026-09-10T11:38:47.128384+00:00,false,microservices,order,a77af749719268a95713bc4075f56cb6589702e65da79deaee425ceb403e64de,tcc-microservices-experiment-order-1,8.2,83015762,1073741824,7.73,3,36.7MB / 23.4MB,12.4MB / 77.8kB
114,2026-09-10T11:38:47.507485+00:00,229,2026-09-10T11:38:47.128384+00:00,false,microservices,product,e6dd4875d61f2f2472c37568ba21c331a1edb0e428f74083ecf3867a133b7534,tcc-microservices-experiment-product-1,10.23,83120620,1073741824,7.74,3,43.3MB / 22.4MB,12.5MB / 81.9kB
115,2026-09-10T11:38:48.507478+00:00,231,2026-09-10T11:38:48.127609+00:00,false,microservices,auth,253a7e20eec58ff1fdd30a235e182aa111d12b6bd79e562772a4457f801816ff,tcc-microservices-experiment-auth-1,0.02,79261860,1073741824,7.38,3,45.7kB / 40.3kB,12.1MB / 65.5kB
115,2026-09-10T11:38:48.507478+00:00,231,2026-09-10T11:38:48.127609+00:00,false,microservices,gateway,3bb11d31bf741218ad169cb6931b14a74292d85b11224ee298df7548f695516f,tcc-microservices-experiment-gateway-1,6.63,454033408,536870912,84.56,69,6.06MB / 7.75MB,39.9MB / 295kB
115,2026-09-10T11:38:48.507478+00:00,231,2026-09-10T11:38:48.127609+00:00,false,microservices,mysql,d8fac9a218def48484c5274a5c721fd1ab04b03f0f91605588141e7e6c91336e,tcc-microservices-experiment-mysql-1,24.98,552180122,1073741824,51.43,41,32.6MB / 66.2MB,58MB / 458MB
115,2026-09-10T11:38:48.507478+00:00,231,2026-09-10T11:38:48.127609+00:00,false,microservices,order,a77af749719268a95713bc4075f56cb6589702e65da79deaee425ceb403e64de,tcc-microservices-experiment-order-1,20.26,83298877,1073741824,7.76,3,36.9MB / 23.5MB,12.4MB / 77.8kB
115,2026-09-10T11:38:48.507478+00:00,231,2026-09-10T11:38:48.127609+00:00,false,microservices,product,e6dd4875d61f2f2472c37568ba21c331a1edb0e428f74083ecf3867a133b7534,tcc-microservices-experiment-product-1,24.26,83015762,1073741824,7.73,3,43.5MB / 22.5MB,12.5MB / 81.9kB
116,2026-09-10T11:38:49.507506+00:00,233,2026-09-10T11:38:49.128248+00:00,false,microservices,auth,253a7e20eec58ff1fdd30a235e182aa111d12b6bd79e562772a4457f801816ff,tcc-microservices-experiment-auth-1,0.02,79261860,1073741824,7.38,3,45.7kB / 40.3kB,12.1MB / 65.5kB
116,2026-09-10T11:38:49.507506+00:00,233,2026-09-10T11:38:49.128248+00:00,false,microservices,gateway,3bb11d31bf741218ad169cb6931b14a74292d85b11224ee298df7548f695516f,tcc-microservices-experiment-gateway-1,46.84,453823693,536870912,84.53,69,6.1MB / 7.8MB,39.9MB / 295kB
116,2026-09-10T11:38:49.507506+00:00,233,2026-09-10T11:38:49.128248+00:00,false,microservices,mysql,d8fac9a218def48484c5274a5c721fd1ab04b03f0f91605588141e7e6c91336e,tcc-microservices-experiment-mysql-1,25.4,552914125,1073741824,51.49,41,32.8MB / 66.6MB,58MB / 459MB
116,2026-09-10T11:38:49.507506+00:00,233,2026-09-10T11:38:49.128248+00:00,false,microservices,order,a77af749719268a95713bc4075f56cb6589702e65da79deaee425ceb403e64de,tcc-microservices-experiment-order-1,26.8,82785075,1073741824,7.71,3,37.1MB / 23.7MB,12.4MB / 77.8kB
116,2026-09-10T11:38:49.507506+00:00,233,2026-09-10T11:38:49.128248+00:00,false,microservices,product,e6dd4875d61f2f2472c37568ba21c331a1edb0e428f74083ecf3867a133b7534,tcc-microservices-experiment-product-1,32.25,83288392,1073741824,7.76,3,43.8MB / 22.7MB,12.5MB / 81.9kB
117,2026-09-10T11:38:50.507502+00:00,235,2026-09-10T11:38:50.128319+00:00,false,microservices,auth,253a7e20eec58ff1fdd30a235e182aa111d12b6bd79e562772a4457f801816ff,tcc-microservices-experiment-auth-1,0.02,79261860,1073741824,7.38,3,45.7kB / 40.3kB,12.1MB / 65.5kB
117,2026-09-10T11:38:50.507502+00:00,235,2026-09-10T11:38:50.128319+00:00,false,microservices,gateway,3bb11d31bf741218ad169cb6931b14a74292d85b11224ee298df7548f695516f,tcc-microservices-experiment-gateway-1,30.16,454347981,536870912,84.63,69,6.14MB / 7.86MB,39.9MB / 295kB
117,2026-09-10T11:38:50.507502+00:00,235,2026-09-10T11:38:50.128319+00:00,false,microservices,mysql,d8fac9a218def48484c5274a5c721fd1ab04b03f0f91605588141e7e6c91336e,tcc-microservices-experiment-mysql-1,28.82,553438413,1073741824,51.55,41,33MB / 67.1MB,58MB / 461MB
117,2026-09-10T11:38:50.507502+00:00,235,2026-09-10T11:38:50.128319+00:00,false,microservices,order,a77af749719268a95713bc4075f56cb6589702e65da79deaee425ceb403e64de,tcc-microservices-experiment-order-1,27.28,84127252,1073741824,7.83,3,37.3MB / 23.8MB,12.4MB / 77.8kB
117,2026-09-10T11:38:50.507502+00:00,235,2026-09-10T11:38:50.128319+00:00,false,microservices,product,e6dd4875d61f2f2472c37568ba21c331a1edb0e428f74083ecf3867a133b7534,tcc-microservices-experiment-product-1,32.59,83152077,1073741824,7.74,3,44.1MB / 22.9MB,12.5MB / 81.9kB
118,2026-09-10T11:38:51.507524+00:00,237,2026-09-10T11:38:51.128327+00:00,false,microservices,auth,253a7e20eec58ff1fdd30a235e182aa111d12b6bd79e562772a4457f801816ff,tcc-microservices-experiment-auth-1,0.02,79261860,1073741824,7.38,3,45.7kB / 40.3kB,12.1MB / 65.5kB
118,2026-09-10T11:38:51.507524+00:00,237,2026-09-10T11:38:51.128327+00:00,false,microservices,gateway,3bb11d31bf741218ad169cb6931b14a74292d85b11224ee298df7548f695516f,tcc-microservices-experiment-gateway-1,6.37,454557696,536870912,84.67,69,6.19MB / 7.92MB,39.9MB / 295kB
118,2026-09-10T11:38:51.507524+00:00,237,2026-09-10T11:38:51.128327+00:00,false,microservices,mysql,d8fac9a218def48484c5274a5c721fd1ab04b03f0f91605588141e7e6c91336e,tcc-microservices-experiment-mysql-1,26.09,553228698,1073741824,51.53,41,33.2MB / 67.5MB,58MB / 462MB
118,2026-09-10T11:38:51.507524+00:00,237,2026-09-10T11:38:51.128327+00:00,false,microservices,order,a77af749719268a95713bc4075f56cb6589702e65da79deaee425ceb403e64de,tcc-microservices-experiment-order-1,26.24,83466650,1073741824,7.77,3,37.5MB / 24MB,12.4MB / 77.8kB
118,2026-09-10T11:38:51.507524+00:00,237,2026-09-10T11:38:51.128327+00:00,false,microservices,product,e6dd4875d61f2f2472c37568ba21c331a1edb0e428f74083ecf3867a133b7534,tcc-microservices-experiment-product-1,33.15,83110134,1073741824,7.74,3,44.4MB / 23MB,12.5MB / 81.9kB
119,2026-09-10T11:38:52.507506+00:00,239,2026-09-10T11:38:52.128916+00:00,false,microservices,auth,253a7e20eec58ff1fdd30a235e182aa111d12b6bd79e562772a4457f801816ff,tcc-microservices-experiment-auth-1,0.01,79261860,1073741824,7.38,3,45.7kB / 40.3kB,12.1MB / 65.5kB
119,2026-09-10T11:38:52.507506+00:00,239,2026-09-10T11:38:52.128916+00:00,false,microservices,gateway,3bb11d31bf741218ad169cb6931b14a74292d85b11224ee298df7548f695516f,tcc-microservices-experiment-gateway-1,6.51,454452838,536870912,84.64,69,6.23MB / 7.97MB,39.9MB / 295kB
119,2026-09-10T11:38:52.507506+00:00,239,2026-09-10T11:38:52.128916+00:00,false,microservices,mysql,d8fac9a218def48484c5274a5c721fd1ab04b03f0f91605588141e7e6c91336e,tcc-microservices-experiment-mysql-1,30.03,553018982,1073741824,51.5,41,33.4MB / 68MB,58MB / 464MB
119,2026-09-10T11:38:52.507506+00:00,239,2026-09-10T11:38:52.128916+00:00,false,microservices,order,a77af749719268a95713bc4075f56cb6589702e65da79deaee425ceb403e64de,tcc-microservices-experiment-order-1,25.87,82795561,1073741824,7.71,3,37.8MB / 24.1MB,12.4MB / 77.8kB
119,2026-09-10T11:38:52.507506+00:00,239,2026-09-10T11:38:52.128916+00:00,false,microservices,product,e6dd4875d61f2f2472c37568ba21c331a1edb0e428f74083ecf3867a133b7534,tcc-microservices-experiment-product-1,33.09,83812680,1073741824,7.81,3,44.8MB / 23.2MB,12.5MB / 81.9kB
120,2026-09-10T11:38:53.507509+00:00,241,2026-09-10T11:38:53.127686+00:00,false,microservices,auth,253a7e20eec58ff1fdd30a235e182aa111d12b6bd79e562772a4457f801816ff,tcc-microservices-experiment-auth-1,0.02,79261860,1073741824,7.38,3,45.7kB / 40.3kB,12.1MB / 65.5kB
120,2026-09-10T11:38:53.507509+00:00,241,2026-09-10T11:38:53.127686+00:00,false,microservices,gateway,3bb11d31bf741218ad169cb6931b14a74292d85b11224ee298df7548f695516f,tcc-microservices-experiment-gateway-1,40.84,455501414,536870912,84.85,69,6.27MB / 8.03MB,39.9MB / 295kB
120,2026-09-10T11:38:53.507509+00:00,241,2026-09-10T11:38:53.127686+00:00,false,microservices,mysql,d8fac9a218def48484c5274a5c721fd1ab04b03f0f91605588141e7e6c91336e,tcc-microservices-experiment-mysql-1,26.27,552704410,1073741824,51.48,41,33.6MB / 68.4MB,58MB / 465MB
120,2026-09-10T11:38:53.507509+00:00,241,2026-09-10T11:38:53.127686+00:00,false,microservices,order,a77af749719268a95713bc4075f56cb6589702e65da79deaee425ceb403e64de,tcc-microservices-experiment-order-1,26.57,82847990,1073741824,7.72,3,38MB / 24.3MB,12.4MB / 77.8kB
120,2026-09-10T11:38:53.507509+00:00,241,2026-09-10T11:38:53.127686+00:00,false,microservices,product,e6dd4875d61f2f2472c37568ba21c331a1edb0e428f74083ecf3867a133b7534,tcc-microservices-experiment-product-1,32.08,83739279,1073741824,7.8,3,45.1MB / 23.3MB,12.5MB / 81.9kB
