sample_index,captured_at_utc,docker_refresh_sequence,docker_refresh_captured_at_utc,docker_refresh_reused,architecture,service,container_id,container_name,cpu_percent,memory_used_bytes,memory_limit_bytes,memory_percent,pids,network_io,block_io
1,2026-09-10T09:49:14.316407+00:00,3,2026-09-10T09:49:13.946875+00:00,false,microservices,auth,1f5053f72775f6b723e6fc607f712e196ed7bd5e7bcc811f3f091f26199864d9,tcc-microservices-experiment-auth-1,0.02,79251374,1073741824,7.38,3,45.3kB / 40.3kB,12MB / 65.5kB
1,2026-09-10T09:49:14.316407+00:00,3,2026-09-10T09:49:13.946875+00:00,false,microservices,gateway,59c3e451f7a36751c12c576d787f402f5b9bf07f41cd5e84e18ae12f934c0762,tcc-microservices-experiment-gateway-1,0.18,461163725,536870912,85.9,78,8MB / 10.6MB,37.7MB / 168kB
1,2026-09-10T09:49:14.316407+00:00,3,2026-09-10T09:49:13.946875+00:00,false,microservices,mysql,d591036059f06797e369be28c6a6cf2778317260a9ac2abd88a2ca2860eec9f4,tcc-microservices-experiment-mysql-1,4.81,532886323,1073741824,49.63,40,11.4MB / 30.1MB,44.4MB / 118MB
1,2026-09-10T09:49:14.316407+00:00,3,2026-09-10T09:49:13.946875+00:00,false,microservices,order,c27c5aa728bc0124d809bb264b287875d3bc255e3ac3de55ba488ab84deedaac,tcc-microservices-experiment-order-1,0.02,77856768,1073741824,7.25,3,35.2MB / 16.1MB,6.41MB / 77.8kB
1,2026-09-10T09:49:14.316407+00:00,3,2026-09-10T09:49:13.946875+00:00,false,microservices,product,2f892126de1eadfcf8af84b705e2257fddeacacfedc184cd80ea37707784190f,tcc-microservices-experiment-product-1,0.02,78664172,1073741824,7.33,3,416kB / 282kB,10.8MB / 81.9kB
2,2026-09-10T09:49:15.316428+00:00,5,2026-09-10T09:49:14.945397+00:00,false,microservices,auth,1f5053f72775f6b723e6fc607f712e196ed7bd5e7bcc811f3f091f26199864d9,tcc-microservices-experiment-auth-1,0.02,79251374,1073741824,7.38,3,45.3kB / 40.3kB,12MB / 65.5kB
2,2026-09-10T09:49:15.316428+00:00,5,2026-09-10T09:49:14.945397+00:00,false,microservices,gateway,59c3e451f7a36751c12c576d787f402f5b9bf07f41cd5e84e18ae12f934c0762,tcc-microservices-experiment-gateway-1,0.14,461163725,536870912,85.9,78,8MB / 10.6MB,37.7MB / 168kB
2,2026-09-10T09:49:15.316428+00:00,5,2026-09-10T09:49:14.945397+00:00,false,microservices,mysql,d591036059f06797e369be28c6a6cf2778317260a9ac2abd88a2ca2860eec9f4,tcc-microservices-experiment-mysql-1,0.64,531837747,1073741824,49.53,40,11.4MB / 30.1MB,44.4MB / 118MB
2,2026-09-10T09:49:15.316428+00:00,5,2026-09-10T09:49:14.945397+00:00,false,microservices,order,c27c5aa728bc0124d809bb264b287875d3bc255e3ac3de55ba488ab84deedaac,tcc-microservices-experiment-order-1,0.02,77856768,1073741824,7.25,3,35.2MB / 16.1MB,6.41MB / 77.8kB
2,2026-09-10T09:49:15.316428+00:00,5,2026-09-10T09:49:14.945397+00:00,false,microservices,product,2f892126de1eadfcf8af84b705e2257fddeacacfedc184cd80ea37707784190f,tcc-microservices-experiment-product-1,0.02,78664172,1073741824,7.33,3,416kB / 282kB,10.8MB / 81.9kB
3,2026-09-10T09:49:16.316408+00:00,7,2026-09-10T09:49:15.945570+00:00,false,microservices,auth,1f5053f72775f6b723e6fc607f712e196ed7bd5e7bcc811f3f091f26199864d9,tcc-microservices-experiment-auth-1,0.03,79251374,1073741824,7.38,3,45.3kB / 40.3kB,12MB / 65.5kB
3,2026-09-10T09:49:16.316408+00:00,7,2026-09-10T09:49:15.945570+00:00,false,microservices,gateway,59c3e451f7a36751c12c576d787f402f5b9bf07f41cd5e84e18ae12f934c0762,tcc-microservices-experiment-gateway-1,51.97,463890022,536870912,86.41,78,8.06MB / 10.6MB,37.7MB / 168kB
3,2026-09-10T09:49:16.316408+00:00,7,2026-09-10T09:49:15.945570+00:00,false,microservices,mysql,d591036059f06797e369be28c6a6cf2778317260a9ac2abd88a2ca2860eec9f4,tcc-microservices-experiment-mysql-1,13.01,533096038,1073741824,49.65,40,11.4MB / 30.3MB,44.4MB / 118MB
3,2026-09-10T09:49:16.316408+00:00,7,2026-09-10T09:49:15.945570+00:00,false,microservices,order,c27c5aa728bc0124d809bb264b287875d3bc255e3ac3de55ba488ab84deedaac,tcc-microservices-experiment-order-1,28.62,79125545,1073741824,7.37,3,35.4MB / 16.1MB,6.41MB / 77.8kB
3,2026-09-10T09:49:16.316408+00:00,7,2026-09-10T09:49:15.945570+00:00,false,microservices,product,2f892126de1eadfcf8af84b705e2257fddeacacfedc184cd80ea37707784190f,tcc-microservices-experiment-product-1,0.09,78664172,1073741824,7.33,3,416kB / 282kB,10.8MB / 81.9kB
4,2026-09-10T09:49:17.316429+00:00,9,2026-09-10T09:49:16.946317+00:00,false,microservices,auth,1f5053f72775f6b723e6fc607f712e196ed7bd5e7bcc811f3f091f26199864d9,tcc-microservices-experiment-auth-1,0.02,79251374,1073741824,7.38,3,45.3kB / 40.3kB,12MB / 65.5kB
4,2026-09-10T09:49:17.316429+00:00,9,2026-09-10T09:49:16.946317+00:00,false,microservices,gateway,59c3e451f7a36751c12c576d787f402f5b9bf07f41cd5e84e18ae12f934c0762,tcc-microservices-experiment-gateway-1,57.7,464624026,536870912,86.54,78,8.23MB / 10.9MB,37.7MB / 168kB
4,2026-09-10T09:49:17.316429+00:00,9,2026-09-10T09:49:16.946317+00:00,false,microservices,mysql,d591036059f06797e369be28c6a6cf2778317260a9ac2abd88a2ca2860eec9f4,tcc-microservices-experiment-mysql-1,12.27,532152320,1073741824,49.56,40,11.5MB / 30.7MB,44.4MB / 118MB
4,2026-09-10T09:49:17.316429+00:00,9,2026-09-10T09:49:16.946317+00:00,false,microservices,order,c27c5aa728bc0124d809bb264b287875d3bc255e3ac3de55ba488ab84deedaac,tcc-microservices-experiment-order-1,50.07,79524004,1073741824,7.41,3,36MB / 16.4MB,6.41MB / 77.8kB
4,2026-09-10T09:49:17.316429+00:00,9,2026-09-10T09:49:16.946317+00:00,false,microservices,product,2f892126de1eadfcf8af84b705e2257fddeacacfedc184cd80ea37707784190f,tcc-microservices-experiment-product-1,0.02,78664172,1073741824,7.33,3,416kB / 282kB,10.8MB / 81.9kB
5,2026-09-10T09:49:18.316415+00:00,11,2026-09-10T09:49:17.946316+00:00,false,microservices,auth,1f5053f72775f6b723e6fc607f712e196ed7bd5e7bcc811f3f091f26199864d9,tcc-microservices-experiment-auth-1,0.01,79251374,1073741824,7.38,3,45.3kB / 40.3kB,12MB / 65.5kB
5,2026-09-10T09:49:18.316415+00:00,11,2026-09-10T09:49:17.946316+00:00,false,microservices,gateway,59c3e451f7a36751c12c576d787f402f5b9bf07f41cd5e84e18ae12f934c0762,tcc-microservices-experiment-gateway-1,47.34,464204595,536870912,86.46,78,8.51MB / 11.2MB,37.7MB / 180kB
5,2026-09-10T09:49:18.316415+00:00,11,2026-09-10T09:49:17.946316+00:00,false,microservices,mysql,d591036059f06797e369be28c6a6cf2778317260a9ac2abd88a2ca2860eec9f4,tcc-microservices-experiment-mysql-1,27.02,532257178,1073741824,49.57,40,11.8MB / 31.6MB,44.4MB / 118MB
5,2026-09-10T09:49:18.316415+00:00,11,2026-09-10T09:49:17.946316+00:00,false,microservices,order,c27c5aa728bc0124d809bb264b287875d3bc255e3ac3de55ba488ab84deedaac,tcc-microservices-experiment-order-1,82.95,78999716,1073741824,7.36,3,37.1MB / 16.8MB,6.41MB / 77.8kB
5,2026-09-10T09:49:18.316415+00:00,11,2026-09-10T09:49:17.946316+00:00,false,microservices,product,2f892126de1eadfcf8af84b705e2257fddeacacfedc184cd80ea37707784190f,tcc-microservices-experiment-product-1,0.02,78664172,1073741824,7.33,3,416kB / 282kB,10.8MB / 81.9kB
6,2026-09-10T09:49:19.316402+00:00,13,2026-09-10T09:49:18.945480+00:00,false,microservices,auth,1f5053f72775f6b723e6fc607f712e196ed7bd5e7bcc811f3f091f26199864d9,tcc-microservices-experiment-auth-1,0.02,79251374,1073741824,7.38,3,45.3kB / 40.3kB,12MB / 65.5kB
6,2026-09-10T09:49:19.316402+00:00,13,2026-09-10T09:49:18.945480+00:00,false,microservices,gateway,59c3e451f7a36751c12c576d787f402f5b9bf07f41cd5e84e18ae12f934c0762,tcc-microservices-experiment-gateway-1,60.74,463575450,536870912,86.35,78,8.79MB / 11.6MB,37.7MB / 180kB
6,2026-09-10T09:49:19.316402+00:00,13,2026-09-10T09:49:18.945480+00:00,false,microservices,mysql,d591036059f06797e369be28c6a6cf2778317260a9ac2abd88a2ca2860eec9f4,tcc-microservices-experiment-mysql-1,22.17,532466893,1073741824,49.59,40,12MB / 32.4MB,44.4MB / 118MB
6,2026-09-10T09:49:19.316402+00:00,13,2026-09-10T09:49:18.945480+00:00,false,microservices,order,c27c5aa728bc0124d809bb264b287875d3bc255e3ac3de55ba488ab84deedaac,tcc-microservices-experiment-order-1,82.84,80341893,1073741824,7.48,3,38.1MB / 17.2MB,6.41MB / 77.8kB
6,2026-09-10T09:49:19.316402+00:00,13,2026-09-10T09:49:18.945480+00:00,false,microservices,product,2f892126de1eadfcf8af84b705e2257fddeacacfedc184cd80ea37707784190f,tcc-microservices-experiment-product-1,0.02,78664172,1073741824,7.33,3,416kB / 282kB,10.8MB / 81.9kB
7,2026-09-10T09:49:20.316389+00:00,15,2026-09-10T09:49:19.946398+00:00,false,microservices,auth,1f5053f72775f6b723e6fc607f712e196ed7bd5e7bcc811f3f091f26199864d9,tcc-microservices-experiment-auth-1,0.02,79240888,1073741824,7.38,3,45.3kB / 40.3kB,12MB / 65.5kB
7,2026-09-10T09:49:20.316389+00:00,15,2026-09-10T09:49:19.946398+00:00,false,microservices,gateway,59c3e451f7a36751c12c576d787f402f5b9bf07f41cd5e84e18ae12f934c0762,tcc-microservices-experiment-gateway-1,59.16,464624026,536870912,86.55,78,9.06MB / 12MB,37.7MB / 180kB
7,2026-09-10T09:49:20.316389+00:00,15,2026-09-10T09:49:19.946398+00:00,false,microservices,mysql,d591036059f06797e369be28c6a6cf2778317260a9ac2abd88a2ca2860eec9f4,tcc-microservices-experiment-mysql-1,25.7,532466893,1073741824,49.59,40,12.2MB / 33.2MB,44.4MB / 118MB
7,2026-09-10T09:49:20.316389+00:00,15,2026-09-10T09:49:19.946398+00:00,false,microservices,order,c27c5aa728bc0124d809bb264b287875d3bc255e3ac3de55ba488ab84deedaac,tcc-microservices-experiment-order-1,84.66,79607890,1073741824,7.41,3,39.1MB / 17.6MB,6.41MB / 77.8kB
7,2026-09-10T09:49:20.316389+00:00,15,2026-09-10T09:49:19.946398+00:00,false,microservices,product,2f892126de1eadfcf8af84b705e2257fddeacacfedc184cd80ea37707784190f,tcc-microservices-experiment-product-1,0.02,78664172,1073741824,7.33,3,416kB / 282kB,10.8MB / 81.9kB
8,2026-09-10T09:49:21.316415+00:00,17,2026-09-10T09:49:20.946374+00:00,false,microservices,auth,1f5053f72775f6b723e6fc607f712e196ed7bd5e7bcc811f3f091f26199864d9,tcc-microservices-experiment-auth-1,0.02,79240888,1073741824,7.38,3,45.3kB / 40.3kB,12MB / 65.5kB
8,2026-09-10T09:49:21.316415+00:00,17,2026-09-10T09:49:20.946374+00:00,false,microservices,gateway,59c3e451f7a36751c12c576d787f402f5b9bf07f41cd5e84e18ae12f934c0762,tcc-microservices-experiment-gateway-1,57.43,464414310,536870912,86.5,78,9.34MB / 12.3MB,37.7MB / 180kB
8,2026-09-10T09:49:21.316415+00:00,17,2026-09-10T09:49:20.946374+00:00,false,microservices,mysql,d591036059f06797e369be28c6a6cf2778317260a9ac2abd88a2ca2860eec9f4,tcc-microservices-experiment-mysql-1,21.59,532676608,1073741824,49.61,40,12.5MB / 34.1MB,44.4MB / 118MB
8,2026-09-10T09:49:21.316415+00:00,17,2026-09-10T09:49:20.946374+00:00,false,microservices,order,c27c5aa728bc0124d809bb264b287875d3bc255e3ac3de55ba488ab84deedaac,tcc-microservices-experiment-order-1,84.26,80645980,1073741824,7.51,3,40.2MB / 18MB,6.41MB / 77.8kB
8,2026-09-10T09:49:21.316415+00:00,17,2026-09-10T09:49:20.946374+00:00,false,microservices,product,2f892126de1eadfcf8af84b705e2257fddeacacfedc184cd80ea37707784190f,tcc-microservices-experiment-product-1,0.02,78664172,1073741824,7.33,3,416kB / 282kB,10.8MB / 81.9kB
9,2026-09-10T09:49:22.316426+00:00,19,2026-09-10T09:49:21.946758+00:00,false,microservices,auth,1f5053f72775f6b723e6fc607f712e196ed7bd5e7bcc811f3f091f26199864d9,tcc-microservices-experiment-auth-1,0.01,79240888,1073741824,7.38,3,45.3kB / 40.3kB,12MB / 65.5kB
9,2026-09-10T09:49:22.316426+00:00,19,2026-09-10T09:49:21.946758+00:00,false,microservices,gateway,59c3e451f7a36751c12c576d787f402f5b9bf07f41cd5e84e18ae12f934c0762,tcc-microservices-experiment-gateway-1,42.64,464204595,536870912,86.47,78,9.62MB / 12.7MB,37.7MB / 180kB
9,2026-09-10T09:49:22.316426+00:00,19,2026-09-10T09:49:21.946758+00:00,false,microservices,mysql,d591036059f06797e369be28c6a6cf2778317260a9ac2abd88a2ca2860eec9f4,tcc-microservices-experiment-mysql-1,25.94,533620326,1073741824,49.7,40,12.7MB / 35MB,44.4MB / 118MB
9,2026-09-10T09:49:22.316426+00:00,19,2026-09-10T09:49:21.946758+00:00,false,microservices,order,c27c5aa728bc0124d809bb264b287875d3bc255e3ac3de55ba488ab84deedaac,tcc-microservices-experiment-order-1,83.12,80530637,1073741824,7.5,3,41.2MB / 18.4MB,6.41MB / 77.8kB
9,2026-09-10T09:49:22.316426+00:00,19,2026-09-10T09:49:21.946758+00:00,false,microservices,product,2f892126de1eadfcf8af84b705e2257fddeacacfedc184cd80ea37707784190f,tcc-microservices-experiment-product-1,0.02,78664172,1073741824,7.33,3,416kB / 282kB,10.8MB / 81.9kB
10,2026-09-10T09:49:23.316394+00:00,21,2026-09-10T09:49:22.946671+00:00,false,microservices,auth,1f5053f72775f6b723e6fc607f712e196ed7bd5e7bcc811f3f091f26199864d9,tcc-microservices-experiment-auth-1,0.02,79240888,1073741824,7.38,3,45.3kB / 40.3kB,12MB / 65.5kB
10,2026-09-10T09:49:23.316394+00:00,21,2026-09-10T09:49:22.946671+00:00,false,microservices,gateway,59c3e451f7a36751c12c576d787f402f5b9bf07f41cd5e84e18ae12f934c0762,tcc-microservices-experiment-gateway-1,69.47,463890022,536870912,86.42,78,9.91MB / 13.1MB,37.7MB / 180kB
10,2026-09-10T09:49:23.316394+00:00,21,2026-09-10T09:49:22.946671+00:00,false,microservices,mysql,d591036059f06797e369be28c6a6cf2778317260a9ac2abd88a2ca2860eec9f4,tcc-microservices-experiment-mysql-1,22.44,533305754,1073741824,49.67,40,13MB / 35.8MB,44.4MB / 118MB
10,2026-09-10T09:49:23.316394+00:00,21,2026-09-10T09:49:22.946671+00:00,false,microservices,order,c27c5aa728bc0124d809bb264b287875d3bc255e3ac3de55ba488ab84deedaac,tcc-microservices-experiment-order-1,82.12,80174121,1073741824,7.47,3,42.3MB / 18.9MB,6.41MB / 77.8kB
10,2026-09-10T09:49:23.316394+00:00,21,2026-09-10T09:49:22.946671+00:00,false,microservices,product,2f892126de1eadfcf8af84b705e2257fddeacacfedc184cd80ea37707784190f,tcc-microservices-experiment-product-1,0.02,78664172,1073741824,7.33,3,416kB / 282kB,10.8MB / 81.9kB
11,2026-09-10T09:49:24.316419+00:00,23,2026-09-10T09:49:23.945339+00:00,false,microservices,auth,1f5053f72775f6b723e6fc607f712e196ed7bd5e7bcc811f3f091f26199864d9,tcc-microservices-experiment-auth-1,0.02,79240888,1073741824,7.38,3,45.3kB / 40.3kB,12MB / 65.5kB
11,2026-09-10T09:49:24.316419+00:00,23,2026-09-10T09:49:23.945339+00:00,false,microservices,gateway,59c3e451f7a36751c12c576d787f402f5b9bf07f41cd5e84e18ae12f934c0762,tcc-microservices-experiment-gateway-1,46.25,464414310,536870912,86.5,78,10.2MB / 13.5MB,37.7MB / 180kB
11,2026-09-10T09:49:24.316419+00:00,23,2026-09-10T09:49:23.945339+00:00,false,microservices,mysql,d591036059f06797e369be28c6a6cf2778317260a9ac2abd88a2ca2860eec9f4,tcc-microservices-experiment-mysql-1,25.9,533410611,1073741824,49.68,40,13.2MB / 36.7MB,44.4MB / 118MB
11,2026-09-10T09:49:24.316419+00:00,23,2026-09-10T09:49:23.945339+00:00,false,microservices,order,c27c5aa728bc0124d809bb264b287875d3bc255e3ac3de55ba488ab84deedaac,tcc-microservices-experiment-order-1,83.16,81338040,1073741824,7.58,3,43.4MB / 19.3MB,6.41MB / 77.8kB
11,2026-09-10T09:49:24.316419+00:00,23,2026-09-10T09:49:23.945339+00:00,false,microservices,product,2f892126de1eadfcf8af84b705e2257fddeacacfedc184cd80ea37707784190f,tcc-microservices-experiment-product-1,0.02,78664172,1073741824,7.33,3,416kB / 282kB,10.8MB / 81.9kB
12,2026-09-10T09:49:25.316390+00:00,25,2026-09-10T09:49:24.945990+00:00,false,microservices,auth,1f5053f72775f6b723e6fc607f712e196ed7bd5e7bcc811f3f091f26199864d9,tcc-microservices-experiment-auth-1,0.02,79240888,1073741824,7.38,3,45.3kB / 40.3kB,12MB / 65.5kB
12,2026-09-10T09:49:25.316390+00:00,25,2026-09-10T09:49:24.945990+00:00,false,microservices,gateway,59c3e451f7a36751c12c576d787f402f5b9bf07f41cd5e84e18ae12f934c0762,tcc-microservices-experiment-gateway-1,47.32,463785165,536870912,86.38,78,10.5MB / 13.8MB,37.7MB / 180kB
12,2026-09-10T09:49:25.316390+00:00,25,2026-09-10T09:49:24.945990+00:00,false,microservices,mysql,d591036059f06797e369be28c6a6cf2778317260a9ac2abd88a2ca2860eec9f4,tcc-microservices-experiment-mysql-1,21.6,532991181,1073741824,49.64,40,13.5MB / 37.6MB,44.4MB / 118MB
12,2026-09-10T09:49:25.316390+00:00,25,2026-09-10T09:49:24.945990+00:00,false,microservices,order,c27c5aa728bc0124d809bb264b287875d3bc255e3ac3de55ba488ab84deedaac,tcc-microservices-experiment-order-1,83.53,81128325,1073741824,7.56,3,44.4MB / 19.7MB,6.41MB / 77.8kB
12,2026-09-10T09:49:25.316390+00:00,25,2026-09-10T09:49:24.945990+00:00,false,microservices,product,2f892126de1eadfcf8af84b705e2257fddeacacfedc184cd80ea37707784190f,tcc-microservices-experiment-product-1,0.02,78664172,1073741824,7.33,3,416kB / 282kB,10.8MB / 81.9kB
13,2026-09-10T09:49:26.316422+00:00,27,2026-09-10T09:49:25.946414+00:00,false,microservices,auth,1f5053f72775f6b723e6fc607f712e196ed7bd5e7bcc811f3f091f26199864d9,tcc-microservices-experiment-auth-1,0.02,79240888,1073741824,7.38,3,45.3kB / 40.3kB,12MB / 65.5kB
13,2026-09-10T09:49:26.316422+00:00,27,2026-09-10T09:49:25.946414+00:00,false,microservices,gateway,59c3e451f7a36751c12c576d787f402f5b9bf07f41cd5e84e18ae12f934c0762,tcc-microservices-experiment-gateway-1,56.2,464519168,536870912,86.52,78,10.8MB / 14.2MB,37.7MB / 180kB
13,2026-09-10T09:49:26.316422+00:00,27,2026-09-10T09:49:25.946414+00:00,false,microservices,mysql,d591036059f06797e369be28c6a6cf2778317260a9ac2abd88a2ca2860eec9f4,tcc-microservices-experiment-mysql-1,26.64,533725184,1073741824,49.71,40,13.7MB / 38.4MB,44.4MB / 118MB
13,2026-09-10T09:49:26.316422+00:00,27,2026-09-10T09:49:25.946414+00:00,false,microservices,order,c27c5aa728bc0124d809bb264b287875d3bc255e3ac3de55ba488ab84deedaac,tcc-microservices-experiment-order-1,82.71,81568727,1073741824,7.6,3,45.5MB / 20.1MB,6.41MB / 77.8kB
13,2026-09-10T09:49:26.316422+00:00,27,2026-09-10T09:49:25.946414+00:00,false,microservices,product,2f892126de1eadfcf8af84b705e2257fddeacacfedc184cd80ea37707784190f,tcc-microservices-experiment-product-1,0.02,78664172,1073741824,7.33,3,416kB / 282kB,10.8MB / 81.9kB
14,2026-09-10T09:49:27.316388+00:00,29,2026-09-10T09:49:26.945346+00:00,false,microservices,auth,1f5053f72775f6b723e6fc607f712e196ed7bd5e7bcc811f3f091f26199864d9,tcc-microservices-experiment-auth-1,0.02,79240888,1073741824,7.38,3,45.3kB / 40.3kB,12MB / 65.5kB
14,2026-09-10T09:49:27.316388+00:00,29,2026-09-10T09:49:26.945346+00:00,false,microservices,gateway,59c3e451f7a36751c12c576d787f402f5b9bf07f41cd5e84e18ae12f934c0762,tcc-microservices-experiment-gateway-1,80.54,465148314,536870912,86.64,78,11.1MB / 14.6MB,37.7MB / 180kB
14,2026-09-10T09:49:27.316388+00:00,29,2026-09-10T09:49:26.945346+00:00,false,microservices,mysql,d591036059f06797e369be28c6a6cf2778317260a9ac2abd88a2ca2860eec9f4,tcc-microservices-experiment-mysql-1,22.46,533200896,1073741824,49.66,40,14MB / 39.3MB,44.4MB / 118MB
14,2026-09-10T09:49:27.316388+00:00,29,2026-09-10T09:49:26.945346+00:00,false,microservices,order,c27c5aa728bc0124d809bb264b287875d3bc255e3ac3de55ba488ab84deedaac,tcc-microservices-experiment-order-1,82.38,80614523,1073741824,7.51,3,46.6MB / 20.6MB,6.41MB / 77.8kB
14,2026-09-10T09:49:27.316388+00:00,29,2026-09-10T09:49:26.945346+00:00,false,microservices,product,2f892126de1eadfcf8af84b705e2257fddeacacfedc184cd80ea37707784190f,tcc-microservices-experiment-product-1,0.02,78664172,1073741824,7.33,3,416kB / 282kB,10.8MB / 81.9kB
15,2026-09-10T09:49:28.316421+00:00,31,2026-09-10T09:49:27.944663+00:00,false,microservices,auth,1f5053f72775f6b723e6fc607f712e196ed7bd5e7bcc811f3f091f26199864d9,tcc-microservices-experiment-auth-1,0.02,79240888,1073741824,7.38,3,45.3kB / 40.3kB,12MB / 65.5kB
15,2026-09-10T09:49:28.316421+00:00,31,2026-09-10T09:49:27.944663+00:00,false,microservices,gateway,59c3e451f7a36751c12c576d787f402f5b9bf07f41cd5e84e18ae12f934c0762,tcc-microservices-experiment-gateway-1,74.74,465253171,536870912,86.67,78,11.3MB / 15MB,37.7MB / 180kB
15,2026-09-10T09:49:28.316421+00:00,31,2026-09-10T09:49:27.944663+00:00,false,microservices,mysql,d591036059f06797e369be28c6a6cf2778317260a9ac2abd88a2ca2860eec9f4,tcc-microservices-experiment-mysql-1,26.28,533305754,1073741824,49.67,40,14.2MB / 40.2MB,44.4MB / 118MB
15,2026-09-10T09:49:28.316421+00:00,31,2026-09-10T09:49:27.944663+00:00,false,microservices,order,c27c5aa728bc0124d809bb264b287875d3bc255e3ac3de55ba488ab84deedaac,tcc-microservices-experiment-order-1,83.52,80436265,1073741824,7.49,3,47.7MB / 21MB,6.41MB / 77.8kB
15,2026-09-10T09:49:28.316421+00:00,31,2026-09-10T09:49:27.944663+00:00,false,microservices,product,2f892126de1eadfcf8af84b705e2257fddeacacfedc184cd80ea37707784190f,tcc-microservices-experiment-product-1,0.02,78664172,1073741824,7.33,3,416kB / 282kB,10.8MB / 81.9kB
16,2026-09-10T09:49:29.316412+00:00,33,2026-09-10T09:49:28.945349+00:00,false,microservices,auth,1f5053f72775f6b723e6fc607f712e196ed7bd5e7bcc811f3f091f26199864d9,tcc-microservices-experiment-auth-1,0.01,79240888,1073741824,7.38,3,45.3kB / 40.3kB,12MB / 65.5kB
16,2026-09-10T09:49:29.316412+00:00,33,2026-09-10T09:49:28.945349+00:00,false,microservices,gateway,59c3e451f7a36751c12c576d787f402f5b9bf07f41cd5e84e18ae12f934c0762,tcc-microservices-experiment-gateway-1,57.66,465777459,536870912,86.76,78,11.6MB / 15.4MB,37.7MB / 180kB
16,2026-09-10T09:49:29.316412+00:00,33,2026-09-10T09:49:28.945349+00:00,false,microservices,mysql,d591036059f06797e369be28c6a6cf2778317260a9ac2abd88a2ca2860eec9f4,tcc-microservices-experiment-mysql-1,21.9,532571750,1073741824,49.6,40,14.5MB / 41.1MB,44.4MB / 118MB
16,2026-09-10T09:49:29.316412+00:00,33,2026-09-10T09:49:28.945349+00:00,false,microservices,order,c27c5aa728bc0124d809bb264b287875d3bc255e3ac3de55ba488ab84deedaac,tcc-microservices-experiment-order-1,83.38,81002496,1073741824,7.54,3,48.8MB / 21.4MB,6.41MB / 77.8kB
16,2026-09-10T09:49:29.316412+00:00,33,2026-09-10T09:49:28.945349+00:00,false,microservices,product,2f892126de1eadfcf8af84b705e2257fddeacacfedc184cd80ea37707784190f,tcc-microservices-experiment-product-1,0.02,78664172,1073741824,7.33,3,416kB / 282kB,10.8MB / 81.9kB
17,2026-09-10T09:49:30.316396+00:00,35,2026-09-10T09:49:29.945228+00:00,false,microservices,auth,1f5053f72775f6b723e6fc607f712e196ed7bd5e7bcc811f3f091f26199864d9,tcc-microservices-experiment-auth-1,0.02,79240888,1073741824,7.38,3,45.3kB / 40.3kB,12MB / 65.5kB
17,2026-09-10T09:49:30.316396+00:00,35,2026-09-10T09:49:29.945228+00:00,false,microservices,gateway,59c3e451f7a36751c12c576d787f402f5b9bf07f41cd5e84e18ae12f934c0762,tcc-microservices-experiment-gateway-1,42.52,465987174,536870912,86.8,78,11.9MB / 15.7MB,37.7MB / 180kB
17,2026-09-10T09:49:30.316396+00:00,35,2026-09-10T09:49:29.945228+00:00,false,microservices,mysql,d591036059f06797e369be28c6a6cf2778317260a9ac2abd88a2ca2860eec9f4,tcc-microservices-experiment-mysql-1,26.94,532781466,1073741824,49.62,40,14.7MB / 42MB,44.4MB / 118MB
17,2026-09-10T09:49:30.316396+00:00,35,2026-09-10T09:49:29.945228+00:00,false,microservices,order,c27c5aa728bc0124d809bb264b287875d3bc255e3ac3de55ba488ab84deedaac,tcc-microservices-experiment-order-1,84.35,81096868,1073741824,7.55,3,49.9MB / 21.9MB,6.41MB / 77.8kB
17,2026-09-10T09:49:30.316396+00:00,35,2026-09-10T09:49:29.945228+00:00,false,microservices,product,2f892126de1eadfcf8af84b705e2257fddeacacfedc184cd80ea37707784190f,tcc-microservices-experiment-product-1,0.02,78664172,1073741824,7.33,3,416kB / 282kB,10.8MB / 81.9kB
18,2026-09-10T09:49:31.316399+00:00,37,2026-09-10T09:49:30.945547+00:00,false,microservices,auth,1f5053f72775f6b723e6fc607f712e196ed7bd5e7bcc811f3f091f26199864d9,tcc-microservices-experiment-auth-1,0.02,79240888,1073741824,7.38,3,45.3kB / 40.3kB,12MB / 65.5kB
18,2026-09-10T09:49:31.316399+00:00,37,2026-09-10T09:49:30.945547+00:00,false,microservices,gateway,59c3e451f7a36751c12c576d787f402f5b9bf07f41cd5e84e18ae12f934c0762,tcc-microservices-experiment-gateway-1,82.32,477940941,536870912,89.02,78,12.2MB / 16.1MB,37.7MB / 180kB
18,2026-09-10T09:49:31.316399+00:00,37,2026-09-10T09:49:30.945547+00:00,false,microservices,mysql,d591036059f06797e369be28c6a6cf2778317260a9ac2abd88a2ca2860eec9f4,tcc-microservices-experiment-mysql-1,22.06,532676608,1073741824,49.61,40,14.9MB / 42.8MB,44.4MB / 118MB
18,2026-09-10T09:49:31.316399+00:00,37,2026-09-10T09:49:30.945547+00:00,false,microservices,order,c27c5aa728bc0124d809bb264b287875d3bc255e3ac3de55ba488ab84deedaac,tcc-microservices-experiment-order-1,83.5,81222697,1073741824,7.56,3,50.9MB / 22.3MB,6.41MB / 77.8kB
18,2026-09-10T09:49:31.316399+00:00,37,2026-09-10T09:49:30.945547+00:00,false,microservices,product,2f892126de1eadfcf8af84b705e2257fddeacacfedc184cd80ea37707784190f,tcc-microservices-experiment-product-1,0.02,78664172,1073741824,7.33,3,416kB / 282kB,10.8MB / 81.9kB
19,2026-09-10T09:49:32.316409+00:00,39,2026-09-10T09:49:31.945276+00:00,false,microservices,auth,1f5053f72775f6b723e6fc607f712e196ed7bd5e7bcc811f3f091f26199864d9,tcc-microservices-experiment-auth-1,0.02,79240888,1073741824,7.38,3,45.3kB / 40.3kB,12MB / 65.5kB
19,2026-09-10T09:49:32.316409+00:00,39,2026-09-10T09:49:31.945276+00:00,false,microservices,gateway,59c3e451f7a36751c12c576d787f402f5b9bf07f41cd5e84e18ae12f934c0762,tcc-microservices-experiment-gateway-1,38.45,465987174,536870912,86.81,78,12.5MB / 16.5MB,37.7MB / 180kB
19,2026-09-10T09:49:32.316409+00:00,39,2026-09-10T09:49:31.945276+00:00,false,microservices,mysql,d591036059f06797e369be28c6a6cf2778317260a9ac2abd88a2ca2860eec9f4,tcc-microservices-experiment-mysql-1,26.84,533620326,1073741824,49.7,40,15.2MB / 43.7MB,44.4MB / 118MB
19,2026-09-10T09:49:32.316409+00:00,39,2026-09-10T09:49:31.945276+00:00,false,microservices,order,c27c5aa728bc0124d809bb264b287875d3bc255e3ac3de55ba488ab84deedaac,tcc-microservices-experiment-order-1,82.79,80929096,1073741824,7.54,3,52MB / 22.7MB,6.41MB / 77.8kB
19,2026-09-10T09:49:32.316409+00:00,39,2026-09-10T09:49:31.945276+00:00,false,microservices,product,2f892126de1eadfcf8af84b705e2257fddeacacfedc184cd80ea37707784190f,tcc-microservices-experiment-product-1,0.02,78664172,1073741824,7.33,3,416kB / 282kB,10.8MB / 81.9kB
20,2026-09-10T09:49:33.316413+00:00,41,2026-09-10T09:49:32.945383+00:00,false,microservices,auth,1f5053f72775f6b723e6fc607f712e196ed7bd5e7bcc811f3f091f26199864d9,tcc-microservices-experiment-auth-1,0.02,79240888,1073741824,7.38,3,45.3kB / 40.3kB,12MB / 65.5kB
20,2026-09-10T09:49:33.316413+00:00,41,2026-09-10T09:49:32.945383+00:00,false,microservices,gateway,59c3e451f7a36751c12c576d787f402f5b9bf07f41cd5e84e18ae12f934c0762,tcc-microservices-experiment-gateway-1,38.81,465358029,536870912,86.68,78,12.8MB / 16.9MB,37.7MB / 197kB
20,2026-09-10T09:49:33.316413+00:00,41,2026-09-10T09:49:32.945383+00:00,false,microservices,mysql,d591036059f06797e369be28c6a6cf2778317260a9ac2abd88a2ca2860eec9f4,tcc-microservices-experiment-mysql-1,21.78,533200896,1073741824,49.65,40,15.4MB / 44.6MB,44.4MB / 118MB
20,2026-09-10T09:49:33.316413+00:00,41,2026-09-10T09:49:32.945383+00:00,false,microservices,order,c27c5aa728bc0124d809bb264b287875d3bc255e3ac3de55ba488ab84deedaac,tcc-microservices-experiment-order-1,82.37,80950067,1073741824,7.54,3,53MB / 23.1MB,6.41MB / 77.8kB
20,2026-09-10T09:49:33.316413+00:00,41,2026-09-10T09:49:32.945383+00:00,false,microservices,product,2f892126de1eadfcf8af84b705e2257fddeacacfedc184cd80ea37707784190f,tcc-microservices-experiment-product-1,0.02,78664172,1073741824,7.33,3,416kB / 282kB,10.8MB / 81.9kB
21,2026-09-10T09:49:34.316404+00:00,43,2026-09-10T09:49:33.945451+00:00,false,microservices,auth,1f5053f72775f6b723e6fc607f712e196ed7bd5e7bcc811f3f091f26199864d9,tcc-microservices-experiment-auth-1,0.02,79240888,1073741824,7.38,3,45.3kB / 40.3kB,12MB / 65.5kB
21,2026-09-10T09:49:34.316404+00:00,43,2026-09-10T09:49:33.945451+00:00,false,microservices,gateway,59c3e451f7a36751c12c576d787f402f5b9bf07f41cd5e84e18ae12f934c0762,tcc-microservices-experiment-gateway-1,39.74,465567744,536870912,86.71,78,13.1MB / 17.2MB,37.7MB / 197kB
21,2026-09-10T09:49:34.316404+00:00,43,2026-09-10T09:49:33.945451+00:00,false,microservices,mysql,d591036059f06797e369be28c6a6cf2778317260a9ac2abd88a2ca2860eec9f4,tcc-microservices-experiment-mysql-1,26.55,533620326,1073741824,49.7,40,15.7MB / 45.5MB,44.4MB / 118MB
21,2026-09-10T09:49:34.316404+00:00,43,2026-09-10T09:49:33.945451+00:00,false,microservices,order,c27c5aa728bc0124d809bb264b287875d3bc255e3ac3de55ba488ab84deedaac,tcc-microservices-experiment-order-1,82.73,80551608,1073741824,7.5,3,54.1MB / 23.6MB,6.41MB / 77.8kB
21,2026-09-10T09:49:34.316404+00:00,43,2026-09-10T09:49:33.945451+00:00,false,microservices,product,2f892126de1eadfcf8af84b705e2257fddeacacfedc184cd80ea37707784190f,tcc-microservices-experiment-product-1,0.02,78664172,1073741824,7.33,3,416kB / 282kB,10.8MB / 81.9kB
22,2026-09-10T09:49:35.316400+00:00,45,2026-09-10T09:49:34.945480+00:00,false,microservices,auth,1f5053f72775f6b723e6fc607f712e196ed7bd5e7bcc811f3f091f26199864d9,tcc-microservices-experiment-auth-1,0.02,79240888,1073741824,7.38,3,45.3kB / 40.3kB,12MB / 65.5kB
22,2026-09-10T09:49:35.316400+00:00,45,2026-09-10T09:49:34.945480+00:00,false,microservices,gateway,59c3e451f7a36751c12c576d787f402f5b9bf07f41cd5e84e18ae12f934c0762,tcc-microservices-experiment-gateway-1,81.29,466092032,536870912,86.82,78,13.3MB / 17.6MB,37.7MB / 197kB
22,2026-09-10T09:49:35.316400+00:00,45,2026-09-10T09:49:34.945480+00:00,false,microservices,mysql,d591036059f06797e369be28c6a6cf2778317260a9ac2abd88a2ca2860eec9f4,tcc-microservices-experiment-mysql-1,21.96,532991181,1073741824,49.64,40,15.9MB / 46.3MB,44.4MB / 118MB
22,2026-09-10T09:49:35.316400+00:00,45,2026-09-10T09:49:34.945480+00:00,false,microservices,order,c27c5aa728bc0124d809bb264b287875d3bc255e3ac3de55ba488ab84deedaac,tcc-microservices-experiment-order-1,82.92,80583066,1073741824,7.5,3,55.2MB / 24MB,6.41MB / 77.8kB
22,2026-09-10T09:49:35.316400+00:00,45,2026-09-10T09:49:34.945480+00:00,false,microservices,product,2f892126de1eadfcf8af84b705e2257fddeacacfedc184cd80ea37707784190f,tcc-microservices-experiment-product-1,0.02,78664172,1073741824,7.33,3,416kB / 282kB,10.8MB / 81.9kB
23,2026-09-10T09:49:36.316422+00:00,47,2026-09-10T09:49:35.945573+00:00,false,microservices,auth,1f5053f72775f6b723e6fc607f712e196ed7bd5e7bcc811f3f091f26199864d9,tcc-microservices-experiment-auth-1,0.02,79240888,1073741824,7.38,3,45.3kB / 40.3kB,12MB / 65.5kB
23,2026-09-10T09:49:36.316422+00:00,47,2026-09-10T09:49:35.945573+00:00,false,microservices,gateway,59c3e451f7a36751c12c576d787f402f5b9bf07f41cd5e84e18ae12f934c0762,tcc-microservices-experiment-gateway-1,108.1,466826035,536870912,86.96,78,13.6MB / 18MB,37.7MB / 197kB
23,2026-09-10T09:49:36.316422+00:00,47,2026-09-10T09:49:35.945573+00:00,false,microservices,mysql,d591036059f06797e369be28c6a6cf2778317260a9ac2abd88a2ca2860eec9f4,tcc-microservices-experiment-mysql-1,26.33,533096038,1073741824,49.65,40,16.2MB / 47.2MB,44.4MB / 118MB
23,2026-09-10T09:49:36.316422+00:00,47,2026-09-10T09:49:35.945573+00:00,false,microservices,order,c27c5aa728bc0124d809bb264b287875d3bc255e3ac3de55ba488ab84deedaac,tcc-microservices-experiment-order-1,83.69,81138811,1073741824,7.56,3,56.3MB / 24.4MB,6.41MB / 77.8kB
23,2026-09-10T09:49:36.316422+00:00,47,2026-09-10T09:49:35.945573+00:00,false,microservices,product,2f892126de1eadfcf8af84b705e2257fddeacacfedc184cd80ea37707784190f,tcc-microservices-experiment-product-1,0.02,78664172,1073741824,7.33,3,416kB / 282kB,10.8MB / 81.9kB
24,2026-09-10T09:49:37.316423+00:00,49,2026-09-10T09:49:36.945384+00:00,false,microservices,auth,1f5053f72775f6b723e6fc607f712e196ed7bd5e7bcc811f3f091f26199864d9,tcc-microservices-experiment-auth-1,0.02,79240888,1073741824,7.38,3,45.3kB / 40.3kB,12MB / 65.5kB
24,2026-09-10T09:49:37.316423+00:00,49,2026-09-10T09:49:36.945384+00:00,false,microservices,gateway,59c3e451f7a36751c12c576d787f402f5b9bf07f41cd5e84e18ae12f934c0762,tcc-microservices-experiment-gateway-1,46.48,466406605,536870912,86.88,78,13.9MB / 18.4MB,37.7MB / 197kB
24,2026-09-10T09:49:37.316423+00:00,49,2026-09-10T09:49:36.945384+00:00,false,microservices,mysql,d591036059f06797e369be28c6a6cf2778317260a9ac2abd88a2ca2860eec9f4,tcc-microservices-experiment-mysql-1,22.97,532676608,1073741824,49.61,40,16.4MB / 48.1MB,44.4MB / 118MB
24,2026-09-10T09:49:37.316423+00:00,49,2026-09-10T09:49:36.945384+00:00,false,microservices,order,c27c5aa728bc0124d809bb264b287875d3bc255e3ac3de55ba488ab84deedaac,tcc-microservices-experiment-order-1,82.61,80792781,1073741824,7.52,3,57.4MB / 24.9MB,6.41MB / 77.8kB
24,2026-09-10T09:49:37.316423+00:00,49,2026-09-10T09:49:36.945384+00:00,false,microservices,product,2f892126de1eadfcf8af84b705e2257fddeacacfedc184cd80ea37707784190f,tcc-microservices-experiment-product-1,0.02,78664172,1073741824,7.33,3,416kB / 282kB,10.8MB / 81.9kB
25,2026-09-10T09:49:38.316402+00:00,51,2026-09-10T09:49:37.945323+00:00,false,microservices,auth,1f5053f72775f6b723e6fc607f712e196ed7bd5e7bcc811f3f091f26199864d9,tcc-microservices-experiment-auth-1,0.01,79240888,1073741824,7.38,3,45.3kB / 40.3kB,12MB / 65.5kB
25,2026-09-10T09:49:38.316402+00:00,51,2026-09-10T09:49:37.945323+00:00,false,microservices,gateway,59c3e451f7a36751c12c576d787f402f5b9bf07f41cd5e84e18ae12f934c0762,tcc-microservices-experiment-gateway-1,40.02,466196890,536870912,86.84,78,14.2MB / 18.8MB,37.7MB / 197kB
25,2026-09-10T09:49:38.316402+00:00,51,2026-09-10T09:49:37.945323+00:00,false,microservices,mysql,d591036059f06797e369be28c6a6cf2778317260a9ac2abd88a2ca2860eec9f4,tcc-microservices-experiment-mysql-1,27.0,532781466,1073741824,49.62,40,16.7MB / 49MB,44.4MB / 118MB
25,2026-09-10T09:49:38.316402+00:00,51,2026-09-10T09:49:37.945323+00:00,false,microservices,order,c27c5aa728bc0124d809bb264b287875d3bc255e3ac3de55ba488ab84deedaac,tcc-microservices-experiment-order-1,82.91,81359012,1073741824,7.58,3,58.5MB / 25.3MB,6.41MB / 77.8kB
25,2026-09-10T09:49:38.316402+00:00,51,2026-09-10T09:49:37.945323+00:00,false,microservices,product,2f892126de1eadfcf8af84b705e2257fddeacacfedc184cd80ea37707784190f,tcc-microservices-experiment-product-1,0.02,78664172,1073741824,7.33,3,416kB / 282kB,10.8MB / 81.9kB
26,2026-09-10T09:49:39.316421+00:00,53,2026-09-10T09:49:38.945435+00:00,false,microservices,auth,1f5053f72775f6b723e6fc607f712e196ed7bd5e7bcc811f3f091f26199864d9,tcc-microservices-experiment-auth-1,0.01,79240888,1073741824,7.38,3,45.3kB / 40.3kB,12MB / 65.5kB
26,2026-09-10T09:49:39.316421+00:00,53,2026-09-10T09:49:38.945435+00:00,false,microservices,gateway,59c3e451f7a36751c12c576d787f402f5b9bf07f41cd5e84e18ae12f934c0762,tcc-microservices-experiment-gateway-1,46.83,467035750,536870912,86.99,78,14.5MB / 19.2MB,37.7MB / 197kB
26,2026-09-10T09:49:39.316421+00:00,53,2026-09-10T09:49:38.945435+00:00,false,microservices,mysql,d591036059f06797e369be28c6a6cf2778317260a9ac2abd88a2ca2860eec9f4,tcc-microservices-experiment-mysql-1,22.25,533410611,1073741824,49.68,40,16.9MB / 49.9MB,44.4MB / 118MB
26,2026-09-10T09:49:39.316421+00:00,53,2026-09-10T09:49:38.945435+00:00,false,microservices,order,c27c5aa728bc0124d809bb264b287875d3bc255e3ac3de55ba488ab84deedaac,tcc-microservices-experiment-order-1,82.79,81715528,1073741824,7.61,3,59.6MB / 25.7MB,6.41MB / 77.8kB
26,2026-09-10T09:49:39.316421+00:00,53,2026-09-10T09:49:38.945435+00:00,false,microservices,product,2f892126de1eadfcf8af84b705e2257fddeacacfedc184cd80ea37707784190f,tcc-microservices-experiment-product-1,0.02,78664172,1073741824,7.33,3,416kB / 282kB,10.8MB / 81.9kB
27,2026-09-10T09:49:40.316397+00:00,55,2026-09-10T09:49:39.945350+00:00,false,microservices,auth,1f5053f72775f6b723e6fc607f712e196ed7bd5e7bcc811f3f091f26199864d9,tcc-microservices-experiment-auth-1,0.02,79240888,1073741824,7.38,3,45.3kB / 40.3kB,12MB / 65.5kB
27,2026-09-10T09:49:40.316397+00:00,55,2026-09-10T09:49:39.945350+00:00,false,microservices,gateway,59c3e451f7a36751c12c576d787f402f5b9bf07f41cd5e84e18ae12f934c0762,tcc-microservices-experiment-gateway-1,36.0,466406605,536870912,86.88,78,14.8MB / 19.5MB,37.7MB / 197kB
27,2026-09-10T09:49:40.316397+00:00,55,2026-09-10T09:49:39.945350+00:00,false,microservices,mysql,d591036059f06797e369be28c6a6cf2778317260a9ac2abd88a2ca2860eec9f4,tcc-microservices-experiment-mysql-1,25.17,540016640,1073741824,50.29,41,17.2MB / 50.8MB,44.4MB / 118MB
27,2026-09-10T09:49:40.316397+00:00,55,2026-09-10T09:49:39.945350+00:00,false,microservices,order,c27c5aa728bc0124d809bb264b287875d3bc255e3ac3de55ba488ab84deedaac,tcc-microservices-experiment-order-1,82.58,82271273,1073741824,7.66,3,60.6MB / 26.2MB,6.41MB / 77.8kB
27,2026-09-10T09:49:40.316397+00:00,55,2026-09-10T09:49:39.945350+00:00,false,microservices,product,2f892126de1eadfcf8af84b705e2257fddeacacfedc184cd80ea37707784190f,tcc-microservices-experiment-product-1,0.02,78664172,1073741824,7.33,3,416kB / 282kB,10.8MB / 81.9kB
28,2026-09-10T09:49:41.316391+00:00,57,2026-09-10T09:49:40.945213+00:00,false,microservices,auth,1f5053f72775f6b723e6fc607f712e196ed7bd5e7bcc811f3f091f26199864d9,tcc-microservices-experiment-auth-1,0.02,79240888,1073741824,7.38,3,45.3kB / 40.3kB,12MB / 65.5kB
28,2026-09-10T09:49:41.316391+00:00,57,2026-09-10T09:49:40.945213+00:00,false,microservices,gateway,59c3e451f7a36751c12c576d787f402f5b9bf07f41cd5e84e18ae12f934c0762,tcc-microservices-experiment-gateway-1,36.32,466092032,536870912,86.82,78,15.1MB / 19.9MB,37.7MB / 197kB
28,2026-09-10T09:49:41.316391+00:00,57,2026-09-10T09:49:40.945213+00:00,false,microservices,mysql,d591036059f06797e369be28c6a6cf2778317260a9ac2abd88a2ca2860eec9f4,tcc-microservices-experiment-mysql-1,23.53,532991181,1073741824,49.64,40,17.4MB / 51.7MB,44.4MB / 118MB
28,2026-09-10T09:49:41.316391+00:00,57,2026-09-10T09:49:40.945213+00:00,false,microservices,order,c27c5aa728bc0124d809bb264b287875d3bc255e3ac3de55ba488ab84deedaac,tcc-microservices-experiment-order-1,82.68,82596332,1073741824,7.69,3,61.7MB / 26.6MB,6.41MB / 77.8kB
28,2026-09-10T09:49:41.316391+00:00,57,2026-09-10T09:49:40.945213+00:00,false,microservices,product,2f892126de1eadfcf8af84b705e2257fddeacacfedc184cd80ea37707784190f,tcc-microservices-experiment-product-1,0.02,78664172,1073741824,7.33,3,416kB / 282kB,10.8MB / 81.9kB
29,2026-09-10T09:49:42.316394+00:00,59,2026-09-10T09:49:41.945354+00:00,false,microservices,auth,1f5053f72775f6b723e6fc607f712e196ed7bd5e7bcc811f3f091f26199864d9,tcc-microservices-experiment-auth-1,0.02,79240888,1073741824,7.38,3,45.3kB / 40.3kB,12MB / 65.5kB
29,2026-09-10T09:49:42.316394+00:00,59,2026-09-10T09:49:41.945354+00:00,false,microservices,gateway,59c3e451f7a36751c12c576d787f402f5b9bf07f41cd5e84e18ae12f934c0762,tcc-microservices-experiment-gateway-1,54.03,466930893,536870912,86.97,78,15.4MB / 20.3MB,37.7MB / 197kB
29,2026-09-10T09:49:42.316394+00:00,59,2026-09-10T09:49:41.945354+00:00,false,microservices,mysql,d591036059f06797e369be28c6a6cf2778317260a9ac2abd88a2ca2860eec9f4,tcc-microservices-experiment-mysql-1,22.84,532466893,1073741824,49.59,40,17.7MB / 52.5MB,44.4MB / 118MB
29,2026-09-10T09:49:42.316394+00:00,59,2026-09-10T09:49:41.945354+00:00,false,microservices,order,c27c5aa728bc0124d809bb264b287875d3bc255e3ac3de55ba488ab84deedaac,tcc-microservices-experiment-order-1,81.8,83204506,1073741824,7.75,3,62.8MB / 27MB,6.41MB / 77.8kB
29,2026-09-10T09:49:42.316394+00:00,59,2026-09-10T09:49:41.945354+00:00,false,microservices,product,2f892126de1eadfcf8af84b705e2257fddeacacfedc184cd80ea37707784190f,tcc-microservices-experiment-product-1,0.02,78664172,1073741824,7.33,3,416kB / 282kB,10.8MB / 81.9kB
30,2026-09-10T09:49:43.316422+00:00,61,2026-09-10T09:49:42.945568+00:00,false,microservices,auth,1f5053f72775f6b723e6fc607f712e196ed7bd5e7bcc811f3f091f26199864d9,tcc-microservices-experiment-auth-1,0.02,79240888,1073741824,7.38,3,45.3kB / 40.3kB,12MB / 65.5kB
30,2026-09-10T09:49:43.316422+00:00,61,2026-09-10T09:49:42.945568+00:00,false,microservices,gateway,59c3e451f7a36751c12c576d787f402f5b9bf07f41cd5e84e18ae12f934c0762,tcc-microservices-experiment-gateway-1,60.17,466196890,536870912,86.83,78,15.7MB / 20.7MB,37.7MB / 197kB
30,2026-09-10T09:49:43.316422+00:00,61,2026-09-10T09:49:42.945568+00:00,false,microservices,mysql,d591036059f06797e369be28c6a6cf2778317260a9ac2abd88a2ca2860eec9f4,tcc-microservices-experiment-mysql-1,25.99,532047462,1073741824,49.56,40,17.9MB / 53.4MB,44.4MB / 118MB
30,2026-09-10T09:49:43.316422+00:00,61,2026-09-10T09:49:42.945568+00:00,false,microservices,order,c27c5aa728bc0124d809bb264b287875d3bc255e3ac3de55ba488ab84deedaac,tcc-microservices-experiment-order-1,83.24,81830871,1073741824,7.62,3,63.9MB / 27.5MB,6.41MB / 77.8kB
30,2026-09-10T09:49:43.316422+00:00,61,2026-09-10T09:49:42.945568+00:00,false,microservices,product,2f892126de1eadfcf8af84b705e2257fddeacacfedc184cd80ea37707784190f,tcc-microservices-experiment-product-1,0.01,78664172,1073741824,7.33,3,416kB / 282kB,10.8MB / 81.9kB
31,2026-09-10T09:49:44.316392+00:00,63,2026-09-10T09:49:43.945411+00:00,false,microservices,auth,1f5053f72775f6b723e6fc607f712e196ed7bd5e7bcc811f3f091f26199864d9,tcc-microservices-experiment-auth-1,0.02,79240888,1073741824,7.38,3,45.3kB / 40.3kB,12MB / 65.5kB
31,2026-09-10T09:49:44.316392+00:00,63,2026-09-10T09:49:43.945411+00:00,false,microservices,gateway,59c3e451f7a36751c12c576d787f402f5b9bf07f41cd5e84e18ae12f934c0762,tcc-microservices-experiment-gateway-1,60.88,466511462,536870912,86.89,78,16MB / 21.1MB,37.7MB / 197kB
31,2026-09-10T09:49:44.316392+00:00,63,2026-09-10T09:49:43.945411+00:00,false,microservices,mysql,d591036059f06797e369be28c6a6cf2778317260a9ac2abd88a2ca2860eec9f4,tcc-microservices-experiment-mysql-1,22.4,532886323,1073741824,49.63,40,18.2MB / 54.3MB,44.4MB / 118MB
31,2026-09-10T09:49:44.316392+00:00,63,2026-09-10T09:49:43.945411+00:00,false,microservices,order,c27c5aa728bc0124d809bb264b287875d3bc255e3ac3de55ba488ab84deedaac,tcc-microservices-experiment-order-1,82.05,82732646,1073741824,7.7,3,65MB / 27.9MB,6.41MB / 77.8kB
31,2026-09-10T09:49:44.316392+00:00,63,2026-09-10T09:49:43.945411+00:00,false,microservices,product,2f892126de1eadfcf8af84b705e2257fddeacacfedc184cd80ea37707784190f,tcc-microservices-experiment-product-1,0.02,78664172,1073741824,7.33,3,416kB / 282kB,10.8MB / 81.9kB
32,2026-09-10T09:49:45.316395+00:00,65,2026-09-10T09:49:44.945569+00:00,false,microservices,auth,1f5053f72775f6b723e6fc607f712e196ed7bd5e7bcc811f3f091f26199864d9,tcc-microservices-experiment-auth-1,0.02,79240888,1073741824,7.38,3,45.3kB / 40.3kB,12MB / 65.5kB
32,2026-09-10T09:49:45.316395+00:00,65,2026-09-10T09:49:44.945569+00:00,false,microservices,gateway,59c3e451f7a36751c12c576d787f402f5b9bf07f41cd5e84e18ae12f934c0762,tcc-microservices-experiment-gateway-1,34.48,466616320,536870912,86.91,78,16.3MB / 21.5MB,37.7MB / 197kB
32,2026-09-10T09:49:45.316395+00:00,65,2026-09-10T09:49:44.945569+00:00,false,microservices,mysql,d591036059f06797e369be28c6a6cf2778317260a9ac2abd88a2ca2860eec9f4,tcc-microservices-experiment-mysql-1,25.91,532886323,1073741824,49.63,40,18.5MB / 55.2MB,44.4MB / 118MB
32,2026-09-10T09:49:45.316395+00:00,65,2026-09-10T09:49:44.945569+00:00,false,microservices,order,c27c5aa728bc0124d809bb264b287875d3bc255e3ac3de55ba488ab84deedaac,tcc-microservices-experiment-order-1,83.24,82543903,1073741824,7.69,3,66.1MB / 28.3MB,6.41MB / 77.8kB
32,2026-09-10T09:49:45.316395+00:00,65,2026-09-10T09:49:44.945569+00:00,false,microservices,product,2f892126de1eadfcf8af84b705e2257fddeacacfedc184cd80ea37707784190f,tcc-microservices-experiment-product-1,0.02,78664172,1073741824,7.33,3,416kB / 282kB,10.8MB / 81.9kB
33,2026-09-10T09:49:46.316388+00:00,67,2026-09-10T09:49:45.945168+00:00,false,microservices,auth,1f5053f72775f6b723e6fc607f712e196ed7bd5e7bcc811f3f091f26199864d9,tcc-microservices-experiment-auth-1,0.02,79240888,1073741824,7.38,3,45.3kB / 40.3kB,12MB / 65.5kB
33,2026-09-10T09:49:46.316388+00:00,67,2026-09-10T09:49:45.945168+00:00,false,microservices,gateway,59c3e451f7a36751c12c576d787f402f5b9bf07f41cd5e84e18ae12f934c0762,tcc-microservices-experiment-gateway-1,34.12,466511462,536870912,86.9,78,16.6MB / 21.9MB,37.7MB / 197kB
33,2026-09-10T09:49:46.316388+00:00,67,2026-09-10T09:49:45.945168+00:00,false,microservices,mysql,d591036059f06797e369be28c6a6cf2778317260a9ac2abd88a2ca2860eec9f4,tcc-microservices-experiment-mysql-1,22.1,532257178,1073741824,49.57,40,18.7MB / 56.1MB,44.4MB / 118MB
33,2026-09-10T09:49:46.316388+00:00,67,2026-09-10T09:49:45.945168+00:00,false,microservices,order,c27c5aa728bc0124d809bb264b287875d3bc255e3ac3de55ba488ab84deedaac,tcc-microservices-experiment-order-1,83.33,83005276,1073741824,7.73,3,67.2MB / 28.8MB,6.41MB / 77.8kB
33,2026-09-10T09:49:46.316388+00:00,67,2026-09-10T09:49:45.945168+00:00,false,microservices,product,2f892126de1eadfcf8af84b705e2257fddeacacfedc184cd80ea37707784190f,tcc-microservices-experiment-product-1,0.02,78664172,1073741824,7.33,3,416kB / 282kB,10.8MB / 81.9kB
34,2026-09-10T09:49:47.316419+00:00,69,2026-09-10T09:49:46.945478+00:00,false,microservices,auth,1f5053f72775f6b723e6fc607f712e196ed7bd5e7bcc811f3f091f26199864d9,tcc-microservices-experiment-auth-1,0.02,79240888,1073741824,7.38,3,45.3kB / 40.3kB,12MB / 65.5kB
34,2026-09-10T09:49:47.316419+00:00,69,2026-09-10T09:49:46.945478+00:00,false,microservices,gateway,59c3e451f7a36751c12c576d787f402f5b9bf07f41cd5e84e18ae12f934c0762,tcc-microservices-experiment-gateway-1,39.42,466511462,536870912,86.89,78,16.8MB / 22.2MB,37.7MB / 197kB
34,2026-09-10T09:49:47.316419+00:00,69,2026-09-10T09:49:46.945478+00:00,false,microservices,mysql,d591036059f06797e369be28c6a6cf2778317260a9ac2abd88a2ca2860eec9f4,tcc-microservices-experiment-mysql-1,26.21,532362035,1073741824,49.58,40,19MB / 57MB,44.4MB / 118MB
34,2026-09-10T09:49:47.316419+00:00,69,2026-09-10T09:49:46.945478+00:00,false,microservices,order,c27c5aa728bc0124d809bb264b287875d3bc255e3ac3de55ba488ab84deedaac,tcc-microservices-experiment-order-1,83.08,82868961,1073741824,7.72,3,68.3MB / 29.2MB,6.41MB / 77.8kB
34,2026-09-10T09:49:47.316419+00:00,69,2026-09-10T09:49:46.945478+00:00,false,microservices,product,2f892126de1eadfcf8af84b705e2257fddeacacfedc184cd80ea37707784190f,tcc-microservices-experiment-product-1,0.02,78664172,1073741824,7.33,3,416kB / 282kB,10.8MB / 81.9kB
35,2026-09-10T09:49:48.316401+00:00,71,2026-09-10T09:49:47.945381+00:00,false,microservices,auth,1f5053f72775f6b723e6fc607f712e196ed7bd5e7bcc811f3f091f26199864d9,tcc-microservices-experiment-auth-1,0.01,79240888,1073741824,7.38,3,45.3kB / 40.3kB,12MB / 65.5kB
35,2026-09-10T09:49:48.316401+00:00,71,2026-09-10T09:49:47.945381+00:00,false,microservices,gateway,59c3e451f7a36751c12c576d787f402f5b9bf07f41cd5e84e18ae12f934c0762,tcc-microservices-experiment-gateway-1,34.48,466511462,536870912,86.9,78,17.1MB / 22.6MB,37.7MB / 197kB
35,2026-09-10T09:49:48.316401+00:00,71,2026-09-10T09:49:47.945381+00:00,false,microservices,mysql,d591036059f06797e369be28c6a6cf2778317260a9ac2abd88a2ca2860eec9f4,tcc-microservices-experiment-mysql-1,22.37,532886323,1073741824,49.63,40,19.2MB / 57.9MB,44.4MB / 118MB
35,2026-09-10T09:49:48.316401+00:00,71,2026-09-10T09:49:47.945381+00:00,false,microservices,order,c27c5aa728bc0124d809bb264b287875d3bc255e3ac3de55ba488ab84deedaac,tcc-microservices-experiment-order-1,82.5,83141591,1073741824,7.74,3,69.4MB / 29.7MB,6.41MB / 77.8kB
35,2026-09-10T09:49:48.316401+00:00,71,2026-09-10T09:49:47.945381+00:00,false,microservices,product,2f892126de1eadfcf8af84b705e2257fddeacacfedc184cd80ea37707784190f,tcc-microservices-experiment-product-1,0.02,78664172,1073741824,7.33,3,416kB / 282kB,10.8MB / 81.9kB
36,2026-09-10T09:49:49.316398+00:00,73,2026-09-10T09:49:48.944735+00:00,false,microservices,auth,1f5053f72775f6b723e6fc607f712e196ed7bd5e7bcc811f3f091f26199864d9,tcc-microservices-experiment-auth-1,0.02,79240888,1073741824,7.38,3,45.3kB / 40.3kB,12MB / 65.5kB
36,2026-09-10T09:49:49.316398+00:00,73,2026-09-10T09:49:48.944735+00:00,false,microservices,gateway,59c3e451f7a36751c12c576d787f402f5b9bf07f41cd5e84e18ae12f934c0762,tcc-microservices-experiment-gateway-1,68.32,466826035,536870912,86.95,78,17.4MB / 23MB,37.7MB / 213kB
36,2026-09-10T09:49:49.316398+00:00,73,2026-09-10T09:49:48.944735+00:00,false,microservices,mysql,d591036059f06797e369be28c6a6cf2778317260a9ac2abd88a2ca2860eec9f4,tcc-microservices-experiment-mysql-1,27.06,532571750,1073741824,49.6,40,19.5MB / 58.8MB,44.4MB / 118MB
36,2026-09-10T09:49:49.316398+00:00,73,2026-09-10T09:49:48.944735+00:00,false,microservices,order,c27c5aa728bc0124d809bb264b287875d3bc255e3ac3de55ba488ab84deedaac,tcc-microservices-experiment-order-1,82.27,82596332,1073741824,7.69,3,70.5MB / 30.1MB,6.41MB / 77.8kB
36,2026-09-10T09:49:49.316398+00:00,73,2026-09-10T09:49:48.944735+00:00,false,microservices,product,2f892126de1eadfcf8af84b705e2257fddeacacfedc184cd80ea37707784190f,tcc-microservices-experiment-product-1,0.02,78664172,1073741824,7.33,3,416kB / 282kB,10.8MB / 81.9kB
37,2026-09-10T09:49:50.316402+00:00,75,2026-09-10T09:49:49.945189+00:00,false,microservices,auth,1f5053f72775f6b723e6fc607f712e196ed7bd5e7bcc811f3f091f26199864d9,tcc-microservices-experiment-auth-1,0.02,79240888,1073741824,7.38,3,45.3kB / 40.3kB,12MB / 65.5kB
37,2026-09-10T09:49:50.316402+00:00,75,2026-09-10T09:49:49.945189+00:00,false,microservices,gateway,59c3e451f7a36751c12c576d787f402f5b9bf07f41cd5e84e18ae12f934c0762,tcc-microservices-experiment-gateway-1,59.92,466826035,536870912,86.95,78,17.7MB / 23.4MB,37.7MB / 213kB
37,2026-09-10T09:49:50.316402+00:00,75,2026-09-10T09:49:49.945189+00:00,false,microservices,mysql,d591036059f06797e369be28c6a6cf2778317260a9ac2abd88a2ca2860eec9f4,tcc-microservices-experiment-mysql-1,21.89,532466893,1073741824,49.59,40,19.7MB / 59.7MB,44.4MB / 118MB
37,2026-09-10T09:49:50.316402+00:00,75,2026-09-10T09:49:49.945189+00:00,false,microservices,order,c27c5aa728bc0124d809bb264b287875d3bc255e3ac3de55ba488ab84deedaac,tcc-microservices-experiment-order-1,85.27,82963333,1073741824,7.73,3,71.6MB / 30.5MB,6.41MB / 77.8kB
37,2026-09-10T09:49:50.316402+00:00,75,2026-09-10T09:49:49.945189+00:00,false,microservices,product,2f892126de1eadfcf8af84b705e2257fddeacacfedc184cd80ea37707784190f,tcc-microservices-experiment-product-1,0.01,78664172,1073741824,7.33,3,416kB / 282kB,10.8MB / 81.9kB
38,2026-09-10T09:49:51.316414+00:00,77,2026-09-10T09:49:50.945511+00:00,false,microservices,auth,1f5053f72775f6b723e6fc607f712e196ed7bd5e7bcc811f3f091f26199864d9,tcc-microservices-experiment-auth-1,0.02,79240888,1073741824,7.38,3,45.3kB / 40.3kB,12MB / 65.5kB
38,2026-09-10T09:49:51.316414+00:00,77,2026-09-10T09:49:50.945511+00:00,false,microservices,gateway,59c3e451f7a36751c12c576d787f402f5b9bf07f41cd5e84e18ae12f934c0762,tcc-microservices-experiment-gateway-1,63.2,467245466,536870912,87.03,78,18MB / 23.8MB,37.7MB / 213kB
38,2026-09-10T09:49:51.316414+00:00,77,2026-09-10T09:49:50.945511+00:00,false,microservices,mysql,d591036059f06797e369be28c6a6cf2778317260a9ac2abd88a2ca2860eec9f4,tcc-microservices-experiment-mysql-1,27.25,534249472,1073741824,49.76,40,20MB / 60.6MB,46.1MB / 118MB
38,2026-09-10T09:49:51.316414+00:00,77,2026-09-10T09:49:50.945511+00:00,false,microservices,order,c27c5aa728bc0124d809bb264b287875d3bc255e3ac3de55ba488ab84deedaac,tcc-microservices-experiment-order-1,83.02,83152077,1073741824,7.74,3,72.7MB / 31MB,6.41MB / 77.8kB
38,2026-09-10T09:49:51.316414+00:00,77,2026-09-10T09:49:50.945511+00:00,false,microservices,product,2f892126de1eadfcf8af84b705e2257fddeacacfedc184cd80ea37707784190f,tcc-microservices-experiment-product-1,0.02,78664172,1073741824,7.33,3,416kB / 282kB,10.8MB / 81.9kB
39,2026-09-10T09:49:52.316420+00:00,79,2026-09-10T09:49:51.945365+00:00,false,microservices,auth,1f5053f72775f6b723e6fc607f712e196ed7bd5e7bcc811f3f091f26199864d9,tcc-microservices-experiment-auth-1,0.01,79240888,1073741824,7.38,3,45.3kB / 40.3kB,12MB / 65.5kB
39,2026-09-10T09:49:52.316420+00:00,79,2026-09-10T09:49:51.945365+00:00,false,microservices,gateway,59c3e451f7a36751c12c576d787f402f5b9bf07f41cd5e84e18ae12f934c0762,tcc-microservices-experiment-gateway-1,31.38,467979469,536870912,87.17,78,18.3MB / 24.2MB,37.7MB / 213kB
39,2026-09-10T09:49:52.316420+00:00,79,2026-09-10T09:49:51.945365+00:00,false,microservices,mysql,d591036059f06797e369be28c6a6cf2778317260a9ac2abd88a2ca2860eec9f4,tcc-microservices-experiment-mysql-1,23.02,534354330,1073741824,49.77,40,20.2MB / 61.5MB,46.1MB / 118MB
39,2026-09-10T09:49:52.316420+00:00,79,2026-09-10T09:49:51.945365+00:00,false,microservices,order,c27c5aa728bc0124d809bb264b287875d3bc255e3ac3de55ba488ab84deedaac,tcc-microservices-experiment-order-1,81.46,82753618,1073741824,7.71,3,73.8MB / 31.4MB,6.41MB / 77.8kB
39,2026-09-10T09:49:52.316420+00:00,79,2026-09-10T09:49:51.945365+00:00,false,microservices,product,2f892126de1eadfcf8af84b705e2257fddeacacfedc184cd80ea37707784190f,tcc-microservices-experiment-product-1,0.02,78664172,1073741824,7.33,3,416kB / 282kB,10.8MB / 81.9kB
40,2026-09-10T09:49:53.316421+00:00,81,2026-09-10T09:49:52.945095+00:00,false,microservices,auth,1f5053f72775f6b723e6fc607f712e196ed7bd5e7bcc811f3f091f26199864d9,tcc-microservices-experiment-auth-1,0.02,79240888,1073741824,7.38,3,45.3kB / 40.3kB,12MB / 65.5kB
40,2026-09-10T09:49:53.316421+00:00,81,2026-09-10T09:49:52.945095+00:00,false,microservices,gateway,59c3e451f7a36751c12c576d787f402f5b9bf07f41cd5e84e18ae12f934c0762,tcc-microservices-experiment-gateway-1,34.96,467664896,536870912,87.1,78,18.6MB / 24.6MB,37.7MB / 213kB
40,2026-09-10T09:49:53.316421+00:00,81,2026-09-10T09:49:52.945095+00:00,false,microservices,mysql,d591036059f06797e369be28c6a6cf2778317260a9ac2abd88a2ca2860eec9f4,tcc-microservices-experiment-mysql-1,27.11,534878618,1073741824,49.82,40,20.5MB / 62.4MB,46.1MB / 118MB
40,2026-09-10T09:49:53.316421+00:00,81,2026-09-10T09:49:52.945095+00:00,false,microservices,order,c27c5aa728bc0124d809bb264b287875d3bc255e3ac3de55ba488ab84deedaac,tcc-microservices-experiment-order-1,81.85,83330335,1073741824,7.76,3,74.9MB / 31.8MB,6.41MB / 77.8kB
40,2026-09-10T09:49:53.316421+00:00,81,2026-09-10T09:49:52.945095+00:00,false,microservices,product,2f892126de1eadfcf8af84b705e2257fddeacacfedc184cd80ea37707784190f,tcc-microservices-experiment-product-1,0.01,78664172,1073741824,7.33,3,416kB / 282kB,10.8MB / 81.9kB
41,2026-09-10T09:49:54.316419+00:00,83,2026-09-10T09:49:53.945203+00:00,false,microservices,auth,1f5053f72775f6b723e6fc607f712e196ed7bd5e7bcc811f3f091f26199864d9,tcc-microservices-experiment-auth-1,0.02,79240888,1073741824,7.38,3,45.3kB / 40.3kB,12MB / 65.5kB
41,2026-09-10T09:49:54.316419+00:00,83,2026-09-10T09:49:53.945203+00:00,false,microservices,gateway,59c3e451f7a36751c12c576d787f402f5b9bf07f41cd5e84e18ae12f934c0762,tcc-microservices-experiment-gateway-1,31.93,467455181,536870912,87.06,78,18.9MB / 25MB,37.7MB / 213kB
41,2026-09-10T09:49:54.316419+00:00,83,2026-09-10T09:49:53.945203+00:00,false,microservices,mysql,d591036059f06797e369be28c6a6cf2778317260a9ac2abd88a2ca2860eec9f4,tcc-microservices-experiment-mysql-1,23.41,535298048,1073741824,49.86,40,20.7MB / 63.3MB,46.1MB / 118MB
41,2026-09-10T09:49:54.316419+00:00,83,2026-09-10T09:49:53.945203+00:00,false,microservices,order,c27c5aa728bc0124d809bb264b287875d3bc255e3ac3de55ba488ab84deedaac,tcc-microservices-experiment-order-1,81.96,82659246,1073741824,7.7,3,76MB / 32.3MB,6.41MB / 77.8kB
41,2026-09-10T09:49:54.316419+00:00,83,2026-09-10T09:49:53.945203+00:00,false,microservices,product,2f892126de1eadfcf8af84b705e2257fddeacacfedc184cd80ea37707784190f,tcc-microservices-experiment-product-1,0.02,78664172,1073741824,7.33,3,416kB / 282kB,10.8MB / 81.9kB
42,2026-09-10T09:49:55.316404+00:00,85,2026-09-10T09:49:54.944928+00:00,false,microservices,auth,1f5053f72775f6b723e6fc607f712e196ed7bd5e7bcc811f3f091f26199864d9,tcc-microservices-experiment-auth-1,0.02,79240888,1073741824,7.38,3,45.3kB / 40.3kB,12MB / 65.5kB
42,2026-09-10T09:49:55.316404+00:00,85,2026-09-10T09:49:54.944928+00:00,false,microservices,gateway,59c3e451f7a36751c12c576d787f402f5b9bf07f41cd5e84e18ae12f934c0762,tcc-microservices-experiment-gateway-1,32.07,467455181,536870912,87.07,78,19.2MB / 25.3MB,37.7MB / 213kB
42,2026-09-10T09:49:55.316404+00:00,85,2026-09-10T09:49:54.944928+00:00,false,microservices,mysql,d591036059f06797e369be28c6a6cf2778317260a9ac2abd88a2ca2860eec9f4,tcc-microservices-experiment-mysql-1,27.96,535507763,1073741824,49.87,40,21MB / 64.2MB,46.1MB / 118MB
42,2026-09-10T09:49:55.316404+00:00,85,2026-09-10T09:49:54.944928+00:00,false,microservices,order,c27c5aa728bc0124d809bb264b287875d3bc255e3ac3de55ba488ab84deedaac,tcc-microservices-experiment-order-1,80.96,83173048,1073741824,7.75,3,77.1MB / 32.7MB,6.41MB / 77.8kB
42,2026-09-10T09:49:55.316404+00:00,85,2026-09-10T09:49:54.944928+00:00,false,microservices,product,2f892126de1eadfcf8af84b705e2257fddeacacfedc184cd80ea37707784190f,tcc-microservices-experiment-product-1,0.02,78664172,1073741824,7.33,3,416kB / 282kB,10.8MB / 81.9kB
43,2026-09-10T09:49:56.316389+00:00,87,2026-09-10T09:49:55.945542+00:00,false,microservices,auth,1f5053f72775f6b723e6fc607f712e196ed7bd5e7bcc811f3f091f26199864d9,tcc-microservices-experiment-auth-1,0.02,79240888,1073741824,7.38,3,45.3kB / 40.3kB,12MB / 65.5kB
43,2026-09-10T09:49:56.316389+00:00,87,2026-09-10T09:49:55.945542+00:00,false,microservices,gateway,59c3e451f7a36751c12c576d787f402f5b9bf07f41cd5e84e18ae12f934c0762,tcc-microservices-experiment-gateway-1,37.1,466826035,536870912,86.95,78,19.5MB / 25.7MB,37.7MB / 213kB
43,2026-09-10T09:49:56.316389+00:00,87,2026-09-10T09:49:55.945542+00:00,false,microservices,mysql,d591036059f06797e369be28c6a6cf2778317260a9ac2abd88a2ca2860eec9f4,tcc-microservices-experiment-mysql-1,23.5,535193190,1073741824,49.84,40,21.2MB / 65MB,46.1MB / 118MB
43,2026-09-10T09:49:56.316389+00:00,87,2026-09-10T09:49:55.945542+00:00,false,microservices,order,c27c5aa728bc0124d809bb264b287875d3bc255e3ac3de55ba488ab84deedaac,tcc-microservices-experiment-order-1,81.54,83256934,1073741824,7.75,3,78.2MB / 33.2MB,6.41MB / 77.8kB
43,2026-09-10T09:49:56.316389+00:00,87,2026-09-10T09:49:55.945542+00:00,false,microservices,product,2f892126de1eadfcf8af84b705e2257fddeacacfedc184cd80ea37707784190f,tcc-microservices-experiment-product-1,0.02,78664172,1073741824,7.33,3,416kB / 282kB,10.8MB / 81.9kB
44,2026-09-10T09:49:57.316422+00:00,89,2026-09-10T09:49:56.945343+00:00,false,microservices,auth,1f5053f72775f6b723e6fc607f712e196ed7bd5e7bcc811f3f091f26199864d9,tcc-microservices-experiment-auth-1,0.02,79240888,1073741824,7.38,3,45.3kB / 40.3kB,12MB / 65.5kB
44,2026-09-10T09:49:57.316422+00:00,89,2026-09-10T09:49:56.945343+00:00,false,microservices,gateway,59c3e451f7a36751c12c576d787f402f5b9bf07f41cd5e84e18ae12f934c0762,tcc-microservices-experiment-gateway-1,32.42,467035750,536870912,86.99,78,19.8MB / 26.1MB,37.7MB / 213kB
44,2026-09-10T09:49:57.316422+00:00,89,2026-09-10T09:49:56.945343+00:00,false,microservices,mysql,d591036059f06797e369be28c6a6cf2778317260a9ac2abd88a2ca2860eec9f4,tcc-microservices-experiment-mysql-1,26.75,535193190,1073741824,49.84,40,21.5MB / 65.9MB,46.1MB / 118MB
44,2026-09-10T09:49:57.316422+00:00,89,2026-09-10T09:49:56.945343+00:00,false,microservices,order,c27c5aa728bc0124d809bb264b287875d3bc255e3ac3de55ba488ab84deedaac,tcc-microservices-experiment-order-1,82.12,82910904,1073741824,7.72,3,79.3MB / 33.6MB,6.41MB / 77.8kB
44,2026-09-10T09:49:57.316422+00:00,89,2026-09-10T09:49:56.945343+00:00,false,microservices,product,2f892126de1eadfcf8af84b705e2257fddeacacfedc184cd80ea37707784190f,tcc-microservices-experiment-product-1,0.02,78664172,1073741824,7.33,3,416kB / 282kB,10.8MB / 81.9kB
45,2026-09-10T09:49:58.316363+00:00,91,2026-09-10T09:49:57.945398+00:00,false,microservices,auth,1f5053f72775f6b723e6fc607f712e196ed7bd5e7bcc811f3f091f26199864d9,tcc-microservices-experiment-auth-1,0.02,79240888,1073741824,7.38,3,45.3kB / 40.3kB,12MB / 65.5kB
45,2026-09-10T09:49:58.316363+00:00,91,2026-09-10T09:49:57.945398+00:00,false,microservices,gateway,59c3e451f7a36751c12c576d787f402f5b9bf07f41cd5e84e18ae12f934c0762,tcc-microservices-experiment-gateway-1,67.75,467769754,536870912,87.13,78,20.1MB / 26.5MB,37.7MB / 213kB
45,2026-09-10T09:49:58.316363+00:00,91,2026-09-10T09:49:57.945398+00:00,false,microservices,mysql,d591036059f06797e369be28c6a6cf2778317260a9ac2abd88a2ca2860eec9f4,tcc-microservices-experiment-mysql-1,23.07,534668902,1073741824,49.79,40,21.7MB / 66.8MB,46.1MB / 118MB
45,2026-09-10T09:49:58.316363+00:00,91,2026-09-10T09:49:57.945398+00:00,false,microservices,order,c27c5aa728bc0124d809bb264b287875d3bc255e3ac3de55ba488ab84deedaac,tcc-microservices-experiment-order-1,82.32,83456164,1073741824,7.77,3,80.4MB / 34MB,6.41MB / 77.8kB
45,2026-09-10T09:49:58.316363+00:00,91,2026-09-10T09:49:57.945398+00:00,false,microservices,product,2f892126de1eadfcf8af84b705e2257fddeacacfedc184cd80ea37707784190f,tcc-microservices-experiment-product-1,0.02,78664172,1073741824,7.33,3,416kB / 282kB,10.8MB / 81.9kB
46,2026-09-10T09:49:59.316411+00:00,93,2026-09-10T09:49:58.944978+00:00,false,microservices,auth,1f5053f72775f6b723e6fc607f712e196ed7bd5e7bcc811f3f091f26199864d9,tcc-microservices-experiment-auth-1,0.02,79240888,1073741824,7.38,3,45.3kB / 40.3kB,12MB / 65.5kB
46,2026-09-10T09:49:59.316411+00:00,93,2026-09-10T09:49:58.944978+00:00,false,microservices,gateway,59c3e451f7a36751c12c576d787f402f5b9bf07f41cd5e84e18ae12f934c0762,tcc-microservices-experiment-gateway-1,33.7,466826035,536870912,86.95,78,20.4MB / 26.9MB,37.7MB / 213kB
46,2026-09-10T09:49:59.316411+00:00,93,2026-09-10T09:49:58.944978+00:00,false,microservices,mysql,d591036059f06797e369be28c6a6cf2778317260a9ac2abd88a2ca2860eec9f4,tcc-microservices-experiment-mysql-1,26.46,534668902,1073741824,49.79,40,22MB / 67.8MB,46.1MB / 118MB
46,2026-09-10T09:49:59.316411+00:00,93,2026-09-10T09:49:58.944978+00:00,false,microservices,order,c27c5aa728bc0124d809bb264b287875d3bc255e3ac3de55ba488ab84deedaac,tcc-microservices-experiment-order-1,82.63,82596332,1073741824,7.69,3,81.5MB / 34.5MB,6.41MB / 77.8kB
46,2026-09-10T09:49:59.316411+00:00,93,2026-09-10T09:49:58.944978+00:00,false,microservices,product,2f892126de1eadfcf8af84b705e2257fddeacacfedc184cd80ea37707784190f,tcc-microservices-experiment-product-1,0.02,78664172,1073741824,7.33,3,416kB / 282kB,10.8MB / 81.9kB
47,2026-09-10T09:50:00.316420+00:00,95,2026-09-10T09:49:59.945261+00:00,false,microservices,auth,1f5053f72775f6b723e6fc607f712e196ed7bd5e7bcc811f3f091f26199864d9,tcc-microservices-experiment-auth-1,0.02,79240888,1073741824,7.38,3,45.4kB / 40.3kB,12MB / 65.5kB
47,2026-09-10T09:50:00.316420+00:00,95,2026-09-10T09:49:59.945261+00:00,false,microservices,gateway,59c3e451f7a36751c12c576d787f402f5b9bf07f41cd5e84e18ae12f934c0762,tcc-microservices-experiment-gateway-1,31.87,467874611,536870912,87.16,78,20.7MB / 27.3MB,37.7MB / 213kB
47,2026-09-10T09:50:00.316420+00:00,95,2026-09-10T09:49:59.945261+00:00,false,microservices,mysql,d591036059f06797e369be28c6a6cf2778317260a9ac2abd88a2ca2860eec9f4,tcc-microservices-experiment-mysql-1,22.72,534878618,1073741824,49.81,40,22.2MB / 68.7MB,46.1MB / 118MB
47,2026-09-10T09:50:00.316420+00:00,95,2026-09-10T09:49:59.945261+00:00,false,microservices,order,c27c5aa728bc0124d809bb264b287875d3bc255e3ac3de55ba488ab84deedaac,tcc-microservices-experiment-order-1,81.77,81883300,1073741824,7.63,3,82.6MB / 34.9MB,6.41MB / 77.8kB
47,2026-09-10T09:50:00.316420+00:00,95,2026-09-10T09:49:59.945261+00:00,false,microservices,product,2f892126de1eadfcf8af84b705e2257fddeacacfedc184cd80ea37707784190f,tcc-microservices-experiment-product-1,0.02,78664172,1073741824,7.33,3,416kB / 282kB,10.8MB / 81.9kB
48,2026-09-10T09:50:01.316407+00:00,97,2026-09-10T09:50:00.944867+00:00,false,microservices,auth,1f5053f72775f6b723e6fc607f712e196ed7bd5e7bcc811f3f091f26199864d9,tcc-microservices-experiment-auth-1,0.02,79240888,1073741824,7.38,3,45.4kB / 40.3kB,12MB / 65.5kB
48,2026-09-10T09:50:01.316407+00:00,97,2026-09-10T09:50:00.944867+00:00,false,microservices,gateway,59c3e451f7a36751c12c576d787f402f5b9bf07f41cd5e84e18ae12f934c0762,tcc-microservices-experiment-gateway-1,32.45,468189184,536870912,87.2,78,20.9MB / 27.7MB,37.7MB / 213kB
48,2026-09-10T09:50:01.316407+00:00,97,2026-09-10T09:50:00.944867+00:00,false,microservices,mysql,d591036059f06797e369be28c6a6cf2778317260a9ac2abd88a2ca2860eec9f4,tcc-microservices-experiment-mysql-1,26.28,534878618,1073741824,49.82,40,22.5MB / 69.5MB,46.1MB / 118MB
48,2026-09-10T09:50:01.316407+00:00,97,2026-09-10T09:50:00.944867+00:00,false,microservices,order,c27c5aa728bc0124d809bb264b287875d3bc255e3ac3de55ba488ab84deedaac,tcc-microservices-experiment-order-1,82.98,82187387,1073741824,7.65,3,83.7MB / 35.3MB,6.41MB / 77.8kB
48,2026-09-10T09:50:01.316407+00:00,97,2026-09-10T09:50:00.944867+00:00,false,microservices,product,2f892126de1eadfcf8af84b705e2257fddeacacfedc184cd80ea37707784190f,tcc-microservices-experiment-product-1,0.02,78664172,1073741824,7.33,3,416kB / 282kB,10.8MB / 81.9kB
49,2026-09-10T09:50:02.316441+00:00,99,2026-09-10T09:50:01.945223+00:00,false,microservices,auth,1f5053f72775f6b723e6fc607f712e196ed7bd5e7bcc811f3f091f26199864d9,tcc-microservices-experiment-auth-1,0.02,79240888,1073741824,7.38,3,45.4kB / 40.3kB,12MB / 65.5kB
49,2026-09-10T09:50:02.316441+00:00,99,2026-09-10T09:50:01.945223+00:00,false,microservices,gateway,59c3e451f7a36751c12c576d787f402f5b9bf07f41cd5e84e18ae12f934c0762,tcc-microservices-experiment-gateway-1,35.28,467874611,536870912,87.16,78,21.2MB / 28MB,37.7MB / 213kB
49,2026-09-10T09:50:02.316441+00:00,99,2026-09-10T09:50:01.945223+00:00,false,microservices,mysql,d591036059f06797e369be28c6a6cf2778317260a9ac2abd88a2ca2860eec9f4,tcc-microservices-experiment-mysql-1,22.61,534668902,1073741824,49.79,40,22.7MB / 70.4MB,46.1MB / 118MB
49,2026-09-10T09:50:02.316441+00:00,99,2026-09-10T09:50:01.945223+00:00,false,microservices,order,c27c5aa728bc0124d809bb264b287875d3bc255e3ac3de55ba488ab84deedaac,tcc-microservices-experiment-order-1,82.74,82407588,1073741824,7.68,3,84.8MB / 35.8MB,6.41MB / 77.8kB
49,2026-09-10T09:50:02.316441+00:00,99,2026-09-10T09:50:01.945223+00:00,false,microservices,product,2f892126de1eadfcf8af84b705e2257fddeacacfedc184cd80ea37707784190f,tcc-microservices-experiment-product-1,0.02,78664172,1073741824,7.33,3,416kB / 282kB,10.8MB / 81.9kB
50,2026-09-10T09:50:03.316425+00:00,101,2026-09-10T09:50:02.945231+00:00,false,microservices,auth,1f5053f72775f6b723e6fc607f712e196ed7bd5e7bcc811f3f091f26199864d9,tcc-microservices-experiment-auth-1,0.02,79240888,1073741824,7.38,3,45.4kB / 40.3kB,12MB / 65.5kB
50,2026-09-10T09:50:03.316425+00:00,101,2026-09-10T09:50:02.945231+00:00,false,microservices,gateway,59c3e451f7a36751c12c576d787f402f5b9bf07f41cd5e84e18ae12f934c0762,tcc-microservices-experiment-gateway-1,30.94,467560038,536870912,87.09,78,21.5MB / 28.4MB,37.7MB / 213kB
50,2026-09-10T09:50:03.316425+00:00,101,2026-09-10T09:50:02.945231+00:00,false,microservices,mysql,d591036059f06797e369be28c6a6cf2778317260a9ac2abd88a2ca2860eec9f4,tcc-microservices-experiment-mysql-1,27.08,534668902,1073741824,49.79,40,23MB / 71.3MB,46.1MB / 118MB
50,2026-09-10T09:50:03.316425+00:00,101,2026-09-10T09:50:02.945231+00:00,false,microservices,order,c27c5aa728bc0124d809bb264b287875d3bc255e3ac3de55ba488ab84deedaac,tcc-microservices-experiment-order-1,82.05,82564874,1073741824,7.69,3,85.8MB / 36.2MB,6.41MB / 77.8kB
50,2026-09-10T09:50:03.316425+00:00,101,2026-09-10T09:50:02.945231+00:00,false,microservices,product,2f892126de1eadfcf8af84b705e2257fddeacacfedc184cd80ea37707784190f,tcc-microservices-experiment-product-1,0.02,78664172,1073741824,7.33,3,416kB / 282kB,10.8MB / 81.9kB
51,2026-09-10T09:50:04.316397+00:00,103,2026-09-10T09:50:03.945863+00:00,false,microservices,auth,1f5053f72775f6b723e6fc607f712e196ed7bd5e7bcc811f3f091f26199864d9,tcc-microservices-experiment-auth-1,0.02,79240888,1073741824,7.38,3,45.5kB / 40.3kB,12MB / 65.5kB
51,2026-09-10T09:50:04.316397+00:00,103,2026-09-10T09:50:03.945863+00:00,false,microservices,gateway,59c3e451f7a36751c12c576d787f402f5b9bf07f41cd5e84e18ae12f934c0762,tcc-microservices-experiment-gateway-1,31.67,467455181,536870912,87.08,78,21.8MB / 28.8MB,37.7MB / 225kB
51,2026-09-10T09:50:04.316397+00:00,103,2026-09-10T09:50:03.945863+00:00,false,microservices,mysql,d591036059f06797e369be28c6a6cf2778317260a9ac2abd88a2ca2860eec9f4,tcc-microservices-experiment-mysql-1,22.71,534564045,1073741824,49.78,40,23.2MB / 72.2MB,46.1MB / 118MB
51,2026-09-10T09:50:04.316397+00:00,103,2026-09-10T09:50:03.945863+00:00,false,microservices,order,c27c5aa728bc0124d809bb264b287875d3bc255e3ac3de55ba488ab84deedaac,tcc-microservices-experiment-order-1,82.03,82093015,1073741824,7.65,3,87MB / 36.6MB,6.41MB / 77.8kB
51,2026-09-10T09:50:04.316397+00:00,103,2026-09-10T09:50:03.945863+00:00,false,microservices,product,2f892126de1eadfcf8af84b705e2257fddeacacfedc184cd80ea37707784190f,tcc-microservices-experiment-product-1,0.02,78664172,1073741824,7.33,3,416kB / 282kB,10.8MB / 81.9kB
52,2026-09-10T09:50:05.316391+00:00,105,2026-09-10T09:50:04.945435+00:00,false,microservices,auth,1f5053f72775f6b723e6fc607f712e196ed7bd5e7bcc811f3f091f26199864d9,tcc-microservices-experiment-auth-1,0.02,79240888,1073741824,7.38,3,45.5kB / 40.3kB,12MB / 65.5kB
52,2026-09-10T09:50:05.316391+00:00,105,2026-09-10T09:50:04.945435+00:00,false,microservices,gateway,59c3e451f7a36751c12c576d787f402f5b9bf07f41cd5e84e18ae12f934c0762,tcc-microservices-experiment-gateway-1,57.99,468084326,536870912,87.2,78,22.1MB / 29.2MB,37.7MB / 225kB
52,2026-09-10T09:50:05.316391+00:00,105,2026-09-10T09:50:04.945435+00:00,false,microservices,mysql,d591036059f06797e369be28c6a6cf2778317260a9ac2abd88a2ca2860eec9f4,tcc-microservices-experiment-mysql-1,26.85,535298048,1073741824,49.85,40,23.5MB / 73.1MB,46.1MB / 118MB
52,2026-09-10T09:50:05.316391+00:00,105,2026-09-10T09:50:04.945435+00:00,false,microservices,order,c27c5aa728bc0124d809bb264b287875d3bc255e3ac3de55ba488ab84deedaac,tcc-microservices-experiment-order-1,82.17,81935729,1073741824,7.63,3,88.1MB / 37.1MB,6.41MB / 77.8kB
52,2026-09-10T09:50:05.316391+00:00,105,2026-09-10T09:50:04.945435+00:00,false,microservices,product,2f892126de1eadfcf8af84b705e2257fddeacacfedc184cd80ea37707784190f,tcc-microservices-experiment-product-1,0.02,78664172,1073741824,7.33,3,416kB / 282kB,10.8MB / 81.9kB
53,2026-09-10T09:50:06.316392+00:00,107,2026-09-10T09:50:05.944677+00:00,false,microservices,auth,1f5053f72775f6b723e6fc607f712e196ed7bd5e7bcc811f3f091f26199864d9,tcc-microservices-experiment-auth-1,0.02,79240888,1073741824,7.38,3,45.6kB / 40.3kB,12MB / 65.5kB
53,2026-09-10T09:50:06.316392+00:00,107,2026-09-10T09:50:05.944677+00:00,false,microservices,gateway,59c3e451f7a36751c12c576d787f402f5b9bf07f41cd5e84e18ae12f934c0762,tcc-microservices-experiment-gateway-1,30.7,467245466,536870912,87.03,78,22.4MB / 29.6MB,37.7MB / 225kB
53,2026-09-10T09:50:06.316392+00:00,107,2026-09-10T09:50:05.944677+00:00,false,microservices,mysql,d591036059f06797e369be28c6a6cf2778317260a9ac2abd88a2ca2860eec9f4,tcc-microservices-experiment-mysql-1,22.86,534983475,1073741824,49.82,40,23.8MB / 74MB,46.1MB / 118MB
53,2026-09-10T09:50:06.316392+00:00,107,2026-09-10T09:50:05.944677+00:00,false,microservices,order,c27c5aa728bc0124d809bb264b287875d3bc255e3ac3de55ba488ab84deedaac,tcc-microservices-experiment-order-1,81.09,82575360,1073741824,7.69,3,89.2MB / 37.5MB,6.41MB / 77.8kB
53,2026-09-10T09:50:06.316392+00:00,107,2026-09-10T09:50:05.944677+00:00,false,microservices,product,2f892126de1eadfcf8af84b705e2257fddeacacfedc184cd80ea37707784190f,tcc-microservices-experiment-product-1,0.02,78664172,1073741824,7.33,3,416kB / 282kB,10.8MB / 81.9kB
54,2026-09-10T09:50:07.316392+00:00,109,2026-09-10T09:50:06.944949+00:00,false,microservices,auth,1f5053f72775f6b723e6fc607f712e196ed7bd5e7bcc811f3f091f26199864d9,tcc-microservices-experiment-auth-1,0.02,79240888,1073741824,7.38,3,45.6kB / 40.3kB,12MB / 65.5kB
54,2026-09-10T09:50:07.316392+00:00,109,2026-09-10T09:50:06.944949+00:00,false,microservices,gateway,59c3e451f7a36751c12c576d787f402f5b9bf07f41cd5e84e18ae12f934c0762,tcc-microservices-experiment-gateway-1,31.61,468189184,536870912,87.21,78,22.7MB / 30MB,37.7MB / 225kB
54,2026-09-10T09:50:07.316392+00:00,109,2026-09-10T09:50:06.944949+00:00,false,microservices,mysql,d591036059f06797e369be28c6a6cf2778317260a9ac2abd88a2ca2860eec9f4,tcc-microservices-experiment-mysql-1,27.67,534144614,1073741824,49.74,40,24MB / 74.9MB,46.1MB / 118MB
54,2026-09-10T09:50:07.316392+00:00,109,2026-09-10T09:50:06.944949+00:00,false,microservices,order,c27c5aa728bc0124d809bb264b287875d3bc255e3ac3de55ba488ab84deedaac,tcc-microservices-experiment-order-1,82.13,82480988,1073741824,7.68,3,90.3MB / 38MB,6.41MB / 77.8kB
54,2026-09-10T09:50:07.316392+00:00,109,2026-09-10T09:50:06.944949+00:00,false,microservices,product,2f892126de1eadfcf8af84b705e2257fddeacacfedc184cd80ea37707784190f,tcc-microservices-experiment-product-1,0.02,78664172,1073741824,7.33,3,416kB / 282kB,10.8MB / 81.9kB
55,2026-09-10T09:50:08.316395+00:00,111,2026-09-10T09:50:07.944863+00:00,false,microservices,auth,1f5053f72775f6b723e6fc607f712e196ed7bd5e7bcc811f3f091f26199864d9,tcc-microservices-experiment-auth-1,0.02,79240888,1073741824,7.38,3,45.6kB / 40.3kB,12MB / 65.5kB
55,2026-09-10T09:50:08.316395+00:00,111,2026-09-10T09:50:07.944863+00:00,false,microservices,gateway,59c3e451f7a36751c12c576d787f402f5b9bf07f41cd5e84e18ae12f934c0762,tcc-microservices-experiment-gateway-1,34.13,467769754,536870912,87.14,78,23MB / 30.4MB,37.7MB / 225kB
55,2026-09-10T09:50:08.316395+00:00,111,2026-09-10T09:50:07.944863+00:00,false,microservices,mysql,d591036059f06797e369be28c6a6cf2778317260a9ac2abd88a2ca2860eec9f4,tcc-microservices-experiment-mysql-1,23.38,534459187,1073741824,49.77,40,24.3MB / 75.8MB,46.1MB / 118MB
55,2026-09-10T09:50:08.316395+00:00,111,2026-09-10T09:50:07.944863+00:00,false,microservices,order,c27c5aa728bc0124d809bb264b287875d3bc255e3ac3de55ba488ab84deedaac,tcc-microservices-experiment-order-1,81.01,82218844,1073741824,7.66,3,91.4MB / 38.4MB,6.41MB / 77.8kB
55,2026-09-10T09:50:08.316395+00:00,111,2026-09-10T09:50:07.944863+00:00,false,microservices,product,2f892126de1eadfcf8af84b705e2257fddeacacfedc184cd80ea37707784190f,tcc-microservices-experiment-product-1,0.02,78664172,1073741824,7.33,3,416kB / 282kB,10.8MB / 81.9kB
56,2026-09-10T09:50:09.316400+00:00,113,2026-09-10T09:50:08.944885+00:00,false,microservices,auth,1f5053f72775f6b723e6fc607f712e196ed7bd5e7bcc811f3f091f26199864d9,tcc-microservices-experiment-auth-1,0.02,79240888,1073741824,7.38,3,45.7kB / 40.3kB,12MB / 65.5kB
56,2026-09-10T09:50:09.316400+00:00,113,2026-09-10T09:50:08.944885+00:00,false,microservices,gateway,59c3e451f7a36751c12c576d787f402f5b9bf07f41cd5e84e18ae12f934c0762,tcc-microservices-experiment-gateway-1,32.51,468189184,536870912,87.2,78,23.3MB / 30.8MB,37.7MB / 225kB
56,2026-09-10T09:50:09.316400+00:00,113,2026-09-10T09:50:08.944885+00:00,false,microservices,mysql,d591036059f06797e369be28c6a6cf2778317260a9ac2abd88a2ca2860eec9f4,tcc-microservices-experiment-mysql-1,27.5,534983475,1073741824,49.82,40,24.5MB / 76.7MB,46.1MB / 118MB
56,2026-09-10T09:50:09.316400+00:00,113,2026-09-10T09:50:08.944885+00:00,false,microservices,order,c27c5aa728bc0124d809bb264b287875d3bc255e3ac3de55ba488ab84deedaac,tcc-microservices-experiment-order-1,82.04,82250301,1073741824,7.66,3,92.5MB / 38.9MB,6.41MB / 77.8kB
56,2026-09-10T09:50:09.316400+00:00,113,2026-09-10T09:50:08.944885+00:00,false,microservices,product,2f892126de1eadfcf8af84b705e2257fddeacacfedc184cd80ea37707784190f,tcc-microservices-experiment-product-1,0.02,78664172,1073741824,7.33,3,416kB / 282kB,10.8MB / 81.9kB
57,2026-09-10T09:50:10.316392+00:00,115,2026-09-10T09:50:09.945579+00:00,false,microservices,auth,1f5053f72775f6b723e6fc607f712e196ed7bd5e7bcc811f3f091f26199864d9,tcc-microservices-experiment-auth-1,0.02,79240888,1073741824,7.38,3,45.7kB / 40.3kB,12MB / 65.5kB
57,2026-09-10T09:50:10.316392+00:00,115,2026-09-10T09:50:09.945579+00:00,false,microservices,gateway,59c3e451f7a36751c12c576d787f402f5b9bf07f41cd5e84e18ae12f934c0762,tcc-microservices-experiment-gateway-1,32.51,468189184,536870912,87.2,78,23.3MB / 30.8MB,37.7MB / 225kB
57,2026-09-10T09:50:10.316392+00:00,115,2026-09-10T09:50:09.945579+00:00,false,microservices,mysql,d591036059f06797e369be28c6a6cf2778317260a9ac2abd88a2ca2860eec9f4,tcc-microservices-experiment-mysql-1,27.5,534983475,1073741824,49.82,40,24.5MB / 76.7MB,46.1MB / 118MB
57,2026-09-10T09:50:10.316392+00:00,115,2026-09-10T09:50:09.945579+00:00,false,microservices,order,c27c5aa728bc0124d809bb264b287875d3bc255e3ac3de55ba488ab84deedaac,tcc-microservices-experiment-order-1,82.04,82250301,1073741824,7.66,3,92.5MB / 38.9MB,6.41MB / 77.8kB
57,2026-09-10T09:50:10.316392+00:00,115,2026-09-10T09:50:09.945579+00:00,false,microservices,product,2f892126de1eadfcf8af84b705e2257fddeacacfedc184cd80ea37707784190f,tcc-microservices-experiment-product-1,0.02,78664172,1073741824,7.33,3,416kB / 282kB,10.8MB / 81.9kB
58,2026-09-10T09:50:11.316405+00:00,117,2026-09-10T09:50:10.944864+00:00,false,microservices,auth,1f5053f72775f6b723e6fc607f712e196ed7bd5e7bcc811f3f091f26199864d9,tcc-microservices-experiment-auth-1,0.02,79240888,1073741824,7.38,3,45.7kB / 40.3kB,12MB / 65.5kB
58,2026-09-10T09:50:11.316405+00:00,117,2026-09-10T09:50:10.944864+00:00,false,microservices,gateway,59c3e451f7a36751c12c576d787f402f5b9bf07f41cd5e84e18ae12f934c0762,tcc-microservices-experiment-gateway-1,31.51,468294042,536870912,87.23,78,23.6MB / 31.2MB,37.7MB / 225kB
58,2026-09-10T09:50:11.316405+00:00,117,2026-09-10T09:50:10.944864+00:00,false,microservices,mysql,d591036059f06797e369be28c6a6cf2778317260a9ac2abd88a2ca2860eec9f4,tcc-microservices-experiment-mysql-1,22.82,534249472,1073741824,49.76,40,24.8MB / 77.6MB,46.1MB / 118MB
58,2026-09-10T09:50:11.316405+00:00,117,2026-09-10T09:50:10.944864+00:00,false,microservices,order,c27c5aa728bc0124d809bb264b287875d3bc255e3ac3de55ba488ab84deedaac,tcc-microservices-experiment-order-1,82.81,82847990,1073741824,7.72,3,93.6MB / 39.3MB,6.41MB / 77.8kB
58,2026-09-10T09:50:11.316405+00:00,117,2026-09-10T09:50:10.944864+00:00,false,microservices,product,2f892126de1eadfcf8af84b705e2257fddeacacfedc184cd80ea37707784190f,tcc-microservices-experiment-product-1,0.02,78664172,1073741824,7.33,3,416kB / 282kB,10.8MB / 81.9kB
59,2026-09-10T09:50:12.316416+00:00,119,2026-09-10T09:50:11.945440+00:00,false,microservices,auth,1f5053f72775f6b723e6fc607f712e196ed7bd5e7bcc811f3f091f26199864d9,tcc-microservices-experiment-auth-1,0.02,79240888,1073741824,7.38,3,45.7kB / 40.3kB,12MB / 65.5kB
59,2026-09-10T09:50:12.316416+00:00,119,2026-09-10T09:50:11.945440+00:00,false,microservices,gateway,59c3e451f7a36751c12c576d787f402f5b9bf07f41cd5e84e18ae12f934c0762,tcc-microservices-experiment-gateway-1,31.35,467979469,536870912,87.17,78,23.9MB / 31.6MB,37.7MB / 225kB
59,2026-09-10T09:50:12.316416+00:00,119,2026-09-10T09:50:11.945440+00:00,false,microservices,mysql,d591036059f06797e369be28c6a6cf2778317260a9ac2abd88a2ca2860eec9f4,tcc-microservices-experiment-mysql-1,27.2,534459187,1073741824,49.78,40,25MB / 78.5MB,46.1MB / 118MB
59,2026-09-10T09:50:12.316416+00:00,119,2026-09-10T09:50:11.945440+00:00,false,microservices,order,c27c5aa728bc0124d809bb264b287875d3bc255e3ac3de55ba488ab84deedaac,tcc-microservices-experiment-order-1,82.26,82638275,1073741824,7.7,3,94.8MB / 39.8MB,6.41MB / 77.8kB
59,2026-09-10T09:50:12.316416+00:00,119,2026-09-10T09:50:11.945440+00:00,false,microservices,product,2f892126de1eadfcf8af84b705e2257fddeacacfedc184cd80ea37707784190f,tcc-microservices-experiment-product-1,0.02,78664172,1073741824,7.33,3,416kB / 282kB,10.8MB / 81.9kB
60,2026-09-10T09:50:13.316386+00:00,121,2026-09-10T09:50:12.946325+00:00,false,microservices,auth,1f5053f72775f6b723e6fc607f712e196ed7bd5e7bcc811f3f091f26199864d9,tcc-microservices-experiment-auth-1,0.02,79240888,1073741824,7.38,3,45.7kB / 40.3kB,12MB / 65.5kB
60,2026-09-10T09:50:13.316386+00:00,121,2026-09-10T09:50:12.946325+00:00,false,microservices,gateway,59c3e451f7a36751c12c576d787f402f5b9bf07f41cd5e84e18ae12f934c0762,tcc-microservices-experiment-gateway-1,62.65,467979469,536870912,87.17,78,24.2MB / 32MB,37.7MB / 225kB
60,2026-09-10T09:50:13.316386+00:00,121,2026-09-10T09:50:12.946325+00:00,false,microservices,mysql,d591036059f06797e369be28c6a6cf2778317260a9ac2abd88a2ca2860eec9f4,tcc-microservices-experiment-mysql-1,22.88,534773760,1073741824,49.8,40,25.3MB / 79.4MB,46.1MB / 118MB
60,2026-09-10T09:50:13.316386+00:00,121,2026-09-10T09:50:12.946325+00:00,false,microservices,order,c27c5aa728bc0124d809bb264b287875d3bc255e3ac3de55ba488ab84deedaac,tcc-microservices-experiment-order-1,81.96,81956700,1073741824,7.63,3,95.8MB / 40.2MB,6.41MB / 77.8kB
60,2026-09-10T09:50:13.316386+00:00,121,2026-09-10T09:50:12.946325+00:00,false,microservices,product,2f892126de1eadfcf8af84b705e2257fddeacacfedc184cd80ea37707784190f,tcc-microservices-experiment-product-1,0.02,78664172,1073741824,7.33,3,416kB / 282kB,10.8MB / 81.9kB
61,2026-09-10T09:50:14.316420+00:00,123,2026-09-10T09:50:13.947052+00:00,false,microservices,auth,1f5053f72775f6b723e6fc607f712e196ed7bd5e7bcc811f3f091f26199864d9,tcc-microservices-experiment-auth-1,0.02,79240888,1073741824,7.38,3,45.7kB / 40.3kB,12MB / 65.5kB
61,2026-09-10T09:50:14.316420+00:00,123,2026-09-10T09:50:13.947052+00:00,false,microservices,gateway,59c3e451f7a36751c12c576d787f402f5b9bf07f41cd5e84e18ae12f934c0762,tcc-microservices-experiment-gateway-1,32.03,468294042,536870912,87.22,78,24.5MB / 32.3MB,37.7MB / 225kB
61,2026-09-10T09:50:14.316420+00:00,123,2026-09-10T09:50:13.947052+00:00,false,microservices,mysql,d591036059f06797e369be28c6a6cf2778317260a9ac2abd88a2ca2860eec9f4,tcc-microservices-experiment-mysql-1,27.36,534878618,1073741824,49.82,40,25.6MB / 80.3MB,46.1MB / 118MB
61,2026-09-10T09:50:14.316420+00:00,123,2026-09-10T09:50:13.947052+00:00,false,microservices,order,c27c5aa728bc0124d809bb264b287875d3bc255e3ac3de55ba488ab84deedaac,tcc-microservices-experiment-order-1,81.35,82554388,1073741824,7.69,3,96.9MB / 40.6MB,6.41MB / 77.8kB
61,2026-09-10T09:50:14.316420+00:00,123,2026-09-10T09:50:13.947052+00:00,false,microservices,product,2f892126de1eadfcf8af84b705e2257fddeacacfedc184cd80ea37707784190f,tcc-microservices-experiment-product-1,0.02,78664172,1073741824,7.33,3,416kB / 282kB,10.8MB / 81.9kB
62,2026-09-10T09:50:15.316420+00:00,125,2026-09-10T09:50:14.945227+00:00,false,microservices,auth,1f5053f72775f6b723e6fc607f712e196ed7bd5e7bcc811f3f091f26199864d9,tcc-microservices-experiment-auth-1,0.02,79240888,1073741824,7.38,3,45.7kB / 40.3kB,12MB / 65.5kB
62,2026-09-10T09:50:15.316420+00:00,125,2026-09-10T09:50:14.945227+00:00,false,microservices,gateway,59c3e451f7a36751c12c576d787f402f5b9bf07f41cd5e84e18ae12f934c0762,tcc-microservices-experiment-gateway-1,31.37,467560038,536870912,87.09,78,24.8MB / 32.7MB,37.7MB / 225kB
62,2026-09-10T09:50:15.316420+00:00,125,2026-09-10T09:50:14.945227+00:00,false,microservices,mysql,d591036059f06797e369be28c6a6cf2778317260a9ac2abd88a2ca2860eec9f4,tcc-microservices-experiment-mysql-1,23.44,534668902,1073741824,49.79,40,25.8MB / 81.2MB,46.1MB / 118MB
62,2026-09-10T09:50:15.316420+00:00,125,2026-09-10T09:50:14.945227+00:00,false,microservices,order,c27c5aa728bc0124d809bb264b287875d3bc255e3ac3de55ba488ab84deedaac,tcc-microservices-experiment-order-1,81.39,82407588,1073741824,7.67,3,98.1MB / 41.1MB,6.41MB / 1.36MB
62,2026-09-10T09:50:15.316420+00:00,125,2026-09-10T09:50:14.945227+00:00,false,microservices,product,2f892126de1eadfcf8af84b705e2257fddeacacfedc184cd80ea37707784190f,tcc-microservices-experiment-product-1,0.02,78664172,1073741824,7.33,3,416kB / 282kB,10.8MB / 81.9kB
63,2026-09-10T09:50:16.316402+00:00,127,2026-09-10T09:50:15.946326+00:00,false,microservices,auth,1f5053f72775f6b723e6fc607f712e196ed7bd5e7bcc811f3f091f26199864d9,tcc-microservices-experiment-auth-1,0.02,79240888,1073741824,7.38,3,45.7kB / 40.3kB,12MB / 65.5kB
63,2026-09-10T09:50:16.316402+00:00,127,2026-09-10T09:50:15.946326+00:00,false,microservices,gateway,59c3e451f7a36751c12c576d787f402f5b9bf07f41cd5e84e18ae12f934c0762,tcc-microservices-experiment-gateway-1,36.0,467979469,536870912,87.18,78,25.1MB / 33.1MB,37.7MB / 225kB
63,2026-09-10T09:50:16.316402+00:00,127,2026-09-10T09:50:15.946326+00:00,false,microservices,mysql,d591036059f06797e369be28c6a6cf2778317260a9ac2abd88a2ca2860eec9f4,tcc-microservices-experiment-mysql-1,27.31,534878618,1073741824,49.81,40,26.1MB / 82.1MB,46.1MB / 118MB
63,2026-09-10T09:50:16.316402+00:00,127,2026-09-10T09:50:15.946326+00:00,false,microservices,order,c27c5aa728bc0124d809bb264b287875d3bc255e3ac3de55ba488ab84deedaac,tcc-microservices-experiment-order-1,81.52,82292244,1073741824,7.66,3,99.2MB / 41.5MB,6.41MB / 1.36MB
63,2026-09-10T09:50:16.316402+00:00,127,2026-09-10T09:50:15.946326+00:00,false,microservices,product,2f892126de1eadfcf8af84b705e2257fddeacacfedc184cd80ea37707784190f,tcc-microservices-experiment-product-1,0.02,78664172,1073741824,7.33,3,416kB / 282kB,10.8MB / 81.9kB
64,2026-09-10T09:50:17.316400+00:00,129,2026-09-10T09:50:16.945307+00:00,false,microservices,auth,1f5053f72775f6b723e6fc607f712e196ed7bd5e7bcc811f3f091f26199864d9,tcc-microservices-experiment-auth-1,0.02,79240888,1073741824,7.38,3,45.7kB / 40.3kB,12MB / 65.5kB
64,2026-09-10T09:50:17.316400+00:00,129,2026-09-10T09:50:16.945307+00:00,false,microservices,gateway,59c3e451f7a36751c12c576d787f402f5b9bf07f41cd5e84e18ae12f934c0762,tcc-microservices-experiment-gateway-1,36.35,468084326,536870912,87.19,78,25.4MB / 33.5MB,37.7MB / 225kB
64,2026-09-10T09:50:17.316400+00:00,129,2026-09-10T09:50:16.945307+00:00,false,microservices,mysql,d591036059f06797e369be28c6a6cf2778317260a9ac2abd88a2ca2860eec9f4,tcc-microservices-experiment-mysql-1,22.99,534459187,1073741824,49.77,40,26.3MB / 83MB,46.1MB / 118MB
64,2026-09-10T09:50:17.316400+00:00,129,2026-09-10T09:50:16.945307+00:00,false,microservices,order,c27c5aa728bc0124d809bb264b287875d3bc255e3ac3de55ba488ab84deedaac,tcc-microservices-experiment-order-1,82.93,82816532,1073741824,7.71,3,100MB / 42MB,6.41MB / 1.36MB
64,2026-09-10T09:50:17.316400+00:00,129,2026-09-10T09:50:16.945307+00:00,false,microservices,product,2f892126de1eadfcf8af84b705e2257fddeacacfedc184cd80ea37707784190f,tcc-microservices-experiment-product-1,0.02,78664172,1073741824,7.33,3,416kB / 282kB,10.8MB / 81.9kB
65,2026-09-10T09:50:18.316385+00:00,131,2026-09-10T09:50:17.946548+00:00,false,microservices,auth,1f5053f72775f6b723e6fc607f712e196ed7bd5e7bcc811f3f091f26199864d9,tcc-microservices-experiment-auth-1,0.02,79240888,1073741824,7.38,3,45.7kB / 40.3kB,12MB / 65.5kB
65,2026-09-10T09:50:18.316385+00:00,131,2026-09-10T09:50:17.946548+00:00,false,microservices,gateway,59c3e451f7a36751c12c576d787f402f5b9bf07f41cd5e84e18ae12f934c0762,tcc-microservices-experiment-gateway-1,32.22,468713472,536870912,87.3,78,25.7MB / 33.9MB,37.7MB / 225kB
65,2026-09-10T09:50:18.316385+00:00,131,2026-09-10T09:50:17.946548+00:00,false,microservices,mysql,d591036059f06797e369be28c6a6cf2778317260a9ac2abd88a2ca2860eec9f4,tcc-microservices-experiment-mysql-1,27.67,534668902,1073741824,49.8,40,26.6MB / 83.9MB,46.1MB / 118MB
65,2026-09-10T09:50:18.316385+00:00,131,2026-09-10T09:50:17.946548+00:00,false,microservices,order,c27c5aa728bc0124d809bb264b287875d3bc255e3ac3de55ba488ab84deedaac,tcc-microservices-experiment-order-1,82.5,82680218,1073741824,7.7,3,101MB / 42.4MB,6.41MB / 1.36MB
65,2026-09-10T09:50:18.316385+00:00,131,2026-09-10T09:50:17.946548+00:00,false,microservices,product,2f892126de1eadfcf8af84b705e2257fddeacacfedc184cd80ea37707784190f,tcc-microservices-experiment-product-1,0.02,78664172,1073741824,7.33,3,416kB / 282kB,10.8MB / 81.9kB
66,2026-09-10T09:50:19.316418+00:00,133,2026-09-10T09:50:18.946076+00:00,false,microservices,auth,1f5053f72775f6b723e6fc607f712e196ed7bd5e7bcc811f3f091f26199864d9,tcc-microservices-experiment-auth-1,0.02,79240888,1073741824,7.38,3,45.7kB / 40.3kB,12MB / 65.5kB
66,2026-09-10T09:50:19.316418+00:00,133,2026-09-10T09:50:18.946076+00:00,false,microservices,gateway,59c3e451f7a36751c12c576d787f402f5b9bf07f41cd5e84e18ae12f934c0762,tcc-microservices-experiment-gateway-1,33.28,468503757,536870912,87.27,78,26MB / 34.3MB,37.7MB / 225kB
66,2026-09-10T09:50:19.316418+00:00,133,2026-09-10T09:50:18.946076+00:00,false,microservices,mysql,d591036059f06797e369be28c6a6cf2778317260a9ac2abd88a2ca2860eec9f4,tcc-microservices-experiment-mysql-1,22.73,534564045,1073741824,49.78,40,26.8MB / 84.8MB,46.1MB / 118MB
66,2026-09-10T09:50:19.316418+00:00,133,2026-09-10T09:50:18.946076+00:00,false,microservices,order,c27c5aa728bc0124d809bb264b287875d3bc255e3ac3de55ba488ab84deedaac,tcc-microservices-experiment-order-1,81.43,82501960,1073741824,7.68,3,102MB / 42.8MB,6.41MB / 1.36MB
66,2026-09-10T09:50:19.316418+00:00,133,2026-09-10T09:50:18.946076+00:00,false,microservices,product,2f892126de1eadfcf8af84b705e2257fddeacacfedc184cd80ea37707784190f,tcc-microservices-experiment-product-1,0.02,78664172,1073741824,7.33,3,416kB / 282kB,10.8MB / 81.9kB
67,2026-09-10T09:50:20.316396+00:00,135,2026-09-10T09:50:19.945361+00:00,false,microservices,auth,1f5053f72775f6b723e6fc607f712e196ed7bd5e7bcc811f3f091f26199864d9,tcc-microservices-experiment-auth-1,0.02,79240888,1073741824,7.38,3,45.7kB / 40.3kB,12MB / 65.5kB
67,2026-09-10T09:50:20.316396+00:00,135,2026-09-10T09:50:19.945361+00:00,false,microservices,gateway,59c3e451f7a36751c12c576d787f402f5b9bf07f41cd5e84e18ae12f934c0762,tcc-microservices-experiment-gateway-1,33.34,468818330,536870912,87.32,78,26.3MB / 34.7MB,37.7MB / 242kB
67,2026-09-10T09:50:20.316396+00:00,135,2026-09-10T09:50:19.945361+00:00,false,microservices,mysql,d591036059f06797e369be28c6a6cf2778317260a9ac2abd88a2ca2860eec9f4,tcc-microservices-experiment-mysql-1,27.7,534668902,1073741824,49.8,40,27.1MB / 85.8MB,46.1MB / 118MB
67,2026-09-10T09:50:20.316396+00:00,135,2026-09-10T09:50:19.945361+00:00,false,microservices,order,c27c5aa728bc0124d809bb264b287875d3bc255e3ac3de55ba488ab84deedaac,tcc-microservices-experiment-order-1,81.47,83057705,1073741824,7.74,3,104MB / 43.3MB,6.41MB / 1.36MB
67,2026-09-10T09:50:20.316396+00:00,135,2026-09-10T09:50:19.945361+00:00,false,microservices,product,2f892126de1eadfcf8af84b705e2257fddeacacfedc184cd80ea37707784190f,tcc-microservices-experiment-product-1,0.02,78664172,1073741824,7.33,3,416kB / 282kB,10.8MB / 81.9kB
68,2026-09-10T09:50:21.316401+00:00,137,2026-09-10T09:50:20.945251+00:00,false,microservices,auth,1f5053f72775f6b723e6fc607f712e196ed7bd5e7bcc811f3f091f26199864d9,tcc-microservices-experiment-auth-1,0.02,79240888,1073741824,7.38,3,45.7kB / 40.3kB,12MB / 65.5kB
68,2026-09-10T09:50:21.316401+00:00,137,2026-09-10T09:50:20.945251+00:00,false,microservices,gateway,59c3e451f7a36751c12c576d787f402f5b9bf07f41cd5e84e18ae12f934c0762,tcc-microservices-experiment-gateway-1,32.17,468713472,536870912,87.3,78,26.6MB / 35.1MB,37.7MB / 242kB
68,2026-09-10T09:50:21.316401+00:00,137,2026-09-10T09:50:20.945251+00:00,false,microservices,mysql,d591036059f06797e369be28c6a6cf2778317260a9ac2abd88a2ca2860eec9f4,tcc-microservices-experiment-mysql-1,23.33,534564045,1073741824,49.79,40,27.3MB / 86.7MB,46.1MB / 118MB
68,2026-09-10T09:50:21.316401+00:00,137,2026-09-10T09:50:20.945251+00:00,false,microservices,order,c27c5aa728bc0124d809bb264b287875d3bc255e3ac3de55ba488ab84deedaac,tcc-microservices-experiment-order-1,81.34,83057705,1073741824,7.74,3,105MB / 43.7MB,6.41MB / 1.36MB
68,2026-09-10T09:50:21.316401+00:00,137,2026-09-10T09:50:20.945251+00:00,false,microservices,product,2f892126de1eadfcf8af84b705e2257fddeacacfedc184cd80ea37707784190f,tcc-microservices-experiment-product-1,0.02,78664172,1073741824,7.33,3,416kB / 282kB,10.8MB / 81.9kB
69,2026-09-10T09:50:22.316396+00:00,139,2026-09-10T09:50:21.946790+00:00,false,microservices,auth,1f5053f72775f6b723e6fc607f712e196ed7bd5e7bcc811f3f091f26199864d9,tcc-microservices-experiment-auth-1,0.02,79240888,1073741824,7.38,3,45.7kB / 40.3kB,12MB / 65.5kB
69,2026-09-10T09:50:22.316396+00:00,139,2026-09-10T09:50:21.946790+00:00,false,microservices,gateway,59c3e451f7a36751c12c576d787f402f5b9bf07f41cd5e84e18ae12f934c0762,tcc-microservices-experiment-gateway-1,36.44,477102080,536870912,88.86,78,26.9MB / 35.5MB,37.7MB / 242kB
69,2026-09-10T09:50:22.316396+00:00,139,2026-09-10T09:50:21.946790+00:00,false,microservices,mysql,d591036059f06797e369be28c6a6cf2778317260a9ac2abd88a2ca2860eec9f4,tcc-microservices-experiment-mysql-1,27.55,534773760,1073741824,49.81,40,27.6MB / 87.6MB,46.1MB / 118MB
69,2026-09-10T09:50:22.316396+00:00,139,2026-09-10T09:50:21.946790+00:00,false,microservices,order,c27c5aa728bc0124d809bb264b287875d3bc255e3ac3de55ba488ab84deedaac,tcc-microservices-experiment-order-1,81.6,82260787,1073741824,7.66,3,106MB / 44.2MB,6.41MB / 1.36MB
69,2026-09-10T09:50:22.316396+00:00,139,2026-09-10T09:50:21.946790+00:00,false,microservices,product,2f892126de1eadfcf8af84b705e2257fddeacacfedc184cd80ea37707784190f,tcc-microservices-experiment-product-1,0.02,78664172,1073741824,7.33,3,416kB / 282kB,10.8MB / 81.9kB
70,2026-09-10T09:50:23.316396+00:00,141,2026-09-10T09:50:22.945382+00:00,false,microservices,auth,1f5053f72775f6b723e6fc607f712e196ed7bd5e7bcc811f3f091f26199864d9,tcc-microservices-experiment-auth-1,0.02,79240888,1073741824,7.38,3,45.7kB / 40.3kB,12MB / 65.5kB
70,2026-09-10T09:50:23.316396+00:00,141,2026-09-10T09:50:22.945382+00:00,false,microservices,gateway,59c3e451f7a36751c12c576d787f402f5b9bf07f41cd5e84e18ae12f934c0762,tcc-microservices-experiment-gateway-1,32.55,476682650,536870912,88.79,78,27.2MB / 35.9MB,37.7MB / 242kB
70,2026-09-10T09:50:23.316396+00:00,141,2026-09-10T09:50:22.945382+00:00,false,microservices,mysql,d591036059f06797e369be28c6a6cf2778317260a9ac2abd88a2ca2860eec9f4,tcc-microservices-experiment-mysql-1,23.44,535193190,1073741824,49.84,40,27.9MB / 88.5MB,46.1MB / 118MB
70,2026-09-10T09:50:23.316396+00:00,141,2026-09-10T09:50:22.945382+00:00,false,microservices,order,c27c5aa728bc0124d809bb264b287875d3bc255e3ac3de55ba488ab84deedaac,tcc-microservices-experiment-order-1,81.65,82386616,1073741824,7.67,3,107MB / 44.6MB,6.41MB / 1.36MB
70,2026-09-10T09:50:23.316396+00:00,141,2026-09-10T09:50:22.945382+00:00,false,microservices,product,2f892126de1eadfcf8af84b705e2257fddeacacfedc184cd80ea37707784190f,tcc-microservices-experiment-product-1,0.02,78664172,1073741824,7.33,3,416kB / 282kB,10.8MB / 81.9kB
71,2026-09-10T09:50:24.316400+00:00,143,2026-09-10T09:50:23.946357+00:00,false,microservices,auth,1f5053f72775f6b723e6fc607f712e196ed7bd5e7bcc811f3f091f26199864d9,tcc-microservices-experiment-auth-1,0.02,79240888,1073741824,7.38,3,45.7kB / 40.3kB,12MB / 65.5kB
71,2026-09-10T09:50:24.316400+00:00,143,2026-09-10T09:50:23.946357+00:00,false,microservices,gateway,59c3e451f7a36751c12c576d787f402f5b9bf07f41cd5e84e18ae12f934c0762,tcc-microservices-experiment-gateway-1,32.74,476997222,536870912,88.85,78,27.5MB / 36.3MB,37.7MB / 242kB
71,2026-09-10T09:50:24.316400+00:00,143,2026-09-10T09:50:23.946357+00:00,false,microservices,mysql,d591036059f06797e369be28c6a6cf2778317260a9ac2abd88a2ca2860eec9f4,tcc-microservices-experiment-mysql-1,26.22,535402906,1073741824,49.86,40,28.1MB / 89.4MB,46.1MB / 118MB
71,2026-09-10T09:50:24.316400+00:00,143,2026-09-10T09:50:23.946357+00:00,false,microservices,order,c27c5aa728bc0124d809bb264b287875d3bc255e3ac3de55ba488ab84deedaac,tcc-microservices-experiment-order-1,82.79,82764104,1073741824,7.71,3,108MB / 45.1MB,6.41MB / 1.36MB
71,2026-09-10T09:50:24.316400+00:00,143,2026-09-10T09:50:23.946357+00:00,false,microservices,product,2f892126de1eadfcf8af84b705e2257fddeacacfedc184cd80ea37707784190f,tcc-microservices-experiment-product-1,0.02,78664172,1073741824,7.33,3,416kB / 282kB,10.8MB / 81.9kB
72,2026-09-10T09:50:25.316415+00:00,145,2026-09-10T09:50:24.945366+00:00,false,microservices,auth,1f5053f72775f6b723e6fc607f712e196ed7bd5e7bcc811f3f091f26199864d9,tcc-microservices-experiment-auth-1,0.02,79240888,1073741824,7.38,3,45.7kB / 40.3kB,12MB / 65.5kB
72,2026-09-10T09:50:25.316415+00:00,145,2026-09-10T09:50:24.945366+00:00,false,microservices,gateway,59c3e451f7a36751c12c576d787f402f5b9bf07f41cd5e84e18ae12f934c0762,tcc-microservices-experiment-gateway-1,32.91,476577792,536870912,88.77,78,27.7MB / 36.7MB,37.7MB / 242kB
72,2026-09-10T09:50:25.316415+00:00,145,2026-09-10T09:50:24.945366+00:00,false,microservices,mysql,d591036059f06797e369be28c6a6cf2778317260a9ac2abd88a2ca2860eec9f4,tcc-microservices-experiment-mysql-1,22.5,534564045,1073741824,49.78,40,28.4MB / 90.3MB,46.1MB / 118MB
72,2026-09-10T09:50:25.316415+00:00,145,2026-09-10T09:50:24.945366+00:00,false,microservices,order,c27c5aa728bc0124d809bb264b287875d3bc255e3ac3de55ba488ab84deedaac,tcc-microservices-experiment-order-1,82.32,83078676,1073741824,7.74,3,109MB / 45.5MB,6.41MB / 1.36MB
72,2026-09-10T09:50:25.316415+00:00,145,2026-09-10T09:50:24.945366+00:00,false,microservices,product,2f892126de1eadfcf8af84b705e2257fddeacacfedc184cd80ea37707784190f,tcc-microservices-experiment-product-1,0.02,78664172,1073741824,7.33,3,416kB / 282kB,10.8MB / 81.9kB
73,2026-09-10T09:50:26.316396+00:00,147,2026-09-10T09:50:25.946958+00:00,false,microservices,auth,1f5053f72775f6b723e6fc607f712e196ed7bd5e7bcc811f3f091f26199864d9,tcc-microservices-experiment-auth-1,0.02,79240888,1073741824,7.38,3,45.7kB / 40.3kB,12MB / 65.5kB
73,2026-09-10T09:50:26.316396+00:00,147,2026-09-10T09:50:25.946958+00:00,false,microservices,gateway,59c3e451f7a36751c12c576d787f402f5b9bf07f41cd5e84e18ae12f934c0762,tcc-microservices-experiment-gateway-1,32.76,476682650,536870912,88.8,78,28MB / 37.1MB,37.7MB / 242kB
73,2026-09-10T09:50:26.316396+00:00,147,2026-09-10T09:50:25.946958+00:00,false,microservices,mysql,d591036059f06797e369be28c6a6cf2778317260a9ac2abd88a2ca2860eec9f4,tcc-microservices-experiment-mysql-1,27.11,535193190,1073741824,49.84,40,28.6MB / 91.2MB,46.1MB / 118MB
73,2026-09-10T09:50:26.316396+00:00,147,2026-09-10T09:50:25.946958+00:00,false,microservices,order,c27c5aa728bc0124d809bb264b287875d3bc255e3ac3de55ba488ab84deedaac,tcc-microservices-experiment-order-1,81.62,83036733,1073741824,7.73,3,110MB / 46MB,6.41MB / 1.36MB
73,2026-09-10T09:50:26.316396+00:00,147,2026-09-10T09:50:25.946958+00:00,false,microservices,product,2f892126de1eadfcf8af84b705e2257fddeacacfedc184cd80ea37707784190f,tcc-microservices-experiment-product-1,0.02,78664172,1073741824,7.33,3,416kB / 282kB,10.8MB / 81.9kB
74,2026-09-10T09:50:27.316396+00:00,149,2026-09-10T09:50:26.945195+00:00,false,microservices,auth,1f5053f72775f6b723e6fc607f712e196ed7bd5e7bcc811f3f091f26199864d9,tcc-microservices-experiment-auth-1,0.02,79240888,1073741824,7.38,3,45.7kB / 40.3kB,12MB / 65.5kB
74,2026-09-10T09:50:27.316396+00:00,149,2026-09-10T09:50:26.945195+00:00,false,microservices,gateway,59c3e451f7a36751c12c576d787f402f5b9bf07f41cd5e84e18ae12f934c0762,tcc-microservices-experiment-gateway-1,32.06,476682650,536870912,88.78,78,28.3MB / 37.5MB,37.7MB / 242kB
74,2026-09-10T09:50:27.316396+00:00,149,2026-09-10T09:50:26.945195+00:00,false,microservices,mysql,d591036059f06797e369be28c6a6cf2778317260a9ac2abd88a2ca2860eec9f4,tcc-microservices-experiment-mysql-1,23.13,534459187,1073741824,49.77,40,28.9MB / 92.1MB,46.1MB / 118MB
74,2026-09-10T09:50:27.316396+00:00,149,2026-09-10T09:50:26.945195+00:00,false,microservices,order,c27c5aa728bc0124d809bb264b287875d3bc255e3ac3de55ba488ab84deedaac,tcc-microservices-experiment-order-1,81.18,82480988,1073741824,7.68,3,111MB / 46.4MB,6.41MB / 1.36MB
74,2026-09-10T09:50:27.316396+00:00,149,2026-09-10T09:50:26.945195+00:00,false,microservices,product,2f892126de1eadfcf8af84b705e2257fddeacacfedc184cd80ea37707784190f,tcc-microservices-experiment-product-1,0.02,78664172,1073741824,7.33,3,416kB / 282kB,10.8MB / 81.9kB
75,2026-09-10T09:50:28.316394+00:00,151,2026-09-10T09:50:27.944915+00:00,false,microservices,auth,1f5053f72775f6b723e6fc607f712e196ed7bd5e7bcc811f3f091f26199864d9,tcc-microservices-experiment-auth-1,0.02,79240888,1073741824,7.38,3,45.7kB / 40.3kB,12MB / 65.5kB
75,2026-09-10T09:50:28.316394+00:00,151,2026-09-10T09:50:27.944915+00:00,false,microservices,gateway,59c3e451f7a36751c12c576d787f402f5b9bf07f41cd5e84e18ae12f934c0762,tcc-microservices-experiment-gateway-1,32.62,477416653,536870912,88.92,78,28.6MB / 37.8MB,37.7MB / 242kB
75,2026-09-10T09:50:28.316394+00:00,151,2026-09-10T09:50:27.944915+00:00,false,microservices,mysql,d591036059f06797e369be28c6a6cf2778317260a9ac2abd88a2ca2860eec9f4,tcc-microservices-experiment-mysql-1,27.6,534459187,1073741824,49.77,40,29.1MB / 93MB,46.1MB / 118MB
75,2026-09-10T09:50:28.316394+00:00,151,2026-09-10T09:50:27.944915+00:00,false,microservices,order,c27c5aa728bc0124d809bb264b287875d3bc255e3ac3de55ba488ab84deedaac,tcc-microservices-experiment-order-1,81.18,83152077,1073741824,7.74,3,113MB / 46.8MB,6.41MB / 1.36MB
75,2026-09-10T09:50:28.316394+00:00,151,2026-09-10T09:50:27.944915+00:00,false,microservices,product,2f892126de1eadfcf8af84b705e2257fddeacacfedc184cd80ea37707784190f,tcc-microservices-experiment-product-1,0.02,78664172,1073741824,7.33,3,416kB / 282kB,10.8MB / 81.9kB
76,2026-09-10T09:50:29.316399+00:00,153,2026-09-10T09:50:28.944643+00:00,false,microservices,auth,1f5053f72775f6b723e6fc607f712e196ed7bd5e7bcc811f3f091f26199864d9,tcc-microservices-experiment-auth-1,0.02,79240888,1073741824,7.38,3,45.7kB / 40.3kB,12MB / 65.5kB
76,2026-09-10T09:50:29.316399+00:00,153,2026-09-10T09:50:28.944643+00:00,false,microservices,gateway,59c3e451f7a36751c12c576d787f402f5b9bf07f41cd5e84e18ae12f934c0762,tcc-microservices-experiment-gateway-1,31.75,477206938,536870912,88.89,78,28.9MB / 38.2MB,37.7MB / 242kB
76,2026-09-10T09:50:29.316399+00:00,153,2026-09-10T09:50:28.944643+00:00,false,microservices,mysql,d591036059f06797e369be28c6a6cf2778317260a9ac2abd88a2ca2860eec9f4,tcc-microservices-experiment-mysql-1,23.16,534039757,1073741824,49.73,40,29.4MB / 93.9MB,46.1MB / 118MB
76,2026-09-10T09:50:29.316399+00:00,153,2026-09-10T09:50:28.944643+00:00,false,microservices,order,c27c5aa728bc0124d809bb264b287875d3bc255e3ac3de55ba488ab84deedaac,tcc-microservices-experiment-order-1,81.27,82764104,1073741824,7.71,3,114MB / 47.3MB,6.41MB / 1.36MB
76,2026-09-10T09:50:29.316399+00:00,153,2026-09-10T09:50:28.944643+00:00,false,microservices,product,2f892126de1eadfcf8af84b705e2257fddeacacfedc184cd80ea37707784190f,tcc-microservices-experiment-product-1,0.02,78664172,1073741824,7.33,3,416kB / 282kB,10.8MB / 81.9kB
77,2026-09-10T09:50:30.316415+00:00,155,2026-09-10T09:50:29.946796+00:00,false,microservices,auth,1f5053f72775f6b723e6fc607f712e196ed7bd5e7bcc811f3f091f26199864d9,tcc-microservices-experiment-auth-1,0.02,79240888,1073741824,7.38,3,45.7kB / 40.3kB,12MB / 65.5kB
77,2026-09-10T09:50:30.316415+00:00,155,2026-09-10T09:50:29.946796+00:00,false,microservices,gateway,59c3e451f7a36751c12c576d787f402f5b9bf07f41cd5e84e18ae12f934c0762,tcc-microservices-experiment-gateway-1,32.98,477731226,536870912,88.98,78,29.2MB / 38.6MB,37.7MB / 242kB
77,2026-09-10T09:50:30.316415+00:00,155,2026-09-10T09:50:29.946796+00:00,false,microservices,mysql,d591036059f06797e369be28c6a6cf2778317260a9ac2abd88a2ca2860eec9f4,tcc-microservices-experiment-mysql-1,25.34,534668902,1073741824,49.8,40,29.6MB / 94.8MB,46.1MB / 118MB
77,2026-09-10T09:50:30.316415+00:00,155,2026-09-10T09:50:29.946796+00:00,false,microservices,order,c27c5aa728bc0124d809bb264b287875d3bc255e3ac3de55ba488ab84deedaac,tcc-microservices-experiment-order-1,83.52,83110134,1073741824,7.74,3,115MB / 47.7MB,6.41MB / 3.09MB
77,2026-09-10T09:50:30.316415+00:00,155,2026-09-10T09:50:29.946796+00:00,false,microservices,product,2f892126de1eadfcf8af84b705e2257fddeacacfedc184cd80ea37707784190f,tcc-microservices-experiment-product-1,0.02,78664172,1073741824,7.33,3,416kB / 282kB,10.8MB / 81.9kB
78,2026-09-10T09:50:31.316394+00:00,157,2026-09-10T09:50:30.945430+00:00,false,microservices,auth,1f5053f72775f6b723e6fc607f712e196ed7bd5e7bcc811f3f091f26199864d9,tcc-microservices-experiment-auth-1,0.02,79240888,1073741824,7.38,3,45.7kB / 40.3kB,12MB / 65.5kB
78,2026-09-10T09:50:31.316394+00:00,157,2026-09-10T09:50:30.945430+00:00,false,microservices,gateway,59c3e451f7a36751c12c576d787f402f5b9bf07f41cd5e84e18ae12f934c0762,tcc-microservices-experiment-gateway-1,32.58,477521510,536870912,88.94,78,29.5MB / 39MB,37.7MB / 242kB
78,2026-09-10T09:50:31.316394+00:00,157,2026-09-10T09:50:30.945430+00:00,false,microservices,mysql,d591036059f06797e369be28c6a6cf2778317260a9ac2abd88a2ca2860eec9f4,tcc-microservices-experiment-mysql-1,22.51,534144614,1073741824,49.74,40,29.9MB / 95.7MB,46.1MB / 118MB
78,2026-09-10T09:50:31.316394+00:00,157,2026-09-10T09:50:30.945430+00:00,false,microservices,order,c27c5aa728bc0124d809bb264b287875d3bc255e3ac3de55ba488ab84deedaac,tcc-microservices-experiment-order-1,82.11,82743132,1073741824,7.71,3,116MB / 48.2MB,6.41MB / 3.09MB
78,2026-09-10T09:50:31.316394+00:00,157,2026-09-10T09:50:30.945430+00:00,false,microservices,product,2f892126de1eadfcf8af84b705e2257fddeacacfedc184cd80ea37707784190f,tcc-microservices-experiment-product-1,0.02,78664172,1073741824,7.33,3,416kB / 282kB,10.8MB / 81.9kB
79,2026-09-10T09:50:32.316406+00:00,159,2026-09-10T09:50:31.946302+00:00,false,microservices,auth,1f5053f72775f6b723e6fc607f712e196ed7bd5e7bcc811f3f091f26199864d9,tcc-microservices-experiment-auth-1,0.02,79240888,1073741824,7.38,3,45.7kB / 40.3kB,12MB / 65.5kB
79,2026-09-10T09:50:32.316406+00:00,159,2026-09-10T09:50:31.946302+00:00,false,microservices,gateway,59c3e451f7a36751c12c576d787f402f5b9bf07f41cd5e84e18ae12f934c0762,tcc-microservices-experiment-gateway-1,31.61,477311795,536870912,88.91,78,29.8MB / 39.4MB,37.7MB / 242kB
79,2026-09-10T09:50:32.316406+00:00,159,2026-09-10T09:50:31.946302+00:00,false,microservices,mysql,d591036059f06797e369be28c6a6cf2778317260a9ac2abd88a2ca2860eec9f4,tcc-microservices-experiment-mysql-1,27.4,534773760,1073741824,49.8,40,30.2MB / 96.6MB,46.1MB / 118MB
79,2026-09-10T09:50:32.316406+00:00,159,2026-09-10T09:50:31.946302+00:00,false,microservices,order,c27c5aa728bc0124d809bb264b287875d3bc255e3ac3de55ba488ab84deedaac,tcc-microservices-experiment-order-1,82.71,82418074,1073741824,7.68,3,117MB / 48.6MB,6.41MB / 3.09MB
79,2026-09-10T09:50:32.316406+00:00,159,2026-09-10T09:50:31.946302+00:00,false,microservices,product,2f892126de1eadfcf8af84b705e2257fddeacacfedc184cd80ea37707784190f,tcc-microservices-experiment-product-1,0.02,78664172,1073741824,7.33,3,416kB / 282kB,10.8MB / 81.9kB
80,2026-09-10T09:50:33.316419+00:00,161,2026-09-10T09:50:32.946238+00:00,false,microservices,auth,1f5053f72775f6b723e6fc607f712e196ed7bd5e7bcc811f3f091f26199864d9,tcc-microservices-experiment-auth-1,0.02,79240888,1073741824,7.38,3,45.7kB / 40.3kB,12MB / 65.5kB
80,2026-09-10T09:50:33.316419+00:00,161,2026-09-10T09:50:32.946238+00:00,false,microservices,gateway,59c3e451f7a36751c12c576d787f402f5b9bf07f41cd5e84e18ae12f934c0762,tcc-microservices-experiment-gateway-1,33.09,476892365,536870912,88.84,78,30.1MB / 39.8MB,37.7MB / 242kB
80,2026-09-10T09:50:33.316419+00:00,161,2026-09-10T09:50:32.946238+00:00,false,microservices,mysql,d591036059f06797e369be28c6a6cf2778317260a9ac2abd88a2ca2860eec9f4,tcc-microservices-experiment-mysql-1,20.66,534144614,1073741824,49.75,40,30.4MB / 97.5MB,46.1MB / 118MB
80,2026-09-10T09:50:33.316419+00:00,161,2026-09-10T09:50:32.946238+00:00,false,microservices,order,c27c5aa728bc0124d809bb264b287875d3bc255e3ac3de55ba488ab84deedaac,tcc-microservices-experiment-order-1,84.07,83204506,1073741824,7.75,3,118MB / 49.1MB,6.41MB / 3.09MB
80,2026-09-10T09:50:33.316419+00:00,161,2026-09-10T09:50:32.946238+00:00,false,microservices,product,2f892126de1eadfcf8af84b705e2257fddeacacfedc184cd80ea37707784190f,tcc-microservices-experiment-product-1,0.02,78664172,1073741824,7.33,3,416kB / 282kB,10.8MB / 81.9kB
81,2026-09-10T09:50:34.316388+00:00,163,2026-09-10T09:50:33.946189+00:00,false,microservices,auth,1f5053f72775f6b723e6fc607f712e196ed7bd5e7bcc811f3f091f26199864d9,tcc-microservices-experiment-auth-1,0.02,79240888,1073741824,7.38,3,45.7kB / 40.3kB,12MB / 65.5kB
81,2026-09-10T09:50:34.316388+00:00,163,2026-09-10T09:50:33.946189+00:00,false,microservices,gateway,59c3e451f7a36751c12c576d787f402f5b9bf07f41cd5e84e18ae12f934c0762,tcc-microservices-experiment-gateway-1,31.65,477521510,536870912,88.95,78,30.4MB / 40.2MB,37.7MB / 242kB
81,2026-09-10T09:50:34.316388+00:00,163,2026-09-10T09:50:33.946189+00:00,false,microservices,mysql,d591036059f06797e369be28c6a6cf2778317260a9ac2abd88a2ca2860eec9f4,tcc-microservices-experiment-mysql-1,26.79,534668902,1073741824,49.8,40,30.7MB / 98.4MB,46.1MB / 118MB
81,2026-09-10T09:50:34.316388+00:00,163,2026-09-10T09:50:33.946189+00:00,false,microservices,order,c27c5aa728bc0124d809bb264b287875d3bc255e3ac3de55ba488ab84deedaac,tcc-microservices-experiment-order-1,81.5,82617303,1073741824,7.69,3,119MB / 49.5MB,6.41MB / 3.09MB
81,2026-09-10T09:50:34.316388+00:00,163,2026-09-10T09:50:33.946189+00:00,false,microservices,product,2f892126de1eadfcf8af84b705e2257fddeacacfedc184cd80ea37707784190f,tcc-microservices-experiment-product-1,0.02,78664172,1073741824,7.33,3,416kB / 282kB,10.8MB / 81.9kB
82,2026-09-10T09:50:35.316397+00:00,165,2026-09-10T09:50:34.946915+00:00,false,microservices,auth,1f5053f72775f6b723e6fc607f712e196ed7bd5e7bcc811f3f091f26199864d9,tcc-microservices-experiment-auth-1,0.02,79240888,1073741824,7.38,3,45.7kB / 40.3kB,12MB / 65.5kB
82,2026-09-10T09:50:35.316397+00:00,165,2026-09-10T09:50:34.946915+00:00,false,microservices,gateway,59c3e451f7a36751c12c576d787f402f5b9bf07f41cd5e84e18ae12f934c0762,tcc-microservices-experiment-gateway-1,34.41,477102080,536870912,88.87,78,30.7MB / 40.6MB,37.7MB / 254kB
82,2026-09-10T09:50:35.316397+00:00,165,2026-09-10T09:50:34.946915+00:00,false,microservices,mysql,d591036059f06797e369be28c6a6cf2778317260a9ac2abd88a2ca2860eec9f4,tcc-microservices-experiment-mysql-1,21.9,533934899,1073741824,49.72,40,30.9MB / 99.3MB,46.1MB / 118MB
82,2026-09-10T09:50:35.316397+00:00,165,2026-09-10T09:50:34.946915+00:00,false,microservices,order,c27c5aa728bc0124d809bb264b287875d3bc255e3ac3de55ba488ab84deedaac,tcc-microservices-experiment-order-1,82.86,82407588,1073741824,7.67,3,120MB / 49.9MB,6.41MB / 3.09MB
82,2026-09-10T09:50:35.316397+00:00,165,2026-09-10T09:50:34.946915+00:00,false,microservices,product,2f892126de1eadfcf8af84b705e2257fddeacacfedc184cd80ea37707784190f,tcc-microservices-experiment-product-1,0.02,78664172,1073741824,7.33,3,416kB / 282kB,10.8MB / 81.9kB
83,2026-09-10T09:50:36.316423+00:00,167,2026-09-10T09:50:35.946242+00:00,false,microservices,auth,1f5053f72775f6b723e6fc607f712e196ed7bd5e7bcc811f3f091f26199864d9,tcc-microservices-experiment-auth-1,0.02,79240888,1073741824,7.38,3,45.7kB / 40.3kB,12MB / 65.5kB
83,2026-09-10T09:50:36.316423+00:00,167,2026-09-10T09:50:35.946242+00:00,false,microservices,gateway,59c3e451f7a36751c12c576d787f402f5b9bf07f41cd5e84e18ae12f934c0762,tcc-microservices-experiment-gateway-1,32.52,477940941,536870912,89.02,78,31MB / 41MB,37.7MB / 254kB
83,2026-09-10T09:50:36.316423+00:00,167,2026-09-10T09:50:35.946242+00:00,false,microservices,mysql,d591036059f06797e369be28c6a6cf2778317260a9ac2abd88a2ca2860eec9f4,tcc-microservices-experiment-mysql-1,26.71,534983475,1073741824,49.82,40,31.2MB / 100MB,46.1MB / 118MB
83,2026-09-10T09:50:36.316423+00:00,167,2026-09-10T09:50:35.946242+00:00,false,microservices,order,c27c5aa728bc0124d809bb264b287875d3bc255e3ac3de55ba488ab84deedaac,tcc-microservices-experiment-order-1,82.26,82994790,1073741824,7.73,3,121MB / 50.4MB,6.41MB / 3.09MB
83,2026-09-10T09:50:36.316423+00:00,167,2026-09-10T09:50:35.946242+00:00,false,microservices,product,2f892126de1eadfcf8af84b705e2257fddeacacfedc184cd80ea37707784190f,tcc-microservices-experiment-product-1,0.02,78664172,1073741824,7.33,3,416kB / 282kB,10.8MB / 81.9kB
84,2026-09-10T09:50:37.316396+00:00,169,2026-09-10T09:50:36.946381+00:00,false,microservices,auth,1f5053f72775f6b723e6fc607f712e196ed7bd5e7bcc811f3f091f26199864d9,tcc-microservices-experiment-auth-1,0.02,79240888,1073741824,7.38,3,45.7kB / 40.3kB,12MB / 65.5kB
84,2026-09-10T09:50:37.316396+00:00,169,2026-09-10T09:50:36.946381+00:00,false,microservices,gateway,59c3e451f7a36751c12c576d787f402f5b9bf07f41cd5e84e18ae12f934c0762,tcc-microservices-experiment-gateway-1,32.78,477626368,536870912,88.96,78,31.3MB / 41.4MB,37.7MB / 254kB
84,2026-09-10T09:50:37.316396+00:00,169,2026-09-10T09:50:36.946381+00:00,false,microservices,mysql,d591036059f06797e369be28c6a6cf2778317260a9ac2abd88a2ca2860eec9f4,tcc-microservices-experiment-mysql-1,21.76,534668902,1073741824,49.8,40,31.4MB / 101MB,46.1MB / 118MB
84,2026-09-10T09:50:37.316396+00:00,169,2026-09-10T09:50:36.946381+00:00,false,microservices,order,c27c5aa728bc0124d809bb264b287875d3bc255e3ac3de55ba488ab84deedaac,tcc-microservices-experiment-order-1,82.84,82176901,1073741824,7.65,3,123MB / 50.8MB,6.41MB / 3.09MB
84,2026-09-10T09:50:37.316396+00:00,169,2026-09-10T09:50:36.946381+00:00,false,microservices,product,2f892126de1eadfcf8af84b705e2257fddeacacfedc184cd80ea37707784190f,tcc-microservices-experiment-product-1,0.03,78664172,1073741824,7.33,3,416kB / 282kB,10.8MB / 81.9kB
85,2026-09-10T09:50:38.316402+00:00,171,2026-09-10T09:50:37.946211+00:00,false,microservices,auth,1f5053f72775f6b723e6fc607f712e196ed7bd5e7bcc811f3f091f26199864d9,tcc-microservices-experiment-auth-1,0.02,79240888,1073741824,7.38,3,45.7kB / 40.3kB,12MB / 65.5kB
85,2026-09-10T09:50:38.316402+00:00,171,2026-09-10T09:50:37.946211+00:00,false,microservices,gateway,59c3e451f7a36751c12c576d787f402f5b9bf07f41cd5e84e18ae12f934c0762,tcc-microservices-experiment-gateway-1,32.8,477836083,536870912,89.0,78,31.6MB / 41.8MB,37.7MB / 254kB
85,2026-09-10T09:50:38.316402+00:00,171,2026-09-10T09:50:37.946211+00:00,false,microservices,mysql,d591036059f06797e369be28c6a6cf2778317260a9ac2abd88a2ca2860eec9f4,tcc-microservices-experiment-mysql-1,26.16,535612621,1073741824,49.88,40,31.7MB / 102MB,46.1MB / 118MB
85,2026-09-10T09:50:38.316402+00:00,171,2026-09-10T09:50:37.946211+00:00,false,microservices,order,c27c5aa728bc0124d809bb264b287875d3bc255e3ac3de55ba488ab84deedaac,tcc-microservices-experiment-order-1,82.74,82690703,1073741824,7.7,3,124MB / 51.3MB,6.41MB / 3.09MB
85,2026-09-10T09:50:38.316402+00:00,171,2026-09-10T09:50:37.946211+00:00,false,microservices,product,2f892126de1eadfcf8af84b705e2257fddeacacfedc184cd80ea37707784190f,tcc-microservices-experiment-product-1,0.02,78664172,1073741824,7.33,3,416kB / 282kB,10.8MB / 81.9kB
86,2026-09-10T09:50:39.316417+00:00,173,2026-09-10T09:50:38.946365+00:00,false,microservices,auth,1f5053f72775f6b723e6fc607f712e196ed7bd5e7bcc811f3f091f26199864d9,tcc-microservices-experiment-auth-1,0.02,79240888,1073741824,7.38,3,45.7kB / 40.3kB,12MB / 65.5kB
86,2026-09-10T09:50:39.316417+00:00,173,2026-09-10T09:50:38.946365+00:00,false,microservices,gateway,59c3e451f7a36751c12c576d787f402f5b9bf07f41cd5e84e18ae12f934c0762,tcc-microservices-experiment-gateway-1,32.63,477416653,536870912,88.94,78,31.9MB / 42.2MB,37.7MB / 254kB
86,2026-09-10T09:50:39.316417+00:00,173,2026-09-10T09:50:38.946365+00:00,false,microservices,mysql,d591036059f06797e369be28c6a6cf2778317260a9ac2abd88a2ca2860eec9f4,tcc-microservices-experiment-mysql-1,23.08,534564045,1073741824,49.78,40,32MB / 103MB,46.1MB / 118MB
86,2026-09-10T09:50:39.316417+00:00,173,2026-09-10T09:50:38.946365+00:00,false,microservices,order,c27c5aa728bc0124d809bb264b287875d3bc255e3ac3de55ba488ab84deedaac,tcc-microservices-experiment-order-1,81.55,81925243,1073741824,7.63,3,125MB / 51.7MB,6.41MB / 3.09MB
86,2026-09-10T09:50:39.316417+00:00,173,2026-09-10T09:50:38.946365+00:00,false,microservices,product,2f892126de1eadfcf8af84b705e2257fddeacacfedc184cd80ea37707784190f,tcc-microservices-experiment-product-1,0.02,78664172,1073741824,7.33,3,416kB / 282kB,10.8MB / 81.9kB
87,2026-09-10T09:50:40.316387+00:00,175,2026-09-10T09:50:39.945708+00:00,false,microservices,auth,1f5053f72775f6b723e6fc607f712e196ed7bd5e7bcc811f3f091f26199864d9,tcc-microservices-experiment-auth-1,0.02,79240888,1073741824,7.38,3,45.7kB / 40.3kB,12MB / 65.5kB
87,2026-09-10T09:50:40.316387+00:00,175,2026-09-10T09:50:39.945708+00:00,false,microservices,gateway,59c3e451f7a36751c12c576d787f402f5b9bf07f41cd5e84e18ae12f934c0762,tcc-microservices-experiment-gateway-1,32.59,477102080,536870912,88.87,78,32.2MB / 42.5MB,37.7MB / 254kB
87,2026-09-10T09:50:40.316387+00:00,175,2026-09-10T09:50:39.945708+00:00,false,microservices,mysql,d591036059f06797e369be28c6a6cf2778317260a9ac2abd88a2ca2860eec9f4,tcc-microservices-experiment-mysql-1,27.09,535402906,1073741824,49.86,40,32.2MB / 104MB,46.1MB / 118MB
87,2026-09-10T09:50:40.316387+00:00,175,2026-09-10T09:50:39.945708+00:00,false,microservices,order,c27c5aa728bc0124d809bb264b287875d3bc255e3ac3de55ba488ab84deedaac,tcc-microservices-experiment-order-1,82.05,82785075,1073741824,7.71,3,126MB / 52.2MB,6.41MB / 3.09MB
87,2026-09-10T09:50:40.316387+00:00,175,2026-09-10T09:50:39.945708+00:00,false,microservices,product,2f892126de1eadfcf8af84b705e2257fddeacacfedc184cd80ea37707784190f,tcc-microservices-experiment-product-1,0.02,78664172,1073741824,7.33,3,416kB / 282kB,10.8MB / 81.9kB
88,2026-09-10T09:50:41.316395+00:00,177,2026-09-10T09:50:40.946800+00:00,false,microservices,auth,1f5053f72775f6b723e6fc607f712e196ed7bd5e7bcc811f3f091f26199864d9,tcc-microservices-experiment-auth-1,0.02,79240888,1073741824,7.38,3,45.7kB / 40.3kB,12MB / 65.5kB
88,2026-09-10T09:50:41.316395+00:00,177,2026-09-10T09:50:40.946800+00:00,false,microservices,gateway,59c3e451f7a36751c12c576d787f402f5b9bf07f41cd5e84e18ae12f934c0762,tcc-microservices-experiment-gateway-1,34.59,477416653,536870912,88.92,78,32.5MB / 42.9MB,37.7MB / 254kB
88,2026-09-10T09:50:41.316395+00:00,177,2026-09-10T09:50:40.946800+00:00,false,microservices,mysql,d591036059f06797e369be28c6a6cf2778317260a9ac2abd88a2ca2860eec9f4,tcc-microservices-experiment-mysql-1,22.85,534983475,1073741824,49.83,40,32.5MB / 105MB,46.1MB / 118MB
88,2026-09-10T09:50:41.316395+00:00,177,2026-09-10T09:50:40.946800+00:00,false,microservices,order,c27c5aa728bc0124d809bb264b287875d3bc255e3ac3de55ba488ab84deedaac,tcc-microservices-experiment-order-1,81.44,83026248,1073741824,7.73,3,127MB / 52.6MB,6.41MB / 3.09MB
88,2026-09-10T09:50:41.316395+00:00,177,2026-09-10T09:50:40.946800+00:00,false,microservices,product,2f892126de1eadfcf8af84b705e2257fddeacacfedc184cd80ea37707784190f,tcc-microservices-experiment-product-1,0.02,78664172,1073741824,7.33,3,416kB / 282kB,10.8MB / 81.9kB
89,2026-09-10T09:50:42.316403+00:00,179,2026-09-10T09:50:41.946293+00:00,false,microservices,auth,1f5053f72775f6b723e6fc607f712e196ed7bd5e7bcc811f3f091f26199864d9,tcc-microservices-experiment-auth-1,0.02,79240888,1073741824,7.38,3,45.7kB / 40.3kB,12MB / 65.5kB
89,2026-09-10T09:50:42.316403+00:00,179,2026-09-10T09:50:41.946293+00:00,false,microservices,gateway,59c3e451f7a36751c12c576d787f402f5b9bf07f41cd5e84e18ae12f934c0762,tcc-microservices-experiment-gateway-1,35.02,476997222,536870912,88.85,78,32.8MB / 43.3MB,37.7MB / 254kB
89,2026-09-10T09:50:42.316403+00:00,179,2026-09-10T09:50:41.946293+00:00,false,microservices,mysql,d591036059f06797e369be28c6a6cf2778317260a9ac2abd88a2ca2860eec9f4,tcc-microservices-experiment-mysql-1,25.86,542847795,1073741824,50.56,41,32.7MB / 106MB,46.1MB / 118MB
89,2026-09-10T09:50:42.316403+00:00,179,2026-09-10T09:50:41.946293+00:00,false,microservices,order,c27c5aa728bc0124d809bb264b287875d3bc255e3ac3de55ba488ab84deedaac,tcc-microservices-experiment-order-1,82.84,82942362,1073741824,7.72,3,128MB / 53MB,6.41MB / 3.09MB
89,2026-09-10T09:50:42.316403+00:00,179,2026-09-10T09:50:41.946293+00:00,false,microservices,product,2f892126de1eadfcf8af84b705e2257fddeacacfedc184cd80ea37707784190f,tcc-microservices-experiment-product-1,0.02,78664172,1073741824,7.33,3,416kB / 282kB,10.8MB / 81.9kB
90,2026-09-10T09:50:43.316426+00:00,181,2026-09-10T09:50:42.944796+00:00,false,microservices,auth,1f5053f72775f6b723e6fc607f712e196ed7bd5e7bcc811f3f091f26199864d9,tcc-microservices-experiment-auth-1,0.02,79240888,1073741824,7.38,3,45.7kB / 40.3kB,12MB / 65.5kB
90,2026-09-10T09:50:43.316426+00:00,181,2026-09-10T09:50:42.944796+00:00,false,microservices,gateway,59c3e451f7a36751c12c576d787f402f5b9bf07f41cd5e84e18ae12f934c0762,tcc-microservices-experiment-gateway-1,31.28,477416653,536870912,88.92,78,33.1MB / 43.7MB,37.7MB / 254kB
90,2026-09-10T09:50:43.316426+00:00,181,2026-09-10T09:50:42.944796+00:00,false,microservices,mysql,d591036059f06797e369be28c6a6cf2778317260a9ac2abd88a2ca2860eec9f4,tcc-microservices-experiment-mysql-1,23.48,534354330,1073741824,49.77,40,33MB / 107MB,46.1MB / 118MB
90,2026-09-10T09:50:43.316426+00:00,181,2026-09-10T09:50:42.944796+00:00,false,microservices,order,c27c5aa728bc0124d809bb264b287875d3bc255e3ac3de55ba488ab84deedaac,tcc-microservices-experiment-order-1,81.73,82617303,1073741824,7.69,3,129MB / 53.5MB,6.41MB / 3.09MB
90,2026-09-10T09:50:43.316426+00:00,181,2026-09-10T09:50:42.944796+00:00,false,microservices,product,2f892126de1eadfcf8af84b705e2257fddeacacfedc184cd80ea37707784190f,tcc-microservices-experiment-product-1,0.02,78664172,1073741824,7.33,3,416kB / 282kB,10.8MB / 81.9kB
91,2026-09-10T09:50:44.316431+00:00,183,2026-09-10T09:50:43.947068+00:00,false,microservices,auth,1f5053f72775f6b723e6fc607f712e196ed7bd5e7bcc811f3f091f26199864d9,tcc-microservices-experiment-auth-1,0.02,79240888,1073741824,7.38,3,45.7kB / 40.3kB,12MB / 65.5kB
91,2026-09-10T09:50:44.316431+00:00,183,2026-09-10T09:50:43.947068+00:00,false,microservices,gateway,59c3e451f7a36751c12c576d787f402f5b9bf07f41cd5e84e18ae12f934c0762,tcc-microservices-experiment-gateway-1,32.25,476787507,536870912,88.8,78,33.4MB / 44.1MB,37.7MB / 254kB
91,2026-09-10T09:50:44.316431+00:00,183,2026-09-10T09:50:43.947068+00:00,false,microservices,mysql,d591036059f06797e369be28c6a6cf2778317260a9ac2abd88a2ca2860eec9f4,tcc-microservices-experiment-mysql-1,24.14,537395200,1073741824,50.05,46,33.2MB / 108MB,46.1MB / 118MB
91,2026-09-10T09:50:44.316431+00:00,183,2026-09-10T09:50:43.947068+00:00,false,microservices,order,c27c5aa728bc0124d809bb264b287875d3bc255e3ac3de55ba488ab84deedaac,tcc-microservices-experiment-order-1,80.68,82512445,1073741824,7.68,3,130MB / 53.9MB,6.41MB / 3.09MB
91,2026-09-10T09:50:44.316431+00:00,183,2026-09-10T09:50:43.947068+00:00,false,microservices,product,2f892126de1eadfcf8af84b705e2257fddeacacfedc184cd80ea37707784190f,tcc-microservices-experiment-product-1,0.02,78664172,1073741824,7.33,3,416kB / 282kB,10.8MB / 81.9kB
92,2026-09-10T09:50:45.316402+00:00,185,2026-09-10T09:50:44.946288+00:00,false,microservices,auth,1f5053f72775f6b723e6fc607f712e196ed7bd5e7bcc811f3f091f26199864d9,tcc-microservices-experiment-auth-1,0.02,79240888,1073741824,7.38,3,45.7kB / 40.3kB,12MB / 65.5kB
92,2026-09-10T09:50:45.316402+00:00,185,2026-09-10T09:50:44.946288+00:00,false,microservices,gateway,59c3e451f7a36751c12c576d787f402f5b9bf07f41cd5e84e18ae12f934c0762,tcc-microservices-experiment-gateway-1,31.31,477940941,536870912,89.02,78,33.7MB / 44.5MB,37.7MB / 254kB
92,2026-09-10T09:50:45.316402+00:00,185,2026-09-10T09:50:44.946288+00:00,false,microservices,mysql,d591036059f06797e369be28c6a6cf2778317260a9ac2abd88a2ca2860eec9f4,tcc-microservices-experiment-mysql-1,27.28,535193190,1073741824,49.84,40,33.5MB / 108MB,46.1MB / 118MB
92,2026-09-10T09:50:45.316402+00:00,185,2026-09-10T09:50:44.946288+00:00,false,microservices,order,c27c5aa728bc0124d809bb264b287875d3bc255e3ac3de55ba488ab84deedaac,tcc-microservices-experiment-order-1,81.11,82743132,1073741824,7.71,3,131MB / 54.4MB,6.41MB / 3.09MB
92,2026-09-10T09:50:45.316402+00:00,185,2026-09-10T09:50:44.946288+00:00,false,microservices,product,2f892126de1eadfcf8af84b705e2257fddeacacfedc184cd80ea37707784190f,tcc-microservices-experiment-product-1,0.01,78664172,1073741824,7.33,3,416kB / 282kB,10.8MB / 81.9kB
93,2026-09-10T09:50:46.316401+00:00,187,2026-09-10T09:50:45.946255+00:00,false,microservices,auth,1f5053f72775f6b723e6fc607f712e196ed7bd5e7bcc811f3f091f26199864d9,tcc-microservices-experiment-auth-1,0.02,79240888,1073741824,7.38,3,45.7kB / 40.3kB,12MB / 65.5kB
93,2026-09-10T09:50:46.316401+00:00,187,2026-09-10T09:50:45.946255+00:00,false,microservices,gateway,59c3e451f7a36751c12c576d787f402f5b9bf07f41cd5e84e18ae12f934c0762,tcc-microservices-experiment-gateway-1,31.37,476997222,536870912,88.84,78,34MB / 44.9MB,37.7MB / 254kB
93,2026-09-10T09:50:46.316401+00:00,187,2026-09-10T09:50:45.946255+00:00,false,microservices,mysql,d591036059f06797e369be28c6a6cf2778317260a9ac2abd88a2ca2860eec9f4,tcc-microservices-experiment-mysql-1,22.99,534983475,1073741824,49.82,40,33.7MB / 109MB,46.1MB / 118MB
93,2026-09-10T09:50:46.316401+00:00,187,2026-09-10T09:50:45.946255+00:00,false,microservices,order,c27c5aa728bc0124d809bb264b287875d3bc255e3ac3de55ba488ab84deedaac,tcc-microservices-experiment-order-1,81.65,83498107,1073741824,7.78,3,133MB / 54.8MB,6.41MB / 3.58MB
93,2026-09-10T09:50:46.316401+00:00,187,2026-09-10T09:50:45.946255+00:00,false,microservices,product,2f892126de1eadfcf8af84b705e2257fddeacacfedc184cd80ea37707784190f,tcc-microservices-experiment-product-1,0.02,78664172,1073741824,7.33,3,416kB / 282kB,10.8MB / 81.9kB
94,2026-09-10T09:50:47.316398+00:00,189,2026-09-10T09:50:46.946421+00:00,false,microservices,auth,1f5053f72775f6b723e6fc607f712e196ed7bd5e7bcc811f3f091f26199864d9,tcc-microservices-experiment-auth-1,0.02,79240888,1073741824,7.38,3,45.7kB / 40.3kB,12MB / 65.5kB
94,2026-09-10T09:50:47.316398+00:00,189,2026-09-10T09:50:46.946421+00:00,false,microservices,gateway,59c3e451f7a36751c12c576d787f402f5b9bf07f41cd5e84e18ae12f934c0762,tcc-microservices-experiment-gateway-1,33.81,476787507,536870912,88.8,78,34.3MB / 45.3MB,37.7MB / 254kB
94,2026-09-10T09:50:47.316398+00:00,189,2026-09-10T09:50:46.946421+00:00,false,microservices,mysql,d591036059f06797e369be28c6a6cf2778317260a9ac2abd88a2ca2860eec9f4,tcc-microservices-experiment-mysql-1,27.73,534459187,1073741824,49.78,40,34MB / 110MB,46.1MB / 118MB
94,2026-09-10T09:50:47.316398+00:00,189,2026-09-10T09:50:46.946421+00:00,false,microservices,order,c27c5aa728bc0124d809bb264b287875d3bc255e3ac3de55ba488ab84deedaac,tcc-microservices-experiment-order-1,81.96,82910904,1073741824,7.72,3,134MB / 55.3MB,6.41MB / 3.58MB
94,2026-09-10T09:50:47.316398+00:00,189,2026-09-10T09:50:46.946421+00:00,false,microservices,product,2f892126de1eadfcf8af84b705e2257fddeacacfedc184cd80ea37707784190f,tcc-microservices-experiment-product-1,0.02,78664172,1073741824,7.33,3,416kB / 282kB,10.8MB / 81.9kB
95,2026-09-10T09:50:48.316396+00:00,191,2026-09-10T09:50:47.946253+00:00,false,microservices,auth,1f5053f72775f6b723e6fc607f712e196ed7bd5e7bcc811f3f091f26199864d9,tcc-microservices-experiment-auth-1,0.02,79240888,1073741824,7.38,3,45.7kB / 40.3kB,12MB / 65.5kB
95,2026-09-10T09:50:48.316396+00:00,191,2026-09-10T09:50:47.946253+00:00,false,microservices,gateway,59c3e451f7a36751c12c576d787f402f5b9bf07f41cd5e84e18ae12f934c0762,tcc-microservices-experiment-gateway-1,32.68,477311795,536870912,88.91,78,34.6MB / 45.7MB,37.7MB / 254kB
95,2026-09-10T09:50:48.316396+00:00,191,2026-09-10T09:50:47.946253+00:00,false,microservices,mysql,d591036059f06797e369be28c6a6cf2778317260a9ac2abd88a2ca2860eec9f4,tcc-microservices-experiment-mysql-1,23.47,534039757,1073741824,49.74,40,34.3MB / 111MB,46.1MB / 118MB
95,2026-09-10T09:50:48.316396+00:00,191,2026-09-10T09:50:47.946253+00:00,false,microservices,order,c27c5aa728bc0124d809bb264b287875d3bc255e3ac3de55ba488ab84deedaac,tcc-microservices-experiment-order-1,82.17,83235963,1073741824,7.75,3,135MB / 55.7MB,6.41MB / 3.58MB
95,2026-09-10T09:50:48.316396+00:00,191,2026-09-10T09:50:47.946253+00:00,false,microservices,product,2f892126de1eadfcf8af84b705e2257fddeacacfedc184cd80ea37707784190f,tcc-microservices-experiment-product-1,0.02,78664172,1073741824,7.33,3,416kB / 282kB,10.8MB / 81.9kB
96,2026-09-10T09:50:49.316394+00:00,193,2026-09-10T09:50:48.944756+00:00,false,microservices,auth,1f5053f72775f6b723e6fc607f712e196ed7bd5e7bcc811f3f091f26199864d9,tcc-microservices-experiment-auth-1,0.02,79240888,1073741824,7.38,3,45.7kB / 40.3kB,12MB / 65.5kB
96,2026-09-10T09:50:49.316394+00:00,193,2026-09-10T09:50:48.944756+00:00,false,microservices,gateway,59c3e451f7a36751c12c576d787f402f5b9bf07f41cd5e84e18ae12f934c0762,tcc-microservices-experiment-gateway-1,31.28,476577792,536870912,88.77,78,34.9MB / 46.1MB,37.7MB / 254kB
96,2026-09-10T09:50:49.316394+00:00,193,2026-09-10T09:50:48.944756+00:00,false,microservices,mysql,d591036059f06797e369be28c6a6cf2778317260a9ac2abd88a2ca2860eec9f4,tcc-microservices-experiment-mysql-1,27.26,534249472,1073741824,49.76,40,34.5MB / 112MB,46.1MB / 118MB
96,2026-09-10T09:50:49.316394+00:00,193,2026-09-10T09:50:48.944756+00:00,false,microservices,order,c27c5aa728bc0124d809bb264b287875d3bc255e3ac3de55ba488ab84deedaac,tcc-microservices-experiment-order-1,81.48,83319849,1073741824,7.76,3,136MB / 56.1MB,6.41MB / 3.58MB
96,2026-09-10T09:50:49.316394+00:00,193,2026-09-10T09:50:48.944756+00:00,false,microservices,product,2f892126de1eadfcf8af84b705e2257fddeacacfedc184cd80ea37707784190f,tcc-microservices-experiment-product-1,0.02,78664172,1073741824,7.33,3,416kB / 282kB,10.8MB / 81.9kB
97,2026-09-10T09:50:50.316383+00:00,195,2026-09-10T09:50:49.946214+00:00,false,microservices,auth,1f5053f72775f6b723e6fc607f712e196ed7bd5e7bcc811f3f091f26199864d9,tcc-microservices-experiment-auth-1,0.02,79240888,1073741824,7.38,3,45.7kB / 40.3kB,12MB / 65.5kB
97,2026-09-10T09:50:50.316383+00:00,195,2026-09-10T09:50:49.946214+00:00,false,microservices,gateway,59c3e451f7a36751c12c576d787f402f5b9bf07f41cd5e84e18ae12f934c0762,tcc-microservices-experiment-gateway-1,33.03,476787507,536870912,88.82,78,35.2MB / 46.5MB,37.7MB / 266kB
97,2026-09-10T09:50:50.316383+00:00,195,2026-09-10T09:50:49.946214+00:00,false,microservices,mysql,d591036059f06797e369be28c6a6cf2778317260a9ac2abd88a2ca2860eec9f4,tcc-microservices-experiment-mysql-1,21.37,534249472,1073741824,49.75,40,34.8MB / 113MB,46.1MB / 118MB
97,2026-09-10T09:50:50.316383+00:00,195,2026-09-10T09:50:49.946214+00:00,false,microservices,order,c27c5aa728bc0124d809bb264b287875d3bc255e3ac3de55ba488ab84deedaac,tcc-microservices-experiment-order-1,83.13,82795561,1073741824,7.71,3,137MB / 56.6MB,6.41MB / 3.58MB
97,2026-09-10T09:50:50.316383+00:00,195,2026-09-10T09:50:49.946214+00:00,false,microservices,product,2f892126de1eadfcf8af84b705e2257fddeacacfedc184cd80ea37707784190f,tcc-microservices-experiment-product-1,0.02,78664172,1073741824,7.33,3,416kB / 282kB,10.8MB / 81.9kB
98,2026-09-10T09:50:51.316396+00:00,197,2026-09-10T09:50:50.945415+00:00,false,microservices,auth,1f5053f72775f6b723e6fc607f712e196ed7bd5e7bcc811f3f091f26199864d9,tcc-microservices-experiment-auth-1,0.02,79240888,1073741824,7.38,3,45.7kB / 40.3kB,12MB / 65.5kB
98,2026-09-10T09:50:51.316396+00:00,197,2026-09-10T09:50:50.945415+00:00,false,microservices,gateway,59c3e451f7a36751c12c576d787f402f5b9bf07f41cd5e84e18ae12f934c0762,tcc-microservices-experiment-gateway-1,31.82,477311795,536870912,88.91,78,35.5MB / 46.9MB,37.7MB / 266kB
98,2026-09-10T09:50:51.316396+00:00,197,2026-09-10T09:50:50.945415+00:00,false,microservices,mysql,d591036059f06797e369be28c6a6cf2778317260a9ac2abd88a2ca2860eec9f4,tcc-microservices-experiment-mysql-1,28.03,534668902,1073741824,49.79,40,35MB / 114MB,46.1MB / 118MB
98,2026-09-10T09:50:51.316396+00:00,197,2026-09-10T09:50:50.945415+00:00,false,microservices,order,c27c5aa728bc0124d809bb264b287875d3bc255e3ac3de55ba488ab84deedaac,tcc-microservices-experiment-order-1,80.82,83487621,1073741824,7.78,3,138MB / 57.1MB,6.41MB / 3.58MB
98,2026-09-10T09:50:51.316396+00:00,197,2026-09-10T09:50:50.945415+00:00,false,microservices,product,2f892126de1eadfcf8af84b705e2257fddeacacfedc184cd80ea37707784190f,tcc-microservices-experiment-product-1,0.01,78664172,1073741824,7.33,3,416kB / 282kB,10.8MB / 81.9kB
99,2026-09-10T09:50:52.316386+00:00,199,2026-09-10T09:50:51.946960+00:00,false,microservices,auth,1f5053f72775f6b723e6fc607f712e196ed7bd5e7bcc811f3f091f26199864d9,tcc-microservices-experiment-auth-1,0.02,79240888,1073741824,7.38,3,45.7kB / 40.3kB,12MB / 65.5kB
99,2026-09-10T09:50:52.316386+00:00,199,2026-09-10T09:50:51.946960+00:00,false,microservices,gateway,59c3e451f7a36751c12c576d787f402f5b9bf07f41cd5e84e18ae12f934c0762,tcc-microservices-experiment-gateway-1,31.63,477102080,536870912,88.86,78,35.8MB / 47.3MB,37.7MB / 266kB
99,2026-09-10T09:50:52.316386+00:00,199,2026-09-10T09:50:51.946960+00:00,false,microservices,mysql,d591036059f06797e369be28c6a6cf2778317260a9ac2abd88a2ca2860eec9f4,tcc-microservices-experiment-mysql-1,23.8,533934899,1073741824,49.73,40,35.3MB / 115MB,46.1MB / 118MB
99,2026-09-10T09:50:52.316386+00:00,199,2026-09-10T09:50:51.946960+00:00,false,microservices,order,c27c5aa728bc0124d809bb264b287875d3bc255e3ac3de55ba488ab84deedaac,tcc-microservices-experiment-order-1,80.65,83225477,1073741824,7.75,3,139MB / 57.5MB,6.41MB / 3.58MB
99,2026-09-10T09:50:52.316386+00:00,199,2026-09-10T09:50:51.946960+00:00,false,microservices,product,2f892126de1eadfcf8af84b705e2257fddeacacfedc184cd80ea37707784190f,tcc-microservices-experiment-product-1,0.02,78664172,1073741824,7.33,3,416kB / 282kB,10.8MB / 81.9kB
100,2026-09-10T09:50:53.316402+00:00,201,2026-09-10T09:50:52.945379+00:00,false,microservices,auth,1f5053f72775f6b723e6fc607f712e196ed7bd5e7bcc811f3f091f26199864d9,tcc-microservices-experiment-auth-1,0.02,79240888,1073741824,7.38,3,45.7kB / 40.3kB,12MB / 65.5kB
100,2026-09-10T09:50:53.316402+00:00,201,2026-09-10T09:50:52.945379+00:00,false,microservices,gateway,59c3e451f7a36751c12c576d787f402f5b9bf07f41cd5e84e18ae12f934c0762,tcc-microservices-experiment-gateway-1,32.23,477416653,536870912,88.93,78,36.1MB / 47.7MB,37.7MB / 266kB
100,2026-09-10T09:50:53.316402+00:00,201,2026-09-10T09:50:52.945379+00:00,false,microservices,mysql,d591036059f06797e369be28c6a6cf2778317260a9ac2abd88a2ca2860eec9f4,tcc-microservices-experiment-mysql-1,27.21,535298048,1073741824,49.85,40,35.6MB / 116MB,46.1MB / 118MB
100,2026-09-10T09:50:53.316402+00:00,201,2026-09-10T09:50:52.945379+00:00,false,microservices,order,c27c5aa728bc0124d809bb264b287875d3bc255e3ac3de55ba488ab84deedaac,tcc-microservices-experiment-order-1,81.66,82879447,1073741824,7.72,3,140MB / 57.9MB,6.41MB / 3.58MB
100,2026-09-10T09:50:53.316402+00:00,201,2026-09-10T09:50:52.945379+00:00,false,microservices,product,2f892126de1eadfcf8af84b705e2257fddeacacfedc184cd80ea37707784190f,tcc-microservices-experiment-product-1,0.02,78664172,1073741824,7.33,3,416kB / 282kB,10.8MB / 81.9kB
101,2026-09-10T09:50:54.316407+00:00,203,2026-09-10T09:50:53.946375+00:00,false,microservices,auth,1f5053f72775f6b723e6fc607f712e196ed7bd5e7bcc811f3f091f26199864d9,tcc-microservices-experiment-auth-1,0.02,79240888,1073741824,7.38,3,45.7kB / 40.3kB,12MB / 65.5kB
101,2026-09-10T09:50:54.316407+00:00,203,2026-09-10T09:50:53.946375+00:00,false,microservices,gateway,59c3e451f7a36751c12c576d787f402f5b9bf07f41cd5e84e18ae12f934c0762,tcc-microservices-experiment-gateway-1,32.83,477626368,536870912,88.96,78,36.4MB / 48.1MB,37.7MB / 266kB
101,2026-09-10T09:50:54.316407+00:00,203,2026-09-10T09:50:53.946375+00:00,false,microservices,mysql,d591036059f06797e369be28c6a6cf2778317260a9ac2abd88a2ca2860eec9f4,tcc-microservices-experiment-mysql-1,23.06,534144614,1073741824,49.74,40,35.8MB / 117MB,46.1MB / 118MB
101,2026-09-10T09:50:54.316407+00:00,203,2026-09-10T09:50:53.946375+00:00,false,microservices,order,c27c5aa728bc0124d809bb264b287875d3bc255e3ac3de55ba488ab84deedaac,tcc-microservices-experiment-order-1,81.51,83036733,1073741824,7.73,3,142MB / 58.4MB,6.41MB / 3.58MB
101,2026-09-10T09:50:54.316407+00:00,203,2026-09-10T09:50:53.946375+00:00,false,microservices,product,2f892126de1eadfcf8af84b705e2257fddeacacfedc184cd80ea37707784190f,tcc-microservices-experiment-product-1,0.02,78664172,1073741824,7.33,3,416kB / 282kB,10.8MB / 81.9kB
102,2026-09-10T09:50:55.316399+00:00,205,2026-09-10T09:50:54.946267+00:00,false,microservices,auth,1f5053f72775f6b723e6fc607f712e196ed7bd5e7bcc811f3f091f26199864d9,tcc-microservices-experiment-auth-1,0.02,79240888,1073741824,7.38,3,45.7kB / 40.3kB,12MB / 65.5kB
102,2026-09-10T09:50:55.316399+00:00,205,2026-09-10T09:50:54.946267+00:00,false,microservices,gateway,59c3e451f7a36751c12c576d787f402f5b9bf07f41cd5e84e18ae12f934c0762,tcc-microservices-experiment-gateway-1,30.74,477206938,536870912,88.89,78,36.7MB / 48.5MB,37.7MB / 266kB
102,2026-09-10T09:50:55.316399+00:00,205,2026-09-10T09:50:54.946267+00:00,false,microservices,mysql,d591036059f06797e369be28c6a6cf2778317260a9ac2abd88a2ca2860eec9f4,tcc-microservices-experiment-mysql-1,27.41,534983475,1073741824,49.82,40,36.1MB / 118MB,46.1MB / 118MB
102,2026-09-10T09:50:55.316399+00:00,205,2026-09-10T09:50:54.946267+00:00,false,microservices,order,c27c5aa728bc0124d809bb264b287875d3bc255e3ac3de55ba488ab84deedaac,tcc-microservices-experiment-order-1,81.15,83141591,1073741824,7.74,3,143MB / 58.8MB,6.41MB / 3.58MB
102,2026-09-10T09:50:55.316399+00:00,205,2026-09-10T09:50:54.946267+00:00,false,microservices,product,2f892126de1eadfcf8af84b705e2257fddeacacfedc184cd80ea37707784190f,tcc-microservices-experiment-product-1,0.02,78664172,1073741824,7.33,3,416kB / 282kB,10.8MB / 81.9kB
103,2026-09-10T09:50:56.316418+00:00,207,2026-09-10T09:50:55.946338+00:00,false,microservices,auth,1f5053f72775f6b723e6fc607f712e196ed7bd5e7bcc811f3f091f26199864d9,tcc-microservices-experiment-auth-1,0.02,79240888,1073741824,7.38,3,45.7kB / 40.3kB,12MB / 65.5kB
103,2026-09-10T09:50:56.316418+00:00,207,2026-09-10T09:50:55.946338+00:00,false,microservices,gateway,59c3e451f7a36751c12c576d787f402f5b9bf07f41cd5e84e18ae12f934c0762,tcc-microservices-experiment-gateway-1,31.68,477206938,536870912,88.9,78,37MB / 48.9MB,37.7MB / 266kB
103,2026-09-10T09:50:56.316418+00:00,207,2026-09-10T09:50:55.946338+00:00,false,microservices,mysql,d591036059f06797e369be28c6a6cf2778317260a9ac2abd88a2ca2860eec9f4,tcc-microservices-experiment-mysql-1,22.5,534459187,1073741824,49.78,40,36.3MB / 118MB,46.1MB / 118MB
103,2026-09-10T09:50:56.316418+00:00,207,2026-09-10T09:50:55.946338+00:00,false,microservices,order,c27c5aa728bc0124d809bb264b287875d3bc255e3ac3de55ba488ab84deedaac,tcc-microservices-experiment-order-1,81.48,83214991,1073741824,7.75,3,144MB / 59.3MB,6.41MB / 3.58MB
103,2026-09-10T09:50:56.316418+00:00,207,2026-09-10T09:50:55.946338+00:00,false,microservices,product,2f892126de1eadfcf8af84b705e2257fddeacacfedc184cd80ea37707784190f,tcc-microservices-experiment-product-1,0.03,78664172,1073741824,7.33,3,416kB / 282kB,10.8MB / 81.9kB
104,2026-09-10T09:50:57.316396+00:00,209,2026-09-10T09:50:56.946200+00:00,false,microservices,auth,1f5053f72775f6b723e6fc607f712e196ed7bd5e7bcc811f3f091f26199864d9,tcc-microservices-experiment-auth-1,0.02,79240888,1073741824,7.38,3,45.7kB / 40.3kB,12MB / 65.5kB
104,2026-09-10T09:50:57.316396+00:00,209,2026-09-10T09:50:56.946200+00:00,false,microservices,gateway,59c3e451f7a36751c12c576d787f402f5b9bf07f41cd5e84e18ae12f934c0762,tcc-microservices-experiment-gateway-1,32.06,477311795,536870912,88.9,78,37.3MB / 49.3MB,37.7MB / 266kB
104,2026-09-10T09:50:57.316396+00:00,209,2026-09-10T09:50:56.946200+00:00,false,microservices,mysql,d591036059f06797e369be28c6a6cf2778317260a9ac2abd88a2ca2860eec9f4,tcc-microservices-experiment-mysql-1,26.85,535193190,1073741824,49.85,40,36.6MB / 119MB,46.1MB / 118MB
104,2026-09-10T09:50:57.316396+00:00,209,2026-09-10T09:50:56.946200+00:00,false,microservices,order,c27c5aa728bc0124d809bb264b287875d3bc255e3ac3de55ba488ab84deedaac,tcc-microservices-experiment-order-1,81.92,83487621,1073741824,7.78,3,145MB / 59.7MB,6.41MB / 3.58MB
104,2026-09-10T09:50:57.316396+00:00,209,2026-09-10T09:50:56.946200+00:00,false,microservices,product,2f892126de1eadfcf8af84b705e2257fddeacacfedc184cd80ea37707784190f,tcc-microservices-experiment-product-1,0.02,78664172,1073741824,7.33,3,416kB / 282kB,10.8MB / 81.9kB
105,2026-09-10T09:50:58.316418+00:00,211,2026-09-10T09:50:57.945675+00:00,false,microservices,auth,1f5053f72775f6b723e6fc607f712e196ed7bd5e7bcc811f3f091f26199864d9,tcc-microservices-experiment-auth-1,0.02,79240888,1073741824,7.38,3,45.7kB / 40.3kB,12MB / 65.5kB
105,2026-09-10T09:50:58.316418+00:00,211,2026-09-10T09:50:57.945675+00:00,false,microservices,gateway,59c3e451f7a36751c12c576d787f402f5b9bf07f41cd5e84e18ae12f934c0762,tcc-microservices-experiment-gateway-1,34.61,478255514,536870912,89.09,78,37.6MB / 49.6MB,37.7MB / 266kB
105,2026-09-10T09:50:58.316418+00:00,211,2026-09-10T09:50:57.945675+00:00,false,microservices,mysql,d591036059f06797e369be28c6a6cf2778317260a9ac2abd88a2ca2860eec9f4,tcc-microservices-experiment-mysql-1,23.36,534668902,1073741824,49.79,40,36.8MB / 120MB,46.1MB / 118MB
105,2026-09-10T09:50:58.316418+00:00,211,2026-09-10T09:50:57.945675+00:00,false,microservices,order,c27c5aa728bc0124d809bb264b287875d3bc255e3ac3de55ba488ab84deedaac,tcc-microservices-experiment-order-1,80.9,82722161,1073741824,7.7,3,146MB / 60.2MB,6.41MB / 3.58MB
105,2026-09-10T09:50:58.316418+00:00,211,2026-09-10T09:50:57.945675+00:00,false,microservices,product,2f892126de1eadfcf8af84b705e2257fddeacacfedc184cd80ea37707784190f,tcc-microservices-experiment-product-1,0.02,78664172,1073741824,7.33,3,416kB / 282kB,10.8MB / 81.9kB
106,2026-09-10T09:50:59.316401+00:00,213,2026-09-10T09:50:58.946378+00:00,false,microservices,auth,1f5053f72775f6b723e6fc607f712e196ed7bd5e7bcc811f3f091f26199864d9,tcc-microservices-experiment-auth-1,0.02,79240888,1073741824,7.38,3,45.7kB / 40.3kB,12MB / 65.5kB
106,2026-09-10T09:50:59.316401+00:00,213,2026-09-10T09:50:58.946378+00:00,false,microservices,gateway,59c3e451f7a36751c12c576d787f402f5b9bf07f41cd5e84e18ae12f934c0762,tcc-microservices-experiment-gateway-1,31.91,477836083,536870912,89.01,78,37.9MB / 50MB,37.7MB / 266kB
106,2026-09-10T09:50:59.316401+00:00,213,2026-09-10T09:50:58.946378+00:00,false,microservices,mysql,d591036059f06797e369be28c6a6cf2778317260a9ac2abd88a2ca2860eec9f4,tcc-microservices-experiment-mysql-1,26.76,534773760,1073741824,49.81,40,37.1MB / 121MB,46.1MB / 118MB
106,2026-09-10T09:50:59.316401+00:00,213,2026-09-10T09:50:58.946378+00:00,false,microservices,order,c27c5aa728bc0124d809bb264b287875d3bc255e3ac3de55ba488ab84deedaac,tcc-microservices-experiment-order-1,81.57,83561021,1073741824,7.78,3,147MB / 60.6MB,6.41MB / 3.58MB
106,2026-09-10T09:50:59.316401+00:00,213,2026-09-10T09:50:58.946378+00:00,false,microservices,product,2f892126de1eadfcf8af84b705e2257fddeacacfedc184cd80ea37707784190f,tcc-microservices-experiment-product-1,0.02,78664172,1073741824,7.33,3,416kB / 282kB,10.8MB / 81.9kB
107,2026-09-10T09:51:00.316416+00:00,215,2026-09-10T09:50:59.945208+00:00,false,microservices,auth,1f5053f72775f6b723e6fc607f712e196ed7bd5e7bcc811f3f091f26199864d9,tcc-microservices-experiment-auth-1,0.02,79240888,1073741824,7.38,3,45.7kB / 40.3kB,12MB / 65.5kB
107,2026-09-10T09:51:00.316416+00:00,215,2026-09-10T09:50:59.945208+00:00,false,microservices,gateway,59c3e451f7a36751c12c576d787f402f5b9bf07f41cd5e84e18ae12f934c0762,tcc-microservices-experiment-gateway-1,31.97,477102080,536870912,88.87,78,38.2MB / 50.4MB,37.7MB / 266kB
107,2026-09-10T09:51:00.316416+00:00,215,2026-09-10T09:50:59.945208+00:00,false,microservices,mysql,d591036059f06797e369be28c6a6cf2778317260a9ac2abd88a2ca2860eec9f4,tcc-microservices-experiment-mysql-1,22.49,534983475,1073741824,49.83,40,37.4MB / 122MB,46.1MB / 118MB
107,2026-09-10T09:51:00.316416+00:00,215,2026-09-10T09:50:59.945208+00:00,false,microservices,order,c27c5aa728bc0124d809bb264b287875d3bc255e3ac3de55ba488ab84deedaac,tcc-microservices-experiment-order-1,82.49,83456164,1073741824,7.77,3,148MB / 61.1MB,6.41MB / 3.58MB
107,2026-09-10T09:51:00.316416+00:00,215,2026-09-10T09:50:59.945208+00:00,false,microservices,product,2f892126de1eadfcf8af84b705e2257fddeacacfedc184cd80ea37707784190f,tcc-microservices-experiment-product-1,0.02,78664172,1073741824,7.33,3,416kB / 282kB,10.8MB / 81.9kB
108,2026-09-10T09:51:01.316402+00:00,217,2026-09-10T09:51:00.946223+00:00,false,microservices,auth,1f5053f72775f6b723e6fc607f712e196ed7bd5e7bcc811f3f091f26199864d9,tcc-microservices-experiment-auth-1,0.02,79240888,1073741824,7.38,3,45.7kB / 40.3kB,12MB / 65.5kB
108,2026-09-10T09:51:01.316402+00:00,217,2026-09-10T09:51:00.946223+00:00,false,microservices,gateway,59c3e451f7a36751c12c576d787f402f5b9bf07f41cd5e84e18ae12f934c0762,tcc-microservices-experiment-gateway-1,31.48,477731226,536870912,88.99,78,38.5MB / 50.8MB,37.7MB / 266kB
108,2026-09-10T09:51:01.316402+00:00,217,2026-09-10T09:51:00.946223+00:00,false,microservices,mysql,d591036059f06797e369be28c6a6cf2778317260a9ac2abd88a2ca2860eec9f4,tcc-microservices-experiment-mysql-1,27.19,534773760,1073741824,49.81,40,37.6MB / 123MB,46.1MB / 118MB
108,2026-09-10T09:51:01.316402+00:00,217,2026-09-10T09:51:00.946223+00:00,false,microservices,order,c27c5aa728bc0124d809bb264b287875d3bc255e3ac3de55ba488ab84deedaac,tcc-microservices-experiment-order-1,82.03,83718308,1073741824,7.8,3,149MB / 61.5MB,6.41MB / 4.07MB
108,2026-09-10T09:51:01.316402+00:00,217,2026-09-10T09:51:00.946223+00:00,false,microservices,product,2f892126de1eadfcf8af84b705e2257fddeacacfedc184cd80ea37707784190f,tcc-microservices-experiment-product-1,0.02,78664172,1073741824,7.33,3,416kB / 282kB,10.8MB / 81.9kB
109,2026-09-10T09:51:02.316427+00:00,219,2026-09-10T09:51:01.945287+00:00,false,microservices,auth,1f5053f72775f6b723e6fc607f712e196ed7bd5e7bcc811f3f091f26199864d9,tcc-microservices-experiment-auth-1,0.02,79240888,1073741824,7.38,3,45.7kB / 40.3kB,12MB / 65.5kB
109,2026-09-10T09:51:02.316427+00:00,219,2026-09-10T09:51:01.945287+00:00,false,microservices,gateway,59c3e451f7a36751c12c576d787f402f5b9bf07f41cd5e84e18ae12f934c0762,tcc-microservices-experiment-gateway-1,31.61,477206938,536870912,88.89,78,38.8MB / 51.2MB,37.7MB / 266kB
109,2026-09-10T09:51:02.316427+00:00,219,2026-09-10T09:51:01.945287+00:00,false,microservices,mysql,d591036059f06797e369be28c6a6cf2778317260a9ac2abd88a2ca2860eec9f4,tcc-microservices-experiment-mysql-1,22.35,534039757,1073741824,49.74,40,37.9MB / 124MB,46.1MB / 118MB
109,2026-09-10T09:51:02.316427+00:00,219,2026-09-10T09:51:01.945287+00:00,false,microservices,order,c27c5aa728bc0124d809bb264b287875d3bc255e3ac3de55ba488ab84deedaac,tcc-microservices-experiment-order-1,82.5,84221624,1073741824,7.84,3,150MB / 62MB,6.41MB / 4.07MB
109,2026-09-10T09:51:02.316427+00:00,219,2026-09-10T09:51:01.945287+00:00,false,microservices,product,2f892126de1eadfcf8af84b705e2257fddeacacfedc184cd80ea37707784190f,tcc-microservices-experiment-product-1,0.02,78664172,1073741824,7.33,3,416kB / 282kB,10.8MB / 81.9kB
110,2026-09-10T09:51:03.316401+00:00,221,2026-09-10T09:51:02.946255+00:00,false,microservices,auth,1f5053f72775f6b723e6fc607f712e196ed7bd5e7bcc811f3f091f26199864d9,tcc-microservices-experiment-auth-1,0.02,79240888,1073741824,7.38,3,45.7kB / 40.3kB,12MB / 65.5kB
110,2026-09-10T09:51:03.316401+00:00,221,2026-09-10T09:51:02.946255+00:00,false,microservices,gateway,59c3e451f7a36751c12c576d787f402f5b9bf07f41cd5e84e18ae12f934c0762,tcc-microservices-experiment-gateway-1,31.47,477206938,536870912,88.89,78,39.1MB / 51.6MB,37.7MB / 266kB
110,2026-09-10T09:51:03.316401+00:00,221,2026-09-10T09:51:02.946255+00:00,false,microservices,mysql,d591036059f06797e369be28c6a6cf2778317260a9ac2abd88a2ca2860eec9f4,tcc-microservices-experiment-mysql-1,26.97,534773760,1073741824,49.8,40,38.1MB / 125MB,46.1MB / 118MB
110,2026-09-10T09:51:03.316401+00:00,221,2026-09-10T09:51:02.946255+00:00,false,microservices,order,c27c5aa728bc0124d809bb264b287875d3bc255e3ac3de55ba488ab84deedaac,tcc-microservices-experiment-order-1,81.89,83026248,1073741824,7.73,3,152MB / 62.4MB,6.41MB / 4.07MB
110,2026-09-10T09:51:03.316401+00:00,221,2026-09-10T09:51:02.946255+00:00,false,microservices,product,2f892126de1eadfcf8af84b705e2257fddeacacfedc184cd80ea37707784190f,tcc-microservices-experiment-product-1,0.02,78664172,1073741824,7.33,3,416kB / 282kB,10.8MB / 81.9kB
111,2026-09-10T09:51:04.316410+00:00,223,2026-09-10T09:51:03.945202+00:00,false,microservices,auth,1f5053f72775f6b723e6fc607f712e196ed7bd5e7bcc811f3f091f26199864d9,tcc-microservices-experiment-auth-1,0.02,79240888,1073741824,7.38,3,45.7kB / 40.3kB,12MB / 65.5kB
111,2026-09-10T09:51:04.316410+00:00,223,2026-09-10T09:51:03.945202+00:00,false,microservices,gateway,59c3e451f7a36751c12c576d787f402f5b9bf07f41cd5e84e18ae12f934c0762,tcc-microservices-experiment-gateway-1,30.91,477521510,536870912,88.94,78,39.3MB / 52MB,37.7MB / 266kB
111,2026-09-10T09:51:04.316410+00:00,223,2026-09-10T09:51:03.945202+00:00,false,microservices,mysql,d591036059f06797e369be28c6a6cf2778317260a9ac2abd88a2ca2860eec9f4,tcc-microservices-experiment-mysql-1,24.16,534249472,1073741824,49.75,40,38.4MB / 126MB,46.1MB / 118MB
111,2026-09-10T09:51:04.316410+00:00,223,2026-09-10T09:51:03.945202+00:00,false,microservices,order,c27c5aa728bc0124d809bb264b287875d3bc255e3ac3de55ba488ab84deedaac,tcc-microservices-experiment-order-1,80.65,83194020,1073741824,7.75,3,153MB / 62.8MB,6.41MB / 4.07MB
111,2026-09-10T09:51:04.316410+00:00,223,2026-09-10T09:51:03.945202+00:00,false,microservices,product,2f892126de1eadfcf8af84b705e2257fddeacacfedc184cd80ea37707784190f,tcc-microservices-experiment-product-1,0.02,78664172,1073741824,7.33,3,416kB / 282kB,10.8MB / 81.9kB
112,2026-09-10T09:51:05.316412+00:00,225,2026-09-10T09:51:04.946306+00:00,false,microservices,auth,1f5053f72775f6b723e6fc607f712e196ed7bd5e7bcc811f3f091f26199864d9,tcc-microservices-experiment-auth-1,0.02,79240888,1073741824,7.38,3,45.7kB / 40.3kB,12MB / 65.5kB
112,2026-09-10T09:51:05.316412+00:00,225,2026-09-10T09:51:04.946306+00:00,false,microservices,gateway,59c3e451f7a36751c12c576d787f402f5b9bf07f41cd5e84e18ae12f934c0762,tcc-microservices-experiment-gateway-1,33.34,477521510,536870912,88.95,69,39.6MB / 52.4MB,37.7MB / 266kB
112,2026-09-10T09:51:05.316412+00:00,225,2026-09-10T09:51:04.946306+00:00,false,microservices,mysql,d591036059f06797e369be28c6a6cf2778317260a9ac2abd88a2ca2860eec9f4,tcc-microservices-experiment-mysql-1,27.14,534668902,1073741824,49.8,40,38.6MB / 127MB,46.1MB / 118MB
112,2026-09-10T09:51:05.316412+00:00,225,2026-09-10T09:51:04.946306+00:00,false,microservices,order,c27c5aa728bc0124d809bb264b287875d3bc255e3ac3de55ba488ab84deedaac,tcc-microservices-experiment-order-1,81.39,83812680,1073741824,7.81,3,154MB / 63.3MB,6.41MB / 4.07MB
112,2026-09-10T09:51:05.316412+00:00,225,2026-09-10T09:51:04.946306+00:00,false,microservices,product,2f892126de1eadfcf8af84b705e2257fddeacacfedc184cd80ea37707784190f,tcc-microservices-experiment-product-1,0.02,78664172,1073741824,7.33,3,416kB / 282kB,10.8MB / 81.9kB
113,2026-09-10T09:51:06.316420+00:00,227,2026-09-10T09:51:05.945044+00:00,false,microservices,auth,1f5053f72775f6b723e6fc607f712e196ed7bd5e7bcc811f3f091f26199864d9,tcc-microservices-experiment-auth-1,0.02,79240888,1073741824,7.38,3,45.7kB / 40.3kB,12MB / 65.5kB
113,2026-09-10T09:51:06.316420+00:00,227,2026-09-10T09:51:05.945044+00:00,false,microservices,gateway,59c3e451f7a36751c12c576d787f402f5b9bf07f41cd5e84e18ae12f934c0762,tcc-microservices-experiment-gateway-1,31.34,476263219,536870912,88.72,69,39.9MB / 52.8MB,37.7MB / 279kB
113,2026-09-10T09:51:06.316420+00:00,227,2026-09-10T09:51:05.945044+00:00,false,microservices,mysql,d591036059f06797e369be28c6a6cf2778317260a9ac2abd88a2ca2860eec9f4,tcc-microservices-experiment-mysql-1,24.42,534564045,1073741824,49.78,40,38.9MB / 127MB,46.1MB / 118MB
113,2026-09-10T09:51:06.316420+00:00,227,2026-09-10T09:51:05.945044+00:00,false,microservices,order,c27c5aa728bc0124d809bb264b287875d3bc255e3ac3de55ba488ab84deedaac,tcc-microservices-experiment-order-1,80.28,83047219,1073741824,7.73,3,155MB / 63.7MB,6.41MB / 4.07MB
113,2026-09-10T09:51:06.316420+00:00,227,2026-09-10T09:51:05.945044+00:00,false,microservices,product,2f892126de1eadfcf8af84b705e2257fddeacacfedc184cd80ea37707784190f,tcc-microservices-experiment-product-1,0.02,78664172,1073741824,7.33,3,416kB / 282kB,10.8MB / 81.9kB
114,2026-09-10T09:51:07.316393+00:00,229,2026-09-10T09:51:06.945441+00:00,false,microservices,auth,1f5053f72775f6b723e6fc607f712e196ed7bd5e7bcc811f3f091f26199864d9,tcc-microservices-experiment-auth-1,0.01,79240888,1073741824,7.38,3,45.7kB / 40.3kB,12MB / 65.5kB
114,2026-09-10T09:51:07.316393+00:00,229,2026-09-10T09:51:06.945441+00:00,false,microservices,gateway,59c3e451f7a36751c12c576d787f402f5b9bf07f41cd5e84e18ae12f934c0762,tcc-microservices-experiment-gateway-1,33.49,476892365,536870912,88.82,69,40.2MB / 53.2MB,37.7MB / 279kB
114,2026-09-10T09:51:07.316393+00:00,229,2026-09-10T09:51:06.945441+00:00,false,microservices,mysql,d591036059f06797e369be28c6a6cf2778317260a9ac2abd88a2ca2860eec9f4,tcc-microservices-experiment-mysql-1,27.54,534459187,1073741824,49.77,40,39.1MB / 128MB,46.1MB / 118MB
114,2026-09-10T09:51:07.316393+00:00,229,2026-09-10T09:51:06.945441+00:00,false,microservices,order,c27c5aa728bc0124d809bb264b287875d3bc255e3ac3de55ba488ab84deedaac,tcc-microservices-experiment-order-1,81.86,83214991,1073741824,7.75,3,156MB / 64.2MB,6.41MB / 4.07MB
114,2026-09-10T09:51:07.316393+00:00,229,2026-09-10T09:51:06.945441+00:00,false,microservices,product,2f892126de1eadfcf8af84b705e2257fddeacacfedc184cd80ea37707784190f,tcc-microservices-experiment-product-1,0.02,78664172,1073741824,7.33,3,416kB / 282kB,10.8MB / 81.9kB
115,2026-09-10T09:51:08.316418+00:00,231,2026-09-10T09:51:07.944807+00:00,false,microservices,auth,1f5053f72775f6b723e6fc607f712e196ed7bd5e7bcc811f3f091f26199864d9,tcc-microservices-experiment-auth-1,0.02,79240888,1073741824,7.38,3,45.7kB / 40.3kB,12MB / 65.5kB
115,2026-09-10T09:51:08.316418+00:00,231,2026-09-10T09:51:07.944807+00:00,false,microservices,gateway,59c3e451f7a36751c12c576d787f402f5b9bf07f41cd5e84e18ae12f934c0762,tcc-microservices-experiment-gateway-1,32.67,477102080,536870912,88.86,69,40.5MB / 53.6MB,37.7MB / 279kB
115,2026-09-10T09:51:08.316418+00:00,231,2026-09-10T09:51:07.944807+00:00,false,microservices,mysql,d591036059f06797e369be28c6a6cf2778317260a9ac2abd88a2ca2860eec9f4,tcc-microservices-experiment-mysql-1,22.86,534354330,1073741824,49.77,40,39.4MB / 129MB,46.1MB / 118MB
115,2026-09-10T09:51:08.316418+00:00,231,2026-09-10T09:51:07.944807+00:00,false,microservices,order,c27c5aa728bc0124d809bb264b287875d3bc255e3ac3de55ba488ab84deedaac,tcc-microservices-experiment-order-1,82.11,83005276,1073741824,7.73,3,157MB / 64.6MB,6.41MB / 4.07MB
115,2026-09-10T09:51:08.316418+00:00,231,2026-09-10T09:51:07.944807+00:00,false,microservices,product,2f892126de1eadfcf8af84b705e2257fddeacacfedc184cd80ea37707784190f,tcc-microservices-experiment-product-1,0.02,78664172,1073741824,7.33,3,416kB / 282kB,10.8MB / 81.9kB
116,2026-09-10T09:51:09.316394+00:00,233,2026-09-10T09:51:08.946422+00:00,false,microservices,auth,1f5053f72775f6b723e6fc607f712e196ed7bd5e7bcc811f3f091f26199864d9,tcc-microservices-experiment-auth-1,0.02,79240888,1073741824,7.38,3,45.7kB / 40.3kB,12MB / 65.5kB
116,2026-09-10T09:51:09.316394+00:00,233,2026-09-10T09:51:08.946422+00:00,false,microservices,gateway,59c3e451f7a36751c12c576d787f402f5b9bf07f41cd5e84e18ae12f934c0762,tcc-microservices-experiment-gateway-1,32.94,476787507,536870912,88.81,69,40.8MB / 54MB,37.7MB / 279kB
116,2026-09-10T09:51:09.316394+00:00,233,2026-09-10T09:51:08.946422+00:00,false,microservices,mysql,d591036059f06797e369be28c6a6cf2778317260a9ac2abd88a2ca2860eec9f4,tcc-microservices-experiment-mysql-1,26.88,534249472,1073741824,49.76,40,39.7MB / 130MB,46.1MB / 118MB
116,2026-09-10T09:51:09.316394+00:00,233,2026-09-10T09:51:08.946422+00:00,false,microservices,order,c27c5aa728bc0124d809bb264b287875d3bc255e3ac3de55ba488ab84deedaac,tcc-microservices-experiment-order-1,82.32,83393249,1073741824,7.77,3,158MB / 65.1MB,6.41MB / 4.07MB
116,2026-09-10T09:51:09.316394+00:00,233,2026-09-10T09:51:08.946422+00:00,false,microservices,product,2f892126de1eadfcf8af84b705e2257fddeacacfedc184cd80ea37707784190f,tcc-microservices-experiment-product-1,0.01,78664172,1073741824,7.33,3,416kB / 282kB,10.8MB / 81.9kB
117,2026-09-10T09:51:10.316421+00:00,235,2026-09-10T09:51:09.944794+00:00,false,microservices,auth,1f5053f72775f6b723e6fc607f712e196ed7bd5e7bcc811f3f091f26199864d9,tcc-microservices-experiment-auth-1,0.02,79240888,1073741824,7.38,3,45.7kB / 40.3kB,12MB / 65.5kB
117,2026-09-10T09:51:10.316421+00:00,235,2026-09-10T09:51:09.944794+00:00,false,microservices,gateway,59c3e451f7a36751c12c576d787f402f5b9bf07f41cd5e84e18ae12f934c0762,tcc-microservices-experiment-gateway-1,31.23,476368077,536870912,88.73,69,41.1MB / 54.4MB,37.7MB / 279kB
117,2026-09-10T09:51:10.316421+00:00,235,2026-09-10T09:51:09.944794+00:00,false,microservices,mysql,d591036059f06797e369be28c6a6cf2778317260a9ac2abd88a2ca2860eec9f4,tcc-microservices-experiment-mysql-1,23.93,534249472,1073741824,49.76,40,39.9MB / 131MB,46.1MB / 118MB
117,2026-09-10T09:51:10.316421+00:00,235,2026-09-10T09:51:09.944794+00:00,false,microservices,order,c27c5aa728bc0124d809bb264b287875d3bc255e3ac3de55ba488ab84deedaac,tcc-microservices-experiment-order-1,80.16,84137738,1073741824,7.84,3,159MB / 65.5MB,6.41MB / 4.07MB
117,2026-09-10T09:51:10.316421+00:00,235,2026-09-10T09:51:09.944794+00:00,false,microservices,product,2f892126de1eadfcf8af84b705e2257fddeacacfedc184cd80ea37707784190f,tcc-microservices-experiment-product-1,0.02,78664172,1073741824,7.33,3,416kB / 282kB,10.8MB / 81.9kB
118,2026-09-10T09:51:11.316395+00:00,237,2026-09-10T09:51:10.946646+00:00,false,microservices,auth,1f5053f72775f6b723e6fc607f712e196ed7bd5e7bcc811f3f091f26199864d9,tcc-microservices-experiment-auth-1,0.02,79240888,1073741824,7.38,3,45.7kB / 40.3kB,12MB / 65.5kB
118,2026-09-10T09:51:11.316395+00:00,237,2026-09-10T09:51:10.946646+00:00,false,microservices,gateway,59c3e451f7a36751c12c576d787f402f5b9bf07f41cd5e84e18ae12f934c0762,tcc-microservices-experiment-gateway-1,31.73,477102080,536870912,88.87,69,41.4MB / 54.7MB,37.7MB / 279kB
118,2026-09-10T09:51:11.316395+00:00,237,2026-09-10T09:51:10.946646+00:00,false,microservices,mysql,d591036059f06797e369be28c6a6cf2778317260a9ac2abd88a2ca2860eec9f4,tcc-microservices-experiment-mysql-1,27.86,534878618,1073741824,49.81,40,40.2MB / 132MB,46.1MB / 118MB
118,2026-09-10T09:51:11.316395+00:00,237,2026-09-10T09:51:10.946646+00:00,false,microservices,order,c27c5aa728bc0124d809bb264b287875d3bc255e3ac3de55ba488ab84deedaac,tcc-microservices-experiment-order-1,80.89,82743132,1073741824,7.71,3,160MB / 65.9MB,6.41MB / 4.07MB
118,2026-09-10T09:51:11.316395+00:00,237,2026-09-10T09:51:10.946646+00:00,false,microservices,product,2f892126de1eadfcf8af84b705e2257fddeacacfedc184cd80ea37707784190f,tcc-microservices-experiment-product-1,0.02,78664172,1073741824,7.33,3,416kB / 282kB,10.8MB / 81.9kB
119,2026-09-10T09:51:12.316391+00:00,239,2026-09-10T09:51:11.945647+00:00,false,microservices,auth,1f5053f72775f6b723e6fc607f712e196ed7bd5e7bcc811f3f091f26199864d9,tcc-microservices-experiment-auth-1,0.02,79240888,1073741824,7.38,3,45.7kB / 40.3kB,12MB / 65.5kB
119,2026-09-10T09:51:12.316391+00:00,239,2026-09-10T09:51:11.945647+00:00,false,microservices,gateway,59c3e451f7a36751c12c576d787f402f5b9bf07f41cd5e84e18ae12f934c0762,tcc-microservices-experiment-gateway-1,32.08,477416653,536870912,88.92,69,41.7MB / 55.1MB,37.7MB / 279kB
119,2026-09-10T09:51:12.316391+00:00,239,2026-09-10T09:51:11.945647+00:00,false,microservices,mysql,d591036059f06797e369be28c6a6cf2778317260a9ac2abd88a2ca2860eec9f4,tcc-microservices-experiment-mysql-1,22.83,534773760,1073741824,49.8,40,40.4MB / 133MB,46.1MB / 118MB
119,2026-09-10T09:51:12.316391+00:00,239,2026-09-10T09:51:11.945647+00:00,false,microservices,order,c27c5aa728bc0124d809bb264b287875d3bc255e3ac3de55ba488ab84deedaac,tcc-microservices-experiment-order-1,82.51,82963333,1073741824,7.73,3,162MB / 66.4MB,6.41MB / 4.07MB
119,2026-09-10T09:51:12.316391+00:00,239,2026-09-10T09:51:11.945647+00:00,false,microservices,product,2f892126de1eadfcf8af84b705e2257fddeacacfedc184cd80ea37707784190f,tcc-microservices-experiment-product-1,0.02,78664172,1073741824,7.33,3,416kB / 282kB,10.8MB / 81.9kB
120,2026-09-10T09:51:13.316406+00:00,241,2026-09-10T09:51:12.945208+00:00,false,microservices,auth,1f5053f72775f6b723e6fc607f712e196ed7bd5e7bcc811f3f091f26199864d9,tcc-microservices-experiment-auth-1,0.02,79240888,1073741824,7.38,3,45.7kB / 40.3kB,12MB / 65.5kB
120,2026-09-10T09:51:13.316406+00:00,241,2026-09-10T09:51:12.945208+00:00,false,microservices,gateway,59c3e451f7a36751c12c576d787f402f5b9bf07f41cd5e84e18ae12f934c0762,tcc-microservices-experiment-gateway-1,32.87,476892365,536870912,88.83,69,42MB / 55.5MB,37.7MB / 279kB
120,2026-09-10T09:51:13.316406+00:00,241,2026-09-10T09:51:12.945208+00:00,false,microservices,mysql,d591036059f06797e369be28c6a6cf2778317260a9ac2abd88a2ca2860eec9f4,tcc-microservices-experiment-mysql-1,25.74,534983475,1073741824,49.83,40,40.7MB / 134MB,46.1MB / 118MB
120,2026-09-10T09:51:13.316406+00:00,241,2026-09-10T09:51:12.945208+00:00,false,microservices,order,c27c5aa728bc0124d809bb264b287875d3bc255e3ac3de55ba488ab84deedaac,tcc-microservices-experiment-order-1,82.8,83550536,1073741824,7.78,3,163MB / 66.8MB,6.41MB / 4.07MB
120,2026-09-10T09:51:13.316406+00:00,241,2026-09-10T09:51:12.945208+00:00,false,microservices,product,2f892126de1eadfcf8af84b705e2257fddeacacfedc184cd80ea37707784190f,tcc-microservices-experiment-product-1,0.02,78664172,1073741824,7.33,3,416kB / 282kB,10.8MB / 81.9kB
