sample_index,captured_at_utc,docker_refresh_sequence,docker_refresh_captured_at_utc,docker_refresh_reused,architecture,service,container_id,container_name,cpu_percent,memory_used_bytes,memory_limit_bytes,memory_percent,pids,network_io,block_io
1,2026-09-10T10:35:58.004487+00:00,3,2026-09-10T10:35:57.635716+00:00,false,microservices,auth,dfec636ce5b52129f83c9bbb0601a9ee8fd7117fb886f76f7d92dfd3600b4dbc,tcc-microservices-experiment-auth-1,0.03,80740352,1073741824,7.52,3,45.3kB / 40.3kB,5.39MB / 65.5kB
1,2026-09-10T10:35:58.004487+00:00,3,2026-09-10T10:35:57.635716+00:00,false,microservices,gateway,d9bdf38d4601e4d6c757644529145db3d1e36243e00af8c43e9955b4864b9fec,tcc-microservices-experiment-gateway-1,0.18,486853837,536870912,90.69,86,8.25MB / 10.8MB,31.3MB / 184kB
1,2026-09-10T10:35:58.004487+00:00,3,2026-09-10T10:35:57.635716+00:00,false,microservices,mysql,3eef2232f5b71aa962af8c3b25a1f0c3adf5ef9e2be42936fae91c1482ece533,tcc-microservices-experiment-mysql-1,0.86,532676608,1073741824,49.61,40,11.5MB / 30.7MB,54.5MB / 119MB
1,2026-09-10T10:35:58.004487+00:00,3,2026-09-10T10:35:57.635716+00:00,false,microservices,order,74ac8e49149776e4faac8307655bd74651eec8e43706dfb4c55a625f4c8b0c87,tcc-microservices-experiment-order-1,0.03,78171341,1073741824,7.28,3,36MB / 16.4MB,7.34MB / 77.8kB
1,2026-09-10T10:35:58.004487+00:00,3,2026-09-10T10:35:57.635716+00:00,false,microservices,product,457fddfc9065b1cf57d9e8c9cb0c9c8916a28401c0c09d03d325d876fd6586ec,tcc-microservices-experiment-product-1,0.02,82093015,1073741824,7.65,3,416kB / 282kB,6.37MB / 81.9kB
2,2026-09-10T10:35:59.004523+00:00,5,2026-09-10T10:35:58.635213+00:00,false,microservices,auth,dfec636ce5b52129f83c9bbb0601a9ee8fd7117fb886f76f7d92dfd3600b4dbc,tcc-microservices-experiment-auth-1,0.02,80740352,1073741824,7.52,3,45.3kB / 40.3kB,5.39MB / 65.5kB
2,2026-09-10T10:35:59.004523+00:00,5,2026-09-10T10:35:58.635213+00:00,false,microservices,gateway,d9bdf38d4601e4d6c757644529145db3d1e36243e00af8c43e9955b4864b9fec,tcc-microservices-experiment-gateway-1,0.16,486853837,536870912,90.68,86,8.25MB / 10.8MB,31.3MB / 184kB
2,2026-09-10T10:35:59.004523+00:00,5,2026-09-10T10:35:58.635213+00:00,false,microservices,mysql,3eef2232f5b71aa962af8c3b25a1f0c3adf5ef9e2be42936fae91c1482ece533,tcc-microservices-experiment-mysql-1,4.86,533620326,1073741824,49.69,40,11.5MB / 30.7MB,54.5MB / 119MB
2,2026-09-10T10:35:59.004523+00:00,5,2026-09-10T10:35:58.635213+00:00,false,microservices,order,74ac8e49149776e4faac8307655bd74651eec8e43706dfb4c55a625f4c8b0c87,tcc-microservices-experiment-order-1,0.02,78171341,1073741824,7.28,3,36MB / 16.4MB,7.34MB / 77.8kB
2,2026-09-10T10:35:59.004523+00:00,5,2026-09-10T10:35:58.635213+00:00,false,microservices,product,457fddfc9065b1cf57d9e8c9cb0c9c8916a28401c0c09d03d325d876fd6586ec,tcc-microservices-experiment-product-1,0.02,82093015,1073741824,7.65,3,416kB / 282kB,6.37MB / 81.9kB
3,2026-09-10T10:36:00.004517+00:00,7,2026-09-10T10:35:59.635731+00:00,false,microservices,auth,dfec636ce5b52129f83c9bbb0601a9ee8fd7117fb886f76f7d92dfd3600b4dbc,tcc-microservices-experiment-auth-1,0.02,80740352,1073741824,7.52,3,45.3kB / 40.3kB,5.39MB / 65.5kB
3,2026-09-10T10:36:00.004517+00:00,7,2026-09-10T10:35:59.635731+00:00,false,microservices,gateway,d9bdf38d4601e4d6c757644529145db3d1e36243e00af8c43e9955b4864b9fec,tcc-microservices-experiment-gateway-1,91.34,490104422,536870912,91.29,86,8.39MB / 11MB,31.3MB / 184kB
3,2026-09-10T10:36:00.004517+00:00,7,2026-09-10T10:35:59.635731+00:00,false,microservices,mysql,3eef2232f5b71aa962af8c3b25a1f0c3adf5ef9e2be42936fae91c1482ece533,tcc-microservices-experiment-mysql-1,9.87,533725184,1073741824,49.71,40,11.6MB / 31MB,54.5MB / 119MB
3,2026-09-10T10:36:00.004517+00:00,7,2026-09-10T10:35:59.635731+00:00,false,microservices,order,74ac8e49149776e4faac8307655bd74651eec8e43706dfb4c55a625f4c8b0c87,tcc-microservices-experiment-order-1,41.37,80834724,1073741824,7.53,3,36.4MB / 16.5MB,7.34MB / 77.8kB
3,2026-09-10T10:36:00.004517+00:00,7,2026-09-10T10:35:59.635731+00:00,false,microservices,product,457fddfc9065b1cf57d9e8c9cb0c9c8916a28401c0c09d03d325d876fd6586ec,tcc-microservices-experiment-product-1,0.02,82093015,1073741824,7.65,3,416kB / 282kB,6.37MB / 81.9kB
4,2026-09-10T10:36:01.004519+00:00,9,2026-09-10T10:36:00.635477+00:00,false,microservices,auth,dfec636ce5b52129f83c9bbb0601a9ee8fd7117fb886f76f7d92dfd3600b4dbc,tcc-microservices-experiment-auth-1,0.02,80740352,1073741824,7.52,3,45.3kB / 40.3kB,5.39MB / 65.5kB
4,2026-09-10T10:36:01.004519+00:00,9,2026-09-10T10:36:00.635477+00:00,false,microservices,gateway,d9bdf38d4601e4d6c757644529145db3d1e36243e00af8c43e9955b4864b9fec,tcc-microservices-experiment-gateway-1,144.65,493564723,536870912,91.94,86,8.61MB / 11.3MB,31.3MB / 184kB
4,2026-09-10T10:36:01.004519+00:00,9,2026-09-10T10:36:00.635477+00:00,false,microservices,mysql,3eef2232f5b71aa962af8c3b25a1f0c3adf5ef9e2be42936fae91c1482ece533,tcc-microservices-experiment-mysql-1,23.17,539492352,1073741824,50.24,41,11.7MB / 31.5MB,54.5MB / 119MB
4,2026-09-10T10:36:01.004519+00:00,9,2026-09-10T10:36:00.635477+00:00,false,microservices,order,74ac8e49149776e4faac8307655bd74651eec8e43706dfb4c55a625f4c8b0c87,tcc-microservices-experiment-order-1,85.54,79859548,1073741824,7.44,3,37.1MB / 16.8MB,7.34MB / 77.8kB
4,2026-09-10T10:36:01.004519+00:00,9,2026-09-10T10:36:00.635477+00:00,false,microservices,product,457fddfc9065b1cf57d9e8c9cb0c9c8916a28401c0c09d03d325d876fd6586ec,tcc-microservices-experiment-product-1,0.02,82093015,1073741824,7.65,3,416kB / 282kB,6.37MB / 81.9kB
5,2026-09-10T10:36:02.004486+00:00,11,2026-09-10T10:36:01.634994+00:00,false,microservices,auth,dfec636ce5b52129f83c9bbb0601a9ee8fd7117fb886f76f7d92dfd3600b4dbc,tcc-microservices-experiment-auth-1,0.02,80740352,1073741824,7.52,3,45.3kB / 40.3kB,5.39MB / 65.5kB
5,2026-09-10T10:36:02.004486+00:00,11,2026-09-10T10:36:01.634994+00:00,false,microservices,gateway,d9bdf38d4601e4d6c757644529145db3d1e36243e00af8c43e9955b4864b9fec,tcc-microservices-experiment-gateway-1,56.65,492621005,536870912,91.76,86,8.89MB / 11.7MB,31.3MB / 197kB
5,2026-09-10T10:36:02.004486+00:00,11,2026-09-10T10:36:01.634994+00:00,false,microservices,mysql,3eef2232f5b71aa962af8c3b25a1f0c3adf5ef9e2be42936fae91c1482ece533,tcc-microservices-experiment-mysql-1,23.18,532781466,1073741824,49.61,40,12MB / 32.3MB,54.5MB / 119MB
5,2026-09-10T10:36:02.004486+00:00,11,2026-09-10T10:36:01.634994+00:00,false,microservices,order,74ac8e49149776e4faac8307655bd74651eec8e43706dfb4c55a625f4c8b0c87,tcc-microservices-experiment-order-1,83.78,79565947,1073741824,7.41,3,38.1MB / 17.2MB,7.34MB / 77.8kB
5,2026-09-10T10:36:02.004486+00:00,11,2026-09-10T10:36:01.634994+00:00,false,microservices,product,457fddfc9065b1cf57d9e8c9cb0c9c8916a28401c0c09d03d325d876fd6586ec,tcc-microservices-experiment-product-1,0.02,82093015,1073741824,7.65,3,416kB / 282kB,6.37MB / 81.9kB
6,2026-09-10T10:36:03.004506+00:00,13,2026-09-10T10:36:02.634274+00:00,false,microservices,auth,dfec636ce5b52129f83c9bbb0601a9ee8fd7117fb886f76f7d92dfd3600b4dbc,tcc-microservices-experiment-auth-1,0.02,80740352,1073741824,7.52,3,45.3kB / 40.3kB,5.39MB / 65.5kB
6,2026-09-10T10:36:03.004506+00:00,13,2026-09-10T10:36:02.634274+00:00,false,microservices,gateway,d9bdf38d4601e4d6c757644529145db3d1e36243e00af8c43e9955b4864b9fec,tcc-microservices-experiment-gateway-1,105.61,489894707,536870912,91.25,86,9.16MB / 12MB,31.3MB / 197kB
6,2026-09-10T10:36:03.004506+00:00,13,2026-09-10T10:36:02.634274+00:00,false,microservices,mysql,3eef2232f5b71aa962af8c3b25a1f0c3adf5ef9e2be42936fae91c1482ece533,tcc-microservices-experiment-mysql-1,21.9,533305754,1073741824,49.67,40,12.2MB / 33.1MB,54.5MB / 119MB
6,2026-09-10T10:36:03.004506+00:00,13,2026-09-10T10:36:02.634274+00:00,false,microservices,order,74ac8e49149776e4faac8307655bd74651eec8e43706dfb4c55a625f4c8b0c87,tcc-microservices-experiment-order-1,83.97,79817605,1073741824,7.43,3,39.1MB / 17.6MB,7.34MB / 77.8kB
6,2026-09-10T10:36:03.004506+00:00,13,2026-09-10T10:36:02.634274+00:00,false,microservices,product,457fddfc9065b1cf57d9e8c9cb0c9c8916a28401c0c09d03d325d876fd6586ec,tcc-microservices-experiment-product-1,0.02,82093015,1073741824,7.65,3,416kB / 282kB,6.37MB / 81.9kB
7,2026-09-10T10:36:04.004511+00:00,15,2026-09-10T10:36:03.634432+00:00,false,microservices,auth,dfec636ce5b52129f83c9bbb0601a9ee8fd7117fb886f76f7d92dfd3600b4dbc,tcc-microservices-experiment-auth-1,0.02,80740352,1073741824,7.52,3,45.3kB / 40.3kB,5.39MB / 65.5kB
7,2026-09-10T10:36:04.004511+00:00,15,2026-09-10T10:36:03.634432+00:00,false,microservices,gateway,d9bdf38d4601e4d6c757644529145db3d1e36243e00af8c43e9955b4864b9fec,tcc-microservices-experiment-gateway-1,44.0,490314138,536870912,91.32,86,9.43MB / 12.4MB,31.3MB / 197kB
7,2026-09-10T10:36:04.004511+00:00,15,2026-09-10T10:36:03.634432+00:00,false,microservices,mysql,3eef2232f5b71aa962af8c3b25a1f0c3adf5ef9e2be42936fae91c1482ece533,tcc-microservices-experiment-mysql-1,26.04,533305754,1073741824,49.67,40,12.4MB / 34MB,54.5MB / 119MB
7,2026-09-10T10:36:04.004511+00:00,15,2026-09-10T10:36:03.634432+00:00,false,microservices,order,74ac8e49149776e4faac8307655bd74651eec8e43706dfb4c55a625f4c8b0c87,tcc-microservices-experiment-order-1,83.62,80079749,1073741824,7.46,3,40.1MB / 18MB,7.34MB / 77.8kB
7,2026-09-10T10:36:04.004511+00:00,15,2026-09-10T10:36:03.634432+00:00,false,microservices,product,457fddfc9065b1cf57d9e8c9cb0c9c8916a28401c0c09d03d325d876fd6586ec,tcc-microservices-experiment-product-1,0.02,82093015,1073741824,7.65,3,416kB / 282kB,6.37MB / 81.9kB
8,2026-09-10T10:36:05.004496+00:00,17,2026-09-10T10:36:04.634376+00:00,false,microservices,auth,dfec636ce5b52129f83c9bbb0601a9ee8fd7117fb886f76f7d92dfd3600b4dbc,tcc-microservices-experiment-auth-1,0.02,80740352,1073741824,7.52,3,45.3kB / 40.3kB,5.39MB / 65.5kB
8,2026-09-10T10:36:05.004496+00:00,17,2026-09-10T10:36:04.634376+00:00,false,microservices,gateway,d9bdf38d4601e4d6c757644529145db3d1e36243e00af8c43e9955b4864b9fec,tcc-microservices-experiment-gateway-1,48.39,490104422,536870912,91.28,86,9.73MB / 12.8MB,31.3MB / 197kB
8,2026-09-10T10:36:05.004496+00:00,17,2026-09-10T10:36:04.634376+00:00,false,microservices,mysql,3eef2232f5b71aa962af8c3b25a1f0c3adf5ef9e2be42936fae91c1482ece533,tcc-microservices-experiment-mysql-1,22.42,532886323,1073741824,49.63,40,12.7MB / 34.9MB,54.5MB / 119MB
8,2026-09-10T10:36:05.004496+00:00,17,2026-09-10T10:36:04.634376+00:00,false,microservices,order,74ac8e49149776e4faac8307655bd74651eec8e43706dfb4c55a625f4c8b0c87,tcc-microservices-experiment-order-1,81.83,80562094,1073741824,7.5,3,41.2MB / 18.4MB,7.34MB / 77.8kB
8,2026-09-10T10:36:05.004496+00:00,17,2026-09-10T10:36:04.634376+00:00,false,microservices,product,457fddfc9065b1cf57d9e8c9cb0c9c8916a28401c0c09d03d325d876fd6586ec,tcc-microservices-experiment-product-1,0.02,82093015,1073741824,7.65,3,416kB / 282kB,6.37MB / 81.9kB
9,2026-09-10T10:36:06.004512+00:00,19,2026-09-10T10:36:05.635485+00:00,false,microservices,auth,dfec636ce5b52129f83c9bbb0601a9ee8fd7117fb886f76f7d92dfd3600b4dbc,tcc-microservices-experiment-auth-1,0.02,80740352,1073741824,7.52,3,45.3kB / 40.3kB,5.39MB / 65.5kB
9,2026-09-10T10:36:06.004512+00:00,19,2026-09-10T10:36:05.635485+00:00,false,microservices,gateway,d9bdf38d4601e4d6c757644529145db3d1e36243e00af8c43e9955b4864b9fec,tcc-microservices-experiment-gateway-1,44.94,489999565,536870912,91.28,86,10MB / 13.2MB,31.3MB / 197kB
9,2026-09-10T10:36:06.004512+00:00,19,2026-09-10T10:36:05.635485+00:00,false,microservices,mysql,3eef2232f5b71aa962af8c3b25a1f0c3adf5ef9e2be42936fae91c1482ece533,tcc-microservices-experiment-mysql-1,26.86,533410611,1073741824,49.67,40,13MB / 35.8MB,54.5MB / 119MB
9,2026-09-10T10:36:06.004512+00:00,19,2026-09-10T10:36:05.635485+00:00,false,microservices,order,74ac8e49149776e4faac8307655bd74651eec8e43706dfb4c55a625f4c8b0c87,tcc-microservices-experiment-order-1,82.09,80457236,1073741824,7.49,3,42.3MB / 18.8MB,7.34MB / 77.8kB
9,2026-09-10T10:36:06.004512+00:00,19,2026-09-10T10:36:05.635485+00:00,false,microservices,product,457fddfc9065b1cf57d9e8c9cb0c9c8916a28401c0c09d03d325d876fd6586ec,tcc-microservices-experiment-product-1,0.02,82093015,1073741824,7.65,3,416kB / 282kB,6.37MB / 81.9kB
10,2026-09-10T10:36:07.004489+00:00,21,2026-09-10T10:36:06.634296+00:00,false,microservices,auth,dfec636ce5b52129f83c9bbb0601a9ee8fd7117fb886f76f7d92dfd3600b4dbc,tcc-microservices-experiment-auth-1,0.02,80740352,1073741824,7.52,3,45.3kB / 40.3kB,5.39MB / 65.5kB
10,2026-09-10T10:36:07.004489+00:00,21,2026-09-10T10:36:06.634296+00:00,false,microservices,gateway,d9bdf38d4601e4d6c757644529145db3d1e36243e00af8c43e9955b4864b9fec,tcc-microservices-experiment-gateway-1,50.68,490104422,536870912,91.28,86,10.3MB / 13.5MB,31.3MB / 197kB
10,2026-09-10T10:36:07.004489+00:00,21,2026-09-10T10:36:06.634296+00:00,false,microservices,mysql,3eef2232f5b71aa962af8c3b25a1f0c3adf5ef9e2be42936fae91c1482ece533,tcc-microservices-experiment-mysql-1,22.66,532781466,1073741824,49.62,40,13.2MB / 36.6MB,54.5MB / 119MB
10,2026-09-10T10:36:07.004489+00:00,21,2026-09-10T10:36:06.634296+00:00,false,microservices,order,74ac8e49149776e4faac8307655bd74651eec8e43706dfb4c55a625f4c8b0c87,tcc-microservices-experiment-order-1,82.18,80425779,1073741824,7.49,3,43.4MB / 19.3MB,7.34MB / 77.8kB
10,2026-09-10T10:36:07.004489+00:00,21,2026-09-10T10:36:06.634296+00:00,false,microservices,product,457fddfc9065b1cf57d9e8c9cb0c9c8916a28401c0c09d03d325d876fd6586ec,tcc-microservices-experiment-product-1,0.02,82093015,1073741824,7.65,3,416kB / 282kB,6.37MB / 81.9kB
11,2026-09-10T10:36:08.004526+00:00,23,2026-09-10T10:36:07.634238+00:00,false,microservices,auth,dfec636ce5b52129f83c9bbb0601a9ee8fd7117fb886f76f7d92dfd3600b4dbc,tcc-microservices-experiment-auth-1,0.02,80740352,1073741824,7.52,3,45.3kB / 40.3kB,5.39MB / 65.5kB
11,2026-09-10T10:36:08.004526+00:00,23,2026-09-10T10:36:07.634238+00:00,false,microservices,gateway,d9bdf38d4601e4d6c757644529145db3d1e36243e00af8c43e9955b4864b9fec,tcc-microservices-experiment-gateway-1,51.2,490209280,536870912,91.3,86,10.6MB / 13.9MB,31.3MB / 197kB
11,2026-09-10T10:36:08.004526+00:00,23,2026-09-10T10:36:07.634238+00:00,false,microservices,mysql,3eef2232f5b71aa962af8c3b25a1f0c3adf5ef9e2be42936fae91c1482ece533,tcc-microservices-experiment-mysql-1,27.1,533200896,1073741824,49.66,40,13.4MB / 37.5MB,54.5MB / 119MB
11,2026-09-10T10:36:08.004526+00:00,23,2026-09-10T10:36:07.634238+00:00,false,microservices,order,74ac8e49149776e4faac8307655bd74651eec8e43706dfb4c55a625f4c8b0c87,tcc-microservices-experiment-order-1,81.83,80383836,1073741824,7.49,3,44.5MB / 19.7MB,7.34MB / 77.8kB
11,2026-09-10T10:36:08.004526+00:00,23,2026-09-10T10:36:07.634238+00:00,false,microservices,product,457fddfc9065b1cf57d9e8c9cb0c9c8916a28401c0c09d03d325d876fd6586ec,tcc-microservices-experiment-product-1,0.03,82093015,1073741824,7.65,3,416kB / 282kB,6.37MB / 81.9kB
12,2026-09-10T10:36:09.004507+00:00,25,2026-09-10T10:36:08.634544+00:00,false,microservices,auth,dfec636ce5b52129f83c9bbb0601a9ee8fd7117fb886f76f7d92dfd3600b4dbc,tcc-microservices-experiment-auth-1,0.03,80740352,1073741824,7.52,3,45.3kB / 40.3kB,5.39MB / 65.5kB
12,2026-09-10T10:36:09.004507+00:00,25,2026-09-10T10:36:08.634544+00:00,false,microservices,gateway,d9bdf38d4601e4d6c757644529145db3d1e36243e00af8c43e9955b4864b9fec,tcc-microservices-experiment-gateway-1,62.88,490628710,536870912,91.39,86,10.9MB / 14.3MB,31.3MB / 197kB
12,2026-09-10T10:36:09.004507+00:00,25,2026-09-10T10:36:08.634544+00:00,false,microservices,mysql,3eef2232f5b71aa962af8c3b25a1f0c3adf5ef9e2be42936fae91c1482ece533,tcc-microservices-experiment-mysql-1,22.86,532571750,1073741824,49.6,40,13.7MB / 38.4MB,54.5MB / 119MB
12,2026-09-10T10:36:09.004507+00:00,25,2026-09-10T10:36:08.634544+00:00,false,microservices,order,74ac8e49149776e4faac8307655bd74651eec8e43706dfb4c55a625f4c8b0c87,tcc-microservices-experiment-order-1,82.0,80520151,1073741824,7.5,3,45.5MB / 20.1MB,7.34MB / 77.8kB
12,2026-09-10T10:36:09.004507+00:00,25,2026-09-10T10:36:08.634544+00:00,false,microservices,product,457fddfc9065b1cf57d9e8c9cb0c9c8916a28401c0c09d03d325d876fd6586ec,tcc-microservices-experiment-product-1,0.02,82093015,1073741824,7.65,3,416kB / 282kB,6.37MB / 81.9kB
13,2026-09-10T10:36:10.004479+00:00,27,2026-09-10T10:36:09.634310+00:00,false,microservices,auth,dfec636ce5b52129f83c9bbb0601a9ee8fd7117fb886f76f7d92dfd3600b4dbc,tcc-microservices-experiment-auth-1,0.02,80740352,1073741824,7.52,3,45.3kB / 40.3kB,5.39MB / 65.5kB
13,2026-09-10T10:36:10.004479+00:00,27,2026-09-10T10:36:09.634310+00:00,false,microservices,gateway,d9bdf38d4601e4d6c757644529145db3d1e36243e00af8c43e9955b4864b9fec,tcc-microservices-experiment-gateway-1,95.48,490943283,536870912,91.44,86,11.2MB / 14.7MB,31.4MB / 197kB
13,2026-09-10T10:36:10.004479+00:00,27,2026-09-10T10:36:09.634310+00:00,false,microservices,mysql,3eef2232f5b71aa962af8c3b25a1f0c3adf5ef9e2be42936fae91c1482ece533,tcc-microservices-experiment-mysql-1,27.38,532781466,1073741824,49.62,40,13.9MB / 39.3MB,54.5MB / 119MB
13,2026-09-10T10:36:10.004479+00:00,27,2026-09-10T10:36:09.634310+00:00,false,microservices,order,74ac8e49149776e4faac8307655bd74651eec8e43706dfb4c55a625f4c8b0c87,tcc-microservices-experiment-order-1,82.52,80614523,1073741824,7.51,3,46.6MB / 20.5MB,7.34MB / 77.8kB
13,2026-09-10T10:36:10.004479+00:00,27,2026-09-10T10:36:09.634310+00:00,false,microservices,product,457fddfc9065b1cf57d9e8c9cb0c9c8916a28401c0c09d03d325d876fd6586ec,tcc-microservices-experiment-product-1,0.02,82093015,1073741824,7.65,3,416kB / 282kB,6.37MB / 81.9kB
14,2026-09-10T10:36:11.004486+00:00,29,2026-09-10T10:36:10.634600+00:00,false,microservices,auth,dfec636ce5b52129f83c9bbb0601a9ee8fd7117fb886f76f7d92dfd3600b4dbc,tcc-microservices-experiment-auth-1,0.02,80740352,1073741824,7.52,3,45.3kB / 40.3kB,5.39MB / 65.5kB
14,2026-09-10T10:36:11.004486+00:00,29,2026-09-10T10:36:10.634600+00:00,false,microservices,gateway,d9bdf38d4601e4d6c757644529145db3d1e36243e00af8c43e9955b4864b9fec,tcc-microservices-experiment-gateway-1,71.71,490838426,536870912,91.42,86,11.4MB / 15MB,31.4MB / 197kB
14,2026-09-10T10:36:11.004486+00:00,29,2026-09-10T10:36:10.634600+00:00,false,microservices,mysql,3eef2232f5b71aa962af8c3b25a1f0c3adf5ef9e2be42936fae91c1482ece533,tcc-microservices-experiment-mysql-1,22.94,532676608,1073741824,49.61,40,14.2MB / 40.1MB,54.5MB / 119MB
14,2026-09-10T10:36:11.004486+00:00,29,2026-09-10T10:36:10.634600+00:00,false,microservices,order,74ac8e49149776e4faac8307655bd74651eec8e43706dfb4c55a625f4c8b0c87,tcc-microservices-experiment-order-1,81.84,80708895,1073741824,7.52,3,47.7MB / 21MB,7.34MB / 77.8kB
14,2026-09-10T10:36:11.004486+00:00,29,2026-09-10T10:36:10.634600+00:00,false,microservices,product,457fddfc9065b1cf57d9e8c9cb0c9c8916a28401c0c09d03d325d876fd6586ec,tcc-microservices-experiment-product-1,0.02,82093015,1073741824,7.65,3,416kB / 282kB,6.37MB / 81.9kB
15,2026-09-10T10:36:12.004501+00:00,31,2026-09-10T10:36:11.634290+00:00,false,microservices,auth,dfec636ce5b52129f83c9bbb0601a9ee8fd7117fb886f76f7d92dfd3600b4dbc,tcc-microservices-experiment-auth-1,0.02,80740352,1073741824,7.52,3,45.3kB / 40.3kB,5.39MB / 65.5kB
15,2026-09-10T10:36:12.004501+00:00,31,2026-09-10T10:36:11.634290+00:00,false,microservices,gateway,d9bdf38d4601e4d6c757644529145db3d1e36243e00af8c43e9955b4864b9fec,tcc-microservices-experiment-gateway-1,78.92,493459866,536870912,91.91,86,11.7MB / 15.4MB,31.4MB / 197kB
15,2026-09-10T10:36:12.004501+00:00,31,2026-09-10T10:36:11.634290+00:00,false,microservices,mysql,3eef2232f5b71aa962af8c3b25a1f0c3adf5ef9e2be42936fae91c1482ece533,tcc-microservices-experiment-mysql-1,26.59,533096038,1073741824,49.65,40,14.4MB / 41MB,54.5MB / 119MB
15,2026-09-10T10:36:12.004501+00:00,31,2026-09-10T10:36:11.634290+00:00,false,microservices,order,74ac8e49149776e4faac8307655bd74651eec8e43706dfb4c55a625f4c8b0c87,tcc-microservices-experiment-order-1,82.73,80971039,1073741824,7.54,3,48.7MB / 21.4MB,7.34MB / 77.8kB
15,2026-09-10T10:36:12.004501+00:00,31,2026-09-10T10:36:11.634290+00:00,false,microservices,product,457fddfc9065b1cf57d9e8c9cb0c9c8916a28401c0c09d03d325d876fd6586ec,tcc-microservices-experiment-product-1,0.02,82093015,1073741824,7.65,3,416kB / 282kB,6.37MB / 81.9kB
16,2026-09-10T10:36:13.004488+00:00,33,2026-09-10T10:36:12.634433+00:00,false,microservices,auth,dfec636ce5b52129f83c9bbb0601a9ee8fd7117fb886f76f7d92dfd3600b4dbc,tcc-microservices-experiment-auth-1,0.02,80740352,1073741824,7.52,3,45.3kB / 40.3kB,5.39MB / 65.5kB
16,2026-09-10T10:36:13.004488+00:00,33,2026-09-10T10:36:12.634433+00:00,false,microservices,gateway,d9bdf38d4601e4d6c757644529145db3d1e36243e00af8c43e9955b4864b9fec,tcc-microservices-experiment-gateway-1,39.35,493250150,536870912,91.87,86,12MB / 15.8MB,31.4MB / 197kB
16,2026-09-10T10:36:13.004488+00:00,33,2026-09-10T10:36:12.634433+00:00,false,microservices,mysql,3eef2232f5b71aa962af8c3b25a1f0c3adf5ef9e2be42936fae91c1482ece533,tcc-microservices-experiment-mysql-1,23.55,532886323,1073741824,49.63,40,14.7MB / 41.9MB,54.5MB / 119MB
16,2026-09-10T10:36:13.004488+00:00,33,2026-09-10T10:36:12.634433+00:00,false,microservices,order,74ac8e49149776e4faac8307655bd74651eec8e43706dfb4c55a625f4c8b0c87,tcc-microservices-experiment-order-1,81.07,80918610,1073741824,7.54,3,49.8MB / 21.8MB,7.34MB / 77.8kB
16,2026-09-10T10:36:13.004488+00:00,33,2026-09-10T10:36:12.634433+00:00,false,microservices,product,457fddfc9065b1cf57d9e8c9cb0c9c8916a28401c0c09d03d325d876fd6586ec,tcc-microservices-experiment-product-1,0.02,82093015,1073741824,7.65,3,416kB / 282kB,6.37MB / 81.9kB
17,2026-09-10T10:36:14.004497+00:00,35,2026-09-10T10:36:13.634483+00:00,false,microservices,auth,dfec636ce5b52129f83c9bbb0601a9ee8fd7117fb886f76f7d92dfd3600b4dbc,tcc-microservices-experiment-auth-1,0.02,80740352,1073741824,7.52,3,45.3kB / 40.3kB,5.39MB / 65.5kB
17,2026-09-10T10:36:14.004497+00:00,35,2026-09-10T10:36:13.634483+00:00,false,microservices,gateway,d9bdf38d4601e4d6c757644529145db3d1e36243e00af8c43e9955b4864b9fec,tcc-microservices-experiment-gateway-1,43.39,493879296,536870912,91.99,86,12.3MB / 16.2MB,31.4MB / 197kB
17,2026-09-10T10:36:14.004497+00:00,35,2026-09-10T10:36:13.634483+00:00,false,microservices,mysql,3eef2232f5b71aa962af8c3b25a1f0c3adf5ef9e2be42936fae91c1482ece533,tcc-microservices-experiment-mysql-1,26.92,533200896,1073741824,49.66,40,14.9MB / 42.8MB,54.5MB / 119MB
17,2026-09-10T10:36:14.004497+00:00,35,2026-09-10T10:36:13.634483+00:00,false,microservices,order,74ac8e49149776e4faac8307655bd74651eec8e43706dfb4c55a625f4c8b0c87,tcc-microservices-experiment-order-1,82.38,81453384,1073741824,7.59,3,50.9MB / 22.3MB,7.34MB / 77.8kB
17,2026-09-10T10:36:14.004497+00:00,35,2026-09-10T10:36:13.634483+00:00,false,microservices,product,457fddfc9065b1cf57d9e8c9cb0c9c8916a28401c0c09d03d325d876fd6586ec,tcc-microservices-experiment-product-1,0.02,82093015,1073741824,7.65,3,416kB / 282kB,6.37MB / 81.9kB
18,2026-09-10T10:36:15.004472+00:00,37,2026-09-10T10:36:14.634622+00:00,false,microservices,auth,dfec636ce5b52129f83c9bbb0601a9ee8fd7117fb886f76f7d92dfd3600b4dbc,tcc-microservices-experiment-auth-1,0.02,80740352,1073741824,7.52,3,45.3kB / 40.3kB,5.39MB / 65.5kB
18,2026-09-10T10:36:15.004472+00:00,37,2026-09-10T10:36:14.634622+00:00,false,microservices,gateway,d9bdf38d4601e4d6c757644529145db3d1e36243e00af8c43e9955b4864b9fec,tcc-microservices-experiment-gateway-1,79.22,490104422,536870912,91.3,86,12.6MB / 16.6MB,31.4MB / 197kB
18,2026-09-10T10:36:15.004472+00:00,37,2026-09-10T10:36:14.634622+00:00,false,microservices,mysql,3eef2232f5b71aa962af8c3b25a1f0c3adf5ef9e2be42936fae91c1482ece533,tcc-microservices-experiment-mysql-1,23.0,532676608,1073741824,49.61,40,15.2MB / 43.7MB,54.5MB / 119MB
18,2026-09-10T10:36:15.004472+00:00,37,2026-09-10T10:36:14.634622+00:00,false,microservices,order,74ac8e49149776e4faac8307655bd74651eec8e43706dfb4c55a625f4c8b0c87,tcc-microservices-experiment-order-1,81.97,81044439,1073741824,7.55,3,52MB / 22.7MB,7.34MB / 77.8kB
18,2026-09-10T10:36:15.004472+00:00,37,2026-09-10T10:36:14.634622+00:00,false,microservices,product,457fddfc9065b1cf57d9e8c9cb0c9c8916a28401c0c09d03d325d876fd6586ec,tcc-microservices-experiment-product-1,0.02,82093015,1073741824,7.65,3,416kB / 282kB,6.37MB / 81.9kB
19,2026-09-10T10:36:16.004507+00:00,39,2026-09-10T10:36:15.634325+00:00,false,microservices,auth,dfec636ce5b52129f83c9bbb0601a9ee8fd7117fb886f76f7d92dfd3600b4dbc,tcc-microservices-experiment-auth-1,0.02,80740352,1073741824,7.52,3,45.3kB / 40.3kB,5.39MB / 65.5kB
19,2026-09-10T10:36:16.004507+00:00,39,2026-09-10T10:36:15.634325+00:00,false,microservices,gateway,d9bdf38d4601e4d6c757644529145db3d1e36243e00af8c43e9955b4864b9fec,tcc-microservices-experiment-gateway-1,43.72,491152998,536870912,91.47,86,12.9MB / 17MB,31.4MB / 197kB
19,2026-09-10T10:36:16.004507+00:00,39,2026-09-10T10:36:15.634325+00:00,false,microservices,mysql,3eef2232f5b71aa962af8c3b25a1f0c3adf5ef9e2be42936fae91c1482ece533,tcc-microservices-experiment-mysql-1,26.87,534039757,1073741824,49.74,40,15.4MB / 44.6MB,54.5MB / 119MB
19,2026-09-10T10:36:16.004507+00:00,39,2026-09-10T10:36:15.634325+00:00,false,microservices,order,74ac8e49149776e4faac8307655bd74651eec8e43706dfb4c55a625f4c8b0c87,tcc-microservices-experiment-order-1,81.55,80499180,1073741824,7.5,3,53.1MB / 23.1MB,7.34MB / 77.8kB
19,2026-09-10T10:36:16.004507+00:00,39,2026-09-10T10:36:15.634325+00:00,false,microservices,product,457fddfc9065b1cf57d9e8c9cb0c9c8916a28401c0c09d03d325d876fd6586ec,tcc-microservices-experiment-product-1,0.02,82093015,1073741824,7.65,3,416kB / 282kB,6.37MB / 81.9kB
20,2026-09-10T10:36:17.004511+00:00,41,2026-09-10T10:36:16.634160+00:00,false,microservices,auth,dfec636ce5b52129f83c9bbb0601a9ee8fd7117fb886f76f7d92dfd3600b4dbc,tcc-microservices-experiment-auth-1,0.02,80740352,1073741824,7.52,3,45.3kB / 40.3kB,5.39MB / 65.5kB
20,2026-09-10T10:36:17.004511+00:00,41,2026-09-10T10:36:16.634160+00:00,false,microservices,gateway,d9bdf38d4601e4d6c757644529145db3d1e36243e00af8c43e9955b4864b9fec,tcc-microservices-experiment-gateway-1,71.22,490838426,536870912,91.42,86,13.2MB / 17.4MB,31.4MB / 213kB
20,2026-09-10T10:36:17.004511+00:00,41,2026-09-10T10:36:16.634160+00:00,false,microservices,mysql,3eef2232f5b71aa962af8c3b25a1f0c3adf5ef9e2be42936fae91c1482ece533,tcc-microservices-experiment-mysql-1,22.89,532781466,1073741824,49.62,40,15.7MB / 45.4MB,54.5MB / 119MB
20,2026-09-10T10:36:17.004511+00:00,41,2026-09-10T10:36:16.634160+00:00,false,microservices,order,74ac8e49149776e4faac8307655bd74651eec8e43706dfb4c55a625f4c8b0c87,tcc-microservices-experiment-order-1,81.13,81023468,1073741824,7.55,3,54.2MB / 23.6MB,7.34MB / 77.8kB
20,2026-09-10T10:36:17.004511+00:00,41,2026-09-10T10:36:16.634160+00:00,false,microservices,product,457fddfc9065b1cf57d9e8c9cb0c9c8916a28401c0c09d03d325d876fd6586ec,tcc-microservices-experiment-product-1,0.02,82093015,1073741824,7.65,3,416kB / 282kB,6.37MB / 81.9kB
21,2026-09-10T10:36:18.004485+00:00,43,2026-09-10T10:36:17.634342+00:00,false,microservices,auth,dfec636ce5b52129f83c9bbb0601a9ee8fd7117fb886f76f7d92dfd3600b4dbc,tcc-microservices-experiment-auth-1,0.02,80740352,1073741824,7.52,3,45.3kB / 40.3kB,5.39MB / 65.5kB
21,2026-09-10T10:36:18.004485+00:00,43,2026-09-10T10:36:17.634342+00:00,false,microservices,gateway,d9bdf38d4601e4d6c757644529145db3d1e36243e00af8c43e9955b4864b9fec,tcc-microservices-experiment-gateway-1,79.18,491048141,536870912,91.47,86,13.5MB / 17.7MB,31.4MB / 213kB
21,2026-09-10T10:36:18.004485+00:00,43,2026-09-10T10:36:17.634342+00:00,false,microservices,mysql,3eef2232f5b71aa962af8c3b25a1f0c3adf5ef9e2be42936fae91c1482ece533,tcc-microservices-experiment-mysql-1,27.23,532991181,1073741824,49.63,40,15.9MB / 46.3MB,54.5MB / 119MB
21,2026-09-10T10:36:18.004485+00:00,43,2026-09-10T10:36:17.634342+00:00,false,microservices,order,74ac8e49149776e4faac8307655bd74651eec8e43706dfb4c55a625f4c8b0c87,tcc-microservices-experiment-order-1,82.5,81390469,1073741824,7.58,3,55.3MB / 24MB,7.34MB / 77.8kB
21,2026-09-10T10:36:18.004485+00:00,43,2026-09-10T10:36:17.634342+00:00,false,microservices,product,457fddfc9065b1cf57d9e8c9cb0c9c8916a28401c0c09d03d325d876fd6586ec,tcc-microservices-experiment-product-1,0.02,82093015,1073741824,7.65,3,416kB / 282kB,6.37MB / 81.9kB
22,2026-09-10T10:36:19.004507+00:00,45,2026-09-10T10:36:18.634270+00:00,false,microservices,auth,dfec636ce5b52129f83c9bbb0601a9ee8fd7117fb886f76f7d92dfd3600b4dbc,tcc-microservices-experiment-auth-1,0.02,80740352,1073741824,7.52,3,45.3kB / 40.3kB,5.39MB / 65.5kB
22,2026-09-10T10:36:19.004507+00:00,45,2026-09-10T10:36:18.634270+00:00,false,microservices,gateway,d9bdf38d4601e4d6c757644529145db3d1e36243e00af8c43e9955b4864b9fec,tcc-microservices-experiment-gateway-1,66.69,491362714,536870912,91.53,86,13.8MB / 18.1MB,31.4MB / 213kB
22,2026-09-10T10:36:19.004507+00:00,45,2026-09-10T10:36:18.634270+00:00,false,microservices,mysql,3eef2232f5b71aa962af8c3b25a1f0c3adf5ef9e2be42936fae91c1482ece533,tcc-microservices-experiment-mysql-1,22.31,532571750,1073741824,49.6,40,16.2MB / 47.2MB,54.5MB / 119MB
22,2026-09-10T10:36:19.004507+00:00,45,2026-09-10T10:36:18.634270+00:00,false,microservices,order,74ac8e49149776e4faac8307655bd74651eec8e43706dfb4c55a625f4c8b0c87,tcc-microservices-experiment-order-1,82.65,81338040,1073741824,7.58,3,56.3MB / 24.4MB,7.34MB / 77.8kB
22,2026-09-10T10:36:19.004507+00:00,45,2026-09-10T10:36:18.634270+00:00,false,microservices,product,457fddfc9065b1cf57d9e8c9cb0c9c8916a28401c0c09d03d325d876fd6586ec,tcc-microservices-experiment-product-1,0.02,82093015,1073741824,7.65,3,416kB / 282kB,6.37MB / 81.9kB
23,2026-09-10T10:36:20.004469+00:00,47,2026-09-10T10:36:19.634250+00:00,false,microservices,auth,dfec636ce5b52129f83c9bbb0601a9ee8fd7117fb886f76f7d92dfd3600b4dbc,tcc-microservices-experiment-auth-1,0.02,80740352,1073741824,7.52,3,45.3kB / 40.3kB,5.39MB / 65.5kB
23,2026-09-10T10:36:20.004469+00:00,47,2026-09-10T10:36:19.634250+00:00,false,microservices,gateway,d9bdf38d4601e4d6c757644529145db3d1e36243e00af8c43e9955b4864b9fec,tcc-microservices-experiment-gateway-1,44.42,490838426,536870912,91.43,86,14MB / 18.5MB,31.4MB / 213kB
23,2026-09-10T10:36:20.004469+00:00,47,2026-09-10T10:36:19.634250+00:00,false,microservices,mysql,3eef2232f5b71aa962af8c3b25a1f0c3adf5ef9e2be42936fae91c1482ece533,tcc-microservices-experiment-mysql-1,26.89,533515469,1073741824,49.69,40,16.4MB / 48.1MB,54.5MB / 119MB
23,2026-09-10T10:36:20.004469+00:00,47,2026-09-10T10:36:19.634250+00:00,false,microservices,order,74ac8e49149776e4faac8307655bd74651eec8e43706dfb4c55a625f4c8b0c87,tcc-microservices-experiment-order-1,82.08,81799414,1073741824,7.62,3,57.4MB / 24.9MB,7.34MB / 77.8kB
23,2026-09-10T10:36:20.004469+00:00,47,2026-09-10T10:36:19.634250+00:00,false,microservices,product,457fddfc9065b1cf57d9e8c9cb0c9c8916a28401c0c09d03d325d876fd6586ec,tcc-microservices-experiment-product-1,0.02,82093015,1073741824,7.65,3,416kB / 282kB,6.37MB / 81.9kB
24,2026-09-10T10:36:21.004482+00:00,49,2026-09-10T10:36:20.634220+00:00,false,microservices,auth,dfec636ce5b52129f83c9bbb0601a9ee8fd7117fb886f76f7d92dfd3600b4dbc,tcc-microservices-experiment-auth-1,0.01,80740352,1073741824,7.52,3,45.3kB / 40.3kB,5.39MB / 65.5kB
24,2026-09-10T10:36:21.004482+00:00,49,2026-09-10T10:36:20.634220+00:00,false,microservices,gateway,d9bdf38d4601e4d6c757644529145db3d1e36243e00af8c43e9955b4864b9fec,tcc-microservices-experiment-gateway-1,36.7,491677286,536870912,91.59,86,14.3MB / 18.9MB,31.4MB / 213kB
24,2026-09-10T10:36:21.004482+00:00,49,2026-09-10T10:36:20.634220+00:00,false,microservices,mysql,3eef2232f5b71aa962af8c3b25a1f0c3adf5ef9e2be42936fae91c1482ece533,tcc-microservices-experiment-mysql-1,23.35,533200896,1073741824,49.65,40,16.7MB / 49MB,54.5MB / 120MB
24,2026-09-10T10:36:21.004482+00:00,49,2026-09-10T10:36:20.634220+00:00,false,microservices,order,74ac8e49149776e4faac8307655bd74651eec8e43706dfb4c55a625f4c8b0c87,tcc-microservices-experiment-order-1,81.78,81715528,1073741824,7.61,3,58.5MB / 25.3MB,7.34MB / 77.8kB
24,2026-09-10T10:36:21.004482+00:00,49,2026-09-10T10:36:20.634220+00:00,false,microservices,product,457fddfc9065b1cf57d9e8c9cb0c9c8916a28401c0c09d03d325d876fd6586ec,tcc-microservices-experiment-product-1,0.02,82093015,1073741824,7.65,3,416kB / 282kB,6.37MB / 81.9kB
25,2026-09-10T10:36:22.004488+00:00,51,2026-09-10T10:36:21.634247+00:00,false,microservices,auth,dfec636ce5b52129f83c9bbb0601a9ee8fd7117fb886f76f7d92dfd3600b4dbc,tcc-microservices-experiment-auth-1,0.02,80740352,1073741824,7.52,3,45.3kB / 40.3kB,5.39MB / 65.5kB
25,2026-09-10T10:36:22.004488+00:00,51,2026-09-10T10:36:21.634247+00:00,false,microservices,gateway,d9bdf38d4601e4d6c757644529145db3d1e36243e00af8c43e9955b4864b9fec,tcc-microservices-experiment-gateway-1,38.53,490733568,536870912,91.4,86,14.6MB / 19.3MB,31.4MB / 213kB
25,2026-09-10T10:36:22.004488+00:00,51,2026-09-10T10:36:21.634247+00:00,false,microservices,mysql,3eef2232f5b71aa962af8c3b25a1f0c3adf5ef9e2be42936fae91c1482ece533,tcc-microservices-experiment-mysql-1,27.3,533305754,1073741824,49.66,40,16.9MB / 49.9MB,54.6MB / 120MB
25,2026-09-10T10:36:22.004488+00:00,51,2026-09-10T10:36:21.634247+00:00,false,microservices,order,74ac8e49149776e4faac8307655bd74651eec8e43706dfb4c55a625f4c8b0c87,tcc-microservices-experiment-order-1,81.33,81998643,1073741824,7.64,3,59.6MB / 25.7MB,7.34MB / 77.8kB
25,2026-09-10T10:36:22.004488+00:00,51,2026-09-10T10:36:21.634247+00:00,false,microservices,product,457fddfc9065b1cf57d9e8c9cb0c9c8916a28401c0c09d03d325d876fd6586ec,tcc-microservices-experiment-product-1,0.02,82093015,1073741824,7.65,3,416kB / 282kB,6.37MB / 81.9kB
26,2026-09-10T10:36:23.004498+00:00,53,2026-09-10T10:36:22.634579+00:00,false,microservices,auth,dfec636ce5b52129f83c9bbb0601a9ee8fd7117fb886f76f7d92dfd3600b4dbc,tcc-microservices-experiment-auth-1,0.02,80740352,1073741824,7.52,3,45.3kB / 40.3kB,5.39MB / 65.5kB
26,2026-09-10T10:36:23.004498+00:00,53,2026-09-10T10:36:22.634579+00:00,false,microservices,gateway,d9bdf38d4601e4d6c757644529145db3d1e36243e00af8c43e9955b4864b9fec,tcc-microservices-experiment-gateway-1,44.64,491887002,536870912,91.61,86,14.9MB / 19.7MB,31.4MB / 213kB
26,2026-09-10T10:36:23.004498+00:00,53,2026-09-10T10:36:22.634579+00:00,false,microservices,mysql,3eef2232f5b71aa962af8c3b25a1f0c3adf5ef9e2be42936fae91c1482ece533,tcc-microservices-experiment-mysql-1,23.47,533096038,1073741824,49.64,40,17.2MB / 50.8MB,54.6MB / 120MB
26,2026-09-10T10:36:23.004498+00:00,53,2026-09-10T10:36:22.634579+00:00,false,microservices,order,74ac8e49149776e4faac8307655bd74651eec8e43706dfb4c55a625f4c8b0c87,tcc-microservices-experiment-order-1,81.6,83057705,1073741824,7.74,3,60.7MB / 26.2MB,7.34MB / 77.8kB
26,2026-09-10T10:36:23.004498+00:00,53,2026-09-10T10:36:22.634579+00:00,false,microservices,product,457fddfc9065b1cf57d9e8c9cb0c9c8916a28401c0c09d03d325d876fd6586ec,tcc-microservices-experiment-product-1,0.02,82093015,1073741824,7.65,3,416kB / 282kB,6.37MB / 81.9kB
27,2026-09-10T10:36:24.004481+00:00,55,2026-09-10T10:36:23.634330+00:00,false,microservices,auth,dfec636ce5b52129f83c9bbb0601a9ee8fd7117fb886f76f7d92dfd3600b4dbc,tcc-microservices-experiment-auth-1,0.02,80740352,1073741824,7.52,3,45.3kB / 40.3kB,5.39MB / 65.5kB
27,2026-09-10T10:36:24.004481+00:00,55,2026-09-10T10:36:23.634330+00:00,false,microservices,gateway,d9bdf38d4601e4d6c757644529145db3d1e36243e00af8c43e9955b4864b9fec,tcc-microservices-experiment-gateway-1,54.14,490733568,536870912,91.41,86,15.2MB / 20.1MB,31.4MB / 213kB
27,2026-09-10T10:36:24.004481+00:00,55,2026-09-10T10:36:23.634330+00:00,false,microservices,mysql,3eef2232f5b71aa962af8c3b25a1f0c3adf5ef9e2be42936fae91c1482ece533,tcc-microservices-experiment-mysql-1,27.37,532886323,1073741824,49.63,40,17.4MB / 51.7MB,54.6MB / 120MB
27,2026-09-10T10:36:24.004481+00:00,55,2026-09-10T10:36:23.634330+00:00,false,microservices,order,74ac8e49149776e4faac8307655bd74651eec8e43706dfb4c55a625f4c8b0c87,tcc-microservices-experiment-order-1,82.24,82973819,1073741824,7.73,3,61.8MB / 26.6MB,7.34MB / 77.8kB
27,2026-09-10T10:36:24.004481+00:00,55,2026-09-10T10:36:23.634330+00:00,false,microservices,product,457fddfc9065b1cf57d9e8c9cb0c9c8916a28401c0c09d03d325d876fd6586ec,tcc-microservices-experiment-product-1,0.02,82093015,1073741824,7.65,3,416kB / 282kB,6.37MB / 81.9kB
28,2026-09-10T10:36:25.004478+00:00,57,2026-09-10T10:36:24.634545+00:00,false,microservices,auth,dfec636ce5b52129f83c9bbb0601a9ee8fd7117fb886f76f7d92dfd3600b4dbc,tcc-microservices-experiment-auth-1,0.02,80740352,1073741824,7.52,3,45.3kB / 40.3kB,5.39MB / 65.5kB
28,2026-09-10T10:36:25.004478+00:00,57,2026-09-10T10:36:24.634545+00:00,false,microservices,gateway,d9bdf38d4601e4d6c757644529145db3d1e36243e00af8c43e9955b4864b9fec,tcc-microservices-experiment-gateway-1,64.0,491362714,536870912,91.53,86,15.5MB / 20.4MB,31.4MB / 213kB
28,2026-09-10T10:36:25.004478+00:00,57,2026-09-10T10:36:24.634545+00:00,false,microservices,mysql,3eef2232f5b71aa962af8c3b25a1f0c3adf5ef9e2be42936fae91c1482ece533,tcc-microservices-experiment-mysql-1,23.43,532571750,1073741824,49.6,40,17.7MB / 52.6MB,54.6MB / 120MB
28,2026-09-10T10:36:25.004478+00:00,57,2026-09-10T10:36:24.634545+00:00,false,microservices,order,74ac8e49149776e4faac8307655bd74651eec8e43706dfb4c55a625f4c8b0c87,tcc-microservices-experiment-order-1,81.71,82858476,1073741824,7.72,3,62.9MB / 27.1MB,7.34MB / 77.8kB
28,2026-09-10T10:36:25.004478+00:00,57,2026-09-10T10:36:24.634545+00:00,false,microservices,product,457fddfc9065b1cf57d9e8c9cb0c9c8916a28401c0c09d03d325d876fd6586ec,tcc-microservices-experiment-product-1,0.02,82093015,1073741824,7.65,3,416kB / 282kB,6.37MB / 81.9kB
29,2026-09-10T10:36:26.004509+00:00,59,2026-09-10T10:36:25.634323+00:00,false,microservices,auth,dfec636ce5b52129f83c9bbb0601a9ee8fd7117fb886f76f7d92dfd3600b4dbc,tcc-microservices-experiment-auth-1,0.02,80740352,1073741824,7.52,3,45.3kB / 40.3kB,5.39MB / 65.5kB
29,2026-09-10T10:36:26.004509+00:00,59,2026-09-10T10:36:25.634323+00:00,false,microservices,gateway,d9bdf38d4601e4d6c757644529145db3d1e36243e00af8c43e9955b4864b9fec,tcc-microservices-experiment-gateway-1,52.49,491782144,536870912,91.6,86,15.8MB / 20.8MB,31.4MB / 213kB
29,2026-09-10T10:36:26.004509+00:00,59,2026-09-10T10:36:25.634323+00:00,false,microservices,mysql,3eef2232f5b71aa962af8c3b25a1f0c3adf5ef9e2be42936fae91c1482ece533,tcc-microservices-experiment-mysql-1,26.75,532781466,1073741824,49.62,40,18MB / 53.4MB,54.6MB / 120MB
29,2026-09-10T10:36:26.004509+00:00,59,2026-09-10T10:36:25.634323+00:00,false,microservices,order,74ac8e49149776e4faac8307655bd74651eec8e43706dfb4c55a625f4c8b0c87,tcc-microservices-experiment-order-1,82.65,82229330,1073741824,7.66,3,64MB / 27.5MB,7.34MB / 77.8kB
29,2026-09-10T10:36:26.004509+00:00,59,2026-09-10T10:36:25.634323+00:00,false,microservices,product,457fddfc9065b1cf57d9e8c9cb0c9c8916a28401c0c09d03d325d876fd6586ec,tcc-microservices-experiment-product-1,0.02,82093015,1073741824,7.65,3,416kB / 282kB,6.37MB / 81.9kB
30,2026-09-10T10:36:27.004497+00:00,61,2026-09-10T10:36:26.634561+00:00,false,microservices,auth,dfec636ce5b52129f83c9bbb0601a9ee8fd7117fb886f76f7d92dfd3600b4dbc,tcc-microservices-experiment-auth-1,0.02,80740352,1073741824,7.52,3,45.3kB / 40.3kB,5.39MB / 65.5kB
30,2026-09-10T10:36:27.004497+00:00,61,2026-09-10T10:36:26.634561+00:00,false,microservices,gateway,d9bdf38d4601e4d6c757644529145db3d1e36243e00af8c43e9955b4864b9fec,tcc-microservices-experiment-gateway-1,37.91,492201574,536870912,91.67,86,16.1MB / 21.2MB,31.4MB / 213kB
30,2026-09-10T10:36:27.004497+00:00,61,2026-09-10T10:36:26.634561+00:00,false,microservices,mysql,3eef2232f5b71aa962af8c3b25a1f0c3adf5ef9e2be42936fae91c1482ece533,tcc-microservices-experiment-mysql-1,23.32,532676608,1073741824,49.61,40,18.2MB / 54.3MB,54.6MB / 120MB
30,2026-09-10T10:36:27.004497+00:00,61,2026-09-10T10:36:26.634561+00:00,false,microservices,order,74ac8e49149776e4faac8307655bd74651eec8e43706dfb4c55a625f4c8b0c87,tcc-microservices-experiment-order-1,81.69,83047219,1073741824,7.73,3,65.1MB / 27.9MB,7.34MB / 77.8kB
30,2026-09-10T10:36:27.004497+00:00,61,2026-09-10T10:36:26.634561+00:00,false,microservices,product,457fddfc9065b1cf57d9e8c9cb0c9c8916a28401c0c09d03d325d876fd6586ec,tcc-microservices-experiment-product-1,0.02,82093015,1073741824,7.65,3,416kB / 282kB,6.37MB / 81.9kB
31,2026-09-10T10:36:28.004501+00:00,63,2026-09-10T10:36:27.633793+00:00,false,microservices,auth,dfec636ce5b52129f83c9bbb0601a9ee8fd7117fb886f76f7d92dfd3600b4dbc,tcc-microservices-experiment-auth-1,0.02,80740352,1073741824,7.52,3,45.3kB / 40.3kB,5.39MB / 65.5kB
31,2026-09-10T10:36:28.004501+00:00,63,2026-09-10T10:36:27.633793+00:00,false,microservices,gateway,d9bdf38d4601e4d6c757644529145db3d1e36243e00af8c43e9955b4864b9fec,tcc-microservices-experiment-gateway-1,35.93,491782144,536870912,91.59,86,16.4MB / 21.6MB,31.4MB / 213kB
31,2026-09-10T10:36:28.004501+00:00,63,2026-09-10T10:36:27.633793+00:00,false,microservices,mysql,3eef2232f5b71aa962af8c3b25a1f0c3adf5ef9e2be42936fae91c1482ece533,tcc-microservices-experiment-mysql-1,26.59,533305754,1073741824,49.67,40,18.5MB / 55.2MB,54.6MB / 120MB
31,2026-09-10T10:36:28.004501+00:00,63,2026-09-10T10:36:27.633793+00:00,false,microservices,order,74ac8e49149776e4faac8307655bd74651eec8e43706dfb4c55a625f4c8b0c87,tcc-microservices-experiment-order-1,82.07,82921390,1073741824,7.72,3,66.2MB / 28.4MB,7.34MB / 77.8kB
31,2026-09-10T10:36:28.004501+00:00,63,2026-09-10T10:36:27.633793+00:00,false,microservices,product,457fddfc9065b1cf57d9e8c9cb0c9c8916a28401c0c09d03d325d876fd6586ec,tcc-microservices-experiment-product-1,0.02,82093015,1073741824,7.65,3,416kB / 282kB,6.37MB / 81.9kB
32,2026-09-10T10:36:29.004479+00:00,65,2026-09-10T10:36:28.634619+00:00,false,microservices,auth,dfec636ce5b52129f83c9bbb0601a9ee8fd7117fb886f76f7d92dfd3600b4dbc,tcc-microservices-experiment-auth-1,0.02,80740352,1073741824,7.52,3,45.3kB / 40.3kB,5.39MB / 65.5kB
32,2026-09-10T10:36:29.004479+00:00,65,2026-09-10T10:36:28.634619+00:00,false,microservices,gateway,d9bdf38d4601e4d6c757644529145db3d1e36243e00af8c43e9955b4864b9fec,tcc-microservices-experiment-gateway-1,32.28,491572429,536870912,91.55,86,16.7MB / 22MB,31.4MB / 213kB
32,2026-09-10T10:36:29.004479+00:00,65,2026-09-10T10:36:28.634619+00:00,false,microservices,mysql,3eef2232f5b71aa962af8c3b25a1f0c3adf5ef9e2be42936fae91c1482ece533,tcc-microservices-experiment-mysql-1,22.49,533305754,1073741824,49.67,40,18.7MB / 56.1MB,54.6MB / 120MB
32,2026-09-10T10:36:29.004479+00:00,65,2026-09-10T10:36:28.634619+00:00,false,microservices,order,74ac8e49149776e4faac8307655bd74651eec8e43706dfb4c55a625f4c8b0c87,tcc-microservices-experiment-order-1,81.61,83068191,1073741824,7.74,3,67.3MB / 28.8MB,7.34MB / 77.8kB
32,2026-09-10T10:36:29.004479+00:00,65,2026-09-10T10:36:28.634619+00:00,false,microservices,product,457fddfc9065b1cf57d9e8c9cb0c9c8916a28401c0c09d03d325d876fd6586ec,tcc-microservices-experiment-product-1,0.02,82093015,1073741824,7.65,3,416kB / 282kB,6.37MB / 81.9kB
33,2026-09-10T10:36:30.004507+00:00,67,2026-09-10T10:36:29.634376+00:00,false,microservices,auth,dfec636ce5b52129f83c9bbb0601a9ee8fd7117fb886f76f7d92dfd3600b4dbc,tcc-microservices-experiment-auth-1,0.02,80740352,1073741824,7.52,3,45.3kB / 40.3kB,5.39MB / 65.5kB
33,2026-09-10T10:36:30.004507+00:00,67,2026-09-10T10:36:29.634376+00:00,false,microservices,gateway,d9bdf38d4601e4d6c757644529145db3d1e36243e00af8c43e9955b4864b9fec,tcc-microservices-experiment-gateway-1,32.97,491572429,536870912,91.57,86,17MB / 22.4MB,31.4MB / 213kB
33,2026-09-10T10:36:30.004507+00:00,67,2026-09-10T10:36:29.634376+00:00,false,microservices,mysql,3eef2232f5b71aa962af8c3b25a1f0c3adf5ef9e2be42936fae91c1482ece533,tcc-microservices-experiment-mysql-1,26.52,533096038,1073741824,49.65,40,19MB / 57.1MB,54.6MB / 120MB
33,2026-09-10T10:36:30.004507+00:00,67,2026-09-10T10:36:29.634376+00:00,false,microservices,order,74ac8e49149776e4faac8307655bd74651eec8e43706dfb4c55a625f4c8b0c87,tcc-microservices-experiment-order-1,82.42,82827018,1073741824,7.71,3,68.5MB / 29.3MB,7.34MB / 77.8kB
33,2026-09-10T10:36:30.004507+00:00,67,2026-09-10T10:36:29.634376+00:00,false,microservices,product,457fddfc9065b1cf57d9e8c9cb0c9c8916a28401c0c09d03d325d876fd6586ec,tcc-microservices-experiment-product-1,0.02,82093015,1073741824,7.65,3,416kB / 282kB,6.37MB / 81.9kB
34,2026-09-10T10:36:31.004485+00:00,69,2026-09-10T10:36:30.634441+00:00,false,microservices,auth,dfec636ce5b52129f83c9bbb0601a9ee8fd7117fb886f76f7d92dfd3600b4dbc,tcc-microservices-experiment-auth-1,0.02,80740352,1073741824,7.52,3,45.3kB / 40.3kB,5.39MB / 65.5kB
34,2026-09-10T10:36:31.004485+00:00,69,2026-09-10T10:36:30.634441+00:00,false,microservices,gateway,d9bdf38d4601e4d6c757644529145db3d1e36243e00af8c43e9955b4864b9fec,tcc-microservices-experiment-gateway-1,32.19,491991859,536870912,91.64,86,17.3MB / 22.8MB,31.4MB / 213kB
34,2026-09-10T10:36:31.004485+00:00,69,2026-09-10T10:36:30.634441+00:00,false,microservices,mysql,3eef2232f5b71aa962af8c3b25a1f0c3adf5ef9e2be42936fae91c1482ece533,tcc-microservices-experiment-mysql-1,23.5,532257178,1073741824,49.57,40,19.2MB / 57.9MB,54.6MB / 120MB
34,2026-09-10T10:36:31.004485+00:00,69,2026-09-10T10:36:30.634441+00:00,false,microservices,order,74ac8e49149776e4faac8307655bd74651eec8e43706dfb4c55a625f4c8b0c87,tcc-microservices-experiment-order-1,81.35,82795561,1073741824,7.71,3,69.5MB / 29.7MB,7.34MB / 77.8kB
34,2026-09-10T10:36:31.004485+00:00,69,2026-09-10T10:36:30.634441+00:00,false,microservices,product,457fddfc9065b1cf57d9e8c9cb0c9c8916a28401c0c09d03d325d876fd6586ec,tcc-microservices-experiment-product-1,0.02,82093015,1073741824,7.65,3,416kB / 282kB,6.37MB / 81.9kB
35,2026-09-10T10:36:32.004483+00:00,71,2026-09-10T10:36:31.633474+00:00,false,microservices,auth,dfec636ce5b52129f83c9bbb0601a9ee8fd7117fb886f76f7d92dfd3600b4dbc,tcc-microservices-experiment-auth-1,0.02,80740352,1073741824,7.52,3,45.3kB / 40.3kB,5.39MB / 65.5kB
35,2026-09-10T10:36:32.004483+00:00,71,2026-09-10T10:36:31.633474+00:00,false,microservices,gateway,d9bdf38d4601e4d6c757644529145db3d1e36243e00af8c43e9955b4864b9fec,tcc-microservices-experiment-gateway-1,65.68,492201574,536870912,91.67,86,17.6MB / 23.2MB,31.4MB / 229kB
35,2026-09-10T10:36:32.004483+00:00,71,2026-09-10T10:36:31.633474+00:00,false,microservices,mysql,3eef2232f5b71aa962af8c3b25a1f0c3adf5ef9e2be42936fae91c1482ece533,tcc-microservices-experiment-mysql-1,26.54,533410611,1073741824,49.68,40,19.5MB / 58.8MB,54.6MB / 120MB
35,2026-09-10T10:36:32.004483+00:00,71,2026-09-10T10:36:31.633474+00:00,false,microservices,order,74ac8e49149776e4faac8307655bd74651eec8e43706dfb4c55a625f4c8b0c87,tcc-microservices-experiment-order-1,82.12,82365645,1073741824,7.67,3,70.6MB / 30.1MB,7.34MB / 77.8kB
35,2026-09-10T10:36:32.004483+00:00,71,2026-09-10T10:36:31.633474+00:00,false,microservices,product,457fddfc9065b1cf57d9e8c9cb0c9c8916a28401c0c09d03d325d876fd6586ec,tcc-microservices-experiment-product-1,0.02,82093015,1073741824,7.65,3,416kB / 282kB,6.37MB / 81.9kB
36,2026-09-10T10:36:33.004486+00:00,73,2026-09-10T10:36:32.634296+00:00,false,microservices,auth,dfec636ce5b52129f83c9bbb0601a9ee8fd7117fb886f76f7d92dfd3600b4dbc,tcc-microservices-experiment-auth-1,0.02,80740352,1073741824,7.52,3,45.3kB / 40.3kB,5.39MB / 65.5kB
36,2026-09-10T10:36:33.004486+00:00,73,2026-09-10T10:36:32.634296+00:00,false,microservices,gateway,d9bdf38d4601e4d6c757644529145db3d1e36243e00af8c43e9955b4864b9fec,tcc-microservices-experiment-gateway-1,84.05,497444454,536870912,92.66,86,17.9MB / 23.5MB,31.4MB / 229kB
36,2026-09-10T10:36:33.004486+00:00,73,2026-09-10T10:36:32.634296+00:00,false,microservices,mysql,3eef2232f5b71aa962af8c3b25a1f0c3adf5ef9e2be42936fae91c1482ece533,tcc-microservices-experiment-mysql-1,22.74,532676608,1073741824,49.61,40,19.7MB / 59.7MB,54.6MB / 120MB
36,2026-09-10T10:36:33.004486+00:00,73,2026-09-10T10:36:32.634296+00:00,false,microservices,order,74ac8e49149776e4faac8307655bd74651eec8e43706dfb4c55a625f4c8b0c87,tcc-microservices-experiment-order-1,82.39,83214991,1073741824,7.75,3,71.7MB / 30.6MB,7.34MB / 77.8kB
36,2026-09-10T10:36:33.004486+00:00,73,2026-09-10T10:36:32.634296+00:00,false,microservices,product,457fddfc9065b1cf57d9e8c9cb0c9c8916a28401c0c09d03d325d876fd6586ec,tcc-microservices-experiment-product-1,0.02,82093015,1073741824,7.65,3,416kB / 282kB,6.37MB / 81.9kB
37,2026-09-10T10:36:34.004489+00:00,75,2026-09-10T10:36:33.634562+00:00,false,microservices,auth,dfec636ce5b52129f83c9bbb0601a9ee8fd7117fb886f76f7d92dfd3600b4dbc,tcc-microservices-experiment-auth-1,0.02,80740352,1073741824,7.52,3,45.3kB / 40.3kB,5.39MB / 65.5kB
37,2026-09-10T10:36:34.004489+00:00,75,2026-09-10T10:36:33.634562+00:00,false,microservices,gateway,d9bdf38d4601e4d6c757644529145db3d1e36243e00af8c43e9955b4864b9fec,tcc-microservices-experiment-gateway-1,46.51,498283315,536870912,92.81,86,18.2MB / 23.9MB,31.4MB / 229kB
37,2026-09-10T10:36:34.004489+00:00,75,2026-09-10T10:36:33.634562+00:00,false,microservices,mysql,3eef2232f5b71aa962af8c3b25a1f0c3adf5ef9e2be42936fae91c1482ece533,tcc-microservices-experiment-mysql-1,26.97,532781466,1073741824,49.62,40,20MB / 60.6MB,54.6MB / 120MB
37,2026-09-10T10:36:34.004489+00:00,75,2026-09-10T10:36:33.634562+00:00,false,microservices,order,74ac8e49149776e4faac8307655bd74651eec8e43706dfb4c55a625f4c8b0c87,tcc-microservices-experiment-order-1,82.12,82659246,1073741824,7.7,3,72.8MB / 31MB,7.34MB / 77.8kB
37,2026-09-10T10:36:34.004489+00:00,75,2026-09-10T10:36:33.634562+00:00,false,microservices,product,457fddfc9065b1cf57d9e8c9cb0c9c8916a28401c0c09d03d325d876fd6586ec,tcc-microservices-experiment-product-1,0.02,82093015,1073741824,7.65,3,416kB / 282kB,6.37MB / 81.9kB
38,2026-09-10T10:36:35.004507+00:00,77,2026-09-10T10:36:34.634314+00:00,false,microservices,auth,dfec636ce5b52129f83c9bbb0601a9ee8fd7117fb886f76f7d92dfd3600b4dbc,tcc-microservices-experiment-auth-1,0.02,80740352,1073741824,7.52,3,45.3kB / 40.3kB,5.39MB / 65.5kB
38,2026-09-10T10:36:35.004507+00:00,77,2026-09-10T10:36:34.634314+00:00,false,microservices,gateway,d9bdf38d4601e4d6c757644529145db3d1e36243e00af8c43e9955b4864b9fec,tcc-microservices-experiment-gateway-1,31.98,497234739,536870912,92.61,86,18.4MB / 24.3MB,31.4MB / 229kB
38,2026-09-10T10:36:35.004507+00:00,77,2026-09-10T10:36:34.634314+00:00,false,microservices,mysql,3eef2232f5b71aa962af8c3b25a1f0c3adf5ef9e2be42936fae91c1482ece533,tcc-microservices-experiment-mysql-1,23.47,532991181,1073741824,49.64,40,20.2MB / 61.5MB,54.6MB / 120MB
38,2026-09-10T10:36:35.004507+00:00,77,2026-09-10T10:36:34.634314+00:00,false,microservices,order,74ac8e49149776e4faac8307655bd74651eec8e43706dfb4c55a625f4c8b0c87,tcc-microservices-experiment-order-1,81.08,83770737,1073741824,7.8,3,73.9MB / 31.4MB,7.34MB / 77.8kB
38,2026-09-10T10:36:35.004507+00:00,77,2026-09-10T10:36:34.634314+00:00,false,microservices,product,457fddfc9065b1cf57d9e8c9cb0c9c8916a28401c0c09d03d325d876fd6586ec,tcc-microservices-experiment-product-1,0.02,82093015,1073741824,7.65,3,416kB / 282kB,6.37MB / 81.9kB
39,2026-09-10T10:36:36.004512+00:00,79,2026-09-10T10:36:35.634197+00:00,false,microservices,auth,dfec636ce5b52129f83c9bbb0601a9ee8fd7117fb886f76f7d92dfd3600b4dbc,tcc-microservices-experiment-auth-1,0.02,80740352,1073741824,7.52,3,45.3kB / 40.3kB,5.39MB / 65.5kB
39,2026-09-10T10:36:36.004512+00:00,79,2026-09-10T10:36:35.634197+00:00,false,microservices,gateway,d9bdf38d4601e4d6c757644529145db3d1e36243e00af8c43e9955b4864b9fec,tcc-microservices-experiment-gateway-1,35.07,498073600,536870912,92.78,86,18.7MB / 24.7MB,31.4MB / 229kB
39,2026-09-10T10:36:36.004512+00:00,79,2026-09-10T10:36:35.634197+00:00,false,microservices,mysql,3eef2232f5b71aa962af8c3b25a1f0c3adf5ef9e2be42936fae91c1482ece533,tcc-microservices-experiment-mysql-1,26.83,532781466,1073741824,49.62,40,20.5MB / 62.4MB,54.6MB / 120MB
39,2026-09-10T10:36:36.004512+00:00,79,2026-09-10T10:36:35.634197+00:00,false,microservices,order,74ac8e49149776e4faac8307655bd74651eec8e43706dfb4c55a625f4c8b0c87,tcc-microservices-experiment-order-1,82.72,81893786,1073741824,7.63,3,75MB / 31.9MB,7.34MB / 77.8kB
39,2026-09-10T10:36:36.004512+00:00,79,2026-09-10T10:36:35.634197+00:00,false,microservices,product,457fddfc9065b1cf57d9e8c9cb0c9c8916a28401c0c09d03d325d876fd6586ec,tcc-microservices-experiment-product-1,0.02,82093015,1073741824,7.65,3,416kB / 282kB,6.37MB / 81.9kB
40,2026-09-10T10:36:37.004488+00:00,81,2026-09-10T10:36:36.634326+00:00,false,microservices,auth,dfec636ce5b52129f83c9bbb0601a9ee8fd7117fb886f76f7d92dfd3600b4dbc,tcc-microservices-experiment-auth-1,0.02,80740352,1073741824,7.52,3,45.3kB / 40.3kB,5.39MB / 65.5kB
40,2026-09-10T10:36:37.004488+00:00,81,2026-09-10T10:36:36.634326+00:00,false,microservices,gateway,d9bdf38d4601e4d6c757644529145db3d1e36243e00af8c43e9955b4864b9fec,tcc-microservices-experiment-gateway-1,32.14,497968742,536870912,92.76,86,19MB / 25.1MB,31.4MB / 229kB
40,2026-09-10T10:36:37.004488+00:00,81,2026-09-10T10:36:36.634326+00:00,false,microservices,mysql,3eef2232f5b71aa962af8c3b25a1f0c3adf5ef9e2be42936fae91c1482ece533,tcc-microservices-experiment-mysql-1,21.64,533200896,1073741824,49.66,40,20.7MB / 63.3MB,54.6MB / 120MB
40,2026-09-10T10:36:37.004488+00:00,81,2026-09-10T10:36:36.634326+00:00,false,microservices,order,74ac8e49149776e4faac8307655bd74651eec8e43706dfb4c55a625f4c8b0c87,tcc-microservices-experiment-order-1,82.54,83225477,1073741824,7.75,3,76.2MB / 32.3MB,7.34MB / 77.8kB
40,2026-09-10T10:36:37.004488+00:00,81,2026-09-10T10:36:36.634326+00:00,false,microservices,product,457fddfc9065b1cf57d9e8c9cb0c9c8916a28401c0c09d03d325d876fd6586ec,tcc-microservices-experiment-product-1,0.02,82093015,1073741824,7.65,3,416kB / 282kB,6.37MB / 81.9kB
41,2026-09-10T10:36:38.004506+00:00,83,2026-09-10T10:36:37.634302+00:00,false,microservices,auth,dfec636ce5b52129f83c9bbb0601a9ee8fd7117fb886f76f7d92dfd3600b4dbc,tcc-microservices-experiment-auth-1,0.02,79219917,1073741824,7.38,3,45.3kB / 40.3kB,5.39MB / 65.5kB
41,2026-09-10T10:36:38.004506+00:00,83,2026-09-10T10:36:37.634302+00:00,false,microservices,gateway,d9bdf38d4601e4d6c757644529145db3d1e36243e00af8c43e9955b4864b9fec,tcc-microservices-experiment-gateway-1,29.57,487168410,536870912,90.74,86,19.3MB / 25.5MB,31.5MB / 229kB
41,2026-09-10T10:36:38.004506+00:00,83,2026-09-10T10:36:37.634302+00:00,false,microservices,mysql,3eef2232f5b71aa962af8c3b25a1f0c3adf5ef9e2be42936fae91c1482ece533,tcc-microservices-experiment-mysql-1,27.05,534564045,1073741824,49.78,40,21MB / 64.2MB,56.3MB / 120MB
41,2026-09-10T10:36:38.004506+00:00,83,2026-09-10T10:36:37.634302+00:00,false,microservices,order,74ac8e49149776e4faac8307655bd74651eec8e43706dfb4c55a625f4c8b0c87,tcc-microservices-experiment-order-1,83.67,83330335,1073741824,7.76,3,77.2MB / 32.8MB,7.34MB / 77.8kB
41,2026-09-10T10:36:38.004506+00:00,83,2026-09-10T10:36:37.634302+00:00,false,microservices,product,457fddfc9065b1cf57d9e8c9cb0c9c8916a28401c0c09d03d325d876fd6586ec,tcc-microservices-experiment-product-1,0.02,78601257,1073741824,7.32,3,416kB / 282kB,6.37MB / 81.9kB
42,2026-09-10T10:36:39.004482+00:00,85,2026-09-10T10:36:38.634498+00:00,false,microservices,auth,dfec636ce5b52129f83c9bbb0601a9ee8fd7117fb886f76f7d92dfd3600b4dbc,tcc-microservices-experiment-auth-1,0.02,79219917,1073741824,7.38,3,45.3kB / 40.3kB,5.39MB / 65.5kB
42,2026-09-10T10:36:39.004482+00:00,85,2026-09-10T10:36:38.634498+00:00,false,microservices,gateway,d9bdf38d4601e4d6c757644529145db3d1e36243e00af8c43e9955b4864b9fec,tcc-microservices-experiment-gateway-1,28.01,487587840,536870912,90.83,86,19.6MB / 25.9MB,31.5MB / 229kB
42,2026-09-10T10:36:39.004482+00:00,85,2026-09-10T10:36:38.634498+00:00,false,microservices,mysql,3eef2232f5b71aa962af8c3b25a1f0c3adf5ef9e2be42936fae91c1482ece533,tcc-microservices-experiment-mysql-1,22.23,534459187,1073741824,49.78,40,21.2MB / 65.1MB,56.3MB / 120MB
42,2026-09-10T10:36:39.004482+00:00,85,2026-09-10T10:36:38.634498+00:00,false,microservices,order,74ac8e49149776e4faac8307655bd74651eec8e43706dfb4c55a625f4c8b0c87,tcc-microservices-experiment-order-1,83.93,82910904,1073741824,7.72,3,78.3MB / 33.2MB,7.34MB / 77.8kB
42,2026-09-10T10:36:39.004482+00:00,85,2026-09-10T10:36:38.634498+00:00,false,microservices,product,457fddfc9065b1cf57d9e8c9cb0c9c8916a28401c0c09d03d325d876fd6586ec,tcc-microservices-experiment-product-1,0.02,78601257,1073741824,7.32,3,416kB / 282kB,6.37MB / 81.9kB
43,2026-09-10T10:36:40.004484+00:00,87,2026-09-10T10:36:39.633617+00:00,false,microservices,auth,dfec636ce5b52129f83c9bbb0601a9ee8fd7117fb886f76f7d92dfd3600b4dbc,tcc-microservices-experiment-auth-1,0.01,79219917,1073741824,7.38,3,45.3kB / 40.3kB,5.39MB / 65.5kB
43,2026-09-10T10:36:40.004484+00:00,87,2026-09-10T10:36:39.633617+00:00,false,microservices,gateway,d9bdf38d4601e4d6c757644529145db3d1e36243e00af8c43e9955b4864b9fec,tcc-microservices-experiment-gateway-1,47.78,486748979,536870912,90.67,86,19.9MB / 26.3MB,31.5MB / 229kB
43,2026-09-10T10:36:40.004484+00:00,87,2026-09-10T10:36:39.633617+00:00,false,microservices,mysql,3eef2232f5b71aa962af8c3b25a1f0c3adf5ef9e2be42936fae91c1482ece533,tcc-microservices-experiment-mysql-1,26.95,534564045,1073741824,49.78,40,21.5MB / 66MB,56.3MB / 120MB
43,2026-09-10T10:36:40.004484+00:00,87,2026-09-10T10:36:39.633617+00:00,false,microservices,order,74ac8e49149776e4faac8307655bd74651eec8e43706dfb4c55a625f4c8b0c87,tcc-microservices-experiment-order-1,82.39,82984305,1073741824,7.73,3,79.5MB / 33.6MB,7.34MB / 77.8kB
43,2026-09-10T10:36:40.004484+00:00,87,2026-09-10T10:36:39.633617+00:00,false,microservices,product,457fddfc9065b1cf57d9e8c9cb0c9c8916a28401c0c09d03d325d876fd6586ec,tcc-microservices-experiment-product-1,0.02,78601257,1073741824,7.32,3,416kB / 282kB,6.37MB / 81.9kB
44,2026-09-10T10:36:41.004507+00:00,89,2026-09-10T10:36:40.634575+00:00,false,microservices,auth,dfec636ce5b52129f83c9bbb0601a9ee8fd7117fb886f76f7d92dfd3600b4dbc,tcc-microservices-experiment-auth-1,0.02,79219917,1073741824,7.38,3,45.3kB / 40.3kB,5.39MB / 65.5kB
44,2026-09-10T10:36:41.004507+00:00,89,2026-09-10T10:36:40.634575+00:00,false,microservices,gateway,d9bdf38d4601e4d6c757644529145db3d1e36243e00af8c43e9955b4864b9fec,tcc-microservices-experiment-gateway-1,59.84,487273267,536870912,90.77,86,20.2MB / 26.7MB,31.5MB / 229kB
44,2026-09-10T10:36:41.004507+00:00,89,2026-09-10T10:36:40.634575+00:00,false,microservices,mysql,3eef2232f5b71aa962af8c3b25a1f0c3adf5ef9e2be42936fae91c1482ece533,tcc-microservices-experiment-mysql-1,23.15,534668902,1073741824,49.8,40,21.8MB / 66.9MB,56.3MB / 120MB
44,2026-09-10T10:36:41.004507+00:00,89,2026-09-10T10:36:40.634575+00:00,false,microservices,order,74ac8e49149776e4faac8307655bd74651eec8e43706dfb4c55a625f4c8b0c87,tcc-microservices-experiment-order-1,81.31,82984305,1073741824,7.73,3,80.6MB / 34.1MB,7.34MB / 77.8kB
44,2026-09-10T10:36:41.004507+00:00,89,2026-09-10T10:36:40.634575+00:00,false,microservices,product,457fddfc9065b1cf57d9e8c9cb0c9c8916a28401c0c09d03d325d876fd6586ec,tcc-microservices-experiment-product-1,0.02,78601257,1073741824,7.32,3,416kB / 282kB,6.37MB / 81.9kB
45,2026-09-10T10:36:42.004501+00:00,91,2026-09-10T10:36:41.634376+00:00,false,microservices,auth,dfec636ce5b52129f83c9bbb0601a9ee8fd7117fb886f76f7d92dfd3600b4dbc,tcc-microservices-experiment-auth-1,0.02,79219917,1073741824,7.38,3,45.3kB / 40.3kB,5.39MB / 65.5kB
45,2026-09-10T10:36:42.004501+00:00,91,2026-09-10T10:36:41.634376+00:00,false,microservices,gateway,d9bdf38d4601e4d6c757644529145db3d1e36243e00af8c43e9955b4864b9fec,tcc-microservices-experiment-gateway-1,30.76,487482982,536870912,90.8,86,20.5MB / 27MB,31.5MB / 229kB
45,2026-09-10T10:36:42.004501+00:00,91,2026-09-10T10:36:41.634376+00:00,false,microservices,mysql,3eef2232f5b71aa962af8c3b25a1f0c3adf5ef9e2be42936fae91c1482ece533,tcc-microservices-experiment-mysql-1,26.9,534249472,1073741824,49.75,40,22MB / 67.8MB,56.3MB / 120MB
45,2026-09-10T10:36:42.004501+00:00,91,2026-09-10T10:36:41.634376+00:00,false,microservices,order,74ac8e49149776e4faac8307655bd74651eec8e43706dfb4c55a625f4c8b0c87,tcc-microservices-experiment-order-1,82.43,81369498,1073741824,7.58,3,81.7MB / 34.5MB,7.37MB / 77.8kB
45,2026-09-10T10:36:42.004501+00:00,91,2026-09-10T10:36:41.634376+00:00,false,microservices,product,457fddfc9065b1cf57d9e8c9cb0c9c8916a28401c0c09d03d325d876fd6586ec,tcc-microservices-experiment-product-1,0.02,78601257,1073741824,7.32,3,416kB / 282kB,6.37MB / 81.9kB
46,2026-09-10T10:36:43.004488+00:00,93,2026-09-10T10:36:42.634122+00:00,false,microservices,auth,dfec636ce5b52129f83c9bbb0601a9ee8fd7117fb886f76f7d92dfd3600b4dbc,tcc-microservices-experiment-auth-1,0.02,79219917,1073741824,7.38,3,45.3kB / 40.3kB,5.39MB / 65.5kB
46,2026-09-10T10:36:43.004488+00:00,93,2026-09-10T10:36:42.634122+00:00,false,microservices,gateway,d9bdf38d4601e4d6c757644529145db3d1e36243e00af8c43e9955b4864b9fec,tcc-microservices-experiment-gateway-1,31.59,488112128,536870912,90.91,86,20.8MB / 27.4MB,31.5MB / 229kB
46,2026-09-10T10:36:43.004488+00:00,93,2026-09-10T10:36:42.634122+00:00,false,microservices,mysql,3eef2232f5b71aa962af8c3b25a1f0c3adf5ef9e2be42936fae91c1482ece533,tcc-microservices-experiment-mysql-1,22.7,534354330,1073741824,49.76,40,22.3MB / 68.7MB,56.3MB / 120MB
46,2026-09-10T10:36:43.004488+00:00,93,2026-09-10T10:36:42.634122+00:00,false,microservices,order,74ac8e49149776e4faac8307655bd74651eec8e43706dfb4c55a625f4c8b0c87,tcc-microservices-experiment-order-1,82.23,81757471,1073741824,7.61,3,82.8MB / 35MB,7.37MB / 77.8kB
46,2026-09-10T10:36:43.004488+00:00,93,2026-09-10T10:36:42.634122+00:00,false,microservices,product,457fddfc9065b1cf57d9e8c9cb0c9c8916a28401c0c09d03d325d876fd6586ec,tcc-microservices-experiment-product-1,0.02,78601257,1073741824,7.32,3,416kB / 282kB,6.37MB / 81.9kB
47,2026-09-10T10:36:44.004476+00:00,95,2026-09-10T10:36:43.634390+00:00,false,microservices,auth,dfec636ce5b52129f83c9bbb0601a9ee8fd7117fb886f76f7d92dfd3600b4dbc,tcc-microservices-experiment-auth-1,0.02,79219917,1073741824,7.38,3,45.3kB / 40.3kB,5.39MB / 65.5kB
47,2026-09-10T10:36:44.004476+00:00,95,2026-09-10T10:36:43.634390+00:00,false,microservices,gateway,d9bdf38d4601e4d6c757644529145db3d1e36243e00af8c43e9955b4864b9fec,tcc-microservices-experiment-gateway-1,30.39,487482982,536870912,90.81,86,21.1MB / 27.8MB,31.5MB / 229kB
47,2026-09-10T10:36:44.004476+00:00,95,2026-09-10T10:36:43.634390+00:00,false,microservices,mysql,3eef2232f5b71aa962af8c3b25a1f0c3adf5ef9e2be42936fae91c1482ece533,tcc-microservices-experiment-mysql-1,27.18,535088333,1073741824,49.83,40,22.5MB / 69.6MB,56.3MB / 120MB
47,2026-09-10T10:36:44.004476+00:00,95,2026-09-10T10:36:43.634390+00:00,false,microservices,order,74ac8e49149776e4faac8307655bd74651eec8e43706dfb4c55a625f4c8b0c87,tcc-microservices-experiment-order-1,81.77,82428559,1073741824,7.68,3,83.9MB / 35.4MB,7.37MB / 77.8kB
47,2026-09-10T10:36:44.004476+00:00,95,2026-09-10T10:36:43.634390+00:00,false,microservices,product,457fddfc9065b1cf57d9e8c9cb0c9c8916a28401c0c09d03d325d876fd6586ec,tcc-microservices-experiment-product-1,0.02,78601257,1073741824,7.32,3,416kB / 282kB,6.37MB / 81.9kB
48,2026-09-10T10:36:45.004474+00:00,97,2026-09-10T10:36:44.634116+00:00,false,microservices,auth,dfec636ce5b52129f83c9bbb0601a9ee8fd7117fb886f76f7d92dfd3600b4dbc,tcc-microservices-experiment-auth-1,0.02,79219917,1073741824,7.38,3,45.3kB / 40.3kB,5.39MB / 65.5kB
48,2026-09-10T10:36:45.004474+00:00,97,2026-09-10T10:36:44.634116+00:00,false,microservices,gateway,d9bdf38d4601e4d6c757644529145db3d1e36243e00af8c43e9955b4864b9fec,tcc-microservices-experiment-gateway-1,30.34,487482982,536870912,90.8,86,21.4MB / 28.2MB,31.5MB / 229kB
48,2026-09-10T10:36:45.004474+00:00,97,2026-09-10T10:36:44.634116+00:00,false,microservices,mysql,3eef2232f5b71aa962af8c3b25a1f0c3adf5ef9e2be42936fae91c1482ece533,tcc-microservices-experiment-mysql-1,23.41,534354330,1073741824,49.76,40,22.8MB / 70.5MB,56.3MB / 120MB
48,2026-09-10T10:36:45.004474+00:00,97,2026-09-10T10:36:44.634116+00:00,false,microservices,order,74ac8e49149776e4faac8307655bd74651eec8e43706dfb4c55a625f4c8b0c87,tcc-microservices-experiment-order-1,81.5,81998643,1073741824,7.64,3,85MB / 35.8MB,7.37MB / 77.8kB
48,2026-09-10T10:36:45.004474+00:00,97,2026-09-10T10:36:44.634116+00:00,false,microservices,product,457fddfc9065b1cf57d9e8c9cb0c9c8916a28401c0c09d03d325d876fd6586ec,tcc-microservices-experiment-product-1,0.02,78601257,1073741824,7.32,3,416kB / 282kB,6.37MB / 81.9kB
49,2026-09-10T10:36:46.004477+00:00,99,2026-09-10T10:36:45.633379+00:00,false,microservices,auth,dfec636ce5b52129f83c9bbb0601a9ee8fd7117fb886f76f7d92dfd3600b4dbc,tcc-microservices-experiment-auth-1,0.02,79219917,1073741824,7.38,3,45.3kB / 40.3kB,5.39MB / 65.5kB
49,2026-09-10T10:36:46.004477+00:00,99,2026-09-10T10:36:45.633379+00:00,false,microservices,gateway,d9bdf38d4601e4d6c757644529145db3d1e36243e00af8c43e9955b4864b9fec,tcc-microservices-experiment-gateway-1,29.3,487168410,536870912,90.74,86,21.7MB / 28.6MB,31.5MB / 229kB
49,2026-09-10T10:36:46.004477+00:00,99,2026-09-10T10:36:45.633379+00:00,false,microservices,mysql,3eef2232f5b71aa962af8c3b25a1f0c3adf5ef9e2be42936fae91c1482ece533,tcc-microservices-experiment-mysql-1,27.17,535088333,1073741824,49.83,40,23MB / 71.4MB,56.3MB / 120MB
49,2026-09-10T10:36:46.004477+00:00,99,2026-09-10T10:36:45.633379+00:00,false,microservices,order,74ac8e49149776e4faac8307655bd74651eec8e43706dfb4c55a625f4c8b0c87,tcc-microservices-experiment-order-1,81.9,81914757,1073741824,7.63,3,86MB / 36.3MB,7.37MB / 77.8kB
49,2026-09-10T10:36:46.004477+00:00,99,2026-09-10T10:36:45.633379+00:00,false,microservices,product,457fddfc9065b1cf57d9e8c9cb0c9c8916a28401c0c09d03d325d876fd6586ec,tcc-microservices-experiment-product-1,0.02,78601257,1073741824,7.32,3,416kB / 282kB,6.37MB / 81.9kB
50,2026-09-10T10:36:47.004509+00:00,101,2026-09-10T10:36:46.634363+00:00,false,microservices,auth,dfec636ce5b52129f83c9bbb0601a9ee8fd7117fb886f76f7d92dfd3600b4dbc,tcc-microservices-experiment-auth-1,0.02,79219917,1073741824,7.38,3,45.3kB / 40.3kB,5.39MB / 65.5kB
50,2026-09-10T10:36:47.004509+00:00,101,2026-09-10T10:36:46.634363+00:00,false,microservices,gateway,d9bdf38d4601e4d6c757644529145db3d1e36243e00af8c43e9955b4864b9fec,tcc-microservices-experiment-gateway-1,33.45,486119834,536870912,90.55,77,22MB / 29MB,31.5MB / 246kB
50,2026-09-10T10:36:47.004509+00:00,101,2026-09-10T10:36:46.634363+00:00,false,microservices,mysql,3eef2232f5b71aa962af8c3b25a1f0c3adf5ef9e2be42936fae91c1482ece533,tcc-microservices-experiment-mysql-1,23.08,534564045,1073741824,49.79,40,23.3MB / 72.3MB,56.3MB / 120MB
50,2026-09-10T10:36:47.004509+00:00,101,2026-09-10T10:36:46.634363+00:00,false,microservices,order,74ac8e49149776e4faac8307655bd74651eec8e43706dfb4c55a625f4c8b0c87,tcc-microservices-experiment-order-1,81.33,82145444,1073741824,7.65,3,87.1MB / 36.7MB,7.37MB / 77.8kB
50,2026-09-10T10:36:47.004509+00:00,101,2026-09-10T10:36:46.634363+00:00,false,microservices,product,457fddfc9065b1cf57d9e8c9cb0c9c8916a28401c0c09d03d325d876fd6586ec,tcc-microservices-experiment-product-1,0.02,78601257,1073741824,7.32,3,416kB / 282kB,6.37MB / 81.9kB
51,2026-09-10T10:36:48.004484+00:00,103,2026-09-10T10:36:47.634248+00:00,false,microservices,auth,dfec636ce5b52129f83c9bbb0601a9ee8fd7117fb886f76f7d92dfd3600b4dbc,tcc-microservices-experiment-auth-1,0.02,79219917,1073741824,7.38,3,45.4kB / 40.3kB,5.39MB / 65.5kB
51,2026-09-10T10:36:48.004484+00:00,103,2026-09-10T10:36:47.634248+00:00,false,microservices,gateway,d9bdf38d4601e4d6c757644529145db3d1e36243e00af8c43e9955b4864b9fec,tcc-microservices-experiment-gateway-1,49.35,486853837,536870912,90.68,77,22.3MB / 29.4MB,31.5MB / 246kB
51,2026-09-10T10:36:48.004484+00:00,103,2026-09-10T10:36:47.634248+00:00,false,microservices,mysql,3eef2232f5b71aa962af8c3b25a1f0c3adf5ef9e2be42936fae91c1482ece533,tcc-microservices-experiment-mysql-1,27.49,534564045,1073741824,49.78,40,23.5MB / 73.1MB,56.3MB / 120MB
51,2026-09-10T10:36:48.004484+00:00,103,2026-09-10T10:36:47.634248+00:00,false,microservices,order,74ac8e49149776e4faac8307655bd74651eec8e43706dfb4c55a625f4c8b0c87,tcc-microservices-experiment-order-1,81.66,82009129,1073741824,7.64,3,88.2MB / 37.1MB,7.37MB / 77.8kB
51,2026-09-10T10:36:48.004484+00:00,103,2026-09-10T10:36:47.634248+00:00,false,microservices,product,457fddfc9065b1cf57d9e8c9cb0c9c8916a28401c0c09d03d325d876fd6586ec,tcc-microservices-experiment-product-1,0.02,78601257,1073741824,7.32,3,416kB / 282kB,6.37MB / 81.9kB
52,2026-09-10T10:36:49.004507+00:00,105,2026-09-10T10:36:48.634558+00:00,false,microservices,auth,dfec636ce5b52129f83c9bbb0601a9ee8fd7117fb886f76f7d92dfd3600b4dbc,tcc-microservices-experiment-auth-1,0.02,79219917,1073741824,7.38,3,45.5kB / 40.3kB,5.39MB / 65.5kB
52,2026-09-10T10:36:49.004507+00:00,105,2026-09-10T10:36:48.634558+00:00,false,microservices,gateway,d9bdf38d4601e4d6c757644529145db3d1e36243e00af8c43e9955b4864b9fec,tcc-microservices-experiment-gateway-1,30.37,486748979,536870912,90.65,77,22.5MB / 29.7MB,31.5MB / 246kB
52,2026-09-10T10:36:49.004507+00:00,105,2026-09-10T10:36:48.634558+00:00,false,microservices,mysql,3eef2232f5b71aa962af8c3b25a1f0c3adf5ef9e2be42936fae91c1482ece533,tcc-microservices-experiment-mysql-1,23.13,534459187,1073741824,49.77,40,23.8MB / 74MB,56.3MB / 120MB
52,2026-09-10T10:36:49.004507+00:00,105,2026-09-10T10:36:48.634558+00:00,false,microservices,order,74ac8e49149776e4faac8307655bd74651eec8e43706dfb4c55a625f4c8b0c87,tcc-microservices-experiment-order-1,81.41,82439045,1073741824,7.68,3,89.3MB / 37.6MB,7.37MB / 77.8kB
52,2026-09-10T10:36:49.004507+00:00,105,2026-09-10T10:36:48.634558+00:00,false,microservices,product,457fddfc9065b1cf57d9e8c9cb0c9c8916a28401c0c09d03d325d876fd6586ec,tcc-microservices-experiment-product-1,0.02,78601257,1073741824,7.32,3,416kB / 282kB,6.37MB / 81.9kB
53,2026-09-10T10:36:50.004478+00:00,107,2026-09-10T10:36:49.634265+00:00,false,microservices,auth,dfec636ce5b52129f83c9bbb0601a9ee8fd7117fb886f76f7d92dfd3600b4dbc,tcc-microservices-experiment-auth-1,0.02,79219917,1073741824,7.38,3,45.5kB / 40.3kB,5.39MB / 65.5kB
53,2026-09-10T10:36:50.004478+00:00,107,2026-09-10T10:36:49.634265+00:00,false,microservices,gateway,d9bdf38d4601e4d6c757644529145db3d1e36243e00af8c43e9955b4864b9fec,tcc-microservices-experiment-gateway-1,30.79,486329549,536870912,90.59,77,22.9MB / 30.1MB,31.5MB / 246kB
53,2026-09-10T10:36:50.004478+00:00,107,2026-09-10T10:36:49.634265+00:00,false,microservices,mysql,3eef2232f5b71aa962af8c3b25a1f0c3adf5ef9e2be42936fae91c1482ece533,tcc-microservices-experiment-mysql-1,27.44,534878618,1073741824,49.81,40,24MB / 75MB,56.3MB / 120MB
53,2026-09-10T10:36:50.004478+00:00,107,2026-09-10T10:36:49.634265+00:00,false,microservices,order,74ac8e49149776e4faac8307655bd74651eec8e43706dfb4c55a625f4c8b0c87,tcc-microservices-experiment-order-1,81.43,81474355,1073741824,7.59,3,90.4MB / 38MB,7.37MB / 77.8kB
53,2026-09-10T10:36:50.004478+00:00,107,2026-09-10T10:36:49.634265+00:00,false,microservices,product,457fddfc9065b1cf57d9e8c9cb0c9c8916a28401c0c09d03d325d876fd6586ec,tcc-microservices-experiment-product-1,0.02,78601257,1073741824,7.32,3,416kB / 282kB,6.37MB / 81.9kB
54,2026-09-10T10:36:51.004477+00:00,109,2026-09-10T10:36:50.634042+00:00,false,microservices,auth,dfec636ce5b52129f83c9bbb0601a9ee8fd7117fb886f76f7d92dfd3600b4dbc,tcc-microservices-experiment-auth-1,0.02,79219917,1073741824,7.38,3,45.5kB / 40.3kB,5.39MB / 65.5kB
54,2026-09-10T10:36:51.004477+00:00,109,2026-09-10T10:36:50.634042+00:00,false,microservices,gateway,d9bdf38d4601e4d6c757644529145db3d1e36243e00af8c43e9955b4864b9fec,tcc-microservices-experiment-gateway-1,30.68,486853837,536870912,90.68,77,23.1MB / 30.5MB,31.5MB / 246kB
54,2026-09-10T10:36:51.004477+00:00,109,2026-09-10T10:36:50.634042+00:00,false,microservices,mysql,3eef2232f5b71aa962af8c3b25a1f0c3adf5ef9e2be42936fae91c1482ece533,tcc-microservices-experiment-mysql-1,23.5,534249472,1073741824,49.76,40,24.3MB / 75.9MB,56.3MB / 120MB
54,2026-09-10T10:36:51.004477+00:00,109,2026-09-10T10:36:50.634042+00:00,false,microservices,order,74ac8e49149776e4faac8307655bd74651eec8e43706dfb4c55a625f4c8b0c87,tcc-microservices-experiment-order-1,80.8,82365645,1073741824,7.67,3,91.6MB / 38.5MB,7.37MB / 77.8kB
54,2026-09-10T10:36:51.004477+00:00,109,2026-09-10T10:36:50.634042+00:00,false,microservices,product,457fddfc9065b1cf57d9e8c9cb0c9c8916a28401c0c09d03d325d876fd6586ec,tcc-microservices-experiment-product-1,0.02,78601257,1073741824,7.32,3,416kB / 282kB,6.37MB / 81.9kB
55,2026-09-10T10:36:52.004508+00:00,111,2026-09-10T10:36:51.634019+00:00,false,microservices,auth,dfec636ce5b52129f83c9bbb0601a9ee8fd7117fb886f76f7d92dfd3600b4dbc,tcc-microservices-experiment-auth-1,0.01,79219917,1073741824,7.38,3,45.6kB / 40.3kB,5.39MB / 65.5kB
55,2026-09-10T10:36:52.004508+00:00,111,2026-09-10T10:36:51.634019+00:00,false,microservices,gateway,d9bdf38d4601e4d6c757644529145db3d1e36243e00af8c43e9955b4864b9fec,tcc-microservices-experiment-gateway-1,30.15,487168410,536870912,90.74,77,23.4MB / 30.9MB,31.5MB / 246kB
55,2026-09-10T10:36:52.004508+00:00,111,2026-09-10T10:36:51.634019+00:00,false,microservices,mysql,3eef2232f5b71aa962af8c3b25a1f0c3adf5ef9e2be42936fae91c1482ece533,tcc-microservices-experiment-mysql-1,26.87,535193190,1073741824,49.84,40,24.5MB / 76.8MB,56.3MB / 120MB
55,2026-09-10T10:36:52.004508+00:00,111,2026-09-10T10:36:51.634019+00:00,false,microservices,order,74ac8e49149776e4faac8307655bd74651eec8e43706dfb4c55a625f4c8b0c87,tcc-microservices-experiment-order-1,81.63,81925243,1073741824,7.63,3,92.7MB / 38.9MB,7.37MB / 77.8kB
55,2026-09-10T10:36:52.004508+00:00,111,2026-09-10T10:36:51.634019+00:00,false,microservices,product,457fddfc9065b1cf57d9e8c9cb0c9c8916a28401c0c09d03d325d876fd6586ec,tcc-microservices-experiment-product-1,0.02,78601257,1073741824,7.32,3,416kB / 282kB,6.37MB / 81.9kB
56,2026-09-10T10:36:53.004526+00:00,113,2026-09-10T10:36:52.633709+00:00,false,microservices,auth,dfec636ce5b52129f83c9bbb0601a9ee8fd7117fb886f76f7d92dfd3600b4dbc,tcc-microservices-experiment-auth-1,0.02,79219917,1073741824,7.38,3,45.6kB / 40.3kB,5.39MB / 65.5kB
56,2026-09-10T10:36:53.004526+00:00,113,2026-09-10T10:36:52.633709+00:00,false,microservices,gateway,d9bdf38d4601e4d6c757644529145db3d1e36243e00af8c43e9955b4864b9fec,tcc-microservices-experiment-gateway-1,32.93,486434406,536870912,90.6,77,23.7MB / 31.3MB,31.5MB / 246kB
56,2026-09-10T10:36:53.004526+00:00,113,2026-09-10T10:36:52.633709+00:00,false,microservices,mysql,3eef2232f5b71aa962af8c3b25a1f0c3adf5ef9e2be42936fae91c1482ece533,tcc-microservices-experiment-mysql-1,23.14,534564045,1073741824,49.78,40,24.8MB / 77.7MB,56.3MB / 120MB
56,2026-09-10T10:36:53.004526+00:00,113,2026-09-10T10:36:52.633709+00:00,false,microservices,order,74ac8e49149776e4faac8307655bd74651eec8e43706dfb4c55a625f4c8b0c87,tcc-microservices-experiment-order-1,81.47,82407588,1073741824,7.67,3,93.8MB / 39.4MB,7.37MB / 77.8kB
56,2026-09-10T10:36:53.004526+00:00,113,2026-09-10T10:36:52.633709+00:00,false,microservices,product,457fddfc9065b1cf57d9e8c9cb0c9c8916a28401c0c09d03d325d876fd6586ec,tcc-microservices-experiment-product-1,0.02,78601257,1073741824,7.32,3,416kB / 282kB,6.37MB / 81.9kB
57,2026-09-10T10:36:54.004483+00:00,115,2026-09-10T10:36:53.634066+00:00,false,microservices,auth,dfec636ce5b52129f83c9bbb0601a9ee8fd7117fb886f76f7d92dfd3600b4dbc,tcc-microservices-experiment-auth-1,0.02,79219917,1073741824,7.38,3,45.6kB / 40.3kB,5.39MB / 65.5kB
57,2026-09-10T10:36:54.004483+00:00,115,2026-09-10T10:36:53.634066+00:00,false,microservices,gateway,d9bdf38d4601e4d6c757644529145db3d1e36243e00af8c43e9955b4864b9fec,tcc-microservices-experiment-gateway-1,32.93,486434406,536870912,90.6,77,23.7MB / 31.3MB,31.5MB / 246kB
57,2026-09-10T10:36:54.004483+00:00,115,2026-09-10T10:36:53.634066+00:00,false,microservices,mysql,3eef2232f5b71aa962af8c3b25a1f0c3adf5ef9e2be42936fae91c1482ece533,tcc-microservices-experiment-mysql-1,26.8,535088333,1073741824,49.83,40,25.1MB / 78.6MB,56.3MB / 120MB
57,2026-09-10T10:36:54.004483+00:00,115,2026-09-10T10:36:53.634066+00:00,false,microservices,order,74ac8e49149776e4faac8307655bd74651eec8e43706dfb4c55a625f4c8b0c87,tcc-microservices-experiment-order-1,81.47,82407588,1073741824,7.67,3,93.8MB / 39.4MB,7.37MB / 77.8kB
57,2026-09-10T10:36:54.004483+00:00,115,2026-09-10T10:36:53.634066+00:00,false,microservices,product,457fddfc9065b1cf57d9e8c9cb0c9c8916a28401c0c09d03d325d876fd6586ec,tcc-microservices-experiment-product-1,0.02,78601257,1073741824,7.32,3,416kB / 282kB,6.37MB / 81.9kB
58,2026-09-10T10:36:55.004516+00:00,117,2026-09-10T10:36:54.633339+00:00,false,microservices,auth,dfec636ce5b52129f83c9bbb0601a9ee8fd7117fb886f76f7d92dfd3600b4dbc,tcc-microservices-experiment-auth-1,0.01,79219917,1073741824,7.38,3,45.6kB / 40.3kB,5.39MB / 65.5kB
58,2026-09-10T10:36:55.004516+00:00,117,2026-09-10T10:36:54.633339+00:00,false,microservices,gateway,d9bdf38d4601e4d6c757644529145db3d1e36243e00af8c43e9955b4864b9fec,tcc-microservices-experiment-gateway-1,31.31,486644122,536870912,90.65,77,24MB / 31.7MB,31.5MB / 246kB
58,2026-09-10T10:36:55.004516+00:00,117,2026-09-10T10:36:54.633339+00:00,false,microservices,mysql,3eef2232f5b71aa962af8c3b25a1f0c3adf5ef9e2be42936fae91c1482ece533,tcc-microservices-experiment-mysql-1,26.8,535088333,1073741824,49.83,40,25.1MB / 78.6MB,56.3MB / 120MB
58,2026-09-10T10:36:55.004516+00:00,117,2026-09-10T10:36:54.633339+00:00,false,microservices,order,74ac8e49149776e4faac8307655bd74651eec8e43706dfb4c55a625f4c8b0c87,tcc-microservices-experiment-order-1,82.4,82040586,1073741824,7.64,3,94.9MB / 39.8MB,7.37MB / 77.8kB
58,2026-09-10T10:36:55.004516+00:00,117,2026-09-10T10:36:54.633339+00:00,false,microservices,product,457fddfc9065b1cf57d9e8c9cb0c9c8916a28401c0c09d03d325d876fd6586ec,tcc-microservices-experiment-product-1,0.02,78601257,1073741824,7.32,3,416kB / 282kB,6.37MB / 81.9kB
59,2026-09-10T10:36:56.004484+00:00,119,2026-09-10T10:36:55.634389+00:00,false,microservices,auth,dfec636ce5b52129f83c9bbb0601a9ee8fd7117fb886f76f7d92dfd3600b4dbc,tcc-microservices-experiment-auth-1,0.02,79219917,1073741824,7.38,3,45.6kB / 40.3kB,5.39MB / 65.5kB
59,2026-09-10T10:36:56.004484+00:00,119,2026-09-10T10:36:55.634389+00:00,false,microservices,gateway,d9bdf38d4601e4d6c757644529145db3d1e36243e00af8c43e9955b4864b9fec,tcc-microservices-experiment-gateway-1,30.38,486539264,536870912,90.63,77,24.3MB / 32.1MB,31.5MB / 246kB
59,2026-09-10T10:36:56.004484+00:00,119,2026-09-10T10:36:55.634389+00:00,false,microservices,mysql,3eef2232f5b71aa962af8c3b25a1f0c3adf5ef9e2be42936fae91c1482ece533,tcc-microservices-experiment-mysql-1,23.26,534983475,1073741824,49.82,40,25.3MB / 79.5MB,56.3MB / 120MB
59,2026-09-10T10:36:56.004484+00:00,119,2026-09-10T10:36:55.634389+00:00,false,microservices,order,74ac8e49149776e4faac8307655bd74651eec8e43706dfb4c55a625f4c8b0c87,tcc-microservices-experiment-order-1,81.71,82030100,1073741824,7.64,3,96MB / 40.2MB,7.37MB / 77.8kB
59,2026-09-10T10:36:56.004484+00:00,119,2026-09-10T10:36:55.634389+00:00,false,microservices,product,457fddfc9065b1cf57d9e8c9cb0c9c8916a28401c0c09d03d325d876fd6586ec,tcc-microservices-experiment-product-1,0.02,78601257,1073741824,7.32,3,416kB / 282kB,6.37MB / 81.9kB
60,2026-09-10T10:36:57.004485+00:00,121,2026-09-10T10:36:56.635286+00:00,false,microservices,auth,dfec636ce5b52129f83c9bbb0601a9ee8fd7117fb886f76f7d92dfd3600b4dbc,tcc-microservices-experiment-auth-1,0.02,79219917,1073741824,7.38,3,45.6kB / 40.3kB,5.39MB / 65.5kB
60,2026-09-10T10:36:57.004485+00:00,121,2026-09-10T10:36:56.635286+00:00,false,microservices,gateway,d9bdf38d4601e4d6c757644529145db3d1e36243e00af8c43e9955b4864b9fec,tcc-microservices-experiment-gateway-1,30.88,486958694,536870912,90.71,77,24.6MB / 32.5MB,31.5MB / 246kB
60,2026-09-10T10:36:57.004485+00:00,121,2026-09-10T10:36:56.635286+00:00,false,microservices,mysql,3eef2232f5b71aa962af8c3b25a1f0c3adf5ef9e2be42936fae91c1482ece533,tcc-microservices-experiment-mysql-1,27.12,536032051,1073741824,49.92,40,25.6MB / 80.4MB,56.3MB / 120MB
60,2026-09-10T10:36:57.004485+00:00,121,2026-09-10T10:36:56.635286+00:00,false,microservices,order,74ac8e49149776e4faac8307655bd74651eec8e43706dfb4c55a625f4c8b0c87,tcc-microservices-experiment-order-1,81.88,82460017,1073741824,7.68,3,97.1MB / 40.7MB,7.37MB / 77.8kB
60,2026-09-10T10:36:57.004485+00:00,121,2026-09-10T10:36:56.635286+00:00,false,microservices,product,457fddfc9065b1cf57d9e8c9cb0c9c8916a28401c0c09d03d325d876fd6586ec,tcc-microservices-experiment-product-1,0.02,78601257,1073741824,7.32,3,416kB / 282kB,6.37MB / 81.9kB
61,2026-09-10T10:36:58.004502+00:00,123,2026-09-10T10:36:57.634229+00:00,false,microservices,auth,dfec636ce5b52129f83c9bbb0601a9ee8fd7117fb886f76f7d92dfd3600b4dbc,tcc-microservices-experiment-auth-1,0.02,79219917,1073741824,7.38,3,45.6kB / 40.3kB,5.39MB / 65.5kB
61,2026-09-10T10:36:58.004502+00:00,123,2026-09-10T10:36:57.634229+00:00,false,microservices,gateway,d9bdf38d4601e4d6c757644529145db3d1e36243e00af8c43e9955b4864b9fec,tcc-microservices-experiment-gateway-1,31.85,487063552,536870912,90.72,77,24.9MB / 32.9MB,31.5MB / 246kB
61,2026-09-10T10:36:58.004502+00:00,123,2026-09-10T10:36:57.634229+00:00,false,microservices,mysql,3eef2232f5b71aa962af8c3b25a1f0c3adf5ef9e2be42936fae91c1482ece533,tcc-microservices-experiment-mysql-1,22.89,534668902,1073741824,49.8,40,25.8MB / 81.3MB,56.3MB / 120MB
61,2026-09-10T10:36:58.004502+00:00,123,2026-09-10T10:36:57.634229+00:00,false,microservices,order,74ac8e49149776e4faac8307655bd74651eec8e43706dfb4c55a625f4c8b0c87,tcc-microservices-experiment-order-1,81.73,82480988,1073741824,7.68,3,98.3MB / 41.1MB,7.37MB / 1.36MB
61,2026-09-10T10:36:58.004502+00:00,123,2026-09-10T10:36:57.634229+00:00,false,microservices,product,457fddfc9065b1cf57d9e8c9cb0c9c8916a28401c0c09d03d325d876fd6586ec,tcc-microservices-experiment-product-1,0.02,78601257,1073741824,7.32,3,416kB / 282kB,6.37MB / 81.9kB
62,2026-09-10T10:36:59.004506+00:00,125,2026-09-10T10:36:58.634943+00:00,false,microservices,auth,dfec636ce5b52129f83c9bbb0601a9ee8fd7117fb886f76f7d92dfd3600b4dbc,tcc-microservices-experiment-auth-1,0.01,79219917,1073741824,7.38,3,45.6kB / 40.3kB,5.39MB / 65.5kB
62,2026-09-10T10:36:59.004506+00:00,125,2026-09-10T10:36:58.634943+00:00,false,microservices,gateway,d9bdf38d4601e4d6c757644529145db3d1e36243e00af8c43e9955b4864b9fec,tcc-microservices-experiment-gateway-1,31.54,487482982,536870912,90.81,77,25.2MB / 33.3MB,31.5MB / 246kB
62,2026-09-10T10:36:59.004506+00:00,125,2026-09-10T10:36:58.634943+00:00,false,microservices,mysql,3eef2232f5b71aa962af8c3b25a1f0c3adf5ef9e2be42936fae91c1482ece533,tcc-microservices-experiment-mysql-1,27.15,536346624,1073741824,49.95,40,26.1MB / 82.3MB,56.3MB / 120MB
62,2026-09-10T10:36:59.004506+00:00,125,2026-09-10T10:36:58.634943+00:00,false,microservices,order,74ac8e49149776e4faac8307655bd74651eec8e43706dfb4c55a625f4c8b0c87,tcc-microservices-experiment-order-1,81.88,83162563,1073741824,7.74,3,99.4MB / 41.6MB,7.37MB / 1.36MB
62,2026-09-10T10:36:59.004506+00:00,125,2026-09-10T10:36:58.634943+00:00,false,microservices,product,457fddfc9065b1cf57d9e8c9cb0c9c8916a28401c0c09d03d325d876fd6586ec,tcc-microservices-experiment-product-1,0.02,78601257,1073741824,7.32,3,416kB / 282kB,6.37MB / 81.9kB
63,2026-09-10T10:37:00.004485+00:00,127,2026-09-10T10:36:59.634807+00:00,false,microservices,auth,dfec636ce5b52129f83c9bbb0601a9ee8fd7117fb886f76f7d92dfd3600b4dbc,tcc-microservices-experiment-auth-1,0.02,79219917,1073741824,7.38,3,45.6kB / 40.3kB,5.39MB / 65.5kB
63,2026-09-10T10:37:00.004485+00:00,127,2026-09-10T10:36:59.634807+00:00,false,microservices,gateway,d9bdf38d4601e4d6c757644529145db3d1e36243e00af8c43e9955b4864b9fec,tcc-microservices-experiment-gateway-1,33.13,486958694,536870912,90.71,77,25.5MB / 33.7MB,31.5MB / 246kB
63,2026-09-10T10:37:00.004485+00:00,127,2026-09-10T10:36:59.634807+00:00,false,microservices,mysql,3eef2232f5b71aa962af8c3b25a1f0c3adf5ef9e2be42936fae91c1482ece533,tcc-microservices-experiment-mysql-1,22.4,535402906,1073741824,49.86,40,26.4MB / 83.1MB,56.3MB / 120MB
63,2026-09-10T10:37:00.004485+00:00,127,2026-09-10T10:36:59.634807+00:00,false,microservices,order,74ac8e49149776e4faac8307655bd74651eec8e43706dfb4c55a625f4c8b0c87,tcc-microservices-experiment-order-1,81.67,83099648,1073741824,7.74,3,101MB / 42MB,7.37MB / 1.36MB
63,2026-09-10T10:37:00.004485+00:00,127,2026-09-10T10:36:59.634807+00:00,false,microservices,product,457fddfc9065b1cf57d9e8c9cb0c9c8916a28401c0c09d03d325d876fd6586ec,tcc-microservices-experiment-product-1,0.02,78601257,1073741824,7.32,3,416kB / 282kB,6.37MB / 81.9kB
64,2026-09-10T10:37:01.004516+00:00,129,2026-09-10T10:37:00.635815+00:00,false,microservices,auth,dfec636ce5b52129f83c9bbb0601a9ee8fd7117fb886f76f7d92dfd3600b4dbc,tcc-microservices-experiment-auth-1,0.02,79219917,1073741824,7.38,3,45.6kB / 40.3kB,5.39MB / 65.5kB
64,2026-09-10T10:37:01.004516+00:00,129,2026-09-10T10:37:00.635815+00:00,false,microservices,gateway,d9bdf38d4601e4d6c757644529145db3d1e36243e00af8c43e9955b4864b9fec,tcc-microservices-experiment-gateway-1,34.23,487692698,536870912,90.84,77,25.9MB / 34.1MB,31.5MB / 246kB
64,2026-09-10T10:37:01.004516+00:00,129,2026-09-10T10:37:00.635815+00:00,false,microservices,mysql,3eef2232f5b71aa962af8c3b25a1f0c3adf5ef9e2be42936fae91c1482ece533,tcc-microservices-experiment-mysql-1,26.39,535717478,1073741824,49.89,40,26.6MB / 84MB,56.3MB / 120MB
64,2026-09-10T10:37:01.004516+00:00,129,2026-09-10T10:37:00.635815+00:00,false,microservices,order,74ac8e49149776e4faac8307655bd74651eec8e43706dfb4c55a625f4c8b0c87,tcc-microservices-experiment-order-1,82.35,82858476,1073741824,7.72,3,102MB / 42.5MB,7.37MB / 1.36MB
64,2026-09-10T10:37:01.004516+00:00,129,2026-09-10T10:37:00.635815+00:00,false,microservices,product,457fddfc9065b1cf57d9e8c9cb0c9c8916a28401c0c09d03d325d876fd6586ec,tcc-microservices-experiment-product-1,0.02,78601257,1073741824,7.32,3,416kB / 282kB,6.37MB / 81.9kB
65,2026-09-10T10:37:02.004487+00:00,131,2026-09-10T10:37:01.635247+00:00,false,microservices,auth,dfec636ce5b52129f83c9bbb0601a9ee8fd7117fb886f76f7d92dfd3600b4dbc,tcc-microservices-experiment-auth-1,0.02,79219917,1073741824,7.38,3,45.6kB / 40.3kB,5.39MB / 65.5kB
65,2026-09-10T10:37:02.004487+00:00,131,2026-09-10T10:37:01.635247+00:00,false,microservices,gateway,d9bdf38d4601e4d6c757644529145db3d1e36243e00af8c43e9955b4864b9fec,tcc-microservices-experiment-gateway-1,31.66,487482982,536870912,90.79,77,26.2MB / 34.5MB,31.5MB / 246kB
65,2026-09-10T10:37:02.004487+00:00,131,2026-09-10T10:37:01.635247+00:00,false,microservices,mysql,3eef2232f5b71aa962af8c3b25a1f0c3adf5ef9e2be42936fae91c1482ece533,tcc-microservices-experiment-mysql-1,23.24,534668902,1073741824,49.79,40,26.9MB / 85MB,56.3MB / 120MB
65,2026-09-10T10:37:02.004487+00:00,131,2026-09-10T10:37:01.635247+00:00,false,microservices,order,74ac8e49149776e4faac8307655bd74651eec8e43706dfb4c55a625f4c8b0c87,tcc-microservices-experiment-order-1,80.86,81925243,1073741824,7.63,3,103MB / 42.9MB,7.37MB / 1.36MB
65,2026-09-10T10:37:02.004487+00:00,131,2026-09-10T10:37:01.635247+00:00,false,microservices,product,457fddfc9065b1cf57d9e8c9cb0c9c8916a28401c0c09d03d325d876fd6586ec,tcc-microservices-experiment-product-1,0.02,78601257,1073741824,7.32,3,416kB / 282kB,6.37MB / 81.9kB
66,2026-09-10T10:37:03.004506+00:00,133,2026-09-10T10:37:02.635954+00:00,false,microservices,auth,dfec636ce5b52129f83c9bbb0601a9ee8fd7117fb886f76f7d92dfd3600b4dbc,tcc-microservices-experiment-auth-1,0.02,79219917,1073741824,7.38,3,45.6kB / 40.3kB,5.39MB / 65.5kB
66,2026-09-10T10:37:03.004506+00:00,133,2026-09-10T10:37:02.635954+00:00,false,microservices,gateway,d9bdf38d4601e4d6c757644529145db3d1e36243e00af8c43e9955b4864b9fec,tcc-microservices-experiment-gateway-1,32.51,486853837,536870912,90.68,77,26.5MB / 34.9MB,31.5MB / 246kB
66,2026-09-10T10:37:03.004506+00:00,133,2026-09-10T10:37:02.635954+00:00,false,microservices,mysql,3eef2232f5b71aa962af8c3b25a1f0c3adf5ef9e2be42936fae91c1482ece533,tcc-microservices-experiment-mysql-1,23.71,538024346,1073741824,50.11,46,27.1MB / 85.9MB,56.3MB / 120MB
66,2026-09-10T10:37:03.004506+00:00,133,2026-09-10T10:37:02.635954+00:00,false,microservices,order,74ac8e49149776e4faac8307655bd74651eec8e43706dfb4c55a625f4c8b0c87,tcc-microservices-experiment-order-1,81.39,82281759,1073741824,7.66,3,104MB / 43.4MB,7.37MB / 1.36MB
66,2026-09-10T10:37:03.004506+00:00,133,2026-09-10T10:37:02.635954+00:00,false,microservices,product,457fddfc9065b1cf57d9e8c9cb0c9c8916a28401c0c09d03d325d876fd6586ec,tcc-microservices-experiment-product-1,0.01,78601257,1073741824,7.32,3,416kB / 282kB,6.37MB / 81.9kB
67,2026-09-10T10:37:04.004484+00:00,135,2026-09-10T10:37:03.635249+00:00,false,microservices,auth,dfec636ce5b52129f83c9bbb0601a9ee8fd7117fb886f76f7d92dfd3600b4dbc,tcc-microservices-experiment-auth-1,0.02,79219917,1073741824,7.38,3,45.6kB / 40.3kB,5.39MB / 65.5kB
67,2026-09-10T10:37:04.004484+00:00,135,2026-09-10T10:37:03.635249+00:00,false,microservices,gateway,d9bdf38d4601e4d6c757644529145db3d1e36243e00af8c43e9955b4864b9fec,tcc-microservices-experiment-gateway-1,32.51,487273267,536870912,90.77,77,26.8MB / 35.3MB,31.5MB / 258kB
67,2026-09-10T10:37:04.004484+00:00,135,2026-09-10T10:37:03.635249+00:00,false,microservices,mysql,3eef2232f5b71aa962af8c3b25a1f0c3adf5ef9e2be42936fae91c1482ece533,tcc-microservices-experiment-mysql-1,25.84,534668902,1073741824,49.8,40,27.4MB / 86.8MB,56.3MB / 120MB
67,2026-09-10T10:37:04.004484+00:00,135,2026-09-10T10:37:03.635249+00:00,false,microservices,order,74ac8e49149776e4faac8307655bd74651eec8e43706dfb4c55a625f4c8b0c87,tcc-microservices-experiment-order-1,82.52,81778442,1073741824,7.62,3,105MB / 43.8MB,7.37MB / 1.36MB
67,2026-09-10T10:37:04.004484+00:00,135,2026-09-10T10:37:03.635249+00:00,false,microservices,product,457fddfc9065b1cf57d9e8c9cb0c9c8916a28401c0c09d03d325d876fd6586ec,tcc-microservices-experiment-product-1,0.01,78601257,1073741824,7.32,3,416kB / 282kB,6.37MB / 81.9kB
68,2026-09-10T10:37:05.004515+00:00,137,2026-09-10T10:37:04.635810+00:00,false,microservices,auth,dfec636ce5b52129f83c9bbb0601a9ee8fd7117fb886f76f7d92dfd3600b4dbc,tcc-microservices-experiment-auth-1,0.02,79219917,1073741824,7.38,3,45.6kB / 40.3kB,5.39MB / 65.5kB
68,2026-09-10T10:37:05.004515+00:00,137,2026-09-10T10:37:04.635810+00:00,false,microservices,gateway,d9bdf38d4601e4d6c757644529145db3d1e36243e00af8c43e9955b4864b9fec,tcc-microservices-experiment-gateway-1,31.65,487378125,536870912,90.79,77,27.1MB / 35.7MB,31.5MB / 258kB
68,2026-09-10T10:37:05.004515+00:00,137,2026-09-10T10:37:04.635810+00:00,false,microservices,mysql,3eef2232f5b71aa962af8c3b25a1f0c3adf5ef9e2be42936fae91c1482ece533,tcc-microservices-experiment-mysql-1,22.53,534983475,1073741824,49.83,40,27.6MB / 87.7MB,56.3MB / 120MB
68,2026-09-10T10:37:05.004515+00:00,137,2026-09-10T10:37:04.635810+00:00,false,microservices,order,74ac8e49149776e4faac8307655bd74651eec8e43706dfb4c55a625f4c8b0c87,tcc-microservices-experiment-order-1,81.63,83340820,1073741824,7.76,3,106MB / 44.3MB,7.37MB / 1.36MB
68,2026-09-10T10:37:05.004515+00:00,137,2026-09-10T10:37:04.635810+00:00,false,microservices,product,457fddfc9065b1cf57d9e8c9cb0c9c8916a28401c0c09d03d325d876fd6586ec,tcc-microservices-experiment-product-1,0.02,78601257,1073741824,7.32,3,416kB / 282kB,6.37MB / 81.9kB
69,2026-09-10T10:37:06.004483+00:00,139,2026-09-10T10:37:05.633598+00:00,false,microservices,auth,dfec636ce5b52129f83c9bbb0601a9ee8fd7117fb886f76f7d92dfd3600b4dbc,tcc-microservices-experiment-auth-1,0.01,79219917,1073741824,7.38,3,45.6kB / 40.3kB,5.39MB / 65.5kB
69,2026-09-10T10:37:06.004483+00:00,139,2026-09-10T10:37:05.633598+00:00,false,microservices,gateway,d9bdf38d4601e4d6c757644529145db3d1e36243e00af8c43e9955b4864b9fec,tcc-microservices-experiment-gateway-1,34.43,487482982,536870912,90.79,77,27.4MB / 36.1MB,31.5MB / 258kB
69,2026-09-10T10:37:06.004483+00:00,139,2026-09-10T10:37:05.633598+00:00,false,microservices,mysql,3eef2232f5b71aa962af8c3b25a1f0c3adf5ef9e2be42936fae91c1482ece533,tcc-microservices-experiment-mysql-1,26.97,534564045,1073741824,49.78,40,27.9MB / 88.6MB,56.3MB / 120MB
69,2026-09-10T10:37:06.004483+00:00,139,2026-09-10T10:37:05.633598+00:00,false,microservices,order,74ac8e49149776e4faac8307655bd74651eec8e43706dfb4c55a625f4c8b0c87,tcc-microservices-experiment-order-1,81.88,83214991,1073741824,7.75,3,107MB / 44.7MB,7.37MB / 1.36MB
69,2026-09-10T10:37:06.004483+00:00,139,2026-09-10T10:37:05.633598+00:00,false,microservices,product,457fddfc9065b1cf57d9e8c9cb0c9c8916a28401c0c09d03d325d876fd6586ec,tcc-microservices-experiment-product-1,0.02,78601257,1073741824,7.32,3,416kB / 282kB,6.37MB / 81.9kB
70,2026-09-10T10:37:07.004501+00:00,141,2026-09-10T10:37:06.635592+00:00,false,microservices,auth,dfec636ce5b52129f83c9bbb0601a9ee8fd7117fb886f76f7d92dfd3600b4dbc,tcc-microservices-experiment-auth-1,0.02,79219917,1073741824,7.38,3,45.6kB / 40.3kB,5.39MB / 65.5kB
70,2026-09-10T10:37:07.004501+00:00,141,2026-09-10T10:37:06.635592+00:00,false,microservices,gateway,d9bdf38d4601e4d6c757644529145db3d1e36243e00af8c43e9955b4864b9fec,tcc-microservices-experiment-gateway-1,32.71,487273267,536870912,90.76,77,27.7MB / 36.5MB,31.5MB / 258kB
70,2026-09-10T10:37:07.004501+00:00,141,2026-09-10T10:37:06.635592+00:00,false,microservices,mysql,3eef2232f5b71aa962af8c3b25a1f0c3adf5ef9e2be42936fae91c1482ece533,tcc-microservices-experiment-mysql-1,22.86,534039757,1073741824,49.74,40,28.2MB / 89.5MB,56.3MB / 120MB
70,2026-09-10T10:37:07.004501+00:00,141,2026-09-10T10:37:06.635592+00:00,false,microservices,order,74ac8e49149776e4faac8307655bd74651eec8e43706dfb4c55a625f4c8b0c87,tcc-microservices-experiment-order-1,81.95,82711675,1073741824,7.7,3,108MB / 45.2MB,7.37MB / 1.36MB
70,2026-09-10T10:37:07.004501+00:00,141,2026-09-10T10:37:06.635592+00:00,false,microservices,product,457fddfc9065b1cf57d9e8c9cb0c9c8916a28401c0c09d03d325d876fd6586ec,tcc-microservices-experiment-product-1,0.02,78601257,1073741824,7.32,3,416kB / 282kB,6.37MB / 81.9kB
71,2026-09-10T10:37:08.004507+00:00,143,2026-09-10T10:37:07.634392+00:00,false,microservices,auth,dfec636ce5b52129f83c9bbb0601a9ee8fd7117fb886f76f7d92dfd3600b4dbc,tcc-microservices-experiment-auth-1,0.02,79219917,1073741824,7.38,3,45.6kB / 40.3kB,5.39MB / 65.5kB
71,2026-09-10T10:37:08.004507+00:00,143,2026-09-10T10:37:07.634392+00:00,false,microservices,gateway,d9bdf38d4601e4d6c757644529145db3d1e36243e00af8c43e9955b4864b9fec,tcc-microservices-experiment-gateway-1,32.38,487273267,536870912,90.77,77,28MB / 36.9MB,31.5MB / 258kB
71,2026-09-10T10:37:08.004507+00:00,143,2026-09-10T10:37:07.634392+00:00,false,microservices,mysql,3eef2232f5b71aa962af8c3b25a1f0c3adf5ef9e2be42936fae91c1482ece533,tcc-microservices-experiment-mysql-1,26.77,534459187,1073741824,49.77,40,28.4MB / 90.4MB,56.3MB / 120MB
71,2026-09-10T10:37:08.004507+00:00,143,2026-09-10T10:37:07.634392+00:00,false,microservices,order,74ac8e49149776e4faac8307655bd74651eec8e43706dfb4c55a625f4c8b0c87,tcc-microservices-experiment-order-1,82.81,82260787,1073741824,7.66,3,109MB / 45.6MB,7.37MB / 1.36MB
71,2026-09-10T10:37:08.004507+00:00,143,2026-09-10T10:37:07.634392+00:00,false,microservices,product,457fddfc9065b1cf57d9e8c9cb0c9c8916a28401c0c09d03d325d876fd6586ec,tcc-microservices-experiment-product-1,0.02,78601257,1073741824,7.32,3,416kB / 282kB,6.37MB / 81.9kB
72,2026-09-10T10:37:09.004503+00:00,145,2026-09-10T10:37:08.635147+00:00,false,microservices,auth,dfec636ce5b52129f83c9bbb0601a9ee8fd7117fb886f76f7d92dfd3600b4dbc,tcc-microservices-experiment-auth-1,0.02,79219917,1073741824,7.38,3,45.6kB / 40.3kB,5.39MB / 65.5kB
72,2026-09-10T10:37:09.004503+00:00,145,2026-09-10T10:37:08.635147+00:00,false,microservices,gateway,d9bdf38d4601e4d6c757644529145db3d1e36243e00af8c43e9955b4864b9fec,tcc-microservices-experiment-gateway-1,33.12,487902413,536870912,90.88,77,28.3MB / 37.3MB,31.5MB / 258kB
72,2026-09-10T10:37:09.004503+00:00,145,2026-09-10T10:37:08.635147+00:00,false,microservices,mysql,3eef2232f5b71aa962af8c3b25a1f0c3adf5ef9e2be42936fae91c1482ece533,tcc-microservices-experiment-mysql-1,21.97,534983475,1073741824,49.83,40,28.7MB / 91.4MB,56.3MB / 120MB
72,2026-09-10T10:37:09.004503+00:00,145,2026-09-10T10:37:08.635147+00:00,false,microservices,order,74ac8e49149776e4faac8307655bd74651eec8e43706dfb4c55a625f4c8b0c87,tcc-microservices-experiment-order-1,82.79,81830871,1073741824,7.62,3,111MB / 46.1MB,7.37MB / 1.36MB
72,2026-09-10T10:37:09.004503+00:00,145,2026-09-10T10:37:08.635147+00:00,false,microservices,product,457fddfc9065b1cf57d9e8c9cb0c9c8916a28401c0c09d03d325d876fd6586ec,tcc-microservices-experiment-product-1,0.02,78601257,1073741824,7.32,3,416kB / 282kB,6.37MB / 81.9kB
73,2026-09-10T10:37:10.004483+00:00,147,2026-09-10T10:37:09.634350+00:00,false,microservices,auth,dfec636ce5b52129f83c9bbb0601a9ee8fd7117fb886f76f7d92dfd3600b4dbc,tcc-microservices-experiment-auth-1,0.02,79219917,1073741824,7.38,3,45.6kB / 40.3kB,5.39MB / 65.5kB
73,2026-09-10T10:37:10.004483+00:00,147,2026-09-10T10:37:09.634350+00:00,false,microservices,gateway,d9bdf38d4601e4d6c757644529145db3d1e36243e00af8c43e9955b4864b9fec,tcc-microservices-experiment-gateway-1,32.05,487168410,536870912,90.74,77,28.6MB / 37.7MB,31.5MB / 258kB
73,2026-09-10T10:37:10.004483+00:00,147,2026-09-10T10:37:09.634350+00:00,false,microservices,mysql,3eef2232f5b71aa962af8c3b25a1f0c3adf5ef9e2be42936fae91c1482ece533,tcc-microservices-experiment-mysql-1,28.23,534564045,1073741824,49.78,40,28.9MB / 92.3MB,56.3MB / 120MB
73,2026-09-10T10:37:10.004483+00:00,147,2026-09-10T10:37:09.634350+00:00,false,microservices,order,74ac8e49149776e4faac8307655bd74651eec8e43706dfb4c55a625f4c8b0c87,tcc-microservices-experiment-order-1,81.33,82711675,1073741824,7.7,3,112MB / 46.5MB,7.37MB / 1.36MB
73,2026-09-10T10:37:10.004483+00:00,147,2026-09-10T10:37:09.634350+00:00,false,microservices,product,457fddfc9065b1cf57d9e8c9cb0c9c8916a28401c0c09d03d325d876fd6586ec,tcc-microservices-experiment-product-1,0.02,78601257,1073741824,7.32,3,416kB / 282kB,6.37MB / 81.9kB
74,2026-09-10T10:37:11.004486+00:00,149,2026-09-10T10:37:10.635510+00:00,false,microservices,auth,dfec636ce5b52129f83c9bbb0601a9ee8fd7117fb886f76f7d92dfd3600b4dbc,tcc-microservices-experiment-auth-1,0.02,79219917,1073741824,7.38,3,45.6kB / 40.3kB,5.39MB / 65.5kB
74,2026-09-10T10:37:11.004486+00:00,149,2026-09-10T10:37:10.635510+00:00,false,microservices,gateway,d9bdf38d4601e4d6c757644529145db3d1e36243e00af8c43e9955b4864b9fec,tcc-microservices-experiment-gateway-1,31.23,487692698,536870912,90.83,77,28.9MB / 38.1MB,31.5MB / 258kB
74,2026-09-10T10:37:11.004486+00:00,149,2026-09-10T10:37:10.635510+00:00,false,microservices,mysql,3eef2232f5b71aa962af8c3b25a1f0c3adf5ef9e2be42936fae91c1482ece533,tcc-microservices-experiment-mysql-1,23.1,534773760,1073741824,49.8,40,29.2MB / 93.2MB,56.3MB / 120MB
74,2026-09-10T10:37:11.004486+00:00,149,2026-09-10T10:37:10.635510+00:00,false,microservices,order,74ac8e49149776e4faac8307655bd74651eec8e43706dfb4c55a625f4c8b0c87,tcc-microservices-experiment-order-1,81.48,82480988,1073741824,7.68,3,113MB / 46.9MB,7.37MB / 1.36MB
74,2026-09-10T10:37:11.004486+00:00,149,2026-09-10T10:37:10.635510+00:00,false,microservices,product,457fddfc9065b1cf57d9e8c9cb0c9c8916a28401c0c09d03d325d876fd6586ec,tcc-microservices-experiment-product-1,0.02,78601257,1073741824,7.32,3,416kB / 282kB,6.37MB / 81.9kB
75,2026-09-10T10:37:12.004478+00:00,151,2026-09-10T10:37:11.635182+00:00,false,microservices,auth,dfec636ce5b52129f83c9bbb0601a9ee8fd7117fb886f76f7d92dfd3600b4dbc,tcc-microservices-experiment-auth-1,0.02,79219917,1073741824,7.38,3,45.6kB / 40.3kB,5.39MB / 65.5kB
75,2026-09-10T10:37:12.004478+00:00,151,2026-09-10T10:37:11.635182+00:00,false,microservices,gateway,d9bdf38d4601e4d6c757644529145db3d1e36243e00af8c43e9955b4864b9fec,tcc-microservices-experiment-gateway-1,30.91,487378125,536870912,90.78,77,29.2MB / 38.4MB,31.5MB / 258kB
75,2026-09-10T10:37:12.004478+00:00,151,2026-09-10T10:37:11.635182+00:00,false,microservices,mysql,3eef2232f5b71aa962af8c3b25a1f0c3adf5ef9e2be42936fae91c1482ece533,tcc-microservices-experiment-mysql-1,26.55,534354330,1073741824,49.76,40,29.4MB / 94.1MB,56.3MB / 120MB
75,2026-09-10T10:37:12.004478+00:00,151,2026-09-10T10:37:11.635182+00:00,false,microservices,order,74ac8e49149776e4faac8307655bd74651eec8e43706dfb4c55a625f4c8b0c87,tcc-microservices-experiment-order-1,82.08,82439045,1073741824,7.68,3,114MB / 47.4MB,7.37MB / 1.36MB
75,2026-09-10T10:37:12.004478+00:00,151,2026-09-10T10:37:11.635182+00:00,false,microservices,product,457fddfc9065b1cf57d9e8c9cb0c9c8916a28401c0c09d03d325d876fd6586ec,tcc-microservices-experiment-product-1,0.02,78601257,1073741824,7.32,3,416kB / 282kB,6.37MB / 81.9kB
76,2026-09-10T10:37:13.004473+00:00,153,2026-09-10T10:37:12.636065+00:00,false,microservices,auth,dfec636ce5b52129f83c9bbb0601a9ee8fd7117fb886f76f7d92dfd3600b4dbc,tcc-microservices-experiment-auth-1,0.01,79219917,1073741824,7.38,3,45.6kB / 40.3kB,5.39MB / 65.5kB
76,2026-09-10T10:37:13.004473+00:00,153,2026-09-10T10:37:12.636065+00:00,false,microservices,gateway,d9bdf38d4601e4d6c757644529145db3d1e36243e00af8c43e9955b4864b9fec,tcc-microservices-experiment-gateway-1,33.09,487482982,536870912,90.8,77,29.5MB / 38.8MB,31.5MB / 258kB
76,2026-09-10T10:37:13.004473+00:00,153,2026-09-10T10:37:12.636065+00:00,false,microservices,mysql,3eef2232f5b71aa962af8c3b25a1f0c3adf5ef9e2be42936fae91c1482ece533,tcc-microservices-experiment-mysql-1,22.91,534039757,1073741824,49.74,40,29.7MB / 95MB,56.3MB / 120MB
76,2026-09-10T10:37:13.004473+00:00,153,2026-09-10T10:37:12.636065+00:00,false,microservices,order,74ac8e49149776e4faac8307655bd74651eec8e43706dfb4c55a625f4c8b0c87,tcc-microservices-experiment-order-1,81.54,82218844,1073741824,7.66,3,115MB / 47.8MB,7.37MB / 3.09MB
76,2026-09-10T10:37:13.004473+00:00,153,2026-09-10T10:37:12.636065+00:00,false,microservices,product,457fddfc9065b1cf57d9e8c9cb0c9c8916a28401c0c09d03d325d876fd6586ec,tcc-microservices-experiment-product-1,0.02,78601257,1073741824,7.32,3,416kB / 282kB,6.37MB / 81.9kB
77,2026-09-10T10:37:14.004464+00:00,155,2026-09-10T10:37:13.635387+00:00,false,microservices,auth,dfec636ce5b52129f83c9bbb0601a9ee8fd7117fb886f76f7d92dfd3600b4dbc,tcc-microservices-experiment-auth-1,0.02,79219917,1073741824,7.38,3,45.6kB / 40.3kB,5.39MB / 65.5kB
77,2026-09-10T10:37:14.004464+00:00,155,2026-09-10T10:37:13.635387+00:00,false,microservices,gateway,d9bdf38d4601e4d6c757644529145db3d1e36243e00af8c43e9955b4864b9fec,tcc-microservices-experiment-gateway-1,32.7,487378125,536870912,90.78,77,29.8MB / 39.2MB,31.5MB / 258kB
77,2026-09-10T10:37:14.004464+00:00,155,2026-09-10T10:37:13.635387+00:00,false,microservices,mysql,3eef2232f5b71aa962af8c3b25a1f0c3adf5ef9e2be42936fae91c1482ece533,tcc-microservices-experiment-mysql-1,26.15,534354330,1073741824,49.77,40,30MB / 95.9MB,56.3MB / 120MB
77,2026-09-10T10:37:14.004464+00:00,155,2026-09-10T10:37:13.635387+00:00,false,microservices,order,74ac8e49149776e4faac8307655bd74651eec8e43706dfb4c55a625f4c8b0c87,tcc-microservices-experiment-order-1,83.25,82376131,1073741824,7.67,3,116MB / 48.3MB,7.37MB / 3.09MB
77,2026-09-10T10:37:14.004464+00:00,155,2026-09-10T10:37:13.635387+00:00,false,microservices,product,457fddfc9065b1cf57d9e8c9cb0c9c8916a28401c0c09d03d325d876fd6586ec,tcc-microservices-experiment-product-1,0.02,78601257,1073741824,7.32,3,416kB / 282kB,6.37MB / 81.9kB
78,2026-09-10T10:37:15.004504+00:00,157,2026-09-10T10:37:14.635369+00:00,false,microservices,auth,dfec636ce5b52129f83c9bbb0601a9ee8fd7117fb886f76f7d92dfd3600b4dbc,tcc-microservices-experiment-auth-1,0.02,79219917,1073741824,7.38,3,45.6kB / 40.3kB,5.39MB / 65.5kB
78,2026-09-10T10:37:15.004504+00:00,157,2026-09-10T10:37:14.635369+00:00,false,microservices,gateway,d9bdf38d4601e4d6c757644529145db3d1e36243e00af8c43e9955b4864b9fec,tcc-microservices-experiment-gateway-1,31.79,487587840,536870912,90.83,77,30.1MB / 39.6MB,31.5MB / 258kB
78,2026-09-10T10:37:15.004504+00:00,157,2026-09-10T10:37:14.635369+00:00,false,microservices,mysql,3eef2232f5b71aa962af8c3b25a1f0c3adf5ef9e2be42936fae91c1482ece533,tcc-microservices-experiment-mysql-1,23.16,534459187,1073741824,49.77,40,30.2MB / 96.8MB,56.3MB / 120MB
78,2026-09-10T10:37:15.004504+00:00,157,2026-09-10T10:37:14.635369+00:00,false,microservices,order,74ac8e49149776e4faac8307655bd74651eec8e43706dfb4c55a625f4c8b0c87,tcc-microservices-experiment-order-1,81.53,83005276,1073741824,7.73,3,117MB / 48.7MB,7.37MB / 3.09MB
78,2026-09-10T10:37:15.004504+00:00,157,2026-09-10T10:37:14.635369+00:00,false,microservices,product,457fddfc9065b1cf57d9e8c9cb0c9c8916a28401c0c09d03d325d876fd6586ec,tcc-microservices-experiment-product-1,0.02,78601257,1073741824,7.32,3,416kB / 282kB,6.37MB / 81.9kB
79,2026-09-10T10:37:16.004502+00:00,159,2026-09-10T10:37:15.635321+00:00,false,microservices,auth,dfec636ce5b52129f83c9bbb0601a9ee8fd7117fb886f76f7d92dfd3600b4dbc,tcc-microservices-experiment-auth-1,0.02,79219917,1073741824,7.38,3,45.6kB / 40.3kB,5.39MB / 65.5kB
79,2026-09-10T10:37:16.004502+00:00,159,2026-09-10T10:37:15.635321+00:00,false,microservices,gateway,d9bdf38d4601e4d6c757644529145db3d1e36243e00af8c43e9955b4864b9fec,tcc-microservices-experiment-gateway-1,31.55,487692698,536870912,90.84,77,30.4MB / 40MB,31.5MB / 258kB
79,2026-09-10T10:37:16.004502+00:00,159,2026-09-10T10:37:15.635321+00:00,false,microservices,mysql,3eef2232f5b71aa962af8c3b25a1f0c3adf5ef9e2be42936fae91c1482ece533,tcc-microservices-experiment-mysql-1,27.08,534668902,1073741824,49.8,40,30.5MB / 97.7MB,56.3MB / 120MB
79,2026-09-10T10:37:16.004502+00:00,159,2026-09-10T10:37:15.635321+00:00,false,microservices,order,74ac8e49149776e4faac8307655bd74651eec8e43706dfb4c55a625f4c8b0c87,tcc-microservices-experiment-order-1,81.62,82879447,1073741824,7.72,3,118MB / 49.2MB,7.37MB / 3.09MB
79,2026-09-10T10:37:16.004502+00:00,159,2026-09-10T10:37:15.635321+00:00,false,microservices,product,457fddfc9065b1cf57d9e8c9cb0c9c8916a28401c0c09d03d325d876fd6586ec,tcc-microservices-experiment-product-1,0.02,78601257,1073741824,7.32,3,416kB / 282kB,6.37MB / 81.9kB
80,2026-09-10T10:37:17.004500+00:00,161,2026-09-10T10:37:16.635238+00:00,false,microservices,auth,dfec636ce5b52129f83c9bbb0601a9ee8fd7117fb886f76f7d92dfd3600b4dbc,tcc-microservices-experiment-auth-1,0.02,79219917,1073741824,7.38,3,45.6kB / 40.3kB,5.39MB / 65.5kB
80,2026-09-10T10:37:17.004500+00:00,161,2026-09-10T10:37:16.635238+00:00,false,microservices,gateway,d9bdf38d4601e4d6c757644529145db3d1e36243e00af8c43e9955b4864b9fec,tcc-microservices-experiment-gateway-1,32.26,488007270,536870912,90.9,77,30.7MB / 40.4MB,31.5MB / 258kB
80,2026-09-10T10:37:17.004500+00:00,161,2026-09-10T10:37:16.635238+00:00,false,microservices,mysql,3eef2232f5b71aa962af8c3b25a1f0c3adf5ef9e2be42936fae91c1482ece533,tcc-microservices-experiment-mysql-1,21.25,534354330,1073741824,49.77,40,30.7MB / 98.7MB,56.3MB / 120MB
80,2026-09-10T10:37:17.004500+00:00,161,2026-09-10T10:37:16.635238+00:00,false,microservices,order,74ac8e49149776e4faac8307655bd74651eec8e43706dfb4c55a625f4c8b0c87,tcc-microservices-experiment-order-1,83.47,82439045,1073741824,7.68,3,120MB / 49.6MB,7.37MB / 3.09MB
80,2026-09-10T10:37:17.004500+00:00,161,2026-09-10T10:37:16.635238+00:00,false,microservices,product,457fddfc9065b1cf57d9e8c9cb0c9c8916a28401c0c09d03d325d876fd6586ec,tcc-microservices-experiment-product-1,0.02,78601257,1073741824,7.32,3,416kB / 282kB,6.37MB / 81.9kB
81,2026-09-10T10:37:18.004515+00:00,163,2026-09-10T10:37:17.634538+00:00,false,microservices,auth,dfec636ce5b52129f83c9bbb0601a9ee8fd7117fb886f76f7d92dfd3600b4dbc,tcc-microservices-experiment-auth-1,0.02,79219917,1073741824,7.38,3,45.6kB / 40.3kB,5.39MB / 65.5kB
81,2026-09-10T10:37:18.004515+00:00,163,2026-09-10T10:37:17.634538+00:00,false,microservices,gateway,d9bdf38d4601e4d6c757644529145db3d1e36243e00af8c43e9955b4864b9fec,tcc-microservices-experiment-gateway-1,31.45,487692698,536870912,90.85,77,31MB / 40.8MB,31.5MB / 258kB
81,2026-09-10T10:37:18.004515+00:00,163,2026-09-10T10:37:17.634538+00:00,false,microservices,mysql,3eef2232f5b71aa962af8c3b25a1f0c3adf5ef9e2be42936fae91c1482ece533,tcc-microservices-experiment-mysql-1,26.37,535088333,1073741824,49.84,40,31MB / 99.6MB,56.3MB / 120MB
81,2026-09-10T10:37:18.004515+00:00,163,2026-09-10T10:37:17.634538+00:00,false,microservices,order,74ac8e49149776e4faac8307655bd74651eec8e43706dfb4c55a625f4c8b0c87,tcc-microservices-experiment-order-1,82.24,82439045,1073741824,7.68,3,121MB / 50.1MB,7.37MB / 3.09MB
81,2026-09-10T10:37:18.004515+00:00,163,2026-09-10T10:37:17.634538+00:00,false,microservices,product,457fddfc9065b1cf57d9e8c9cb0c9c8916a28401c0c09d03d325d876fd6586ec,tcc-microservices-experiment-product-1,0.02,78601257,1073741824,7.32,3,416kB / 282kB,6.37MB / 81.9kB
82,2026-09-10T10:37:19.004506+00:00,165,2026-09-10T10:37:18.634235+00:00,false,microservices,auth,dfec636ce5b52129f83c9bbb0601a9ee8fd7117fb886f76f7d92dfd3600b4dbc,tcc-microservices-experiment-auth-1,0.02,79219917,1073741824,7.38,3,45.6kB / 40.3kB,5.39MB / 65.5kB
82,2026-09-10T10:37:19.004506+00:00,165,2026-09-10T10:37:18.634235+00:00,false,microservices,gateway,d9bdf38d4601e4d6c757644529145db3d1e36243e00af8c43e9955b4864b9fec,tcc-microservices-experiment-gateway-1,33.51,487692698,536870912,90.84,77,31.3MB / 41.2MB,31.5MB / 270kB
82,2026-09-10T10:37:19.004506+00:00,165,2026-09-10T10:37:18.634235+00:00,false,microservices,mysql,3eef2232f5b71aa962af8c3b25a1f0c3adf5ef9e2be42936fae91c1482ece533,tcc-microservices-experiment-mysql-1,22.5,533934899,1073741824,49.72,40,31.3MB / 100MB,56.3MB / 120MB
82,2026-09-10T10:37:19.004506+00:00,165,2026-09-10T10:37:18.634235+00:00,false,microservices,order,74ac8e49149776e4faac8307655bd74651eec8e43706dfb4c55a625f4c8b0c87,tcc-microservices-experiment-order-1,82.44,82522931,1073741824,7.69,3,122MB / 50.5MB,7.37MB / 3.09MB
82,2026-09-10T10:37:19.004506+00:00,165,2026-09-10T10:37:18.634235+00:00,false,microservices,product,457fddfc9065b1cf57d9e8c9cb0c9c8916a28401c0c09d03d325d876fd6586ec,tcc-microservices-experiment-product-1,0.02,78601257,1073741824,7.32,3,416kB / 282kB,6.37MB / 81.9kB
83,2026-09-10T10:37:20.004508+00:00,167,2026-09-10T10:37:19.635472+00:00,false,microservices,auth,dfec636ce5b52129f83c9bbb0601a9ee8fd7117fb886f76f7d92dfd3600b4dbc,tcc-microservices-experiment-auth-1,0.02,79219917,1073741824,7.38,3,45.6kB / 40.3kB,5.39MB / 65.5kB
83,2026-09-10T10:37:20.004508+00:00,167,2026-09-10T10:37:19.635472+00:00,false,microservices,gateway,d9bdf38d4601e4d6c757644529145db3d1e36243e00af8c43e9955b4864b9fec,tcc-microservices-experiment-gateway-1,32.17,488216986,536870912,90.93,77,31.5MB / 41.6MB,31.5MB / 270kB
83,2026-09-10T10:37:20.004508+00:00,167,2026-09-10T10:37:19.635472+00:00,false,microservices,mysql,3eef2232f5b71aa962af8c3b25a1f0c3adf5ef9e2be42936fae91c1482ece533,tcc-microservices-experiment-mysql-1,27.16,534354330,1073741824,49.76,40,31.5MB / 101MB,56.3MB / 120MB
83,2026-09-10T10:37:20.004508+00:00,167,2026-09-10T10:37:19.635472+00:00,false,microservices,order,74ac8e49149776e4faac8307655bd74651eec8e43706dfb4c55a625f4c8b0c87,tcc-microservices-experiment-order-1,81.95,83445678,1073741824,7.77,3,123MB / 51MB,7.37MB / 3.09MB
83,2026-09-10T10:37:20.004508+00:00,167,2026-09-10T10:37:19.635472+00:00,false,microservices,product,457fddfc9065b1cf57d9e8c9cb0c9c8916a28401c0c09d03d325d876fd6586ec,tcc-microservices-experiment-product-1,0.02,78601257,1073741824,7.32,3,416kB / 282kB,6.37MB / 81.9kB
84,2026-09-10T10:37:21.004483+00:00,169,2026-09-10T10:37:20.635486+00:00,false,microservices,auth,dfec636ce5b52129f83c9bbb0601a9ee8fd7117fb886f76f7d92dfd3600b4dbc,tcc-microservices-experiment-auth-1,0.02,79219917,1073741824,7.38,3,45.6kB / 40.3kB,5.39MB / 65.5kB
84,2026-09-10T10:37:21.004483+00:00,169,2026-09-10T10:37:20.635486+00:00,false,microservices,gateway,d9bdf38d4601e4d6c757644529145db3d1e36243e00af8c43e9955b4864b9fec,tcc-microservices-experiment-gateway-1,31.65,488216986,536870912,90.93,77,31.8MB / 42MB,31.5MB / 270kB
84,2026-09-10T10:37:21.004483+00:00,169,2026-09-10T10:37:20.635486+00:00,false,microservices,mysql,3eef2232f5b71aa962af8c3b25a1f0c3adf5ef9e2be42936fae91c1482ece533,tcc-microservices-experiment-mysql-1,22.97,534668902,1073741824,49.8,40,31.8MB / 102MB,56.3MB / 120MB
84,2026-09-10T10:37:21.004483+00:00,169,2026-09-10T10:37:20.635486+00:00,false,microservices,order,74ac8e49149776e4faac8307655bd74651eec8e43706dfb4c55a625f4c8b0c87,tcc-microservices-experiment-order-1,81.34,82386616,1073741824,7.67,3,124MB / 51.4MB,7.37MB / 3.09MB
84,2026-09-10T10:37:21.004483+00:00,169,2026-09-10T10:37:20.635486+00:00,false,microservices,product,457fddfc9065b1cf57d9e8c9cb0c9c8916a28401c0c09d03d325d876fd6586ec,tcc-microservices-experiment-product-1,0.02,78601257,1073741824,7.32,3,416kB / 282kB,6.37MB / 81.9kB
85,2026-09-10T10:37:22.004513+00:00,171,2026-09-10T10:37:21.634463+00:00,false,microservices,auth,dfec636ce5b52129f83c9bbb0601a9ee8fd7117fb886f76f7d92dfd3600b4dbc,tcc-microservices-experiment-auth-1,0.02,79219917,1073741824,7.38,3,45.6kB / 40.3kB,5.39MB / 65.5kB
85,2026-09-10T10:37:22.004513+00:00,171,2026-09-10T10:37:21.634463+00:00,false,microservices,gateway,d9bdf38d4601e4d6c757644529145db3d1e36243e00af8c43e9955b4864b9fec,tcc-microservices-experiment-gateway-1,31.98,487797555,536870912,90.87,77,32.1MB / 42.4MB,31.5MB / 270kB
85,2026-09-10T10:37:22.004513+00:00,171,2026-09-10T10:37:21.634463+00:00,false,microservices,mysql,3eef2232f5b71aa962af8c3b25a1f0c3adf5ef9e2be42936fae91c1482ece533,tcc-microservices-experiment-mysql-1,27.02,535193190,1073741824,49.84,40,32MB / 103MB,56.3MB / 120MB
85,2026-09-10T10:37:22.004513+00:00,171,2026-09-10T10:37:21.634463+00:00,false,microservices,order,74ac8e49149776e4faac8307655bd74651eec8e43706dfb4c55a625f4c8b0c87,tcc-microservices-experiment-order-1,82.12,83194020,1073741824,7.75,3,125MB / 51.8MB,7.37MB / 3.09MB
85,2026-09-10T10:37:22.004513+00:00,171,2026-09-10T10:37:21.634463+00:00,false,microservices,product,457fddfc9065b1cf57d9e8c9cb0c9c8916a28401c0c09d03d325d876fd6586ec,tcc-microservices-experiment-product-1,0.02,78601257,1073741824,7.32,3,416kB / 282kB,6.37MB / 81.9kB
86,2026-09-10T10:37:23.004501+00:00,173,2026-09-10T10:37:22.634463+00:00,false,microservices,auth,dfec636ce5b52129f83c9bbb0601a9ee8fd7117fb886f76f7d92dfd3600b4dbc,tcc-microservices-experiment-auth-1,0.02,79219917,1073741824,7.38,3,45.6kB / 40.3kB,5.39MB / 65.5kB
86,2026-09-10T10:37:23.004501+00:00,173,2026-09-10T10:37:22.634463+00:00,false,microservices,gateway,d9bdf38d4601e4d6c757644529145db3d1e36243e00af8c43e9955b4864b9fec,tcc-microservices-experiment-gateway-1,34.75,487482982,536870912,90.8,77,32.4MB / 42.8MB,31.5MB / 270kB
86,2026-09-10T10:37:23.004501+00:00,173,2026-09-10T10:37:22.634463+00:00,false,microservices,mysql,3eef2232f5b71aa962af8c3b25a1f0c3adf5ef9e2be42936fae91c1482ece533,tcc-microservices-experiment-mysql-1,22.85,534459187,1073741824,49.78,40,32.3MB / 104MB,56.3MB / 120MB
86,2026-09-10T10:37:23.004501+00:00,173,2026-09-10T10:37:22.634463+00:00,false,microservices,order,74ac8e49149776e4faac8307655bd74651eec8e43706dfb4c55a625f4c8b0c87,tcc-microservices-experiment-order-1,81.56,83351306,1073741824,7.76,3,126MB / 52.3MB,7.37MB / 3.09MB
86,2026-09-10T10:37:23.004501+00:00,173,2026-09-10T10:37:22.634463+00:00,false,microservices,product,457fddfc9065b1cf57d9e8c9cb0c9c8916a28401c0c09d03d325d876fd6586ec,tcc-microservices-experiment-product-1,0.02,78601257,1073741824,7.32,3,416kB / 282kB,6.37MB / 81.9kB
87,2026-09-10T10:37:24.004481+00:00,175,2026-09-10T10:37:23.634311+00:00,false,microservices,auth,dfec636ce5b52129f83c9bbb0601a9ee8fd7117fb886f76f7d92dfd3600b4dbc,tcc-microservices-experiment-auth-1,0.02,79219917,1073741824,7.38,3,45.6kB / 40.3kB,5.39MB / 65.5kB
87,2026-09-10T10:37:24.004481+00:00,175,2026-09-10T10:37:23.634311+00:00,false,microservices,gateway,d9bdf38d4601e4d6c757644529145db3d1e36243e00af8c43e9955b4864b9fec,tcc-microservices-experiment-gateway-1,32.49,487902413,536870912,90.88,77,32.7MB / 43.2MB,31.5MB / 270kB
87,2026-09-10T10:37:24.004481+00:00,175,2026-09-10T10:37:23.634311+00:00,false,microservices,mysql,3eef2232f5b71aa962af8c3b25a1f0c3adf5ef9e2be42936fae91c1482ece533,tcc-microservices-experiment-mysql-1,27.15,534773760,1073741824,49.8,40,32.5MB / 105MB,56.3MB / 120MB
87,2026-09-10T10:37:24.004481+00:00,175,2026-09-10T10:37:23.634311+00:00,false,microservices,order,74ac8e49149776e4faac8307655bd74651eec8e43706dfb4c55a625f4c8b0c87,tcc-microservices-experiment-order-1,81.99,83194020,1073741824,7.75,3,127MB / 52.7MB,7.37MB / 3.09MB
87,2026-09-10T10:37:24.004481+00:00,175,2026-09-10T10:37:23.634311+00:00,false,microservices,product,457fddfc9065b1cf57d9e8c9cb0c9c8916a28401c0c09d03d325d876fd6586ec,tcc-microservices-experiment-product-1,0.02,78601257,1073741824,7.32,3,416kB / 282kB,6.37MB / 81.9kB
88,2026-09-10T10:37:25.004480+00:00,177,2026-09-10T10:37:24.633780+00:00,false,microservices,auth,dfec636ce5b52129f83c9bbb0601a9ee8fd7117fb886f76f7d92dfd3600b4dbc,tcc-microservices-experiment-auth-1,0.02,79219917,1073741824,7.38,3,45.6kB / 40.3kB,5.39MB / 65.5kB
88,2026-09-10T10:37:25.004480+00:00,177,2026-09-10T10:37:24.633780+00:00,false,microservices,gateway,d9bdf38d4601e4d6c757644529145db3d1e36243e00af8c43e9955b4864b9fec,tcc-microservices-experiment-gateway-1,33.76,487273267,536870912,90.75,77,33MB / 43.6MB,31.5MB / 270kB
88,2026-09-10T10:37:25.004480+00:00,177,2026-09-10T10:37:24.633780+00:00,false,microservices,mysql,3eef2232f5b71aa962af8c3b25a1f0c3adf5ef9e2be42936fae91c1482ece533,tcc-microservices-experiment-mysql-1,23.07,534773760,1073741824,49.81,40,32.8MB / 106MB,56.3MB / 120MB
88,2026-09-10T10:37:25.004480+00:00,177,2026-09-10T10:37:24.633780+00:00,false,microservices,order,74ac8e49149776e4faac8307655bd74651eec8e43706dfb4c55a625f4c8b0c87,tcc-microservices-experiment-order-1,82.35,83267420,1073741824,7.75,3,129MB / 53.2MB,7.37MB / 3.09MB
88,2026-09-10T10:37:25.004480+00:00,177,2026-09-10T10:37:24.633780+00:00,false,microservices,product,457fddfc9065b1cf57d9e8c9cb0c9c8916a28401c0c09d03d325d876fd6586ec,tcc-microservices-experiment-product-1,0.02,78601257,1073741824,7.32,3,416kB / 282kB,6.37MB / 81.9kB
89,2026-09-10T10:37:26.004471+00:00,179,2026-09-10T10:37:25.634422+00:00,false,microservices,auth,dfec636ce5b52129f83c9bbb0601a9ee8fd7117fb886f76f7d92dfd3600b4dbc,tcc-microservices-experiment-auth-1,0.01,79219917,1073741824,7.38,3,45.6kB / 40.3kB,5.39MB / 65.5kB
89,2026-09-10T10:37:26.004471+00:00,179,2026-09-10T10:37:25.634422+00:00,false,microservices,gateway,d9bdf38d4601e4d6c757644529145db3d1e36243e00af8c43e9955b4864b9fec,tcc-microservices-experiment-gateway-1,31.97,487273267,536870912,90.76,77,33.3MB / 44MB,31.5MB / 270kB
89,2026-09-10T10:37:26.004471+00:00,179,2026-09-10T10:37:25.634422+00:00,false,microservices,mysql,3eef2232f5b71aa962af8c3b25a1f0c3adf5ef9e2be42936fae91c1482ece533,tcc-microservices-experiment-mysql-1,26.56,535298048,1073741824,49.85,40,33.1MB / 107MB,56.3MB / 120MB
89,2026-09-10T10:37:26.004471+00:00,179,2026-09-10T10:37:25.634422+00:00,false,microservices,order,74ac8e49149776e4faac8307655bd74651eec8e43706dfb4c55a625f4c8b0c87,tcc-microservices-experiment-order-1,81.77,82889933,1073741824,7.72,3,130MB / 53.6MB,7.37MB / 3.09MB
89,2026-09-10T10:37:26.004471+00:00,179,2026-09-10T10:37:25.634422+00:00,false,microservices,product,457fddfc9065b1cf57d9e8c9cb0c9c8916a28401c0c09d03d325d876fd6586ec,tcc-microservices-experiment-product-1,0.02,78601257,1073741824,7.32,3,416kB / 282kB,6.37MB / 81.9kB
90,2026-09-10T10:37:27.004506+00:00,181,2026-09-10T10:37:26.634315+00:00,false,microservices,auth,dfec636ce5b52129f83c9bbb0601a9ee8fd7117fb886f76f7d92dfd3600b4dbc,tcc-microservices-experiment-auth-1,0.02,79219917,1073741824,7.38,3,45.6kB / 40.3kB,5.39MB / 65.5kB
90,2026-09-10T10:37:27.004506+00:00,181,2026-09-10T10:37:26.634315+00:00,false,microservices,gateway,d9bdf38d4601e4d6c757644529145db3d1e36243e00af8c43e9955b4864b9fec,tcc-microservices-experiment-gateway-1,32.46,487482982,536870912,90.8,77,33.6MB / 44.4MB,31.5MB / 270kB
90,2026-09-10T10:37:27.004506+00:00,181,2026-09-10T10:37:26.634315+00:00,false,microservices,mysql,3eef2232f5b71aa962af8c3b25a1f0c3adf5ef9e2be42936fae91c1482ece533,tcc-microservices-experiment-mysql-1,22.37,535298048,1073741824,49.86,40,33.3MB / 108MB,56.3MB / 120MB
90,2026-09-10T10:37:27.004506+00:00,181,2026-09-10T10:37:26.634315+00:00,false,microservices,order,74ac8e49149776e4faac8307655bd74651eec8e43706dfb4c55a625f4c8b0c87,tcc-microservices-experiment-order-1,82.41,82533417,1073741824,7.69,3,131MB / 54.1MB,7.37MB / 3.09MB
90,2026-09-10T10:37:27.004506+00:00,181,2026-09-10T10:37:26.634315+00:00,false,microservices,product,457fddfc9065b1cf57d9e8c9cb0c9c8916a28401c0c09d03d325d876fd6586ec,tcc-microservices-experiment-product-1,0.02,78601257,1073741824,7.32,3,416kB / 282kB,6.37MB / 81.9kB
91,2026-09-10T10:37:28.004485+00:00,183,2026-09-10T10:37:27.634502+00:00,false,microservices,auth,dfec636ce5b52129f83c9bbb0601a9ee8fd7117fb886f76f7d92dfd3600b4dbc,tcc-microservices-experiment-auth-1,0.02,79219917,1073741824,7.38,3,45.6kB / 40.3kB,5.39MB / 65.5kB
91,2026-09-10T10:37:28.004485+00:00,183,2026-09-10T10:37:27.634502+00:00,false,microservices,gateway,d9bdf38d4601e4d6c757644529145db3d1e36243e00af8c43e9955b4864b9fec,tcc-microservices-experiment-gateway-1,32.87,487692698,536870912,90.83,77,33.9MB / 44.8MB,31.5MB / 270kB
91,2026-09-10T10:37:28.004485+00:00,183,2026-09-10T10:37:27.634502+00:00,false,microservices,mysql,3eef2232f5b71aa962af8c3b25a1f0c3adf5ef9e2be42936fae91c1482ece533,tcc-microservices-experiment-mysql-1,26.81,534668902,1073741824,49.79,40,33.6MB / 109MB,56.3MB / 120MB
91,2026-09-10T10:37:28.004485+00:00,183,2026-09-10T10:37:27.634502+00:00,false,microservices,order,74ac8e49149776e4faac8307655bd74651eec8e43706dfb4c55a625f4c8b0c87,tcc-microservices-experiment-order-1,82.46,82501960,1073741824,7.68,3,132MB / 54.5MB,7.37MB / 3.58MB
91,2026-09-10T10:37:28.004485+00:00,183,2026-09-10T10:37:27.634502+00:00,false,microservices,product,457fddfc9065b1cf57d9e8c9cb0c9c8916a28401c0c09d03d325d876fd6586ec,tcc-microservices-experiment-product-1,0.02,78601257,1073741824,7.32,3,416kB / 282kB,6.37MB / 81.9kB
92,2026-09-10T10:37:29.004484+00:00,185,2026-09-10T10:37:28.634444+00:00,false,microservices,auth,dfec636ce5b52129f83c9bbb0601a9ee8fd7117fb886f76f7d92dfd3600b4dbc,tcc-microservices-experiment-auth-1,0.02,79219917,1073741824,7.38,3,45.6kB / 40.3kB,5.39MB / 65.5kB
92,2026-09-10T10:37:29.004484+00:00,185,2026-09-10T10:37:28.634444+00:00,false,microservices,gateway,d9bdf38d4601e4d6c757644529145db3d1e36243e00af8c43e9955b4864b9fec,tcc-microservices-experiment-gateway-1,33.18,488216986,536870912,90.94,77,34.2MB / 45.2MB,31.5MB / 270kB
92,2026-09-10T10:37:29.004484+00:00,185,2026-09-10T10:37:28.634444+00:00,false,microservices,mysql,3eef2232f5b71aa962af8c3b25a1f0c3adf5ef9e2be42936fae91c1482ece533,tcc-microservices-experiment-mysql-1,24.08,534564045,1073741824,49.78,40,33.8MB / 110MB,56.3MB / 120MB
92,2026-09-10T10:37:29.004484+00:00,185,2026-09-10T10:37:28.634444+00:00,false,microservices,order,74ac8e49149776e4faac8307655bd74651eec8e43706dfb4c55a625f4c8b0c87,tcc-microservices-experiment-order-1,80.9,82984305,1073741824,7.73,3,133MB / 55MB,7.37MB / 3.58MB
92,2026-09-10T10:37:29.004484+00:00,185,2026-09-10T10:37:28.634444+00:00,false,microservices,product,457fddfc9065b1cf57d9e8c9cb0c9c8916a28401c0c09d03d325d876fd6586ec,tcc-microservices-experiment-product-1,0.02,78601257,1073741824,7.32,3,416kB / 282kB,6.37MB / 81.9kB
93,2026-09-10T10:37:30.004517+00:00,187,2026-09-10T10:37:29.634319+00:00,false,microservices,auth,dfec636ce5b52129f83c9bbb0601a9ee8fd7117fb886f76f7d92dfd3600b4dbc,tcc-microservices-experiment-auth-1,0.02,79219917,1073741824,7.38,3,45.6kB / 40.3kB,5.39MB / 65.5kB
93,2026-09-10T10:37:30.004517+00:00,187,2026-09-10T10:37:29.634319+00:00,false,microservices,gateway,d9bdf38d4601e4d6c757644529145db3d1e36243e00af8c43e9955b4864b9fec,tcc-microservices-experiment-gateway-1,32.51,488112128,536870912,90.93,77,34.5MB / 45.6MB,31.5MB / 270kB
93,2026-09-10T10:37:30.004517+00:00,187,2026-09-10T10:37:29.634319+00:00,false,microservices,mysql,3eef2232f5b71aa962af8c3b25a1f0c3adf5ef9e2be42936fae91c1482ece533,tcc-microservices-experiment-mysql-1,26.22,534878618,1073741824,49.81,40,34.1MB / 110MB,56.3MB / 120MB
93,2026-09-10T10:37:30.004517+00:00,187,2026-09-10T10:37:29.634319+00:00,false,microservices,order,74ac8e49149776e4faac8307655bd74651eec8e43706dfb4c55a625f4c8b0c87,tcc-microservices-experiment-order-1,82.49,82648760,1073741824,7.7,3,134MB / 55.4MB,7.37MB / 3.58MB
93,2026-09-10T10:37:30.004517+00:00,187,2026-09-10T10:37:29.634319+00:00,false,microservices,product,457fddfc9065b1cf57d9e8c9cb0c9c8916a28401c0c09d03d325d876fd6586ec,tcc-microservices-experiment-product-1,0.02,78601257,1073741824,7.32,3,416kB / 282kB,6.37MB / 81.9kB
94,2026-09-10T10:37:31.004491+00:00,189,2026-09-10T10:37:30.634501+00:00,false,microservices,auth,dfec636ce5b52129f83c9bbb0601a9ee8fd7117fb886f76f7d92dfd3600b4dbc,tcc-microservices-experiment-auth-1,0.02,79219917,1073741824,7.38,3,45.6kB / 40.3kB,5.39MB / 65.5kB
94,2026-09-10T10:37:31.004491+00:00,189,2026-09-10T10:37:30.634501+00:00,false,microservices,gateway,d9bdf38d4601e4d6c757644529145db3d1e36243e00af8c43e9955b4864b9fec,tcc-microservices-experiment-gateway-1,30.93,488112128,536870912,90.92,77,34.8MB / 45.9MB,31.5MB / 270kB
94,2026-09-10T10:37:31.004491+00:00,189,2026-09-10T10:37:30.634501+00:00,false,microservices,mysql,3eef2232f5b71aa962af8c3b25a1f0c3adf5ef9e2be42936fae91c1482ece533,tcc-microservices-experiment-mysql-1,24.0,534249472,1073741824,49.76,40,34.3MB / 111MB,56.3MB / 120MB
94,2026-09-10T10:37:31.004491+00:00,189,2026-09-10T10:37:30.634501+00:00,false,microservices,order,74ac8e49149776e4faac8307655bd74651eec8e43706dfb4c55a625f4c8b0c87,tcc-microservices-experiment-order-1,81.01,83194020,1073741824,7.75,3,135MB / 55.9MB,7.37MB / 3.58MB
94,2026-09-10T10:37:31.004491+00:00,189,2026-09-10T10:37:30.634501+00:00,false,microservices,product,457fddfc9065b1cf57d9e8c9cb0c9c8916a28401c0c09d03d325d876fd6586ec,tcc-microservices-experiment-product-1,0.02,78601257,1073741824,7.32,3,416kB / 282kB,6.37MB / 81.9kB
95,2026-09-10T10:37:32.004499+00:00,191,2026-09-10T10:37:31.634283+00:00,false,microservices,auth,dfec636ce5b52129f83c9bbb0601a9ee8fd7117fb886f76f7d92dfd3600b4dbc,tcc-microservices-experiment-auth-1,0.02,79219917,1073741824,7.38,3,45.6kB / 40.3kB,5.39MB / 65.5kB
95,2026-09-10T10:37:32.004499+00:00,191,2026-09-10T10:37:31.634283+00:00,false,microservices,gateway,d9bdf38d4601e4d6c757644529145db3d1e36243e00af8c43e9955b4864b9fec,tcc-microservices-experiment-gateway-1,33.24,488007270,536870912,90.9,77,35.1MB / 46.3MB,31.5MB / 270kB
95,2026-09-10T10:37:32.004499+00:00,191,2026-09-10T10:37:31.634283+00:00,false,microservices,mysql,3eef2232f5b71aa962af8c3b25a1f0c3adf5ef9e2be42936fae91c1482ece533,tcc-microservices-experiment-mysql-1,27.27,534668902,1073741824,49.8,40,34.6MB / 112MB,56.3MB / 120MB
95,2026-09-10T10:37:32.004499+00:00,191,2026-09-10T10:37:31.634283+00:00,false,microservices,order,74ac8e49149776e4faac8307655bd74651eec8e43706dfb4c55a625f4c8b0c87,tcc-microservices-experiment-order-1,80.47,82522931,1073741824,7.69,3,136MB / 56.3MB,7.37MB / 3.58MB
95,2026-09-10T10:37:32.004499+00:00,191,2026-09-10T10:37:31.634283+00:00,false,microservices,product,457fddfc9065b1cf57d9e8c9cb0c9c8916a28401c0c09d03d325d876fd6586ec,tcc-microservices-experiment-product-1,0.02,78601257,1073741824,7.32,3,416kB / 282kB,6.37MB / 81.9kB
96,2026-09-10T10:37:33.004507+00:00,193,2026-09-10T10:37:32.634545+00:00,false,microservices,auth,dfec636ce5b52129f83c9bbb0601a9ee8fd7117fb886f76f7d92dfd3600b4dbc,tcc-microservices-experiment-auth-1,0.02,79219917,1073741824,7.38,3,45.6kB / 40.3kB,5.39MB / 65.5kB
96,2026-09-10T10:37:33.004507+00:00,193,2026-09-10T10:37:32.634545+00:00,false,microservices,gateway,d9bdf38d4601e4d6c757644529145db3d1e36243e00af8c43e9955b4864b9fec,tcc-microservices-experiment-gateway-1,30.27,487902413,536870912,90.88,77,35.4MB / 46.7MB,31.5MB / 270kB
96,2026-09-10T10:37:33.004507+00:00,193,2026-09-10T10:37:32.634545+00:00,false,microservices,mysql,3eef2232f5b71aa962af8c3b25a1f0c3adf5ef9e2be42936fae91c1482ece533,tcc-microservices-experiment-mysql-1,22.76,534668902,1073741824,49.8,40,34.9MB / 113MB,56.3MB / 120MB
96,2026-09-10T10:37:33.004507+00:00,193,2026-09-10T10:37:32.634545+00:00,false,microservices,order,74ac8e49149776e4faac8307655bd74651eec8e43706dfb4c55a625f4c8b0c87,tcc-microservices-experiment-order-1,81.61,82858476,1073741824,7.72,3,137MB / 56.8MB,7.37MB / 3.58MB
96,2026-09-10T10:37:33.004507+00:00,193,2026-09-10T10:37:32.634545+00:00,false,microservices,product,457fddfc9065b1cf57d9e8c9cb0c9c8916a28401c0c09d03d325d876fd6586ec,tcc-microservices-experiment-product-1,0.02,78601257,1073741824,7.32,3,416kB / 282kB,6.37MB / 81.9kB
97,2026-09-10T10:37:34.004477+00:00,195,2026-09-10T10:37:33.634276+00:00,false,microservices,auth,dfec636ce5b52129f83c9bbb0601a9ee8fd7117fb886f76f7d92dfd3600b4dbc,tcc-microservices-experiment-auth-1,0.02,79219917,1073741824,7.38,3,45.6kB / 40.3kB,5.39MB / 65.5kB
97,2026-09-10T10:37:34.004477+00:00,195,2026-09-10T10:37:33.634276+00:00,false,microservices,gateway,d9bdf38d4601e4d6c757644529145db3d1e36243e00af8c43e9955b4864b9fec,tcc-microservices-experiment-gateway-1,29.94,488112128,536870912,90.92,77,35.7MB / 47.1MB,31.5MB / 283kB
97,2026-09-10T10:37:34.004477+00:00,195,2026-09-10T10:37:33.634276+00:00,false,microservices,mysql,3eef2232f5b71aa962af8c3b25a1f0c3adf5ef9e2be42936fae91c1482ece533,tcc-microservices-experiment-mysql-1,27.2,534878618,1073741824,49.81,40,35.1MB / 114MB,56.3MB / 120MB
97,2026-09-10T10:37:34.004477+00:00,195,2026-09-10T10:37:33.634276+00:00,false,microservices,order,74ac8e49149776e4faac8307655bd74651eec8e43706dfb4c55a625f4c8b0c87,tcc-microservices-experiment-order-1,82.1,83047219,1073741824,7.73,3,139MB / 57.2MB,7.37MB / 3.58MB
97,2026-09-10T10:37:34.004477+00:00,195,2026-09-10T10:37:33.634276+00:00,false,microservices,product,457fddfc9065b1cf57d9e8c9cb0c9c8916a28401c0c09d03d325d876fd6586ec,tcc-microservices-experiment-product-1,0.02,78601257,1073741824,7.32,3,416kB / 282kB,6.37MB / 81.9kB
98,2026-09-10T10:37:35.004489+00:00,197,2026-09-10T10:37:34.634445+00:00,false,microservices,auth,dfec636ce5b52129f83c9bbb0601a9ee8fd7117fb886f76f7d92dfd3600b4dbc,tcc-microservices-experiment-auth-1,0.02,79219917,1073741824,7.38,3,45.6kB / 40.3kB,5.39MB / 65.5kB
98,2026-09-10T10:37:35.004489+00:00,197,2026-09-10T10:37:34.634445+00:00,false,microservices,gateway,d9bdf38d4601e4d6c757644529145db3d1e36243e00af8c43e9955b4864b9fec,tcc-microservices-experiment-gateway-1,30.32,487902413,536870912,90.88,77,36MB / 47.5MB,31.5MB / 283kB
98,2026-09-10T10:37:35.004489+00:00,197,2026-09-10T10:37:34.634445+00:00,false,microservices,mysql,3eef2232f5b71aa962af8c3b25a1f0c3adf5ef9e2be42936fae91c1482ece533,tcc-microservices-experiment-mysql-1,23.06,534459187,1073741824,49.78,40,35.4MB / 115MB,56.3MB / 120MB
98,2026-09-10T10:37:35.004489+00:00,197,2026-09-10T10:37:34.634445+00:00,false,microservices,order,74ac8e49149776e4faac8307655bd74651eec8e43706dfb4c55a625f4c8b0c87,tcc-microservices-experiment-order-1,81.38,83361792,1073741824,7.76,3,140MB / 57.6MB,7.37MB / 3.58MB
98,2026-09-10T10:37:35.004489+00:00,197,2026-09-10T10:37:34.634445+00:00,false,microservices,product,457fddfc9065b1cf57d9e8c9cb0c9c8916a28401c0c09d03d325d876fd6586ec,tcc-microservices-experiment-product-1,0.02,78601257,1073741824,7.32,3,416kB / 282kB,6.37MB / 81.9kB
99,2026-09-10T10:37:36.004488+00:00,199,2026-09-10T10:37:35.635362+00:00,false,microservices,auth,dfec636ce5b52129f83c9bbb0601a9ee8fd7117fb886f76f7d92dfd3600b4dbc,tcc-microservices-experiment-auth-1,0.02,79219917,1073741824,7.38,3,45.6kB / 40.3kB,5.39MB / 65.5kB
99,2026-09-10T10:37:36.004488+00:00,199,2026-09-10T10:37:35.635362+00:00,false,microservices,gateway,d9bdf38d4601e4d6c757644529145db3d1e36243e00af8c43e9955b4864b9fec,tcc-microservices-experiment-gateway-1,30.81,487902413,536870912,90.89,77,36.3MB / 47.9MB,31.5MB / 283kB
99,2026-09-10T10:37:36.004488+00:00,199,2026-09-10T10:37:35.635362+00:00,false,microservices,mysql,3eef2232f5b71aa962af8c3b25a1f0c3adf5ef9e2be42936fae91c1482ece533,tcc-microservices-experiment-mysql-1,27.85,535088333,1073741824,49.83,40,35.6MB / 116MB,56.3MB / 120MB
99,2026-09-10T10:37:36.004488+00:00,199,2026-09-10T10:37:35.635362+00:00,false,microservices,order,74ac8e49149776e4faac8307655bd74651eec8e43706dfb4c55a625f4c8b0c87,tcc-microservices-experiment-order-1,80.83,83435192,1073741824,7.77,3,141MB / 58.1MB,7.37MB / 3.58MB
99,2026-09-10T10:37:36.004488+00:00,199,2026-09-10T10:37:35.635362+00:00,false,microservices,product,457fddfc9065b1cf57d9e8c9cb0c9c8916a28401c0c09d03d325d876fd6586ec,tcc-microservices-experiment-product-1,0.02,78601257,1073741824,7.32,3,416kB / 282kB,6.37MB / 81.9kB
100,2026-09-10T10:37:37.004481+00:00,201,2026-09-10T10:37:36.634319+00:00,false,microservices,auth,dfec636ce5b52129f83c9bbb0601a9ee8fd7117fb886f76f7d92dfd3600b4dbc,tcc-microservices-experiment-auth-1,0.02,79219917,1073741824,7.38,3,45.6kB / 40.3kB,5.39MB / 65.5kB
100,2026-09-10T10:37:37.004481+00:00,201,2026-09-10T10:37:36.634319+00:00,false,microservices,gateway,d9bdf38d4601e4d6c757644529145db3d1e36243e00af8c43e9955b4864b9fec,tcc-microservices-experiment-gateway-1,32.09,487902413,536870912,90.87,77,36.6MB / 48.3MB,31.5MB / 283kB
100,2026-09-10T10:37:37.004481+00:00,201,2026-09-10T10:37:36.634319+00:00,false,microservices,mysql,3eef2232f5b71aa962af8c3b25a1f0c3adf5ef9e2be42936fae91c1482ece533,tcc-microservices-experiment-mysql-1,22.78,534878618,1073741824,49.82,40,35.9MB / 117MB,56.3MB / 120MB
100,2026-09-10T10:37:37.004481+00:00,201,2026-09-10T10:37:36.634319+00:00,false,microservices,order,74ac8e49149776e4faac8307655bd74651eec8e43706dfb4c55a625f4c8b0c87,tcc-microservices-experiment-order-1,82.44,82963333,1073741824,7.73,3,142MB / 58.5MB,7.37MB / 3.58MB
100,2026-09-10T10:37:37.004481+00:00,201,2026-09-10T10:37:36.634319+00:00,false,microservices,product,457fddfc9065b1cf57d9e8c9cb0c9c8916a28401c0c09d03d325d876fd6586ec,tcc-microservices-experiment-product-1,0.02,78601257,1073741824,7.32,3,416kB / 282kB,6.37MB / 81.9kB
101,2026-09-10T10:37:38.004492+00:00,203,2026-09-10T10:37:37.635281+00:00,false,microservices,auth,dfec636ce5b52129f83c9bbb0601a9ee8fd7117fb886f76f7d92dfd3600b4dbc,tcc-microservices-experiment-auth-1,0.02,79219917,1073741824,7.38,3,45.6kB / 40.3kB,5.39MB / 65.5kB
101,2026-09-10T10:37:38.004492+00:00,203,2026-09-10T10:37:37.635281+00:00,false,microservices,gateway,d9bdf38d4601e4d6c757644529145db3d1e36243e00af8c43e9955b4864b9fec,tcc-microservices-experiment-gateway-1,33.32,487587840,536870912,90.83,77,36.9MB / 48.7MB,31.5MB / 283kB
101,2026-09-10T10:37:38.004492+00:00,203,2026-09-10T10:37:37.635281+00:00,false,microservices,mysql,3eef2232f5b71aa962af8c3b25a1f0c3adf5ef9e2be42936fae91c1482ece533,tcc-microservices-experiment-mysql-1,26.78,535088333,1073741824,49.84,40,36.1MB / 118MB,56.3MB / 120MB
101,2026-09-10T10:37:38.004492+00:00,203,2026-09-10T10:37:37.635281+00:00,false,microservices,order,74ac8e49149776e4faac8307655bd74651eec8e43706dfb4c55a625f4c8b0c87,tcc-microservices-experiment-order-1,81.88,82743132,1073741824,7.71,3,143MB / 59MB,7.37MB / 3.58MB
101,2026-09-10T10:37:38.004492+00:00,203,2026-09-10T10:37:37.635281+00:00,false,microservices,product,457fddfc9065b1cf57d9e8c9cb0c9c8916a28401c0c09d03d325d876fd6586ec,tcc-microservices-experiment-product-1,0.02,78601257,1073741824,7.32,3,416kB / 282kB,6.37MB / 81.9kB
102,2026-09-10T10:37:39.004503+00:00,205,2026-09-10T10:37:38.633976+00:00,false,microservices,auth,dfec636ce5b52129f83c9bbb0601a9ee8fd7117fb886f76f7d92dfd3600b4dbc,tcc-microservices-experiment-auth-1,0.02,79219917,1073741824,7.38,3,45.6kB / 40.3kB,5.39MB / 65.5kB
102,2026-09-10T10:37:39.004503+00:00,205,2026-09-10T10:37:38.633976+00:00,false,microservices,gateway,d9bdf38d4601e4d6c757644529145db3d1e36243e00af8c43e9955b4864b9fec,tcc-microservices-experiment-gateway-1,31.67,487273267,536870912,90.76,77,37.2MB / 49.1MB,31.5MB / 283kB
102,2026-09-10T10:37:39.004503+00:00,205,2026-09-10T10:37:38.633976+00:00,false,microservices,mysql,3eef2232f5b71aa962af8c3b25a1f0c3adf5ef9e2be42936fae91c1482ece533,tcc-microservices-experiment-mysql-1,22.95,534668902,1073741824,49.79,40,36.4MB / 119MB,56.3MB / 120MB
102,2026-09-10T10:37:39.004503+00:00,205,2026-09-10T10:37:38.633976+00:00,false,microservices,order,74ac8e49149776e4faac8307655bd74651eec8e43706dfb4c55a625f4c8b0c87,tcc-microservices-experiment-order-1,81.5,82858476,1073741824,7.72,3,144MB / 59.4MB,7.37MB / 3.58MB
102,2026-09-10T10:37:39.004503+00:00,205,2026-09-10T10:37:38.633976+00:00,false,microservices,product,457fddfc9065b1cf57d9e8c9cb0c9c8916a28401c0c09d03d325d876fd6586ec,tcc-microservices-experiment-product-1,0.02,78601257,1073741824,7.32,3,416kB / 282kB,6.37MB / 81.9kB
103,2026-09-10T10:37:40.004485+00:00,207,2026-09-10T10:37:39.635276+00:00,false,microservices,auth,dfec636ce5b52129f83c9bbb0601a9ee8fd7117fb886f76f7d92dfd3600b4dbc,tcc-microservices-experiment-auth-1,0.02,79219917,1073741824,7.38,3,45.6kB / 40.3kB,5.39MB / 65.5kB
103,2026-09-10T10:37:40.004485+00:00,207,2026-09-10T10:37:39.635276+00:00,false,microservices,gateway,d9bdf38d4601e4d6c757644529145db3d1e36243e00af8c43e9955b4864b9fec,tcc-microservices-experiment-gateway-1,31.08,488321843,536870912,90.96,77,37.5MB / 49.5MB,31.5MB / 283kB
103,2026-09-10T10:37:40.004485+00:00,207,2026-09-10T10:37:39.635276+00:00,false,microservices,mysql,3eef2232f5b71aa962af8c3b25a1f0c3adf5ef9e2be42936fae91c1482ece533,tcc-microservices-experiment-mysql-1,26.68,535088333,1073741824,49.83,40,36.7MB / 120MB,56.3MB / 120MB
103,2026-09-10T10:37:40.004485+00:00,207,2026-09-10T10:37:39.635276+00:00,false,microservices,order,74ac8e49149776e4faac8307655bd74651eec8e43706dfb4c55a625f4c8b0c87,tcc-microservices-experiment-order-1,82.21,83194020,1073741824,7.75,3,145MB / 59.9MB,7.37MB / 3.58MB
103,2026-09-10T10:37:40.004485+00:00,207,2026-09-10T10:37:39.635276+00:00,false,microservices,product,457fddfc9065b1cf57d9e8c9cb0c9c8916a28401c0c09d03d325d876fd6586ec,tcc-microservices-experiment-product-1,0.02,78601257,1073741824,7.32,3,416kB / 282kB,6.37MB / 81.9kB
104,2026-09-10T10:37:41.004502+00:00,209,2026-09-10T10:37:40.634788+00:00,false,microservices,auth,dfec636ce5b52129f83c9bbb0601a9ee8fd7117fb886f76f7d92dfd3600b4dbc,tcc-microservices-experiment-auth-1,0.02,79219917,1073741824,7.38,3,45.6kB / 40.3kB,5.39MB / 65.5kB
104,2026-09-10T10:37:41.004502+00:00,209,2026-09-10T10:37:40.634788+00:00,false,microservices,gateway,d9bdf38d4601e4d6c757644529145db3d1e36243e00af8c43e9955b4864b9fec,tcc-microservices-experiment-gateway-1,31.66,487797555,536870912,90.87,77,37.8MB / 49.9MB,31.5MB / 283kB
104,2026-09-10T10:37:41.004502+00:00,209,2026-09-10T10:37:40.634788+00:00,false,microservices,mysql,3eef2232f5b71aa962af8c3b25a1f0c3adf5ef9e2be42936fae91c1482ece533,tcc-microservices-experiment-mysql-1,22.81,535088333,1073741824,49.83,40,36.9MB / 120MB,56.3MB / 120MB
104,2026-09-10T10:37:41.004502+00:00,209,2026-09-10T10:37:40.634788+00:00,false,microservices,order,74ac8e49149776e4faac8307655bd74651eec8e43706dfb4c55a625f4c8b0c87,tcc-microservices-experiment-order-1,81.64,82680218,1073741824,7.7,3,146MB / 60.3MB,7.37MB / 3.58MB
104,2026-09-10T10:37:41.004502+00:00,209,2026-09-10T10:37:40.634788+00:00,false,microservices,product,457fddfc9065b1cf57d9e8c9cb0c9c8916a28401c0c09d03d325d876fd6586ec,tcc-microservices-experiment-product-1,0.02,78601257,1073741824,7.32,3,416kB / 282kB,6.37MB / 81.9kB
105,2026-09-10T10:37:42.004509+00:00,211,2026-09-10T10:37:41.634442+00:00,false,microservices,auth,dfec636ce5b52129f83c9bbb0601a9ee8fd7117fb886f76f7d92dfd3600b4dbc,tcc-microservices-experiment-auth-1,0.02,79219917,1073741824,7.38,3,45.6kB / 40.3kB,5.39MB / 65.5kB
105,2026-09-10T10:37:42.004509+00:00,211,2026-09-10T10:37:41.634442+00:00,false,microservices,gateway,d9bdf38d4601e4d6c757644529145db3d1e36243e00af8c43e9955b4864b9fec,tcc-microservices-experiment-gateway-1,33.03,487587840,536870912,90.83,77,38.1MB / 50.3MB,31.5MB / 283kB
105,2026-09-10T10:37:42.004509+00:00,211,2026-09-10T10:37:41.634442+00:00,false,microservices,mysql,3eef2232f5b71aa962af8c3b25a1f0c3adf5ef9e2be42936fae91c1482ece533,tcc-microservices-experiment-mysql-1,26.55,534983475,1073741824,49.83,40,37.2MB / 121MB,56.3MB / 120MB
105,2026-09-10T10:37:42.004509+00:00,211,2026-09-10T10:37:41.634442+00:00,false,microservices,order,74ac8e49149776e4faac8307655bd74651eec8e43706dfb4c55a625f4c8b0c87,tcc-microservices-experiment-order-1,82.11,82785075,1073741824,7.71,3,148MB / 60.8MB,7.37MB / 3.58MB
105,2026-09-10T10:37:42.004509+00:00,211,2026-09-10T10:37:41.634442+00:00,false,microservices,product,457fddfc9065b1cf57d9e8c9cb0c9c8916a28401c0c09d03d325d876fd6586ec,tcc-microservices-experiment-product-1,0.02,78601257,1073741824,7.32,3,416kB / 282kB,6.37MB / 81.9kB
106,2026-09-10T10:37:43.004483+00:00,213,2026-09-10T10:37:42.635698+00:00,false,microservices,auth,dfec636ce5b52129f83c9bbb0601a9ee8fd7117fb886f76f7d92dfd3600b4dbc,tcc-microservices-experiment-auth-1,0.02,79219917,1073741824,7.38,3,45.6kB / 40.3kB,5.39MB / 65.5kB
106,2026-09-10T10:37:43.004483+00:00,213,2026-09-10T10:37:42.635698+00:00,false,microservices,gateway,d9bdf38d4601e4d6c757644529145db3d1e36243e00af8c43e9955b4864b9fec,tcc-microservices-experiment-gateway-1,31.6,486853837,536870912,90.68,77,38.4MB / 50.7MB,31.5MB / 283kB
106,2026-09-10T10:37:43.004483+00:00,213,2026-09-10T10:37:42.635698+00:00,false,microservices,mysql,3eef2232f5b71aa962af8c3b25a1f0c3adf5ef9e2be42936fae91c1482ece533,tcc-microservices-experiment-mysql-1,23.17,534459187,1073741824,49.77,40,37.4MB / 122MB,56.3MB / 120MB
106,2026-09-10T10:37:43.004483+00:00,213,2026-09-10T10:37:42.635698+00:00,false,microservices,order,74ac8e49149776e4faac8307655bd74651eec8e43706dfb4c55a625f4c8b0c87,tcc-microservices-experiment-order-1,80.85,83697336,1073741824,7.79,3,149MB / 61.2MB,7.37MB / 3.58MB
106,2026-09-10T10:37:43.004483+00:00,213,2026-09-10T10:37:42.635698+00:00,false,microservices,product,457fddfc9065b1cf57d9e8c9cb0c9c8916a28401c0c09d03d325d876fd6586ec,tcc-microservices-experiment-product-1,0.02,78601257,1073741824,7.32,3,416kB / 282kB,6.37MB / 81.9kB
107,2026-09-10T10:37:44.004498+00:00,215,2026-09-10T10:37:43.635736+00:00,false,microservices,auth,dfec636ce5b52129f83c9bbb0601a9ee8fd7117fb886f76f7d92dfd3600b4dbc,tcc-microservices-experiment-auth-1,0.02,79219917,1073741824,7.38,3,45.6kB / 40.3kB,5.39MB / 65.5kB
107,2026-09-10T10:37:44.004498+00:00,215,2026-09-10T10:37:43.635736+00:00,false,microservices,gateway,d9bdf38d4601e4d6c757644529145db3d1e36243e00af8c43e9955b4864b9fec,tcc-microservices-experiment-gateway-1,34.78,487902413,536870912,90.88,77,38.7MB / 51.1MB,31.5MB / 283kB
107,2026-09-10T10:37:44.004498+00:00,215,2026-09-10T10:37:43.635736+00:00,false,microservices,mysql,3eef2232f5b71aa962af8c3b25a1f0c3adf5ef9e2be42936fae91c1482ece533,tcc-microservices-experiment-mysql-1,26.94,534773760,1073741824,49.81,40,37.7MB / 123MB,56.3MB / 120MB
107,2026-09-10T10:37:44.004498+00:00,215,2026-09-10T10:37:43.635736+00:00,false,microservices,order,74ac8e49149776e4faac8307655bd74651eec8e43706dfb4c55a625f4c8b0c87,tcc-microservices-experiment-order-1,81.65,83393249,1073741824,7.77,3,150MB / 61.7MB,7.37MB / 4.05MB
107,2026-09-10T10:37:44.004498+00:00,215,2026-09-10T10:37:43.635736+00:00,false,microservices,product,457fddfc9065b1cf57d9e8c9cb0c9c8916a28401c0c09d03d325d876fd6586ec,tcc-microservices-experiment-product-1,0.02,78601257,1073741824,7.32,3,416kB / 282kB,6.37MB / 81.9kB
108,2026-09-10T10:37:45.004480+00:00,217,2026-09-10T10:37:44.635227+00:00,false,microservices,auth,dfec636ce5b52129f83c9bbb0601a9ee8fd7117fb886f76f7d92dfd3600b4dbc,tcc-microservices-experiment-auth-1,0.02,79219917,1073741824,7.38,3,45.6kB / 40.3kB,5.39MB / 65.5kB
108,2026-09-10T10:37:45.004480+00:00,217,2026-09-10T10:37:44.635227+00:00,false,microservices,gateway,d9bdf38d4601e4d6c757644529145db3d1e36243e00af8c43e9955b4864b9fec,tcc-microservices-experiment-gateway-1,33.54,488426701,536870912,90.99,77,39MB / 51.5MB,31.5MB / 283kB
108,2026-09-10T10:37:45.004480+00:00,217,2026-09-10T10:37:44.635227+00:00,false,microservices,mysql,3eef2232f5b71aa962af8c3b25a1f0c3adf5ef9e2be42936fae91c1482ece533,tcc-microservices-experiment-mysql-1,22.78,534249472,1073741824,49.75,40,38MB / 124MB,56.3MB / 120MB
108,2026-09-10T10:37:45.004480+00:00,217,2026-09-10T10:37:44.635227+00:00,false,microservices,order,74ac8e49149776e4faac8307655bd74651eec8e43706dfb4c55a625f4c8b0c87,tcc-microservices-experiment-order-1,81.58,83309363,1073741824,7.76,3,151MB / 62.1MB,7.37MB / 4.05MB
108,2026-09-10T10:37:45.004480+00:00,217,2026-09-10T10:37:44.635227+00:00,false,microservices,product,457fddfc9065b1cf57d9e8c9cb0c9c8916a28401c0c09d03d325d876fd6586ec,tcc-microservices-experiment-product-1,0.02,78601257,1073741824,7.32,3,416kB / 282kB,6.37MB / 81.9kB
109,2026-09-10T10:37:46.004505+00:00,219,2026-09-10T10:37:45.635227+00:00,false,microservices,auth,dfec636ce5b52129f83c9bbb0601a9ee8fd7117fb886f76f7d92dfd3600b4dbc,tcc-microservices-experiment-auth-1,0.02,79219917,1073741824,7.38,3,45.6kB / 40.3kB,5.39MB / 65.5kB
109,2026-09-10T10:37:46.004505+00:00,219,2026-09-10T10:37:45.635227+00:00,false,microservices,gateway,d9bdf38d4601e4d6c757644529145db3d1e36243e00af8c43e9955b4864b9fec,tcc-microservices-experiment-gateway-1,31.81,488321843,536870912,90.95,77,39.3MB / 51.9MB,31.5MB / 283kB
109,2026-09-10T10:37:46.004505+00:00,219,2026-09-10T10:37:45.635227+00:00,false,microservices,mysql,3eef2232f5b71aa962af8c3b25a1f0c3adf5ef9e2be42936fae91c1482ece533,tcc-microservices-experiment-mysql-1,27.13,535193190,1073741824,49.84,40,38.2MB / 125MB,56.3MB / 120MB
109,2026-09-10T10:37:46.004505+00:00,219,2026-09-10T10:37:45.635227+00:00,false,microservices,order,74ac8e49149776e4faac8307655bd74651eec8e43706dfb4c55a625f4c8b0c87,tcc-microservices-experiment-order-1,81.5,83812680,1073741824,7.81,3,152MB / 62.6MB,7.37MB / 4.05MB
109,2026-09-10T10:37:46.004505+00:00,219,2026-09-10T10:37:45.635227+00:00,false,microservices,product,457fddfc9065b1cf57d9e8c9cb0c9c8916a28401c0c09d03d325d876fd6586ec,tcc-microservices-experiment-product-1,0.02,78601257,1073741824,7.32,3,416kB / 282kB,6.37MB / 81.9kB
110,2026-09-10T10:37:47.004508+00:00,221,2026-09-10T10:37:46.635426+00:00,false,microservices,auth,dfec636ce5b52129f83c9bbb0601a9ee8fd7117fb886f76f7d92dfd3600b4dbc,tcc-microservices-experiment-auth-1,0.02,79219917,1073741824,7.38,3,45.6kB / 40.3kB,5.39MB / 65.5kB
110,2026-09-10T10:37:47.004508+00:00,221,2026-09-10T10:37:46.635426+00:00,false,microservices,gateway,d9bdf38d4601e4d6c757644529145db3d1e36243e00af8c43e9955b4864b9fec,tcc-microservices-experiment-gateway-1,32.68,488007270,536870912,90.89,77,39.6MB / 52.3MB,31.5MB / 283kB
110,2026-09-10T10:37:47.004508+00:00,221,2026-09-10T10:37:46.635426+00:00,false,microservices,mysql,3eef2232f5b71aa962af8c3b25a1f0c3adf5ef9e2be42936fae91c1482ece533,tcc-microservices-experiment-mysql-1,23.2,534983475,1073741824,49.82,40,38.5MB / 126MB,56.3MB / 120MB
110,2026-09-10T10:37:47.004508+00:00,221,2026-09-10T10:37:46.635426+00:00,false,microservices,order,74ac8e49149776e4faac8307655bd74651eec8e43706dfb4c55a625f4c8b0c87,tcc-microservices-experiment-order-1,81.63,83225477,1073741824,7.75,3,153MB / 63MB,7.37MB / 4.05MB
110,2026-09-10T10:37:47.004508+00:00,221,2026-09-10T10:37:46.635426+00:00,false,microservices,product,457fddfc9065b1cf57d9e8c9cb0c9c8916a28401c0c09d03d325d876fd6586ec,tcc-microservices-experiment-product-1,0.02,78601257,1073741824,7.32,3,416kB / 282kB,6.37MB / 81.9kB
111,2026-09-10T10:37:48.004482+00:00,223,2026-09-10T10:37:47.635242+00:00,false,microservices,auth,dfec636ce5b52129f83c9bbb0601a9ee8fd7117fb886f76f7d92dfd3600b4dbc,tcc-microservices-experiment-auth-1,0.02,79219917,1073741824,7.38,3,45.6kB / 40.3kB,5.39MB / 65.5kB
111,2026-09-10T10:37:48.004482+00:00,223,2026-09-10T10:37:47.635242+00:00,false,microservices,gateway,d9bdf38d4601e4d6c757644529145db3d1e36243e00af8c43e9955b4864b9fec,tcc-microservices-experiment-gateway-1,32.5,487482982,536870912,90.79,69,39.9MB / 52.7MB,31.5MB / 283kB
111,2026-09-10T10:37:48.004482+00:00,223,2026-09-10T10:37:47.635242+00:00,false,microservices,mysql,3eef2232f5b71aa962af8c3b25a1f0c3adf5ef9e2be42936fae91c1482ece533,tcc-microservices-experiment-mysql-1,27.88,535298048,1073741824,49.86,40,38.7MB / 127MB,56.3MB / 120MB
111,2026-09-10T10:37:48.004482+00:00,223,2026-09-10T10:37:47.635242+00:00,false,microservices,order,74ac8e49149776e4faac8307655bd74651eec8e43706dfb4c55a625f4c8b0c87,tcc-microservices-experiment-order-1,81.62,82774589,1073741824,7.71,3,154MB / 63.5MB,7.37MB / 4.05MB
111,2026-09-10T10:37:48.004482+00:00,223,2026-09-10T10:37:47.635242+00:00,false,microservices,product,457fddfc9065b1cf57d9e8c9cb0c9c8916a28401c0c09d03d325d876fd6586ec,tcc-microservices-experiment-product-1,0.02,78601257,1073741824,7.32,3,416kB / 282kB,6.37MB / 81.9kB
112,2026-09-10T10:37:49.004507+00:00,225,2026-09-10T10:37:48.635448+00:00,false,microservices,auth,dfec636ce5b52129f83c9bbb0601a9ee8fd7117fb886f76f7d92dfd3600b4dbc,tcc-microservices-experiment-auth-1,0.02,79219917,1073741824,7.38,3,45.6kB / 40.3kB,5.39MB / 65.5kB
112,2026-09-10T10:37:49.004507+00:00,225,2026-09-10T10:37:48.635448+00:00,false,microservices,gateway,d9bdf38d4601e4d6c757644529145db3d1e36243e00af8c43e9955b4864b9fec,tcc-microservices-experiment-gateway-1,31.68,486644122,536870912,90.64,69,40.2MB / 53.1MB,31.5MB / 295kB
112,2026-09-10T10:37:49.004507+00:00,225,2026-09-10T10:37:48.635448+00:00,false,microservices,mysql,3eef2232f5b71aa962af8c3b25a1f0c3adf5ef9e2be42936fae91c1482ece533,tcc-microservices-experiment-mysql-1,21.82,534354330,1073741824,49.77,40,39MB / 128MB,56.3MB / 120MB
112,2026-09-10T10:37:49.004507+00:00,225,2026-09-10T10:37:48.635448+00:00,false,microservices,order,74ac8e49149776e4faac8307655bd74651eec8e43706dfb4c55a625f4c8b0c87,tcc-microservices-experiment-order-1,83.32,82501960,1073741824,7.68,3,155MB / 63.9MB,7.37MB / 4.05MB
112,2026-09-10T10:37:49.004507+00:00,225,2026-09-10T10:37:48.635448+00:00,false,microservices,product,457fddfc9065b1cf57d9e8c9cb0c9c8916a28401c0c09d03d325d876fd6586ec,tcc-microservices-experiment-product-1,0.02,78601257,1073741824,7.32,3,416kB / 282kB,6.37MB / 81.9kB
113,2026-09-10T10:37:50.004485+00:00,227,2026-09-10T10:37:49.635355+00:00,false,microservices,auth,dfec636ce5b52129f83c9bbb0601a9ee8fd7117fb886f76f7d92dfd3600b4dbc,tcc-microservices-experiment-auth-1,0.02,79219917,1073741824,7.38,3,45.6kB / 40.3kB,5.39MB / 65.5kB
113,2026-09-10T10:37:50.004485+00:00,227,2026-09-10T10:37:49.635355+00:00,false,microservices,gateway,d9bdf38d4601e4d6c757644529145db3d1e36243e00af8c43e9955b4864b9fec,tcc-microservices-experiment-gateway-1,34.0,487168410,536870912,90.74,69,40.5MB / 53.4MB,31.5MB / 295kB
113,2026-09-10T10:37:50.004485+00:00,227,2026-09-10T10:37:49.635355+00:00,false,microservices,mysql,3eef2232f5b71aa962af8c3b25a1f0c3adf5ef9e2be42936fae91c1482ece533,tcc-microservices-experiment-mysql-1,28.01,534459187,1073741824,49.78,40,39.2MB / 129MB,56.3MB / 120MB
113,2026-09-10T10:37:50.004485+00:00,227,2026-09-10T10:37:49.635355+00:00,false,microservices,order,74ac8e49149776e4faac8307655bd74651eec8e43706dfb4c55a625f4c8b0c87,tcc-microservices-experiment-order-1,81.64,82596332,1073741824,7.69,3,157MB / 64.3MB,7.37MB / 4.05MB
113,2026-09-10T10:37:50.004485+00:00,227,2026-09-10T10:37:49.635355+00:00,false,microservices,product,457fddfc9065b1cf57d9e8c9cb0c9c8916a28401c0c09d03d325d876fd6586ec,tcc-microservices-experiment-product-1,0.02,78601257,1073741824,7.32,3,416kB / 282kB,6.37MB / 81.9kB
114,2026-09-10T10:37:51.004498+00:00,229,2026-09-10T10:37:50.634371+00:00,false,microservices,auth,dfec636ce5b52129f83c9bbb0601a9ee8fd7117fb886f76f7d92dfd3600b4dbc,tcc-microservices-experiment-auth-1,0.02,79219917,1073741824,7.38,3,45.6kB / 40.3kB,5.39MB / 65.5kB
114,2026-09-10T10:37:51.004498+00:00,229,2026-09-10T10:37:50.634371+00:00,false,microservices,gateway,d9bdf38d4601e4d6c757644529145db3d1e36243e00af8c43e9955b4864b9fec,tcc-microservices-experiment-gateway-1,33.71,487168410,536870912,90.74,69,40.8MB / 53.8MB,31.5MB / 295kB
114,2026-09-10T10:37:51.004498+00:00,229,2026-09-10T10:37:50.634371+00:00,false,microservices,mysql,3eef2232f5b71aa962af8c3b25a1f0c3adf5ef9e2be42936fae91c1482ece533,tcc-microservices-experiment-mysql-1,23.54,534144614,1073741824,49.74,40,39.5MB / 130MB,56.3MB / 120MB
114,2026-09-10T10:37:51.004498+00:00,229,2026-09-10T10:37:50.634371+00:00,false,microservices,order,74ac8e49149776e4faac8307655bd74651eec8e43706dfb4c55a625f4c8b0c87,tcc-microservices-experiment-order-1,81.47,83844137,1073741824,7.81,3,158MB / 64.8MB,7.37MB / 4.05MB
114,2026-09-10T10:37:51.004498+00:00,229,2026-09-10T10:37:50.634371+00:00,false,microservices,product,457fddfc9065b1cf57d9e8c9cb0c9c8916a28401c0c09d03d325d876fd6586ec,tcc-microservices-experiment-product-1,0.02,78601257,1073741824,7.32,3,416kB / 282kB,6.37MB / 81.9kB
115,2026-09-10T10:37:52.004503+00:00,231,2026-09-10T10:37:51.635336+00:00,false,microservices,auth,dfec636ce5b52129f83c9bbb0601a9ee8fd7117fb886f76f7d92dfd3600b4dbc,tcc-microservices-experiment-auth-1,0.02,79219917,1073741824,7.38,3,45.6kB / 40.3kB,5.39MB / 65.5kB
115,2026-09-10T10:37:52.004503+00:00,231,2026-09-10T10:37:51.635336+00:00,false,microservices,gateway,d9bdf38d4601e4d6c757644529145db3d1e36243e00af8c43e9955b4864b9fec,tcc-microservices-experiment-gateway-1,32.58,487482982,536870912,90.81,69,41.1MB / 54.2MB,31.5MB / 295kB
115,2026-09-10T10:37:52.004503+00:00,231,2026-09-10T10:37:51.635336+00:00,false,microservices,mysql,3eef2232f5b71aa962af8c3b25a1f0c3adf5ef9e2be42936fae91c1482ece533,tcc-microservices-experiment-mysql-1,27.08,534983475,1073741824,49.82,40,39.8MB / 131MB,56.3MB / 120MB
115,2026-09-10T10:37:52.004503+00:00,231,2026-09-10T10:37:51.635336+00:00,false,microservices,order,74ac8e49149776e4faac8307655bd74651eec8e43706dfb4c55a625f4c8b0c87,tcc-microservices-experiment-order-1,81.67,82931876,1073741824,7.72,3,159MB / 65.2MB,7.37MB / 4.05MB
115,2026-09-10T10:37:52.004503+00:00,231,2026-09-10T10:37:51.635336+00:00,false,microservices,product,457fddfc9065b1cf57d9e8c9cb0c9c8916a28401c0c09d03d325d876fd6586ec,tcc-microservices-experiment-product-1,0.02,78601257,1073741824,7.32,3,416kB / 282kB,6.37MB / 81.9kB
116,2026-09-10T10:37:53.004484+00:00,233,2026-09-10T10:37:52.634296+00:00,false,microservices,auth,dfec636ce5b52129f83c9bbb0601a9ee8fd7117fb886f76f7d92dfd3600b4dbc,tcc-microservices-experiment-auth-1,0.02,79219917,1073741824,7.38,3,45.6kB / 40.3kB,5.39MB / 65.5kB
116,2026-09-10T10:37:53.004484+00:00,233,2026-09-10T10:37:52.634296+00:00,false,microservices,gateway,d9bdf38d4601e4d6c757644529145db3d1e36243e00af8c43e9955b4864b9fec,tcc-microservices-experiment-gateway-1,32.31,487797555,536870912,90.86,69,41.4MB / 54.6MB,31.5MB / 295kB
116,2026-09-10T10:37:53.004484+00:00,233,2026-09-10T10:37:52.634296+00:00,false,microservices,mysql,3eef2232f5b71aa962af8c3b25a1f0c3adf5ef9e2be42936fae91c1482ece533,tcc-microservices-experiment-mysql-1,23.35,534878618,1073741824,49.82,40,40MB / 131MB,56.3MB / 120MB
116,2026-09-10T10:37:53.004484+00:00,233,2026-09-10T10:37:52.634296+00:00,false,microservices,order,74ac8e49149776e4faac8307655bd74651eec8e43706dfb4c55a625f4c8b0c87,tcc-microservices-experiment-order-1,80.9,83917537,1073741824,7.82,3,160MB / 65.7MB,7.37MB / 4.05MB
116,2026-09-10T10:37:53.004484+00:00,233,2026-09-10T10:37:52.634296+00:00,false,microservices,product,457fddfc9065b1cf57d9e8c9cb0c9c8916a28401c0c09d03d325d876fd6586ec,tcc-microservices-experiment-product-1,0.02,78601257,1073741824,7.32,3,416kB / 282kB,6.37MB / 81.9kB
117,2026-09-10T10:37:54.004511+00:00,235,2026-09-10T10:37:53.634230+00:00,false,microservices,auth,dfec636ce5b52129f83c9bbb0601a9ee8fd7117fb886f76f7d92dfd3600b4dbc,tcc-microservices-experiment-auth-1,0.02,79219917,1073741824,7.38,3,45.6kB / 40.3kB,5.39MB / 65.5kB
117,2026-09-10T10:37:54.004511+00:00,235,2026-09-10T10:37:53.634230+00:00,false,microservices,gateway,d9bdf38d4601e4d6c757644529145db3d1e36243e00af8c43e9955b4864b9fec,tcc-microservices-experiment-gateway-1,32.18,487797555,536870912,90.86,69,41.7MB / 55MB,31.5MB / 295kB
117,2026-09-10T10:37:54.004511+00:00,235,2026-09-10T10:37:53.634230+00:00,false,microservices,mysql,3eef2232f5b71aa962af8c3b25a1f0c3adf5ef9e2be42936fae91c1482ece533,tcc-microservices-experiment-mysql-1,27.7,534878618,1073741824,49.82,40,40.3MB / 132MB,56.3MB / 120MB
117,2026-09-10T10:37:54.004511+00:00,235,2026-09-10T10:37:53.634230+00:00,false,microservices,order,74ac8e49149776e4faac8307655bd74651eec8e43706dfb4c55a625f4c8b0c87,tcc-microservices-experiment-order-1,81.09,83959480,1073741824,7.82,3,161MB / 66.1MB,7.37MB / 4.05MB
117,2026-09-10T10:37:54.004511+00:00,235,2026-09-10T10:37:53.634230+00:00,false,microservices,product,457fddfc9065b1cf57d9e8c9cb0c9c8916a28401c0c09d03d325d876fd6586ec,tcc-microservices-experiment-product-1,0.02,78601257,1073741824,7.32,3,416kB / 282kB,6.37MB / 81.9kB
118,2026-09-10T10:37:55.004490+00:00,237,2026-09-10T10:37:54.634285+00:00,false,microservices,auth,dfec636ce5b52129f83c9bbb0601a9ee8fd7117fb886f76f7d92dfd3600b4dbc,tcc-microservices-experiment-auth-1,0.02,79219917,1073741824,7.38,3,45.6kB / 40.3kB,5.39MB / 65.5kB
118,2026-09-10T10:37:55.004490+00:00,237,2026-09-10T10:37:54.634285+00:00,false,microservices,gateway,d9bdf38d4601e4d6c757644529145db3d1e36243e00af8c43e9955b4864b9fec,tcc-microservices-experiment-gateway-1,32.12,486539264,536870912,90.63,69,42MB / 55.4MB,31.5MB / 295kB
118,2026-09-10T10:37:55.004490+00:00,237,2026-09-10T10:37:54.634285+00:00,false,microservices,mysql,3eef2232f5b71aa962af8c3b25a1f0c3adf5ef9e2be42936fae91c1482ece533,tcc-microservices-experiment-mysql-1,23.15,534878618,1073741824,49.82,40,40.5MB / 133MB,56.3MB / 120MB
118,2026-09-10T10:37:55.004490+00:00,237,2026-09-10T10:37:54.634285+00:00,false,microservices,order,74ac8e49149776e4faac8307655bd74651eec8e43706dfb4c55a625f4c8b0c87,tcc-microservices-experiment-order-1,81.23,83414221,1073741824,7.77,3,162MB / 66.6MB,7.37MB / 4.05MB
118,2026-09-10T10:37:55.004490+00:00,237,2026-09-10T10:37:54.634285+00:00,false,microservices,product,457fddfc9065b1cf57d9e8c9cb0c9c8916a28401c0c09d03d325d876fd6586ec,tcc-microservices-experiment-product-1,0.02,78601257,1073741824,7.32,3,416kB / 282kB,6.37MB / 81.9kB
119,2026-09-10T10:37:56.004505+00:00,239,2026-09-10T10:37:55.634402+00:00,false,microservices,auth,dfec636ce5b52129f83c9bbb0601a9ee8fd7117fb886f76f7d92dfd3600b4dbc,tcc-microservices-experiment-auth-1,0.02,79219917,1073741824,7.38,3,45.6kB / 40.3kB,5.39MB / 65.5kB
119,2026-09-10T10:37:56.004505+00:00,239,2026-09-10T10:37:55.634402+00:00,false,microservices,gateway,d9bdf38d4601e4d6c757644529145db3d1e36243e00af8c43e9955b4864b9fec,tcc-microservices-experiment-gateway-1,32.41,486853837,536870912,90.69,69,42.3MB / 55.8MB,31.5MB / 295kB
119,2026-09-10T10:37:56.004505+00:00,239,2026-09-10T10:37:55.634402+00:00,false,microservices,mysql,3eef2232f5b71aa962af8c3b25a1f0c3adf5ef9e2be42936fae91c1482ece533,tcc-microservices-experiment-mysql-1,27.36,534983475,1073741824,49.83,40,40.8MB / 134MB,56.3MB / 120MB
119,2026-09-10T10:37:56.004505+00:00,239,2026-09-10T10:37:55.634402+00:00,false,microservices,order,74ac8e49149776e4faac8307655bd74651eec8e43706dfb4c55a625f4c8b0c87,tcc-microservices-experiment-order-1,80.99,82994790,1073741824,7.73,3,163MB / 67MB,7.37MB / 4.05MB
119,2026-09-10T10:37:56.004505+00:00,239,2026-09-10T10:37:55.634402+00:00,false,microservices,product,457fddfc9065b1cf57d9e8c9cb0c9c8916a28401c0c09d03d325d876fd6586ec,tcc-microservices-experiment-product-1,0.02,78601257,1073741824,7.32,3,416kB / 282kB,6.37MB / 81.9kB
120,2026-09-10T10:37:57.004483+00:00,241,2026-09-10T10:37:56.635450+00:00,false,microservices,auth,dfec636ce5b52129f83c9bbb0601a9ee8fd7117fb886f76f7d92dfd3600b4dbc,tcc-microservices-experiment-auth-1,0.02,79219917,1073741824,7.38,3,45.6kB / 40.3kB,5.39MB / 65.5kB
120,2026-09-10T10:37:57.004483+00:00,241,2026-09-10T10:37:56.635450+00:00,false,microservices,gateway,d9bdf38d4601e4d6c757644529145db3d1e36243e00af8c43e9955b4864b9fec,tcc-microservices-experiment-gateway-1,33.01,487063552,536870912,90.73,69,42.6MB / 56.2MB,31.5MB / 295kB
120,2026-09-10T10:37:57.004483+00:00,241,2026-09-10T10:37:56.635450+00:00,false,microservices,mysql,3eef2232f5b71aa962af8c3b25a1f0c3adf5ef9e2be42936fae91c1482ece533,tcc-microservices-experiment-mysql-1,22.87,535612621,1073741824,49.88,40,41.1MB / 135MB,56.3MB / 120MB
120,2026-09-10T10:37:57.004483+00:00,241,2026-09-10T10:37:56.635450+00:00,false,microservices,order,74ac8e49149776e4faac8307655bd74651eec8e43706dfb4c55a625f4c8b0c87,tcc-microservices-experiment-order-1,81.32,83340820,1073741824,7.76,3,164MB / 67.5MB,7.37MB / 4.05MB
120,2026-09-10T10:37:57.004483+00:00,241,2026-09-10T10:37:56.635450+00:00,false,microservices,product,457fddfc9065b1cf57d9e8c9cb0c9c8916a28401c0c09d03d325d876fd6586ec,tcc-microservices-experiment-product-1,0.02,78601257,1073741824,7.32,3,416kB / 282kB,6.37MB / 81.9kB
