sample_index,captured_at_utc,docker_refresh_sequence,docker_refresh_captured_at_utc,docker_refresh_reused,architecture,service,container_id,container_name,cpu_percent,memory_used_bytes,memory_limit_bytes,memory_percent,pids,network_io,block_io
1,2026-09-10T05:23:53.852198+00:00,3,2026-09-10T05:23:53.482559+00:00,false,microservices,auth,214c7454682bffdd0bc7a998c3d4e1f050d6787f7418690ece1ea704df85c17f,tcc-microservices-experiment-auth-1,0.03,50834964,1073741824,4.73,3,45.2kB / 40.3kB,11.9MB / 28.4MB
1,2026-09-10T05:23:53.852198+00:00,3,2026-09-10T05:23:53.482559+00:00,false,microservices,gateway,e183f69f6062ccbeddc30c20ac4b4a2cd2ba6a976b5d09dca3a119d4927ce9bb,tcc-microservices-experiment-gateway-1,0.15,480247808,536870912,89.45,81,20.8MB / 23.2MB,34.5MB / 184kB
1,2026-09-10T05:23:53.852198+00:00,3,2026-09-10T05:23:53.482559+00:00,false,microservices,mysql,b3f2ccc77f6937cd12c031cc4d18b643eb7bd0f86b7d1e0015845bf56b716dd6,tcc-microservices-experiment-mysql-1,4.91,534039757,1073741824,49.73,40,11.1MB / 23.6MB,46.6MB / 120MB
1,2026-09-10T05:23:53.852198+00:00,3,2026-09-10T05:23:53.482559+00:00,false,microservices,order,c79fde09546e760c32fad0940f5771c780f8504cef6d6a4a5c579b487aebd275,tcc-microservices-experiment-order-1,0.03,74165780,1073741824,6.91,3,5.31MB / 4.14MB,3.76MB / 77.8kB
1,2026-09-10T05:23:53.852198+00:00,3,2026-09-10T05:23:53.482559+00:00,false,microservices,product,8c31b4ed1a1101f114ca75fed9e7048610c88661fd8808ad642cc62a941b95af,tcc-microservices-experiment-product-1,0.03,79198945,1073741824,7.38,3,23.4MB / 24.8MB,11.3MB / 81.9kB
2,2026-09-10T05:23:54.852211+00:00,5,2026-09-10T05:23:54.480642+00:00,false,microservices,auth,214c7454682bffdd0bc7a998c3d4e1f050d6787f7418690ece1ea704df85c17f,tcc-microservices-experiment-auth-1,0.02,50834964,1073741824,4.73,3,45.2kB / 40.3kB,11.9MB / 28.4MB
2,2026-09-10T05:23:54.852211+00:00,5,2026-09-10T05:23:54.480642+00:00,false,microservices,gateway,e183f69f6062ccbeddc30c20ac4b4a2cd2ba6a976b5d09dca3a119d4927ce9bb,tcc-microservices-experiment-gateway-1,0.12,480038093,536870912,89.41,81,20.8MB / 23.2MB,34.5MB / 184kB
2,2026-09-10T05:23:54.852211+00:00,5,2026-09-10T05:23:54.480642+00:00,false,microservices,mysql,b3f2ccc77f6937cd12c031cc4d18b643eb7bd0f86b7d1e0015845bf56b716dd6,tcc-microservices-experiment-mysql-1,0.67,533830042,1073741824,49.71,40,11.1MB / 23.6MB,46.6MB / 120MB
2,2026-09-10T05:23:54.852211+00:00,5,2026-09-10T05:23:54.480642+00:00,false,microservices,order,c79fde09546e760c32fad0940f5771c780f8504cef6d6a4a5c579b487aebd275,tcc-microservices-experiment-order-1,0.02,74165780,1073741824,6.91,3,5.31MB / 4.14MB,3.76MB / 77.8kB
2,2026-09-10T05:23:54.852211+00:00,5,2026-09-10T05:23:54.480642+00:00,false,microservices,product,8c31b4ed1a1101f114ca75fed9e7048610c88661fd8808ad642cc62a941b95af,tcc-microservices-experiment-product-1,0.02,78831944,1073741824,7.34,3,23.4MB / 24.8MB,11.3MB / 81.9kB
3,2026-09-10T05:23:55.852199+00:00,7,2026-09-10T05:23:55.481330+00:00,false,microservices,auth,214c7454682bffdd0bc7a998c3d4e1f050d6787f7418690ece1ea704df85c17f,tcc-microservices-experiment-auth-1,0.02,50834964,1073741824,4.73,3,45.2kB / 40.3kB,11.9MB / 28.4MB
3,2026-09-10T05:23:55.852199+00:00,7,2026-09-10T05:23:55.481330+00:00,false,microservices,gateway,e183f69f6062ccbeddc30c20ac4b4a2cd2ba6a976b5d09dca3a119d4927ce9bb,tcc-microservices-experiment-gateway-1,61.55,482659533,536870912,89.91,81,21MB / 23.5MB,34.5MB / 184kB
3,2026-09-10T05:23:55.852199+00:00,7,2026-09-10T05:23:55.481330+00:00,false,microservices,mysql,b3f2ccc77f6937cd12c031cc4d18b643eb7bd0f86b7d1e0015845bf56b716dd6,tcc-microservices-experiment-mysql-1,16.69,534564045,1073741824,49.78,40,11.2MB / 23.8MB,46.6MB / 120MB
3,2026-09-10T05:23:55.852199+00:00,7,2026-09-10T05:23:55.481330+00:00,false,microservices,order,c79fde09546e760c32fad0940f5771c780f8504cef6d6a4a5c579b487aebd275,tcc-microservices-experiment-order-1,0.02,74165780,1073741824,6.91,3,5.31MB / 4.14MB,3.76MB / 77.8kB
3,2026-09-10T05:23:55.852199+00:00,7,2026-09-10T05:23:55.481330+00:00,false,microservices,product,8c31b4ed1a1101f114ca75fed9e7048610c88661fd8808ad642cc62a941b95af,tcc-microservices-experiment-product-1,38.68,80352379,1073741824,7.48,3,23.6MB / 25.1MB,11.3MB / 81.9kB
4,2026-09-10T05:23:56.852223+00:00,9,2026-09-10T05:23:56.481368+00:00,false,microservices,auth,214c7454682bffdd0bc7a998c3d4e1f050d6787f7418690ece1ea704df85c17f,tcc-microservices-experiment-auth-1,0.02,50834964,1073741824,4.73,3,45.2kB / 40.3kB,11.9MB / 28.4MB
4,2026-09-10T05:23:56.852223+00:00,9,2026-09-10T05:23:56.481368+00:00,false,microservices,gateway,e183f69f6062ccbeddc30c20ac4b4a2cd2ba6a976b5d09dca3a119d4927ce9bb,tcc-microservices-experiment-gateway-1,70.05,482240102,536870912,89.82,81,21.5MB / 24MB,34.5MB / 184kB
4,2026-09-10T05:23:56.852223+00:00,9,2026-09-10T05:23:56.481368+00:00,false,microservices,mysql,b3f2ccc77f6937cd12c031cc4d18b643eb7bd0f86b7d1e0015845bf56b716dd6,tcc-microservices-experiment-mysql-1,15.61,535402906,1073741824,49.86,40,11.3MB / 24.2MB,46.6MB / 120MB
4,2026-09-10T05:23:56.852223+00:00,9,2026-09-10T05:23:56.481368+00:00,false,microservices,order,c79fde09546e760c32fad0940f5771c780f8504cef6d6a4a5c579b487aebd275,tcc-microservices-experiment-order-1,0.02,74165780,1073741824,6.91,3,5.31MB / 4.14MB,3.76MB / 77.8kB
4,2026-09-10T05:23:56.852223+00:00,9,2026-09-10T05:23:56.481368+00:00,false,microservices,product,8c31b4ed1a1101f114ca75fed9e7048610c88661fd8808ad642cc62a941b95af,tcc-microservices-experiment-product-1,57.89,80467722,1073741824,7.49,3,24.1MB / 25.6MB,11.3MB / 81.9kB
5,2026-09-10T05:23:57.852224+00:00,11,2026-09-10T05:23:57.482092+00:00,false,microservices,auth,214c7454682bffdd0bc7a998c3d4e1f050d6787f7418690ece1ea704df85c17f,tcc-microservices-experiment-auth-1,0.02,50834964,1073741824,4.73,3,45.2kB / 40.3kB,11.9MB / 28.4MB
5,2026-09-10T05:23:57.852224+00:00,11,2026-09-10T05:23:57.482092+00:00,false,microservices,gateway,e183f69f6062ccbeddc30c20ac4b4a2cd2ba6a976b5d09dca3a119d4927ce9bb,tcc-microservices-experiment-gateway-1,101.63,483393536,536870912,90.04,81,22.2MB / 24.8MB,34.5MB / 197kB
5,2026-09-10T05:23:57.852224+00:00,11,2026-09-10T05:23:57.482092+00:00,false,microservices,mysql,b3f2ccc77f6937cd12c031cc4d18b643eb7bd0f86b7d1e0015845bf56b716dd6,tcc-microservices-experiment-mysql-1,28.92,534459187,1073741824,49.78,40,11.5MB / 24.8MB,46.6MB / 120MB
5,2026-09-10T05:23:57.852224+00:00,11,2026-09-10T05:23:57.482092+00:00,false,microservices,order,c79fde09546e760c32fad0940f5771c780f8504cef6d6a4a5c579b487aebd275,tcc-microservices-experiment-order-1,0.02,74165780,1073741824,6.91,3,5.31MB / 4.14MB,3.76MB / 77.8kB
5,2026-09-10T05:23:57.852224+00:00,11,2026-09-10T05:23:57.482092+00:00,false,microservices,product,8c31b4ed1a1101f114ca75fed9e7048610c88661fd8808ad642cc62a941b95af,tcc-microservices-experiment-product-1,82.65,80687923,1073741824,7.51,3,24.9MB / 26.4MB,11.3MB / 81.9kB
6,2026-09-10T05:23:58.852207+00:00,13,2026-09-10T05:23:58.481294+00:00,false,microservices,auth,214c7454682bffdd0bc7a998c3d4e1f050d6787f7418690ece1ea704df85c17f,tcc-microservices-experiment-auth-1,0.02,50834964,1073741824,4.73,3,45.2kB / 40.3kB,11.9MB / 28.4MB
6,2026-09-10T05:23:58.852207+00:00,13,2026-09-10T05:23:58.481294+00:00,false,microservices,gateway,e183f69f6062ccbeddc30c20ac4b4a2cd2ba6a976b5d09dca3a119d4927ce9bb,tcc-microservices-experiment-gateway-1,67.27,483603251,536870912,90.08,81,22.9MB / 25.6MB,34.5MB / 197kB
6,2026-09-10T05:23:58.852207+00:00,13,2026-09-10T05:23:58.481294+00:00,false,microservices,mysql,b3f2ccc77f6937cd12c031cc4d18b643eb7bd0f86b7d1e0015845bf56b716dd6,tcc-microservices-experiment-mysql-1,23.3,534459187,1073741824,49.78,40,11.8MB / 25.4MB,46.6MB / 120MB
6,2026-09-10T05:23:58.852207+00:00,13,2026-09-10T05:23:58.481294+00:00,false,microservices,order,c79fde09546e760c32fad0940f5771c780f8504cef6d6a4a5c579b487aebd275,tcc-microservices-experiment-order-1,0.02,74165780,1073741824,6.91,3,5.31MB / 4.14MB,3.76MB / 77.8kB
6,2026-09-10T05:23:58.852207+00:00,13,2026-09-10T05:23:58.481294+00:00,false,microservices,product,8c31b4ed1a1101f114ca75fed9e7048610c88661fd8808ad642cc62a941b95af,tcc-microservices-experiment-product-1,83.35,81180754,1073741824,7.56,3,25.8MB / 27.3MB,11.3MB / 81.9kB
7,2026-09-10T05:23:59.852177+00:00,15,2026-09-10T05:23:59.481522+00:00,false,microservices,auth,214c7454682bffdd0bc7a998c3d4e1f050d6787f7418690ece1ea704df85c17f,tcc-microservices-experiment-auth-1,0.02,50834964,1073741824,4.73,3,45.2kB / 40.3kB,11.9MB / 28.4MB
7,2026-09-10T05:23:59.852177+00:00,15,2026-09-10T05:23:59.481522+00:00,false,microservices,gateway,e183f69f6062ccbeddc30c20ac4b4a2cd2ba6a976b5d09dca3a119d4927ce9bb,tcc-microservices-experiment-gateway-1,50.52,484127539,536870912,90.18,81,23.7MB / 26.4MB,34.5MB / 197kB
7,2026-09-10T05:23:59.852177+00:00,15,2026-09-10T05:23:59.481522+00:00,false,microservices,mysql,b3f2ccc77f6937cd12c031cc4d18b643eb7bd0f86b7d1e0015845bf56b716dd6,tcc-microservices-experiment-mysql-1,28.81,533934899,1073741824,49.73,40,12MB / 26.1MB,46.6MB / 120MB
7,2026-09-10T05:23:59.852177+00:00,15,2026-09-10T05:23:59.481522+00:00,false,microservices,order,c79fde09546e760c32fad0940f5771c780f8504cef6d6a4a5c579b487aebd275,tcc-microservices-experiment-order-1,0.02,74165780,1073741824,6.91,3,5.31MB / 4.14MB,3.76MB / 77.8kB
7,2026-09-10T05:23:59.852177+00:00,15,2026-09-10T05:23:59.481522+00:00,false,microservices,product,8c31b4ed1a1101f114ca75fed9e7048610c88661fd8808ad642cc62a941b95af,tcc-microservices-experiment-product-1,82.15,80362865,1073741824,7.48,3,26.6MB / 28.2MB,11.3MB / 81.9kB
8,2026-09-10T05:24:00.852192+00:00,17,2026-09-10T05:24:00.480401+00:00,false,microservices,auth,214c7454682bffdd0bc7a998c3d4e1f050d6787f7418690ece1ea704df85c17f,tcc-microservices-experiment-auth-1,0.02,50834964,1073741824,4.73,3,45.2kB / 40.3kB,11.9MB / 28.4MB
8,2026-09-10T05:24:00.852192+00:00,17,2026-09-10T05:24:00.480401+00:00,false,microservices,gateway,e183f69f6062ccbeddc30c20ac4b4a2cd2ba6a976b5d09dca3a119d4927ce9bb,tcc-microservices-experiment-gateway-1,60.99,483708109,536870912,90.09,81,24.4MB / 27.2MB,34.5MB / 197kB
8,2026-09-10T05:24:00.852192+00:00,17,2026-09-10T05:24:00.480401+00:00,false,microservices,mysql,b3f2ccc77f6937cd12c031cc4d18b643eb7bd0f86b7d1e0015845bf56b716dd6,tcc-microservices-experiment-mysql-1,24.06,534039757,1073741824,49.74,40,12.2MB / 26.7MB,46.6MB / 120MB
8,2026-09-10T05:24:00.852192+00:00,17,2026-09-10T05:24:00.480401+00:00,false,microservices,order,c79fde09546e760c32fad0940f5771c780f8504cef6d6a4a5c579b487aebd275,tcc-microservices-experiment-order-1,0.02,74165780,1073741824,6.91,3,5.31MB / 4.14MB,3.76MB / 77.8kB
8,2026-09-10T05:24:00.852192+00:00,17,2026-09-10T05:24:00.480401+00:00,false,microservices,product,8c31b4ed1a1101f114ca75fed9e7048610c88661fd8808ad642cc62a941b95af,tcc-microservices-experiment-product-1,82.38,80887153,1073741824,7.53,3,27.4MB / 29MB,11.3MB / 81.9kB
9,2026-09-10T05:24:01.852212+00:00,19,2026-09-10T05:24:01.481400+00:00,false,microservices,auth,214c7454682bffdd0bc7a998c3d4e1f050d6787f7418690ece1ea704df85c17f,tcc-microservices-experiment-auth-1,0.02,50834964,1073741824,4.73,3,45.2kB / 40.3kB,11.9MB / 28.4MB
9,2026-09-10T05:24:01.852212+00:00,19,2026-09-10T05:24:01.481400+00:00,false,microservices,gateway,e183f69f6062ccbeddc30c20ac4b4a2cd2ba6a976b5d09dca3a119d4927ce9bb,tcc-microservices-experiment-gateway-1,62.61,483603251,536870912,90.08,81,25.1MB / 28.1MB,34.5MB / 197kB
9,2026-09-10T05:24:01.852212+00:00,19,2026-09-10T05:24:01.481400+00:00,false,microservices,mysql,b3f2ccc77f6937cd12c031cc4d18b643eb7bd0f86b7d1e0015845bf56b716dd6,tcc-microservices-experiment-mysql-1,27.27,534459187,1073741824,49.78,40,12.5MB / 27.4MB,46.6MB / 120MB
9,2026-09-10T05:24:01.852212+00:00,19,2026-09-10T05:24:01.481400+00:00,false,microservices,order,c79fde09546e760c32fad0940f5771c780f8504cef6d6a4a5c579b487aebd275,tcc-microservices-experiment-order-1,0.02,74165780,1073741824,6.91,3,5.31MB / 4.14MB,3.76MB / 77.8kB
9,2026-09-10T05:24:01.852212+00:00,19,2026-09-10T05:24:01.481400+00:00,false,microservices,product,8c31b4ed1a1101f114ca75fed9e7048610c88661fd8808ad642cc62a941b95af,tcc-microservices-experiment-product-1,83.68,80551608,1073741824,7.5,3,28.2MB / 29.9MB,11.3MB / 81.9kB
10,2026-09-10T05:24:02.852189+00:00,21,2026-09-10T05:24:02.480125+00:00,false,microservices,auth,214c7454682bffdd0bc7a998c3d4e1f050d6787f7418690ece1ea704df85c17f,tcc-microservices-experiment-auth-1,0.02,50834964,1073741824,4.73,3,45.2kB / 40.3kB,11.9MB / 28.4MB
10,2026-09-10T05:24:02.852189+00:00,21,2026-09-10T05:24:02.480125+00:00,false,microservices,gateway,e183f69f6062ccbeddc30c20ac4b4a2cd2ba6a976b5d09dca3a119d4927ce9bb,tcc-microservices-experiment-gateway-1,67.95,484022682,536870912,90.15,81,25.9MB / 28.9MB,34.5MB / 197kB
10,2026-09-10T05:24:02.852189+00:00,21,2026-09-10T05:24:02.480125+00:00,false,microservices,mysql,b3f2ccc77f6937cd12c031cc4d18b643eb7bd0f86b7d1e0015845bf56b716dd6,tcc-microservices-experiment-mysql-1,23.79,534354330,1073741824,49.77,40,12.7MB / 28MB,46.6MB / 120MB
10,2026-09-10T05:24:02.852189+00:00,21,2026-09-10T05:24:02.480125+00:00,false,microservices,order,c79fde09546e760c32fad0940f5771c780f8504cef6d6a4a5c579b487aebd275,tcc-microservices-experiment-order-1,0.01,74165780,1073741824,6.91,3,5.31MB / 4.14MB,3.76MB / 77.8kB
10,2026-09-10T05:24:02.852189+00:00,21,2026-09-10T05:24:02.480125+00:00,false,microservices,product,8c31b4ed1a1101f114ca75fed9e7048610c88661fd8808ad642cc62a941b95af,tcc-microservices-experiment-product-1,82.78,80761324,1073741824,7.52,3,29MB / 30.8MB,11.3MB / 81.9kB
11,2026-09-10T05:24:03.852190+00:00,23,2026-09-10T05:24:03.481404+00:00,false,microservices,auth,214c7454682bffdd0bc7a998c3d4e1f050d6787f7418690ece1ea704df85c17f,tcc-microservices-experiment-auth-1,0.02,50834964,1073741824,4.73,3,45.2kB / 40.3kB,11.9MB / 28.4MB
11,2026-09-10T05:24:03.852190+00:00,23,2026-09-10T05:24:03.481404+00:00,false,microservices,gateway,e183f69f6062ccbeddc30c20ac4b4a2cd2ba6a976b5d09dca3a119d4927ce9bb,tcc-microservices-experiment-gateway-1,40.74,483603251,536870912,90.08,81,26.6MB / 29.7MB,34.5MB / 197kB
11,2026-09-10T05:24:03.852190+00:00,23,2026-09-10T05:24:03.481404+00:00,false,microservices,mysql,b3f2ccc77f6937cd12c031cc4d18b643eb7bd0f86b7d1e0015845bf56b716dd6,tcc-microservices-experiment-mysql-1,28.35,534668902,1073741824,49.8,40,13MB / 28.6MB,46.6MB / 120MB
11,2026-09-10T05:24:03.852190+00:00,23,2026-09-10T05:24:03.481404+00:00,false,microservices,order,c79fde09546e760c32fad0940f5771c780f8504cef6d6a4a5c579b487aebd275,tcc-microservices-experiment-order-1,0.02,74165780,1073741824,6.91,3,5.31MB / 4.14MB,3.76MB / 77.8kB
11,2026-09-10T05:24:03.852190+00:00,23,2026-09-10T05:24:03.481404+00:00,false,microservices,product,8c31b4ed1a1101f114ca75fed9e7048610c88661fd8808ad642cc62a941b95af,tcc-microservices-experiment-product-1,81.87,80813752,1073741824,7.53,3,29.9MB / 31.7MB,11.3MB / 81.9kB
12,2026-09-10T05:24:04.852194+00:00,25,2026-09-10T05:24:04.481428+00:00,false,microservices,auth,214c7454682bffdd0bc7a998c3d4e1f050d6787f7418690ece1ea704df85c17f,tcc-microservices-experiment-auth-1,0.02,50834964,1073741824,4.73,3,45.2kB / 40.3kB,11.9MB / 28.4MB
12,2026-09-10T05:24:04.852194+00:00,25,2026-09-10T05:24:04.481428+00:00,false,microservices,gateway,e183f69f6062ccbeddc30c20ac4b4a2cd2ba6a976b5d09dca3a119d4927ce9bb,tcc-microservices-experiment-gateway-1,61.17,483393536,536870912,90.04,81,27.3MB / 30.5MB,34.5MB / 197kB
12,2026-09-10T05:24:04.852194+00:00,25,2026-09-10T05:24:04.481428+00:00,false,microservices,mysql,b3f2ccc77f6937cd12c031cc4d18b643eb7bd0f86b7d1e0015845bf56b716dd6,tcc-microservices-experiment-mysql-1,24.69,534878618,1073741824,49.81,40,13.2MB / 29.3MB,46.6MB / 120MB
12,2026-09-10T05:24:04.852194+00:00,25,2026-09-10T05:24:04.481428+00:00,false,microservices,order,c79fde09546e760c32fad0940f5771c780f8504cef6d6a4a5c579b487aebd275,tcc-microservices-experiment-order-1,0.02,74165780,1073741824,6.91,3,5.31MB / 4.14MB,3.76MB / 77.8kB
12,2026-09-10T05:24:04.852194+00:00,25,2026-09-10T05:24:04.481428+00:00,false,microservices,product,8c31b4ed1a1101f114ca75fed9e7048610c88661fd8808ad642cc62a941b95af,tcc-microservices-experiment-product-1,82.23,81191240,1073741824,7.56,3,30.7MB / 32.5MB,11.3MB / 81.9kB
13,2026-09-10T05:24:05.852216+00:00,27,2026-09-10T05:24:05.480438+00:00,false,microservices,auth,214c7454682bffdd0bc7a998c3d4e1f050d6787f7418690ece1ea704df85c17f,tcc-microservices-experiment-auth-1,0.02,50834964,1073741824,4.73,3,45.2kB / 40.3kB,11.9MB / 28.4MB
13,2026-09-10T05:24:05.852216+00:00,27,2026-09-10T05:24:05.480438+00:00,false,microservices,gateway,e183f69f6062ccbeddc30c20ac4b4a2cd2ba6a976b5d09dca3a119d4927ce9bb,tcc-microservices-experiment-gateway-1,39.73,483812966,536870912,90.12,81,28.1MB / 31.4MB,34.5MB / 197kB
13,2026-09-10T05:24:05.852216+00:00,27,2026-09-10T05:24:05.480438+00:00,false,microservices,mysql,b3f2ccc77f6937cd12c031cc4d18b643eb7bd0f86b7d1e0015845bf56b716dd6,tcc-microservices-experiment-mysql-1,27.87,534773760,1073741824,49.81,40,13.4MB / 29.9MB,46.6MB / 120MB
13,2026-09-10T05:24:05.852216+00:00,27,2026-09-10T05:24:05.480438+00:00,false,microservices,order,c79fde09546e760c32fad0940f5771c780f8504cef6d6a4a5c579b487aebd275,tcc-microservices-experiment-order-1,0.02,74165780,1073741824,6.91,3,5.31MB / 4.14MB,3.76MB / 77.8kB
13,2026-09-10T05:24:05.852216+00:00,27,2026-09-10T05:24:05.480438+00:00,false,microservices,product,8c31b4ed1a1101f114ca75fed9e7048610c88661fd8808ad642cc62a941b95af,tcc-microservices-experiment-product-1,82.08,81285612,1073741824,7.57,3,31.5MB / 33.4MB,11.3MB / 81.9kB
14,2026-09-10T05:24:06.852184+00:00,29,2026-09-10T05:24:06.482079+00:00,false,microservices,auth,214c7454682bffdd0bc7a998c3d4e1f050d6787f7418690ece1ea704df85c17f,tcc-microservices-experiment-auth-1,0.02,50834964,1073741824,4.73,3,45.2kB / 40.3kB,11.9MB / 28.4MB
14,2026-09-10T05:24:06.852184+00:00,29,2026-09-10T05:24:06.482079+00:00,false,microservices,gateway,e183f69f6062ccbeddc30c20ac4b4a2cd2ba6a976b5d09dca3a119d4927ce9bb,tcc-microservices-experiment-gateway-1,39.07,483917824,536870912,90.14,81,28.9MB / 32.2MB,34.5MB / 197kB
14,2026-09-10T05:24:06.852184+00:00,29,2026-09-10T05:24:06.482079+00:00,false,microservices,mysql,b3f2ccc77f6937cd12c031cc4d18b643eb7bd0f86b7d1e0015845bf56b716dd6,tcc-microservices-experiment-mysql-1,23.39,534249472,1073741824,49.76,40,13.7MB / 30.6MB,46.6MB / 120MB
14,2026-09-10T05:24:06.852184+00:00,29,2026-09-10T05:24:06.482079+00:00,false,microservices,order,c79fde09546e760c32fad0940f5771c780f8504cef6d6a4a5c579b487aebd275,tcc-microservices-experiment-order-1,0.02,74165780,1073741824,6.91,3,5.31MB / 4.14MB,3.76MB / 77.8kB
14,2026-09-10T05:24:06.852184+00:00,29,2026-09-10T05:24:06.482079+00:00,false,microservices,product,8c31b4ed1a1101f114ca75fed9e7048610c88661fd8808ad642cc62a941b95af,tcc-microservices-experiment-product-1,82.94,81201725,1073741824,7.56,3,32.3MB / 34.3MB,11.3MB / 81.9kB
15,2026-09-10T05:24:07.852193+00:00,31,2026-09-10T05:24:07.481490+00:00,false,microservices,auth,214c7454682bffdd0bc7a998c3d4e1f050d6787f7418690ece1ea704df85c17f,tcc-microservices-experiment-auth-1,0.02,50834964,1073741824,4.73,3,45.2kB / 40.3kB,11.9MB / 28.4MB
15,2026-09-10T05:24:07.852193+00:00,31,2026-09-10T05:24:07.481490+00:00,false,microservices,gateway,e183f69f6062ccbeddc30c20ac4b4a2cd2ba6a976b5d09dca3a119d4927ce9bb,tcc-microservices-experiment-gateway-1,45.88,483812966,536870912,90.13,81,29.6MB / 33.1MB,34.5MB / 197kB
15,2026-09-10T05:24:07.852193+00:00,31,2026-09-10T05:24:07.481490+00:00,false,microservices,mysql,b3f2ccc77f6937cd12c031cc4d18b643eb7bd0f86b7d1e0015845bf56b716dd6,tcc-microservices-experiment-mysql-1,27.78,534773760,1073741824,49.81,40,13.9MB / 31.2MB,46.6MB / 120MB
15,2026-09-10T05:24:07.852193+00:00,31,2026-09-10T05:24:07.481490+00:00,false,microservices,order,c79fde09546e760c32fad0940f5771c780f8504cef6d6a4a5c579b487aebd275,tcc-microservices-experiment-order-1,0.02,74165780,1073741824,6.91,3,5.31MB / 4.14MB,3.76MB / 77.8kB
15,2026-09-10T05:24:07.852193+00:00,31,2026-09-10T05:24:07.481490+00:00,false,microservices,product,8c31b4ed1a1101f114ca75fed9e7048610c88661fd8808ad642cc62a941b95af,tcc-microservices-experiment-product-1,82.6,81233183,1073741824,7.57,3,33.2MB / 35.2MB,11.3MB / 81.9kB
16,2026-09-10T05:24:08.852212+00:00,33,2026-09-10T05:24:08.481275+00:00,false,microservices,auth,214c7454682bffdd0bc7a998c3d4e1f050d6787f7418690ece1ea704df85c17f,tcc-microservices-experiment-auth-1,0.02,50834964,1073741824,4.73,3,45.2kB / 40.3kB,11.9MB / 28.4MB
16,2026-09-10T05:24:08.852212+00:00,33,2026-09-10T05:24:08.481275+00:00,false,microservices,gateway,e183f69f6062ccbeddc30c20ac4b4a2cd2ba6a976b5d09dca3a119d4927ce9bb,tcc-microservices-experiment-gateway-1,78.98,484337254,536870912,90.22,81,30.4MB / 33.9MB,34.5MB / 197kB
16,2026-09-10T05:24:08.852212+00:00,33,2026-09-10T05:24:08.481275+00:00,false,microservices,mysql,b3f2ccc77f6937cd12c031cc4d18b643eb7bd0f86b7d1e0015845bf56b716dd6,tcc-microservices-experiment-mysql-1,24.46,534459187,1073741824,49.78,40,14.2MB / 31.9MB,46.6MB / 120MB
16,2026-09-10T05:24:08.852212+00:00,33,2026-09-10T05:24:08.481275+00:00,false,microservices,order,c79fde09546e760c32fad0940f5771c780f8504cef6d6a4a5c579b487aebd275,tcc-microservices-experiment-order-1,0.02,74165780,1073741824,6.91,3,5.31MB / 4.14MB,3.76MB / 77.8kB
16,2026-09-10T05:24:08.852212+00:00,33,2026-09-10T05:24:08.481275+00:00,false,microservices,product,8c31b4ed1a1101f114ca75fed9e7048610c88661fd8808ad642cc62a941b95af,tcc-microservices-experiment-product-1,82.11,81170268,1073741824,7.56,3,34MB / 36.1MB,11.3MB / 81.9kB
17,2026-09-10T05:24:09.852207+00:00,35,2026-09-10T05:24:09.480462+00:00,false,microservices,auth,214c7454682bffdd0bc7a998c3d4e1f050d6787f7418690ece1ea704df85c17f,tcc-microservices-experiment-auth-1,0.02,50834964,1073741824,4.73,3,45.2kB / 40.3kB,11.9MB / 28.4MB
17,2026-09-10T05:24:09.852207+00:00,35,2026-09-10T05:24:09.480462+00:00,false,microservices,gateway,e183f69f6062ccbeddc30c20ac4b4a2cd2ba6a976b5d09dca3a119d4927ce9bb,tcc-microservices-experiment-gateway-1,66.03,485280973,536870912,90.4,81,31.1MB / 34.7MB,34.5MB / 197kB
17,2026-09-10T05:24:09.852207+00:00,35,2026-09-10T05:24:09.480462+00:00,false,microservices,mysql,b3f2ccc77f6937cd12c031cc4d18b643eb7bd0f86b7d1e0015845bf56b716dd6,tcc-microservices-experiment-mysql-1,28.72,534878618,1073741824,49.82,40,14.4MB / 32.5MB,46.6MB / 120MB
17,2026-09-10T05:24:09.852207+00:00,35,2026-09-10T05:24:09.480462+00:00,false,microservices,order,c79fde09546e760c32fad0940f5771c780f8504cef6d6a4a5c579b487aebd275,tcc-microservices-experiment-order-1,0.02,74165780,1073741824,6.91,3,5.31MB / 4.14MB,3.76MB / 77.8kB
17,2026-09-10T05:24:09.852207+00:00,35,2026-09-10T05:24:09.480462+00:00,false,microservices,product,8c31b4ed1a1101f114ca75fed9e7048610c88661fd8808ad642cc62a941b95af,tcc-microservices-experiment-product-1,82.87,81505812,1073741824,7.59,3,34.8MB / 37MB,11.3MB / 81.9kB
18,2026-09-10T05:24:10.852187+00:00,37,2026-09-10T05:24:10.481380+00:00,false,microservices,auth,214c7454682bffdd0bc7a998c3d4e1f050d6787f7418690ece1ea704df85c17f,tcc-microservices-experiment-auth-1,0.02,50834964,1073741824,4.73,3,45.2kB / 40.3kB,11.9MB / 28.4MB
18,2026-09-10T05:24:10.852187+00:00,37,2026-09-10T05:24:10.481380+00:00,false,microservices,gateway,e183f69f6062ccbeddc30c20ac4b4a2cd2ba6a976b5d09dca3a119d4927ce9bb,tcc-microservices-experiment-gateway-1,59.7,484337254,536870912,90.22,81,31.8MB / 35.5MB,34.5MB / 197kB
18,2026-09-10T05:24:10.852187+00:00,37,2026-09-10T05:24:10.481380+00:00,false,microservices,mysql,b3f2ccc77f6937cd12c031cc4d18b643eb7bd0f86b7d1e0015845bf56b716dd6,tcc-microservices-experiment-mysql-1,24.85,535088333,1073741824,49.83,40,14.6MB / 33.1MB,46.6MB / 120MB
18,2026-09-10T05:24:10.852187+00:00,37,2026-09-10T05:24:10.481380+00:00,false,microservices,order,c79fde09546e760c32fad0940f5771c780f8504cef6d6a4a5c579b487aebd275,tcc-microservices-experiment-order-1,0.02,74165780,1073741824,6.91,3,5.31MB / 4.14MB,3.76MB / 77.8kB
18,2026-09-10T05:24:10.852187+00:00,37,2026-09-10T05:24:10.481380+00:00,false,microservices,product,8c31b4ed1a1101f114ca75fed9e7048610c88661fd8808ad642cc62a941b95af,tcc-microservices-experiment-product-1,81.34,81851843,1073741824,7.62,3,35.6MB / 37.8MB,11.3MB / 81.9kB
19,2026-09-10T05:24:11.852195+00:00,39,2026-09-10T05:24:11.481514+00:00,false,microservices,auth,214c7454682bffdd0bc7a998c3d4e1f050d6787f7418690ece1ea704df85c17f,tcc-microservices-experiment-auth-1,0.02,50834964,1073741824,4.73,3,45.2kB / 40.3kB,11.9MB / 28.4MB
19,2026-09-10T05:24:11.852195+00:00,39,2026-09-10T05:24:11.481514+00:00,false,microservices,gateway,e183f69f6062ccbeddc30c20ac4b4a2cd2ba6a976b5d09dca3a119d4927ce9bb,tcc-microservices-experiment-gateway-1,86.93,484861542,536870912,90.32,81,32.5MB / 36.4MB,34.5MB / 197kB
19,2026-09-10T05:24:11.852195+00:00,39,2026-09-10T05:24:11.481514+00:00,false,microservices,mysql,b3f2ccc77f6937cd12c031cc4d18b643eb7bd0f86b7d1e0015845bf56b716dd6,tcc-microservices-experiment-mysql-1,28.11,534773760,1073741824,49.8,40,14.8MB / 33.8MB,46.6MB / 120MB
19,2026-09-10T05:24:11.852195+00:00,39,2026-09-10T05:24:11.481514+00:00,false,microservices,order,c79fde09546e760c32fad0940f5771c780f8504cef6d6a4a5c579b487aebd275,tcc-microservices-experiment-order-1,0.02,74165780,1073741824,6.91,3,5.31MB / 4.14MB,3.76MB / 77.8kB
19,2026-09-10T05:24:11.852195+00:00,39,2026-09-10T05:24:11.481514+00:00,false,microservices,product,8c31b4ed1a1101f114ca75fed9e7048610c88661fd8808ad642cc62a941b95af,tcc-microservices-experiment-product-1,83.26,81065411,1073741824,7.55,3,36.4MB / 38.7MB,11.3MB / 81.9kB
20,2026-09-10T05:24:12.852207+00:00,41,2026-09-10T05:24:12.480319+00:00,false,microservices,auth,214c7454682bffdd0bc7a998c3d4e1f050d6787f7418690ece1ea704df85c17f,tcc-microservices-experiment-auth-1,0.02,50834964,1073741824,4.73,3,45.2kB / 40.3kB,11.9MB / 28.4MB
20,2026-09-10T05:24:12.852207+00:00,41,2026-09-10T05:24:12.480319+00:00,false,microservices,gateway,e183f69f6062ccbeddc30c20ac4b4a2cd2ba6a976b5d09dca3a119d4927ce9bb,tcc-microservices-experiment-gateway-1,35.52,485490688,536870912,90.42,81,33.3MB / 37.2MB,34.5MB / 197kB
20,2026-09-10T05:24:12.852207+00:00,41,2026-09-10T05:24:12.480319+00:00,false,microservices,mysql,b3f2ccc77f6937cd12c031cc4d18b643eb7bd0f86b7d1e0015845bf56b716dd6,tcc-microservices-experiment-mysql-1,24.79,534668902,1073741824,49.79,40,15.1MB / 34.4MB,46.6MB / 120MB
20,2026-09-10T05:24:12.852207+00:00,41,2026-09-10T05:24:12.480319+00:00,false,microservices,order,c79fde09546e760c32fad0940f5771c780f8504cef6d6a4a5c579b487aebd275,tcc-microservices-experiment-order-1,0.02,74165780,1073741824,6.91,3,5.31MB / 4.14MB,3.76MB / 77.8kB
20,2026-09-10T05:24:12.852207+00:00,41,2026-09-10T05:24:12.480319+00:00,false,microservices,product,8c31b4ed1a1101f114ca75fed9e7048610c88661fd8808ad642cc62a941b95af,tcc-microservices-experiment-product-1,81.52,81369498,1073741824,7.58,3,37.3MB / 39.6MB,11.3MB / 81.9kB
21,2026-09-10T05:24:13.852192+00:00,43,2026-09-10T05:24:13.481251+00:00,false,microservices,auth,214c7454682bffdd0bc7a998c3d4e1f050d6787f7418690ece1ea704df85c17f,tcc-microservices-experiment-auth-1,0.02,50834964,1073741824,4.73,3,45.2kB / 40.3kB,11.9MB / 28.4MB
21,2026-09-10T05:24:13.852192+00:00,43,2026-09-10T05:24:13.481251+00:00,false,microservices,gateway,e183f69f6062ccbeddc30c20ac4b4a2cd2ba6a976b5d09dca3a119d4927ce9bb,tcc-microservices-experiment-gateway-1,33.19,485385830,536870912,90.42,81,34MB / 38MB,34.5MB / 213kB
21,2026-09-10T05:24:13.852192+00:00,43,2026-09-10T05:24:13.481251+00:00,false,microservices,mysql,b3f2ccc77f6937cd12c031cc4d18b643eb7bd0f86b7d1e0015845bf56b716dd6,tcc-microservices-experiment-mysql-1,28.97,535298048,1073741824,49.85,40,15.3MB / 35.1MB,46.6MB / 120MB
21,2026-09-10T05:24:13.852192+00:00,43,2026-09-10T05:24:13.481251+00:00,false,microservices,order,c79fde09546e760c32fad0940f5771c780f8504cef6d6a4a5c579b487aebd275,tcc-microservices-experiment-order-1,0.02,74165780,1073741824,6.91,3,5.31MB / 4.14MB,3.76MB / 77.8kB
21,2026-09-10T05:24:13.852192+00:00,43,2026-09-10T05:24:13.481251+00:00,false,microservices,product,8c31b4ed1a1101f114ca75fed9e7048610c88661fd8808ad642cc62a941b95af,tcc-microservices-experiment-product-1,81.05,81883300,1073741824,7.63,3,38.1MB / 40.5MB,11.3MB / 81.9kB
22,2026-09-10T05:24:14.852199+00:00,45,2026-09-10T05:24:14.480311+00:00,false,microservices,auth,214c7454682bffdd0bc7a998c3d4e1f050d6787f7418690ece1ea704df85c17f,tcc-microservices-experiment-auth-1,0.02,50834964,1073741824,4.73,3,45.2kB / 40.3kB,11.9MB / 28.4MB
22,2026-09-10T05:24:14.852199+00:00,45,2026-09-10T05:24:14.480311+00:00,false,microservices,gateway,e183f69f6062ccbeddc30c20ac4b4a2cd2ba6a976b5d09dca3a119d4927ce9bb,tcc-microservices-experiment-gateway-1,33.42,484651827,536870912,90.28,81,34.8MB / 38.9MB,34.5MB / 213kB
22,2026-09-10T05:24:14.852199+00:00,45,2026-09-10T05:24:14.480311+00:00,false,microservices,mysql,b3f2ccc77f6937cd12c031cc4d18b643eb7bd0f86b7d1e0015845bf56b716dd6,tcc-microservices-experiment-mysql-1,25.62,534039757,1073741824,49.74,40,15.6MB / 35.7MB,46.6MB / 120MB
22,2026-09-10T05:24:14.852199+00:00,45,2026-09-10T05:24:14.480311+00:00,false,microservices,order,c79fde09546e760c32fad0940f5771c780f8504cef6d6a4a5c579b487aebd275,tcc-microservices-experiment-order-1,0.01,74165780,1073741824,6.91,3,5.31MB / 4.14MB,3.76MB / 77.8kB
22,2026-09-10T05:24:14.852199+00:00,45,2026-09-10T05:24:14.480311+00:00,false,microservices,product,8c31b4ed1a1101f114ca75fed9e7048610c88661fd8808ad642cc62a941b95af,tcc-microservices-experiment-product-1,80.32,81914757,1073741824,7.63,3,38.9MB / 41.4MB,11.3MB / 81.9kB
23,2026-09-10T05:24:15.852220+00:00,47,2026-09-10T05:24:15.480476+00:00,false,microservices,auth,214c7454682bffdd0bc7a998c3d4e1f050d6787f7418690ece1ea704df85c17f,tcc-microservices-experiment-auth-1,0.01,50834964,1073741824,4.73,3,45.2kB / 40.3kB,11.9MB / 28.4MB
23,2026-09-10T05:24:15.852220+00:00,47,2026-09-10T05:24:15.480476+00:00,false,microservices,gateway,e183f69f6062ccbeddc30c20ac4b4a2cd2ba6a976b5d09dca3a119d4927ce9bb,tcc-microservices-experiment-gateway-1,36.41,484966400,536870912,90.33,81,35.5MB / 39.7MB,34.5MB / 213kB
23,2026-09-10T05:24:15.852220+00:00,47,2026-09-10T05:24:15.480476+00:00,false,microservices,mysql,b3f2ccc77f6937cd12c031cc4d18b643eb7bd0f86b7d1e0015845bf56b716dd6,tcc-microservices-experiment-mysql-1,29.53,535507763,1073741824,49.87,40,15.8MB / 36.3MB,46.6MB / 120MB
23,2026-09-10T05:24:15.852220+00:00,47,2026-09-10T05:24:15.480476+00:00,false,microservices,order,c79fde09546e760c32fad0940f5771c780f8504cef6d6a4a5c579b487aebd275,tcc-microservices-experiment-order-1,0.02,74165780,1073741824,6.91,3,5.31MB / 4.14MB,3.76MB / 77.8kB
23,2026-09-10T05:24:15.852220+00:00,47,2026-09-10T05:24:15.480476+00:00,false,microservices,product,8c31b4ed1a1101f114ca75fed9e7048610c88661fd8808ad642cc62a941b95af,tcc-microservices-experiment-product-1,80.48,81988157,1073741824,7.64,3,39.7MB / 42.2MB,11.3MB / 81.9kB
24,2026-09-10T05:24:16.852213+00:00,49,2026-09-10T05:24:16.481446+00:00,false,microservices,auth,214c7454682bffdd0bc7a998c3d4e1f050d6787f7418690ece1ea704df85c17f,tcc-microservices-experiment-auth-1,0.02,50834964,1073741824,4.73,3,45.2kB / 40.3kB,11.9MB / 28.4MB
24,2026-09-10T05:24:16.852213+00:00,49,2026-09-10T05:24:16.481446+00:00,false,microservices,gateway,e183f69f6062ccbeddc30c20ac4b4a2cd2ba6a976b5d09dca3a119d4927ce9bb,tcc-microservices-experiment-gateway-1,41.54,485595546,536870912,90.45,81,36.3MB / 40.5MB,34.5MB / 213kB
24,2026-09-10T05:24:16.852213+00:00,49,2026-09-10T05:24:16.481446+00:00,false,microservices,mysql,b3f2ccc77f6937cd12c031cc4d18b643eb7bd0f86b7d1e0015845bf56b716dd6,tcc-microservices-experiment-mysql-1,24.18,534773760,1073741824,49.81,40,16MB / 37MB,46.6MB / 120MB
24,2026-09-10T05:24:16.852213+00:00,49,2026-09-10T05:24:16.481446+00:00,false,microservices,order,c79fde09546e760c32fad0940f5771c780f8504cef6d6a4a5c579b487aebd275,tcc-microservices-experiment-order-1,0.01,74165780,1073741824,6.91,3,5.31MB / 4.14MB,3.76MB / 77.8kB
24,2026-09-10T05:24:16.852213+00:00,49,2026-09-10T05:24:16.481446+00:00,false,microservices,product,8c31b4ed1a1101f114ca75fed9e7048610c88661fd8808ad642cc62a941b95af,tcc-microservices-experiment-product-1,82.11,81862328,1073741824,7.62,3,40.6MB / 43.1MB,11.3MB / 81.9kB
25,2026-09-10T05:24:17.852207+00:00,51,2026-09-10T05:24:17.480340+00:00,false,microservices,auth,214c7454682bffdd0bc7a998c3d4e1f050d6787f7418690ece1ea704df85c17f,tcc-microservices-experiment-auth-1,0.02,50834964,1073741824,4.73,3,45.2kB / 40.3kB,11.9MB / 28.4MB
25,2026-09-10T05:24:17.852207+00:00,51,2026-09-10T05:24:17.480340+00:00,false,microservices,gateway,e183f69f6062ccbeddc30c20ac4b4a2cd2ba6a976b5d09dca3a119d4927ce9bb,tcc-microservices-experiment-gateway-1,50.43,486119834,536870912,90.54,81,37MB / 41.4MB,34.5MB / 213kB
25,2026-09-10T05:24:17.852207+00:00,51,2026-09-10T05:24:17.480340+00:00,false,microservices,mysql,b3f2ccc77f6937cd12c031cc4d18b643eb7bd0f86b7d1e0015845bf56b716dd6,tcc-microservices-experiment-mysql-1,29.3,535088333,1073741824,49.84,40,16.3MB / 37.6MB,46.6MB / 120MB
25,2026-09-10T05:24:17.852207+00:00,51,2026-09-10T05:24:17.480340+00:00,false,microservices,order,c79fde09546e760c32fad0940f5771c780f8504cef6d6a4a5c579b487aebd275,tcc-microservices-experiment-order-1,0.02,74165780,1073741824,6.91,3,5.31MB / 4.14MB,3.76MB / 77.8kB
25,2026-09-10T05:24:17.852207+00:00,51,2026-09-10T05:24:17.480340+00:00,false,microservices,product,8c31b4ed1a1101f114ca75fed9e7048610c88661fd8808ad642cc62a941b95af,tcc-microservices-experiment-product-1,80.63,82093015,1073741824,7.65,3,41.4MB / 44MB,11.3MB / 81.9kB
26,2026-09-10T05:24:18.852212+00:00,53,2026-09-10T05:24:18.480356+00:00,false,microservices,auth,214c7454682bffdd0bc7a998c3d4e1f050d6787f7418690ece1ea704df85c17f,tcc-microservices-experiment-auth-1,0.02,50834964,1073741824,4.73,3,45.2kB / 40.3kB,11.9MB / 28.4MB
26,2026-09-10T05:24:18.852212+00:00,53,2026-09-10T05:24:18.480356+00:00,false,microservices,gateway,e183f69f6062ccbeddc30c20ac4b4a2cd2ba6a976b5d09dca3a119d4927ce9bb,tcc-microservices-experiment-gateway-1,58.07,485910118,536870912,90.5,81,37.8MB / 42.2MB,34.5MB / 213kB
26,2026-09-10T05:24:18.852212+00:00,53,2026-09-10T05:24:18.480356+00:00,false,microservices,mysql,b3f2ccc77f6937cd12c031cc4d18b643eb7bd0f86b7d1e0015845bf56b716dd6,tcc-microservices-experiment-mysql-1,25.21,534773760,1073741824,49.81,40,16.5MB / 38.3MB,46.6MB / 120MB
26,2026-09-10T05:24:18.852212+00:00,53,2026-09-10T05:24:18.480356+00:00,false,microservices,order,c79fde09546e760c32fad0940f5771c780f8504cef6d6a4a5c579b487aebd275,tcc-microservices-experiment-order-1,0.02,74165780,1073741824,6.91,3,5.31MB / 4.14MB,3.76MB / 77.8kB
26,2026-09-10T05:24:18.852212+00:00,53,2026-09-10T05:24:18.480356+00:00,false,microservices,product,8c31b4ed1a1101f114ca75fed9e7048610c88661fd8808ad642cc62a941b95af,tcc-microservices-experiment-product-1,80.43,82009129,1073741824,7.64,3,42.2MB / 44.9MB,11.3MB / 81.9kB
27,2026-09-10T05:24:19.852191+00:00,55,2026-09-10T05:24:19.480686+00:00,false,microservices,auth,214c7454682bffdd0bc7a998c3d4e1f050d6787f7418690ece1ea704df85c17f,tcc-microservices-experiment-auth-1,0.02,50834964,1073741824,4.73,3,45.2kB / 40.3kB,11.9MB / 28.4MB
27,2026-09-10T05:24:19.852191+00:00,55,2026-09-10T05:24:19.480686+00:00,false,microservices,gateway,e183f69f6062ccbeddc30c20ac4b4a2cd2ba6a976b5d09dca3a119d4927ce9bb,tcc-microservices-experiment-gateway-1,52.37,485280973,536870912,90.38,81,38.5MB / 43MB,34.5MB / 213kB
27,2026-09-10T05:24:19.852191+00:00,55,2026-09-10T05:24:19.480686+00:00,false,microservices,mysql,b3f2ccc77f6937cd12c031cc4d18b643eb7bd0f86b7d1e0015845bf56b716dd6,tcc-microservices-experiment-mysql-1,28.97,535507763,1073741824,49.87,40,16.8MB / 38.9MB,46.6MB / 120MB
27,2026-09-10T05:24:19.852191+00:00,55,2026-09-10T05:24:19.480686+00:00,false,microservices,order,c79fde09546e760c32fad0940f5771c780f8504cef6d6a4a5c579b487aebd275,tcc-microservices-experiment-order-1,0.02,74165780,1073741824,6.91,3,5.31MB / 4.14MB,3.76MB / 77.8kB
27,2026-09-10T05:24:19.852191+00:00,55,2026-09-10T05:24:19.480686+00:00,false,microservices,product,8c31b4ed1a1101f114ca75fed9e7048610c88661fd8808ad642cc62a941b95af,tcc-microservices-experiment-product-1,81.55,82082529,1073741824,7.64,3,43MB / 45.8MB,11.3MB / 81.9kB
28,2026-09-10T05:24:20.852208+00:00,57,2026-09-10T05:24:20.480238+00:00,false,microservices,auth,214c7454682bffdd0bc7a998c3d4e1f050d6787f7418690ece1ea704df85c17f,tcc-microservices-experiment-auth-1,0.02,50834964,1073741824,4.73,3,45.2kB / 40.3kB,11.9MB / 28.4MB
28,2026-09-10T05:24:20.852208+00:00,57,2026-09-10T05:24:20.480238+00:00,false,microservices,gateway,e183f69f6062ccbeddc30c20ac4b4a2cd2ba6a976b5d09dca3a119d4927ce9bb,tcc-microservices-experiment-gateway-1,41.53,485385830,536870912,90.4,81,39.2MB / 43.9MB,34.5MB / 213kB
28,2026-09-10T05:24:20.852208+00:00,57,2026-09-10T05:24:20.480238+00:00,false,microservices,mysql,b3f2ccc77f6937cd12c031cc4d18b643eb7bd0f86b7d1e0015845bf56b716dd6,tcc-microservices-experiment-mysql-1,25.48,534459187,1073741824,49.77,40,17MB / 39.5MB,46.6MB / 120MB
28,2026-09-10T05:24:20.852208+00:00,57,2026-09-10T05:24:20.480238+00:00,false,microservices,order,c79fde09546e760c32fad0940f5771c780f8504cef6d6a4a5c579b487aebd275,tcc-microservices-experiment-order-1,0.02,74165780,1073741824,6.91,3,5.31MB / 4.14MB,3.76MB / 77.8kB
28,2026-09-10T05:24:20.852208+00:00,57,2026-09-10T05:24:20.480238+00:00,false,microservices,product,8c31b4ed1a1101f114ca75fed9e7048610c88661fd8808ad642cc62a941b95af,tcc-microservices-experiment-product-1,80.69,82250301,1073741824,7.66,3,43.8MB / 46.6MB,11.3MB / 81.9kB
29,2026-09-10T05:24:21.852186+00:00,59,2026-09-10T05:24:21.480398+00:00,false,microservices,auth,214c7454682bffdd0bc7a998c3d4e1f050d6787f7418690ece1ea704df85c17f,tcc-microservices-experiment-auth-1,0.02,50834964,1073741824,4.73,3,45.2kB / 40.3kB,11.9MB / 28.4MB
29,2026-09-10T05:24:21.852186+00:00,59,2026-09-10T05:24:21.480398+00:00,false,microservices,gateway,e183f69f6062ccbeddc30c20ac4b4a2cd2ba6a976b5d09dca3a119d4927ce9bb,tcc-microservices-experiment-gateway-1,31.7,485700403,536870912,90.48,81,40MB / 44.7MB,34.5MB / 213kB
29,2026-09-10T05:24:21.852186+00:00,59,2026-09-10T05:24:21.480398+00:00,false,microservices,mysql,b3f2ccc77f6937cd12c031cc4d18b643eb7bd0f86b7d1e0015845bf56b716dd6,tcc-microservices-experiment-mysql-1,28.96,535088333,1073741824,49.83,40,17.2MB / 40.2MB,46.6MB / 120MB
29,2026-09-10T05:24:21.852186+00:00,59,2026-09-10T05:24:21.480398+00:00,false,microservices,order,c79fde09546e760c32fad0940f5771c780f8504cef6d6a4a5c579b487aebd275,tcc-microservices-experiment-order-1,0.02,74165780,1073741824,6.91,3,5.31MB / 4.14MB,3.76MB / 77.8kB
29,2026-09-10T05:24:21.852186+00:00,59,2026-09-10T05:24:21.480398+00:00,false,microservices,product,8c31b4ed1a1101f114ca75fed9e7048610c88661fd8808ad642cc62a941b95af,tcc-microservices-experiment-product-1,81.65,81977672,1073741824,7.63,3,44.7MB / 47.5MB,11.3MB / 81.9kB
30,2026-09-10T05:24:22.852203+00:00,61,2026-09-10T05:24:22.480549+00:00,false,microservices,auth,214c7454682bffdd0bc7a998c3d4e1f050d6787f7418690ece1ea704df85c17f,tcc-microservices-experiment-auth-1,0.02,50834964,1073741824,4.73,3,45.2kB / 40.3kB,11.9MB / 28.4MB
30,2026-09-10T05:24:22.852203+00:00,61,2026-09-10T05:24:22.480549+00:00,false,microservices,gateway,e183f69f6062ccbeddc30c20ac4b4a2cd2ba6a976b5d09dca3a119d4927ce9bb,tcc-microservices-experiment-gateway-1,34.35,485805261,536870912,90.5,81,40.8MB / 45.5MB,34.5MB / 213kB
30,2026-09-10T05:24:22.852203+00:00,61,2026-09-10T05:24:22.480549+00:00,false,microservices,mysql,b3f2ccc77f6937cd12c031cc4d18b643eb7bd0f86b7d1e0015845bf56b716dd6,tcc-microservices-experiment-mysql-1,24.37,534249472,1073741824,49.75,40,17.5MB / 40.9MB,46.6MB / 120MB
30,2026-09-10T05:24:22.852203+00:00,61,2026-09-10T05:24:22.480549+00:00,false,microservices,order,c79fde09546e760c32fad0940f5771c780f8504cef6d6a4a5c579b487aebd275,tcc-microservices-experiment-order-1,0.02,74165780,1073741824,6.91,3,5.31MB / 4.14MB,3.76MB / 77.8kB
30,2026-09-10T05:24:22.852203+00:00,61,2026-09-10T05:24:22.480549+00:00,false,microservices,product,8c31b4ed1a1101f114ca75fed9e7048610c88661fd8808ad642cc62a941b95af,tcc-microservices-experiment-product-1,81.57,82218844,1073741824,7.66,3,45.5MB / 48.4MB,11.3MB / 81.9kB
31,2026-09-10T05:24:23.852195+00:00,63,2026-09-10T05:24:23.480457+00:00,false,microservices,auth,214c7454682bffdd0bc7a998c3d4e1f050d6787f7418690ece1ea704df85c17f,tcc-microservices-experiment-auth-1,0.03,50834964,1073741824,4.73,3,45.2kB / 40.3kB,11.9MB / 28.4MB
31,2026-09-10T05:24:23.852195+00:00,63,2026-09-10T05:24:23.480457+00:00,false,microservices,gateway,e183f69f6062ccbeddc30c20ac4b4a2cd2ba6a976b5d09dca3a119d4927ce9bb,tcc-microservices-experiment-gateway-1,33.18,485805261,536870912,90.49,81,41.5MB / 46.4MB,34.5MB / 213kB
31,2026-09-10T05:24:23.852195+00:00,63,2026-09-10T05:24:23.480457+00:00,false,microservices,mysql,b3f2ccc77f6937cd12c031cc4d18b643eb7bd0f86b7d1e0015845bf56b716dd6,tcc-microservices-experiment-mysql-1,27.44,539702067,1073741824,50.26,46,17.7MB / 41.5MB,46.6MB / 120MB
31,2026-09-10T05:24:23.852195+00:00,63,2026-09-10T05:24:23.480457+00:00,false,microservices,order,c79fde09546e760c32fad0940f5771c780f8504cef6d6a4a5c579b487aebd275,tcc-microservices-experiment-order-1,0.01,74165780,1073741824,6.91,3,5.31MB / 4.14MB,3.76MB / 77.8kB
31,2026-09-10T05:24:23.852195+00:00,63,2026-09-10T05:24:23.480457+00:00,false,microservices,product,8c31b4ed1a1101f114ca75fed9e7048610c88661fd8808ad642cc62a941b95af,tcc-microservices-experiment-product-1,79.58,81851843,1073741824,7.62,3,46.4MB / 49.3MB,11.3MB / 81.9kB
32,2026-09-10T05:24:24.852190+00:00,65,2026-09-10T05:24:24.480291+00:00,false,microservices,auth,214c7454682bffdd0bc7a998c3d4e1f050d6787f7418690ece1ea704df85c17f,tcc-microservices-experiment-auth-1,0.02,50834964,1073741824,4.73,3,45.2kB / 40.3kB,11.9MB / 28.4MB
32,2026-09-10T05:24:24.852190+00:00,65,2026-09-10T05:24:24.480291+00:00,false,microservices,gateway,e183f69f6062ccbeddc30c20ac4b4a2cd2ba6a976b5d09dca3a119d4927ce9bb,tcc-microservices-experiment-gateway-1,33.7,485280973,536870912,90.4,81,42.2MB / 47.2MB,34.5MB / 213kB
32,2026-09-10T05:24:24.852190+00:00,65,2026-09-10T05:24:24.480291+00:00,false,microservices,mysql,b3f2ccc77f6937cd12c031cc4d18b643eb7bd0f86b7d1e0015845bf56b716dd6,tcc-microservices-experiment-mysql-1,26.75,534249472,1073741824,49.76,40,18MB / 42.1MB,46.6MB / 120MB
32,2026-09-10T05:24:24.852190+00:00,65,2026-09-10T05:24:24.480291+00:00,false,microservices,order,c79fde09546e760c32fad0940f5771c780f8504cef6d6a4a5c579b487aebd275,tcc-microservices-experiment-order-1,0.02,74165780,1073741824,6.91,3,5.31MB / 4.14MB,3.76MB / 77.8kB
32,2026-09-10T05:24:24.852190+00:00,65,2026-09-10T05:24:24.480291+00:00,false,microservices,product,8c31b4ed1a1101f114ca75fed9e7048610c88661fd8808ad642cc62a941b95af,tcc-microservices-experiment-product-1,83.18,82040586,1073741824,7.64,3,47.2MB / 50.2MB,11.3MB / 81.9kB
33,2026-09-10T05:24:25.852184+00:00,67,2026-09-10T05:24:25.480772+00:00,false,microservices,auth,214c7454682bffdd0bc7a998c3d4e1f050d6787f7418690ece1ea704df85c17f,tcc-microservices-experiment-auth-1,0.03,50834964,1073741824,4.73,3,45.2kB / 40.3kB,11.9MB / 28.4MB
33,2026-09-10T05:24:25.852184+00:00,67,2026-09-10T05:24:25.480772+00:00,false,microservices,gateway,e183f69f6062ccbeddc30c20ac4b4a2cd2ba6a976b5d09dca3a119d4927ce9bb,tcc-microservices-experiment-gateway-1,50.22,485910118,536870912,90.5,81,43MB / 48MB,34.5MB / 213kB
33,2026-09-10T05:24:25.852184+00:00,67,2026-09-10T05:24:25.480772+00:00,false,microservices,mysql,b3f2ccc77f6937cd12c031cc4d18b643eb7bd0f86b7d1e0015845bf56b716dd6,tcc-microservices-experiment-mysql-1,24.77,534564045,1073741824,49.78,40,18.2MB / 42.8MB,46.6MB / 120MB
33,2026-09-10T05:24:25.852184+00:00,67,2026-09-10T05:24:25.480772+00:00,false,microservices,order,c79fde09546e760c32fad0940f5771c780f8504cef6d6a4a5c579b487aebd275,tcc-microservices-experiment-order-1,0.02,74165780,1073741824,6.91,3,5.31MB / 4.14MB,3.76MB / 77.8kB
33,2026-09-10T05:24:25.852184+00:00,67,2026-09-10T05:24:25.480772+00:00,false,microservices,product,8c31b4ed1a1101f114ca75fed9e7048610c88661fd8808ad642cc62a941b95af,tcc-microservices-experiment-product-1,81.47,83267420,1073741824,7.75,3,48MB / 51MB,11.3MB / 81.9kB
34,2026-09-10T05:24:26.852211+00:00,69,2026-09-10T05:24:26.480499+00:00,false,microservices,auth,214c7454682bffdd0bc7a998c3d4e1f050d6787f7418690ece1ea704df85c17f,tcc-microservices-experiment-auth-1,0.02,50834964,1073741824,4.73,3,45.2kB / 40.3kB,11.9MB / 28.4MB
34,2026-09-10T05:24:26.852211+00:00,69,2026-09-10T05:24:26.480499+00:00,false,microservices,gateway,e183f69f6062ccbeddc30c20ac4b4a2cd2ba6a976b5d09dca3a119d4927ce9bb,tcc-microservices-experiment-gateway-1,51.18,485910118,536870912,90.5,81,43.7MB / 48.8MB,34.5MB / 213kB
34,2026-09-10T05:24:26.852211+00:00,69,2026-09-10T05:24:26.480499+00:00,false,microservices,mysql,b3f2ccc77f6937cd12c031cc4d18b643eb7bd0f86b7d1e0015845bf56b716dd6,tcc-microservices-experiment-mysql-1,29.0,534878618,1073741824,49.82,40,18.4MB / 43.4MB,46.6MB / 120MB
34,2026-09-10T05:24:26.852211+00:00,69,2026-09-10T05:24:26.480499+00:00,false,microservices,order,c79fde09546e760c32fad0940f5771c780f8504cef6d6a4a5c579b487aebd275,tcc-microservices-experiment-order-1,0.02,74165780,1073741824,6.91,3,5.31MB / 4.14MB,3.76MB / 77.8kB
34,2026-09-10T05:24:26.852211+00:00,69,2026-09-10T05:24:26.480499+00:00,false,microservices,product,8c31b4ed1a1101f114ca75fed9e7048610c88661fd8808ad642cc62a941b95af,tcc-microservices-experiment-product-1,81.14,82795561,1073741824,7.71,3,48.8MB / 51.9MB,11.3MB / 81.9kB
35,2026-09-10T05:24:27.852225+00:00,71,2026-09-10T05:24:27.480463+00:00,false,microservices,auth,214c7454682bffdd0bc7a998c3d4e1f050d6787f7418690ece1ea704df85c17f,tcc-microservices-experiment-auth-1,0.02,50834964,1073741824,4.73,3,45.2kB / 40.3kB,11.9MB / 28.4MB
35,2026-09-10T05:24:27.852225+00:00,71,2026-09-10T05:24:27.480463+00:00,false,microservices,gateway,e183f69f6062ccbeddc30c20ac4b4a2cd2ba6a976b5d09dca3a119d4927ce9bb,tcc-microservices-experiment-gateway-1,32.5,486014976,536870912,90.52,81,44.4MB / 49.7MB,34.5MB / 213kB
35,2026-09-10T05:24:27.852225+00:00,71,2026-09-10T05:24:27.480463+00:00,false,microservices,mysql,b3f2ccc77f6937cd12c031cc4d18b643eb7bd0f86b7d1e0015845bf56b716dd6,tcc-microservices-experiment-mysql-1,24.71,535298048,1073741824,49.85,40,18.7MB / 44MB,46.6MB / 120MB
35,2026-09-10T05:24:27.852225+00:00,71,2026-09-10T05:24:27.480463+00:00,false,microservices,order,c79fde09546e760c32fad0940f5771c780f8504cef6d6a4a5c579b487aebd275,tcc-microservices-experiment-order-1,0.02,74165780,1073741824,6.91,3,5.31MB / 4.14MB,3.76MB / 77.8kB
35,2026-09-10T05:24:27.852225+00:00,71,2026-09-10T05:24:27.480463+00:00,false,microservices,product,8c31b4ed1a1101f114ca75fed9e7048610c88661fd8808ad642cc62a941b95af,tcc-microservices-experiment-product-1,81.23,83235963,1073741824,7.75,3,49.6MB / 52.8MB,11.3MB / 81.9kB
36,2026-09-10T05:24:28.852218+00:00,73,2026-09-10T05:24:28.480364+00:00,false,microservices,auth,214c7454682bffdd0bc7a998c3d4e1f050d6787f7418690ece1ea704df85c17f,tcc-microservices-experiment-auth-1,0.02,50834964,1073741824,4.73,3,45.2kB / 40.3kB,11.9MB / 28.4MB
36,2026-09-10T05:24:28.852218+00:00,73,2026-09-10T05:24:28.480364+00:00,false,microservices,gateway,e183f69f6062ccbeddc30c20ac4b4a2cd2ba6a976b5d09dca3a119d4927ce9bb,tcc-microservices-experiment-gateway-1,32.02,485280973,536870912,90.4,81,45.2MB / 50.5MB,34.5MB / 229kB
36,2026-09-10T05:24:28.852218+00:00,73,2026-09-10T05:24:28.480364+00:00,false,microservices,mysql,b3f2ccc77f6937cd12c031cc4d18b643eb7bd0f86b7d1e0015845bf56b716dd6,tcc-microservices-experiment-mysql-1,28.62,534773760,1073741824,49.81,40,18.9MB / 44.7MB,46.6MB / 120MB
36,2026-09-10T05:24:28.852218+00:00,73,2026-09-10T05:24:28.480364+00:00,false,microservices,order,c79fde09546e760c32fad0940f5771c780f8504cef6d6a4a5c579b487aebd275,tcc-microservices-experiment-order-1,0.02,74165780,1073741824,6.91,3,5.31MB / 4.14MB,3.76MB / 77.8kB
36,2026-09-10T05:24:28.852218+00:00,73,2026-09-10T05:24:28.480364+00:00,false,microservices,product,8c31b4ed1a1101f114ca75fed9e7048610c88661fd8808ad642cc62a941b95af,tcc-microservices-experiment-product-1,83.4,83152077,1073741824,7.74,3,50.4MB / 53.7MB,11.3MB / 81.9kB
37,2026-09-10T05:24:29.852217+00:00,75,2026-09-10T05:24:29.481021+00:00,false,microservices,auth,214c7454682bffdd0bc7a998c3d4e1f050d6787f7418690ece1ea704df85c17f,tcc-microservices-experiment-auth-1,0.02,50834964,1073741824,4.73,3,45.2kB / 40.3kB,11.9MB / 28.4MB
37,2026-09-10T05:24:29.852217+00:00,75,2026-09-10T05:24:29.481021+00:00,false,microservices,gateway,e183f69f6062ccbeddc30c20ac4b4a2cd2ba6a976b5d09dca3a119d4927ce9bb,tcc-microservices-experiment-gateway-1,32.02,485700403,536870912,90.47,81,45.9MB / 51.3MB,34.5MB / 229kB
37,2026-09-10T05:24:29.852217+00:00,75,2026-09-10T05:24:29.481021+00:00,false,microservices,mysql,b3f2ccc77f6937cd12c031cc4d18b643eb7bd0f86b7d1e0015845bf56b716dd6,tcc-microservices-experiment-mysql-1,24.83,535193190,1073741824,49.84,40,19.1MB / 45.3MB,46.6MB / 120MB
37,2026-09-10T05:24:29.852217+00:00,75,2026-09-10T05:24:29.481021+00:00,false,microservices,order,c79fde09546e760c32fad0940f5771c780f8504cef6d6a4a5c579b487aebd275,tcc-microservices-experiment-order-1,0.02,74165780,1073741824,6.91,3,5.31MB / 4.14MB,3.76MB / 77.8kB
37,2026-09-10T05:24:29.852217+00:00,75,2026-09-10T05:24:29.481021+00:00,false,microservices,product,8c31b4ed1a1101f114ca75fed9e7048610c88661fd8808ad642cc62a941b95af,tcc-microservices-experiment-product-1,81.47,83120620,1073741824,7.74,3,51.3MB / 54.6MB,11.3MB / 81.9kB
38,2026-09-10T05:24:30.852207+00:00,77,2026-09-10T05:24:30.480282+00:00,false,microservices,auth,214c7454682bffdd0bc7a998c3d4e1f050d6787f7418690ece1ea704df85c17f,tcc-microservices-experiment-auth-1,0.02,50834964,1073741824,4.73,3,45.2kB / 40.3kB,11.9MB / 28.4MB
38,2026-09-10T05:24:30.852207+00:00,77,2026-09-10T05:24:30.480282+00:00,false,microservices,gateway,e183f69f6062ccbeddc30c20ac4b4a2cd2ba6a976b5d09dca3a119d4927ce9bb,tcc-microservices-experiment-gateway-1,32.98,486224691,536870912,90.56,81,46.7MB / 52.2MB,34.5MB / 229kB
38,2026-09-10T05:24:30.852207+00:00,77,2026-09-10T05:24:30.480282+00:00,false,microservices,mysql,b3f2ccc77f6937cd12c031cc4d18b643eb7bd0f86b7d1e0015845bf56b716dd6,tcc-microservices-experiment-mysql-1,29.34,534459187,1073741824,49.78,40,19.4MB / 46MB,46.6MB / 120MB
38,2026-09-10T05:24:30.852207+00:00,77,2026-09-10T05:24:30.480282+00:00,false,microservices,order,c79fde09546e760c32fad0940f5771c780f8504cef6d6a4a5c579b487aebd275,tcc-microservices-experiment-order-1,0.02,74165780,1073741824,6.91,3,5.31MB / 4.14MB,3.76MB / 77.8kB
38,2026-09-10T05:24:30.852207+00:00,77,2026-09-10T05:24:30.480282+00:00,false,microservices,product,8c31b4ed1a1101f114ca75fed9e7048610c88661fd8808ad642cc62a941b95af,tcc-microservices-experiment-product-1,82.25,83183534,1073741824,7.75,3,52.1MB / 55.4MB,11.3MB / 81.9kB
39,2026-09-10T05:24:31.852219+00:00,79,2026-09-10T05:24:31.480282+00:00,false,microservices,auth,214c7454682bffdd0bc7a998c3d4e1f050d6787f7418690ece1ea704df85c17f,tcc-microservices-experiment-auth-1,0.02,50834964,1073741824,4.73,3,45.2kB / 40.3kB,11.9MB / 28.4MB
39,2026-09-10T05:24:31.852219+00:00,79,2026-09-10T05:24:31.480282+00:00,false,microservices,gateway,e183f69f6062ccbeddc30c20ac4b4a2cd2ba6a976b5d09dca3a119d4927ce9bb,tcc-microservices-experiment-gateway-1,30.04,485280973,536870912,90.4,81,47.4MB / 53MB,34.5MB / 229kB
39,2026-09-10T05:24:31.852219+00:00,79,2026-09-10T05:24:31.480282+00:00,false,microservices,mysql,b3f2ccc77f6937cd12c031cc4d18b643eb7bd0f86b7d1e0015845bf56b716dd6,tcc-microservices-experiment-mysql-1,25.87,535298048,1073741824,49.85,40,19.6MB / 46.6MB,46.6MB / 120MB
39,2026-09-10T05:24:31.852219+00:00,79,2026-09-10T05:24:31.480282+00:00,false,microservices,order,c79fde09546e760c32fad0940f5771c780f8504cef6d6a4a5c579b487aebd275,tcc-microservices-experiment-order-1,0.02,74165780,1073741824,6.91,3,5.31MB / 4.14MB,3.76MB / 77.8kB
39,2026-09-10T05:24:31.852219+00:00,79,2026-09-10T05:24:31.480282+00:00,false,microservices,product,8c31b4ed1a1101f114ca75fed9e7048610c88661fd8808ad642cc62a941b95af,tcc-microservices-experiment-product-1,80.32,82984305,1073741824,7.73,3,52.9MB / 56.3MB,11.3MB / 81.9kB
40,2026-09-10T05:24:32.852192+00:00,81,2026-09-10T05:24:32.480417+00:00,false,microservices,auth,214c7454682bffdd0bc7a998c3d4e1f050d6787f7418690ece1ea704df85c17f,tcc-microservices-experiment-auth-1,0.02,50834964,1073741824,4.73,3,45.2kB / 40.3kB,11.9MB / 28.4MB
40,2026-09-10T05:24:32.852192+00:00,81,2026-09-10T05:24:32.480417+00:00,false,microservices,gateway,e183f69f6062ccbeddc30c20ac4b4a2cd2ba6a976b5d09dca3a119d4927ce9bb,tcc-microservices-experiment-gateway-1,30.81,485910118,536870912,90.5,81,48.2MB / 53.8MB,34.5MB / 229kB
40,2026-09-10T05:24:32.852192+00:00,81,2026-09-10T05:24:32.480417+00:00,false,microservices,mysql,b3f2ccc77f6937cd12c031cc4d18b643eb7bd0f86b7d1e0015845bf56b716dd6,tcc-microservices-experiment-mysql-1,28.65,534564045,1073741824,49.79,40,19.9MB / 47.2MB,46.6MB / 120MB
40,2026-09-10T05:24:32.852192+00:00,81,2026-09-10T05:24:32.480417+00:00,false,microservices,order,c79fde09546e760c32fad0940f5771c780f8504cef6d6a4a5c579b487aebd275,tcc-microservices-experiment-order-1,0.02,74165780,1073741824,6.91,3,5.31MB / 4.14MB,3.76MB / 77.8kB
40,2026-09-10T05:24:32.852192+00:00,81,2026-09-10T05:24:32.480417+00:00,false,microservices,product,8c31b4ed1a1101f114ca75fed9e7048610c88661fd8808ad642cc62a941b95af,tcc-microservices-experiment-product-1,81.38,83697336,1073741824,7.79,3,53.7MB / 57.2MB,11.3MB / 81.9kB
41,2026-09-10T05:24:33.852191+00:00,83,2026-09-10T05:24:33.480397+00:00,false,microservices,auth,214c7454682bffdd0bc7a998c3d4e1f050d6787f7418690ece1ea704df85c17f,tcc-microservices-experiment-auth-1,0.02,50834964,1073741824,4.73,3,45.2kB / 40.3kB,11.9MB / 28.4MB
41,2026-09-10T05:24:33.852191+00:00,83,2026-09-10T05:24:33.480397+00:00,false,microservices,gateway,e183f69f6062ccbeddc30c20ac4b4a2cd2ba6a976b5d09dca3a119d4927ce9bb,tcc-microservices-experiment-gateway-1,46.75,486014976,536870912,90.53,81,48.9MB / 54.7MB,34.5MB / 229kB
41,2026-09-10T05:24:33.852191+00:00,83,2026-09-10T05:24:33.480397+00:00,false,microservices,mysql,b3f2ccc77f6937cd12c031cc4d18b643eb7bd0f86b7d1e0015845bf56b716dd6,tcc-microservices-experiment-mysql-1,25.61,534459187,1073741824,49.78,40,20.1MB / 47.9MB,46.6MB / 120MB
41,2026-09-10T05:24:33.852191+00:00,83,2026-09-10T05:24:33.480397+00:00,false,microservices,order,c79fde09546e760c32fad0940f5771c780f8504cef6d6a4a5c579b487aebd275,tcc-microservices-experiment-order-1,0.02,74165780,1073741824,6.91,3,5.31MB / 4.14MB,3.76MB / 77.8kB
41,2026-09-10T05:24:33.852191+00:00,83,2026-09-10T05:24:33.480397+00:00,false,microservices,product,8c31b4ed1a1101f114ca75fed9e7048610c88661fd8808ad642cc62a941b95af,tcc-microservices-experiment-product-1,80.47,83131105,1073741824,7.74,3,54.6MB / 58.1MB,11.3MB / 81.9kB
42,2026-09-10T05:24:34.852198+00:00,85,2026-09-10T05:24:34.480485+00:00,false,microservices,auth,214c7454682bffdd0bc7a998c3d4e1f050d6787f7418690ece1ea704df85c17f,tcc-microservices-experiment-auth-1,0.02,50834964,1073741824,4.73,3,45.2kB / 40.3kB,11.9MB / 28.4MB
42,2026-09-10T05:24:34.852198+00:00,85,2026-09-10T05:24:34.480485+00:00,false,microservices,gateway,e183f69f6062ccbeddc30c20ac4b4a2cd2ba6a976b5d09dca3a119d4927ce9bb,tcc-microservices-experiment-gateway-1,65.96,485910118,536870912,90.51,81,49.6MB / 55.5MB,34.5MB / 229kB
42,2026-09-10T05:24:34.852198+00:00,85,2026-09-10T05:24:34.480485+00:00,false,microservices,mysql,b3f2ccc77f6937cd12c031cc4d18b643eb7bd0f86b7d1e0015845bf56b716dd6,tcc-microservices-experiment-mysql-1,28.86,533934899,1073741824,49.73,40,20.3MB / 48.5MB,46.6MB / 120MB
42,2026-09-10T05:24:34.852198+00:00,85,2026-09-10T05:24:34.480485+00:00,false,microservices,order,c79fde09546e760c32fad0940f5771c780f8504cef6d6a4a5c579b487aebd275,tcc-microservices-experiment-order-1,0.02,74165780,1073741824,6.91,3,5.31MB / 4.14MB,3.76MB / 77.8kB
42,2026-09-10T05:24:34.852198+00:00,85,2026-09-10T05:24:34.480485+00:00,false,microservices,product,8c31b4ed1a1101f114ca75fed9e7048610c88661fd8808ad642cc62a941b95af,tcc-microservices-experiment-product-1,82.24,82921390,1073741824,7.72,3,55.3MB / 58.9MB,11.3MB / 81.9kB
43,2026-09-10T05:24:35.852206+00:00,87,2026-09-10T05:24:35.480286+00:00,false,microservices,auth,214c7454682bffdd0bc7a998c3d4e1f050d6787f7418690ece1ea704df85c17f,tcc-microservices-experiment-auth-1,0.02,50834964,1073741824,4.73,3,45.2kB / 40.3kB,11.9MB / 28.4MB
43,2026-09-10T05:24:35.852206+00:00,87,2026-09-10T05:24:35.480286+00:00,false,microservices,gateway,e183f69f6062ccbeddc30c20ac4b4a2cd2ba6a976b5d09dca3a119d4927ce9bb,tcc-microservices-experiment-gateway-1,52.57,486539264,536870912,90.63,81,50.4MB / 56.3MB,34.5MB / 229kB
43,2026-09-10T05:24:35.852206+00:00,87,2026-09-10T05:24:35.480286+00:00,false,microservices,mysql,b3f2ccc77f6937cd12c031cc4d18b643eb7bd0f86b7d1e0015845bf56b716dd6,tcc-microservices-experiment-mysql-1,23.8,534144614,1073741824,49.74,40,20.6MB / 49.2MB,46.6MB / 120MB
43,2026-09-10T05:24:35.852206+00:00,87,2026-09-10T05:24:35.480286+00:00,false,microservices,order,c79fde09546e760c32fad0940f5771c780f8504cef6d6a4a5c579b487aebd275,tcc-microservices-experiment-order-1,0.02,74165780,1073741824,6.91,3,5.31MB / 4.14MB,3.76MB / 77.8kB
43,2026-09-10T05:24:35.852206+00:00,87,2026-09-10T05:24:35.480286+00:00,false,microservices,product,8c31b4ed1a1101f114ca75fed9e7048610c88661fd8808ad642cc62a941b95af,tcc-microservices-experiment-product-1,82.88,83298877,1073741824,7.76,3,56.2MB / 59.8MB,11.3MB / 81.9kB
44,2026-09-10T05:24:36.852189+00:00,89,2026-09-10T05:24:36.481238+00:00,false,microservices,auth,214c7454682bffdd0bc7a998c3d4e1f050d6787f7418690ece1ea704df85c17f,tcc-microservices-experiment-auth-1,0.02,50834964,1073741824,4.73,3,45.2kB / 40.3kB,11.9MB / 28.4MB
44,2026-09-10T05:24:36.852189+00:00,89,2026-09-10T05:24:36.481238+00:00,false,microservices,gateway,e183f69f6062ccbeddc30c20ac4b4a2cd2ba6a976b5d09dca3a119d4927ce9bb,tcc-microservices-experiment-gateway-1,30.55,486644122,536870912,90.64,81,51.1MB / 57.1MB,34.5MB / 229kB
44,2026-09-10T05:24:36.852189+00:00,89,2026-09-10T05:24:36.481238+00:00,false,microservices,mysql,b3f2ccc77f6937cd12c031cc4d18b643eb7bd0f86b7d1e0015845bf56b716dd6,tcc-microservices-experiment-mysql-1,29.71,534983475,1073741824,49.83,40,20.8MB / 49.8MB,46.6MB / 120MB
44,2026-09-10T05:24:36.852189+00:00,89,2026-09-10T05:24:36.481238+00:00,false,microservices,order,c79fde09546e760c32fad0940f5771c780f8504cef6d6a4a5c579b487aebd275,tcc-microservices-experiment-order-1,0.02,74165780,1073741824,6.91,3,5.31MB / 4.14MB,3.76MB / 77.8kB
44,2026-09-10T05:24:36.852189+00:00,89,2026-09-10T05:24:36.481238+00:00,false,microservices,product,8c31b4ed1a1101f114ca75fed9e7048610c88661fd8808ad642cc62a941b95af,tcc-microservices-experiment-product-1,81.06,82785075,1073741824,7.71,3,57MB / 60.7MB,11.3MB / 81.9kB
45,2026-09-10T05:24:37.852202+00:00,91,2026-09-10T05:24:37.480571+00:00,false,microservices,auth,214c7454682bffdd0bc7a998c3d4e1f050d6787f7418690ece1ea704df85c17f,tcc-microservices-experiment-auth-1,0.02,50834964,1073741824,4.73,3,45.2kB / 40.3kB,11.9MB / 28.4MB
45,2026-09-10T05:24:37.852202+00:00,91,2026-09-10T05:24:37.480571+00:00,false,microservices,gateway,e183f69f6062ccbeddc30c20ac4b4a2cd2ba6a976b5d09dca3a119d4927ce9bb,tcc-microservices-experiment-gateway-1,32.35,486224691,536870912,90.57,81,51.9MB / 58MB,34.5MB / 229kB
45,2026-09-10T05:24:37.852202+00:00,91,2026-09-10T05:24:37.480571+00:00,false,microservices,mysql,b3f2ccc77f6937cd12c031cc4d18b643eb7bd0f86b7d1e0015845bf56b716dd6,tcc-microservices-experiment-mysql-1,23.73,534983475,1073741824,49.82,40,21MB / 50.4MB,46.6MB / 120MB
45,2026-09-10T05:24:37.852202+00:00,91,2026-09-10T05:24:37.480571+00:00,false,microservices,order,c79fde09546e760c32fad0940f5771c780f8504cef6d6a4a5c579b487aebd275,tcc-microservices-experiment-order-1,0.02,74165780,1073741824,6.91,3,5.31MB / 4.14MB,3.76MB / 77.8kB
45,2026-09-10T05:24:37.852202+00:00,91,2026-09-10T05:24:37.480571+00:00,false,microservices,product,8c31b4ed1a1101f114ca75fed9e7048610c88661fd8808ad642cc62a941b95af,tcc-microservices-experiment-product-1,82.77,82816532,1073741824,7.71,3,57.8MB / 61.6MB,11.3MB / 81.9kB
46,2026-09-10T05:24:38.852214+00:00,93,2026-09-10T05:24:38.480212+00:00,false,microservices,auth,214c7454682bffdd0bc7a998c3d4e1f050d6787f7418690ece1ea704df85c17f,tcc-microservices-experiment-auth-1,0.02,50834964,1073741824,4.73,3,45.2kB / 40.3kB,11.9MB / 28.4MB
46,2026-09-10T05:24:38.852214+00:00,93,2026-09-10T05:24:38.480212+00:00,false,microservices,gateway,e183f69f6062ccbeddc30c20ac4b4a2cd2ba6a976b5d09dca3a119d4927ce9bb,tcc-microservices-experiment-gateway-1,31.68,486644122,536870912,90.65,81,52.6MB / 58.8MB,34.5MB / 229kB
46,2026-09-10T05:24:38.852214+00:00,93,2026-09-10T05:24:38.480212+00:00,false,microservices,mysql,b3f2ccc77f6937cd12c031cc4d18b643eb7bd0f86b7d1e0015845bf56b716dd6,tcc-microservices-experiment-mysql-1,28.15,534249472,1073741824,49.76,40,21.3MB / 51.1MB,46.6MB / 120MB
46,2026-09-10T05:24:38.852214+00:00,93,2026-09-10T05:24:38.480212+00:00,false,microservices,order,c79fde09546e760c32fad0940f5771c780f8504cef6d6a4a5c579b487aebd275,tcc-microservices-experiment-order-1,0.02,74165780,1073741824,6.91,3,5.31MB / 4.14MB,3.76MB / 77.8kB
46,2026-09-10T05:24:38.852214+00:00,93,2026-09-10T05:24:38.480212+00:00,false,microservices,product,8c31b4ed1a1101f114ca75fed9e7048610c88661fd8808ad642cc62a941b95af,tcc-microservices-experiment-product-1,81.97,83445678,1073741824,7.77,3,58.6MB / 62.4MB,11.3MB / 81.9kB
47,2026-09-10T05:24:39.852183+00:00,95,2026-09-10T05:24:39.480394+00:00,false,microservices,auth,214c7454682bffdd0bc7a998c3d4e1f050d6787f7418690ece1ea704df85c17f,tcc-microservices-experiment-auth-1,0.02,50834964,1073741824,4.73,3,45.2kB / 40.3kB,11.9MB / 28.4MB
47,2026-09-10T05:24:39.852183+00:00,95,2026-09-10T05:24:39.480394+00:00,false,microservices,gateway,e183f69f6062ccbeddc30c20ac4b4a2cd2ba6a976b5d09dca3a119d4927ce9bb,tcc-microservices-experiment-gateway-1,30.29,486014976,536870912,90.54,81,53.3MB / 59.6MB,34.5MB / 229kB
47,2026-09-10T05:24:39.852183+00:00,95,2026-09-10T05:24:39.480394+00:00,false,microservices,mysql,b3f2ccc77f6937cd12c031cc4d18b643eb7bd0f86b7d1e0015845bf56b716dd6,tcc-microservices-experiment-mysql-1,24.59,534144614,1073741824,49.75,40,21.5MB / 51.7MB,46.6MB / 120MB
47,2026-09-10T05:24:39.852183+00:00,95,2026-09-10T05:24:39.480394+00:00,false,microservices,order,c79fde09546e760c32fad0940f5771c780f8504cef6d6a4a5c579b487aebd275,tcc-microservices-experiment-order-1,0.02,74165780,1073741824,6.91,3,5.31MB / 4.14MB,3.76MB / 77.8kB
47,2026-09-10T05:24:39.852183+00:00,95,2026-09-10T05:24:39.480394+00:00,false,microservices,product,8c31b4ed1a1101f114ca75fed9e7048610c88661fd8808ad642cc62a941b95af,tcc-microservices-experiment-product-1,82.26,83078676,1073741824,7.74,3,59.5MB / 63.3MB,11.3MB / 81.9kB
48,2026-09-10T05:24:40.852201+00:00,97,2026-09-10T05:24:40.480150+00:00,false,microservices,auth,214c7454682bffdd0bc7a998c3d4e1f050d6787f7418690ece1ea704df85c17f,tcc-microservices-experiment-auth-1,0.02,50834964,1073741824,4.73,3,45.2kB / 40.3kB,11.9MB / 28.4MB
48,2026-09-10T05:24:40.852201+00:00,97,2026-09-10T05:24:40.480150+00:00,false,microservices,gateway,e183f69f6062ccbeddc30c20ac4b4a2cd2ba6a976b5d09dca3a119d4927ce9bb,tcc-microservices-experiment-gateway-1,29.84,486853837,536870912,90.68,81,54.1MB / 60.5MB,34.5MB / 229kB
48,2026-09-10T05:24:40.852201+00:00,97,2026-09-10T05:24:40.480150+00:00,false,microservices,mysql,b3f2ccc77f6937cd12c031cc4d18b643eb7bd0f86b7d1e0015845bf56b716dd6,tcc-microservices-experiment-mysql-1,29.65,534564045,1073741824,49.79,40,21.8MB / 52.4MB,46.6MB / 120MB
48,2026-09-10T05:24:40.852201+00:00,97,2026-09-10T05:24:40.480150+00:00,false,microservices,order,c79fde09546e760c32fad0940f5771c780f8504cef6d6a4a5c579b487aebd275,tcc-microservices-experiment-order-1,0.02,74165780,1073741824,6.91,3,5.31MB / 4.14MB,3.76MB / 77.8kB
48,2026-09-10T05:24:40.852201+00:00,97,2026-09-10T05:24:40.480150+00:00,false,microservices,product,8c31b4ed1a1101f114ca75fed9e7048610c88661fd8808ad642cc62a941b95af,tcc-microservices-experiment-product-1,80.77,82931876,1073741824,7.72,3,60.3MB / 64.2MB,11.3MB / 81.9kB
49,2026-09-10T05:24:41.852187+00:00,99,2026-09-10T05:24:41.480233+00:00,false,microservices,auth,214c7454682bffdd0bc7a998c3d4e1f050d6787f7418690ece1ea704df85c17f,tcc-microservices-experiment-auth-1,0.02,50834964,1073741824,4.73,3,45.2kB / 40.3kB,11.9MB / 28.4MB
49,2026-09-10T05:24:41.852187+00:00,99,2026-09-10T05:24:41.480233+00:00,false,microservices,gateway,e183f69f6062ccbeddc30c20ac4b4a2cd2ba6a976b5d09dca3a119d4927ce9bb,tcc-microservices-experiment-gateway-1,35.77,486958694,536870912,90.71,81,54.9MB / 61.3MB,34.5MB / 229kB
49,2026-09-10T05:24:41.852187+00:00,99,2026-09-10T05:24:41.480233+00:00,false,microservices,mysql,b3f2ccc77f6937cd12c031cc4d18b643eb7bd0f86b7d1e0015845bf56b716dd6,tcc-microservices-experiment-mysql-1,24.78,534564045,1073741824,49.79,40,22MB / 53MB,46.6MB / 120MB
49,2026-09-10T05:24:41.852187+00:00,99,2026-09-10T05:24:41.480233+00:00,false,microservices,order,c79fde09546e760c32fad0940f5771c780f8504cef6d6a4a5c579b487aebd275,tcc-microservices-experiment-order-1,0.02,74165780,1073741824,6.91,3,5.31MB / 4.14MB,3.76MB / 77.8kB
49,2026-09-10T05:24:41.852187+00:00,99,2026-09-10T05:24:41.480233+00:00,false,microservices,product,8c31b4ed1a1101f114ca75fed9e7048610c88661fd8808ad642cc62a941b95af,tcc-microservices-experiment-product-1,81.4,83225477,1073741824,7.75,3,61.1MB / 65.1MB,11.3MB / 81.9kB
50,2026-09-10T05:24:42.852208+00:00,101,2026-09-10T05:24:42.480951+00:00,false,microservices,auth,214c7454682bffdd0bc7a998c3d4e1f050d6787f7418690ece1ea704df85c17f,tcc-microservices-experiment-auth-1,0.02,50834964,1073741824,4.73,3,45.2kB / 40.3kB,11.9MB / 28.4MB
50,2026-09-10T05:24:42.852208+00:00,101,2026-09-10T05:24:42.480951+00:00,false,microservices,gateway,e183f69f6062ccbeddc30c20ac4b4a2cd2ba6a976b5d09dca3a119d4927ce9bb,tcc-microservices-experiment-gateway-1,63.57,486329549,536870912,90.59,81,55.6MB / 62.2MB,34.5MB / 229kB
50,2026-09-10T05:24:42.852208+00:00,101,2026-09-10T05:24:42.480951+00:00,false,microservices,mysql,b3f2ccc77f6937cd12c031cc4d18b643eb7bd0f86b7d1e0015845bf56b716dd6,tcc-microservices-experiment-mysql-1,28.87,534564045,1073741824,49.79,40,22.2MB / 53.7MB,46.6MB / 120MB
50,2026-09-10T05:24:42.852208+00:00,101,2026-09-10T05:24:42.480951+00:00,false,microservices,order,c79fde09546e760c32fad0940f5771c780f8504cef6d6a4a5c579b487aebd275,tcc-microservices-experiment-order-1,0.02,74165780,1073741824,6.91,3,5.31MB / 4.14MB,3.76MB / 77.8kB
50,2026-09-10T05:24:42.852208+00:00,101,2026-09-10T05:24:42.480951+00:00,false,microservices,product,8c31b4ed1a1101f114ca75fed9e7048610c88661fd8808ad642cc62a941b95af,tcc-microservices-experiment-product-1,81.75,83393249,1073741824,7.77,3,62MB / 66MB,11.3MB / 81.9kB
51,2026-09-10T05:24:43.852177+00:00,103,2026-09-10T05:24:43.480785+00:00,false,microservices,auth,214c7454682bffdd0bc7a998c3d4e1f050d6787f7418690ece1ea704df85c17f,tcc-microservices-experiment-auth-1,0.02,50834964,1073741824,4.73,3,45.3kB / 40.3kB,11.9MB / 28.4MB
51,2026-09-10T05:24:43.852177+00:00,103,2026-09-10T05:24:43.480785+00:00,false,microservices,gateway,e183f69f6062ccbeddc30c20ac4b4a2cd2ba6a976b5d09dca3a119d4927ce9bb,tcc-microservices-experiment-gateway-1,40.67,486119834,536870912,90.54,77,56.4MB / 63MB,34.5MB / 242kB
51,2026-09-10T05:24:43.852177+00:00,103,2026-09-10T05:24:43.480785+00:00,false,microservices,mysql,b3f2ccc77f6937cd12c031cc4d18b643eb7bd0f86b7d1e0015845bf56b716dd6,tcc-microservices-experiment-mysql-1,24.77,533725184,1073741824,49.71,40,22.5MB / 54.3MB,46.6MB / 120MB
51,2026-09-10T05:24:43.852177+00:00,103,2026-09-10T05:24:43.480785+00:00,false,microservices,order,c79fde09546e760c32fad0940f5771c780f8504cef6d6a4a5c579b487aebd275,tcc-microservices-experiment-order-1,0.02,74165780,1073741824,6.91,3,5.31MB / 4.14MB,3.76MB / 77.8kB
51,2026-09-10T05:24:43.852177+00:00,103,2026-09-10T05:24:43.480785+00:00,false,microservices,product,8c31b4ed1a1101f114ca75fed9e7048610c88661fd8808ad642cc62a941b95af,tcc-microservices-experiment-product-1,81.65,83424707,1073741824,7.77,3,62.8MB / 66.9MB,11.3MB / 81.9kB
52,2026-09-10T05:24:44.852227+00:00,105,2026-09-10T05:24:44.480927+00:00,false,microservices,auth,214c7454682bffdd0bc7a998c3d4e1f050d6787f7418690ece1ea704df85c17f,tcc-microservices-experiment-auth-1,0.02,50834964,1073741824,4.73,3,45.3kB / 40.3kB,11.9MB / 28.4MB
52,2026-09-10T05:24:44.852227+00:00,105,2026-09-10T05:24:44.480927+00:00,false,microservices,gateway,e183f69f6062ccbeddc30c20ac4b4a2cd2ba6a976b5d09dca3a119d4927ce9bb,tcc-microservices-experiment-gateway-1,30.7,486329549,536870912,90.58,77,57.1MB / 63.8MB,34.5MB / 242kB
52,2026-09-10T05:24:44.852227+00:00,105,2026-09-10T05:24:44.480927+00:00,false,microservices,mysql,b3f2ccc77f6937cd12c031cc4d18b643eb7bd0f86b7d1e0015845bf56b716dd6,tcc-microservices-experiment-mysql-1,29.55,534564045,1073741824,49.79,40,22.7MB / 55MB,46.6MB / 120MB
52,2026-09-10T05:24:44.852227+00:00,105,2026-09-10T05:24:44.480927+00:00,false,microservices,order,c79fde09546e760c32fad0940f5771c780f8504cef6d6a4a5c579b487aebd275,tcc-microservices-experiment-order-1,0.02,74165780,1073741824,6.91,3,5.31MB / 4.14MB,3.76MB / 77.8kB
52,2026-09-10T05:24:44.852227+00:00,105,2026-09-10T05:24:44.480927+00:00,false,microservices,product,8c31b4ed1a1101f114ca75fed9e7048610c88661fd8808ad642cc62a941b95af,tcc-microservices-experiment-product-1,82.37,82732646,1073741824,7.71,3,63.6MB / 67.8MB,11.3MB / 81.9kB
53,2026-09-10T05:24:45.852184+00:00,107,2026-09-10T05:24:45.480345+00:00,false,microservices,auth,214c7454682bffdd0bc7a998c3d4e1f050d6787f7418690ece1ea704df85c17f,tcc-microservices-experiment-auth-1,0.02,50834964,1073741824,4.73,3,45.4kB / 40.3kB,11.9MB / 28.4MB
53,2026-09-10T05:24:45.852184+00:00,107,2026-09-10T05:24:45.480345+00:00,false,microservices,gateway,e183f69f6062ccbeddc30c20ac4b4a2cd2ba6a976b5d09dca3a119d4927ce9bb,tcc-microservices-experiment-gateway-1,33.85,485595546,536870912,90.46,77,57.9MB / 64.7MB,34.5MB / 242kB
53,2026-09-10T05:24:45.852184+00:00,107,2026-09-10T05:24:45.480345+00:00,false,microservices,mysql,b3f2ccc77f6937cd12c031cc4d18b643eb7bd0f86b7d1e0015845bf56b716dd6,tcc-microservices-experiment-mysql-1,23.58,534249472,1073741824,49.76,40,23MB / 55.6MB,46.6MB / 120MB
53,2026-09-10T05:24:45.852184+00:00,107,2026-09-10T05:24:45.480345+00:00,false,microservices,order,c79fde09546e760c32fad0940f5771c780f8504cef6d6a4a5c579b487aebd275,tcc-microservices-experiment-order-1,0.02,74165780,1073741824,6.91,3,5.31MB / 4.14MB,3.76MB / 77.8kB
53,2026-09-10T05:24:45.852184+00:00,107,2026-09-10T05:24:45.480345+00:00,false,microservices,product,8c31b4ed1a1101f114ca75fed9e7048610c88661fd8808ad642cc62a941b95af,tcc-microservices-experiment-product-1,83.47,82627789,1073741824,7.7,3,64.5MB / 68.7MB,11.3MB / 81.9kB
54,2026-09-10T05:24:46.852194+00:00,109,2026-09-10T05:24:46.480144+00:00,false,microservices,auth,214c7454682bffdd0bc7a998c3d4e1f050d6787f7418690ece1ea704df85c17f,tcc-microservices-experiment-auth-1,0.02,50834964,1073741824,4.73,3,45.4kB / 40.3kB,11.9MB / 28.4MB
54,2026-09-10T05:24:46.852194+00:00,109,2026-09-10T05:24:46.480144+00:00,false,microservices,gateway,e183f69f6062ccbeddc30c20ac4b4a2cd2ba6a976b5d09dca3a119d4927ce9bb,tcc-microservices-experiment-gateway-1,29.22,486539264,536870912,90.63,77,58.6MB / 65.5MB,34.5MB / 242kB
54,2026-09-10T05:24:46.852194+00:00,109,2026-09-10T05:24:46.480144+00:00,false,microservices,mysql,b3f2ccc77f6937cd12c031cc4d18b643eb7bd0f86b7d1e0015845bf56b716dd6,tcc-microservices-experiment-mysql-1,27.93,534878618,1073741824,49.82,40,23.2MB / 56.3MB,46.6MB / 120MB
54,2026-09-10T05:24:46.852194+00:00,109,2026-09-10T05:24:46.480144+00:00,false,microservices,order,c79fde09546e760c32fad0940f5771c780f8504cef6d6a4a5c579b487aebd275,tcc-microservices-experiment-order-1,0.02,74165780,1073741824,6.91,3,5.31MB / 4.14MB,3.76MB / 77.8kB
54,2026-09-10T05:24:46.852194+00:00,109,2026-09-10T05:24:46.480144+00:00,false,microservices,product,8c31b4ed1a1101f114ca75fed9e7048610c88661fd8808ad642cc62a941b95af,tcc-microservices-experiment-product-1,82.3,82480988,1073741824,7.68,3,65.3MB / 69.6MB,11.3MB / 81.9kB
55,2026-09-10T05:24:47.852160+00:00,111,2026-09-10T05:24:47.481109+00:00,false,microservices,auth,214c7454682bffdd0bc7a998c3d4e1f050d6787f7418690ece1ea704df85c17f,tcc-microservices-experiment-auth-1,0.02,50834964,1073741824,4.73,3,45.4kB / 40.3kB,11.9MB / 28.4MB
55,2026-09-10T05:24:47.852160+00:00,111,2026-09-10T05:24:47.481109+00:00,false,microservices,gateway,e183f69f6062ccbeddc30c20ac4b4a2cd2ba6a976b5d09dca3a119d4927ce9bb,tcc-microservices-experiment-gateway-1,31.32,486853837,536870912,90.68,77,59.4MB / 66.4MB,34.5MB / 242kB
55,2026-09-10T05:24:47.852160+00:00,111,2026-09-10T05:24:47.481109+00:00,false,microservices,mysql,b3f2ccc77f6937cd12c031cc4d18b643eb7bd0f86b7d1e0015845bf56b716dd6,tcc-microservices-experiment-mysql-1,24.06,534354330,1073741824,49.77,40,23.4MB / 56.9MB,46.6MB / 120MB
55,2026-09-10T05:24:47.852160+00:00,111,2026-09-10T05:24:47.481109+00:00,false,microservices,order,c79fde09546e760c32fad0940f5771c780f8504cef6d6a4a5c579b487aebd275,tcc-microservices-experiment-order-1,0.02,74165780,1073741824,6.91,3,5.31MB / 4.14MB,3.76MB / 77.8kB
55,2026-09-10T05:24:47.852160+00:00,111,2026-09-10T05:24:47.481109+00:00,false,microservices,product,8c31b4ed1a1101f114ca75fed9e7048610c88661fd8808ad642cc62a941b95af,tcc-microservices-experiment-product-1,82.1,82743132,1073741824,7.71,3,66.2MB / 70.5MB,11.3MB / 81.9kB
56,2026-09-10T05:24:48.852189+00:00,113,2026-09-10T05:24:48.480780+00:00,false,microservices,auth,214c7454682bffdd0bc7a998c3d4e1f050d6787f7418690ece1ea704df85c17f,tcc-microservices-experiment-auth-1,0.02,50834964,1073741824,4.73,3,45.5kB / 40.3kB,11.9MB / 28.4MB
56,2026-09-10T05:24:48.852189+00:00,113,2026-09-10T05:24:48.480780+00:00,false,microservices,gateway,e183f69f6062ccbeddc30c20ac4b4a2cd2ba6a976b5d09dca3a119d4927ce9bb,tcc-microservices-experiment-gateway-1,29.96,485910118,536870912,90.52,77,60.2MB / 67.2MB,34.5MB / 242kB
56,2026-09-10T05:24:48.852189+00:00,113,2026-09-10T05:24:48.480780+00:00,false,microservices,mysql,b3f2ccc77f6937cd12c031cc4d18b643eb7bd0f86b7d1e0015845bf56b716dd6,tcc-microservices-experiment-mysql-1,28.56,534564045,1073741824,49.78,40,23.7MB / 57.6MB,46.6MB / 120MB
56,2026-09-10T05:24:48.852189+00:00,113,2026-09-10T05:24:48.480780+00:00,false,microservices,order,c79fde09546e760c32fad0940f5771c780f8504cef6d6a4a5c579b487aebd275,tcc-microservices-experiment-order-1,0.02,74165780,1073741824,6.91,3,5.31MB / 4.14MB,3.76MB / 77.8kB
56,2026-09-10T05:24:48.852189+00:00,113,2026-09-10T05:24:48.480780+00:00,false,microservices,product,8c31b4ed1a1101f114ca75fed9e7048610c88661fd8808ad642cc62a941b95af,tcc-microservices-experiment-product-1,82.14,82428559,1073741824,7.68,3,67MB / 71.4MB,11.3MB / 81.9kB
57,2026-09-10T05:24:49.852183+00:00,115,2026-09-10T05:24:49.480254+00:00,false,microservices,auth,214c7454682bffdd0bc7a998c3d4e1f050d6787f7418690ece1ea704df85c17f,tcc-microservices-experiment-auth-1,0.02,50834964,1073741824,4.73,3,45.5kB / 40.3kB,11.9MB / 28.4MB
57,2026-09-10T05:24:49.852183+00:00,115,2026-09-10T05:24:49.480254+00:00,false,microservices,gateway,e183f69f6062ccbeddc30c20ac4b4a2cd2ba6a976b5d09dca3a119d4927ce9bb,tcc-microservices-experiment-gateway-1,29.54,486119834,536870912,90.54,77,60.9MB / 68.1MB,34.5MB / 242kB
57,2026-09-10T05:24:49.852183+00:00,115,2026-09-10T05:24:49.480254+00:00,false,microservices,mysql,b3f2ccc77f6937cd12c031cc4d18b643eb7bd0f86b7d1e0015845bf56b716dd6,tcc-microservices-experiment-mysql-1,25.18,534459187,1073741824,49.77,40,23.9MB / 58.3MB,46.6MB / 120MB
57,2026-09-10T05:24:49.852183+00:00,115,2026-09-10T05:24:49.480254+00:00,false,microservices,order,c79fde09546e760c32fad0940f5771c780f8504cef6d6a4a5c579b487aebd275,tcc-microservices-experiment-order-1,0.02,74165780,1073741824,6.91,3,5.31MB / 4.14MB,3.76MB / 77.8kB
57,2026-09-10T05:24:49.852183+00:00,115,2026-09-10T05:24:49.480254+00:00,false,microservices,product,8c31b4ed1a1101f114ca75fed9e7048610c88661fd8808ad642cc62a941b95af,tcc-microservices-experiment-product-1,80.36,82418074,1073741824,7.68,3,67.9MB / 72.3MB,11.3MB / 81.9kB
58,2026-09-10T05:24:50.852188+00:00,117,2026-09-10T05:24:50.480169+00:00,false,microservices,auth,214c7454682bffdd0bc7a998c3d4e1f050d6787f7418690ece1ea704df85c17f,tcc-microservices-experiment-auth-1,0.02,50834964,1073741824,4.73,3,45.5kB / 40.3kB,11.9MB / 28.4MB
58,2026-09-10T05:24:50.852188+00:00,117,2026-09-10T05:24:50.480169+00:00,false,microservices,gateway,e183f69f6062ccbeddc30c20ac4b4a2cd2ba6a976b5d09dca3a119d4927ce9bb,tcc-microservices-experiment-gateway-1,29.54,486119834,536870912,90.54,77,60.9MB / 68.1MB,34.5MB / 242kB
58,2026-09-10T05:24:50.852188+00:00,117,2026-09-10T05:24:50.480169+00:00,false,microservices,mysql,b3f2ccc77f6937cd12c031cc4d18b643eb7bd0f86b7d1e0015845bf56b716dd6,tcc-microservices-experiment-mysql-1,25.18,534459187,1073741824,49.77,40,23.9MB / 58.3MB,46.6MB / 120MB
58,2026-09-10T05:24:50.852188+00:00,117,2026-09-10T05:24:50.480169+00:00,false,microservices,order,c79fde09546e760c32fad0940f5771c780f8504cef6d6a4a5c579b487aebd275,tcc-microservices-experiment-order-1,0.02,74165780,1073741824,6.91,3,5.31MB / 4.14MB,3.76MB / 77.8kB
58,2026-09-10T05:24:50.852188+00:00,117,2026-09-10T05:24:50.480169+00:00,false,microservices,product,8c31b4ed1a1101f114ca75fed9e7048610c88661fd8808ad642cc62a941b95af,tcc-microservices-experiment-product-1,80.36,82418074,1073741824,7.68,3,67.9MB / 72.3MB,11.3MB / 81.9kB
59,2026-09-10T05:24:51.852184+00:00,119,2026-09-10T05:24:51.480135+00:00,false,microservices,auth,214c7454682bffdd0bc7a998c3d4e1f050d6787f7418690ece1ea704df85c17f,tcc-microservices-experiment-auth-1,0.02,50834964,1073741824,4.73,3,45.5kB / 40.3kB,11.9MB / 28.4MB
59,2026-09-10T05:24:51.852184+00:00,119,2026-09-10T05:24:51.480135+00:00,false,microservices,gateway,e183f69f6062ccbeddc30c20ac4b4a2cd2ba6a976b5d09dca3a119d4927ce9bb,tcc-microservices-experiment-gateway-1,75.6,486853837,536870912,90.69,77,61.7MB / 68.9MB,34.5MB / 242kB
59,2026-09-10T05:24:51.852184+00:00,119,2026-09-10T05:24:51.480135+00:00,false,microservices,mysql,b3f2ccc77f6937cd12c031cc4d18b643eb7bd0f86b7d1e0015845bf56b716dd6,tcc-microservices-experiment-mysql-1,29.77,534668902,1073741824,49.8,40,24.2MB / 58.9MB,46.6MB / 120MB
59,2026-09-10T05:24:51.852184+00:00,119,2026-09-10T05:24:51.480135+00:00,false,microservices,order,c79fde09546e760c32fad0940f5771c780f8504cef6d6a4a5c579b487aebd275,tcc-microservices-experiment-order-1,0.02,74165780,1073741824,6.91,3,5.31MB / 4.14MB,3.76MB / 77.8kB
59,2026-09-10T05:24:51.852184+00:00,119,2026-09-10T05:24:51.480135+00:00,false,microservices,product,8c31b4ed1a1101f114ca75fed9e7048610c88661fd8808ad642cc62a941b95af,tcc-microservices-experiment-product-1,80.4,82931876,1073741824,7.72,3,68.7MB / 73.2MB,11.3MB / 81.9kB
60,2026-09-10T05:24:52.852212+00:00,121,2026-09-10T05:24:52.481464+00:00,false,microservices,auth,214c7454682bffdd0bc7a998c3d4e1f050d6787f7418690ece1ea704df85c17f,tcc-microservices-experiment-auth-1,0.02,50834964,1073741824,4.73,3,45.6kB / 40.3kB,11.9MB / 28.4MB
60,2026-09-10T05:24:52.852212+00:00,121,2026-09-10T05:24:52.481464+00:00,false,microservices,gateway,e183f69f6062ccbeddc30c20ac4b4a2cd2ba6a976b5d09dca3a119d4927ce9bb,tcc-microservices-experiment-gateway-1,28.07,487587840,536870912,90.82,77,62.4MB / 69.8MB,34.5MB / 242kB
60,2026-09-10T05:24:52.852212+00:00,121,2026-09-10T05:24:52.481464+00:00,false,microservices,mysql,b3f2ccc77f6937cd12c031cc4d18b643eb7bd0f86b7d1e0015845bf56b716dd6,tcc-microservices-experiment-mysql-1,25.16,534459187,1073741824,49.78,40,24.4MB / 59.5MB,46.6MB / 120MB
60,2026-09-10T05:24:52.852212+00:00,121,2026-09-10T05:24:52.481464+00:00,false,microservices,order,c79fde09546e760c32fad0940f5771c780f8504cef6d6a4a5c579b487aebd275,tcc-microservices-experiment-order-1,0.02,74165780,1073741824,6.91,3,5.31MB / 4.14MB,3.76MB / 77.8kB
60,2026-09-10T05:24:52.852212+00:00,121,2026-09-10T05:24:52.481464+00:00,false,microservices,product,8c31b4ed1a1101f114ca75fed9e7048610c88661fd8808ad642cc62a941b95af,tcc-microservices-experiment-product-1,80.86,82533417,1073741824,7.69,3,69.5MB / 74.1MB,11.3MB / 81.9kB
61,2026-09-10T05:24:53.852190+00:00,123,2026-09-10T05:24:53.481303+00:00,false,microservices,auth,214c7454682bffdd0bc7a998c3d4e1f050d6787f7418690ece1ea704df85c17f,tcc-microservices-experiment-auth-1,0.02,50834964,1073741824,4.73,3,45.6kB / 40.3kB,11.9MB / 28.4MB
61,2026-09-10T05:24:53.852190+00:00,123,2026-09-10T05:24:53.481303+00:00,false,microservices,gateway,e183f69f6062ccbeddc30c20ac4b4a2cd2ba6a976b5d09dca3a119d4927ce9bb,tcc-microservices-experiment-gateway-1,30.06,486644122,536870912,90.64,77,63.2MB / 70.6MB,34.5MB / 242kB
61,2026-09-10T05:24:53.852190+00:00,123,2026-09-10T05:24:53.481303+00:00,false,microservices,mysql,b3f2ccc77f6937cd12c031cc4d18b643eb7bd0f86b7d1e0015845bf56b716dd6,tcc-microservices-experiment-mysql-1,29.1,535088333,1073741824,49.84,40,24.7MB / 60.2MB,46.6MB / 120MB
61,2026-09-10T05:24:53.852190+00:00,123,2026-09-10T05:24:53.481303+00:00,false,microservices,order,c79fde09546e760c32fad0940f5771c780f8504cef6d6a4a5c579b487aebd275,tcc-microservices-experiment-order-1,0.02,74165780,1073741824,6.91,3,5.31MB / 4.14MB,3.76MB / 77.8kB
61,2026-09-10T05:24:53.852190+00:00,123,2026-09-10T05:24:53.481303+00:00,false,microservices,product,8c31b4ed1a1101f114ca75fed9e7048610c88661fd8808ad642cc62a941b95af,tcc-microservices-experiment-product-1,81.15,82575360,1073741824,7.69,3,70.3MB / 74.9MB,11.3MB / 81.9kB
62,2026-09-10T05:24:54.852191+00:00,125,2026-09-10T05:24:54.481333+00:00,false,microservices,auth,214c7454682bffdd0bc7a998c3d4e1f050d6787f7418690ece1ea704df85c17f,tcc-microservices-experiment-auth-1,0.02,50834964,1073741824,4.73,3,45.6kB / 40.3kB,11.9MB / 28.4MB
62,2026-09-10T05:24:54.852191+00:00,125,2026-09-10T05:24:54.481333+00:00,false,microservices,gateway,e183f69f6062ccbeddc30c20ac4b4a2cd2ba6a976b5d09dca3a119d4927ce9bb,tcc-microservices-experiment-gateway-1,28.66,486539264,536870912,90.62,77,63.9MB / 71.4MB,34.5MB / 242kB
62,2026-09-10T05:24:54.852191+00:00,125,2026-09-10T05:24:54.481333+00:00,false,microservices,mysql,b3f2ccc77f6937cd12c031cc4d18b643eb7bd0f86b7d1e0015845bf56b716dd6,tcc-microservices-experiment-mysql-1,24.1,534249472,1073741824,49.75,40,24.9MB / 60.8MB,46.6MB / 120MB
62,2026-09-10T05:24:54.852191+00:00,125,2026-09-10T05:24:54.481333+00:00,false,microservices,order,c79fde09546e760c32fad0940f5771c780f8504cef6d6a4a5c579b487aebd275,tcc-microservices-experiment-order-1,0.02,74165780,1073741824,6.91,3,5.31MB / 4.14MB,3.76MB / 77.8kB
62,2026-09-10T05:24:54.852191+00:00,125,2026-09-10T05:24:54.481333+00:00,false,microservices,product,8c31b4ed1a1101f114ca75fed9e7048610c88661fd8808ad642cc62a941b95af,tcc-microservices-experiment-product-1,81.88,83214991,1073741824,7.75,3,71.2MB / 75.8MB,11.3MB / 81.9kB
63,2026-09-10T05:24:55.852189+00:00,127,2026-09-10T05:24:55.481316+00:00,false,microservices,auth,214c7454682bffdd0bc7a998c3d4e1f050d6787f7418690ece1ea704df85c17f,tcc-microservices-experiment-auth-1,0.02,50834964,1073741824,4.73,3,45.6kB / 40.3kB,11.9MB / 28.4MB
63,2026-09-10T05:24:55.852189+00:00,127,2026-09-10T05:24:55.481316+00:00,false,microservices,gateway,e183f69f6062ccbeddc30c20ac4b4a2cd2ba6a976b5d09dca3a119d4927ce9bb,tcc-microservices-experiment-gateway-1,28.46,486748979,536870912,90.66,77,64.6MB / 72.3MB,34.5MB / 242kB
63,2026-09-10T05:24:55.852189+00:00,127,2026-09-10T05:24:55.481316+00:00,false,microservices,mysql,b3f2ccc77f6937cd12c031cc4d18b643eb7bd0f86b7d1e0015845bf56b716dd6,tcc-microservices-experiment-mysql-1,29.73,534354330,1073741824,49.77,40,25.1MB / 61.5MB,46.6MB / 120MB
63,2026-09-10T05:24:55.852189+00:00,127,2026-09-10T05:24:55.481316+00:00,false,microservices,order,c79fde09546e760c32fad0940f5771c780f8504cef6d6a4a5c579b487aebd275,tcc-microservices-experiment-order-1,0.02,74165780,1073741824,6.91,3,5.31MB / 4.14MB,3.76MB / 77.8kB
63,2026-09-10T05:24:55.852189+00:00,127,2026-09-10T05:24:55.481316+00:00,false,microservices,product,8c31b4ed1a1101f114ca75fed9e7048610c88661fd8808ad642cc62a941b95af,tcc-microservices-experiment-product-1,81.29,82942362,1073741824,7.72,3,72MB / 76.7MB,11.3MB / 81.9kB
64,2026-09-10T05:24:56.852218+00:00,129,2026-09-10T05:24:56.481201+00:00,false,microservices,auth,214c7454682bffdd0bc7a998c3d4e1f050d6787f7418690ece1ea704df85c17f,tcc-microservices-experiment-auth-1,0.02,50834964,1073741824,4.73,3,45.6kB / 40.3kB,11.9MB / 28.4MB
64,2026-09-10T05:24:56.852218+00:00,129,2026-09-10T05:24:56.481201+00:00,false,microservices,gateway,e183f69f6062ccbeddc30c20ac4b4a2cd2ba6a976b5d09dca3a119d4927ce9bb,tcc-microservices-experiment-gateway-1,32.75,486014976,536870912,90.53,77,65.4MB / 73.1MB,34.5MB / 242kB
64,2026-09-10T05:24:56.852218+00:00,129,2026-09-10T05:24:56.481201+00:00,false,microservices,mysql,b3f2ccc77f6937cd12c031cc4d18b643eb7bd0f86b7d1e0015845bf56b716dd6,tcc-microservices-experiment-mysql-1,25.92,534144614,1073741824,49.74,40,25.4MB / 62.1MB,46.6MB / 120MB
64,2026-09-10T05:24:56.852218+00:00,129,2026-09-10T05:24:56.481201+00:00,false,microservices,order,c79fde09546e760c32fad0940f5771c780f8504cef6d6a4a5c579b487aebd275,tcc-microservices-experiment-order-1,0.02,74165780,1073741824,6.91,3,5.31MB / 4.14MB,3.76MB / 77.8kB
64,2026-09-10T05:24:56.852218+00:00,129,2026-09-10T05:24:56.481201+00:00,false,microservices,product,8c31b4ed1a1101f114ca75fed9e7048610c88661fd8808ad642cc62a941b95af,tcc-microservices-experiment-product-1,80.15,83330335,1073741824,7.76,3,72.8MB / 77.6MB,11.3MB / 81.9kB
65,2026-09-10T05:24:57.852212+00:00,131,2026-09-10T05:24:57.480279+00:00,false,microservices,auth,214c7454682bffdd0bc7a998c3d4e1f050d6787f7418690ece1ea704df85c17f,tcc-microservices-experiment-auth-1,0.02,50834964,1073741824,4.73,3,45.6kB / 40.3kB,11.9MB / 28.4MB
65,2026-09-10T05:24:57.852212+00:00,131,2026-09-10T05:24:57.480279+00:00,false,microservices,gateway,e183f69f6062ccbeddc30c20ac4b4a2cd2ba6a976b5d09dca3a119d4927ce9bb,tcc-microservices-experiment-gateway-1,29.94,486958694,536870912,90.7,77,66.2MB / 74MB,34.5MB / 242kB
65,2026-09-10T05:24:57.852212+00:00,131,2026-09-10T05:24:57.480279+00:00,false,microservices,mysql,b3f2ccc77f6937cd12c031cc4d18b643eb7bd0f86b7d1e0015845bf56b716dd6,tcc-microservices-experiment-mysql-1,27.44,534249472,1073741824,49.76,40,25.6MB / 62.8MB,46.6MB / 120MB
65,2026-09-10T05:24:57.852212+00:00,131,2026-09-10T05:24:57.480279+00:00,false,microservices,order,c79fde09546e760c32fad0940f5771c780f8504cef6d6a4a5c579b487aebd275,tcc-microservices-experiment-order-1,0.02,74165780,1073741824,6.91,3,5.31MB / 4.14MB,3.76MB / 77.8kB
65,2026-09-10T05:24:57.852212+00:00,131,2026-09-10T05:24:57.480279+00:00,false,microservices,product,8c31b4ed1a1101f114ca75fed9e7048610c88661fd8808ad642cc62a941b95af,tcc-microservices-experiment-product-1,83.01,82753618,1073741824,7.71,3,73.7MB / 78.5MB,11.3MB / 81.9kB
66,2026-09-10T05:24:58.852196+00:00,133,2026-09-10T05:24:58.481085+00:00,false,microservices,auth,214c7454682bffdd0bc7a998c3d4e1f050d6787f7418690ece1ea704df85c17f,tcc-microservices-experiment-auth-1,0.02,50834964,1073741824,4.73,3,45.6kB / 40.3kB,11.9MB / 28.4MB
66,2026-09-10T05:24:58.852196+00:00,133,2026-09-10T05:24:58.481085+00:00,false,microservices,gateway,e183f69f6062ccbeddc30c20ac4b4a2cd2ba6a976b5d09dca3a119d4927ce9bb,tcc-microservices-experiment-gateway-1,29.35,487063552,536870912,90.72,77,67MB / 74.8MB,34.5MB / 242kB
66,2026-09-10T05:24:58.852196+00:00,133,2026-09-10T05:24:58.481085+00:00,false,microservices,mysql,b3f2ccc77f6937cd12c031cc4d18b643eb7bd0f86b7d1e0015845bf56b716dd6,tcc-microservices-experiment-mysql-1,24.62,534249472,1073741824,49.76,40,25.9MB / 63.4MB,46.6MB / 120MB
66,2026-09-10T05:24:58.852196+00:00,133,2026-09-10T05:24:58.481085+00:00,false,microservices,order,c79fde09546e760c32fad0940f5771c780f8504cef6d6a4a5c579b487aebd275,tcc-microservices-experiment-order-1,0.02,74165780,1073741824,6.91,3,5.31MB / 4.14MB,3.76MB / 77.8kB
66,2026-09-10T05:24:58.852196+00:00,133,2026-09-10T05:24:58.481085+00:00,false,microservices,product,8c31b4ed1a1101f114ca75fed9e7048610c88661fd8808ad642cc62a941b95af,tcc-microservices-experiment-product-1,81.39,82501960,1073741824,7.68,3,74.5MB / 79.4MB,11.3MB / 81.9kB
67,2026-09-10T05:24:59.852209+00:00,135,2026-09-10T05:24:59.481267+00:00,false,microservices,auth,214c7454682bffdd0bc7a998c3d4e1f050d6787f7418690ece1ea704df85c17f,tcc-microservices-experiment-auth-1,0.02,50834964,1073741824,4.73,3,45.6kB / 40.3kB,11.9MB / 28.4MB
67,2026-09-10T05:24:59.852209+00:00,135,2026-09-10T05:24:59.481267+00:00,false,microservices,gateway,e183f69f6062ccbeddc30c20ac4b4a2cd2ba6a976b5d09dca3a119d4927ce9bb,tcc-microservices-experiment-gateway-1,50.13,487482982,536870912,90.81,77,67.7MB / 75.7MB,34.5MB / 254kB
67,2026-09-10T05:24:59.852209+00:00,135,2026-09-10T05:24:59.481267+00:00,false,microservices,mysql,b3f2ccc77f6937cd12c031cc4d18b643eb7bd0f86b7d1e0015845bf56b716dd6,tcc-microservices-experiment-mysql-1,28.45,534564045,1073741824,49.78,40,26.1MB / 64.1MB,46.6MB / 120MB
67,2026-09-10T05:24:59.852209+00:00,135,2026-09-10T05:24:59.481267+00:00,false,microservices,order,c79fde09546e760c32fad0940f5771c780f8504cef6d6a4a5c579b487aebd275,tcc-microservices-experiment-order-1,0.02,74165780,1073741824,6.91,3,5.31MB / 4.14MB,3.76MB / 77.8kB
67,2026-09-10T05:24:59.852209+00:00,135,2026-09-10T05:24:59.481267+00:00,false,microservices,product,8c31b4ed1a1101f114ca75fed9e7048610c88661fd8808ad642cc62a941b95af,tcc-microservices-experiment-product-1,82.19,82302730,1073741824,7.67,3,75.4MB / 80.3MB,11.3MB / 81.9kB
68,2026-09-10T05:25:00.852218+00:00,137,2026-09-10T05:25:00.481187+00:00,false,microservices,auth,214c7454682bffdd0bc7a998c3d4e1f050d6787f7418690ece1ea704df85c17f,tcc-microservices-experiment-auth-1,0.02,50834964,1073741824,4.73,3,45.6kB / 40.3kB,11.9MB / 28.4MB
68,2026-09-10T05:25:00.852218+00:00,137,2026-09-10T05:25:00.481187+00:00,false,microservices,gateway,e183f69f6062ccbeddc30c20ac4b4a2cd2ba6a976b5d09dca3a119d4927ce9bb,tcc-microservices-experiment-gateway-1,30.18,487378125,536870912,90.78,77,68.5MB / 76.5MB,34.5MB / 254kB
68,2026-09-10T05:25:00.852218+00:00,137,2026-09-10T05:25:00.481187+00:00,false,microservices,mysql,b3f2ccc77f6937cd12c031cc4d18b643eb7bd0f86b7d1e0015845bf56b716dd6,tcc-microservices-experiment-mysql-1,25.94,534039757,1073741824,49.74,40,26.3MB / 64.8MB,46.6MB / 120MB
68,2026-09-10T05:25:00.852218+00:00,137,2026-09-10T05:25:00.481187+00:00,false,microservices,order,c79fde09546e760c32fad0940f5771c780f8504cef6d6a4a5c579b487aebd275,tcc-microservices-experiment-order-1,0.01,74165780,1073741824,6.91,3,5.31MB / 4.14MB,3.76MB / 77.8kB
68,2026-09-10T05:25:00.852218+00:00,137,2026-09-10T05:25:00.481187+00:00,false,microservices,product,8c31b4ed1a1101f114ca75fed9e7048610c88661fd8808ad642cc62a941b95af,tcc-microservices-experiment-product-1,80.69,82491474,1073741824,7.68,3,76.2MB / 81.2MB,11.3MB / 1.34MB
69,2026-09-10T05:25:01.852219+00:00,139,2026-09-10T05:25:01.482022+00:00,false,microservices,auth,214c7454682bffdd0bc7a998c3d4e1f050d6787f7418690ece1ea704df85c17f,tcc-microservices-experiment-auth-1,0.02,50834964,1073741824,4.73,3,45.6kB / 40.3kB,11.9MB / 28.4MB
69,2026-09-10T05:25:01.852219+00:00,139,2026-09-10T05:25:01.482022+00:00,false,microservices,gateway,e183f69f6062ccbeddc30c20ac4b4a2cd2ba6a976b5d09dca3a119d4927ce9bb,tcc-microservices-experiment-gateway-1,29.79,487063552,536870912,90.73,77,69.2MB / 77.3MB,34.5MB / 254kB
69,2026-09-10T05:25:01.852219+00:00,139,2026-09-10T05:25:01.482022+00:00,false,microservices,mysql,b3f2ccc77f6937cd12c031cc4d18b643eb7bd0f86b7d1e0015845bf56b716dd6,tcc-microservices-experiment-mysql-1,29.39,534144614,1073741824,49.74,40,26.6MB / 65.4MB,46.6MB / 120MB
69,2026-09-10T05:25:01.852219+00:00,139,2026-09-10T05:25:01.482022+00:00,false,microservices,order,c79fde09546e760c32fad0940f5771c780f8504cef6d6a4a5c579b487aebd275,tcc-microservices-experiment-order-1,0.02,74165780,1073741824,6.91,3,5.31MB / 4.14MB,3.76MB / 77.8kB
69,2026-09-10T05:25:01.852219+00:00,139,2026-09-10T05:25:01.482022+00:00,false,microservices,product,8c31b4ed1a1101f114ca75fed9e7048610c88661fd8808ad642cc62a941b95af,tcc-microservices-experiment-product-1,81.51,83057705,1073741824,7.74,3,77MB / 82.1MB,11.3MB / 1.34MB
70,2026-09-10T05:25:02.852185+00:00,141,2026-09-10T05:25:02.480701+00:00,false,microservices,auth,214c7454682bffdd0bc7a998c3d4e1f050d6787f7418690ece1ea704df85c17f,tcc-microservices-experiment-auth-1,0.02,50834964,1073741824,4.73,3,45.6kB / 40.3kB,11.9MB / 28.4MB
70,2026-09-10T05:25:02.852185+00:00,141,2026-09-10T05:25:02.480701+00:00,false,microservices,gateway,e183f69f6062ccbeddc30c20ac4b4a2cd2ba6a976b5d09dca3a119d4927ce9bb,tcc-microservices-experiment-gateway-1,29.99,486958694,536870912,90.71,77,70MB / 78.2MB,34.5MB / 254kB
70,2026-09-10T05:25:02.852185+00:00,141,2026-09-10T05:25:02.480701+00:00,false,microservices,mysql,b3f2ccc77f6937cd12c031cc4d18b643eb7bd0f86b7d1e0015845bf56b716dd6,tcc-microservices-experiment-mysql-1,24.69,534039757,1073741824,49.74,40,26.8MB / 66MB,46.6MB / 120MB
70,2026-09-10T05:25:02.852185+00:00,141,2026-09-10T05:25:02.480701+00:00,false,microservices,order,c79fde09546e760c32fad0940f5771c780f8504cef6d6a4a5c579b487aebd275,tcc-microservices-experiment-order-1,0.02,74165780,1073741824,6.91,3,5.31MB / 4.14MB,3.76MB / 77.8kB
70,2026-09-10T05:25:02.852185+00:00,141,2026-09-10T05:25:02.480701+00:00,false,microservices,product,8c31b4ed1a1101f114ca75fed9e7048610c88661fd8808ad642cc62a941b95af,tcc-microservices-experiment-product-1,81.2,83225477,1073741824,7.75,3,77.8MB / 83MB,11.3MB / 1.34MB
71,2026-09-10T05:25:03.852212+00:00,143,2026-09-10T05:25:03.481367+00:00,false,microservices,auth,214c7454682bffdd0bc7a998c3d4e1f050d6787f7418690ece1ea704df85c17f,tcc-microservices-experiment-auth-1,0.02,50834964,1073741824,4.73,3,45.6kB / 40.3kB,11.9MB / 28.4MB
71,2026-09-10T05:25:03.852212+00:00,143,2026-09-10T05:25:03.481367+00:00,false,microservices,gateway,e183f69f6062ccbeddc30c20ac4b4a2cd2ba6a976b5d09dca3a119d4927ce9bb,tcc-microservices-experiment-gateway-1,30.6,486644122,536870912,90.65,77,70.7MB / 79MB,34.5MB / 254kB
71,2026-09-10T05:25:03.852212+00:00,143,2026-09-10T05:25:03.481367+00:00,false,microservices,mysql,b3f2ccc77f6937cd12c031cc4d18b643eb7bd0f86b7d1e0015845bf56b716dd6,tcc-microservices-experiment-mysql-1,28.85,534773760,1073741824,49.8,40,27.1MB / 66.7MB,46.6MB / 120MB
71,2026-09-10T05:25:03.852212+00:00,143,2026-09-10T05:25:03.481367+00:00,false,microservices,order,c79fde09546e760c32fad0940f5771c780f8504cef6d6a4a5c579b487aebd275,tcc-microservices-experiment-order-1,0.02,74165780,1073741824,6.91,3,5.31MB / 4.14MB,3.76MB / 77.8kB
71,2026-09-10T05:25:03.852212+00:00,143,2026-09-10T05:25:03.481367+00:00,false,microservices,product,8c31b4ed1a1101f114ca75fed9e7048610c88661fd8808ad642cc62a941b95af,tcc-microservices-experiment-product-1,81.51,82879447,1073741824,7.72,3,78.7MB / 83.9MB,11.3MB / 1.34MB
72,2026-09-10T05:25:04.852212+00:00,145,2026-09-10T05:25:04.480438+00:00,false,microservices,auth,214c7454682bffdd0bc7a998c3d4e1f050d6787f7418690ece1ea704df85c17f,tcc-microservices-experiment-auth-1,0.02,50834964,1073741824,4.73,3,45.6kB / 40.3kB,11.9MB / 28.4MB
72,2026-09-10T05:25:04.852212+00:00,145,2026-09-10T05:25:04.480438+00:00,false,microservices,gateway,e183f69f6062ccbeddc30c20ac4b4a2cd2ba6a976b5d09dca3a119d4927ce9bb,tcc-microservices-experiment-gateway-1,30.02,486853837,536870912,90.68,77,71.5MB / 79.9MB,34.5MB / 254kB
72,2026-09-10T05:25:04.852212+00:00,145,2026-09-10T05:25:04.480438+00:00,false,microservices,mysql,b3f2ccc77f6937cd12c031cc4d18b643eb7bd0f86b7d1e0015845bf56b716dd6,tcc-microservices-experiment-mysql-1,23.81,534249472,1073741824,49.76,40,27.3MB / 67.4MB,46.6MB / 120MB
72,2026-09-10T05:25:04.852212+00:00,145,2026-09-10T05:25:04.480438+00:00,false,microservices,order,c79fde09546e760c32fad0940f5771c780f8504cef6d6a4a5c579b487aebd275,tcc-microservices-experiment-order-1,0.02,74165780,1073741824,6.91,3,5.31MB / 4.14MB,3.76MB / 77.8kB
72,2026-09-10T05:25:04.852212+00:00,145,2026-09-10T05:25:04.480438+00:00,false,microservices,product,8c31b4ed1a1101f114ca75fed9e7048610c88661fd8808ad642cc62a941b95af,tcc-microservices-experiment-product-1,82.28,82900419,1073741824,7.72,3,79.5MB / 84.8MB,11.3MB / 1.34MB
73,2026-09-10T05:25:05.852216+00:00,147,2026-09-10T05:25:05.482042+00:00,false,microservices,auth,214c7454682bffdd0bc7a998c3d4e1f050d6787f7418690ece1ea704df85c17f,tcc-microservices-experiment-auth-1,0.02,50834964,1073741824,4.73,3,45.6kB / 40.3kB,11.9MB / 28.4MB
73,2026-09-10T05:25:05.852216+00:00,147,2026-09-10T05:25:05.482042+00:00,false,microservices,gateway,e183f69f6062ccbeddc30c20ac4b4a2cd2ba6a976b5d09dca3a119d4927ce9bb,tcc-microservices-experiment-gateway-1,30.2,486539264,536870912,90.62,77,72.3MB / 80.7MB,34.5MB / 254kB
73,2026-09-10T05:25:05.852216+00:00,147,2026-09-10T05:25:05.482042+00:00,false,microservices,mysql,b3f2ccc77f6937cd12c031cc4d18b643eb7bd0f86b7d1e0015845bf56b716dd6,tcc-microservices-experiment-mysql-1,27.92,534144614,1073741824,49.75,40,27.6MB / 68MB,46.6MB / 120MB
73,2026-09-10T05:25:05.852216+00:00,147,2026-09-10T05:25:05.482042+00:00,false,microservices,order,c79fde09546e760c32fad0940f5771c780f8504cef6d6a4a5c579b487aebd275,tcc-microservices-experiment-order-1,0.02,74165780,1073741824,6.91,3,5.31MB / 4.14MB,3.76MB / 77.8kB
73,2026-09-10T05:25:05.852216+00:00,147,2026-09-10T05:25:05.482042+00:00,false,microservices,product,8c31b4ed1a1101f114ca75fed9e7048610c88661fd8808ad642cc62a941b95af,tcc-microservices-experiment-product-1,82.73,81935729,1073741824,7.63,3,80.4MB / 85.7MB,11.3MB / 1.34MB
74,2026-09-10T05:25:06.852195+00:00,149,2026-09-10T05:25:06.480501+00:00,false,microservices,auth,214c7454682bffdd0bc7a998c3d4e1f050d6787f7418690ece1ea704df85c17f,tcc-microservices-experiment-auth-1,0.02,50834964,1073741824,4.73,3,45.6kB / 40.3kB,11.9MB / 28.4MB
74,2026-09-10T05:25:06.852195+00:00,149,2026-09-10T05:25:06.480501+00:00,false,microservices,gateway,e183f69f6062ccbeddc30c20ac4b4a2cd2ba6a976b5d09dca3a119d4927ce9bb,tcc-microservices-experiment-gateway-1,30.02,487168410,536870912,90.74,77,73MB / 81.6MB,34.5MB / 254kB
74,2026-09-10T05:25:06.852195+00:00,149,2026-09-10T05:25:06.480501+00:00,false,microservices,mysql,b3f2ccc77f6937cd12c031cc4d18b643eb7bd0f86b7d1e0015845bf56b716dd6,tcc-microservices-experiment-mysql-1,25.23,534668902,1073741824,49.8,40,27.8MB / 68.7MB,46.6MB / 120MB
74,2026-09-10T05:25:06.852195+00:00,149,2026-09-10T05:25:06.480501+00:00,false,microservices,order,c79fde09546e760c32fad0940f5771c780f8504cef6d6a4a5c579b487aebd275,tcc-microservices-experiment-order-1,0.02,74165780,1073741824,6.91,3,5.31MB / 4.14MB,3.76MB / 77.8kB
74,2026-09-10T05:25:06.852195+00:00,149,2026-09-10T05:25:06.480501+00:00,false,microservices,product,8c31b4ed1a1101f114ca75fed9e7048610c88661fd8808ad642cc62a941b95af,tcc-microservices-experiment-product-1,80.83,82795561,1073741824,7.71,3,81.2MB / 86.6MB,11.3MB / 1.34MB
75,2026-09-10T05:25:07.852193+00:00,151,2026-09-10T05:25:07.481876+00:00,false,microservices,auth,214c7454682bffdd0bc7a998c3d4e1f050d6787f7418690ece1ea704df85c17f,tcc-microservices-experiment-auth-1,0.02,50834964,1073741824,4.73,3,45.6kB / 40.3kB,11.9MB / 28.4MB
75,2026-09-10T05:25:07.852193+00:00,151,2026-09-10T05:25:07.481876+00:00,false,microservices,gateway,e183f69f6062ccbeddc30c20ac4b4a2cd2ba6a976b5d09dca3a119d4927ce9bb,tcc-microservices-experiment-gateway-1,30.23,487587840,536870912,90.82,77,73.8MB / 82.4MB,34.5MB / 254kB
75,2026-09-10T05:25:07.852193+00:00,151,2026-09-10T05:25:07.481876+00:00,false,microservices,mysql,b3f2ccc77f6937cd12c031cc4d18b643eb7bd0f86b7d1e0015845bf56b716dd6,tcc-microservices-experiment-mysql-1,27.97,535193190,1073741824,49.85,40,28MB / 69.3MB,46.6MB / 120MB
75,2026-09-10T05:25:07.852193+00:00,151,2026-09-10T05:25:07.481876+00:00,false,microservices,order,c79fde09546e760c32fad0940f5771c780f8504cef6d6a4a5c579b487aebd275,tcc-microservices-experiment-order-1,0.02,74165780,1073741824,6.91,3,5.31MB / 4.14MB,3.76MB / 77.8kB
75,2026-09-10T05:25:07.852193+00:00,151,2026-09-10T05:25:07.481876+00:00,false,microservices,product,8c31b4ed1a1101f114ca75fed9e7048610c88661fd8808ad642cc62a941b95af,tcc-microservices-experiment-product-1,83.01,82585846,1073741824,7.69,3,82.1MB / 87.5MB,11.3MB / 1.34MB
76,2026-09-10T05:25:08.852211+00:00,153,2026-09-10T05:25:08.481072+00:00,false,microservices,auth,214c7454682bffdd0bc7a998c3d4e1f050d6787f7418690ece1ea704df85c17f,tcc-microservices-experiment-auth-1,0.02,50834964,1073741824,4.73,3,45.6kB / 40.3kB,11.9MB / 28.4MB
76,2026-09-10T05:25:08.852211+00:00,153,2026-09-10T05:25:08.481072+00:00,false,microservices,gateway,e183f69f6062ccbeddc30c20ac4b4a2cd2ba6a976b5d09dca3a119d4927ce9bb,tcc-microservices-experiment-gateway-1,30.74,488112128,536870912,90.91,77,74.5MB / 83.3MB,34.5MB / 254kB
76,2026-09-10T05:25:08.852211+00:00,153,2026-09-10T05:25:08.481072+00:00,false,microservices,mysql,b3f2ccc77f6937cd12c031cc4d18b643eb7bd0f86b7d1e0015845bf56b716dd6,tcc-microservices-experiment-mysql-1,25.3,534564045,1073741824,49.78,40,28.3MB / 70MB,46.6MB / 120MB
76,2026-09-10T05:25:08.852211+00:00,153,2026-09-10T05:25:08.481072+00:00,false,microservices,order,c79fde09546e760c32fad0940f5771c780f8504cef6d6a4a5c579b487aebd275,tcc-microservices-experiment-order-1,0.02,74165780,1073741824,6.91,3,5.31MB / 4.14MB,3.76MB / 77.8kB
76,2026-09-10T05:25:08.852211+00:00,153,2026-09-10T05:25:08.481072+00:00,false,microservices,product,8c31b4ed1a1101f114ca75fed9e7048610c88661fd8808ad642cc62a941b95af,tcc-microservices-experiment-product-1,81.31,82365645,1073741824,7.67,3,82.9MB / 88.4MB,11.3MB / 1.34MB
77,2026-09-10T05:25:09.852196+00:00,155,2026-09-10T05:25:09.481372+00:00,false,microservices,auth,214c7454682bffdd0bc7a998c3d4e1f050d6787f7418690ece1ea704df85c17f,tcc-microservices-experiment-auth-1,0.02,50834964,1073741824,4.73,3,45.6kB / 40.3kB,11.9MB / 28.4MB
77,2026-09-10T05:25:09.852196+00:00,155,2026-09-10T05:25:09.481372+00:00,false,microservices,gateway,e183f69f6062ccbeddc30c20ac4b4a2cd2ba6a976b5d09dca3a119d4927ce9bb,tcc-microservices-experiment-gateway-1,29.81,487692698,536870912,90.84,77,75.2MB / 84.1MB,34.5MB / 254kB
77,2026-09-10T05:25:09.852196+00:00,155,2026-09-10T05:25:09.481372+00:00,false,microservices,mysql,b3f2ccc77f6937cd12c031cc4d18b643eb7bd0f86b7d1e0015845bf56b716dd6,tcc-microservices-experiment-mysql-1,28.88,534668902,1073741824,49.8,40,28.5MB / 70.6MB,46.6MB / 120MB
77,2026-09-10T05:25:09.852196+00:00,155,2026-09-10T05:25:09.481372+00:00,false,microservices,order,c79fde09546e760c32fad0940f5771c780f8504cef6d6a4a5c579b487aebd275,tcc-microservices-experiment-order-1,0.02,74165780,1073741824,6.91,3,5.31MB / 4.14MB,3.76MB / 77.8kB
77,2026-09-10T05:25:09.852196+00:00,155,2026-09-10T05:25:09.481372+00:00,false,microservices,product,8c31b4ed1a1101f114ca75fed9e7048610c88661fd8808ad642cc62a941b95af,tcc-microservices-experiment-product-1,81.71,82963333,1073741824,7.73,3,83.7MB / 89.2MB,11.3MB / 1.34MB
78,2026-09-10T05:25:10.852194+00:00,157,2026-09-10T05:25:10.480329+00:00,false,microservices,auth,214c7454682bffdd0bc7a998c3d4e1f050d6787f7418690ece1ea704df85c17f,tcc-microservices-experiment-auth-1,0.02,50834964,1073741824,4.73,3,45.6kB / 40.3kB,11.9MB / 28.4MB
78,2026-09-10T05:25:10.852194+00:00,157,2026-09-10T05:25:10.480329+00:00,false,microservices,gateway,e183f69f6062ccbeddc30c20ac4b4a2cd2ba6a976b5d09dca3a119d4927ce9bb,tcc-microservices-experiment-gateway-1,29.07,487063552,536870912,90.72,77,76MB / 84.9MB,34.5MB / 254kB
78,2026-09-10T05:25:10.852194+00:00,157,2026-09-10T05:25:10.480329+00:00,false,microservices,mysql,b3f2ccc77f6937cd12c031cc4d18b643eb7bd0f86b7d1e0015845bf56b716dd6,tcc-microservices-experiment-mysql-1,23.96,535193190,1073741824,49.84,40,28.7MB / 71.2MB,46.6MB / 120MB
78,2026-09-10T05:25:10.852194+00:00,157,2026-09-10T05:25:10.480329+00:00,false,microservices,order,c79fde09546e760c32fad0940f5771c780f8504cef6d6a4a5c579b487aebd275,tcc-microservices-experiment-order-1,0.02,74165780,1073741824,6.91,3,5.31MB / 4.14MB,3.76MB / 77.8kB
78,2026-09-10T05:25:10.852194+00:00,157,2026-09-10T05:25:10.480329+00:00,false,microservices,product,8c31b4ed1a1101f114ca75fed9e7048610c88661fd8808ad642cc62a941b95af,tcc-microservices-experiment-product-1,82.37,82847990,1073741824,7.72,3,84.5MB / 90.1MB,11.3MB / 1.34MB
79,2026-09-10T05:25:11.852196+00:00,159,2026-09-10T05:25:11.481406+00:00,false,microservices,auth,214c7454682bffdd0bc7a998c3d4e1f050d6787f7418690ece1ea704df85c17f,tcc-microservices-experiment-auth-1,0.02,50834964,1073741824,4.73,3,45.6kB / 40.3kB,11.9MB / 28.4MB
79,2026-09-10T05:25:11.852196+00:00,159,2026-09-10T05:25:11.481406+00:00,false,microservices,gateway,e183f69f6062ccbeddc30c20ac4b4a2cd2ba6a976b5d09dca3a119d4927ce9bb,tcc-microservices-experiment-gateway-1,29.18,486644122,536870912,90.65,77,76.7MB / 85.7MB,34.5MB / 254kB
79,2026-09-10T05:25:11.852196+00:00,159,2026-09-10T05:25:11.481406+00:00,false,microservices,mysql,b3f2ccc77f6937cd12c031cc4d18b643eb7bd0f86b7d1e0015845bf56b716dd6,tcc-microservices-experiment-mysql-1,29.62,535088333,1073741824,49.84,40,29MB / 71.9MB,46.6MB / 120MB
79,2026-09-10T05:25:11.852196+00:00,159,2026-09-10T05:25:11.481406+00:00,false,microservices,order,c79fde09546e760c32fad0940f5771c780f8504cef6d6a4a5c579b487aebd275,tcc-microservices-experiment-order-1,0.02,74165780,1073741824,6.91,3,5.31MB / 4.14MB,3.76MB / 77.8kB
79,2026-09-10T05:25:11.852196+00:00,159,2026-09-10T05:25:11.481406+00:00,false,microservices,product,8c31b4ed1a1101f114ca75fed9e7048610c88661fd8808ad642cc62a941b95af,tcc-microservices-experiment-product-1,81.48,83592479,1073741824,7.79,3,85.4MB / 91MB,11.3MB / 1.34MB
80,2026-09-10T05:25:12.852215+00:00,161,2026-09-10T05:25:12.480458+00:00,false,microservices,auth,214c7454682bffdd0bc7a998c3d4e1f050d6787f7418690ece1ea704df85c17f,tcc-microservices-experiment-auth-1,0.02,50834964,1073741824,4.73,3,45.6kB / 40.3kB,11.9MB / 28.4MB
80,2026-09-10T05:25:12.852215+00:00,161,2026-09-10T05:25:12.480458+00:00,false,microservices,gateway,e183f69f6062ccbeddc30c20ac4b4a2cd2ba6a976b5d09dca3a119d4927ce9bb,tcc-microservices-experiment-gateway-1,29.44,487273267,536870912,90.76,77,77.5MB / 86.6MB,34.5MB / 254kB
80,2026-09-10T05:25:12.852215+00:00,161,2026-09-10T05:25:12.480458+00:00,false,microservices,mysql,b3f2ccc77f6937cd12c031cc4d18b643eb7bd0f86b7d1e0015845bf56b716dd6,tcc-microservices-experiment-mysql-1,25.93,534459187,1073741824,49.77,40,29.2MB / 72.5MB,46.6MB / 120MB
80,2026-09-10T05:25:12.852215+00:00,161,2026-09-10T05:25:12.480458+00:00,false,microservices,order,c79fde09546e760c32fad0940f5771c780f8504cef6d6a4a5c579b487aebd275,tcc-microservices-experiment-order-1,0.02,74165780,1073741824,6.91,3,5.31MB / 4.14MB,3.76MB / 77.8kB
80,2026-09-10T05:25:12.852215+00:00,161,2026-09-10T05:25:12.480458+00:00,false,microservices,product,8c31b4ed1a1101f114ca75fed9e7048610c88661fd8808ad642cc62a941b95af,tcc-microservices-experiment-product-1,80.56,83435192,1073741824,7.77,3,86.2MB / 91.9MB,11.3MB / 1.34MB
81,2026-09-10T05:25:13.852184+00:00,163,2026-09-10T05:25:13.481233+00:00,false,microservices,auth,214c7454682bffdd0bc7a998c3d4e1f050d6787f7418690ece1ea704df85c17f,tcc-microservices-experiment-auth-1,0.02,50834964,1073741824,4.73,3,45.6kB / 40.3kB,11.9MB / 28.4MB
81,2026-09-10T05:25:13.852184+00:00,163,2026-09-10T05:25:13.481233+00:00,false,microservices,gateway,e183f69f6062ccbeddc30c20ac4b4a2cd2ba6a976b5d09dca3a119d4927ce9bb,tcc-microservices-experiment-gateway-1,28.92,487482982,536870912,90.81,77,78.2MB / 87.4MB,34.5MB / 254kB
81,2026-09-10T05:25:13.852184+00:00,163,2026-09-10T05:25:13.481233+00:00,false,microservices,mysql,b3f2ccc77f6937cd12c031cc4d18b643eb7bd0f86b7d1e0015845bf56b716dd6,tcc-microservices-experiment-mysql-1,29.72,534668902,1073741824,49.79,40,29.5MB / 73.2MB,46.6MB / 120MB
81,2026-09-10T05:25:13.852184+00:00,163,2026-09-10T05:25:13.481233+00:00,false,microservices,order,c79fde09546e760c32fad0940f5771c780f8504cef6d6a4a5c579b487aebd275,tcc-microservices-experiment-order-1,0.01,74165780,1073741824,6.91,3,5.31MB / 4.14MB,3.76MB / 77.8kB
81,2026-09-10T05:25:13.852184+00:00,163,2026-09-10T05:25:13.481233+00:00,false,microservices,product,8c31b4ed1a1101f114ca75fed9e7048610c88661fd8808ad642cc62a941b95af,tcc-microservices-experiment-product-1,80.67,83225477,1073741824,7.75,3,87MB / 92.7MB,11.3MB / 1.34MB
82,2026-09-10T05:25:14.852218+00:00,165,2026-09-10T05:25:14.481234+00:00,false,microservices,auth,214c7454682bffdd0bc7a998c3d4e1f050d6787f7418690ece1ea704df85c17f,tcc-microservices-experiment-auth-1,0.02,50834964,1073741824,4.73,3,45.6kB / 40.3kB,11.9MB / 28.4MB
82,2026-09-10T05:25:14.852218+00:00,165,2026-09-10T05:25:14.481234+00:00,false,microservices,gateway,e183f69f6062ccbeddc30c20ac4b4a2cd2ba6a976b5d09dca3a119d4927ce9bb,tcc-microservices-experiment-gateway-1,29.95,487378125,536870912,90.78,77,79MB / 88.3MB,34.5MB / 254kB
82,2026-09-10T05:25:14.852218+00:00,165,2026-09-10T05:25:14.481234+00:00,false,microservices,mysql,b3f2ccc77f6937cd12c031cc4d18b643eb7bd0f86b7d1e0015845bf56b716dd6,tcc-microservices-experiment-mysql-1,24.5,534039757,1073741824,49.74,40,29.7MB / 73.8MB,46.6MB / 120MB
82,2026-09-10T05:25:14.852218+00:00,165,2026-09-10T05:25:14.481234+00:00,false,microservices,order,c79fde09546e760c32fad0940f5771c780f8504cef6d6a4a5c579b487aebd275,tcc-microservices-experiment-order-1,0.02,74165780,1073741824,6.91,3,5.31MB / 4.14MB,3.76MB / 77.8kB
82,2026-09-10T05:25:14.852218+00:00,165,2026-09-10T05:25:14.481234+00:00,false,microservices,product,8c31b4ed1a1101f114ca75fed9e7048610c88661fd8808ad642cc62a941b95af,tcc-microservices-experiment-product-1,81.54,82889933,1073741824,7.72,3,87.8MB / 93.6MB,11.3MB / 1.34MB
83,2026-09-10T05:25:15.852206+00:00,167,2026-09-10T05:25:15.481793+00:00,false,microservices,auth,214c7454682bffdd0bc7a998c3d4e1f050d6787f7418690ece1ea704df85c17f,tcc-microservices-experiment-auth-1,0.02,50834964,1073741824,4.73,3,45.6kB / 40.3kB,11.9MB / 28.4MB
83,2026-09-10T05:25:15.852206+00:00,167,2026-09-10T05:25:15.481793+00:00,false,microservices,gateway,e183f69f6062ccbeddc30c20ac4b4a2cd2ba6a976b5d09dca3a119d4927ce9bb,tcc-microservices-experiment-gateway-1,31.12,486958694,536870912,90.7,77,79.7MB / 89.1MB,34.5MB / 266kB
83,2026-09-10T05:25:15.852206+00:00,167,2026-09-10T05:25:15.481793+00:00,false,microservices,mysql,b3f2ccc77f6937cd12c031cc4d18b643eb7bd0f86b7d1e0015845bf56b716dd6,tcc-microservices-experiment-mysql-1,28.79,534564045,1073741824,49.78,40,30MB / 74.5MB,46.6MB / 120MB
83,2026-09-10T05:25:15.852206+00:00,167,2026-09-10T05:25:15.481793+00:00,false,microservices,order,c79fde09546e760c32fad0940f5771c780f8504cef6d6a4a5c579b487aebd275,tcc-microservices-experiment-order-1,0.02,74165780,1073741824,6.91,3,5.31MB / 4.14MB,3.76MB / 77.8kB
83,2026-09-10T05:25:15.852206+00:00,167,2026-09-10T05:25:15.481793+00:00,false,microservices,product,8c31b4ed1a1101f114ca75fed9e7048610c88661fd8808ad642cc62a941b95af,tcc-microservices-experiment-product-1,82.15,82806047,1073741824,7.71,3,88.7MB / 94.5MB,11.3MB / 1.34MB
84,2026-09-10T05:25:16.852179+00:00,169,2026-09-10T05:25:16.480382+00:00,false,microservices,auth,214c7454682bffdd0bc7a998c3d4e1f050d6787f7418690ece1ea704df85c17f,tcc-microservices-experiment-auth-1,0.02,50834964,1073741824,4.73,3,45.6kB / 40.3kB,11.9MB / 28.4MB
84,2026-09-10T05:25:16.852179+00:00,169,2026-09-10T05:25:16.480382+00:00,false,microservices,gateway,e183f69f6062ccbeddc30c20ac4b4a2cd2ba6a976b5d09dca3a119d4927ce9bb,tcc-microservices-experiment-gateway-1,29.25,486853837,536870912,90.69,77,80.5MB / 89.9MB,34.5MB / 266kB
84,2026-09-10T05:25:16.852179+00:00,169,2026-09-10T05:25:16.480382+00:00,false,microservices,mysql,b3f2ccc77f6937cd12c031cc4d18b643eb7bd0f86b7d1e0015845bf56b716dd6,tcc-microservices-experiment-mysql-1,24.69,534459187,1073741824,49.78,40,30.2MB / 75.1MB,46.6MB / 120MB
84,2026-09-10T05:25:16.852179+00:00,169,2026-09-10T05:25:16.480382+00:00,false,microservices,order,c79fde09546e760c32fad0940f5771c780f8504cef6d6a4a5c579b487aebd275,tcc-microservices-experiment-order-1,0.02,74165780,1073741824,6.91,3,5.31MB / 4.14MB,3.76MB / 77.8kB
84,2026-09-10T05:25:16.852179+00:00,169,2026-09-10T05:25:16.480382+00:00,false,microservices,product,8c31b4ed1a1101f114ca75fed9e7048610c88661fd8808ad642cc62a941b95af,tcc-microservices-experiment-product-1,81.1,82858476,1073741824,7.72,3,89.5MB / 95.4MB,11.3MB / 1.56MB
85,2026-09-10T05:25:17.852211+00:00,171,2026-09-10T05:25:17.482280+00:00,false,microservices,auth,214c7454682bffdd0bc7a998c3d4e1f050d6787f7418690ece1ea704df85c17f,tcc-microservices-experiment-auth-1,0.02,50834964,1073741824,4.73,3,45.6kB / 40.3kB,11.9MB / 28.4MB
85,2026-09-10T05:25:17.852211+00:00,171,2026-09-10T05:25:17.482280+00:00,false,microservices,gateway,e183f69f6062ccbeddc30c20ac4b4a2cd2ba6a976b5d09dca3a119d4927ce9bb,tcc-microservices-experiment-gateway-1,29.44,487063552,536870912,90.72,77,81.2MB / 90.8MB,34.5MB / 266kB
85,2026-09-10T05:25:17.852211+00:00,171,2026-09-10T05:25:17.482280+00:00,false,microservices,mysql,b3f2ccc77f6937cd12c031cc4d18b643eb7bd0f86b7d1e0015845bf56b716dd6,tcc-microservices-experiment-mysql-1,29.0,535298048,1073741824,49.85,40,30.4MB / 75.8MB,46.6MB / 120MB
85,2026-09-10T05:25:17.852211+00:00,171,2026-09-10T05:25:17.482280+00:00,false,microservices,order,c79fde09546e760c32fad0940f5771c780f8504cef6d6a4a5c579b487aebd275,tcc-microservices-experiment-order-1,0.02,74165780,1073741824,6.91,3,5.31MB / 4.14MB,3.76MB / 77.8kB
85,2026-09-10T05:25:17.852211+00:00,171,2026-09-10T05:25:17.482280+00:00,false,microservices,product,8c31b4ed1a1101f114ca75fed9e7048610c88661fd8808ad642cc62a941b95af,tcc-microservices-experiment-product-1,81.02,83015762,1073741824,7.73,3,90.3MB / 96.3MB,11.3MB / 1.56MB
86,2026-09-10T05:25:18.852213+00:00,173,2026-09-10T05:25:18.481224+00:00,false,microservices,auth,214c7454682bffdd0bc7a998c3d4e1f050d6787f7418690ece1ea704df85c17f,tcc-microservices-experiment-auth-1,0.02,50834964,1073741824,4.73,3,45.6kB / 40.3kB,11.9MB / 28.4MB
86,2026-09-10T05:25:18.852213+00:00,173,2026-09-10T05:25:18.481224+00:00,false,microservices,gateway,e183f69f6062ccbeddc30c20ac4b4a2cd2ba6a976b5d09dca3a119d4927ce9bb,tcc-microservices-experiment-gateway-1,29.42,486329549,536870912,90.59,77,82MB / 91.6MB,34.5MB / 266kB
86,2026-09-10T05:25:18.852213+00:00,173,2026-09-10T05:25:18.481224+00:00,false,microservices,mysql,b3f2ccc77f6937cd12c031cc4d18b643eb7bd0f86b7d1e0015845bf56b716dd6,tcc-microservices-experiment-mysql-1,23.65,534249472,1073741824,49.76,40,30.7MB / 76.4MB,46.6MB / 120MB
86,2026-09-10T05:25:18.852213+00:00,173,2026-09-10T05:25:18.481224+00:00,false,microservices,order,c79fde09546e760c32fad0940f5771c780f8504cef6d6a4a5c579b487aebd275,tcc-microservices-experiment-order-1,0.02,74165780,1073741824,6.91,3,5.31MB / 4.14MB,3.76MB / 77.8kB
86,2026-09-10T05:25:18.852213+00:00,173,2026-09-10T05:25:18.481224+00:00,false,microservices,product,8c31b4ed1a1101f114ca75fed9e7048610c88661fd8808ad642cc62a941b95af,tcc-microservices-experiment-product-1,83.18,82879447,1073741824,7.72,3,91.2MB / 97.2MB,11.3MB / 1.56MB
87,2026-09-10T05:25:19.852201+00:00,175,2026-09-10T05:25:19.480123+00:00,false,microservices,auth,214c7454682bffdd0bc7a998c3d4e1f050d6787f7418690ece1ea704df85c17f,tcc-microservices-experiment-auth-1,0.02,50834964,1073741824,4.73,3,45.6kB / 40.3kB,11.9MB / 28.4MB
87,2026-09-10T05:25:19.852201+00:00,175,2026-09-10T05:25:19.480123+00:00,false,microservices,gateway,e183f69f6062ccbeddc30c20ac4b4a2cd2ba6a976b5d09dca3a119d4927ce9bb,tcc-microservices-experiment-gateway-1,29.44,487273267,536870912,90.76,77,82.7MB / 92.5MB,34.5MB / 266kB
87,2026-09-10T05:25:19.852201+00:00,175,2026-09-10T05:25:19.480123+00:00,false,microservices,mysql,b3f2ccc77f6937cd12c031cc4d18b643eb7bd0f86b7d1e0015845bf56b716dd6,tcc-microservices-experiment-mysql-1,29.56,535193190,1073741824,49.84,40,30.9MB / 77.1MB,46.6MB / 120MB
87,2026-09-10T05:25:19.852201+00:00,175,2026-09-10T05:25:19.480123+00:00,false,microservices,order,c79fde09546e760c32fad0940f5771c780f8504cef6d6a4a5c579b487aebd275,tcc-microservices-experiment-order-1,0.03,74165780,1073741824,6.91,3,5.31MB / 4.14MB,3.76MB / 77.8kB
87,2026-09-10T05:25:19.852201+00:00,175,2026-09-10T05:25:19.480123+00:00,false,microservices,product,8c31b4ed1a1101f114ca75fed9e7048610c88661fd8808ad642cc62a941b95af,tcc-microservices-experiment-product-1,80.87,82638275,1073741824,7.7,3,92MB / 98.1MB,11.3MB / 1.56MB
88,2026-09-10T05:25:20.852183+00:00,177,2026-09-10T05:25:20.481334+00:00,false,microservices,auth,214c7454682bffdd0bc7a998c3d4e1f050d6787f7418690ece1ea704df85c17f,tcc-microservices-experiment-auth-1,0.02,50834964,1073741824,4.73,3,45.6kB / 40.3kB,11.9MB / 28.4MB
88,2026-09-10T05:25:20.852183+00:00,177,2026-09-10T05:25:20.481334+00:00,false,microservices,gateway,e183f69f6062ccbeddc30c20ac4b4a2cd2ba6a976b5d09dca3a119d4927ce9bb,tcc-microservices-experiment-gateway-1,28.96,486853837,536870912,90.68,77,83.5MB / 93.3MB,34.5MB / 266kB
88,2026-09-10T05:25:20.852183+00:00,177,2026-09-10T05:25:20.481334+00:00,false,microservices,mysql,b3f2ccc77f6937cd12c031cc4d18b643eb7bd0f86b7d1e0015845bf56b716dd6,tcc-microservices-experiment-mysql-1,24.72,534354330,1073741824,49.77,40,31.2MB / 77.7MB,46.6MB / 120MB
88,2026-09-10T05:25:20.852183+00:00,177,2026-09-10T05:25:20.481334+00:00,false,microservices,order,c79fde09546e760c32fad0940f5771c780f8504cef6d6a4a5c579b487aebd275,tcc-microservices-experiment-order-1,0.02,74165780,1073741824,6.91,3,5.31MB / 4.14MB,3.76MB / 77.8kB
88,2026-09-10T05:25:20.852183+00:00,177,2026-09-10T05:25:20.481334+00:00,false,microservices,product,8c31b4ed1a1101f114ca75fed9e7048610c88661fd8808ad642cc62a941b95af,tcc-microservices-experiment-product-1,81.48,82847990,1073741824,7.72,3,92.8MB / 99MB,11.3MB / 1.56MB
89,2026-09-10T05:25:21.852200+00:00,179,2026-09-10T05:25:21.482339+00:00,false,microservices,auth,214c7454682bffdd0bc7a998c3d4e1f050d6787f7418690ece1ea704df85c17f,tcc-microservices-experiment-auth-1,0.02,50834964,1073741824,4.73,3,45.6kB / 40.3kB,11.9MB / 28.4MB
89,2026-09-10T05:25:21.852200+00:00,179,2026-09-10T05:25:21.482339+00:00,false,microservices,gateway,e183f69f6062ccbeddc30c20ac4b4a2cd2ba6a976b5d09dca3a119d4927ce9bb,tcc-microservices-experiment-gateway-1,29.46,487273267,536870912,90.76,77,84.2MB / 94.1MB,34.5MB / 266kB
89,2026-09-10T05:25:21.852200+00:00,179,2026-09-10T05:25:21.482339+00:00,false,microservices,mysql,b3f2ccc77f6937cd12c031cc4d18b643eb7bd0f86b7d1e0015845bf56b716dd6,tcc-microservices-experiment-mysql-1,28.57,535088333,1073741824,49.83,40,31.4MB / 78.4MB,46.6MB / 120MB
89,2026-09-10T05:25:21.852200+00:00,179,2026-09-10T05:25:21.482339+00:00,false,microservices,order,c79fde09546e760c32fad0940f5771c780f8504cef6d6a4a5c579b487aebd275,tcc-microservices-experiment-order-1,0.02,74165780,1073741824,6.91,3,5.31MB / 4.14MB,3.76MB / 77.8kB
89,2026-09-10T05:25:21.852200+00:00,179,2026-09-10T05:25:21.482339+00:00,false,microservices,product,8c31b4ed1a1101f114ca75fed9e7048610c88661fd8808ad642cc62a941b95af,tcc-microservices-experiment-product-1,81.95,83005276,1073741824,7.73,3,93.7MB / 99.9MB,11.3MB / 1.56MB
90,2026-09-10T05:25:22.852184+00:00,181,2026-09-10T05:25:22.482358+00:00,false,microservices,auth,214c7454682bffdd0bc7a998c3d4e1f050d6787f7418690ece1ea704df85c17f,tcc-microservices-experiment-auth-1,0.02,50834964,1073741824,4.73,3,45.6kB / 40.3kB,11.9MB / 28.4MB
90,2026-09-10T05:25:22.852184+00:00,181,2026-09-10T05:25:22.482358+00:00,false,microservices,gateway,e183f69f6062ccbeddc30c20ac4b4a2cd2ba6a976b5d09dca3a119d4927ce9bb,tcc-microservices-experiment-gateway-1,31.13,487273267,536870912,90.76,77,85MB / 95MB,34.5MB / 266kB
90,2026-09-10T05:25:22.852184+00:00,181,2026-09-10T05:25:22.482358+00:00,false,microservices,mysql,b3f2ccc77f6937cd12c031cc4d18b643eb7bd0f86b7d1e0015845bf56b716dd6,tcc-microservices-experiment-mysql-1,24.46,534459187,1073741824,49.77,40,31.6MB / 79MB,46.6MB / 120MB
90,2026-09-10T05:25:22.852184+00:00,181,2026-09-10T05:25:22.482358+00:00,false,microservices,order,c79fde09546e760c32fad0940f5771c780f8504cef6d6a4a5c579b487aebd275,tcc-microservices-experiment-order-1,0.02,74165780,1073741824,6.91,3,5.31MB / 4.14MB,3.76MB / 77.8kB
90,2026-09-10T05:25:22.852184+00:00,181,2026-09-10T05:25:22.482358+00:00,false,microservices,product,8c31b4ed1a1101f114ca75fed9e7048610c88661fd8808ad642cc62a941b95af,tcc-microservices-experiment-product-1,81.95,83047219,1073741824,7.73,3,94.5MB / 101MB,11.3MB / 1.56MB
91,2026-09-10T05:25:23.852194+00:00,183,2026-09-10T05:25:23.481287+00:00,false,microservices,auth,214c7454682bffdd0bc7a998c3d4e1f050d6787f7418690ece1ea704df85c17f,tcc-microservices-experiment-auth-1,0.02,50834964,1073741824,4.73,3,45.6kB / 40.3kB,11.9MB / 28.4MB
91,2026-09-10T05:25:23.852194+00:00,183,2026-09-10T05:25:23.481287+00:00,false,microservices,gateway,e183f69f6062ccbeddc30c20ac4b4a2cd2ba6a976b5d09dca3a119d4927ce9bb,tcc-microservices-experiment-gateway-1,29.65,486853837,536870912,90.67,77,85.8MB / 95.9MB,34.5MB / 266kB
91,2026-09-10T05:25:23.852194+00:00,183,2026-09-10T05:25:23.481287+00:00,false,microservices,mysql,b3f2ccc77f6937cd12c031cc4d18b643eb7bd0f86b7d1e0015845bf56b716dd6,tcc-microservices-experiment-mysql-1,27.51,542113792,1073741824,50.48,41,31.9MB / 79.7MB,46.6MB / 120MB
91,2026-09-10T05:25:23.852194+00:00,183,2026-09-10T05:25:23.481287+00:00,false,microservices,order,c79fde09546e760c32fad0940f5771c780f8504cef6d6a4a5c579b487aebd275,tcc-microservices-experiment-order-1,0.02,74165780,1073741824,6.91,3,5.31MB / 4.14MB,3.76MB / 77.8kB
91,2026-09-10T05:25:23.852194+00:00,183,2026-09-10T05:25:23.481287+00:00,false,microservices,product,8c31b4ed1a1101f114ca75fed9e7048610c88661fd8808ad642cc62a941b95af,tcc-microservices-experiment-product-1,81.94,83498107,1073741824,7.78,3,95.4MB / 102MB,11.3MB / 1.56MB
92,2026-09-10T05:25:24.852187+00:00,185,2026-09-10T05:25:24.481722+00:00,false,microservices,auth,214c7454682bffdd0bc7a998c3d4e1f050d6787f7418690ece1ea704df85c17f,tcc-microservices-experiment-auth-1,0.02,50834964,1073741824,4.73,3,45.6kB / 40.3kB,11.9MB / 28.4MB
92,2026-09-10T05:25:24.852187+00:00,185,2026-09-10T05:25:24.481722+00:00,false,microservices,gateway,e183f69f6062ccbeddc30c20ac4b4a2cd2ba6a976b5d09dca3a119d4927ce9bb,tcc-microservices-experiment-gateway-1,29.24,487378125,536870912,90.78,77,86.5MB / 96.7MB,34.5MB / 266kB
92,2026-09-10T05:25:24.852187+00:00,185,2026-09-10T05:25:24.481722+00:00,false,microservices,mysql,b3f2ccc77f6937cd12c031cc4d18b643eb7bd0f86b7d1e0015845bf56b716dd6,tcc-microservices-experiment-mysql-1,25.85,533934899,1073741824,49.72,40,32.1MB / 80.3MB,46.6MB / 120MB
92,2026-09-10T05:25:24.852187+00:00,185,2026-09-10T05:25:24.481722+00:00,false,microservices,order,c79fde09546e760c32fad0940f5771c780f8504cef6d6a4a5c579b487aebd275,tcc-microservices-experiment-order-1,0.02,74165780,1073741824,6.91,3,5.31MB / 4.14MB,3.76MB / 77.8kB
92,2026-09-10T05:25:24.852187+00:00,185,2026-09-10T05:25:24.481722+00:00,false,microservices,product,8c31b4ed1a1101f114ca75fed9e7048610c88661fd8808ad642cc62a941b95af,tcc-microservices-experiment-product-1,81.37,82837504,1073741824,7.72,3,96.2MB / 103MB,11.3MB / 1.56MB
93,2026-09-10T05:25:25.852189+00:00,187,2026-09-10T05:25:25.481198+00:00,false,microservices,auth,214c7454682bffdd0bc7a998c3d4e1f050d6787f7418690ece1ea704df85c17f,tcc-microservices-experiment-auth-1,0.02,50834964,1073741824,4.73,3,45.6kB / 40.3kB,11.9MB / 28.4MB
93,2026-09-10T05:25:25.852189+00:00,187,2026-09-10T05:25:25.481198+00:00,false,microservices,gateway,e183f69f6062ccbeddc30c20ac4b4a2cd2ba6a976b5d09dca3a119d4927ce9bb,tcc-microservices-experiment-gateway-1,28.76,486853837,536870912,90.67,77,87.3MB / 97.5MB,34.5MB / 266kB
93,2026-09-10T05:25:25.852189+00:00,187,2026-09-10T05:25:25.481198+00:00,false,microservices,mysql,b3f2ccc77f6937cd12c031cc4d18b643eb7bd0f86b7d1e0015845bf56b716dd6,tcc-microservices-experiment-mysql-1,24.44,534668902,1073741824,49.79,40,32.4MB / 81MB,46.6MB / 120MB
93,2026-09-10T05:25:25.852189+00:00,187,2026-09-10T05:25:25.481198+00:00,false,microservices,order,c79fde09546e760c32fad0940f5771c780f8504cef6d6a4a5c579b487aebd275,tcc-microservices-experiment-order-1,0.02,74165780,1073741824,6.91,3,5.31MB / 4.14MB,3.76MB / 77.8kB
93,2026-09-10T05:25:25.852189+00:00,187,2026-09-10T05:25:25.481198+00:00,false,microservices,product,8c31b4ed1a1101f114ca75fed9e7048610c88661fd8808ad642cc62a941b95af,tcc-microservices-experiment-product-1,81.59,83078676,1073741824,7.74,3,97MB / 103MB,11.3MB / 1.56MB
94,2026-09-10T05:25:26.852206+00:00,189,2026-09-10T05:25:26.481240+00:00,false,microservices,auth,214c7454682bffdd0bc7a998c3d4e1f050d6787f7418690ece1ea704df85c17f,tcc-microservices-experiment-auth-1,0.02,50834964,1073741824,4.73,3,45.6kB / 40.3kB,11.9MB / 28.4MB
94,2026-09-10T05:25:26.852206+00:00,189,2026-09-10T05:25:26.481240+00:00,false,microservices,gateway,e183f69f6062ccbeddc30c20ac4b4a2cd2ba6a976b5d09dca3a119d4927ce9bb,tcc-microservices-experiment-gateway-1,29.96,487168410,536870912,90.75,77,88.1MB / 98.4MB,34.5MB / 266kB
94,2026-09-10T05:25:26.852206+00:00,189,2026-09-10T05:25:26.481240+00:00,false,microservices,mysql,b3f2ccc77f6937cd12c031cc4d18b643eb7bd0f86b7d1e0015845bf56b716dd6,tcc-microservices-experiment-mysql-1,29.0,534249472,1073741824,49.76,40,32.6MB / 81.6MB,46.6MB / 120MB
94,2026-09-10T05:25:26.852206+00:00,189,2026-09-10T05:25:26.481240+00:00,false,microservices,order,c79fde09546e760c32fad0940f5771c780f8504cef6d6a4a5c579b487aebd275,tcc-microservices-experiment-order-1,0.02,74165780,1073741824,6.91,3,5.31MB / 4.14MB,3.76MB / 77.8kB
94,2026-09-10T05:25:26.852206+00:00,189,2026-09-10T05:25:26.481240+00:00,false,microservices,product,8c31b4ed1a1101f114ca75fed9e7048610c88661fd8808ad642cc62a941b95af,tcc-microservices-experiment-product-1,81.24,83623936,1073741824,7.79,3,97.9MB / 104MB,11.3MB / 1.56MB
95,2026-09-10T05:25:27.852214+00:00,191,2026-09-10T05:25:27.481451+00:00,false,microservices,auth,214c7454682bffdd0bc7a998c3d4e1f050d6787f7418690ece1ea704df85c17f,tcc-microservices-experiment-auth-1,0.01,50834964,1073741824,4.73,3,45.6kB / 40.3kB,11.9MB / 28.4MB
95,2026-09-10T05:25:27.852214+00:00,191,2026-09-10T05:25:27.481451+00:00,false,microservices,gateway,e183f69f6062ccbeddc30c20ac4b4a2cd2ba6a976b5d09dca3a119d4927ce9bb,tcc-microservices-experiment-gateway-1,28.82,487692698,536870912,90.85,77,88.8MB / 99.2MB,34.5MB / 266kB
95,2026-09-10T05:25:27.852214+00:00,191,2026-09-10T05:25:27.481451+00:00,false,microservices,mysql,b3f2ccc77f6937cd12c031cc4d18b643eb7bd0f86b7d1e0015845bf56b716dd6,tcc-microservices-experiment-mysql-1,25.25,534459187,1073741824,49.77,40,32.9MB / 82.3MB,46.6MB / 120MB
95,2026-09-10T05:25:27.852214+00:00,191,2026-09-10T05:25:27.481451+00:00,false,microservices,order,c79fde09546e760c32fad0940f5771c780f8504cef6d6a4a5c579b487aebd275,tcc-microservices-experiment-order-1,0.02,74165780,1073741824,6.91,3,5.31MB / 4.14MB,3.76MB / 77.8kB
95,2026-09-10T05:25:27.852214+00:00,191,2026-09-10T05:25:27.481451+00:00,false,microservices,product,8c31b4ed1a1101f114ca75fed9e7048610c88661fd8808ad642cc62a941b95af,tcc-microservices-experiment-product-1,80.92,83623936,1073741824,7.79,3,98.7MB / 105MB,11.3MB / 1.56MB
96,2026-09-10T05:25:28.852218+00:00,193,2026-09-10T05:25:28.481313+00:00,false,microservices,auth,214c7454682bffdd0bc7a998c3d4e1f050d6787f7418690ece1ea704df85c17f,tcc-microservices-experiment-auth-1,0.02,50834964,1073741824,4.73,3,45.6kB / 40.3kB,11.9MB / 28.4MB
96,2026-09-10T05:25:28.852218+00:00,193,2026-09-10T05:25:28.481313+00:00,false,microservices,gateway,e183f69f6062ccbeddc30c20ac4b4a2cd2ba6a976b5d09dca3a119d4927ce9bb,tcc-microservices-experiment-gateway-1,29.66,487378125,536870912,90.79,77,89.6MB / 100MB,34.5MB / 266kB
96,2026-09-10T05:25:28.852218+00:00,193,2026-09-10T05:25:28.481313+00:00,false,microservices,mysql,b3f2ccc77f6937cd12c031cc4d18b643eb7bd0f86b7d1e0015845bf56b716dd6,tcc-microservices-experiment-mysql-1,28.4,534144614,1073741824,49.75,40,33.1MB / 82.9MB,46.6MB / 120MB
96,2026-09-10T05:25:28.852218+00:00,193,2026-09-10T05:25:28.481313+00:00,false,microservices,order,c79fde09546e760c32fad0940f5771c780f8504cef6d6a4a5c579b487aebd275,tcc-microservices-experiment-order-1,0.04,74165780,1073741824,6.91,3,5.31MB / 4.14MB,3.76MB / 77.8kB
96,2026-09-10T05:25:28.852218+00:00,193,2026-09-10T05:25:28.481313+00:00,false,microservices,product,8c31b4ed1a1101f114ca75fed9e7048610c88661fd8808ad642cc62a941b95af,tcc-microservices-experiment-product-1,81.69,84127252,1073741824,7.84,3,99.5MB / 106MB,11.3MB / 1.56MB
97,2026-09-10T05:25:29.852223+00:00,195,2026-09-10T05:25:29.481227+00:00,false,microservices,auth,214c7454682bffdd0bc7a998c3d4e1f050d6787f7418690ece1ea704df85c17f,tcc-microservices-experiment-auth-1,0.02,50834964,1073741824,4.73,3,45.6kB / 40.3kB,11.9MB / 28.4MB
97,2026-09-10T05:25:29.852223+00:00,195,2026-09-10T05:25:29.481227+00:00,false,microservices,gateway,e183f69f6062ccbeddc30c20ac4b4a2cd2ba6a976b5d09dca3a119d4927ce9bb,tcc-microservices-experiment-gateway-1,30.64,487482982,536870912,90.8,77,90.3MB / 101MB,34.5MB / 266kB
97,2026-09-10T05:25:29.852223+00:00,195,2026-09-10T05:25:29.481227+00:00,false,microservices,mysql,b3f2ccc77f6937cd12c031cc4d18b643eb7bd0f86b7d1e0015845bf56b716dd6,tcc-microservices-experiment-mysql-1,25.98,534773760,1073741824,49.8,40,33.3MB / 83.6MB,46.6MB / 120MB
97,2026-09-10T05:25:29.852223+00:00,195,2026-09-10T05:25:29.481227+00:00,false,microservices,order,c79fde09546e760c32fad0940f5771c780f8504cef6d6a4a5c579b487aebd275,tcc-microservices-experiment-order-1,0.02,74165780,1073741824,6.91,3,5.31MB / 4.14MB,3.76MB / 77.8kB
97,2026-09-10T05:25:29.852223+00:00,195,2026-09-10T05:25:29.481227+00:00,false,microservices,product,8c31b4ed1a1101f114ca75fed9e7048610c88661fd8808ad642cc62a941b95af,tcc-microservices-experiment-product-1,80.02,83194020,1073741824,7.75,3,100MB / 107MB,11.3MB / 1.56MB
98,2026-09-10T05:25:30.852233+00:00,197,2026-09-10T05:25:30.481448+00:00,false,microservices,auth,214c7454682bffdd0bc7a998c3d4e1f050d6787f7418690ece1ea704df85c17f,tcc-microservices-experiment-auth-1,0.02,50834964,1073741824,4.73,3,45.6kB / 40.3kB,11.9MB / 28.4MB
98,2026-09-10T05:25:30.852233+00:00,197,2026-09-10T05:25:30.481448+00:00,false,microservices,gateway,e183f69f6062ccbeddc30c20ac4b4a2cd2ba6a976b5d09dca3a119d4927ce9bb,tcc-microservices-experiment-gateway-1,29.78,487482982,536870912,90.81,77,91MB / 102MB,34.5MB / 279kB
98,2026-09-10T05:25:30.852233+00:00,197,2026-09-10T05:25:30.481448+00:00,false,microservices,mysql,b3f2ccc77f6937cd12c031cc4d18b643eb7bd0f86b7d1e0015845bf56b716dd6,tcc-microservices-experiment-mysql-1,29.26,534668902,1073741824,49.8,40,33.6MB / 84.2MB,46.6MB / 120MB
98,2026-09-10T05:25:30.852233+00:00,197,2026-09-10T05:25:30.481448+00:00,false,microservices,order,c79fde09546e760c32fad0940f5771c780f8504cef6d6a4a5c579b487aebd275,tcc-microservices-experiment-order-1,0.02,74165780,1073741824,6.91,3,5.31MB / 4.14MB,3.76MB / 77.8kB
98,2026-09-10T05:25:30.852233+00:00,197,2026-09-10T05:25:30.481448+00:00,false,microservices,product,8c31b4ed1a1101f114ca75fed9e7048610c88661fd8808ad642cc62a941b95af,tcc-microservices-experiment-product-1,81.28,82795561,1073741824,7.71,3,101MB / 108MB,11.3MB / 1.56MB
99,2026-09-10T05:25:31.852212+00:00,199,2026-09-10T05:25:31.481227+00:00,false,microservices,auth,214c7454682bffdd0bc7a998c3d4e1f050d6787f7418690ece1ea704df85c17f,tcc-microservices-experiment-auth-1,0.01,50834964,1073741824,4.73,3,45.6kB / 40.3kB,11.9MB / 28.4MB
99,2026-09-10T05:25:31.852212+00:00,199,2026-09-10T05:25:31.481227+00:00,false,microservices,gateway,e183f69f6062ccbeddc30c20ac4b4a2cd2ba6a976b5d09dca3a119d4927ce9bb,tcc-microservices-experiment-gateway-1,29.54,486853837,536870912,90.69,77,91.8MB / 103MB,34.5MB / 279kB
99,2026-09-10T05:25:31.852212+00:00,199,2026-09-10T05:25:31.481227+00:00,false,microservices,mysql,b3f2ccc77f6937cd12c031cc4d18b643eb7bd0f86b7d1e0015845bf56b716dd6,tcc-microservices-experiment-mysql-1,25.86,534459187,1073741824,49.77,40,33.8MB / 84.9MB,46.6MB / 120MB
99,2026-09-10T05:25:31.852212+00:00,199,2026-09-10T05:25:31.481227+00:00,false,microservices,order,c79fde09546e760c32fad0940f5771c780f8504cef6d6a4a5c579b487aebd275,tcc-microservices-experiment-order-1,0.02,74165780,1073741824,6.91,3,5.31MB / 4.14MB,3.76MB / 77.8kB
99,2026-09-10T05:25:31.852212+00:00,199,2026-09-10T05:25:31.481227+00:00,false,microservices,product,8c31b4ed1a1101f114ca75fed9e7048610c88661fd8808ad642cc62a941b95af,tcc-microservices-experiment-product-1,81.11,82617303,1073741824,7.69,3,102MB / 109MB,11.3MB / 1.78MB
100,2026-09-10T05:25:32.852177+00:00,201,2026-09-10T05:25:32.481462+00:00,false,microservices,auth,214c7454682bffdd0bc7a998c3d4e1f050d6787f7418690ece1ea704df85c17f,tcc-microservices-experiment-auth-1,0.02,50834964,1073741824,4.73,3,45.6kB / 40.3kB,11.9MB / 28.4MB
100,2026-09-10T05:25:32.852177+00:00,201,2026-09-10T05:25:32.481462+00:00,false,microservices,gateway,e183f69f6062ccbeddc30c20ac4b4a2cd2ba6a976b5d09dca3a119d4927ce9bb,tcc-microservices-experiment-gateway-1,30.08,487273267,536870912,90.75,77,92.5MB / 103MB,34.5MB / 279kB
100,2026-09-10T05:25:32.852177+00:00,201,2026-09-10T05:25:32.481462+00:00,false,microservices,mysql,b3f2ccc77f6937cd12c031cc4d18b643eb7bd0f86b7d1e0015845bf56b716dd6,tcc-microservices-experiment-mysql-1,28.78,534983475,1073741824,49.82,40,34MB / 85.5MB,46.6MB / 120MB
100,2026-09-10T05:25:32.852177+00:00,201,2026-09-10T05:25:32.481462+00:00,false,microservices,order,c79fde09546e760c32fad0940f5771c780f8504cef6d6a4a5c579b487aebd275,tcc-microservices-experiment-order-1,0.02,74165780,1073741824,6.91,3,5.31MB / 4.14MB,3.76MB / 77.8kB
100,2026-09-10T05:25:32.852177+00:00,201,2026-09-10T05:25:32.481462+00:00,false,microservices,product,8c31b4ed1a1101f114ca75fed9e7048610c88661fd8808ad642cc62a941b95af,tcc-microservices-experiment-product-1,81.36,82711675,1073741824,7.7,3,103MB / 110MB,11.3MB / 1.78MB
101,2026-09-10T05:25:33.852185+00:00,203,2026-09-10T05:25:33.481299+00:00,false,microservices,auth,214c7454682bffdd0bc7a998c3d4e1f050d6787f7418690ece1ea704df85c17f,tcc-microservices-experiment-auth-1,0.02,50834964,1073741824,4.73,3,45.6kB / 40.3kB,11.9MB / 28.4MB
101,2026-09-10T05:25:33.852185+00:00,203,2026-09-10T05:25:33.481299+00:00,false,microservices,gateway,e183f69f6062ccbeddc30c20ac4b4a2cd2ba6a976b5d09dca3a119d4927ce9bb,tcc-microservices-experiment-gateway-1,29.3,488216986,536870912,90.94,77,93.3MB / 104MB,34.5MB / 279kB
101,2026-09-10T05:25:33.852185+00:00,203,2026-09-10T05:25:33.481299+00:00,false,microservices,mysql,b3f2ccc77f6937cd12c031cc4d18b643eb7bd0f86b7d1e0015845bf56b716dd6,tcc-microservices-experiment-mysql-1,26.86,534983475,1073741824,49.82,40,34.3MB / 86.1MB,46.6MB / 120MB
101,2026-09-10T05:25:33.852185+00:00,203,2026-09-10T05:25:33.481299+00:00,false,microservices,order,c79fde09546e760c32fad0940f5771c780f8504cef6d6a4a5c579b487aebd275,tcc-microservices-experiment-order-1,0.02,74165780,1073741824,6.91,3,5.31MB / 4.14MB,3.76MB / 77.8kB
101,2026-09-10T05:25:33.852185+00:00,203,2026-09-10T05:25:33.481299+00:00,false,microservices,product,8c31b4ed1a1101f114ca75fed9e7048610c88661fd8808ad642cc62a941b95af,tcc-microservices-experiment-product-1,79.48,83361792,1073741824,7.76,3,104MB / 111MB,11.3MB / 1.78MB
102,2026-09-10T05:25:34.852208+00:00,205,2026-09-10T05:25:34.480315+00:00,false,microservices,auth,214c7454682bffdd0bc7a998c3d4e1f050d6787f7418690ece1ea704df85c17f,tcc-microservices-experiment-auth-1,0.02,50834964,1073741824,4.73,3,45.6kB / 40.3kB,11.9MB / 28.4MB
102,2026-09-10T05:25:34.852208+00:00,205,2026-09-10T05:25:34.480315+00:00,false,microservices,gateway,e183f69f6062ccbeddc30c20ac4b4a2cd2ba6a976b5d09dca3a119d4927ce9bb,tcc-microservices-experiment-gateway-1,29.62,488007270,536870912,90.89,77,94MB / 105MB,34.5MB / 279kB
102,2026-09-10T05:25:34.852208+00:00,205,2026-09-10T05:25:34.480315+00:00,false,microservices,mysql,b3f2ccc77f6937cd12c031cc4d18b643eb7bd0f86b7d1e0015845bf56b716dd6,tcc-microservices-experiment-mysql-1,28.95,534564045,1073741824,49.79,40,34.5MB / 86.8MB,46.6MB / 120MB
102,2026-09-10T05:25:34.852208+00:00,205,2026-09-10T05:25:34.480315+00:00,false,microservices,order,c79fde09546e760c32fad0940f5771c780f8504cef6d6a4a5c579b487aebd275,tcc-microservices-experiment-order-1,0.02,74165780,1073741824,6.91,3,5.31MB / 4.14MB,3.76MB / 77.8kB
102,2026-09-10T05:25:34.852208+00:00,205,2026-09-10T05:25:34.480315+00:00,false,microservices,product,8c31b4ed1a1101f114ca75fed9e7048610c88661fd8808ad642cc62a941b95af,tcc-microservices-experiment-product-1,81.96,83781222,1073741824,7.8,3,104MB / 111MB,11.3MB / 1.78MB
103,2026-09-10T05:25:35.852187+00:00,207,2026-09-10T05:25:35.480209+00:00,false,microservices,auth,214c7454682bffdd0bc7a998c3d4e1f050d6787f7418690ece1ea704df85c17f,tcc-microservices-experiment-auth-1,0.02,50834964,1073741824,4.73,3,45.6kB / 40.3kB,11.9MB / 28.4MB
103,2026-09-10T05:25:35.852187+00:00,207,2026-09-10T05:25:35.480209+00:00,false,microservices,gateway,e183f69f6062ccbeddc30c20ac4b4a2cd2ba6a976b5d09dca3a119d4927ce9bb,tcc-microservices-experiment-gateway-1,29.48,487587840,536870912,90.81,77,94.7MB / 106MB,34.5MB / 279kB
103,2026-09-10T05:25:35.852187+00:00,207,2026-09-10T05:25:35.480209+00:00,false,microservices,mysql,b3f2ccc77f6937cd12c031cc4d18b643eb7bd0f86b7d1e0015845bf56b716dd6,tcc-microservices-experiment-mysql-1,25.47,534249472,1073741824,49.76,40,34.8MB / 87.4MB,46.6MB / 120MB
103,2026-09-10T05:25:35.852187+00:00,207,2026-09-10T05:25:35.480209+00:00,false,microservices,order,c79fde09546e760c32fad0940f5771c780f8504cef6d6a4a5c579b487aebd275,tcc-microservices-experiment-order-1,0.02,74165780,1073741824,6.91,3,5.31MB / 4.14MB,3.76MB / 77.8kB
103,2026-09-10T05:25:35.852187+00:00,207,2026-09-10T05:25:35.480209+00:00,false,microservices,product,8c31b4ed1a1101f114ca75fed9e7048610c88661fd8808ad642cc62a941b95af,tcc-microservices-experiment-product-1,80.79,83246449,1073741824,7.75,3,105MB / 112MB,11.3MB / 1.78MB
104,2026-09-10T05:25:36.852204+00:00,209,2026-09-10T05:25:36.481290+00:00,false,microservices,auth,214c7454682bffdd0bc7a998c3d4e1f050d6787f7418690ece1ea704df85c17f,tcc-microservices-experiment-auth-1,0.02,50834964,1073741824,4.73,3,45.6kB / 40.3kB,11.9MB / 28.4MB
104,2026-09-10T05:25:36.852204+00:00,209,2026-09-10T05:25:36.481290+00:00,false,microservices,gateway,e183f69f6062ccbeddc30c20ac4b4a2cd2ba6a976b5d09dca3a119d4927ce9bb,tcc-microservices-experiment-gateway-1,28.49,487168410,536870912,90.74,77,95.5MB / 107MB,34.5MB / 279kB
104,2026-09-10T05:25:36.852204+00:00,209,2026-09-10T05:25:36.481290+00:00,false,microservices,mysql,b3f2ccc77f6937cd12c031cc4d18b643eb7bd0f86b7d1e0015845bf56b716dd6,tcc-microservices-experiment-mysql-1,29.93,534773760,1073741824,49.81,40,35MB / 88.1MB,46.6MB / 120MB
104,2026-09-10T05:25:36.852204+00:00,209,2026-09-10T05:25:36.481290+00:00,false,microservices,order,c79fde09546e760c32fad0940f5771c780f8504cef6d6a4a5c579b487aebd275,tcc-microservices-experiment-order-1,0.02,74165780,1073741824,6.91,3,5.31MB / 4.14MB,3.76MB / 77.8kB
104,2026-09-10T05:25:36.852204+00:00,209,2026-09-10T05:25:36.481290+00:00,false,microservices,product,8c31b4ed1a1101f114ca75fed9e7048610c88661fd8808ad642cc62a941b95af,tcc-microservices-experiment-product-1,80.08,83770737,1073741824,7.8,3,106MB / 113MB,11.3MB / 1.78MB
105,2026-09-10T05:25:37.852187+00:00,211,2026-09-10T05:25:37.480416+00:00,false,microservices,auth,214c7454682bffdd0bc7a998c3d4e1f050d6787f7418690ece1ea704df85c17f,tcc-microservices-experiment-auth-1,0.01,50834964,1073741824,4.73,3,45.6kB / 40.3kB,11.9MB / 28.4MB
105,2026-09-10T05:25:37.852187+00:00,211,2026-09-10T05:25:37.480416+00:00,false,microservices,gateway,e183f69f6062ccbeddc30c20ac4b4a2cd2ba6a976b5d09dca3a119d4927ce9bb,tcc-microservices-experiment-gateway-1,29.94,488007270,536870912,90.9,77,96.2MB / 108MB,34.5MB / 279kB
105,2026-09-10T05:25:37.852187+00:00,211,2026-09-10T05:25:37.480416+00:00,false,microservices,mysql,b3f2ccc77f6937cd12c031cc4d18b643eb7bd0f86b7d1e0015845bf56b716dd6,tcc-microservices-experiment-mysql-1,26.15,534144614,1073741824,49.75,40,35.2MB / 88.7MB,46.6MB / 120MB
105,2026-09-10T05:25:37.852187+00:00,211,2026-09-10T05:25:37.480416+00:00,false,microservices,order,c79fde09546e760c32fad0940f5771c780f8504cef6d6a4a5c579b487aebd275,tcc-microservices-experiment-order-1,0.02,74165780,1073741824,6.91,3,5.31MB / 4.14MB,3.76MB / 77.8kB
105,2026-09-10T05:25:37.852187+00:00,211,2026-09-10T05:25:37.480416+00:00,false,microservices,product,8c31b4ed1a1101f114ca75fed9e7048610c88661fd8808ad642cc62a941b95af,tcc-microservices-experiment-product-1,80.02,83613450,1073741824,7.79,3,107MB / 114MB,11.3MB / 1.78MB
106,2026-09-10T05:25:38.852183+00:00,213,2026-09-10T05:25:38.482487+00:00,false,microservices,auth,214c7454682bffdd0bc7a998c3d4e1f050d6787f7418690ece1ea704df85c17f,tcc-microservices-experiment-auth-1,0.02,50834964,1073741824,4.73,3,45.6kB / 40.3kB,11.9MB / 28.4MB
106,2026-09-10T05:25:38.852183+00:00,213,2026-09-10T05:25:38.482487+00:00,false,microservices,gateway,e183f69f6062ccbeddc30c20ac4b4a2cd2ba6a976b5d09dca3a119d4927ce9bb,tcc-microservices-experiment-gateway-1,28.69,487482982,536870912,90.81,77,97MB / 108MB,34.5MB / 279kB
106,2026-09-10T05:25:38.852183+00:00,213,2026-09-10T05:25:38.482487+00:00,false,microservices,mysql,b3f2ccc77f6937cd12c031cc4d18b643eb7bd0f86b7d1e0015845bf56b716dd6,tcc-microservices-experiment-mysql-1,30.53,535402906,1073741824,49.86,40,35.5MB / 89.3MB,46.6MB / 120MB
106,2026-09-10T05:25:38.852183+00:00,213,2026-09-10T05:25:38.482487+00:00,false,microservices,order,c79fde09546e760c32fad0940f5771c780f8504cef6d6a4a5c579b487aebd275,tcc-microservices-experiment-order-1,0.02,74165780,1073741824,6.91,3,5.31MB / 4.14MB,3.76MB / 77.8kB
106,2026-09-10T05:25:38.852183+00:00,213,2026-09-10T05:25:38.482487+00:00,false,microservices,product,8c31b4ed1a1101f114ca75fed9e7048610c88661fd8808ad642cc62a941b95af,tcc-microservices-experiment-product-1,80.23,83561021,1073741824,7.78,3,108MB / 115MB,11.3MB / 1.78MB
107,2026-09-10T05:25:39.852215+00:00,215,2026-09-10T05:25:39.480222+00:00,false,microservices,auth,214c7454682bffdd0bc7a998c3d4e1f050d6787f7418690ece1ea704df85c17f,tcc-microservices-experiment-auth-1,0.02,50834964,1073741824,4.73,3,45.6kB / 40.3kB,11.9MB / 28.4MB
107,2026-09-10T05:25:39.852215+00:00,215,2026-09-10T05:25:39.480222+00:00,false,microservices,gateway,e183f69f6062ccbeddc30c20ac4b4a2cd2ba6a976b5d09dca3a119d4927ce9bb,tcc-microservices-experiment-gateway-1,28.6,486853837,536870912,90.67,77,97.7MB / 109MB,34.5MB / 279kB
107,2026-09-10T05:25:39.852215+00:00,215,2026-09-10T05:25:39.480222+00:00,false,microservices,mysql,b3f2ccc77f6937cd12c031cc4d18b643eb7bd0f86b7d1e0015845bf56b716dd6,tcc-microservices-experiment-mysql-1,25.5,534983475,1073741824,49.82,40,35.7MB / 90MB,46.6MB / 120MB
107,2026-09-10T05:25:39.852215+00:00,215,2026-09-10T05:25:39.480222+00:00,false,microservices,order,c79fde09546e760c32fad0940f5771c780f8504cef6d6a4a5c579b487aebd275,tcc-microservices-experiment-order-1,0.02,74165780,1073741824,6.91,3,5.31MB / 4.14MB,3.76MB / 77.8kB
107,2026-09-10T05:25:39.852215+00:00,215,2026-09-10T05:25:39.480222+00:00,false,microservices,product,8c31b4ed1a1101f114ca75fed9e7048610c88661fd8808ad642cc62a941b95af,tcc-microservices-experiment-product-1,80.12,83414221,1073741824,7.77,3,109MB / 116MB,11.3MB / 1.78MB
108,2026-09-10T05:25:40.852207+00:00,217,2026-09-10T05:25:40.481313+00:00,false,microservices,auth,214c7454682bffdd0bc7a998c3d4e1f050d6787f7418690ece1ea704df85c17f,tcc-microservices-experiment-auth-1,0.02,50834964,1073741824,4.73,3,45.6kB / 40.3kB,11.9MB / 28.4MB
108,2026-09-10T05:25:40.852207+00:00,217,2026-09-10T05:25:40.481313+00:00,false,microservices,gateway,e183f69f6062ccbeddc30c20ac4b4a2cd2ba6a976b5d09dca3a119d4927ce9bb,tcc-microservices-experiment-gateway-1,28.79,487692698,536870912,90.83,77,98.5MB / 110MB,34.5MB / 279kB
108,2026-09-10T05:25:40.852207+00:00,217,2026-09-10T05:25:40.481313+00:00,false,microservices,mysql,b3f2ccc77f6937cd12c031cc4d18b643eb7bd0f86b7d1e0015845bf56b716dd6,tcc-microservices-experiment-mysql-1,28.37,535298048,1073741824,49.85,40,35.9MB / 90.6MB,46.6MB / 120MB
108,2026-09-10T05:25:40.852207+00:00,217,2026-09-10T05:25:40.481313+00:00,false,microservices,order,c79fde09546e760c32fad0940f5771c780f8504cef6d6a4a5c579b487aebd275,tcc-microservices-experiment-order-1,0.02,74165780,1073741824,6.91,3,5.31MB / 4.14MB,3.76MB / 77.8kB
108,2026-09-10T05:25:40.852207+00:00,217,2026-09-10T05:25:40.481313+00:00,false,microservices,product,8c31b4ed1a1101f114ca75fed9e7048610c88661fd8808ad642cc62a941b95af,tcc-microservices-experiment-product-1,82.93,83403735,1073741824,7.77,3,109MB / 117MB,11.3MB / 1.78MB
109,2026-09-10T05:25:41.852248+00:00,219,2026-09-10T05:25:41.480224+00:00,false,microservices,auth,214c7454682bffdd0bc7a998c3d4e1f050d6787f7418690ece1ea704df85c17f,tcc-microservices-experiment-auth-1,0.02,50834964,1073741824,4.73,3,45.6kB / 40.3kB,11.9MB / 28.4MB
109,2026-09-10T05:25:41.852248+00:00,219,2026-09-10T05:25:41.480224+00:00,false,microservices,gateway,e183f69f6062ccbeddc30c20ac4b4a2cd2ba6a976b5d09dca3a119d4927ce9bb,tcc-microservices-experiment-gateway-1,28.86,488216986,536870912,90.94,77,99.2MB / 111MB,34.5MB / 279kB
109,2026-09-10T05:25:41.852248+00:00,219,2026-09-10T05:25:41.480224+00:00,false,microservices,mysql,b3f2ccc77f6937cd12c031cc4d18b643eb7bd0f86b7d1e0015845bf56b716dd6,tcc-microservices-experiment-mysql-1,25.08,534983475,1073741824,49.82,40,36.2MB / 91.3MB,46.6MB / 120MB
109,2026-09-10T05:25:41.852248+00:00,219,2026-09-10T05:25:41.480224+00:00,false,microservices,order,c79fde09546e760c32fad0940f5771c780f8504cef6d6a4a5c579b487aebd275,tcc-microservices-experiment-order-1,0.02,74165780,1073741824,6.91,3,5.31MB / 4.14MB,3.76MB / 77.8kB
109,2026-09-10T05:25:41.852248+00:00,219,2026-09-10T05:25:41.480224+00:00,false,microservices,product,8c31b4ed1a1101f114ca75fed9e7048610c88661fd8808ad642cc62a941b95af,tcc-microservices-experiment-product-1,81.42,83047219,1073741824,7.73,3,110MB / 118MB,11.3MB / 1.78MB
110,2026-09-10T05:25:42.852217+00:00,221,2026-09-10T05:25:42.482355+00:00,false,microservices,auth,214c7454682bffdd0bc7a998c3d4e1f050d6787f7418690ece1ea704df85c17f,tcc-microservices-experiment-auth-1,0.02,50834964,1073741824,4.73,3,45.6kB / 40.3kB,11.9MB / 28.4MB
110,2026-09-10T05:25:42.852217+00:00,221,2026-09-10T05:25:42.482355+00:00,false,microservices,gateway,e183f69f6062ccbeddc30c20ac4b4a2cd2ba6a976b5d09dca3a119d4927ce9bb,tcc-microservices-experiment-gateway-1,29.26,487482982,536870912,90.8,77,100MB / 112MB,34.5MB / 279kB
110,2026-09-10T05:25:42.852217+00:00,221,2026-09-10T05:25:42.482355+00:00,false,microservices,mysql,b3f2ccc77f6937cd12c031cc4d18b643eb7bd0f86b7d1e0015845bf56b716dd6,tcc-microservices-experiment-mysql-1,28.62,533515469,1073741824,49.69,40,36.4MB / 91.9MB,46.6MB / 120MB
110,2026-09-10T05:25:42.852217+00:00,221,2026-09-10T05:25:42.482355+00:00,false,microservices,order,c79fde09546e760c32fad0940f5771c780f8504cef6d6a4a5c579b487aebd275,tcc-microservices-experiment-order-1,0.02,74165780,1073741824,6.91,3,5.31MB / 4.14MB,3.76MB / 77.8kB
110,2026-09-10T05:25:42.852217+00:00,221,2026-09-10T05:25:42.482355+00:00,false,microservices,product,8c31b4ed1a1101f114ca75fed9e7048610c88661fd8808ad642cc62a941b95af,tcc-microservices-experiment-product-1,82.5,83026248,1073741824,7.73,3,111MB / 118MB,11.3MB / 1.78MB
111,2026-09-10T05:25:43.852189+00:00,223,2026-09-10T05:25:43.480346+00:00,false,microservices,auth,214c7454682bffdd0bc7a998c3d4e1f050d6787f7418690ece1ea704df85c17f,tcc-microservices-experiment-auth-1,0.02,50834964,1073741824,4.73,3,45.6kB / 40.3kB,11.9MB / 28.4MB
111,2026-09-10T05:25:43.852189+00:00,223,2026-09-10T05:25:43.480346+00:00,false,microservices,gateway,e183f69f6062ccbeddc30c20ac4b4a2cd2ba6a976b5d09dca3a119d4927ce9bb,tcc-microservices-experiment-gateway-1,29.93,487273267,536870912,90.77,77,101MB / 113MB,34.5MB / 279kB
111,2026-09-10T05:25:43.852189+00:00,223,2026-09-10T05:25:43.480346+00:00,false,microservices,mysql,b3f2ccc77f6937cd12c031cc4d18b643eb7bd0f86b7d1e0015845bf56b716dd6,tcc-microservices-experiment-mysql-1,24.39,533725184,1073741824,49.71,40,36.7MB / 92.6MB,46.6MB / 120MB
111,2026-09-10T05:25:43.852189+00:00,223,2026-09-10T05:25:43.480346+00:00,false,microservices,order,c79fde09546e760c32fad0940f5771c780f8504cef6d6a4a5c579b487aebd275,tcc-microservices-experiment-order-1,0.02,74165780,1073741824,6.91,3,5.31MB / 4.14MB,3.76MB / 77.8kB
111,2026-09-10T05:25:43.852189+00:00,223,2026-09-10T05:25:43.480346+00:00,false,microservices,product,8c31b4ed1a1101f114ca75fed9e7048610c88661fd8808ad642cc62a941b95af,tcc-microservices-experiment-product-1,81.71,83435192,1073741824,7.77,3,112MB / 119MB,11.3MB / 1.78MB
112,2026-09-10T05:25:44.852186+00:00,225,2026-09-10T05:25:44.481270+00:00,false,microservices,auth,214c7454682bffdd0bc7a998c3d4e1f050d6787f7418690ece1ea704df85c17f,tcc-microservices-experiment-auth-1,0.02,50834964,1073741824,4.73,3,45.6kB / 40.3kB,11.9MB / 28.4MB
112,2026-09-10T05:25:44.852186+00:00,225,2026-09-10T05:25:44.481270+00:00,false,microservices,gateway,e183f69f6062ccbeddc30c20ac4b4a2cd2ba6a976b5d09dca3a119d4927ce9bb,tcc-microservices-experiment-gateway-1,33.16,486644122,536870912,90.65,69,102MB / 113MB,34.5MB / 279kB
112,2026-09-10T05:25:44.852186+00:00,225,2026-09-10T05:25:44.481270+00:00,false,microservices,mysql,b3f2ccc77f6937cd12c031cc4d18b643eb7bd0f86b7d1e0015845bf56b716dd6,tcc-microservices-experiment-mysql-1,28.56,534668902,1073741824,49.79,40,36.9MB / 93.3MB,46.6MB / 120MB
112,2026-09-10T05:25:44.852186+00:00,225,2026-09-10T05:25:44.481270+00:00,false,microservices,order,c79fde09546e760c32fad0940f5771c780f8504cef6d6a4a5c579b487aebd275,tcc-microservices-experiment-order-1,0.02,74165780,1073741824,6.91,3,5.31MB / 4.14MB,3.76MB / 77.8kB
112,2026-09-10T05:25:44.852186+00:00,225,2026-09-10T05:25:44.481270+00:00,false,microservices,product,8c31b4ed1a1101f114ca75fed9e7048610c88661fd8808ad642cc62a941b95af,tcc-microservices-experiment-product-1,81.46,84315996,1073741824,7.85,3,113MB / 120MB,11.3MB / 1.78MB
113,2026-09-10T05:25:45.852187+00:00,227,2026-09-10T05:25:45.480254+00:00,false,microservices,auth,214c7454682bffdd0bc7a998c3d4e1f050d6787f7418690ece1ea704df85c17f,tcc-microservices-experiment-auth-1,0.01,50834964,1073741824,4.73,3,45.6kB / 40.3kB,11.9MB / 28.4MB
113,2026-09-10T05:25:45.852187+00:00,227,2026-09-10T05:25:45.480254+00:00,false,microservices,gateway,e183f69f6062ccbeddc30c20ac4b4a2cd2ba6a976b5d09dca3a119d4927ce9bb,tcc-microservices-experiment-gateway-1,29.53,487168410,536870912,90.74,69,102MB / 114MB,34.5MB / 291kB
113,2026-09-10T05:25:45.852187+00:00,227,2026-09-10T05:25:45.480254+00:00,false,microservices,mysql,b3f2ccc77f6937cd12c031cc4d18b643eb7bd0f86b7d1e0015845bf56b716dd6,tcc-microservices-experiment-mysql-1,26.03,534039757,1073741824,49.74,40,37.2MB / 93.9MB,46.6MB / 120MB
113,2026-09-10T05:25:45.852187+00:00,227,2026-09-10T05:25:45.480254+00:00,false,microservices,order,c79fde09546e760c32fad0940f5771c780f8504cef6d6a4a5c579b487aebd275,tcc-microservices-experiment-order-1,0.02,74165780,1073741824,6.91,3,5.31MB / 4.14MB,3.76MB / 77.8kB
113,2026-09-10T05:25:45.852187+00:00,227,2026-09-10T05:25:45.480254+00:00,false,microservices,product,8c31b4ed1a1101f114ca75fed9e7048610c88661fd8808ad642cc62a941b95af,tcc-microservices-experiment-product-1,81.03,83581993,1073741824,7.78,3,114MB / 121MB,11.3MB / 1.78MB
114,2026-09-10T05:25:46.852214+00:00,229,2026-09-10T05:25:46.481909+00:00,false,microservices,auth,214c7454682bffdd0bc7a998c3d4e1f050d6787f7418690ece1ea704df85c17f,tcc-microservices-experiment-auth-1,0.02,50834964,1073741824,4.73,3,45.6kB / 40.3kB,11.9MB / 28.4MB
114,2026-09-10T05:25:46.852214+00:00,229,2026-09-10T05:25:46.481909+00:00,false,microservices,gateway,e183f69f6062ccbeddc30c20ac4b4a2cd2ba6a976b5d09dca3a119d4927ce9bb,tcc-microservices-experiment-gateway-1,28.97,487063552,536870912,90.72,69,103MB / 115MB,34.5MB / 291kB
114,2026-09-10T05:25:46.852214+00:00,229,2026-09-10T05:25:46.481909+00:00,false,microservices,mysql,b3f2ccc77f6937cd12c031cc4d18b643eb7bd0f86b7d1e0015845bf56b716dd6,tcc-microservices-experiment-mysql-1,28.96,534878618,1073741824,49.82,40,37.4MB / 94.6MB,46.6MB / 120MB
114,2026-09-10T05:25:46.852214+00:00,229,2026-09-10T05:25:46.481909+00:00,false,microservices,order,c79fde09546e760c32fad0940f5771c780f8504cef6d6a4a5c579b487aebd275,tcc-microservices-experiment-order-1,0.01,74165780,1073741824,6.91,3,5.31MB / 4.14MB,3.76MB / 77.8kB
114,2026-09-10T05:25:46.852214+00:00,229,2026-09-10T05:25:46.481909+00:00,false,microservices,product,8c31b4ed1a1101f114ca75fed9e7048610c88661fd8808ad642cc62a941b95af,tcc-microservices-experiment-product-1,81.71,83424707,1073741824,7.77,3,114MB / 122MB,11.3MB / 1.78MB
115,2026-09-10T05:25:47.852212+00:00,231,2026-09-10T05:25:47.481232+00:00,false,microservices,auth,214c7454682bffdd0bc7a998c3d4e1f050d6787f7418690ece1ea704df85c17f,tcc-microservices-experiment-auth-1,0.01,50834964,1073741824,4.73,3,45.6kB / 40.3kB,11.9MB / 28.4MB
115,2026-09-10T05:25:47.852212+00:00,231,2026-09-10T05:25:47.481232+00:00,false,microservices,gateway,e183f69f6062ccbeddc30c20ac4b4a2cd2ba6a976b5d09dca3a119d4927ce9bb,tcc-microservices-experiment-gateway-1,29.26,486434406,536870912,90.6,69,104MB / 116MB,34.5MB / 291kB
115,2026-09-10T05:25:47.852212+00:00,231,2026-09-10T05:25:47.481232+00:00,false,microservices,mysql,b3f2ccc77f6937cd12c031cc4d18b643eb7bd0f86b7d1e0015845bf56b716dd6,tcc-microservices-experiment-mysql-1,23.89,533830042,1073741824,49.72,40,37.6MB / 95.2MB,46.6MB / 120MB
115,2026-09-10T05:25:47.852212+00:00,231,2026-09-10T05:25:47.481232+00:00,false,microservices,order,c79fde09546e760c32fad0940f5771c780f8504cef6d6a4a5c579b487aebd275,tcc-microservices-experiment-order-1,0.02,74165780,1073741824,6.91,3,5.31MB / 4.14MB,3.76MB / 77.8kB
115,2026-09-10T05:25:47.852212+00:00,231,2026-09-10T05:25:47.481232+00:00,false,microservices,product,8c31b4ed1a1101f114ca75fed9e7048610c88661fd8808ad642cc62a941b95af,tcc-microservices-experiment-product-1,82.56,83078676,1073741824,7.74,3,115MB / 123MB,11.3MB / 3.08MB
116,2026-09-10T05:25:48.852225+00:00,233,2026-09-10T05:25:48.481307+00:00,false,microservices,auth,214c7454682bffdd0bc7a998c3d4e1f050d6787f7418690ece1ea704df85c17f,tcc-microservices-experiment-auth-1,0.02,50834964,1073741824,4.73,3,45.6kB / 40.3kB,11.9MB / 28.4MB
116,2026-09-10T05:25:48.852225+00:00,233,2026-09-10T05:25:48.481307+00:00,false,microservices,gateway,e183f69f6062ccbeddc30c20ac4b4a2cd2ba6a976b5d09dca3a119d4927ce9bb,tcc-microservices-experiment-gateway-1,28.79,486958694,536870912,90.7,69,105MB / 117MB,34.5MB / 291kB
116,2026-09-10T05:25:48.852225+00:00,233,2026-09-10T05:25:48.481307+00:00,false,microservices,mysql,b3f2ccc77f6937cd12c031cc4d18b643eb7bd0f86b7d1e0015845bf56b716dd6,tcc-microservices-experiment-mysql-1,29.06,534144614,1073741824,49.75,40,37.9MB / 95.9MB,46.6MB / 120MB
116,2026-09-10T05:25:48.852225+00:00,233,2026-09-10T05:25:48.481307+00:00,false,microservices,order,c79fde09546e760c32fad0940f5771c780f8504cef6d6a4a5c579b487aebd275,tcc-microservices-experiment-order-1,0.02,74165780,1073741824,6.91,3,5.31MB / 4.14MB,3.76MB / 77.8kB
116,2026-09-10T05:25:48.852225+00:00,233,2026-09-10T05:25:48.481307+00:00,false,microservices,product,8c31b4ed1a1101f114ca75fed9e7048610c88661fd8808ad642cc62a941b95af,tcc-microservices-experiment-product-1,82.09,83749765,1073741824,7.8,3,116MB / 124MB,11.3MB / 3.08MB
117,2026-09-10T05:25:49.852223+00:00,235,2026-09-10T05:25:49.481030+00:00,false,microservices,auth,214c7454682bffdd0bc7a998c3d4e1f050d6787f7418690ece1ea704df85c17f,tcc-microservices-experiment-auth-1,0.02,50834964,1073741824,4.73,3,45.6kB / 40.3kB,11.9MB / 28.4MB
117,2026-09-10T05:25:49.852223+00:00,235,2026-09-10T05:25:49.481030+00:00,false,microservices,gateway,e183f69f6062ccbeddc30c20ac4b4a2cd2ba6a976b5d09dca3a119d4927ce9bb,tcc-microservices-experiment-gateway-1,28.45,486958694,536870912,90.7,69,105MB / 118MB,34.5MB / 291kB
117,2026-09-10T05:25:49.852223+00:00,235,2026-09-10T05:25:49.481030+00:00,false,microservices,mysql,b3f2ccc77f6937cd12c031cc4d18b643eb7bd0f86b7d1e0015845bf56b716dd6,tcc-microservices-experiment-mysql-1,25.67,534039757,1073741824,49.74,40,38.1MB / 96.5MB,46.6MB / 120MB
117,2026-09-10T05:25:49.852223+00:00,235,2026-09-10T05:25:49.481030+00:00,false,microservices,order,c79fde09546e760c32fad0940f5771c780f8504cef6d6a4a5c579b487aebd275,tcc-microservices-experiment-order-1,0.02,74165780,1073741824,6.91,3,5.31MB / 4.14MB,3.76MB / 77.8kB
117,2026-09-10T05:25:49.852223+00:00,235,2026-09-10T05:25:49.481030+00:00,false,microservices,product,8c31b4ed1a1101f114ca75fed9e7048610c88661fd8808ad642cc62a941b95af,tcc-microservices-experiment-product-1,80.53,83225477,1073741824,7.75,3,117MB / 125MB,11.3MB / 3.08MB
118,2026-09-10T05:25:50.852216+00:00,237,2026-09-10T05:25:50.482608+00:00,false,microservices,auth,214c7454682bffdd0bc7a998c3d4e1f050d6787f7418690ece1ea704df85c17f,tcc-microservices-experiment-auth-1,0.02,49786388,1073741824,4.64,3,45.6kB / 40.3kB,11.9MB / 29.4MB
118,2026-09-10T05:25:50.852216+00:00,237,2026-09-10T05:25:50.482608+00:00,false,microservices,gateway,e183f69f6062ccbeddc30c20ac4b4a2cd2ba6a976b5d09dca3a119d4927ce9bb,tcc-microservices-experiment-gateway-1,26.42,484127539,536870912,90.17,69,106MB / 118MB,34.5MB / 2.91MB
118,2026-09-10T05:25:50.852216+00:00,237,2026-09-10T05:25:50.482608+00:00,false,microservices,mysql,b3f2ccc77f6937cd12c031cc4d18b643eb7bd0f86b7d1e0015845bf56b716dd6,tcc-microservices-experiment-mysql-1,28.36,527958016,1073741824,49.17,40,38.3MB / 97.1MB,46.6MB / 126MB
118,2026-09-10T05:25:50.852216+00:00,237,2026-09-10T05:25:50.482608+00:00,false,microservices,order,c79fde09546e760c32fad0940f5771c780f8504cef6d6a4a5c579b487aebd275,tcc-microservices-experiment-order-1,0.02,72886518,1073741824,6.79,3,5.31MB / 4.14MB,3.76MB / 1.36MB
118,2026-09-10T05:25:50.852216+00:00,237,2026-09-10T05:25:50.482608+00:00,false,microservices,product,8c31b4ed1a1101f114ca75fed9e7048610c88661fd8808ad642cc62a941b95af,tcc-microservices-experiment-product-1,83.05,81579213,1073741824,7.6,3,118MB / 126MB,11.3MB / 4.52MB
119,2026-09-10T05:25:51.852191+00:00,239,2026-09-10T05:25:51.481079+00:00,false,microservices,auth,214c7454682bffdd0bc7a998c3d4e1f050d6787f7418690ece1ea704df85c17f,tcc-microservices-experiment-auth-1,0.02,49786388,1073741824,4.64,3,45.6kB / 40.3kB,11.9MB / 29.4MB
119,2026-09-10T05:25:51.852191+00:00,239,2026-09-10T05:25:51.481079+00:00,false,microservices,gateway,e183f69f6062ccbeddc30c20ac4b4a2cd2ba6a976b5d09dca3a119d4927ce9bb,tcc-microservices-experiment-gateway-1,29.43,483917824,536870912,90.13,69,107MB / 119MB,34.5MB / 2.91MB
119,2026-09-10T05:25:51.852191+00:00,239,2026-09-10T05:25:51.481079+00:00,false,microservices,mysql,b3f2ccc77f6937cd12c031cc4d18b643eb7bd0f86b7d1e0015845bf56b716dd6,tcc-microservices-experiment-mysql-1,25.79,527328870,1073741824,49.11,40,38.6MB / 97.7MB,46.6MB / 126MB
119,2026-09-10T05:25:51.852191+00:00,239,2026-09-10T05:25:51.481079+00:00,false,microservices,order,c79fde09546e760c32fad0940f5771c780f8504cef6d6a4a5c579b487aebd275,tcc-microservices-experiment-order-1,0.02,72886518,1073741824,6.79,3,5.31MB / 4.14MB,3.76MB / 1.36MB
119,2026-09-10T05:25:51.852191+00:00,239,2026-09-10T05:25:51.481079+00:00,false,microservices,product,8c31b4ed1a1101f114ca75fed9e7048610c88661fd8808ad642cc62a941b95af,tcc-microservices-experiment-product-1,80.7,82334188,1073741824,7.67,3,119MB / 126MB,11.3MB / 4.52MB
120,2026-09-10T05:25:52.852225+00:00,241,2026-09-10T05:25:52.481992+00:00,false,microservices,auth,214c7454682bffdd0bc7a998c3d4e1f050d6787f7418690ece1ea704df85c17f,tcc-microservices-experiment-auth-1,0.02,49786388,1073741824,4.64,3,45.6kB / 40.3kB,11.9MB / 29.4MB
120,2026-09-10T05:25:52.852225+00:00,241,2026-09-10T05:25:52.481992+00:00,false,microservices,gateway,e183f69f6062ccbeddc30c20ac4b4a2cd2ba6a976b5d09dca3a119d4927ce9bb,tcc-microservices-experiment-gateway-1,28.86,483917824,536870912,90.14,69,107MB / 120MB,34.5MB / 2.91MB
120,2026-09-10T05:25:52.852225+00:00,241,2026-09-10T05:25:52.481992+00:00,false,microservices,mysql,b3f2ccc77f6937cd12c031cc4d18b643eb7bd0f86b7d1e0015845bf56b716dd6,tcc-microservices-experiment-mysql-1,27.95,527958016,1073741824,49.17,40,38.8MB / 98.4MB,46.6MB / 126MB
120,2026-09-10T05:25:52.852225+00:00,241,2026-09-10T05:25:52.481992+00:00,false,microservices,order,c79fde09546e760c32fad0940f5771c780f8504cef6d6a4a5c579b487aebd275,tcc-microservices-experiment-order-1,0.02,72886518,1073741824,6.79,3,5.31MB / 4.14MB,3.76MB / 1.36MB
120,2026-09-10T05:25:52.852225+00:00,241,2026-09-10T05:25:52.481992+00:00,false,microservices,product,8c31b4ed1a1101f114ca75fed9e7048610c88661fd8808ad642cc62a941b95af,tcc-microservices-experiment-product-1,82.73,81841357,1073741824,7.62,3,119MB / 127MB,11.3MB / 4.52MB
