sample_index,captured_at_utc,docker_refresh_sequence,docker_refresh_captured_at_utc,docker_refresh_reused,architecture,service,container_id,container_name,cpu_percent,memory_used_bytes,memory_limit_bytes,memory_percent,pids,network_io,block_io
1,2026-09-10T05:02:26.593551+00:00,3,2026-09-10T05:02:26.222536+00:00,false,microservices,auth,86c2d0085d36bd760301e5d2973ea2e3095f1ef9ac6ba40b8ad53cbd558f03eb,tcc-microservices-experiment-auth-1,0.03,79219917,1073741824,7.38,3,45.4kB / 40.3kB,10.2MB / 65.5kB
1,2026-09-10T05:02:26.593551+00:00,3,2026-09-10T05:02:26.222536+00:00,false,microservices,gateway,f57950d12c017a55da43df31b6c0c88db4271ecb3f3d286840e21d556d95a768,tcc-microservices-experiment-gateway-1,0.18,460639437,536870912,85.8,76,20.9MB / 23.4MB,31.3MB / 184kB
1,2026-09-10T05:02:26.593551+00:00,3,2026-09-10T05:02:26.222536+00:00,false,microservices,mysql,cd47944ef99e8665c6fbc745fd26216210ace9a0a0f7070f60fa0881b6e8b8b0,tcc-microservices-experiment-mysql-1,0.87,541170074,1073741824,50.4,40,11.1MB / 23.8MB,45.8MB / 125MB
1,2026-09-10T05:02:26.593551+00:00,3,2026-09-10T05:02:26.222536+00:00,false,microservices,order,ecb2ecded5626a554a8771603ab0b81767de20383f94ec8bda435127193f2174,tcc-microservices-experiment-order-1,0.02,74165780,1073741824,6.91,3,5.31MB / 4.14MB,9.18MB / 77.8kB
1,2026-09-10T05:02:26.593551+00:00,3,2026-09-10T05:02:26.222536+00:00,false,microservices,product,d2fb7348a9b654f2a980abf713e63d08845974daaf5b346cd5af9da85dd9bdcc,tcc-microservices-experiment-product-1,0.02,78999716,1073741824,7.36,3,23.5MB / 25MB,9.97MB / 81.9kB
2,2026-09-10T05:02:27.593523+00:00,5,2026-09-10T05:02:27.222494+00:00,false,microservices,auth,86c2d0085d36bd760301e5d2973ea2e3095f1ef9ac6ba40b8ad53cbd558f03eb,tcc-microservices-experiment-auth-1,0.02,79219917,1073741824,7.38,3,45.4kB / 40.3kB,10.2MB / 65.5kB
2,2026-09-10T05:02:27.593523+00:00,5,2026-09-10T05:02:27.222494+00:00,false,microservices,gateway,f57950d12c017a55da43df31b6c0c88db4271ecb3f3d286840e21d556d95a768,tcc-microservices-experiment-gateway-1,0.13,460534579,536870912,85.79,76,20.9MB / 23.4MB,31.3MB / 197kB
2,2026-09-10T05:02:27.593523+00:00,5,2026-09-10T05:02:27.222494+00:00,false,microservices,mysql,cd47944ef99e8665c6fbc745fd26216210ace9a0a0f7070f60fa0881b6e8b8b0,tcc-microservices-experiment-mysql-1,4.92,541694362,1073741824,50.45,40,11.1MB / 23.8MB,45.8MB / 125MB
2,2026-09-10T05:02:27.593523+00:00,5,2026-09-10T05:02:27.222494+00:00,false,microservices,order,ecb2ecded5626a554a8771603ab0b81767de20383f94ec8bda435127193f2174,tcc-microservices-experiment-order-1,0.02,74165780,1073741824,6.91,3,5.31MB / 4.14MB,9.18MB / 77.8kB
2,2026-09-10T05:02:27.593523+00:00,5,2026-09-10T05:02:27.222494+00:00,false,microservices,product,d2fb7348a9b654f2a980abf713e63d08845974daaf5b346cd5af9da85dd9bdcc,tcc-microservices-experiment-product-1,0.02,78758543,1073741824,7.34,3,23.5MB / 25MB,9.97MB / 81.9kB
3,2026-09-10T05:02:28.593533+00:00,7,2026-09-10T05:02:28.221432+00:00,false,microservices,auth,86c2d0085d36bd760301e5d2973ea2e3095f1ef9ac6ba40b8ad53cbd558f03eb,tcc-microservices-experiment-auth-1,0.02,79219917,1073741824,7.38,3,45.4kB / 40.3kB,10.2MB / 65.5kB
3,2026-09-10T05:02:28.593533+00:00,7,2026-09-10T05:02:28.221432+00:00,false,microservices,gateway,f57950d12c017a55da43df31b6c0c88db4271ecb3f3d286840e21d556d95a768,tcc-microservices-experiment-gateway-1,24.96,462946304,536870912,86.23,77,21MB / 23.5MB,31.3MB / 197kB
3,2026-09-10T05:02:28.593533+00:00,7,2026-09-10T05:02:28.221432+00:00,false,microservices,mysql,cd47944ef99e8665c6fbc745fd26216210ace9a0a0f7070f60fa0881b6e8b8b0,tcc-microservices-experiment-mysql-1,7.81,542113792,1073741824,50.49,40,11.2MB / 23.9MB,45.8MB / 125MB
3,2026-09-10T05:02:28.593533+00:00,7,2026-09-10T05:02:28.221432+00:00,false,microservices,order,ecb2ecded5626a554a8771603ab0b81767de20383f94ec8bda435127193f2174,tcc-microservices-experiment-order-1,0.03,74165780,1073741824,6.91,3,5.31MB / 4.14MB,9.18MB / 77.8kB
3,2026-09-10T05:02:28.593533+00:00,7,2026-09-10T05:02:28.221432+00:00,false,microservices,product,d2fb7348a9b654f2a980abf713e63d08845974daaf5b346cd5af9da85dd9bdcc,tcc-microservices-experiment-product-1,23.95,80299950,1073741824,7.48,3,23.7MB / 25.2MB,9.97MB / 81.9kB
4,2026-09-10T05:02:29.593527+00:00,9,2026-09-10T05:02:29.221424+00:00,false,microservices,auth,86c2d0085d36bd760301e5d2973ea2e3095f1ef9ac6ba40b8ad53cbd558f03eb,tcc-microservices-experiment-auth-1,0.02,79219917,1073741824,7.38,3,45.4kB / 40.3kB,10.2MB / 65.5kB
4,2026-09-10T05:02:29.593527+00:00,9,2026-09-10T05:02:29.221424+00:00,false,microservices,gateway,f57950d12c017a55da43df31b6c0c88db4271ecb3f3d286840e21d556d95a768,tcc-microservices-experiment-gateway-1,93.43,464204595,536870912,86.47,77,21.5MB / 24MB,31.3MB / 197kB
4,2026-09-10T05:02:29.593527+00:00,9,2026-09-10T05:02:29.221424+00:00,false,microservices,mysql,cd47944ef99e8665c6fbc745fd26216210ace9a0a0f7070f60fa0881b6e8b8b0,tcc-microservices-experiment-mysql-1,19.8,542008934,1073741824,50.48,40,11.3MB / 24.3MB,45.8MB / 125MB
4,2026-09-10T05:02:29.593527+00:00,9,2026-09-10T05:02:29.221424+00:00,false,microservices,order,ecb2ecded5626a554a8771603ab0b81767de20383f94ec8bda435127193f2174,tcc-microservices-experiment-order-1,0.02,74165780,1073741824,6.91,3,5.31MB / 4.14MB,9.18MB / 77.8kB
4,2026-09-10T05:02:29.593527+00:00,9,2026-09-10T05:02:29.221424+00:00,false,microservices,product,d2fb7348a9b654f2a980abf713e63d08845974daaf5b346cd5af9da85dd9bdcc,tcc-microservices-experiment-product-1,57.71,80813752,1073741824,7.53,3,24.2MB / 25.7MB,9.97MB / 81.9kB
5,2026-09-10T05:02:30.593551+00:00,11,2026-09-10T05:02:30.222248+00:00,false,microservices,auth,86c2d0085d36bd760301e5d2973ea2e3095f1ef9ac6ba40b8ad53cbd558f03eb,tcc-microservices-experiment-auth-1,0.02,79219917,1073741824,7.38,3,45.4kB / 40.3kB,10.2MB / 65.5kB
5,2026-09-10T05:02:30.593551+00:00,11,2026-09-10T05:02:30.222248+00:00,false,microservices,gateway,f57950d12c017a55da43df31b6c0c88db4271ecb3f3d286840e21d556d95a768,tcc-microservices-experiment-gateway-1,93.95,464309453,536870912,86.49,77,22.2MB / 24.8MB,31.3MB / 197kB
5,2026-09-10T05:02:30.593551+00:00,11,2026-09-10T05:02:30.222248+00:00,false,microservices,mysql,cd47944ef99e8665c6fbc745fd26216210ace9a0a0f7070f60fa0881b6e8b8b0,tcc-microservices-experiment-mysql-1,24.93,541904077,1073741824,50.47,40,11.6MB / 24.9MB,45.8MB / 125MB
5,2026-09-10T05:02:30.593551+00:00,11,2026-09-10T05:02:30.222248+00:00,false,microservices,order,ecb2ecded5626a554a8771603ab0b81767de20383f94ec8bda435127193f2174,tcc-microservices-experiment-order-1,0.01,74165780,1073741824,6.91,3,5.31MB / 4.14MB,9.18MB / 77.8kB
5,2026-09-10T05:02:30.593551+00:00,11,2026-09-10T05:02:30.222248+00:00,false,microservices,product,d2fb7348a9b654f2a980abf713e63d08845974daaf5b346cd5af9da85dd9bdcc,tcc-microservices-experiment-product-1,81.45,80625009,1073741824,7.51,3,25MB / 26.5MB,9.97MB / 81.9kB
6,2026-09-10T05:02:31.593574+00:00,13,2026-09-10T05:02:31.222023+00:00,false,microservices,auth,86c2d0085d36bd760301e5d2973ea2e3095f1ef9ac6ba40b8ad53cbd558f03eb,tcc-microservices-experiment-auth-1,0.02,79219917,1073741824,7.38,3,45.4kB / 40.3kB,10.2MB / 65.5kB
6,2026-09-10T05:02:31.593574+00:00,13,2026-09-10T05:02:31.222023+00:00,false,microservices,gateway,f57950d12c017a55da43df31b6c0c88db4271ecb3f3d286840e21d556d95a768,tcc-microservices-experiment-gateway-1,42.4,464728883,536870912,86.55,77,23MB / 25.7MB,31.3MB / 197kB
6,2026-09-10T05:02:31.593574+00:00,13,2026-09-10T05:02:31.222023+00:00,false,microservices,mysql,cd47944ef99e8665c6fbc745fd26216210ace9a0a0f7070f60fa0881b6e8b8b0,tcc-microservices-experiment-mysql-1,28.49,542008934,1073741824,50.48,40,11.8MB / 25.5MB,45.8MB / 125MB
6,2026-09-10T05:02:31.593574+00:00,13,2026-09-10T05:02:31.222023+00:00,false,microservices,order,ecb2ecded5626a554a8771603ab0b81767de20383f94ec8bda435127193f2174,tcc-microservices-experiment-order-1,0.02,74165780,1073741824,6.91,3,5.31MB / 4.14MB,9.18MB / 77.8kB
6,2026-09-10T05:02:31.593574+00:00,13,2026-09-10T05:02:31.222023+00:00,false,microservices,product,d2fb7348a9b654f2a980abf713e63d08845974daaf5b346cd5af9da85dd9bdcc,tcc-microservices-experiment-product-1,82.56,81453384,1073741824,7.59,3,25.8MB / 27.4MB,9.97MB / 81.9kB
7,2026-09-10T05:02:32.593529+00:00,15,2026-09-10T05:02:32.221305+00:00,false,microservices,auth,86c2d0085d36bd760301e5d2973ea2e3095f1ef9ac6ba40b8ad53cbd558f03eb,tcc-microservices-experiment-auth-1,0.02,79219917,1073741824,7.38,3,45.4kB / 40.3kB,10.2MB / 65.5kB
7,2026-09-10T05:02:32.593529+00:00,15,2026-09-10T05:02:32.221305+00:00,false,microservices,gateway,f57950d12c017a55da43df31b6c0c88db4271ecb3f3d286840e21d556d95a768,tcc-microservices-experiment-gateway-1,72.13,463785165,536870912,86.4,77,23.7MB / 26.5MB,31.3MB / 197kB
7,2026-09-10T05:02:32.593529+00:00,15,2026-09-10T05:02:32.221305+00:00,false,microservices,mysql,cd47944ef99e8665c6fbc745fd26216210ace9a0a0f7070f60fa0881b6e8b8b0,tcc-microservices-experiment-mysql-1,23.47,542008934,1073741824,50.48,40,12MB / 26.2MB,45.8MB / 125MB
7,2026-09-10T05:02:32.593529+00:00,15,2026-09-10T05:02:32.221305+00:00,false,microservices,order,ecb2ecded5626a554a8771603ab0b81767de20383f94ec8bda435127193f2174,tcc-microservices-experiment-order-1,0.02,74165780,1073741824,6.91,3,5.31MB / 4.14MB,9.18MB / 77.8kB
7,2026-09-10T05:02:32.593529+00:00,15,2026-09-10T05:02:32.221305+00:00,false,microservices,product,d2fb7348a9b654f2a980abf713e63d08845974daaf5b346cd5af9da85dd9bdcc,tcc-microservices-experiment-product-1,82.91,80572580,1073741824,7.5,3,26.7MB / 28.3MB,9.97MB / 81.9kB
8,2026-09-10T05:02:33.593558+00:00,17,2026-09-10T05:02:33.221268+00:00,false,microservices,auth,86c2d0085d36bd760301e5d2973ea2e3095f1ef9ac6ba40b8ad53cbd558f03eb,tcc-microservices-experiment-auth-1,0.02,79219917,1073741824,7.38,3,45.4kB / 40.3kB,10.2MB / 65.5kB
8,2026-09-10T05:02:33.593558+00:00,17,2026-09-10T05:02:33.221268+00:00,false,microservices,gateway,f57950d12c017a55da43df31b6c0c88db4271ecb3f3d286840e21d556d95a768,tcc-microservices-experiment-gateway-1,74.46,464519168,536870912,86.53,77,24.4MB / 27.3MB,31.3MB / 197kB
8,2026-09-10T05:02:33.593558+00:00,17,2026-09-10T05:02:33.221268+00:00,false,microservices,mysql,cd47944ef99e8665c6fbc745fd26216210ace9a0a0f7070f60fa0881b6e8b8b0,tcc-microservices-experiment-mysql-1,28.18,542218650,1073741824,50.5,40,12.3MB / 26.8MB,45.8MB / 125MB
8,2026-09-10T05:02:33.593558+00:00,17,2026-09-10T05:02:33.221268+00:00,false,microservices,order,ecb2ecded5626a554a8771603ab0b81767de20383f94ec8bda435127193f2174,tcc-microservices-experiment-order-1,0.02,74165780,1073741824,6.91,3,5.31MB / 4.14MB,9.18MB / 77.8kB
8,2026-09-10T05:02:33.593558+00:00,17,2026-09-10T05:02:33.221268+00:00,false,microservices,product,d2fb7348a9b654f2a980abf713e63d08845974daaf5b346cd5af9da85dd9bdcc,tcc-microservices-experiment-product-1,83.16,80876667,1073741824,7.53,3,27.5MB / 29.2MB,9.97MB / 81.9kB
9,2026-09-10T05:02:34.593551+00:00,19,2026-09-10T05:02:34.220584+00:00,false,microservices,auth,86c2d0085d36bd760301e5d2973ea2e3095f1ef9ac6ba40b8ad53cbd558f03eb,tcc-microservices-experiment-auth-1,0.02,79219917,1073741824,7.38,3,45.4kB / 40.3kB,10.2MB / 65.5kB
9,2026-09-10T05:02:34.593551+00:00,19,2026-09-10T05:02:34.220584+00:00,false,microservices,gateway,f57950d12c017a55da43df31b6c0c88db4271ecb3f3d286840e21d556d95a768,tcc-microservices-experiment-gateway-1,49.32,465358029,536870912,86.67,77,25.2MB / 28.1MB,31.3MB / 197kB
9,2026-09-10T05:02:34.593551+00:00,19,2026-09-10T05:02:34.220584+00:00,false,microservices,mysql,cd47944ef99e8665c6fbc745fd26216210ace9a0a0f7070f60fa0881b6e8b8b0,tcc-microservices-experiment-mysql-1,23.89,541799219,1073741824,50.46,40,12.5MB / 27.4MB,45.8MB / 125MB
9,2026-09-10T05:02:34.593551+00:00,19,2026-09-10T05:02:34.220584+00:00,false,microservices,order,ecb2ecded5626a554a8771603ab0b81767de20383f94ec8bda435127193f2174,tcc-microservices-experiment-order-1,0.02,74165780,1073741824,6.91,3,5.31MB / 4.14MB,9.18MB / 77.8kB
9,2026-09-10T05:02:34.593551+00:00,19,2026-09-10T05:02:34.220584+00:00,false,microservices,product,d2fb7348a9b654f2a980abf713e63d08845974daaf5b346cd5af9da85dd9bdcc,tcc-microservices-experiment-product-1,82.59,80320922,1073741824,7.48,3,28.3MB / 30MB,9.97MB / 81.9kB
10,2026-09-10T05:02:35.593536+00:00,21,2026-09-10T05:02:35.221345+00:00,false,microservices,auth,86c2d0085d36bd760301e5d2973ea2e3095f1ef9ac6ba40b8ad53cbd558f03eb,tcc-microservices-experiment-auth-1,0.02,79219917,1073741824,7.38,3,45.4kB / 40.3kB,10.2MB / 65.5kB
10,2026-09-10T05:02:35.593536+00:00,21,2026-09-10T05:02:35.221345+00:00,false,microservices,gateway,f57950d12c017a55da43df31b6c0c88db4271ecb3f3d286840e21d556d95a768,tcc-microservices-experiment-gateway-1,55.53,464938598,536870912,86.59,77,25.9MB / 29MB,31.3MB / 197kB
10,2026-09-10T05:02:35.593536+00:00,21,2026-09-10T05:02:35.221345+00:00,false,microservices,mysql,cd47944ef99e8665c6fbc745fd26216210ace9a0a0f7070f60fa0881b6e8b8b0,tcc-microservices-experiment-mysql-1,28.55,541904077,1073741824,50.47,40,12.7MB / 28.1MB,45.8MB / 125MB
10,2026-09-10T05:02:35.593536+00:00,21,2026-09-10T05:02:35.221345+00:00,false,microservices,order,ecb2ecded5626a554a8771603ab0b81767de20383f94ec8bda435127193f2174,tcc-microservices-experiment-order-1,0.02,74165780,1073741824,6.91,3,5.31MB / 4.14MB,9.18MB / 77.8kB
10,2026-09-10T05:02:35.593536+00:00,21,2026-09-10T05:02:35.221345+00:00,false,microservices,product,d2fb7348a9b654f2a980abf713e63d08845974daaf5b346cd5af9da85dd9bdcc,tcc-microservices-experiment-product-1,83.05,80698409,1073741824,7.52,3,29.1MB / 30.9MB,9.97MB / 81.9kB
11,2026-09-10T05:02:36.593517+00:00,23,2026-09-10T05:02:36.221282+00:00,false,microservices,auth,86c2d0085d36bd760301e5d2973ea2e3095f1ef9ac6ba40b8ad53cbd558f03eb,tcc-microservices-experiment-auth-1,0.02,79219917,1073741824,7.38,3,45.4kB / 40.3kB,10.2MB / 65.5kB
11,2026-09-10T05:02:36.593517+00:00,23,2026-09-10T05:02:36.221282+00:00,false,microservices,gateway,f57950d12c017a55da43df31b6c0c88db4271ecb3f3d286840e21d556d95a768,tcc-microservices-experiment-gateway-1,41.31,464728883,536870912,86.57,77,26.7MB / 29.8MB,31.3MB / 197kB
11,2026-09-10T05:02:36.593517+00:00,23,2026-09-10T05:02:36.221282+00:00,false,microservices,mysql,cd47944ef99e8665c6fbc745fd26216210ace9a0a0f7070f60fa0881b6e8b8b0,tcc-microservices-experiment-mysql-1,23.25,540960358,1073741824,50.38,40,13MB / 28.7MB,45.8MB / 125MB
11,2026-09-10T05:02:36.593517+00:00,23,2026-09-10T05:02:36.221282+00:00,false,microservices,order,ecb2ecded5626a554a8771603ab0b81767de20383f94ec8bda435127193f2174,tcc-microservices-experiment-order-1,0.02,74165780,1073741824,6.91,3,5.31MB / 4.14MB,9.18MB / 77.8kB
11,2026-09-10T05:02:36.593517+00:00,23,2026-09-10T05:02:36.221282+00:00,false,microservices,product,d2fb7348a9b654f2a980abf713e63d08845974daaf5b346cd5af9da85dd9bdcc,tcc-microservices-experiment-product-1,83.85,80782295,1073741824,7.52,3,29.9MB / 31.8MB,9.97MB / 81.9kB
12,2026-09-10T05:02:37.593567+00:00,25,2026-09-10T05:02:37.221404+00:00,false,microservices,auth,86c2d0085d36bd760301e5d2973ea2e3095f1ef9ac6ba40b8ad53cbd558f03eb,tcc-microservices-experiment-auth-1,0.01,79219917,1073741824,7.38,3,45.4kB / 40.3kB,10.2MB / 65.5kB
12,2026-09-10T05:02:37.593567+00:00,25,2026-09-10T05:02:37.221404+00:00,false,microservices,gateway,f57950d12c017a55da43df31b6c0c88db4271ecb3f3d286840e21d556d95a768,tcc-microservices-experiment-gateway-1,39.81,464833741,536870912,86.58,77,27.4MB / 30.6MB,31.3MB / 197kB
12,2026-09-10T05:02:37.593567+00:00,25,2026-09-10T05:02:37.221404+00:00,false,microservices,mysql,cd47944ef99e8665c6fbc745fd26216210ace9a0a0f7070f60fa0881b6e8b8b0,tcc-microservices-experiment-mysql-1,28.04,541694362,1073741824,50.45,40,13.2MB / 29.3MB,45.8MB / 125MB
12,2026-09-10T05:02:37.593567+00:00,25,2026-09-10T05:02:37.221404+00:00,false,microservices,order,ecb2ecded5626a554a8771603ab0b81767de20383f94ec8bda435127193f2174,tcc-microservices-experiment-order-1,0.02,74165780,1073741824,6.91,3,5.31MB / 4.14MB,9.18MB / 77.8kB
12,2026-09-10T05:02:37.593567+00:00,25,2026-09-10T05:02:37.221404+00:00,false,microservices,product,d2fb7348a9b654f2a980abf713e63d08845974daaf5b346cd5af9da85dd9bdcc,tcc-microservices-experiment-product-1,83.03,80824238,1073741824,7.53,3,30.7MB / 32.6MB,9.97MB / 81.9kB
13,2026-09-10T05:02:38.593550+00:00,27,2026-09-10T05:02:38.221436+00:00,false,microservices,auth,86c2d0085d36bd760301e5d2973ea2e3095f1ef9ac6ba40b8ad53cbd558f03eb,tcc-microservices-experiment-auth-1,0.02,79219917,1073741824,7.38,3,45.4kB / 40.3kB,10.2MB / 65.5kB
13,2026-09-10T05:02:38.593550+00:00,27,2026-09-10T05:02:38.221436+00:00,false,microservices,gateway,f57950d12c017a55da43df31b6c0c88db4271ecb3f3d286840e21d556d95a768,tcc-microservices-experiment-gateway-1,42.98,463994880,536870912,86.43,77,28.1MB / 31.5MB,31.3MB / 197kB
13,2026-09-10T05:02:38.593550+00:00,27,2026-09-10T05:02:38.221436+00:00,false,microservices,mysql,cd47944ef99e8665c6fbc745fd26216210ace9a0a0f7070f60fa0881b6e8b8b0,tcc-microservices-experiment-mysql-1,23.23,541379789,1073741824,50.42,40,13.5MB / 30MB,45.8MB / 125MB
13,2026-09-10T05:02:38.593550+00:00,27,2026-09-10T05:02:38.221436+00:00,false,microservices,order,ecb2ecded5626a554a8771603ab0b81767de20383f94ec8bda435127193f2174,tcc-microservices-experiment-order-1,0.02,74165780,1073741824,6.91,3,5.31MB / 4.14MB,9.18MB / 77.8kB
13,2026-09-10T05:02:38.593550+00:00,27,2026-09-10T05:02:38.221436+00:00,false,microservices,product,d2fb7348a9b654f2a980abf713e63d08845974daaf5b346cd5af9da85dd9bdcc,tcc-microservices-experiment-product-1,84.21,80876667,1073741824,7.53,3,31.6MB / 33.6MB,9.97MB / 81.9kB
14,2026-09-10T05:02:39.593529+00:00,29,2026-09-10T05:02:39.221296+00:00,false,microservices,auth,86c2d0085d36bd760301e5d2973ea2e3095f1ef9ac6ba40b8ad53cbd558f03eb,tcc-microservices-experiment-auth-1,0.02,79219917,1073741824,7.38,3,45.4kB / 40.3kB,10.2MB / 65.5kB
14,2026-09-10T05:02:39.593529+00:00,29,2026-09-10T05:02:39.221296+00:00,false,microservices,gateway,f57950d12c017a55da43df31b6c0c88db4271ecb3f3d286840e21d556d95a768,tcc-microservices-experiment-gateway-1,41.37,464624026,536870912,86.54,77,28.9MB / 32.3MB,31.3MB / 197kB
14,2026-09-10T05:02:39.593529+00:00,29,2026-09-10T05:02:39.221296+00:00,false,microservices,mysql,cd47944ef99e8665c6fbc745fd26216210ace9a0a0f7070f60fa0881b6e8b8b0,tcc-microservices-experiment-mysql-1,27.26,541799219,1073741824,50.46,40,13.7MB / 30.6MB,45.8MB / 125MB
14,2026-09-10T05:02:39.593529+00:00,29,2026-09-10T05:02:39.221296+00:00,false,microservices,order,ecb2ecded5626a554a8771603ab0b81767de20383f94ec8bda435127193f2174,tcc-microservices-experiment-order-1,0.02,74165780,1073741824,6.91,3,5.31MB / 4.14MB,9.18MB / 77.8kB
14,2026-09-10T05:02:39.593529+00:00,29,2026-09-10T05:02:39.221296+00:00,false,microservices,product,d2fb7348a9b654f2a980abf713e63d08845974daaf5b346cd5af9da85dd9bdcc,tcc-microservices-experiment-product-1,85.32,82197873,1073741824,7.66,3,32.4MB / 34.4MB,9.97MB / 81.9kB
15,2026-09-10T05:02:40.593528+00:00,31,2026-09-10T05:02:40.221329+00:00,false,microservices,auth,86c2d0085d36bd760301e5d2973ea2e3095f1ef9ac6ba40b8ad53cbd558f03eb,tcc-microservices-experiment-auth-1,0.02,79219917,1073741824,7.38,3,45.4kB / 40.3kB,10.2MB / 65.5kB
15,2026-09-10T05:02:40.593528+00:00,31,2026-09-10T05:02:40.221329+00:00,false,microservices,gateway,f57950d12c017a55da43df31b6c0c88db4271ecb3f3d286840e21d556d95a768,tcc-microservices-experiment-gateway-1,59.32,464624026,536870912,86.54,77,29.6MB / 33.1MB,31.3MB / 197kB
15,2026-09-10T05:02:40.593528+00:00,31,2026-09-10T05:02:40.221329+00:00,false,microservices,mysql,cd47944ef99e8665c6fbc745fd26216210ace9a0a0f7070f60fa0881b6e8b8b0,tcc-microservices-experiment-mysql-1,24.04,540960358,1073741824,50.38,40,13.9MB / 31.3MB,45.8MB / 125MB
15,2026-09-10T05:02:40.593528+00:00,31,2026-09-10T05:02:40.221329+00:00,false,microservices,order,ecb2ecded5626a554a8771603ab0b81767de20383f94ec8bda435127193f2174,tcc-microservices-experiment-order-1,0.02,74165780,1073741824,6.91,3,5.31MB / 4.14MB,9.18MB / 77.8kB
15,2026-09-10T05:02:40.593528+00:00,31,2026-09-10T05:02:40.221329+00:00,false,microservices,product,d2fb7348a9b654f2a980abf713e63d08845974daaf5b346cd5af9da85dd9bdcc,tcc-microservices-experiment-product-1,82.24,81432412,1073741824,7.58,3,33.2MB / 35.3MB,9.97MB / 81.9kB
16,2026-09-10T05:02:41.593534+00:00,33,2026-09-10T05:02:41.221245+00:00,false,microservices,auth,86c2d0085d36bd760301e5d2973ea2e3095f1ef9ac6ba40b8ad53cbd558f03eb,tcc-microservices-experiment-auth-1,0.02,79219917,1073741824,7.38,3,45.4kB / 40.3kB,10.2MB / 65.5kB
16,2026-09-10T05:02:41.593534+00:00,33,2026-09-10T05:02:41.221245+00:00,false,microservices,gateway,f57950d12c017a55da43df31b6c0c88db4271ecb3f3d286840e21d556d95a768,tcc-microservices-experiment-gateway-1,77.31,465043456,536870912,86.62,77,30.4MB / 33.9MB,31.4MB / 197kB
16,2026-09-10T05:02:41.593534+00:00,33,2026-09-10T05:02:41.221245+00:00,false,microservices,mysql,cd47944ef99e8665c6fbc745fd26216210ace9a0a0f7070f60fa0881b6e8b8b0,tcc-microservices-experiment-mysql-1,28.65,541799219,1073741824,50.46,40,14.2MB / 31.9MB,45.8MB / 125MB
16,2026-09-10T05:02:41.593534+00:00,33,2026-09-10T05:02:41.221245+00:00,false,microservices,order,ecb2ecded5626a554a8771603ab0b81767de20383f94ec8bda435127193f2174,tcc-microservices-experiment-order-1,0.02,74165780,1073741824,6.91,3,5.31MB / 4.14MB,9.18MB / 77.8kB
16,2026-09-10T05:02:41.593534+00:00,33,2026-09-10T05:02:41.221245+00:00,false,microservices,product,d2fb7348a9b654f2a980abf713e63d08845974daaf5b346cd5af9da85dd9bdcc,tcc-microservices-experiment-product-1,82.17,81421926,1073741824,7.58,3,34MB / 36.2MB,9.97MB / 81.9kB
17,2026-09-10T05:02:42.593533+00:00,35,2026-09-10T05:02:42.221276+00:00,false,microservices,auth,86c2d0085d36bd760301e5d2973ea2e3095f1ef9ac6ba40b8ad53cbd558f03eb,tcc-microservices-experiment-auth-1,0.02,79219917,1073741824,7.38,3,45.4kB / 40.3kB,10.2MB / 65.5kB
17,2026-09-10T05:02:42.593533+00:00,35,2026-09-10T05:02:42.221276+00:00,false,microservices,gateway,f57950d12c017a55da43df31b6c0c88db4271ecb3f3d286840e21d556d95a768,tcc-microservices-experiment-gateway-1,76.23,464833741,536870912,86.58,77,31.1MB / 34.8MB,31.4MB / 213kB
17,2026-09-10T05:02:42.593533+00:00,35,2026-09-10T05:02:42.221276+00:00,false,microservices,mysql,cd47944ef99e8665c6fbc745fd26216210ace9a0a0f7070f60fa0881b6e8b8b0,tcc-microservices-experiment-mysql-1,24.45,541694362,1073741824,50.45,40,14.4MB / 32.6MB,45.8MB / 125MB
17,2026-09-10T05:02:42.593533+00:00,35,2026-09-10T05:02:42.221276+00:00,false,microservices,order,ecb2ecded5626a554a8771603ab0b81767de20383f94ec8bda435127193f2174,tcc-microservices-experiment-order-1,0.02,74165780,1073741824,6.91,3,5.31MB / 4.14MB,9.18MB / 77.8kB
17,2026-09-10T05:02:42.593533+00:00,35,2026-09-10T05:02:42.221276+00:00,false,microservices,product,d2fb7348a9b654f2a980abf713e63d08845974daaf5b346cd5af9da85dd9bdcc,tcc-microservices-experiment-product-1,82.37,81600184,1073741824,7.6,3,34.8MB / 37MB,9.97MB / 81.9kB
18,2026-09-10T05:02:43.593568+00:00,37,2026-09-10T05:02:43.221374+00:00,false,microservices,auth,86c2d0085d36bd760301e5d2973ea2e3095f1ef9ac6ba40b8ad53cbd558f03eb,tcc-microservices-experiment-auth-1,0.02,79219917,1073741824,7.38,3,45.4kB / 40.3kB,10.2MB / 65.5kB
18,2026-09-10T05:02:43.593568+00:00,37,2026-09-10T05:02:43.221374+00:00,false,microservices,gateway,f57950d12c017a55da43df31b6c0c88db4271ecb3f3d286840e21d556d95a768,tcc-microservices-experiment-gateway-1,57.6,465567744,536870912,86.72,77,31.9MB / 35.6MB,31.4MB / 213kB
18,2026-09-10T05:02:43.593568+00:00,37,2026-09-10T05:02:43.221374+00:00,false,microservices,mysql,cd47944ef99e8665c6fbc745fd26216210ace9a0a0f7070f60fa0881b6e8b8b0,tcc-microservices-experiment-mysql-1,28.59,542113792,1073741824,50.49,40,14.6MB / 33.2MB,45.8MB / 125MB
18,2026-09-10T05:02:43.593568+00:00,37,2026-09-10T05:02:43.221374+00:00,false,microservices,order,ecb2ecded5626a554a8771603ab0b81767de20383f94ec8bda435127193f2174,tcc-microservices-experiment-order-1,0.01,74165780,1073741824,6.91,3,5.31MB / 4.14MB,9.18MB / 77.8kB
18,2026-09-10T05:02:43.593568+00:00,37,2026-09-10T05:02:43.221374+00:00,false,microservices,product,d2fb7348a9b654f2a980abf713e63d08845974daaf5b346cd5af9da85dd9bdcc,tcc-microservices-experiment-product-1,82.76,81128325,1073741824,7.56,3,35.7MB / 37.9MB,9.97MB / 81.9kB
19,2026-09-10T05:02:44.593525+00:00,39,2026-09-10T05:02:44.221388+00:00,false,microservices,auth,86c2d0085d36bd760301e5d2973ea2e3095f1ef9ac6ba40b8ad53cbd558f03eb,tcc-microservices-experiment-auth-1,0.02,79219917,1073741824,7.38,3,45.4kB / 40.3kB,10.2MB / 65.5kB
19,2026-09-10T05:02:44.593525+00:00,39,2026-09-10T05:02:44.221388+00:00,false,microservices,gateway,f57950d12c017a55da43df31b6c0c88db4271ecb3f3d286840e21d556d95a768,tcc-microservices-experiment-gateway-1,87.02,471754342,536870912,87.87,77,32.6MB / 36.4MB,31.4MB / 213kB
19,2026-09-10T05:02:44.593525+00:00,39,2026-09-10T05:02:44.221388+00:00,false,microservices,mysql,cd47944ef99e8665c6fbc745fd26216210ace9a0a0f7070f60fa0881b6e8b8b0,tcc-microservices-experiment-mysql-1,24.82,541170074,1073741824,50.4,40,14.9MB / 33.8MB,45.8MB / 125MB
19,2026-09-10T05:02:44.593525+00:00,39,2026-09-10T05:02:44.221388+00:00,false,microservices,order,ecb2ecded5626a554a8771603ab0b81767de20383f94ec8bda435127193f2174,tcc-microservices-experiment-order-1,0.02,74165780,1073741824,6.91,3,5.31MB / 4.14MB,9.18MB / 77.8kB
19,2026-09-10T05:02:44.593525+00:00,39,2026-09-10T05:02:44.221388+00:00,false,microservices,product,d2fb7348a9b654f2a980abf713e63d08845974daaf5b346cd5af9da85dd9bdcc,tcc-microservices-experiment-product-1,81.93,81621156,1073741824,7.6,3,36.5MB / 38.8MB,9.97MB / 81.9kB
20,2026-09-10T05:02:45.593491+00:00,41,2026-09-10T05:02:45.221227+00:00,false,microservices,auth,86c2d0085d36bd760301e5d2973ea2e3095f1ef9ac6ba40b8ad53cbd558f03eb,tcc-microservices-experiment-auth-1,0.02,79219917,1073741824,7.38,3,45.4kB / 40.3kB,10.2MB / 65.5kB
20,2026-09-10T05:02:45.593491+00:00,41,2026-09-10T05:02:45.221227+00:00,false,microservices,gateway,f57950d12c017a55da43df31b6c0c88db4271ecb3f3d286840e21d556d95a768,tcc-microservices-experiment-gateway-1,41.35,464624026,536870912,86.54,77,33.3MB / 37.3MB,31.4MB / 213kB
20,2026-09-10T05:02:45.593491+00:00,41,2026-09-10T05:02:45.221227+00:00,false,microservices,mysql,cd47944ef99e8665c6fbc745fd26216210ace9a0a0f7070f60fa0881b6e8b8b0,tcc-microservices-experiment-mysql-1,28.35,542742938,1073741824,50.54,40,15.1MB / 34.5MB,45.8MB / 125MB
20,2026-09-10T05:02:45.593491+00:00,41,2026-09-10T05:02:45.221227+00:00,false,microservices,order,ecb2ecded5626a554a8771603ab0b81767de20383f94ec8bda435127193f2174,tcc-microservices-experiment-order-1,0.01,74165780,1073741824,6.91,3,5.31MB / 4.14MB,9.18MB / 77.8kB
20,2026-09-10T05:02:45.593491+00:00,41,2026-09-10T05:02:45.221227+00:00,false,microservices,product,d2fb7348a9b654f2a980abf713e63d08845974daaf5b346cd5af9da85dd9bdcc,tcc-microservices-experiment-product-1,82.66,81799414,1073741824,7.62,3,37.3MB / 39.7MB,9.97MB / 81.9kB
21,2026-09-10T05:02:46.593562+00:00,43,2026-09-10T05:02:46.221433+00:00,false,microservices,auth,86c2d0085d36bd760301e5d2973ea2e3095f1ef9ac6ba40b8ad53cbd558f03eb,tcc-microservices-experiment-auth-1,0.02,79219917,1073741824,7.38,3,45.4kB / 40.3kB,10.2MB / 65.5kB
21,2026-09-10T05:02:46.593562+00:00,43,2026-09-10T05:02:46.221433+00:00,false,microservices,gateway,f57950d12c017a55da43df31b6c0c88db4271ecb3f3d286840e21d556d95a768,tcc-microservices-experiment-gateway-1,32.76,464099738,536870912,86.45,77,34.1MB / 38.1MB,31.4MB / 213kB
21,2026-09-10T05:02:46.593562+00:00,43,2026-09-10T05:02:46.221433+00:00,false,microservices,mysql,cd47944ef99e8665c6fbc745fd26216210ace9a0a0f7070f60fa0881b6e8b8b0,tcc-microservices-experiment-mysql-1,24.01,541274931,1073741824,50.41,40,15.4MB / 35.1MB,45.8MB / 125MB
21,2026-09-10T05:02:46.593562+00:00,43,2026-09-10T05:02:46.221433+00:00,false,microservices,order,ecb2ecded5626a554a8771603ab0b81767de20383f94ec8bda435127193f2174,tcc-microservices-experiment-order-1,0.02,74165780,1073741824,6.91,3,5.31MB / 4.14MB,9.18MB / 77.8kB
21,2026-09-10T05:02:46.593562+00:00,43,2026-09-10T05:02:46.221433+00:00,false,microservices,product,d2fb7348a9b654f2a980abf713e63d08845974daaf5b346cd5af9da85dd9bdcc,tcc-microservices-experiment-product-1,84.07,81799414,1073741824,7.62,3,38.2MB / 40.6MB,9.97MB / 81.9kB
22,2026-09-10T05:02:47.593556+00:00,45,2026-09-10T05:02:47.221319+00:00,false,microservices,auth,86c2d0085d36bd760301e5d2973ea2e3095f1ef9ac6ba40b8ad53cbd558f03eb,tcc-microservices-experiment-auth-1,0.02,79219917,1073741824,7.38,3,45.4kB / 40.3kB,10.2MB / 65.5kB
22,2026-09-10T05:02:47.593556+00:00,45,2026-09-10T05:02:47.221319+00:00,false,microservices,gateway,f57950d12c017a55da43df31b6c0c88db4271ecb3f3d286840e21d556d95a768,tcc-microservices-experiment-gateway-1,45.0,464728883,536870912,86.56,77,34.8MB / 38.9MB,31.4MB / 213kB
22,2026-09-10T05:02:47.593556+00:00,45,2026-09-10T05:02:47.221319+00:00,false,microservices,mysql,cd47944ef99e8665c6fbc745fd26216210ace9a0a0f7070f60fa0881b6e8b8b0,tcc-microservices-experiment-mysql-1,29.8,544210944,1073741824,50.68,40,15.6MB / 35.8MB,47.6MB / 125MB
22,2026-09-10T05:02:47.593556+00:00,45,2026-09-10T05:02:47.221319+00:00,false,microservices,order,ecb2ecded5626a554a8771603ab0b81767de20383f94ec8bda435127193f2174,tcc-microservices-experiment-order-1,0.02,74165780,1073741824,6.91,3,5.31MB / 4.14MB,9.18MB / 77.8kB
22,2026-09-10T05:02:47.593556+00:00,45,2026-09-10T05:02:47.221319+00:00,false,microservices,product,d2fb7348a9b654f2a980abf713e63d08845974daaf5b346cd5af9da85dd9bdcc,tcc-microservices-experiment-product-1,81.38,81516298,1073741824,7.59,3,39MB / 41.5MB,9.97MB / 81.9kB
23,2026-09-10T05:02:48.593525+00:00,47,2026-09-10T05:02:48.221539+00:00,false,microservices,auth,86c2d0085d36bd760301e5d2973ea2e3095f1ef9ac6ba40b8ad53cbd558f03eb,tcc-microservices-experiment-auth-1,0.02,79219917,1073741824,7.38,3,45.4kB / 40.3kB,10.2MB / 65.5kB
23,2026-09-10T05:02:48.593525+00:00,47,2026-09-10T05:02:48.221539+00:00,false,microservices,gateway,f57950d12c017a55da43df31b6c0c88db4271ecb3f3d286840e21d556d95a768,tcc-microservices-experiment-gateway-1,47.0,465148314,536870912,86.64,77,35.6MB / 39.8MB,31.4MB / 213kB
23,2026-09-10T05:02:48.593525+00:00,47,2026-09-10T05:02:48.221539+00:00,false,microservices,mysql,cd47944ef99e8665c6fbc745fd26216210ace9a0a0f7070f60fa0881b6e8b8b0,tcc-microservices-experiment-mysql-1,24.48,543267226,1073741824,50.6,40,15.8MB / 36.4MB,47.6MB / 125MB
23,2026-09-10T05:02:48.593525+00:00,47,2026-09-10T05:02:48.221539+00:00,false,microservices,order,ecb2ecded5626a554a8771603ab0b81767de20383f94ec8bda435127193f2174,tcc-microservices-experiment-order-1,0.02,74165780,1073741824,6.91,3,5.31MB / 4.14MB,9.18MB / 77.8kB
23,2026-09-10T05:02:48.593525+00:00,47,2026-09-10T05:02:48.221539+00:00,false,microservices,product,d2fb7348a9b654f2a980abf713e63d08845974daaf5b346cd5af9da85dd9bdcc,tcc-microservices-experiment-product-1,82.17,81621156,1073741824,7.6,3,39.8MB / 42.4MB,9.97MB / 81.9kB
24,2026-09-10T05:02:49.593533+00:00,49,2026-09-10T05:02:49.221587+00:00,false,microservices,auth,86c2d0085d36bd760301e5d2973ea2e3095f1ef9ac6ba40b8ad53cbd558f03eb,tcc-microservices-experiment-auth-1,0.02,79219917,1073741824,7.38,3,45.4kB / 40.3kB,10.2MB / 65.5kB
24,2026-09-10T05:02:49.593533+00:00,49,2026-09-10T05:02:49.221587+00:00,false,microservices,gateway,f57950d12c017a55da43df31b6c0c88db4271ecb3f3d286840e21d556d95a768,tcc-microservices-experiment-gateway-1,41.39,464309453,536870912,86.48,77,36.3MB / 40.6MB,31.4MB / 213kB
24,2026-09-10T05:02:49.593533+00:00,49,2026-09-10T05:02:49.221587+00:00,false,microservices,mysql,cd47944ef99e8665c6fbc745fd26216210ace9a0a0f7070f60fa0881b6e8b8b0,tcc-microservices-experiment-mysql-1,27.97,550292685,1073741824,51.25,41,16.1MB / 37.1MB,47.6MB / 125MB
24,2026-09-10T05:02:49.593533+00:00,49,2026-09-10T05:02:49.221587+00:00,false,microservices,order,ecb2ecded5626a554a8771603ab0b81767de20383f94ec8bda435127193f2174,tcc-microservices-experiment-order-1,0.02,74165780,1073741824,6.91,3,5.31MB / 4.14MB,9.18MB / 77.8kB
24,2026-09-10T05:02:49.593533+00:00,49,2026-09-10T05:02:49.221587+00:00,false,microservices,product,d2fb7348a9b654f2a980abf713e63d08845974daaf5b346cd5af9da85dd9bdcc,tcc-microservices-experiment-product-1,82.35,81159782,1073741824,7.56,3,40.7MB / 43.3MB,9.97MB / 81.9kB
25,2026-09-10T05:02:50.593536+00:00,51,2026-09-10T05:02:50.221421+00:00,false,microservices,auth,86c2d0085d36bd760301e5d2973ea2e3095f1ef9ac6ba40b8ad53cbd558f03eb,tcc-microservices-experiment-auth-1,0.02,79219917,1073741824,7.38,3,45.4kB / 40.3kB,10.2MB / 65.5kB
25,2026-09-10T05:02:50.593536+00:00,51,2026-09-10T05:02:50.221421+00:00,false,microservices,gateway,f57950d12c017a55da43df31b6c0c88db4271ecb3f3d286840e21d556d95a768,tcc-microservices-experiment-gateway-1,65.92,464414310,536870912,86.5,77,37.1MB / 41.5MB,31.4MB / 213kB
25,2026-09-10T05:02:50.593536+00:00,51,2026-09-10T05:02:50.221421+00:00,false,microservices,mysql,cd47944ef99e8665c6fbc745fd26216210ace9a0a0f7070f60fa0881b6e8b8b0,tcc-microservices-experiment-mysql-1,25.79,542952653,1073741824,50.57,40,16.3MB / 37.7MB,47.6MB / 125MB
25,2026-09-10T05:02:50.593536+00:00,51,2026-09-10T05:02:50.221421+00:00,false,microservices,order,ecb2ecded5626a554a8771603ab0b81767de20383f94ec8bda435127193f2174,tcc-microservices-experiment-order-1,0.02,74165780,1073741824,6.91,3,5.31MB / 4.14MB,9.18MB / 77.8kB
25,2026-09-10T05:02:50.593536+00:00,51,2026-09-10T05:02:50.221421+00:00,false,microservices,product,d2fb7348a9b654f2a980abf713e63d08845974daaf5b346cd5af9da85dd9bdcc,tcc-microservices-experiment-product-1,82.06,81862328,1073741824,7.62,3,41.5MB / 44.1MB,9.97MB / 81.9kB
26,2026-09-10T05:02:51.593524+00:00,53,2026-09-10T05:02:51.221436+00:00,false,microservices,auth,86c2d0085d36bd760301e5d2973ea2e3095f1ef9ac6ba40b8ad53cbd558f03eb,tcc-microservices-experiment-auth-1,0.02,79219917,1073741824,7.38,3,45.5kB / 40.3kB,10.2MB / 65.5kB
26,2026-09-10T05:02:51.593524+00:00,53,2026-09-10T05:02:51.221436+00:00,false,microservices,gateway,f57950d12c017a55da43df31b6c0c88db4271ecb3f3d286840e21d556d95a768,tcc-microservices-experiment-gateway-1,60.43,464938598,536870912,86.61,77,37.8MB / 42.3MB,31.4MB / 213kB
26,2026-09-10T05:02:51.593524+00:00,53,2026-09-10T05:02:51.221436+00:00,false,microservices,mysql,cd47944ef99e8665c6fbc745fd26216210ace9a0a0f7070f60fa0881b6e8b8b0,tcc-microservices-experiment-mysql-1,24.32,543162368,1073741824,50.59,40,16.6MB / 38.4MB,47.6MB / 125MB
26,2026-09-10T05:02:51.593524+00:00,53,2026-09-10T05:02:51.221436+00:00,false,microservices,order,ecb2ecded5626a554a8771603ab0b81767de20383f94ec8bda435127193f2174,tcc-microservices-experiment-order-1,0.02,74165780,1073741824,6.91,3,5.31MB / 4.14MB,9.18MB / 77.8kB
26,2026-09-10T05:02:51.593524+00:00,53,2026-09-10T05:02:51.221436+00:00,false,microservices,product,d2fb7348a9b654f2a980abf713e63d08845974daaf5b346cd5af9da85dd9bdcc,tcc-microservices-experiment-product-1,82.66,81956700,1073741824,7.63,3,42.3MB / 45MB,9.97MB / 81.9kB
27,2026-09-10T05:02:52.593534+00:00,55,2026-09-10T05:02:52.221246+00:00,false,microservices,auth,86c2d0085d36bd760301e5d2973ea2e3095f1ef9ac6ba40b8ad53cbd558f03eb,tcc-microservices-experiment-auth-1,0.02,79219917,1073741824,7.38,3,45.5kB / 40.3kB,10.2MB / 65.5kB
27,2026-09-10T05:02:52.593534+00:00,55,2026-09-10T05:02:52.221246+00:00,false,microservices,gateway,f57950d12c017a55da43df31b6c0c88db4271ecb3f3d286840e21d556d95a768,tcc-microservices-experiment-gateway-1,83.07,464938598,536870912,86.6,77,38.6MB / 43.1MB,31.4MB / 213kB
27,2026-09-10T05:02:52.593534+00:00,55,2026-09-10T05:02:52.221246+00:00,false,microservices,mysql,cd47944ef99e8665c6fbc745fd26216210ace9a0a0f7070f60fa0881b6e8b8b0,tcc-microservices-experiment-mysql-1,29.03,543372083,1073741824,50.6,40,16.8MB / 39MB,47.6MB / 125MB
27,2026-09-10T05:02:52.593534+00:00,55,2026-09-10T05:02:52.221246+00:00,false,microservices,order,ecb2ecded5626a554a8771603ab0b81767de20383f94ec8bda435127193f2174,tcc-microservices-experiment-order-1,0.02,74165780,1073741824,6.91,3,5.31MB / 4.14MB,9.18MB / 77.8kB
27,2026-09-10T05:02:52.593534+00:00,55,2026-09-10T05:02:52.221246+00:00,false,microservices,product,d2fb7348a9b654f2a980abf713e63d08845974daaf5b346cd5af9da85dd9bdcc,tcc-microservices-experiment-product-1,81.85,81862328,1073741824,7.62,3,43.1MB / 45.9MB,9.97MB / 81.9kB
28,2026-09-10T05:02:53.593556+00:00,57,2026-09-10T05:02:53.221276+00:00,false,microservices,auth,86c2d0085d36bd760301e5d2973ea2e3095f1ef9ac6ba40b8ad53cbd558f03eb,tcc-microservices-experiment-auth-1,0.02,79219917,1073741824,7.38,3,45.6kB / 40.3kB,10.2MB / 65.5kB
28,2026-09-10T05:02:53.593556+00:00,57,2026-09-10T05:02:53.221276+00:00,false,microservices,gateway,f57950d12c017a55da43df31b6c0c88db4271ecb3f3d286840e21d556d95a768,tcc-microservices-experiment-gateway-1,35.27,465567744,536870912,86.72,77,39.3MB / 43.9MB,31.4MB / 213kB
28,2026-09-10T05:02:53.593556+00:00,57,2026-09-10T05:02:53.221276+00:00,false,microservices,mysql,cd47944ef99e8665c6fbc745fd26216210ace9a0a0f7070f60fa0881b6e8b8b0,tcc-microservices-experiment-mysql-1,23.48,543057510,1073741824,50.57,40,17MB / 39.6MB,47.6MB / 125MB
28,2026-09-10T05:02:53.593556+00:00,57,2026-09-10T05:02:53.221276+00:00,false,microservices,order,ecb2ecded5626a554a8771603ab0b81767de20383f94ec8bda435127193f2174,tcc-microservices-experiment-order-1,0.02,74165780,1073741824,6.91,3,5.31MB / 4.14MB,9.18MB / 77.8kB
28,2026-09-10T05:02:53.593556+00:00,57,2026-09-10T05:02:53.221276+00:00,false,microservices,product,d2fb7348a9b654f2a980abf713e63d08845974daaf5b346cd5af9da85dd9bdcc,tcc-microservices-experiment-product-1,83.55,81705042,1073741824,7.61,3,43.9MB / 46.7MB,9.97MB / 81.9kB
29,2026-09-10T05:02:54.593549+00:00,59,2026-09-10T05:02:54.221531+00:00,false,microservices,auth,86c2d0085d36bd760301e5d2973ea2e3095f1ef9ac6ba40b8ad53cbd558f03eb,tcc-microservices-experiment-auth-1,0.02,79219917,1073741824,7.38,3,45.6kB / 40.3kB,10.2MB / 65.5kB
29,2026-09-10T05:02:54.593549+00:00,59,2026-09-10T05:02:54.221531+00:00,false,microservices,gateway,f57950d12c017a55da43df31b6c0c88db4271ecb3f3d286840e21d556d95a768,tcc-microservices-experiment-gateway-1,32.36,465253171,536870912,86.65,77,40MB / 44.7MB,31.4MB / 213kB
29,2026-09-10T05:02:54.593549+00:00,59,2026-09-10T05:02:54.221531+00:00,false,microservices,mysql,cd47944ef99e8665c6fbc745fd26216210ace9a0a0f7070f60fa0881b6e8b8b0,tcc-microservices-experiment-mysql-1,29.28,543372083,1073741824,50.61,40,17.3MB / 40.2MB,47.6MB / 125MB
29,2026-09-10T05:02:54.593549+00:00,59,2026-09-10T05:02:54.221531+00:00,false,microservices,order,ecb2ecded5626a554a8771603ab0b81767de20383f94ec8bda435127193f2174,tcc-microservices-experiment-order-1,0.02,74165780,1073741824,6.91,3,5.31MB / 4.14MB,9.18MB / 77.8kB
29,2026-09-10T05:02:54.593549+00:00,59,2026-09-10T05:02:54.221531+00:00,false,microservices,product,d2fb7348a9b654f2a980abf713e63d08845974daaf5b346cd5af9da85dd9bdcc,tcc-microservices-experiment-product-1,82.24,81746985,1073741824,7.61,3,44.7MB / 47.6MB,9.97MB / 81.9kB
30,2026-09-10T05:02:55.593543+00:00,61,2026-09-10T05:02:55.220535+00:00,false,microservices,auth,86c2d0085d36bd760301e5d2973ea2e3095f1ef9ac6ba40b8ad53cbd558f03eb,tcc-microservices-experiment-auth-1,0.02,79219917,1073741824,7.38,3,45.6kB / 40.3kB,10.2MB / 65.5kB
30,2026-09-10T05:02:55.593543+00:00,61,2026-09-10T05:02:55.220535+00:00,false,microservices,gateway,f57950d12c017a55da43df31b6c0c88db4271ecb3f3d286840e21d556d95a768,tcc-microservices-experiment-gateway-1,32.4,464938598,536870912,86.61,77,40.8MB / 45.6MB,31.4MB / 213kB
30,2026-09-10T05:02:55.593543+00:00,61,2026-09-10T05:02:55.220535+00:00,false,microservices,mysql,cd47944ef99e8665c6fbc745fd26216210ace9a0a0f7070f60fa0881b6e8b8b0,tcc-microservices-experiment-mysql-1,24.64,543581798,1073741824,50.62,40,17.5MB / 40.9MB,47.6MB / 125MB
30,2026-09-10T05:02:55.593543+00:00,61,2026-09-10T05:02:55.220535+00:00,false,microservices,order,ecb2ecded5626a554a8771603ab0b81767de20383f94ec8bda435127193f2174,tcc-microservices-experiment-order-1,0.02,74165780,1073741824,6.91,3,5.31MB / 4.14MB,9.18MB / 77.8kB
30,2026-09-10T05:02:55.593543+00:00,61,2026-09-10T05:02:55.220535+00:00,false,microservices,product,d2fb7348a9b654f2a980abf713e63d08845974daaf5b346cd5af9da85dd9bdcc,tcc-microservices-experiment-product-1,81.76,82659246,1073741824,7.7,3,45.6MB / 48.5MB,9.97MB / 81.9kB
31,2026-09-10T05:02:56.593547+00:00,63,2026-09-10T05:02:56.221219+00:00,false,microservices,auth,86c2d0085d36bd760301e5d2973ea2e3095f1ef9ac6ba40b8ad53cbd558f03eb,tcc-microservices-experiment-auth-1,0.02,79219917,1073741824,7.38,3,45.7kB / 40.3kB,10.2MB / 65.5kB
31,2026-09-10T05:02:56.593547+00:00,63,2026-09-10T05:02:56.221219+00:00,false,microservices,gateway,f57950d12c017a55da43df31b6c0c88db4271ecb3f3d286840e21d556d95a768,tcc-microservices-experiment-gateway-1,32.59,465462886,536870912,86.7,77,41.5MB / 46.4MB,31.4MB / 213kB
31,2026-09-10T05:02:56.593547+00:00,63,2026-09-10T05:02:56.221219+00:00,false,microservices,mysql,cd47944ef99e8665c6fbc745fd26216210ace9a0a0f7070f60fa0881b6e8b8b0,tcc-microservices-experiment-mysql-1,28.21,543372083,1073741824,50.6,40,17.7MB / 41.5MB,47.6MB / 125MB
31,2026-09-10T05:02:56.593547+00:00,63,2026-09-10T05:02:56.221219+00:00,false,microservices,order,ecb2ecded5626a554a8771603ab0b81767de20383f94ec8bda435127193f2174,tcc-microservices-experiment-order-1,0.02,74165780,1073741824,6.91,3,5.31MB / 4.14MB,9.18MB / 77.8kB
31,2026-09-10T05:02:56.593547+00:00,63,2026-09-10T05:02:56.221219+00:00,false,microservices,product,d2fb7348a9b654f2a980abf713e63d08845974daaf5b346cd5af9da85dd9bdcc,tcc-microservices-experiment-product-1,82.84,82019615,1073741824,7.64,3,46.4MB / 49.4MB,9.97MB / 81.9kB
32,2026-09-10T05:02:57.593561+00:00,65,2026-09-10T05:02:57.221178+00:00,false,microservices,auth,86c2d0085d36bd760301e5d2973ea2e3095f1ef9ac6ba40b8ad53cbd558f03eb,tcc-microservices-experiment-auth-1,0.02,79219917,1073741824,7.38,3,45.7kB / 40.3kB,10.2MB / 65.5kB
32,2026-09-10T05:02:57.593561+00:00,65,2026-09-10T05:02:57.221178+00:00,false,microservices,gateway,f57950d12c017a55da43df31b6c0c88db4271ecb3f3d286840e21d556d95a768,tcc-microservices-experiment-gateway-1,39.16,464624026,536870912,86.54,77,42.3MB / 47.3MB,31.4MB / 225kB
32,2026-09-10T05:02:57.593561+00:00,65,2026-09-10T05:02:57.221178+00:00,false,microservices,mysql,cd47944ef99e8665c6fbc745fd26216210ace9a0a0f7070f60fa0881b6e8b8b0,tcc-microservices-experiment-mysql-1,25.72,543057510,1073741824,50.57,40,18MB / 42.2MB,47.6MB / 125MB
32,2026-09-10T05:02:57.593561+00:00,65,2026-09-10T05:02:57.221178+00:00,false,microservices,order,ecb2ecded5626a554a8771603ab0b81767de20383f94ec8bda435127193f2174,tcc-microservices-experiment-order-1,0.02,74165780,1073741824,6.91,3,5.31MB / 4.14MB,9.18MB / 77.8kB
32,2026-09-10T05:02:57.593561+00:00,65,2026-09-10T05:02:57.221178+00:00,false,microservices,product,d2fb7348a9b654f2a980abf713e63d08845974daaf5b346cd5af9da85dd9bdcc,tcc-microservices-experiment-product-1,80.93,82575360,1073741824,7.69,3,47.2MB / 50.3MB,9.97MB / 81.9kB
33,2026-09-10T05:02:58.593532+00:00,67,2026-09-10T05:02:58.221476+00:00,false,microservices,auth,86c2d0085d36bd760301e5d2973ea2e3095f1ef9ac6ba40b8ad53cbd558f03eb,tcc-microservices-experiment-auth-1,0.02,79219917,1073741824,7.38,3,45.7kB / 40.3kB,10.2MB / 65.5kB
33,2026-09-10T05:02:58.593532+00:00,67,2026-09-10T05:02:58.221476+00:00,false,microservices,gateway,f57950d12c017a55da43df31b6c0c88db4271ecb3f3d286840e21d556d95a768,tcc-microservices-experiment-gateway-1,45.95,465253171,536870912,86.66,77,43MB / 48.1MB,31.4MB / 225kB
33,2026-09-10T05:02:58.593532+00:00,67,2026-09-10T05:02:58.221476+00:00,false,microservices,mysql,cd47944ef99e8665c6fbc745fd26216210ace9a0a0f7070f60fa0881b6e8b8b0,tcc-microservices-experiment-mysql-1,29.72,544001229,1073741824,50.66,40,18.2MB / 42.8MB,47.6MB / 125MB
33,2026-09-10T05:02:58.593532+00:00,67,2026-09-10T05:02:58.221476+00:00,false,microservices,order,ecb2ecded5626a554a8771603ab0b81767de20383f94ec8bda435127193f2174,tcc-microservices-experiment-order-1,0.02,74165780,1073741824,6.91,3,5.31MB / 4.14MB,9.18MB / 77.8kB
33,2026-09-10T05:02:58.593532+00:00,67,2026-09-10T05:02:58.221476+00:00,false,microservices,product,d2fb7348a9b654f2a980abf713e63d08845974daaf5b346cd5af9da85dd9bdcc,tcc-microservices-experiment-product-1,81.61,82460017,1073741824,7.68,3,48MB / 51.1MB,9.97MB / 81.9kB
34,2026-09-10T05:02:59.593554+00:00,69,2026-09-10T05:02:59.220907+00:00,false,microservices,auth,86c2d0085d36bd760301e5d2973ea2e3095f1ef9ac6ba40b8ad53cbd558f03eb,tcc-microservices-experiment-auth-1,0.02,79219917,1073741824,7.38,3,45.7kB / 40.3kB,10.2MB / 65.5kB
34,2026-09-10T05:02:59.593554+00:00,69,2026-09-10T05:02:59.220907+00:00,false,microservices,gateway,f57950d12c017a55da43df31b6c0c88db4271ecb3f3d286840e21d556d95a768,tcc-microservices-experiment-gateway-1,49.68,465358029,536870912,86.68,77,43.8MB / 48.9MB,31.4MB / 225kB
34,2026-09-10T05:02:59.593554+00:00,69,2026-09-10T05:02:59.220907+00:00,false,microservices,mysql,cd47944ef99e8665c6fbc745fd26216210ace9a0a0f7070f60fa0881b6e8b8b0,tcc-microservices-experiment-mysql-1,24.9,543686656,1073741824,50.64,40,18.5MB / 43.5MB,47.6MB / 125MB
34,2026-09-10T05:02:59.593554+00:00,69,2026-09-10T05:02:59.220907+00:00,false,microservices,order,ecb2ecded5626a554a8771603ab0b81767de20383f94ec8bda435127193f2174,tcc-microservices-experiment-order-1,0.02,74165780,1073741824,6.91,3,5.31MB / 4.14MB,9.18MB / 77.8kB
34,2026-09-10T05:02:59.593554+00:00,69,2026-09-10T05:02:59.220907+00:00,false,microservices,product,d2fb7348a9b654f2a980abf713e63d08845974daaf5b346cd5af9da85dd9bdcc,tcc-microservices-experiment-product-1,82.1,83047219,1073741824,7.73,3,48.9MB / 52MB,9.97MB / 81.9kB
35,2026-09-10T05:03:00.593517+00:00,71,2026-09-10T05:03:00.221469+00:00,false,microservices,auth,86c2d0085d36bd760301e5d2973ea2e3095f1ef9ac6ba40b8ad53cbd558f03eb,tcc-microservices-experiment-auth-1,0.02,79219917,1073741824,7.38,3,45.7kB / 40.3kB,10.2MB / 65.5kB
35,2026-09-10T05:03:00.593517+00:00,71,2026-09-10T05:03:00.221469+00:00,false,microservices,gateway,f57950d12c017a55da43df31b6c0c88db4271ecb3f3d286840e21d556d95a768,tcc-microservices-experiment-gateway-1,39.32,465043456,536870912,86.62,77,44.5MB / 49.8MB,31.4MB / 225kB
35,2026-09-10T05:03:00.593517+00:00,71,2026-09-10T05:03:00.221469+00:00,false,microservices,mysql,cd47944ef99e8665c6fbc745fd26216210ace9a0a0f7070f60fa0881b6e8b8b0,tcc-microservices-experiment-mysql-1,29.83,542847795,1073741824,50.56,40,18.7MB / 44.1MB,47.6MB / 125MB
35,2026-09-10T05:03:00.593517+00:00,71,2026-09-10T05:03:00.221469+00:00,false,microservices,order,ecb2ecded5626a554a8771603ab0b81767de20383f94ec8bda435127193f2174,tcc-microservices-experiment-order-1,0.02,74165780,1073741824,6.91,3,5.31MB / 4.14MB,9.18MB / 77.8kB
35,2026-09-10T05:03:00.593517+00:00,71,2026-09-10T05:03:00.221469+00:00,false,microservices,product,d2fb7348a9b654f2a980abf713e63d08845974daaf5b346cd5af9da85dd9bdcc,tcc-microservices-experiment-product-1,81.85,82921390,1073741824,7.72,3,49.7MB / 52.9MB,9.97MB / 81.9kB
36,2026-09-10T05:03:01.593529+00:00,73,2026-09-10T05:03:01.221327+00:00,false,microservices,auth,86c2d0085d36bd760301e5d2973ea2e3095f1ef9ac6ba40b8ad53cbd558f03eb,tcc-microservices-experiment-auth-1,0.02,79219917,1073741824,7.38,3,45.7kB / 40.3kB,10.2MB / 65.5kB
36,2026-09-10T05:03:01.593529+00:00,73,2026-09-10T05:03:01.221327+00:00,false,microservices,gateway,f57950d12c017a55da43df31b6c0c88db4271ecb3f3d286840e21d556d95a768,tcc-microservices-experiment-gateway-1,31.43,465777459,536870912,86.75,77,45.3MB / 50.6MB,31.4MB / 225kB
36,2026-09-10T05:03:01.593529+00:00,73,2026-09-10T05:03:01.221327+00:00,false,microservices,mysql,cd47944ef99e8665c6fbc745fd26216210ace9a0a0f7070f60fa0881b6e8b8b0,tcc-microservices-experiment-mysql-1,25.42,543057510,1073741824,50.58,40,18.9MB / 44.8MB,47.6MB / 125MB
36,2026-09-10T05:03:01.593529+00:00,73,2026-09-10T05:03:01.221327+00:00,false,microservices,order,ecb2ecded5626a554a8771603ab0b81767de20383f94ec8bda435127193f2174,tcc-microservices-experiment-order-1,0.02,74165780,1073741824,6.91,3,5.31MB / 4.14MB,9.18MB / 77.8kB
36,2026-09-10T05:03:01.593529+00:00,73,2026-09-10T05:03:01.221327+00:00,false,microservices,product,d2fb7348a9b654f2a980abf713e63d08845974daaf5b346cd5af9da85dd9bdcc,tcc-microservices-experiment-product-1,81.64,83592479,1073741824,7.79,3,50.5MB / 53.8MB,9.97MB / 81.9kB
37,2026-09-10T05:03:02.593552+00:00,75,2026-09-10T05:03:02.221450+00:00,false,microservices,auth,86c2d0085d36bd760301e5d2973ea2e3095f1ef9ac6ba40b8ad53cbd558f03eb,tcc-microservices-experiment-auth-1,0.02,79219917,1073741824,7.38,3,45.7kB / 40.3kB,10.2MB / 65.5kB
37,2026-09-10T05:03:02.593552+00:00,75,2026-09-10T05:03:02.221450+00:00,false,microservices,gateway,f57950d12c017a55da43df31b6c0c88db4271ecb3f3d286840e21d556d95a768,tcc-microservices-experiment-gateway-1,32.01,465253171,536870912,86.66,77,46MB / 51.4MB,31.4MB / 225kB
37,2026-09-10T05:03:02.593552+00:00,75,2026-09-10T05:03:02.221450+00:00,false,microservices,mysql,cd47944ef99e8665c6fbc745fd26216210ace9a0a0f7070f60fa0881b6e8b8b0,tcc-microservices-experiment-mysql-1,29.48,543686656,1073741824,50.64,40,19.2MB / 45.4MB,47.6MB / 125MB
37,2026-09-10T05:03:02.593552+00:00,75,2026-09-10T05:03:02.221450+00:00,false,microservices,order,ecb2ecded5626a554a8771603ab0b81767de20383f94ec8bda435127193f2174,tcc-microservices-experiment-order-1,0.02,74165780,1073741824,6.91,3,5.31MB / 4.14MB,9.18MB / 77.8kB
37,2026-09-10T05:03:02.593552+00:00,75,2026-09-10T05:03:02.221450+00:00,false,microservices,product,d2fb7348a9b654f2a980abf713e63d08845974daaf5b346cd5af9da85dd9bdcc,tcc-microservices-experiment-product-1,82.13,82187387,1073741824,7.65,3,51.4MB / 54.7MB,9.97MB / 81.9kB
38,2026-09-10T05:03:03.593564+00:00,77,2026-09-10T05:03:03.221568+00:00,false,microservices,auth,86c2d0085d36bd760301e5d2973ea2e3095f1ef9ac6ba40b8ad53cbd558f03eb,tcc-microservices-experiment-auth-1,0.02,79219917,1073741824,7.38,3,45.7kB / 40.3kB,10.2MB / 65.5kB
38,2026-09-10T05:03:03.593564+00:00,77,2026-09-10T05:03:03.221568+00:00,false,microservices,gateway,f57950d12c017a55da43df31b6c0c88db4271ecb3f3d286840e21d556d95a768,tcc-microservices-experiment-gateway-1,30.38,464938598,536870912,86.61,77,46.7MB / 52.3MB,31.4MB / 225kB
38,2026-09-10T05:03:03.593564+00:00,77,2026-09-10T05:03:03.221568+00:00,false,microservices,mysql,cd47944ef99e8665c6fbc745fd26216210ace9a0a0f7070f60fa0881b6e8b8b0,tcc-microservices-experiment-mysql-1,26.06,542742938,1073741824,50.55,40,19.4MB / 46.1MB,47.6MB / 125MB
38,2026-09-10T05:03:03.593564+00:00,77,2026-09-10T05:03:03.221568+00:00,false,microservices,order,ecb2ecded5626a554a8771603ab0b81767de20383f94ec8bda435127193f2174,tcc-microservices-experiment-order-1,0.02,74165780,1073741824,6.91,3,5.31MB / 4.14MB,9.18MB / 77.8kB
38,2026-09-10T05:03:03.593564+00:00,77,2026-09-10T05:03:03.221568+00:00,false,microservices,product,d2fb7348a9b654f2a980abf713e63d08845974daaf5b346cd5af9da85dd9bdcc,tcc-microservices-experiment-product-1,79.93,83267420,1073741824,7.75,3,52.2MB / 55.6MB,9.97MB / 81.9kB
39,2026-09-10T05:03:04.593532+00:00,79,2026-09-10T05:03:04.221411+00:00,false,microservices,auth,86c2d0085d36bd760301e5d2973ea2e3095f1ef9ac6ba40b8ad53cbd558f03eb,tcc-microservices-experiment-auth-1,0.02,79219917,1073741824,7.38,3,45.7kB / 40.3kB,10.2MB / 65.5kB
39,2026-09-10T05:03:04.593532+00:00,79,2026-09-10T05:03:04.221411+00:00,false,microservices,gateway,f57950d12c017a55da43df31b6c0c88db4271ecb3f3d286840e21d556d95a768,tcc-microservices-experiment-gateway-1,31.38,465043456,536870912,86.62,77,47.5MB / 53.1MB,31.4MB / 225kB
39,2026-09-10T05:03:04.593532+00:00,79,2026-09-10T05:03:04.221411+00:00,false,microservices,mysql,cd47944ef99e8665c6fbc745fd26216210ace9a0a0f7070f60fa0881b6e8b8b0,tcc-microservices-experiment-mysql-1,27.9,543476941,1073741824,50.61,40,19.7MB / 46.7MB,47.6MB / 125MB
39,2026-09-10T05:03:04.593532+00:00,79,2026-09-10T05:03:04.221411+00:00,false,microservices,order,ecb2ecded5626a554a8771603ab0b81767de20383f94ec8bda435127193f2174,tcc-microservices-experiment-order-1,0.02,74165780,1073741824,6.91,3,5.31MB / 4.14MB,9.18MB / 77.8kB
39,2026-09-10T05:03:04.593532+00:00,79,2026-09-10T05:03:04.221411+00:00,false,microservices,product,d2fb7348a9b654f2a980abf713e63d08845974daaf5b346cd5af9da85dd9bdcc,tcc-microservices-experiment-product-1,82.88,82806047,1073741824,7.71,3,53MB / 56.5MB,9.97MB / 81.9kB
40,2026-09-10T05:03:05.593554+00:00,81,2026-09-10T05:03:05.221009+00:00,false,microservices,auth,86c2d0085d36bd760301e5d2973ea2e3095f1ef9ac6ba40b8ad53cbd558f03eb,tcc-microservices-experiment-auth-1,0.02,79219917,1073741824,7.38,3,45.8kB / 40.3kB,10.2MB / 65.5kB
40,2026-09-10T05:03:05.593554+00:00,81,2026-09-10T05:03:05.221009+00:00,false,microservices,gateway,f57950d12c017a55da43df31b6c0c88db4271ecb3f3d286840e21d556d95a768,tcc-microservices-experiment-gateway-1,50.57,465462886,536870912,86.7,77,48.3MB / 54MB,31.4MB / 225kB
40,2026-09-10T05:03:05.593554+00:00,81,2026-09-10T05:03:05.221009+00:00,false,microservices,mysql,cd47944ef99e8665c6fbc745fd26216210ace9a0a0f7070f60fa0881b6e8b8b0,tcc-microservices-experiment-mysql-1,25.28,542847795,1073741824,50.56,40,19.9MB / 47.4MB,47.6MB / 125MB
40,2026-09-10T05:03:05.593554+00:00,81,2026-09-10T05:03:05.221009+00:00,false,microservices,order,ecb2ecded5626a554a8771603ab0b81767de20383f94ec8bda435127193f2174,tcc-microservices-experiment-order-1,0.01,74165780,1073741824,6.91,3,5.31MB / 4.14MB,9.18MB / 77.8kB
40,2026-09-10T05:03:05.593554+00:00,81,2026-09-10T05:03:05.221009+00:00,false,microservices,product,d2fb7348a9b654f2a980abf713e63d08845974daaf5b346cd5af9da85dd9bdcc,tcc-microservices-experiment-product-1,81.89,82847990,1073741824,7.72,3,53.9MB / 57.4MB,9.97MB / 81.9kB
41,2026-09-10T05:03:06.593536+00:00,83,2026-09-10T05:03:06.221518+00:00,false,microservices,auth,86c2d0085d36bd760301e5d2973ea2e3095f1ef9ac6ba40b8ad53cbd558f03eb,tcc-microservices-experiment-auth-1,0.02,79219917,1073741824,7.38,3,45.8kB / 40.3kB,10.2MB / 65.5kB
41,2026-09-10T05:03:06.593536+00:00,83,2026-09-10T05:03:06.221518+00:00,false,microservices,gateway,f57950d12c017a55da43df31b6c0c88db4271ecb3f3d286840e21d556d95a768,tcc-microservices-experiment-gateway-1,46.29,465462886,536870912,86.7,77,49MB / 54.8MB,31.4MB / 225kB
41,2026-09-10T05:03:06.593536+00:00,83,2026-09-10T05:03:06.221518+00:00,false,microservices,mysql,cd47944ef99e8665c6fbc745fd26216210ace9a0a0f7070f60fa0881b6e8b8b0,tcc-microservices-experiment-mysql-1,28.44,543267226,1073741824,50.6,40,20.1MB / 48MB,47.6MB / 125MB
41,2026-09-10T05:03:06.593536+00:00,83,2026-09-10T05:03:06.221518+00:00,false,microservices,order,ecb2ecded5626a554a8771603ab0b81767de20383f94ec8bda435127193f2174,tcc-microservices-experiment-order-1,0.02,74165780,1073741824,6.91,3,5.31MB / 4.14MB,9.18MB / 77.8kB
41,2026-09-10T05:03:06.593536+00:00,83,2026-09-10T05:03:06.221518+00:00,false,microservices,product,d2fb7348a9b654f2a980abf713e63d08845974daaf5b346cd5af9da85dd9bdcc,tcc-microservices-experiment-product-1,82.71,83602964,1073741824,7.79,3,54.7MB / 58.3MB,9.97MB / 81.9kB
42,2026-09-10T05:03:07.593530+00:00,85,2026-09-10T05:03:07.220956+00:00,false,microservices,auth,86c2d0085d36bd760301e5d2973ea2e3095f1ef9ac6ba40b8ad53cbd558f03eb,tcc-microservices-experiment-auth-1,0.02,79219917,1073741824,7.38,3,45.8kB / 40.3kB,10.2MB / 65.5kB
42,2026-09-10T05:03:07.593530+00:00,85,2026-09-10T05:03:07.220956+00:00,false,microservices,gateway,f57950d12c017a55da43df31b6c0c88db4271ecb3f3d286840e21d556d95a768,tcc-microservices-experiment-gateway-1,62.12,465672602,536870912,86.74,77,49.8MB / 55.7MB,31.4MB / 225kB
42,2026-09-10T05:03:07.593530+00:00,85,2026-09-10T05:03:07.220956+00:00,false,microservices,mysql,cd47944ef99e8665c6fbc745fd26216210ace9a0a0f7070f60fa0881b6e8b8b0,tcc-microservices-experiment-mysql-1,25.0,542847795,1073741824,50.56,40,20.4MB / 48.7MB,47.6MB / 125MB
42,2026-09-10T05:03:07.593530+00:00,85,2026-09-10T05:03:07.220956+00:00,false,microservices,order,ecb2ecded5626a554a8771603ab0b81767de20383f94ec8bda435127193f2174,tcc-microservices-experiment-order-1,0.02,74165780,1073741824,6.91,3,5.31MB / 4.14MB,9.18MB / 77.8kB
42,2026-09-10T05:03:07.593530+00:00,85,2026-09-10T05:03:07.220956+00:00,false,microservices,product,d2fb7348a9b654f2a980abf713e63d08845974daaf5b346cd5af9da85dd9bdcc,tcc-microservices-experiment-product-1,81.22,83246449,1073741824,7.75,3,55.5MB / 59.2MB,9.97MB / 81.9kB
43,2026-09-10T05:03:08.593559+00:00,87,2026-09-10T05:03:08.221447+00:00,false,microservices,auth,86c2d0085d36bd760301e5d2973ea2e3095f1ef9ac6ba40b8ad53cbd558f03eb,tcc-microservices-experiment-auth-1,0.02,79219917,1073741824,7.38,3,45.8kB / 40.3kB,10.2MB / 65.5kB
43,2026-09-10T05:03:08.593559+00:00,87,2026-09-10T05:03:08.221447+00:00,false,microservices,gateway,f57950d12c017a55da43df31b6c0c88db4271ecb3f3d286840e21d556d95a768,tcc-microservices-experiment-gateway-1,30.9,465567744,536870912,86.72,77,50.5MB / 56.5MB,31.4MB / 225kB
43,2026-09-10T05:03:08.593559+00:00,87,2026-09-10T05:03:08.221447+00:00,false,microservices,mysql,cd47944ef99e8665c6fbc745fd26216210ace9a0a0f7070f60fa0881b6e8b8b0,tcc-microservices-experiment-mysql-1,28.42,543581798,1073741824,50.63,40,20.6MB / 49.3MB,47.6MB / 125MB
43,2026-09-10T05:03:08.593559+00:00,87,2026-09-10T05:03:08.221447+00:00,false,microservices,order,ecb2ecded5626a554a8771603ab0b81767de20383f94ec8bda435127193f2174,tcc-microservices-experiment-order-1,0.01,74165780,1073741824,6.91,3,5.31MB / 4.14MB,9.18MB / 77.8kB
43,2026-09-10T05:03:08.593559+00:00,87,2026-09-10T05:03:08.221447+00:00,false,microservices,product,d2fb7348a9b654f2a980abf713e63d08845974daaf5b346cd5af9da85dd9bdcc,tcc-microservices-experiment-product-1,80.37,82921390,1073741824,7.72,3,56.4MB / 60MB,9.97MB / 81.9kB
44,2026-09-10T05:03:09.593555+00:00,89,2026-09-10T05:03:09.220904+00:00,false,microservices,auth,86c2d0085d36bd760301e5d2973ea2e3095f1ef9ac6ba40b8ad53cbd558f03eb,tcc-microservices-experiment-auth-1,0.02,79219917,1073741824,7.38,3,45.8kB / 40.3kB,10.2MB / 65.5kB
44,2026-09-10T05:03:09.593555+00:00,89,2026-09-10T05:03:09.220904+00:00,false,microservices,gateway,f57950d12c017a55da43df31b6c0c88db4271ecb3f3d286840e21d556d95a768,tcc-microservices-experiment-gateway-1,34.02,465882317,536870912,86.78,77,51.2MB / 57.3MB,31.4MB / 225kB
44,2026-09-10T05:03:09.593555+00:00,89,2026-09-10T05:03:09.220904+00:00,false,microservices,mysql,cd47944ef99e8665c6fbc745fd26216210ace9a0a0f7070f60fa0881b6e8b8b0,tcc-microservices-experiment-mysql-1,24.78,542952653,1073741824,50.56,40,20.9MB / 49.9MB,47.6MB / 125MB
44,2026-09-10T05:03:09.593555+00:00,89,2026-09-10T05:03:09.220904+00:00,false,microservices,order,ecb2ecded5626a554a8771603ab0b81767de20383f94ec8bda435127193f2174,tcc-microservices-experiment-order-1,0.01,74165780,1073741824,6.91,3,5.31MB / 4.14MB,9.18MB / 77.8kB
44,2026-09-10T05:03:09.593555+00:00,89,2026-09-10T05:03:09.220904+00:00,false,microservices,product,d2fb7348a9b654f2a980abf713e63d08845974daaf5b346cd5af9da85dd9bdcc,tcc-microservices-experiment-product-1,82.14,82931876,1073741824,7.72,3,57.2MB / 60.9MB,9.97MB / 81.9kB
45,2026-09-10T05:03:10.593540+00:00,91,2026-09-10T05:03:10.221592+00:00,false,microservices,auth,86c2d0085d36bd760301e5d2973ea2e3095f1ef9ac6ba40b8ad53cbd558f03eb,tcc-microservices-experiment-auth-1,0.02,79219917,1073741824,7.38,3,45.8kB / 40.3kB,10.2MB / 65.5kB
45,2026-09-10T05:03:10.593540+00:00,91,2026-09-10T05:03:10.221592+00:00,false,microservices,gateway,f57950d12c017a55da43df31b6c0c88db4271ecb3f3d286840e21d556d95a768,tcc-microservices-experiment-gateway-1,31.56,465672602,536870912,86.74,77,52MB / 58.1MB,31.4MB / 225kB
45,2026-09-10T05:03:10.593540+00:00,91,2026-09-10T05:03:10.221592+00:00,false,microservices,mysql,cd47944ef99e8665c6fbc745fd26216210ace9a0a0f7070f60fa0881b6e8b8b0,tcc-microservices-experiment-mysql-1,29.78,543162368,1073741824,50.59,40,21.1MB / 50.6MB,47.6MB / 125MB
45,2026-09-10T05:03:10.593540+00:00,91,2026-09-10T05:03:10.221592+00:00,false,microservices,order,ecb2ecded5626a554a8771603ab0b81767de20383f94ec8bda435127193f2174,tcc-microservices-experiment-order-1,0.02,74165780,1073741824,6.91,3,5.31MB / 4.14MB,9.18MB / 77.8kB
45,2026-09-10T05:03:10.593540+00:00,91,2026-09-10T05:03:10.221592+00:00,false,microservices,product,d2fb7348a9b654f2a980abf713e63d08845974daaf5b346cd5af9da85dd9bdcc,tcc-microservices-experiment-product-1,81.11,83057705,1073741824,7.74,3,58MB / 61.7MB,9.97MB / 81.9kB
46,2026-09-10T05:03:11.593531+00:00,93,2026-09-10T05:03:11.220803+00:00,false,microservices,auth,86c2d0085d36bd760301e5d2973ea2e3095f1ef9ac6ba40b8ad53cbd558f03eb,tcc-microservices-experiment-auth-1,0.02,79219917,1073741824,7.38,3,45.8kB / 40.3kB,10.2MB / 65.5kB
46,2026-09-10T05:03:11.593531+00:00,93,2026-09-10T05:03:11.220803+00:00,false,microservices,gateway,f57950d12c017a55da43df31b6c0c88db4271ecb3f3d286840e21d556d95a768,tcc-microservices-experiment-gateway-1,32.77,466826035,536870912,86.95,77,52.7MB / 58.9MB,31.4MB / 225kB
46,2026-09-10T05:03:11.593531+00:00,93,2026-09-10T05:03:11.220803+00:00,false,microservices,mysql,cd47944ef99e8665c6fbc745fd26216210ace9a0a0f7070f60fa0881b6e8b8b0,tcc-microservices-experiment-mysql-1,24.21,543057510,1073741824,50.58,40,21.3MB / 51.2MB,47.6MB / 125MB
46,2026-09-10T05:03:11.593531+00:00,93,2026-09-10T05:03:11.220803+00:00,false,microservices,order,ecb2ecded5626a554a8771603ab0b81767de20383f94ec8bda435127193f2174,tcc-microservices-experiment-order-1,0.02,74165780,1073741824,6.91,3,5.31MB / 4.14MB,9.18MB / 77.8kB
46,2026-09-10T05:03:11.593531+00:00,93,2026-09-10T05:03:11.220803+00:00,false,microservices,product,d2fb7348a9b654f2a980abf713e63d08845974daaf5b346cd5af9da85dd9bdcc,tcc-microservices-experiment-product-1,82.77,83519078,1073741824,7.78,3,58.8MB / 62.6MB,9.97MB / 81.9kB
47,2026-09-10T05:03:12.593553+00:00,95,2026-09-10T05:03:12.220991+00:00,false,microservices,auth,86c2d0085d36bd760301e5d2973ea2e3095f1ef9ac6ba40b8ad53cbd558f03eb,tcc-microservices-experiment-auth-1,0.02,79219917,1073741824,7.38,3,45.8kB / 40.3kB,10.2MB / 65.5kB
47,2026-09-10T05:03:12.593553+00:00,95,2026-09-10T05:03:12.220991+00:00,false,microservices,gateway,f57950d12c017a55da43df31b6c0c88db4271ecb3f3d286840e21d556d95a768,tcc-microservices-experiment-gateway-1,29.96,466196890,536870912,86.84,77,53.5MB / 59.8MB,31.4MB / 225kB
47,2026-09-10T05:03:12.593553+00:00,95,2026-09-10T05:03:12.220991+00:00,false,microservices,mysql,cd47944ef99e8665c6fbc745fd26216210ace9a0a0f7070f60fa0881b6e8b8b0,tcc-microservices-experiment-mysql-1,29.09,543162368,1073741824,50.59,40,21.6MB / 51.8MB,47.6MB / 125MB
47,2026-09-10T05:03:12.593553+00:00,95,2026-09-10T05:03:12.220991+00:00,false,microservices,order,ecb2ecded5626a554a8771603ab0b81767de20383f94ec8bda435127193f2174,tcc-microservices-experiment-order-1,0.02,74165780,1073741824,6.91,3,5.31MB / 4.14MB,9.18MB / 77.8kB
47,2026-09-10T05:03:12.593553+00:00,95,2026-09-10T05:03:12.220991+00:00,false,microservices,product,d2fb7348a9b654f2a980abf713e63d08845974daaf5b346cd5af9da85dd9bdcc,tcc-microservices-experiment-product-1,81.25,82617303,1073741824,7.69,3,59.6MB / 63.5MB,9.97MB / 81.9kB
48,2026-09-10T05:03:13.593531+00:00,97,2026-09-10T05:03:13.221587+00:00,false,microservices,auth,86c2d0085d36bd760301e5d2973ea2e3095f1ef9ac6ba40b8ad53cbd558f03eb,tcc-microservices-experiment-auth-1,0.02,79219917,1073741824,7.38,3,45.8kB / 40.3kB,10.2MB / 65.5kB
48,2026-09-10T05:03:13.593531+00:00,97,2026-09-10T05:03:13.221587+00:00,false,microservices,gateway,f57950d12c017a55da43df31b6c0c88db4271ecb3f3d286840e21d556d95a768,tcc-microservices-experiment-gateway-1,30.4,465148314,536870912,86.65,77,54.2MB / 60.6MB,31.4MB / 242kB
48,2026-09-10T05:03:13.593531+00:00,97,2026-09-10T05:03:13.221587+00:00,false,microservices,mysql,cd47944ef99e8665c6fbc745fd26216210ace9a0a0f7070f60fa0881b6e8b8b0,tcc-microservices-experiment-mysql-1,25.75,542742938,1073741824,50.54,40,21.8MB / 52.5MB,47.6MB / 125MB
48,2026-09-10T05:03:13.593531+00:00,97,2026-09-10T05:03:13.221587+00:00,false,microservices,order,ecb2ecded5626a554a8771603ab0b81767de20383f94ec8bda435127193f2174,tcc-microservices-experiment-order-1,0.01,74165780,1073741824,6.91,3,5.31MB / 4.14MB,9.18MB / 77.8kB
48,2026-09-10T05:03:13.593531+00:00,97,2026-09-10T05:03:13.221587+00:00,false,microservices,product,d2fb7348a9b654f2a980abf713e63d08845974daaf5b346cd5af9da85dd9bdcc,tcc-microservices-experiment-product-1,80.52,82816532,1073741824,7.71,3,60.4MB / 64.4MB,9.97MB / 81.9kB
49,2026-09-10T05:03:14.593535+00:00,99,2026-09-10T05:03:14.221577+00:00,false,microservices,auth,86c2d0085d36bd760301e5d2973ea2e3095f1ef9ac6ba40b8ad53cbd558f03eb,tcc-microservices-experiment-auth-1,0.02,79219917,1073741824,7.38,3,45.8kB / 40.3kB,10.2MB / 65.5kB
49,2026-09-10T05:03:14.593535+00:00,99,2026-09-10T05:03:14.221577+00:00,false,microservices,gateway,f57950d12c017a55da43df31b6c0c88db4271ecb3f3d286840e21d556d95a768,tcc-microservices-experiment-gateway-1,34.13,465882317,536870912,86.77,77,55MB / 61.4MB,31.4MB / 242kB
49,2026-09-10T05:03:14.593535+00:00,99,2026-09-10T05:03:14.221577+00:00,false,microservices,mysql,cd47944ef99e8665c6fbc745fd26216210ace9a0a0f7070f60fa0881b6e8b8b0,tcc-microservices-experiment-mysql-1,29.63,543162368,1073741824,50.58,40,22MB / 53.1MB,47.6MB / 125MB
49,2026-09-10T05:03:14.593535+00:00,99,2026-09-10T05:03:14.221577+00:00,false,microservices,order,ecb2ecded5626a554a8771603ab0b81767de20383f94ec8bda435127193f2174,tcc-microservices-experiment-order-1,0.01,74165780,1073741824,6.91,3,5.31MB / 4.14MB,9.18MB / 77.8kB
49,2026-09-10T05:03:14.593535+00:00,99,2026-09-10T05:03:14.221577+00:00,false,microservices,product,d2fb7348a9b654f2a980abf713e63d08845974daaf5b346cd5af9da85dd9bdcc,tcc-microservices-experiment-product-1,80.85,83204506,1073741824,7.75,3,61.3MB / 65.3MB,9.97MB / 81.9kB
50,2026-09-10T05:03:15.593551+00:00,101,2026-09-10T05:03:15.221409+00:00,false,microservices,auth,86c2d0085d36bd760301e5d2973ea2e3095f1ef9ac6ba40b8ad53cbd558f03eb,tcc-microservices-experiment-auth-1,0.02,79219917,1073741824,7.38,3,45.8kB / 40.3kB,10.2MB / 65.5kB
50,2026-09-10T05:03:15.593551+00:00,101,2026-09-10T05:03:15.221409+00:00,false,microservices,gateway,f57950d12c017a55da43df31b6c0c88db4271ecb3f3d286840e21d556d95a768,tcc-microservices-experiment-gateway-1,67.8,466196890,536870912,86.83,77,55.7MB / 62.3MB,31.4MB / 242kB
50,2026-09-10T05:03:15.593551+00:00,101,2026-09-10T05:03:15.221409+00:00,false,microservices,mysql,cd47944ef99e8665c6fbc745fd26216210ace9a0a0f7070f60fa0881b6e8b8b0,tcc-microservices-experiment-mysql-1,25.77,542638080,1073741824,50.54,40,22.3MB / 53.8MB,47.6MB / 125MB
50,2026-09-10T05:03:15.593551+00:00,101,2026-09-10T05:03:15.221409+00:00,false,microservices,order,ecb2ecded5626a554a8771603ab0b81767de20383f94ec8bda435127193f2174,tcc-microservices-experiment-order-1,0.02,74165780,1073741824,6.91,3,5.31MB / 4.14MB,9.18MB / 77.8kB
50,2026-09-10T05:03:15.593551+00:00,101,2026-09-10T05:03:15.221409+00:00,false,microservices,product,d2fb7348a9b654f2a980abf713e63d08845974daaf5b346cd5af9da85dd9bdcc,tcc-microservices-experiment-product-1,81.12,84169196,1073741824,7.84,3,62.1MB / 66.2MB,9.97MB / 81.9kB
51,2026-09-10T05:03:16.593538+00:00,103,2026-09-10T05:03:16.221480+00:00,false,microservices,auth,86c2d0085d36bd760301e5d2973ea2e3095f1ef9ac6ba40b8ad53cbd558f03eb,tcc-microservices-experiment-auth-1,0.02,79219917,1073741824,7.38,3,45.8kB / 40.3kB,10.2MB / 65.5kB
51,2026-09-10T05:03:16.593538+00:00,103,2026-09-10T05:03:16.221480+00:00,false,microservices,gateway,f57950d12c017a55da43df31b6c0c88db4271ecb3f3d286840e21d556d95a768,tcc-microservices-experiment-gateway-1,29.91,465777459,536870912,86.75,77,56.5MB / 63.1MB,31.4MB / 242kB
51,2026-09-10T05:03:16.593538+00:00,103,2026-09-10T05:03:16.221480+00:00,false,microservices,mysql,cd47944ef99e8665c6fbc745fd26216210ace9a0a0f7070f60fa0881b6e8b8b0,tcc-microservices-experiment-mysql-1,29.02,543267226,1073741824,50.6,40,22.5MB / 54.5MB,47.6MB / 125MB
51,2026-09-10T05:03:16.593538+00:00,103,2026-09-10T05:03:16.221480+00:00,false,microservices,order,ecb2ecded5626a554a8771603ab0b81767de20383f94ec8bda435127193f2174,tcc-microservices-experiment-order-1,0.01,74165780,1073741824,6.91,3,5.31MB / 4.14MB,9.18MB / 77.8kB
51,2026-09-10T05:03:16.593538+00:00,103,2026-09-10T05:03:16.221480+00:00,false,microservices,product,d2fb7348a9b654f2a980abf713e63d08845974daaf5b346cd5af9da85dd9bdcc,tcc-microservices-experiment-product-1,81.47,84672512,1073741824,7.89,3,62.9MB / 67.1MB,9.97MB / 81.9kB
52,2026-09-10T05:03:17.593553+00:00,105,2026-09-10T05:03:17.221581+00:00,false,microservices,auth,86c2d0085d36bd760301e5d2973ea2e3095f1ef9ac6ba40b8ad53cbd558f03eb,tcc-microservices-experiment-auth-1,0.02,79219917,1073741824,7.38,3,45.8kB / 40.3kB,10.2MB / 65.5kB
52,2026-09-10T05:03:17.593553+00:00,105,2026-09-10T05:03:17.221581+00:00,false,microservices,gateway,f57950d12c017a55da43df31b6c0c88db4271ecb3f3d286840e21d556d95a768,tcc-microservices-experiment-gateway-1,29.77,466301747,536870912,86.85,77,57.2MB / 64MB,31.4MB / 242kB
52,2026-09-10T05:03:17.593553+00:00,105,2026-09-10T05:03:17.221581+00:00,false,microservices,mysql,cd47944ef99e8665c6fbc745fd26216210ace9a0a0f7070f60fa0881b6e8b8b0,tcc-microservices-experiment-mysql-1,25.02,543162368,1073741824,50.58,40,22.8MB / 55.1MB,47.6MB / 125MB
52,2026-09-10T05:03:17.593553+00:00,105,2026-09-10T05:03:17.221581+00:00,false,microservices,order,ecb2ecded5626a554a8771603ab0b81767de20383f94ec8bda435127193f2174,tcc-microservices-experiment-order-1,0.02,74165780,1073741824,6.91,3,5.31MB / 4.14MB,9.18MB / 77.8kB
52,2026-09-10T05:03:17.593553+00:00,105,2026-09-10T05:03:17.221581+00:00,false,microservices,product,d2fb7348a9b654f2a980abf713e63d08845974daaf5b346cd5af9da85dd9bdcc,tcc-microservices-experiment-product-1,81.92,82837504,1073741824,7.71,3,63.8MB / 68MB,9.97MB / 81.9kB
53,2026-09-10T05:03:18.593557+00:00,107,2026-09-10T05:03:18.220957+00:00,false,microservices,auth,86c2d0085d36bd760301e5d2973ea2e3095f1ef9ac6ba40b8ad53cbd558f03eb,tcc-microservices-experiment-auth-1,0.02,79219917,1073741824,7.38,3,45.8kB / 40.3kB,10.2MB / 65.5kB
53,2026-09-10T05:03:18.593557+00:00,107,2026-09-10T05:03:18.220957+00:00,false,microservices,gateway,f57950d12c017a55da43df31b6c0c88db4271ecb3f3d286840e21d556d95a768,tcc-microservices-experiment-gateway-1,29.79,465462886,536870912,86.7,77,57.9MB / 64.8MB,31.4MB / 242kB
53,2026-09-10T05:03:18.593557+00:00,107,2026-09-10T05:03:18.220957+00:00,false,microservices,mysql,cd47944ef99e8665c6fbc745fd26216210ace9a0a0f7070f60fa0881b6e8b8b0,tcc-microservices-experiment-mysql-1,31.09,543581798,1073741824,50.63,40,23MB / 55.7MB,47.6MB / 125MB
53,2026-09-10T05:03:18.593557+00:00,107,2026-09-10T05:03:18.220957+00:00,false,microservices,order,ecb2ecded5626a554a8771603ab0b81767de20383f94ec8bda435127193f2174,tcc-microservices-experiment-order-1,0.02,74165780,1073741824,6.91,3,5.31MB / 4.14MB,9.18MB / 77.8kB
53,2026-09-10T05:03:18.593557+00:00,107,2026-09-10T05:03:18.220957+00:00,false,microservices,product,d2fb7348a9b654f2a980abf713e63d08845974daaf5b346cd5af9da85dd9bdcc,tcc-microservices-experiment-product-1,79.93,82617303,1073741824,7.69,3,64.6MB / 68.8MB,9.97MB / 81.9kB
54,2026-09-10T05:03:19.593516+00:00,109,2026-09-10T05:03:19.221468+00:00,false,microservices,auth,86c2d0085d36bd760301e5d2973ea2e3095f1ef9ac6ba40b8ad53cbd558f03eb,tcc-microservices-experiment-auth-1,0.02,79219917,1073741824,7.38,3,45.8kB / 40.3kB,10.2MB / 65.5kB
54,2026-09-10T05:03:19.593516+00:00,109,2026-09-10T05:03:19.221468+00:00,false,microservices,gateway,f57950d12c017a55da43df31b6c0c88db4271ecb3f3d286840e21d556d95a768,tcc-microservices-experiment-gateway-1,29.81,466511462,536870912,86.89,77,58.7MB / 65.6MB,31.4MB / 242kB
54,2026-09-10T05:03:19.593516+00:00,109,2026-09-10T05:03:19.221468+00:00,false,microservices,mysql,cd47944ef99e8665c6fbc745fd26216210ace9a0a0f7070f60fa0881b6e8b8b0,tcc-microservices-experiment-mysql-1,25.45,543372083,1073741824,50.61,40,23.2MB / 56.4MB,47.6MB / 125MB
54,2026-09-10T05:03:19.593516+00:00,109,2026-09-10T05:03:19.221468+00:00,false,microservices,order,ecb2ecded5626a554a8771603ab0b81767de20383f94ec8bda435127193f2174,tcc-microservices-experiment-order-1,0.02,74165780,1073741824,6.91,3,5.31MB / 4.14MB,9.18MB / 77.8kB
54,2026-09-10T05:03:19.593516+00:00,109,2026-09-10T05:03:19.221468+00:00,false,microservices,product,d2fb7348a9b654f2a980abf713e63d08845974daaf5b346cd5af9da85dd9bdcc,tcc-microservices-experiment-product-1,81.09,83068191,1073741824,7.74,3,65.4MB / 69.7MB,9.97MB / 81.9kB
55,2026-09-10T05:03:20.593557+00:00,111,2026-09-10T05:03:20.221397+00:00,false,microservices,auth,86c2d0085d36bd760301e5d2973ea2e3095f1ef9ac6ba40b8ad53cbd558f03eb,tcc-microservices-experiment-auth-1,0.01,79219917,1073741824,7.38,3,45.8kB / 40.3kB,10.2MB / 65.5kB
55,2026-09-10T05:03:20.593557+00:00,111,2026-09-10T05:03:20.221397+00:00,false,microservices,gateway,f57950d12c017a55da43df31b6c0c88db4271ecb3f3d286840e21d556d95a768,tcc-microservices-experiment-gateway-1,29.82,466092032,536870912,86.82,77,59.4MB / 66.4MB,31.4MB / 242kB
55,2026-09-10T05:03:20.593557+00:00,111,2026-09-10T05:03:20.221397+00:00,false,microservices,mysql,cd47944ef99e8665c6fbc745fd26216210ace9a0a0f7070f60fa0881b6e8b8b0,tcc-microservices-experiment-mysql-1,29.87,542847795,1073741824,50.55,40,23.5MB / 57MB,47.6MB / 125MB
55,2026-09-10T05:03:20.593557+00:00,111,2026-09-10T05:03:20.221397+00:00,false,microservices,order,ecb2ecded5626a554a8771603ab0b81767de20383f94ec8bda435127193f2174,tcc-microservices-experiment-order-1,0.02,74165780,1073741824,6.91,3,5.31MB / 4.14MB,9.18MB / 77.8kB
55,2026-09-10T05:03:20.593557+00:00,111,2026-09-10T05:03:20.221397+00:00,false,microservices,product,d2fb7348a9b654f2a980abf713e63d08845974daaf5b346cd5af9da85dd9bdcc,tcc-microservices-experiment-product-1,81.3,82418074,1073741824,7.68,3,66.2MB / 70.6MB,9.97MB / 81.9kB
56,2026-09-10T05:03:21.593536+00:00,113,2026-09-10T05:03:21.220922+00:00,false,microservices,auth,86c2d0085d36bd760301e5d2973ea2e3095f1ef9ac6ba40b8ad53cbd558f03eb,tcc-microservices-experiment-auth-1,0.02,79219917,1073741824,7.38,3,45.8kB / 40.3kB,10.2MB / 65.5kB
56,2026-09-10T05:03:21.593536+00:00,113,2026-09-10T05:03:21.220922+00:00,false,microservices,gateway,f57950d12c017a55da43df31b6c0c88db4271ecb3f3d286840e21d556d95a768,tcc-microservices-experiment-gateway-1,32.58,465987174,536870912,86.8,77,60.2MB / 67.3MB,31.4MB / 242kB
56,2026-09-10T05:03:21.593536+00:00,113,2026-09-10T05:03:21.220922+00:00,false,microservices,mysql,cd47944ef99e8665c6fbc745fd26216210ace9a0a0f7070f60fa0881b6e8b8b0,tcc-microservices-experiment-mysql-1,25.85,543476941,1073741824,50.61,40,23.7MB / 57.6MB,47.6MB / 125MB
56,2026-09-10T05:03:21.593536+00:00,113,2026-09-10T05:03:21.220922+00:00,false,microservices,order,ecb2ecded5626a554a8771603ab0b81767de20383f94ec8bda435127193f2174,tcc-microservices-experiment-order-1,0.02,74165780,1073741824,6.91,3,5.31MB / 4.14MB,9.18MB / 77.8kB
56,2026-09-10T05:03:21.593536+00:00,113,2026-09-10T05:03:21.220922+00:00,false,microservices,product,d2fb7348a9b654f2a980abf713e63d08845974daaf5b346cd5af9da85dd9bdcc,tcc-microservices-experiment-product-1,80.86,82753618,1073741824,7.71,3,67MB / 71.5MB,9.97MB / 81.9kB
57,2026-09-10T05:03:22.593545+00:00,115,2026-09-10T05:03:22.220473+00:00,false,microservices,auth,86c2d0085d36bd760301e5d2973ea2e3095f1ef9ac6ba40b8ad53cbd558f03eb,tcc-microservices-experiment-auth-1,0.02,79219917,1073741824,7.38,3,45.8kB / 40.3kB,10.2MB / 65.5kB
57,2026-09-10T05:03:22.593545+00:00,115,2026-09-10T05:03:22.220473+00:00,false,microservices,gateway,f57950d12c017a55da43df31b6c0c88db4271ecb3f3d286840e21d556d95a768,tcc-microservices-experiment-gateway-1,29.37,465777459,536870912,86.75,77,60.9MB / 68.1MB,31.4MB / 242kB
57,2026-09-10T05:03:22.593545+00:00,115,2026-09-10T05:03:22.220473+00:00,false,microservices,mysql,cd47944ef99e8665c6fbc745fd26216210ace9a0a0f7070f60fa0881b6e8b8b0,tcc-microservices-experiment-mysql-1,29.59,543162368,1073741824,50.59,40,23.9MB / 58.3MB,47.6MB / 125MB
57,2026-09-10T05:03:22.593545+00:00,115,2026-09-10T05:03:22.220473+00:00,false,microservices,order,ecb2ecded5626a554a8771603ab0b81767de20383f94ec8bda435127193f2174,tcc-microservices-experiment-order-1,0.02,74165780,1073741824,6.91,3,5.31MB / 4.14MB,9.18MB / 77.8kB
57,2026-09-10T05:03:22.593545+00:00,115,2026-09-10T05:03:22.220473+00:00,false,microservices,product,d2fb7348a9b654f2a980abf713e63d08845974daaf5b346cd5af9da85dd9bdcc,tcc-microservices-experiment-product-1,82.93,82596332,1073741824,7.69,3,67.9MB / 72.3MB,9.97MB / 81.9kB
58,2026-09-10T05:03:23.593557+00:00,117,2026-09-10T05:03:23.220879+00:00,false,microservices,auth,86c2d0085d36bd760301e5d2973ea2e3095f1ef9ac6ba40b8ad53cbd558f03eb,tcc-microservices-experiment-auth-1,0.02,79219917,1073741824,7.38,3,45.8kB / 40.3kB,10.2MB / 65.5kB
58,2026-09-10T05:03:23.593557+00:00,117,2026-09-10T05:03:23.220879+00:00,false,microservices,gateway,f57950d12c017a55da43df31b6c0c88db4271ecb3f3d286840e21d556d95a768,tcc-microservices-experiment-gateway-1,29.37,465777459,536870912,86.75,77,60.9MB / 68.1MB,31.4MB / 242kB
58,2026-09-10T05:03:23.593557+00:00,117,2026-09-10T05:03:23.220879+00:00,false,microservices,mysql,cd47944ef99e8665c6fbc745fd26216210ace9a0a0f7070f60fa0881b6e8b8b0,tcc-microservices-experiment-mysql-1,29.59,543162368,1073741824,50.59,40,23.9MB / 58.3MB,47.6MB / 125MB
58,2026-09-10T05:03:23.593557+00:00,117,2026-09-10T05:03:23.220879+00:00,false,microservices,order,ecb2ecded5626a554a8771603ab0b81767de20383f94ec8bda435127193f2174,tcc-microservices-experiment-order-1,0.02,74165780,1073741824,6.91,3,5.31MB / 4.14MB,9.18MB / 77.8kB
58,2026-09-10T05:03:23.593557+00:00,117,2026-09-10T05:03:23.220879+00:00,false,microservices,product,d2fb7348a9b654f2a980abf713e63d08845974daaf5b346cd5af9da85dd9bdcc,tcc-microservices-experiment-product-1,82.93,82596332,1073741824,7.69,3,67.9MB / 72.3MB,9.97MB / 81.9kB
59,2026-09-10T05:03:24.593556+00:00,119,2026-09-10T05:03:24.220714+00:00,false,microservices,auth,86c2d0085d36bd760301e5d2973ea2e3095f1ef9ac6ba40b8ad53cbd558f03eb,tcc-microservices-experiment-auth-1,0.02,79219917,1073741824,7.38,3,45.8kB / 40.3kB,10.2MB / 65.5kB
59,2026-09-10T05:03:24.593556+00:00,119,2026-09-10T05:03:24.220714+00:00,false,microservices,gateway,f57950d12c017a55da43df31b6c0c88db4271ecb3f3d286840e21d556d95a768,tcc-microservices-experiment-gateway-1,69.01,466196890,536870912,86.84,77,61.6MB / 68.9MB,31.4MB / 242kB
59,2026-09-10T05:03:24.593556+00:00,119,2026-09-10T05:03:24.220714+00:00,false,microservices,mysql,cd47944ef99e8665c6fbc745fd26216210ace9a0a0f7070f60fa0881b6e8b8b0,tcc-microservices-experiment-mysql-1,25.4,543581798,1073741824,50.63,40,24.2MB / 58.9MB,47.6MB / 125MB
59,2026-09-10T05:03:24.593556+00:00,119,2026-09-10T05:03:24.220714+00:00,false,microservices,order,ecb2ecded5626a554a8771603ab0b81767de20383f94ec8bda435127193f2174,tcc-microservices-experiment-order-1,0.01,74165780,1073741824,6.91,3,5.31MB / 4.14MB,9.18MB / 77.8kB
59,2026-09-10T05:03:24.593556+00:00,119,2026-09-10T05:03:24.220714+00:00,false,microservices,product,d2fb7348a9b654f2a980abf713e63d08845974daaf5b346cd5af9da85dd9bdcc,tcc-microservices-experiment-product-1,81.75,82187387,1073741824,7.65,3,68.7MB / 73.2MB,9.97MB / 81.9kB
60,2026-09-10T05:03:25.593549+00:00,121,2026-09-10T05:03:25.222298+00:00,false,microservices,auth,86c2d0085d36bd760301e5d2973ea2e3095f1ef9ac6ba40b8ad53cbd558f03eb,tcc-microservices-experiment-auth-1,0.02,79219917,1073741824,7.38,3,45.8kB / 40.3kB,10.2MB / 65.5kB
60,2026-09-10T05:03:25.593549+00:00,121,2026-09-10T05:03:25.222298+00:00,false,microservices,gateway,f57950d12c017a55da43df31b6c0c88db4271ecb3f3d286840e21d556d95a768,tcc-microservices-experiment-gateway-1,28.94,466196890,536870912,86.83,77,62.4MB / 69.7MB,31.4MB / 242kB
60,2026-09-10T05:03:25.593549+00:00,121,2026-09-10T05:03:25.222298+00:00,false,microservices,mysql,cd47944ef99e8665c6fbc745fd26216210ace9a0a0f7070f60fa0881b6e8b8b0,tcc-microservices-experiment-mysql-1,28.7,544001229,1073741824,50.66,40,24.4MB / 59.5MB,47.6MB / 125MB
60,2026-09-10T05:03:25.593549+00:00,121,2026-09-10T05:03:25.222298+00:00,false,microservices,order,ecb2ecded5626a554a8771603ab0b81767de20383f94ec8bda435127193f2174,tcc-microservices-experiment-order-1,0.02,74165780,1073741824,6.91,3,5.31MB / 4.14MB,9.18MB / 77.8kB
60,2026-09-10T05:03:25.593549+00:00,121,2026-09-10T05:03:25.222298+00:00,false,microservices,product,d2fb7348a9b654f2a980abf713e63d08845974daaf5b346cd5af9da85dd9bdcc,tcc-microservices-experiment-product-1,82.34,82753618,1073741824,7.71,3,69.5MB / 74.1MB,9.97MB / 81.9kB
61,2026-09-10T05:03:26.593557+00:00,123,2026-09-10T05:03:26.221254+00:00,false,microservices,auth,86c2d0085d36bd760301e5d2973ea2e3095f1ef9ac6ba40b8ad53cbd558f03eb,tcc-microservices-experiment-auth-1,0.01,79219917,1073741824,7.38,3,45.8kB / 40.3kB,10.2MB / 65.5kB
61,2026-09-10T05:03:26.593557+00:00,123,2026-09-10T05:03:26.221254+00:00,false,microservices,gateway,f57950d12c017a55da43df31b6c0c88db4271ecb3f3d286840e21d556d95a768,tcc-microservices-experiment-gateway-1,28.65,466930893,536870912,86.98,77,63.1MB / 70.6MB,31.4MB / 242kB
61,2026-09-10T05:03:26.593557+00:00,123,2026-09-10T05:03:26.221254+00:00,false,microservices,mysql,cd47944ef99e8665c6fbc745fd26216210ace9a0a0f7070f60fa0881b6e8b8b0,tcc-microservices-experiment-mysql-1,25.62,543581798,1073741824,50.63,40,24.7MB / 60.2MB,47.6MB / 125MB
61,2026-09-10T05:03:26.593557+00:00,123,2026-09-10T05:03:26.221254+00:00,false,microservices,order,ecb2ecded5626a554a8771603ab0b81767de20383f94ec8bda435127193f2174,tcc-microservices-experiment-order-1,0.01,74165780,1073741824,6.91,3,5.31MB / 4.14MB,9.18MB / 77.8kB
61,2026-09-10T05:03:26.593557+00:00,123,2026-09-10T05:03:26.221254+00:00,false,microservices,product,d2fb7348a9b654f2a980abf713e63d08845974daaf5b346cd5af9da85dd9bdcc,tcc-microservices-experiment-product-1,80.15,83550536,1073741824,7.78,3,70.3MB / 74.9MB,9.97MB / 81.9kB
62,2026-09-10T05:03:27.593549+00:00,125,2026-09-10T05:03:27.222246+00:00,false,microservices,auth,86c2d0085d36bd760301e5d2973ea2e3095f1ef9ac6ba40b8ad53cbd558f03eb,tcc-microservices-experiment-auth-1,0.02,79219917,1073741824,7.38,3,45.8kB / 40.3kB,10.2MB / 65.5kB
62,2026-09-10T05:03:27.593549+00:00,125,2026-09-10T05:03:27.222246+00:00,false,microservices,gateway,f57950d12c017a55da43df31b6c0c88db4271ecb3f3d286840e21d556d95a768,tcc-microservices-experiment-gateway-1,29.44,466616320,536870912,86.92,77,63.9MB / 71.4MB,31.4MB / 242kB
62,2026-09-10T05:03:27.593549+00:00,125,2026-09-10T05:03:27.222246+00:00,false,microservices,mysql,cd47944ef99e8665c6fbc745fd26216210ace9a0a0f7070f60fa0881b6e8b8b0,tcc-microservices-experiment-mysql-1,28.94,544210944,1073741824,50.68,40,24.9MB / 60.8MB,47.6MB / 125MB
62,2026-09-10T05:03:27.593549+00:00,125,2026-09-10T05:03:27.222246+00:00,false,microservices,order,ecb2ecded5626a554a8771603ab0b81767de20383f94ec8bda435127193f2174,tcc-microservices-experiment-order-1,0.02,74165780,1073741824,6.91,3,5.31MB / 4.14MB,9.18MB / 77.8kB
62,2026-09-10T05:03:27.593549+00:00,125,2026-09-10T05:03:27.222246+00:00,false,microservices,product,d2fb7348a9b654f2a980abf713e63d08845974daaf5b346cd5af9da85dd9bdcc,tcc-microservices-experiment-product-1,81.16,82785075,1073741824,7.71,3,71.1MB / 75.8MB,9.97MB / 81.9kB
63,2026-09-10T05:03:28.593561+00:00,127,2026-09-10T05:03:28.221376+00:00,false,microservices,auth,86c2d0085d36bd760301e5d2973ea2e3095f1ef9ac6ba40b8ad53cbd558f03eb,tcc-microservices-experiment-auth-1,0.02,79219917,1073741824,7.38,3,45.8kB / 40.3kB,10.2MB / 65.5kB
63,2026-09-10T05:03:28.593561+00:00,127,2026-09-10T05:03:28.221376+00:00,false,microservices,gateway,f57950d12c017a55da43df31b6c0c88db4271ecb3f3d286840e21d556d95a768,tcc-microservices-experiment-gateway-1,31.99,466721178,536870912,86.93,77,64.6MB / 72.2MB,31.4MB / 242kB
63,2026-09-10T05:03:28.593561+00:00,127,2026-09-10T05:03:28.221376+00:00,false,microservices,mysql,cd47944ef99e8665c6fbc745fd26216210ace9a0a0f7070f60fa0881b6e8b8b0,tcc-microservices-experiment-mysql-1,25.57,543162368,1073741824,50.59,40,25.1MB / 61.5MB,47.6MB / 125MB
63,2026-09-10T05:03:28.593561+00:00,127,2026-09-10T05:03:28.221376+00:00,false,microservices,order,ecb2ecded5626a554a8771603ab0b81767de20383f94ec8bda435127193f2174,tcc-microservices-experiment-order-1,0.02,74165780,1073741824,6.91,3,5.31MB / 4.14MB,9.18MB / 77.8kB
63,2026-09-10T05:03:28.593561+00:00,127,2026-09-10T05:03:28.221376+00:00,false,microservices,product,d2fb7348a9b654f2a980abf713e63d08845974daaf5b346cd5af9da85dd9bdcc,tcc-microservices-experiment-product-1,81.43,82669732,1073741824,7.7,3,72MB / 76.7MB,9.97MB / 81.9kB
64,2026-09-10T05:03:29.593533+00:00,129,2026-09-10T05:03:29.222241+00:00,false,microservices,auth,86c2d0085d36bd760301e5d2973ea2e3095f1ef9ac6ba40b8ad53cbd558f03eb,tcc-microservices-experiment-auth-1,0.02,79219917,1073741824,7.38,3,45.8kB / 40.3kB,10.2MB / 65.5kB
64,2026-09-10T05:03:29.593533+00:00,129,2026-09-10T05:03:29.222241+00:00,false,microservices,gateway,f57950d12c017a55da43df31b6c0c88db4271ecb3f3d286840e21d556d95a768,tcc-microservices-experiment-gateway-1,34.2,466196890,536870912,86.84,77,65.4MB / 73.1MB,31.4MB / 258kB
64,2026-09-10T05:03:29.593533+00:00,129,2026-09-10T05:03:29.222241+00:00,false,microservices,mysql,cd47944ef99e8665c6fbc745fd26216210ace9a0a0f7070f60fa0881b6e8b8b0,tcc-microservices-experiment-mysql-1,29.2,543896371,1073741824,50.66,40,25.4MB / 62.1MB,47.6MB / 125MB
64,2026-09-10T05:03:29.593533+00:00,129,2026-09-10T05:03:29.222241+00:00,false,microservices,order,ecb2ecded5626a554a8771603ab0b81767de20383f94ec8bda435127193f2174,tcc-microservices-experiment-order-1,0.02,74165780,1073741824,6.91,3,5.31MB / 4.14MB,9.18MB / 77.8kB
64,2026-09-10T05:03:29.593533+00:00,129,2026-09-10T05:03:29.222241+00:00,false,microservices,product,d2fb7348a9b654f2a980abf713e63d08845974daaf5b346cd5af9da85dd9bdcc,tcc-microservices-experiment-product-1,82.39,83225477,1073741824,7.75,3,72.8MB / 77.6MB,9.97MB / 81.9kB
65,2026-09-10T05:03:30.593526+00:00,131,2026-09-10T05:03:30.221502+00:00,false,microservices,auth,86c2d0085d36bd760301e5d2973ea2e3095f1ef9ac6ba40b8ad53cbd558f03eb,tcc-microservices-experiment-auth-1,0.02,79219917,1073741824,7.38,3,45.8kB / 40.3kB,10.2MB / 65.5kB
65,2026-09-10T05:03:30.593526+00:00,131,2026-09-10T05:03:30.221502+00:00,false,microservices,gateway,f57950d12c017a55da43df31b6c0c88db4271ecb3f3d286840e21d556d95a768,tcc-microservices-experiment-gateway-1,29.55,466511462,536870912,86.89,77,66.1MB / 73.9MB,31.4MB / 258kB
65,2026-09-10T05:03:30.593526+00:00,131,2026-09-10T05:03:30.221502+00:00,false,microservices,mysql,cd47944ef99e8665c6fbc745fd26216210ace9a0a0f7070f60fa0881b6e8b8b0,tcc-microservices-experiment-mysql-1,25.53,542847795,1073741824,50.56,40,25.6MB / 62.7MB,47.6MB / 125MB
65,2026-09-10T05:03:30.593526+00:00,131,2026-09-10T05:03:30.221502+00:00,false,microservices,order,ecb2ecded5626a554a8771603ab0b81767de20383f94ec8bda435127193f2174,tcc-microservices-experiment-order-1,0.02,74165780,1073741824,6.91,3,5.31MB / 4.14MB,9.18MB / 77.8kB
65,2026-09-10T05:03:30.593526+00:00,131,2026-09-10T05:03:30.221502+00:00,false,microservices,product,d2fb7348a9b654f2a980abf713e63d08845974daaf5b346cd5af9da85dd9bdcc,tcc-microservices-experiment-product-1,80.5,83697336,1073741824,7.8,3,73.6MB / 78.5MB,9.97MB / 81.9kB
66,2026-09-10T05:03:31.593554+00:00,133,2026-09-10T05:03:31.222599+00:00,false,microservices,auth,86c2d0085d36bd760301e5d2973ea2e3095f1ef9ac6ba40b8ad53cbd558f03eb,tcc-microservices-experiment-auth-1,0.02,79219917,1073741824,7.38,3,45.8kB / 40.3kB,10.2MB / 65.5kB
66,2026-09-10T05:03:31.593554+00:00,133,2026-09-10T05:03:31.222599+00:00,false,microservices,gateway,f57950d12c017a55da43df31b6c0c88db4271ecb3f3d286840e21d556d95a768,tcc-microservices-experiment-gateway-1,28.95,467245466,536870912,87.04,77,66.8MB / 74.7MB,31.4MB / 258kB
66,2026-09-10T05:03:31.593554+00:00,133,2026-09-10T05:03:31.222599+00:00,false,microservices,mysql,cd47944ef99e8665c6fbc745fd26216210ace9a0a0f7070f60fa0881b6e8b8b0,tcc-microservices-experiment-mysql-1,29.93,544001229,1073741824,50.67,40,25.8MB / 63.4MB,47.6MB / 125MB
66,2026-09-10T05:03:31.593554+00:00,133,2026-09-10T05:03:31.222599+00:00,false,microservices,order,ecb2ecded5626a554a8771603ab0b81767de20383f94ec8bda435127193f2174,tcc-microservices-experiment-order-1,0.02,74165780,1073741824,6.91,3,5.31MB / 4.14MB,9.18MB / 77.8kB
66,2026-09-10T05:03:31.593554+00:00,133,2026-09-10T05:03:31.222599+00:00,false,microservices,product,d2fb7348a9b654f2a980abf713e63d08845974daaf5b346cd5af9da85dd9bdcc,tcc-microservices-experiment-product-1,80.68,82648760,1073741824,7.7,3,74.4MB / 79.3MB,9.97MB / 81.9kB
67,2026-09-10T05:03:32.593556+00:00,135,2026-09-10T05:03:32.221424+00:00,false,microservices,auth,86c2d0085d36bd760301e5d2973ea2e3095f1ef9ac6ba40b8ad53cbd558f03eb,tcc-microservices-experiment-auth-1,0.02,79219917,1073741824,7.38,3,45.8kB / 40.3kB,10.2MB / 65.5kB
67,2026-09-10T05:03:32.593556+00:00,135,2026-09-10T05:03:32.221424+00:00,false,microservices,gateway,f57950d12c017a55da43df31b6c0c88db4271ecb3f3d286840e21d556d95a768,tcc-microservices-experiment-gateway-1,88.45,467350323,536870912,87.06,77,67.6MB / 75.5MB,31.4MB / 258kB
67,2026-09-10T05:03:32.593556+00:00,135,2026-09-10T05:03:32.221424+00:00,false,microservices,mysql,cd47944ef99e8665c6fbc745fd26216210ace9a0a0f7070f60fa0881b6e8b8b0,tcc-microservices-experiment-mysql-1,24.93,543162368,1073741824,50.59,40,26.1MB / 64MB,47.6MB / 125MB
67,2026-09-10T05:03:32.593556+00:00,135,2026-09-10T05:03:32.221424+00:00,false,microservices,order,ecb2ecded5626a554a8771603ab0b81767de20383f94ec8bda435127193f2174,tcc-microservices-experiment-order-1,0.02,74165780,1073741824,6.91,3,5.31MB / 4.14MB,9.18MB / 77.8kB
67,2026-09-10T05:03:32.593556+00:00,135,2026-09-10T05:03:32.221424+00:00,false,microservices,product,d2fb7348a9b654f2a980abf713e63d08845974daaf5b346cd5af9da85dd9bdcc,tcc-microservices-experiment-product-1,81.37,82596332,1073741824,7.69,3,75.2MB / 80.2MB,9.97MB / 81.9kB
68,2026-09-10T05:03:33.593561+00:00,137,2026-09-10T05:03:33.222444+00:00,false,microservices,auth,86c2d0085d36bd760301e5d2973ea2e3095f1ef9ac6ba40b8ad53cbd558f03eb,tcc-microservices-experiment-auth-1,0.02,79219917,1073741824,7.38,3,45.8kB / 40.3kB,10.2MB / 65.5kB
68,2026-09-10T05:03:33.593561+00:00,137,2026-09-10T05:03:33.222444+00:00,false,microservices,gateway,f57950d12c017a55da43df31b6c0c88db4271ecb3f3d286840e21d556d95a768,tcc-microservices-experiment-gateway-1,30.09,466826035,536870912,86.96,77,68.3MB / 76.4MB,31.4MB / 258kB
68,2026-09-10T05:03:33.593561+00:00,137,2026-09-10T05:03:33.222444+00:00,false,microservices,mysql,cd47944ef99e8665c6fbc745fd26216210ace9a0a0f7070f60fa0881b6e8b8b0,tcc-microservices-experiment-mysql-1,28.3,543162368,1073741824,50.59,40,26.3MB / 64.7MB,47.6MB / 125MB
68,2026-09-10T05:03:33.593561+00:00,137,2026-09-10T05:03:33.222444+00:00,false,microservices,order,ecb2ecded5626a554a8771603ab0b81767de20383f94ec8bda435127193f2174,tcc-microservices-experiment-order-1,0.01,74165780,1073741824,6.91,3,5.31MB / 4.14MB,9.18MB / 77.8kB
68,2026-09-10T05:03:33.593561+00:00,137,2026-09-10T05:03:33.222444+00:00,false,microservices,product,d2fb7348a9b654f2a980abf713e63d08845974daaf5b346cd5af9da85dd9bdcc,tcc-microservices-experiment-product-1,82.07,82648760,1073741824,7.7,3,76.1MB / 81.1MB,9.97MB / 1.34MB
69,2026-09-10T05:03:34.593562+00:00,139,2026-09-10T05:03:34.220621+00:00,false,microservices,auth,86c2d0085d36bd760301e5d2973ea2e3095f1ef9ac6ba40b8ad53cbd558f03eb,tcc-microservices-experiment-auth-1,0.02,79219917,1073741824,7.38,3,45.8kB / 40.3kB,10.2MB / 65.5kB
69,2026-09-10T05:03:34.593562+00:00,139,2026-09-10T05:03:34.220621+00:00,false,microservices,gateway,f57950d12c017a55da43df31b6c0c88db4271ecb3f3d286840e21d556d95a768,tcc-microservices-experiment-gateway-1,30.32,467245466,536870912,87.04,77,69.1MB / 77.2MB,31.4MB / 258kB
69,2026-09-10T05:03:34.593562+00:00,139,2026-09-10T05:03:34.220621+00:00,false,microservices,mysql,cd47944ef99e8665c6fbc745fd26216210ace9a0a0f7070f60fa0881b6e8b8b0,tcc-microservices-experiment-mysql-1,24.62,543267226,1073741824,50.59,40,26.6MB / 65.3MB,47.6MB / 125MB
69,2026-09-10T05:03:34.593562+00:00,139,2026-09-10T05:03:34.220621+00:00,false,microservices,order,ecb2ecded5626a554a8771603ab0b81767de20383f94ec8bda435127193f2174,tcc-microservices-experiment-order-1,0.01,74165780,1073741824,6.91,3,5.31MB / 4.14MB,9.18MB / 77.8kB
69,2026-09-10T05:03:34.593562+00:00,139,2026-09-10T05:03:34.220621+00:00,false,microservices,product,d2fb7348a9b654f2a980abf713e63d08845974daaf5b346cd5af9da85dd9bdcc,tcc-microservices-experiment-product-1,82.07,82795561,1073741824,7.71,3,76.9MB / 82MB,9.97MB / 1.34MB
70,2026-09-10T05:03:35.593555+00:00,141,2026-09-10T05:03:35.222504+00:00,false,microservices,auth,86c2d0085d36bd760301e5d2973ea2e3095f1ef9ac6ba40b8ad53cbd558f03eb,tcc-microservices-experiment-auth-1,0.02,79219917,1073741824,7.38,3,45.8kB / 40.3kB,10.2MB / 65.5kB
70,2026-09-10T05:03:35.593555+00:00,141,2026-09-10T05:03:35.222504+00:00,false,microservices,gateway,f57950d12c017a55da43df31b6c0c88db4271ecb3f3d286840e21d556d95a768,tcc-microservices-experiment-gateway-1,31.43,466930893,536870912,86.97,77,69.8MB / 78MB,31.4MB / 258kB
70,2026-09-10T05:03:35.593555+00:00,141,2026-09-10T05:03:35.222504+00:00,false,microservices,mysql,cd47944ef99e8665c6fbc745fd26216210ace9a0a0f7070f60fa0881b6e8b8b0,tcc-microservices-experiment-mysql-1,28.29,544001229,1073741824,50.66,40,26.8MB / 66MB,47.6MB / 125MB
70,2026-09-10T05:03:35.593555+00:00,141,2026-09-10T05:03:35.222504+00:00,false,microservices,order,ecb2ecded5626a554a8771603ab0b81767de20383f94ec8bda435127193f2174,tcc-microservices-experiment-order-1,0.02,74165780,1073741824,6.91,3,5.31MB / 4.14MB,9.18MB / 77.8kB
70,2026-09-10T05:03:35.593555+00:00,141,2026-09-10T05:03:35.222504+00:00,false,microservices,product,d2fb7348a9b654f2a980abf713e63d08845974daaf5b346cd5af9da85dd9bdcc,tcc-microservices-experiment-product-1,82.79,82858476,1073741824,7.72,3,77.7MB / 82.9MB,9.97MB / 1.34MB
71,2026-09-10T05:03:36.593562+00:00,143,2026-09-10T05:03:36.221352+00:00,false,microservices,auth,86c2d0085d36bd760301e5d2973ea2e3095f1ef9ac6ba40b8ad53cbd558f03eb,tcc-microservices-experiment-auth-1,0.02,79219917,1073741824,7.38,3,45.8kB / 40.3kB,10.2MB / 65.5kB
71,2026-09-10T05:03:36.593562+00:00,143,2026-09-10T05:03:36.221352+00:00,false,microservices,gateway,f57950d12c017a55da43df31b6c0c88db4271ecb3f3d286840e21d556d95a768,tcc-microservices-experiment-gateway-1,33.4,467245466,536870912,87.04,77,70.6MB / 78.9MB,31.4MB / 258kB
71,2026-09-10T05:03:36.593562+00:00,143,2026-09-10T05:03:36.221352+00:00,false,microservices,mysql,cd47944ef99e8665c6fbc745fd26216210ace9a0a0f7070f60fa0881b6e8b8b0,tcc-microservices-experiment-mysql-1,25.39,543581798,1073741824,50.62,40,27MB / 66.6MB,47.6MB / 125MB
71,2026-09-10T05:03:36.593562+00:00,143,2026-09-10T05:03:36.221352+00:00,false,microservices,order,ecb2ecded5626a554a8771603ab0b81767de20383f94ec8bda435127193f2174,tcc-microservices-experiment-order-1,0.02,74165780,1073741824,6.91,3,5.31MB / 4.14MB,9.18MB / 77.8kB
71,2026-09-10T05:03:36.593562+00:00,143,2026-09-10T05:03:36.221352+00:00,false,microservices,product,d2fb7348a9b654f2a980abf713e63d08845974daaf5b346cd5af9da85dd9bdcc,tcc-microservices-experiment-product-1,80.68,83592479,1073741824,7.79,3,78.5MB / 83.7MB,9.97MB / 1.34MB
72,2026-09-10T05:03:37.593529+00:00,145,2026-09-10T05:03:37.222298+00:00,false,microservices,auth,86c2d0085d36bd760301e5d2973ea2e3095f1ef9ac6ba40b8ad53cbd558f03eb,tcc-microservices-experiment-auth-1,0.02,79219917,1073741824,7.38,3,45.8kB / 40.3kB,10.2MB / 65.5kB
72,2026-09-10T05:03:37.593529+00:00,145,2026-09-10T05:03:37.222298+00:00,false,microservices,gateway,f57950d12c017a55da43df31b6c0c88db4271ecb3f3d286840e21d556d95a768,tcc-microservices-experiment-gateway-1,29.06,467035750,536870912,86.99,77,71.3MB / 79.7MB,31.4MB / 258kB
72,2026-09-10T05:03:37.593529+00:00,145,2026-09-10T05:03:37.222298+00:00,false,microservices,mysql,cd47944ef99e8665c6fbc745fd26216210ace9a0a0f7070f60fa0881b6e8b8b0,tcc-microservices-experiment-mysql-1,29.34,544106086,1073741824,50.68,40,27.3MB / 67.2MB,47.6MB / 125MB
72,2026-09-10T05:03:37.593529+00:00,145,2026-09-10T05:03:37.222298+00:00,false,microservices,order,ecb2ecded5626a554a8771603ab0b81767de20383f94ec8bda435127193f2174,tcc-microservices-experiment-order-1,0.02,74165780,1073741824,6.91,3,5.31MB / 4.14MB,9.18MB / 77.8kB
72,2026-09-10T05:03:37.593529+00:00,145,2026-09-10T05:03:37.222298+00:00,false,microservices,product,d2fb7348a9b654f2a980abf713e63d08845974daaf5b346cd5af9da85dd9bdcc,tcc-microservices-experiment-product-1,80.05,83015762,1073741824,7.73,3,79.4MB / 84.6MB,9.97MB / 1.34MB
73,2026-09-10T05:03:38.593552+00:00,147,2026-09-10T05:03:38.220864+00:00,false,microservices,auth,86c2d0085d36bd760301e5d2973ea2e3095f1ef9ac6ba40b8ad53cbd558f03eb,tcc-microservices-experiment-auth-1,0.02,79219917,1073741824,7.38,3,45.8kB / 40.3kB,10.2MB / 65.5kB
73,2026-09-10T05:03:38.593552+00:00,147,2026-09-10T05:03:38.220864+00:00,false,microservices,gateway,f57950d12c017a55da43df31b6c0c88db4271ecb3f3d286840e21d556d95a768,tcc-microservices-experiment-gateway-1,29.41,467455181,536870912,87.07,77,72.1MB / 80.5MB,31.4MB / 258kB
73,2026-09-10T05:03:38.593552+00:00,147,2026-09-10T05:03:38.220864+00:00,false,microservices,mysql,cd47944ef99e8665c6fbc745fd26216210ace9a0a0f7070f60fa0881b6e8b8b0,tcc-microservices-experiment-mysql-1,23.87,543162368,1073741824,50.59,40,27.5MB / 67.9MB,47.6MB / 125MB
73,2026-09-10T05:03:38.593552+00:00,147,2026-09-10T05:03:38.220864+00:00,false,microservices,order,ecb2ecded5626a554a8771603ab0b81767de20383f94ec8bda435127193f2174,tcc-microservices-experiment-order-1,0.02,74165780,1073741824,6.91,3,5.31MB / 4.14MB,9.18MB / 77.8kB
73,2026-09-10T05:03:38.593552+00:00,147,2026-09-10T05:03:38.220864+00:00,false,microservices,product,d2fb7348a9b654f2a980abf713e63d08845974daaf5b346cd5af9da85dd9bdcc,tcc-microservices-experiment-product-1,82.96,82669732,1073741824,7.7,3,80.2MB / 85.5MB,9.97MB / 1.34MB
74,2026-09-10T05:03:39.593526+00:00,149,2026-09-10T05:03:39.222431+00:00,false,microservices,auth,86c2d0085d36bd760301e5d2973ea2e3095f1ef9ac6ba40b8ad53cbd558f03eb,tcc-microservices-experiment-auth-1,0.02,79219917,1073741824,7.38,3,45.8kB / 40.3kB,10.2MB / 65.5kB
74,2026-09-10T05:03:39.593526+00:00,149,2026-09-10T05:03:39.222431+00:00,false,microservices,gateway,f57950d12c017a55da43df31b6c0c88db4271ecb3f3d286840e21d556d95a768,tcc-microservices-experiment-gateway-1,29.87,466511462,536870912,86.89,77,72.8MB / 81.4MB,31.4MB / 258kB
74,2026-09-10T05:03:39.593526+00:00,149,2026-09-10T05:03:39.222431+00:00,false,microservices,mysql,cd47944ef99e8665c6fbc745fd26216210ace9a0a0f7070f60fa0881b6e8b8b0,tcc-microservices-experiment-mysql-1,28.92,544001229,1073741824,50.66,40,27.8MB / 68.5MB,47.6MB / 125MB
74,2026-09-10T05:03:39.593526+00:00,149,2026-09-10T05:03:39.222431+00:00,false,microservices,order,ecb2ecded5626a554a8771603ab0b81767de20383f94ec8bda435127193f2174,tcc-microservices-experiment-order-1,0.02,74165780,1073741824,6.91,3,5.31MB / 4.14MB,9.18MB / 77.8kB
74,2026-09-10T05:03:39.593526+00:00,149,2026-09-10T05:03:39.222431+00:00,false,microservices,product,d2fb7348a9b654f2a980abf713e63d08845974daaf5b346cd5af9da85dd9bdcc,tcc-microservices-experiment-product-1,82.17,82764104,1073741824,7.71,3,81MB / 86.4MB,9.97MB / 1.34MB
75,2026-09-10T05:03:40.593557+00:00,151,2026-09-10T05:03:40.220890+00:00,false,microservices,auth,86c2d0085d36bd760301e5d2973ea2e3095f1ef9ac6ba40b8ad53cbd558f03eb,tcc-microservices-experiment-auth-1,0.02,79219917,1073741824,7.38,3,45.8kB / 40.3kB,10.2MB / 65.5kB
75,2026-09-10T05:03:40.593557+00:00,151,2026-09-10T05:03:40.220890+00:00,false,microservices,gateway,f57950d12c017a55da43df31b6c0c88db4271ecb3f3d286840e21d556d95a768,tcc-microservices-experiment-gateway-1,32.41,467140608,536870912,87.01,77,73.6MB / 82.2MB,31.4MB / 258kB
75,2026-09-10T05:03:40.593557+00:00,151,2026-09-10T05:03:40.220890+00:00,false,microservices,mysql,cd47944ef99e8665c6fbc745fd26216210ace9a0a0f7070f60fa0881b6e8b8b0,tcc-microservices-experiment-mysql-1,24.15,542742938,1073741824,50.55,40,28MB / 69.2MB,47.6MB / 125MB
75,2026-09-10T05:03:40.593557+00:00,151,2026-09-10T05:03:40.220890+00:00,false,microservices,order,ecb2ecded5626a554a8771603ab0b81767de20383f94ec8bda435127193f2174,tcc-microservices-experiment-order-1,0.01,74165780,1073741824,6.91,3,5.31MB / 4.14MB,9.18MB / 77.8kB
75,2026-09-10T05:03:40.593557+00:00,151,2026-09-10T05:03:40.220890+00:00,false,microservices,product,d2fb7348a9b654f2a980abf713e63d08845974daaf5b346cd5af9da85dd9bdcc,tcc-microservices-experiment-product-1,83.02,83026248,1073741824,7.73,3,81.9MB / 87.3MB,9.97MB / 1.34MB
76,2026-09-10T05:03:41.593553+00:00,153,2026-09-10T05:03:41.222197+00:00,false,microservices,auth,86c2d0085d36bd760301e5d2973ea2e3095f1ef9ac6ba40b8ad53cbd558f03eb,tcc-microservices-experiment-auth-1,0.02,79219917,1073741824,7.38,3,45.8kB / 40.3kB,10.2MB / 65.5kB
76,2026-09-10T05:03:41.593553+00:00,153,2026-09-10T05:03:41.222197+00:00,false,microservices,gateway,f57950d12c017a55da43df31b6c0c88db4271ecb3f3d286840e21d556d95a768,tcc-microservices-experiment-gateway-1,29.65,466930893,536870912,86.97,77,74.3MB / 83.1MB,31.4MB / 258kB
76,2026-09-10T05:03:41.593553+00:00,153,2026-09-10T05:03:41.222197+00:00,false,microservices,mysql,cd47944ef99e8665c6fbc745fd26216210ace9a0a0f7070f60fa0881b6e8b8b0,tcc-microservices-experiment-mysql-1,29.13,543476941,1073741824,50.61,40,28.2MB / 69.8MB,47.6MB / 125MB
76,2026-09-10T05:03:41.593553+00:00,153,2026-09-10T05:03:41.222197+00:00,false,microservices,order,ecb2ecded5626a554a8771603ab0b81767de20383f94ec8bda435127193f2174,tcc-microservices-experiment-order-1,0.02,74165780,1073741824,6.91,3,5.31MB / 4.14MB,9.18MB / 77.8kB
76,2026-09-10T05:03:41.593553+00:00,153,2026-09-10T05:03:41.222197+00:00,false,microservices,product,d2fb7348a9b654f2a980abf713e63d08845974daaf5b346cd5af9da85dd9bdcc,tcc-microservices-experiment-product-1,82.3,83424707,1073741824,7.77,3,82.7MB / 88.2MB,9.97MB / 1.34MB
77,2026-09-10T05:03:42.593563+00:00,155,2026-09-10T05:03:42.221253+00:00,false,microservices,auth,86c2d0085d36bd760301e5d2973ea2e3095f1ef9ac6ba40b8ad53cbd558f03eb,tcc-microservices-experiment-auth-1,0.02,79219917,1073741824,7.38,3,45.8kB / 40.3kB,10.2MB / 65.5kB
77,2026-09-10T05:03:42.593563+00:00,155,2026-09-10T05:03:42.221253+00:00,false,microservices,gateway,f57950d12c017a55da43df31b6c0c88db4271ecb3f3d286840e21d556d95a768,tcc-microservices-experiment-gateway-1,34.1,475843789,536870912,88.64,77,75.1MB / 83.9MB,31.4MB / 258kB
77,2026-09-10T05:03:42.593563+00:00,155,2026-09-10T05:03:42.221253+00:00,false,microservices,mysql,cd47944ef99e8665c6fbc745fd26216210ace9a0a0f7070f60fa0881b6e8b8b0,tcc-microservices-experiment-mysql-1,25.42,543476941,1073741824,50.62,40,28.5MB / 70.5MB,47.6MB / 125MB
77,2026-09-10T05:03:42.593563+00:00,155,2026-09-10T05:03:42.221253+00:00,false,microservices,order,ecb2ecded5626a554a8771603ab0b81767de20383f94ec8bda435127193f2174,tcc-microservices-experiment-order-1,0.01,74165780,1073741824,6.91,3,5.31MB / 4.14MB,9.18MB / 77.8kB
77,2026-09-10T05:03:42.593563+00:00,155,2026-09-10T05:03:42.221253+00:00,false,microservices,product,d2fb7348a9b654f2a980abf713e63d08845974daaf5b346cd5af9da85dd9bdcc,tcc-microservices-experiment-product-1,81.15,83078676,1073741824,7.74,3,83.5MB / 89.1MB,9.97MB / 1.34MB
78,2026-09-10T05:03:43.593557+00:00,157,2026-09-10T05:03:43.222883+00:00,false,microservices,auth,86c2d0085d36bd760301e5d2973ea2e3095f1ef9ac6ba40b8ad53cbd558f03eb,tcc-microservices-experiment-auth-1,0.02,79219917,1073741824,7.38,3,45.8kB / 40.3kB,10.2MB / 65.5kB
78,2026-09-10T05:03:43.593557+00:00,157,2026-09-10T05:03:43.222883+00:00,false,microservices,gateway,f57950d12c017a55da43df31b6c0c88db4271ecb3f3d286840e21d556d95a768,tcc-microservices-experiment-gateway-1,29.62,475529216,536870912,88.57,77,75.8MB / 84.8MB,31.4MB / 258kB
78,2026-09-10T05:03:43.593557+00:00,157,2026-09-10T05:03:43.222883+00:00,false,microservices,mysql,cd47944ef99e8665c6fbc745fd26216210ace9a0a0f7070f60fa0881b6e8b8b0,tcc-microservices-experiment-mysql-1,29.49,544106086,1073741824,50.67,40,28.7MB / 71.1MB,47.6MB / 125MB
78,2026-09-10T05:03:43.593557+00:00,157,2026-09-10T05:03:43.222883+00:00,false,microservices,order,ecb2ecded5626a554a8771603ab0b81767de20383f94ec8bda435127193f2174,tcc-microservices-experiment-order-1,0.02,74165780,1073741824,6.91,3,5.31MB / 4.14MB,9.18MB / 77.8kB
78,2026-09-10T05:03:43.593557+00:00,157,2026-09-10T05:03:43.222883+00:00,false,microservices,product,d2fb7348a9b654f2a980abf713e63d08845974daaf5b346cd5af9da85dd9bdcc,tcc-microservices-experiment-product-1,80.99,82795561,1073741824,7.71,3,84.4MB / 90MB,9.97MB / 1.34MB
79,2026-09-10T05:03:44.593555+00:00,159,2026-09-10T05:03:44.222233+00:00,false,microservices,auth,86c2d0085d36bd760301e5d2973ea2e3095f1ef9ac6ba40b8ad53cbd558f03eb,tcc-microservices-experiment-auth-1,0.02,79219917,1073741824,7.38,3,45.8kB / 40.3kB,10.2MB / 65.5kB
79,2026-09-10T05:03:44.593555+00:00,159,2026-09-10T05:03:44.222233+00:00,false,microservices,gateway,f57950d12c017a55da43df31b6c0c88db4271ecb3f3d286840e21d556d95a768,tcc-microservices-experiment-gateway-1,29.73,475214643,536870912,88.52,77,76.6MB / 85.6MB,31.4MB / 270kB
79,2026-09-10T05:03:44.593555+00:00,159,2026-09-10T05:03:44.222233+00:00,false,microservices,mysql,cd47944ef99e8665c6fbc745fd26216210ace9a0a0f7070f60fa0881b6e8b8b0,tcc-microservices-experiment-mysql-1,25.4,543581798,1073741824,50.62,40,29MB / 71.8MB,47.6MB / 125MB
79,2026-09-10T05:03:44.593555+00:00,159,2026-09-10T05:03:44.222233+00:00,false,microservices,order,ecb2ecded5626a554a8771603ab0b81767de20383f94ec8bda435127193f2174,tcc-microservices-experiment-order-1,0.02,74165780,1073741824,6.91,3,5.31MB / 4.14MB,9.18MB / 77.8kB
79,2026-09-10T05:03:44.593555+00:00,159,2026-09-10T05:03:44.222233+00:00,false,microservices,product,d2fb7348a9b654f2a980abf713e63d08845974daaf5b346cd5af9da85dd9bdcc,tcc-microservices-experiment-product-1,81.26,83194020,1073741824,7.75,3,85.2MB / 90.9MB,9.97MB / 1.34MB
80,2026-09-10T05:03:45.593559+00:00,161,2026-09-10T05:03:45.222213+00:00,false,microservices,auth,86c2d0085d36bd760301e5d2973ea2e3095f1ef9ac6ba40b8ad53cbd558f03eb,tcc-microservices-experiment-auth-1,0.02,79219917,1073741824,7.38,3,45.8kB / 40.3kB,10.2MB / 65.5kB
80,2026-09-10T05:03:45.593559+00:00,161,2026-09-10T05:03:45.222213+00:00,false,microservices,gateway,f57950d12c017a55da43df31b6c0c88db4271ecb3f3d286840e21d556d95a768,tcc-microservices-experiment-gateway-1,29.18,475948646,536870912,88.66,77,77.3MB / 86.4MB,31.4MB / 270kB
80,2026-09-10T05:03:45.593559+00:00,161,2026-09-10T05:03:45.222213+00:00,false,microservices,mysql,cd47944ef99e8665c6fbc745fd26216210ace9a0a0f7070f60fa0881b6e8b8b0,tcc-microservices-experiment-mysql-1,30.25,543267226,1073741824,50.59,40,29.2MB / 72.4MB,47.6MB / 125MB
80,2026-09-10T05:03:45.593559+00:00,161,2026-09-10T05:03:45.222213+00:00,false,microservices,order,ecb2ecded5626a554a8771603ab0b81767de20383f94ec8bda435127193f2174,tcc-microservices-experiment-order-1,0.02,74165780,1073741824,6.91,3,5.31MB / 4.14MB,9.18MB / 77.8kB
80,2026-09-10T05:03:45.593559+00:00,161,2026-09-10T05:03:45.222213+00:00,false,microservices,product,d2fb7348a9b654f2a980abf713e63d08845974daaf5b346cd5af9da85dd9bdcc,tcc-microservices-experiment-product-1,80.73,83204506,1073741824,7.75,3,86MB / 91.8MB,9.97MB / 1.34MB
81,2026-09-10T05:03:46.593550+00:00,163,2026-09-10T05:03:46.221316+00:00,false,microservices,auth,86c2d0085d36bd760301e5d2973ea2e3095f1ef9ac6ba40b8ad53cbd558f03eb,tcc-microservices-experiment-auth-1,0.02,79219917,1073741824,7.38,3,45.8kB / 40.3kB,10.2MB / 65.5kB
81,2026-09-10T05:03:46.593550+00:00,163,2026-09-10T05:03:46.221316+00:00,false,microservices,gateway,f57950d12c017a55da43df31b6c0c88db4271ecb3f3d286840e21d556d95a768,tcc-microservices-experiment-gateway-1,29.87,475214643,536870912,88.52,77,78.1MB / 87.3MB,31.4MB / 270kB
81,2026-09-10T05:03:46.593550+00:00,163,2026-09-10T05:03:46.221316+00:00,false,microservices,mysql,cd47944ef99e8665c6fbc745fd26216210ace9a0a0f7070f60fa0881b6e8b8b0,tcc-microservices-experiment-mysql-1,24.55,543372083,1073741824,50.6,40,29.4MB / 73.1MB,47.6MB / 125MB
81,2026-09-10T05:03:46.593550+00:00,163,2026-09-10T05:03:46.221316+00:00,false,microservices,order,ecb2ecded5626a554a8771603ab0b81767de20383f94ec8bda435127193f2174,tcc-microservices-experiment-order-1,0.02,74165780,1073741824,6.91,3,5.31MB / 4.14MB,9.18MB / 77.8kB
81,2026-09-10T05:03:46.593550+00:00,163,2026-09-10T05:03:46.221316+00:00,false,microservices,product,d2fb7348a9b654f2a980abf713e63d08845974daaf5b346cd5af9da85dd9bdcc,tcc-microservices-experiment-product-1,82.72,82952847,1073741824,7.73,3,86.9MB / 92.7MB,9.97MB / 1.34MB
82,2026-09-10T05:03:47.593562+00:00,165,2026-09-10T05:03:47.221278+00:00,false,microservices,auth,86c2d0085d36bd760301e5d2973ea2e3095f1ef9ac6ba40b8ad53cbd558f03eb,tcc-microservices-experiment-auth-1,0.02,79219917,1073741824,7.38,3,45.8kB / 40.3kB,10.2MB / 65.5kB
82,2026-09-10T05:03:47.593562+00:00,165,2026-09-10T05:03:47.221278+00:00,false,microservices,gateway,f57950d12c017a55da43df31b6c0c88db4271ecb3f3d286840e21d556d95a768,tcc-microservices-experiment-gateway-1,29.38,476053504,536870912,88.67,77,78.9MB / 88.2MB,31.4MB / 270kB
82,2026-09-10T05:03:47.593562+00:00,165,2026-09-10T05:03:47.221278+00:00,false,microservices,mysql,cd47944ef99e8665c6fbc745fd26216210ace9a0a0f7070f60fa0881b6e8b8b0,tcc-microservices-experiment-mysql-1,29.37,543896371,1073741824,50.66,40,29.7MB / 73.8MB,47.6MB / 125MB
82,2026-09-10T05:03:47.593562+00:00,165,2026-09-10T05:03:47.221278+00:00,false,microservices,order,ecb2ecded5626a554a8771603ab0b81767de20383f94ec8bda435127193f2174,tcc-microservices-experiment-order-1,0.02,74165780,1073741824,6.91,3,5.31MB / 4.14MB,9.18MB / 77.8kB
82,2026-09-10T05:03:47.593562+00:00,165,2026-09-10T05:03:47.221278+00:00,false,microservices,product,d2fb7348a9b654f2a980abf713e63d08845974daaf5b346cd5af9da85dd9bdcc,tcc-microservices-experiment-product-1,81.55,82973819,1073741824,7.73,3,87.7MB / 93.6MB,9.97MB / 1.34MB
83,2026-09-10T05:03:48.593564+00:00,167,2026-09-10T05:03:48.221085+00:00,false,microservices,auth,86c2d0085d36bd760301e5d2973ea2e3095f1ef9ac6ba40b8ad53cbd558f03eb,tcc-microservices-experiment-auth-1,0.02,79219917,1073741824,7.38,3,45.8kB / 40.3kB,10.2MB / 65.5kB
83,2026-09-10T05:03:48.593564+00:00,167,2026-09-10T05:03:48.221085+00:00,false,microservices,gateway,f57950d12c017a55da43df31b6c0c88db4271ecb3f3d286840e21d556d95a768,tcc-microservices-experiment-gateway-1,29.72,476368077,536870912,88.72,77,79.6MB / 89MB,31.4MB / 270kB
83,2026-09-10T05:03:48.593564+00:00,167,2026-09-10T05:03:48.221085+00:00,false,microservices,mysql,cd47944ef99e8665c6fbc745fd26216210ace9a0a0f7070f60fa0881b6e8b8b0,tcc-microservices-experiment-mysql-1,24.16,542638080,1073741824,50.53,40,29.9MB / 74.4MB,47.6MB / 125MB
83,2026-09-10T05:03:48.593564+00:00,167,2026-09-10T05:03:48.221085+00:00,false,microservices,order,ecb2ecded5626a554a8771603ab0b81767de20383f94ec8bda435127193f2174,tcc-microservices-experiment-order-1,0.02,74165780,1073741824,6.91,3,5.31MB / 4.14MB,9.18MB / 77.8kB
83,2026-09-10T05:03:48.593564+00:00,167,2026-09-10T05:03:48.221085+00:00,false,microservices,product,d2fb7348a9b654f2a980abf713e63d08845974daaf5b346cd5af9da85dd9bdcc,tcc-microservices-experiment-product-1,82.47,83131105,1073741824,7.74,3,88.6MB / 94.5MB,9.97MB / 1.34MB
84,2026-09-10T05:03:49.593528+00:00,169,2026-09-10T05:03:49.222175+00:00,false,microservices,auth,86c2d0085d36bd760301e5d2973ea2e3095f1ef9ac6ba40b8ad53cbd558f03eb,tcc-microservices-experiment-auth-1,0.02,79219917,1073741824,7.38,3,45.8kB / 40.3kB,10.2MB / 65.5kB
84,2026-09-10T05:03:49.593528+00:00,169,2026-09-10T05:03:49.222175+00:00,false,microservices,gateway,f57950d12c017a55da43df31b6c0c88db4271ecb3f3d286840e21d556d95a768,tcc-microservices-experiment-gateway-1,29.35,476263219,536870912,88.71,77,80.4MB / 89.9MB,31.4MB / 270kB
84,2026-09-10T05:03:49.593528+00:00,169,2026-09-10T05:03:49.222175+00:00,false,microservices,mysql,cd47944ef99e8665c6fbc745fd26216210ace9a0a0f7070f60fa0881b6e8b8b0,tcc-microservices-experiment-mysql-1,29.44,543686656,1073741824,50.64,40,30.2MB / 75.1MB,47.6MB / 125MB
84,2026-09-10T05:03:49.593528+00:00,169,2026-09-10T05:03:49.222175+00:00,false,microservices,order,ecb2ecded5626a554a8771603ab0b81767de20383f94ec8bda435127193f2174,tcc-microservices-experiment-order-1,0.02,74165780,1073741824,6.91,3,5.31MB / 4.14MB,9.18MB / 77.8kB
84,2026-09-10T05:03:49.593528+00:00,169,2026-09-10T05:03:49.222175+00:00,false,microservices,product,d2fb7348a9b654f2a980abf713e63d08845974daaf5b346cd5af9da85dd9bdcc,tcc-microservices-experiment-product-1,81.83,82701189,1073741824,7.7,3,89.4MB / 95.4MB,9.97MB / 1.56MB
85,2026-09-10T05:03:50.593555+00:00,171,2026-09-10T05:03:50.222237+00:00,false,microservices,auth,86c2d0085d36bd760301e5d2973ea2e3095f1ef9ac6ba40b8ad53cbd558f03eb,tcc-microservices-experiment-auth-1,0.02,79219917,1073741824,7.38,3,45.8kB / 40.3kB,10.2MB / 65.5kB
85,2026-09-10T05:03:50.593555+00:00,171,2026-09-10T05:03:50.222237+00:00,false,microservices,gateway,f57950d12c017a55da43df31b6c0c88db4271ecb3f3d286840e21d556d95a768,tcc-microservices-experiment-gateway-1,30.13,476682650,536870912,88.78,77,81.1MB / 90.7MB,31.4MB / 270kB
85,2026-09-10T05:03:50.593555+00:00,171,2026-09-10T05:03:50.222237+00:00,false,microservices,mysql,cd47944ef99e8665c6fbc745fd26216210ace9a0a0f7070f60fa0881b6e8b8b0,tcc-microservices-experiment-mysql-1,25.28,543686656,1073741824,50.63,40,30.4MB / 75.7MB,47.6MB / 125MB
85,2026-09-10T05:03:50.593555+00:00,171,2026-09-10T05:03:50.222237+00:00,false,microservices,order,ecb2ecded5626a554a8771603ab0b81767de20383f94ec8bda435127193f2174,tcc-microservices-experiment-order-1,0.02,74165780,1073741824,6.91,3,5.31MB / 4.14MB,9.18MB / 77.8kB
85,2026-09-10T05:03:50.593555+00:00,171,2026-09-10T05:03:50.222237+00:00,false,microservices,product,d2fb7348a9b654f2a980abf713e63d08845974daaf5b346cd5af9da85dd9bdcc,tcc-microservices-experiment-product-1,80.99,82250301,1073741824,7.66,3,90.3MB / 96.3MB,9.97MB / 1.56MB
86,2026-09-10T05:03:51.593556+00:00,173,2026-09-10T05:03:51.221211+00:00,false,microservices,auth,86c2d0085d36bd760301e5d2973ea2e3095f1ef9ac6ba40b8ad53cbd558f03eb,tcc-microservices-experiment-auth-1,0.02,79219917,1073741824,7.38,3,45.8kB / 40.3kB,10.2MB / 65.5kB
86,2026-09-10T05:03:51.593556+00:00,173,2026-09-10T05:03:51.221211+00:00,false,microservices,gateway,f57950d12c017a55da43df31b6c0c88db4271ecb3f3d286840e21d556d95a768,tcc-microservices-experiment-gateway-1,29.66,476368077,536870912,88.73,77,81.9MB / 91.6MB,31.4MB / 270kB
86,2026-09-10T05:03:51.593556+00:00,173,2026-09-10T05:03:51.221211+00:00,false,microservices,mysql,cd47944ef99e8665c6fbc745fd26216210ace9a0a0f7070f60fa0881b6e8b8b0,tcc-microservices-experiment-mysql-1,28.87,546727526,1073741824,50.92,41,30.7MB / 76.4MB,47.6MB / 125MB
86,2026-09-10T05:03:51.593556+00:00,173,2026-09-10T05:03:51.221211+00:00,false,microservices,order,ecb2ecded5626a554a8771603ab0b81767de20383f94ec8bda435127193f2174,tcc-microservices-experiment-order-1,0.02,74165780,1073741824,6.91,3,5.31MB / 4.14MB,9.18MB / 77.8kB
86,2026-09-10T05:03:51.593556+00:00,173,2026-09-10T05:03:51.221211+00:00,false,microservices,product,d2fb7348a9b654f2a980abf713e63d08845974daaf5b346cd5af9da85dd9bdcc,tcc-microservices-experiment-product-1,81.53,82984305,1073741824,7.73,3,91.1MB / 97.2MB,9.97MB / 1.56MB
87,2026-09-10T05:03:52.593528+00:00,175,2026-09-10T05:03:52.222226+00:00,false,microservices,auth,86c2d0085d36bd760301e5d2973ea2e3095f1ef9ac6ba40b8ad53cbd558f03eb,tcc-microservices-experiment-auth-1,0.02,79219917,1073741824,7.38,3,45.8kB / 40.3kB,10.2MB / 65.5kB
87,2026-09-10T05:03:52.593528+00:00,175,2026-09-10T05:03:52.222226+00:00,false,microservices,gateway,f57950d12c017a55da43df31b6c0c88db4271ecb3f3d286840e21d556d95a768,tcc-microservices-experiment-gateway-1,30.71,476158362,536870912,88.69,69,82.7MB / 92.4MB,31.4MB / 270kB
87,2026-09-10T05:03:52.593528+00:00,175,2026-09-10T05:03:52.222226+00:00,false,microservices,mysql,cd47944ef99e8665c6fbc745fd26216210ace9a0a0f7070f60fa0881b6e8b8b0,tcc-microservices-experiment-mysql-1,24.84,543372083,1073741824,50.61,40,30.9MB / 77.1MB,47.6MB / 125MB
87,2026-09-10T05:03:52.593528+00:00,175,2026-09-10T05:03:52.222226+00:00,false,microservices,order,ecb2ecded5626a554a8771603ab0b81767de20383f94ec8bda435127193f2174,tcc-microservices-experiment-order-1,0.02,74165780,1073741824,6.91,3,5.31MB / 4.14MB,9.18MB / 77.8kB
87,2026-09-10T05:03:52.593528+00:00,175,2026-09-10T05:03:52.222226+00:00,false,microservices,product,d2fb7348a9b654f2a980abf713e63d08845974daaf5b346cd5af9da85dd9bdcc,tcc-microservices-experiment-product-1,82.31,82795561,1073741824,7.71,3,92MB / 98.1MB,9.97MB / 1.56MB
88,2026-09-10T05:03:53.593557+00:00,177,2026-09-10T05:03:53.223038+00:00,false,microservices,auth,86c2d0085d36bd760301e5d2973ea2e3095f1ef9ac6ba40b8ad53cbd558f03eb,tcc-microservices-experiment-auth-1,0.02,79219917,1073741824,7.38,3,45.8kB / 40.3kB,10.2MB / 65.5kB
88,2026-09-10T05:03:53.593557+00:00,177,2026-09-10T05:03:53.223038+00:00,false,microservices,gateway,f57950d12c017a55da43df31b6c0c88db4271ecb3f3d286840e21d556d95a768,tcc-microservices-experiment-gateway-1,29.61,475843789,536870912,88.64,69,83.4MB / 93.3MB,31.4MB / 270kB
88,2026-09-10T05:03:53.593557+00:00,177,2026-09-10T05:03:53.223038+00:00,false,microservices,mysql,cd47944ef99e8665c6fbc745fd26216210ace9a0a0f7070f60fa0881b6e8b8b0,tcc-microservices-experiment-mysql-1,24.56,544735232,1073741824,50.73,42,31.2MB / 77.7MB,47.6MB / 125MB
88,2026-09-10T05:03:53.593557+00:00,177,2026-09-10T05:03:53.223038+00:00,false,microservices,order,ecb2ecded5626a554a8771603ab0b81767de20383f94ec8bda435127193f2174,tcc-microservices-experiment-order-1,0.02,74165780,1073741824,6.91,3,5.31MB / 4.14MB,9.18MB / 77.8kB
88,2026-09-10T05:03:53.593557+00:00,177,2026-09-10T05:03:53.223038+00:00,false,microservices,product,d2fb7348a9b654f2a980abf713e63d08845974daaf5b346cd5af9da85dd9bdcc,tcc-microservices-experiment-product-1,82.66,83309363,1073741824,7.76,3,92.8MB / 99MB,9.97MB / 1.56MB
89,2026-09-10T05:03:54.593563+00:00,179,2026-09-10T05:03:54.222964+00:00,false,microservices,auth,86c2d0085d36bd760301e5d2973ea2e3095f1ef9ac6ba40b8ad53cbd558f03eb,tcc-microservices-experiment-auth-1,0.02,79219917,1073741824,7.38,3,45.8kB / 40.3kB,10.2MB / 65.5kB
89,2026-09-10T05:03:54.593563+00:00,179,2026-09-10T05:03:54.222964+00:00,false,microservices,gateway,f57950d12c017a55da43df31b6c0c88db4271ecb3f3d286840e21d556d95a768,tcc-microservices-experiment-gateway-1,29.02,475214643,536870912,88.52,69,84.2MB / 94.1MB,31.4MB / 270kB
89,2026-09-10T05:03:54.593563+00:00,179,2026-09-10T05:03:54.222964+00:00,false,microservices,mysql,cd47944ef99e8665c6fbc745fd26216210ace9a0a0f7070f60fa0881b6e8b8b0,tcc-microservices-experiment-mysql-1,28.54,542638080,1073741824,50.54,40,31.4MB / 78.4MB,47.6MB / 125MB
89,2026-09-10T05:03:54.593563+00:00,179,2026-09-10T05:03:54.222964+00:00,false,microservices,order,ecb2ecded5626a554a8771603ab0b81767de20383f94ec8bda435127193f2174,tcc-microservices-experiment-order-1,0.02,74165780,1073741824,6.91,3,5.31MB / 4.14MB,9.18MB / 77.8kB
89,2026-09-10T05:03:54.593563+00:00,179,2026-09-10T05:03:54.222964+00:00,false,microservices,product,d2fb7348a9b654f2a980abf713e63d08845974daaf5b346cd5af9da85dd9bdcc,tcc-microservices-experiment-product-1,83.4,82428559,1073741824,7.68,3,93.6MB / 99.9MB,9.97MB / 1.56MB
90,2026-09-10T05:03:55.593546+00:00,181,2026-09-10T05:03:55.222409+00:00,false,microservices,auth,86c2d0085d36bd760301e5d2973ea2e3095f1ef9ac6ba40b8ad53cbd558f03eb,tcc-microservices-experiment-auth-1,0.02,79219917,1073741824,7.38,3,45.8kB / 40.3kB,10.2MB / 65.5kB
90,2026-09-10T05:03:55.593546+00:00,181,2026-09-10T05:03:55.222409+00:00,false,microservices,gateway,f57950d12c017a55da43df31b6c0c88db4271ecb3f3d286840e21d556d95a768,tcc-microservices-experiment-gateway-1,29.43,475529216,536870912,88.57,69,84.9MB / 94.9MB,31.4MB / 270kB
90,2026-09-10T05:03:55.593546+00:00,181,2026-09-10T05:03:55.222409+00:00,false,microservices,mysql,cd47944ef99e8665c6fbc745fd26216210ace9a0a0f7070f60fa0881b6e8b8b0,tcc-microservices-experiment-mysql-1,25.78,543162368,1073741824,50.59,40,31.6MB / 79MB,47.6MB / 125MB
90,2026-09-10T05:03:55.593546+00:00,181,2026-09-10T05:03:55.222409+00:00,false,microservices,order,ecb2ecded5626a554a8771603ab0b81767de20383f94ec8bda435127193f2174,tcc-microservices-experiment-order-1,0.02,74165780,1073741824,6.91,3,5.31MB / 4.14MB,9.18MB / 77.8kB
90,2026-09-10T05:03:55.593546+00:00,181,2026-09-10T05:03:55.222409+00:00,false,microservices,product,d2fb7348a9b654f2a980abf713e63d08845974daaf5b346cd5af9da85dd9bdcc,tcc-microservices-experiment-product-1,81.29,83099648,1073741824,7.74,3,94.4MB / 101MB,9.97MB / 1.56MB
91,2026-09-10T05:03:56.593547+00:00,183,2026-09-10T05:03:56.221431+00:00,false,microservices,auth,86c2d0085d36bd760301e5d2973ea2e3095f1ef9ac6ba40b8ad53cbd558f03eb,tcc-microservices-experiment-auth-1,0.02,79219917,1073741824,7.38,3,45.8kB / 40.3kB,10.2MB / 65.5kB
91,2026-09-10T05:03:56.593547+00:00,183,2026-09-10T05:03:56.221431+00:00,false,microservices,gateway,f57950d12c017a55da43df31b6c0c88db4271ecb3f3d286840e21d556d95a768,tcc-microservices-experiment-gateway-1,30.34,476158362,536870912,88.7,69,85.7MB / 95.8MB,31.4MB / 270kB
91,2026-09-10T05:03:56.593547+00:00,183,2026-09-10T05:03:56.221431+00:00,false,microservices,mysql,cd47944ef99e8665c6fbc745fd26216210ace9a0a0f7070f60fa0881b6e8b8b0,tcc-microservices-experiment-mysql-1,27.99,542742938,1073741824,50.55,40,31.9MB / 79.7MB,47.6MB / 125MB
91,2026-09-10T05:03:56.593547+00:00,183,2026-09-10T05:03:56.221431+00:00,false,microservices,order,ecb2ecded5626a554a8771603ab0b81767de20383f94ec8bda435127193f2174,tcc-microservices-experiment-order-1,0.02,74165780,1073741824,6.91,3,5.31MB / 4.14MB,9.18MB / 77.8kB
91,2026-09-10T05:03:56.593547+00:00,183,2026-09-10T05:03:56.221431+00:00,false,microservices,product,d2fb7348a9b654f2a980abf713e63d08845974daaf5b346cd5af9da85dd9bdcc,tcc-microservices-experiment-product-1,83.0,83110134,1073741824,7.74,3,95.3MB / 102MB,9.97MB / 1.56MB
92,2026-09-10T05:03:57.593534+00:00,185,2026-09-10T05:03:57.222228+00:00,false,microservices,auth,86c2d0085d36bd760301e5d2973ea2e3095f1ef9ac6ba40b8ad53cbd558f03eb,tcc-microservices-experiment-auth-1,0.02,79219917,1073741824,7.38,3,45.8kB / 40.3kB,10.2MB / 65.5kB
92,2026-09-10T05:03:57.593534+00:00,185,2026-09-10T05:03:57.222228+00:00,false,microservices,gateway,f57950d12c017a55da43df31b6c0c88db4271ecb3f3d286840e21d556d95a768,tcc-microservices-experiment-gateway-1,30.87,475738931,536870912,88.61,69,86.5MB / 96.6MB,31.4MB / 270kB
92,2026-09-10T05:03:57.593534+00:00,185,2026-09-10T05:03:57.222228+00:00,false,microservices,mysql,cd47944ef99e8665c6fbc745fd26216210ace9a0a0f7070f60fa0881b6e8b8b0,tcc-microservices-experiment-mysql-1,23.87,542742938,1073741824,50.55,40,32.1MB / 80.3MB,47.6MB / 125MB
92,2026-09-10T05:03:57.593534+00:00,185,2026-09-10T05:03:57.222228+00:00,false,microservices,order,ecb2ecded5626a554a8771603ab0b81767de20383f94ec8bda435127193f2174,tcc-microservices-experiment-order-1,0.02,74165780,1073741824,6.91,3,5.31MB / 4.14MB,9.18MB / 77.8kB
92,2026-09-10T05:03:57.593534+00:00,185,2026-09-10T05:03:57.222228+00:00,false,microservices,product,d2fb7348a9b654f2a980abf713e63d08845974daaf5b346cd5af9da85dd9bdcc,tcc-microservices-experiment-product-1,83.51,83225477,1073741824,7.75,3,96.1MB / 103MB,9.97MB / 1.56MB
93,2026-09-10T05:03:58.593560+00:00,187,2026-09-10T05:03:58.222360+00:00,false,microservices,auth,86c2d0085d36bd760301e5d2973ea2e3095f1ef9ac6ba40b8ad53cbd558f03eb,tcc-microservices-experiment-auth-1,0.02,79219917,1073741824,7.38,3,45.8kB / 40.3kB,10.2MB / 65.5kB
93,2026-09-10T05:03:58.593560+00:00,187,2026-09-10T05:03:58.222360+00:00,false,microservices,gateway,f57950d12c017a55da43df31b6c0c88db4271ecb3f3d286840e21d556d95a768,tcc-microservices-experiment-gateway-1,28.94,476263219,536870912,88.71,69,87.2MB / 97.5MB,31.4MB / 270kB
93,2026-09-10T05:03:58.593560+00:00,187,2026-09-10T05:03:58.222360+00:00,false,microservices,mysql,cd47944ef99e8665c6fbc745fd26216210ace9a0a0f7070f60fa0881b6e8b8b0,tcc-microservices-experiment-mysql-1,29.54,543791514,1073741824,50.64,40,32.4MB / 81MB,47.6MB / 125MB
93,2026-09-10T05:03:58.593560+00:00,187,2026-09-10T05:03:58.222360+00:00,false,microservices,order,ecb2ecded5626a554a8771603ab0b81767de20383f94ec8bda435127193f2174,tcc-microservices-experiment-order-1,0.02,74165780,1073741824,6.91,3,5.31MB / 4.14MB,9.18MB / 77.8kB
93,2026-09-10T05:03:58.593560+00:00,187,2026-09-10T05:03:58.222360+00:00,false,microservices,product,d2fb7348a9b654f2a980abf713e63d08845974daaf5b346cd5af9da85dd9bdcc,tcc-microservices-experiment-product-1,81.7,83330335,1073741824,7.76,3,97MB / 103MB,9.97MB / 1.56MB
94,2026-09-10T05:03:59.593536+00:00,189,2026-09-10T05:03:59.222406+00:00,false,microservices,auth,86c2d0085d36bd760301e5d2973ea2e3095f1ef9ac6ba40b8ad53cbd558f03eb,tcc-microservices-experiment-auth-1,0.02,79219917,1073741824,7.38,3,45.8kB / 40.3kB,10.2MB / 65.5kB
94,2026-09-10T05:03:59.593536+00:00,189,2026-09-10T05:03:59.222406+00:00,false,microservices,gateway,f57950d12c017a55da43df31b6c0c88db4271ecb3f3d286840e21d556d95a768,tcc-microservices-experiment-gateway-1,29.71,475424358,536870912,88.56,69,87.9MB / 98.3MB,31.4MB / 283kB
94,2026-09-10T05:03:59.593536+00:00,189,2026-09-10T05:03:59.222406+00:00,false,microservices,mysql,cd47944ef99e8665c6fbc745fd26216210ace9a0a0f7070f60fa0881b6e8b8b0,tcc-microservices-experiment-mysql-1,25.01,543476941,1073741824,50.62,40,32.6MB / 81.6MB,47.6MB / 125MB
94,2026-09-10T05:03:59.593536+00:00,189,2026-09-10T05:03:59.222406+00:00,false,microservices,order,ecb2ecded5626a554a8771603ab0b81767de20383f94ec8bda435127193f2174,tcc-microservices-experiment-order-1,0.02,74165780,1073741824,6.91,3,5.31MB / 4.14MB,9.18MB / 77.8kB
94,2026-09-10T05:03:59.593536+00:00,189,2026-09-10T05:03:59.222406+00:00,false,microservices,product,d2fb7348a9b654f2a980abf713e63d08845974daaf5b346cd5af9da85dd9bdcc,tcc-microservices-experiment-product-1,81.46,83351306,1073741824,7.76,3,97.8MB / 104MB,9.97MB / 1.56MB
95,2026-09-10T05:04:00.593568+00:00,191,2026-09-10T05:04:00.221240+00:00,false,microservices,auth,86c2d0085d36bd760301e5d2973ea2e3095f1ef9ac6ba40b8ad53cbd558f03eb,tcc-microservices-experiment-auth-1,0.02,79219917,1073741824,7.38,3,45.8kB / 40.3kB,10.2MB / 65.5kB
95,2026-09-10T05:04:00.593568+00:00,191,2026-09-10T05:04:00.221240+00:00,false,microservices,gateway,f57950d12c017a55da43df31b6c0c88db4271ecb3f3d286840e21d556d95a768,tcc-microservices-experiment-gateway-1,30.15,475529216,536870912,88.57,69,88.7MB / 99.2MB,31.4MB / 283kB
95,2026-09-10T05:04:00.593568+00:00,191,2026-09-10T05:04:00.221240+00:00,false,microservices,mysql,cd47944ef99e8665c6fbc745fd26216210ace9a0a0f7070f60fa0881b6e8b8b0,tcc-microservices-experiment-mysql-1,28.35,542847795,1073741824,50.56,40,32.8MB / 82.3MB,47.6MB / 125MB
95,2026-09-10T05:04:00.593568+00:00,191,2026-09-10T05:04:00.221240+00:00,false,microservices,order,ecb2ecded5626a554a8771603ab0b81767de20383f94ec8bda435127193f2174,tcc-microservices-experiment-order-1,0.02,74165780,1073741824,6.91,3,5.31MB / 4.14MB,9.18MB / 77.8kB
95,2026-09-10T05:04:00.593568+00:00,191,2026-09-10T05:04:00.221240+00:00,false,microservices,product,d2fb7348a9b654f2a980abf713e63d08845974daaf5b346cd5af9da85dd9bdcc,tcc-microservices-experiment-product-1,83.14,83602964,1073741824,7.79,3,98.6MB / 105MB,9.97MB / 1.56MB
96,2026-09-10T05:04:01.593551+00:00,193,2026-09-10T05:04:01.221325+00:00,false,microservices,auth,86c2d0085d36bd760301e5d2973ea2e3095f1ef9ac6ba40b8ad53cbd558f03eb,tcc-microservices-experiment-auth-1,0.02,79219917,1073741824,7.38,3,45.8kB / 40.3kB,10.2MB / 65.5kB
96,2026-09-10T05:04:01.593551+00:00,193,2026-09-10T05:04:01.221325+00:00,false,microservices,gateway,f57950d12c017a55da43df31b6c0c88db4271ecb3f3d286840e21d556d95a768,tcc-microservices-experiment-gateway-1,29.06,475948646,536870912,88.65,69,89.5MB / 100MB,31.4MB / 283kB
96,2026-09-10T05:04:01.593551+00:00,193,2026-09-10T05:04:01.221325+00:00,false,microservices,mysql,cd47944ef99e8665c6fbc745fd26216210ace9a0a0f7070f60fa0881b6e8b8b0,tcc-microservices-experiment-mysql-1,24.38,542742938,1073741824,50.54,40,33.1MB / 82.9MB,47.6MB / 125MB
96,2026-09-10T05:04:01.593551+00:00,193,2026-09-10T05:04:01.221325+00:00,false,microservices,order,ecb2ecded5626a554a8771603ab0b81767de20383f94ec8bda435127193f2174,tcc-microservices-experiment-order-1,0.01,74165780,1073741824,6.91,3,5.31MB / 4.14MB,9.18MB / 77.8kB
96,2026-09-10T05:04:01.593551+00:00,193,2026-09-10T05:04:01.221325+00:00,false,microservices,product,d2fb7348a9b654f2a980abf713e63d08845974daaf5b346cd5af9da85dd9bdcc,tcc-microservices-experiment-product-1,82.82,83655393,1073741824,7.79,3,99.5MB / 106MB,9.97MB / 1.56MB
97,2026-09-10T05:04:02.593532+00:00,195,2026-09-10T05:04:02.222036+00:00,false,microservices,auth,86c2d0085d36bd760301e5d2973ea2e3095f1ef9ac6ba40b8ad53cbd558f03eb,tcc-microservices-experiment-auth-1,0.02,79219917,1073741824,7.38,3,45.8kB / 40.3kB,10.2MB / 65.5kB
97,2026-09-10T05:04:02.593532+00:00,195,2026-09-10T05:04:02.222036+00:00,false,microservices,gateway,f57950d12c017a55da43df31b6c0c88db4271ecb3f3d286840e21d556d95a768,tcc-microservices-experiment-gateway-1,31.79,475424358,536870912,88.55,69,90.2MB / 101MB,31.4MB / 283kB
97,2026-09-10T05:04:02.593532+00:00,195,2026-09-10T05:04:02.222036+00:00,false,microservices,mysql,cd47944ef99e8665c6fbc745fd26216210ace9a0a0f7070f60fa0881b6e8b8b0,tcc-microservices-experiment-mysql-1,27.88,543162368,1073741824,50.59,40,33.3MB / 83.6MB,47.6MB / 125MB
97,2026-09-10T05:04:02.593532+00:00,195,2026-09-10T05:04:02.222036+00:00,false,microservices,order,ecb2ecded5626a554a8771603ab0b81767de20383f94ec8bda435127193f2174,tcc-microservices-experiment-order-1,0.02,74165780,1073741824,6.91,3,5.31MB / 4.14MB,9.18MB / 77.8kB
97,2026-09-10T05:04:02.593532+00:00,195,2026-09-10T05:04:02.222036+00:00,false,microservices,product,d2fb7348a9b654f2a980abf713e63d08845974daaf5b346cd5af9da85dd9bdcc,tcc-microservices-experiment-product-1,83.56,83781222,1073741824,7.8,3,100MB / 107MB,9.97MB / 1.56MB
98,2026-09-10T05:04:03.593544+00:00,197,2026-09-10T05:04:03.222359+00:00,false,microservices,auth,86c2d0085d36bd760301e5d2973ea2e3095f1ef9ac6ba40b8ad53cbd558f03eb,tcc-microservices-experiment-auth-1,0.02,79219917,1073741824,7.38,3,45.8kB / 40.3kB,10.2MB / 65.5kB
98,2026-09-10T05:04:03.593544+00:00,197,2026-09-10T05:04:03.222359+00:00,false,microservices,gateway,f57950d12c017a55da43df31b6c0c88db4271ecb3f3d286840e21d556d95a768,tcc-microservices-experiment-gateway-1,28.76,475948646,536870912,88.64,69,90.9MB / 102MB,31.4MB / 283kB
98,2026-09-10T05:04:03.593544+00:00,197,2026-09-10T05:04:03.222359+00:00,false,microservices,mysql,cd47944ef99e8665c6fbc745fd26216210ace9a0a0f7070f60fa0881b6e8b8b0,tcc-microservices-experiment-mysql-1,27.38,543476941,1073741824,50.61,40,33.6MB / 84.2MB,47.6MB / 125MB
98,2026-09-10T05:04:03.593544+00:00,197,2026-09-10T05:04:03.222359+00:00,false,microservices,order,ecb2ecded5626a554a8771603ab0b81767de20383f94ec8bda435127193f2174,tcc-microservices-experiment-order-1,0.02,74165780,1073741824,6.91,3,5.31MB / 4.14MB,9.18MB / 77.8kB
98,2026-09-10T05:04:03.593544+00:00,197,2026-09-10T05:04:03.222359+00:00,false,microservices,product,d2fb7348a9b654f2a980abf713e63d08845974daaf5b346cd5af9da85dd9bdcc,tcc-microservices-experiment-product-1,78.11,82837504,1073741824,7.72,3,101MB / 108MB,9.97MB / 1.56MB
99,2026-09-10T05:04:04.593544+00:00,199,2026-09-10T05:04:04.222311+00:00,false,microservices,auth,86c2d0085d36bd760301e5d2973ea2e3095f1ef9ac6ba40b8ad53cbd558f03eb,tcc-microservices-experiment-auth-1,0.02,79219917,1073741824,7.38,3,45.8kB / 40.3kB,10.2MB / 65.5kB
99,2026-09-10T05:04:04.593544+00:00,199,2026-09-10T05:04:04.222311+00:00,false,microservices,gateway,f57950d12c017a55da43df31b6c0c88db4271ecb3f3d286840e21d556d95a768,tcc-microservices-experiment-gateway-1,29.77,475319501,536870912,88.54,69,91.7MB / 102MB,31.4MB / 283kB
99,2026-09-10T05:04:04.593544+00:00,199,2026-09-10T05:04:04.222311+00:00,false,microservices,mysql,cd47944ef99e8665c6fbc745fd26216210ace9a0a0f7070f60fa0881b6e8b8b0,tcc-microservices-experiment-mysql-1,30.06,542952653,1073741824,50.56,40,33.8MB / 84.8MB,47.6MB / 125MB
99,2026-09-10T05:04:04.593544+00:00,199,2026-09-10T05:04:04.222311+00:00,false,microservices,order,ecb2ecded5626a554a8771603ab0b81767de20383f94ec8bda435127193f2174,tcc-microservices-experiment-order-1,0.02,74165780,1073741824,6.91,3,5.31MB / 4.14MB,9.18MB / 77.8kB
99,2026-09-10T05:04:04.593544+00:00,199,2026-09-10T05:04:04.222311+00:00,false,microservices,product,d2fb7348a9b654f2a980abf713e63d08845974daaf5b346cd5af9da85dd9bdcc,tcc-microservices-experiment-product-1,80.0,82889933,1073741824,7.72,3,102MB / 109MB,9.97MB / 1.77MB
100,2026-09-10T05:04:05.593557+00:00,201,2026-09-10T05:04:05.221619+00:00,false,microservices,auth,86c2d0085d36bd760301e5d2973ea2e3095f1ef9ac6ba40b8ad53cbd558f03eb,tcc-microservices-experiment-auth-1,0.02,79219917,1073741824,7.38,3,45.8kB / 40.3kB,10.2MB / 65.5kB
100,2026-09-10T05:04:05.593557+00:00,201,2026-09-10T05:04:05.221619+00:00,false,microservices,gateway,f57950d12c017a55da43df31b6c0c88db4271ecb3f3d286840e21d556d95a768,tcc-microservices-experiment-gateway-1,29.41,475109786,536870912,88.49,69,92.4MB / 103MB,31.4MB / 283kB
100,2026-09-10T05:04:05.593557+00:00,201,2026-09-10T05:04:05.221619+00:00,false,microservices,mysql,cd47944ef99e8665c6fbc745fd26216210ace9a0a0f7070f60fa0881b6e8b8b0,tcc-microservices-experiment-mysql-1,24.82,543686656,1073741824,50.63,40,34MB / 85.5MB,47.6MB / 125MB
100,2026-09-10T05:04:05.593557+00:00,201,2026-09-10T05:04:05.221619+00:00,false,microservices,order,ecb2ecded5626a554a8771603ab0b81767de20383f94ec8bda435127193f2174,tcc-microservices-experiment-order-1,0.02,74165780,1073741824,6.91,3,5.31MB / 4.14MB,9.18MB / 77.8kB
100,2026-09-10T05:04:05.593557+00:00,201,2026-09-10T05:04:05.221619+00:00,false,microservices,product,d2fb7348a9b654f2a980abf713e63d08845974daaf5b346cd5af9da85dd9bdcc,tcc-microservices-experiment-product-1,80.97,83309363,1073741824,7.76,3,103MB / 110MB,9.97MB / 1.77MB
101,2026-09-10T05:04:06.593527+00:00,203,2026-09-10T05:04:06.222232+00:00,false,microservices,auth,86c2d0085d36bd760301e5d2973ea2e3095f1ef9ac6ba40b8ad53cbd558f03eb,tcc-microservices-experiment-auth-1,0.01,79219917,1073741824,7.38,3,45.8kB / 40.3kB,10.2MB / 65.5kB
101,2026-09-10T05:04:06.593527+00:00,203,2026-09-10T05:04:06.222232+00:00,false,microservices,gateway,f57950d12c017a55da43df31b6c0c88db4271ecb3f3d286840e21d556d95a768,tcc-microservices-experiment-gateway-1,28.78,475738931,536870912,88.61,69,93.2MB / 104MB,31.4MB / 283kB
101,2026-09-10T05:04:06.593527+00:00,203,2026-09-10T05:04:06.222232+00:00,false,microservices,mysql,cd47944ef99e8665c6fbc745fd26216210ace9a0a0f7070f60fa0881b6e8b8b0,tcc-microservices-experiment-mysql-1,29.74,543372083,1073741824,50.61,40,34.3MB / 86.1MB,47.6MB / 125MB
101,2026-09-10T05:04:06.593527+00:00,203,2026-09-10T05:04:06.222232+00:00,false,microservices,order,ecb2ecded5626a554a8771603ab0b81767de20383f94ec8bda435127193f2174,tcc-microservices-experiment-order-1,0.02,74165780,1073741824,6.91,3,5.31MB / 4.14MB,9.18MB / 77.8kB
101,2026-09-10T05:04:06.593527+00:00,203,2026-09-10T05:04:06.222232+00:00,false,microservices,product,d2fb7348a9b654f2a980abf713e63d08845974daaf5b346cd5af9da85dd9bdcc,tcc-microservices-experiment-product-1,80.55,83026248,1073741824,7.73,3,104MB / 111MB,9.97MB / 1.77MB
102,2026-09-10T05:04:07.593551+00:00,205,2026-09-10T05:04:07.221740+00:00,false,microservices,auth,86c2d0085d36bd760301e5d2973ea2e3095f1ef9ac6ba40b8ad53cbd558f03eb,tcc-microservices-experiment-auth-1,0.02,79219917,1073741824,7.38,3,45.8kB / 40.3kB,10.2MB / 65.5kB
102,2026-09-10T05:04:07.593551+00:00,205,2026-09-10T05:04:07.221740+00:00,false,microservices,gateway,f57950d12c017a55da43df31b6c0c88db4271ecb3f3d286840e21d556d95a768,tcc-microservices-experiment-gateway-1,29.46,475843789,536870912,88.63,69,93.9MB / 105MB,31.4MB / 283kB
102,2026-09-10T05:04:07.593551+00:00,205,2026-09-10T05:04:07.221740+00:00,false,microservices,mysql,cd47944ef99e8665c6fbc745fd26216210ace9a0a0f7070f60fa0881b6e8b8b0,tcc-microservices-experiment-mysql-1,26.29,543476941,1073741824,50.62,40,34.5MB / 86.8MB,47.6MB / 125MB
102,2026-09-10T05:04:07.593551+00:00,205,2026-09-10T05:04:07.221740+00:00,false,microservices,order,ecb2ecded5626a554a8771603ab0b81767de20383f94ec8bda435127193f2174,tcc-microservices-experiment-order-1,0.02,74165780,1073741824,6.91,3,5.31MB / 4.14MB,9.18MB / 77.8kB
102,2026-09-10T05:04:07.593551+00:00,205,2026-09-10T05:04:07.221740+00:00,false,microservices,product,d2fb7348a9b654f2a980abf713e63d08845974daaf5b346cd5af9da85dd9bdcc,tcc-microservices-experiment-product-1,80.43,83340820,1073741824,7.76,3,104MB / 111MB,9.97MB / 1.77MB
103,2026-09-10T05:04:08.593550+00:00,207,2026-09-10T05:04:08.221756+00:00,false,microservices,auth,86c2d0085d36bd760301e5d2973ea2e3095f1ef9ac6ba40b8ad53cbd558f03eb,tcc-microservices-experiment-auth-1,0.02,79219917,1073741824,7.38,3,45.8kB / 40.3kB,10.2MB / 65.5kB
103,2026-09-10T05:04:08.593550+00:00,207,2026-09-10T05:04:08.221756+00:00,false,microservices,gateway,f57950d12c017a55da43df31b6c0c88db4271ecb3f3d286840e21d556d95a768,tcc-microservices-experiment-gateway-1,28.57,476158362,536870912,88.68,69,94.7MB / 106MB,31.4MB / 283kB
103,2026-09-10T05:04:08.593550+00:00,207,2026-09-10T05:04:08.221756+00:00,false,microservices,mysql,cd47944ef99e8665c6fbc745fd26216210ace9a0a0f7070f60fa0881b6e8b8b0,tcc-microservices-experiment-mysql-1,29.39,543686656,1073741824,50.64,40,34.7MB / 87.4MB,47.6MB / 125MB
103,2026-09-10T05:04:08.593550+00:00,207,2026-09-10T05:04:08.221756+00:00,false,microservices,order,ecb2ecded5626a554a8771603ab0b81767de20383f94ec8bda435127193f2174,tcc-microservices-experiment-order-1,0.02,74165780,1073741824,6.91,3,5.31MB / 4.14MB,9.18MB / 77.8kB
103,2026-09-10T05:04:08.593550+00:00,207,2026-09-10T05:04:08.221756+00:00,false,microservices,product,d2fb7348a9b654f2a980abf713e63d08845974daaf5b346cd5af9da85dd9bdcc,tcc-microservices-experiment-product-1,81.04,83036733,1073741824,7.73,3,105MB / 112MB,9.97MB / 1.77MB
104,2026-09-10T05:04:09.593536+00:00,209,2026-09-10T05:04:09.221382+00:00,false,microservices,auth,86c2d0085d36bd760301e5d2973ea2e3095f1ef9ac6ba40b8ad53cbd558f03eb,tcc-microservices-experiment-auth-1,0.02,79219917,1073741824,7.38,3,45.8kB / 40.3kB,10.2MB / 65.5kB
104,2026-09-10T05:04:09.593536+00:00,209,2026-09-10T05:04:09.221382+00:00,false,microservices,gateway,f57950d12c017a55da43df31b6c0c88db4271ecb3f3d286840e21d556d95a768,tcc-microservices-experiment-gateway-1,29.16,475843789,536870912,88.63,69,95.4MB / 107MB,31.4MB / 283kB
104,2026-09-10T05:04:09.593536+00:00,209,2026-09-10T05:04:09.221382+00:00,false,microservices,mysql,cd47944ef99e8665c6fbc745fd26216210ace9a0a0f7070f60fa0881b6e8b8b0,tcc-microservices-experiment-mysql-1,24.72,543057510,1073741824,50.58,40,35MB / 88MB,47.6MB / 125MB
104,2026-09-10T05:04:09.593536+00:00,209,2026-09-10T05:04:09.221382+00:00,false,microservices,order,ecb2ecded5626a554a8771603ab0b81767de20383f94ec8bda435127193f2174,tcc-microservices-experiment-order-1,0.02,74165780,1073741824,6.91,3,5.31MB / 4.14MB,9.18MB / 77.8kB
104,2026-09-10T05:04:09.593536+00:00,209,2026-09-10T05:04:09.221382+00:00,false,microservices,product,d2fb7348a9b654f2a980abf713e63d08845974daaf5b346cd5af9da85dd9bdcc,tcc-microservices-experiment-product-1,82.21,82806047,1073741824,7.71,3,106MB / 113MB,9.97MB / 1.77MB
105,2026-09-10T05:04:10.593557+00:00,211,2026-09-10T05:04:10.221295+00:00,false,microservices,auth,86c2d0085d36bd760301e5d2973ea2e3095f1ef9ac6ba40b8ad53cbd558f03eb,tcc-microservices-experiment-auth-1,0.02,79219917,1073741824,7.38,3,45.8kB / 40.3kB,10.2MB / 65.5kB
105,2026-09-10T05:04:10.593557+00:00,211,2026-09-10T05:04:10.221295+00:00,false,microservices,gateway,f57950d12c017a55da43df31b6c0c88db4271ecb3f3d286840e21d556d95a768,tcc-microservices-experiment-gateway-1,29.73,476263219,536870912,88.71,69,96.2MB / 107MB,31.4MB / 283kB
105,2026-09-10T05:04:10.593557+00:00,211,2026-09-10T05:04:10.221295+00:00,false,microservices,mysql,cd47944ef99e8665c6fbc745fd26216210ace9a0a0f7070f60fa0881b6e8b8b0,tcc-microservices-experiment-mysql-1,28.13,544106086,1073741824,50.68,40,35.2MB / 88.7MB,47.6MB / 125MB
105,2026-09-10T05:04:10.593557+00:00,211,2026-09-10T05:04:10.221295+00:00,false,microservices,order,ecb2ecded5626a554a8771603ab0b81767de20383f94ec8bda435127193f2174,tcc-microservices-experiment-order-1,0.02,74165780,1073741824,6.91,3,5.31MB / 4.14MB,9.18MB / 77.8kB
105,2026-09-10T05:04:10.593557+00:00,211,2026-09-10T05:04:10.221295+00:00,false,microservices,product,d2fb7348a9b654f2a980abf713e63d08845974daaf5b346cd5af9da85dd9bdcc,tcc-microservices-experiment-product-1,82.46,82533417,1073741824,7.69,3,107MB / 114MB,9.97MB / 1.77MB
106,2026-09-10T05:04:11.593534+00:00,213,2026-09-10T05:04:11.221136+00:00,false,microservices,auth,86c2d0085d36bd760301e5d2973ea2e3095f1ef9ac6ba40b8ad53cbd558f03eb,tcc-microservices-experiment-auth-1,0.02,79219917,1073741824,7.38,3,45.8kB / 40.3kB,10.2MB / 65.5kB
106,2026-09-10T05:04:11.593534+00:00,213,2026-09-10T05:04:11.221136+00:00,false,microservices,gateway,f57950d12c017a55da43df31b6c0c88db4271ecb3f3d286840e21d556d95a768,tcc-microservices-experiment-gateway-1,31.1,476158362,536870912,88.68,69,96.9MB / 108MB,31.4MB / 283kB
106,2026-09-10T05:04:11.593534+00:00,213,2026-09-10T05:04:11.221136+00:00,false,microservices,mysql,cd47944ef99e8665c6fbc745fd26216210ace9a0a0f7070f60fa0881b6e8b8b0,tcc-microservices-experiment-mysql-1,24.63,543057510,1073741824,50.58,40,35.5MB / 89.3MB,47.6MB / 125MB
106,2026-09-10T05:04:11.593534+00:00,213,2026-09-10T05:04:11.221136+00:00,false,microservices,order,ecb2ecded5626a554a8771603ab0b81767de20383f94ec8bda435127193f2174,tcc-microservices-experiment-order-1,0.02,74165780,1073741824,6.91,3,5.31MB / 4.14MB,9.18MB / 77.8kB
106,2026-09-10T05:04:11.593534+00:00,213,2026-09-10T05:04:11.221136+00:00,false,microservices,product,d2fb7348a9b654f2a980abf713e63d08845974daaf5b346cd5af9da85dd9bdcc,tcc-microservices-experiment-product-1,82.05,82879447,1073741824,7.72,3,108MB / 115MB,9.97MB / 1.77MB
107,2026-09-10T05:04:12.593529+00:00,215,2026-09-10T05:04:12.221347+00:00,false,microservices,auth,86c2d0085d36bd760301e5d2973ea2e3095f1ef9ac6ba40b8ad53cbd558f03eb,tcc-microservices-experiment-auth-1,0.02,79219917,1073741824,7.38,3,45.8kB / 40.3kB,10.2MB / 65.5kB
107,2026-09-10T05:04:12.593529+00:00,215,2026-09-10T05:04:12.221347+00:00,false,microservices,gateway,f57950d12c017a55da43df31b6c0c88db4271ecb3f3d286840e21d556d95a768,tcc-microservices-experiment-gateway-1,29.11,476368077,536870912,88.72,69,97.7MB / 109MB,31.4MB / 283kB
107,2026-09-10T05:04:12.593529+00:00,215,2026-09-10T05:04:12.221347+00:00,false,microservices,mysql,cd47944ef99e8665c6fbc745fd26216210ace9a0a0f7070f60fa0881b6e8b8b0,tcc-microservices-experiment-mysql-1,29.69,542847795,1073741824,50.56,40,35.7MB / 90MB,47.6MB / 125MB
107,2026-09-10T05:04:12.593529+00:00,215,2026-09-10T05:04:12.221347+00:00,false,microservices,order,ecb2ecded5626a554a8771603ab0b81767de20383f94ec8bda435127193f2174,tcc-microservices-experiment-order-1,0.02,74165780,1073741824,6.91,3,5.31MB / 4.14MB,9.18MB / 77.8kB
107,2026-09-10T05:04:12.593529+00:00,215,2026-09-10T05:04:12.221347+00:00,false,microservices,product,d2fb7348a9b654f2a980abf713e63d08845974daaf5b346cd5af9da85dd9bdcc,tcc-microservices-experiment-product-1,80.93,82764104,1073741824,7.71,3,109MB / 116MB,9.97MB / 1.77MB
108,2026-09-10T05:04:13.593539+00:00,217,2026-09-10T05:04:13.221561+00:00,false,microservices,auth,86c2d0085d36bd760301e5d2973ea2e3095f1ef9ac6ba40b8ad53cbd558f03eb,tcc-microservices-experiment-auth-1,0.01,79219917,1073741824,7.38,3,45.8kB / 40.3kB,10.2MB / 65.5kB
108,2026-09-10T05:04:13.593539+00:00,217,2026-09-10T05:04:13.221561+00:00,false,microservices,gateway,f57950d12c017a55da43df31b6c0c88db4271ecb3f3d286840e21d556d95a768,tcc-microservices-experiment-gateway-1,28.82,476472934,536870912,88.75,69,98.4MB / 110MB,31.4MB / 283kB
108,2026-09-10T05:04:13.593539+00:00,217,2026-09-10T05:04:13.221561+00:00,false,microservices,mysql,cd47944ef99e8665c6fbc745fd26216210ace9a0a0f7070f60fa0881b6e8b8b0,tcc-microservices-experiment-mysql-1,24.0,542847795,1073741824,50.55,40,35.9MB / 90.6MB,47.6MB / 125MB
108,2026-09-10T05:04:13.593539+00:00,217,2026-09-10T05:04:13.221561+00:00,false,microservices,order,ecb2ecded5626a554a8771603ab0b81767de20383f94ec8bda435127193f2174,tcc-microservices-experiment-order-1,0.02,74165780,1073741824,6.91,3,5.31MB / 4.14MB,9.18MB / 77.8kB
108,2026-09-10T05:04:13.593539+00:00,217,2026-09-10T05:04:13.221561+00:00,false,microservices,product,d2fb7348a9b654f2a980abf713e63d08845974daaf5b346cd5af9da85dd9bdcc,tcc-microservices-experiment-product-1,83.73,82816532,1073741824,7.71,3,109MB / 117MB,9.97MB / 1.77MB
109,2026-09-10T05:04:14.593521+00:00,219,2026-09-10T05:04:14.221274+00:00,false,microservices,auth,86c2d0085d36bd760301e5d2973ea2e3095f1ef9ac6ba40b8ad53cbd558f03eb,tcc-microservices-experiment-auth-1,0.02,79219917,1073741824,7.38,3,45.8kB / 40.3kB,10.2MB / 65.5kB
109,2026-09-10T05:04:14.593521+00:00,219,2026-09-10T05:04:14.221274+00:00,false,microservices,gateway,f57950d12c017a55da43df31b6c0c88db4271ecb3f3d286840e21d556d95a768,tcc-microservices-experiment-gateway-1,30.03,476577792,536870912,88.76,69,99.1MB / 111MB,31.4MB / 283kB
109,2026-09-10T05:04:14.593521+00:00,219,2026-09-10T05:04:14.221274+00:00,false,microservices,mysql,cd47944ef99e8665c6fbc745fd26216210ace9a0a0f7070f60fa0881b6e8b8b0,tcc-microservices-experiment-mysql-1,29.08,542847795,1073741824,50.55,40,36.2MB / 91.3MB,47.6MB / 125MB
109,2026-09-10T05:04:14.593521+00:00,219,2026-09-10T05:04:14.221274+00:00,false,microservices,order,ecb2ecded5626a554a8771603ab0b81767de20383f94ec8bda435127193f2174,tcc-microservices-experiment-order-1,0.02,74165780,1073741824,6.91,3,5.31MB / 4.14MB,9.18MB / 77.8kB
109,2026-09-10T05:04:14.593521+00:00,219,2026-09-10T05:04:14.221274+00:00,false,microservices,product,d2fb7348a9b654f2a980abf713e63d08845974daaf5b346cd5af9da85dd9bdcc,tcc-microservices-experiment-product-1,81.53,83802194,1073741824,7.8,3,110MB / 118MB,9.97MB / 1.77MB
110,2026-09-10T05:04:15.593555+00:00,221,2026-09-10T05:04:15.221258+00:00,false,microservices,auth,86c2d0085d36bd760301e5d2973ea2e3095f1ef9ac6ba40b8ad53cbd558f03eb,tcc-microservices-experiment-auth-1,0.01,79219917,1073741824,7.38,3,45.8kB / 40.3kB,10.2MB / 65.5kB
110,2026-09-10T05:04:15.593555+00:00,221,2026-09-10T05:04:15.221258+00:00,false,microservices,gateway,f57950d12c017a55da43df31b6c0c88db4271ecb3f3d286840e21d556d95a768,tcc-microservices-experiment-gateway-1,29.21,476577792,536870912,88.77,69,99.9MB / 112MB,31.4MB / 295kB
110,2026-09-10T05:04:15.593555+00:00,221,2026-09-10T05:04:15.221258+00:00,false,microservices,mysql,cd47944ef99e8665c6fbc745fd26216210ace9a0a0f7070f60fa0881b6e8b8b0,tcc-microservices-experiment-mysql-1,23.77,484651827,1073741824,45.14,40,36.4MB / 91.9MB,47.6MB / 155MB
110,2026-09-10T05:04:15.593555+00:00,221,2026-09-10T05:04:15.221258+00:00,false,microservices,order,ecb2ecded5626a554a8771603ab0b81767de20383f94ec8bda435127193f2174,tcc-microservices-experiment-order-1,0.02,74165780,1073741824,6.91,3,5.31MB / 4.14MB,9.18MB / 77.8kB
110,2026-09-10T05:04:15.593555+00:00,221,2026-09-10T05:04:15.221258+00:00,false,microservices,product,d2fb7348a9b654f2a980abf713e63d08845974daaf5b346cd5af9da85dd9bdcc,tcc-microservices-experiment-product-1,85.45,83540050,1073741824,7.78,3,111MB / 118MB,9.97MB / 1.77MB
111,2026-09-10T05:04:16.593530+00:00,223,2026-09-10T05:04:16.221268+00:00,false,microservices,auth,86c2d0085d36bd760301e5d2973ea2e3095f1ef9ac6ba40b8ad53cbd558f03eb,tcc-microservices-experiment-auth-1,0.02,79219917,1073741824,7.38,3,45.8kB / 40.3kB,10.2MB / 65.5kB
111,2026-09-10T05:04:16.593530+00:00,223,2026-09-10T05:04:16.221268+00:00,false,microservices,gateway,f57950d12c017a55da43df31b6c0c88db4271ecb3f3d286840e21d556d95a768,tcc-microservices-experiment-gateway-1,27.3,453404262,536870912,84.45,69,101MB / 113MB,31.4MB / 22.3MB
111,2026-09-10T05:04:16.593530+00:00,223,2026-09-10T05:04:16.221268+00:00,false,microservices,mysql,cd47944ef99e8665c6fbc745fd26216210ace9a0a0f7070f60fa0881b6e8b8b0,tcc-microservices-experiment-mysql-1,29.01,484861542,1073741824,45.15,40,36.7MB / 92.6MB,47.6MB / 155MB
111,2026-09-10T05:04:16.593530+00:00,223,2026-09-10T05:04:16.221268+00:00,false,microservices,order,ecb2ecded5626a554a8771603ab0b81767de20383f94ec8bda435127193f2174,tcc-microservices-experiment-order-1,0.02,65326285,1073741824,6.08,3,5.31MB / 4.14MB,9.18MB / 8.91MB
111,2026-09-10T05:04:16.593530+00:00,223,2026-09-10T05:04:16.221268+00:00,false,microservices,product,d2fb7348a9b654f2a980abf713e63d08845974daaf5b346cd5af9da85dd9bdcc,tcc-microservices-experiment-product-1,84.29,83173048,1073741824,7.75,3,112MB / 119MB,9.97MB / 1.77MB
112,2026-09-10T05:04:17.593546+00:00,225,2026-09-10T05:04:17.221417+00:00,false,microservices,auth,86c2d0085d36bd760301e5d2973ea2e3095f1ef9ac6ba40b8ad53cbd558f03eb,tcc-microservices-experiment-auth-1,0.02,79219917,1073741824,7.38,3,45.8kB / 40.3kB,10.2MB / 65.5kB
112,2026-09-10T05:04:17.593546+00:00,225,2026-09-10T05:04:17.221417+00:00,false,microservices,gateway,f57950d12c017a55da43df31b6c0c88db4271ecb3f3d286840e21d556d95a768,tcc-microservices-experiment-gateway-1,28.65,452775117,536870912,84.33,69,101MB / 113MB,31.4MB / 22.3MB
112,2026-09-10T05:04:17.593546+00:00,225,2026-09-10T05:04:17.221417+00:00,false,microservices,mysql,cd47944ef99e8665c6fbc745fd26216210ace9a0a0f7070f60fa0881b6e8b8b0,tcc-microservices-experiment-mysql-1,26.85,484546970,1073741824,45.13,40,36.9MB / 93.2MB,47.6MB / 155MB
112,2026-09-10T05:04:17.593546+00:00,225,2026-09-10T05:04:17.221417+00:00,false,microservices,order,ecb2ecded5626a554a8771603ab0b81767de20383f94ec8bda435127193f2174,tcc-microservices-experiment-order-1,0.02,65326285,1073741824,6.08,3,5.31MB / 4.14MB,9.18MB / 8.91MB
112,2026-09-10T05:04:17.593546+00:00,225,2026-09-10T05:04:17.221417+00:00,false,microservices,product,d2fb7348a9b654f2a980abf713e63d08845974daaf5b346cd5af9da85dd9bdcc,tcc-microservices-experiment-product-1,78.98,84357939,1073741824,7.86,3,113MB / 120MB,9.97MB / 1.77MB
113,2026-09-10T05:04:18.593537+00:00,227,2026-09-10T05:04:18.222300+00:00,false,microservices,auth,86c2d0085d36bd760301e5d2973ea2e3095f1ef9ac6ba40b8ad53cbd558f03eb,tcc-microservices-experiment-auth-1,0.02,79219917,1073741824,7.38,3,45.8kB / 40.3kB,10.2MB / 65.5kB
113,2026-09-10T05:04:18.593537+00:00,227,2026-09-10T05:04:18.222300+00:00,false,microservices,gateway,f57950d12c017a55da43df31b6c0c88db4271ecb3f3d286840e21d556d95a768,tcc-microservices-experiment-gateway-1,29.14,452984832,536870912,84.37,69,102MB / 114MB,31.4MB / 22.3MB
113,2026-09-10T05:04:18.593537+00:00,227,2026-09-10T05:04:18.222300+00:00,false,microservices,mysql,cd47944ef99e8665c6fbc745fd26216210ace9a0a0f7070f60fa0881b6e8b8b0,tcc-microservices-experiment-mysql-1,29.92,484966400,1073741824,45.17,40,37.1MB / 93.8MB,47.6MB / 155MB
113,2026-09-10T05:04:18.593537+00:00,227,2026-09-10T05:04:18.222300+00:00,false,microservices,order,ecb2ecded5626a554a8771603ab0b81767de20383f94ec8bda435127193f2174,tcc-microservices-experiment-order-1,0.02,65326285,1073741824,6.08,3,5.31MB / 4.14MB,9.18MB / 8.91MB
113,2026-09-10T05:04:18.593537+00:00,227,2026-09-10T05:04:18.222300+00:00,false,microservices,product,d2fb7348a9b654f2a980abf713e63d08845974daaf5b346cd5af9da85dd9bdcc,tcc-microservices-experiment-product-1,80.73,84148224,1073741824,7.84,3,113MB / 121MB,9.97MB / 1.77MB
114,2026-09-10T05:04:19.593562+00:00,229,2026-09-10T05:04:19.221133+00:00,false,microservices,auth,86c2d0085d36bd760301e5d2973ea2e3095f1ef9ac6ba40b8ad53cbd558f03eb,tcc-microservices-experiment-auth-1,0.02,79219917,1073741824,7.38,3,45.8kB / 40.3kB,10.2MB / 65.5kB
114,2026-09-10T05:04:19.593562+00:00,229,2026-09-10T05:04:19.221133+00:00,false,microservices,gateway,f57950d12c017a55da43df31b6c0c88db4271ecb3f3d286840e21d556d95a768,tcc-microservices-experiment-gateway-1,30.73,453404262,536870912,84.45,69,103MB / 115MB,31.4MB / 22.3MB
114,2026-09-10T05:04:19.593562+00:00,229,2026-09-10T05:04:19.221133+00:00,false,microservices,mysql,cd47944ef99e8665c6fbc745fd26216210ace9a0a0f7070f60fa0881b6e8b8b0,tcc-microservices-experiment-mysql-1,26.63,484546970,1073741824,45.13,40,37.4MB / 94.5MB,47.6MB / 155MB
114,2026-09-10T05:04:19.593562+00:00,229,2026-09-10T05:04:19.221133+00:00,false,microservices,order,ecb2ecded5626a554a8771603ab0b81767de20383f94ec8bda435127193f2174,tcc-microservices-experiment-order-1,0.02,65326285,1073741824,6.08,3,5.31MB / 4.14MB,9.18MB / 8.91MB
114,2026-09-10T05:04:19.593562+00:00,229,2026-09-10T05:04:19.221133+00:00,false,microservices,product,d2fb7348a9b654f2a980abf713e63d08845974daaf5b346cd5af9da85dd9bdcc,tcc-microservices-experiment-product-1,79.59,84085309,1073741824,7.83,3,114MB / 122MB,9.97MB / 1.77MB
115,2026-09-10T05:04:20.593532+00:00,231,2026-09-10T05:04:20.222339+00:00,false,microservices,auth,86c2d0085d36bd760301e5d2973ea2e3095f1ef9ac6ba40b8ad53cbd558f03eb,tcc-microservices-experiment-auth-1,0.02,79219917,1073741824,7.38,3,45.8kB / 40.3kB,10.2MB / 65.5kB
115,2026-09-10T05:04:20.593532+00:00,231,2026-09-10T05:04:20.222339+00:00,false,microservices,gateway,f57950d12c017a55da43df31b6c0c88db4271ecb3f3d286840e21d556d95a768,tcc-microservices-experiment-gateway-1,29.55,453823693,536870912,84.52,69,104MB / 116MB,31.4MB / 22.3MB
115,2026-09-10T05:04:20.593532+00:00,231,2026-09-10T05:04:20.222339+00:00,false,microservices,mysql,cd47944ef99e8665c6fbc745fd26216210ace9a0a0f7070f60fa0881b6e8b8b0,tcc-microservices-experiment-mysql-1,28.97,484337254,1073741824,45.11,40,37.6MB / 95.1MB,47.6MB / 155MB
115,2026-09-10T05:04:20.593532+00:00,231,2026-09-10T05:04:20.222339+00:00,false,microservices,order,ecb2ecded5626a554a8771603ab0b81767de20383f94ec8bda435127193f2174,tcc-microservices-experiment-order-1,0.02,65326285,1073741824,6.08,3,5.31MB / 4.14MB,9.18MB / 8.91MB
115,2026-09-10T05:04:20.593532+00:00,231,2026-09-10T05:04:20.222339+00:00,false,microservices,product,d2fb7348a9b654f2a980abf713e63d08845974daaf5b346cd5af9da85dd9bdcc,tcc-microservices-experiment-product-1,81.66,83886080,1073741824,7.81,3,115MB / 123MB,9.97MB / 3.28MB
116,2026-09-10T05:04:21.593545+00:00,233,2026-09-10T05:04:21.220580+00:00,false,microservices,auth,86c2d0085d36bd760301e5d2973ea2e3095f1ef9ac6ba40b8ad53cbd558f03eb,tcc-microservices-experiment-auth-1,0.02,79219917,1073741824,7.38,3,45.8kB / 40.3kB,10.2MB / 65.5kB
116,2026-09-10T05:04:21.593545+00:00,233,2026-09-10T05:04:21.220580+00:00,false,microservices,gateway,f57950d12c017a55da43df31b6c0c88db4271ecb3f3d286840e21d556d95a768,tcc-microservices-experiment-gateway-1,28.75,454243123,536870912,84.61,69,104MB / 117MB,31.4MB / 22.3MB
116,2026-09-10T05:04:21.593545+00:00,233,2026-09-10T05:04:21.220580+00:00,false,microservices,mysql,cd47944ef99e8665c6fbc745fd26216210ace9a0a0f7070f60fa0881b6e8b8b0,tcc-microservices-experiment-mysql-1,25.59,484127539,1073741824,45.09,40,37.9MB / 95.8MB,47.6MB / 155MB
116,2026-09-10T05:04:21.593545+00:00,233,2026-09-10T05:04:21.220580+00:00,false,microservices,order,ecb2ecded5626a554a8771603ab0b81767de20383f94ec8bda435127193f2174,tcc-microservices-experiment-order-1,0.01,65326285,1073741824,6.08,3,5.31MB / 4.14MB,9.18MB / 8.91MB
116,2026-09-10T05:04:21.593545+00:00,233,2026-09-10T05:04:21.220580+00:00,false,microservices,product,d2fb7348a9b654f2a980abf713e63d08845974daaf5b346cd5af9da85dd9bdcc,tcc-microservices-experiment-product-1,81.5,84106281,1073741824,7.83,3,116MB / 124MB,9.97MB / 3.28MB
117,2026-09-10T05:04:22.593551+00:00,235,2026-09-10T05:04:22.221371+00:00,false,microservices,auth,86c2d0085d36bd760301e5d2973ea2e3095f1ef9ac6ba40b8ad53cbd558f03eb,tcc-microservices-experiment-auth-1,0.02,79219917,1073741824,7.38,3,45.8kB / 40.3kB,10.2MB / 65.5kB
117,2026-09-10T05:04:22.593551+00:00,235,2026-09-10T05:04:22.221371+00:00,false,microservices,gateway,f57950d12c017a55da43df31b6c0c88db4271ecb3f3d286840e21d556d95a768,tcc-microservices-experiment-gateway-1,28.88,453823693,536870912,84.53,69,105MB / 118MB,31.4MB / 22.3MB
117,2026-09-10T05:04:22.593551+00:00,235,2026-09-10T05:04:22.221371+00:00,false,microservices,mysql,cd47944ef99e8665c6fbc745fd26216210ace9a0a0f7070f60fa0881b6e8b8b0,tcc-microservices-experiment-mysql-1,28.97,484442112,1073741824,45.12,40,38.1MB / 96.5MB,47.6MB / 155MB
117,2026-09-10T05:04:22.593551+00:00,235,2026-09-10T05:04:22.221371+00:00,false,microservices,order,ecb2ecded5626a554a8771603ab0b81767de20383f94ec8bda435127193f2174,tcc-microservices-experiment-order-1,0.01,65326285,1073741824,6.08,3,5.31MB / 4.14MB,9.18MB / 8.91MB
117,2026-09-10T05:04:22.593551+00:00,235,2026-09-10T05:04:22.221371+00:00,false,microservices,product,d2fb7348a9b654f2a980abf713e63d08845974daaf5b346cd5af9da85dd9bdcc,tcc-microservices-experiment-product-1,82.14,83131105,1073741824,7.74,3,117MB / 125MB,9.97MB / 3.28MB
118,2026-09-10T05:04:23.593526+00:00,237,2026-09-10T05:04:23.221248+00:00,false,microservices,auth,86c2d0085d36bd760301e5d2973ea2e3095f1ef9ac6ba40b8ad53cbd558f03eb,tcc-microservices-experiment-auth-1,0.02,79219917,1073741824,7.38,3,45.8kB / 40.3kB,10.2MB / 65.5kB
118,2026-09-10T05:04:23.593526+00:00,237,2026-09-10T05:04:23.221248+00:00,false,microservices,gateway,f57950d12c017a55da43df31b6c0c88db4271ecb3f3d286840e21d556d95a768,tcc-microservices-experiment-gateway-1,29.73,453194547,536870912,84.42,69,106MB / 118MB,31.4MB / 22.3MB
118,2026-09-10T05:04:23.593526+00:00,237,2026-09-10T05:04:23.221248+00:00,false,microservices,mysql,cd47944ef99e8665c6fbc745fd26216210ace9a0a0f7070f60fa0881b6e8b8b0,tcc-microservices-experiment-mysql-1,26.64,484756685,1073741824,45.15,40,38.3MB / 97.1MB,47.6MB / 155MB
118,2026-09-10T05:04:23.593526+00:00,237,2026-09-10T05:04:23.221248+00:00,false,microservices,order,ecb2ecded5626a554a8771603ab0b81767de20383f94ec8bda435127193f2174,tcc-microservices-experiment-order-1,0.02,65326285,1073741824,6.08,3,5.31MB / 4.14MB,9.18MB / 8.91MB
118,2026-09-10T05:04:23.593526+00:00,237,2026-09-10T05:04:23.221248+00:00,false,microservices,product,d2fb7348a9b654f2a980abf713e63d08845974daaf5b346cd5af9da85dd9bdcc,tcc-microservices-experiment-product-1,79.89,83875594,1073741824,7.81,3,118MB / 126MB,9.97MB / 3.28MB
119,2026-09-10T05:04:24.593546+00:00,239,2026-09-10T05:04:24.222364+00:00,false,microservices,auth,86c2d0085d36bd760301e5d2973ea2e3095f1ef9ac6ba40b8ad53cbd558f03eb,tcc-microservices-experiment-auth-1,0.02,79219917,1073741824,7.38,3,45.8kB / 40.3kB,10.2MB / 65.5kB
119,2026-09-10T05:04:24.593546+00:00,239,2026-09-10T05:04:24.222364+00:00,false,microservices,gateway,f57950d12c017a55da43df31b6c0c88db4271ecb3f3d286840e21d556d95a768,tcc-microservices-experiment-gateway-1,28.61,453404262,536870912,84.45,69,107MB / 119MB,31.4MB / 22.3MB
119,2026-09-10T05:04:24.593546+00:00,239,2026-09-10T05:04:24.222364+00:00,false,microservices,mysql,cd47944ef99e8665c6fbc745fd26216210ace9a0a0f7070f60fa0881b6e8b8b0,tcc-microservices-experiment-mysql-1,30.66,484232397,1073741824,45.09,40,38.6MB / 97.7MB,47.6MB / 155MB
119,2026-09-10T05:04:24.593546+00:00,239,2026-09-10T05:04:24.222364+00:00,false,microservices,order,ecb2ecded5626a554a8771603ab0b81767de20383f94ec8bda435127193f2174,tcc-microservices-experiment-order-1,0.02,65326285,1073741824,6.08,3,5.31MB / 4.14MB,9.18MB / 8.91MB
119,2026-09-10T05:04:24.593546+00:00,239,2026-09-10T05:04:24.222364+00:00,false,microservices,product,d2fb7348a9b654f2a980abf713e63d08845974daaf5b346cd5af9da85dd9bdcc,tcc-microservices-experiment-product-1,81.32,84074824,1073741824,7.83,3,118MB / 126MB,9.97MB / 3.28MB
120,2026-09-10T05:04:25.593549+00:00,241,2026-09-10T05:04:25.221253+00:00,false,microservices,auth,86c2d0085d36bd760301e5d2973ea2e3095f1ef9ac6ba40b8ad53cbd558f03eb,tcc-microservices-experiment-auth-1,0.02,79219917,1073741824,7.38,3,45.8kB / 40.3kB,10.2MB / 65.5kB
120,2026-09-10T05:04:25.593549+00:00,241,2026-09-10T05:04:25.221253+00:00,false,microservices,gateway,f57950d12c017a55da43df31b6c0c88db4271ecb3f3d286840e21d556d95a768,tcc-microservices-experiment-gateway-1,28.44,453509120,536870912,84.47,69,107MB / 120MB,31.4MB / 22.3MB
120,2026-09-10T05:04:25.593549+00:00,241,2026-09-10T05:04:25.221253+00:00,false,microservices,mysql,cd47944ef99e8665c6fbc745fd26216210ace9a0a0f7070f60fa0881b6e8b8b0,tcc-microservices-experiment-mysql-1,26.25,483708109,1073741824,45.05,40,38.8MB / 98.4MB,47.6MB / 155MB
120,2026-09-10T05:04:25.593549+00:00,241,2026-09-10T05:04:25.221253+00:00,false,microservices,order,ecb2ecded5626a554a8771603ab0b81767de20383f94ec8bda435127193f2174,tcc-microservices-experiment-order-1,0.02,65326285,1073741824,6.08,3,5.31MB / 4.14MB,9.18MB / 8.91MB
120,2026-09-10T05:04:25.593549+00:00,241,2026-09-10T05:04:25.221253+00:00,false,microservices,product,d2fb7348a9b654f2a980abf713e63d08845974daaf5b346cd5af9da85dd9bdcc,tcc-microservices-experiment-product-1,79.92,83928023,1073741824,7.82,3,119MB / 127MB,9.97MB / 3.28MB
