sample_index,captured_at_utc,docker_refresh_sequence,docker_refresh_captured_at_utc,docker_refresh_reused,architecture,service,container_id,container_name,cpu_percent,memory_used_bytes,memory_limit_bytes,memory_percent,pids,network_io,block_io
1,2026-09-10T07:33:03.024925+00:00,3,2026-09-10T07:33:02.656996+00:00,false,microservices,auth,3f82d3ba21d27f81506a97a6b693c057cc31a81d5e03391457caa149fe37f1e0,tcc-microservices-experiment-auth-1,0.02,79209431,1073741824,7.38,3,45.7kB / 40.3kB,11.9MB / 65.5kB
1,2026-09-10T07:33:03.024925+00:00,3,2026-09-10T07:33:02.656996+00:00,false,microservices,gateway,6658a4177e21204a32132ed31d1df770bb3703c85230c57518a968d80de98083,tcc-microservices-experiment-gateway-1,0.23,465567744,536870912,86.72,89,20.2MB / 22.4MB,32.9MB / 168kB
1,2026-09-10T07:33:03.024925+00:00,3,2026-09-10T07:33:02.656996+00:00,false,microservices,mysql,2f88683146078439186df226c8d1159a75888a2462cb39aa3da664d7caaede5a,tcc-microservices-experiment-mysql-1,5.04,534249472,1073741824,49.76,40,10.5MB / 27MB,45.6MB / 116MB
1,2026-09-10T07:33:03.024925+00:00,3,2026-09-10T07:33:02.656996+00:00,false,microservices,order,a81e490c5d3ce42bcf399007122ea32bc4ba9c6d6b36ecf08e57d51a5162e2a6,tcc-microservices-experiment-order-1,0.03,78569800,1073741824,7.32,3,31.1MB / 27.8MB,8.07MB / 77.8kB
1,2026-09-10T07:33:03.024925+00:00,3,2026-09-10T07:33:02.656996+00:00,false,microservices,product,de2b991f953e9c6187dd1d6c9a810351f7d721c830534c78d6dea65b9d420eb4,tcc-microservices-experiment-product-1,0.02,78611743,1073741824,7.32,3,417kB / 282kB,3.67MB / 81.9kB
2,2026-09-10T07:33:04.024945+00:00,5,2026-09-10T07:33:03.655251+00:00,false,microservices,auth,3f82d3ba21d27f81506a97a6b693c057cc31a81d5e03391457caa149fe37f1e0,tcc-microservices-experiment-auth-1,0.02,79209431,1073741824,7.38,3,45.7kB / 40.3kB,11.9MB / 65.5kB
2,2026-09-10T07:33:04.024945+00:00,5,2026-09-10T07:33:03.655251+00:00,false,microservices,gateway,6658a4177e21204a32132ed31d1df770bb3703c85230c57518a968d80de98083,tcc-microservices-experiment-gateway-1,0.17,465567744,536870912,86.72,89,20.2MB / 22.4MB,32.9MB / 168kB
2,2026-09-10T07:33:04.024945+00:00,5,2026-09-10T07:33:03.655251+00:00,false,microservices,mysql,2f88683146078439186df226c8d1159a75888a2462cb39aa3da664d7caaede5a,tcc-microservices-experiment-mysql-1,0.65,533096038,1073741824,49.65,40,10.5MB / 27MB,45.6MB / 116MB
2,2026-09-10T07:33:04.024945+00:00,5,2026-09-10T07:33:03.655251+00:00,false,microservices,order,a81e490c5d3ce42bcf399007122ea32bc4ba9c6d6b36ecf08e57d51a5162e2a6,tcc-microservices-experiment-order-1,0.02,78569800,1073741824,7.32,3,31.1MB / 27.8MB,8.07MB / 77.8kB
2,2026-09-10T07:33:04.024945+00:00,5,2026-09-10T07:33:03.655251+00:00,false,microservices,product,de2b991f953e9c6187dd1d6c9a810351f7d721c830534c78d6dea65b9d420eb4,tcc-microservices-experiment-product-1,0.02,78611743,1073741824,7.32,3,417kB / 282kB,3.67MB / 81.9kB
3,2026-09-10T07:33:05.024900+00:00,7,2026-09-10T07:33:04.658190+00:00,false,microservices,auth,3f82d3ba21d27f81506a97a6b693c057cc31a81d5e03391457caa149fe37f1e0,tcc-microservices-experiment-auth-1,0.03,79209431,1073741824,7.38,3,45.7kB / 40.3kB,11.9MB / 65.5kB
3,2026-09-10T07:33:05.024900+00:00,7,2026-09-10T07:33:04.658190+00:00,false,microservices,gateway,6658a4177e21204a32132ed31d1df770bb3703c85230c57518a968d80de98083,tcc-microservices-experiment-gateway-1,41.62,467560038,536870912,87.08,89,20.5MB / 22.7MB,32.9MB / 168kB
3,2026-09-10T07:33:05.024900+00:00,7,2026-09-10T07:33:04.658190+00:00,false,microservices,mysql,2f88683146078439186df226c8d1159a75888a2462cb39aa3da664d7caaede5a,tcc-microservices-experiment-mysql-1,16.44,534459187,1073741824,49.78,40,10.6MB / 27.3MB,45.6MB / 116MB
3,2026-09-10T07:33:05.024900+00:00,7,2026-09-10T07:33:04.658190+00:00,false,microservices,order,a81e490c5d3ce42bcf399007122ea32bc4ba9c6d6b36ecf08e57d51a5162e2a6,tcc-microservices-experiment-order-1,37.07,81033953,1073741824,7.55,3,31.4MB / 28.1MB,8.07MB / 77.8kB
3,2026-09-10T07:33:05.024900+00:00,7,2026-09-10T07:33:04.658190+00:00,false,microservices,product,de2b991f953e9c6187dd1d6c9a810351f7d721c830534c78d6dea65b9d420eb4,tcc-microservices-experiment-product-1,0.02,78611743,1073741824,7.32,3,417kB / 282kB,3.67MB / 81.9kB
4,2026-09-10T07:33:06.024940+00:00,9,2026-09-10T07:33:05.655331+00:00,false,microservices,auth,3f82d3ba21d27f81506a97a6b693c057cc31a81d5e03391457caa149fe37f1e0,tcc-microservices-experiment-auth-1,0.02,79209431,1073741824,7.38,3,45.7kB / 40.3kB,11.9MB / 65.5kB
4,2026-09-10T07:33:06.024940+00:00,9,2026-09-10T07:33:05.655331+00:00,false,microservices,gateway,6658a4177e21204a32132ed31d1df770bb3703c85230c57518a968d80de98083,tcc-microservices-experiment-gateway-1,87.11,469971763,536870912,87.54,89,20.9MB / 23.2MB,32.9MB / 168kB
4,2026-09-10T07:33:06.024940+00:00,9,2026-09-10T07:33:05.655331+00:00,false,microservices,mysql,2f88683146078439186df226c8d1159a75888a2462cb39aa3da664d7caaede5a,tcc-microservices-experiment-mysql-1,17.0,533830042,1073741824,49.72,40,10.7MB / 27.7MB,45.6MB / 116MB
4,2026-09-10T07:33:06.024940+00:00,9,2026-09-10T07:33:05.655331+00:00,false,microservices,order,a81e490c5d3ce42bcf399007122ea32bc4ba9c6d6b36ecf08e57d51a5162e2a6,tcc-microservices-experiment-order-1,61.01,80310436,1073741824,7.48,3,32MB / 28.6MB,8.07MB / 77.8kB
4,2026-09-10T07:33:06.024940+00:00,9,2026-09-10T07:33:05.655331+00:00,false,microservices,product,de2b991f953e9c6187dd1d6c9a810351f7d721c830534c78d6dea65b9d420eb4,tcc-microservices-experiment-product-1,0.02,78611743,1073741824,7.32,3,417kB / 282kB,3.67MB / 81.9kB
5,2026-09-10T07:33:07.024909+00:00,11,2026-09-10T07:33:06.656355+00:00,false,microservices,auth,3f82d3ba21d27f81506a97a6b693c057cc31a81d5e03391457caa149fe37f1e0,tcc-microservices-experiment-auth-1,0.02,79209431,1073741824,7.38,3,45.7kB / 40.3kB,11.9MB / 65.5kB
5,2026-09-10T07:33:07.024909+00:00,11,2026-09-10T07:33:06.656355+00:00,false,microservices,gateway,6658a4177e21204a32132ed31d1df770bb3703c85230c57518a968d80de98083,tcc-microservices-experiment-gateway-1,60.07,469447475,536870912,87.44,89,21.6MB / 23.9MB,32.9MB / 180kB
5,2026-09-10T07:33:07.024909+00:00,11,2026-09-10T07:33:06.656355+00:00,false,microservices,mysql,2f88683146078439186df226c8d1159a75888a2462cb39aa3da664d7caaede5a,tcc-microservices-experiment-mysql-1,27.36,534249472,1073741824,49.76,40,10.9MB / 28.4MB,45.6MB / 116MB
5,2026-09-10T07:33:07.024909+00:00,11,2026-09-10T07:33:06.656355+00:00,false,microservices,order,a81e490c5d3ce42bcf399007122ea32bc4ba9c6d6b36ecf08e57d51a5162e2a6,tcc-microservices-experiment-order-1,84.41,80216064,1073741824,7.47,3,32.9MB / 29.4MB,8.07MB / 77.8kB
5,2026-09-10T07:33:07.024909+00:00,11,2026-09-10T07:33:06.656355+00:00,false,microservices,product,de2b991f953e9c6187dd1d6c9a810351f7d721c830534c78d6dea65b9d420eb4,tcc-microservices-experiment-product-1,0.02,78611743,1073741824,7.32,3,417kB / 282kB,3.67MB / 81.9kB
6,2026-09-10T07:33:08.024929+00:00,13,2026-09-10T07:33:07.655372+00:00,false,microservices,auth,3f82d3ba21d27f81506a97a6b693c057cc31a81d5e03391457caa149fe37f1e0,tcc-microservices-experiment-auth-1,0.02,79209431,1073741824,7.38,3,45.7kB / 40.3kB,11.9MB / 65.5kB
6,2026-09-10T07:33:08.024929+00:00,13,2026-09-10T07:33:07.655372+00:00,false,microservices,gateway,6658a4177e21204a32132ed31d1df770bb3703c85230c57518a968d80de98083,tcc-microservices-experiment-gateway-1,43.29,470286336,536870912,87.59,89,22.3MB / 24.7MB,32.9MB / 180kB
6,2026-09-10T07:33:08.024929+00:00,13,2026-09-10T07:33:07.655372+00:00,false,microservices,mysql,2f88683146078439186df226c8d1159a75888a2462cb39aa3da664d7caaede5a,tcc-microservices-experiment-mysql-1,23.62,533410611,1073741824,49.68,40,11.1MB / 29.2MB,45.6MB / 116MB
6,2026-09-10T07:33:08.024929+00:00,13,2026-09-10T07:33:07.655372+00:00,false,microservices,order,a81e490c5d3ce42bcf399007122ea32bc4ba9c6d6b36ecf08e57d51a5162e2a6,tcc-microservices-experiment-order-1,83.13,80488694,1073741824,7.5,3,33.8MB / 30.2MB,8.07MB / 77.8kB
6,2026-09-10T07:33:08.024929+00:00,13,2026-09-10T07:33:07.655372+00:00,false,microservices,product,de2b991f953e9c6187dd1d6c9a810351f7d721c830534c78d6dea65b9d420eb4,tcc-microservices-experiment-product-1,0.02,78611743,1073741824,7.32,3,417kB / 282kB,3.67MB / 81.9kB
7,2026-09-10T07:33:09.024906+00:00,15,2026-09-10T07:33:08.655466+00:00,false,microservices,auth,3f82d3ba21d27f81506a97a6b693c057cc31a81d5e03391457caa149fe37f1e0,tcc-microservices-experiment-auth-1,0.02,79209431,1073741824,7.38,3,45.7kB / 40.3kB,11.9MB / 65.5kB
7,2026-09-10T07:33:09.024906+00:00,15,2026-09-10T07:33:08.655466+00:00,false,microservices,gateway,6658a4177e21204a32132ed31d1df770bb3703c85230c57518a968d80de98083,tcc-microservices-experiment-gateway-1,57.63,469552333,536870912,87.45,89,23MB / 25.5MB,32.9MB / 180kB
7,2026-09-10T07:33:09.024906+00:00,15,2026-09-10T07:33:08.655466+00:00,false,microservices,mysql,2f88683146078439186df226c8d1159a75888a2462cb39aa3da664d7caaede5a,tcc-microservices-experiment-mysql-1,29.68,533830042,1073741824,49.72,40,11.3MB / 29.9MB,45.6MB / 116MB
7,2026-09-10T07:33:09.024906+00:00,15,2026-09-10T07:33:08.655466+00:00,false,microservices,order,a81e490c5d3ce42bcf399007122ea32bc4ba9c6d6b36ecf08e57d51a5162e2a6,tcc-microservices-experiment-order-1,81.34,81075896,1073741824,7.55,3,34.7MB / 31.1MB,8.07MB / 77.8kB
7,2026-09-10T07:33:09.024906+00:00,15,2026-09-10T07:33:08.655466+00:00,false,microservices,product,de2b991f953e9c6187dd1d6c9a810351f7d721c830534c78d6dea65b9d420eb4,tcc-microservices-experiment-product-1,0.02,78611743,1073741824,7.32,3,417kB / 282kB,3.67MB / 81.9kB
8,2026-09-10T07:33:10.024878+00:00,17,2026-09-10T07:33:09.656384+00:00,false,microservices,auth,3f82d3ba21d27f81506a97a6b693c057cc31a81d5e03391457caa149fe37f1e0,tcc-microservices-experiment-auth-1,0.02,79209431,1073741824,7.38,3,45.7kB / 40.3kB,11.9MB / 65.5kB
8,2026-09-10T07:33:10.024878+00:00,17,2026-09-10T07:33:09.656384+00:00,false,microservices,gateway,6658a4177e21204a32132ed31d1df770bb3703c85230c57518a968d80de98083,tcc-microservices-experiment-gateway-1,57.81,470600909,536870912,87.65,89,23.7MB / 26.3MB,32.9MB / 180kB
8,2026-09-10T07:33:10.024878+00:00,17,2026-09-10T07:33:09.656384+00:00,false,microservices,mysql,2f88683146078439186df226c8d1159a75888a2462cb39aa3da664d7caaede5a,tcc-microservices-experiment-mysql-1,24.26,533725184,1073741824,49.71,40,11.5MB / 30.7MB,45.6MB / 116MB
8,2026-09-10T07:33:10.024878+00:00,17,2026-09-10T07:33:09.656384+00:00,false,microservices,order,a81e490c5d3ce42bcf399007122ea32bc4ba9c6d6b36ecf08e57d51a5162e2a6,tcc-microservices-experiment-order-1,82.26,80299950,1073741824,7.48,3,35.6MB / 31.9MB,8.07MB / 77.8kB
8,2026-09-10T07:33:10.024878+00:00,17,2026-09-10T07:33:09.656384+00:00,false,microservices,product,de2b991f953e9c6187dd1d6c9a810351f7d721c830534c78d6dea65b9d420eb4,tcc-microservices-experiment-product-1,0.02,78611743,1073741824,7.32,3,417kB / 282kB,3.67MB / 81.9kB
9,2026-09-10T07:33:11.024917+00:00,19,2026-09-10T07:33:10.656370+00:00,false,microservices,auth,3f82d3ba21d27f81506a97a6b693c057cc31a81d5e03391457caa149fe37f1e0,tcc-microservices-experiment-auth-1,0.02,79209431,1073741824,7.38,3,45.7kB / 40.3kB,11.9MB / 65.5kB
9,2026-09-10T07:33:11.024917+00:00,19,2026-09-10T07:33:10.656370+00:00,false,microservices,gateway,6658a4177e21204a32132ed31d1df770bb3703c85230c57518a968d80de98083,tcc-microservices-experiment-gateway-1,42.24,469762048,536870912,87.49,89,24.5MB / 27.1MB,32.9MB / 180kB
9,2026-09-10T07:33:11.024917+00:00,19,2026-09-10T07:33:10.656370+00:00,false,microservices,mysql,2f88683146078439186df226c8d1159a75888a2462cb39aa3da664d7caaede5a,tcc-microservices-experiment-mysql-1,28.47,534249472,1073741824,49.76,40,11.8MB / 31.4MB,45.6MB / 116MB
9,2026-09-10T07:33:11.024917+00:00,19,2026-09-10T07:33:10.656370+00:00,false,microservices,order,a81e490c5d3ce42bcf399007122ea32bc4ba9c6d6b36ecf08e57d51a5162e2a6,tcc-microservices-experiment-order-1,82.36,81044439,1073741824,7.55,3,36.5MB / 32.7MB,8.07MB / 77.8kB
9,2026-09-10T07:33:11.024917+00:00,19,2026-09-10T07:33:10.656370+00:00,false,microservices,product,de2b991f953e9c6187dd1d6c9a810351f7d721c830534c78d6dea65b9d420eb4,tcc-microservices-experiment-product-1,0.02,78611743,1073741824,7.32,3,417kB / 282kB,3.67MB / 81.9kB
10,2026-09-10T07:33:12.024893+00:00,21,2026-09-10T07:33:11.655268+00:00,false,microservices,auth,3f82d3ba21d27f81506a97a6b693c057cc31a81d5e03391457caa149fe37f1e0,tcc-microservices-experiment-auth-1,0.02,79209431,1073741824,7.38,3,45.7kB / 40.3kB,11.9MB / 65.5kB
10,2026-09-10T07:33:12.024893+00:00,21,2026-09-10T07:33:11.655268+00:00,false,microservices,gateway,6658a4177e21204a32132ed31d1df770bb3703c85230c57518a968d80de98083,tcc-microservices-experiment-gateway-1,37.62,470496051,536870912,87.64,89,25.2MB / 27.9MB,32.9MB / 180kB
10,2026-09-10T07:33:12.024893+00:00,21,2026-09-10T07:33:11.655268+00:00,false,microservices,mysql,2f88683146078439186df226c8d1159a75888a2462cb39aa3da664d7caaede5a,tcc-microservices-experiment-mysql-1,25.02,534249472,1073741824,49.76,40,12MB / 32.2MB,45.6MB / 116MB
10,2026-09-10T07:33:12.024893+00:00,21,2026-09-10T07:33:11.655268+00:00,false,microservices,order,a81e490c5d3ce42bcf399007122ea32bc4ba9c6d6b36ecf08e57d51a5162e2a6,tcc-microservices-experiment-order-1,81.5,81128325,1073741824,7.56,3,37.5MB / 33.6MB,8.07MB / 77.8kB
10,2026-09-10T07:33:12.024893+00:00,21,2026-09-10T07:33:11.655268+00:00,false,microservices,product,de2b991f953e9c6187dd1d6c9a810351f7d721c830534c78d6dea65b9d420eb4,tcc-microservices-experiment-product-1,0.02,78611743,1073741824,7.32,3,417kB / 282kB,3.67MB / 81.9kB
11,2026-09-10T07:33:13.024932+00:00,23,2026-09-10T07:33:12.655457+00:00,false,microservices,auth,3f82d3ba21d27f81506a97a6b693c057cc31a81d5e03391457caa149fe37f1e0,tcc-microservices-experiment-auth-1,0.02,79209431,1073741824,7.38,3,45.7kB / 40.3kB,11.9MB / 65.5kB
11,2026-09-10T07:33:13.024932+00:00,23,2026-09-10T07:33:12.655457+00:00,false,microservices,gateway,6658a4177e21204a32132ed31d1df770bb3703c85230c57518a968d80de98083,tcc-microservices-experiment-gateway-1,54.14,469762048,536870912,87.51,89,25.9MB / 28.7MB,32.9MB / 180kB
11,2026-09-10T07:33:13.024932+00:00,23,2026-09-10T07:33:12.655457+00:00,false,microservices,mysql,2f88683146078439186df226c8d1159a75888a2462cb39aa3da664d7caaede5a,tcc-microservices-experiment-mysql-1,28.06,533830042,1073741824,49.71,40,12.2MB / 33MB,45.6MB / 119MB
11,2026-09-10T07:33:13.024932+00:00,23,2026-09-10T07:33:12.655457+00:00,false,microservices,order,a81e490c5d3ce42bcf399007122ea32bc4ba9c6d6b36ecf08e57d51a5162e2a6,tcc-microservices-experiment-order-1,82.41,80729866,1073741824,7.52,3,38.4MB / 34.4MB,8.07MB / 77.8kB
11,2026-09-10T07:33:13.024932+00:00,23,2026-09-10T07:33:12.655457+00:00,false,microservices,product,de2b991f953e9c6187dd1d6c9a810351f7d721c830534c78d6dea65b9d420eb4,tcc-microservices-experiment-product-1,0.02,78611743,1073741824,7.32,3,417kB / 282kB,3.67MB / 81.9kB
12,2026-09-10T07:33:14.024915+00:00,25,2026-09-10T07:33:13.655468+00:00,false,microservices,auth,3f82d3ba21d27f81506a97a6b693c057cc31a81d5e03391457caa149fe37f1e0,tcc-microservices-experiment-auth-1,0.02,79209431,1073741824,7.38,3,45.7kB / 40.3kB,11.9MB / 65.5kB
12,2026-09-10T07:33:14.024915+00:00,25,2026-09-10T07:33:13.655468+00:00,false,microservices,gateway,6658a4177e21204a32132ed31d1df770bb3703c85230c57518a968d80de98083,tcc-microservices-experiment-gateway-1,70.75,470181478,536870912,87.58,89,26.6MB / 29.4MB,32.9MB / 180kB
12,2026-09-10T07:33:14.024915+00:00,25,2026-09-10T07:33:13.655468+00:00,false,microservices,mysql,2f88683146078439186df226c8d1159a75888a2462cb39aa3da664d7caaede5a,tcc-microservices-experiment-mysql-1,24.33,533725184,1073741824,49.71,40,12.4MB / 33.7MB,45.6MB / 119MB
12,2026-09-10T07:33:14.024915+00:00,25,2026-09-10T07:33:13.655468+00:00,false,microservices,order,a81e490c5d3ce42bcf399007122ea32bc4ba9c6d6b36ecf08e57d51a5162e2a6,tcc-microservices-experiment-order-1,82.75,81495327,1073741824,7.59,3,39.2MB / 35.2MB,8.07MB / 77.8kB
12,2026-09-10T07:33:14.024915+00:00,25,2026-09-10T07:33:13.655468+00:00,false,microservices,product,de2b991f953e9c6187dd1d6c9a810351f7d721c830534c78d6dea65b9d420eb4,tcc-microservices-experiment-product-1,0.02,78611743,1073741824,7.32,3,417kB / 282kB,3.67MB / 81.9kB
13,2026-09-10T07:33:15.024922+00:00,27,2026-09-10T07:33:14.656475+00:00,false,microservices,auth,3f82d3ba21d27f81506a97a6b693c057cc31a81d5e03391457caa149fe37f1e0,tcc-microservices-experiment-auth-1,0.02,79209431,1073741824,7.38,3,45.7kB / 40.3kB,11.9MB / 65.5kB
13,2026-09-10T07:33:15.024922+00:00,27,2026-09-10T07:33:14.656475+00:00,false,microservices,gateway,6658a4177e21204a32132ed31d1df770bb3703c85230c57518a968d80de98083,tcc-microservices-experiment-gateway-1,46.26,470391194,536870912,87.61,89,27.3MB / 30.2MB,32.9MB / 180kB
13,2026-09-10T07:33:15.024922+00:00,27,2026-09-10T07:33:14.656475+00:00,false,microservices,mysql,2f88683146078439186df226c8d1159a75888a2462cb39aa3da664d7caaede5a,tcc-microservices-experiment-mysql-1,28.62,534459187,1073741824,49.77,40,12.6MB / 34.4MB,45.6MB / 119MB
13,2026-09-10T07:33:15.024922+00:00,27,2026-09-10T07:33:14.656475+00:00,false,microservices,order,a81e490c5d3ce42bcf399007122ea32bc4ba9c6d6b36ecf08e57d51a5162e2a6,tcc-microservices-experiment-order-1,82.33,81317069,1073741824,7.57,3,40.2MB / 36.1MB,8.07MB / 77.8kB
13,2026-09-10T07:33:15.024922+00:00,27,2026-09-10T07:33:14.656475+00:00,false,microservices,product,de2b991f953e9c6187dd1d6c9a810351f7d721c830534c78d6dea65b9d420eb4,tcc-microservices-experiment-product-1,0.02,78611743,1073741824,7.32,3,417kB / 282kB,3.67MB / 81.9kB
14,2026-09-10T07:33:16.024910+00:00,29,2026-09-10T07:33:15.655477+00:00,false,microservices,auth,3f82d3ba21d27f81506a97a6b693c057cc31a81d5e03391457caa149fe37f1e0,tcc-microservices-experiment-auth-1,0.02,79209431,1073741824,7.38,3,45.7kB / 40.3kB,11.9MB / 65.5kB
14,2026-09-10T07:33:16.024910+00:00,29,2026-09-10T07:33:15.655477+00:00,false,microservices,gateway,6658a4177e21204a32132ed31d1df770bb3703c85230c57518a968d80de98083,tcc-microservices-experiment-gateway-1,36.15,470286336,536870912,87.59,89,28MB / 31.1MB,32.9MB / 180kB
14,2026-09-10T07:33:16.024910+00:00,29,2026-09-10T07:33:15.655477+00:00,false,microservices,mysql,2f88683146078439186df226c8d1159a75888a2462cb39aa3da664d7caaede5a,tcc-microservices-experiment-mysql-1,24.81,534564045,1073741824,49.79,40,12.8MB / 35.2MB,45.6MB / 119MB
14,2026-09-10T07:33:16.024910+00:00,29,2026-09-10T07:33:15.655477+00:00,false,microservices,order,a81e490c5d3ce42bcf399007122ea32bc4ba9c6d6b36ecf08e57d51a5162e2a6,tcc-microservices-experiment-order-1,81.71,80834724,1073741824,7.53,3,41.1MB / 36.9MB,8.07MB / 77.8kB
14,2026-09-10T07:33:16.024910+00:00,29,2026-09-10T07:33:15.655477+00:00,false,microservices,product,de2b991f953e9c6187dd1d6c9a810351f7d721c830534c78d6dea65b9d420eb4,tcc-microservices-experiment-product-1,0.02,78611743,1073741824,7.32,3,417kB / 282kB,3.67MB / 81.9kB
15,2026-09-10T07:33:17.024930+00:00,31,2026-09-10T07:33:16.656100+00:00,false,microservices,auth,3f82d3ba21d27f81506a97a6b693c057cc31a81d5e03391457caa149fe37f1e0,tcc-microservices-experiment-auth-1,0.02,79209431,1073741824,7.38,3,45.7kB / 40.3kB,11.9MB / 65.5kB
15,2026-09-10T07:33:17.024930+00:00,31,2026-09-10T07:33:16.656100+00:00,false,microservices,gateway,6658a4177e21204a32132ed31d1df770bb3703c85230c57518a968d80de98083,tcc-microservices-experiment-gateway-1,37.12,469971763,536870912,87.54,89,28.8MB / 31.9MB,32.9MB / 180kB
15,2026-09-10T07:33:17.024930+00:00,31,2026-09-10T07:33:16.656100+00:00,false,microservices,mysql,2f88683146078439186df226c8d1159a75888a2462cb39aa3da664d7caaede5a,tcc-microservices-experiment-mysql-1,28.66,535088333,1073741824,49.83,40,13MB / 36MB,45.6MB / 119MB
15,2026-09-10T07:33:17.024930+00:00,31,2026-09-10T07:33:16.656100+00:00,false,microservices,order,a81e490c5d3ce42bcf399007122ea32bc4ba9c6d6b36ecf08e57d51a5162e2a6,tcc-microservices-experiment-order-1,81.77,80834724,1073741824,7.53,3,42MB / 37.8MB,8.07MB / 77.8kB
15,2026-09-10T07:33:17.024930+00:00,31,2026-09-10T07:33:16.656100+00:00,false,microservices,product,de2b991f953e9c6187dd1d6c9a810351f7d721c830534c78d6dea65b9d420eb4,tcc-microservices-experiment-product-1,0.02,78611743,1073741824,7.32,3,417kB / 282kB,3.67MB / 81.9kB
16,2026-09-10T07:33:18.024917+00:00,33,2026-09-10T07:33:17.655448+00:00,false,microservices,auth,3f82d3ba21d27f81506a97a6b693c057cc31a81d5e03391457caa149fe37f1e0,tcc-microservices-experiment-auth-1,0.02,79209431,1073741824,7.38,3,45.7kB / 40.3kB,11.9MB / 65.5kB
16,2026-09-10T07:33:18.024917+00:00,33,2026-09-10T07:33:17.655448+00:00,false,microservices,gateway,6658a4177e21204a32132ed31d1df770bb3703c85230c57518a968d80de98083,tcc-microservices-experiment-gateway-1,35.95,470496051,536870912,87.63,89,29.5MB / 32.7MB,32.9MB / 180kB
16,2026-09-10T07:33:18.024917+00:00,33,2026-09-10T07:33:17.655448+00:00,false,microservices,mysql,2f88683146078439186df226c8d1159a75888a2462cb39aa3da664d7caaede5a,tcc-microservices-experiment-mysql-1,25.25,534354330,1073741824,49.77,40,13.3MB / 36.7MB,45.6MB / 119MB
16,2026-09-10T07:33:18.024917+00:00,33,2026-09-10T07:33:17.655448+00:00,false,microservices,order,a81e490c5d3ce42bcf399007122ea32bc4ba9c6d6b36ecf08e57d51a5162e2a6,tcc-microservices-experiment-order-1,81.1,81663099,1073741824,7.61,3,43MB / 38.7MB,8.07MB / 77.8kB
16,2026-09-10T07:33:18.024917+00:00,33,2026-09-10T07:33:17.655448+00:00,false,microservices,product,de2b991f953e9c6187dd1d6c9a810351f7d721c830534c78d6dea65b9d420eb4,tcc-microservices-experiment-product-1,0.02,78611743,1073741824,7.32,3,417kB / 282kB,3.67MB / 81.9kB
17,2026-09-10T07:33:19.024915+00:00,35,2026-09-10T07:33:18.655355+00:00,false,microservices,auth,3f82d3ba21d27f81506a97a6b693c057cc31a81d5e03391457caa149fe37f1e0,tcc-microservices-experiment-auth-1,0.02,79209431,1073741824,7.38,3,45.7kB / 40.3kB,11.9MB / 65.5kB
17,2026-09-10T07:33:19.024915+00:00,35,2026-09-10T07:33:18.655355+00:00,false,microservices,gateway,6658a4177e21204a32132ed31d1df770bb3703c85230c57518a968d80de98083,tcc-microservices-experiment-gateway-1,35.75,470076621,536870912,87.55,89,30.2MB / 33.5MB,32.9MB / 180kB
17,2026-09-10T07:33:19.024915+00:00,35,2026-09-10T07:33:18.655355+00:00,false,microservices,mysql,2f88683146078439186df226c8d1159a75888a2462cb39aa3da664d7caaede5a,tcc-microservices-experiment-mysql-1,28.79,533934899,1073741824,49.73,40,13.5MB / 37.5MB,45.6MB / 119MB
17,2026-09-10T07:33:19.024915+00:00,35,2026-09-10T07:33:18.655355+00:00,false,microservices,order,a81e490c5d3ce42bcf399007122ea32bc4ba9c6d6b36ecf08e57d51a5162e2a6,tcc-microservices-experiment-order-1,81.87,80960553,1073741824,7.54,3,43.9MB / 39.5MB,8.07MB / 77.8kB
17,2026-09-10T07:33:19.024915+00:00,35,2026-09-10T07:33:18.655355+00:00,false,microservices,product,de2b991f953e9c6187dd1d6c9a810351f7d721c830534c78d6dea65b9d420eb4,tcc-microservices-experiment-product-1,0.02,78611743,1073741824,7.32,3,417kB / 282kB,3.67MB / 81.9kB
18,2026-09-10T07:33:20.024964+00:00,37,2026-09-10T07:33:19.655538+00:00,false,microservices,auth,3f82d3ba21d27f81506a97a6b693c057cc31a81d5e03391457caa149fe37f1e0,tcc-microservices-experiment-auth-1,0.02,79209431,1073741824,7.38,3,45.7kB / 40.3kB,11.9MB / 65.5kB
18,2026-09-10T07:33:20.024964+00:00,37,2026-09-10T07:33:19.655538+00:00,false,microservices,gateway,6658a4177e21204a32132ed31d1df770bb3703c85230c57518a968d80de98083,tcc-microservices-experiment-gateway-1,58.49,469971763,536870912,87.54,89,31MB / 34.3MB,32.9MB / 180kB
18,2026-09-10T07:33:20.024964+00:00,37,2026-09-10T07:33:19.655538+00:00,false,microservices,mysql,2f88683146078439186df226c8d1159a75888a2462cb39aa3da664d7caaede5a,tcc-microservices-experiment-mysql-1,24.32,533830042,1073741824,49.72,40,13.7MB / 38.3MB,45.6MB / 119MB
18,2026-09-10T07:33:20.024964+00:00,37,2026-09-10T07:33:19.655538+00:00,false,microservices,order,a81e490c5d3ce42bcf399007122ea32bc4ba9c6d6b36ecf08e57d51a5162e2a6,tcc-microservices-experiment-order-1,82.3,81820385,1073741824,7.62,3,44.8MB / 40.4MB,8.07MB / 77.8kB
18,2026-09-10T07:33:20.024964+00:00,37,2026-09-10T07:33:19.655538+00:00,false,microservices,product,de2b991f953e9c6187dd1d6c9a810351f7d721c830534c78d6dea65b9d420eb4,tcc-microservices-experiment-product-1,0.02,78611743,1073741824,7.32,3,417kB / 282kB,3.67MB / 81.9kB
19,2026-09-10T07:33:21.024928+00:00,39,2026-09-10T07:33:20.655650+00:00,false,microservices,auth,3f82d3ba21d27f81506a97a6b693c057cc31a81d5e03391457caa149fe37f1e0,tcc-microservices-experiment-auth-1,0.02,79209431,1073741824,7.38,3,45.7kB / 40.3kB,11.9MB / 65.5kB
19,2026-09-10T07:33:21.024928+00:00,39,2026-09-10T07:33:20.655650+00:00,false,microservices,gateway,6658a4177e21204a32132ed31d1df770bb3703c85230c57518a968d80de98083,tcc-microservices-experiment-gateway-1,36.02,470181478,536870912,87.59,89,31.7MB / 35.1MB,32.9MB / 180kB
19,2026-09-10T07:33:21.024928+00:00,39,2026-09-10T07:33:20.655650+00:00,false,microservices,mysql,2f88683146078439186df226c8d1159a75888a2462cb39aa3da664d7caaede5a,tcc-microservices-experiment-mysql-1,28.14,534249472,1073741824,49.75,40,13.9MB / 39MB,45.6MB / 119MB
19,2026-09-10T07:33:21.024928+00:00,39,2026-09-10T07:33:20.655650+00:00,false,microservices,order,a81e490c5d3ce42bcf399007122ea32bc4ba9c6d6b36ecf08e57d51a5162e2a6,tcc-microservices-experiment-order-1,82.67,81432412,1073741824,7.58,3,45.8MB / 41.2MB,8.07MB / 77.8kB
19,2026-09-10T07:33:21.024928+00:00,39,2026-09-10T07:33:20.655650+00:00,false,microservices,product,de2b991f953e9c6187dd1d6c9a810351f7d721c830534c78d6dea65b9d420eb4,tcc-microservices-experiment-product-1,0.02,78611743,1073741824,7.32,3,417kB / 282kB,3.67MB / 81.9kB
20,2026-09-10T07:33:22.024918+00:00,41,2026-09-10T07:33:21.655981+00:00,false,microservices,auth,3f82d3ba21d27f81506a97a6b693c057cc31a81d5e03391457caa149fe37f1e0,tcc-microservices-experiment-auth-1,0.02,79209431,1073741824,7.38,3,45.7kB / 40.3kB,11.9MB / 65.5kB
20,2026-09-10T07:33:22.024918+00:00,41,2026-09-10T07:33:21.655981+00:00,false,microservices,gateway,6658a4177e21204a32132ed31d1df770bb3703c85230c57518a968d80de98083,tcc-microservices-experiment-gateway-1,69.87,470600909,536870912,87.66,89,32.4MB / 35.9MB,32.9MB / 193kB
20,2026-09-10T07:33:22.024918+00:00,41,2026-09-10T07:33:21.655981+00:00,false,microservices,mysql,2f88683146078439186df226c8d1159a75888a2462cb39aa3da664d7caaede5a,tcc-microservices-experiment-mysql-1,24.83,533830042,1073741824,49.72,40,14.1MB / 39.8MB,45.6MB / 119MB
20,2026-09-10T07:33:22.024918+00:00,41,2026-09-10T07:33:21.655981+00:00,false,microservices,order,a81e490c5d3ce42bcf399007122ea32bc4ba9c6d6b36ecf08e57d51a5162e2a6,tcc-microservices-experiment-order-1,81.58,82134958,1073741824,7.65,3,46.7MB / 42.1MB,8.07MB / 77.8kB
20,2026-09-10T07:33:22.024918+00:00,41,2026-09-10T07:33:21.655981+00:00,false,microservices,product,de2b991f953e9c6187dd1d6c9a810351f7d721c830534c78d6dea65b9d420eb4,tcc-microservices-experiment-product-1,0.02,78611743,1073741824,7.32,3,417kB / 282kB,3.67MB / 81.9kB
21,2026-09-10T07:33:23.024902+00:00,43,2026-09-10T07:33:22.655349+00:00,false,microservices,auth,3f82d3ba21d27f81506a97a6b693c057cc31a81d5e03391457caa149fe37f1e0,tcc-microservices-experiment-auth-1,0.02,79209431,1073741824,7.38,3,45.7kB / 40.3kB,11.9MB / 65.5kB
21,2026-09-10T07:33:23.024902+00:00,43,2026-09-10T07:33:22.655349+00:00,false,microservices,gateway,6658a4177e21204a32132ed31d1df770bb3703c85230c57518a968d80de98083,tcc-microservices-experiment-gateway-1,100.44,477836083,536870912,89.01,89,33.1MB / 36.7MB,32.9MB / 193kB
21,2026-09-10T07:33:23.024902+00:00,43,2026-09-10T07:33:22.655349+00:00,false,microservices,mysql,2f88683146078439186df226c8d1159a75888a2462cb39aa3da664d7caaede5a,tcc-microservices-experiment-mysql-1,29.42,534459187,1073741824,49.78,40,14.3MB / 40.5MB,45.6MB / 119MB
21,2026-09-10T07:33:23.024902+00:00,43,2026-09-10T07:33:22.655349+00:00,false,microservices,order,a81e490c5d3ce42bcf399007122ea32bc4ba9c6d6b36ecf08e57d51a5162e2a6,tcc-microservices-experiment-order-1,81.6,80866181,1073741824,7.53,3,47.6MB / 42.9MB,8.07MB / 77.8kB
21,2026-09-10T07:33:23.024902+00:00,43,2026-09-10T07:33:22.655349+00:00,false,microservices,product,de2b991f953e9c6187dd1d6c9a810351f7d721c830534c78d6dea65b9d420eb4,tcc-microservices-experiment-product-1,0.02,78611743,1073741824,7.32,3,417kB / 282kB,3.67MB / 81.9kB
22,2026-09-10T07:33:24.024896+00:00,45,2026-09-10T07:33:23.655131+00:00,false,microservices,auth,3f82d3ba21d27f81506a97a6b693c057cc31a81d5e03391457caa149fe37f1e0,tcc-microservices-experiment-auth-1,0.02,79209431,1073741824,7.38,3,45.7kB / 40.3kB,11.9MB / 65.5kB
22,2026-09-10T07:33:24.024896+00:00,45,2026-09-10T07:33:23.655131+00:00,false,microservices,gateway,6658a4177e21204a32132ed31d1df770bb3703c85230c57518a968d80de98083,tcc-microservices-experiment-gateway-1,56.99,478884659,536870912,89.2,89,33.8MB / 37.5MB,32.9MB / 193kB
22,2026-09-10T07:33:24.024896+00:00,45,2026-09-10T07:33:23.655131+00:00,false,microservices,mysql,2f88683146078439186df226c8d1159a75888a2462cb39aa3da664d7caaede5a,tcc-microservices-experiment-mysql-1,24.37,533515469,1073741824,49.69,40,14.6MB / 41.3MB,45.6MB / 119MB
22,2026-09-10T07:33:24.024896+00:00,45,2026-09-10T07:33:23.655131+00:00,false,microservices,order,a81e490c5d3ce42bcf399007122ea32bc4ba9c6d6b36ecf08e57d51a5162e2a6,tcc-microservices-experiment-order-1,82.35,82606817,1073741824,7.69,3,48.5MB / 43.7MB,8.07MB / 77.8kB
22,2026-09-10T07:33:24.024896+00:00,45,2026-09-10T07:33:23.655131+00:00,false,microservices,product,de2b991f953e9c6187dd1d6c9a810351f7d721c830534c78d6dea65b9d420eb4,tcc-microservices-experiment-product-1,0.02,78611743,1073741824,7.32,3,417kB / 282kB,3.67MB / 81.9kB
23,2026-09-10T07:33:25.024914+00:00,47,2026-09-10T07:33:24.655313+00:00,false,microservices,auth,3f82d3ba21d27f81506a97a6b693c057cc31a81d5e03391457caa149fe37f1e0,tcc-microservices-experiment-auth-1,0.02,79209431,1073741824,7.38,3,45.7kB / 40.3kB,11.9MB / 65.5kB
23,2026-09-10T07:33:25.024914+00:00,47,2026-09-10T07:33:24.655313+00:00,false,microservices,gateway,6658a4177e21204a32132ed31d1df770bb3703c85230c57518a968d80de98083,tcc-microservices-experiment-gateway-1,50.6,478465229,536870912,89.12,89,34.6MB / 38.3MB,33MB / 193kB
23,2026-09-10T07:33:25.024914+00:00,47,2026-09-10T07:33:24.655313+00:00,false,microservices,mysql,2f88683146078439186df226c8d1159a75888a2462cb39aa3da664d7caaede5a,tcc-microservices-experiment-mysql-1,28.71,534564045,1073741824,49.78,40,14.8MB / 42.1MB,45.6MB / 119MB
23,2026-09-10T07:33:25.024914+00:00,47,2026-09-10T07:33:24.655313+00:00,false,microservices,order,a81e490c5d3ce42bcf399007122ea32bc4ba9c6d6b36ecf08e57d51a5162e2a6,tcc-microservices-experiment-order-1,81.73,82522931,1073741824,7.69,3,49.4MB / 44.6MB,8.07MB / 77.8kB
23,2026-09-10T07:33:25.024914+00:00,47,2026-09-10T07:33:24.655313+00:00,false,microservices,product,de2b991f953e9c6187dd1d6c9a810351f7d721c830534c78d6dea65b9d420eb4,tcc-microservices-experiment-product-1,0.02,78611743,1073741824,7.32,3,417kB / 282kB,3.67MB / 81.9kB
24,2026-09-10T07:33:26.024906+00:00,49,2026-09-10T07:33:25.655494+00:00,false,microservices,auth,3f82d3ba21d27f81506a97a6b693c057cc31a81d5e03391457caa149fe37f1e0,tcc-microservices-experiment-auth-1,0.02,79209431,1073741824,7.38,3,45.7kB / 40.3kB,11.9MB / 65.5kB
24,2026-09-10T07:33:26.024906+00:00,49,2026-09-10T07:33:25.655494+00:00,false,microservices,gateway,6658a4177e21204a32132ed31d1df770bb3703c85230c57518a968d80de98083,tcc-microservices-experiment-gateway-1,53.67,478779802,536870912,89.18,89,35.3MB / 39.1MB,33MB / 193kB
24,2026-09-10T07:33:26.024906+00:00,49,2026-09-10T07:33:25.655494+00:00,false,microservices,mysql,2f88683146078439186df226c8d1159a75888a2462cb39aa3da664d7caaede5a,tcc-microservices-experiment-mysql-1,25.31,533305754,1073741824,49.67,40,15MB / 42.8MB,45.6MB / 119MB
24,2026-09-10T07:33:26.024906+00:00,49,2026-09-10T07:33:25.655494+00:00,false,microservices,order,a81e490c5d3ce42bcf399007122ea32bc4ba9c6d6b36ecf08e57d51a5162e2a6,tcc-microservices-experiment-order-1,80.6,82302730,1073741824,7.66,3,50.4MB / 45.4MB,8.07MB / 77.8kB
24,2026-09-10T07:33:26.024906+00:00,49,2026-09-10T07:33:25.655494+00:00,false,microservices,product,de2b991f953e9c6187dd1d6c9a810351f7d721c830534c78d6dea65b9d420eb4,tcc-microservices-experiment-product-1,0.02,78611743,1073741824,7.32,3,417kB / 282kB,3.67MB / 81.9kB
25,2026-09-10T07:33:27.024896+00:00,51,2026-09-10T07:33:26.655489+00:00,false,microservices,auth,3f82d3ba21d27f81506a97a6b693c057cc31a81d5e03391457caa149fe37f1e0,tcc-microservices-experiment-auth-1,0.02,79209431,1073741824,7.38,3,45.7kB / 40.3kB,11.9MB / 65.5kB
25,2026-09-10T07:33:27.024896+00:00,51,2026-09-10T07:33:26.655489+00:00,false,microservices,gateway,6658a4177e21204a32132ed31d1df770bb3703c85230c57518a968d80de98083,tcc-microservices-experiment-gateway-1,44.86,479094374,536870912,89.23,89,36MB / 39.9MB,33MB / 193kB
25,2026-09-10T07:33:27.024896+00:00,51,2026-09-10T07:33:26.655489+00:00,false,microservices,mysql,2f88683146078439186df226c8d1159a75888a2462cb39aa3da664d7caaede5a,tcc-microservices-experiment-mysql-1,28.74,534878618,1073741824,49.82,40,15.2MB / 43.6MB,45.6MB / 119MB
25,2026-09-10T07:33:27.024896+00:00,51,2026-09-10T07:33:26.655489+00:00,false,microservices,order,a81e490c5d3ce42bcf399007122ea32bc4ba9c6d6b36ecf08e57d51a5162e2a6,tcc-microservices-experiment-order-1,81.69,83131105,1073741824,7.74,3,51.3MB / 46.3MB,8.07MB / 77.8kB
25,2026-09-10T07:33:27.024896+00:00,51,2026-09-10T07:33:26.655489+00:00,false,microservices,product,de2b991f953e9c6187dd1d6c9a810351f7d721c830534c78d6dea65b9d420eb4,tcc-microservices-experiment-product-1,0.02,78611743,1073741824,7.32,3,417kB / 282kB,3.67MB / 81.9kB
26,2026-09-10T07:33:28.024900+00:00,53,2026-09-10T07:33:27.655941+00:00,false,microservices,auth,3f82d3ba21d27f81506a97a6b693c057cc31a81d5e03391457caa149fe37f1e0,tcc-microservices-experiment-auth-1,0.02,79209431,1073741824,7.38,3,45.7kB / 40.3kB,11.9MB / 65.5kB
26,2026-09-10T07:33:28.024900+00:00,53,2026-09-10T07:33:27.655941+00:00,false,microservices,gateway,6658a4177e21204a32132ed31d1df770bb3703c85230c57518a968d80de98083,tcc-microservices-experiment-gateway-1,58.19,478570086,536870912,89.14,89,36.7MB / 40.7MB,33MB / 193kB
26,2026-09-10T07:33:28.024900+00:00,53,2026-09-10T07:33:27.655941+00:00,false,microservices,mysql,2f88683146078439186df226c8d1159a75888a2462cb39aa3da664d7caaede5a,tcc-microservices-experiment-mysql-1,24.72,533934899,1073741824,49.73,40,15.4MB / 44.3MB,45.6MB / 119MB
26,2026-09-10T07:33:28.024900+00:00,53,2026-09-10T07:33:27.655941+00:00,false,microservices,order,a81e490c5d3ce42bcf399007122ea32bc4ba9c6d6b36ecf08e57d51a5162e2a6,tcc-microservices-experiment-order-1,81.55,83246449,1073741824,7.75,3,52.2MB / 47.1MB,8.07MB / 77.8kB
26,2026-09-10T07:33:28.024900+00:00,53,2026-09-10T07:33:27.655941+00:00,false,microservices,product,de2b991f953e9c6187dd1d6c9a810351f7d721c830534c78d6dea65b9d420eb4,tcc-microservices-experiment-product-1,0.02,78611743,1073741824,7.32,3,417kB / 282kB,3.67MB / 81.9kB
27,2026-09-10T07:33:29.024888+00:00,55,2026-09-10T07:33:28.655559+00:00,false,microservices,auth,3f82d3ba21d27f81506a97a6b693c057cc31a81d5e03391457caa149fe37f1e0,tcc-microservices-experiment-auth-1,0.02,79209431,1073741824,7.38,3,45.7kB / 40.3kB,11.9MB / 65.5kB
27,2026-09-10T07:33:29.024888+00:00,55,2026-09-10T07:33:28.655559+00:00,false,microservices,gateway,6658a4177e21204a32132ed31d1df770bb3703c85230c57518a968d80de98083,tcc-microservices-experiment-gateway-1,30.93,479199232,536870912,89.25,89,37.4MB / 41.5MB,33MB / 193kB
27,2026-09-10T07:33:29.024888+00:00,55,2026-09-10T07:33:28.655559+00:00,false,microservices,mysql,2f88683146078439186df226c8d1159a75888a2462cb39aa3da664d7caaede5a,tcc-microservices-experiment-mysql-1,28.42,534144614,1073741824,49.74,40,15.6MB / 45.1MB,45.6MB / 119MB
27,2026-09-10T07:33:29.024888+00:00,55,2026-09-10T07:33:28.655559+00:00,false,microservices,order,a81e490c5d3ce42bcf399007122ea32bc4ba9c6d6b36ecf08e57d51a5162e2a6,tcc-microservices-experiment-order-1,82.55,82271273,1073741824,7.66,3,53.1MB / 47.9MB,8.07MB / 77.8kB
27,2026-09-10T07:33:29.024888+00:00,55,2026-09-10T07:33:28.655559+00:00,false,microservices,product,de2b991f953e9c6187dd1d6c9a810351f7d721c830534c78d6dea65b9d420eb4,tcc-microservices-experiment-product-1,0.01,78611743,1073741824,7.32,3,417kB / 282kB,3.67MB / 81.9kB
28,2026-09-10T07:33:30.024912+00:00,57,2026-09-10T07:33:29.654973+00:00,false,microservices,auth,3f82d3ba21d27f81506a97a6b693c057cc31a81d5e03391457caa149fe37f1e0,tcc-microservices-experiment-auth-1,0.04,78422999,1073741824,7.3,3,45.7kB / 40.3kB,12MB / 1.38MB
28,2026-09-10T07:33:30.024912+00:00,57,2026-09-10T07:33:29.654973+00:00,false,microservices,gateway,6658a4177e21204a32132ed31d1df770bb3703c85230c57518a968d80de98083,tcc-microservices-experiment-gateway-1,45.3,470391194,536870912,87.62,89,38.1MB / 42.3MB,33MB / 8.77MB
28,2026-09-10T07:33:30.024912+00:00,57,2026-09-10T07:33:29.654973+00:00,false,microservices,mysql,2f88683146078439186df226c8d1159a75888a2462cb39aa3da664d7caaede5a,tcc-microservices-experiment-mysql-1,24.62,514431386,1073741824,47.91,40,15.9MB / 45.8MB,45.6MB / 134MB
28,2026-09-10T07:33:30.024912+00:00,57,2026-09-10T07:33:29.654973+00:00,false,microservices,order,a81e490c5d3ce42bcf399007122ea32bc4ba9c6d6b36ecf08e57d51a5162e2a6,tcc-microservices-experiment-order-1,81.72,79335260,1073741824,7.39,3,54MB / 48.8MB,8.07MB / 3.56MB
28,2026-09-10T07:33:30.024912+00:00,57,2026-09-10T07:33:29.654973+00:00,false,microservices,product,de2b991f953e9c6187dd1d6c9a810351f7d721c830534c78d6dea65b9d420eb4,tcc-microservices-experiment-product-1,0.01,77332480,1073741824,7.2,3,417kB / 282kB,3.67MB / 1.36MB
29,2026-09-10T07:33:31.024925+00:00,59,2026-09-10T07:33:30.655401+00:00,false,microservices,auth,3f82d3ba21d27f81506a97a6b693c057cc31a81d5e03391457caa149fe37f1e0,tcc-microservices-experiment-auth-1,0.02,75350671,1073741824,7.02,3,45.7kB / 40.3kB,12MB / 3.95MB
29,2026-09-10T07:33:31.024925+00:00,59,2026-09-10T07:33:30.655401+00:00,false,microservices,gateway,6658a4177e21204a32132ed31d1df770bb3703c85230c57518a968d80de98083,tcc-microservices-experiment-gateway-1,41.18,470181478,536870912,87.58,89,38.9MB / 43.1MB,33MB / 8.77MB
29,2026-09-10T07:33:31.024925+00:00,59,2026-09-10T07:33:30.655401+00:00,false,microservices,mysql,2f88683146078439186df226c8d1159a75888a2462cb39aa3da664d7caaede5a,tcc-microservices-experiment-mysql-1,29.23,511914803,1073741824,47.67,40,16.1MB / 46.6MB,47.1MB / 138MB
29,2026-09-10T07:33:31.024925+00:00,59,2026-09-10T07:33:30.655401+00:00,false,microservices,order,a81e490c5d3ce42bcf399007122ea32bc4ba9c6d6b36ecf08e57d51a5162e2a6,tcc-microservices-experiment-order-1,82.33,79471575,1073741824,7.4,3,55MB / 49.7MB,8.07MB / 3.56MB
29,2026-09-10T07:33:31.024925+00:00,59,2026-09-10T07:33:30.655401+00:00,false,microservices,product,de2b991f953e9c6187dd1d6c9a810351f7d721c830534c78d6dea65b9d420eb4,tcc-microservices-experiment-product-1,0.02,75015127,1073741824,6.99,3,417kB / 282kB,3.67MB / 3.67MB
30,2026-09-10T07:33:32.024904+00:00,61,2026-09-10T07:33:31.655049+00:00,false,microservices,auth,3f82d3ba21d27f81506a97a6b693c057cc31a81d5e03391457caa149fe37f1e0,tcc-microservices-experiment-auth-1,0.02,75350671,1073741824,7.02,3,45.7kB / 40.3kB,12MB / 3.95MB
30,2026-09-10T07:33:32.024904+00:00,61,2026-09-10T07:33:31.655049+00:00,false,microservices,gateway,6658a4177e21204a32132ed31d1df770bb3703c85230c57518a968d80de98083,tcc-microservices-experiment-gateway-1,59.07,470076621,536870912,87.57,89,39.6MB / 43.9MB,33.1MB / 8.77MB
30,2026-09-10T07:33:32.024904+00:00,61,2026-09-10T07:33:31.655049+00:00,false,microservices,mysql,2f88683146078439186df226c8d1159a75888a2462cb39aa3da664d7caaede5a,tcc-microservices-experiment-mysql-1,24.44,511809946,1073741824,47.67,40,16.3MB / 47.4MB,47.1MB / 138MB
30,2026-09-10T07:33:32.024904+00:00,61,2026-09-10T07:33:31.655049+00:00,false,microservices,order,a81e490c5d3ce42bcf399007122ea32bc4ba9c6d6b36ecf08e57d51a5162e2a6,tcc-microservices-experiment-order-1,81.82,79565947,1073741824,7.41,3,55.9MB / 50.5MB,8.07MB / 3.56MB
30,2026-09-10T07:33:32.024904+00:00,61,2026-09-10T07:33:31.655049+00:00,false,microservices,product,de2b991f953e9c6187dd1d6c9a810351f7d721c830534c78d6dea65b9d420eb4,tcc-microservices-experiment-product-1,0.01,75015127,1073741824,6.99,3,417kB / 282kB,3.67MB / 3.67MB
31,2026-09-10T07:33:33.024918+00:00,63,2026-09-10T07:33:32.655196+00:00,false,microservices,auth,3f82d3ba21d27f81506a97a6b693c057cc31a81d5e03391457caa149fe37f1e0,tcc-microservices-experiment-auth-1,0.02,75350671,1073741824,7.02,3,45.7kB / 40.3kB,12MB / 3.95MB
31,2026-09-10T07:33:33.024918+00:00,63,2026-09-10T07:33:32.655196+00:00,false,microservices,gateway,6658a4177e21204a32132ed31d1df770bb3703c85230c57518a968d80de98083,tcc-microservices-experiment-gateway-1,52.06,470286336,536870912,87.61,89,40.3MB / 44.7MB,33.1MB / 8.77MB
31,2026-09-10T07:33:33.024918+00:00,63,2026-09-10T07:33:32.655196+00:00,false,microservices,mysql,2f88683146078439186df226c8d1159a75888a2462cb39aa3da664d7caaede5a,tcc-microservices-experiment-mysql-1,28.32,512124518,1073741824,47.7,40,16.5MB / 48.1MB,47.1MB / 138MB
31,2026-09-10T07:33:33.024918+00:00,63,2026-09-10T07:33:32.655196+00:00,false,microservices,order,a81e490c5d3ce42bcf399007122ea32bc4ba9c6d6b36ecf08e57d51a5162e2a6,tcc-microservices-experiment-order-1,82.55,80258007,1073741824,7.47,3,56.8MB / 51.4MB,8.07MB / 3.56MB
31,2026-09-10T07:33:33.024918+00:00,63,2026-09-10T07:33:32.655196+00:00,false,microservices,product,de2b991f953e9c6187dd1d6c9a810351f7d721c830534c78d6dea65b9d420eb4,tcc-microservices-experiment-product-1,0.01,75015127,1073741824,6.99,3,417kB / 282kB,3.67MB / 3.67MB
32,2026-09-10T07:33:34.024888+00:00,65,2026-09-10T07:33:33.655327+00:00,false,microservices,auth,3f82d3ba21d27f81506a97a6b693c057cc31a81d5e03391457caa149fe37f1e0,tcc-microservices-experiment-auth-1,0.02,75350671,1073741824,7.02,3,45.7kB / 40.3kB,12MB / 3.95MB
32,2026-09-10T07:33:34.024888+00:00,65,2026-09-10T07:33:33.655327+00:00,false,microservices,gateway,6658a4177e21204a32132ed31d1df770bb3703c85230c57518a968d80de98083,tcc-microservices-experiment-gateway-1,57.32,470391194,536870912,87.62,89,41MB / 45.5MB,33.1MB / 8.77MB
32,2026-09-10T07:33:34.024888+00:00,65,2026-09-10T07:33:33.655327+00:00,false,microservices,mysql,2f88683146078439186df226c8d1159a75888a2462cb39aa3da664d7caaede5a,tcc-microservices-experiment-mysql-1,25.03,511809946,1073741824,47.66,40,16.7MB / 48.9MB,47.1MB / 138MB
32,2026-09-10T07:33:34.024888+00:00,65,2026-09-10T07:33:33.655327+00:00,false,microservices,order,a81e490c5d3ce42bcf399007122ea32bc4ba9c6d6b36ecf08e57d51a5162e2a6,tcc-microservices-experiment-order-1,81.5,79261860,1073741824,7.38,3,57.7MB / 52.2MB,8.07MB / 3.56MB
32,2026-09-10T07:33:34.024888+00:00,65,2026-09-10T07:33:33.655327+00:00,false,microservices,product,de2b991f953e9c6187dd1d6c9a810351f7d721c830534c78d6dea65b9d420eb4,tcc-microservices-experiment-product-1,0.01,75015127,1073741824,6.99,3,417kB / 282kB,3.67MB / 3.67MB
33,2026-09-10T07:33:35.024902+00:00,67,2026-09-10T07:33:34.655288+00:00,false,microservices,auth,3f82d3ba21d27f81506a97a6b693c057cc31a81d5e03391457caa149fe37f1e0,tcc-microservices-experiment-auth-1,0.02,75350671,1073741824,7.02,3,45.7kB / 40.3kB,12MB / 3.95MB
33,2026-09-10T07:33:35.024902+00:00,67,2026-09-10T07:33:34.655288+00:00,false,microservices,gateway,6658a4177e21204a32132ed31d1df770bb3703c85230c57518a968d80de98083,tcc-microservices-experiment-gateway-1,32.42,470391194,536870912,87.61,89,41.8MB / 46.3MB,33.1MB / 8.77MB
33,2026-09-10T07:33:35.024902+00:00,67,2026-09-10T07:33:34.655288+00:00,false,microservices,mysql,2f88683146078439186df226c8d1159a75888a2462cb39aa3da664d7caaede5a,tcc-microservices-experiment-mysql-1,29.37,513068237,1073741824,47.78,40,16.9MB / 49.6MB,47.1MB / 138MB
33,2026-09-10T07:33:35.024902+00:00,67,2026-09-10T07:33:34.655288+00:00,false,microservices,order,a81e490c5d3ce42bcf399007122ea32bc4ba9c6d6b36ecf08e57d51a5162e2a6,tcc-microservices-experiment-order-1,81.19,79219917,1073741824,7.38,3,58.6MB / 53MB,8.07MB / 3.56MB
33,2026-09-10T07:33:35.024902+00:00,67,2026-09-10T07:33:34.655288+00:00,false,microservices,product,de2b991f953e9c6187dd1d6c9a810351f7d721c830534c78d6dea65b9d420eb4,tcc-microservices-experiment-product-1,0.02,75015127,1073741824,6.99,3,417kB / 282kB,3.67MB / 3.67MB
34,2026-09-10T07:33:36.024894+00:00,69,2026-09-10T07:33:35.655367+00:00,false,microservices,auth,3f82d3ba21d27f81506a97a6b693c057cc31a81d5e03391457caa149fe37f1e0,tcc-microservices-experiment-auth-1,0.02,75350671,1073741824,7.02,3,45.7kB / 40.3kB,12MB / 3.95MB
34,2026-09-10T07:33:36.024894+00:00,69,2026-09-10T07:33:35.655367+00:00,false,microservices,gateway,6658a4177e21204a32132ed31d1df770bb3703c85230c57518a968d80de98083,tcc-microservices-experiment-gateway-1,29.32,470286336,536870912,87.61,89,42.5MB / 47.1MB,33.1MB / 8.77MB
34,2026-09-10T07:33:36.024894+00:00,69,2026-09-10T07:33:35.655367+00:00,false,microservices,mysql,2f88683146078439186df226c8d1159a75888a2462cb39aa3da664d7caaede5a,tcc-microservices-experiment-mysql-1,25.46,511705088,1073741824,47.66,40,17.2MB / 50.4MB,47.1MB / 138MB
34,2026-09-10T07:33:36.024894+00:00,69,2026-09-10T07:33:35.655367+00:00,false,microservices,order,a81e490c5d3ce42bcf399007122ea32bc4ba9c6d6b36ecf08e57d51a5162e2a6,tcc-microservices-experiment-order-1,80.72,79712748,1073741824,7.42,3,59.6MB / 53.9MB,8.07MB / 3.56MB
34,2026-09-10T07:33:36.024894+00:00,69,2026-09-10T07:33:35.655367+00:00,false,microservices,product,de2b991f953e9c6187dd1d6c9a810351f7d721c830534c78d6dea65b9d420eb4,tcc-microservices-experiment-product-1,0.02,75015127,1073741824,6.99,3,417kB / 282kB,3.67MB / 3.67MB
35,2026-09-10T07:33:37.024914+00:00,71,2026-09-10T07:33:36.655586+00:00,false,microservices,auth,3f82d3ba21d27f81506a97a6b693c057cc31a81d5e03391457caa149fe37f1e0,tcc-microservices-experiment-auth-1,0.02,75350671,1073741824,7.02,3,45.7kB / 40.3kB,12MB / 3.95MB
35,2026-09-10T07:33:37.024914+00:00,71,2026-09-10T07:33:36.655586+00:00,false,microservices,gateway,6658a4177e21204a32132ed31d1df770bb3703c85230c57518a968d80de98083,tcc-microservices-experiment-gateway-1,33.56,470915482,536870912,87.71,89,43.2MB / 47.9MB,33.1MB / 8.79MB
35,2026-09-10T07:33:37.024914+00:00,71,2026-09-10T07:33:36.655586+00:00,false,microservices,mysql,2f88683146078439186df226c8d1159a75888a2462cb39aa3da664d7caaede5a,tcc-microservices-experiment-mysql-1,29.17,513487667,1073741824,47.82,40,17.4MB / 51.2MB,47.1MB / 138MB
35,2026-09-10T07:33:37.024914+00:00,71,2026-09-10T07:33:36.655586+00:00,false,microservices,order,a81e490c5d3ce42bcf399007122ea32bc4ba9c6d6b36ecf08e57d51a5162e2a6,tcc-microservices-experiment-order-1,81.68,79503032,1073741824,7.4,3,60.5MB / 54.8MB,8.07MB / 3.56MB
35,2026-09-10T07:33:37.024914+00:00,71,2026-09-10T07:33:36.655586+00:00,false,microservices,product,de2b991f953e9c6187dd1d6c9a810351f7d721c830534c78d6dea65b9d420eb4,tcc-microservices-experiment-product-1,0.02,75015127,1073741824,6.99,3,417kB / 282kB,3.67MB / 3.67MB
36,2026-09-10T07:33:38.024924+00:00,73,2026-09-10T07:33:37.655542+00:00,false,microservices,auth,3f82d3ba21d27f81506a97a6b693c057cc31a81d5e03391457caa149fe37f1e0,tcc-microservices-experiment-auth-1,0.02,75350671,1073741824,7.02,3,45.7kB / 40.3kB,12MB / 3.95MB
36,2026-09-10T07:33:38.024924+00:00,73,2026-09-10T07:33:37.655542+00:00,false,microservices,gateway,6658a4177e21204a32132ed31d1df770bb3703c85230c57518a968d80de98083,tcc-microservices-experiment-gateway-1,31.55,470810624,536870912,87.7,89,44MB / 48.7MB,33.1MB / 8.79MB
36,2026-09-10T07:33:38.024924+00:00,73,2026-09-10T07:33:37.655542+00:00,false,microservices,mysql,2f88683146078439186df226c8d1159a75888a2462cb39aa3da664d7caaede5a,tcc-microservices-experiment-mysql-1,24.83,511809946,1073741824,47.66,40,17.6MB / 52MB,47.1MB / 138MB
36,2026-09-10T07:33:38.024924+00:00,73,2026-09-10T07:33:37.655542+00:00,false,microservices,order,a81e490c5d3ce42bcf399007122ea32bc4ba9c6d6b36ecf08e57d51a5162e2a6,tcc-microservices-experiment-order-1,81.9,79576433,1073741824,7.41,3,61.5MB / 55.6MB,8.07MB / 3.56MB
36,2026-09-10T07:33:38.024924+00:00,73,2026-09-10T07:33:37.655542+00:00,false,microservices,product,de2b991f953e9c6187dd1d6c9a810351f7d721c830534c78d6dea65b9d420eb4,tcc-microservices-experiment-product-1,0.02,75015127,1073741824,6.99,3,417kB / 282kB,3.67MB / 3.67MB
37,2026-09-10T07:33:39.024928+00:00,75,2026-09-10T07:33:38.655389+00:00,false,microservices,auth,3f82d3ba21d27f81506a97a6b693c057cc31a81d5e03391457caa149fe37f1e0,tcc-microservices-experiment-auth-1,0.02,75350671,1073741824,7.02,3,45.7kB / 40.3kB,12MB / 3.95MB
37,2026-09-10T07:33:39.024928+00:00,75,2026-09-10T07:33:38.655389+00:00,false,microservices,gateway,6658a4177e21204a32132ed31d1df770bb3703c85230c57518a968d80de98083,tcc-microservices-experiment-gateway-1,28.84,470181478,536870912,87.59,89,44.7MB / 49.5MB,33.1MB / 8.79MB
37,2026-09-10T07:33:39.024928+00:00,75,2026-09-10T07:33:38.655389+00:00,false,microservices,mysql,2f88683146078439186df226c8d1159a75888a2462cb39aa3da664d7caaede5a,tcc-microservices-experiment-mysql-1,27.06,517262541,1073741824,48.17,41,17.8MB / 52.7MB,47.1MB / 138MB
37,2026-09-10T07:33:39.024928+00:00,75,2026-09-10T07:33:38.655389+00:00,false,microservices,order,a81e490c5d3ce42bcf399007122ea32bc4ba9c6d6b36ecf08e57d51a5162e2a6,tcc-microservices-experiment-order-1,81.05,79377203,1073741824,7.39,3,62.4MB / 56.5MB,8.07MB / 3.56MB
37,2026-09-10T07:33:39.024928+00:00,75,2026-09-10T07:33:38.655389+00:00,false,microservices,product,de2b991f953e9c6187dd1d6c9a810351f7d721c830534c78d6dea65b9d420eb4,tcc-microservices-experiment-product-1,0.02,75015127,1073741824,6.99,3,417kB / 282kB,3.67MB / 3.67MB
38,2026-09-10T07:33:40.024895+00:00,77,2026-09-10T07:33:39.655496+00:00,false,microservices,auth,3f82d3ba21d27f81506a97a6b693c057cc31a81d5e03391457caa149fe37f1e0,tcc-microservices-experiment-auth-1,0.02,75350671,1073741824,7.02,3,45.7kB / 40.3kB,12MB / 3.95MB
38,2026-09-10T07:33:40.024895+00:00,77,2026-09-10T07:33:39.655496+00:00,false,microservices,gateway,6658a4177e21204a32132ed31d1df770bb3703c85230c57518a968d80de98083,tcc-microservices-experiment-gateway-1,47.79,471230054,536870912,87.77,89,45.4MB / 50.3MB,33.1MB / 8.79MB
38,2026-09-10T07:33:40.024895+00:00,77,2026-09-10T07:33:39.655496+00:00,false,microservices,mysql,2f88683146078439186df226c8d1159a75888a2462cb39aa3da664d7caaede5a,tcc-microservices-experiment-mysql-1,26.45,511914803,1073741824,47.68,40,18MB / 53.5MB,47.1MB / 138MB
38,2026-09-10T07:33:40.024895+00:00,77,2026-09-10T07:33:39.655496+00:00,false,microservices,order,a81e490c5d3ce42bcf399007122ea32bc4ba9c6d6b36ecf08e57d51a5162e2a6,tcc-microservices-experiment-order-1,82.03,79628861,1073741824,7.42,3,63.3MB / 57.3MB,8.07MB / 3.56MB
38,2026-09-10T07:33:40.024895+00:00,77,2026-09-10T07:33:39.655496+00:00,false,microservices,product,de2b991f953e9c6187dd1d6c9a810351f7d721c830534c78d6dea65b9d420eb4,tcc-microservices-experiment-product-1,0.02,75015127,1073741824,6.99,3,417kB / 282kB,3.67MB / 3.67MB
39,2026-09-10T07:33:41.024896+00:00,79,2026-09-10T07:33:40.655170+00:00,false,microservices,auth,3f82d3ba21d27f81506a97a6b693c057cc31a81d5e03391457caa149fe37f1e0,tcc-microservices-experiment-auth-1,0.02,75350671,1073741824,7.02,3,45.7kB / 40.3kB,12MB / 3.95MB
39,2026-09-10T07:33:41.024896+00:00,79,2026-09-10T07:33:40.655170+00:00,false,microservices,gateway,6658a4177e21204a32132ed31d1df770bb3703c85230c57518a968d80de98083,tcc-microservices-experiment-gateway-1,49.98,470915482,536870912,87.72,89,46.1MB / 51.1MB,33.2MB / 8.79MB
39,2026-09-10T07:33:41.024896+00:00,79,2026-09-10T07:33:40.655170+00:00,false,microservices,mysql,2f88683146078439186df226c8d1159a75888a2462cb39aa3da664d7caaede5a,tcc-microservices-experiment-mysql-1,24.61,511809946,1073741824,47.67,40,18.2MB / 54.3MB,47.1MB / 138MB
39,2026-09-10T07:33:41.024896+00:00,79,2026-09-10T07:33:40.655170+00:00,false,microservices,order,a81e490c5d3ce42bcf399007122ea32bc4ba9c6d6b36ecf08e57d51a5162e2a6,tcc-microservices-experiment-order-1,81.92,79628861,1073741824,7.42,3,64.2MB / 58.2MB,8.07MB / 3.56MB
39,2026-09-10T07:33:41.024896+00:00,79,2026-09-10T07:33:40.655170+00:00,false,microservices,product,de2b991f953e9c6187dd1d6c9a810351f7d721c830534c78d6dea65b9d420eb4,tcc-microservices-experiment-product-1,0.02,75015127,1073741824,6.99,3,417kB / 282kB,3.67MB / 3.67MB
40,2026-09-10T07:33:42.024886+00:00,81,2026-09-10T07:33:41.655450+00:00,false,microservices,auth,3f82d3ba21d27f81506a97a6b693c057cc31a81d5e03391457caa149fe37f1e0,tcc-microservices-experiment-auth-1,0.02,75350671,1073741824,7.02,3,45.7kB / 40.3kB,12MB / 3.95MB
40,2026-09-10T07:33:42.024886+00:00,81,2026-09-10T07:33:41.655450+00:00,false,microservices,gateway,6658a4177e21204a32132ed31d1df770bb3703c85230c57518a968d80de98083,tcc-microservices-experiment-gateway-1,54.55,470915482,536870912,87.71,89,46.9MB / 51.9MB,33.2MB / 8.79MB
40,2026-09-10T07:33:42.024886+00:00,81,2026-09-10T07:33:41.655450+00:00,false,microservices,mysql,2f88683146078439186df226c8d1159a75888a2462cb39aa3da664d7caaede5a,tcc-microservices-experiment-mysql-1,28.89,511705088,1073741824,47.66,40,18.5MB / 55MB,47.1MB / 138MB
40,2026-09-10T07:33:42.024886+00:00,81,2026-09-10T07:33:41.655450+00:00,false,microservices,order,a81e490c5d3ce42bcf399007122ea32bc4ba9c6d6b36ecf08e57d51a5162e2a6,tcc-microservices-experiment-order-1,82.65,78810972,1073741824,7.34,3,65.2MB / 59MB,8.07MB / 3.56MB
40,2026-09-10T07:33:42.024886+00:00,81,2026-09-10T07:33:41.655450+00:00,false,microservices,product,de2b991f953e9c6187dd1d6c9a810351f7d721c830534c78d6dea65b9d420eb4,tcc-microservices-experiment-product-1,0.02,75015127,1073741824,6.99,3,417kB / 282kB,3.67MB / 3.67MB
41,2026-09-10T07:33:43.024909+00:00,83,2026-09-10T07:33:42.655096+00:00,false,microservices,auth,3f82d3ba21d27f81506a97a6b693c057cc31a81d5e03391457caa149fe37f1e0,tcc-microservices-experiment-auth-1,0.02,75350671,1073741824,7.02,3,45.7kB / 40.3kB,12MB / 3.95MB
41,2026-09-10T07:33:43.024909+00:00,83,2026-09-10T07:33:42.655096+00:00,false,microservices,gateway,6658a4177e21204a32132ed31d1df770bb3703c85230c57518a968d80de98083,tcc-microservices-experiment-gateway-1,50.7,471649485,536870912,87.86,89,47.6MB / 52.7MB,33.2MB / 8.79MB
41,2026-09-10T07:33:43.024909+00:00,83,2026-09-10T07:33:42.655096+00:00,false,microservices,mysql,2f88683146078439186df226c8d1159a75888a2462cb39aa3da664d7caaede5a,tcc-microservices-experiment-mysql-1,25.03,512124518,1073741824,47.69,40,18.7MB / 55.8MB,47.1MB / 138MB
41,2026-09-10T07:33:43.024909+00:00,83,2026-09-10T07:33:42.655096+00:00,false,microservices,order,a81e490c5d3ce42bcf399007122ea32bc4ba9c6d6b36ecf08e57d51a5162e2a6,tcc-microservices-experiment-order-1,81.53,79314289,1073741824,7.39,3,66.1MB / 59.9MB,8.07MB / 3.56MB
41,2026-09-10T07:33:43.024909+00:00,83,2026-09-10T07:33:42.655096+00:00,false,microservices,product,de2b991f953e9c6187dd1d6c9a810351f7d721c830534c78d6dea65b9d420eb4,tcc-microservices-experiment-product-1,0.01,75015127,1073741824,6.99,3,417kB / 282kB,3.67MB / 3.67MB
42,2026-09-10T07:33:44.024900+00:00,85,2026-09-10T07:33:43.655241+00:00,false,microservices,auth,3f82d3ba21d27f81506a97a6b693c057cc31a81d5e03391457caa149fe37f1e0,tcc-microservices-experiment-auth-1,0.02,75350671,1073741824,7.02,3,45.7kB / 40.3kB,12MB / 3.95MB
42,2026-09-10T07:33:44.024900+00:00,85,2026-09-10T07:33:43.655241+00:00,false,microservices,gateway,6658a4177e21204a32132ed31d1df770bb3703c85230c57518a968d80de98083,tcc-microservices-experiment-gateway-1,27.61,471439770,536870912,87.81,89,48.3MB / 53.5MB,33.2MB / 8.79MB
42,2026-09-10T07:33:44.024900+00:00,85,2026-09-10T07:33:43.655241+00:00,false,microservices,mysql,2f88683146078439186df226c8d1159a75888a2462cb39aa3da664d7caaede5a,tcc-microservices-experiment-mysql-1,29.66,511914803,1073741824,47.68,40,18.9MB / 56.5MB,47.1MB / 138MB
42,2026-09-10T07:33:44.024900+00:00,85,2026-09-10T07:33:43.655241+00:00,false,microservices,order,a81e490c5d3ce42bcf399007122ea32bc4ba9c6d6b36ecf08e57d51a5162e2a6,tcc-microservices-experiment-order-1,81.69,79953920,1073741824,7.45,3,67MB / 60.7MB,8.07MB / 3.56MB
42,2026-09-10T07:33:44.024900+00:00,85,2026-09-10T07:33:43.655241+00:00,false,microservices,product,de2b991f953e9c6187dd1d6c9a810351f7d721c830534c78d6dea65b9d420eb4,tcc-microservices-experiment-product-1,0.02,75015127,1073741824,6.99,3,417kB / 282kB,3.67MB / 3.67MB
43,2026-09-10T07:33:45.024926+00:00,87,2026-09-10T07:33:44.655381+00:00,false,microservices,auth,3f82d3ba21d27f81506a97a6b693c057cc31a81d5e03391457caa149fe37f1e0,tcc-microservices-experiment-auth-1,0.02,75350671,1073741824,7.02,3,45.7kB / 40.3kB,12MB / 3.95MB
43,2026-09-10T07:33:45.024926+00:00,87,2026-09-10T07:33:44.655381+00:00,false,microservices,gateway,6658a4177e21204a32132ed31d1df770bb3703c85230c57518a968d80de98083,tcc-microservices-experiment-gateway-1,27.88,470705766,536870912,87.67,89,49MB / 54.3MB,33.2MB / 8.79MB
43,2026-09-10T07:33:45.024926+00:00,87,2026-09-10T07:33:44.655381+00:00,false,microservices,mysql,2f88683146078439186df226c8d1159a75888a2462cb39aa3da664d7caaede5a,tcc-microservices-experiment-mysql-1,25.48,512019661,1073741824,47.68,40,19.1MB / 57.3MB,47.1MB / 138MB
43,2026-09-10T07:33:45.024926+00:00,87,2026-09-10T07:33:44.655381+00:00,false,microservices,order,a81e490c5d3ce42bcf399007122ea32bc4ba9c6d6b36ecf08e57d51a5162e2a6,tcc-microservices-experiment-order-1,80.13,79576433,1073741824,7.41,3,67.9MB / 61.6MB,8.07MB / 3.56MB
43,2026-09-10T07:33:45.024926+00:00,87,2026-09-10T07:33:44.655381+00:00,false,microservices,product,de2b991f953e9c6187dd1d6c9a810351f7d721c830534c78d6dea65b9d420eb4,tcc-microservices-experiment-product-1,0.02,75015127,1073741824,6.99,3,417kB / 282kB,3.67MB / 3.67MB
44,2026-09-10T07:33:46.024917+00:00,89,2026-09-10T07:33:45.655512+00:00,false,microservices,auth,3f82d3ba21d27f81506a97a6b693c057cc31a81d5e03391457caa149fe37f1e0,tcc-microservices-experiment-auth-1,0.02,75350671,1073741824,7.02,3,45.7kB / 40.3kB,12MB / 3.95MB
44,2026-09-10T07:33:46.024917+00:00,89,2026-09-10T07:33:45.655512+00:00,false,microservices,gateway,6658a4177e21204a32132ed31d1df770bb3703c85230c57518a968d80de98083,tcc-microservices-experiment-gateway-1,28.64,470810624,536870912,87.69,89,49.8MB / 55.1MB,33.2MB / 8.79MB
44,2026-09-10T07:33:46.024917+00:00,89,2026-09-10T07:33:45.655512+00:00,false,microservices,mysql,2f88683146078439186df226c8d1159a75888a2462cb39aa3da664d7caaede5a,tcc-microservices-experiment-mysql-1,29.68,512229376,1073741824,47.7,40,19.3MB / 58.1MB,47.1MB / 138MB
44,2026-09-10T07:33:46.024917+00:00,89,2026-09-10T07:33:45.655512+00:00,false,microservices,order,a81e490c5d3ce42bcf399007122ea32bc4ba9c6d6b36ecf08e57d51a5162e2a6,tcc-microservices-experiment-order-1,80.65,80090235,1073741824,7.46,3,68.9MB / 62.4MB,8.07MB / 3.56MB
44,2026-09-10T07:33:46.024917+00:00,89,2026-09-10T07:33:45.655512+00:00,false,microservices,product,de2b991f953e9c6187dd1d6c9a810351f7d721c830534c78d6dea65b9d420eb4,tcc-microservices-experiment-product-1,0.02,75015127,1073741824,6.99,3,417kB / 282kB,3.67MB / 3.67MB
45,2026-09-10T07:33:47.024914+00:00,91,2026-09-10T07:33:46.655401+00:00,false,microservices,auth,3f82d3ba21d27f81506a97a6b693c057cc31a81d5e03391457caa149fe37f1e0,tcc-microservices-experiment-auth-1,0.02,75350671,1073741824,7.02,3,45.7kB / 40.3kB,12MB / 3.95MB
45,2026-09-10T07:33:47.024914+00:00,91,2026-09-10T07:33:46.655401+00:00,false,microservices,gateway,6658a4177e21204a32132ed31d1df770bb3703c85230c57518a968d80de98083,tcc-microservices-experiment-gateway-1,27.68,471125197,536870912,87.74,89,50.5MB / 56MB,33.2MB / 8.79MB
45,2026-09-10T07:33:47.024914+00:00,91,2026-09-10T07:33:46.655401+00:00,false,microservices,mysql,2f88683146078439186df226c8d1159a75888a2462cb39aa3da664d7caaede5a,tcc-microservices-experiment-mysql-1,24.7,512124518,1073741824,47.69,40,19.5MB / 58.9MB,47.1MB / 138MB
45,2026-09-10T07:33:47.024914+00:00,91,2026-09-10T07:33:46.655401+00:00,false,microservices,order,a81e490c5d3ce42bcf399007122ea32bc4ba9c6d6b36ecf08e57d51a5162e2a6,tcc-microservices-experiment-order-1,81.57,79366717,1073741824,7.39,3,69.8MB / 63.3MB,8.07MB / 3.56MB
45,2026-09-10T07:33:47.024914+00:00,91,2026-09-10T07:33:46.655401+00:00,false,microservices,product,de2b991f953e9c6187dd1d6c9a810351f7d721c830534c78d6dea65b9d420eb4,tcc-microservices-experiment-product-1,0.02,75015127,1073741824,6.99,3,417kB / 282kB,3.67MB / 3.67MB
46,2026-09-10T07:33:48.024902+00:00,93,2026-09-10T07:33:47.655537+00:00,false,microservices,auth,3f82d3ba21d27f81506a97a6b693c057cc31a81d5e03391457caa149fe37f1e0,tcc-microservices-experiment-auth-1,0.02,75350671,1073741824,7.02,3,45.7kB / 40.3kB,12MB / 3.95MB
46,2026-09-10T07:33:48.024902+00:00,93,2026-09-10T07:33:47.655537+00:00,false,microservices,gateway,6658a4177e21204a32132ed31d1df770bb3703c85230c57518a968d80de98083,tcc-microservices-experiment-gateway-1,27.25,471334912,536870912,87.8,89,51.2MB / 56.8MB,33.2MB / 8.79MB
46,2026-09-10T07:33:48.024902+00:00,93,2026-09-10T07:33:47.655537+00:00,false,microservices,mysql,2f88683146078439186df226c8d1159a75888a2462cb39aa3da664d7caaede5a,tcc-microservices-experiment-mysql-1,29.19,512334234,1073741824,47.71,40,19.8MB / 59.6MB,47.1MB / 138MB
46,2026-09-10T07:33:48.024902+00:00,93,2026-09-10T07:33:47.655537+00:00,false,microservices,order,a81e490c5d3ce42bcf399007122ea32bc4ba9c6d6b36ecf08e57d51a5162e2a6,tcc-microservices-experiment-order-1,81.41,79544975,1073741824,7.41,3,70.7MB / 64.2MB,8.07MB / 3.56MB
46,2026-09-10T07:33:48.024902+00:00,93,2026-09-10T07:33:47.655537+00:00,false,microservices,product,de2b991f953e9c6187dd1d6c9a810351f7d721c830534c78d6dea65b9d420eb4,tcc-microservices-experiment-product-1,0.01,75015127,1073741824,6.99,3,417kB / 282kB,3.67MB / 3.67MB
47,2026-09-10T07:33:49.024917+00:00,95,2026-09-10T07:33:48.655527+00:00,false,microservices,auth,3f82d3ba21d27f81506a97a6b693c057cc31a81d5e03391457caa149fe37f1e0,tcc-microservices-experiment-auth-1,0.02,75350671,1073741824,7.02,3,45.7kB / 40.3kB,12MB / 3.95MB
47,2026-09-10T07:33:49.024917+00:00,95,2026-09-10T07:33:48.655527+00:00,false,microservices,gateway,6658a4177e21204a32132ed31d1df770bb3703c85230c57518a968d80de98083,tcc-microservices-experiment-gateway-1,28.92,471125197,536870912,87.76,89,52MB / 57.6MB,33.2MB / 8.79MB
47,2026-09-10T07:33:49.024917+00:00,95,2026-09-10T07:33:48.655527+00:00,false,microservices,mysql,2f88683146078439186df226c8d1159a75888a2462cb39aa3da664d7caaede5a,tcc-microservices-experiment-mysql-1,24.83,511914803,1073741824,47.68,40,20MB / 60.4MB,47.1MB / 138MB
47,2026-09-10T07:33:49.024917+00:00,95,2026-09-10T07:33:48.655527+00:00,false,microservices,order,a81e490c5d3ce42bcf399007122ea32bc4ba9c6d6b36ecf08e57d51a5162e2a6,tcc-microservices-experiment-order-1,80.93,79303803,1073741824,7.39,3,71.7MB / 65MB,8.07MB / 3.56MB
47,2026-09-10T07:33:49.024917+00:00,95,2026-09-10T07:33:48.655527+00:00,false,microservices,product,de2b991f953e9c6187dd1d6c9a810351f7d721c830534c78d6dea65b9d420eb4,tcc-microservices-experiment-product-1,0.02,75015127,1073741824,6.99,3,417kB / 282kB,3.67MB / 3.67MB
48,2026-09-10T07:33:50.024933+00:00,97,2026-09-10T07:33:49.655431+00:00,false,microservices,auth,3f82d3ba21d27f81506a97a6b693c057cc31a81d5e03391457caa149fe37f1e0,tcc-microservices-experiment-auth-1,0.02,75350671,1073741824,7.02,3,45.7kB / 40.3kB,12MB / 3.95MB
48,2026-09-10T07:33:50.024933+00:00,97,2026-09-10T07:33:49.655431+00:00,false,microservices,gateway,6658a4177e21204a32132ed31d1df770bb3703c85230c57518a968d80de98083,tcc-microservices-experiment-gateway-1,41.32,471230054,536870912,87.77,89,52.7MB / 58.4MB,33.2MB / 8.79MB
48,2026-09-10T07:33:50.024933+00:00,97,2026-09-10T07:33:49.655431+00:00,false,microservices,mysql,2f88683146078439186df226c8d1159a75888a2462cb39aa3da664d7caaede5a,tcc-microservices-experiment-mysql-1,29.32,512648806,1073741824,47.74,40,20.2MB / 61.2MB,47.1MB / 138MB
48,2026-09-10T07:33:50.024933+00:00,97,2026-09-10T07:33:49.655431+00:00,false,microservices,order,a81e490c5d3ce42bcf399007122ea32bc4ba9c6d6b36ecf08e57d51a5162e2a6,tcc-microservices-experiment-order-1,81.18,80153149,1073741824,7.46,3,72.6MB / 65.9MB,8.07MB / 3.56MB
48,2026-09-10T07:33:50.024933+00:00,97,2026-09-10T07:33:49.655431+00:00,false,microservices,product,de2b991f953e9c6187dd1d6c9a810351f7d721c830534c78d6dea65b9d420eb4,tcc-microservices-experiment-product-1,0.02,75015127,1073741824,6.99,3,417kB / 282kB,3.67MB / 3.67MB
49,2026-09-10T07:33:51.024904+00:00,99,2026-09-10T07:33:50.654934+00:00,false,microservices,auth,3f82d3ba21d27f81506a97a6b693c057cc31a81d5e03391457caa149fe37f1e0,tcc-microservices-experiment-auth-1,0.02,75350671,1073741824,7.02,3,45.7kB / 40.3kB,12MB / 3.95MB
49,2026-09-10T07:33:51.024904+00:00,99,2026-09-10T07:33:50.654934+00:00,false,microservices,gateway,6658a4177e21204a32132ed31d1df770bb3703c85230c57518a968d80de98083,tcc-microservices-experiment-gateway-1,32.3,471859200,536870912,87.88,89,53.4MB / 59.2MB,33.2MB / 8.79MB
49,2026-09-10T07:33:51.024904+00:00,99,2026-09-10T07:33:50.654934+00:00,false,microservices,mysql,2f88683146078439186df226c8d1159a75888a2462cb39aa3da664d7caaede5a,tcc-microservices-experiment-mysql-1,24.68,512229376,1073741824,47.7,40,20.4MB / 61.9MB,47.1MB / 138MB
49,2026-09-10T07:33:51.024904+00:00,99,2026-09-10T07:33:50.654934+00:00,false,microservices,order,a81e490c5d3ce42bcf399007122ea32bc4ba9c6d6b36ecf08e57d51a5162e2a6,tcc-microservices-experiment-order-1,81.67,79859548,1073741824,7.44,3,73.5MB / 66.7MB,8.07MB / 3.56MB
49,2026-09-10T07:33:51.024904+00:00,99,2026-09-10T07:33:50.654934+00:00,false,microservices,product,de2b991f953e9c6187dd1d6c9a810351f7d721c830534c78d6dea65b9d420eb4,tcc-microservices-experiment-product-1,0.02,75015127,1073741824,6.99,3,417kB / 282kB,3.67MB / 3.67MB
50,2026-09-10T07:33:52.024925+00:00,101,2026-09-10T07:33:51.654964+00:00,false,microservices,auth,3f82d3ba21d27f81506a97a6b693c057cc31a81d5e03391457caa149fe37f1e0,tcc-microservices-experiment-auth-1,0.03,75350671,1073741824,7.02,3,45.7kB / 40.3kB,12MB / 3.95MB
50,2026-09-10T07:33:52.024925+00:00,101,2026-09-10T07:33:51.654964+00:00,false,microservices,gateway,6658a4177e21204a32132ed31d1df770bb3703c85230c57518a968d80de98083,tcc-microservices-experiment-gateway-1,67.51,472173773,536870912,87.95,89,54.1MB / 60MB,33.2MB / 8.79MB
50,2026-09-10T07:33:52.024925+00:00,101,2026-09-10T07:33:51.654964+00:00,false,microservices,mysql,2f88683146078439186df226c8d1159a75888a2462cb39aa3da664d7caaede5a,tcc-microservices-experiment-mysql-1,30.8,512124518,1073741824,47.69,40,20.6MB / 62.7MB,47.1MB / 138MB
50,2026-09-10T07:33:52.024925+00:00,101,2026-09-10T07:33:51.654964+00:00,false,microservices,order,a81e490c5d3ce42bcf399007122ea32bc4ba9c6d6b36ecf08e57d51a5162e2a6,tcc-microservices-experiment-order-1,80.07,79995863,1073741824,7.45,3,74.4MB / 67.5MB,8.07MB / 3.56MB
50,2026-09-10T07:33:52.024925+00:00,101,2026-09-10T07:33:51.654964+00:00,false,microservices,product,de2b991f953e9c6187dd1d6c9a810351f7d721c830534c78d6dea65b9d420eb4,tcc-microservices-experiment-product-1,0.02,75015127,1073741824,6.99,3,417kB / 282kB,3.67MB / 3.67MB
51,2026-09-10T07:33:53.024921+00:00,103,2026-09-10T07:33:52.654684+00:00,false,microservices,auth,3f82d3ba21d27f81506a97a6b693c057cc31a81d5e03391457caa149fe37f1e0,tcc-microservices-experiment-auth-1,0.02,75350671,1073741824,7.02,3,45.8kB / 40.3kB,12MB / 3.95MB
51,2026-09-10T07:33:53.024921+00:00,103,2026-09-10T07:33:52.654684+00:00,false,microservices,gateway,6658a4177e21204a32132ed31d1df770bb3703c85230c57518a968d80de98083,tcc-microservices-experiment-gateway-1,26.59,471125197,536870912,87.76,77,54.8MB / 60.8MB,33.2MB / 8.8MB
51,2026-09-10T07:33:53.024921+00:00,103,2026-09-10T07:33:52.654684+00:00,false,microservices,mysql,2f88683146078439186df226c8d1159a75888a2462cb39aa3da664d7caaede5a,tcc-microservices-experiment-mysql-1,25.47,511600230,1073741824,47.65,40,20.8MB / 63.4MB,47.1MB / 138MB
51,2026-09-10T07:33:53.024921+00:00,103,2026-09-10T07:33:52.654684+00:00,false,microservices,order,a81e490c5d3ce42bcf399007122ea32bc4ba9c6d6b36ecf08e57d51a5162e2a6,tcc-microservices-experiment-order-1,81.2,79314289,1073741824,7.39,3,75.4MB / 68.4MB,8.07MB / 3.56MB
51,2026-09-10T07:33:53.024921+00:00,103,2026-09-10T07:33:52.654684+00:00,false,microservices,product,de2b991f953e9c6187dd1d6c9a810351f7d721c830534c78d6dea65b9d420eb4,tcc-microservices-experiment-product-1,0.02,75015127,1073741824,6.99,3,417kB / 282kB,3.67MB / 3.67MB
52,2026-09-10T07:33:54.024924+00:00,105,2026-09-10T07:33:53.655724+00:00,false,microservices,auth,3f82d3ba21d27f81506a97a6b693c057cc31a81d5e03391457caa149fe37f1e0,tcc-microservices-experiment-auth-1,0.02,75350671,1073741824,7.02,3,45.8kB / 40.3kB,12MB / 3.95MB
52,2026-09-10T07:33:54.024924+00:00,105,2026-09-10T07:33:53.655724+00:00,false,microservices,gateway,6658a4177e21204a32132ed31d1df770bb3703c85230c57518a968d80de98083,tcc-microservices-experiment-gateway-1,30.18,471020339,536870912,87.74,77,55.6MB / 61.6MB,33.2MB / 8.8MB
52,2026-09-10T07:33:54.024924+00:00,105,2026-09-10T07:33:53.655724+00:00,false,microservices,mysql,2f88683146078439186df226c8d1159a75888a2462cb39aa3da664d7caaede5a,tcc-microservices-experiment-mysql-1,30.39,512124518,1073741824,47.7,40,21.1MB / 64.2MB,47.1MB / 138MB
52,2026-09-10T07:33:54.024924+00:00,105,2026-09-10T07:33:53.655724+00:00,false,microservices,order,a81e490c5d3ce42bcf399007122ea32bc4ba9c6d6b36ecf08e57d51a5162e2a6,tcc-microservices-experiment-order-1,80.01,80478208,1073741824,7.5,3,76.3MB / 69.2MB,8.07MB / 3.56MB
52,2026-09-10T07:33:54.024924+00:00,105,2026-09-10T07:33:53.655724+00:00,false,microservices,product,de2b991f953e9c6187dd1d6c9a810351f7d721c830534c78d6dea65b9d420eb4,tcc-microservices-experiment-product-1,0.02,75015127,1073741824,6.99,3,417kB / 282kB,3.67MB / 3.67MB
53,2026-09-10T07:33:55.024922+00:00,107,2026-09-10T07:33:54.655569+00:00,false,microservices,auth,3f82d3ba21d27f81506a97a6b693c057cc31a81d5e03391457caa149fe37f1e0,tcc-microservices-experiment-auth-1,0.02,75350671,1073741824,7.02,3,45.8kB / 40.3kB,12MB / 3.95MB
53,2026-09-10T07:33:55.024922+00:00,107,2026-09-10T07:33:54.655569+00:00,false,microservices,gateway,6658a4177e21204a32132ed31d1df770bb3703c85230c57518a968d80de98083,tcc-microservices-experiment-gateway-1,26.32,470600909,536870912,87.65,77,56.3MB / 62.4MB,33.2MB / 8.8MB
53,2026-09-10T07:33:55.024922+00:00,107,2026-09-10T07:33:54.655569+00:00,false,microservices,mysql,2f88683146078439186df226c8d1159a75888a2462cb39aa3da664d7caaede5a,tcc-microservices-experiment-mysql-1,25.57,511705088,1073741824,47.66,40,21.3MB / 65MB,47.1MB / 138MB
53,2026-09-10T07:33:55.024922+00:00,107,2026-09-10T07:33:54.655569+00:00,false,microservices,order,a81e490c5d3ce42bcf399007122ea32bc4ba9c6d6b36ecf08e57d51a5162e2a6,tcc-microservices-experiment-order-1,80.76,80289464,1073741824,7.48,3,77.2MB / 70.1MB,8.07MB / 3.56MB
53,2026-09-10T07:33:55.024922+00:00,107,2026-09-10T07:33:54.655569+00:00,false,microservices,product,de2b991f953e9c6187dd1d6c9a810351f7d721c830534c78d6dea65b9d420eb4,tcc-microservices-experiment-product-1,0.02,75015127,1073741824,6.99,3,417kB / 282kB,3.67MB / 3.67MB
54,2026-09-10T07:33:56.024920+00:00,109,2026-09-10T07:33:55.655139+00:00,false,microservices,auth,3f82d3ba21d27f81506a97a6b693c057cc31a81d5e03391457caa149fe37f1e0,tcc-microservices-experiment-auth-1,0.02,75350671,1073741824,7.02,3,45.9kB / 40.3kB,12MB / 3.95MB
54,2026-09-10T07:33:56.024920+00:00,109,2026-09-10T07:33:55.655139+00:00,false,microservices,gateway,6658a4177e21204a32132ed31d1df770bb3703c85230c57518a968d80de98083,tcc-microservices-experiment-gateway-1,26.56,470286336,536870912,87.59,77,57MB / 63.2MB,33.2MB / 8.8MB
54,2026-09-10T07:33:56.024920+00:00,109,2026-09-10T07:33:55.655139+00:00,false,microservices,mysql,2f88683146078439186df226c8d1159a75888a2462cb39aa3da664d7caaede5a,tcc-microservices-experiment-mysql-1,28.88,511809946,1073741824,47.67,40,21.5MB / 65.7MB,47.1MB / 138MB
54,2026-09-10T07:33:56.024920+00:00,109,2026-09-10T07:33:55.655139+00:00,false,microservices,order,a81e490c5d3ce42bcf399007122ea32bc4ba9c6d6b36ecf08e57d51a5162e2a6,tcc-microservices-experiment-order-1,82.14,80132178,1073741824,7.46,3,78.2MB / 71MB,8.07MB / 3.56MB
54,2026-09-10T07:33:56.024920+00:00,109,2026-09-10T07:33:55.655139+00:00,false,microservices,product,de2b991f953e9c6187dd1d6c9a810351f7d721c830534c78d6dea65b9d420eb4,tcc-microservices-experiment-product-1,0.02,75015127,1073741824,6.99,3,417kB / 282kB,3.67MB / 3.67MB
55,2026-09-10T07:33:57.024913+00:00,111,2026-09-10T07:33:56.654714+00:00,false,microservices,auth,3f82d3ba21d27f81506a97a6b693c057cc31a81d5e03391457caa149fe37f1e0,tcc-microservices-experiment-auth-1,0.02,75350671,1073741824,7.02,3,46kB / 40.3kB,12MB / 3.95MB
55,2026-09-10T07:33:57.024913+00:00,111,2026-09-10T07:33:56.654714+00:00,false,microservices,gateway,6658a4177e21204a32132ed31d1df770bb3703c85230c57518a968d80de98083,tcc-microservices-experiment-gateway-1,26.28,470810624,536870912,87.7,77,57.8MB / 64MB,33.2MB / 8.8MB
55,2026-09-10T07:33:57.024913+00:00,111,2026-09-10T07:33:56.654714+00:00,false,microservices,mysql,2f88683146078439186df226c8d1159a75888a2462cb39aa3da664d7caaede5a,tcc-microservices-experiment-mysql-1,24.68,511390515,1073741824,47.63,40,21.7MB / 66.5MB,47.1MB / 138MB
55,2026-09-10T07:33:57.024913+00:00,111,2026-09-10T07:33:56.654714+00:00,false,microservices,order,a81e490c5d3ce42bcf399007122ea32bc4ba9c6d6b36ecf08e57d51a5162e2a6,tcc-microservices-experiment-order-1,81.84,79702262,1073741824,7.42,3,79.1MB / 71.8MB,8.07MB / 3.56MB
55,2026-09-10T07:33:57.024913+00:00,111,2026-09-10T07:33:56.654714+00:00,false,microservices,product,de2b991f953e9c6187dd1d6c9a810351f7d721c830534c78d6dea65b9d420eb4,tcc-microservices-experiment-product-1,0.02,75015127,1073741824,6.99,3,417kB / 282kB,3.67MB / 3.67MB
56,2026-09-10T07:33:58.024899+00:00,113,2026-09-10T07:33:57.654711+00:00,false,microservices,auth,3f82d3ba21d27f81506a97a6b693c057cc31a81d5e03391457caa149fe37f1e0,tcc-microservices-experiment-auth-1,0.02,75350671,1073741824,7.02,3,46kB / 40.3kB,12MB / 3.95MB
56,2026-09-10T07:33:58.024899+00:00,113,2026-09-10T07:33:57.654711+00:00,false,microservices,gateway,6658a4177e21204a32132ed31d1df770bb3703c85230c57518a968d80de98083,tcc-microservices-experiment-gateway-1,26.15,471020339,536870912,87.74,77,58.5MB / 64.8MB,33.2MB / 8.8MB
56,2026-09-10T07:33:58.024899+00:00,113,2026-09-10T07:33:57.654711+00:00,false,microservices,mysql,2f88683146078439186df226c8d1159a75888a2462cb39aa3da664d7caaede5a,tcc-microservices-experiment-mysql-1,29.32,511809946,1073741824,47.67,40,21.9MB / 67.3MB,47.1MB / 138MB
56,2026-09-10T07:33:58.024899+00:00,113,2026-09-10T07:33:57.654711+00:00,false,microservices,order,a81e490c5d3ce42bcf399007122ea32bc4ba9c6d6b36ecf08e57d51a5162e2a6,tcc-microservices-experiment-order-1,81.55,80362865,1073741824,7.48,3,80MB / 72.7MB,8.07MB / 3.56MB
56,2026-09-10T07:33:58.024899+00:00,113,2026-09-10T07:33:57.654711+00:00,false,microservices,product,de2b991f953e9c6187dd1d6c9a810351f7d721c830534c78d6dea65b9d420eb4,tcc-microservices-experiment-product-1,0.02,75015127,1073741824,6.99,3,417kB / 282kB,3.67MB / 3.67MB
57,2026-09-10T07:33:59.024910+00:00,115,2026-09-10T07:33:58.654630+00:00,false,microservices,auth,3f82d3ba21d27f81506a97a6b693c057cc31a81d5e03391457caa149fe37f1e0,tcc-microservices-experiment-auth-1,0.02,75350671,1073741824,7.02,3,46kB / 40.3kB,12MB / 3.95MB
57,2026-09-10T07:33:59.024910+00:00,115,2026-09-10T07:33:58.654630+00:00,false,microservices,gateway,6658a4177e21204a32132ed31d1df770bb3703c85230c57518a968d80de98083,tcc-microservices-experiment-gateway-1,26.15,471020339,536870912,87.74,77,58.5MB / 64.8MB,33.2MB / 8.8MB
57,2026-09-10T07:33:59.024910+00:00,115,2026-09-10T07:33:58.654630+00:00,false,microservices,mysql,2f88683146078439186df226c8d1159a75888a2462cb39aa3da664d7caaede5a,tcc-microservices-experiment-mysql-1,24.89,511705088,1073741824,47.66,40,22.2MB / 68.1MB,47.1MB / 138MB
57,2026-09-10T07:33:59.024910+00:00,115,2026-09-10T07:33:58.654630+00:00,false,microservices,order,a81e490c5d3ce42bcf399007122ea32bc4ba9c6d6b36ecf08e57d51a5162e2a6,tcc-microservices-experiment-order-1,81.55,80362865,1073741824,7.48,3,80MB / 72.7MB,8.07MB / 3.56MB
57,2026-09-10T07:33:59.024910+00:00,115,2026-09-10T07:33:58.654630+00:00,false,microservices,product,de2b991f953e9c6187dd1d6c9a810351f7d721c830534c78d6dea65b9d420eb4,tcc-microservices-experiment-product-1,0.02,75015127,1073741824,6.99,3,417kB / 282kB,3.67MB / 3.67MB
58,2026-09-10T07:34:00.024940+00:00,117,2026-09-10T07:33:59.654744+00:00,false,microservices,auth,3f82d3ba21d27f81506a97a6b693c057cc31a81d5e03391457caa149fe37f1e0,tcc-microservices-experiment-auth-1,0.02,75350671,1073741824,7.02,3,46kB / 40.3kB,12MB / 3.95MB
58,2026-09-10T07:34:00.024940+00:00,117,2026-09-10T07:33:59.654744+00:00,false,microservices,gateway,6658a4177e21204a32132ed31d1df770bb3703c85230c57518a968d80de98083,tcc-microservices-experiment-gateway-1,26.42,471020339,536870912,87.74,77,59.2MB / 65.6MB,33.2MB / 8.8MB
58,2026-09-10T07:34:00.024940+00:00,117,2026-09-10T07:33:59.654744+00:00,false,microservices,mysql,2f88683146078439186df226c8d1159a75888a2462cb39aa3da664d7caaede5a,tcc-microservices-experiment-mysql-1,24.89,511705088,1073741824,47.66,40,22.2MB / 68.1MB,47.1MB / 138MB
58,2026-09-10T07:34:00.024940+00:00,117,2026-09-10T07:33:59.654744+00:00,false,microservices,order,a81e490c5d3ce42bcf399007122ea32bc4ba9c6d6b36ecf08e57d51a5162e2a6,tcc-microservices-experiment-order-1,81.51,80457236,1073741824,7.49,3,81MB / 73.5MB,8.07MB / 3.56MB
58,2026-09-10T07:34:00.024940+00:00,117,2026-09-10T07:33:59.654744+00:00,false,microservices,product,de2b991f953e9c6187dd1d6c9a810351f7d721c830534c78d6dea65b9d420eb4,tcc-microservices-experiment-product-1,0.02,75015127,1073741824,6.99,3,417kB / 282kB,3.67MB / 3.67MB
59,2026-09-10T07:34:01.024918+00:00,119,2026-09-10T07:34:00.655558+00:00,false,microservices,auth,3f82d3ba21d27f81506a97a6b693c057cc31a81d5e03391457caa149fe37f1e0,tcc-microservices-experiment-auth-1,0.02,75350671,1073741824,7.02,3,46kB / 40.3kB,12MB / 3.95MB
59,2026-09-10T07:34:01.024918+00:00,119,2026-09-10T07:34:00.655558+00:00,false,microservices,gateway,6658a4177e21204a32132ed31d1df770bb3703c85230c57518a968d80de98083,tcc-microservices-experiment-gateway-1,39.16,470600909,536870912,87.66,77,59.9MB / 66.4MB,33.3MB / 8.8MB
59,2026-09-10T07:34:01.024918+00:00,119,2026-09-10T07:34:00.655558+00:00,false,microservices,mysql,2f88683146078439186df226c8d1159a75888a2462cb39aa3da664d7caaede5a,tcc-microservices-experiment-mysql-1,28.92,511809946,1073741824,47.66,40,22.4MB / 68.8MB,47.1MB / 138MB
59,2026-09-10T07:34:01.024918+00:00,119,2026-09-10T07:34:00.655558+00:00,false,microservices,order,a81e490c5d3ce42bcf399007122ea32bc4ba9c6d6b36ecf08e57d51a5162e2a6,tcc-microservices-experiment-order-1,80.45,79754691,1073741824,7.43,3,81.9MB / 74.4MB,8.07MB / 3.56MB
59,2026-09-10T07:34:01.024918+00:00,119,2026-09-10T07:34:00.655558+00:00,false,microservices,product,de2b991f953e9c6187dd1d6c9a810351f7d721c830534c78d6dea65b9d420eb4,tcc-microservices-experiment-product-1,0.02,75015127,1073741824,6.99,3,417kB / 282kB,3.67MB / 3.67MB
60,2026-09-10T07:34:02.024922+00:00,121,2026-09-10T07:34:01.656218+00:00,false,microservices,auth,3f82d3ba21d27f81506a97a6b693c057cc31a81d5e03391457caa149fe37f1e0,tcc-microservices-experiment-auth-1,0.02,75350671,1073741824,7.02,3,46kB / 40.3kB,12MB / 3.95MB
60,2026-09-10T07:34:02.024922+00:00,121,2026-09-10T07:34:01.656218+00:00,false,microservices,gateway,6658a4177e21204a32132ed31d1df770bb3703c85230c57518a968d80de98083,tcc-microservices-experiment-gateway-1,60.07,470810624,536870912,87.7,77,60.7MB / 67.2MB,33.3MB / 8.8MB
60,2026-09-10T07:34:02.024922+00:00,121,2026-09-10T07:34:01.656218+00:00,false,microservices,mysql,2f88683146078439186df226c8d1159a75888a2462cb39aa3da664d7caaede5a,tcc-microservices-experiment-mysql-1,24.15,511809946,1073741824,47.66,40,22.6MB / 69.6MB,47.1MB / 138MB
60,2026-09-10T07:34:02.024922+00:00,121,2026-09-10T07:34:01.656218+00:00,false,microservices,order,a81e490c5d3ce42bcf399007122ea32bc4ba9c6d6b36ecf08e57d51a5162e2a6,tcc-microservices-experiment-order-1,82.52,79387689,1073741824,7.39,3,82.8MB / 75.2MB,8.07MB / 3.56MB
60,2026-09-10T07:34:02.024922+00:00,121,2026-09-10T07:34:01.656218+00:00,false,microservices,product,de2b991f953e9c6187dd1d6c9a810351f7d721c830534c78d6dea65b9d420eb4,tcc-microservices-experiment-product-1,0.02,75015127,1073741824,6.99,3,417kB / 282kB,3.67MB / 3.67MB
61,2026-09-10T07:34:03.024912+00:00,123,2026-09-10T07:34:02.656401+00:00,false,microservices,auth,3f82d3ba21d27f81506a97a6b693c057cc31a81d5e03391457caa149fe37f1e0,tcc-microservices-experiment-auth-1,0.02,75350671,1073741824,7.02,3,46kB / 40.3kB,12MB / 3.95MB
61,2026-09-10T07:34:03.024912+00:00,123,2026-09-10T07:34:02.656401+00:00,false,microservices,gateway,6658a4177e21204a32132ed31d1df770bb3703c85230c57518a968d80de98083,tcc-microservices-experiment-gateway-1,27.96,471544627,536870912,87.83,77,61.4MB / 68.1MB,33.3MB / 8.8MB
61,2026-09-10T07:34:03.024912+00:00,123,2026-09-10T07:34:02.656401+00:00,false,microservices,mysql,2f88683146078439186df226c8d1159a75888a2462cb39aa3da664d7caaede5a,tcc-microservices-experiment-mysql-1,28.94,512648806,1073741824,47.74,40,22.8MB / 70.3MB,47.1MB / 138MB
61,2026-09-10T07:34:03.024912+00:00,123,2026-09-10T07:34:02.656401+00:00,false,microservices,order,a81e490c5d3ce42bcf399007122ea32bc4ba9c6d6b36ecf08e57d51a5162e2a6,tcc-microservices-experiment-order-1,81.95,79576433,1073741824,7.41,3,83.8MB / 76.1MB,8.07MB / 3.56MB
61,2026-09-10T07:34:03.024912+00:00,123,2026-09-10T07:34:02.656401+00:00,false,microservices,product,de2b991f953e9c6187dd1d6c9a810351f7d721c830534c78d6dea65b9d420eb4,tcc-microservices-experiment-product-1,0.02,75015127,1073741824,6.99,3,417kB / 282kB,3.67MB / 3.67MB
62,2026-09-10T07:34:04.024881+00:00,125,2026-09-10T07:34:03.656242+00:00,false,microservices,auth,3f82d3ba21d27f81506a97a6b693c057cc31a81d5e03391457caa149fe37f1e0,tcc-microservices-experiment-auth-1,0.02,75350671,1073741824,7.02,3,46kB / 40.3kB,12MB / 3.95MB
62,2026-09-10T07:34:04.024881+00:00,125,2026-09-10T07:34:03.656242+00:00,false,microservices,gateway,6658a4177e21204a32132ed31d1df770bb3703c85230c57518a968d80de98083,tcc-microservices-experiment-gateway-1,26.07,472068915,536870912,87.93,77,62.1MB / 68.9MB,33.3MB / 8.8MB
62,2026-09-10T07:34:04.024881+00:00,125,2026-09-10T07:34:03.656242+00:00,false,microservices,mysql,2f88683146078439186df226c8d1159a75888a2462cb39aa3da664d7caaede5a,tcc-microservices-experiment-mysql-1,24.87,512963379,1073741824,47.78,40,23MB / 71.1MB,47.1MB / 138MB
62,2026-09-10T07:34:04.024881+00:00,125,2026-09-10T07:34:03.656242+00:00,false,microservices,order,a81e490c5d3ce42bcf399007122ea32bc4ba9c6d6b36ecf08e57d51a5162e2a6,tcc-microservices-experiment-order-1,81.92,79492547,1073741824,7.4,3,84.7MB / 77MB,8.17MB / 3.56MB
62,2026-09-10T07:34:04.024881+00:00,125,2026-09-10T07:34:03.656242+00:00,false,microservices,product,de2b991f953e9c6187dd1d6c9a810351f7d721c830534c78d6dea65b9d420eb4,tcc-microservices-experiment-product-1,0.01,75015127,1073741824,6.99,3,417kB / 282kB,3.67MB / 3.67MB
63,2026-09-10T07:34:05.024913+00:00,127,2026-09-10T07:34:04.656640+00:00,false,microservices,auth,3f82d3ba21d27f81506a97a6b693c057cc31a81d5e03391457caa149fe37f1e0,tcc-microservices-experiment-auth-1,0.02,75350671,1073741824,7.02,3,46kB / 40.3kB,12MB / 3.95MB
63,2026-09-10T07:34:05.024913+00:00,127,2026-09-10T07:34:04.656640+00:00,false,microservices,gateway,6658a4177e21204a32132ed31d1df770bb3703c85230c57518a968d80de98083,tcc-microservices-experiment-gateway-1,26.09,470810624,536870912,87.7,77,62.9MB / 69.7MB,33.3MB / 8.8MB
63,2026-09-10T07:34:05.024913+00:00,127,2026-09-10T07:34:04.656640+00:00,false,microservices,mysql,2f88683146078439186df226c8d1159a75888a2462cb39aa3da664d7caaede5a,tcc-microservices-experiment-mysql-1,28.55,512543949,1073741824,47.73,40,23.3MB / 71.9MB,47.1MB / 138MB
63,2026-09-10T07:34:05.024913+00:00,127,2026-09-10T07:34:04.656640+00:00,false,microservices,order,a81e490c5d3ce42bcf399007122ea32bc4ba9c6d6b36ecf08e57d51a5162e2a6,tcc-microservices-experiment-order-1,82.43,79702262,1073741824,7.42,3,85.7MB / 77.8MB,8.17MB / 3.56MB
63,2026-09-10T07:34:05.024913+00:00,127,2026-09-10T07:34:04.656640+00:00,false,microservices,product,de2b991f953e9c6187dd1d6c9a810351f7d721c830534c78d6dea65b9d420eb4,tcc-microservices-experiment-product-1,0.02,75015127,1073741824,6.99,3,417kB / 282kB,3.67MB / 3.67MB
64,2026-09-10T07:34:06.024902+00:00,129,2026-09-10T07:34:05.655295+00:00,false,microservices,auth,3f82d3ba21d27f81506a97a6b693c057cc31a81d5e03391457caa149fe37f1e0,tcc-microservices-experiment-auth-1,0.01,75350671,1073741824,7.02,3,46kB / 40.3kB,12MB / 3.95MB
64,2026-09-10T07:34:06.024902+00:00,129,2026-09-10T07:34:05.655295+00:00,false,microservices,gateway,6658a4177e21204a32132ed31d1df770bb3703c85230c57518a968d80de98083,tcc-microservices-experiment-gateway-1,31.13,470915482,536870912,87.71,77,63.7MB / 70.5MB,33.3MB / 8.8MB
64,2026-09-10T07:34:06.024902+00:00,129,2026-09-10T07:34:05.655295+00:00,false,microservices,mysql,2f88683146078439186df226c8d1159a75888a2462cb39aa3da664d7caaede5a,tcc-microservices-experiment-mysql-1,24.53,512019661,1073741824,47.68,40,23.5MB / 72.7MB,47.1MB / 138MB
64,2026-09-10T07:34:06.024902+00:00,129,2026-09-10T07:34:05.655295+00:00,false,microservices,order,a81e490c5d3ce42bcf399007122ea32bc4ba9c6d6b36ecf08e57d51a5162e2a6,tcc-microservices-experiment-order-1,81.93,79303803,1073741824,7.39,3,86.6MB / 78.7MB,8.17MB / 3.56MB
64,2026-09-10T07:34:06.024902+00:00,129,2026-09-10T07:34:05.655295+00:00,false,microservices,product,de2b991f953e9c6187dd1d6c9a810351f7d721c830534c78d6dea65b9d420eb4,tcc-microservices-experiment-product-1,0.01,75015127,1073741824,6.99,3,417kB / 282kB,3.67MB / 3.67MB
65,2026-09-10T07:34:07.024907+00:00,131,2026-09-10T07:34:06.656438+00:00,false,microservices,auth,3f82d3ba21d27f81506a97a6b693c057cc31a81d5e03391457caa149fe37f1e0,tcc-microservices-experiment-auth-1,0.02,75350671,1073741824,7.02,3,46kB / 40.3kB,12MB / 3.95MB
65,2026-09-10T07:34:07.024907+00:00,131,2026-09-10T07:34:06.656438+00:00,false,microservices,gateway,6658a4177e21204a32132ed31d1df770bb3703c85230c57518a968d80de98083,tcc-microservices-experiment-gateway-1,27.01,471125197,536870912,87.76,77,64.4MB / 71.4MB,33.3MB / 8.8MB
65,2026-09-10T07:34:07.024907+00:00,131,2026-09-10T07:34:06.656438+00:00,false,microservices,mysql,2f88683146078439186df226c8d1159a75888a2462cb39aa3da664d7caaede5a,tcc-microservices-experiment-mysql-1,28.75,512229376,1073741824,47.7,40,23.7MB / 73.5MB,47.1MB / 138MB
65,2026-09-10T07:34:07.024907+00:00,131,2026-09-10T07:34:06.656438+00:00,false,microservices,order,a81e490c5d3ce42bcf399007122ea32bc4ba9c6d6b36ecf08e57d51a5162e2a6,tcc-microservices-experiment-order-1,81.92,79461089,1073741824,7.4,3,87.6MB / 79.6MB,8.17MB / 3.56MB
65,2026-09-10T07:34:07.024907+00:00,131,2026-09-10T07:34:06.656438+00:00,false,microservices,product,de2b991f953e9c6187dd1d6c9a810351f7d721c830534c78d6dea65b9d420eb4,tcc-microservices-experiment-product-1,0.02,75015127,1073741824,6.99,3,417kB / 282kB,3.67MB / 3.67MB
66,2026-09-10T07:34:08.024897+00:00,133,2026-09-10T07:34:07.655227+00:00,false,microservices,auth,3f82d3ba21d27f81506a97a6b693c057cc31a81d5e03391457caa149fe37f1e0,tcc-microservices-experiment-auth-1,0.02,75350671,1073741824,7.02,3,46kB / 40.3kB,12MB / 3.95MB
66,2026-09-10T07:34:08.024897+00:00,133,2026-09-10T07:34:07.655227+00:00,false,microservices,gateway,6658a4177e21204a32132ed31d1df770bb3703c85230c57518a968d80de98083,tcc-microservices-experiment-gateway-1,26.96,472173773,536870912,87.94,77,65.1MB / 72.2MB,33.3MB / 8.8MB
66,2026-09-10T07:34:08.024897+00:00,133,2026-09-10T07:34:07.655227+00:00,false,microservices,mysql,2f88683146078439186df226c8d1159a75888a2462cb39aa3da664d7caaede5a,tcc-microservices-experiment-mysql-1,25.46,511705088,1073741824,47.66,40,23.9MB / 74.2MB,47.1MB / 138MB
66,2026-09-10T07:34:08.024897+00:00,133,2026-09-10T07:34:07.655227+00:00,false,microservices,order,a81e490c5d3ce42bcf399007122ea32bc4ba9c6d6b36ecf08e57d51a5162e2a6,tcc-microservices-experiment-order-1,80.9,79293317,1073741824,7.38,3,88.5MB / 80.4MB,8.17MB / 3.56MB
66,2026-09-10T07:34:08.024897+00:00,133,2026-09-10T07:34:07.655227+00:00,false,microservices,product,de2b991f953e9c6187dd1d6c9a810351f7d721c830534c78d6dea65b9d420eb4,tcc-microservices-experiment-product-1,0.02,75015127,1073741824,6.99,3,417kB / 282kB,3.67MB / 3.67MB
67,2026-09-10T07:34:09.024938+00:00,135,2026-09-10T07:34:08.656366+00:00,false,microservices,auth,3f82d3ba21d27f81506a97a6b693c057cc31a81d5e03391457caa149fe37f1e0,tcc-microservices-experiment-auth-1,0.02,75350671,1073741824,7.02,3,46kB / 40.3kB,12MB / 3.95MB
67,2026-09-10T07:34:09.024938+00:00,135,2026-09-10T07:34:08.656366+00:00,false,microservices,gateway,6658a4177e21204a32132ed31d1df770bb3703c85230c57518a968d80de98083,tcc-microservices-experiment-gateway-1,26.98,471754342,536870912,87.88,77,65.9MB / 73MB,33.3MB / 8.82MB
67,2026-09-10T07:34:09.024938+00:00,135,2026-09-10T07:34:08.656366+00:00,false,microservices,mysql,2f88683146078439186df226c8d1159a75888a2462cb39aa3da664d7caaede5a,tcc-microservices-experiment-mysql-1,29.16,512439091,1073741824,47.72,40,24.1MB / 75MB,47.1MB / 138MB
67,2026-09-10T07:34:09.024938+00:00,135,2026-09-10T07:34:08.656366+00:00,false,microservices,order,a81e490c5d3ce42bcf399007122ea32bc4ba9c6d6b36ecf08e57d51a5162e2a6,tcc-microservices-experiment-order-1,81.52,79838577,1073741824,7.44,3,89.4MB / 81.3MB,8.17MB / 3.56MB
67,2026-09-10T07:34:09.024938+00:00,135,2026-09-10T07:34:08.656366+00:00,false,microservices,product,de2b991f953e9c6187dd1d6c9a810351f7d721c830534c78d6dea65b9d420eb4,tcc-microservices-experiment-product-1,0.02,75015127,1073741824,6.99,3,417kB / 282kB,3.67MB / 3.67MB
68,2026-09-10T07:34:10.024897+00:00,137,2026-09-10T07:34:09.655295+00:00,false,microservices,auth,3f82d3ba21d27f81506a97a6b693c057cc31a81d5e03391457caa149fe37f1e0,tcc-microservices-experiment-auth-1,0.02,75350671,1073741824,7.02,3,46kB / 40.3kB,12MB / 3.95MB
68,2026-09-10T07:34:10.024897+00:00,137,2026-09-10T07:34:09.655295+00:00,false,microservices,gateway,6658a4177e21204a32132ed31d1df770bb3703c85230c57518a968d80de98083,tcc-microservices-experiment-gateway-1,38.28,470600909,536870912,87.65,77,66.5MB / 73.7MB,33.3MB / 8.82MB
68,2026-09-10T07:34:10.024897+00:00,137,2026-09-10T07:34:09.655295+00:00,false,microservices,mysql,2f88683146078439186df226c8d1159a75888a2462cb39aa3da664d7caaede5a,tcc-microservices-experiment-mysql-1,25.03,511705088,1073741824,47.66,40,24.3MB / 75.7MB,47.1MB / 138MB
68,2026-09-10T07:34:10.024897+00:00,137,2026-09-10T07:34:09.655295+00:00,false,microservices,order,a81e490c5d3ce42bcf399007122ea32bc4ba9c6d6b36ecf08e57d51a5162e2a6,tcc-microservices-experiment-order-1,82.82,78234255,1073741824,7.29,3,90.3MB / 82.1MB,8.17MB / 3.56MB
68,2026-09-10T07:34:10.024897+00:00,137,2026-09-10T07:34:09.655295+00:00,false,microservices,product,de2b991f953e9c6187dd1d6c9a810351f7d721c830534c78d6dea65b9d420eb4,tcc-microservices-experiment-product-1,0.03,75015127,1073741824,6.99,3,417kB / 282kB,3.67MB / 3.67MB
69,2026-09-10T07:34:11.024895+00:00,139,2026-09-10T07:34:10.656226+00:00,false,microservices,auth,3f82d3ba21d27f81506a97a6b693c057cc31a81d5e03391457caa149fe37f1e0,tcc-microservices-experiment-auth-1,0.02,75350671,1073741824,7.02,3,46kB / 40.3kB,12MB / 3.95MB
69,2026-09-10T07:34:11.024895+00:00,139,2026-09-10T07:34:10.656226+00:00,false,microservices,gateway,6658a4177e21204a32132ed31d1df770bb3703c85230c57518a968d80de98083,tcc-microservices-experiment-gateway-1,33.55,471964058,536870912,87.9,77,67.2MB / 74.5MB,33.3MB / 8.82MB
69,2026-09-10T07:34:11.024895+00:00,139,2026-09-10T07:34:10.656226+00:00,false,microservices,mysql,2f88683146078439186df226c8d1159a75888a2462cb39aa3da664d7caaede5a,tcc-microservices-experiment-mysql-1,28.64,511705088,1073741824,47.66,40,24.5MB / 76.5MB,47.1MB / 138MB
69,2026-09-10T07:34:11.024895+00:00,139,2026-09-10T07:34:10.656226+00:00,false,microservices,order,a81e490c5d3ce42bcf399007122ea32bc4ba9c6d6b36ecf08e57d51a5162e2a6,tcc-microservices-experiment-order-1,82.36,79398175,1073741824,7.39,3,91.2MB / 82.9MB,8.17MB / 3.56MB
69,2026-09-10T07:34:11.024895+00:00,139,2026-09-10T07:34:10.656226+00:00,false,microservices,product,de2b991f953e9c6187dd1d6c9a810351f7d721c830534c78d6dea65b9d420eb4,tcc-microservices-experiment-product-1,0.02,75015127,1073741824,6.99,3,417kB / 282kB,3.67MB / 3.67MB
70,2026-09-10T07:34:12.024907+00:00,141,2026-09-10T07:34:11.655415+00:00,false,microservices,auth,3f82d3ba21d27f81506a97a6b693c057cc31a81d5e03391457caa149fe37f1e0,tcc-microservices-experiment-auth-1,0.02,75350671,1073741824,7.02,3,46kB / 40.3kB,12MB / 3.95MB
70,2026-09-10T07:34:12.024907+00:00,141,2026-09-10T07:34:11.655415+00:00,false,microservices,gateway,6658a4177e21204a32132ed31d1df770bb3703c85230c57518a968d80de98083,tcc-microservices-experiment-gateway-1,26.93,471964058,536870912,87.9,77,68MB / 75.3MB,33.3MB / 8.82MB
70,2026-09-10T07:34:12.024907+00:00,141,2026-09-10T07:34:11.655415+00:00,false,microservices,mysql,2f88683146078439186df226c8d1159a75888a2462cb39aa3da664d7caaede5a,tcc-microservices-experiment-mysql-1,25.24,512439091,1073741824,47.72,40,24.8MB / 77.2MB,47.1MB / 138MB
70,2026-09-10T07:34:12.024907+00:00,141,2026-09-10T07:34:11.655415+00:00,false,microservices,order,a81e490c5d3ce42bcf399007122ea32bc4ba9c6d6b36ecf08e57d51a5162e2a6,tcc-microservices-experiment-order-1,81.12,79471575,1073741824,7.4,3,92.1MB / 83.8MB,8.17MB / 3.56MB
70,2026-09-10T07:34:12.024907+00:00,141,2026-09-10T07:34:11.655415+00:00,false,microservices,product,de2b991f953e9c6187dd1d6c9a810351f7d721c830534c78d6dea65b9d420eb4,tcc-microservices-experiment-product-1,0.02,75015127,1073741824,6.99,3,417kB / 282kB,3.67MB / 3.67MB
71,2026-09-10T07:34:13.024900+00:00,143,2026-09-10T07:34:12.657543+00:00,false,microservices,auth,3f82d3ba21d27f81506a97a6b693c057cc31a81d5e03391457caa149fe37f1e0,tcc-microservices-experiment-auth-1,0.02,75350671,1073741824,7.02,3,46kB / 40.3kB,12MB / 3.95MB
71,2026-09-10T07:34:13.024900+00:00,143,2026-09-10T07:34:12.657543+00:00,false,microservices,gateway,6658a4177e21204a32132ed31d1df770bb3703c85230c57518a968d80de98083,tcc-microservices-experiment-gateway-1,26.81,471754342,536870912,87.87,77,68.7MB / 76.1MB,33.3MB / 8.82MB
71,2026-09-10T07:34:13.024900+00:00,143,2026-09-10T07:34:12.657543+00:00,false,microservices,mysql,2f88683146078439186df226c8d1159a75888a2462cb39aa3da664d7caaede5a,tcc-microservices-experiment-mysql-1,29.13,512963379,1073741824,47.77,40,25MB / 78MB,47.1MB / 138MB
71,2026-09-10T07:34:13.024900+00:00,143,2026-09-10T07:34:12.657543+00:00,false,microservices,order,a81e490c5d3ce42bcf399007122ea32bc4ba9c6d6b36ecf08e57d51a5162e2a6,tcc-microservices-experiment-order-1,82.26,79733719,1073741824,7.43,3,93.1MB / 84.6MB,8.17MB / 3.56MB
71,2026-09-10T07:34:13.024900+00:00,143,2026-09-10T07:34:12.657543+00:00,false,microservices,product,de2b991f953e9c6187dd1d6c9a810351f7d721c830534c78d6dea65b9d420eb4,tcc-microservices-experiment-product-1,0.02,75015127,1073741824,6.99,3,417kB / 282kB,3.67MB / 3.67MB
72,2026-09-10T07:34:14.024897+00:00,145,2026-09-10T07:34:13.655233+00:00,false,microservices,auth,3f82d3ba21d27f81506a97a6b693c057cc31a81d5e03391457caa149fe37f1e0,tcc-microservices-experiment-auth-1,0.02,75350671,1073741824,7.02,3,46kB / 40.3kB,12MB / 3.95MB
72,2026-09-10T07:34:14.024897+00:00,145,2026-09-10T07:34:13.655233+00:00,false,microservices,gateway,6658a4177e21204a32132ed31d1df770bb3703c85230c57518a968d80de98083,tcc-microservices-experiment-gateway-1,25.99,471649485,536870912,87.86,77,69.4MB / 76.9MB,33.3MB / 8.82MB
72,2026-09-10T07:34:14.024897+00:00,145,2026-09-10T07:34:13.655233+00:00,false,microservices,mysql,2f88683146078439186df226c8d1159a75888a2462cb39aa3da664d7caaede5a,tcc-microservices-experiment-mysql-1,25.43,512229376,1073741824,47.7,40,25.2MB / 78.8MB,47.1MB / 138MB
72,2026-09-10T07:34:14.024897+00:00,145,2026-09-10T07:34:13.655233+00:00,false,microservices,order,a81e490c5d3ce42bcf399007122ea32bc4ba9c6d6b36ecf08e57d51a5162e2a6,tcc-microservices-experiment-order-1,81.03,79901491,1073741824,7.44,3,94MB / 85.5MB,8.17MB / 3.56MB
72,2026-09-10T07:34:14.024897+00:00,145,2026-09-10T07:34:13.655233+00:00,false,microservices,product,de2b991f953e9c6187dd1d6c9a810351f7d721c830534c78d6dea65b9d420eb4,tcc-microservices-experiment-product-1,0.02,75015127,1073741824,6.99,3,417kB / 282kB,3.67MB / 3.67MB
73,2026-09-10T07:34:15.024891+00:00,147,2026-09-10T07:34:14.655428+00:00,false,microservices,auth,3f82d3ba21d27f81506a97a6b693c057cc31a81d5e03391457caa149fe37f1e0,tcc-microservices-experiment-auth-1,0.02,75350671,1073741824,7.02,3,46kB / 40.3kB,12MB / 3.95MB
73,2026-09-10T07:34:15.024891+00:00,147,2026-09-10T07:34:14.655428+00:00,false,microservices,gateway,6658a4177e21204a32132ed31d1df770bb3703c85230c57518a968d80de98083,tcc-microservices-experiment-gateway-1,27.04,470810624,536870912,87.69,77,70.2MB / 77.7MB,33.3MB / 8.82MB
73,2026-09-10T07:34:15.024891+00:00,147,2026-09-10T07:34:14.655428+00:00,false,microservices,mysql,2f88683146078439186df226c8d1159a75888a2462cb39aa3da664d7caaede5a,tcc-microservices-experiment-mysql-1,28.96,512124518,1073741824,47.69,40,25.4MB / 79.5MB,47.1MB / 138MB
73,2026-09-10T07:34:15.024891+00:00,147,2026-09-10T07:34:14.655428+00:00,false,microservices,order,a81e490c5d3ce42bcf399007122ea32bc4ba9c6d6b36ecf08e57d51a5162e2a6,tcc-microservices-experiment-order-1,81.7,79492547,1073741824,7.4,3,94.9MB / 86.3MB,8.17MB / 3.56MB
73,2026-09-10T07:34:15.024891+00:00,147,2026-09-10T07:34:14.655428+00:00,false,microservices,product,de2b991f953e9c6187dd1d6c9a810351f7d721c830534c78d6dea65b9d420eb4,tcc-microservices-experiment-product-1,0.02,75015127,1073741824,6.99,3,417kB / 282kB,3.67MB / 3.67MB
74,2026-09-10T07:34:16.024893+00:00,149,2026-09-10T07:34:15.655296+00:00,false,microservices,auth,3f82d3ba21d27f81506a97a6b693c057cc31a81d5e03391457caa149fe37f1e0,tcc-microservices-experiment-auth-1,0.02,75350671,1073741824,7.02,3,46kB / 40.3kB,12MB / 3.95MB
74,2026-09-10T07:34:16.024893+00:00,149,2026-09-10T07:34:15.655296+00:00,false,microservices,gateway,6658a4177e21204a32132ed31d1df770bb3703c85230c57518a968d80de98083,tcc-microservices-experiment-gateway-1,26.56,471439770,536870912,87.81,77,70.9MB / 78.6MB,33.3MB / 8.82MB
74,2026-09-10T07:34:16.024893+00:00,149,2026-09-10T07:34:15.655296+00:00,false,microservices,mysql,2f88683146078439186df226c8d1159a75888a2462cb39aa3da664d7caaede5a,tcc-microservices-experiment-mysql-1,25.31,511390515,1073741824,47.63,40,25.6MB / 80.3MB,47.1MB / 138MB
74,2026-09-10T07:34:16.024893+00:00,149,2026-09-10T07:34:15.655296+00:00,false,microservices,order,a81e490c5d3ce42bcf399007122ea32bc4ba9c6d6b36ecf08e57d51a5162e2a6,tcc-microservices-experiment-order-1,81.54,80163635,1073741824,7.47,3,95.9MB / 87.2MB,8.17MB / 3.56MB
74,2026-09-10T07:34:16.024893+00:00,149,2026-09-10T07:34:15.655296+00:00,false,microservices,product,de2b991f953e9c6187dd1d6c9a810351f7d721c830534c78d6dea65b9d420eb4,tcc-microservices-experiment-product-1,0.02,75015127,1073741824,6.99,3,417kB / 282kB,3.67MB / 3.67MB
75,2026-09-10T07:34:17.024909+00:00,151,2026-09-10T07:34:16.656524+00:00,false,microservices,auth,3f82d3ba21d27f81506a97a6b693c057cc31a81d5e03391457caa149fe37f1e0,tcc-microservices-experiment-auth-1,0.02,75350671,1073741824,7.02,3,46kB / 40.3kB,12MB / 3.95MB
75,2026-09-10T07:34:17.024909+00:00,151,2026-09-10T07:34:16.656524+00:00,false,microservices,gateway,6658a4177e21204a32132ed31d1df770bb3703c85230c57518a968d80de98083,tcc-microservices-experiment-gateway-1,26.81,471649485,536870912,87.85,77,71.6MB / 79.4MB,33.3MB / 8.82MB
75,2026-09-10T07:34:17.024909+00:00,151,2026-09-10T07:34:16.656524+00:00,false,microservices,mysql,2f88683146078439186df226c8d1159a75888a2462cb39aa3da664d7caaede5a,tcc-microservices-experiment-mysql-1,30.05,513068237,1073741824,47.78,40,25.9MB / 81.1MB,47.1MB / 138MB
75,2026-09-10T07:34:17.024909+00:00,151,2026-09-10T07:34:16.656524+00:00,false,microservices,order,a81e490c5d3ce42bcf399007122ea32bc4ba9c6d6b36ecf08e57d51a5162e2a6,tcc-microservices-experiment-order-1,80.3,79524004,1073741824,7.41,3,96.8MB / 88.1MB,8.17MB / 3.56MB
75,2026-09-10T07:34:17.024909+00:00,151,2026-09-10T07:34:16.656524+00:00,false,microservices,product,de2b991f953e9c6187dd1d6c9a810351f7d721c830534c78d6dea65b9d420eb4,tcc-microservices-experiment-product-1,0.01,75015127,1073741824,6.99,3,417kB / 282kB,3.67MB / 3.67MB
76,2026-09-10T07:34:18.024916+00:00,153,2026-09-10T07:34:17.655330+00:00,false,microservices,auth,3f82d3ba21d27f81506a97a6b693c057cc31a81d5e03391457caa149fe37f1e0,tcc-microservices-experiment-auth-1,0.02,75350671,1073741824,7.02,3,46.1kB / 40.3kB,12MB / 3.95MB
76,2026-09-10T07:34:18.024916+00:00,153,2026-09-10T07:34:17.655330+00:00,false,microservices,gateway,6658a4177e21204a32132ed31d1df770bb3703c85230c57518a968d80de98083,tcc-microservices-experiment-gateway-1,27.29,471754342,536870912,87.87,77,72.3MB / 80.2MB,33.3MB / 8.82MB
76,2026-09-10T07:34:18.024916+00:00,153,2026-09-10T07:34:17.655330+00:00,false,microservices,mysql,2f88683146078439186df226c8d1159a75888a2462cb39aa3da664d7caaede5a,tcc-microservices-experiment-mysql-1,25.19,512858522,1073741824,47.76,40,26.1MB / 81.8MB,47.1MB / 138MB
76,2026-09-10T07:34:18.024916+00:00,153,2026-09-10T07:34:17.655330+00:00,false,microservices,order,a81e490c5d3ce42bcf399007122ea32bc4ba9c6d6b36ecf08e57d51a5162e2a6,tcc-microservices-experiment-order-1,80.6,79282831,1073741824,7.38,3,97.7MB / 88.9MB,8.17MB / 3.56MB
76,2026-09-10T07:34:18.024916+00:00,153,2026-09-10T07:34:17.655330+00:00,false,microservices,product,de2b991f953e9c6187dd1d6c9a810351f7d721c830534c78d6dea65b9d420eb4,tcc-microservices-experiment-product-1,0.02,75015127,1073741824,6.99,3,417kB / 282kB,3.67MB / 3.67MB
77,2026-09-10T07:34:19.024919+00:00,155,2026-09-10T07:34:18.655271+00:00,false,microservices,auth,3f82d3ba21d27f81506a97a6b693c057cc31a81d5e03391457caa149fe37f1e0,tcc-microservices-experiment-auth-1,0.02,75350671,1073741824,7.02,3,46.1kB / 40.3kB,12MB / 3.95MB
77,2026-09-10T07:34:19.024919+00:00,155,2026-09-10T07:34:18.655271+00:00,false,microservices,gateway,6658a4177e21204a32132ed31d1df770bb3703c85230c57518a968d80de98083,tcc-microservices-experiment-gateway-1,28.48,471439770,536870912,87.81,77,73.1MB / 81MB,33.3MB / 8.82MB
77,2026-09-10T07:34:19.024919+00:00,155,2026-09-10T07:34:18.655271+00:00,false,microservices,mysql,2f88683146078439186df226c8d1159a75888a2462cb39aa3da664d7caaede5a,tcc-microservices-experiment-mysql-1,28.84,512334234,1073741824,47.71,40,26.3MB / 82.6MB,47.1MB / 138MB
77,2026-09-10T07:34:19.024919+00:00,155,2026-09-10T07:34:18.655271+00:00,false,microservices,order,a81e490c5d3ce42bcf399007122ea32bc4ba9c6d6b36ecf08e57d51a5162e2a6,tcc-microservices-experiment-order-1,81.93,79052145,1073741824,7.36,3,98.7MB / 89.8MB,8.17MB / 4.8MB
77,2026-09-10T07:34:19.024919+00:00,155,2026-09-10T07:34:18.655271+00:00,false,microservices,product,de2b991f953e9c6187dd1d6c9a810351f7d721c830534c78d6dea65b9d420eb4,tcc-microservices-experiment-product-1,0.02,75015127,1073741824,6.99,3,417kB / 282kB,3.67MB / 3.67MB
78,2026-09-10T07:34:20.024890+00:00,157,2026-09-10T07:34:19.655128+00:00,false,microservices,auth,3f82d3ba21d27f81506a97a6b693c057cc31a81d5e03391457caa149fe37f1e0,tcc-microservices-experiment-auth-1,0.02,75350671,1073741824,7.02,3,46.1kB / 40.3kB,12MB / 3.95MB
78,2026-09-10T07:34:20.024890+00:00,157,2026-09-10T07:34:19.655128+00:00,false,microservices,gateway,6658a4177e21204a32132ed31d1df770bb3703c85230c57518a968d80de98083,tcc-microservices-experiment-gateway-1,27.24,471020339,536870912,87.73,77,73.8MB / 81.8MB,33.3MB / 8.82MB
78,2026-09-10T07:34:20.024890+00:00,157,2026-09-10T07:34:19.655128+00:00,false,microservices,mysql,2f88683146078439186df226c8d1159a75888a2462cb39aa3da664d7caaede5a,tcc-microservices-experiment-mysql-1,25.19,512334234,1073741824,47.71,40,26.5MB / 83.4MB,47.1MB / 138MB
78,2026-09-10T07:34:20.024890+00:00,157,2026-09-10T07:34:19.655128+00:00,false,microservices,order,a81e490c5d3ce42bcf399007122ea32bc4ba9c6d6b36ecf08e57d51a5162e2a6,tcc-microservices-experiment-order-1,81.06,79712748,1073741824,7.42,3,99.6MB / 90.6MB,8.17MB / 4.8MB
78,2026-09-10T07:34:20.024890+00:00,157,2026-09-10T07:34:19.655128+00:00,false,microservices,product,de2b991f953e9c6187dd1d6c9a810351f7d721c830534c78d6dea65b9d420eb4,tcc-microservices-experiment-product-1,0.02,75015127,1073741824,6.99,3,417kB / 282kB,3.67MB / 3.67MB
79,2026-09-10T07:34:21.024925+00:00,159,2026-09-10T07:34:20.656307+00:00,false,microservices,auth,3f82d3ba21d27f81506a97a6b693c057cc31a81d5e03391457caa149fe37f1e0,tcc-microservices-experiment-auth-1,0.02,75350671,1073741824,7.02,3,46.1kB / 40.3kB,12MB / 3.95MB
79,2026-09-10T07:34:21.024925+00:00,159,2026-09-10T07:34:20.656307+00:00,false,microservices,gateway,6658a4177e21204a32132ed31d1df770bb3703c85230c57518a968d80de98083,tcc-microservices-experiment-gateway-1,27.46,470391194,536870912,87.63,77,74.5MB / 82.6MB,33.3MB / 8.82MB
79,2026-09-10T07:34:21.024925+00:00,159,2026-09-10T07:34:20.656307+00:00,false,microservices,mysql,2f88683146078439186df226c8d1159a75888a2462cb39aa3da664d7caaede5a,tcc-microservices-experiment-mysql-1,28.92,511705088,1073741824,47.66,40,26.7MB / 84.2MB,47.1MB / 138MB
79,2026-09-10T07:34:21.024925+00:00,159,2026-09-10T07:34:20.656307+00:00,false,microservices,order,a81e490c5d3ce42bcf399007122ea32bc4ba9c6d6b36ecf08e57d51a5162e2a6,tcc-microservices-experiment-order-1,81.97,79188460,1073741824,7.38,3,101MB / 91.5MB,8.17MB / 4.8MB
79,2026-09-10T07:34:21.024925+00:00,159,2026-09-10T07:34:20.656307+00:00,false,microservices,product,de2b991f953e9c6187dd1d6c9a810351f7d721c830534c78d6dea65b9d420eb4,tcc-microservices-experiment-product-1,0.01,75015127,1073741824,6.99,3,417kB / 282kB,3.67MB / 3.67MB
80,2026-09-10T07:34:22.024893+00:00,161,2026-09-10T07:34:21.654864+00:00,false,microservices,auth,3f82d3ba21d27f81506a97a6b693c057cc31a81d5e03391457caa149fe37f1e0,tcc-microservices-experiment-auth-1,0.01,75350671,1073741824,7.02,3,46.1kB / 40.3kB,12MB / 3.95MB
80,2026-09-10T07:34:22.024893+00:00,161,2026-09-10T07:34:21.654864+00:00,false,microservices,gateway,6658a4177e21204a32132ed31d1df770bb3703c85230c57518a968d80de98083,tcc-microservices-experiment-gateway-1,27.19,471649485,536870912,87.85,77,75.3MB / 83.4MB,33.3MB / 8.82MB
80,2026-09-10T07:34:22.024893+00:00,161,2026-09-10T07:34:21.654864+00:00,false,microservices,mysql,2f88683146078439186df226c8d1159a75888a2462cb39aa3da664d7caaede5a,tcc-microservices-experiment-mysql-1,24.48,511914803,1073741824,47.68,40,27MB / 84.9MB,47.1MB / 138MB
80,2026-09-10T07:34:22.024893+00:00,161,2026-09-10T07:34:21.654864+00:00,false,microservices,order,a81e490c5d3ce42bcf399007122ea32bc4ba9c6d6b36ecf08e57d51a5162e2a6,tcc-microservices-experiment-order-1,81.46,79020687,1073741824,7.36,3,101MB / 92.4MB,8.17MB / 4.8MB
80,2026-09-10T07:34:22.024893+00:00,161,2026-09-10T07:34:21.654864+00:00,false,microservices,product,de2b991f953e9c6187dd1d6c9a810351f7d721c830534c78d6dea65b9d420eb4,tcc-microservices-experiment-product-1,0.02,75015127,1073741824,6.99,3,417kB / 282kB,3.67MB / 3.67MB
81,2026-09-10T07:34:23.024920+00:00,163,2026-09-10T07:34:22.656485+00:00,false,microservices,auth,3f82d3ba21d27f81506a97a6b693c057cc31a81d5e03391457caa149fe37f1e0,tcc-microservices-experiment-auth-1,0.02,75350671,1073741824,7.02,3,46.1kB / 40.3kB,12MB / 3.95MB
81,2026-09-10T07:34:23.024920+00:00,163,2026-09-10T07:34:22.656485+00:00,false,microservices,gateway,6658a4177e21204a32132ed31d1df770bb3703c85230c57518a968d80de98083,tcc-microservices-experiment-gateway-1,26.74,471754342,536870912,87.86,77,76MB / 84.2MB,33.3MB / 8.82MB
81,2026-09-10T07:34:23.024920+00:00,163,2026-09-10T07:34:22.656485+00:00,false,microservices,mysql,2f88683146078439186df226c8d1159a75888a2462cb39aa3da664d7caaede5a,tcc-microservices-experiment-mysql-1,28.54,512648806,1073741824,47.74,40,27.2MB / 85.7MB,47.1MB / 138MB
81,2026-09-10T07:34:23.024920+00:00,163,2026-09-10T07:34:22.656485+00:00,false,microservices,order,a81e490c5d3ce42bcf399007122ea32bc4ba9c6d6b36ecf08e57d51a5162e2a6,tcc-microservices-experiment-order-1,82.85,79544975,1073741824,7.41,3,102MB / 93.2MB,8.17MB / 4.8MB
81,2026-09-10T07:34:23.024920+00:00,163,2026-09-10T07:34:22.656485+00:00,false,microservices,product,de2b991f953e9c6187dd1d6c9a810351f7d721c830534c78d6dea65b9d420eb4,tcc-microservices-experiment-product-1,0.01,75015127,1073741824,6.99,3,417kB / 282kB,3.67MB / 3.67MB
82,2026-09-10T07:34:24.024892+00:00,165,2026-09-10T07:34:23.655001+00:00,false,microservices,auth,3f82d3ba21d27f81506a97a6b693c057cc31a81d5e03391457caa149fe37f1e0,tcc-microservices-experiment-auth-1,0.02,75350671,1073741824,7.02,3,46.1kB / 40.3kB,12MB / 3.95MB
82,2026-09-10T07:34:24.024892+00:00,165,2026-09-10T07:34:23.655001+00:00,false,microservices,gateway,6658a4177e21204a32132ed31d1df770bb3703c85230c57518a968d80de98083,tcc-microservices-experiment-gateway-1,26.44,470810624,536870912,87.69,77,76.7MB / 85MB,33.3MB / 8.83MB
82,2026-09-10T07:34:24.024892+00:00,165,2026-09-10T07:34:23.655001+00:00,false,microservices,mysql,2f88683146078439186df226c8d1159a75888a2462cb39aa3da664d7caaede5a,tcc-microservices-experiment-mysql-1,25.98,511914803,1073741824,47.68,40,27.4MB / 86.4MB,47.1MB / 138MB
82,2026-09-10T07:34:24.024892+00:00,165,2026-09-10T07:34:23.655001+00:00,false,microservices,order,a81e490c5d3ce42bcf399007122ea32bc4ba9c6d6b36ecf08e57d51a5162e2a6,tcc-microservices-experiment-order-1,80.3,79366717,1073741824,7.39,3,103MB / 94MB,8.17MB / 4.8MB
82,2026-09-10T07:34:24.024892+00:00,165,2026-09-10T07:34:23.655001+00:00,false,microservices,product,de2b991f953e9c6187dd1d6c9a810351f7d721c830534c78d6dea65b9d420eb4,tcc-microservices-experiment-product-1,0.02,75015127,1073741824,6.99,3,417kB / 282kB,3.67MB / 3.67MB
83,2026-09-10T07:34:25.024924+00:00,167,2026-09-10T07:34:24.656212+00:00,false,microservices,auth,3f82d3ba21d27f81506a97a6b693c057cc31a81d5e03391457caa149fe37f1e0,tcc-microservices-experiment-auth-1,0.02,75350671,1073741824,7.02,3,46.1kB / 40.3kB,12MB / 3.95MB
83,2026-09-10T07:34:25.024924+00:00,167,2026-09-10T07:34:24.656212+00:00,false,microservices,gateway,6658a4177e21204a32132ed31d1df770bb3703c85230c57518a968d80de98083,tcc-microservices-experiment-gateway-1,27.38,472068915,536870912,87.94,77,77.4MB / 85.8MB,33.3MB / 8.83MB
83,2026-09-10T07:34:25.024924+00:00,167,2026-09-10T07:34:24.656212+00:00,false,microservices,mysql,2f88683146078439186df226c8d1159a75888a2462cb39aa3da664d7caaede5a,tcc-microservices-experiment-mysql-1,29.55,512753664,1073741824,47.76,40,27.6MB / 87.2MB,47.1MB / 138MB
83,2026-09-10T07:34:25.024924+00:00,167,2026-09-10T07:34:24.656212+00:00,false,microservices,order,a81e490c5d3ce42bcf399007122ea32bc4ba9c6d6b36ecf08e57d51a5162e2a6,tcc-microservices-experiment-order-1,80.88,79723233,1073741824,7.42,3,104MB / 94.9MB,8.17MB / 4.8MB
83,2026-09-10T07:34:25.024924+00:00,167,2026-09-10T07:34:24.656212+00:00,false,microservices,product,de2b991f953e9c6187dd1d6c9a810351f7d721c830534c78d6dea65b9d420eb4,tcc-microservices-experiment-product-1,0.02,75015127,1073741824,6.99,3,417kB / 282kB,3.67MB / 3.67MB
84,2026-09-10T07:34:26.024914+00:00,169,2026-09-10T07:34:25.656476+00:00,false,microservices,auth,3f82d3ba21d27f81506a97a6b693c057cc31a81d5e03391457caa149fe37f1e0,tcc-microservices-experiment-auth-1,0.02,75350671,1073741824,7.02,3,46.1kB / 40.3kB,12MB / 3.95MB
84,2026-09-10T07:34:26.024914+00:00,169,2026-09-10T07:34:25.656476+00:00,false,microservices,gateway,6658a4177e21204a32132ed31d1df770bb3703c85230c57518a968d80de98083,tcc-microservices-experiment-gateway-1,26.8,471649485,536870912,87.85,77,78.1MB / 86.6MB,33.3MB / 8.83MB
84,2026-09-10T07:34:26.024914+00:00,169,2026-09-10T07:34:25.656476+00:00,false,microservices,mysql,2f88683146078439186df226c8d1159a75888a2462cb39aa3da664d7caaede5a,tcc-microservices-experiment-mysql-1,25.95,511600230,1073741824,47.64,40,27.8MB / 88MB,47.1MB / 138MB
84,2026-09-10T07:34:26.024914+00:00,169,2026-09-10T07:34:25.656476+00:00,false,microservices,order,a81e490c5d3ce42bcf399007122ea32bc4ba9c6d6b36ecf08e57d51a5162e2a6,tcc-microservices-experiment-order-1,80.01,79681290,1073741824,7.42,3,105MB / 95.7MB,8.17MB / 4.8MB
84,2026-09-10T07:34:26.024914+00:00,169,2026-09-10T07:34:25.656476+00:00,false,microservices,product,de2b991f953e9c6187dd1d6c9a810351f7d721c830534c78d6dea65b9d420eb4,tcc-microservices-experiment-product-1,0.02,75015127,1073741824,6.99,3,417kB / 282kB,3.67MB / 3.67MB
85,2026-09-10T07:34:27.024893+00:00,171,2026-09-10T07:34:26.657204+00:00,false,microservices,auth,3f82d3ba21d27f81506a97a6b693c057cc31a81d5e03391457caa149fe37f1e0,tcc-microservices-experiment-auth-1,0.02,75350671,1073741824,7.02,3,46.1kB / 40.3kB,12MB / 3.95MB
85,2026-09-10T07:34:27.024893+00:00,171,2026-09-10T07:34:26.657204+00:00,false,microservices,gateway,6658a4177e21204a32132ed31d1df770bb3703c85230c57518a968d80de98083,tcc-microservices-experiment-gateway-1,28.27,471964058,536870912,87.91,77,78.9MB / 87.4MB,33.3MB / 8.83MB
85,2026-09-10T07:34:27.024893+00:00,171,2026-09-10T07:34:26.657204+00:00,false,microservices,mysql,2f88683146078439186df226c8d1159a75888a2462cb39aa3da664d7caaede5a,tcc-microservices-experiment-mysql-1,29.16,512858522,1073741824,47.77,40,28MB / 88.7MB,47.1MB / 138MB
85,2026-09-10T07:34:27.024893+00:00,171,2026-09-10T07:34:26.657204+00:00,false,microservices,order,a81e490c5d3ce42bcf399007122ea32bc4ba9c6d6b36ecf08e57d51a5162e2a6,tcc-microservices-experiment-order-1,81.07,79356232,1073741824,7.39,3,106MB / 96.6MB,8.17MB / 4.8MB
85,2026-09-10T07:34:27.024893+00:00,171,2026-09-10T07:34:26.657204+00:00,false,microservices,product,de2b991f953e9c6187dd1d6c9a810351f7d721c830534c78d6dea65b9d420eb4,tcc-microservices-experiment-product-1,0.02,75015127,1073741824,6.99,3,417kB / 282kB,3.67MB / 3.67MB
86,2026-09-10T07:34:28.024914+00:00,173,2026-09-10T07:34:27.655379+00:00,false,microservices,auth,3f82d3ba21d27f81506a97a6b693c057cc31a81d5e03391457caa149fe37f1e0,tcc-microservices-experiment-auth-1,0.02,75350671,1073741824,7.02,3,46.1kB / 40.3kB,12MB / 3.95MB
86,2026-09-10T07:34:28.024914+00:00,173,2026-09-10T07:34:27.655379+00:00,false,microservices,gateway,6658a4177e21204a32132ed31d1df770bb3703c85230c57518a968d80de98083,tcc-microservices-experiment-gateway-1,29.26,471230054,536870912,87.77,77,79.6MB / 88.2MB,33.3MB / 8.83MB
86,2026-09-10T07:34:28.024914+00:00,173,2026-09-10T07:34:27.655379+00:00,false,microservices,mysql,2f88683146078439186df226c8d1159a75888a2462cb39aa3da664d7caaede5a,tcc-microservices-experiment-mysql-1,24.86,511495373,1073741824,47.63,40,28.2MB / 89.5MB,47.1MB / 138MB
86,2026-09-10T07:34:28.024914+00:00,173,2026-09-10T07:34:27.655379+00:00,false,microservices,order,a81e490c5d3ce42bcf399007122ea32bc4ba9c6d6b36ecf08e57d51a5162e2a6,tcc-microservices-experiment-order-1,81.96,79440118,1073741824,7.4,3,107MB / 97.4MB,8.17MB / 4.8MB
86,2026-09-10T07:34:28.024914+00:00,173,2026-09-10T07:34:27.655379+00:00,false,microservices,product,de2b991f953e9c6187dd1d6c9a810351f7d721c830534c78d6dea65b9d420eb4,tcc-microservices-experiment-product-1,0.02,75015127,1073741824,6.99,3,417kB / 282kB,3.67MB / 3.67MB
87,2026-09-10T07:34:29.024898+00:00,175,2026-09-10T07:34:28.656378+00:00,false,microservices,auth,3f82d3ba21d27f81506a97a6b693c057cc31a81d5e03391457caa149fe37f1e0,tcc-microservices-experiment-auth-1,0.02,75350671,1073741824,7.02,3,46.1kB / 40.3kB,12MB / 3.95MB
87,2026-09-10T07:34:29.024898+00:00,175,2026-09-10T07:34:28.656378+00:00,false,microservices,gateway,6658a4177e21204a32132ed31d1df770bb3703c85230c57518a968d80de98083,tcc-microservices-experiment-gateway-1,26.88,471334912,536870912,87.78,77,80.3MB / 89MB,33.3MB / 8.83MB
87,2026-09-10T07:34:29.024898+00:00,175,2026-09-10T07:34:28.656378+00:00,false,microservices,mysql,2f88683146078439186df226c8d1159a75888a2462cb39aa3da664d7caaede5a,tcc-microservices-experiment-mysql-1,29.43,512753664,1073741824,47.75,40,28.5MB / 90.3MB,47.1MB / 138MB
87,2026-09-10T07:34:29.024898+00:00,175,2026-09-10T07:34:28.656378+00:00,false,microservices,order,a81e490c5d3ce42bcf399007122ea32bc4ba9c6d6b36ecf08e57d51a5162e2a6,tcc-microservices-experiment-order-1,81.26,79712748,1073741824,7.42,3,108MB / 98.3MB,8.17MB / 4.8MB
87,2026-09-10T07:34:29.024898+00:00,175,2026-09-10T07:34:28.656378+00:00,false,microservices,product,de2b991f953e9c6187dd1d6c9a810351f7d721c830534c78d6dea65b9d420eb4,tcc-microservices-experiment-product-1,0.02,75015127,1073741824,6.99,3,417kB / 282kB,3.67MB / 3.67MB
88,2026-09-10T07:34:30.024910+00:00,177,2026-09-10T07:34:29.656262+00:00,false,microservices,auth,3f82d3ba21d27f81506a97a6b693c057cc31a81d5e03391457caa149fe37f1e0,tcc-microservices-experiment-auth-1,0.02,75350671,1073741824,7.02,3,46.1kB / 40.3kB,12MB / 3.95MB
88,2026-09-10T07:34:30.024910+00:00,177,2026-09-10T07:34:29.656262+00:00,false,microservices,gateway,6658a4177e21204a32132ed31d1df770bb3703c85230c57518a968d80de98083,tcc-microservices-experiment-gateway-1,26.13,471859200,536870912,87.89,77,81.1MB / 89.8MB,33.3MB / 8.83MB
88,2026-09-10T07:34:30.024910+00:00,177,2026-09-10T07:34:29.656262+00:00,false,microservices,mysql,2f88683146078439186df226c8d1159a75888a2462cb39aa3da664d7caaede5a,tcc-microservices-experiment-mysql-1,25.66,512334234,1073741824,47.71,40,28.7MB / 91MB,47.1MB / 138MB
88,2026-09-10T07:34:30.024910+00:00,177,2026-09-10T07:34:29.656262+00:00,false,microservices,order,a81e490c5d3ce42bcf399007122ea32bc4ba9c6d6b36ecf08e57d51a5162e2a6,tcc-microservices-experiment-order-1,79.62,79482061,1073741824,7.4,3,109MB / 99.1MB,8.17MB / 4.8MB
88,2026-09-10T07:34:30.024910+00:00,177,2026-09-10T07:34:29.656262+00:00,false,microservices,product,de2b991f953e9c6187dd1d6c9a810351f7d721c830534c78d6dea65b9d420eb4,tcc-microservices-experiment-product-1,0.01,75015127,1073741824,6.99,3,417kB / 282kB,3.67MB / 3.67MB
89,2026-09-10T07:34:31.024898+00:00,179,2026-09-10T07:34:30.654730+00:00,false,microservices,auth,3f82d3ba21d27f81506a97a6b693c057cc31a81d5e03391457caa149fe37f1e0,tcc-microservices-experiment-auth-1,0.02,75350671,1073741824,7.02,3,46.1kB / 40.3kB,12MB / 3.95MB
89,2026-09-10T07:34:31.024898+00:00,179,2026-09-10T07:34:30.654730+00:00,false,microservices,gateway,6658a4177e21204a32132ed31d1df770bb3703c85230c57518a968d80de98083,tcc-microservices-experiment-gateway-1,27.31,471544627,536870912,87.84,77,81.8MB / 90.6MB,33.3MB / 8.83MB
89,2026-09-10T07:34:31.024898+00:00,179,2026-09-10T07:34:30.654730+00:00,false,microservices,mysql,2f88683146078439186df226c8d1159a75888a2462cb39aa3da664d7caaede5a,tcc-microservices-experiment-mysql-1,28.31,512543949,1073741824,47.74,40,28.9MB / 91.8MB,47.1MB / 138MB
89,2026-09-10T07:34:31.024898+00:00,179,2026-09-10T07:34:30.654730+00:00,false,microservices,order,a81e490c5d3ce42bcf399007122ea32bc4ba9c6d6b36ecf08e57d51a5162e2a6,tcc-microservices-experiment-order-1,81.54,78968259,1073741824,7.35,3,110MB / 100MB,8.17MB / 4.8MB
89,2026-09-10T07:34:31.024898+00:00,179,2026-09-10T07:34:30.654730+00:00,false,microservices,product,de2b991f953e9c6187dd1d6c9a810351f7d721c830534c78d6dea65b9d420eb4,tcc-microservices-experiment-product-1,0.02,75015127,1073741824,6.99,3,417kB / 282kB,3.67MB / 3.67MB
90,2026-09-10T07:34:32.024886+00:00,181,2026-09-10T07:34:31.656277+00:00,false,microservices,auth,3f82d3ba21d27f81506a97a6b693c057cc31a81d5e03391457caa149fe37f1e0,tcc-microservices-experiment-auth-1,0.02,75350671,1073741824,7.02,3,46.1kB / 40.3kB,12MB / 3.95MB
90,2026-09-10T07:34:32.024886+00:00,181,2026-09-10T07:34:31.656277+00:00,false,microservices,gateway,6658a4177e21204a32132ed31d1df770bb3703c85230c57518a968d80de98083,tcc-microservices-experiment-gateway-1,26.92,471439770,536870912,87.82,77,82.5MB / 91.5MB,33.3MB / 8.83MB
90,2026-09-10T07:34:32.024886+00:00,181,2026-09-10T07:34:31.656277+00:00,false,microservices,mysql,2f88683146078439186df226c8d1159a75888a2462cb39aa3da664d7caaede5a,tcc-microservices-experiment-mysql-1,24.04,511914803,1073741824,47.68,40,29.1MB / 92.6MB,47.1MB / 138MB
90,2026-09-10T07:34:32.024886+00:00,181,2026-09-10T07:34:31.656277+00:00,false,microservices,order,a81e490c5d3ce42bcf399007122ea32bc4ba9c6d6b36ecf08e57d51a5162e2a6,tcc-microservices-experiment-order-1,82.09,80027320,1073741824,7.45,3,111MB / 101MB,8.17MB / 4.8MB
90,2026-09-10T07:34:32.024886+00:00,181,2026-09-10T07:34:31.656277+00:00,false,microservices,product,de2b991f953e9c6187dd1d6c9a810351f7d721c830534c78d6dea65b9d420eb4,tcc-microservices-experiment-product-1,0.02,75015127,1073741824,6.99,3,417kB / 282kB,3.67MB / 3.67MB
91,2026-09-10T07:34:33.024893+00:00,183,2026-09-10T07:34:32.656302+00:00,false,microservices,auth,3f82d3ba21d27f81506a97a6b693c057cc31a81d5e03391457caa149fe37f1e0,tcc-microservices-experiment-auth-1,0.02,75350671,1073741824,7.02,3,46.1kB / 40.3kB,12MB / 3.95MB
91,2026-09-10T07:34:33.024893+00:00,183,2026-09-10T07:34:32.656302+00:00,false,microservices,gateway,6658a4177e21204a32132ed31d1df770bb3703c85230c57518a968d80de98083,tcc-microservices-experiment-gateway-1,27.27,472068915,536870912,87.92,77,83.3MB / 92.3MB,33.3MB / 8.83MB
91,2026-09-10T07:34:33.024893+00:00,183,2026-09-10T07:34:32.656302+00:00,false,microservices,mysql,2f88683146078439186df226c8d1159a75888a2462cb39aa3da664d7caaede5a,tcc-microservices-experiment-mysql-1,28.67,512543949,1073741824,47.74,40,29.3MB / 93.4MB,47.1MB / 138MB
91,2026-09-10T07:34:33.024893+00:00,183,2026-09-10T07:34:32.656302+00:00,false,microservices,order,a81e490c5d3ce42bcf399007122ea32bc4ba9c6d6b36ecf08e57d51a5162e2a6,tcc-microservices-experiment-order-1,82.35,79576433,1073741824,7.41,3,112MB / 102MB,8.17MB / 4.8MB
91,2026-09-10T07:34:33.024893+00:00,183,2026-09-10T07:34:32.656302+00:00,false,microservices,product,de2b991f953e9c6187dd1d6c9a810351f7d721c830534c78d6dea65b9d420eb4,tcc-microservices-experiment-product-1,0.01,75015127,1073741824,6.99,3,417kB / 282kB,3.67MB / 3.67MB
92,2026-09-10T07:34:34.024905+00:00,185,2026-09-10T07:34:33.657046+00:00,false,microservices,auth,3f82d3ba21d27f81506a97a6b693c057cc31a81d5e03391457caa149fe37f1e0,tcc-microservices-experiment-auth-1,0.02,75350671,1073741824,7.02,3,46.1kB / 40.3kB,12MB / 3.95MB
92,2026-09-10T07:34:34.024905+00:00,185,2026-09-10T07:34:33.657046+00:00,false,microservices,gateway,6658a4177e21204a32132ed31d1df770bb3703c85230c57518a968d80de98083,tcc-microservices-experiment-gateway-1,26.53,470810624,536870912,87.69,77,84MB / 93.1MB,33.3MB / 8.83MB
92,2026-09-10T07:34:34.024905+00:00,185,2026-09-10T07:34:33.657046+00:00,false,microservices,mysql,2f88683146078439186df226c8d1159a75888a2462cb39aa3da664d7caaede5a,tcc-microservices-experiment-mysql-1,24.9,512019661,1073741824,47.68,40,29.6MB / 94.1MB,47.1MB / 138MB
92,2026-09-10T07:34:34.024905+00:00,185,2026-09-10T07:34:33.657046+00:00,false,microservices,order,a81e490c5d3ce42bcf399007122ea32bc4ba9c6d6b36ecf08e57d51a5162e2a6,tcc-microservices-experiment-order-1,81.44,80132178,1073741824,7.46,3,113MB / 103MB,8.17MB / 4.8MB
92,2026-09-10T07:34:34.024905+00:00,185,2026-09-10T07:34:33.657046+00:00,false,microservices,product,de2b991f953e9c6187dd1d6c9a810351f7d721c830534c78d6dea65b9d420eb4,tcc-microservices-experiment-product-1,0.02,75015127,1073741824,6.99,3,417kB / 282kB,3.67MB / 3.67MB
93,2026-09-10T07:34:35.024937+00:00,187,2026-09-10T07:34:34.656318+00:00,false,microservices,auth,3f82d3ba21d27f81506a97a6b693c057cc31a81d5e03391457caa149fe37f1e0,tcc-microservices-experiment-auth-1,0.02,75350671,1073741824,7.02,3,46.1kB / 40.3kB,12MB / 3.95MB
93,2026-09-10T07:34:35.024937+00:00,187,2026-09-10T07:34:34.656318+00:00,false,microservices,gateway,6658a4177e21204a32132ed31d1df770bb3703c85230c57518a968d80de98083,tcc-microservices-experiment-gateway-1,28.35,471754342,536870912,87.87,77,84.7MB / 93.9MB,33.3MB / 8.83MB
93,2026-09-10T07:34:35.024937+00:00,187,2026-09-10T07:34:34.656318+00:00,false,microservices,mysql,2f88683146078439186df226c8d1159a75888a2462cb39aa3da664d7caaede5a,tcc-microservices-experiment-mysql-1,28.85,513068237,1073741824,47.79,40,29.8MB / 94.9MB,47.1MB / 138MB
93,2026-09-10T07:34:35.024937+00:00,187,2026-09-10T07:34:34.656318+00:00,false,microservices,order,a81e490c5d3ce42bcf399007122ea32bc4ba9c6d6b36ecf08e57d51a5162e2a6,tcc-microservices-experiment-order-1,81.55,79251374,1073741824,7.38,3,114MB / 103MB,8.17MB / 5MB
93,2026-09-10T07:34:35.024937+00:00,187,2026-09-10T07:34:34.656318+00:00,false,microservices,product,de2b991f953e9c6187dd1d6c9a810351f7d721c830534c78d6dea65b9d420eb4,tcc-microservices-experiment-product-1,0.01,75015127,1073741824,6.99,3,417kB / 282kB,3.67MB / 3.67MB
94,2026-09-10T07:34:36.024909+00:00,189,2026-09-10T07:34:35.656303+00:00,false,microservices,auth,3f82d3ba21d27f81506a97a6b693c057cc31a81d5e03391457caa149fe37f1e0,tcc-microservices-experiment-auth-1,0.02,75350671,1073741824,7.02,3,46.1kB / 40.3kB,12MB / 3.95MB
94,2026-09-10T07:34:36.024909+00:00,189,2026-09-10T07:34:35.656303+00:00,false,microservices,gateway,6658a4177e21204a32132ed31d1df770bb3703c85230c57518a968d80de98083,tcc-microservices-experiment-gateway-1,26.62,470915482,536870912,87.72,77,85.5MB / 94.7MB,33.3MB / 8.83MB
94,2026-09-10T07:34:36.024909+00:00,189,2026-09-10T07:34:35.656303+00:00,false,microservices,mysql,2f88683146078439186df226c8d1159a75888a2462cb39aa3da664d7caaede5a,tcc-microservices-experiment-mysql-1,25.14,511705088,1073741824,47.66,40,30MB / 95.7MB,47.1MB / 138MB
94,2026-09-10T07:34:36.024909+00:00,189,2026-09-10T07:34:35.656303+00:00,false,microservices,order,a81e490c5d3ce42bcf399007122ea32bc4ba9c6d6b36ecf08e57d51a5162e2a6,tcc-microservices-experiment-order-1,82.07,79911977,1073741824,7.44,3,114MB / 104MB,8.17MB / 5MB
94,2026-09-10T07:34:36.024909+00:00,189,2026-09-10T07:34:35.656303+00:00,false,microservices,product,de2b991f953e9c6187dd1d6c9a810351f7d721c830534c78d6dea65b9d420eb4,tcc-microservices-experiment-product-1,0.02,75015127,1073741824,6.99,3,417kB / 282kB,3.67MB / 3.67MB
95,2026-09-10T07:34:37.024924+00:00,191,2026-09-10T07:34:36.656225+00:00,false,microservices,auth,3f82d3ba21d27f81506a97a6b693c057cc31a81d5e03391457caa149fe37f1e0,tcc-microservices-experiment-auth-1,0.02,75350671,1073741824,7.02,3,46.1kB / 40.3kB,12MB / 3.95MB
95,2026-09-10T07:34:37.024924+00:00,191,2026-09-10T07:34:36.656225+00:00,false,microservices,gateway,6658a4177e21204a32132ed31d1df770bb3703c85230c57518a968d80de98083,tcc-microservices-experiment-gateway-1,26.31,471754342,536870912,87.87,77,86.2MB / 95.5MB,33.3MB / 8.83MB
95,2026-09-10T07:34:37.024924+00:00,191,2026-09-10T07:34:36.656225+00:00,false,microservices,mysql,2f88683146078439186df226c8d1159a75888a2462cb39aa3da664d7caaede5a,tcc-microservices-experiment-mysql-1,29.12,513173094,1073741824,47.79,40,30.2MB / 96.4MB,47.1MB / 138MB
95,2026-09-10T07:34:37.024924+00:00,191,2026-09-10T07:34:36.656225+00:00,false,microservices,order,a81e490c5d3ce42bcf399007122ea32bc4ba9c6d6b36ecf08e57d51a5162e2a6,tcc-microservices-experiment-order-1,81.33,79786148,1073741824,7.43,3,115MB / 105MB,8.17MB / 5MB
95,2026-09-10T07:34:37.024924+00:00,191,2026-09-10T07:34:36.656225+00:00,false,microservices,product,de2b991f953e9c6187dd1d6c9a810351f7d721c830534c78d6dea65b9d420eb4,tcc-microservices-experiment-product-1,0.01,75015127,1073741824,6.99,3,417kB / 282kB,3.67MB / 3.67MB
96,2026-09-10T07:34:38.024895+00:00,193,2026-09-10T07:34:37.657046+00:00,false,microservices,auth,3f82d3ba21d27f81506a97a6b693c057cc31a81d5e03391457caa149fe37f1e0,tcc-microservices-experiment-auth-1,0.02,75350671,1073741824,7.02,3,46.1kB / 40.3kB,12MB / 3.95MB
96,2026-09-10T07:34:38.024895+00:00,193,2026-09-10T07:34:37.657046+00:00,false,microservices,gateway,6658a4177e21204a32132ed31d1df770bb3703c85230c57518a968d80de98083,tcc-microservices-experiment-gateway-1,26.89,472068915,536870912,87.93,77,86.9MB / 96.3MB,33.3MB / 8.83MB
96,2026-09-10T07:34:38.024895+00:00,193,2026-09-10T07:34:37.657046+00:00,false,microservices,mysql,2f88683146078439186df226c8d1159a75888a2462cb39aa3da664d7caaede5a,tcc-microservices-experiment-mysql-1,24.54,511705088,1073741824,47.66,40,30.4MB / 97.2MB,47.1MB / 138MB
96,2026-09-10T07:34:38.024895+00:00,193,2026-09-10T07:34:37.657046+00:00,false,microservices,order,a81e490c5d3ce42bcf399007122ea32bc4ba9c6d6b36ecf08e57d51a5162e2a6,tcc-microservices-experiment-order-1,81.8,80100721,1073741824,7.46,3,116MB / 106MB,8.17MB / 5MB
96,2026-09-10T07:34:38.024895+00:00,193,2026-09-10T07:34:37.657046+00:00,false,microservices,product,de2b991f953e9c6187dd1d6c9a810351f7d721c830534c78d6dea65b9d420eb4,tcc-microservices-experiment-product-1,0.02,75015127,1073741824,6.99,3,417kB / 282kB,3.67MB / 3.67MB
97,2026-09-10T07:34:39.024879+00:00,195,2026-09-10T07:34:38.656267+00:00,false,microservices,auth,3f82d3ba21d27f81506a97a6b693c057cc31a81d5e03391457caa149fe37f1e0,tcc-microservices-experiment-auth-1,0.02,75350671,1073741824,7.02,3,46.1kB / 40.3kB,12MB / 3.95MB
97,2026-09-10T07:34:39.024879+00:00,195,2026-09-10T07:34:38.656267+00:00,false,microservices,gateway,6658a4177e21204a32132ed31d1df770bb3703c85230c57518a968d80de98083,tcc-microservices-experiment-gateway-1,28.38,471544627,536870912,87.83,77,87.7MB / 97.2MB,33.3MB / 8.84MB
97,2026-09-10T07:34:39.024879+00:00,195,2026-09-10T07:34:38.656267+00:00,false,microservices,mysql,2f88683146078439186df226c8d1159a75888a2462cb39aa3da664d7caaede5a,tcc-microservices-experiment-mysql-1,26.21,517262541,1073741824,48.17,46,30.7MB / 98MB,47.1MB / 138MB
97,2026-09-10T07:34:39.024879+00:00,195,2026-09-10T07:34:38.656267+00:00,false,microservices,order,a81e490c5d3ce42bcf399007122ea32bc4ba9c6d6b36ecf08e57d51a5162e2a6,tcc-microservices-experiment-order-1,82.22,79712748,1073741824,7.42,3,117MB / 107MB,8.17MB / 5MB
97,2026-09-10T07:34:39.024879+00:00,195,2026-09-10T07:34:38.656267+00:00,false,microservices,product,de2b991f953e9c6187dd1d6c9a810351f7d721c830534c78d6dea65b9d420eb4,tcc-microservices-experiment-product-1,0.01,75015127,1073741824,6.99,3,417kB / 282kB,3.67MB / 3.67MB
98,2026-09-10T07:34:40.024896+00:00,197,2026-09-10T07:34:39.656966+00:00,false,microservices,auth,3f82d3ba21d27f81506a97a6b693c057cc31a81d5e03391457caa149fe37f1e0,tcc-microservices-experiment-auth-1,0.02,75350671,1073741824,7.02,3,46.1kB / 40.3kB,12MB / 3.95MB
98,2026-09-10T07:34:40.024896+00:00,197,2026-09-10T07:34:39.656966+00:00,false,microservices,gateway,6658a4177e21204a32132ed31d1df770bb3703c85230c57518a968d80de98083,tcc-microservices-experiment-gateway-1,25.86,471754342,536870912,87.86,77,88.4MB / 98MB,33.3MB / 8.84MB
98,2026-09-10T07:34:40.024896+00:00,197,2026-09-10T07:34:39.656966+00:00,false,microservices,mysql,2f88683146078439186df226c8d1159a75888a2462cb39aa3da664d7caaede5a,tcc-microservices-experiment-mysql-1,29.49,512543949,1073741824,47.73,40,30.9MB / 98.8MB,47.1MB / 138MB
98,2026-09-10T07:34:40.024896+00:00,197,2026-09-10T07:34:39.656966+00:00,false,microservices,order,a81e490c5d3ce42bcf399007122ea32bc4ba9c6d6b36ecf08e57d51a5162e2a6,tcc-microservices-experiment-order-1,79.58,79408660,1073741824,7.4,3,118MB / 108MB,8.17MB / 5MB
98,2026-09-10T07:34:40.024896+00:00,197,2026-09-10T07:34:39.656966+00:00,false,microservices,product,de2b991f953e9c6187dd1d6c9a810351f7d721c830534c78d6dea65b9d420eb4,tcc-microservices-experiment-product-1,0.02,75015127,1073741824,6.99,3,417kB / 282kB,3.67MB / 3.67MB
99,2026-09-10T07:34:41.024881+00:00,199,2026-09-10T07:34:40.656354+00:00,false,microservices,auth,3f82d3ba21d27f81506a97a6b693c057cc31a81d5e03391457caa149fe37f1e0,tcc-microservices-experiment-auth-1,0.02,75350671,1073741824,7.02,3,46.1kB / 40.3kB,12MB / 3.95MB
99,2026-09-10T07:34:41.024881+00:00,199,2026-09-10T07:34:40.656354+00:00,false,microservices,gateway,6658a4177e21204a32132ed31d1df770bb3703c85230c57518a968d80de98083,tcc-microservices-experiment-gateway-1,26.48,471334912,536870912,87.8,77,89.1MB / 98.8MB,33.3MB / 8.84MB
99,2026-09-10T07:34:41.024881+00:00,199,2026-09-10T07:34:40.656354+00:00,false,microservices,mysql,2f88683146078439186df226c8d1159a75888a2462cb39aa3da664d7caaede5a,tcc-microservices-experiment-mysql-1,26.67,511705088,1073741824,47.66,40,31.1MB / 99.5MB,47.1MB / 138MB
99,2026-09-10T07:34:41.024881+00:00,199,2026-09-10T07:34:40.656354+00:00,false,microservices,order,a81e490c5d3ce42bcf399007122ea32bc4ba9c6d6b36ecf08e57d51a5162e2a6,tcc-microservices-experiment-order-1,79.52,79838577,1073741824,7.44,3,119MB / 109MB,8.17MB / 5MB
99,2026-09-10T07:34:41.024881+00:00,199,2026-09-10T07:34:40.656354+00:00,false,microservices,product,de2b991f953e9c6187dd1d6c9a810351f7d721c830534c78d6dea65b9d420eb4,tcc-microservices-experiment-product-1,0.02,75015127,1073741824,6.99,3,417kB / 282kB,3.67MB / 3.67MB
100,2026-09-10T07:34:42.024885+00:00,201,2026-09-10T07:34:41.656527+00:00,false,microservices,auth,3f82d3ba21d27f81506a97a6b693c057cc31a81d5e03391457caa149fe37f1e0,tcc-microservices-experiment-auth-1,0.02,75350671,1073741824,7.02,3,46.1kB / 40.3kB,12MB / 3.95MB
100,2026-09-10T07:34:42.024885+00:00,201,2026-09-10T07:34:41.656527+00:00,false,microservices,gateway,6658a4177e21204a32132ed31d1df770bb3703c85230c57518a968d80de98083,tcc-microservices-experiment-gateway-1,26.82,472173773,536870912,87.96,77,89.9MB / 99.6MB,33.3MB / 8.84MB
100,2026-09-10T07:34:42.024885+00:00,201,2026-09-10T07:34:41.656527+00:00,false,microservices,mysql,2f88683146078439186df226c8d1159a75888a2462cb39aa3da664d7caaede5a,tcc-microservices-experiment-mysql-1,29.39,512229376,1073741824,47.71,40,31.3MB / 100MB,47.1MB / 138MB
100,2026-09-10T07:34:42.024885+00:00,201,2026-09-10T07:34:41.656527+00:00,false,microservices,order,a81e490c5d3ce42bcf399007122ea32bc4ba9c6d6b36ecf08e57d51a5162e2a6,tcc-microservices-experiment-order-1,80.13,80247521,1073741824,7.47,3,120MB / 109MB,8.17MB / 5MB
100,2026-09-10T07:34:42.024885+00:00,201,2026-09-10T07:34:41.656527+00:00,false,microservices,product,de2b991f953e9c6187dd1d6c9a810351f7d721c830534c78d6dea65b9d420eb4,tcc-microservices-experiment-product-1,0.02,75015127,1073741824,6.99,3,417kB / 282kB,3.67MB / 3.67MB
101,2026-09-10T07:34:43.024893+00:00,203,2026-09-10T07:34:42.656336+00:00,false,microservices,auth,3f82d3ba21d27f81506a97a6b693c057cc31a81d5e03391457caa149fe37f1e0,tcc-microservices-experiment-auth-1,0.02,75350671,1073741824,7.02,3,46.1kB / 40.3kB,12MB / 3.95MB
101,2026-09-10T07:34:43.024893+00:00,203,2026-09-10T07:34:42.656336+00:00,false,microservices,gateway,6658a4177e21204a32132ed31d1df770bb3703c85230c57518a968d80de98083,tcc-microservices-experiment-gateway-1,27.92,472383488,536870912,87.99,77,90.6MB / 100MB,33.3MB / 8.84MB
101,2026-09-10T07:34:43.024893+00:00,203,2026-09-10T07:34:42.656336+00:00,false,microservices,mysql,2f88683146078439186df226c8d1159a75888a2462cb39aa3da664d7caaede5a,tcc-microservices-experiment-mysql-1,25.87,512019661,1073741824,47.69,40,31.5MB / 101MB,47.1MB / 138MB
101,2026-09-10T07:34:43.024893+00:00,203,2026-09-10T07:34:42.656336+00:00,false,microservices,order,a81e490c5d3ce42bcf399007122ea32bc4ba9c6d6b36ecf08e57d51a5162e2a6,tcc-microservices-experiment-order-1,80.48,79597404,1073741824,7.41,3,121MB / 110MB,8.17MB / 5MB
101,2026-09-10T07:34:43.024893+00:00,203,2026-09-10T07:34:42.656336+00:00,false,microservices,product,de2b991f953e9c6187dd1d6c9a810351f7d721c830534c78d6dea65b9d420eb4,tcc-microservices-experiment-product-1,0.01,75015127,1073741824,6.99,3,417kB / 282kB,3.67MB / 3.67MB
102,2026-09-10T07:34:44.024909+00:00,205,2026-09-10T07:34:43.656828+00:00,false,microservices,auth,3f82d3ba21d27f81506a97a6b693c057cc31a81d5e03391457caa149fe37f1e0,tcc-microservices-experiment-auth-1,0.02,75350671,1073741824,7.02,3,46.1kB / 40.3kB,12MB / 3.95MB
102,2026-09-10T07:34:44.024909+00:00,205,2026-09-10T07:34:43.656828+00:00,false,microservices,gateway,6658a4177e21204a32132ed31d1df770bb3703c85230c57518a968d80de98083,tcc-microservices-experiment-gateway-1,29.46,472593203,536870912,88.03,77,91.3MB / 101MB,33.3MB / 8.84MB
102,2026-09-10T07:34:44.024909+00:00,205,2026-09-10T07:34:43.656828+00:00,false,microservices,mysql,2f88683146078439186df226c8d1159a75888a2462cb39aa3da664d7caaede5a,tcc-microservices-experiment-mysql-1,29.32,512124518,1073741824,47.7,40,31.7MB / 102MB,47.1MB / 138MB
102,2026-09-10T07:34:44.024909+00:00,205,2026-09-10T07:34:43.656828+00:00,false,microservices,order,a81e490c5d3ce42bcf399007122ea32bc4ba9c6d6b36ecf08e57d51a5162e2a6,tcc-microservices-experiment-order-1,80.91,79450604,1073741824,7.4,3,122MB / 111MB,8.17MB / 5MB
102,2026-09-10T07:34:44.024909+00:00,205,2026-09-10T07:34:43.656828+00:00,false,microservices,product,de2b991f953e9c6187dd1d6c9a810351f7d721c830534c78d6dea65b9d420eb4,tcc-microservices-experiment-product-1,0.02,75015127,1073741824,6.99,3,417kB / 282kB,3.67MB / 3.67MB
103,2026-09-10T07:34:45.024895+00:00,207,2026-09-10T07:34:44.656333+00:00,false,microservices,auth,3f82d3ba21d27f81506a97a6b693c057cc31a81d5e03391457caa149fe37f1e0,tcc-microservices-experiment-auth-1,0.02,75350671,1073741824,7.02,3,46.1kB / 40.3kB,12MB / 3.95MB
103,2026-09-10T07:34:45.024895+00:00,207,2026-09-10T07:34:44.656333+00:00,false,microservices,gateway,6658a4177e21204a32132ed31d1df770bb3703c85230c57518a968d80de98083,tcc-microservices-experiment-gateway-1,26.44,472068915,536870912,87.93,77,92MB / 102MB,33.3MB / 8.84MB
103,2026-09-10T07:34:45.024895+00:00,207,2026-09-10T07:34:44.656333+00:00,false,microservices,mysql,2f88683146078439186df226c8d1159a75888a2462cb39aa3da664d7caaede5a,tcc-microservices-experiment-mysql-1,24.81,512124518,1073741824,47.7,40,32MB / 103MB,47.1MB / 138MB
103,2026-09-10T07:34:45.024895+00:00,207,2026-09-10T07:34:44.656333+00:00,false,microservices,order,a81e490c5d3ce42bcf399007122ea32bc4ba9c6d6b36ecf08e57d51a5162e2a6,tcc-microservices-experiment-order-1,81.87,79828091,1073741824,7.43,3,123MB / 112MB,8.17MB / 5MB
103,2026-09-10T07:34:45.024895+00:00,207,2026-09-10T07:34:44.656333+00:00,false,microservices,product,de2b991f953e9c6187dd1d6c9a810351f7d721c830534c78d6dea65b9d420eb4,tcc-microservices-experiment-product-1,0.02,75015127,1073741824,6.99,3,417kB / 282kB,3.67MB / 3.67MB
104,2026-09-10T07:34:46.024895+00:00,209,2026-09-10T07:34:45.656531+00:00,false,microservices,auth,3f82d3ba21d27f81506a97a6b693c057cc31a81d5e03391457caa149fe37f1e0,tcc-microservices-experiment-auth-1,0.02,75350671,1073741824,7.02,3,46.1kB / 40.3kB,12MB / 3.95MB
104,2026-09-10T07:34:46.024895+00:00,209,2026-09-10T07:34:45.656531+00:00,false,microservices,gateway,6658a4177e21204a32132ed31d1df770bb3703c85230c57518a968d80de98083,tcc-microservices-experiment-gateway-1,26.32,471439770,536870912,87.81,77,92.8MB / 103MB,33.3MB / 8.84MB
104,2026-09-10T07:34:46.024895+00:00,209,2026-09-10T07:34:45.656531+00:00,false,microservices,mysql,2f88683146078439186df226c8d1159a75888a2462cb39aa3da664d7caaede5a,tcc-microservices-experiment-mysql-1,29.74,512124518,1073741824,47.7,40,32.2MB / 103MB,47.1MB / 138MB
104,2026-09-10T07:34:46.024895+00:00,209,2026-09-10T07:34:45.656531+00:00,false,microservices,order,a81e490c5d3ce42bcf399007122ea32bc4ba9c6d6b36ecf08e57d51a5162e2a6,tcc-microservices-experiment-order-1,79.93,79618376,1073741824,7.42,3,124MB / 113MB,8.17MB / 5MB
104,2026-09-10T07:34:46.024895+00:00,209,2026-09-10T07:34:45.656531+00:00,false,microservices,product,de2b991f953e9c6187dd1d6c9a810351f7d721c830534c78d6dea65b9d420eb4,tcc-microservices-experiment-product-1,0.02,75015127,1073741824,6.99,3,417kB / 282kB,3.67MB / 3.67MB
105,2026-09-10T07:34:47.024910+00:00,211,2026-09-10T07:34:46.656215+00:00,false,microservices,auth,3f82d3ba21d27f81506a97a6b693c057cc31a81d5e03391457caa149fe37f1e0,tcc-microservices-experiment-auth-1,0.02,75350671,1073741824,7.02,3,46.1kB / 40.3kB,12MB / 3.95MB
105,2026-09-10T07:34:47.024910+00:00,211,2026-09-10T07:34:46.656215+00:00,false,microservices,gateway,6658a4177e21204a32132ed31d1df770bb3703c85230c57518a968d80de98083,tcc-microservices-experiment-gateway-1,27.45,472173773,536870912,87.96,77,93.5MB / 104MB,33.3MB / 8.84MB
105,2026-09-10T07:34:47.024910+00:00,211,2026-09-10T07:34:46.656215+00:00,false,microservices,mysql,2f88683146078439186df226c8d1159a75888a2462cb39aa3da664d7caaede5a,tcc-microservices-experiment-mysql-1,25.28,512439091,1073741824,47.73,40,32.4MB / 104MB,47.1MB / 138MB
105,2026-09-10T07:34:47.024910+00:00,211,2026-09-10T07:34:46.656215+00:00,false,microservices,order,a81e490c5d3ce42bcf399007122ea32bc4ba9c6d6b36ecf08e57d51a5162e2a6,tcc-microservices-experiment-order-1,80.65,80121692,1073741824,7.46,3,125MB / 114MB,8.17MB / 5MB
105,2026-09-10T07:34:47.024910+00:00,211,2026-09-10T07:34:46.656215+00:00,false,microservices,product,de2b991f953e9c6187dd1d6c9a810351f7d721c830534c78d6dea65b9d420eb4,tcc-microservices-experiment-product-1,0.02,75015127,1073741824,6.99,3,417kB / 282kB,3.67MB / 3.67MB
106,2026-09-10T07:34:48.024905+00:00,213,2026-09-10T07:34:47.656586+00:00,false,microservices,auth,3f82d3ba21d27f81506a97a6b693c057cc31a81d5e03391457caa149fe37f1e0,tcc-microservices-experiment-auth-1,0.02,75350671,1073741824,7.02,3,46.1kB / 40.3kB,12MB / 3.95MB
106,2026-09-10T07:34:48.024905+00:00,213,2026-09-10T07:34:47.656586+00:00,false,microservices,gateway,6658a4177e21204a32132ed31d1df770bb3703c85230c57518a968d80de98083,tcc-microservices-experiment-gateway-1,25.77,471334912,536870912,87.79,77,94.2MB / 104MB,33.3MB / 8.84MB
106,2026-09-10T07:34:48.024905+00:00,213,2026-09-10T07:34:47.656586+00:00,false,microservices,mysql,2f88683146078439186df226c8d1159a75888a2462cb39aa3da664d7caaede5a,tcc-microservices-experiment-mysql-1,29.94,513068237,1073741824,47.79,40,32.6MB / 105MB,47.1MB / 138MB
106,2026-09-10T07:34:48.024905+00:00,213,2026-09-10T07:34:47.656586+00:00,false,microservices,order,a81e490c5d3ce42bcf399007122ea32bc4ba9c6d6b36ecf08e57d51a5162e2a6,tcc-microservices-experiment-order-1,79.86,80153149,1073741824,7.46,3,126MB / 115MB,8.17MB / 5MB
106,2026-09-10T07:34:48.024905+00:00,213,2026-09-10T07:34:47.656586+00:00,false,microservices,product,de2b991f953e9c6187dd1d6c9a810351f7d721c830534c78d6dea65b9d420eb4,tcc-microservices-experiment-product-1,0.02,75015127,1073741824,6.99,3,417kB / 282kB,3.67MB / 3.67MB
107,2026-09-10T07:34:49.024896+00:00,215,2026-09-10T07:34:48.655346+00:00,false,microservices,auth,3f82d3ba21d27f81506a97a6b693c057cc31a81d5e03391457caa149fe37f1e0,tcc-microservices-experiment-auth-1,0.02,75350671,1073741824,7.02,3,46.1kB / 40.3kB,12MB / 3.95MB
107,2026-09-10T07:34:49.024896+00:00,215,2026-09-10T07:34:48.655346+00:00,false,microservices,gateway,6658a4177e21204a32132ed31d1df770bb3703c85230c57518a968d80de98083,tcc-microservices-experiment-gateway-1,27.66,472488346,536870912,88.01,77,95MB / 105MB,33.3MB / 8.84MB
107,2026-09-10T07:34:49.024896+00:00,215,2026-09-10T07:34:48.655346+00:00,false,microservices,mysql,2f88683146078439186df226c8d1159a75888a2462cb39aa3da664d7caaede5a,tcc-microservices-experiment-mysql-1,25.92,512334234,1073741824,47.71,40,32.8MB / 106MB,47.1MB / 138MB
107,2026-09-10T07:34:49.024896+00:00,215,2026-09-10T07:34:48.655346+00:00,false,microservices,order,a81e490c5d3ce42bcf399007122ea32bc4ba9c6d6b36ecf08e57d51a5162e2a6,tcc-microservices-experiment-order-1,79.77,79775662,1073741824,7.43,3,127MB / 115MB,8.17MB / 5MB
107,2026-09-10T07:34:49.024896+00:00,215,2026-09-10T07:34:48.655346+00:00,false,microservices,product,de2b991f953e9c6187dd1d6c9a810351f7d721c830534c78d6dea65b9d420eb4,tcc-microservices-experiment-product-1,0.01,75015127,1073741824,6.99,3,417kB / 282kB,3.67MB / 3.67MB
108,2026-09-10T07:34:50.024909+00:00,217,2026-09-10T07:34:49.656307+00:00,false,microservices,auth,3f82d3ba21d27f81506a97a6b693c057cc31a81d5e03391457caa149fe37f1e0,tcc-microservices-experiment-auth-1,0.02,75350671,1073741824,7.02,3,46.1kB / 40.3kB,12MB / 3.95MB
108,2026-09-10T07:34:50.024909+00:00,217,2026-09-10T07:34:49.656307+00:00,false,microservices,gateway,6658a4177e21204a32132ed31d1df770bb3703c85230c57518a968d80de98083,tcc-microservices-experiment-gateway-1,26.33,472278630,536870912,87.97,77,95.7MB / 106MB,33.3MB / 8.84MB
108,2026-09-10T07:34:50.024909+00:00,217,2026-09-10T07:34:49.656307+00:00,false,microservices,mysql,2f88683146078439186df226c8d1159a75888a2462cb39aa3da664d7caaede5a,tcc-microservices-experiment-mysql-1,29.84,512648806,1073741824,47.74,40,33.1MB / 106MB,47.1MB / 138MB
108,2026-09-10T07:34:50.024909+00:00,217,2026-09-10T07:34:49.656307+00:00,false,microservices,order,a81e490c5d3ce42bcf399007122ea32bc4ba9c6d6b36ecf08e57d51a5162e2a6,tcc-microservices-experiment-order-1,79.88,79356232,1073741824,7.39,3,128MB / 116MB,8.17MB / 5MB
108,2026-09-10T07:34:50.024909+00:00,217,2026-09-10T07:34:49.656307+00:00,false,microservices,product,de2b991f953e9c6187dd1d6c9a810351f7d721c830534c78d6dea65b9d420eb4,tcc-microservices-experiment-product-1,0.02,75015127,1073741824,6.99,3,417kB / 282kB,3.67MB / 3.67MB
109,2026-09-10T07:34:51.024921+00:00,219,2026-09-10T07:34:50.655426+00:00,false,microservices,auth,3f82d3ba21d27f81506a97a6b693c057cc31a81d5e03391457caa149fe37f1e0,tcc-microservices-experiment-auth-1,0.02,75350671,1073741824,7.02,3,46.1kB / 40.3kB,12MB / 3.95MB
109,2026-09-10T07:34:51.024921+00:00,219,2026-09-10T07:34:50.655426+00:00,false,microservices,gateway,6658a4177e21204a32132ed31d1df770bb3703c85230c57518a968d80de98083,tcc-microservices-experiment-gateway-1,27.57,473222349,536870912,88.15,77,96.4MB / 107MB,33.3MB / 8.84MB
109,2026-09-10T07:34:51.024921+00:00,219,2026-09-10T07:34:50.655426+00:00,false,microservices,mysql,2f88683146078439186df226c8d1159a75888a2462cb39aa3da664d7caaede5a,tcc-microservices-experiment-mysql-1,25.49,511914803,1073741824,47.67,40,33.3MB / 107MB,47.1MB / 138MB
109,2026-09-10T07:34:51.024921+00:00,219,2026-09-10T07:34:50.655426+00:00,false,microservices,order,a81e490c5d3ce42bcf399007122ea32bc4ba9c6d6b36ecf08e57d51a5162e2a6,tcc-microservices-experiment-order-1,80.59,79544975,1073741824,7.41,3,129MB / 117MB,8.17MB / 5.19MB
109,2026-09-10T07:34:51.024921+00:00,219,2026-09-10T07:34:50.655426+00:00,false,microservices,product,de2b991f953e9c6187dd1d6c9a810351f7d721c830534c78d6dea65b9d420eb4,tcc-microservices-experiment-product-1,0.02,75015127,1073741824,6.99,3,417kB / 282kB,3.67MB / 3.67MB
110,2026-09-10T07:34:52.024909+00:00,221,2026-09-10T07:34:51.656349+00:00,false,microservices,auth,3f82d3ba21d27f81506a97a6b693c057cc31a81d5e03391457caa149fe37f1e0,tcc-microservices-experiment-auth-1,0.02,75350671,1073741824,7.02,3,46.1kB / 40.3kB,12MB / 3.95MB
110,2026-09-10T07:34:52.024909+00:00,221,2026-09-10T07:34:51.656349+00:00,false,microservices,gateway,6658a4177e21204a32132ed31d1df770bb3703c85230c57518a968d80de98083,tcc-microservices-experiment-gateway-1,26.23,472593203,536870912,88.03,77,97.2MB / 108MB,33.3MB / 8.84MB
110,2026-09-10T07:34:52.024909+00:00,221,2026-09-10T07:34:51.656349+00:00,false,microservices,mysql,2f88683146078439186df226c8d1159a75888a2462cb39aa3da664d7caaede5a,tcc-microservices-experiment-mysql-1,29.61,512543949,1073741824,47.73,40,33.5MB / 108MB,47.1MB / 138MB
110,2026-09-10T07:34:52.024909+00:00,221,2026-09-10T07:34:51.656349+00:00,false,microservices,order,a81e490c5d3ce42bcf399007122ea32bc4ba9c6d6b36ecf08e57d51a5162e2a6,tcc-microservices-experiment-order-1,81.04,79597404,1073741824,7.41,3,129MB / 118MB,8.17MB / 5.19MB
110,2026-09-10T07:34:52.024909+00:00,221,2026-09-10T07:34:51.656349+00:00,false,microservices,product,de2b991f953e9c6187dd1d6c9a810351f7d721c830534c78d6dea65b9d420eb4,tcc-microservices-experiment-product-1,0.02,75015127,1073741824,6.99,3,417kB / 282kB,3.67MB / 3.67MB
111,2026-09-10T07:34:53.024921+00:00,223,2026-09-10T07:34:52.655201+00:00,false,microservices,auth,3f82d3ba21d27f81506a97a6b693c057cc31a81d5e03391457caa149fe37f1e0,tcc-microservices-experiment-auth-1,0.02,75350671,1073741824,7.02,3,46.1kB / 40.3kB,12MB / 3.95MB
111,2026-09-10T07:34:53.024921+00:00,223,2026-09-10T07:34:52.655201+00:00,false,microservices,gateway,6658a4177e21204a32132ed31d1df770bb3703c85230c57518a968d80de98083,tcc-microservices-experiment-gateway-1,26.4,472173773,536870912,87.95,69,97.9MB / 108MB,33.3MB / 8.84MB
111,2026-09-10T07:34:53.024921+00:00,223,2026-09-10T07:34:52.655201+00:00,false,microservices,mysql,2f88683146078439186df226c8d1159a75888a2462cb39aa3da664d7caaede5a,tcc-microservices-experiment-mysql-1,25.56,511809946,1073741824,47.66,40,33.7MB / 109MB,47.1MB / 138MB
111,2026-09-10T07:34:53.024921+00:00,223,2026-09-10T07:34:52.655201+00:00,false,microservices,order,a81e490c5d3ce42bcf399007122ea32bc4ba9c6d6b36ecf08e57d51a5162e2a6,tcc-microservices-experiment-order-1,79.98,80016835,1073741824,7.45,3,130MB / 119MB,8.17MB / 5.19MB
111,2026-09-10T07:34:53.024921+00:00,223,2026-09-10T07:34:52.655201+00:00,false,microservices,product,de2b991f953e9c6187dd1d6c9a810351f7d721c830534c78d6dea65b9d420eb4,tcc-microservices-experiment-product-1,0.02,75015127,1073741824,6.99,3,417kB / 282kB,3.67MB / 3.67MB
112,2026-09-10T07:34:54.024912+00:00,225,2026-09-10T07:34:53.656205+00:00,false,microservices,auth,3f82d3ba21d27f81506a97a6b693c057cc31a81d5e03391457caa149fe37f1e0,tcc-microservices-experiment-auth-1,0.02,75350671,1073741824,7.02,3,46.1kB / 40.3kB,12MB / 3.95MB
112,2026-09-10T07:34:54.024912+00:00,225,2026-09-10T07:34:53.656205+00:00,false,microservices,gateway,6658a4177e21204a32132ed31d1df770bb3703c85230c57518a968d80de98083,tcc-microservices-experiment-gateway-1,27.05,471649485,536870912,87.85,69,98.6MB / 109MB,33.3MB / 8.86MB
112,2026-09-10T07:34:54.024912+00:00,225,2026-09-10T07:34:53.656205+00:00,false,microservices,mysql,2f88683146078439186df226c8d1159a75888a2462cb39aa3da664d7caaede5a,tcc-microservices-experiment-mysql-1,28.85,511809946,1073741824,47.67,40,33.9MB / 110MB,47.1MB / 138MB
112,2026-09-10T07:34:54.024912+00:00,225,2026-09-10T07:34:53.656205+00:00,false,microservices,order,a81e490c5d3ce42bcf399007122ea32bc4ba9c6d6b36ecf08e57d51a5162e2a6,tcc-microservices-experiment-order-1,82.01,79440118,1073741824,7.4,3,131MB / 120MB,8.17MB / 5.19MB
112,2026-09-10T07:34:54.024912+00:00,225,2026-09-10T07:34:53.656205+00:00,false,microservices,product,de2b991f953e9c6187dd1d6c9a810351f7d721c830534c78d6dea65b9d420eb4,tcc-microservices-experiment-product-1,0.02,75015127,1073741824,6.99,3,417kB / 282kB,3.67MB / 3.67MB
113,2026-09-10T07:34:55.024921+00:00,227,2026-09-10T07:34:54.655224+00:00,false,microservices,auth,3f82d3ba21d27f81506a97a6b693c057cc31a81d5e03391457caa149fe37f1e0,tcc-microservices-experiment-auth-1,0.02,75350671,1073741824,7.02,3,46.1kB / 40.3kB,12MB / 3.95MB
113,2026-09-10T07:34:55.024921+00:00,227,2026-09-10T07:34:54.655224+00:00,false,microservices,gateway,6658a4177e21204a32132ed31d1df770bb3703c85230c57518a968d80de98083,tcc-microservices-experiment-gateway-1,26.47,471964058,536870912,87.91,69,99.4MB / 110MB,33.3MB / 8.86MB
113,2026-09-10T07:34:55.024921+00:00,227,2026-09-10T07:34:54.655224+00:00,false,microservices,mysql,2f88683146078439186df226c8d1159a75888a2462cb39aa3da664d7caaede5a,tcc-microservices-experiment-mysql-1,24.78,511914803,1073741824,47.68,40,34.2MB / 110MB,47.1MB / 138MB
113,2026-09-10T07:34:55.024921+00:00,227,2026-09-10T07:34:54.655224+00:00,false,microservices,order,a81e490c5d3ce42bcf399007122ea32bc4ba9c6d6b36ecf08e57d51a5162e2a6,tcc-microservices-experiment-order-1,81.32,80100721,1073741824,7.46,3,132MB / 121MB,8.17MB / 5.19MB
113,2026-09-10T07:34:55.024921+00:00,227,2026-09-10T07:34:54.655224+00:00,false,microservices,product,de2b991f953e9c6187dd1d6c9a810351f7d721c830534c78d6dea65b9d420eb4,tcc-microservices-experiment-product-1,0.02,75015127,1073741824,6.99,3,417kB / 282kB,3.67MB / 3.67MB
114,2026-09-10T07:34:56.024915+00:00,229,2026-09-10T07:34:55.656315+00:00,false,microservices,auth,3f82d3ba21d27f81506a97a6b693c057cc31a81d5e03391457caa149fe37f1e0,tcc-microservices-experiment-auth-1,0.02,75350671,1073741824,7.02,3,46.1kB / 40.3kB,12MB / 3.95MB
114,2026-09-10T07:34:56.024915+00:00,229,2026-09-10T07:34:55.656315+00:00,false,microservices,gateway,6658a4177e21204a32132ed31d1df770bb3703c85230c57518a968d80de98083,tcc-microservices-experiment-gateway-1,26.51,472383488,536870912,87.99,69,100MB / 111MB,33.3MB / 8.86MB
114,2026-09-10T07:34:56.024915+00:00,229,2026-09-10T07:34:55.656315+00:00,false,microservices,mysql,2f88683146078439186df226c8d1159a75888a2462cb39aa3da664d7caaede5a,tcc-microservices-experiment-mysql-1,28.71,511705088,1073741824,47.65,40,34.4MB / 111MB,47.1MB / 138MB
114,2026-09-10T07:34:56.024915+00:00,229,2026-09-10T07:34:55.656315+00:00,false,microservices,order,a81e490c5d3ce42bcf399007122ea32bc4ba9c6d6b36ecf08e57d51a5162e2a6,tcc-microservices-experiment-order-1,81.39,79660319,1073741824,7.42,3,133MB / 122MB,8.17MB / 5.19MB
114,2026-09-10T07:34:56.024915+00:00,229,2026-09-10T07:34:55.656315+00:00,false,microservices,product,de2b991f953e9c6187dd1d6c9a810351f7d721c830534c78d6dea65b9d420eb4,tcc-microservices-experiment-product-1,0.02,75015127,1073741824,6.99,3,417kB / 282kB,3.67MB / 3.67MB
115,2026-09-10T07:34:57.024914+00:00,231,2026-09-10T07:34:56.655287+00:00,false,microservices,auth,3f82d3ba21d27f81506a97a6b693c057cc31a81d5e03391457caa149fe37f1e0,tcc-microservices-experiment-auth-1,0.02,75350671,1073741824,7.02,3,46.1kB / 40.3kB,12MB / 3.95MB
115,2026-09-10T07:34:57.024914+00:00,231,2026-09-10T07:34:56.655287+00:00,false,microservices,gateway,6658a4177e21204a32132ed31d1df770bb3703c85230c57518a968d80de98083,tcc-microservices-experiment-gateway-1,26.21,472383488,536870912,87.98,69,101MB / 112MB,33.3MB / 8.86MB
115,2026-09-10T07:34:57.024914+00:00,231,2026-09-10T07:34:56.655287+00:00,false,microservices,mysql,2f88683146078439186df226c8d1159a75888a2462cb39aa3da664d7caaede5a,tcc-microservices-experiment-mysql-1,24.12,512019661,1073741824,47.69,40,34.6MB / 112MB,47.1MB / 138MB
115,2026-09-10T07:34:57.024914+00:00,231,2026-09-10T07:34:56.655287+00:00,false,microservices,order,a81e490c5d3ce42bcf399007122ea32bc4ba9c6d6b36ecf08e57d51a5162e2a6,tcc-microservices-experiment-order-1,81.2,79240888,1073741824,7.38,3,134MB / 122MB,8.17MB / 5.19MB
115,2026-09-10T07:34:57.024914+00:00,231,2026-09-10T07:34:56.655287+00:00,false,microservices,product,de2b991f953e9c6187dd1d6c9a810351f7d721c830534c78d6dea65b9d420eb4,tcc-microservices-experiment-product-1,0.02,75015127,1073741824,6.99,3,417kB / 282kB,3.67MB / 3.67MB
116,2026-09-10T07:34:58.024919+00:00,233,2026-09-10T07:34:57.656299+00:00,false,microservices,auth,3f82d3ba21d27f81506a97a6b693c057cc31a81d5e03391457caa149fe37f1e0,tcc-microservices-experiment-auth-1,0.02,75350671,1073741824,7.02,3,46.1kB / 40.3kB,12MB / 3.95MB
116,2026-09-10T07:34:58.024919+00:00,233,2026-09-10T07:34:57.656299+00:00,false,microservices,gateway,6658a4177e21204a32132ed31d1df770bb3703c85230c57518a968d80de98083,tcc-microservices-experiment-gateway-1,27.64,471649485,536870912,87.85,69,102MB / 113MB,33.4MB / 8.86MB
116,2026-09-10T07:34:58.024919+00:00,233,2026-09-10T07:34:57.656299+00:00,false,microservices,mysql,2f88683146078439186df226c8d1159a75888a2462cb39aa3da664d7caaede5a,tcc-microservices-experiment-mysql-1,29.72,512543949,1073741824,47.73,40,34.8MB / 113MB,47.1MB / 138MB
116,2026-09-10T07:34:58.024919+00:00,233,2026-09-10T07:34:57.656299+00:00,false,microservices,order,a81e490c5d3ce42bcf399007122ea32bc4ba9c6d6b36ecf08e57d51a5162e2a6,tcc-microservices-experiment-order-1,81.05,79461089,1073741824,7.4,3,135MB / 123MB,8.17MB / 5.19MB
116,2026-09-10T07:34:58.024919+00:00,233,2026-09-10T07:34:57.656299+00:00,false,microservices,product,de2b991f953e9c6187dd1d6c9a810351f7d721c830534c78d6dea65b9d420eb4,tcc-microservices-experiment-product-1,0.02,75015127,1073741824,6.99,3,417kB / 282kB,3.67MB / 3.67MB
117,2026-09-10T07:34:59.024918+00:00,235,2026-09-10T07:34:58.655267+00:00,false,microservices,auth,3f82d3ba21d27f81506a97a6b693c057cc31a81d5e03391457caa149fe37f1e0,tcc-microservices-experiment-auth-1,0.02,75350671,1073741824,7.02,3,46.1kB / 40.3kB,12MB / 3.95MB
117,2026-09-10T07:34:59.024918+00:00,235,2026-09-10T07:34:58.655267+00:00,false,microservices,gateway,6658a4177e21204a32132ed31d1df770bb3703c85230c57518a968d80de98083,tcc-microservices-experiment-gateway-1,27.12,472488346,536870912,88.0,69,102MB / 113MB,33.4MB / 8.86MB
117,2026-09-10T07:34:59.024918+00:00,235,2026-09-10T07:34:58.655267+00:00,false,microservices,mysql,2f88683146078439186df226c8d1159a75888a2462cb39aa3da664d7caaede5a,tcc-microservices-experiment-mysql-1,24.19,511914803,1073741824,47.68,40,35MB / 113MB,47.1MB / 138MB
117,2026-09-10T07:34:59.024918+00:00,235,2026-09-10T07:34:58.655267+00:00,false,microservices,order,a81e490c5d3ce42bcf399007122ea32bc4ba9c6d6b36ecf08e57d51a5162e2a6,tcc-microservices-experiment-order-1,82.7,79408660,1073741824,7.4,3,136MB / 124MB,8.17MB / 5.19MB
117,2026-09-10T07:34:59.024918+00:00,235,2026-09-10T07:34:58.655267+00:00,false,microservices,product,de2b991f953e9c6187dd1d6c9a810351f7d721c830534c78d6dea65b9d420eb4,tcc-microservices-experiment-product-1,0.01,75015127,1073741824,6.99,3,417kB / 282kB,3.67MB / 3.67MB
118,2026-09-10T07:35:00.024926+00:00,237,2026-09-10T07:34:59.655384+00:00,false,microservices,auth,3f82d3ba21d27f81506a97a6b693c057cc31a81d5e03391457caa149fe37f1e0,tcc-microservices-experiment-auth-1,0.02,75350671,1073741824,7.02,3,46.1kB / 40.3kB,12MB / 3.95MB
118,2026-09-10T07:35:00.024926+00:00,237,2026-09-10T07:34:59.655384+00:00,false,microservices,gateway,6658a4177e21204a32132ed31d1df770bb3703c85230c57518a968d80de98083,tcc-microservices-experiment-gateway-1,26.43,471649485,536870912,87.85,69,103MB / 114MB,33.4MB / 8.86MB
118,2026-09-10T07:35:00.024926+00:00,237,2026-09-10T07:34:59.655384+00:00,false,microservices,mysql,2f88683146078439186df226c8d1159a75888a2462cb39aa3da664d7caaede5a,tcc-microservices-experiment-mysql-1,28.68,512543949,1073741824,47.73,40,35.3MB / 114MB,47.1MB / 138MB
118,2026-09-10T07:35:00.024926+00:00,237,2026-09-10T07:34:59.655384+00:00,false,microservices,order,a81e490c5d3ce42bcf399007122ea32bc4ba9c6d6b36ecf08e57d51a5162e2a6,tcc-microservices-experiment-order-1,81.75,79482061,1073741824,7.4,3,137MB / 125MB,8.17MB / 5.19MB
118,2026-09-10T07:35:00.024926+00:00,237,2026-09-10T07:34:59.655384+00:00,false,microservices,product,de2b991f953e9c6187dd1d6c9a810351f7d721c830534c78d6dea65b9d420eb4,tcc-microservices-experiment-product-1,0.02,75015127,1073741824,6.99,3,417kB / 282kB,3.67MB / 3.67MB
119,2026-09-10T07:35:01.024910+00:00,239,2026-09-10T07:35:00.655233+00:00,false,microservices,auth,3f82d3ba21d27f81506a97a6b693c057cc31a81d5e03391457caa149fe37f1e0,tcc-microservices-experiment-auth-1,0.02,75350671,1073741824,7.02,3,46.1kB / 40.3kB,12MB / 3.95MB
119,2026-09-10T07:35:01.024910+00:00,239,2026-09-10T07:35:00.655233+00:00,false,microservices,gateway,6658a4177e21204a32132ed31d1df770bb3703c85230c57518a968d80de98083,tcc-microservices-experiment-gateway-1,26.66,471754342,536870912,87.86,69,104MB / 115MB,33.4MB / 8.86MB
119,2026-09-10T07:35:01.024910+00:00,239,2026-09-10T07:35:00.655233+00:00,false,microservices,mysql,2f88683146078439186df226c8d1159a75888a2462cb39aa3da664d7caaede5a,tcc-microservices-experiment-mysql-1,25.55,512019661,1073741824,47.68,40,35.5MB / 115MB,47.1MB / 138MB
119,2026-09-10T07:35:01.024910+00:00,239,2026-09-10T07:35:00.655233+00:00,false,microservices,order,a81e490c5d3ce42bcf399007122ea32bc4ba9c6d6b36ecf08e57d51a5162e2a6,tcc-microservices-experiment-order-1,79.37,79995863,1073741824,7.45,3,138MB / 126MB,8.17MB / 5.19MB
119,2026-09-10T07:35:01.024910+00:00,239,2026-09-10T07:35:00.655233+00:00,false,microservices,product,de2b991f953e9c6187dd1d6c9a810351f7d721c830534c78d6dea65b9d420eb4,tcc-microservices-experiment-product-1,0.02,75015127,1073741824,6.99,3,417kB / 282kB,3.67MB / 3.67MB
120,2026-09-10T07:35:02.024902+00:00,241,2026-09-10T07:35:01.656491+00:00,false,microservices,auth,3f82d3ba21d27f81506a97a6b693c057cc31a81d5e03391457caa149fe37f1e0,tcc-microservices-experiment-auth-1,0.02,75350671,1073741824,7.02,3,46.1kB / 40.3kB,12MB / 3.95MB
120,2026-09-10T07:35:02.024902+00:00,241,2026-09-10T07:35:01.656491+00:00,false,microservices,gateway,6658a4177e21204a32132ed31d1df770bb3703c85230c57518a968d80de98083,tcc-microservices-experiment-gateway-1,27.09,472173773,536870912,87.94,69,105MB / 116MB,33.4MB / 8.86MB
120,2026-09-10T07:35:02.024902+00:00,241,2026-09-10T07:35:01.656491+00:00,false,microservices,mysql,2f88683146078439186df226c8d1159a75888a2462cb39aa3da664d7caaede5a,tcc-microservices-experiment-mysql-1,30.27,512543949,1073741824,47.74,40,35.7MB / 116MB,47.1MB / 138MB
120,2026-09-10T07:35:02.024902+00:00,241,2026-09-10T07:35:01.656491+00:00,false,microservices,order,a81e490c5d3ce42bcf399007122ea32bc4ba9c6d6b36ecf08e57d51a5162e2a6,tcc-microservices-experiment-order-1,80.16,79754691,1073741824,7.43,3,139MB / 127MB,8.17MB / 5.19MB
120,2026-09-10T07:35:02.024902+00:00,241,2026-09-10T07:35:01.656491+00:00,false,microservices,product,de2b991f953e9c6187dd1d6c9a810351f7d721c830534c78d6dea65b9d420eb4,tcc-microservices-experiment-product-1,0.02,75015127,1073741824,6.99,3,417kB / 282kB,3.67MB / 3.67MB
