sample_index,captured_at_utc,docker_refresh_sequence,docker_refresh_captured_at_utc,docker_refresh_reused,architecture,service,container_id,container_name,cpu_percent,memory_used_bytes,memory_limit_bytes,memory_percent,pids,network_io,block_io
1,2026-09-10T10:25:04.693895+00:00,3,2026-09-10T10:25:04.327319+00:00,false,microservices,auth,0e1a9bc07acb044f82d936e16e98b689e058a2f4c79faf7bf0835a6d8a5c21e7,tcc-microservices-experiment-auth-1,0.02,79209431,1073741824,7.38,3,45.8kB / 40.3kB,4.1MB / 65.5kB
1,2026-09-10T10:25:04.693895+00:00,3,2026-09-10T10:25:04.327319+00:00,false,microservices,gateway,5146ccba9d39392dcff0c44fa4db5cea2d6c7dfb8560fe0e765fa55d5f023f78,tcc-microservices-experiment-gateway-1,0.17,479513805,536870912,89.31,87,8.08MB / 10.7MB,32MB / 184kB
1,2026-09-10T10:25:04.693895+00:00,3,2026-09-10T10:25:04.327319+00:00,false,microservices,mysql,69c76cb035005d9063a7da2e76c2d47f6f77f35d06bec1ec86c94d3c72c366b4,tcc-microservices-experiment-mysql-1,4.86,541274931,1073741824,50.41,40,11.4MB / 30.3MB,44.8MB / 123MB
1,2026-09-10T10:25:04.693895+00:00,3,2026-09-10T10:25:04.327319+00:00,false,microservices,order,31cf9ea41411fb8fed951d912e33c28205806667927075bacd34ef36dc11c132,tcc-microservices-experiment-order-1,0.03,78548828,1073741824,7.32,3,35.5MB / 16.2MB,6.89MB / 77.8kB
1,2026-09-10T10:25:04.693895+00:00,3,2026-09-10T10:25:04.327319+00:00,false,microservices,product,7f26251b14eee637526df0b5f095c2086c817cd5d2af2406335d0f1b17044272,tcc-microservices-experiment-product-1,0.03,78748058,1073741824,7.33,3,417kB / 282kB,3.67MB / 81.9kB
2,2026-09-10T10:25:05.693944+00:00,5,2026-09-10T10:25:05.325655+00:00,false,microservices,auth,0e1a9bc07acb044f82d936e16e98b689e058a2f4c79faf7bf0835a6d8a5c21e7,tcc-microservices-experiment-auth-1,0.02,79209431,1073741824,7.38,3,45.8kB / 40.3kB,4.1MB / 65.5kB
2,2026-09-10T10:25:05.693944+00:00,5,2026-09-10T10:25:05.325655+00:00,false,microservices,gateway,5146ccba9d39392dcff0c44fa4db5cea2d6c7dfb8560fe0e765fa55d5f023f78,tcc-microservices-experiment-gateway-1,0.16,479513805,536870912,89.31,87,8.08MB / 10.7MB,32MB / 184kB
2,2026-09-10T10:25:05.693944+00:00,5,2026-09-10T10:25:05.325655+00:00,false,microservices,mysql,69c76cb035005d9063a7da2e76c2d47f6f77f35d06bec1ec86c94d3c72c366b4,tcc-microservices-experiment-mysql-1,0.68,540960358,1073741824,50.38,40,11.4MB / 30.3MB,44.8MB / 123MB
2,2026-09-10T10:25:05.693944+00:00,5,2026-09-10T10:25:05.325655+00:00,false,microservices,order,31cf9ea41411fb8fed951d912e33c28205806667927075bacd34ef36dc11c132,tcc-microservices-experiment-order-1,0.02,78391542,1073741824,7.3,3,35.5MB / 16.2MB,6.89MB / 77.8kB
2,2026-09-10T10:25:05.693944+00:00,5,2026-09-10T10:25:05.325655+00:00,false,microservices,product,7f26251b14eee637526df0b5f095c2086c817cd5d2af2406335d0f1b17044272,tcc-microservices-experiment-product-1,0.02,78748058,1073741824,7.33,3,417kB / 282kB,3.67MB / 81.9kB
3,2026-09-10T10:25:06.693931+00:00,7,2026-09-10T10:25:06.327283+00:00,false,microservices,auth,0e1a9bc07acb044f82d936e16e98b689e058a2f4c79faf7bf0835a6d8a5c21e7,tcc-microservices-experiment-auth-1,0.03,79209431,1073741824,7.38,3,45.8kB / 40.3kB,4.1MB / 65.5kB
3,2026-09-10T10:25:06.693931+00:00,7,2026-09-10T10:25:06.327283+00:00,false,microservices,gateway,5146ccba9d39392dcff0c44fa4db5cea2d6c7dfb8560fe0e765fa55d5f023f78,tcc-microservices-experiment-gateway-1,81.86,482030387,536870912,89.79,87,8.19MB / 10.8MB,32MB / 184kB
3,2026-09-10T10:25:06.693931+00:00,7,2026-09-10T10:25:06.327283+00:00,false,microservices,mysql,69c76cb035005d9063a7da2e76c2d47f6f77f35d06bec1ec86c94d3c72c366b4,tcc-microservices-experiment-mysql-1,15.6,542428365,1073741824,50.52,40,11.5MB / 30.6MB,44.8MB / 123MB
3,2026-09-10T10:25:06.693931+00:00,7,2026-09-10T10:25:06.327283+00:00,false,microservices,order,31cf9ea41411fb8fed951d912e33c28205806667927075bacd34ef36dc11c132,tcc-microservices-experiment-order-1,48.25,79157002,1073741824,7.37,3,35.8MB / 16.3MB,6.89MB / 77.8kB
3,2026-09-10T10:25:06.693931+00:00,7,2026-09-10T10:25:06.327283+00:00,false,microservices,product,7f26251b14eee637526df0b5f095c2086c817cd5d2af2406335d0f1b17044272,tcc-microservices-experiment-product-1,0.02,78748058,1073741824,7.33,3,417kB / 282kB,3.67MB / 81.9kB
4,2026-09-10T10:25:07.693896+00:00,9,2026-09-10T10:25:07.326618+00:00,false,microservices,auth,0e1a9bc07acb044f82d936e16e98b689e058a2f4c79faf7bf0835a6d8a5c21e7,tcc-microservices-experiment-auth-1,0.02,79209431,1073741824,7.38,3,45.8kB / 40.3kB,4.1MB / 65.5kB
4,2026-09-10T10:25:07.693896+00:00,9,2026-09-10T10:25:07.326618+00:00,false,microservices,gateway,5146ccba9d39392dcff0c44fa4db5cea2d6c7dfb8560fe0e765fa55d5f023f78,tcc-microservices-experiment-gateway-1,56.11,482764390,536870912,89.93,87,8.41MB / 11.1MB,32MB / 184kB
4,2026-09-10T10:25:07.693896+00:00,9,2026-09-10T10:25:07.326618+00:00,false,microservices,mysql,69c76cb035005d9063a7da2e76c2d47f6f77f35d06bec1ec86c94d3c72c366b4,tcc-microservices-experiment-mysql-1,14.85,542742938,1073741824,50.55,40,11.6MB / 31.1MB,44.8MB / 123MB
4,2026-09-10T10:25:07.693896+00:00,9,2026-09-10T10:25:07.326618+00:00,false,microservices,order,31cf9ea41411fb8fed951d912e33c28205806667927075bacd34ef36dc11c132,tcc-microservices-experiment-order-1,57.59,79807119,1073741824,7.43,3,36.5MB / 16.6MB,6.89MB / 77.8kB
4,2026-09-10T10:25:07.693896+00:00,9,2026-09-10T10:25:07.326618+00:00,false,microservices,product,7f26251b14eee637526df0b5f095c2086c817cd5d2af2406335d0f1b17044272,tcc-microservices-experiment-product-1,0.02,78748058,1073741824,7.33,3,417kB / 282kB,3.67MB / 81.9kB
5,2026-09-10T10:25:08.693917+00:00,11,2026-09-10T10:25:08.327408+00:00,false,microservices,auth,0e1a9bc07acb044f82d936e16e98b689e058a2f4c79faf7bf0835a6d8a5c21e7,tcc-microservices-experiment-auth-1,0.02,79209431,1073741824,7.38,3,45.8kB / 40.3kB,4.1MB / 65.5kB
5,2026-09-10T10:25:08.693917+00:00,11,2026-09-10T10:25:08.327408+00:00,false,microservices,gateway,5146ccba9d39392dcff0c44fa4db5cea2d6c7dfb8560fe0e765fa55d5f023f78,tcc-microservices-experiment-gateway-1,47.3,482030387,536870912,89.78,87,8.68MB / 11.4MB,32MB / 197kB
5,2026-09-10T10:25:08.693917+00:00,11,2026-09-10T10:25:08.327408+00:00,false,microservices,mysql,69c76cb035005d9063a7da2e76c2d47f6f77f35d06bec1ec86c94d3c72c366b4,tcc-microservices-experiment-mysql-1,27.1,542533222,1073741824,50.53,40,11.9MB / 32MB,44.8MB / 123MB
5,2026-09-10T10:25:08.693917+00:00,11,2026-09-10T10:25:08.327408+00:00,false,microservices,order,31cf9ea41411fb8fed951d912e33c28205806667927075bacd34ef36dc11c132,tcc-microservices-experiment-order-1,82.29,79597404,1073741824,7.41,3,37.6MB / 17MB,6.89MB / 77.8kB
5,2026-09-10T10:25:08.693917+00:00,11,2026-09-10T10:25:08.327408+00:00,false,microservices,product,7f26251b14eee637526df0b5f095c2086c817cd5d2af2406335d0f1b17044272,tcc-microservices-experiment-product-1,0.02,78748058,1073741824,7.33,3,417kB / 282kB,3.67MB / 81.9kB
6,2026-09-10T10:25:09.693921+00:00,13,2026-09-10T10:25:09.326072+00:00,false,microservices,auth,0e1a9bc07acb044f82d936e16e98b689e058a2f4c79faf7bf0835a6d8a5c21e7,tcc-microservices-experiment-auth-1,0.02,79209431,1073741824,7.38,3,45.8kB / 40.3kB,4.1MB / 65.5kB
6,2026-09-10T10:25:09.693921+00:00,13,2026-09-10T10:25:09.326072+00:00,false,microservices,gateway,5146ccba9d39392dcff0c44fa4db5cea2d6c7dfb8560fe0e765fa55d5f023f78,tcc-microservices-experiment-gateway-1,106.58,483183821,536870912,89.99,87,8.96MB / 11.8MB,32MB / 197kB
6,2026-09-10T10:25:09.693921+00:00,13,2026-09-10T10:25:09.326072+00:00,false,microservices,mysql,69c76cb035005d9063a7da2e76c2d47f6f77f35d06bec1ec86c94d3c72c366b4,tcc-microservices-experiment-mysql-1,22.42,541379789,1073741824,50.42,40,12.1MB / 32.8MB,44.8MB / 123MB
6,2026-09-10T10:25:09.693921+00:00,13,2026-09-10T10:25:09.326072+00:00,false,microservices,order,31cf9ea41411fb8fed951d912e33c28205806667927075bacd34ef36dc11c132,tcc-microservices-experiment-order-1,83.16,80950067,1073741824,7.54,3,38.6MB / 17.4MB,6.89MB / 77.8kB
6,2026-09-10T10:25:09.693921+00:00,13,2026-09-10T10:25:09.326072+00:00,false,microservices,product,7f26251b14eee637526df0b5f095c2086c817cd5d2af2406335d0f1b17044272,tcc-microservices-experiment-product-1,0.02,78748058,1073741824,7.33,3,417kB / 282kB,3.67MB / 81.9kB
7,2026-09-10T10:25:10.693915+00:00,15,2026-09-10T10:25:10.327368+00:00,false,microservices,auth,0e1a9bc07acb044f82d936e16e98b689e058a2f4c79faf7bf0835a6d8a5c21e7,tcc-microservices-experiment-auth-1,0.02,79209431,1073741824,7.38,3,45.8kB / 40.3kB,4.1MB / 65.5kB
7,2026-09-10T10:25:10.693915+00:00,15,2026-09-10T10:25:10.327368+00:00,false,microservices,gateway,5146ccba9d39392dcff0c44fa4db5cea2d6c7dfb8560fe0e765fa55d5f023f78,tcc-microservices-experiment-gateway-1,88.76,482974106,536870912,89.95,87,9.23MB / 12.2MB,32MB / 197kB
7,2026-09-10T10:25:10.693915+00:00,15,2026-09-10T10:25:10.327368+00:00,false,microservices,mysql,69c76cb035005d9063a7da2e76c2d47f6f77f35d06bec1ec86c94d3c72c366b4,tcc-microservices-experiment-mysql-1,26.99,542428365,1073741824,50.51,40,12.3MB / 33.6MB,44.8MB / 123MB
7,2026-09-10T10:25:10.693915+00:00,15,2026-09-10T10:25:10.327368+00:00,false,microservices,order,31cf9ea41411fb8fed951d912e33c28205806667927075bacd34ef36dc11c132,tcc-microservices-experiment-order-1,82.88,80645980,1073741824,7.51,3,39.6MB / 17.8MB,6.89MB / 77.8kB
7,2026-09-10T10:25:10.693915+00:00,15,2026-09-10T10:25:10.327368+00:00,false,microservices,product,7f26251b14eee637526df0b5f095c2086c817cd5d2af2406335d0f1b17044272,tcc-microservices-experiment-product-1,0.02,78748058,1073741824,7.33,3,417kB / 282kB,3.67MB / 81.9kB
8,2026-09-10T10:25:11.693942+00:00,17,2026-09-10T10:25:11.326652+00:00,false,microservices,auth,0e1a9bc07acb044f82d936e16e98b689e058a2f4c79faf7bf0835a6d8a5c21e7,tcc-microservices-experiment-auth-1,0.02,79209431,1073741824,7.38,3,45.8kB / 40.3kB,4.1MB / 65.5kB
8,2026-09-10T10:25:11.693942+00:00,17,2026-09-10T10:25:11.326652+00:00,false,microservices,gateway,5146ccba9d39392dcff0c44fa4db5cea2d6c7dfb8560fe0e765fa55d5f023f78,tcc-microservices-experiment-gateway-1,42.88,482764390,536870912,89.91,87,9.52MB / 12.5MB,32MB / 197kB
8,2026-09-10T10:25:11.693942+00:00,17,2026-09-10T10:25:11.326652+00:00,false,microservices,mysql,69c76cb035005d9063a7da2e76c2d47f6f77f35d06bec1ec86c94d3c72c366b4,tcc-microservices-experiment-mysql-1,22.68,541799219,1073741824,50.46,40,12.6MB / 34.5MB,44.8MB / 123MB
8,2026-09-10T10:25:11.693942+00:00,17,2026-09-10T10:25:11.326652+00:00,false,microservices,order,31cf9ea41411fb8fed951d912e33c28205806667927075bacd34ef36dc11c132,tcc-microservices-experiment-order-1,82.4,80834724,1073741824,7.53,3,40.7MB / 18.2MB,6.89MB / 77.8kB
8,2026-09-10T10:25:11.693942+00:00,17,2026-09-10T10:25:11.326652+00:00,false,microservices,product,7f26251b14eee637526df0b5f095c2086c817cd5d2af2406335d0f1b17044272,tcc-microservices-experiment-product-1,0.02,78748058,1073741824,7.33,3,417kB / 282kB,3.67MB / 81.9kB
9,2026-09-10T10:25:12.693923+00:00,19,2026-09-10T10:25:12.326397+00:00,false,microservices,auth,0e1a9bc07acb044f82d936e16e98b689e058a2f4c79faf7bf0835a6d8a5c21e7,tcc-microservices-experiment-auth-1,0.02,79209431,1073741824,7.38,3,45.8kB / 40.3kB,4.1MB / 65.5kB
9,2026-09-10T10:25:12.693923+00:00,19,2026-09-10T10:25:12.326397+00:00,false,microservices,gateway,5146ccba9d39392dcff0c44fa4db5cea2d6c7dfb8560fe0e765fa55d5f023f78,tcc-microservices-experiment-gateway-1,42.47,482030387,536870912,89.79,87,9.8MB / 12.9MB,32MB / 197kB
9,2026-09-10T10:25:12.693923+00:00,19,2026-09-10T10:25:12.326397+00:00,false,microservices,mysql,69c76cb035005d9063a7da2e76c2d47f6f77f35d06bec1ec86c94d3c72c366b4,tcc-microservices-experiment-mysql-1,27.05,541904077,1073741824,50.47,40,12.8MB / 35.4MB,44.8MB / 123MB
9,2026-09-10T10:25:12.693923+00:00,19,2026-09-10T10:25:12.326397+00:00,false,microservices,order,31cf9ea41411fb8fed951d912e33c28205806667927075bacd34ef36dc11c132,tcc-microservices-experiment-order-1,82.6,80142664,1073741824,7.46,3,41.8MB / 18.6MB,6.89MB / 77.8kB
9,2026-09-10T10:25:12.693923+00:00,19,2026-09-10T10:25:12.326397+00:00,false,microservices,product,7f26251b14eee637526df0b5f095c2086c817cd5d2af2406335d0f1b17044272,tcc-microservices-experiment-product-1,0.02,78748058,1073741824,7.33,3,417kB / 282kB,3.67MB / 81.9kB
10,2026-09-10T10:25:13.693955+00:00,21,2026-09-10T10:25:13.326242+00:00,false,microservices,auth,0e1a9bc07acb044f82d936e16e98b689e058a2f4c79faf7bf0835a6d8a5c21e7,tcc-microservices-experiment-auth-1,0.02,79209431,1073741824,7.38,3,45.8kB / 40.3kB,4.1MB / 65.5kB
10,2026-09-10T10:25:13.693955+00:00,21,2026-09-10T10:25:13.326242+00:00,false,microservices,gateway,5146ccba9d39392dcff0c44fa4db5cea2d6c7dfb8560fe0e765fa55d5f023f78,tcc-microservices-experiment-gateway-1,48.12,482659533,536870912,89.91,87,10.1MB / 13.3MB,32MB / 197kB
10,2026-09-10T10:25:13.693955+00:00,21,2026-09-10T10:25:13.326242+00:00,false,microservices,mysql,69c76cb035005d9063a7da2e76c2d47f6f77f35d06bec1ec86c94d3c72c366b4,tcc-microservices-experiment-mysql-1,23.12,541799219,1073741824,50.46,40,13.1MB / 36.3MB,44.8MB / 123MB
10,2026-09-10T10:25:13.693955+00:00,21,2026-09-10T10:25:13.326242+00:00,false,microservices,order,31cf9ea41411fb8fed951d912e33c28205806667927075bacd34ef36dc11c132,tcc-microservices-experiment-order-1,82.19,79744205,1073741824,7.43,3,42.8MB / 19.1MB,6.89MB / 77.8kB
10,2026-09-10T10:25:13.693955+00:00,21,2026-09-10T10:25:13.326242+00:00,false,microservices,product,7f26251b14eee637526df0b5f095c2086c817cd5d2af2406335d0f1b17044272,tcc-microservices-experiment-product-1,0.02,78748058,1073741824,7.33,3,417kB / 282kB,3.67MB / 81.9kB
11,2026-09-10T10:25:14.693926+00:00,23,2026-09-10T10:25:14.327444+00:00,false,microservices,auth,0e1a9bc07acb044f82d936e16e98b689e058a2f4c79faf7bf0835a6d8a5c21e7,tcc-microservices-experiment-auth-1,0.02,79209431,1073741824,7.38,3,45.8kB / 40.3kB,4.1MB / 65.5kB
11,2026-09-10T10:25:14.693926+00:00,23,2026-09-10T10:25:14.327444+00:00,false,microservices,gateway,5146ccba9d39392dcff0c44fa4db5cea2d6c7dfb8560fe0e765fa55d5f023f78,tcc-microservices-experiment-gateway-1,74.69,482869248,536870912,89.94,87,10.4MB / 13.7MB,32MB / 197kB
11,2026-09-10T10:25:14.693926+00:00,23,2026-09-10T10:25:14.327444+00:00,false,microservices,mysql,69c76cb035005d9063a7da2e76c2d47f6f77f35d06bec1ec86c94d3c72c366b4,tcc-microservices-experiment-mysql-1,26.37,541694362,1073741824,50.45,40,13.3MB / 37.1MB,44.8MB / 123MB
11,2026-09-10T10:25:14.693926+00:00,23,2026-09-10T10:25:14.327444+00:00,false,microservices,order,31cf9ea41411fb8fed951d912e33c28205806667927075bacd34ef36dc11c132,tcc-microservices-experiment-order-1,82.58,80666952,1073741824,7.51,3,43.9MB / 19.5MB,6.89MB / 77.8kB
11,2026-09-10T10:25:14.693926+00:00,23,2026-09-10T10:25:14.327444+00:00,false,microservices,product,7f26251b14eee637526df0b5f095c2086c817cd5d2af2406335d0f1b17044272,tcc-microservices-experiment-product-1,0.02,78748058,1073741824,7.33,3,417kB / 282kB,3.67MB / 81.9kB
12,2026-09-10T10:25:15.693916+00:00,25,2026-09-10T10:25:15.326426+00:00,false,microservices,auth,0e1a9bc07acb044f82d936e16e98b689e058a2f4c79faf7bf0835a6d8a5c21e7,tcc-microservices-experiment-auth-1,0.03,79209431,1073741824,7.38,3,45.8kB / 40.3kB,4.1MB / 65.5kB
12,2026-09-10T10:25:15.693916+00:00,25,2026-09-10T10:25:15.326426+00:00,false,microservices,gateway,5146ccba9d39392dcff0c44fa4db5cea2d6c7dfb8560fe0e765fa55d5f023f78,tcc-microservices-experiment-gateway-1,52.2,483078963,536870912,89.98,87,10.7MB / 14MB,32MB / 197kB
12,2026-09-10T10:25:15.693916+00:00,25,2026-09-10T10:25:15.326426+00:00,false,microservices,mysql,69c76cb035005d9063a7da2e76c2d47f6f77f35d06bec1ec86c94d3c72c366b4,tcc-microservices-experiment-mysql-1,22.58,541484646,1073741824,50.43,40,13.6MB / 38MB,44.8MB / 123MB
12,2026-09-10T10:25:15.693916+00:00,25,2026-09-10T10:25:15.326426+00:00,false,microservices,order,31cf9ea41411fb8fed951d912e33c28205806667927075bacd34ef36dc11c132,tcc-microservices-experiment-order-1,82.4,81212211,1073741824,7.56,3,45MB / 19.9MB,6.89MB / 77.8kB
12,2026-09-10T10:25:15.693916+00:00,25,2026-09-10T10:25:15.326426+00:00,false,microservices,product,7f26251b14eee637526df0b5f095c2086c817cd5d2af2406335d0f1b17044272,tcc-microservices-experiment-product-1,0.02,78748058,1073741824,7.33,3,417kB / 282kB,3.67MB / 81.9kB
13,2026-09-10T10:25:16.693934+00:00,27,2026-09-10T10:25:16.326282+00:00,false,microservices,auth,0e1a9bc07acb044f82d936e16e98b689e058a2f4c79faf7bf0835a6d8a5c21e7,tcc-microservices-experiment-auth-1,0.02,79209431,1073741824,7.38,3,45.8kB / 40.3kB,4.1MB / 65.5kB
13,2026-09-10T10:25:16.693934+00:00,27,2026-09-10T10:25:16.326282+00:00,false,microservices,gateway,5146ccba9d39392dcff0c44fa4db5cea2d6c7dfb8560fe0e765fa55d5f023f78,tcc-microservices-experiment-gateway-1,84.5,482659533,536870912,89.9,87,10.9MB / 14.4MB,32MB / 197kB
13,2026-09-10T10:25:16.693934+00:00,27,2026-09-10T10:25:16.326282+00:00,false,microservices,mysql,69c76cb035005d9063a7da2e76c2d47f6f77f35d06bec1ec86c94d3c72c366b4,tcc-microservices-experiment-mysql-1,27.03,542323507,1073741824,50.51,40,13.8MB / 38.8MB,44.8MB / 123MB
13,2026-09-10T10:25:16.693934+00:00,27,2026-09-10T10:25:16.326282+00:00,false,microservices,order,31cf9ea41411fb8fed951d912e33c28205806667927075bacd34ef36dc11c132,tcc-microservices-experiment-order-1,81.89,80425779,1073741824,7.49,3,46MB / 20.3MB,6.89MB / 77.8kB
13,2026-09-10T10:25:16.693934+00:00,27,2026-09-10T10:25:16.326282+00:00,false,microservices,product,7f26251b14eee637526df0b5f095c2086c817cd5d2af2406335d0f1b17044272,tcc-microservices-experiment-product-1,0.02,78748058,1073741824,7.33,3,417kB / 282kB,3.67MB / 81.9kB
14,2026-09-10T10:25:17.693935+00:00,29,2026-09-10T10:25:17.326444+00:00,false,microservices,auth,0e1a9bc07acb044f82d936e16e98b689e058a2f4c79faf7bf0835a6d8a5c21e7,tcc-microservices-experiment-auth-1,0.02,79198945,1073741824,7.38,3,45.8kB / 40.3kB,4.1MB / 65.5kB
14,2026-09-10T10:25:17.693935+00:00,29,2026-09-10T10:25:17.326444+00:00,false,microservices,gateway,5146ccba9d39392dcff0c44fa4db5cea2d6c7dfb8560fe0e765fa55d5f023f78,tcc-microservices-experiment-gateway-1,69.76,483917824,536870912,90.13,87,11.2MB / 14.8MB,32MB / 197kB
14,2026-09-10T10:25:17.693935+00:00,29,2026-09-10T10:25:17.326444+00:00,false,microservices,mysql,69c76cb035005d9063a7da2e76c2d47f6f77f35d06bec1ec86c94d3c72c366b4,tcc-microservices-experiment-mysql-1,23.08,542113792,1073741824,50.48,40,14.1MB / 39.7MB,44.8MB / 123MB
14,2026-09-10T10:25:17.693935+00:00,29,2026-09-10T10:25:17.326444+00:00,false,microservices,order,31cf9ea41411fb8fed951d912e33c28205806667927075bacd34ef36dc11c132,tcc-microservices-experiment-order-1,82.38,80771809,1073741824,7.52,3,47.1MB / 20.8MB,6.89MB / 77.8kB
14,2026-09-10T10:25:17.693935+00:00,29,2026-09-10T10:25:17.326444+00:00,false,microservices,product,7f26251b14eee637526df0b5f095c2086c817cd5d2af2406335d0f1b17044272,tcc-microservices-experiment-product-1,0.02,78748058,1073741824,7.33,3,417kB / 282kB,3.67MB / 81.9kB
15,2026-09-10T10:25:18.693894+00:00,31,2026-09-10T10:25:18.326793+00:00,false,microservices,auth,0e1a9bc07acb044f82d936e16e98b689e058a2f4c79faf7bf0835a6d8a5c21e7,tcc-microservices-experiment-auth-1,0.02,79198945,1073741824,7.38,3,45.8kB / 40.3kB,4.1MB / 65.5kB
15,2026-09-10T10:25:18.693894+00:00,31,2026-09-10T10:25:18.326793+00:00,false,microservices,gateway,5146ccba9d39392dcff0c44fa4db5cea2d6c7dfb8560fe0e765fa55d5f023f78,tcc-microservices-experiment-gateway-1,86.8,484546970,536870912,90.25,87,11.5MB / 15.2MB,32MB / 197kB
15,2026-09-10T10:25:18.693894+00:00,31,2026-09-10T10:25:18.326793+00:00,false,microservices,mysql,69c76cb035005d9063a7da2e76c2d47f6f77f35d06bec1ec86c94d3c72c366b4,tcc-microservices-experiment-mysql-1,27.17,542218650,1073741824,50.49,40,14.3MB / 40.6MB,44.8MB / 123MB
15,2026-09-10T10:25:18.693894+00:00,31,2026-09-10T10:25:18.326793+00:00,false,microservices,order,31cf9ea41411fb8fed951d912e33c28205806667927075bacd34ef36dc11c132,tcc-microservices-experiment-order-1,82.92,80604037,1073741824,7.51,3,48.2MB / 21.2MB,6.89MB / 77.8kB
15,2026-09-10T10:25:18.693894+00:00,31,2026-09-10T10:25:18.326793+00:00,false,microservices,product,7f26251b14eee637526df0b5f095c2086c817cd5d2af2406335d0f1b17044272,tcc-microservices-experiment-product-1,0.02,78748058,1073741824,7.33,3,417kB / 282kB,3.67MB / 81.9kB
16,2026-09-10T10:25:19.693929+00:00,33,2026-09-10T10:25:19.326741+00:00,false,microservices,auth,0e1a9bc07acb044f82d936e16e98b689e058a2f4c79faf7bf0835a6d8a5c21e7,tcc-microservices-experiment-auth-1,0.02,79198945,1073741824,7.38,3,45.8kB / 40.3kB,4.1MB / 65.5kB
16,2026-09-10T10:25:19.693929+00:00,33,2026-09-10T10:25:19.326741+00:00,false,microservices,gateway,5146ccba9d39392dcff0c44fa4db5cea2d6c7dfb8560fe0e765fa55d5f023f78,tcc-microservices-experiment-gateway-1,64.67,482869248,536870912,89.94,87,11.8MB / 15.6MB,32MB / 197kB
16,2026-09-10T10:25:19.693929+00:00,33,2026-09-10T10:25:19.326741+00:00,false,microservices,mysql,69c76cb035005d9063a7da2e76c2d47f6f77f35d06bec1ec86c94d3c72c366b4,tcc-microservices-experiment-mysql-1,22.75,542323507,1073741824,50.51,40,14.6MB / 41.5MB,44.8MB / 123MB
16,2026-09-10T10:25:19.693929+00:00,33,2026-09-10T10:25:19.326741+00:00,false,microservices,order,31cf9ea41411fb8fed951d912e33c28205806667927075bacd34ef36dc11c132,tcc-microservices-experiment-order-1,82.29,81359012,1073741824,7.58,3,49.3MB / 21.6MB,6.89MB / 77.8kB
16,2026-09-10T10:25:19.693929+00:00,33,2026-09-10T10:25:19.326741+00:00,false,microservices,product,7f26251b14eee637526df0b5f095c2086c817cd5d2af2406335d0f1b17044272,tcc-microservices-experiment-product-1,0.02,78748058,1073741824,7.33,3,417kB / 282kB,3.67MB / 81.9kB
17,2026-09-10T10:25:20.693944+00:00,35,2026-09-10T10:25:20.327267+00:00,false,microservices,auth,0e1a9bc07acb044f82d936e16e98b689e058a2f4c79faf7bf0835a6d8a5c21e7,tcc-microservices-experiment-auth-1,0.02,79198945,1073741824,7.38,3,45.8kB / 40.3kB,4.1MB / 65.5kB
17,2026-09-10T10:25:20.693944+00:00,35,2026-09-10T10:25:20.327267+00:00,false,microservices,gateway,5146ccba9d39392dcff0c44fa4db5cea2d6c7dfb8560fe0e765fa55d5f023f78,tcc-microservices-experiment-gateway-1,42.89,483498394,536870912,90.06,87,12.1MB / 16MB,32MB / 197kB
17,2026-09-10T10:25:20.693944+00:00,35,2026-09-10T10:25:20.327267+00:00,false,microservices,mysql,69c76cb035005d9063a7da2e76c2d47f6f77f35d06bec1ec86c94d3c72c366b4,tcc-microservices-experiment-mysql-1,26.14,542218650,1073741824,50.5,40,14.8MB / 42.4MB,44.8MB / 123MB
17,2026-09-10T10:25:20.693944+00:00,35,2026-09-10T10:25:20.327267+00:00,false,microservices,order,31cf9ea41411fb8fed951d912e33c28205806667927075bacd34ef36dc11c132,tcc-microservices-experiment-order-1,82.71,81673585,1073741824,7.61,3,50.4MB / 22.1MB,6.89MB / 77.8kB
17,2026-09-10T10:25:20.693944+00:00,35,2026-09-10T10:25:20.327267+00:00,false,microservices,product,7f26251b14eee637526df0b5f095c2086c817cd5d2af2406335d0f1b17044272,tcc-microservices-experiment-product-1,0.02,78748058,1073741824,7.33,3,417kB / 282kB,3.67MB / 81.9kB
18,2026-09-10T10:25:21.693912+00:00,37,2026-09-10T10:25:21.326940+00:00,false,microservices,auth,0e1a9bc07acb044f82d936e16e98b689e058a2f4c79faf7bf0835a6d8a5c21e7,tcc-microservices-experiment-auth-1,0.02,79198945,1073741824,7.38,3,45.8kB / 40.3kB,4.1MB / 65.5kB
18,2026-09-10T10:25:21.693912+00:00,37,2026-09-10T10:25:21.326940+00:00,false,microservices,gateway,5146ccba9d39392dcff0c44fa4db5cea2d6c7dfb8560fe0e765fa55d5f023f78,tcc-microservices-experiment-gateway-1,76.45,486014976,536870912,90.53,87,12.4MB / 16.3MB,32MB / 197kB
18,2026-09-10T10:25:21.693912+00:00,37,2026-09-10T10:25:21.326940+00:00,false,microservices,mysql,69c76cb035005d9063a7da2e76c2d47f6f77f35d06bec1ec86c94d3c72c366b4,tcc-microservices-experiment-mysql-1,23.34,542428365,1073741824,50.52,40,15.1MB / 43.3MB,44.8MB / 123MB
18,2026-09-10T10:25:21.693912+00:00,37,2026-09-10T10:25:21.326940+00:00,false,microservices,order,31cf9ea41411fb8fed951d912e33c28205806667927075bacd34ef36dc11c132,tcc-microservices-experiment-order-1,81.64,81117839,1073741824,7.56,3,51.5MB / 22.5MB,6.89MB / 77.8kB
18,2026-09-10T10:25:21.693912+00:00,37,2026-09-10T10:25:21.326940+00:00,false,microservices,product,7f26251b14eee637526df0b5f095c2086c817cd5d2af2406335d0f1b17044272,tcc-microservices-experiment-product-1,0.02,78748058,1073741824,7.33,3,417kB / 282kB,3.67MB / 81.9kB
19,2026-09-10T10:25:22.693926+00:00,39,2026-09-10T10:25:22.326492+00:00,false,microservices,auth,0e1a9bc07acb044f82d936e16e98b689e058a2f4c79faf7bf0835a6d8a5c21e7,tcc-microservices-experiment-auth-1,0.02,79198945,1073741824,7.38,3,45.8kB / 40.3kB,4.1MB / 65.5kB
19,2026-09-10T10:25:22.693926+00:00,39,2026-09-10T10:25:22.326492+00:00,false,microservices,gateway,5146ccba9d39392dcff0c44fa4db5cea2d6c7dfb8560fe0e765fa55d5f023f78,tcc-microservices-experiment-gateway-1,41.27,481086669,536870912,89.61,87,12.7MB / 16.7MB,32MB / 197kB
19,2026-09-10T10:25:22.693926+00:00,39,2026-09-10T10:25:22.326492+00:00,false,microservices,mysql,69c76cb035005d9063a7da2e76c2d47f6f77f35d06bec1ec86c94d3c72c366b4,tcc-microservices-experiment-mysql-1,26.75,543162368,1073741824,50.58,40,15.3MB / 44.2MB,44.8MB / 123MB
19,2026-09-10T10:25:22.693926+00:00,39,2026-09-10T10:25:22.326492+00:00,false,microservices,order,31cf9ea41411fb8fed951d912e33c28205806667927075bacd34ef36dc11c132,tcc-microservices-experiment-order-1,82.43,82124472,1073741824,7.65,3,52.6MB / 23MB,6.89MB / 77.8kB
19,2026-09-10T10:25:22.693926+00:00,39,2026-09-10T10:25:22.326492+00:00,false,microservices,product,7f26251b14eee637526df0b5f095c2086c817cd5d2af2406335d0f1b17044272,tcc-microservices-experiment-product-1,0.02,78748058,1073741824,7.33,3,417kB / 282kB,3.67MB / 81.9kB
20,2026-09-10T10:25:23.693923+00:00,41,2026-09-10T10:25:23.326318+00:00,false,microservices,auth,0e1a9bc07acb044f82d936e16e98b689e058a2f4c79faf7bf0835a6d8a5c21e7,tcc-microservices-experiment-auth-1,0.02,79198945,1073741824,7.38,3,45.8kB / 40.3kB,4.1MB / 65.5kB
20,2026-09-10T10:25:23.693923+00:00,41,2026-09-10T10:25:23.326318+00:00,false,microservices,gateway,5146ccba9d39392dcff0c44fa4db5cea2d6c7dfb8560fe0e765fa55d5f023f78,tcc-microservices-experiment-gateway-1,40.71,481506099,536870912,89.69,87,13MB / 17.1MB,32MB / 213kB
20,2026-09-10T10:25:23.693923+00:00,41,2026-09-10T10:25:23.326318+00:00,false,microservices,mysql,69c76cb035005d9063a7da2e76c2d47f6f77f35d06bec1ec86c94d3c72c366b4,tcc-microservices-experiment-mysql-1,22.09,541904077,1073741824,50.47,40,15.6MB / 45.1MB,44.8MB / 123MB
20,2026-09-10T10:25:23.693923+00:00,41,2026-09-10T10:25:23.326318+00:00,false,microservices,order,31cf9ea41411fb8fed951d912e33c28205806667927075bacd34ef36dc11c132,tcc-microservices-experiment-order-1,82.7,80939581,1073741824,7.54,3,53.7MB / 23.4MB,6.89MB / 77.8kB
20,2026-09-10T10:25:23.693923+00:00,41,2026-09-10T10:25:23.326318+00:00,false,microservices,product,7f26251b14eee637526df0b5f095c2086c817cd5d2af2406335d0f1b17044272,tcc-microservices-experiment-product-1,0.02,78748058,1073741824,7.33,3,417kB / 282kB,3.67MB / 81.9kB
21,2026-09-10T10:25:24.693906+00:00,43,2026-09-10T10:25:24.326263+00:00,false,microservices,auth,0e1a9bc07acb044f82d936e16e98b689e058a2f4c79faf7bf0835a6d8a5c21e7,tcc-microservices-experiment-auth-1,0.02,79198945,1073741824,7.38,3,45.8kB / 40.3kB,4.1MB / 65.5kB
21,2026-09-10T10:25:24.693906+00:00,43,2026-09-10T10:25:24.326263+00:00,false,microservices,gateway,5146ccba9d39392dcff0c44fa4db5cea2d6c7dfb8560fe0e765fa55d5f023f78,tcc-microservices-experiment-gateway-1,69.95,481610957,536870912,89.71,87,13.3MB / 17.5MB,32MB / 213kB
21,2026-09-10T10:25:24.693906+00:00,43,2026-09-10T10:25:24.326263+00:00,false,microservices,mysql,69c76cb035005d9063a7da2e76c2d47f6f77f35d06bec1ec86c94d3c72c366b4,tcc-microservices-experiment-mysql-1,27.1,542847795,1073741824,50.56,40,15.8MB / 46MB,44.8MB / 123MB
21,2026-09-10T10:25:24.693906+00:00,43,2026-09-10T10:25:24.326263+00:00,false,microservices,order,31cf9ea41411fb8fed951d912e33c28205806667927075bacd34ef36dc11c132,tcc-microservices-experiment-order-1,82.27,80729866,1073741824,7.52,3,54.8MB / 23.8MB,6.89MB / 77.8kB
21,2026-09-10T10:25:24.693906+00:00,43,2026-09-10T10:25:24.326263+00:00,false,microservices,product,7f26251b14eee637526df0b5f095c2086c817cd5d2af2406335d0f1b17044272,tcc-microservices-experiment-product-1,0.02,78748058,1073741824,7.33,3,417kB / 282kB,3.67MB / 81.9kB
22,2026-09-10T10:25:25.693988+00:00,45,2026-09-10T10:25:25.326385+00:00,false,microservices,auth,0e1a9bc07acb044f82d936e16e98b689e058a2f4c79faf7bf0835a6d8a5c21e7,tcc-microservices-experiment-auth-1,0.02,79198945,1073741824,7.38,3,45.8kB / 40.3kB,4.1MB / 65.5kB
22,2026-09-10T10:25:25.693988+00:00,45,2026-09-10T10:25:25.326385+00:00,false,microservices,gateway,5146ccba9d39392dcff0c44fa4db5cea2d6c7dfb8560fe0e765fa55d5f023f78,tcc-microservices-experiment-gateway-1,57.75,481715814,536870912,89.73,87,13.6MB / 17.9MB,32MB / 213kB
22,2026-09-10T10:25:25.693988+00:00,45,2026-09-10T10:25:25.326385+00:00,false,microservices,mysql,69c76cb035005d9063a7da2e76c2d47f6f77f35d06bec1ec86c94d3c72c366b4,tcc-microservices-experiment-mysql-1,22.68,542428365,1073741824,50.52,40,16.1MB / 46.9MB,44.8MB / 123MB
22,2026-09-10T10:25:25.693988+00:00,45,2026-09-10T10:25:25.326385+00:00,false,microservices,order,31cf9ea41411fb8fed951d912e33c28205806667927075bacd34ef36dc11c132,tcc-microservices-experiment-order-1,82.31,81254154,1073741824,7.57,3,55.9MB / 24.3MB,6.89MB / 77.8kB
22,2026-09-10T10:25:25.693988+00:00,45,2026-09-10T10:25:25.326385+00:00,false,microservices,product,7f26251b14eee637526df0b5f095c2086c817cd5d2af2406335d0f1b17044272,tcc-microservices-experiment-product-1,0.02,78748058,1073741824,7.33,3,417kB / 282kB,3.67MB / 81.9kB
23,2026-09-10T10:25:26.693920+00:00,47,2026-09-10T10:25:26.326313+00:00,false,microservices,auth,0e1a9bc07acb044f82d936e16e98b689e058a2f4c79faf7bf0835a6d8a5c21e7,tcc-microservices-experiment-auth-1,0.02,79198945,1073741824,7.38,3,45.8kB / 40.3kB,4.1MB / 65.5kB
23,2026-09-10T10:25:26.693920+00:00,47,2026-09-10T10:25:26.326313+00:00,false,microservices,gateway,5146ccba9d39392dcff0c44fa4db5cea2d6c7dfb8560fe0e765fa55d5f023f78,tcc-microservices-experiment-gateway-1,66.15,481820672,536870912,89.75,87,13.9MB / 18.3MB,32MB / 213kB
23,2026-09-10T10:25:26.693920+00:00,47,2026-09-10T10:25:26.326313+00:00,false,microservices,mysql,69c76cb035005d9063a7da2e76c2d47f6f77f35d06bec1ec86c94d3c72c366b4,tcc-microservices-experiment-mysql-1,26.92,542323507,1073741824,50.51,40,16.4MB / 47.8MB,44.8MB / 123MB
23,2026-09-10T10:25:26.693920+00:00,47,2026-09-10T10:25:26.326313+00:00,false,microservices,order,31cf9ea41411fb8fed951d912e33c28205806667927075bacd34ef36dc11c132,tcc-microservices-experiment-order-1,82.72,81442898,1073741824,7.58,3,57MB / 24.7MB,6.89MB / 77.8kB
23,2026-09-10T10:25:26.693920+00:00,47,2026-09-10T10:25:26.326313+00:00,false,microservices,product,7f26251b14eee637526df0b5f095c2086c817cd5d2af2406335d0f1b17044272,tcc-microservices-experiment-product-1,0.01,78748058,1073741824,7.33,3,417kB / 282kB,3.67MB / 81.9kB
24,2026-09-10T10:25:27.693890+00:00,49,2026-09-10T10:25:27.326543+00:00,false,microservices,auth,0e1a9bc07acb044f82d936e16e98b689e058a2f4c79faf7bf0835a6d8a5c21e7,tcc-microservices-experiment-auth-1,0.02,79198945,1073741824,7.38,3,45.8kB / 40.3kB,4.1MB / 65.5kB
24,2026-09-10T10:25:27.693890+00:00,49,2026-09-10T10:25:27.326543+00:00,false,microservices,gateway,5146ccba9d39392dcff0c44fa4db5cea2d6c7dfb8560fe0e765fa55d5f023f78,tcc-microservices-experiment-gateway-1,37.73,482135245,536870912,89.8,87,14.2MB / 18.7MB,32MB / 213kB
24,2026-09-10T10:25:27.693890+00:00,49,2026-09-10T10:25:27.326543+00:00,false,microservices,mysql,69c76cb035005d9063a7da2e76c2d47f6f77f35d06bec1ec86c94d3c72c366b4,tcc-microservices-experiment-mysql-1,22.57,542218650,1073741824,50.5,40,16.6MB / 48.7MB,44.8MB / 123MB
24,2026-09-10T10:25:27.693890+00:00,49,2026-09-10T10:25:27.326543+00:00,false,microservices,order,31cf9ea41411fb8fed951d912e33c28205806667927075bacd34ef36dc11c132,tcc-microservices-experiment-order-1,82.38,81338040,1073741824,7.58,3,58.1MB / 25.2MB,6.89MB / 77.8kB
24,2026-09-10T10:25:27.693890+00:00,49,2026-09-10T10:25:27.326543+00:00,false,microservices,product,7f26251b14eee637526df0b5f095c2086c817cd5d2af2406335d0f1b17044272,tcc-microservices-experiment-product-1,0.01,78748058,1073741824,7.33,3,417kB / 282kB,3.67MB / 81.9kB
25,2026-09-10T10:25:28.693899+00:00,51,2026-09-10T10:25:28.326321+00:00,false,microservices,auth,0e1a9bc07acb044f82d936e16e98b689e058a2f4c79faf7bf0835a6d8a5c21e7,tcc-microservices-experiment-auth-1,0.02,79198945,1073741824,7.38,3,45.8kB / 40.3kB,4.1MB / 65.5kB
25,2026-09-10T10:25:28.693899+00:00,51,2026-09-10T10:25:28.326321+00:00,false,microservices,gateway,5146ccba9d39392dcff0c44fa4db5cea2d6c7dfb8560fe0e765fa55d5f023f78,tcc-microservices-experiment-gateway-1,37.66,482030387,536870912,89.78,87,14.5MB / 19.1MB,32MB / 213kB
25,2026-09-10T10:25:28.693899+00:00,51,2026-09-10T10:25:28.326321+00:00,false,microservices,mysql,69c76cb035005d9063a7da2e76c2d47f6f77f35d06bec1ec86c94d3c72c366b4,tcc-microservices-experiment-mysql-1,26.99,542952653,1073741824,50.57,40,16.9MB / 49.6MB,44.8MB / 123MB
25,2026-09-10T10:25:28.693899+00:00,51,2026-09-10T10:25:28.326321+00:00,false,microservices,order,31cf9ea41411fb8fed951d912e33c28205806667927075bacd34ef36dc11c132,tcc-microservices-experiment-order-1,82.72,81212211,1073741824,7.56,3,59.3MB / 25.6MB,6.89MB / 77.8kB
25,2026-09-10T10:25:28.693899+00:00,51,2026-09-10T10:25:28.326321+00:00,false,microservices,product,7f26251b14eee637526df0b5f095c2086c817cd5d2af2406335d0f1b17044272,tcc-microservices-experiment-product-1,0.02,78748058,1073741824,7.33,3,417kB / 282kB,3.67MB / 81.9kB
26,2026-09-10T10:25:29.693893+00:00,53,2026-09-10T10:25:29.326564+00:00,false,microservices,auth,0e1a9bc07acb044f82d936e16e98b689e058a2f4c79faf7bf0835a6d8a5c21e7,tcc-microservices-experiment-auth-1,0.02,79198945,1073741824,7.38,3,45.8kB / 40.3kB,4.1MB / 65.5kB
26,2026-09-10T10:25:29.693893+00:00,53,2026-09-10T10:25:29.326564+00:00,false,microservices,gateway,5146ccba9d39392dcff0c44fa4db5cea2d6c7dfb8560fe0e765fa55d5f023f78,tcc-microservices-experiment-gateway-1,36.17,482344960,536870912,89.84,87,14.8MB / 19.5MB,32MB / 213kB
26,2026-09-10T10:25:29.693893+00:00,53,2026-09-10T10:25:29.326564+00:00,false,microservices,mysql,69c76cb035005d9063a7da2e76c2d47f6f77f35d06bec1ec86c94d3c72c366b4,tcc-microservices-experiment-mysql-1,22.72,542428365,1073741824,50.52,40,17.1MB / 50.5MB,44.8MB / 123MB
26,2026-09-10T10:25:29.693893+00:00,53,2026-09-10T10:25:29.326564+00:00,false,microservices,order,31cf9ea41411fb8fed951d912e33c28205806667927075bacd34ef36dc11c132,tcc-microservices-experiment-order-1,82.19,81998643,1073741824,7.64,3,60.3MB / 26MB,6.89MB / 77.8kB
26,2026-09-10T10:25:29.693893+00:00,53,2026-09-10T10:25:29.326564+00:00,false,microservices,product,7f26251b14eee637526df0b5f095c2086c817cd5d2af2406335d0f1b17044272,tcc-microservices-experiment-product-1,0.01,78748058,1073741824,7.33,3,417kB / 282kB,3.67MB / 81.9kB
27,2026-09-10T10:25:30.693900+00:00,55,2026-09-10T10:25:30.326925+00:00,false,microservices,auth,0e1a9bc07acb044f82d936e16e98b689e058a2f4c79faf7bf0835a6d8a5c21e7,tcc-microservices-experiment-auth-1,0.02,79198945,1073741824,7.38,3,45.8kB / 40.3kB,4.1MB / 65.5kB
27,2026-09-10T10:25:30.693900+00:00,55,2026-09-10T10:25:30.326925+00:00,false,microservices,gateway,5146ccba9d39392dcff0c44fa4db5cea2d6c7dfb8560fe0e765fa55d5f023f78,tcc-microservices-experiment-gateway-1,35.68,482030387,536870912,89.78,87,15MB / 19.9MB,32MB / 213kB
27,2026-09-10T10:25:30.693900+00:00,55,2026-09-10T10:25:30.326925+00:00,false,microservices,mysql,69c76cb035005d9063a7da2e76c2d47f6f77f35d06bec1ec86c94d3c72c366b4,tcc-microservices-experiment-mysql-1,26.88,543162368,1073741824,50.58,40,17.4MB / 51.4MB,44.8MB / 123MB
27,2026-09-10T10:25:30.693900+00:00,55,2026-09-10T10:25:30.326925+00:00,false,microservices,order,31cf9ea41411fb8fed951d912e33c28205806667927075bacd34ef36dc11c132,tcc-microservices-experiment-order-1,82.68,83078676,1073741824,7.74,3,61.4MB / 26.5MB,6.89MB / 77.8kB
27,2026-09-10T10:25:30.693900+00:00,55,2026-09-10T10:25:30.326925+00:00,false,microservices,product,7f26251b14eee637526df0b5f095c2086c817cd5d2af2406335d0f1b17044272,tcc-microservices-experiment-product-1,0.02,78748058,1073741824,7.33,3,417kB / 282kB,3.67MB / 81.9kB
28,2026-09-10T10:25:31.693918+00:00,57,2026-09-10T10:25:31.326396+00:00,false,microservices,auth,0e1a9bc07acb044f82d936e16e98b689e058a2f4c79faf7bf0835a6d8a5c21e7,tcc-microservices-experiment-auth-1,0.02,79198945,1073741824,7.38,3,45.8kB / 40.3kB,4.1MB / 65.5kB
28,2026-09-10T10:25:31.693918+00:00,57,2026-09-10T10:25:31.326396+00:00,false,microservices,gateway,5146ccba9d39392dcff0c44fa4db5cea2d6c7dfb8560fe0e765fa55d5f023f78,tcc-microservices-experiment-gateway-1,54.18,481925530,536870912,89.77,87,15.3MB / 20.2MB,32MB / 213kB
28,2026-09-10T10:25:31.693918+00:00,57,2026-09-10T10:25:31.326396+00:00,false,microservices,mysql,69c76cb035005d9063a7da2e76c2d47f6f77f35d06bec1ec86c94d3c72c366b4,tcc-microservices-experiment-mysql-1,23.01,542742938,1073741824,50.55,40,17.6MB / 52.3MB,44.8MB / 123MB
28,2026-09-10T10:25:31.693918+00:00,57,2026-09-10T10:25:31.326396+00:00,false,microservices,order,31cf9ea41411fb8fed951d912e33c28205806667927075bacd34ef36dc11c132,tcc-microservices-experiment-order-1,82.13,82365645,1073741824,7.67,3,62.5MB / 26.9MB,6.89MB / 77.8kB
28,2026-09-10T10:25:31.693918+00:00,57,2026-09-10T10:25:31.326396+00:00,false,microservices,product,7f26251b14eee637526df0b5f095c2086c817cd5d2af2406335d0f1b17044272,tcc-microservices-experiment-product-1,0.02,78748058,1073741824,7.33,3,417kB / 282kB,3.67MB / 81.9kB
29,2026-09-10T10:25:32.693908+00:00,59,2026-09-10T10:25:32.325875+00:00,false,microservices,auth,0e1a9bc07acb044f82d936e16e98b689e058a2f4c79faf7bf0835a6d8a5c21e7,tcc-microservices-experiment-auth-1,0.02,79198945,1073741824,7.38,3,45.8kB / 40.3kB,4.1MB / 65.5kB
29,2026-09-10T10:25:32.693908+00:00,59,2026-09-10T10:25:32.325875+00:00,false,microservices,gateway,5146ccba9d39392dcff0c44fa4db5cea2d6c7dfb8560fe0e765fa55d5f023f78,tcc-microservices-experiment-gateway-1,63.17,481820672,536870912,89.75,87,15.6MB / 20.6MB,32MB / 213kB
29,2026-09-10T10:25:32.693908+00:00,59,2026-09-10T10:25:32.325875+00:00,false,microservices,mysql,69c76cb035005d9063a7da2e76c2d47f6f77f35d06bec1ec86c94d3c72c366b4,tcc-microservices-experiment-mysql-1,27.01,542638080,1073741824,50.53,40,17.9MB / 53.1MB,44.8MB / 123MB
29,2026-09-10T10:25:32.693908+00:00,59,2026-09-10T10:25:32.325875+00:00,false,microservices,order,31cf9ea41411fb8fed951d912e33c28205806667927075bacd34ef36dc11c132,tcc-microservices-experiment-order-1,82.75,83508593,1073741824,7.78,3,63.6MB / 27.3MB,6.89MB / 77.8kB
29,2026-09-10T10:25:32.693908+00:00,59,2026-09-10T10:25:32.325875+00:00,false,microservices,product,7f26251b14eee637526df0b5f095c2086c817cd5d2af2406335d0f1b17044272,tcc-microservices-experiment-product-1,0.02,78748058,1073741824,7.33,3,417kB / 282kB,3.67MB / 81.9kB
30,2026-09-10T10:25:33.693914+00:00,61,2026-09-10T10:25:33.326435+00:00,false,microservices,auth,0e1a9bc07acb044f82d936e16e98b689e058a2f4c79faf7bf0835a6d8a5c21e7,tcc-microservices-experiment-auth-1,0.02,79198945,1073741824,7.38,3,45.8kB / 40.3kB,4.1MB / 65.5kB
30,2026-09-10T10:25:33.693914+00:00,61,2026-09-10T10:25:33.326435+00:00,false,microservices,gateway,5146ccba9d39392dcff0c44fa4db5cea2d6c7dfb8560fe0e765fa55d5f023f78,tcc-microservices-experiment-gateway-1,69.58,481506099,536870912,89.68,87,15.9MB / 21MB,32MB / 213kB
30,2026-09-10T10:25:33.693914+00:00,61,2026-09-10T10:25:33.326435+00:00,false,microservices,mysql,69c76cb035005d9063a7da2e76c2d47f6f77f35d06bec1ec86c94d3c72c366b4,tcc-microservices-experiment-mysql-1,21.1,542428365,1073741824,50.52,40,18.1MB / 54MB,44.8MB / 123MB
30,2026-09-10T10:25:33.693914+00:00,61,2026-09-10T10:25:33.326435+00:00,false,microservices,order,31cf9ea41411fb8fed951d912e33c28205806667927075bacd34ef36dc11c132,tcc-microservices-experiment-order-1,84.11,82753618,1073741824,7.71,3,64.6MB / 27.7MB,6.89MB / 77.8kB
30,2026-09-10T10:25:33.693914+00:00,61,2026-09-10T10:25:33.326435+00:00,false,microservices,product,7f26251b14eee637526df0b5f095c2086c817cd5d2af2406335d0f1b17044272,tcc-microservices-experiment-product-1,0.02,78748058,1073741824,7.33,3,417kB / 282kB,3.67MB / 81.9kB
31,2026-09-10T10:25:34.693905+00:00,63,2026-09-10T10:25:34.326532+00:00,false,microservices,auth,0e1a9bc07acb044f82d936e16e98b689e058a2f4c79faf7bf0835a6d8a5c21e7,tcc-microservices-experiment-auth-1,0.02,79198945,1073741824,7.38,3,45.8kB / 40.3kB,4.1MB / 65.5kB
31,2026-09-10T10:25:34.693905+00:00,63,2026-09-10T10:25:34.326532+00:00,false,microservices,gateway,5146ccba9d39392dcff0c44fa4db5cea2d6c7dfb8560fe0e765fa55d5f023f78,tcc-microservices-experiment-gateway-1,38.61,482030387,536870912,89.79,87,16.2MB / 21.4MB,32MB / 213kB
31,2026-09-10T10:25:34.693905+00:00,63,2026-09-10T10:25:34.326532+00:00,false,microservices,mysql,69c76cb035005d9063a7da2e76c2d47f6f77f35d06bec1ec86c94d3c72c366b4,tcc-microservices-experiment-mysql-1,25.97,542847795,1073741824,50.56,40,18.4MB / 54.9MB,44.8MB / 123MB
31,2026-09-10T10:25:34.693905+00:00,63,2026-09-10T10:25:34.326532+00:00,false,microservices,order,31cf9ea41411fb8fed951d912e33c28205806667927075bacd34ef36dc11c132,tcc-microservices-experiment-order-1,82.5,82439045,1073741824,7.68,3,65.7MB / 28.2MB,6.89MB / 77.8kB
31,2026-09-10T10:25:34.693905+00:00,63,2026-09-10T10:25:34.326532+00:00,false,microservices,product,7f26251b14eee637526df0b5f095c2086c817cd5d2af2406335d0f1b17044272,tcc-microservices-experiment-product-1,0.02,78748058,1073741824,7.33,3,417kB / 282kB,3.67MB / 81.9kB
32,2026-09-10T10:25:35.693906+00:00,65,2026-09-10T10:25:35.326532+00:00,false,microservices,auth,0e1a9bc07acb044f82d936e16e98b689e058a2f4c79faf7bf0835a6d8a5c21e7,tcc-microservices-experiment-auth-1,0.01,79198945,1073741824,7.38,3,45.8kB / 40.3kB,4.1MB / 65.5kB
32,2026-09-10T10:25:35.693906+00:00,65,2026-09-10T10:25:35.326532+00:00,false,microservices,gateway,5146ccba9d39392dcff0c44fa4db5cea2d6c7dfb8560fe0e765fa55d5f023f78,tcc-microservices-experiment-gateway-1,33.93,482344960,536870912,89.85,87,16.5MB / 21.8MB,32MB / 213kB
32,2026-09-10T10:25:35.693906+00:00,65,2026-09-10T10:25:35.326532+00:00,false,microservices,mysql,69c76cb035005d9063a7da2e76c2d47f6f77f35d06bec1ec86c94d3c72c366b4,tcc-microservices-experiment-mysql-1,22.5,541904077,1073741824,50.47,40,18.6MB / 55.8MB,44.8MB / 123MB
32,2026-09-10T10:25:35.693906+00:00,65,2026-09-10T10:25:35.326532+00:00,false,microservices,order,31cf9ea41411fb8fed951d912e33c28205806667927075bacd34ef36dc11c132,tcc-microservices-experiment-order-1,81.94,82585846,1073741824,7.69,3,66.8MB / 28.6MB,6.89MB / 77.8kB
32,2026-09-10T10:25:35.693906+00:00,65,2026-09-10T10:25:35.326532+00:00,false,microservices,product,7f26251b14eee637526df0b5f095c2086c817cd5d2af2406335d0f1b17044272,tcc-microservices-experiment-product-1,0.02,78748058,1073741824,7.33,3,417kB / 282kB,3.67MB / 81.9kB
33,2026-09-10T10:25:36.693924+00:00,67,2026-09-10T10:25:36.325605+00:00,false,microservices,auth,0e1a9bc07acb044f82d936e16e98b689e058a2f4c79faf7bf0835a6d8a5c21e7,tcc-microservices-experiment-auth-1,0.02,79198945,1073741824,7.38,3,45.8kB / 40.3kB,4.1MB / 65.5kB
33,2026-09-10T10:25:36.693924+00:00,67,2026-09-10T10:25:36.325605+00:00,false,microservices,gateway,5146ccba9d39392dcff0c44fa4db5cea2d6c7dfb8560fe0e765fa55d5f023f78,tcc-microservices-experiment-gateway-1,33.65,471544627,536870912,87.84,87,16.8MB / 22.1MB,32MB / 213kB
33,2026-09-10T10:25:36.693924+00:00,67,2026-09-10T10:25:36.325605+00:00,false,microservices,mysql,69c76cb035005d9063a7da2e76c2d47f6f77f35d06bec1ec86c94d3c72c366b4,tcc-microservices-experiment-mysql-1,26.84,542638080,1073741824,50.54,40,18.9MB / 56.7MB,44.9MB / 123MB
33,2026-09-10T10:25:36.693924+00:00,67,2026-09-10T10:25:36.325605+00:00,false,microservices,order,31cf9ea41411fb8fed951d912e33c28205806667927075bacd34ef36dc11c132,tcc-microservices-experiment-order-1,82.34,83246449,1073741824,7.75,3,67.9MB / 29.1MB,6.89MB / 77.8kB
33,2026-09-10T10:25:36.693924+00:00,67,2026-09-10T10:25:36.325605+00:00,false,microservices,product,7f26251b14eee637526df0b5f095c2086c817cd5d2af2406335d0f1b17044272,tcc-microservices-experiment-product-1,0.02,78590771,1073741824,7.32,3,417kB / 282kB,3.67MB / 81.9kB
34,2026-09-10T10:25:37.693917+00:00,69,2026-09-10T10:25:37.326478+00:00,false,microservices,auth,0e1a9bc07acb044f82d936e16e98b689e058a2f4c79faf7bf0835a6d8a5c21e7,tcc-microservices-experiment-auth-1,0.02,79198945,1073741824,7.38,3,45.8kB / 40.3kB,4.1MB / 65.5kB
34,2026-09-10T10:25:37.693917+00:00,69,2026-09-10T10:25:37.326478+00:00,false,microservices,gateway,5146ccba9d39392dcff0c44fa4db5cea2d6c7dfb8560fe0e765fa55d5f023f78,tcc-microservices-experiment-gateway-1,33.54,472068915,536870912,87.94,87,17.1MB / 22.5MB,32MB / 213kB
34,2026-09-10T10:25:37.693917+00:00,69,2026-09-10T10:25:37.326478+00:00,false,microservices,mysql,69c76cb035005d9063a7da2e76c2d47f6f77f35d06bec1ec86c94d3c72c366b4,tcc-microservices-experiment-mysql-1,23.39,542113792,1073741824,50.49,40,19.1MB / 57.6MB,44.9MB / 123MB
34,2026-09-10T10:25:37.693917+00:00,69,2026-09-10T10:25:37.326478+00:00,false,microservices,order,31cf9ea41411fb8fed951d912e33c28205806667927075bacd34ef36dc11c132,tcc-microservices-experiment-order-1,81.59,82984305,1073741824,7.73,3,69.1MB / 29.5MB,6.89MB / 77.8kB
34,2026-09-10T10:25:37.693917+00:00,69,2026-09-10T10:25:37.326478+00:00,false,microservices,product,7f26251b14eee637526df0b5f095c2086c817cd5d2af2406335d0f1b17044272,tcc-microservices-experiment-product-1,0.02,78590771,1073741824,7.32,3,417kB / 282kB,3.67MB / 81.9kB
35,2026-09-10T10:25:38.693913+00:00,71,2026-09-10T10:25:38.326317+00:00,false,microservices,auth,0e1a9bc07acb044f82d936e16e98b689e058a2f4c79faf7bf0835a6d8a5c21e7,tcc-microservices-experiment-auth-1,0.02,79198945,1073741824,7.38,3,45.8kB / 40.3kB,4.1MB / 65.5kB
35,2026-09-10T10:25:38.693913+00:00,71,2026-09-10T10:25:38.326317+00:00,false,microservices,gateway,5146ccba9d39392dcff0c44fa4db5cea2d6c7dfb8560fe0e765fa55d5f023f78,tcc-microservices-experiment-gateway-1,61.67,471544627,536870912,87.83,87,17.4MB / 22.9MB,32MB / 213kB
35,2026-09-10T10:25:38.693913+00:00,71,2026-09-10T10:25:38.326317+00:00,false,microservices,mysql,69c76cb035005d9063a7da2e76c2d47f6f77f35d06bec1ec86c94d3c72c366b4,tcc-microservices-experiment-mysql-1,27.35,542533222,1073741824,50.53,40,19.4MB / 58.5MB,44.9MB / 123MB
35,2026-09-10T10:25:38.693913+00:00,71,2026-09-10T10:25:38.326317+00:00,false,microservices,order,31cf9ea41411fb8fed951d912e33c28205806667927075bacd34ef36dc11c132,tcc-microservices-experiment-order-1,81.8,82669732,1073741824,7.7,3,70.1MB / 29.9MB,6.89MB / 77.8kB
35,2026-09-10T10:25:38.693913+00:00,71,2026-09-10T10:25:38.326317+00:00,false,microservices,product,7f26251b14eee637526df0b5f095c2086c817cd5d2af2406335d0f1b17044272,tcc-microservices-experiment-product-1,0.02,78590771,1073741824,7.32,3,417kB / 282kB,3.67MB / 81.9kB
36,2026-09-10T10:25:39.693909+00:00,73,2026-09-10T10:25:39.326527+00:00,false,microservices,auth,0e1a9bc07acb044f82d936e16e98b689e058a2f4c79faf7bf0835a6d8a5c21e7,tcc-microservices-experiment-auth-1,0.02,79198945,1073741824,7.38,3,45.8kB / 40.3kB,4.1MB / 65.5kB
36,2026-09-10T10:25:39.693909+00:00,73,2026-09-10T10:25:39.326527+00:00,false,microservices,gateway,5146ccba9d39392dcff0c44fa4db5cea2d6c7dfb8560fe0e765fa55d5f023f78,tcc-microservices-experiment-gateway-1,62.35,472278630,536870912,87.97,87,17.7MB / 23.3MB,32MB / 229kB
36,2026-09-10T10:25:39.693909+00:00,73,2026-09-10T10:25:39.326527+00:00,false,microservices,mysql,69c76cb035005d9063a7da2e76c2d47f6f77f35d06bec1ec86c94d3c72c366b4,tcc-microservices-experiment-mysql-1,23.08,542638080,1073741824,50.53,40,19.6MB / 59.4MB,44.9MB / 123MB
36,2026-09-10T10:25:39.693909+00:00,73,2026-09-10T10:25:39.326527+00:00,false,microservices,order,31cf9ea41411fb8fed951d912e33c28205806667927075bacd34ef36dc11c132,tcc-microservices-experiment-order-1,82.26,83351306,1073741824,7.76,3,71.2MB / 30.4MB,6.89MB / 77.8kB
36,2026-09-10T10:25:39.693909+00:00,73,2026-09-10T10:25:39.326527+00:00,false,microservices,product,7f26251b14eee637526df0b5f095c2086c817cd5d2af2406335d0f1b17044272,tcc-microservices-experiment-product-1,0.02,78590771,1073741824,7.32,3,417kB / 282kB,3.67MB / 81.9kB
37,2026-09-10T10:25:40.693905+00:00,75,2026-09-10T10:25:40.326243+00:00,false,microservices,auth,0e1a9bc07acb044f82d936e16e98b689e058a2f4c79faf7bf0835a6d8a5c21e7,tcc-microservices-experiment-auth-1,0.02,79198945,1073741824,7.38,3,45.8kB / 40.3kB,4.1MB / 65.5kB
37,2026-09-10T10:25:40.693905+00:00,75,2026-09-10T10:25:40.326243+00:00,false,microservices,gateway,5146ccba9d39392dcff0c44fa4db5cea2d6c7dfb8560fe0e765fa55d5f023f78,tcc-microservices-experiment-gateway-1,57.85,471649485,536870912,87.84,87,18MB / 23.7MB,32MB / 229kB
37,2026-09-10T10:25:40.693905+00:00,75,2026-09-10T10:25:40.326243+00:00,false,microservices,mysql,69c76cb035005d9063a7da2e76c2d47f6f77f35d06bec1ec86c94d3c72c366b4,tcc-microservices-experiment-mysql-1,27.49,542428365,1073741824,50.52,40,19.9MB / 60.3MB,44.9MB / 123MB
37,2026-09-10T10:25:40.693905+00:00,75,2026-09-10T10:25:40.326243+00:00,false,microservices,order,31cf9ea41411fb8fed951d912e33c28205806667927075bacd34ef36dc11c132,tcc-microservices-experiment-order-1,81.78,82921390,1073741824,7.72,3,72.4MB / 30.8MB,6.89MB / 77.8kB
37,2026-09-10T10:25:40.693905+00:00,75,2026-09-10T10:25:40.326243+00:00,false,microservices,product,7f26251b14eee637526df0b5f095c2086c817cd5d2af2406335d0f1b17044272,tcc-microservices-experiment-product-1,0.02,78590771,1073741824,7.32,3,417kB / 282kB,3.67MB / 81.9kB
38,2026-09-10T10:25:41.693924+00:00,77,2026-09-10T10:25:41.326439+00:00,false,microservices,auth,0e1a9bc07acb044f82d936e16e98b689e058a2f4c79faf7bf0835a6d8a5c21e7,tcc-microservices-experiment-auth-1,0.02,79198945,1073741824,7.38,3,45.8kB / 40.3kB,4.1MB / 65.5kB
38,2026-09-10T10:25:41.693924+00:00,77,2026-09-10T10:25:41.326439+00:00,false,microservices,gateway,5146ccba9d39392dcff0c44fa4db5cea2d6c7dfb8560fe0e765fa55d5f023f78,tcc-microservices-experiment-gateway-1,32.39,472802918,536870912,88.07,87,18.3MB / 24.1MB,32MB / 229kB
38,2026-09-10T10:25:41.693924+00:00,77,2026-09-10T10:25:41.326439+00:00,false,microservices,mysql,69c76cb035005d9063a7da2e76c2d47f6f77f35d06bec1ec86c94d3c72c366b4,tcc-microservices-experiment-mysql-1,23.12,542638080,1073741824,50.54,40,20.1MB / 61.2MB,44.9MB / 123MB
38,2026-09-10T10:25:41.693924+00:00,77,2026-09-10T10:25:41.326439+00:00,false,microservices,order,31cf9ea41411fb8fed951d912e33c28205806667927075bacd34ef36dc11c132,tcc-microservices-experiment-order-1,81.82,83309363,1073741824,7.76,3,73.5MB / 31.3MB,6.89MB / 77.8kB
38,2026-09-10T10:25:41.693924+00:00,77,2026-09-10T10:25:41.326439+00:00,false,microservices,product,7f26251b14eee637526df0b5f095c2086c817cd5d2af2406335d0f1b17044272,tcc-microservices-experiment-product-1,0.02,78590771,1073741824,7.32,3,417kB / 282kB,3.67MB / 81.9kB
39,2026-09-10T10:25:42.693922+00:00,79,2026-09-10T10:25:42.326608+00:00,false,microservices,auth,0e1a9bc07acb044f82d936e16e98b689e058a2f4c79faf7bf0835a6d8a5c21e7,tcc-microservices-experiment-auth-1,0.02,79198945,1073741824,7.38,3,45.8kB / 40.3kB,4.1MB / 65.5kB
39,2026-09-10T10:25:42.693922+00:00,79,2026-09-10T10:25:42.326608+00:00,false,microservices,gateway,5146ccba9d39392dcff0c44fa4db5cea2d6c7dfb8560fe0e765fa55d5f023f78,tcc-microservices-experiment-gateway-1,35.6,472278630,536870912,87.96,87,18.5MB / 24.5MB,32MB / 229kB
39,2026-09-10T10:25:42.693922+00:00,79,2026-09-10T10:25:42.326608+00:00,false,microservices,mysql,69c76cb035005d9063a7da2e76c2d47f6f77f35d06bec1ec86c94d3c72c366b4,tcc-microservices-experiment-mysql-1,27.12,542638080,1073741824,50.54,40,20.4MB / 62.1MB,44.9MB / 123MB
39,2026-09-10T10:25:42.693922+00:00,79,2026-09-10T10:25:42.326608+00:00,false,microservices,order,31cf9ea41411fb8fed951d912e33c28205806667927075bacd34ef36dc11c132,tcc-microservices-experiment-order-1,81.97,83414221,1073741824,7.77,3,74.6MB / 31.7MB,6.89MB / 77.8kB
39,2026-09-10T10:25:42.693922+00:00,79,2026-09-10T10:25:42.326608+00:00,false,microservices,product,7f26251b14eee637526df0b5f095c2086c817cd5d2af2406335d0f1b17044272,tcc-microservices-experiment-product-1,0.02,78590771,1073741824,7.32,3,417kB / 282kB,3.67MB / 81.9kB
40,2026-09-10T10:25:43.693935+00:00,81,2026-09-10T10:25:43.326444+00:00,false,microservices,auth,0e1a9bc07acb044f82d936e16e98b689e058a2f4c79faf7bf0835a6d8a5c21e7,tcc-microservices-experiment-auth-1,0.02,79198945,1073741824,7.38,3,45.8kB / 40.3kB,4.1MB / 65.5kB
40,2026-09-10T10:25:43.693935+00:00,81,2026-09-10T10:25:43.326444+00:00,false,microservices,gateway,5146ccba9d39392dcff0c44fa4db5cea2d6c7dfb8560fe0e765fa55d5f023f78,tcc-microservices-experiment-gateway-1,31.88,472173773,536870912,87.95,87,18.8MB / 24.9MB,32MB / 229kB
40,2026-09-10T10:25:43.693935+00:00,81,2026-09-10T10:25:43.326444+00:00,false,microservices,mysql,69c76cb035005d9063a7da2e76c2d47f6f77f35d06bec1ec86c94d3c72c366b4,tcc-microservices-experiment-mysql-1,23.0,542323507,1073741824,50.51,40,20.6MB / 63MB,44.9MB / 123MB
40,2026-09-10T10:25:43.693935+00:00,81,2026-09-10T10:25:43.326444+00:00,false,microservices,order,31cf9ea41411fb8fed951d912e33c28205806667927075bacd34ef36dc11c132,tcc-microservices-experiment-order-1,82.0,83435192,1073741824,7.77,3,75.7MB / 32.2MB,6.89MB / 77.8kB
40,2026-09-10T10:25:43.693935+00:00,81,2026-09-10T10:25:43.326444+00:00,false,microservices,product,7f26251b14eee637526df0b5f095c2086c817cd5d2af2406335d0f1b17044272,tcc-microservices-experiment-product-1,0.02,78590771,1073741824,7.32,3,417kB / 282kB,3.67MB / 81.9kB
41,2026-09-10T10:25:44.693925+00:00,83,2026-09-10T10:25:44.327600+00:00,false,microservices,auth,0e1a9bc07acb044f82d936e16e98b689e058a2f4c79faf7bf0835a6d8a5c21e7,tcc-microservices-experiment-auth-1,0.02,79198945,1073741824,7.38,3,45.8kB / 40.3kB,4.1MB / 65.5kB
41,2026-09-10T10:25:44.693925+00:00,83,2026-09-10T10:25:44.327600+00:00,false,microservices,gateway,5146ccba9d39392dcff0c44fa4db5cea2d6c7dfb8560fe0e765fa55d5f023f78,tcc-microservices-experiment-gateway-1,31.04,472173773,536870912,87.94,87,19.1MB / 25.2MB,32MB / 229kB
41,2026-09-10T10:25:44.693925+00:00,83,2026-09-10T10:25:44.327600+00:00,false,microservices,mysql,69c76cb035005d9063a7da2e76c2d47f6f77f35d06bec1ec86c94d3c72c366b4,tcc-microservices-experiment-mysql-1,26.36,542742938,1073741824,50.55,40,20.9MB / 63.8MB,44.9MB / 123MB
41,2026-09-10T10:25:44.693925+00:00,83,2026-09-10T10:25:44.327600+00:00,false,microservices,order,31cf9ea41411fb8fed951d912e33c28205806667927075bacd34ef36dc11c132,tcc-microservices-experiment-order-1,83.17,82439045,1073741824,7.68,3,76.7MB / 32.6MB,6.89MB / 77.8kB
41,2026-09-10T10:25:44.693925+00:00,83,2026-09-10T10:25:44.327600+00:00,false,microservices,product,7f26251b14eee637526df0b5f095c2086c817cd5d2af2406335d0f1b17044272,tcc-microservices-experiment-product-1,0.02,78590771,1073741824,7.32,3,417kB / 282kB,3.67MB / 81.9kB
42,2026-09-10T10:25:45.693938+00:00,85,2026-09-10T10:25:45.326645+00:00,false,microservices,auth,0e1a9bc07acb044f82d936e16e98b689e058a2f4c79faf7bf0835a6d8a5c21e7,tcc-microservices-experiment-auth-1,0.02,79198945,1073741824,7.38,3,45.8kB / 40.3kB,4.1MB / 65.5kB
42,2026-09-10T10:25:45.693938+00:00,85,2026-09-10T10:25:45.326645+00:00,false,microservices,gateway,5146ccba9d39392dcff0c44fa4db5cea2d6c7dfb8560fe0e765fa55d5f023f78,tcc-microservices-experiment-gateway-1,31.07,472802918,536870912,88.06,87,19.4MB / 25.6MB,32MB / 229kB
42,2026-09-10T10:25:45.693938+00:00,85,2026-09-10T10:25:45.326645+00:00,false,microservices,mysql,69c76cb035005d9063a7da2e76c2d47f6f77f35d06bec1ec86c94d3c72c366b4,tcc-microservices-experiment-mysql-1,22.95,541799219,1073741824,50.46,40,21.1MB / 64.7MB,44.9MB / 123MB
42,2026-09-10T10:25:45.693938+00:00,85,2026-09-10T10:25:45.326645+00:00,false,microservices,order,31cf9ea41411fb8fed951d912e33c28205806667927075bacd34ef36dc11c132,tcc-microservices-experiment-order-1,83.64,82942362,1073741824,7.72,3,77.8MB / 33MB,6.89MB / 77.8kB
42,2026-09-10T10:25:45.693938+00:00,85,2026-09-10T10:25:45.326645+00:00,false,microservices,product,7f26251b14eee637526df0b5f095c2086c817cd5d2af2406335d0f1b17044272,tcc-microservices-experiment-product-1,0.02,78590771,1073741824,7.32,3,417kB / 282kB,3.67MB / 81.9kB
43,2026-09-10T10:25:46.693925+00:00,87,2026-09-10T10:25:46.326302+00:00,false,microservices,auth,0e1a9bc07acb044f82d936e16e98b689e058a2f4c79faf7bf0835a6d8a5c21e7,tcc-microservices-experiment-auth-1,0.02,79198945,1073741824,7.38,3,45.8kB / 40.3kB,4.1MB / 65.5kB
43,2026-09-10T10:25:46.693925+00:00,87,2026-09-10T10:25:46.326302+00:00,false,microservices,gateway,5146ccba9d39392dcff0c44fa4db5cea2d6c7dfb8560fe0e765fa55d5f023f78,tcc-microservices-experiment-gateway-1,34.0,472278630,536870912,87.97,87,19.7MB / 26MB,32MB / 229kB
43,2026-09-10T10:25:46.693925+00:00,87,2026-09-10T10:25:46.326302+00:00,false,microservices,mysql,69c76cb035005d9063a7da2e76c2d47f6f77f35d06bec1ec86c94d3c72c366b4,tcc-microservices-experiment-mysql-1,26.77,545364378,1073741824,50.79,40,21.4MB / 65.6MB,46.6MB / 123MB
43,2026-09-10T10:25:46.693925+00:00,87,2026-09-10T10:25:46.326302+00:00,false,microservices,order,31cf9ea41411fb8fed951d912e33c28205806667927075bacd34ef36dc11c132,tcc-microservices-experiment-order-1,83.06,82806047,1073741824,7.71,3,78.9MB / 33.4MB,6.89MB / 77.8kB
43,2026-09-10T10:25:46.693925+00:00,87,2026-09-10T10:25:46.326302+00:00,false,microservices,product,7f26251b14eee637526df0b5f095c2086c817cd5d2af2406335d0f1b17044272,tcc-microservices-experiment-product-1,0.02,78590771,1073741824,7.32,3,417kB / 282kB,3.67MB / 81.9kB
44,2026-09-10T10:25:47.693902+00:00,89,2026-09-10T10:25:47.326473+00:00,false,microservices,auth,0e1a9bc07acb044f82d936e16e98b689e058a2f4c79faf7bf0835a6d8a5c21e7,tcc-microservices-experiment-auth-1,0.02,79198945,1073741824,7.38,3,45.8kB / 40.3kB,4.1MB / 65.5kB
44,2026-09-10T10:25:47.693902+00:00,89,2026-09-10T10:25:47.326473+00:00,false,microservices,gateway,5146ccba9d39392dcff0c44fa4db5cea2d6c7dfb8560fe0e765fa55d5f023f78,tcc-microservices-experiment-gateway-1,51.52,472593203,536870912,88.03,87,20MB / 26.4MB,32MB / 229kB
44,2026-09-10T10:25:47.693902+00:00,89,2026-09-10T10:25:47.326473+00:00,false,microservices,mysql,69c76cb035005d9063a7da2e76c2d47f6f77f35d06bec1ec86c94d3c72c366b4,tcc-microservices-experiment-mysql-1,22.96,543791514,1073741824,50.64,40,21.6MB / 66.5MB,46.6MB / 123MB
44,2026-09-10T10:25:47.693902+00:00,89,2026-09-10T10:25:47.326473+00:00,false,microservices,order,31cf9ea41411fb8fed951d912e33c28205806667927075bacd34ef36dc11c132,tcc-microservices-experiment-order-1,82.02,83183534,1073741824,7.75,3,80MB / 33.9MB,6.89MB / 77.8kB
44,2026-09-10T10:25:47.693902+00:00,89,2026-09-10T10:25:47.326473+00:00,false,microservices,product,7f26251b14eee637526df0b5f095c2086c817cd5d2af2406335d0f1b17044272,tcc-microservices-experiment-product-1,0.01,78590771,1073741824,7.32,3,417kB / 282kB,3.67MB / 81.9kB
45,2026-09-10T10:25:48.693926+00:00,91,2026-09-10T10:25:48.326450+00:00,false,microservices,auth,0e1a9bc07acb044f82d936e16e98b689e058a2f4c79faf7bf0835a6d8a5c21e7,tcc-microservices-experiment-auth-1,0.02,79198945,1073741824,7.38,3,45.8kB / 40.3kB,4.1MB / 65.5kB
45,2026-09-10T10:25:48.693926+00:00,91,2026-09-10T10:25:48.326450+00:00,false,microservices,gateway,5146ccba9d39392dcff0c44fa4db5cea2d6c7dfb8560fe0e765fa55d5f023f78,tcc-microservices-experiment-gateway-1,58.05,472383488,536870912,87.99,87,20.3MB / 26.8MB,32MB / 229kB
45,2026-09-10T10:25:48.693926+00:00,91,2026-09-10T10:25:48.326450+00:00,false,microservices,mysql,69c76cb035005d9063a7da2e76c2d47f6f77f35d06bec1ec86c94d3c72c366b4,tcc-microservices-experiment-mysql-1,24.59,548090675,1073741824,51.05,46,21.9MB / 67.4MB,46.6MB / 123MB
45,2026-09-10T10:25:48.693926+00:00,91,2026-09-10T10:25:48.326450+00:00,false,microservices,order,31cf9ea41411fb8fed951d912e33c28205806667927075bacd34ef36dc11c132,tcc-microservices-experiment-order-1,81.91,82774589,1073741824,7.71,3,81.1MB / 34.3MB,6.9MB / 77.8kB
45,2026-09-10T10:25:48.693926+00:00,91,2026-09-10T10:25:48.326450+00:00,false,microservices,product,7f26251b14eee637526df0b5f095c2086c817cd5d2af2406335d0f1b17044272,tcc-microservices-experiment-product-1,0.02,78590771,1073741824,7.32,3,417kB / 282kB,3.67MB / 81.9kB
46,2026-09-10T10:25:49.693911+00:00,93,2026-09-10T10:25:49.326442+00:00,false,microservices,auth,0e1a9bc07acb044f82d936e16e98b689e058a2f4c79faf7bf0835a6d8a5c21e7,tcc-microservices-experiment-auth-1,0.02,79198945,1073741824,7.38,3,45.8kB / 40.3kB,4.1MB / 65.5kB
46,2026-09-10T10:25:49.693911+00:00,93,2026-09-10T10:25:49.326442+00:00,false,microservices,gateway,5146ccba9d39392dcff0c44fa4db5cea2d6c7dfb8560fe0e765fa55d5f023f78,tcc-microservices-experiment-gateway-1,30.13,472488346,536870912,88.01,87,20.6MB / 27.2MB,32MB / 229kB
46,2026-09-10T10:25:49.693911+00:00,93,2026-09-10T10:25:49.326442+00:00,false,microservices,mysql,69c76cb035005d9063a7da2e76c2d47f6f77f35d06bec1ec86c94d3c72c366b4,tcc-microservices-experiment-mysql-1,25.61,544106086,1073741824,50.67,40,22.1MB / 68.3MB,46.6MB / 123MB
46,2026-09-10T10:25:49.693911+00:00,93,2026-09-10T10:25:49.326442+00:00,false,microservices,order,31cf9ea41411fb8fed951d912e33c28205806667927075bacd34ef36dc11c132,tcc-microservices-experiment-order-1,81.78,81998643,1073741824,7.64,3,82.2MB / 34.7MB,6.9MB / 77.8kB
46,2026-09-10T10:25:49.693911+00:00,93,2026-09-10T10:25:49.326442+00:00,false,microservices,product,7f26251b14eee637526df0b5f095c2086c817cd5d2af2406335d0f1b17044272,tcc-microservices-experiment-product-1,0.01,78590771,1073741824,7.32,3,417kB / 282kB,3.67MB / 81.9kB
47,2026-09-10T10:25:50.693932+00:00,95,2026-09-10T10:25:50.326443+00:00,false,microservices,auth,0e1a9bc07acb044f82d936e16e98b689e058a2f4c79faf7bf0835a6d8a5c21e7,tcc-microservices-experiment-auth-1,0.02,79125545,1073741824,7.37,3,45.8kB / 40.3kB,4.1MB / 65.5kB
47,2026-09-10T10:25:50.693932+00:00,95,2026-09-10T10:25:50.326443+00:00,false,microservices,gateway,5146ccba9d39392dcff0c44fa4db5cea2d6c7dfb8560fe0e765fa55d5f023f78,tcc-microservices-experiment-gateway-1,28.03,458122854,536870912,85.33,87,20.8MB / 27.5MB,32MB / 14.3MB
47,2026-09-10T10:25:50.693932+00:00,95,2026-09-10T10:25:50.326443+00:00,false,microservices,mysql,69c76cb035005d9063a7da2e76c2d47f6f77f35d06bec1ec86c94d3c72c366b4,tcc-microservices-experiment-mysql-1,21.6,512543949,1073741824,47.73,40,22.4MB / 69.1MB,46.6MB / 144MB
47,2026-09-10T10:25:50.693932+00:00,95,2026-09-10T10:25:50.326443+00:00,false,microservices,order,31cf9ea41411fb8fed951d912e33c28205806667927075bacd34ef36dc11c132,tcc-microservices-experiment-order-1,85.54,77217137,1073741824,7.19,3,83.2MB / 35.1MB,6.9MB / 4.92MB
47,2026-09-10T10:25:50.693932+00:00,95,2026-09-10T10:25:50.326443+00:00,false,microservices,product,7f26251b14eee637526df0b5f095c2086c817cd5d2af2406335d0f1b17044272,tcc-microservices-experiment-product-1,0.01,78590771,1073741824,7.32,3,417kB / 282kB,3.67MB / 81.9kB
48,2026-09-10T10:25:51.693923+00:00,97,2026-09-10T10:25:51.325729+00:00,false,microservices,auth,0e1a9bc07acb044f82d936e16e98b689e058a2f4c79faf7bf0835a6d8a5c21e7,tcc-microservices-experiment-auth-1,0.02,79198945,1073741824,7.38,3,45.8kB / 40.3kB,4.1MB / 65.5kB
48,2026-09-10T10:25:51.693923+00:00,97,2026-09-10T10:25:51.325729+00:00,false,microservices,gateway,5146ccba9d39392dcff0c44fa4db5cea2d6c7dfb8560fe0e765fa55d5f023f78,tcc-microservices-experiment-gateway-1,31.58,458227712,536870912,85.35,87,21.1MB / 27.9MB,32MB / 14.3MB
48,2026-09-10T10:25:51.693923+00:00,97,2026-09-10T10:25:51.325729+00:00,false,microservices,mysql,69c76cb035005d9063a7da2e76c2d47f6f77f35d06bec1ec86c94d3c72c366b4,tcc-microservices-experiment-mysql-1,26.85,512963379,1073741824,47.77,40,22.6MB / 70MB,46.6MB / 144MB
48,2026-09-10T10:25:51.693923+00:00,97,2026-09-10T10:25:51.325729+00:00,false,microservices,order,31cf9ea41411fb8fed951d912e33c28205806667927075bacd34ef36dc11c132,tcc-microservices-experiment-order-1,82.7,77007421,1073741824,7.17,3,84.3MB / 35.6MB,6.9MB / 4.92MB
48,2026-09-10T10:25:51.693923+00:00,97,2026-09-10T10:25:51.325729+00:00,false,microservices,product,7f26251b14eee637526df0b5f095c2086c817cd5d2af2406335d0f1b17044272,tcc-microservices-experiment-product-1,0.02,78590771,1073741824,7.32,3,417kB / 282kB,3.67MB / 81.9kB
49,2026-09-10T10:25:52.693910+00:00,99,2026-09-10T10:25:52.325708+00:00,false,microservices,auth,0e1a9bc07acb044f82d936e16e98b689e058a2f4c79faf7bf0835a6d8a5c21e7,tcc-microservices-experiment-auth-1,0.02,79198945,1073741824,7.38,3,45.8kB / 40.3kB,4.1MB / 65.5kB
49,2026-09-10T10:25:52.693910+00:00,99,2026-09-10T10:25:52.325708+00:00,false,microservices,gateway,5146ccba9d39392dcff0c44fa4db5cea2d6c7dfb8560fe0e765fa55d5f023f78,tcc-microservices-experiment-gateway-1,32.08,457913139,536870912,85.29,87,21.4MB / 28.3MB,32MB / 14.3MB
49,2026-09-10T10:25:52.693910+00:00,99,2026-09-10T10:25:52.325708+00:00,false,microservices,mysql,69c76cb035005d9063a7da2e76c2d47f6f77f35d06bec1ec86c94d3c72c366b4,tcc-microservices-experiment-mysql-1,23.53,512019661,1073741824,47.69,40,22.9MB / 70.8MB,46.6MB / 144MB
49,2026-09-10T10:25:52.693910+00:00,99,2026-09-10T10:25:52.325708+00:00,false,microservices,order,31cf9ea41411fb8fed951d912e33c28205806667927075bacd34ef36dc11c132,tcc-microservices-experiment-order-1,81.96,77709967,1073741824,7.24,3,85.3MB / 36MB,6.9MB / 4.92MB
49,2026-09-10T10:25:52.693910+00:00,99,2026-09-10T10:25:52.325708+00:00,false,microservices,product,7f26251b14eee637526df0b5f095c2086c817cd5d2af2406335d0f1b17044272,tcc-microservices-experiment-product-1,0.02,78590771,1073741824,7.32,3,417kB / 282kB,3.67MB / 81.9kB
50,2026-09-10T10:25:53.693918+00:00,101,2026-09-10T10:25:53.326395+00:00,false,microservices,auth,0e1a9bc07acb044f82d936e16e98b689e058a2f4c79faf7bf0835a6d8a5c21e7,tcc-microservices-experiment-auth-1,0.02,79198945,1073741824,7.38,3,45.8kB / 40.3kB,4.1MB / 65.5kB
50,2026-09-10T10:25:53.693918+00:00,101,2026-09-10T10:25:53.326395+00:00,false,microservices,gateway,5146ccba9d39392dcff0c44fa4db5cea2d6c7dfb8560fe0e765fa55d5f023f78,tcc-microservices-experiment-gateway-1,29.75,456864563,536870912,85.09,87,21.7MB / 28.6MB,32MB / 15.8MB
50,2026-09-10T10:25:53.693918+00:00,101,2026-09-10T10:25:53.326395+00:00,false,microservices,mysql,69c76cb035005d9063a7da2e76c2d47f6f77f35d06bec1ec86c94d3c72c366b4,tcc-microservices-experiment-mysql-1,26.76,505203917,1073741824,47.05,40,23.1MB / 71.7MB,46.6MB / 144MB
50,2026-09-10T10:25:53.693918+00:00,101,2026-09-10T10:25:53.326395+00:00,false,microservices,order,31cf9ea41411fb8fed951d912e33c28205806667927075bacd34ef36dc11c132,tcc-microservices-experiment-order-1,83.58,75969331,1073741824,7.07,3,86.4MB / 36.4MB,6.9MB / 6.13MB
50,2026-09-10T10:25:53.693918+00:00,101,2026-09-10T10:25:53.326395+00:00,false,microservices,product,7f26251b14eee637526df0b5f095c2086c817cd5d2af2406335d0f1b17044272,tcc-microservices-experiment-product-1,0.02,78590771,1073741824,7.32,3,417kB / 282kB,3.67MB / 81.9kB
51,2026-09-10T10:25:54.693922+00:00,103,2026-09-10T10:25:54.325998+00:00,false,microservices,auth,0e1a9bc07acb044f82d936e16e98b689e058a2f4c79faf7bf0835a6d8a5c21e7,tcc-microservices-experiment-auth-1,0.02,79198945,1073741824,7.38,3,45.9kB / 40.3kB,4.1MB / 65.5kB
51,2026-09-10T10:25:54.693922+00:00,103,2026-09-10T10:25:54.325998+00:00,false,microservices,gateway,5146ccba9d39392dcff0c44fa4db5cea2d6c7dfb8560fe0e765fa55d5f023f78,tcc-microservices-experiment-gateway-1,31.66,456445133,536870912,85.01,81,22MB / 29MB,32.2MB / 15.9MB
51,2026-09-10T10:25:54.693922+00:00,103,2026-09-10T10:25:54.325998+00:00,false,microservices,mysql,69c76cb035005d9063a7da2e76c2d47f6f77f35d06bec1ec86c94d3c72c366b4,tcc-microservices-experiment-mysql-1,22.81,504994202,1073741824,47.03,40,23.4MB / 72.6MB,46.6MB / 144MB
51,2026-09-10T10:25:54.693922+00:00,103,2026-09-10T10:25:54.325998+00:00,false,microservices,order,31cf9ea41411fb8fed951d912e33c28205806667927075bacd34ef36dc11c132,tcc-microservices-experiment-order-1,82.57,76462162,1073741824,7.12,3,87.4MB / 36.8MB,6.9MB / 6.13MB
51,2026-09-10T10:25:54.693922+00:00,103,2026-09-10T10:25:54.325998+00:00,false,microservices,product,7f26251b14eee637526df0b5f095c2086c817cd5d2af2406335d0f1b17044272,tcc-microservices-experiment-product-1,0.02,78590771,1073741824,7.32,3,417kB / 282kB,3.67MB / 81.9kB
52,2026-09-10T10:25:55.693892+00:00,105,2026-09-10T10:25:55.326673+00:00,false,microservices,auth,0e1a9bc07acb044f82d936e16e98b689e058a2f4c79faf7bf0835a6d8a5c21e7,tcc-microservices-experiment-auth-1,0.02,79198945,1073741824,7.38,3,45.9kB / 40.3kB,4.1MB / 65.5kB
52,2026-09-10T10:25:55.693892+00:00,105,2026-09-10T10:25:55.326673+00:00,false,microservices,gateway,5146ccba9d39392dcff0c44fa4db5cea2d6c7dfb8560fe0e765fa55d5f023f78,tcc-microservices-experiment-gateway-1,46.29,456445133,536870912,85.03,81,22.3MB / 29.4MB,32.3MB / 15.9MB
52,2026-09-10T10:25:55.693892+00:00,105,2026-09-10T10:25:55.326673+00:00,false,microservices,mysql,69c76cb035005d9063a7da2e76c2d47f6f77f35d06bec1ec86c94d3c72c366b4,tcc-microservices-experiment-mysql-1,27.3,507615642,1073741824,47.28,40,23.6MB / 73.5MB,49.5MB / 144MB
52,2026-09-10T10:25:55.693892+00:00,105,2026-09-10T10:25:55.326673+00:00,false,microservices,order,31cf9ea41411fb8fed951d912e33c28205806667927075bacd34ef36dc11c132,tcc-microservices-experiment-order-1,83.15,76420219,1073741824,7.12,3,88.6MB / 37.3MB,6.9MB / 6.13MB
52,2026-09-10T10:25:55.693892+00:00,105,2026-09-10T10:25:55.326673+00:00,false,microservices,product,7f26251b14eee637526df0b5f095c2086c817cd5d2af2406335d0f1b17044272,tcc-microservices-experiment-product-1,0.02,78590771,1073741824,7.32,3,417kB / 282kB,3.67MB / 81.9kB
53,2026-09-10T10:25:56.693902+00:00,107,2026-09-10T10:25:56.326582+00:00,false,microservices,auth,0e1a9bc07acb044f82d936e16e98b689e058a2f4c79faf7bf0835a6d8a5c21e7,tcc-microservices-experiment-auth-1,0.02,79198945,1073741824,7.38,3,46kB / 40.3kB,4.1MB / 65.5kB
53,2026-09-10T10:25:56.693902+00:00,107,2026-09-10T10:25:56.326582+00:00,false,microservices,gateway,5146ccba9d39392dcff0c44fa4db5cea2d6c7dfb8560fe0e765fa55d5f023f78,tcc-microservices-experiment-gateway-1,31.27,456340275,536870912,85.0,81,22.6MB / 29.8MB,32.3MB / 15.9MB
53,2026-09-10T10:25:56.693902+00:00,107,2026-09-10T10:25:56.326582+00:00,false,microservices,mysql,69c76cb035005d9063a7da2e76c2d47f6f77f35d06bec1ec86c94d3c72c366b4,tcc-microservices-experiment-mysql-1,22.65,507301069,1073741824,47.25,40,23.9MB / 74.4MB,49.5MB / 144MB
53,2026-09-10T10:25:56.693902+00:00,107,2026-09-10T10:25:56.326582+00:00,false,microservices,order,31cf9ea41411fb8fed951d912e33c28205806667927075bacd34ef36dc11c132,tcc-microservices-experiment-order-1,82.05,76116132,1073741824,7.09,3,89.7MB / 37.7MB,6.9MB / 6.13MB
53,2026-09-10T10:25:56.693902+00:00,107,2026-09-10T10:25:56.326582+00:00,false,microservices,product,7f26251b14eee637526df0b5f095c2086c817cd5d2af2406335d0f1b17044272,tcc-microservices-experiment-product-1,0.01,78590771,1073741824,7.32,3,417kB / 282kB,3.67MB / 81.9kB
54,2026-09-10T10:25:57.693896+00:00,109,2026-09-10T10:25:57.326161+00:00,false,microservices,auth,0e1a9bc07acb044f82d936e16e98b689e058a2f4c79faf7bf0835a6d8a5c21e7,tcc-microservices-experiment-auth-1,0.02,79198945,1073741824,7.38,3,46kB / 40.3kB,4.1MB / 65.5kB
54,2026-09-10T10:25:57.693896+00:00,109,2026-09-10T10:25:57.326161+00:00,false,microservices,gateway,5146ccba9d39392dcff0c44fa4db5cea2d6c7dfb8560fe0e765fa55d5f023f78,tcc-microservices-experiment-gateway-1,29.98,456549990,536870912,85.03,81,22.9MB / 30.2MB,32.3MB / 15.9MB
54,2026-09-10T10:25:57.693896+00:00,109,2026-09-10T10:25:57.326161+00:00,false,microservices,mysql,69c76cb035005d9063a7da2e76c2d47f6f77f35d06bec1ec86c94d3c72c366b4,tcc-microservices-experiment-mysql-1,27.47,507301069,1073741824,47.25,40,24.1MB / 75.3MB,49.5MB / 144MB
54,2026-09-10T10:25:57.693896+00:00,109,2026-09-10T10:25:57.326161+00:00,false,microservices,order,31cf9ea41411fb8fed951d912e33c28205806667927075bacd34ef36dc11c132,tcc-microservices-experiment-order-1,82.18,76451676,1073741824,7.12,3,90.8MB / 38.2MB,6.9MB / 6.13MB
54,2026-09-10T10:25:57.693896+00:00,109,2026-09-10T10:25:57.326161+00:00,false,microservices,product,7f26251b14eee637526df0b5f095c2086c817cd5d2af2406335d0f1b17044272,tcc-microservices-experiment-product-1,0.02,78590771,1073741824,7.32,3,417kB / 282kB,3.67MB / 81.9kB
55,2026-09-10T10:25:58.693915+00:00,111,2026-09-10T10:25:58.326479+00:00,false,microservices,auth,0e1a9bc07acb044f82d936e16e98b689e058a2f4c79faf7bf0835a6d8a5c21e7,tcc-microservices-experiment-auth-1,0.02,79198945,1073741824,7.38,3,46kB / 40.3kB,4.1MB / 65.5kB
55,2026-09-10T10:25:58.693915+00:00,111,2026-09-10T10:25:58.326479+00:00,false,microservices,gateway,5146ccba9d39392dcff0c44fa4db5cea2d6c7dfb8560fe0e765fa55d5f023f78,tcc-microservices-experiment-gateway-1,29.81,456025702,536870912,84.94,81,23.2MB / 30.6MB,32.3MB / 15.9MB
55,2026-09-10T10:25:58.693915+00:00,111,2026-09-10T10:25:58.326479+00:00,false,microservices,mysql,69c76cb035005d9063a7da2e76c2d47f6f77f35d06bec1ec86c94d3c72c366b4,tcc-microservices-experiment-mysql-1,22.99,507301069,1073741824,47.25,40,24.4MB / 76.2MB,49.5MB / 144MB
55,2026-09-10T10:25:58.693915+00:00,111,2026-09-10T10:25:58.326479+00:00,false,microservices,order,31cf9ea41411fb8fed951d912e33c28205806667927075bacd34ef36dc11c132,tcc-microservices-experiment-order-1,82.07,76357304,1073741824,7.11,3,91.9MB / 38.6MB,6.9MB / 6.13MB
55,2026-09-10T10:25:58.693915+00:00,111,2026-09-10T10:25:58.326479+00:00,false,microservices,product,7f26251b14eee637526df0b5f095c2086c817cd5d2af2406335d0f1b17044272,tcc-microservices-experiment-product-1,0.02,78590771,1073741824,7.32,3,417kB / 282kB,3.67MB / 81.9kB
56,2026-09-10T10:25:59.693944+00:00,113,2026-09-10T10:25:59.325880+00:00,false,microservices,auth,0e1a9bc07acb044f82d936e16e98b689e058a2f4c79faf7bf0835a6d8a5c21e7,tcc-microservices-experiment-auth-1,0.02,79198945,1073741824,7.38,3,46.1kB / 40.3kB,4.1MB / 65.5kB
56,2026-09-10T10:25:59.693944+00:00,113,2026-09-10T10:25:59.325880+00:00,false,microservices,gateway,5146ccba9d39392dcff0c44fa4db5cea2d6c7dfb8560fe0e765fa55d5f023f78,tcc-microservices-experiment-gateway-1,29.81,456025702,536870912,84.94,81,23.2MB / 30.6MB,32.3MB / 15.9MB
56,2026-09-10T10:25:59.693944+00:00,113,2026-09-10T10:25:59.325880+00:00,false,microservices,mysql,69c76cb035005d9063a7da2e76c2d47f6f77f35d06bec1ec86c94d3c72c366b4,tcc-microservices-experiment-mysql-1,28.25,507825357,1073741824,47.3,40,24.6MB / 77.1MB,49.5MB / 144MB
56,2026-09-10T10:25:59.693944+00:00,113,2026-09-10T10:25:59.325880+00:00,false,microservices,order,31cf9ea41411fb8fed951d912e33c28205806667927075bacd34ef36dc11c132,tcc-microservices-experiment-order-1,82.07,76357304,1073741824,7.11,3,91.9MB / 38.6MB,6.9MB / 6.13MB
56,2026-09-10T10:25:59.693944+00:00,113,2026-09-10T10:25:59.325880+00:00,false,microservices,product,7f26251b14eee637526df0b5f095c2086c817cd5d2af2406335d0f1b17044272,tcc-microservices-experiment-product-1,0.02,78590771,1073741824,7.32,3,417kB / 282kB,3.67MB / 81.9kB
57,2026-09-10T10:26:00.693896+00:00,115,2026-09-10T10:26:00.326396+00:00,false,microservices,auth,0e1a9bc07acb044f82d936e16e98b689e058a2f4c79faf7bf0835a6d8a5c21e7,tcc-microservices-experiment-auth-1,0.02,79198945,1073741824,7.38,3,46.1kB / 40.3kB,4.1MB / 65.5kB
57,2026-09-10T10:26:00.693896+00:00,115,2026-09-10T10:26:00.326396+00:00,false,microservices,gateway,5146ccba9d39392dcff0c44fa4db5cea2d6c7dfb8560fe0e765fa55d5f023f78,tcc-microservices-experiment-gateway-1,31.01,455920845,536870912,84.93,81,23.5MB / 31MB,32.3MB / 15.9MB
57,2026-09-10T10:26:00.693896+00:00,115,2026-09-10T10:26:00.326396+00:00,false,microservices,mysql,69c76cb035005d9063a7da2e76c2d47f6f77f35d06bec1ec86c94d3c72c366b4,tcc-microservices-experiment-mysql-1,28.25,507825357,1073741824,47.3,40,24.6MB / 77.1MB,49.5MB / 144MB
57,2026-09-10T10:26:00.693896+00:00,115,2026-09-10T10:26:00.326396+00:00,false,microservices,order,31cf9ea41411fb8fed951d912e33c28205806667927075bacd34ef36dc11c132,tcc-microservices-experiment-order-1,81.45,76357304,1073741824,7.11,3,93MB / 39.1MB,6.9MB / 6.13MB
57,2026-09-10T10:26:00.693896+00:00,115,2026-09-10T10:26:00.326396+00:00,false,microservices,product,7f26251b14eee637526df0b5f095c2086c817cd5d2af2406335d0f1b17044272,tcc-microservices-experiment-product-1,0.02,78590771,1073741824,7.32,3,417kB / 282kB,3.67MB / 81.9kB
58,2026-09-10T10:26:01.693897+00:00,117,2026-09-10T10:26:01.326632+00:00,false,microservices,auth,0e1a9bc07acb044f82d936e16e98b689e058a2f4c79faf7bf0835a6d8a5c21e7,tcc-microservices-experiment-auth-1,0.02,79198945,1073741824,7.38,3,46.1kB / 40.3kB,4.1MB / 65.5kB
58,2026-09-10T10:26:01.693897+00:00,117,2026-09-10T10:26:01.326632+00:00,false,microservices,gateway,5146ccba9d39392dcff0c44fa4db5cea2d6c7dfb8560fe0e765fa55d5f023f78,tcc-microservices-experiment-gateway-1,30.53,456864563,536870912,85.1,81,23.8MB / 31.4MB,32.3MB / 15.9MB
58,2026-09-10T10:26:01.693897+00:00,117,2026-09-10T10:26:01.326632+00:00,false,microservices,mysql,69c76cb035005d9063a7da2e76c2d47f6f77f35d06bec1ec86c94d3c72c366b4,tcc-microservices-experiment-mysql-1,23.27,507301069,1073741824,47.24,40,24.9MB / 78MB,49.5MB / 144MB
58,2026-09-10T10:26:01.693897+00:00,117,2026-09-10T10:26:01.326632+00:00,false,microservices,order,31cf9ea41411fb8fed951d912e33c28205806667927075bacd34ef36dc11c132,tcc-microservices-experiment-order-1,81.88,76074189,1073741824,7.09,3,94.1MB / 39.5MB,6.9MB / 6.13MB
58,2026-09-10T10:26:01.693897+00:00,117,2026-09-10T10:26:01.326632+00:00,false,microservices,product,7f26251b14eee637526df0b5f095c2086c817cd5d2af2406335d0f1b17044272,tcc-microservices-experiment-product-1,0.02,78590771,1073741824,7.32,3,417kB / 282kB,3.67MB / 81.9kB
59,2026-09-10T10:26:02.693922+00:00,119,2026-09-10T10:26:02.326261+00:00,false,microservices,auth,0e1a9bc07acb044f82d936e16e98b689e058a2f4c79faf7bf0835a6d8a5c21e7,tcc-microservices-experiment-auth-1,0.02,79198945,1073741824,7.38,3,46.1kB / 40.3kB,4.1MB / 65.5kB
59,2026-09-10T10:26:02.693922+00:00,119,2026-09-10T10:26:02.326261+00:00,false,microservices,gateway,5146ccba9d39392dcff0c44fa4db5cea2d6c7dfb8560fe0e765fa55d5f023f78,tcc-microservices-experiment-gateway-1,31.75,457074278,536870912,85.14,81,24.1MB / 31.8MB,32.3MB / 15.9MB
59,2026-09-10T10:26:02.693922+00:00,119,2026-09-10T10:26:02.326261+00:00,false,microservices,mysql,69c76cb035005d9063a7da2e76c2d47f6f77f35d06bec1ec86c94d3c72c366b4,tcc-microservices-experiment-mysql-1,27.71,507825357,1073741824,47.29,40,25.1MB / 78.9MB,49.5MB / 144MB
59,2026-09-10T10:26:02.693922+00:00,119,2026-09-10T10:26:02.326261+00:00,false,microservices,order,31cf9ea41411fb8fed951d912e33c28205806667927075bacd34ef36dc11c132,tcc-microservices-experiment-order-1,81.32,76535562,1073741824,7.13,3,95.2MB / 39.9MB,6.9MB / 6.13MB
59,2026-09-10T10:26:02.693922+00:00,119,2026-09-10T10:26:02.326261+00:00,false,microservices,product,7f26251b14eee637526df0b5f095c2086c817cd5d2af2406335d0f1b17044272,tcc-microservices-experiment-product-1,0.02,78590771,1073741824,7.32,3,417kB / 282kB,3.67MB / 81.9kB
60,2026-09-10T10:26:03.693923+00:00,121,2026-09-10T10:26:03.328083+00:00,false,microservices,auth,0e1a9bc07acb044f82d936e16e98b689e058a2f4c79faf7bf0835a6d8a5c21e7,tcc-microservices-experiment-auth-1,0.02,79198945,1073741824,7.38,3,46.1kB / 40.3kB,4.1MB / 65.5kB
60,2026-09-10T10:26:03.693923+00:00,121,2026-09-10T10:26:03.328083+00:00,false,microservices,gateway,5146ccba9d39392dcff0c44fa4db5cea2d6c7dfb8560fe0e765fa55d5f023f78,tcc-microservices-experiment-gateway-1,29.62,456654848,536870912,85.07,81,24.3MB / 32.2MB,32.3MB / 15.9MB
60,2026-09-10T10:26:03.693923+00:00,121,2026-09-10T10:26:03.328083+00:00,false,microservices,mysql,69c76cb035005d9063a7da2e76c2d47f6f77f35d06bec1ec86c94d3c72c366b4,tcc-microservices-experiment-mysql-1,23.87,507825357,1073741824,47.29,40,25.4MB / 79.8MB,49.5MB / 144MB
60,2026-09-10T10:26:03.693923+00:00,121,2026-09-10T10:26:03.328083+00:00,false,microservices,order,31cf9ea41411fb8fed951d912e33c28205806667927075bacd34ef36dc11c132,tcc-microservices-experiment-order-1,81.49,75780588,1073741824,7.06,3,96.3MB / 40.4MB,6.9MB / 6.13MB
60,2026-09-10T10:26:03.693923+00:00,121,2026-09-10T10:26:03.328083+00:00,false,microservices,product,7f26251b14eee637526df0b5f095c2086c817cd5d2af2406335d0f1b17044272,tcc-microservices-experiment-product-1,0.01,78590771,1073741824,7.32,3,417kB / 282kB,3.67MB / 81.9kB
61,2026-09-10T10:26:04.693903+00:00,123,2026-09-10T10:26:04.326446+00:00,false,microservices,auth,0e1a9bc07acb044f82d936e16e98b689e058a2f4c79faf7bf0835a6d8a5c21e7,tcc-microservices-experiment-auth-1,0.02,79198945,1073741824,7.38,3,46.1kB / 40.3kB,4.1MB / 65.5kB
61,2026-09-10T10:26:04.693903+00:00,123,2026-09-10T10:26:04.326446+00:00,false,microservices,gateway,5146ccba9d39392dcff0c44fa4db5cea2d6c7dfb8560fe0e765fa55d5f023f78,tcc-microservices-experiment-gateway-1,31.27,456025702,536870912,84.93,81,24.6MB / 32.5MB,32.3MB / 15.9MB
61,2026-09-10T10:26:04.693903+00:00,123,2026-09-10T10:26:04.326446+00:00,false,microservices,mysql,69c76cb035005d9063a7da2e76c2d47f6f77f35d06bec1ec86c94d3c72c366b4,tcc-microservices-experiment-mysql-1,27.68,507720499,1073741824,47.29,40,25.7MB / 80.7MB,49.5MB / 144MB
61,2026-09-10T10:26:04.693903+00:00,123,2026-09-10T10:26:04.326446+00:00,false,microservices,order,31cf9ea41411fb8fed951d912e33c28205806667927075bacd34ef36dc11c132,tcc-microservices-experiment-order-1,81.93,76409733,1073741824,7.12,3,97.4MB / 40.8MB,6.9MB / 7.4MB
61,2026-09-10T10:26:04.693903+00:00,123,2026-09-10T10:26:04.326446+00:00,false,microservices,product,7f26251b14eee637526df0b5f095c2086c817cd5d2af2406335d0f1b17044272,tcc-microservices-experiment-product-1,0.02,78590771,1073741824,7.32,3,417kB / 282kB,3.67MB / 81.9kB
62,2026-09-10T10:26:05.693914+00:00,125,2026-09-10T10:26:05.327312+00:00,false,microservices,auth,0e1a9bc07acb044f82d936e16e98b689e058a2f4c79faf7bf0835a6d8a5c21e7,tcc-microservices-experiment-auth-1,0.02,79198945,1073741824,7.38,3,46.1kB / 40.3kB,4.1MB / 65.5kB
62,2026-09-10T10:26:05.693914+00:00,125,2026-09-10T10:26:05.327312+00:00,false,microservices,gateway,5146ccba9d39392dcff0c44fa4db5cea2d6c7dfb8560fe0e765fa55d5f023f78,tcc-microservices-experiment-gateway-1,29.85,456759706,536870912,85.08,81,24.9MB / 32.9MB,32.3MB / 15.9MB
62,2026-09-10T10:26:05.693914+00:00,125,2026-09-10T10:26:05.327312+00:00,false,microservices,mysql,69c76cb035005d9063a7da2e76c2d47f6f77f35d06bec1ec86c94d3c72c366b4,tcc-microservices-experiment-mysql-1,23.39,507405926,1073741824,47.25,40,25.9MB / 81.6MB,49.5MB / 144MB
62,2026-09-10T10:26:05.693914+00:00,125,2026-09-10T10:26:05.327312+00:00,false,microservices,order,31cf9ea41411fb8fed951d912e33c28205806667927075bacd34ef36dc11c132,tcc-microservices-experiment-order-1,81.39,76158075,1073741824,7.09,3,98.5MB / 41.3MB,6.9MB / 7.4MB
62,2026-09-10T10:26:05.693914+00:00,125,2026-09-10T10:26:05.327312+00:00,false,microservices,product,7f26251b14eee637526df0b5f095c2086c817cd5d2af2406335d0f1b17044272,tcc-microservices-experiment-product-1,0.01,78590771,1073741824,7.32,3,417kB / 282kB,3.67MB / 81.9kB
63,2026-09-10T10:26:06.693903+00:00,127,2026-09-10T10:26:06.327324+00:00,false,microservices,auth,0e1a9bc07acb044f82d936e16e98b689e058a2f4c79faf7bf0835a6d8a5c21e7,tcc-microservices-experiment-auth-1,0.02,79198945,1073741824,7.38,3,46.1kB / 40.3kB,4.1MB / 65.5kB
63,2026-09-10T10:26:06.693903+00:00,127,2026-09-10T10:26:06.327324+00:00,false,microservices,gateway,5146ccba9d39392dcff0c44fa4db5cea2d6c7dfb8560fe0e765fa55d5f023f78,tcc-microservices-experiment-gateway-1,30.48,457388851,536870912,85.2,81,25.2MB / 33.3MB,32.3MB / 15.9MB
63,2026-09-10T10:26:06.693903+00:00,127,2026-09-10T10:26:06.327324+00:00,false,microservices,mysql,69c76cb035005d9063a7da2e76c2d47f6f77f35d06bec1ec86c94d3c72c366b4,tcc-microservices-experiment-mysql-1,28.04,508349645,1073741824,47.35,40,26.2MB / 82.5MB,49.5MB / 144MB
63,2026-09-10T10:26:06.693903+00:00,127,2026-09-10T10:26:06.327324+00:00,false,microservices,order,31cf9ea41411fb8fed951d912e33c28205806667927075bacd34ef36dc11c132,tcc-microservices-experiment-order-1,81.23,77059850,1073741824,7.18,3,99.6MB / 41.7MB,6.9MB / 7.4MB
63,2026-09-10T10:26:06.693903+00:00,127,2026-09-10T10:26:06.327324+00:00,false,microservices,product,7f26251b14eee637526df0b5f095c2086c817cd5d2af2406335d0f1b17044272,tcc-microservices-experiment-product-1,0.02,78590771,1073741824,7.32,3,417kB / 282kB,3.67MB / 81.9kB
64,2026-09-10T10:26:07.693895+00:00,129,2026-09-10T10:26:07.327264+00:00,false,microservices,auth,0e1a9bc07acb044f82d936e16e98b689e058a2f4c79faf7bf0835a6d8a5c21e7,tcc-microservices-experiment-auth-1,0.02,79198945,1073741824,7.38,3,46.1kB / 40.3kB,4.1MB / 65.5kB
64,2026-09-10T10:26:07.693895+00:00,129,2026-09-10T10:26:07.327264+00:00,false,microservices,gateway,5146ccba9d39392dcff0c44fa4db5cea2d6c7dfb8560fe0e765fa55d5f023f78,tcc-microservices-experiment-gateway-1,32.6,456549990,536870912,85.03,81,25.5MB / 33.7MB,32.3MB / 15.9MB
64,2026-09-10T10:26:07.693895+00:00,129,2026-09-10T10:26:07.327264+00:00,false,microservices,mysql,69c76cb035005d9063a7da2e76c2d47f6f77f35d06bec1ec86c94d3c72c366b4,tcc-microservices-experiment-mysql-1,23.45,507720499,1073741824,47.28,40,26.4MB / 83.4MB,49.5MB / 144MB
64,2026-09-10T10:26:07.693895+00:00,129,2026-09-10T10:26:07.327264+00:00,false,microservices,order,31cf9ea41411fb8fed951d912e33c28205806667927075bacd34ef36dc11c132,tcc-microservices-experiment-order-1,81.82,76273418,1073741824,7.1,3,101MB / 42.1MB,6.9MB / 7.4MB
64,2026-09-10T10:26:07.693895+00:00,129,2026-09-10T10:26:07.327264+00:00,false,microservices,product,7f26251b14eee637526df0b5f095c2086c817cd5d2af2406335d0f1b17044272,tcc-microservices-experiment-product-1,0.02,78590771,1073741824,7.32,3,417kB / 282kB,3.67MB / 81.9kB
65,2026-09-10T10:26:08.693922+00:00,131,2026-09-10T10:26:08.327347+00:00,false,microservices,auth,0e1a9bc07acb044f82d936e16e98b689e058a2f4c79faf7bf0835a6d8a5c21e7,tcc-microservices-experiment-auth-1,0.02,79198945,1073741824,7.38,3,46.1kB / 40.3kB,4.1MB / 65.5kB
65,2026-09-10T10:26:08.693922+00:00,131,2026-09-10T10:26:08.327347+00:00,false,microservices,gateway,5146ccba9d39392dcff0c44fa4db5cea2d6c7dfb8560fe0e765fa55d5f023f78,tcc-microservices-experiment-gateway-1,30.92,456235418,536870912,84.97,81,25.8MB / 34.1MB,32.3MB / 15.9MB
65,2026-09-10T10:26:08.693922+00:00,131,2026-09-10T10:26:08.327347+00:00,false,microservices,mysql,69c76cb035005d9063a7da2e76c2d47f6f77f35d06bec1ec86c94d3c72c366b4,tcc-microservices-experiment-mysql-1,26.62,507405926,1073741824,47.26,40,26.7MB / 84.3MB,49.5MB / 144MB
65,2026-09-10T10:26:08.693922+00:00,131,2026-09-10T10:26:08.327347+00:00,false,microservices,order,31cf9ea41411fb8fed951d912e33c28205806667927075bacd34ef36dc11c132,tcc-microservices-experiment-order-1,81.48,76241961,1073741824,7.1,3,102MB / 42.6MB,6.9MB / 7.4MB
65,2026-09-10T10:26:08.693922+00:00,131,2026-09-10T10:26:08.327347+00:00,false,microservices,product,7f26251b14eee637526df0b5f095c2086c817cd5d2af2406335d0f1b17044272,tcc-microservices-experiment-product-1,0.02,78590771,1073741824,7.32,3,417kB / 282kB,3.67MB / 81.9kB
66,2026-09-10T10:26:09.693927+00:00,133,2026-09-10T10:26:09.328135+00:00,false,microservices,auth,0e1a9bc07acb044f82d936e16e98b689e058a2f4c79faf7bf0835a6d8a5c21e7,tcc-microservices-experiment-auth-1,0.02,79198945,1073741824,7.38,3,46.1kB / 40.3kB,4.1MB / 65.5kB
66,2026-09-10T10:26:09.693927+00:00,133,2026-09-10T10:26:09.328135+00:00,false,microservices,gateway,5146ccba9d39392dcff0c44fa4db5cea2d6c7dfb8560fe0e765fa55d5f023f78,tcc-microservices-experiment-gateway-1,32.33,456759706,536870912,85.07,81,26.1MB / 34.5MB,32.3MB / 15.9MB
66,2026-09-10T10:26:09.693927+00:00,133,2026-09-10T10:26:09.328135+00:00,false,microservices,mysql,69c76cb035005d9063a7da2e76c2d47f6f77f35d06bec1ec86c94d3c72c366b4,tcc-microservices-experiment-mysql-1,23.07,507510784,1073741824,47.26,40,26.9MB / 85.2MB,49.5MB / 144MB
66,2026-09-10T10:26:09.693927+00:00,133,2026-09-10T10:26:09.328135+00:00,false,microservices,order,31cf9ea41411fb8fed951d912e33c28205806667927075bacd34ef36dc11c132,tcc-microservices-experiment-order-1,81.37,76525076,1073741824,7.13,3,103MB / 43MB,6.9MB / 7.4MB
66,2026-09-10T10:26:09.693927+00:00,133,2026-09-10T10:26:09.328135+00:00,false,microservices,product,7f26251b14eee637526df0b5f095c2086c817cd5d2af2406335d0f1b17044272,tcc-microservices-experiment-product-1,0.02,78590771,1073741824,7.32,3,417kB / 282kB,3.67MB / 81.9kB
67,2026-09-10T10:26:10.693897+00:00,135,2026-09-10T10:26:10.327864+00:00,false,microservices,auth,0e1a9bc07acb044f82d936e16e98b689e058a2f4c79faf7bf0835a6d8a5c21e7,tcc-microservices-experiment-auth-1,0.01,79198945,1073741824,7.38,3,46.1kB / 40.3kB,4.1MB / 65.5kB
67,2026-09-10T10:26:10.693897+00:00,135,2026-09-10T10:26:10.327864+00:00,false,microservices,gateway,5146ccba9d39392dcff0c44fa4db5cea2d6c7dfb8560fe0e765fa55d5f023f78,tcc-microservices-experiment-gateway-1,31.33,456445133,536870912,85.02,81,26.4MB / 34.9MB,32.3MB / 15.9MB
67,2026-09-10T10:26:10.693897+00:00,135,2026-09-10T10:26:10.327864+00:00,false,microservices,mysql,69c76cb035005d9063a7da2e76c2d47f6f77f35d06bec1ec86c94d3c72c366b4,tcc-microservices-experiment-mysql-1,26.43,508244787,1073741824,47.34,40,27.2MB / 86.1MB,49.5MB / 144MB
67,2026-09-10T10:26:10.693897+00:00,135,2026-09-10T10:26:10.327864+00:00,false,microservices,order,31cf9ea41411fb8fed951d912e33c28205806667927075bacd34ef36dc11c132,tcc-microservices-experiment-order-1,82.18,76514591,1073741824,7.13,3,104MB / 43.5MB,6.9MB / 7.4MB
67,2026-09-10T10:26:10.693897+00:00,135,2026-09-10T10:26:10.327864+00:00,false,microservices,product,7f26251b14eee637526df0b5f095c2086c817cd5d2af2406335d0f1b17044272,tcc-microservices-experiment-product-1,0.02,78590771,1073741824,7.32,3,417kB / 282kB,3.67MB / 81.9kB
68,2026-09-10T10:26:11.693895+00:00,137,2026-09-10T10:26:11.328049+00:00,false,microservices,auth,0e1a9bc07acb044f82d936e16e98b689e058a2f4c79faf7bf0835a6d8a5c21e7,tcc-microservices-experiment-auth-1,0.02,79198945,1073741824,7.38,3,46.1kB / 40.3kB,4.1MB / 65.5kB
68,2026-09-10T10:26:11.693895+00:00,137,2026-09-10T10:26:11.328049+00:00,false,microservices,gateway,5146ccba9d39392dcff0c44fa4db5cea2d6c7dfb8560fe0e765fa55d5f023f78,tcc-microservices-experiment-gateway-1,32.47,456759706,536870912,85.07,81,26.7MB / 35.3MB,32.3MB / 15.9MB
68,2026-09-10T10:26:11.693895+00:00,137,2026-09-10T10:26:11.328049+00:00,false,microservices,mysql,69c76cb035005d9063a7da2e76c2d47f6f77f35d06bec1ec86c94d3c72c366b4,tcc-microservices-experiment-mysql-1,22.24,508035072,1073741824,47.32,40,27.4MB / 87MB,49.5MB / 144MB
68,2026-09-10T10:26:11.693895+00:00,137,2026-09-10T10:26:11.328049+00:00,false,microservices,order,31cf9ea41411fb8fed951d912e33c28205806667927075bacd34ef36dc11c132,tcc-microservices-experiment-order-1,82.52,76587991,1073741824,7.13,3,105MB / 43.9MB,6.9MB / 7.4MB
68,2026-09-10T10:26:11.693895+00:00,137,2026-09-10T10:26:11.328049+00:00,false,microservices,product,7f26251b14eee637526df0b5f095c2086c817cd5d2af2406335d0f1b17044272,tcc-microservices-experiment-product-1,0.02,78590771,1073741824,7.32,3,417kB / 282kB,3.67MB / 81.9kB
69,2026-09-10T10:26:12.693921+00:00,139,2026-09-10T10:26:12.328066+00:00,false,microservices,auth,0e1a9bc07acb044f82d936e16e98b689e058a2f4c79faf7bf0835a6d8a5c21e7,tcc-microservices-experiment-auth-1,0.02,79198945,1073741824,7.38,3,46.1kB / 40.3kB,4.1MB / 65.5kB
69,2026-09-10T10:26:12.693921+00:00,139,2026-09-10T10:26:12.328066+00:00,false,microservices,gateway,5146ccba9d39392dcff0c44fa4db5cea2d6c7dfb8560fe0e765fa55d5f023f78,tcc-microservices-experiment-gateway-1,31.87,455815987,536870912,84.91,81,27MB / 35.7MB,32.3MB / 15.9MB
69,2026-09-10T10:26:12.693921+00:00,139,2026-09-10T10:26:12.328066+00:00,false,microservices,mysql,69c76cb035005d9063a7da2e76c2d47f6f77f35d06bec1ec86c94d3c72c366b4,tcc-microservices-experiment-mysql-1,26.87,507825357,1073741824,47.29,40,27.7MB / 87.9MB,49.5MB / 144MB
69,2026-09-10T10:26:12.693921+00:00,139,2026-09-10T10:26:12.328066+00:00,false,microservices,order,31cf9ea41411fb8fed951d912e33c28205806667927075bacd34ef36dc11c132,tcc-microservices-experiment-order-1,82.2,76074189,1073741824,7.09,3,106MB / 44.4MB,6.9MB / 7.4MB
69,2026-09-10T10:26:12.693921+00:00,139,2026-09-10T10:26:12.328066+00:00,false,microservices,product,7f26251b14eee637526df0b5f095c2086c817cd5d2af2406335d0f1b17044272,tcc-microservices-experiment-product-1,0.02,78590771,1073741824,7.32,3,417kB / 282kB,3.67MB / 81.9kB
70,2026-09-10T10:26:13.693928+00:00,141,2026-09-10T10:26:13.327317+00:00,false,microservices,auth,0e1a9bc07acb044f82d936e16e98b689e058a2f4c79faf7bf0835a6d8a5c21e7,tcc-microservices-experiment-auth-1,0.02,79198945,1073741824,7.38,3,46.1kB / 40.3kB,4.1MB / 65.5kB
70,2026-09-10T10:26:13.693928+00:00,141,2026-09-10T10:26:13.327317+00:00,false,microservices,gateway,5146ccba9d39392dcff0c44fa4db5cea2d6c7dfb8560fe0e765fa55d5f023f78,tcc-microservices-experiment-gateway-1,31.84,456864563,536870912,85.1,81,27.3MB / 36.1MB,32.3MB / 15.9MB
70,2026-09-10T10:26:13.693928+00:00,141,2026-09-10T10:26:13.327317+00:00,false,microservices,mysql,69c76cb035005d9063a7da2e76c2d47f6f77f35d06bec1ec86c94d3c72c366b4,tcc-microservices-experiment-mysql-1,22.78,507510784,1073741824,47.27,40,28MB / 88.8MB,49.5MB / 144MB
70,2026-09-10T10:26:13.693928+00:00,141,2026-09-10T10:26:13.327317+00:00,false,microservices,order,31cf9ea41411fb8fed951d912e33c28205806667927075bacd34ef36dc11c132,tcc-microservices-experiment-order-1,82.32,75927388,1073741824,7.07,3,107MB / 44.8MB,6.9MB / 7.4MB
70,2026-09-10T10:26:13.693928+00:00,141,2026-09-10T10:26:13.327317+00:00,false,microservices,product,7f26251b14eee637526df0b5f095c2086c817cd5d2af2406335d0f1b17044272,tcc-microservices-experiment-product-1,0.02,78590771,1073741824,7.32,3,417kB / 282kB,3.67MB / 81.9kB
71,2026-09-10T10:26:14.693926+00:00,143,2026-09-10T10:26:14.326710+00:00,false,microservices,auth,0e1a9bc07acb044f82d936e16e98b689e058a2f4c79faf7bf0835a6d8a5c21e7,tcc-microservices-experiment-auth-1,0.02,79198945,1073741824,7.38,3,46.1kB / 40.3kB,4.1MB / 65.5kB
71,2026-09-10T10:26:14.693926+00:00,143,2026-09-10T10:26:14.326710+00:00,false,microservices,gateway,5146ccba9d39392dcff0c44fa4db5cea2d6c7dfb8560fe0e765fa55d5f023f78,tcc-microservices-experiment-gateway-1,32.04,456654848,536870912,85.05,81,27.6MB / 36.5MB,32.3MB / 15.9MB
71,2026-09-10T10:26:14.693926+00:00,143,2026-09-10T10:26:14.326710+00:00,false,microservices,mysql,69c76cb035005d9063a7da2e76c2d47f6f77f35d06bec1ec86c94d3c72c366b4,tcc-microservices-experiment-mysql-1,27.1,507510784,1073741824,47.27,40,28.2MB / 89.7MB,49.5MB / 144MB
71,2026-09-10T10:26:14.693926+00:00,143,2026-09-10T10:26:14.326710+00:00,false,microservices,order,31cf9ea41411fb8fed951d912e33c28205806667927075bacd34ef36dc11c132,tcc-microservices-experiment-order-1,82.0,76493619,1073741824,7.12,3,109MB / 45.2MB,6.9MB / 7.4MB
71,2026-09-10T10:26:14.693926+00:00,143,2026-09-10T10:26:14.326710+00:00,false,microservices,product,7f26251b14eee637526df0b5f095c2086c817cd5d2af2406335d0f1b17044272,tcc-microservices-experiment-product-1,0.02,78590771,1073741824,7.32,3,417kB / 282kB,3.67MB / 81.9kB
72,2026-09-10T10:26:15.693926+00:00,145,2026-09-10T10:26:15.327275+00:00,false,microservices,auth,0e1a9bc07acb044f82d936e16e98b689e058a2f4c79faf7bf0835a6d8a5c21e7,tcc-microservices-experiment-auth-1,0.02,79198945,1073741824,7.38,3,46.1kB / 40.3kB,4.1MB / 65.5kB
72,2026-09-10T10:26:15.693926+00:00,145,2026-09-10T10:26:15.327275+00:00,false,microservices,gateway,5146ccba9d39392dcff0c44fa4db5cea2d6c7dfb8560fe0e765fa55d5f023f78,tcc-microservices-experiment-gateway-1,34.77,457493709,536870912,85.21,81,27.9MB / 36.9MB,32.5MB / 15.9MB
72,2026-09-10T10:26:15.693926+00:00,145,2026-09-10T10:26:15.327275+00:00,false,microservices,mysql,69c76cb035005d9063a7da2e76c2d47f6f77f35d06bec1ec86c94d3c72c366b4,tcc-microservices-experiment-mysql-1,21.93,507405926,1073741824,47.25,40,28.5MB / 90.7MB,49.5MB / 144MB
72,2026-09-10T10:26:15.693926+00:00,145,2026-09-10T10:26:15.327275+00:00,false,microservices,order,31cf9ea41411fb8fed951d912e33c28205806667927075bacd34ef36dc11c132,tcc-microservices-experiment-order-1,83.72,76462162,1073741824,7.12,3,110MB / 45.7MB,6.9MB / 7.4MB
72,2026-09-10T10:26:15.693926+00:00,145,2026-09-10T10:26:15.327275+00:00,false,microservices,product,7f26251b14eee637526df0b5f095c2086c817cd5d2af2406335d0f1b17044272,tcc-microservices-experiment-product-1,0.02,78590771,1073741824,7.32,3,417kB / 282kB,3.67MB / 81.9kB
73,2026-09-10T10:26:16.693896+00:00,147,2026-09-10T10:26:16.327477+00:00,false,microservices,auth,0e1a9bc07acb044f82d936e16e98b689e058a2f4c79faf7bf0835a6d8a5c21e7,tcc-microservices-experiment-auth-1,0.02,79198945,1073741824,7.38,3,46.2kB / 40.3kB,4.1MB / 65.5kB
73,2026-09-10T10:26:16.693896+00:00,147,2026-09-10T10:26:16.327477+00:00,false,microservices,gateway,5146ccba9d39392dcff0c44fa4db5cea2d6c7dfb8560fe0e765fa55d5f023f78,tcc-microservices-experiment-gateway-1,31.0,456654848,536870912,85.06,81,28.2MB / 37.3MB,32.5MB / 15.9MB
73,2026-09-10T10:26:16.693896+00:00,147,2026-09-10T10:26:16.327477+00:00,false,microservices,mysql,69c76cb035005d9063a7da2e76c2d47f6f77f35d06bec1ec86c94d3c72c366b4,tcc-microservices-experiment-mysql-1,26.86,507720499,1073741824,47.28,40,28.7MB / 91.5MB,49.5MB / 144MB
73,2026-09-10T10:26:16.693896+00:00,147,2026-09-10T10:26:16.327477+00:00,false,microservices,order,31cf9ea41411fb8fed951d912e33c28205806667927075bacd34ef36dc11c132,tcc-microservices-experiment-order-1,82.07,75833016,1073741824,7.06,3,111MB / 46.1MB,6.9MB / 7.4MB
73,2026-09-10T10:26:16.693896+00:00,147,2026-09-10T10:26:16.327477+00:00,false,microservices,product,7f26251b14eee637526df0b5f095c2086c817cd5d2af2406335d0f1b17044272,tcc-microservices-experiment-product-1,0.01,78590771,1073741824,7.32,3,417kB / 282kB,3.67MB / 81.9kB
74,2026-09-10T10:26:17.693929+00:00,149,2026-09-10T10:26:17.326449+00:00,false,microservices,auth,0e1a9bc07acb044f82d936e16e98b689e058a2f4c79faf7bf0835a6d8a5c21e7,tcc-microservices-experiment-auth-1,0.02,79198945,1073741824,7.38,3,46.2kB / 40.3kB,4.1MB / 65.5kB
74,2026-09-10T10:26:17.693929+00:00,149,2026-09-10T10:26:17.326449+00:00,false,microservices,gateway,5146ccba9d39392dcff0c44fa4db5cea2d6c7dfb8560fe0e765fa55d5f023f78,tcc-microservices-experiment-gateway-1,30.96,457388851,536870912,85.19,81,28.5MB / 37.7MB,32.5MB / 15.9MB
74,2026-09-10T10:26:17.693929+00:00,149,2026-09-10T10:26:17.326449+00:00,false,microservices,mysql,69c76cb035005d9063a7da2e76c2d47f6f77f35d06bec1ec86c94d3c72c366b4,tcc-microservices-experiment-mysql-1,22.99,507301069,1073741824,47.24,40,29MB / 92.5MB,49.5MB / 144MB
74,2026-09-10T10:26:17.693929+00:00,149,2026-09-10T10:26:17.326449+00:00,false,microservices,order,31cf9ea41411fb8fed951d912e33c28205806667927075bacd34ef36dc11c132,tcc-microservices-experiment-order-1,81.93,76325847,1073741824,7.11,3,112MB / 46.6MB,6.9MB / 7.4MB
74,2026-09-10T10:26:17.693929+00:00,149,2026-09-10T10:26:17.326449+00:00,false,microservices,product,7f26251b14eee637526df0b5f095c2086c817cd5d2af2406335d0f1b17044272,tcc-microservices-experiment-product-1,0.02,78590771,1073741824,7.32,3,417kB / 282kB,3.67MB / 81.9kB
75,2026-09-10T10:26:18.693931+00:00,151,2026-09-10T10:26:18.326487+00:00,false,microservices,auth,0e1a9bc07acb044f82d936e16e98b689e058a2f4c79faf7bf0835a6d8a5c21e7,tcc-microservices-experiment-auth-1,0.02,79198945,1073741824,7.38,3,46.2kB / 40.3kB,4.1MB / 65.5kB
75,2026-09-10T10:26:18.693931+00:00,151,2026-09-10T10:26:18.326487+00:00,false,microservices,gateway,5146ccba9d39392dcff0c44fa4db5cea2d6c7dfb8560fe0e765fa55d5f023f78,tcc-microservices-experiment-gateway-1,31.16,456864563,536870912,85.09,81,28.8MB / 38MB,32.5MB / 15.9MB
75,2026-09-10T10:26:18.693931+00:00,151,2026-09-10T10:26:18.326487+00:00,false,microservices,mysql,69c76cb035005d9063a7da2e76c2d47f6f77f35d06bec1ec86c94d3c72c366b4,tcc-microservices-experiment-mysql-1,27.15,507930214,1073741824,47.31,40,29.2MB / 93.4MB,49.5MB / 144MB
75,2026-09-10T10:26:18.693931+00:00,151,2026-09-10T10:26:18.326487+00:00,false,microservices,order,31cf9ea41411fb8fed951d912e33c28205806667927075bacd34ef36dc11c132,tcc-microservices-experiment-order-1,82.46,76168561,1073741824,7.09,3,113MB / 47MB,6.9MB / 7.4MB
75,2026-09-10T10:26:18.693931+00:00,151,2026-09-10T10:26:18.326487+00:00,false,microservices,product,7f26251b14eee637526df0b5f095c2086c817cd5d2af2406335d0f1b17044272,tcc-microservices-experiment-product-1,0.02,78590771,1073741824,7.32,3,417kB / 282kB,3.67MB / 81.9kB
76,2026-09-10T10:26:19.693898+00:00,153,2026-09-10T10:26:19.326310+00:00,false,microservices,auth,0e1a9bc07acb044f82d936e16e98b689e058a2f4c79faf7bf0835a6d8a5c21e7,tcc-microservices-experiment-auth-1,0.02,79198945,1073741824,7.38,3,46.2kB / 40.3kB,4.1MB / 65.5kB
76,2026-09-10T10:26:19.693898+00:00,153,2026-09-10T10:26:19.326310+00:00,false,microservices,gateway,5146ccba9d39392dcff0c44fa4db5cea2d6c7dfb8560fe0e765fa55d5f023f78,tcc-microservices-experiment-gateway-1,31.42,457493709,536870912,85.22,81,29.1MB / 38.4MB,32.5MB / 15.9MB
76,2026-09-10T10:26:19.693898+00:00,153,2026-09-10T10:26:19.326310+00:00,false,microservices,mysql,69c76cb035005d9063a7da2e76c2d47f6f77f35d06bec1ec86c94d3c72c366b4,tcc-microservices-experiment-mysql-1,23.11,507720499,1073741824,47.29,40,29.5MB / 94.3MB,49.5MB / 144MB
76,2026-09-10T10:26:19.693898+00:00,153,2026-09-10T10:26:19.326310+00:00,false,microservices,order,31cf9ea41411fb8fed951d912e33c28205806667927075bacd34ef36dc11c132,tcc-microservices-experiment-order-1,81.99,76483133,1073741824,7.12,3,114MB / 47.5MB,6.9MB / 9.13MB
76,2026-09-10T10:26:19.693898+00:00,153,2026-09-10T10:26:19.326310+00:00,false,microservices,product,7f26251b14eee637526df0b5f095c2086c817cd5d2af2406335d0f1b17044272,tcc-microservices-experiment-product-1,0.02,78590771,1073741824,7.32,3,417kB / 282kB,3.67MB / 81.9kB
77,2026-09-10T10:26:20.693926+00:00,155,2026-09-10T10:26:20.327207+00:00,false,microservices,auth,0e1a9bc07acb044f82d936e16e98b689e058a2f4c79faf7bf0835a6d8a5c21e7,tcc-microservices-experiment-auth-1,0.02,79198945,1073741824,7.38,3,46.2kB / 40.3kB,4.1MB / 65.5kB
77,2026-09-10T10:26:20.693926+00:00,155,2026-09-10T10:26:20.327207+00:00,false,microservices,gateway,5146ccba9d39392dcff0c44fa4db5cea2d6c7dfb8560fe0e765fa55d5f023f78,tcc-microservices-experiment-gateway-1,30.56,457388851,536870912,85.2,81,29.4MB / 38.8MB,32.5MB / 15.9MB
77,2026-09-10T10:26:20.693926+00:00,155,2026-09-10T10:26:20.327207+00:00,false,microservices,mysql,69c76cb035005d9063a7da2e76c2d47f6f77f35d06bec1ec86c94d3c72c366b4,tcc-microservices-experiment-mysql-1,27.18,507615642,1073741824,47.27,40,29.7MB / 95.2MB,49.5MB / 144MB
77,2026-09-10T10:26:20.693926+00:00,155,2026-09-10T10:26:20.327207+00:00,false,microservices,order,31cf9ea41411fb8fed951d912e33c28205806667927075bacd34ef36dc11c132,tcc-microservices-experiment-order-1,82.03,76483133,1073741824,7.12,3,115MB / 47.9MB,6.9MB / 9.13MB
77,2026-09-10T10:26:20.693926+00:00,155,2026-09-10T10:26:20.327207+00:00,false,microservices,product,7f26251b14eee637526df0b5f095c2086c817cd5d2af2406335d0f1b17044272,tcc-microservices-experiment-product-1,0.02,78590771,1073741824,7.32,3,417kB / 282kB,3.67MB / 81.9kB
78,2026-09-10T10:26:21.693912+00:00,157,2026-09-10T10:26:21.326213+00:00,false,microservices,auth,0e1a9bc07acb044f82d936e16e98b689e058a2f4c79faf7bf0835a6d8a5c21e7,tcc-microservices-experiment-auth-1,0.02,79198945,1073741824,7.38,3,46.2kB / 40.3kB,4.1MB / 65.5kB
78,2026-09-10T10:26:21.693912+00:00,157,2026-09-10T10:26:21.326213+00:00,false,microservices,gateway,5146ccba9d39392dcff0c44fa4db5cea2d6c7dfb8560fe0e765fa55d5f023f78,tcc-microservices-experiment-gateway-1,31.19,457493709,536870912,85.22,81,29.7MB / 39.2MB,32.5MB / 15.9MB
78,2026-09-10T10:26:21.693912+00:00,157,2026-09-10T10:26:21.326213+00:00,false,microservices,mysql,69c76cb035005d9063a7da2e76c2d47f6f77f35d06bec1ec86c94d3c72c366b4,tcc-microservices-experiment-mysql-1,23.06,508244787,1073741824,47.33,40,30MB / 96.1MB,49.5MB / 144MB
78,2026-09-10T10:26:21.693912+00:00,157,2026-09-10T10:26:21.326213+00:00,false,microservices,order,31cf9ea41411fb8fed951d912e33c28205806667927075bacd34ef36dc11c132,tcc-microservices-experiment-order-1,81.68,76105646,1073741824,7.09,3,116MB / 48.3MB,6.9MB / 9.13MB
78,2026-09-10T10:26:21.693912+00:00,157,2026-09-10T10:26:21.326213+00:00,false,microservices,product,7f26251b14eee637526df0b5f095c2086c817cd5d2af2406335d0f1b17044272,tcc-microservices-experiment-product-1,0.02,78590771,1073741824,7.32,3,417kB / 282kB,3.67MB / 81.9kB
79,2026-09-10T10:26:22.693918+00:00,159,2026-09-10T10:26:22.327215+00:00,false,microservices,auth,0e1a9bc07acb044f82d936e16e98b689e058a2f4c79faf7bf0835a6d8a5c21e7,tcc-microservices-experiment-auth-1,0.02,79198945,1073741824,7.38,3,46.2kB / 40.3kB,4.1MB / 65.5kB
79,2026-09-10T10:26:22.693918+00:00,159,2026-09-10T10:26:22.327215+00:00,false,microservices,gateway,5146ccba9d39392dcff0c44fa4db5cea2d6c7dfb8560fe0e765fa55d5f023f78,tcc-microservices-experiment-gateway-1,32.35,457388851,536870912,85.2,81,30MB / 39.6MB,32.5MB / 15.9MB
79,2026-09-10T10:26:22.693918+00:00,159,2026-09-10T10:26:22.327215+00:00,false,microservices,mysql,69c76cb035005d9063a7da2e76c2d47f6f77f35d06bec1ec86c94d3c72c366b4,tcc-microservices-experiment-mysql-1,26.44,508454502,1073741824,47.35,40,30.3MB / 97MB,49.5MB / 144MB
79,2026-09-10T10:26:22.693918+00:00,159,2026-09-10T10:26:22.327215+00:00,false,microservices,order,31cf9ea41411fb8fed951d912e33c28205806667927075bacd34ef36dc11c132,tcc-microservices-experiment-order-1,82.53,76797706,1073741824,7.15,3,117MB / 48.8MB,6.9MB / 9.13MB
79,2026-09-10T10:26:22.693918+00:00,159,2026-09-10T10:26:22.327215+00:00,false,microservices,product,7f26251b14eee637526df0b5f095c2086c817cd5d2af2406335d0f1b17044272,tcc-microservices-experiment-product-1,0.01,78590771,1073741824,7.32,3,417kB / 282kB,3.67MB / 81.9kB
80,2026-09-10T10:26:23.693930+00:00,161,2026-09-10T10:26:23.326369+00:00,false,microservices,auth,0e1a9bc07acb044f82d936e16e98b689e058a2f4c79faf7bf0835a6d8a5c21e7,tcc-microservices-experiment-auth-1,0.02,79198945,1073741824,7.38,3,46.2kB / 40.3kB,4.1MB / 65.5kB
80,2026-09-10T10:26:23.693930+00:00,161,2026-09-10T10:26:23.326369+00:00,false,microservices,gateway,5146ccba9d39392dcff0c44fa4db5cea2d6c7dfb8560fe0e765fa55d5f023f78,tcc-microservices-experiment-gateway-1,31.72,457493709,536870912,85.21,81,30.3MB / 40MB,32.5MB / 15.9MB
80,2026-09-10T10:26:23.693930+00:00,161,2026-09-10T10:26:23.326369+00:00,false,microservices,mysql,69c76cb035005d9063a7da2e76c2d47f6f77f35d06bec1ec86c94d3c72c366b4,tcc-microservices-experiment-mysql-1,23.23,507510784,1073741824,47.26,40,30.5MB / 97.9MB,49.5MB / 144MB
80,2026-09-10T10:26:23.693930+00:00,161,2026-09-10T10:26:23.326369+00:00,false,microservices,order,31cf9ea41411fb8fed951d912e33c28205806667927075bacd34ef36dc11c132,tcc-microservices-experiment-order-1,81.88,76546048,1073741824,7.13,3,119MB / 49.2MB,6.9MB / 9.13MB
80,2026-09-10T10:26:23.693930+00:00,161,2026-09-10T10:26:23.326369+00:00,false,microservices,product,7f26251b14eee637526df0b5f095c2086c817cd5d2af2406335d0f1b17044272,tcc-microservices-experiment-product-1,0.02,78590771,1073741824,7.32,3,417kB / 282kB,3.67MB / 81.9kB
81,2026-09-10T10:26:24.693927+00:00,163,2026-09-10T10:26:24.327383+00:00,false,microservices,auth,0e1a9bc07acb044f82d936e16e98b689e058a2f4c79faf7bf0835a6d8a5c21e7,tcc-microservices-experiment-auth-1,0.02,79198945,1073741824,7.38,3,46.2kB / 40.3kB,4.1MB / 65.5kB
81,2026-09-10T10:26:24.693927+00:00,163,2026-09-10T10:26:24.327383+00:00,false,microservices,gateway,5146ccba9d39392dcff0c44fa4db5cea2d6c7dfb8560fe0e765fa55d5f023f78,tcc-microservices-experiment-gateway-1,30.93,457283994,536870912,85.17,81,30.6MB / 40.4MB,32.5MB / 15.9MB
81,2026-09-10T10:26:24.693927+00:00,163,2026-09-10T10:26:24.327383+00:00,false,microservices,mysql,69c76cb035005d9063a7da2e76c2d47f6f77f35d06bec1ec86c94d3c72c366b4,tcc-microservices-experiment-mysql-1,26.99,507510784,1073741824,47.26,40,30.8MB / 98.8MB,49.5MB / 144MB
81,2026-09-10T10:26:24.693927+00:00,163,2026-09-10T10:26:24.327383+00:00,false,microservices,order,31cf9ea41411fb8fed951d912e33c28205806667927075bacd34ef36dc11c132,tcc-microservices-experiment-order-1,82.26,76147589,1073741824,7.09,3,120MB / 49.7MB,6.9MB / 9.13MB
81,2026-09-10T10:26:24.693927+00:00,163,2026-09-10T10:26:24.327383+00:00,false,microservices,product,7f26251b14eee637526df0b5f095c2086c817cd5d2af2406335d0f1b17044272,tcc-microservices-experiment-product-1,0.01,78590771,1073741824,7.32,3,417kB / 282kB,3.67MB / 81.9kB
82,2026-09-10T10:26:25.693926+00:00,165,2026-09-10T10:26:25.326225+00:00,false,microservices,auth,0e1a9bc07acb044f82d936e16e98b689e058a2f4c79faf7bf0835a6d8a5c21e7,tcc-microservices-experiment-auth-1,0.02,79198945,1073741824,7.38,3,46.2kB / 40.3kB,4.1MB / 65.5kB
82,2026-09-10T10:26:25.693926+00:00,165,2026-09-10T10:26:25.326225+00:00,false,microservices,gateway,5146ccba9d39392dcff0c44fa4db5cea2d6c7dfb8560fe0e765fa55d5f023f78,tcc-microservices-experiment-gateway-1,31.75,457913139,536870912,85.29,81,30.9MB / 40.8MB,32.5MB / 15.9MB
82,2026-09-10T10:26:25.693926+00:00,165,2026-09-10T10:26:25.326225+00:00,false,microservices,mysql,69c76cb035005d9063a7da2e76c2d47f6f77f35d06bec1ec86c94d3c72c366b4,tcc-microservices-experiment-mysql-1,21.62,506671923,1073741824,47.19,40,31MB / 99.7MB,49.5MB / 144MB
82,2026-09-10T10:26:25.693926+00:00,165,2026-09-10T10:26:25.326225+00:00,false,microservices,order,31cf9ea41411fb8fed951d912e33c28205806667927075bacd34ef36dc11c132,tcc-microservices-experiment-order-1,83.86,76818678,1073741824,7.15,3,121MB / 50.1MB,6.9MB / 9.13MB
82,2026-09-10T10:26:25.693926+00:00,165,2026-09-10T10:26:25.326225+00:00,false,microservices,product,7f26251b14eee637526df0b5f095c2086c817cd5d2af2406335d0f1b17044272,tcc-microservices-experiment-product-1,0.02,78590771,1073741824,7.32,3,417kB / 282kB,3.67MB / 81.9kB
83,2026-09-10T10:26:26.693897+00:00,167,2026-09-10T10:26:26.327449+00:00,false,microservices,auth,0e1a9bc07acb044f82d936e16e98b689e058a2f4c79faf7bf0835a6d8a5c21e7,tcc-microservices-experiment-auth-1,0.02,79198945,1073741824,7.38,3,46.2kB / 40.3kB,4.1MB / 65.5kB
83,2026-09-10T10:26:26.693897+00:00,167,2026-09-10T10:26:26.327449+00:00,false,microservices,gateway,5146ccba9d39392dcff0c44fa4db5cea2d6c7dfb8560fe0e765fa55d5f023f78,tcc-microservices-experiment-gateway-1,31.09,458122854,536870912,85.33,81,31.2MB / 41.2MB,32.5MB / 15.9MB
83,2026-09-10T10:26:26.693897+00:00,167,2026-09-10T10:26:26.327449+00:00,false,microservices,mysql,69c76cb035005d9063a7da2e76c2d47f6f77f35d06bec1ec86c94d3c72c366b4,tcc-microservices-experiment-mysql-1,26.95,507405926,1073741824,47.25,40,31.3MB / 101MB,49.5MB / 144MB
83,2026-09-10T10:26:26.693897+00:00,167,2026-09-10T10:26:26.327449+00:00,false,microservices,order,31cf9ea41411fb8fed951d912e33c28205806667927075bacd34ef36dc11c132,tcc-microservices-experiment-order-1,81.99,76283904,1073741824,7.1,3,122MB / 50.6MB,6.9MB / 9.13MB
83,2026-09-10T10:26:26.693897+00:00,167,2026-09-10T10:26:26.327449+00:00,false,microservices,product,7f26251b14eee637526df0b5f095c2086c817cd5d2af2406335d0f1b17044272,tcc-microservices-experiment-product-1,0.02,78590771,1073741824,7.32,3,417kB / 282kB,3.67MB / 81.9kB
84,2026-09-10T10:26:27.693937+00:00,169,2026-09-10T10:26:27.326258+00:00,false,microservices,auth,0e1a9bc07acb044f82d936e16e98b689e058a2f4c79faf7bf0835a6d8a5c21e7,tcc-microservices-experiment-auth-1,0.02,79198945,1073741824,7.38,3,46.2kB / 40.3kB,4.1MB / 65.5kB
84,2026-09-10T10:26:27.693937+00:00,169,2026-09-10T10:26:27.326258+00:00,false,microservices,gateway,5146ccba9d39392dcff0c44fa4db5cea2d6c7dfb8560fe0e765fa55d5f023f78,tcc-microservices-experiment-gateway-1,30.4,457493709,536870912,85.21,81,31.5MB / 41.6MB,32.5MB / 15.9MB
84,2026-09-10T10:26:27.693937+00:00,169,2026-09-10T10:26:27.326258+00:00,false,microservices,mysql,69c76cb035005d9063a7da2e76c2d47f6f77f35d06bec1ec86c94d3c72c366b4,tcc-microservices-experiment-mysql-1,23.71,507091354,1073741824,47.23,40,31.5MB / 101MB,49.5MB / 144MB
84,2026-09-10T10:26:27.693937+00:00,169,2026-09-10T10:26:27.326258+00:00,false,microservices,order,31cf9ea41411fb8fed951d912e33c28205806667927075bacd34ef36dc11c132,tcc-microservices-experiment-order-1,81.12,76525076,1073741824,7.13,3,123MB / 51MB,6.9MB / 9.13MB
84,2026-09-10T10:26:27.693937+00:00,169,2026-09-10T10:26:27.326258+00:00,false,microservices,product,7f26251b14eee637526df0b5f095c2086c817cd5d2af2406335d0f1b17044272,tcc-microservices-experiment-product-1,0.01,78590771,1073741824,7.32,3,417kB / 282kB,3.67MB / 81.9kB
85,2026-09-10T10:26:28.693928+00:00,171,2026-09-10T10:26:28.326494+00:00,false,microservices,auth,0e1a9bc07acb044f82d936e16e98b689e058a2f4c79faf7bf0835a6d8a5c21e7,tcc-microservices-experiment-auth-1,0.02,79198945,1073741824,7.38,3,46.2kB / 40.3kB,4.1MB / 65.5kB
85,2026-09-10T10:26:28.693928+00:00,171,2026-09-10T10:26:28.326494+00:00,false,microservices,gateway,5146ccba9d39392dcff0c44fa4db5cea2d6c7dfb8560fe0e765fa55d5f023f78,tcc-microservices-experiment-gateway-1,32.94,457703424,536870912,85.26,81,31.8MB / 42MB,32.6MB / 15.9MB
85,2026-09-10T10:26:28.693928+00:00,171,2026-09-10T10:26:28.326494+00:00,false,microservices,mysql,69c76cb035005d9063a7da2e76c2d47f6f77f35d06bec1ec86c94d3c72c366b4,tcc-microservices-experiment-mysql-1,26.31,507720499,1073741824,47.29,40,31.8MB / 102MB,49.5MB / 144MB
85,2026-09-10T10:26:28.693928+00:00,171,2026-09-10T10:26:28.326494+00:00,false,microservices,order,31cf9ea41411fb8fed951d912e33c28205806667927075bacd34ef36dc11c132,tcc-microservices-experiment-order-1,83.14,76273418,1073741824,7.1,3,124MB / 51.5MB,6.9MB / 9.13MB
85,2026-09-10T10:26:28.693928+00:00,171,2026-09-10T10:26:28.326494+00:00,false,microservices,product,7f26251b14eee637526df0b5f095c2086c817cd5d2af2406335d0f1b17044272,tcc-microservices-experiment-product-1,0.02,78590771,1073741824,7.32,3,417kB / 282kB,3.67MB / 81.9kB
86,2026-09-10T10:26:29.693913+00:00,173,2026-09-10T10:26:29.326013+00:00,false,microservices,auth,0e1a9bc07acb044f82d936e16e98b689e058a2f4c79faf7bf0835a6d8a5c21e7,tcc-microservices-experiment-auth-1,0.02,79198945,1073741824,7.38,3,46.2kB / 40.3kB,4.1MB / 65.5kB
86,2026-09-10T10:26:29.693913+00:00,173,2026-09-10T10:26:29.326013+00:00,false,microservices,gateway,5146ccba9d39392dcff0c44fa4db5cea2d6c7dfb8560fe0e765fa55d5f023f78,tcc-microservices-experiment-gateway-1,31.47,457388851,536870912,85.19,81,32.1MB / 42.4MB,32.6MB / 15.9MB
86,2026-09-10T10:26:29.693913+00:00,173,2026-09-10T10:26:29.326013+00:00,false,microservices,mysql,69c76cb035005d9063a7da2e76c2d47f6f77f35d06bec1ec86c94d3c72c366b4,tcc-microservices-experiment-mysql-1,22.6,507615642,1073741824,47.27,40,32.1MB / 103MB,49.5MB / 144MB
86,2026-09-10T10:26:29.693913+00:00,173,2026-09-10T10:26:29.326013+00:00,false,microservices,order,31cf9ea41411fb8fed951d912e33c28205806667927075bacd34ef36dc11c132,tcc-microservices-experiment-order-1,82.6,76210504,1073741824,7.1,3,125MB / 51.9MB,6.9MB / 9.13MB
86,2026-09-10T10:26:29.693913+00:00,173,2026-09-10T10:26:29.326013+00:00,false,microservices,product,7f26251b14eee637526df0b5f095c2086c817cd5d2af2406335d0f1b17044272,tcc-microservices-experiment-product-1,0.02,78590771,1073741824,7.32,3,417kB / 282kB,3.67MB / 81.9kB
87,2026-09-10T10:26:30.693925+00:00,175,2026-09-10T10:26:30.328012+00:00,false,microservices,auth,0e1a9bc07acb044f82d936e16e98b689e058a2f4c79faf7bf0835a6d8a5c21e7,tcc-microservices-experiment-auth-1,0.02,79198945,1073741824,7.38,3,46.2kB / 40.3kB,4.1MB / 65.5kB
87,2026-09-10T10:26:30.693925+00:00,175,2026-09-10T10:26:30.328012+00:00,false,microservices,gateway,5146ccba9d39392dcff0c44fa4db5cea2d6c7dfb8560fe0e765fa55d5f023f78,tcc-microservices-experiment-gateway-1,31.27,457388851,536870912,85.2,81,32.4MB / 42.8MB,32.6MB / 15.9MB
87,2026-09-10T10:26:30.693925+00:00,175,2026-09-10T10:26:30.328012+00:00,false,microservices,mysql,69c76cb035005d9063a7da2e76c2d47f6f77f35d06bec1ec86c94d3c72c366b4,tcc-microservices-experiment-mysql-1,27.78,508244787,1073741824,47.34,40,32.3MB / 104MB,49.5MB / 144MB
87,2026-09-10T10:26:30.693925+00:00,175,2026-09-10T10:26:30.328012+00:00,false,microservices,order,31cf9ea41411fb8fed951d912e33c28205806667927075bacd34ef36dc11c132,tcc-microservices-experiment-order-1,81.91,76986450,1073741824,7.17,3,126MB / 52.3MB,6.9MB / 9.13MB
87,2026-09-10T10:26:30.693925+00:00,175,2026-09-10T10:26:30.328012+00:00,false,microservices,product,7f26251b14eee637526df0b5f095c2086c817cd5d2af2406335d0f1b17044272,tcc-microservices-experiment-product-1,0.01,78590771,1073741824,7.32,3,417kB / 282kB,3.67MB / 81.9kB
88,2026-09-10T10:26:31.693913+00:00,177,2026-09-10T10:26:31.325652+00:00,false,microservices,auth,0e1a9bc07acb044f82d936e16e98b689e058a2f4c79faf7bf0835a6d8a5c21e7,tcc-microservices-experiment-auth-1,0.02,79198945,1073741824,7.38,3,46.2kB / 40.3kB,4.1MB / 65.5kB
88,2026-09-10T10:26:31.693913+00:00,177,2026-09-10T10:26:31.325652+00:00,false,microservices,gateway,5146ccba9d39392dcff0c44fa4db5cea2d6c7dfb8560fe0e765fa55d5f023f78,tcc-microservices-experiment-gateway-1,30.42,458122854,536870912,85.33,81,32.7MB / 43.1MB,32.6MB / 15.9MB
88,2026-09-10T10:26:31.693913+00:00,177,2026-09-10T10:26:31.325652+00:00,false,microservices,mysql,69c76cb035005d9063a7da2e76c2d47f6f77f35d06bec1ec86c94d3c72c366b4,tcc-microservices-experiment-mysql-1,22.8,507405926,1073741824,47.26,40,32.6MB / 105MB,49.5MB / 144MB
88,2026-09-10T10:26:31.693913+00:00,177,2026-09-10T10:26:31.325652+00:00,false,microservices,order,31cf9ea41411fb8fed951d912e33c28205806667927075bacd34ef36dc11c132,tcc-microservices-experiment-order-1,81.85,76996936,1073741824,7.17,3,127MB / 52.8MB,6.9MB / 9.13MB
88,2026-09-10T10:26:31.693913+00:00,177,2026-09-10T10:26:31.325652+00:00,false,microservices,product,7f26251b14eee637526df0b5f095c2086c817cd5d2af2406335d0f1b17044272,tcc-microservices-experiment-product-1,0.02,78590771,1073741824,7.32,3,417kB / 282kB,3.67MB / 81.9kB
89,2026-09-10T10:26:32.693892+00:00,179,2026-09-10T10:26:32.325756+00:00,false,microservices,auth,0e1a9bc07acb044f82d936e16e98b689e058a2f4c79faf7bf0835a6d8a5c21e7,tcc-microservices-experiment-auth-1,0.02,79198945,1073741824,7.38,3,46.2kB / 40.3kB,4.1MB / 65.5kB
89,2026-09-10T10:26:32.693892+00:00,179,2026-09-10T10:26:32.325756+00:00,false,microservices,gateway,5146ccba9d39392dcff0c44fa4db5cea2d6c7dfb8560fe0e765fa55d5f023f78,tcc-microservices-experiment-gateway-1,30.35,457493709,536870912,85.21,81,33MB / 43.5MB,32.6MB / 15.9MB
89,2026-09-10T10:26:32.693892+00:00,179,2026-09-10T10:26:32.325756+00:00,false,microservices,mysql,69c76cb035005d9063a7da2e76c2d47f6f77f35d06bec1ec86c94d3c72c366b4,tcc-microservices-experiment-mysql-1,28.11,508454502,1073741824,47.35,40,32.8MB / 106MB,49.5MB / 144MB
89,2026-09-10T10:26:32.693892+00:00,179,2026-09-10T10:26:32.325756+00:00,false,microservices,order,31cf9ea41411fb8fed951d912e33c28205806667927075bacd34ef36dc11c132,tcc-microservices-experiment-order-1,80.69,76189532,1073741824,7.1,3,129MB / 53.2MB,6.9MB / 9.13MB
89,2026-09-10T10:26:32.693892+00:00,179,2026-09-10T10:26:32.325756+00:00,false,microservices,product,7f26251b14eee637526df0b5f095c2086c817cd5d2af2406335d0f1b17044272,tcc-microservices-experiment-product-1,0.01,78590771,1073741824,7.32,3,417kB / 282kB,3.67MB / 81.9kB
90,2026-09-10T10:26:33.693896+00:00,181,2026-09-10T10:26:33.327325+00:00,false,microservices,auth,0e1a9bc07acb044f82d936e16e98b689e058a2f4c79faf7bf0835a6d8a5c21e7,tcc-microservices-experiment-auth-1,0.02,79198945,1073741824,7.38,3,46.2kB / 40.3kB,4.1MB / 65.5kB
90,2026-09-10T10:26:33.693896+00:00,181,2026-09-10T10:26:33.327325+00:00,false,microservices,gateway,5146ccba9d39392dcff0c44fa4db5cea2d6c7dfb8560fe0e765fa55d5f023f78,tcc-microservices-experiment-gateway-1,30.9,457179136,536870912,85.16,81,33.3MB / 43.9MB,32.6MB / 15.9MB
90,2026-09-10T10:26:33.693896+00:00,181,2026-09-10T10:26:33.327325+00:00,false,microservices,mysql,69c76cb035005d9063a7da2e76c2d47f6f77f35d06bec1ec86c94d3c72c366b4,tcc-microservices-experiment-mysql-1,23.51,507615642,1073741824,47.27,40,33.1MB / 107MB,49.5MB / 144MB
90,2026-09-10T10:26:33.693896+00:00,181,2026-09-10T10:26:33.327325+00:00,false,microservices,order,31cf9ea41411fb8fed951d912e33c28205806667927075bacd34ef36dc11c132,tcc-microservices-experiment-order-1,82.22,76692849,1073741824,7.14,3,130MB / 53.7MB,6.9MB / 9.13MB
90,2026-09-10T10:26:33.693896+00:00,181,2026-09-10T10:26:33.327325+00:00,false,microservices,product,7f26251b14eee637526df0b5f095c2086c817cd5d2af2406335d0f1b17044272,tcc-microservices-experiment-product-1,0.02,78590771,1073741824,7.32,3,417kB / 282kB,3.67MB / 81.9kB
91,2026-09-10T10:26:34.693913+00:00,183,2026-09-10T10:26:34.327455+00:00,false,microservices,auth,0e1a9bc07acb044f82d936e16e98b689e058a2f4c79faf7bf0835a6d8a5c21e7,tcc-microservices-experiment-auth-1,0.02,79198945,1073741824,7.38,3,46.2kB / 40.3kB,4.1MB / 65.5kB
91,2026-09-10T10:26:34.693913+00:00,183,2026-09-10T10:26:34.327455+00:00,false,microservices,gateway,5146ccba9d39392dcff0c44fa4db5cea2d6c7dfb8560fe0e765fa55d5f023f78,tcc-microservices-experiment-gateway-1,33.55,457388851,536870912,85.19,81,33.6MB / 44.3MB,32.7MB / 15.9MB
91,2026-09-10T10:26:34.693913+00:00,183,2026-09-10T10:26:34.327455+00:00,false,microservices,mysql,69c76cb035005d9063a7da2e76c2d47f6f77f35d06bec1ec86c94d3c72c366b4,tcc-microservices-experiment-mysql-1,27.67,507510784,1073741824,47.26,40,33.3MB / 108MB,49.5MB / 144MB
91,2026-09-10T10:26:34.693913+00:00,183,2026-09-10T10:26:34.327455+00:00,false,microservices,order,31cf9ea41411fb8fed951d912e33c28205806667927075bacd34ef36dc11c132,tcc-microservices-experiment-order-1,81.57,76734792,1073741824,7.15,3,131MB / 54.1MB,6.9MB / 9.13MB
91,2026-09-10T10:26:34.693913+00:00,183,2026-09-10T10:26:34.327455+00:00,false,microservices,product,7f26251b14eee637526df0b5f095c2086c817cd5d2af2406335d0f1b17044272,tcc-microservices-experiment-product-1,0.02,78590771,1073741824,7.32,3,417kB / 282kB,3.67MB / 81.9kB
92,2026-09-10T10:26:35.693893+00:00,185,2026-09-10T10:26:35.327455+00:00,false,microservices,auth,0e1a9bc07acb044f82d936e16e98b689e058a2f4c79faf7bf0835a6d8a5c21e7,tcc-microservices-experiment-auth-1,0.02,79198945,1073741824,7.38,3,46.2kB / 40.3kB,4.1MB / 65.5kB
92,2026-09-10T10:26:35.693893+00:00,185,2026-09-10T10:26:35.327455+00:00,false,microservices,gateway,5146ccba9d39392dcff0c44fa4db5cea2d6c7dfb8560fe0e765fa55d5f023f78,tcc-microservices-experiment-gateway-1,31.34,457388851,536870912,85.2,81,33.9MB / 44.7MB,32.7MB / 15.9MB
92,2026-09-10T10:26:35.693893+00:00,185,2026-09-10T10:26:35.327455+00:00,false,microservices,mysql,69c76cb035005d9063a7da2e76c2d47f6f77f35d06bec1ec86c94d3c72c366b4,tcc-microservices-experiment-mysql-1,23.31,507196211,1073741824,47.24,40,33.6MB / 109MB,49.5MB / 144MB
92,2026-09-10T10:26:35.693893+00:00,185,2026-09-10T10:26:35.327455+00:00,false,microservices,order,31cf9ea41411fb8fed951d912e33c28205806667927075bacd34ef36dc11c132,tcc-microservices-experiment-order-1,81.68,77542195,1073741824,7.22,3,132MB / 54.6MB,6.9MB / 9.62MB
92,2026-09-10T10:26:35.693893+00:00,185,2026-09-10T10:26:35.327455+00:00,false,microservices,product,7f26251b14eee637526df0b5f095c2086c817cd5d2af2406335d0f1b17044272,tcc-microservices-experiment-product-1,0.02,78590771,1073741824,7.32,3,417kB / 282kB,3.67MB / 81.9kB
93,2026-09-10T10:26:36.693892+00:00,187,2026-09-10T10:26:36.328059+00:00,false,microservices,auth,0e1a9bc07acb044f82d936e16e98b689e058a2f4c79faf7bf0835a6d8a5c21e7,tcc-microservices-experiment-auth-1,0.02,79198945,1073741824,7.38,3,46.2kB / 40.3kB,4.1MB / 65.5kB
93,2026-09-10T10:26:36.693892+00:00,187,2026-09-10T10:26:36.328059+00:00,false,microservices,gateway,5146ccba9d39392dcff0c44fa4db5cea2d6c7dfb8560fe0e765fa55d5f023f78,tcc-microservices-experiment-gateway-1,31.15,457283994,536870912,85.17,81,34.2MB / 45.1MB,32.7MB / 15.9MB
93,2026-09-10T10:26:36.693892+00:00,187,2026-09-10T10:26:36.328059+00:00,false,microservices,mysql,69c76cb035005d9063a7da2e76c2d47f6f77f35d06bec1ec86c94d3c72c366b4,tcc-microservices-experiment-mysql-1,27.49,507510784,1073741824,47.27,40,33.9MB / 110MB,49.5MB / 144MB
93,2026-09-10T10:26:36.693892+00:00,187,2026-09-10T10:26:36.328059+00:00,false,microservices,order,31cf9ea41411fb8fed951d912e33c28205806667927075bacd34ef36dc11c132,tcc-microservices-experiment-order-1,82.36,76430705,1073741824,7.12,3,133MB / 55MB,6.9MB / 9.62MB
93,2026-09-10T10:26:36.693892+00:00,187,2026-09-10T10:26:36.328059+00:00,false,microservices,product,7f26251b14eee637526df0b5f095c2086c817cd5d2af2406335d0f1b17044272,tcc-microservices-experiment-product-1,0.01,78590771,1073741824,7.32,3,417kB / 282kB,3.67MB / 81.9kB
94,2026-09-10T10:26:37.693932+00:00,189,2026-09-10T10:26:37.327331+00:00,false,microservices,auth,0e1a9bc07acb044f82d936e16e98b689e058a2f4c79faf7bf0835a6d8a5c21e7,tcc-microservices-experiment-auth-1,0.02,79198945,1073741824,7.38,3,46.2kB / 40.3kB,4.1MB / 65.5kB
94,2026-09-10T10:26:37.693932+00:00,189,2026-09-10T10:26:37.327331+00:00,false,microservices,gateway,5146ccba9d39392dcff0c44fa4db5cea2d6c7dfb8560fe0e765fa55d5f023f78,tcc-microservices-experiment-gateway-1,30.71,457493709,536870912,85.22,81,34.4MB / 45.5MB,32.7MB / 15.9MB
94,2026-09-10T10:26:37.693932+00:00,189,2026-09-10T10:26:37.327331+00:00,false,microservices,mysql,69c76cb035005d9063a7da2e76c2d47f6f77f35d06bec1ec86c94d3c72c366b4,tcc-microservices-experiment-mysql-1,22.96,507510784,1073741824,47.27,40,34.1MB / 111MB,49.5MB / 144MB
94,2026-09-10T10:26:37.693932+00:00,189,2026-09-10T10:26:37.327331+00:00,false,microservices,order,31cf9ea41411fb8fed951d912e33c28205806667927075bacd34ef36dc11c132,tcc-microservices-experiment-order-1,81.74,76745277,1073741824,7.15,3,134MB / 55.4MB,6.9MB / 9.62MB
94,2026-09-10T10:26:37.693932+00:00,189,2026-09-10T10:26:37.327331+00:00,false,microservices,product,7f26251b14eee637526df0b5f095c2086c817cd5d2af2406335d0f1b17044272,tcc-microservices-experiment-product-1,0.01,78590771,1073741824,7.32,3,417kB / 282kB,3.67MB / 81.9kB
95,2026-09-10T10:26:38.693928+00:00,191,2026-09-10T10:26:38.328133+00:00,false,microservices,auth,0e1a9bc07acb044f82d936e16e98b689e058a2f4c79faf7bf0835a6d8a5c21e7,tcc-microservices-experiment-auth-1,0.02,79198945,1073741824,7.38,3,46.2kB / 40.3kB,4.1MB / 65.5kB
95,2026-09-10T10:26:38.693928+00:00,191,2026-09-10T10:26:38.328133+00:00,false,microservices,gateway,5146ccba9d39392dcff0c44fa4db5cea2d6c7dfb8560fe0e765fa55d5f023f78,tcc-microservices-experiment-gateway-1,31.82,457598566,536870912,85.23,81,34.8MB / 45.9MB,32.7MB / 15.9MB
95,2026-09-10T10:26:38.693928+00:00,191,2026-09-10T10:26:38.328133+00:00,false,microservices,mysql,69c76cb035005d9063a7da2e76c2d47f6f77f35d06bec1ec86c94d3c72c366b4,tcc-microservices-experiment-mysql-1,26.82,507510784,1073741824,47.27,40,34.4MB / 111MB,49.5MB / 144MB
95,2026-09-10T10:26:38.693928+00:00,191,2026-09-10T10:26:38.328133+00:00,false,microservices,order,31cf9ea41411fb8fed951d912e33c28205806667927075bacd34ef36dc11c132,tcc-microservices-experiment-order-1,83.08,76567020,1073741824,7.13,3,135MB / 55.9MB,6.9MB / 9.62MB
95,2026-09-10T10:26:38.693928+00:00,191,2026-09-10T10:26:38.328133+00:00,false,microservices,product,7f26251b14eee637526df0b5f095c2086c817cd5d2af2406335d0f1b17044272,tcc-microservices-experiment-product-1,0.01,78590771,1073741824,7.32,3,417kB / 282kB,3.67MB / 81.9kB
96,2026-09-10T10:26:39.693930+00:00,193,2026-09-10T10:26:39.327393+00:00,false,microservices,auth,0e1a9bc07acb044f82d936e16e98b689e058a2f4c79faf7bf0835a6d8a5c21e7,tcc-microservices-experiment-auth-1,0.02,79198945,1073741824,7.38,3,46.2kB / 40.3kB,4.1MB / 65.5kB
96,2026-09-10T10:26:39.693930+00:00,193,2026-09-10T10:26:39.327393+00:00,false,microservices,gateway,5146ccba9d39392dcff0c44fa4db5cea2d6c7dfb8560fe0e765fa55d5f023f78,tcc-microservices-experiment-gateway-1,31.83,457493709,536870912,85.22,81,35.1MB / 46.3MB,32.7MB / 15.9MB
96,2026-09-10T10:26:39.693930+00:00,193,2026-09-10T10:26:39.327393+00:00,false,microservices,mysql,69c76cb035005d9063a7da2e76c2d47f6f77f35d06bec1ec86c94d3c72c366b4,tcc-microservices-experiment-mysql-1,23.32,506986496,1073741824,47.22,40,34.6MB / 112MB,49.5MB / 144MB
96,2026-09-10T10:26:39.693930+00:00,193,2026-09-10T10:26:39.327393+00:00,false,microservices,order,31cf9ea41411fb8fed951d912e33c28205806667927075bacd34ef36dc11c132,tcc-microservices-experiment-order-1,81.88,76860621,1073741824,7.16,3,136MB / 56.3MB,6.9MB / 9.62MB
96,2026-09-10T10:26:39.693930+00:00,193,2026-09-10T10:26:39.327393+00:00,false,microservices,product,7f26251b14eee637526df0b5f095c2086c817cd5d2af2406335d0f1b17044272,tcc-microservices-experiment-product-1,0.02,78590771,1073741824,7.32,3,417kB / 282kB,3.67MB / 81.9kB
97,2026-09-10T10:26:40.693935+00:00,195,2026-09-10T10:26:40.327344+00:00,false,microservices,auth,0e1a9bc07acb044f82d936e16e98b689e058a2f4c79faf7bf0835a6d8a5c21e7,tcc-microservices-experiment-auth-1,0.02,79198945,1073741824,7.38,3,46.2kB / 40.3kB,4.1MB / 65.5kB
97,2026-09-10T10:26:40.693935+00:00,195,2026-09-10T10:26:40.327344+00:00,false,microservices,gateway,5146ccba9d39392dcff0c44fa4db5cea2d6c7dfb8560fe0e765fa55d5f023f78,tcc-microservices-experiment-gateway-1,31.09,457808282,536870912,85.27,81,35.4MB / 46.7MB,32.7MB / 15.9MB
97,2026-09-10T10:26:40.693935+00:00,195,2026-09-10T10:26:40.327344+00:00,false,microservices,mysql,69c76cb035005d9063a7da2e76c2d47f6f77f35d06bec1ec86c94d3c72c366b4,tcc-microservices-experiment-mysql-1,27.04,508349645,1073741824,47.35,40,34.9MB / 113MB,49.5MB / 144MB
97,2026-09-10T10:26:40.693935+00:00,195,2026-09-10T10:26:40.327344+00:00,false,microservices,order,31cf9ea41411fb8fed951d912e33c28205806667927075bacd34ef36dc11c132,tcc-microservices-experiment-order-1,81.99,77531709,1073741824,7.22,3,138MB / 56.8MB,6.9MB / 9.62MB
97,2026-09-10T10:26:40.693935+00:00,195,2026-09-10T10:26:40.327344+00:00,false,microservices,product,7f26251b14eee637526df0b5f095c2086c817cd5d2af2406335d0f1b17044272,tcc-microservices-experiment-product-1,0.02,78590771,1073741824,7.32,3,417kB / 282kB,3.67MB / 81.9kB
98,2026-09-10T10:26:41.693924+00:00,197,2026-09-10T10:26:41.326255+00:00,false,microservices,auth,0e1a9bc07acb044f82d936e16e98b689e058a2f4c79faf7bf0835a6d8a5c21e7,tcc-microservices-experiment-auth-1,0.02,79198945,1073741824,7.38,3,46.2kB / 40.3kB,4.1MB / 65.5kB
98,2026-09-10T10:26:41.693924+00:00,197,2026-09-10T10:26:41.326255+00:00,false,microservices,gateway,5146ccba9d39392dcff0c44fa4db5cea2d6c7dfb8560fe0e765fa55d5f023f78,tcc-microservices-experiment-gateway-1,31.34,457493709,536870912,85.21,81,35.6MB / 47.1MB,32.7MB / 15.9MB
98,2026-09-10T10:26:41.693924+00:00,197,2026-09-10T10:26:41.326255+00:00,false,microservices,mysql,69c76cb035005d9063a7da2e76c2d47f6f77f35d06bec1ec86c94d3c72c366b4,tcc-microservices-experiment-mysql-1,24.41,506776781,1073741824,47.19,40,35.1MB / 114MB,49.5MB / 144MB
98,2026-09-10T10:26:41.693924+00:00,197,2026-09-10T10:26:41.326255+00:00,false,microservices,order,31cf9ea41411fb8fed951d912e33c28205806667927075bacd34ef36dc11c132,tcc-microservices-experiment-order-1,80.5,76892078,1073741824,7.16,3,139MB / 57.2MB,6.9MB / 9.62MB
98,2026-09-10T10:26:41.693924+00:00,197,2026-09-10T10:26:41.326255+00:00,false,microservices,product,7f26251b14eee637526df0b5f095c2086c817cd5d2af2406335d0f1b17044272,tcc-microservices-experiment-product-1,0.02,78590771,1073741824,7.32,3,417kB / 282kB,3.67MB / 81.9kB
99,2026-09-10T10:26:42.693897+00:00,199,2026-09-10T10:26:42.327361+00:00,false,microservices,auth,0e1a9bc07acb044f82d936e16e98b689e058a2f4c79faf7bf0835a6d8a5c21e7,tcc-microservices-experiment-auth-1,0.02,79198945,1073741824,7.38,3,46.2kB / 40.3kB,4.1MB / 65.5kB
99,2026-09-10T10:26:42.693897+00:00,199,2026-09-10T10:26:42.327361+00:00,false,microservices,gateway,5146ccba9d39392dcff0c44fa4db5cea2d6c7dfb8560fe0e765fa55d5f023f78,tcc-microservices-experiment-gateway-1,31.12,457388851,536870912,85.2,81,35.9MB / 47.5MB,32.7MB / 15.9MB
99,2026-09-10T10:26:42.693897+00:00,199,2026-09-10T10:26:42.327361+00:00,false,microservices,mysql,69c76cb035005d9063a7da2e76c2d47f6f77f35d06bec1ec86c94d3c72c366b4,tcc-microservices-experiment-mysql-1,27.87,508139930,1073741824,47.33,40,35.4MB / 115MB,49.5MB / 144MB
99,2026-09-10T10:26:42.693897+00:00,199,2026-09-10T10:26:42.327361+00:00,false,microservices,order,31cf9ea41411fb8fed951d912e33c28205806667927075bacd34ef36dc11c132,tcc-microservices-experiment-order-1,81.31,77395395,1073741824,7.21,3,140MB / 57.7MB,6.9MB / 9.62MB
99,2026-09-10T10:26:42.693897+00:00,199,2026-09-10T10:26:42.327361+00:00,false,microservices,product,7f26251b14eee637526df0b5f095c2086c817cd5d2af2406335d0f1b17044272,tcc-microservices-experiment-product-1,0.02,78590771,1073741824,7.32,3,417kB / 282kB,3.67MB / 81.9kB
100,2026-09-10T10:26:43.693938+00:00,201,2026-09-10T10:26:43.327262+00:00,false,microservices,auth,0e1a9bc07acb044f82d936e16e98b689e058a2f4c79faf7bf0835a6d8a5c21e7,tcc-microservices-experiment-auth-1,0.02,79198945,1073741824,7.38,3,46.2kB / 40.3kB,4.1MB / 65.5kB
100,2026-09-10T10:26:43.693938+00:00,201,2026-09-10T10:26:43.327262+00:00,false,microservices,gateway,5146ccba9d39392dcff0c44fa4db5cea2d6c7dfb8560fe0e765fa55d5f023f78,tcc-microservices-experiment-gateway-1,31.94,457913139,536870912,85.3,81,36.2MB / 47.9MB,32.7MB / 15.9MB
100,2026-09-10T10:26:43.693938+00:00,201,2026-09-10T10:26:43.327262+00:00,false,microservices,mysql,69c76cb035005d9063a7da2e76c2d47f6f77f35d06bec1ec86c94d3c72c366b4,tcc-microservices-experiment-mysql-1,23.17,507720499,1073741824,47.29,40,35.6MB / 116MB,49.5MB / 144MB
100,2026-09-10T10:26:43.693938+00:00,201,2026-09-10T10:26:43.327262+00:00,false,microservices,order,31cf9ea41411fb8fed951d912e33c28205806667927075bacd34ef36dc11c132,tcc-microservices-experiment-order-1,81.52,77311508,1073741824,7.2,3,141MB / 58.1MB,6.9MB / 9.62MB
100,2026-09-10T10:26:43.693938+00:00,201,2026-09-10T10:26:43.327262+00:00,false,microservices,product,7f26251b14eee637526df0b5f095c2086c817cd5d2af2406335d0f1b17044272,tcc-microservices-experiment-product-1,0.02,78590771,1073741824,7.32,3,417kB / 282kB,3.67MB / 81.9kB
101,2026-09-10T10:26:44.693902+00:00,203,2026-09-10T10:26:44.327319+00:00,false,microservices,auth,0e1a9bc07acb044f82d936e16e98b689e058a2f4c79faf7bf0835a6d8a5c21e7,tcc-microservices-experiment-auth-1,0.02,79198945,1073741824,7.38,3,46.2kB / 40.3kB,4.1MB / 65.5kB
101,2026-09-10T10:26:44.693902+00:00,203,2026-09-10T10:26:44.327319+00:00,false,microservices,gateway,5146ccba9d39392dcff0c44fa4db5cea2d6c7dfb8560fe0e765fa55d5f023f78,tcc-microservices-experiment-gateway-1,31.27,457283994,536870912,85.18,81,36.5MB / 48.2MB,32.7MB / 15.9MB
101,2026-09-10T10:26:44.693902+00:00,203,2026-09-10T10:26:44.327319+00:00,false,microservices,mysql,69c76cb035005d9063a7da2e76c2d47f6f77f35d06bec1ec86c94d3c72c366b4,tcc-microservices-experiment-mysql-1,28.13,508139930,1073741824,47.32,40,35.9MB / 117MB,49.5MB / 144MB
101,2026-09-10T10:26:44.693902+00:00,203,2026-09-10T10:26:44.327319+00:00,false,microservices,order,31cf9ea41411fb8fed951d912e33c28205806667927075bacd34ef36dc11c132,tcc-microservices-experiment-order-1,81.41,76797706,1073741824,7.15,3,142MB / 58.6MB,6.9MB / 9.62MB
101,2026-09-10T10:26:44.693902+00:00,203,2026-09-10T10:26:44.327319+00:00,false,microservices,product,7f26251b14eee637526df0b5f095c2086c817cd5d2af2406335d0f1b17044272,tcc-microservices-experiment-product-1,0.02,78590771,1073741824,7.32,3,417kB / 282kB,3.67MB / 81.9kB
102,2026-09-10T10:26:45.693899+00:00,205,2026-09-10T10:26:45.327431+00:00,false,microservices,auth,0e1a9bc07acb044f82d936e16e98b689e058a2f4c79faf7bf0835a6d8a5c21e7,tcc-microservices-experiment-auth-1,0.02,79198945,1073741824,7.38,3,46.2kB / 40.3kB,4.1MB / 65.5kB
102,2026-09-10T10:26:45.693899+00:00,205,2026-09-10T10:26:45.327431+00:00,false,microservices,gateway,5146ccba9d39392dcff0c44fa4db5cea2d6c7dfb8560fe0e765fa55d5f023f78,tcc-microservices-experiment-gateway-1,31.42,457283994,536870912,85.17,81,36.8MB / 48.6MB,32.7MB / 15.9MB
102,2026-09-10T10:26:45.693899+00:00,205,2026-09-10T10:26:45.327431+00:00,false,microservices,mysql,69c76cb035005d9063a7da2e76c2d47f6f77f35d06bec1ec86c94d3c72c366b4,tcc-microservices-experiment-mysql-1,23.15,507930214,1073741824,47.31,40,36.2MB / 118MB,49.5MB / 144MB
102,2026-09-10T10:26:45.693899+00:00,205,2026-09-10T10:26:45.327431+00:00,false,microservices,order,31cf9ea41411fb8fed951d912e33c28205806667927075bacd34ef36dc11c132,tcc-microservices-experiment-order-1,81.43,77227622,1073741824,7.19,3,143MB / 59MB,6.9MB / 9.62MB
102,2026-09-10T10:26:45.693899+00:00,205,2026-09-10T10:26:45.327431+00:00,false,microservices,product,7f26251b14eee637526df0b5f095c2086c817cd5d2af2406335d0f1b17044272,tcc-microservices-experiment-product-1,0.02,78590771,1073741824,7.32,3,417kB / 282kB,3.67MB / 81.9kB
103,2026-09-10T10:26:46.693922+00:00,207,2026-09-10T10:26:46.327136+00:00,false,microservices,auth,0e1a9bc07acb044f82d936e16e98b689e058a2f4c79faf7bf0835a6d8a5c21e7,tcc-microservices-experiment-auth-1,0.02,79198945,1073741824,7.38,3,46.2kB / 40.3kB,4.1MB / 65.5kB
103,2026-09-10T10:26:46.693922+00:00,207,2026-09-10T10:26:46.327136+00:00,false,microservices,gateway,5146ccba9d39392dcff0c44fa4db5cea2d6c7dfb8560fe0e765fa55d5f023f78,tcc-microservices-experiment-gateway-1,32.03,458437427,536870912,85.39,81,37.1MB / 49MB,32.7MB / 15.9MB
103,2026-09-10T10:26:46.693922+00:00,207,2026-09-10T10:26:46.327136+00:00,false,microservices,mysql,69c76cb035005d9063a7da2e76c2d47f6f77f35d06bec1ec86c94d3c72c366b4,tcc-microservices-experiment-mysql-1,27.27,508035072,1073741824,47.32,40,36.4MB / 119MB,49.5MB / 144MB
103,2026-09-10T10:26:46.693922+00:00,207,2026-09-10T10:26:46.327136+00:00,false,microservices,order,31cf9ea41411fb8fed951d912e33c28205806667927075bacd34ef36dc11c132,tcc-microservices-experiment-order-1,82.2,76724306,1073741824,7.15,3,144MB / 59.5MB,6.9MB / 9.62MB
103,2026-09-10T10:26:46.693922+00:00,207,2026-09-10T10:26:46.327136+00:00,false,microservices,product,7f26251b14eee637526df0b5f095c2086c817cd5d2af2406335d0f1b17044272,tcc-microservices-experiment-product-1,0.02,78590771,1073741824,7.32,3,417kB / 282kB,3.67MB / 81.9kB
104,2026-09-10T10:26:47.693932+00:00,209,2026-09-10T10:26:47.327909+00:00,false,microservices,auth,0e1a9bc07acb044f82d936e16e98b689e058a2f4c79faf7bf0835a6d8a5c21e7,tcc-microservices-experiment-auth-1,0.02,79198945,1073741824,7.38,3,46.2kB / 40.3kB,4.1MB / 65.5kB
104,2026-09-10T10:26:47.693932+00:00,209,2026-09-10T10:26:47.327909+00:00,false,microservices,gateway,5146ccba9d39392dcff0c44fa4db5cea2d6c7dfb8560fe0e765fa55d5f023f78,tcc-microservices-experiment-gateway-1,33.08,457493709,536870912,85.22,81,37.4MB / 49.4MB,32.7MB / 15.9MB
104,2026-09-10T10:26:47.693932+00:00,209,2026-09-10T10:26:47.327909+00:00,false,microservices,mysql,69c76cb035005d9063a7da2e76c2d47f6f77f35d06bec1ec86c94d3c72c366b4,tcc-microservices-experiment-mysql-1,23.8,507720499,1073741824,47.29,40,36.7MB / 120MB,49.5MB / 144MB
104,2026-09-10T10:26:47.693932+00:00,209,2026-09-10T10:26:47.327909+00:00,false,microservices,order,31cf9ea41411fb8fed951d912e33c28205806667927075bacd34ef36dc11c132,tcc-microservices-experiment-order-1,81.41,77363937,1073741824,7.2,3,145MB / 59.9MB,6.9MB / 9.62MB
104,2026-09-10T10:26:47.693932+00:00,209,2026-09-10T10:26:47.327909+00:00,false,microservices,product,7f26251b14eee637526df0b5f095c2086c817cd5d2af2406335d0f1b17044272,tcc-microservices-experiment-product-1,0.02,78590771,1073741824,7.32,3,417kB / 282kB,3.67MB / 81.9kB
105,2026-09-10T10:26:48.693885+00:00,211,2026-09-10T10:26:48.327198+00:00,false,microservices,auth,0e1a9bc07acb044f82d936e16e98b689e058a2f4c79faf7bf0835a6d8a5c21e7,tcc-microservices-experiment-auth-1,0.02,79198945,1073741824,7.38,3,46.2kB / 40.3kB,4.1MB / 65.5kB
105,2026-09-10T10:26:48.693885+00:00,211,2026-09-10T10:26:48.327198+00:00,false,microservices,gateway,5146ccba9d39392dcff0c44fa4db5cea2d6c7dfb8560fe0e765fa55d5f023f78,tcc-microservices-experiment-gateway-1,31.71,457493709,536870912,85.22,81,37.7MB / 49.8MB,32.7MB / 15.9MB
105,2026-09-10T10:26:48.693885+00:00,211,2026-09-10T10:26:48.327198+00:00,false,microservices,mysql,69c76cb035005d9063a7da2e76c2d47f6f77f35d06bec1ec86c94d3c72c366b4,tcc-microservices-experiment-mysql-1,26.88,514955674,1073741824,47.96,41,36.9MB / 121MB,49.5MB / 144MB
105,2026-09-10T10:26:48.693885+00:00,211,2026-09-10T10:26:48.327198+00:00,false,microservices,order,31cf9ea41411fb8fed951d912e33c28205806667927075bacd34ef36dc11c132,tcc-microservices-experiment-order-1,82.64,77038879,1073741824,7.17,3,146MB / 60.3MB,6.9MB / 9.62MB
105,2026-09-10T10:26:48.693885+00:00,211,2026-09-10T10:26:48.327198+00:00,false,microservices,product,7f26251b14eee637526df0b5f095c2086c817cd5d2af2406335d0f1b17044272,tcc-microservices-experiment-product-1,0.02,78590771,1073741824,7.32,3,417kB / 282kB,3.67MB / 81.9kB
106,2026-09-10T10:26:49.693904+00:00,213,2026-09-10T10:26:49.326229+00:00,false,microservices,auth,0e1a9bc07acb044f82d936e16e98b689e058a2f4c79faf7bf0835a6d8a5c21e7,tcc-microservices-experiment-auth-1,0.02,79198945,1073741824,7.38,3,46.2kB / 40.3kB,4.1MB / 65.5kB
106,2026-09-10T10:26:49.693904+00:00,213,2026-09-10T10:26:49.326229+00:00,false,microservices,gateway,5146ccba9d39392dcff0c44fa4db5cea2d6c7dfb8560fe0e765fa55d5f023f78,tcc-microservices-experiment-gateway-1,32.35,457283994,536870912,85.18,81,38MB / 50.2MB,32.7MB / 15.9MB
106,2026-09-10T10:26:49.693904+00:00,213,2026-09-10T10:26:49.326229+00:00,false,microservices,mysql,69c76cb035005d9063a7da2e76c2d47f6f77f35d06bec1ec86c94d3c72c366b4,tcc-microservices-experiment-mysql-1,23.92,507615642,1073741824,47.27,40,37.2MB / 121MB,49.5MB / 144MB
106,2026-09-10T10:26:49.693904+00:00,213,2026-09-10T10:26:49.326229+00:00,false,microservices,order,31cf9ea41411fb8fed951d912e33c28205806667927075bacd34ef36dc11c132,tcc-microservices-experiment-order-1,81.94,76829164,1073741824,7.16,3,148MB / 60.8MB,6.9MB / 9.62MB
106,2026-09-10T10:26:49.693904+00:00,213,2026-09-10T10:26:49.326229+00:00,false,microservices,product,7f26251b14eee637526df0b5f095c2086c817cd5d2af2406335d0f1b17044272,tcc-microservices-experiment-product-1,0.02,78590771,1073741824,7.32,3,417kB / 282kB,3.67MB / 81.9kB
107,2026-09-10T10:26:50.693899+00:00,215,2026-09-10T10:26:50.327230+00:00,false,microservices,auth,0e1a9bc07acb044f82d936e16e98b689e058a2f4c79faf7bf0835a6d8a5c21e7,tcc-microservices-experiment-auth-1,0.02,79198945,1073741824,7.38,3,46.2kB / 40.3kB,4.1MB / 65.5kB
107,2026-09-10T10:26:50.693899+00:00,215,2026-09-10T10:26:50.327230+00:00,false,microservices,gateway,5146ccba9d39392dcff0c44fa4db5cea2d6c7dfb8560fe0e765fa55d5f023f78,tcc-microservices-experiment-gateway-1,31.19,457808282,536870912,85.27,81,38.3MB / 50.6MB,32.7MB / 15.9MB
107,2026-09-10T10:26:50.693899+00:00,215,2026-09-10T10:26:50.327230+00:00,false,microservices,mysql,69c76cb035005d9063a7da2e76c2d47f6f77f35d06bec1ec86c94d3c72c366b4,tcc-microservices-experiment-mysql-1,23.0,507405926,1073741824,47.25,40,37.4MB / 122MB,49.5MB / 144MB
107,2026-09-10T10:26:50.693899+00:00,215,2026-09-10T10:26:50.327230+00:00,false,microservices,order,31cf9ea41411fb8fed951d912e33c28205806667927075bacd34ef36dc11c132,tcc-microservices-experiment-order-1,81.62,77353452,1073741824,7.2,3,149MB / 61.2MB,6.9MB / 10.1MB
107,2026-09-10T10:26:50.693899+00:00,215,2026-09-10T10:26:50.327230+00:00,false,microservices,product,7f26251b14eee637526df0b5f095c2086c817cd5d2af2406335d0f1b17044272,tcc-microservices-experiment-product-1,0.02,78590771,1073741824,7.32,3,417kB / 282kB,3.67MB / 81.9kB
108,2026-09-10T10:26:51.693895+00:00,217,2026-09-10T10:26:51.327279+00:00,false,microservices,auth,0e1a9bc07acb044f82d936e16e98b689e058a2f4c79faf7bf0835a6d8a5c21e7,tcc-microservices-experiment-auth-1,0.02,79198945,1073741824,7.38,3,46.2kB / 40.3kB,4.1MB / 65.5kB
108,2026-09-10T10:26:51.693895+00:00,217,2026-09-10T10:26:51.327279+00:00,false,microservices,gateway,5146ccba9d39392dcff0c44fa4db5cea2d6c7dfb8560fe0e765fa55d5f023f78,tcc-microservices-experiment-gateway-1,31.15,457283994,536870912,85.17,81,38.6MB / 51MB,32.7MB / 15.9MB
108,2026-09-10T10:26:51.693895+00:00,217,2026-09-10T10:26:51.327279+00:00,false,microservices,mysql,69c76cb035005d9063a7da2e76c2d47f6f77f35d06bec1ec86c94d3c72c366b4,tcc-microservices-experiment-mysql-1,27.0,507720499,1073741824,47.28,40,37.7MB / 123MB,49.5MB / 144MB
108,2026-09-10T10:26:51.693895+00:00,217,2026-09-10T10:26:51.327279+00:00,false,microservices,order,31cf9ea41411fb8fed951d912e33c28205806667927075bacd34ef36dc11c132,tcc-microservices-experiment-order-1,82.06,76734792,1073741824,7.15,3,150MB / 61.7MB,6.9MB / 10.1MB
108,2026-09-10T10:26:51.693895+00:00,217,2026-09-10T10:26:51.327279+00:00,false,microservices,product,7f26251b14eee637526df0b5f095c2086c817cd5d2af2406335d0f1b17044272,tcc-microservices-experiment-product-1,0.02,78590771,1073741824,7.32,3,417kB / 282kB,3.67MB / 81.9kB
109,2026-09-10T10:26:52.693914+00:00,219,2026-09-10T10:26:52.326227+00:00,false,microservices,auth,0e1a9bc07acb044f82d936e16e98b689e058a2f4c79faf7bf0835a6d8a5c21e7,tcc-microservices-experiment-auth-1,0.02,79198945,1073741824,7.38,3,46.2kB / 40.3kB,4.1MB / 65.5kB
109,2026-09-10T10:26:52.693914+00:00,219,2026-09-10T10:26:52.326227+00:00,false,microservices,gateway,5146ccba9d39392dcff0c44fa4db5cea2d6c7dfb8560fe0e765fa55d5f023f78,tcc-microservices-experiment-gateway-1,30.94,457598566,536870912,85.23,81,38.9MB / 51.4MB,32.7MB / 15.9MB
109,2026-09-10T10:26:52.693914+00:00,219,2026-09-10T10:26:52.326227+00:00,false,microservices,mysql,69c76cb035005d9063a7da2e76c2d47f6f77f35d06bec1ec86c94d3c72c366b4,tcc-microservices-experiment-mysql-1,23.49,507825357,1073741824,47.29,40,38MB / 124MB,49.5MB / 144MB
109,2026-09-10T10:26:52.693914+00:00,219,2026-09-10T10:26:52.326227+00:00,false,microservices,order,31cf9ea41411fb8fed951d912e33c28205806667927075bacd34ef36dc11c132,tcc-microservices-experiment-order-1,81.88,77185679,1073741824,7.19,3,151MB / 62.1MB,6.9MB / 10.1MB
109,2026-09-10T10:26:52.693914+00:00,219,2026-09-10T10:26:52.326227+00:00,false,microservices,product,7f26251b14eee637526df0b5f095c2086c817cd5d2af2406335d0f1b17044272,tcc-microservices-experiment-product-1,0.02,78590771,1073741824,7.32,3,417kB / 282kB,3.67MB / 81.9kB
110,2026-09-10T10:26:53.693926+00:00,221,2026-09-10T10:26:53.328033+00:00,false,microservices,auth,0e1a9bc07acb044f82d936e16e98b689e058a2f4c79faf7bf0835a6d8a5c21e7,tcc-microservices-experiment-auth-1,0.02,79198945,1073741824,7.38,3,46.2kB / 40.3kB,4.1MB / 65.5kB
110,2026-09-10T10:26:53.693926+00:00,221,2026-09-10T10:26:53.328033+00:00,false,microservices,gateway,5146ccba9d39392dcff0c44fa4db5cea2d6c7dfb8560fe0e765fa55d5f023f78,tcc-microservices-experiment-gateway-1,31.49,456864563,536870912,85.11,81,39.2MB / 51.8MB,32.7MB / 15.9MB
110,2026-09-10T10:26:53.693926+00:00,221,2026-09-10T10:26:53.328033+00:00,false,microservices,mysql,69c76cb035005d9063a7da2e76c2d47f6f77f35d06bec1ec86c94d3c72c366b4,tcc-microservices-experiment-mysql-1,26.73,507720499,1073741824,47.29,40,38.2MB / 125MB,49.5MB / 144MB
110,2026-09-10T10:26:53.693926+00:00,221,2026-09-10T10:26:53.328033+00:00,false,microservices,order,31cf9ea41411fb8fed951d912e33c28205806667927075bacd34ef36dc11c132,tcc-microservices-experiment-order-1,82.51,77080822,1073741824,7.18,3,152MB / 62.5MB,6.9MB / 10.1MB
110,2026-09-10T10:26:53.693926+00:00,221,2026-09-10T10:26:53.328033+00:00,false,microservices,product,7f26251b14eee637526df0b5f095c2086c817cd5d2af2406335d0f1b17044272,tcc-microservices-experiment-product-1,0.02,78590771,1073741824,7.32,3,417kB / 282kB,3.67MB / 81.9kB
111,2026-09-10T10:26:54.693923+00:00,223,2026-09-10T10:26:54.327243+00:00,false,microservices,auth,0e1a9bc07acb044f82d936e16e98b689e058a2f4c79faf7bf0835a6d8a5c21e7,tcc-microservices-experiment-auth-1,0.02,79198945,1073741824,7.38,3,46.2kB / 40.3kB,4.1MB / 65.5kB
111,2026-09-10T10:26:54.693923+00:00,223,2026-09-10T10:26:54.327243+00:00,false,microservices,gateway,5146ccba9d39392dcff0c44fa4db5cea2d6c7dfb8560fe0e765fa55d5f023f78,tcc-microservices-experiment-gateway-1,32.86,457388851,536870912,85.19,69,39.5MB / 52.2MB,32.8MB / 15.9MB
111,2026-09-10T10:26:54.693923+00:00,223,2026-09-10T10:26:54.327243+00:00,false,microservices,mysql,69c76cb035005d9063a7da2e76c2d47f6f77f35d06bec1ec86c94d3c72c366b4,tcc-microservices-experiment-mysql-1,23.26,506986496,1073741824,47.22,40,38.5MB / 126MB,49.5MB / 144MB
111,2026-09-10T10:26:54.693923+00:00,223,2026-09-10T10:26:54.327243+00:00,false,microservices,order,31cf9ea41411fb8fed951d912e33c28205806667927075bacd34ef36dc11c132,tcc-microservices-experiment-order-1,81.78,77353452,1073741824,7.2,3,153MB / 63MB,6.9MB / 10.1MB
111,2026-09-10T10:26:54.693923+00:00,223,2026-09-10T10:26:54.327243+00:00,false,microservices,product,7f26251b14eee637526df0b5f095c2086c817cd5d2af2406335d0f1b17044272,tcc-microservices-experiment-product-1,0.02,78590771,1073741824,7.32,3,417kB / 282kB,3.67MB / 81.9kB
112,2026-09-10T10:26:55.693912+00:00,225,2026-09-10T10:26:55.327412+00:00,false,microservices,auth,0e1a9bc07acb044f82d936e16e98b689e058a2f4c79faf7bf0835a6d8a5c21e7,tcc-microservices-experiment-auth-1,0.02,79198945,1073741824,7.38,3,46.2kB / 40.3kB,4.1MB / 65.5kB
112,2026-09-10T10:26:55.693912+00:00,225,2026-09-10T10:26:55.327412+00:00,false,microservices,gateway,5146ccba9d39392dcff0c44fa4db5cea2d6c7dfb8560fe0e765fa55d5f023f78,tcc-microservices-experiment-gateway-1,31.84,456864563,536870912,85.1,69,39.8MB / 52.6MB,32.8MB / 15.9MB
112,2026-09-10T10:26:55.693912+00:00,225,2026-09-10T10:26:55.327412+00:00,false,microservices,mysql,69c76cb035005d9063a7da2e76c2d47f6f77f35d06bec1ec86c94d3c72c366b4,tcc-microservices-experiment-mysql-1,27.19,507196211,1073741824,47.24,40,38.7MB / 127MB,49.5MB / 144MB
112,2026-09-10T10:26:55.693912+00:00,225,2026-09-10T10:26:55.327412+00:00,false,microservices,order,31cf9ea41411fb8fed951d912e33c28205806667927075bacd34ef36dc11c132,tcc-microservices-experiment-order-1,81.06,77070336,1073741824,7.18,3,154MB / 63.4MB,6.9MB / 10.1MB
112,2026-09-10T10:26:55.693912+00:00,225,2026-09-10T10:26:55.327412+00:00,false,microservices,product,7f26251b14eee637526df0b5f095c2086c817cd5d2af2406335d0f1b17044272,tcc-microservices-experiment-product-1,0.02,78590771,1073741824,7.32,3,417kB / 282kB,3.67MB / 81.9kB
113,2026-09-10T10:26:56.693901+00:00,227,2026-09-10T10:26:56.325562+00:00,false,microservices,auth,0e1a9bc07acb044f82d936e16e98b689e058a2f4c79faf7bf0835a6d8a5c21e7,tcc-microservices-experiment-auth-1,0.02,79198945,1073741824,7.38,3,46.2kB / 40.3kB,4.1MB / 65.5kB
113,2026-09-10T10:26:56.693901+00:00,227,2026-09-10T10:26:56.325562+00:00,false,microservices,gateway,5146ccba9d39392dcff0c44fa4db5cea2d6c7dfb8560fe0e765fa55d5f023f78,tcc-microservices-experiment-gateway-1,32.07,457913139,536870912,85.29,69,40.1MB / 53MB,32.8MB / 15.9MB
113,2026-09-10T10:26:56.693901+00:00,227,2026-09-10T10:26:56.325562+00:00,false,microservices,mysql,69c76cb035005d9063a7da2e76c2d47f6f77f35d06bec1ec86c94d3c72c366b4,tcc-microservices-experiment-mysql-1,23.5,507405926,1073741824,47.26,40,39MB / 128MB,49.5MB / 144MB
113,2026-09-10T10:26:56.693901+00:00,227,2026-09-10T10:26:56.325562+00:00,false,microservices,order,31cf9ea41411fb8fed951d912e33c28205806667927075bacd34ef36dc11c132,tcc-microservices-experiment-order-1,81.35,77217137,1073741824,7.19,3,155MB / 63.9MB,6.9MB / 10.1MB
113,2026-09-10T10:26:56.693901+00:00,227,2026-09-10T10:26:56.325562+00:00,false,microservices,product,7f26251b14eee637526df0b5f095c2086c817cd5d2af2406335d0f1b17044272,tcc-microservices-experiment-product-1,0.02,78590771,1073741824,7.32,3,417kB / 282kB,3.67MB / 81.9kB
114,2026-09-10T10:26:57.693916+00:00,229,2026-09-10T10:26:57.327077+00:00,false,microservices,auth,0e1a9bc07acb044f82d936e16e98b689e058a2f4c79faf7bf0835a6d8a5c21e7,tcc-microservices-experiment-auth-1,0.02,79198945,1073741824,7.38,3,46.2kB / 40.3kB,4.1MB / 65.5kB
114,2026-09-10T10:26:57.693916+00:00,229,2026-09-10T10:26:57.327077+00:00,false,microservices,gateway,5146ccba9d39392dcff0c44fa4db5cea2d6c7dfb8560fe0e765fa55d5f023f78,tcc-microservices-experiment-gateway-1,30.98,457074278,536870912,85.14,69,40.4MB / 53.4MB,32.8MB / 15.9MB
114,2026-09-10T10:26:57.693916+00:00,229,2026-09-10T10:26:57.327077+00:00,false,microservices,mysql,69c76cb035005d9063a7da2e76c2d47f6f77f35d06bec1ec86c94d3c72c366b4,tcc-microservices-experiment-mysql-1,27.13,507930214,1073741824,47.3,40,39.2MB / 129MB,49.5MB / 144MB
114,2026-09-10T10:26:57.693916+00:00,229,2026-09-10T10:26:57.327077+00:00,false,microservices,order,31cf9ea41411fb8fed951d912e33c28205806667927075bacd34ef36dc11c132,tcc-microservices-experiment-order-1,81.75,77049364,1073741824,7.18,3,156MB / 64.3MB,6.9MB / 10.1MB
114,2026-09-10T10:26:57.693916+00:00,229,2026-09-10T10:26:57.327077+00:00,false,microservices,product,7f26251b14eee637526df0b5f095c2086c817cd5d2af2406335d0f1b17044272,tcc-microservices-experiment-product-1,0.02,78590771,1073741824,7.32,3,417kB / 282kB,3.67MB / 81.9kB
115,2026-09-10T10:26:58.693927+00:00,231,2026-09-10T10:26:58.326222+00:00,false,microservices,auth,0e1a9bc07acb044f82d936e16e98b689e058a2f4c79faf7bf0835a6d8a5c21e7,tcc-microservices-experiment-auth-1,0.02,79198945,1073741824,7.38,3,46.2kB / 40.3kB,4.1MB / 65.5kB
115,2026-09-10T10:26:58.693927+00:00,231,2026-09-10T10:26:58.326222+00:00,false,microservices,gateway,5146ccba9d39392dcff0c44fa4db5cea2d6c7dfb8560fe0e765fa55d5f023f78,tcc-microservices-experiment-gateway-1,31.14,456969421,536870912,85.12,69,40.7MB / 53.7MB,32.8MB / 15.9MB
115,2026-09-10T10:26:58.693927+00:00,231,2026-09-10T10:26:58.326222+00:00,false,microservices,mysql,69c76cb035005d9063a7da2e76c2d47f6f77f35d06bec1ec86c94d3c72c366b4,tcc-microservices-experiment-mysql-1,23.71,507930214,1073741824,47.31,40,39.5MB / 130MB,49.5MB / 144MB
115,2026-09-10T10:26:58.693927+00:00,231,2026-09-10T10:26:58.326222+00:00,false,microservices,order,31cf9ea41411fb8fed951d912e33c28205806667927075bacd34ef36dc11c132,tcc-microservices-experiment-order-1,80.88,77342966,1073741824,7.2,3,158MB / 64.8MB,6.9MB / 10.1MB
115,2026-09-10T10:26:58.693927+00:00,231,2026-09-10T10:26:58.326222+00:00,false,microservices,product,7f26251b14eee637526df0b5f095c2086c817cd5d2af2406335d0f1b17044272,tcc-microservices-experiment-product-1,0.02,78590771,1073741824,7.32,3,417kB / 282kB,3.67MB / 81.9kB
116,2026-09-10T10:26:59.693923+00:00,233,2026-09-10T10:26:59.327296+00:00,false,microservices,auth,0e1a9bc07acb044f82d936e16e98b689e058a2f4c79faf7bf0835a6d8a5c21e7,tcc-microservices-experiment-auth-1,0.02,79198945,1073741824,7.38,3,46.2kB / 40.3kB,4.1MB / 65.5kB
116,2026-09-10T10:26:59.693923+00:00,233,2026-09-10T10:26:59.327296+00:00,false,microservices,gateway,5146ccba9d39392dcff0c44fa4db5cea2d6c7dfb8560fe0e765fa55d5f023f78,tcc-microservices-experiment-gateway-1,31.73,456549990,536870912,85.03,69,41MB / 54.1MB,32.8MB / 15.9MB
116,2026-09-10T10:26:59.693923+00:00,233,2026-09-10T10:26:59.327296+00:00,false,microservices,mysql,69c76cb035005d9063a7da2e76c2d47f6f77f35d06bec1ec86c94d3c72c366b4,tcc-microservices-experiment-mysql-1,27.79,507405926,1073741824,47.26,40,39.7MB / 130MB,49.5MB / 144MB
116,2026-09-10T10:26:59.693923+00:00,233,2026-09-10T10:26:59.327296+00:00,false,microservices,order,31cf9ea41411fb8fed951d912e33c28205806667927075bacd34ef36dc11c132,tcc-microservices-experiment-order-1,81.27,77259080,1073741824,7.2,3,159MB / 65.2MB,6.9MB / 10.1MB
116,2026-09-10T10:26:59.693923+00:00,233,2026-09-10T10:26:59.327296+00:00,false,microservices,product,7f26251b14eee637526df0b5f095c2086c817cd5d2af2406335d0f1b17044272,tcc-microservices-experiment-product-1,0.01,78590771,1073741824,7.32,3,417kB / 282kB,3.67MB / 81.9kB
117,2026-09-10T10:27:00.693923+00:00,235,2026-09-10T10:27:00.326532+00:00,false,microservices,auth,0e1a9bc07acb044f82d936e16e98b689e058a2f4c79faf7bf0835a6d8a5c21e7,tcc-microservices-experiment-auth-1,0.02,79198945,1073741824,7.38,3,46.2kB / 40.3kB,4.1MB / 65.5kB
117,2026-09-10T10:27:00.693923+00:00,235,2026-09-10T10:27:00.326532+00:00,false,microservices,gateway,5146ccba9d39392dcff0c44fa4db5cea2d6c7dfb8560fe0e765fa55d5f023f78,tcc-microservices-experiment-gateway-1,33.47,457074278,536870912,85.13,69,41.3MB / 54.5MB,32.8MB / 15.9MB
117,2026-09-10T10:27:00.693923+00:00,235,2026-09-10T10:27:00.326532+00:00,false,microservices,mysql,69c76cb035005d9063a7da2e76c2d47f6f77f35d06bec1ec86c94d3c72c366b4,tcc-microservices-experiment-mysql-1,23.23,507720499,1073741824,47.28,40,40MB / 131MB,49.5MB / 144MB
117,2026-09-10T10:27:00.693923+00:00,235,2026-09-10T10:27:00.326532+00:00,false,microservices,order,31cf9ea41411fb8fed951d912e33c28205806667927075bacd34ef36dc11c132,tcc-microservices-experiment-order-1,81.92,77080822,1073741824,7.18,3,160MB / 65.6MB,6.9MB / 10.1MB
117,2026-09-10T10:27:00.693923+00:00,235,2026-09-10T10:27:00.326532+00:00,false,microservices,product,7f26251b14eee637526df0b5f095c2086c817cd5d2af2406335d0f1b17044272,tcc-microservices-experiment-product-1,0.02,78590771,1073741824,7.32,3,417kB / 282kB,3.67MB / 81.9kB
118,2026-09-10T10:27:01.693953+00:00,237,2026-09-10T10:27:01.326414+00:00,false,microservices,auth,0e1a9bc07acb044f82d936e16e98b689e058a2f4c79faf7bf0835a6d8a5c21e7,tcc-microservices-experiment-auth-1,0.02,79198945,1073741824,7.38,3,46.2kB / 40.3kB,4.1MB / 65.5kB
118,2026-09-10T10:27:01.693953+00:00,237,2026-09-10T10:27:01.326414+00:00,false,microservices,gateway,5146ccba9d39392dcff0c44fa4db5cea2d6c7dfb8560fe0e765fa55d5f023f78,tcc-microservices-experiment-gateway-1,31.58,457074278,536870912,85.14,69,41.6MB / 54.9MB,32.8MB / 15.9MB
118,2026-09-10T10:27:01.693953+00:00,237,2026-09-10T10:27:01.326414+00:00,false,microservices,mysql,69c76cb035005d9063a7da2e76c2d47f6f77f35d06bec1ec86c94d3c72c366b4,tcc-microservices-experiment-mysql-1,27.59,507825357,1073741824,47.3,40,40.3MB / 132MB,49.5MB / 144MB
118,2026-09-10T10:27:01.693953+00:00,237,2026-09-10T10:27:01.326414+00:00,false,microservices,order,31cf9ea41411fb8fed951d912e33c28205806667927075bacd34ef36dc11c132,tcc-microservices-experiment-order-1,81.82,76954993,1073741824,7.17,3,161MB / 66.1MB,6.9MB / 10.1MB
118,2026-09-10T10:27:01.693953+00:00,237,2026-09-10T10:27:01.326414+00:00,false,microservices,product,7f26251b14eee637526df0b5f095c2086c817cd5d2af2406335d0f1b17044272,tcc-microservices-experiment-product-1,0.02,78590771,1073741824,7.32,3,417kB / 282kB,3.67MB / 81.9kB
119,2026-09-10T10:27:02.693917+00:00,239,2026-09-10T10:27:02.326663+00:00,false,microservices,auth,0e1a9bc07acb044f82d936e16e98b689e058a2f4c79faf7bf0835a6d8a5c21e7,tcc-microservices-experiment-auth-1,0.02,79198945,1073741824,7.38,3,46.2kB / 40.3kB,4.1MB / 65.5kB
119,2026-09-10T10:27:02.693917+00:00,239,2026-09-10T10:27:02.326663+00:00,false,microservices,gateway,5146ccba9d39392dcff0c44fa4db5cea2d6c7dfb8560fe0e765fa55d5f023f78,tcc-microservices-experiment-gateway-1,32.06,457598566,536870912,85.23,69,41.9MB / 55.3MB,32.8MB / 15.9MB
119,2026-09-10T10:27:02.693917+00:00,239,2026-09-10T10:27:02.326663+00:00,false,microservices,mysql,69c76cb035005d9063a7da2e76c2d47f6f77f35d06bec1ec86c94d3c72c366b4,tcc-microservices-experiment-mysql-1,23.02,507510784,1073741824,47.26,40,40.5MB / 133MB,49.5MB / 144MB
119,2026-09-10T10:27:02.693917+00:00,239,2026-09-10T10:27:02.326663+00:00,false,microservices,order,31cf9ea41411fb8fed951d912e33c28205806667927075bacd34ef36dc11c132,tcc-microservices-experiment-order-1,81.47,77301023,1073741824,7.2,3,162MB / 66.5MB,6.9MB / 10.1MB
119,2026-09-10T10:27:02.693917+00:00,239,2026-09-10T10:27:02.326663+00:00,false,microservices,product,7f26251b14eee637526df0b5f095c2086c817cd5d2af2406335d0f1b17044272,tcc-microservices-experiment-product-1,0.02,78590771,1073741824,7.32,3,417kB / 282kB,3.67MB / 81.9kB
120,2026-09-10T10:27:03.693925+00:00,241,2026-09-10T10:27:03.327297+00:00,false,microservices,auth,0e1a9bc07acb044f82d936e16e98b689e058a2f4c79faf7bf0835a6d8a5c21e7,tcc-microservices-experiment-auth-1,0.02,79198945,1073741824,7.38,3,46.2kB / 40.3kB,4.1MB / 65.5kB
120,2026-09-10T10:27:03.693925+00:00,241,2026-09-10T10:27:03.327297+00:00,false,microservices,gateway,5146ccba9d39392dcff0c44fa4db5cea2d6c7dfb8560fe0e765fa55d5f023f78,tcc-microservices-experiment-gateway-1,31.39,456654848,536870912,85.07,69,42.2MB / 55.7MB,32.8MB / 15.9MB
120,2026-09-10T10:27:03.693925+00:00,241,2026-09-10T10:27:03.327297+00:00,false,microservices,mysql,69c76cb035005d9063a7da2e76c2d47f6f77f35d06bec1ec86c94d3c72c366b4,tcc-microservices-experiment-mysql-1,26.38,507615642,1073741824,47.28,40,40.8MB / 134MB,49.5MB / 144MB
120,2026-09-10T10:27:03.693925+00:00,241,2026-09-10T10:27:03.327297+00:00,false,microservices,order,31cf9ea41411fb8fed951d912e33c28205806667927075bacd34ef36dc11c132,tcc-microservices-experiment-order-1,83.51,77101793,1073741824,7.18,3,163MB / 67MB,6.9MB / 10.1MB
120,2026-09-10T10:27:03.693925+00:00,241,2026-09-10T10:27:03.327297+00:00,false,microservices,product,7f26251b14eee637526df0b5f095c2086c817cd5d2af2406335d0f1b17044272,tcc-microservices-experiment-product-1,0.01,78590771,1073741824,7.32,3,417kB / 282kB,3.67MB / 81.9kB
