sample_index,captured_at_utc,docker_refresh_sequence,docker_refresh_captured_at_utc,docker_refresh_reused,architecture,service,container_id,container_name,cpu_percent,memory_used_bytes,memory_limit_bytes,memory_percent,pids,network_io,block_io
1,2026-09-10T07:00:48.987730+00:00,3,2026-09-10T07:00:48.606261+00:00,false,microservices,auth,981e9889d2e0fd62c0a5bd49bed8f89d99e0eb983806404d661e7393c5953601,tcc-microservices-experiment-auth-1,0.02,81495327,1073741824,7.59,3,45.5kB / 40.3kB,12.5MB / 65.5kB
1,2026-09-10T07:00:48.987730+00:00,3,2026-09-10T07:00:48.606261+00:00,false,microservices,gateway,4a86f2c4f35e641c70a216fb3942e2e2a06ba3c987fedb775befbfac0e5a03da,tcc-microservices-experiment-gateway-1,0.24,469762048,536870912,87.5,81,20MB / 22.1MB,32.5MB / 184kB
1,2026-09-10T07:00:48.987730+00:00,3,2026-09-10T07:00:48.606261+00:00,false,microservices,mysql,e3d0a116828b07ac14a3743d0230676c63e99bce1b5e6a964aa18082c25b8698,tcc-microservices-experiment-mysql-1,0.88,544525517,1073741824,50.71,40,10.4MB / 26.7MB,49.8MB / 112MB
1,2026-09-10T07:00:48.987730+00:00,3,2026-09-10T07:00:48.606261+00:00,false,microservices,order,1be9875d846c06a88bcb8756c80d53b9f409e8f9c12c98bc833c1a772bc56d8f,tcc-microservices-experiment-order-1,0.02,78538342,1073741824,7.31,3,30.8MB / 27.5MB,8.25MB / 77.8kB
1,2026-09-10T07:00:48.987730+00:00,3,2026-09-10T07:00:48.606261+00:00,false,microservices,product,0dc488dbae88d87fdb28897f6611f3a28d52251e19505075080aef698a7d01f2,tcc-microservices-experiment-product-1,0.02,80761324,1073741824,7.52,3,416kB / 282kB,10.1MB / 81.9kB
2,2026-09-10T07:00:49.987749+00:00,5,2026-09-10T07:00:49.605492+00:00,false,microservices,auth,981e9889d2e0fd62c0a5bd49bed8f89d99e0eb983806404d661e7393c5953601,tcc-microservices-experiment-auth-1,0.02,81495327,1073741824,7.59,3,45.5kB / 40.3kB,12.5MB / 65.5kB
2,2026-09-10T07:00:49.987749+00:00,5,2026-09-10T07:00:49.605492+00:00,false,microservices,gateway,4a86f2c4f35e641c70a216fb3942e2e2a06ba3c987fedb775befbfac0e5a03da,tcc-microservices-experiment-gateway-1,0.19,469762048,536870912,87.5,81,20MB / 22.1MB,32.5MB / 184kB
2,2026-09-10T07:00:49.987749+00:00,5,2026-09-10T07:00:49.605492+00:00,false,microservices,mysql,e3d0a116828b07ac14a3743d0230676c63e99bce1b5e6a964aa18082c25b8698,tcc-microservices-experiment-mysql-1,5.32,545049805,1073741824,50.76,40,10.4MB / 26.7MB,49.8MB / 112MB
2,2026-09-10T07:00:49.987749+00:00,5,2026-09-10T07:00:49.605492+00:00,false,microservices,order,1be9875d846c06a88bcb8756c80d53b9f409e8f9c12c98bc833c1a772bc56d8f,tcc-microservices-experiment-order-1,0.02,78538342,1073741824,7.31,3,30.8MB / 27.5MB,8.25MB / 77.8kB
2,2026-09-10T07:00:49.987749+00:00,5,2026-09-10T07:00:49.605492+00:00,false,microservices,product,0dc488dbae88d87fdb28897f6611f3a28d52251e19505075080aef698a7d01f2,tcc-microservices-experiment-product-1,0.02,80761324,1073741824,7.52,3,416kB / 282kB,10.1MB / 81.9kB
3,2026-09-10T07:00:50.987746+00:00,7,2026-09-10T07:00:50.606454+00:00,false,microservices,auth,981e9889d2e0fd62c0a5bd49bed8f89d99e0eb983806404d661e7393c5953601,tcc-microservices-experiment-auth-1,0.04,81495327,1073741824,7.59,3,45.5kB / 40.3kB,12.5MB / 65.5kB
3,2026-09-10T07:00:50.987746+00:00,7,2026-09-10T07:00:50.606454+00:00,false,microservices,gateway,4a86f2c4f35e641c70a216fb3942e2e2a06ba3c987fedb775befbfac0e5a03da,tcc-microservices-experiment-gateway-1,54.26,472698061,536870912,88.05,81,20.1MB / 22.3MB,32.5MB / 184kB
3,2026-09-10T07:00:50.987746+00:00,7,2026-09-10T07:00:50.606454+00:00,false,microservices,mysql,e3d0a116828b07ac14a3743d0230676c63e99bce1b5e6a964aa18082c25b8698,tcc-microservices-experiment-mysql-1,9.05,545154662,1073741824,50.78,40,10.5MB / 26.9MB,49.8MB / 112MB
3,2026-09-10T07:00:50.987746+00:00,7,2026-09-10T07:00:50.606454+00:00,false,microservices,order,1be9875d846c06a88bcb8756c80d53b9f409e8f9c12c98bc833c1a772bc56d8f,tcc-microservices-experiment-order-1,33.27,80761324,1073741824,7.52,3,31MB / 27.7MB,8.25MB / 77.8kB
3,2026-09-10T07:00:50.987746+00:00,7,2026-09-10T07:00:50.606454+00:00,false,microservices,product,0dc488dbae88d87fdb28897f6611f3a28d52251e19505075080aef698a7d01f2,tcc-microservices-experiment-product-1,0.02,80761324,1073741824,7.52,3,416kB / 282kB,10.1MB / 81.9kB
4,2026-09-10T07:00:51.987745+00:00,9,2026-09-10T07:00:51.605407+00:00,false,microservices,auth,981e9889d2e0fd62c0a5bd49bed8f89d99e0eb983806404d661e7393c5953601,tcc-microservices-experiment-auth-1,0.02,81495327,1073741824,7.59,3,45.5kB / 40.3kB,12.5MB / 65.5kB
4,2026-09-10T07:00:51.987745+00:00,9,2026-09-10T07:00:51.605407+00:00,false,microservices,gateway,4a86f2c4f35e641c70a216fb3942e2e2a06ba3c987fedb775befbfac0e5a03da,tcc-microservices-experiment-gateway-1,86.05,473536922,536870912,88.21,81,20.5MB / 22.7MB,32.5MB / 184kB
4,2026-09-10T07:00:51.987745+00:00,9,2026-09-10T07:00:51.605407+00:00,false,microservices,mysql,e3d0a116828b07ac14a3743d0230676c63e99bce1b5e6a964aa18082c25b8698,tcc-microservices-experiment-mysql-1,17.42,545469235,1073741824,50.8,40,10.6MB / 27.2MB,49.8MB / 114MB
4,2026-09-10T07:00:51.987745+00:00,9,2026-09-10T07:00:51.605407+00:00,false,microservices,order,1be9875d846c06a88bcb8756c80d53b9f409e8f9c12c98bc833c1a772bc56d8f,tcc-microservices-experiment-order-1,43.3,80331407,1073741824,7.48,3,31.4MB / 28.1MB,8.25MB / 77.8kB
4,2026-09-10T07:00:51.987745+00:00,9,2026-09-10T07:00:51.605407+00:00,false,microservices,product,0dc488dbae88d87fdb28897f6611f3a28d52251e19505075080aef698a7d01f2,tcc-microservices-experiment-product-1,0.02,80761324,1073741824,7.52,3,416kB / 282kB,10.1MB / 81.9kB
5,2026-09-10T07:00:52.988422+00:00,11,2026-09-10T07:00:52.605337+00:00,false,microservices,auth,981e9889d2e0fd62c0a5bd49bed8f89d99e0eb983806404d661e7393c5953601,tcc-microservices-experiment-auth-1,0.02,81495327,1073741824,7.59,3,45.5kB / 40.3kB,12.5MB / 65.5kB
5,2026-09-10T07:00:52.988422+00:00,11,2026-09-10T07:00:52.605337+00:00,false,microservices,gateway,4a86f2c4f35e641c70a216fb3942e2e2a06ba3c987fedb775befbfac0e5a03da,tcc-microservices-experiment-gateway-1,53.09,473536922,536870912,88.21,81,21.1MB / 23.4MB,32.5MB / 184kB
5,2026-09-10T07:00:52.988422+00:00,11,2026-09-10T07:00:52.605337+00:00,false,microservices,mysql,e3d0a116828b07ac14a3743d0230676c63e99bce1b5e6a964aa18082c25b8698,tcc-microservices-experiment-mysql-1,25.6,545364378,1073741824,50.79,40,10.8MB / 28MB,49.8MB / 114MB
5,2026-09-10T07:00:52.988422+00:00,11,2026-09-10T07:00:52.605337+00:00,false,microservices,order,1be9875d846c06a88bcb8756c80d53b9f409e8f9c12c98bc833c1a772bc56d8f,tcc-microservices-experiment-order-1,80.33,80488694,1073741824,7.5,3,32.3MB / 28.9MB,8.25MB / 77.8kB
5,2026-09-10T07:00:52.988422+00:00,11,2026-09-10T07:00:52.605337+00:00,false,microservices,product,0dc488dbae88d87fdb28897f6611f3a28d52251e19505075080aef698a7d01f2,tcc-microservices-experiment-product-1,0.02,80761324,1073741824,7.52,3,416kB / 282kB,10.1MB / 81.9kB
6,2026-09-10T07:00:53.987732+00:00,13,2026-09-10T07:00:53.605316+00:00,false,microservices,auth,981e9889d2e0fd62c0a5bd49bed8f89d99e0eb983806404d661e7393c5953601,tcc-microservices-experiment-auth-1,0.02,81495327,1073741824,7.59,3,45.5kB / 40.3kB,12.5MB / 65.5kB
6,2026-09-10T07:00:53.987732+00:00,13,2026-09-10T07:00:53.605316+00:00,false,microservices,gateway,4a86f2c4f35e641c70a216fb3942e2e2a06ba3c987fedb775befbfac0e5a03da,tcc-microservices-experiment-gateway-1,45.0,473432064,536870912,88.18,81,21.8MB / 24.2MB,32.5MB / 184kB
6,2026-09-10T07:00:53.987732+00:00,13,2026-09-10T07:00:53.605316+00:00,false,microservices,mysql,e3d0a116828b07ac14a3743d0230676c63e99bce1b5e6a964aa18082c25b8698,tcc-microservices-experiment-mysql-1,27.92,545469235,1073741824,50.8,40,11MB / 28.7MB,49.8MB / 114MB
6,2026-09-10T07:00:53.987732+00:00,13,2026-09-10T07:00:53.605316+00:00,false,microservices,order,1be9875d846c06a88bcb8756c80d53b9f409e8f9c12c98bc833c1a772bc56d8f,tcc-microservices-experiment-order-1,82.59,80153149,1073741824,7.46,3,33.2MB / 29.7MB,8.25MB / 77.8kB
6,2026-09-10T07:00:53.987732+00:00,13,2026-09-10T07:00:53.605316+00:00,false,microservices,product,0dc488dbae88d87fdb28897f6611f3a28d52251e19505075080aef698a7d01f2,tcc-microservices-experiment-product-1,0.02,80761324,1073741824,7.52,3,416kB / 282kB,10.1MB / 81.9kB
7,2026-09-10T07:00:54.987728+00:00,15,2026-09-10T07:00:54.606632+00:00,false,microservices,auth,981e9889d2e0fd62c0a5bd49bed8f89d99e0eb983806404d661e7393c5953601,tcc-microservices-experiment-auth-1,0.02,81495327,1073741824,7.59,3,45.5kB / 40.3kB,12.5MB / 65.5kB
7,2026-09-10T07:00:54.987728+00:00,15,2026-09-10T07:00:54.606632+00:00,false,microservices,gateway,4a86f2c4f35e641c70a216fb3942e2e2a06ba3c987fedb775befbfac0e5a03da,tcc-microservices-experiment-gateway-1,39.52,473536922,536870912,88.2,81,22.5MB / 25MB,32.5MB / 197kB
7,2026-09-10T07:00:54.987728+00:00,15,2026-09-10T07:00:54.606632+00:00,false,microservices,mysql,e3d0a116828b07ac14a3743d0230676c63e99bce1b5e6a964aa18082c25b8698,tcc-microservices-experiment-mysql-1,23.42,544944947,1073741824,50.75,40,11.2MB / 29.4MB,49.8MB / 114MB
7,2026-09-10T07:00:54.987728+00:00,15,2026-09-10T07:00:54.606632+00:00,false,microservices,order,1be9875d846c06a88bcb8756c80d53b9f409e8f9c12c98bc833c1a772bc56d8f,tcc-microservices-experiment-order-1,82.56,80488694,1073741824,7.5,3,34.1MB / 30.5MB,8.25MB / 77.8kB
7,2026-09-10T07:00:54.987728+00:00,15,2026-09-10T07:00:54.606632+00:00,false,microservices,product,0dc488dbae88d87fdb28897f6611f3a28d52251e19505075080aef698a7d01f2,tcc-microservices-experiment-product-1,0.02,80761324,1073741824,7.52,3,416kB / 282kB,10.1MB / 81.9kB
8,2026-09-10T07:00:55.987740+00:00,17,2026-09-10T07:00:55.606058+00:00,false,microservices,auth,981e9889d2e0fd62c0a5bd49bed8f89d99e0eb983806404d661e7393c5953601,tcc-microservices-experiment-auth-1,0.02,81484841,1073741824,7.59,3,45.5kB / 40.3kB,12.5MB / 65.5kB
8,2026-09-10T07:00:55.987740+00:00,17,2026-09-10T07:00:55.606058+00:00,false,microservices,gateway,4a86f2c4f35e641c70a216fb3942e2e2a06ba3c987fedb775befbfac0e5a03da,tcc-microservices-experiment-gateway-1,78.21,474166067,536870912,88.33,81,23.2MB / 25.7MB,32.5MB / 197kB
8,2026-09-10T07:00:55.987740+00:00,17,2026-09-10T07:00:55.606058+00:00,false,microservices,mysql,e3d0a116828b07ac14a3743d0230676c63e99bce1b5e6a964aa18082c25b8698,tcc-microservices-experiment-mysql-1,29.01,545888666,1073741824,50.84,40,11.4MB / 30.2MB,49.8MB / 114MB
8,2026-09-10T07:00:55.987740+00:00,17,2026-09-10T07:00:55.606058+00:00,false,microservices,order,1be9875d846c06a88bcb8756c80d53b9f409e8f9c12c98bc833c1a772bc56d8f,tcc-microservices-experiment-order-1,81.79,80132178,1073741824,7.46,3,35MB / 31.3MB,8.25MB / 77.8kB
8,2026-09-10T07:00:55.987740+00:00,17,2026-09-10T07:00:55.606058+00:00,false,microservices,product,0dc488dbae88d87fdb28897f6611f3a28d52251e19505075080aef698a7d01f2,tcc-microservices-experiment-product-1,0.02,80750838,1073741824,7.52,3,416kB / 282kB,10.1MB / 81.9kB
9,2026-09-10T07:00:56.987718+00:00,19,2026-09-10T07:00:56.604785+00:00,false,microservices,auth,981e9889d2e0fd62c0a5bd49bed8f89d99e0eb983806404d661e7393c5953601,tcc-microservices-experiment-auth-1,0.02,81484841,1073741824,7.59,3,45.5kB / 40.3kB,12.5MB / 65.5kB
9,2026-09-10T07:00:56.987718+00:00,19,2026-09-10T07:00:56.604785+00:00,false,microservices,gateway,4a86f2c4f35e641c70a216fb3942e2e2a06ba3c987fedb775befbfac0e5a03da,tcc-microservices-experiment-gateway-1,98.42,474061210,536870912,88.29,81,23.9MB / 26.5MB,32.5MB / 197kB
9,2026-09-10T07:00:56.987718+00:00,19,2026-09-10T07:00:56.604785+00:00,false,microservices,mysql,e3d0a116828b07ac14a3743d0230676c63e99bce1b5e6a964aa18082c25b8698,tcc-microservices-experiment-mysql-1,23.99,545154662,1073741824,50.77,40,11.6MB / 30.9MB,49.8MB / 114MB
9,2026-09-10T07:00:56.987718+00:00,19,2026-09-10T07:00:56.604785+00:00,false,microservices,order,1be9875d846c06a88bcb8756c80d53b9f409e8f9c12c98bc833c1a772bc56d8f,tcc-microservices-experiment-order-1,81.18,80352379,1073741824,7.48,3,35.8MB / 32.1MB,8.25MB / 77.8kB
9,2026-09-10T07:00:56.987718+00:00,19,2026-09-10T07:00:56.604785+00:00,false,microservices,product,0dc488dbae88d87fdb28897f6611f3a28d52251e19505075080aef698a7d01f2,tcc-microservices-experiment-product-1,0.02,80750838,1073741824,7.52,3,416kB / 282kB,10.1MB / 81.9kB
10,2026-09-10T07:00:57.987720+00:00,21,2026-09-10T07:00:57.606417+00:00,false,microservices,auth,981e9889d2e0fd62c0a5bd49bed8f89d99e0eb983806404d661e7393c5953601,tcc-microservices-experiment-auth-1,0.02,81484841,1073741824,7.59,3,45.5kB / 40.3kB,12.5MB / 65.5kB
10,2026-09-10T07:00:57.987720+00:00,21,2026-09-10T07:00:57.606417+00:00,false,microservices,gateway,4a86f2c4f35e641c70a216fb3942e2e2a06ba3c987fedb775befbfac0e5a03da,tcc-microservices-experiment-gateway-1,59.93,473956352,536870912,88.28,81,24.6MB / 27.3MB,32.5MB / 197kB
10,2026-09-10T07:00:57.987720+00:00,21,2026-09-10T07:00:57.606417+00:00,false,microservices,mysql,e3d0a116828b07ac14a3743d0230676c63e99bce1b5e6a964aa18082c25b8698,tcc-microservices-experiment-mysql-1,28.62,544840090,1073741824,50.74,40,11.8MB / 31.6MB,49.8MB / 114MB
10,2026-09-10T07:00:57.987720+00:00,21,2026-09-10T07:00:57.606417+00:00,false,microservices,order,1be9875d846c06a88bcb8756c80d53b9f409e8f9c12c98bc833c1a772bc56d8f,tcc-microservices-experiment-order-1,82.3,80583066,1073741824,7.51,3,36.7MB / 32.9MB,8.25MB / 77.8kB
10,2026-09-10T07:00:57.987720+00:00,21,2026-09-10T07:00:57.606417+00:00,false,microservices,product,0dc488dbae88d87fdb28897f6611f3a28d52251e19505075080aef698a7d01f2,tcc-microservices-experiment-product-1,0.02,80750838,1073741824,7.52,3,416kB / 282kB,10.1MB / 81.9kB
11,2026-09-10T07:00:58.987752+00:00,23,2026-09-10T07:00:58.606370+00:00,false,microservices,auth,981e9889d2e0fd62c0a5bd49bed8f89d99e0eb983806404d661e7393c5953601,tcc-microservices-experiment-auth-1,0.02,81484841,1073741824,7.59,3,45.5kB / 40.3kB,12.5MB / 65.5kB
11,2026-09-10T07:00:58.987752+00:00,23,2026-09-10T07:00:58.606370+00:00,false,microservices,gateway,4a86f2c4f35e641c70a216fb3942e2e2a06ba3c987fedb775befbfac0e5a03da,tcc-microservices-experiment-gateway-1,54.08,473432064,536870912,88.19,81,25.3MB / 28MB,32.5MB / 197kB
11,2026-09-10T07:00:58.987752+00:00,23,2026-09-10T07:00:58.606370+00:00,false,microservices,mysql,e3d0a116828b07ac14a3743d0230676c63e99bce1b5e6a964aa18082c25b8698,tcc-microservices-experiment-mysql-1,24.44,545049805,1073741824,50.76,40,12MB / 32.4MB,49.8MB / 114MB
11,2026-09-10T07:00:58.987752+00:00,23,2026-09-10T07:00:58.606370+00:00,false,microservices,order,1be9875d846c06a88bcb8756c80d53b9f409e8f9c12c98bc833c1a772bc56d8f,tcc-microservices-experiment-order-1,81.52,80645980,1073741824,7.51,3,37.6MB / 33.8MB,8.25MB / 77.8kB
11,2026-09-10T07:00:58.987752+00:00,23,2026-09-10T07:00:58.606370+00:00,false,microservices,product,0dc488dbae88d87fdb28897f6611f3a28d52251e19505075080aef698a7d01f2,tcc-microservices-experiment-product-1,0.02,80750838,1073741824,7.52,3,416kB / 282kB,10.1MB / 81.9kB
12,2026-09-10T07:00:59.987764+00:00,25,2026-09-10T07:00:59.606432+00:00,false,microservices,auth,981e9889d2e0fd62c0a5bd49bed8f89d99e0eb983806404d661e7393c5953601,tcc-microservices-experiment-auth-1,0.01,81484841,1073741824,7.59,3,45.5kB / 40.3kB,12.5MB / 65.5kB
12,2026-09-10T07:00:59.987764+00:00,25,2026-09-10T07:00:59.606432+00:00,false,microservices,gateway,4a86f2c4f35e641c70a216fb3942e2e2a06ba3c987fedb775befbfac0e5a03da,tcc-microservices-experiment-gateway-1,41.59,473327206,536870912,88.17,81,26MB / 28.8MB,32.5MB / 197kB
12,2026-09-10T07:00:59.987764+00:00,25,2026-09-10T07:00:59.606432+00:00,false,microservices,mysql,e3d0a116828b07ac14a3743d0230676c63e99bce1b5e6a964aa18082c25b8698,tcc-microservices-experiment-mysql-1,28.03,546308096,1073741824,50.88,40,12.2MB / 33.1MB,49.8MB / 114MB
12,2026-09-10T07:00:59.987764+00:00,25,2026-09-10T07:00:59.606432+00:00,false,microservices,order,1be9875d846c06a88bcb8756c80d53b9f409e8f9c12c98bc833c1a772bc56d8f,tcc-microservices-experiment-order-1,82.61,80509665,1073741824,7.5,3,38.5MB / 34.6MB,8.25MB / 77.8kB
12,2026-09-10T07:00:59.987764+00:00,25,2026-09-10T07:00:59.606432+00:00,false,microservices,product,0dc488dbae88d87fdb28897f6611f3a28d52251e19505075080aef698a7d01f2,tcc-microservices-experiment-product-1,0.02,80750838,1073741824,7.52,3,416kB / 282kB,10.1MB / 81.9kB
13,2026-09-10T07:01:00.987719+00:00,27,2026-09-10T07:01:00.605460+00:00,false,microservices,auth,981e9889d2e0fd62c0a5bd49bed8f89d99e0eb983806404d661e7393c5953601,tcc-microservices-experiment-auth-1,0.02,81484841,1073741824,7.59,3,45.5kB / 40.3kB,12.5MB / 65.5kB
13,2026-09-10T07:01:00.987719+00:00,27,2026-09-10T07:01:00.605460+00:00,false,microservices,gateway,4a86f2c4f35e641c70a216fb3942e2e2a06ba3c987fedb775befbfac0e5a03da,tcc-microservices-experiment-gateway-1,63.6,474375782,536870912,88.36,81,26.7MB / 29.6MB,32.5MB / 197kB
13,2026-09-10T07:01:00.987719+00:00,27,2026-09-10T07:01:00.605460+00:00,false,microservices,mysql,e3d0a116828b07ac14a3743d0230676c63e99bce1b5e6a964aa18082c25b8698,tcc-microservices-experiment-mysql-1,23.94,544944947,1073741824,50.75,40,12.4MB / 33.8MB,49.8MB / 114MB
13,2026-09-10T07:01:00.987719+00:00,27,2026-09-10T07:01:00.605460+00:00,false,microservices,order,1be9875d846c06a88bcb8756c80d53b9f409e8f9c12c98bc833c1a772bc56d8f,tcc-microservices-experiment-order-1,82.84,80446751,1073741824,7.49,3,39.4MB / 35.4MB,8.25MB / 77.8kB
13,2026-09-10T07:01:00.987719+00:00,27,2026-09-10T07:01:00.605460+00:00,false,microservices,product,0dc488dbae88d87fdb28897f6611f3a28d52251e19505075080aef698a7d01f2,tcc-microservices-experiment-product-1,0.02,80750838,1073741824,7.52,3,416kB / 282kB,10.1MB / 81.9kB
14,2026-09-10T07:01:01.987714+00:00,29,2026-09-10T07:01:01.605276+00:00,false,microservices,auth,981e9889d2e0fd62c0a5bd49bed8f89d99e0eb983806404d661e7393c5953601,tcc-microservices-experiment-auth-1,0.02,81484841,1073741824,7.59,3,45.5kB / 40.3kB,12.5MB / 65.5kB
14,2026-09-10T07:01:01.987714+00:00,29,2026-09-10T07:01:01.605276+00:00,false,microservices,gateway,4a86f2c4f35e641c70a216fb3942e2e2a06ba3c987fedb775befbfac0e5a03da,tcc-microservices-experiment-gateway-1,41.91,474375782,536870912,88.36,81,27.4MB / 30.3MB,32.5MB / 197kB
14,2026-09-10T07:01:01.987714+00:00,29,2026-09-10T07:01:01.605276+00:00,false,microservices,mysql,e3d0a116828b07ac14a3743d0230676c63e99bce1b5e6a964aa18082c25b8698,tcc-microservices-experiment-mysql-1,29.22,546098381,1073741824,50.86,40,12.6MB / 34.6MB,49.8MB / 114MB
14,2026-09-10T07:01:01.987714+00:00,29,2026-09-10T07:01:01.605276+00:00,false,microservices,order,1be9875d846c06a88bcb8756c80d53b9f409e8f9c12c98bc833c1a772bc56d8f,tcc-microservices-experiment-order-1,80.88,80205578,1073741824,7.47,3,40.3MB / 36.2MB,8.25MB / 77.8kB
14,2026-09-10T07:01:01.987714+00:00,29,2026-09-10T07:01:01.605276+00:00,false,microservices,product,0dc488dbae88d87fdb28897f6611f3a28d52251e19505075080aef698a7d01f2,tcc-microservices-experiment-product-1,0.02,80750838,1073741824,7.52,3,416kB / 282kB,10.1MB / 81.9kB
15,2026-09-10T07:01:02.987727+00:00,31,2026-09-10T07:01:02.605727+00:00,false,microservices,auth,981e9889d2e0fd62c0a5bd49bed8f89d99e0eb983806404d661e7393c5953601,tcc-microservices-experiment-auth-1,0.02,81484841,1073741824,7.59,3,45.5kB / 40.3kB,12.5MB / 65.5kB
15,2026-09-10T07:01:02.987727+00:00,31,2026-09-10T07:01:02.605727+00:00,false,microservices,gateway,4a86f2c4f35e641c70a216fb3942e2e2a06ba3c987fedb775befbfac0e5a03da,tcc-microservices-experiment-gateway-1,40.51,475109786,536870912,88.5,81,28.1MB / 31.1MB,32.5MB / 197kB
15,2026-09-10T07:01:02.987727+00:00,31,2026-09-10T07:01:02.605727+00:00,false,microservices,mysql,e3d0a116828b07ac14a3743d0230676c63e99bce1b5e6a964aa18082c25b8698,tcc-microservices-experiment-mysql-1,24.29,545259520,1073741824,50.78,40,12.9MB / 35.3MB,49.8MB / 114MB
15,2026-09-10T07:01:02.987727+00:00,31,2026-09-10T07:01:02.605727+00:00,false,microservices,order,1be9875d846c06a88bcb8756c80d53b9f409e8f9c12c98bc833c1a772bc56d8f,tcc-microservices-experiment-order-1,81.23,80121692,1073741824,7.46,3,41.2MB / 37.1MB,8.25MB / 77.8kB
15,2026-09-10T07:01:02.987727+00:00,31,2026-09-10T07:01:02.605727+00:00,false,microservices,product,0dc488dbae88d87fdb28897f6611f3a28d52251e19505075080aef698a7d01f2,tcc-microservices-experiment-product-1,0.01,80750838,1073741824,7.52,3,416kB / 282kB,10.1MB / 81.9kB
16,2026-09-10T07:01:03.987728+00:00,33,2026-09-10T07:01:03.605395+00:00,false,microservices,auth,981e9889d2e0fd62c0a5bd49bed8f89d99e0eb983806404d661e7393c5953601,tcc-microservices-experiment-auth-1,0.02,81484841,1073741824,7.59,3,45.5kB / 40.3kB,12.5MB / 65.5kB
16,2026-09-10T07:01:03.987728+00:00,33,2026-09-10T07:01:03.605395+00:00,false,microservices,gateway,4a86f2c4f35e641c70a216fb3942e2e2a06ba3c987fedb775befbfac0e5a03da,tcc-microservices-experiment-gateway-1,35.69,475214643,536870912,88.51,81,28.8MB / 31.9MB,32.5MB / 197kB
16,2026-09-10T07:01:03.987728+00:00,33,2026-09-10T07:01:03.605395+00:00,false,microservices,mysql,e3d0a116828b07ac14a3743d0230676c63e99bce1b5e6a964aa18082c25b8698,tcc-microservices-experiment-mysql-1,29.16,546308096,1073741824,50.88,40,13.1MB / 36.1MB,49.8MB / 114MB
16,2026-09-10T07:01:03.987728+00:00,33,2026-09-10T07:01:03.605395+00:00,false,microservices,order,1be9875d846c06a88bcb8756c80d53b9f409e8f9c12c98bc833c1a772bc56d8f,tcc-microservices-experiment-order-1,81.4,80488694,1073741824,7.5,3,42.1MB / 37.9MB,8.25MB / 77.8kB
16,2026-09-10T07:01:03.987728+00:00,33,2026-09-10T07:01:03.605395+00:00,false,microservices,product,0dc488dbae88d87fdb28897f6611f3a28d52251e19505075080aef698a7d01f2,tcc-microservices-experiment-product-1,0.02,80750838,1073741824,7.52,3,416kB / 282kB,10.1MB / 81.9kB
17,2026-09-10T07:01:04.987726+00:00,35,2026-09-10T07:01:04.606322+00:00,false,microservices,auth,981e9889d2e0fd62c0a5bd49bed8f89d99e0eb983806404d661e7393c5953601,tcc-microservices-experiment-auth-1,0.02,81484841,1073741824,7.59,3,45.5kB / 40.3kB,12.5MB / 65.5kB
17,2026-09-10T07:01:04.987726+00:00,35,2026-09-10T07:01:04.606322+00:00,false,microservices,gateway,4a86f2c4f35e641c70a216fb3942e2e2a06ba3c987fedb775befbfac0e5a03da,tcc-microservices-experiment-gateway-1,36.29,475004928,536870912,88.48,81,29.5MB / 32.7MB,32.5MB / 197kB
17,2026-09-10T07:01:04.987726+00:00,35,2026-09-10T07:01:04.606322+00:00,false,microservices,mysql,e3d0a116828b07ac14a3743d0230676c63e99bce1b5e6a964aa18082c25b8698,tcc-microservices-experiment-mysql-1,25.26,545154662,1073741824,50.77,40,13.3MB / 36.8MB,49.8MB / 114MB
17,2026-09-10T07:01:04.987726+00:00,35,2026-09-10T07:01:04.606322+00:00,false,microservices,order,1be9875d846c06a88bcb8756c80d53b9f409e8f9c12c98bc833c1a772bc56d8f,tcc-microservices-experiment-order-1,81.09,80268493,1073741824,7.48,3,43MB / 38.7MB,8.25MB / 77.8kB
17,2026-09-10T07:01:04.987726+00:00,35,2026-09-10T07:01:04.606322+00:00,false,microservices,product,0dc488dbae88d87fdb28897f6611f3a28d52251e19505075080aef698a7d01f2,tcc-microservices-experiment-product-1,0.02,80750838,1073741824,7.52,3,416kB / 282kB,10.1MB / 81.9kB
18,2026-09-10T07:01:05.987729+00:00,37,2026-09-10T07:01:05.605417+00:00,false,microservices,auth,981e9889d2e0fd62c0a5bd49bed8f89d99e0eb983806404d661e7393c5953601,tcc-microservices-experiment-auth-1,0.02,81484841,1073741824,7.59,3,45.5kB / 40.3kB,12.5MB / 65.5kB
18,2026-09-10T07:01:05.987729+00:00,37,2026-09-10T07:01:05.605417+00:00,false,microservices,gateway,4a86f2c4f35e641c70a216fb3942e2e2a06ba3c987fedb775befbfac0e5a03da,tcc-microservices-experiment-gateway-1,38.23,475214643,536870912,88.53,81,30.2MB / 33.5MB,32.5MB / 197kB
18,2026-09-10T07:01:05.987729+00:00,37,2026-09-10T07:01:05.605417+00:00,false,microservices,mysql,e3d0a116828b07ac14a3743d0230676c63e99bce1b5e6a964aa18082c25b8698,tcc-microservices-experiment-mysql-1,29.46,546517811,1073741824,50.9,40,13.5MB / 37.5MB,49.8MB / 114MB
18,2026-09-10T07:01:05.987729+00:00,37,2026-09-10T07:01:05.605417+00:00,false,microservices,order,1be9875d846c06a88bcb8756c80d53b9f409e8f9c12c98bc833c1a772bc56d8f,tcc-microservices-experiment-order-1,80.78,81317069,1073741824,7.57,3,43.9MB / 39.6MB,8.25MB / 77.8kB
18,2026-09-10T07:01:05.987729+00:00,37,2026-09-10T07:01:05.605417+00:00,false,microservices,product,0dc488dbae88d87fdb28897f6611f3a28d52251e19505075080aef698a7d01f2,tcc-microservices-experiment-product-1,0.02,80750838,1073741824,7.52,3,416kB / 282kB,10.1MB / 81.9kB
19,2026-09-10T07:01:06.987746+00:00,39,2026-09-10T07:01:06.605409+00:00,false,microservices,auth,981e9889d2e0fd62c0a5bd49bed8f89d99e0eb983806404d661e7393c5953601,tcc-microservices-experiment-auth-1,0.02,81484841,1073741824,7.59,3,45.5kB / 40.3kB,12.5MB / 65.5kB
19,2026-09-10T07:01:06.987746+00:00,39,2026-09-10T07:01:06.605409+00:00,false,microservices,gateway,4a86f2c4f35e641c70a216fb3942e2e2a06ba3c987fedb775befbfac0e5a03da,tcc-microservices-experiment-gateway-1,52.66,475109786,536870912,88.5,81,30.9MB / 34.3MB,32.5MB / 197kB
19,2026-09-10T07:01:06.987746+00:00,39,2026-09-10T07:01:06.605409+00:00,false,microservices,mysql,e3d0a116828b07ac14a3743d0230676c63e99bce1b5e6a964aa18082c25b8698,tcc-microservices-experiment-mysql-1,25.24,545049805,1073741824,50.76,40,13.7MB / 38.3MB,49.8MB / 114MB
19,2026-09-10T07:01:06.987746+00:00,39,2026-09-10T07:01:06.605409+00:00,false,microservices,order,1be9875d846c06a88bcb8756c80d53b9f409e8f9c12c98bc833c1a772bc56d8f,tcc-microservices-experiment-order-1,81.0,81212211,1073741824,7.56,3,44.8MB / 40.4MB,8.25MB / 77.8kB
19,2026-09-10T07:01:06.987746+00:00,39,2026-09-10T07:01:06.605409+00:00,false,microservices,product,0dc488dbae88d87fdb28897f6611f3a28d52251e19505075080aef698a7d01f2,tcc-microservices-experiment-product-1,0.02,80750838,1073741824,7.52,3,416kB / 282kB,10.1MB / 81.9kB
20,2026-09-10T07:01:07.987718+00:00,41,2026-09-10T07:01:07.605371+00:00,false,microservices,auth,981e9889d2e0fd62c0a5bd49bed8f89d99e0eb983806404d661e7393c5953601,tcc-microservices-experiment-auth-1,0.02,81484841,1073741824,7.59,3,45.5kB / 40.3kB,12.5MB / 65.5kB
20,2026-09-10T07:01:07.987718+00:00,41,2026-09-10T07:01:07.605371+00:00,false,microservices,gateway,4a86f2c4f35e641c70a216fb3942e2e2a06ba3c987fedb775befbfac0e5a03da,tcc-microservices-experiment-gateway-1,37.71,474585498,536870912,88.4,81,31.6MB / 35.1MB,32.5MB / 197kB
20,2026-09-10T07:01:07.987718+00:00,41,2026-09-10T07:01:07.605371+00:00,false,microservices,mysql,e3d0a116828b07ac14a3743d0230676c63e99bce1b5e6a964aa18082c25b8698,tcc-microservices-experiment-mysql-1,26.97,549348966,1073741824,51.17,46,13.9MB / 39MB,49.8MB / 114MB
20,2026-09-10T07:01:07.987718+00:00,41,2026-09-10T07:01:07.605371+00:00,false,microservices,order,1be9875d846c06a88bcb8756c80d53b9f409e8f9c12c98bc833c1a772bc56d8f,tcc-microservices-experiment-order-1,80.96,80478208,1073741824,7.5,3,45.7MB / 41.2MB,8.25MB / 77.8kB
20,2026-09-10T07:01:07.987718+00:00,41,2026-09-10T07:01:07.605371+00:00,false,microservices,product,0dc488dbae88d87fdb28897f6611f3a28d52251e19505075080aef698a7d01f2,tcc-microservices-experiment-product-1,0.02,80750838,1073741824,7.52,3,416kB / 282kB,10.1MB / 81.9kB
21,2026-09-10T07:01:08.987719+00:00,43,2026-09-10T07:01:08.605507+00:00,false,microservices,auth,981e9889d2e0fd62c0a5bd49bed8f89d99e0eb983806404d661e7393c5953601,tcc-microservices-experiment-auth-1,0.02,81484841,1073741824,7.59,3,45.5kB / 40.3kB,12.5MB / 65.5kB
21,2026-09-10T07:01:08.987719+00:00,43,2026-09-10T07:01:08.605507+00:00,false,microservices,gateway,4a86f2c4f35e641c70a216fb3942e2e2a06ba3c987fedb775befbfac0e5a03da,tcc-microservices-experiment-gateway-1,65.62,474270925,536870912,88.34,81,32.4MB / 35.9MB,32.5MB / 197kB
21,2026-09-10T07:01:08.987719+00:00,43,2026-09-10T07:01:08.605507+00:00,false,microservices,mysql,e3d0a116828b07ac14a3743d0230676c63e99bce1b5e6a964aa18082c25b8698,tcc-microservices-experiment-mysql-1,27.28,545154662,1073741824,50.77,40,14.1MB / 39.8MB,49.8MB / 114MB
21,2026-09-10T07:01:08.987719+00:00,43,2026-09-10T07:01:08.605507+00:00,false,microservices,order,1be9875d846c06a88bcb8756c80d53b9f409e8f9c12c98bc833c1a772bc56d8f,tcc-microservices-experiment-order-1,81.91,82113987,1073741824,7.65,3,46.7MB / 42.1MB,8.25MB / 77.8kB
21,2026-09-10T07:01:08.987719+00:00,43,2026-09-10T07:01:08.605507+00:00,false,microservices,product,0dc488dbae88d87fdb28897f6611f3a28d52251e19505075080aef698a7d01f2,tcc-microservices-experiment-product-1,0.02,80750838,1073741824,7.52,3,416kB / 282kB,10.1MB / 81.9kB
22,2026-09-10T07:01:09.987724+00:00,45,2026-09-10T07:01:09.605329+00:00,false,microservices,auth,981e9889d2e0fd62c0a5bd49bed8f89d99e0eb983806404d661e7393c5953601,tcc-microservices-experiment-auth-1,0.02,81484841,1073741824,7.59,3,45.5kB / 40.3kB,12.5MB / 65.5kB
22,2026-09-10T07:01:09.987724+00:00,45,2026-09-10T07:01:09.605329+00:00,false,microservices,gateway,4a86f2c4f35e641c70a216fb3942e2e2a06ba3c987fedb775befbfac0e5a03da,tcc-microservices-experiment-gateway-1,82.61,480457523,536870912,89.48,81,33.1MB / 36.6MB,32.5MB / 209kB
22,2026-09-10T07:01:09.987724+00:00,45,2026-09-10T07:01:09.605329+00:00,false,microservices,mysql,e3d0a116828b07ac14a3743d0230676c63e99bce1b5e6a964aa18082c25b8698,tcc-microservices-experiment-mysql-1,24.49,545049805,1073741824,50.76,40,14.3MB / 40.5MB,49.8MB / 114MB
22,2026-09-10T07:01:09.987724+00:00,45,2026-09-10T07:01:09.605329+00:00,false,microservices,order,1be9875d846c06a88bcb8756c80d53b9f409e8f9c12c98bc833c1a772bc56d8f,tcc-microservices-experiment-order-1,81.67,81841357,1073741824,7.62,3,47.6MB / 42.9MB,8.25MB / 77.8kB
22,2026-09-10T07:01:09.987724+00:00,45,2026-09-10T07:01:09.605329+00:00,false,microservices,product,0dc488dbae88d87fdb28897f6611f3a28d52251e19505075080aef698a7d01f2,tcc-microservices-experiment-product-1,0.02,80750838,1073741824,7.52,3,416kB / 282kB,10.1MB / 81.9kB
23,2026-09-10T07:01:10.987750+00:00,47,2026-09-10T07:01:10.605571+00:00,false,microservices,auth,981e9889d2e0fd62c0a5bd49bed8f89d99e0eb983806404d661e7393c5953601,tcc-microservices-experiment-auth-1,0.02,81484841,1073741824,7.59,3,45.5kB / 40.3kB,12.5MB / 65.5kB
23,2026-09-10T07:01:10.987750+00:00,47,2026-09-10T07:01:10.605571+00:00,false,microservices,gateway,4a86f2c4f35e641c70a216fb3942e2e2a06ba3c987fedb775befbfac0e5a03da,tcc-microservices-experiment-gateway-1,61.6,480142950,536870912,89.43,81,33.8MB / 37.4MB,32.5MB / 209kB
23,2026-09-10T07:01:10.987750+00:00,47,2026-09-10T07:01:10.605571+00:00,false,microservices,mysql,e3d0a116828b07ac14a3743d0230676c63e99bce1b5e6a964aa18082c25b8698,tcc-microservices-experiment-mysql-1,28.18,545364378,1073741824,50.79,40,14.6MB / 41.3MB,49.8MB / 114MB
23,2026-09-10T07:01:10.987750+00:00,47,2026-09-10T07:01:10.605571+00:00,false,microservices,order,1be9875d846c06a88bcb8756c80d53b9f409e8f9c12c98bc833c1a772bc56d8f,tcc-microservices-experiment-order-1,82.43,81925243,1073741824,7.63,3,48.5MB / 43.7MB,8.25MB / 77.8kB
23,2026-09-10T07:01:10.987750+00:00,47,2026-09-10T07:01:10.605571+00:00,false,microservices,product,0dc488dbae88d87fdb28897f6611f3a28d52251e19505075080aef698a7d01f2,tcc-microservices-experiment-product-1,0.02,80750838,1073741824,7.52,3,416kB / 282kB,10.1MB / 81.9kB
24,2026-09-10T07:01:11.987728+00:00,49,2026-09-10T07:01:11.605457+00:00,false,microservices,auth,981e9889d2e0fd62c0a5bd49bed8f89d99e0eb983806404d661e7393c5953601,tcc-microservices-experiment-auth-1,0.02,81484841,1073741824,7.59,3,45.5kB / 40.3kB,12.5MB / 65.5kB
24,2026-09-10T07:01:11.987728+00:00,49,2026-09-10T07:01:11.605457+00:00,false,microservices,gateway,4a86f2c4f35e641c70a216fb3942e2e2a06ba3c987fedb775befbfac0e5a03da,tcc-microservices-experiment-gateway-1,67.58,479618662,536870912,89.34,81,34.5MB / 38.2MB,32.5MB / 209kB
24,2026-09-10T07:01:11.987728+00:00,49,2026-09-10T07:01:11.605457+00:00,false,microservices,mysql,e3d0a116828b07ac14a3743d0230676c63e99bce1b5e6a964aa18082c25b8698,tcc-microservices-experiment-mysql-1,24.23,545678950,1073741824,50.82,40,14.8MB / 42MB,49.8MB / 114MB
24,2026-09-10T07:01:11.987728+00:00,49,2026-09-10T07:01:11.605457+00:00,false,microservices,order,1be9875d846c06a88bcb8756c80d53b9f409e8f9c12c98bc833c1a772bc56d8f,tcc-microservices-experiment-order-1,82.36,81799414,1073741824,7.62,3,49.4MB / 44.6MB,8.25MB / 77.8kB
24,2026-09-10T07:01:11.987728+00:00,49,2026-09-10T07:01:11.605457+00:00,false,microservices,product,0dc488dbae88d87fdb28897f6611f3a28d52251e19505075080aef698a7d01f2,tcc-microservices-experiment-product-1,0.02,80750838,1073741824,7.52,3,416kB / 282kB,10.1MB / 81.9kB
25,2026-09-10T07:01:12.987741+00:00,51,2026-09-10T07:01:12.605479+00:00,false,microservices,auth,981e9889d2e0fd62c0a5bd49bed8f89d99e0eb983806404d661e7393c5953601,tcc-microservices-experiment-auth-1,0.02,81484841,1073741824,7.59,3,45.5kB / 40.3kB,12.5MB / 65.5kB
25,2026-09-10T07:01:12.987741+00:00,51,2026-09-10T07:01:12.605479+00:00,false,microservices,gateway,4a86f2c4f35e641c70a216fb3942e2e2a06ba3c987fedb775befbfac0e5a03da,tcc-microservices-experiment-gateway-1,45.92,475948646,536870912,88.66,81,35.2MB / 39MB,32.5MB / 209kB
25,2026-09-10T07:01:12.987741+00:00,51,2026-09-10T07:01:12.605479+00:00,false,microservices,mysql,e3d0a116828b07ac14a3743d0230676c63e99bce1b5e6a964aa18082c25b8698,tcc-microservices-experiment-mysql-1,28.52,545678950,1073741824,50.82,40,15MB / 42.8MB,49.8MB / 114MB
25,2026-09-10T07:01:12.987741+00:00,51,2026-09-10T07:01:12.605479+00:00,false,microservices,order,1be9875d846c06a88bcb8756c80d53b9f409e8f9c12c98bc833c1a772bc56d8f,tcc-microservices-experiment-order-1,82.51,82617303,1073741824,7.69,3,50.3MB / 45.4MB,8.25MB / 77.8kB
25,2026-09-10T07:01:12.987741+00:00,51,2026-09-10T07:01:12.605479+00:00,false,microservices,product,0dc488dbae88d87fdb28897f6611f3a28d52251e19505075080aef698a7d01f2,tcc-microservices-experiment-product-1,0.02,80750838,1073741824,7.52,3,416kB / 282kB,10.1MB / 81.9kB
26,2026-09-10T07:01:13.987753+00:00,53,2026-09-10T07:01:13.605222+00:00,false,microservices,auth,981e9889d2e0fd62c0a5bd49bed8f89d99e0eb983806404d661e7393c5953601,tcc-microservices-experiment-auth-1,0.02,81484841,1073741824,7.59,3,45.5kB / 40.3kB,12.5MB / 65.5kB
26,2026-09-10T07:01:13.987753+00:00,53,2026-09-10T07:01:13.605222+00:00,false,microservices,gateway,4a86f2c4f35e641c70a216fb3942e2e2a06ba3c987fedb775befbfac0e5a03da,tcc-microservices-experiment-gateway-1,54.51,475319501,536870912,88.54,81,35.9MB / 39.8MB,32.5MB / 209kB
26,2026-09-10T07:01:13.987753+00:00,53,2026-09-10T07:01:13.605222+00:00,false,microservices,mysql,e3d0a116828b07ac14a3743d0230676c63e99bce1b5e6a964aa18082c25b8698,tcc-microservices-experiment-mysql-1,25.1,546203238,1073741824,50.87,40,15.2MB / 43.5MB,49.8MB / 114MB
26,2026-09-10T07:01:13.987753+00:00,53,2026-09-10T07:01:13.605222+00:00,false,microservices,order,1be9875d846c06a88bcb8756c80d53b9f409e8f9c12c98bc833c1a772bc56d8f,tcc-microservices-experiment-order-1,80.58,82407588,1073741824,7.68,3,51.2MB / 46.2MB,8.25MB / 77.8kB
26,2026-09-10T07:01:13.987753+00:00,53,2026-09-10T07:01:13.605222+00:00,false,microservices,product,0dc488dbae88d87fdb28897f6611f3a28d52251e19505075080aef698a7d01f2,tcc-microservices-experiment-product-1,0.02,80750838,1073741824,7.52,3,416kB / 282kB,10.1MB / 81.9kB
27,2026-09-10T07:01:14.987760+00:00,55,2026-09-10T07:01:14.605547+00:00,false,microservices,auth,981e9889d2e0fd62c0a5bd49bed8f89d99e0eb983806404d661e7393c5953601,tcc-microservices-experiment-auth-1,0.02,81484841,1073741824,7.59,3,45.5kB / 40.3kB,12.5MB / 65.5kB
27,2026-09-10T07:01:14.987760+00:00,55,2026-09-10T07:01:14.605547+00:00,false,microservices,gateway,4a86f2c4f35e641c70a216fb3942e2e2a06ba3c987fedb775befbfac0e5a03da,tcc-microservices-experiment-gateway-1,35.7,475424358,536870912,88.55,81,36.6MB / 40.6MB,32.5MB / 209kB
27,2026-09-10T07:01:14.987760+00:00,55,2026-09-10T07:01:14.605547+00:00,false,microservices,mysql,e3d0a116828b07ac14a3743d0230676c63e99bce1b5e6a964aa18082c25b8698,tcc-microservices-experiment-mysql-1,27.8,545259520,1073741824,50.78,40,15.4MB / 44.3MB,49.8MB / 114MB
27,2026-09-10T07:01:14.987760+00:00,55,2026-09-10T07:01:14.605547+00:00,false,microservices,order,1be9875d846c06a88bcb8756c80d53b9f409e8f9c12c98bc833c1a772bc56d8f,tcc-microservices-experiment-order-1,83.13,82302730,1073741824,7.66,3,52.1MB / 47.1MB,8.25MB / 77.8kB
27,2026-09-10T07:01:14.987760+00:00,55,2026-09-10T07:01:14.605547+00:00,false,microservices,product,0dc488dbae88d87fdb28897f6611f3a28d52251e19505075080aef698a7d01f2,tcc-microservices-experiment-product-1,0.02,80750838,1073741824,7.52,3,416kB / 282kB,10.1MB / 81.9kB
28,2026-09-10T07:01:15.987745+00:00,57,2026-09-10T07:01:15.605379+00:00,false,microservices,auth,981e9889d2e0fd62c0a5bd49bed8f89d99e0eb983806404d661e7393c5953601,tcc-microservices-experiment-auth-1,0.02,81484841,1073741824,7.59,3,45.5kB / 40.3kB,12.5MB / 65.5kB
28,2026-09-10T07:01:15.987745+00:00,57,2026-09-10T07:01:15.605379+00:00,false,microservices,gateway,4a86f2c4f35e641c70a216fb3942e2e2a06ba3c987fedb775befbfac0e5a03da,tcc-microservices-experiment-gateway-1,30.21,475319501,536870912,88.54,81,37.4MB / 41.4MB,32.5MB / 209kB
28,2026-09-10T07:01:15.987745+00:00,57,2026-09-10T07:01:15.605379+00:00,false,microservices,mysql,e3d0a116828b07ac14a3743d0230676c63e99bce1b5e6a964aa18082c25b8698,tcc-microservices-experiment-mysql-1,24.81,544944947,1073741824,50.76,40,15.6MB / 45.1MB,49.8MB / 114MB
28,2026-09-10T07:01:15.987745+00:00,57,2026-09-10T07:01:15.605379+00:00,false,microservices,order,1be9875d846c06a88bcb8756c80d53b9f409e8f9c12c98bc833c1a772bc56d8f,tcc-microservices-experiment-order-1,81.13,82365645,1073741824,7.67,3,53MB / 47.9MB,8.25MB / 77.8kB
28,2026-09-10T07:01:15.987745+00:00,57,2026-09-10T07:01:15.605379+00:00,false,microservices,product,0dc488dbae88d87fdb28897f6611f3a28d52251e19505075080aef698a7d01f2,tcc-microservices-experiment-product-1,0.02,80750838,1073741824,7.52,3,416kB / 282kB,10.1MB / 81.9kB
29,2026-09-10T07:01:16.987746+00:00,59,2026-09-10T07:01:16.605595+00:00,false,microservices,auth,981e9889d2e0fd62c0a5bd49bed8f89d99e0eb983806404d661e7393c5953601,tcc-microservices-experiment-auth-1,0.02,81484841,1073741824,7.59,3,45.5kB / 40.3kB,12.5MB / 65.5kB
29,2026-09-10T07:01:16.987746+00:00,59,2026-09-10T07:01:16.605595+00:00,false,microservices,gateway,4a86f2c4f35e641c70a216fb3942e2e2a06ba3c987fedb775befbfac0e5a03da,tcc-microservices-experiment-gateway-1,31.24,474690355,536870912,88.43,81,38.1MB / 42.2MB,32.5MB / 209kB
29,2026-09-10T07:01:16.987746+00:00,59,2026-09-10T07:01:16.605595+00:00,false,microservices,mysql,e3d0a116828b07ac14a3743d0230676c63e99bce1b5e6a964aa18082c25b8698,tcc-microservices-experiment-mysql-1,28.86,545259520,1073741824,50.78,40,15.8MB / 45.8MB,49.8MB / 114MB
29,2026-09-10T07:01:16.987746+00:00,59,2026-09-10T07:01:16.605595+00:00,false,microservices,order,1be9875d846c06a88bcb8756c80d53b9f409e8f9c12c98bc833c1a772bc56d8f,tcc-microservices-experiment-order-1,81.25,82072044,1073741824,7.64,3,54MB / 48.8MB,8.25MB / 77.8kB
29,2026-09-10T07:01:16.987746+00:00,59,2026-09-10T07:01:16.605595+00:00,false,microservices,product,0dc488dbae88d87fdb28897f6611f3a28d52251e19505075080aef698a7d01f2,tcc-microservices-experiment-product-1,0.02,80750838,1073741824,7.52,3,416kB / 282kB,10.1MB / 81.9kB
30,2026-09-10T07:01:17.987740+00:00,61,2026-09-10T07:01:17.605201+00:00,false,microservices,auth,981e9889d2e0fd62c0a5bd49bed8f89d99e0eb983806404d661e7393c5953601,tcc-microservices-experiment-auth-1,0.02,81484841,1073741824,7.59,3,45.5kB / 40.3kB,12.5MB / 65.5kB
30,2026-09-10T07:01:17.987740+00:00,61,2026-09-10T07:01:17.605201+00:00,false,microservices,gateway,4a86f2c4f35e641c70a216fb3942e2e2a06ba3c987fedb775befbfac0e5a03da,tcc-microservices-experiment-gateway-1,36.51,475529216,536870912,88.57,81,38.8MB / 43MB,32.5MB / 209kB
30,2026-09-10T07:01:17.987740+00:00,61,2026-09-10T07:01:17.605201+00:00,false,microservices,mysql,e3d0a116828b07ac14a3743d0230676c63e99bce1b5e6a964aa18082c25b8698,tcc-microservices-experiment-mysql-1,23.82,544735232,1073741824,50.73,40,16.1MB / 46.6MB,49.8MB / 114MB
30,2026-09-10T07:01:17.987740+00:00,61,2026-09-10T07:01:17.605201+00:00,false,microservices,order,1be9875d846c06a88bcb8756c80d53b9f409e8f9c12c98bc833c1a772bc56d8f,tcc-microservices-experiment-order-1,82.52,83194020,1073741824,7.75,3,54.9MB / 49.6MB,8.25MB / 77.8kB
30,2026-09-10T07:01:17.987740+00:00,61,2026-09-10T07:01:17.605201+00:00,false,microservices,product,0dc488dbae88d87fdb28897f6611f3a28d52251e19505075080aef698a7d01f2,tcc-microservices-experiment-product-1,0.01,80750838,1073741824,7.52,3,416kB / 282kB,10.1MB / 81.9kB
31,2026-09-10T07:01:18.987744+00:00,63,2026-09-10T07:01:18.605534+00:00,false,microservices,auth,981e9889d2e0fd62c0a5bd49bed8f89d99e0eb983806404d661e7393c5953601,tcc-microservices-experiment-auth-1,0.02,81484841,1073741824,7.59,3,45.5kB / 40.3kB,12.5MB / 65.5kB
31,2026-09-10T07:01:18.987744+00:00,63,2026-09-10T07:01:18.605534+00:00,false,microservices,gateway,4a86f2c4f35e641c70a216fb3942e2e2a06ba3c987fedb775befbfac0e5a03da,tcc-microservices-experiment-gateway-1,49.5,475529216,536870912,88.57,81,39.5MB / 43.8MB,32.5MB / 209kB
31,2026-09-10T07:01:18.987744+00:00,63,2026-09-10T07:01:18.605534+00:00,false,microservices,mysql,e3d0a116828b07ac14a3743d0230676c63e99bce1b5e6a964aa18082c25b8698,tcc-microservices-experiment-mysql-1,29.08,544630374,1073741824,50.72,40,16.3MB / 47.3MB,49.8MB / 114MB
31,2026-09-10T07:01:18.987744+00:00,63,2026-09-10T07:01:18.605534+00:00,false,microservices,order,1be9875d846c06a88bcb8756c80d53b9f409e8f9c12c98bc833c1a772bc56d8f,tcc-microservices-experiment-order-1,81.49,82764104,1073741824,7.71,3,55.8MB / 50.5MB,8.25MB / 77.8kB
31,2026-09-10T07:01:18.987744+00:00,63,2026-09-10T07:01:18.605534+00:00,false,microservices,product,0dc488dbae88d87fdb28897f6611f3a28d52251e19505075080aef698a7d01f2,tcc-microservices-experiment-product-1,0.02,80750838,1073741824,7.52,3,416kB / 282kB,10.1MB / 81.9kB
32,2026-09-10T07:01:19.987731+00:00,65,2026-09-10T07:01:19.606113+00:00,false,microservices,auth,981e9889d2e0fd62c0a5bd49bed8f89d99e0eb983806404d661e7393c5953601,tcc-microservices-experiment-auth-1,0.02,81484841,1073741824,7.59,3,45.5kB / 40.3kB,12.5MB / 65.5kB
32,2026-09-10T07:01:19.987731+00:00,65,2026-09-10T07:01:19.606113+00:00,false,microservices,gateway,4a86f2c4f35e641c70a216fb3942e2e2a06ba3c987fedb775befbfac0e5a03da,tcc-microservices-experiment-gateway-1,36.26,475424358,536870912,88.56,81,40.2MB / 44.6MB,32.5MB / 209kB
32,2026-09-10T07:01:19.987731+00:00,65,2026-09-10T07:01:19.606113+00:00,false,microservices,mysql,e3d0a116828b07ac14a3743d0230676c63e99bce1b5e6a964aa18082c25b8698,tcc-microservices-experiment-mysql-1,25.42,545154662,1073741824,50.77,40,16.5MB / 48.1MB,49.8MB / 114MB
32,2026-09-10T07:01:19.987731+00:00,65,2026-09-10T07:01:19.606113+00:00,false,microservices,order,1be9875d846c06a88bcb8756c80d53b9f409e8f9c12c98bc833c1a772bc56d8f,tcc-microservices-experiment-order-1,80.82,82093015,1073741824,7.65,3,56.7MB / 51.3MB,8.25MB / 77.8kB
32,2026-09-10T07:01:19.987731+00:00,65,2026-09-10T07:01:19.606113+00:00,false,microservices,product,0dc488dbae88d87fdb28897f6611f3a28d52251e19505075080aef698a7d01f2,tcc-microservices-experiment-product-1,0.02,80750838,1073741824,7.52,3,416kB / 282kB,10.1MB / 81.9kB
33,2026-09-10T07:01:20.987746+00:00,67,2026-09-10T07:01:20.605394+00:00,false,microservices,auth,981e9889d2e0fd62c0a5bd49bed8f89d99e0eb983806404d661e7393c5953601,tcc-microservices-experiment-auth-1,0.02,81484841,1073741824,7.59,3,45.5kB / 40.3kB,12.5MB / 65.5kB
33,2026-09-10T07:01:20.987746+00:00,67,2026-09-10T07:01:20.605394+00:00,false,microservices,gateway,4a86f2c4f35e641c70a216fb3942e2e2a06ba3c987fedb775befbfac0e5a03da,tcc-microservices-experiment-gateway-1,48.05,475634074,536870912,88.6,81,41MB / 45.4MB,32.5MB / 209kB
33,2026-09-10T07:01:20.987746+00:00,67,2026-09-10T07:01:20.605394+00:00,false,microservices,mysql,e3d0a116828b07ac14a3743d0230676c63e99bce1b5e6a964aa18082c25b8698,tcc-microservices-experiment-mysql-1,30.09,545154662,1073741824,50.77,40,16.7MB / 48.8MB,49.8MB / 114MB
33,2026-09-10T07:01:20.987746+00:00,67,2026-09-10T07:01:20.605394+00:00,false,microservices,order,1be9875d846c06a88bcb8756c80d53b9f409e8f9c12c98bc833c1a772bc56d8f,tcc-microservices-experiment-order-1,80.31,81872814,1073741824,7.63,3,57.6MB / 52.1MB,8.25MB / 77.8kB
33,2026-09-10T07:01:20.987746+00:00,67,2026-09-10T07:01:20.605394+00:00,false,microservices,product,0dc488dbae88d87fdb28897f6611f3a28d52251e19505075080aef698a7d01f2,tcc-microservices-experiment-product-1,0.02,80750838,1073741824,7.52,3,416kB / 282kB,10.1MB / 81.9kB
34,2026-09-10T07:01:21.987744+00:00,69,2026-09-10T07:01:21.605577+00:00,false,microservices,auth,981e9889d2e0fd62c0a5bd49bed8f89d99e0eb983806404d661e7393c5953601,tcc-microservices-experiment-auth-1,0.02,81484841,1073741824,7.59,3,45.5kB / 40.3kB,12.5MB / 65.5kB
34,2026-09-10T07:01:21.987744+00:00,69,2026-09-10T07:01:21.605577+00:00,false,microservices,gateway,4a86f2c4f35e641c70a216fb3942e2e2a06ba3c987fedb775befbfac0e5a03da,tcc-microservices-experiment-gateway-1,51.04,475843789,536870912,88.64,81,41.7MB / 46.2MB,32.5MB / 209kB
34,2026-09-10T07:01:21.987744+00:00,69,2026-09-10T07:01:21.605577+00:00,false,microservices,mysql,e3d0a116828b07ac14a3743d0230676c63e99bce1b5e6a964aa18082c25b8698,tcc-microservices-experiment-mysql-1,24.38,544944947,1073741824,50.75,40,16.9MB / 49.6MB,49.8MB / 114MB
34,2026-09-10T07:01:21.987744+00:00,69,2026-09-10T07:01:21.605577+00:00,false,microservices,order,1be9875d846c06a88bcb8756c80d53b9f409e8f9c12c98bc833c1a772bc56d8f,tcc-microservices-experiment-order-1,81.38,82355159,1073741824,7.67,3,58.6MB / 53MB,8.25MB / 77.8kB
34,2026-09-10T07:01:21.987744+00:00,69,2026-09-10T07:01:21.605577+00:00,false,microservices,product,0dc488dbae88d87fdb28897f6611f3a28d52251e19505075080aef698a7d01f2,tcc-microservices-experiment-product-1,0.02,80750838,1073741824,7.52,3,416kB / 282kB,10.1MB / 81.9kB
35,2026-09-10T07:01:22.987712+00:00,71,2026-09-10T07:01:22.605581+00:00,false,microservices,auth,981e9889d2e0fd62c0a5bd49bed8f89d99e0eb983806404d661e7393c5953601,tcc-microservices-experiment-auth-1,0.02,81484841,1073741824,7.59,3,45.5kB / 40.3kB,12.5MB / 65.5kB
35,2026-09-10T07:01:22.987712+00:00,71,2026-09-10T07:01:22.605581+00:00,false,microservices,gateway,4a86f2c4f35e641c70a216fb3942e2e2a06ba3c987fedb775befbfac0e5a03da,tcc-microservices-experiment-gateway-1,32.12,475843789,536870912,88.63,81,42.4MB / 47MB,32.5MB / 209kB
35,2026-09-10T07:01:22.987712+00:00,71,2026-09-10T07:01:22.605581+00:00,false,microservices,mysql,e3d0a116828b07ac14a3743d0230676c63e99bce1b5e6a964aa18082c25b8698,tcc-microservices-experiment-mysql-1,28.93,545678950,1073741824,50.82,40,17.1MB / 50.4MB,49.8MB / 114MB
35,2026-09-10T07:01:22.987712+00:00,71,2026-09-10T07:01:22.605581+00:00,false,microservices,order,1be9875d846c06a88bcb8756c80d53b9f409e8f9c12c98bc833c1a772bc56d8f,tcc-microservices-experiment-order-1,81.56,82785075,1073741824,7.71,3,59.5MB / 53.9MB,8.25MB / 77.8kB
35,2026-09-10T07:01:22.987712+00:00,71,2026-09-10T07:01:22.605581+00:00,false,microservices,product,0dc488dbae88d87fdb28897f6611f3a28d52251e19505075080aef698a7d01f2,tcc-microservices-experiment-product-1,0.02,80750838,1073741824,7.52,3,416kB / 282kB,10.1MB / 81.9kB
36,2026-09-10T07:01:23.987746+00:00,73,2026-09-10T07:01:23.605730+00:00,false,microservices,auth,981e9889d2e0fd62c0a5bd49bed8f89d99e0eb983806404d661e7393c5953601,tcc-microservices-experiment-auth-1,0.02,79209431,1073741824,7.38,3,45.5kB / 40.3kB,12.5MB / 65.5kB
36,2026-09-10T07:01:23.987746+00:00,73,2026-09-10T07:01:23.605730+00:00,false,microservices,gateway,4a86f2c4f35e641c70a216fb3942e2e2a06ba3c987fedb775befbfac0e5a03da,tcc-microservices-experiment-gateway-1,37.32,463994880,536870912,86.42,81,43.1MB / 47.8MB,32.5MB / 209kB
36,2026-09-10T07:01:23.987746+00:00,73,2026-09-10T07:01:23.605730+00:00,false,microservices,mysql,e3d0a116828b07ac14a3743d0230676c63e99bce1b5e6a964aa18082c25b8698,tcc-microservices-experiment-mysql-1,24.96,540750643,1073741824,50.36,40,17.4MB / 51.1MB,49.8MB / 114MB
36,2026-09-10T07:01:23.987746+00:00,73,2026-09-10T07:01:23.605730+00:00,false,microservices,order,1be9875d846c06a88bcb8756c80d53b9f409e8f9c12c98bc833c1a772bc56d8f,tcc-microservices-experiment-order-1,82.72,82397102,1073741824,7.67,3,60.4MB / 54.7MB,8.25MB / 77.8kB
36,2026-09-10T07:01:23.987746+00:00,73,2026-09-10T07:01:23.605730+00:00,false,microservices,product,0dc488dbae88d87fdb28897f6611f3a28d52251e19505075080aef698a7d01f2,tcc-microservices-experiment-product-1,0.02,78601257,1073741824,7.32,3,416kB / 282kB,10.1MB / 81.9kB
37,2026-09-10T07:01:24.987716+00:00,75,2026-09-10T07:01:24.605027+00:00,false,microservices,auth,981e9889d2e0fd62c0a5bd49bed8f89d99e0eb983806404d661e7393c5953601,tcc-microservices-experiment-auth-1,0.02,79209431,1073741824,7.38,3,45.5kB / 40.3kB,12.5MB / 65.5kB
37,2026-09-10T07:01:24.987716+00:00,75,2026-09-10T07:01:24.605027+00:00,false,microservices,gateway,4a86f2c4f35e641c70a216fb3942e2e2a06ba3c987fedb775befbfac0e5a03da,tcc-microservices-experiment-gateway-1,49.99,464728883,536870912,86.56,81,43.9MB / 48.6MB,32.5MB / 225kB
37,2026-09-10T07:01:24.987716+00:00,75,2026-09-10T07:01:24.605027+00:00,false,microservices,mysql,e3d0a116828b07ac14a3743d0230676c63e99bce1b5e6a964aa18082c25b8698,tcc-microservices-experiment-mysql-1,28.47,541694362,1073741824,50.45,40,17.6MB / 51.9MB,51.6MB / 114MB
37,2026-09-10T07:01:24.987716+00:00,75,2026-09-10T07:01:24.605027+00:00,false,microservices,order,1be9875d846c06a88bcb8756c80d53b9f409e8f9c12c98bc833c1a772bc56d8f,tcc-microservices-experiment-order-1,82.95,82774589,1073741824,7.71,3,61.4MB / 55.5MB,8.25MB / 77.8kB
37,2026-09-10T07:01:24.987716+00:00,75,2026-09-10T07:01:24.605027+00:00,false,microservices,product,0dc488dbae88d87fdb28897f6611f3a28d52251e19505075080aef698a7d01f2,tcc-microservices-experiment-product-1,0.02,78601257,1073741824,7.32,3,416kB / 282kB,10.1MB / 81.9kB
38,2026-09-10T07:01:25.987738+00:00,77,2026-09-10T07:01:25.605228+00:00,false,microservices,auth,981e9889d2e0fd62c0a5bd49bed8f89d99e0eb983806404d661e7393c5953601,tcc-microservices-experiment-auth-1,0.02,79209431,1073741824,7.38,3,45.5kB / 40.3kB,12.5MB / 65.5kB
38,2026-09-10T07:01:25.987738+00:00,77,2026-09-10T07:01:25.605228+00:00,false,microservices,gateway,4a86f2c4f35e641c70a216fb3942e2e2a06ba3c987fedb775befbfac0e5a03da,tcc-microservices-experiment-gateway-1,28.54,464204595,536870912,86.46,81,44.6MB / 49.4MB,32.5MB / 225kB
38,2026-09-10T07:01:25.987738+00:00,77,2026-09-10T07:01:25.605228+00:00,false,microservices,mysql,e3d0a116828b07ac14a3743d0230676c63e99bce1b5e6a964aa18082c25b8698,tcc-microservices-experiment-mysql-1,24.49,541904077,1073741824,50.47,40,17.8MB / 52.7MB,51.6MB / 114MB
38,2026-09-10T07:01:25.987738+00:00,77,2026-09-10T07:01:25.605228+00:00,false,microservices,order,1be9875d846c06a88bcb8756c80d53b9f409e8f9c12c98bc833c1a772bc56d8f,tcc-microservices-experiment-order-1,81.72,82889933,1073741824,7.72,3,62.3MB / 56.4MB,8.25MB / 77.8kB
38,2026-09-10T07:01:25.987738+00:00,77,2026-09-10T07:01:25.605228+00:00,false,microservices,product,0dc488dbae88d87fdb28897f6611f3a28d52251e19505075080aef698a7d01f2,tcc-microservices-experiment-product-1,0.01,78601257,1073741824,7.32,3,416kB / 282kB,10.1MB / 81.9kB
39,2026-09-10T07:01:26.987741+00:00,79,2026-09-10T07:01:26.605221+00:00,false,microservices,auth,981e9889d2e0fd62c0a5bd49bed8f89d99e0eb983806404d661e7393c5953601,tcc-microservices-experiment-auth-1,0.02,79209431,1073741824,7.38,3,45.5kB / 40.3kB,12.5MB / 65.5kB
39,2026-09-10T07:01:26.987741+00:00,79,2026-09-10T07:01:26.605221+00:00,false,microservices,gateway,4a86f2c4f35e641c70a216fb3942e2e2a06ba3c987fedb775befbfac0e5a03da,tcc-microservices-experiment-gateway-1,29.09,464938598,536870912,86.6,81,45.3MB / 50.2MB,32.5MB / 225kB
39,2026-09-10T07:01:26.987741+00:00,79,2026-09-10T07:01:26.605221+00:00,false,microservices,mysql,e3d0a116828b07ac14a3743d0230676c63e99bce1b5e6a964aa18082c25b8698,tcc-microservices-experiment-mysql-1,28.89,542218650,1073741824,50.5,40,18MB / 53.5MB,51.6MB / 114MB
39,2026-09-10T07:01:26.987741+00:00,79,2026-09-10T07:01:26.605221+00:00,false,microservices,order,1be9875d846c06a88bcb8756c80d53b9f409e8f9c12c98bc833c1a772bc56d8f,tcc-microservices-experiment-order-1,81.57,83361792,1073741824,7.76,3,63.2MB / 57.3MB,8.25MB / 77.8kB
39,2026-09-10T07:01:26.987741+00:00,79,2026-09-10T07:01:26.605221+00:00,false,microservices,product,0dc488dbae88d87fdb28897f6611f3a28d52251e19505075080aef698a7d01f2,tcc-microservices-experiment-product-1,0.02,78601257,1073741824,7.32,3,416kB / 282kB,10.1MB / 81.9kB
40,2026-09-10T07:01:27.987707+00:00,81,2026-09-10T07:01:27.605451+00:00,false,microservices,auth,981e9889d2e0fd62c0a5bd49bed8f89d99e0eb983806404d661e7393c5953601,tcc-microservices-experiment-auth-1,0.02,79209431,1073741824,7.38,3,45.5kB / 40.3kB,12.5MB / 65.5kB
40,2026-09-10T07:01:27.987707+00:00,81,2026-09-10T07:01:27.605451+00:00,false,microservices,gateway,4a86f2c4f35e641c70a216fb3942e2e2a06ba3c987fedb775befbfac0e5a03da,tcc-microservices-experiment-gateway-1,40.03,464519168,536870912,86.52,81,46MB / 51MB,32.5MB / 225kB
40,2026-09-10T07:01:27.987707+00:00,81,2026-09-10T07:01:27.605451+00:00,false,microservices,mysql,e3d0a116828b07ac14a3743d0230676c63e99bce1b5e6a964aa18082c25b8698,tcc-microservices-experiment-mysql-1,25.39,542218650,1073741824,50.5,40,18.2MB / 54.2MB,51.6MB / 114MB
40,2026-09-10T07:01:27.987707+00:00,81,2026-09-10T07:01:27.605451+00:00,false,microservices,order,1be9875d846c06a88bcb8756c80d53b9f409e8f9c12c98bc833c1a772bc56d8f,tcc-microservices-experiment-order-1,80.62,82963333,1073741824,7.73,3,64.1MB / 58.1MB,8.25MB / 77.8kB
40,2026-09-10T07:01:27.987707+00:00,81,2026-09-10T07:01:27.605451+00:00,false,microservices,product,0dc488dbae88d87fdb28897f6611f3a28d52251e19505075080aef698a7d01f2,tcc-microservices-experiment-product-1,0.02,78601257,1073741824,7.32,3,416kB / 282kB,10.1MB / 81.9kB
41,2026-09-10T07:01:28.987747+00:00,83,2026-09-10T07:01:28.605103+00:00,false,microservices,auth,981e9889d2e0fd62c0a5bd49bed8f89d99e0eb983806404d661e7393c5953601,tcc-microservices-experiment-auth-1,0.02,79209431,1073741824,7.38,3,45.5kB / 40.3kB,12.5MB / 65.5kB
41,2026-09-10T07:01:28.987747+00:00,83,2026-09-10T07:01:28.605103+00:00,false,microservices,gateway,4a86f2c4f35e641c70a216fb3942e2e2a06ba3c987fedb775befbfac0e5a03da,tcc-microservices-experiment-gateway-1,41.78,464099738,536870912,86.44,81,46.8MB / 51.8MB,32.5MB / 225kB
41,2026-09-10T07:01:28.987747+00:00,83,2026-09-10T07:01:28.605103+00:00,false,microservices,mysql,e3d0a116828b07ac14a3743d0230676c63e99bce1b5e6a964aa18082c25b8698,tcc-microservices-experiment-mysql-1,29.2,542218650,1073741824,50.5,40,18.4MB / 55MB,51.6MB / 114MB
41,2026-09-10T07:01:28.987747+00:00,83,2026-09-10T07:01:28.605103+00:00,false,microservices,order,1be9875d846c06a88bcb8756c80d53b9f409e8f9c12c98bc833c1a772bc56d8f,tcc-microservices-experiment-order-1,80.66,82743132,1073741824,7.71,3,65.1MB / 59MB,8.25MB / 77.8kB
41,2026-09-10T07:01:28.987747+00:00,83,2026-09-10T07:01:28.605103+00:00,false,microservices,product,0dc488dbae88d87fdb28897f6611f3a28d52251e19505075080aef698a7d01f2,tcc-microservices-experiment-product-1,0.02,78601257,1073741824,7.32,3,416kB / 282kB,10.1MB / 81.9kB
42,2026-09-10T07:01:29.987734+00:00,85,2026-09-10T07:01:29.604746+00:00,false,microservices,auth,981e9889d2e0fd62c0a5bd49bed8f89d99e0eb983806404d661e7393c5953601,tcc-microservices-experiment-auth-1,0.02,79209431,1073741824,7.38,3,45.5kB / 40.3kB,12.5MB / 65.5kB
42,2026-09-10T07:01:29.987734+00:00,85,2026-09-10T07:01:29.604746+00:00,false,microservices,gateway,4a86f2c4f35e641c70a216fb3942e2e2a06ba3c987fedb775befbfac0e5a03da,tcc-microservices-experiment-gateway-1,46.46,464938598,536870912,86.59,81,47.5MB / 52.6MB,32.5MB / 225kB
42,2026-09-10T07:01:29.987734+00:00,85,2026-09-10T07:01:29.604746+00:00,false,microservices,mysql,e3d0a116828b07ac14a3743d0230676c63e99bce1b5e6a964aa18082c25b8698,tcc-microservices-experiment-mysql-1,25.63,541799219,1073741824,50.46,40,18.7MB / 55.7MB,51.6MB / 114MB
42,2026-09-10T07:01:29.987734+00:00,85,2026-09-10T07:01:29.604746+00:00,false,microservices,order,1be9875d846c06a88bcb8756c80d53b9f409e8f9c12c98bc833c1a772bc56d8f,tcc-microservices-experiment-order-1,80.48,83456164,1073741824,7.77,3,66MB / 59.8MB,8.25MB / 77.8kB
42,2026-09-10T07:01:29.987734+00:00,85,2026-09-10T07:01:29.604746+00:00,false,microservices,product,0dc488dbae88d87fdb28897f6611f3a28d52251e19505075080aef698a7d01f2,tcc-microservices-experiment-product-1,0.02,78601257,1073741824,7.32,3,416kB / 282kB,10.1MB / 81.9kB
43,2026-09-10T07:01:30.987740+00:00,87,2026-09-10T07:01:30.605379+00:00,false,microservices,auth,981e9889d2e0fd62c0a5bd49bed8f89d99e0eb983806404d661e7393c5953601,tcc-microservices-experiment-auth-1,0.02,79209431,1073741824,7.38,3,45.5kB / 40.3kB,12.5MB / 65.5kB
43,2026-09-10T07:01:30.987740+00:00,87,2026-09-10T07:01:30.605379+00:00,false,microservices,gateway,4a86f2c4f35e641c70a216fb3942e2e2a06ba3c987fedb775befbfac0e5a03da,tcc-microservices-experiment-gateway-1,36.03,465253171,536870912,86.66,81,48.2MB / 53.4MB,32.5MB / 225kB
43,2026-09-10T07:01:30.987740+00:00,87,2026-09-10T07:01:30.605379+00:00,false,microservices,mysql,e3d0a116828b07ac14a3743d0230676c63e99bce1b5e6a964aa18082c25b8698,tcc-microservices-experiment-mysql-1,30.07,542323507,1073741824,50.5,40,18.9MB / 56.5MB,51.6MB / 114MB
43,2026-09-10T07:01:30.987740+00:00,87,2026-09-10T07:01:30.605379+00:00,false,microservices,order,1be9875d846c06a88bcb8756c80d53b9f409e8f9c12c98bc833c1a772bc56d8f,tcc-microservices-experiment-order-1,80.14,82963333,1073741824,7.73,3,66.9MB / 60.6MB,8.25MB / 77.8kB
43,2026-09-10T07:01:30.987740+00:00,87,2026-09-10T07:01:30.605379+00:00,false,microservices,product,0dc488dbae88d87fdb28897f6611f3a28d52251e19505075080aef698a7d01f2,tcc-microservices-experiment-product-1,0.02,78601257,1073741824,7.32,3,416kB / 282kB,10.1MB / 81.9kB
44,2026-09-10T07:01:31.987741+00:00,89,2026-09-10T07:01:31.604547+00:00,false,microservices,auth,981e9889d2e0fd62c0a5bd49bed8f89d99e0eb983806404d661e7393c5953601,tcc-microservices-experiment-auth-1,0.02,79209431,1073741824,7.38,3,45.5kB / 40.3kB,12.5MB / 65.5kB
44,2026-09-10T07:01:31.987741+00:00,89,2026-09-10T07:01:31.604547+00:00,false,microservices,gateway,4a86f2c4f35e641c70a216fb3942e2e2a06ba3c987fedb775befbfac0e5a03da,tcc-microservices-experiment-gateway-1,27.5,464938598,536870912,86.6,81,48.9MB / 54.2MB,32.5MB / 225kB
44,2026-09-10T07:01:31.987741+00:00,89,2026-09-10T07:01:31.604547+00:00,false,microservices,mysql,e3d0a116828b07ac14a3743d0230676c63e99bce1b5e6a964aa18082c25b8698,tcc-microservices-experiment-mysql-1,24.51,542323507,1073741824,50.5,40,19.1MB / 57.3MB,51.6MB / 114MB
44,2026-09-10T07:01:31.987741+00:00,89,2026-09-10T07:01:31.604547+00:00,false,microservices,order,1be9875d846c06a88bcb8756c80d53b9f409e8f9c12c98bc833c1a772bc56d8f,tcc-microservices-experiment-order-1,81.32,82743132,1073741824,7.71,3,67.8MB / 61.5MB,8.25MB / 77.8kB
44,2026-09-10T07:01:31.987741+00:00,89,2026-09-10T07:01:31.604547+00:00,false,microservices,product,0dc488dbae88d87fdb28897f6611f3a28d52251e19505075080aef698a7d01f2,tcc-microservices-experiment-product-1,0.02,78601257,1073741824,7.32,3,416kB / 282kB,10.1MB / 81.9kB
45,2026-09-10T07:01:32.987725+00:00,91,2026-09-10T07:01:32.605030+00:00,false,microservices,auth,981e9889d2e0fd62c0a5bd49bed8f89d99e0eb983806404d661e7393c5953601,tcc-microservices-experiment-auth-1,0.02,79209431,1073741824,7.38,3,45.5kB / 40.3kB,12.5MB / 65.5kB
45,2026-09-10T07:01:32.987725+00:00,91,2026-09-10T07:01:32.605030+00:00,false,microservices,gateway,4a86f2c4f35e641c70a216fb3942e2e2a06ba3c987fedb775befbfac0e5a03da,tcc-microservices-experiment-gateway-1,28.19,465672602,536870912,86.75,81,49.7MB / 55MB,32.5MB / 225kB
45,2026-09-10T07:01:32.987725+00:00,91,2026-09-10T07:01:32.605030+00:00,false,microservices,mysql,e3d0a116828b07ac14a3743d0230676c63e99bce1b5e6a964aa18082c25b8698,tcc-microservices-experiment-mysql-1,28.88,542533222,1073741824,50.53,40,19.3MB / 58MB,51.6MB / 114MB
45,2026-09-10T07:01:32.987725+00:00,91,2026-09-10T07:01:32.605030+00:00,false,microservices,order,1be9875d846c06a88bcb8756c80d53b9f409e8f9c12c98bc833c1a772bc56d8f,tcc-microservices-experiment-order-1,81.96,82827018,1073741824,7.71,3,68.8MB / 62.4MB,8.25MB / 77.8kB
45,2026-09-10T07:01:32.987725+00:00,91,2026-09-10T07:01:32.605030+00:00,false,microservices,product,0dc488dbae88d87fdb28897f6611f3a28d52251e19505075080aef698a7d01f2,tcc-microservices-experiment-product-1,0.02,78601257,1073741824,7.32,3,416kB / 282kB,10.1MB / 81.9kB
46,2026-09-10T07:01:33.987740+00:00,93,2026-09-10T07:01:33.604672+00:00,false,microservices,auth,981e9889d2e0fd62c0a5bd49bed8f89d99e0eb983806404d661e7393c5953601,tcc-microservices-experiment-auth-1,0.02,79209431,1073741824,7.38,3,45.5kB / 40.3kB,12.5MB / 65.5kB
46,2026-09-10T07:01:33.987740+00:00,93,2026-09-10T07:01:33.604672+00:00,false,microservices,gateway,4a86f2c4f35e641c70a216fb3942e2e2a06ba3c987fedb775befbfac0e5a03da,tcc-microservices-experiment-gateway-1,27.56,464938598,536870912,86.61,81,50.4MB / 55.9MB,32.5MB / 225kB
46,2026-09-10T07:01:33.987740+00:00,93,2026-09-10T07:01:33.604672+00:00,false,microservices,mysql,e3d0a116828b07ac14a3743d0230676c63e99bce1b5e6a964aa18082c25b8698,tcc-microservices-experiment-mysql-1,24.81,542218650,1073741824,50.5,40,19.5MB / 58.8MB,51.6MB / 114MB
46,2026-09-10T07:01:33.987740+00:00,93,2026-09-10T07:01:33.604672+00:00,false,microservices,order,1be9875d846c06a88bcb8756c80d53b9f409e8f9c12c98bc833c1a772bc56d8f,tcc-microservices-experiment-order-1,80.79,82596332,1073741824,7.69,3,69.7MB / 63.2MB,8.25MB / 77.8kB
46,2026-09-10T07:01:33.987740+00:00,93,2026-09-10T07:01:33.604672+00:00,false,microservices,product,0dc488dbae88d87fdb28897f6611f3a28d52251e19505075080aef698a7d01f2,tcc-microservices-experiment-product-1,0.01,78601257,1073741824,7.32,3,416kB / 282kB,10.1MB / 81.9kB
47,2026-09-10T07:01:34.987725+00:00,95,2026-09-10T07:01:34.605059+00:00,false,microservices,auth,981e9889d2e0fd62c0a5bd49bed8f89d99e0eb983806404d661e7393c5953601,tcc-microservices-experiment-auth-1,0.02,79209431,1073741824,7.38,3,45.5kB / 40.3kB,12.5MB / 65.5kB
47,2026-09-10T07:01:34.987725+00:00,95,2026-09-10T07:01:34.605059+00:00,false,microservices,gateway,4a86f2c4f35e641c70a216fb3942e2e2a06ba3c987fedb775befbfac0e5a03da,tcc-microservices-experiment-gateway-1,27.75,465253171,536870912,86.66,81,51.1MB / 56.7MB,32.5MB / 225kB
47,2026-09-10T07:01:34.987725+00:00,95,2026-09-10T07:01:34.605059+00:00,false,microservices,mysql,e3d0a116828b07ac14a3743d0230676c63e99bce1b5e6a964aa18082c25b8698,tcc-microservices-experiment-mysql-1,28.93,542533222,1073741824,50.53,40,19.8MB / 59.6MB,51.6MB / 114MB
47,2026-09-10T07:01:34.987725+00:00,95,2026-09-10T07:01:34.605059+00:00,false,microservices,order,1be9875d846c06a88bcb8756c80d53b9f409e8f9c12c98bc833c1a772bc56d8f,tcc-microservices-experiment-order-1,81.01,82816532,1073741824,7.71,3,70.7MB / 64.1MB,8.25MB / 77.8kB
47,2026-09-10T07:01:34.987725+00:00,95,2026-09-10T07:01:34.605059+00:00,false,microservices,product,0dc488dbae88d87fdb28897f6611f3a28d52251e19505075080aef698a7d01f2,tcc-microservices-experiment-product-1,0.02,78601257,1073741824,7.32,3,416kB / 282kB,10.1MB / 81.9kB
48,2026-09-10T07:01:35.987718+00:00,97,2026-09-10T07:01:35.604805+00:00,false,microservices,auth,981e9889d2e0fd62c0a5bd49bed8f89d99e0eb983806404d661e7393c5953601,tcc-microservices-experiment-auth-1,0.02,79209431,1073741824,7.38,3,45.5kB / 40.3kB,12.5MB / 65.5kB
48,2026-09-10T07:01:35.987718+00:00,97,2026-09-10T07:01:35.604805+00:00,false,microservices,gateway,4a86f2c4f35e641c70a216fb3942e2e2a06ba3c987fedb775befbfac0e5a03da,tcc-microservices-experiment-gateway-1,29.02,464728883,536870912,86.57,81,51.9MB / 57.5MB,32.5MB / 225kB
48,2026-09-10T07:01:35.987718+00:00,97,2026-09-10T07:01:35.604805+00:00,false,microservices,mysql,e3d0a116828b07ac14a3743d0230676c63e99bce1b5e6a964aa18082c25b8698,tcc-microservices-experiment-mysql-1,24.83,541904077,1073741824,50.47,40,20MB / 60.4MB,51.6MB / 114MB
48,2026-09-10T07:01:35.987718+00:00,97,2026-09-10T07:01:35.604805+00:00,false,microservices,order,1be9875d846c06a88bcb8756c80d53b9f409e8f9c12c98bc833c1a772bc56d8f,tcc-microservices-experiment-order-1,81.07,83078676,1073741824,7.74,3,71.6MB / 65MB,8.25MB / 77.8kB
48,2026-09-10T07:01:35.987718+00:00,97,2026-09-10T07:01:35.604805+00:00,false,microservices,product,0dc488dbae88d87fdb28897f6611f3a28d52251e19505075080aef698a7d01f2,tcc-microservices-experiment-product-1,0.02,78601257,1073741824,7.32,3,416kB / 282kB,10.1MB / 81.9kB
49,2026-09-10T07:01:36.987744+00:00,99,2026-09-10T07:01:36.605633+00:00,false,microservices,auth,981e9889d2e0fd62c0a5bd49bed8f89d99e0eb983806404d661e7393c5953601,tcc-microservices-experiment-auth-1,0.02,79209431,1073741824,7.38,3,45.5kB / 40.3kB,12.5MB / 65.5kB
49,2026-09-10T07:01:36.987744+00:00,99,2026-09-10T07:01:36.605633+00:00,false,microservices,gateway,4a86f2c4f35e641c70a216fb3942e2e2a06ba3c987fedb775befbfac0e5a03da,tcc-microservices-experiment-gateway-1,29.72,464938598,536870912,86.6,81,52.6MB / 58.3MB,32.5MB / 225kB
49,2026-09-10T07:01:36.987744+00:00,99,2026-09-10T07:01:36.605633+00:00,false,microservices,mysql,e3d0a116828b07ac14a3743d0230676c63e99bce1b5e6a964aa18082c25b8698,tcc-microservices-experiment-mysql-1,29.27,542533222,1073741824,50.53,40,20.2MB / 61.1MB,51.6MB / 114MB
49,2026-09-10T07:01:36.987744+00:00,99,2026-09-10T07:01:36.605633+00:00,false,microservices,order,1be9875d846c06a88bcb8756c80d53b9f409e8f9c12c98bc833c1a772bc56d8f,tcc-microservices-experiment-order-1,81.96,82460017,1073741824,7.68,3,72.5MB / 65.8MB,8.25MB / 77.8kB
49,2026-09-10T07:01:36.987744+00:00,99,2026-09-10T07:01:36.605633+00:00,false,microservices,product,0dc488dbae88d87fdb28897f6611f3a28d52251e19505075080aef698a7d01f2,tcc-microservices-experiment-product-1,0.02,78601257,1073741824,7.32,3,416kB / 282kB,10.1MB / 81.9kB
50,2026-09-10T07:01:37.987745+00:00,101,2026-09-10T07:01:37.605323+00:00,false,microservices,auth,981e9889d2e0fd62c0a5bd49bed8f89d99e0eb983806404d661e7393c5953601,tcc-microservices-experiment-auth-1,0.02,79209431,1073741824,7.38,3,45.5kB / 40.3kB,12.5MB / 65.5kB
50,2026-09-10T07:01:37.987745+00:00,101,2026-09-10T07:01:37.605323+00:00,false,microservices,gateway,4a86f2c4f35e641c70a216fb3942e2e2a06ba3c987fedb775befbfac0e5a03da,tcc-microservices-experiment-gateway-1,33.47,464833741,536870912,86.59,81,53.3MB / 59.1MB,32.5MB / 225kB
50,2026-09-10T07:01:37.987745+00:00,101,2026-09-10T07:01:37.605323+00:00,false,microservices,mysql,e3d0a116828b07ac14a3743d0230676c63e99bce1b5e6a964aa18082c25b8698,tcc-microservices-experiment-mysql-1,24.01,543057510,1073741824,50.58,40,20.4MB / 61.9MB,51.6MB / 114MB
50,2026-09-10T07:01:37.987745+00:00,101,2026-09-10T07:01:37.605323+00:00,false,microservices,order,1be9875d846c06a88bcb8756c80d53b9f409e8f9c12c98bc833c1a772bc56d8f,tcc-microservices-experiment-order-1,81.96,82942362,1073741824,7.72,3,73.5MB / 66.7MB,8.25MB / 77.8kB
50,2026-09-10T07:01:37.987745+00:00,101,2026-09-10T07:01:37.605323+00:00,false,microservices,product,0dc488dbae88d87fdb28897f6611f3a28d52251e19505075080aef698a7d01f2,tcc-microservices-experiment-product-1,0.02,78601257,1073741824,7.32,3,416kB / 282kB,10.1MB / 81.9kB
51,2026-09-10T07:01:38.987741+00:00,103,2026-09-10T07:01:38.604821+00:00,false,microservices,auth,981e9889d2e0fd62c0a5bd49bed8f89d99e0eb983806404d661e7393c5953601,tcc-microservices-experiment-auth-1,0.02,79209431,1073741824,7.38,3,45.5kB / 40.3kB,12.5MB / 65.5kB
51,2026-09-10T07:01:38.987741+00:00,103,2026-09-10T07:01:38.604821+00:00,false,microservices,gateway,4a86f2c4f35e641c70a216fb3942e2e2a06ba3c987fedb775befbfac0e5a03da,tcc-microservices-experiment-gateway-1,86.6,465777459,536870912,86.76,81,54MB / 59.9MB,32.5MB / 225kB
51,2026-09-10T07:01:38.987741+00:00,103,2026-09-10T07:01:38.604821+00:00,false,microservices,mysql,e3d0a116828b07ac14a3743d0230676c63e99bce1b5e6a964aa18082c25b8698,tcc-microservices-experiment-mysql-1,28.52,542008934,1073741824,50.48,40,20.6MB / 62.6MB,51.6MB / 114MB
51,2026-09-10T07:01:38.987741+00:00,103,2026-09-10T07:01:38.604821+00:00,false,microservices,order,1be9875d846c06a88bcb8756c80d53b9f409e8f9c12c98bc833c1a772bc56d8f,tcc-microservices-experiment-order-1,81.94,83110134,1073741824,7.74,3,74.4MB / 67.5MB,8.25MB / 77.8kB
51,2026-09-10T07:01:38.987741+00:00,103,2026-09-10T07:01:38.604821+00:00,false,microservices,product,0dc488dbae88d87fdb28897f6611f3a28d52251e19505075080aef698a7d01f2,tcc-microservices-experiment-product-1,0.02,78601257,1073741824,7.32,3,416kB / 282kB,10.1MB / 81.9kB
52,2026-09-10T07:01:39.987745+00:00,105,2026-09-10T07:01:39.605167+00:00,false,microservices,auth,981e9889d2e0fd62c0a5bd49bed8f89d99e0eb983806404d661e7393c5953601,tcc-microservices-experiment-auth-1,0.02,79209431,1073741824,7.38,3,45.6kB / 40.3kB,12.5MB / 65.5kB
52,2026-09-10T07:01:39.987745+00:00,105,2026-09-10T07:01:39.605167+00:00,false,microservices,gateway,4a86f2c4f35e641c70a216fb3942e2e2a06ba3c987fedb775befbfac0e5a03da,tcc-microservices-experiment-gateway-1,30.49,465043456,536870912,86.61,79,54.8MB / 60.7MB,32.5MB / 238kB
52,2026-09-10T07:01:39.987745+00:00,105,2026-09-10T07:01:39.605167+00:00,false,microservices,mysql,e3d0a116828b07ac14a3743d0230676c63e99bce1b5e6a964aa18082c25b8698,tcc-microservices-experiment-mysql-1,24.23,541694362,1073741824,50.45,40,20.8MB / 63.4MB,51.6MB / 114MB
52,2026-09-10T07:01:39.987745+00:00,105,2026-09-10T07:01:39.605167+00:00,false,microservices,order,1be9875d846c06a88bcb8756c80d53b9f409e8f9c12c98bc833c1a772bc56d8f,tcc-microservices-experiment-order-1,81.37,82973819,1073741824,7.73,3,75.3MB / 68.3MB,8.25MB / 77.8kB
52,2026-09-10T07:01:39.987745+00:00,105,2026-09-10T07:01:39.605167+00:00,false,microservices,product,0dc488dbae88d87fdb28897f6611f3a28d52251e19505075080aef698a7d01f2,tcc-microservices-experiment-product-1,0.01,78601257,1073741824,7.32,3,416kB / 282kB,10.1MB / 81.9kB
53,2026-09-10T07:01:40.987721+00:00,107,2026-09-10T07:01:40.605241+00:00,false,microservices,auth,981e9889d2e0fd62c0a5bd49bed8f89d99e0eb983806404d661e7393c5953601,tcc-microservices-experiment-auth-1,0.02,79209431,1073741824,7.38,3,45.6kB / 40.3kB,12.5MB / 65.5kB
53,2026-09-10T07:01:40.987721+00:00,107,2026-09-10T07:01:40.605241+00:00,false,microservices,gateway,4a86f2c4f35e641c70a216fb3942e2e2a06ba3c987fedb775befbfac0e5a03da,tcc-microservices-experiment-gateway-1,28.62,464833741,536870912,86.59,79,55.5MB / 61.5MB,32.5MB / 238kB
53,2026-09-10T07:01:40.987721+00:00,107,2026-09-10T07:01:40.605241+00:00,false,microservices,mysql,e3d0a116828b07ac14a3743d0230676c63e99bce1b5e6a964aa18082c25b8698,tcc-microservices-experiment-mysql-1,28.44,542533222,1073741824,50.53,40,21MB / 64.1MB,51.6MB / 114MB
53,2026-09-10T07:01:40.987721+00:00,107,2026-09-10T07:01:40.605241+00:00,false,microservices,order,1be9875d846c06a88bcb8756c80d53b9f409e8f9c12c98bc833c1a772bc56d8f,tcc-microservices-experiment-order-1,82.64,83204506,1073741824,7.75,3,76.2MB / 69.2MB,8.25MB / 77.8kB
53,2026-09-10T07:01:40.987721+00:00,107,2026-09-10T07:01:40.605241+00:00,false,microservices,product,0dc488dbae88d87fdb28897f6611f3a28d52251e19505075080aef698a7d01f2,tcc-microservices-experiment-product-1,0.02,78601257,1073741824,7.32,3,416kB / 282kB,10.1MB / 81.9kB
54,2026-09-10T07:01:41.987718+00:00,109,2026-09-10T07:01:41.604619+00:00,false,microservices,auth,981e9889d2e0fd62c0a5bd49bed8f89d99e0eb983806404d661e7393c5953601,tcc-microservices-experiment-auth-1,0.02,79209431,1073741824,7.38,3,45.7kB / 40.3kB,12.5MB / 65.5kB
54,2026-09-10T07:01:41.987718+00:00,109,2026-09-10T07:01:41.604619+00:00,false,microservices,gateway,4a86f2c4f35e641c70a216fb3942e2e2a06ba3c987fedb775befbfac0e5a03da,tcc-microservices-experiment-gateway-1,26.88,464728883,536870912,86.57,79,56.2MB / 62.3MB,32.5MB / 238kB
54,2026-09-10T07:01:41.987718+00:00,109,2026-09-10T07:01:41.604619+00:00,false,microservices,mysql,e3d0a116828b07ac14a3743d0230676c63e99bce1b5e6a964aa18082c25b8698,tcc-microservices-experiment-mysql-1,25.26,542428365,1073741824,50.52,40,21.3MB / 64.9MB,51.6MB / 114MB
54,2026-09-10T07:01:41.987718+00:00,109,2026-09-10T07:01:41.604619+00:00,false,microservices,order,1be9875d846c06a88bcb8756c80d53b9f409e8f9c12c98bc833c1a772bc56d8f,tcc-microservices-experiment-order-1,80.68,83466650,1073741824,7.77,3,77.1MB / 70MB,8.25MB / 77.8kB
54,2026-09-10T07:01:41.987718+00:00,109,2026-09-10T07:01:41.604619+00:00,false,microservices,product,0dc488dbae88d87fdb28897f6611f3a28d52251e19505075080aef698a7d01f2,tcc-microservices-experiment-product-1,0.02,78601257,1073741824,7.32,3,416kB / 282kB,10.1MB / 81.9kB
55,2026-09-10T07:01:42.987731+00:00,111,2026-09-10T07:01:42.605352+00:00,false,microservices,auth,981e9889d2e0fd62c0a5bd49bed8f89d99e0eb983806404d661e7393c5953601,tcc-microservices-experiment-auth-1,0.02,79209431,1073741824,7.38,3,45.7kB / 40.3kB,12.5MB / 65.5kB
55,2026-09-10T07:01:42.987731+00:00,111,2026-09-10T07:01:42.605352+00:00,false,microservices,gateway,4a86f2c4f35e641c70a216fb3942e2e2a06ba3c987fedb775befbfac0e5a03da,tcc-microservices-experiment-gateway-1,26.5,465148314,536870912,86.64,79,56.9MB / 63MB,32.5MB / 238kB
55,2026-09-10T07:01:42.987731+00:00,111,2026-09-10T07:01:42.605352+00:00,false,microservices,mysql,e3d0a116828b07ac14a3743d0230676c63e99bce1b5e6a964aa18082c25b8698,tcc-microservices-experiment-mysql-1,28.87,542323507,1073741824,50.5,40,21.5MB / 65.6MB,51.6MB / 114MB
55,2026-09-10T07:01:42.987731+00:00,111,2026-09-10T07:01:42.605352+00:00,false,microservices,order,1be9875d846c06a88bcb8756c80d53b9f409e8f9c12c98bc833c1a772bc56d8f,tcc-microservices-experiment-order-1,80.88,84389396,1073741824,7.86,3,78MB / 70.8MB,8.25MB / 77.8kB
55,2026-09-10T07:01:42.987731+00:00,111,2026-09-10T07:01:42.605352+00:00,false,microservices,product,0dc488dbae88d87fdb28897f6611f3a28d52251e19505075080aef698a7d01f2,tcc-microservices-experiment-product-1,0.01,78601257,1073741824,7.32,3,416kB / 282kB,10.1MB / 81.9kB
56,2026-09-10T07:01:43.987711+00:00,113,2026-09-10T07:01:43.605480+00:00,false,microservices,auth,981e9889d2e0fd62c0a5bd49bed8f89d99e0eb983806404d661e7393c5953601,tcc-microservices-experiment-auth-1,0.02,79209431,1073741824,7.38,3,45.7kB / 40.3kB,12.5MB / 65.5kB
56,2026-09-10T07:01:43.987711+00:00,113,2026-09-10T07:01:43.605480+00:00,false,microservices,gateway,4a86f2c4f35e641c70a216fb3942e2e2a06ba3c987fedb775befbfac0e5a03da,tcc-microservices-experiment-gateway-1,27.77,464833741,536870912,86.58,79,57.6MB / 63.9MB,32.5MB / 238kB
56,2026-09-10T07:01:43.987711+00:00,113,2026-09-10T07:01:43.605480+00:00,false,microservices,mysql,e3d0a116828b07ac14a3743d0230676c63e99bce1b5e6a964aa18082c25b8698,tcc-microservices-experiment-mysql-1,25.22,541904077,1073741824,50.46,40,21.7MB / 66.4MB,51.6MB / 114MB
56,2026-09-10T07:01:43.987711+00:00,113,2026-09-10T07:01:43.605480+00:00,false,microservices,order,1be9875d846c06a88bcb8756c80d53b9f409e8f9c12c98bc833c1a772bc56d8f,tcc-microservices-experiment-order-1,80.94,83414221,1073741824,7.77,3,78.9MB / 71.7MB,8.25MB / 77.8kB
56,2026-09-10T07:01:43.987711+00:00,113,2026-09-10T07:01:43.605480+00:00,false,microservices,product,0dc488dbae88d87fdb28897f6611f3a28d52251e19505075080aef698a7d01f2,tcc-microservices-experiment-product-1,0.01,78601257,1073741824,7.32,3,416kB / 282kB,10.1MB / 81.9kB
57,2026-09-10T07:01:44.987723+00:00,115,2026-09-10T07:01:44.604661+00:00,false,microservices,auth,981e9889d2e0fd62c0a5bd49bed8f89d99e0eb983806404d661e7393c5953601,tcc-microservices-experiment-auth-1,0.02,79209431,1073741824,7.38,3,45.7kB / 40.3kB,12.5MB / 65.5kB
57,2026-09-10T07:01:44.987723+00:00,115,2026-09-10T07:01:44.604661+00:00,false,microservices,gateway,4a86f2c4f35e641c70a216fb3942e2e2a06ba3c987fedb775befbfac0e5a03da,tcc-microservices-experiment-gateway-1,27.77,464833741,536870912,86.58,79,57.6MB / 63.9MB,32.5MB / 238kB
57,2026-09-10T07:01:44.987723+00:00,115,2026-09-10T07:01:44.604661+00:00,false,microservices,mysql,e3d0a116828b07ac14a3743d0230676c63e99bce1b5e6a964aa18082c25b8698,tcc-microservices-experiment-mysql-1,25.22,541904077,1073741824,50.46,40,21.7MB / 66.4MB,51.6MB / 114MB
57,2026-09-10T07:01:44.987723+00:00,115,2026-09-10T07:01:44.604661+00:00,false,microservices,order,1be9875d846c06a88bcb8756c80d53b9f409e8f9c12c98bc833c1a772bc56d8f,tcc-microservices-experiment-order-1,80.94,83414221,1073741824,7.77,3,78.9MB / 71.7MB,8.25MB / 77.8kB
57,2026-09-10T07:01:44.987723+00:00,115,2026-09-10T07:01:44.604661+00:00,false,microservices,product,0dc488dbae88d87fdb28897f6611f3a28d52251e19505075080aef698a7d01f2,tcc-microservices-experiment-product-1,0.02,78601257,1073741824,7.32,3,416kB / 282kB,10.1MB / 81.9kB
58,2026-09-10T07:01:45.987723+00:00,117,2026-09-10T07:01:45.604998+00:00,false,microservices,auth,981e9889d2e0fd62c0a5bd49bed8f89d99e0eb983806404d661e7393c5953601,tcc-microservices-experiment-auth-1,0.02,79209431,1073741824,7.38,3,45.8kB / 40.3kB,12.5MB / 65.5kB
58,2026-09-10T07:01:45.987723+00:00,117,2026-09-10T07:01:45.604998+00:00,false,microservices,gateway,4a86f2c4f35e641c70a216fb3942e2e2a06ba3c987fedb775befbfac0e5a03da,tcc-microservices-experiment-gateway-1,26.44,464728883,536870912,86.57,79,58.3MB / 64.7MB,32.5MB / 238kB
58,2026-09-10T07:01:45.987723+00:00,117,2026-09-10T07:01:45.604998+00:00,false,microservices,mysql,e3d0a116828b07ac14a3743d0230676c63e99bce1b5e6a964aa18082c25b8698,tcc-microservices-experiment-mysql-1,29.84,542533222,1073741824,50.53,40,21.9MB / 67.2MB,51.6MB / 114MB
58,2026-09-10T07:01:45.987723+00:00,117,2026-09-10T07:01:45.604998+00:00,false,microservices,order,1be9875d846c06a88bcb8756c80d53b9f409e8f9c12c98bc833c1a772bc56d8f,tcc-microservices-experiment-order-1,80.55,83204506,1073741824,7.75,3,79.9MB / 72.5MB,8.25MB / 77.8kB
58,2026-09-10T07:01:45.987723+00:00,117,2026-09-10T07:01:45.604998+00:00,false,microservices,product,0dc488dbae88d87fdb28897f6611f3a28d52251e19505075080aef698a7d01f2,tcc-microservices-experiment-product-1,0.02,78601257,1073741824,7.32,3,416kB / 282kB,10.1MB / 81.9kB
59,2026-09-10T07:01:46.987733+00:00,119,2026-09-10T07:01:46.604834+00:00,false,microservices,auth,981e9889d2e0fd62c0a5bd49bed8f89d99e0eb983806404d661e7393c5953601,tcc-microservices-experiment-auth-1,0.02,79209431,1073741824,7.38,3,45.8kB / 40.3kB,12.5MB / 65.5kB
59,2026-09-10T07:01:46.987733+00:00,119,2026-09-10T07:01:46.604834+00:00,false,microservices,gateway,4a86f2c4f35e641c70a216fb3942e2e2a06ba3c987fedb775befbfac0e5a03da,tcc-microservices-experiment-gateway-1,30.99,464833741,536870912,86.59,79,59.1MB / 65.5MB,32.5MB / 238kB
59,2026-09-10T07:01:46.987733+00:00,119,2026-09-10T07:01:46.604834+00:00,false,microservices,mysql,e3d0a116828b07ac14a3743d0230676c63e99bce1b5e6a964aa18082c25b8698,tcc-microservices-experiment-mysql-1,26.13,542323507,1073741824,50.51,40,22.1MB / 67.9MB,51.6MB / 114MB
59,2026-09-10T07:01:46.987733+00:00,119,2026-09-10T07:01:46.604834+00:00,false,microservices,order,1be9875d846c06a88bcb8756c80d53b9f409e8f9c12c98bc833c1a772bc56d8f,tcc-microservices-experiment-order-1,79.58,83162563,1073741824,7.75,3,80.8MB / 73.4MB,8.25MB / 77.8kB
59,2026-09-10T07:01:46.987733+00:00,119,2026-09-10T07:01:46.604834+00:00,false,microservices,product,0dc488dbae88d87fdb28897f6611f3a28d52251e19505075080aef698a7d01f2,tcc-microservices-experiment-product-1,0.02,78601257,1073741824,7.32,3,416kB / 282kB,10.1MB / 81.9kB
60,2026-09-10T07:01:47.987721+00:00,121,2026-09-10T07:01:47.606448+00:00,false,microservices,auth,981e9889d2e0fd62c0a5bd49bed8f89d99e0eb983806404d661e7393c5953601,tcc-microservices-experiment-auth-1,0.02,79209431,1073741824,7.38,3,45.8kB / 40.3kB,12.5MB / 65.5kB
60,2026-09-10T07:01:47.987721+00:00,121,2026-09-10T07:01:47.606448+00:00,false,microservices,gateway,4a86f2c4f35e641c70a216fb3942e2e2a06ba3c987fedb775befbfac0e5a03da,tcc-microservices-experiment-gateway-1,28.47,464728883,536870912,86.56,79,59.8MB / 66.2MB,32.5MB / 238kB
60,2026-09-10T07:01:47.987721+00:00,121,2026-09-10T07:01:47.606448+00:00,false,microservices,mysql,e3d0a116828b07ac14a3743d0230676c63e99bce1b5e6a964aa18082c25b8698,tcc-microservices-experiment-mysql-1,29.53,542742938,1073741824,50.55,40,22.3MB / 68.7MB,51.6MB / 114MB
60,2026-09-10T07:01:47.987721+00:00,121,2026-09-10T07:01:47.606448+00:00,false,microservices,order,1be9875d846c06a88bcb8756c80d53b9f409e8f9c12c98bc833c1a772bc56d8f,tcc-microservices-experiment-order-1,81.61,83697336,1073741824,7.79,3,81.7MB / 74.2MB,8.25MB / 77.8kB
60,2026-09-10T07:01:47.987721+00:00,121,2026-09-10T07:01:47.606448+00:00,false,microservices,product,0dc488dbae88d87fdb28897f6611f3a28d52251e19505075080aef698a7d01f2,tcc-microservices-experiment-product-1,0.01,78601257,1073741824,7.32,3,416kB / 282kB,10.1MB / 81.9kB
61,2026-09-10T07:01:48.987722+00:00,123,2026-09-10T07:01:48.605277+00:00,false,microservices,auth,981e9889d2e0fd62c0a5bd49bed8f89d99e0eb983806404d661e7393c5953601,tcc-microservices-experiment-auth-1,0.02,79209431,1073741824,7.38,3,45.8kB / 40.3kB,12.5MB / 65.5kB
61,2026-09-10T07:01:48.987722+00:00,123,2026-09-10T07:01:48.605277+00:00,false,microservices,gateway,4a86f2c4f35e641c70a216fb3942e2e2a06ba3c987fedb775befbfac0e5a03da,tcc-microservices-experiment-gateway-1,63.7,465148314,536870912,86.63,79,60.5MB / 67MB,32.5MB / 238kB
61,2026-09-10T07:01:48.987722+00:00,123,2026-09-10T07:01:48.605277+00:00,false,microservices,mysql,e3d0a116828b07ac14a3743d0230676c63e99bce1b5e6a964aa18082c25b8698,tcc-microservices-experiment-mysql-1,26.32,542428365,1073741824,50.51,40,22.5MB / 69.4MB,51.6MB / 114MB
61,2026-09-10T07:01:48.987722+00:00,123,2026-09-10T07:01:48.605277+00:00,false,microservices,order,1be9875d846c06a88bcb8756c80d53b9f409e8f9c12c98bc833c1a772bc56d8f,tcc-microservices-experiment-order-1,79.99,83435192,1073741824,7.77,3,82.6MB / 75MB,8.25MB / 77.8kB
61,2026-09-10T07:01:48.987722+00:00,123,2026-09-10T07:01:48.605277+00:00,false,microservices,product,0dc488dbae88d87fdb28897f6611f3a28d52251e19505075080aef698a7d01f2,tcc-microservices-experiment-product-1,0.01,78601257,1073741824,7.32,3,416kB / 282kB,10.1MB / 81.9kB
62,2026-09-10T07:01:49.987736+00:00,125,2026-09-10T07:01:49.606350+00:00,false,microservices,auth,981e9889d2e0fd62c0a5bd49bed8f89d99e0eb983806404d661e7393c5953601,tcc-microservices-experiment-auth-1,0.01,79209431,1073741824,7.38,3,45.8kB / 40.3kB,12.5MB / 65.5kB
62,2026-09-10T07:01:49.987736+00:00,125,2026-09-10T07:01:49.606350+00:00,false,microservices,gateway,4a86f2c4f35e641c70a216fb3942e2e2a06ba3c987fedb775befbfac0e5a03da,tcc-microservices-experiment-gateway-1,26.17,465777459,536870912,86.77,79,61.2MB / 67.8MB,32.5MB / 238kB
62,2026-09-10T07:01:49.987736+00:00,125,2026-09-10T07:01:49.606350+00:00,false,microservices,mysql,e3d0a116828b07ac14a3743d0230676c63e99bce1b5e6a964aa18082c25b8698,tcc-microservices-experiment-mysql-1,29.56,542533222,1073741824,50.53,40,22.8MB / 70.1MB,51.6MB / 114MB
62,2026-09-10T07:01:49.987736+00:00,125,2026-09-10T07:01:49.606350+00:00,false,microservices,order,1be9875d846c06a88bcb8756c80d53b9f409e8f9c12c98bc833c1a772bc56d8f,tcc-microservices-experiment-order-1,80.24,83623936,1073741824,7.79,3,83.5MB / 75.9MB,8.25MB / 77.8kB
62,2026-09-10T07:01:49.987736+00:00,125,2026-09-10T07:01:49.606350+00:00,false,microservices,product,0dc488dbae88d87fdb28897f6611f3a28d52251e19505075080aef698a7d01f2,tcc-microservices-experiment-product-1,0.02,78601257,1073741824,7.32,3,416kB / 282kB,10.1MB / 81.9kB
63,2026-09-10T07:01:50.987750+00:00,127,2026-09-10T07:01:50.604959+00:00,false,microservices,auth,981e9889d2e0fd62c0a5bd49bed8f89d99e0eb983806404d661e7393c5953601,tcc-microservices-experiment-auth-1,0.02,79209431,1073741824,7.38,3,45.8kB / 40.3kB,12.5MB / 65.5kB
63,2026-09-10T07:01:50.987750+00:00,127,2026-09-10T07:01:50.604959+00:00,false,microservices,gateway,4a86f2c4f35e641c70a216fb3942e2e2a06ba3c987fedb775befbfac0e5a03da,tcc-microservices-experiment-gateway-1,28.15,466092032,536870912,86.82,79,61.9MB / 68.6MB,32.5MB / 238kB
63,2026-09-10T07:01:50.987750+00:00,127,2026-09-10T07:01:50.604959+00:00,false,microservices,mysql,e3d0a116828b07ac14a3743d0230676c63e99bce1b5e6a964aa18082c25b8698,tcc-microservices-experiment-mysql-1,25.1,542113792,1073741824,50.49,40,23MB / 70.9MB,51.6MB / 114MB
63,2026-09-10T07:01:50.987750+00:00,127,2026-09-10T07:01:50.604959+00:00,false,microservices,order,1be9875d846c06a88bcb8756c80d53b9f409e8f9c12c98bc833c1a772bc56d8f,tcc-microservices-experiment-order-1,80.34,82428559,1073741824,7.68,3,84.4MB / 76.7MB,8.26MB / 77.8kB
63,2026-09-10T07:01:50.987750+00:00,127,2026-09-10T07:01:50.604959+00:00,false,microservices,product,0dc488dbae88d87fdb28897f6611f3a28d52251e19505075080aef698a7d01f2,tcc-microservices-experiment-product-1,0.02,78601257,1073741824,7.32,3,416kB / 282kB,10.1MB / 81.9kB
64,2026-09-10T07:01:51.987736+00:00,129,2026-09-10T07:01:51.605328+00:00,false,microservices,auth,981e9889d2e0fd62c0a5bd49bed8f89d99e0eb983806404d661e7393c5953601,tcc-microservices-experiment-auth-1,0.02,79209431,1073741824,7.38,3,45.8kB / 40.3kB,12.5MB / 65.5kB
64,2026-09-10T07:01:51.987736+00:00,129,2026-09-10T07:01:51.605328+00:00,false,microservices,gateway,4a86f2c4f35e641c70a216fb3942e2e2a06ba3c987fedb775befbfac0e5a03da,tcc-microservices-experiment-gateway-1,49.0,466196890,536870912,86.83,79,62.6MB / 69.4MB,32.5MB / 238kB
64,2026-09-10T07:01:51.987736+00:00,129,2026-09-10T07:01:51.605328+00:00,false,microservices,mysql,e3d0a116828b07ac14a3743d0230676c63e99bce1b5e6a964aa18082c25b8698,tcc-microservices-experiment-mysql-1,29.71,542428365,1073741824,50.52,40,23.2MB / 71.7MB,51.6MB / 114MB
64,2026-09-10T07:01:51.987736+00:00,129,2026-09-10T07:01:51.605328+00:00,false,microservices,order,1be9875d846c06a88bcb8756c80d53b9f409e8f9c12c98bc833c1a772bc56d8f,tcc-microservices-experiment-order-1,80.52,82585846,1073741824,7.69,3,85.3MB / 77.6MB,8.26MB / 77.8kB
64,2026-09-10T07:01:51.987736+00:00,129,2026-09-10T07:01:51.605328+00:00,false,microservices,product,0dc488dbae88d87fdb28897f6611f3a28d52251e19505075080aef698a7d01f2,tcc-microservices-experiment-product-1,0.02,78601257,1073741824,7.32,3,416kB / 282kB,10.1MB / 81.9kB
65,2026-09-10T07:01:52.987736+00:00,131,2026-09-10T07:01:52.605496+00:00,false,microservices,auth,981e9889d2e0fd62c0a5bd49bed8f89d99e0eb983806404d661e7393c5953601,tcc-microservices-experiment-auth-1,0.02,79209431,1073741824,7.38,3,45.8kB / 40.3kB,12.5MB / 65.5kB
65,2026-09-10T07:01:52.987736+00:00,131,2026-09-10T07:01:52.605496+00:00,false,microservices,gateway,4a86f2c4f35e641c70a216fb3942e2e2a06ba3c987fedb775befbfac0e5a03da,tcc-microservices-experiment-gateway-1,27.32,465882317,536870912,86.77,79,63.3MB / 70.2MB,32.5MB / 238kB
65,2026-09-10T07:01:52.987736+00:00,131,2026-09-10T07:01:52.605496+00:00,false,microservices,mysql,e3d0a116828b07ac14a3743d0230676c63e99bce1b5e6a964aa18082c25b8698,tcc-microservices-experiment-mysql-1,26.17,543162368,1073741824,50.58,40,23.4MB / 72.4MB,51.6MB / 114MB
65,2026-09-10T07:01:52.987736+00:00,131,2026-09-10T07:01:52.605496+00:00,false,microservices,order,1be9875d846c06a88bcb8756c80d53b9f409e8f9c12c98bc833c1a772bc56d8f,tcc-microservices-experiment-order-1,80.31,82554388,1073741824,7.69,3,86.3MB / 78.4MB,8.26MB / 77.8kB
65,2026-09-10T07:01:52.987736+00:00,131,2026-09-10T07:01:52.605496+00:00,false,microservices,product,0dc488dbae88d87fdb28897f6611f3a28d52251e19505075080aef698a7d01f2,tcc-microservices-experiment-product-1,0.01,78601257,1073741824,7.32,3,416kB / 282kB,10.1MB / 81.9kB
66,2026-09-10T07:01:53.987722+00:00,133,2026-09-10T07:01:53.606528+00:00,false,microservices,auth,981e9889d2e0fd62c0a5bd49bed8f89d99e0eb983806404d661e7393c5953601,tcc-microservices-experiment-auth-1,0.02,79209431,1073741824,7.38,3,45.8kB / 40.3kB,12.5MB / 65.5kB
66,2026-09-10T07:01:53.987722+00:00,133,2026-09-10T07:01:53.606528+00:00,false,microservices,gateway,4a86f2c4f35e641c70a216fb3942e2e2a06ba3c987fedb775befbfac0e5a03da,tcc-microservices-experiment-gateway-1,32.07,465987174,536870912,86.8,79,64.1MB / 71MB,32.5MB / 238kB
66,2026-09-10T07:01:53.987722+00:00,133,2026-09-10T07:01:53.606528+00:00,false,microservices,mysql,e3d0a116828b07ac14a3743d0230676c63e99bce1b5e6a964aa18082c25b8698,tcc-microservices-experiment-mysql-1,28.76,542533222,1073741824,50.53,40,23.6MB / 73.2MB,51.6MB / 114MB
66,2026-09-10T07:01:53.987722+00:00,133,2026-09-10T07:01:53.606528+00:00,false,microservices,order,1be9875d846c06a88bcb8756c80d53b9f409e8f9c12c98bc833c1a772bc56d8f,tcc-microservices-experiment-order-1,81.21,82449531,1073741824,7.68,3,87.2MB / 79.3MB,8.26MB / 77.8kB
66,2026-09-10T07:01:53.987722+00:00,133,2026-09-10T07:01:53.606528+00:00,false,microservices,product,0dc488dbae88d87fdb28897f6611f3a28d52251e19505075080aef698a7d01f2,tcc-microservices-experiment-product-1,0.02,78601257,1073741824,7.32,3,416kB / 282kB,10.1MB / 81.9kB
67,2026-09-10T07:01:54.987720+00:00,135,2026-09-10T07:01:54.605440+00:00,false,microservices,auth,981e9889d2e0fd62c0a5bd49bed8f89d99e0eb983806404d661e7393c5953601,tcc-microservices-experiment-auth-1,0.01,79209431,1073741824,7.38,3,45.8kB / 40.3kB,12.5MB / 65.5kB
67,2026-09-10T07:01:54.987720+00:00,135,2026-09-10T07:01:54.605440+00:00,false,microservices,gateway,4a86f2c4f35e641c70a216fb3942e2e2a06ba3c987fedb775befbfac0e5a03da,tcc-microservices-experiment-gateway-1,27.43,465672602,536870912,86.74,79,64.8MB / 71.8MB,32.5MB / 238kB
67,2026-09-10T07:01:54.987720+00:00,135,2026-09-10T07:01:54.605440+00:00,false,microservices,mysql,e3d0a116828b07ac14a3743d0230676c63e99bce1b5e6a964aa18082c25b8698,tcc-microservices-experiment-mysql-1,26.15,542218650,1073741824,50.5,40,23.8MB / 74MB,51.6MB / 114MB
67,2026-09-10T07:01:54.987720+00:00,135,2026-09-10T07:01:54.605440+00:00,false,microservices,order,1be9875d846c06a88bcb8756c80d53b9f409e8f9c12c98bc833c1a772bc56d8f,tcc-microservices-experiment-order-1,80.15,82827018,1073741824,7.71,3,88.1MB / 80.1MB,8.26MB / 77.8kB
67,2026-09-10T07:01:54.987720+00:00,135,2026-09-10T07:01:54.605440+00:00,false,microservices,product,0dc488dbae88d87fdb28897f6611f3a28d52251e19505075080aef698a7d01f2,tcc-microservices-experiment-product-1,0.02,78601257,1073741824,7.32,3,416kB / 282kB,10.1MB / 81.9kB
68,2026-09-10T07:01:55.987737+00:00,137,2026-09-10T07:01:55.606361+00:00,false,microservices,auth,981e9889d2e0fd62c0a5bd49bed8f89d99e0eb983806404d661e7393c5953601,tcc-microservices-experiment-auth-1,0.02,79209431,1073741824,7.38,3,45.8kB / 40.3kB,12.5MB / 65.5kB
68,2026-09-10T07:01:55.987737+00:00,137,2026-09-10T07:01:55.606361+00:00,false,microservices,gateway,4a86f2c4f35e641c70a216fb3942e2e2a06ba3c987fedb775befbfac0e5a03da,tcc-microservices-experiment-gateway-1,26.88,465672602,536870912,86.74,79,65.5MB / 72.6MB,32.5MB / 238kB
68,2026-09-10T07:01:55.987737+00:00,137,2026-09-10T07:01:55.606361+00:00,false,microservices,mysql,e3d0a116828b07ac14a3743d0230676c63e99bce1b5e6a964aa18082c25b8698,tcc-microservices-experiment-mysql-1,30.04,542952653,1073741824,50.56,40,24.1MB / 74.7MB,51.6MB / 114MB
68,2026-09-10T07:01:55.987737+00:00,137,2026-09-10T07:01:55.606361+00:00,false,microservices,order,1be9875d846c06a88bcb8756c80d53b9f409e8f9c12c98bc833c1a772bc56d8f,tcc-microservices-experiment-order-1,80.16,82470502,1073741824,7.68,3,89MB / 81MB,8.26MB / 77.8kB
68,2026-09-10T07:01:55.987737+00:00,137,2026-09-10T07:01:55.606361+00:00,false,microservices,product,0dc488dbae88d87fdb28897f6611f3a28d52251e19505075080aef698a7d01f2,tcc-microservices-experiment-product-1,0.02,78601257,1073741824,7.32,3,416kB / 282kB,10.1MB / 81.9kB
69,2026-09-10T07:01:56.987720+00:00,139,2026-09-10T07:01:56.604932+00:00,false,microservices,auth,981e9889d2e0fd62c0a5bd49bed8f89d99e0eb983806404d661e7393c5953601,tcc-microservices-experiment-auth-1,0.02,79209431,1073741824,7.38,3,45.8kB / 40.3kB,12.5MB / 65.5kB
69,2026-09-10T07:01:56.987720+00:00,139,2026-09-10T07:01:56.604932+00:00,false,microservices,gateway,4a86f2c4f35e641c70a216fb3942e2e2a06ba3c987fedb775befbfac0e5a03da,tcc-microservices-experiment-gateway-1,27.91,465672602,536870912,86.74,79,66.3MB / 73.4MB,32.5MB / 254kB
69,2026-09-10T07:01:56.987720+00:00,139,2026-09-10T07:01:56.604932+00:00,false,microservices,mysql,e3d0a116828b07ac14a3743d0230676c63e99bce1b5e6a964aa18082c25b8698,tcc-microservices-experiment-mysql-1,25.17,542533222,1073741824,50.53,40,24.3MB / 75.5MB,51.6MB / 114MB
69,2026-09-10T07:01:56.987720+00:00,139,2026-09-10T07:01:56.604932+00:00,false,microservices,order,1be9875d846c06a88bcb8756c80d53b9f409e8f9c12c98bc833c1a772bc56d8f,tcc-microservices-experiment-order-1,80.08,82722161,1073741824,7.7,3,90MB / 81.8MB,8.26MB / 77.8kB
69,2026-09-10T07:01:56.987720+00:00,139,2026-09-10T07:01:56.604932+00:00,false,microservices,product,0dc488dbae88d87fdb28897f6611f3a28d52251e19505075080aef698a7d01f2,tcc-microservices-experiment-product-1,0.02,78601257,1073741824,7.32,3,416kB / 282kB,10.1MB / 81.9kB
70,2026-09-10T07:01:57.987718+00:00,141,2026-09-10T07:01:57.606316+00:00,false,microservices,auth,981e9889d2e0fd62c0a5bd49bed8f89d99e0eb983806404d661e7393c5953601,tcc-microservices-experiment-auth-1,0.02,79209431,1073741824,7.38,3,45.8kB / 40.3kB,12.5MB / 65.5kB
70,2026-09-10T07:01:57.987718+00:00,141,2026-09-10T07:01:57.606316+00:00,false,microservices,gateway,4a86f2c4f35e641c70a216fb3942e2e2a06ba3c987fedb775befbfac0e5a03da,tcc-microservices-experiment-gateway-1,63.42,465987174,536870912,86.79,79,67MB / 74.2MB,32.5MB / 254kB
70,2026-09-10T07:01:57.987718+00:00,141,2026-09-10T07:01:57.606316+00:00,false,microservices,mysql,e3d0a116828b07ac14a3743d0230676c63e99bce1b5e6a964aa18082c25b8698,tcc-microservices-experiment-mysql-1,28.89,542638080,1073741824,50.54,40,24.5MB / 76.3MB,51.6MB / 114MB
70,2026-09-10T07:01:57.987718+00:00,141,2026-09-10T07:01:57.606316+00:00,false,microservices,order,1be9875d846c06a88bcb8756c80d53b9f409e8f9c12c98bc833c1a772bc56d8f,tcc-microservices-experiment-order-1,81.57,82669732,1073741824,7.7,3,90.9MB / 82.7MB,8.26MB / 77.8kB
70,2026-09-10T07:01:57.987718+00:00,141,2026-09-10T07:01:57.606316+00:00,false,microservices,product,0dc488dbae88d87fdb28897f6611f3a28d52251e19505075080aef698a7d01f2,tcc-microservices-experiment-product-1,0.01,78601257,1073741824,7.32,3,416kB / 282kB,10.1MB / 81.9kB
71,2026-09-10T07:01:58.987707+00:00,143,2026-09-10T07:01:58.605599+00:00,false,microservices,auth,981e9889d2e0fd62c0a5bd49bed8f89d99e0eb983806404d661e7393c5953601,tcc-microservices-experiment-auth-1,0.02,79209431,1073741824,7.38,3,45.8kB / 40.3kB,12.5MB / 65.5kB
71,2026-09-10T07:01:58.987707+00:00,143,2026-09-10T07:01:58.605599+00:00,false,microservices,gateway,4a86f2c4f35e641c70a216fb3942e2e2a06ba3c987fedb775befbfac0e5a03da,tcc-microservices-experiment-gateway-1,27.54,466511462,536870912,86.9,79,67.7MB / 75MB,32.5MB / 254kB
71,2026-09-10T07:01:58.987707+00:00,143,2026-09-10T07:01:58.605599+00:00,false,microservices,mysql,e3d0a116828b07ac14a3743d0230676c63e99bce1b5e6a964aa18082c25b8698,tcc-microservices-experiment-mysql-1,25.09,542008934,1073741824,50.47,40,24.7MB / 77MB,51.6MB / 114MB
71,2026-09-10T07:01:58.987707+00:00,143,2026-09-10T07:01:58.605599+00:00,false,microservices,order,1be9875d846c06a88bcb8756c80d53b9f409e8f9c12c98bc833c1a772bc56d8f,tcc-microservices-experiment-order-1,81.48,82564874,1073741824,7.69,3,91.8MB / 83.5MB,8.26MB / 77.8kB
71,2026-09-10T07:01:58.987707+00:00,143,2026-09-10T07:01:58.605599+00:00,false,microservices,product,0dc488dbae88d87fdb28897f6611f3a28d52251e19505075080aef698a7d01f2,tcc-microservices-experiment-product-1,0.02,78601257,1073741824,7.32,3,416kB / 282kB,10.1MB / 81.9kB
72,2026-09-10T07:01:59.987716+00:00,145,2026-09-10T07:01:59.606357+00:00,false,microservices,auth,981e9889d2e0fd62c0a5bd49bed8f89d99e0eb983806404d661e7393c5953601,tcc-microservices-experiment-auth-1,0.02,79209431,1073741824,7.38,3,45.8kB / 40.3kB,12.5MB / 65.5kB
72,2026-09-10T07:01:59.987716+00:00,145,2026-09-10T07:01:59.606357+00:00,false,microservices,gateway,4a86f2c4f35e641c70a216fb3942e2e2a06ba3c987fedb775befbfac0e5a03da,tcc-microservices-experiment-gateway-1,27.41,466196890,536870912,86.83,79,68.4MB / 75.8MB,32.5MB / 254kB
72,2026-09-10T07:01:59.987716+00:00,145,2026-09-10T07:01:59.606357+00:00,false,microservices,mysql,e3d0a116828b07ac14a3743d0230676c63e99bce1b5e6a964aa18082c25b8698,tcc-microservices-experiment-mysql-1,30.29,542323507,1073741824,50.51,40,24.9MB / 77.8MB,51.6MB / 114MB
72,2026-09-10T07:01:59.987716+00:00,145,2026-09-10T07:01:59.606357+00:00,false,microservices,order,1be9875d846c06a88bcb8756c80d53b9f409e8f9c12c98bc833c1a772bc56d8f,tcc-microservices-experiment-order-1,80.04,82564874,1073741824,7.69,3,92.8MB / 84.4MB,8.26MB / 77.8kB
72,2026-09-10T07:01:59.987716+00:00,145,2026-09-10T07:01:59.606357+00:00,false,microservices,product,0dc488dbae88d87fdb28897f6611f3a28d52251e19505075080aef698a7d01f2,tcc-microservices-experiment-product-1,0.01,78601257,1073741824,7.32,3,416kB / 282kB,10.1MB / 81.9kB
73,2026-09-10T07:02:00.987737+00:00,147,2026-09-10T07:02:00.605430+00:00,false,microservices,auth,981e9889d2e0fd62c0a5bd49bed8f89d99e0eb983806404d661e7393c5953601,tcc-microservices-experiment-auth-1,0.02,79209431,1073741824,7.38,3,45.8kB / 40.3kB,12.5MB / 65.5kB
73,2026-09-10T07:02:00.987737+00:00,147,2026-09-10T07:02:00.605430+00:00,false,microservices,gateway,4a86f2c4f35e641c70a216fb3942e2e2a06ba3c987fedb775befbfac0e5a03da,tcc-microservices-experiment-gateway-1,26.57,466406605,536870912,86.87,79,69.2MB / 76.6MB,32.5MB / 254kB
73,2026-09-10T07:02:00.987737+00:00,147,2026-09-10T07:02:00.605430+00:00,false,microservices,mysql,e3d0a116828b07ac14a3743d0230676c63e99bce1b5e6a964aa18082c25b8698,tcc-microservices-experiment-mysql-1,26.32,542113792,1073741824,50.49,40,25.1MB / 78.6MB,51.6MB / 114MB
73,2026-09-10T07:02:00.987737+00:00,147,2026-09-10T07:02:00.605430+00:00,false,microservices,order,1be9875d846c06a88bcb8756c80d53b9f409e8f9c12c98bc833c1a772bc56d8f,tcc-microservices-experiment-order-1,79.75,82407588,1073741824,7.68,3,93.7MB / 85.2MB,8.26MB / 77.8kB
73,2026-09-10T07:02:00.987737+00:00,147,2026-09-10T07:02:00.605430+00:00,false,microservices,product,0dc488dbae88d87fdb28897f6611f3a28d52251e19505075080aef698a7d01f2,tcc-microservices-experiment-product-1,0.02,78601257,1073741824,7.32,3,416kB / 282kB,10.1MB / 81.9kB
74,2026-09-10T07:02:01.987751+00:00,149,2026-09-10T07:02:01.606389+00:00,false,microservices,auth,981e9889d2e0fd62c0a5bd49bed8f89d99e0eb983806404d661e7393c5953601,tcc-microservices-experiment-auth-1,0.02,79209431,1073741824,7.38,3,45.8kB / 40.3kB,12.5MB / 65.5kB
74,2026-09-10T07:02:01.987751+00:00,149,2026-09-10T07:02:01.606389+00:00,false,microservices,gateway,4a86f2c4f35e641c70a216fb3942e2e2a06ba3c987fedb775befbfac0e5a03da,tcc-microservices-experiment-gateway-1,30.43,465882317,536870912,86.77,79,69.9MB / 77.5MB,32.5MB / 254kB
74,2026-09-10T07:02:01.987751+00:00,149,2026-09-10T07:02:01.606389+00:00,false,microservices,mysql,e3d0a116828b07ac14a3743d0230676c63e99bce1b5e6a964aa18082c25b8698,tcc-microservices-experiment-mysql-1,30.11,542638080,1073741824,50.54,40,25.4MB / 79.3MB,51.6MB / 114MB
74,2026-09-10T07:02:01.987751+00:00,149,2026-09-10T07:02:01.606389+00:00,false,microservices,order,1be9875d846c06a88bcb8756c80d53b9f409e8f9c12c98bc833c1a772bc56d8f,tcc-microservices-experiment-order-1,80.58,82942362,1073741824,7.72,3,94.6MB / 86.1MB,8.26MB / 77.8kB
74,2026-09-10T07:02:01.987751+00:00,149,2026-09-10T07:02:01.606389+00:00,false,microservices,product,0dc488dbae88d87fdb28897f6611f3a28d52251e19505075080aef698a7d01f2,tcc-microservices-experiment-product-1,0.01,78601257,1073741824,7.32,3,416kB / 282kB,10.1MB / 81.9kB
75,2026-09-10T07:02:02.987745+00:00,151,2026-09-10T07:02:02.606980+00:00,false,microservices,auth,981e9889d2e0fd62c0a5bd49bed8f89d99e0eb983806404d661e7393c5953601,tcc-microservices-experiment-auth-1,0.02,79209431,1073741824,7.38,3,45.8kB / 40.3kB,12.5MB / 65.5kB
75,2026-09-10T07:02:02.987745+00:00,151,2026-09-10T07:02:02.606980+00:00,false,microservices,gateway,4a86f2c4f35e641c70a216fb3942e2e2a06ba3c987fedb775befbfac0e5a03da,tcc-microservices-experiment-gateway-1,26.32,466301747,536870912,86.86,79,70.6MB / 78.3MB,32.5MB / 254kB
75,2026-09-10T07:02:02.987745+00:00,151,2026-09-10T07:02:02.606980+00:00,false,microservices,mysql,e3d0a116828b07ac14a3743d0230676c63e99bce1b5e6a964aa18082c25b8698,tcc-microservices-experiment-mysql-1,26.23,542323507,1073741824,50.51,40,25.6MB / 80.1MB,51.6MB / 114MB
75,2026-09-10T07:02:02.987745+00:00,151,2026-09-10T07:02:02.606980+00:00,false,microservices,order,1be9875d846c06a88bcb8756c80d53b9f409e8f9c12c98bc833c1a772bc56d8f,tcc-microservices-experiment-order-1,79.46,82470502,1073741824,7.68,3,95.6MB / 86.9MB,8.26MB / 77.8kB
75,2026-09-10T07:02:02.987745+00:00,151,2026-09-10T07:02:02.606980+00:00,false,microservices,product,0dc488dbae88d87fdb28897f6611f3a28d52251e19505075080aef698a7d01f2,tcc-microservices-experiment-product-1,0.02,78601257,1073741824,7.32,3,416kB / 282kB,10.1MB / 81.9kB
76,2026-09-10T07:02:03.987725+00:00,153,2026-09-10T07:02:03.606259+00:00,false,microservices,auth,981e9889d2e0fd62c0a5bd49bed8f89d99e0eb983806404d661e7393c5953601,tcc-microservices-experiment-auth-1,0.02,79209431,1073741824,7.38,3,45.8kB / 40.3kB,12.5MB / 65.5kB
76,2026-09-10T07:02:03.987725+00:00,153,2026-09-10T07:02:03.606259+00:00,false,microservices,gateway,4a86f2c4f35e641c70a216fb3942e2e2a06ba3c987fedb775befbfac0e5a03da,tcc-microservices-experiment-gateway-1,27.09,465462886,536870912,86.7,79,71.4MB / 79.1MB,32.5MB / 254kB
76,2026-09-10T07:02:03.987725+00:00,153,2026-09-10T07:02:03.606259+00:00,false,microservices,mysql,e3d0a116828b07ac14a3743d0230676c63e99bce1b5e6a964aa18082c25b8698,tcc-microservices-experiment-mysql-1,29.62,542638080,1073741824,50.53,40,25.8MB / 80.9MB,51.6MB / 114MB
76,2026-09-10T07:02:03.987725+00:00,153,2026-09-10T07:02:03.606259+00:00,false,microservices,order,1be9875d846c06a88bcb8756c80d53b9f409e8f9c12c98bc833c1a772bc56d8f,tcc-microservices-experiment-order-1,81.07,82522931,1073741824,7.69,3,96.5MB / 87.8MB,8.26MB / 77.8kB
76,2026-09-10T07:02:03.987725+00:00,153,2026-09-10T07:02:03.606259+00:00,false,microservices,product,0dc488dbae88d87fdb28897f6611f3a28d52251e19505075080aef698a7d01f2,tcc-microservices-experiment-product-1,0.02,78601257,1073741824,7.32,3,416kB / 282kB,10.1MB / 81.9kB
77,2026-09-10T07:02:04.987726+00:00,155,2026-09-10T07:02:04.606430+00:00,false,microservices,auth,981e9889d2e0fd62c0a5bd49bed8f89d99e0eb983806404d661e7393c5953601,tcc-microservices-experiment-auth-1,0.02,79209431,1073741824,7.38,3,45.8kB / 40.3kB,12.5MB / 65.5kB
77,2026-09-10T07:02:04.987726+00:00,155,2026-09-10T07:02:04.606430+00:00,false,microservices,gateway,4a86f2c4f35e641c70a216fb3942e2e2a06ba3c987fedb775befbfac0e5a03da,tcc-microservices-experiment-gateway-1,26.56,466196890,536870912,86.84,79,72.1MB / 79.9MB,32.5MB / 254kB
77,2026-09-10T07:02:04.987726+00:00,155,2026-09-10T07:02:04.606430+00:00,false,microservices,mysql,e3d0a116828b07ac14a3743d0230676c63e99bce1b5e6a964aa18082c25b8698,tcc-microservices-experiment-mysql-1,25.96,542218650,1073741824,50.49,40,26MB / 81.6MB,51.6MB / 114MB
77,2026-09-10T07:02:04.987726+00:00,155,2026-09-10T07:02:04.606430+00:00,false,microservices,order,1be9875d846c06a88bcb8756c80d53b9f409e8f9c12c98bc833c1a772bc56d8f,tcc-microservices-experiment-order-1,80.3,82827018,1073741824,7.71,3,97.4MB / 88.6MB,8.26MB / 77.8kB
77,2026-09-10T07:02:04.987726+00:00,155,2026-09-10T07:02:04.606430+00:00,false,microservices,product,0dc488dbae88d87fdb28897f6611f3a28d52251e19505075080aef698a7d01f2,tcc-microservices-experiment-product-1,0.02,78601257,1073741824,7.32,3,416kB / 282kB,10.1MB / 81.9kB
78,2026-09-10T07:02:05.987744+00:00,157,2026-09-10T07:02:05.606289+00:00,false,microservices,auth,981e9889d2e0fd62c0a5bd49bed8f89d99e0eb983806404d661e7393c5953601,tcc-microservices-experiment-auth-1,0.02,79209431,1073741824,7.38,3,45.8kB / 40.3kB,12.5MB / 65.5kB
78,2026-09-10T07:02:05.987744+00:00,157,2026-09-10T07:02:05.606289+00:00,false,microservices,gateway,4a86f2c4f35e641c70a216fb3942e2e2a06ba3c987fedb775befbfac0e5a03da,tcc-microservices-experiment-gateway-1,39.53,466616320,536870912,86.91,79,72.8MB / 80.7MB,32.5MB / 254kB
78,2026-09-10T07:02:05.987744+00:00,157,2026-09-10T07:02:05.606289+00:00,false,microservices,mysql,e3d0a116828b07ac14a3743d0230676c63e99bce1b5e6a964aa18082c25b8698,tcc-microservices-experiment-mysql-1,29.4,542742938,1073741824,50.55,40,26.2MB / 82.4MB,51.6MB / 114MB
78,2026-09-10T07:02:05.987744+00:00,157,2026-09-10T07:02:05.606289+00:00,false,microservices,order,1be9875d846c06a88bcb8756c80d53b9f409e8f9c12c98bc833c1a772bc56d8f,tcc-microservices-experiment-order-1,80.92,82816532,1073741824,7.71,3,98.3MB / 89.5MB,8.26MB / 77.8kB
78,2026-09-10T07:02:05.987744+00:00,157,2026-09-10T07:02:05.606289+00:00,false,microservices,product,0dc488dbae88d87fdb28897f6611f3a28d52251e19505075080aef698a7d01f2,tcc-microservices-experiment-product-1,0.01,78601257,1073741824,7.32,3,416kB / 282kB,10.1MB / 81.9kB
79,2026-09-10T07:02:06.987700+00:00,159,2026-09-10T07:02:06.606204+00:00,false,microservices,auth,981e9889d2e0fd62c0a5bd49bed8f89d99e0eb983806404d661e7393c5953601,tcc-microservices-experiment-auth-1,0.02,79209431,1073741824,7.38,3,45.8kB / 40.3kB,12.5MB / 65.5kB
79,2026-09-10T07:02:06.987700+00:00,159,2026-09-10T07:02:06.606204+00:00,false,microservices,gateway,4a86f2c4f35e641c70a216fb3942e2e2a06ba3c987fedb775befbfac0e5a03da,tcc-microservices-experiment-gateway-1,26.71,466196890,536870912,86.84,79,73.5MB / 81.5MB,32.5MB / 254kB
79,2026-09-10T07:02:06.987700+00:00,159,2026-09-10T07:02:06.606204+00:00,false,microservices,mysql,e3d0a116828b07ac14a3743d0230676c63e99bce1b5e6a964aa18082c25b8698,tcc-microservices-experiment-mysql-1,24.61,542742938,1073741824,50.55,40,26.4MB / 83.1MB,51.6MB / 114MB
79,2026-09-10T07:02:06.987700+00:00,159,2026-09-10T07:02:06.606204+00:00,false,microservices,order,1be9875d846c06a88bcb8756c80d53b9f409e8f9c12c98bc833c1a772bc56d8f,tcc-microservices-experiment-order-1,81.22,82260787,1073741824,7.66,3,99.3MB / 90.3MB,8.26MB / 1.32MB
79,2026-09-10T07:02:06.987700+00:00,159,2026-09-10T07:02:06.606204+00:00,false,microservices,product,0dc488dbae88d87fdb28897f6611f3a28d52251e19505075080aef698a7d01f2,tcc-microservices-experiment-product-1,0.02,78601257,1073741824,7.32,3,416kB / 282kB,10.1MB / 81.9kB
80,2026-09-10T07:02:07.987716+00:00,161,2026-09-10T07:02:07.606241+00:00,false,microservices,auth,981e9889d2e0fd62c0a5bd49bed8f89d99e0eb983806404d661e7393c5953601,tcc-microservices-experiment-auth-1,0.02,79209431,1073741824,7.38,3,45.8kB / 40.3kB,12.5MB / 65.5kB
80,2026-09-10T07:02:07.987716+00:00,161,2026-09-10T07:02:07.606241+00:00,false,microservices,gateway,4a86f2c4f35e641c70a216fb3942e2e2a06ba3c987fedb775befbfac0e5a03da,tcc-microservices-experiment-gateway-1,27.25,466511462,536870912,86.89,79,74.3MB / 82.3MB,32.5MB / 254kB
80,2026-09-10T07:02:07.987716+00:00,161,2026-09-10T07:02:07.606241+00:00,false,microservices,mysql,e3d0a116828b07ac14a3743d0230676c63e99bce1b5e6a964aa18082c25b8698,tcc-microservices-experiment-mysql-1,27.38,550607258,1073741824,51.28,41,26.7MB / 83.9MB,51.6MB / 114MB
80,2026-09-10T07:02:07.987716+00:00,161,2026-09-10T07:02:07.606241+00:00,false,microservices,order,1be9875d846c06a88bcb8756c80d53b9f409e8f9c12c98bc833c1a772bc56d8f,tcc-microservices-experiment-order-1,81.79,82690703,1073741824,7.7,3,100MB / 91.2MB,8.26MB / 1.32MB
80,2026-09-10T07:02:07.987716+00:00,161,2026-09-10T07:02:07.606241+00:00,false,microservices,product,0dc488dbae88d87fdb28897f6611f3a28d52251e19505075080aef698a7d01f2,tcc-microservices-experiment-product-1,0.02,78601257,1073741824,7.32,3,416kB / 282kB,10.1MB / 81.9kB
81,2026-09-10T07:02:08.987743+00:00,163,2026-09-10T07:02:08.606321+00:00,false,microservices,auth,981e9889d2e0fd62c0a5bd49bed8f89d99e0eb983806404d661e7393c5953601,tcc-microservices-experiment-auth-1,0.02,79209431,1073741824,7.38,3,45.8kB / 40.3kB,12.5MB / 65.5kB
81,2026-09-10T07:02:08.987743+00:00,163,2026-09-10T07:02:08.606321+00:00,false,microservices,gateway,4a86f2c4f35e641c70a216fb3942e2e2a06ba3c987fedb775befbfac0e5a03da,tcc-microservices-experiment-gateway-1,29.84,466301747,536870912,86.86,79,75MB / 83.1MB,32.5MB / 254kB
81,2026-09-10T07:02:08.987743+00:00,163,2026-09-10T07:02:08.606321+00:00,false,microservices,mysql,e3d0a116828b07ac14a3743d0230676c63e99bce1b5e6a964aa18082c25b8698,tcc-microservices-experiment-mysql-1,25.99,542008934,1073741824,50.48,40,26.9MB / 84.7MB,51.6MB / 114MB
81,2026-09-10T07:02:08.987743+00:00,163,2026-09-10T07:02:08.606321+00:00,false,microservices,order,1be9875d846c06a88bcb8756c80d53b9f409e8f9c12c98bc833c1a772bc56d8f,tcc-microservices-experiment-order-1,81.11,82858476,1073741824,7.72,3,101MB / 92.1MB,8.26MB / 1.32MB
81,2026-09-10T07:02:08.987743+00:00,163,2026-09-10T07:02:08.606321+00:00,false,microservices,product,0dc488dbae88d87fdb28897f6611f3a28d52251e19505075080aef698a7d01f2,tcc-microservices-experiment-product-1,0.02,78601257,1073741824,7.32,3,416kB / 282kB,10.1MB / 81.9kB
82,2026-09-10T07:02:09.987725+00:00,165,2026-09-10T07:02:09.606349+00:00,false,microservices,auth,981e9889d2e0fd62c0a5bd49bed8f89d99e0eb983806404d661e7393c5953601,tcc-microservices-experiment-auth-1,0.02,79209431,1073741824,7.38,3,45.8kB / 40.3kB,12.5MB / 65.5kB
82,2026-09-10T07:02:09.987725+00:00,165,2026-09-10T07:02:09.606349+00:00,false,microservices,gateway,4a86f2c4f35e641c70a216fb3942e2e2a06ba3c987fedb775befbfac0e5a03da,tcc-microservices-experiment-gateway-1,27.28,465882317,536870912,86.78,79,75.8MB / 84MB,32.5MB / 254kB
82,2026-09-10T07:02:09.987725+00:00,165,2026-09-10T07:02:09.606349+00:00,false,microservices,mysql,e3d0a116828b07ac14a3743d0230676c63e99bce1b5e6a964aa18082c25b8698,tcc-microservices-experiment-mysql-1,23.96,542218650,1073741824,50.5,40,27.1MB / 85.5MB,51.6MB / 114MB
82,2026-09-10T07:02:09.987725+00:00,165,2026-09-10T07:02:09.606349+00:00,false,microservices,order,1be9875d846c06a88bcb8756c80d53b9f409e8f9c12c98bc833c1a772bc56d8f,tcc-microservices-experiment-order-1,82.11,82355159,1073741824,7.67,3,102MB / 93MB,8.26MB / 1.32MB
82,2026-09-10T07:02:09.987725+00:00,165,2026-09-10T07:02:09.606349+00:00,false,microservices,product,0dc488dbae88d87fdb28897f6611f3a28d52251e19505075080aef698a7d01f2,tcc-microservices-experiment-product-1,0.02,78601257,1073741824,7.32,3,416kB / 282kB,10.1MB / 81.9kB
83,2026-09-10T07:02:10.987751+00:00,167,2026-09-10T07:02:10.606324+00:00,false,microservices,auth,981e9889d2e0fd62c0a5bd49bed8f89d99e0eb983806404d661e7393c5953601,tcc-microservices-experiment-auth-1,0.02,79209431,1073741824,7.38,3,45.8kB / 40.3kB,12.5MB / 65.5kB
83,2026-09-10T07:02:10.987751+00:00,167,2026-09-10T07:02:10.606324+00:00,false,microservices,gateway,4a86f2c4f35e641c70a216fb3942e2e2a06ba3c987fedb775befbfac0e5a03da,tcc-microservices-experiment-gateway-1,25.81,465672602,536870912,86.74,79,76.5MB / 84.8MB,32.5MB / 254kB
83,2026-09-10T07:02:10.987751+00:00,167,2026-09-10T07:02:10.606324+00:00,false,microservices,mysql,e3d0a116828b07ac14a3743d0230676c63e99bce1b5e6a964aa18082c25b8698,tcc-microservices-experiment-mysql-1,29.34,542218650,1073741824,50.5,40,27.3MB / 86.3MB,51.6MB / 114MB
83,2026-09-10T07:02:10.987751+00:00,167,2026-09-10T07:02:10.606324+00:00,false,microservices,order,1be9875d846c06a88bcb8756c80d53b9f409e8f9c12c98bc833c1a772bc56d8f,tcc-microservices-experiment-order-1,80.59,81967186,1073741824,7.63,3,103MB / 93.8MB,8.26MB / 1.32MB
83,2026-09-10T07:02:10.987751+00:00,167,2026-09-10T07:02:10.606324+00:00,false,microservices,product,0dc488dbae88d87fdb28897f6611f3a28d52251e19505075080aef698a7d01f2,tcc-microservices-experiment-product-1,0.02,78601257,1073741824,7.32,3,416kB / 282kB,10.1MB / 81.9kB
84,2026-09-10T07:02:11.987725+00:00,169,2026-09-10T07:02:11.606262+00:00,false,microservices,auth,981e9889d2e0fd62c0a5bd49bed8f89d99e0eb983806404d661e7393c5953601,tcc-microservices-experiment-auth-1,0.02,79209431,1073741824,7.38,3,45.8kB / 40.3kB,12.5MB / 65.5kB
84,2026-09-10T07:02:11.987725+00:00,169,2026-09-10T07:02:11.606262+00:00,false,microservices,gateway,4a86f2c4f35e641c70a216fb3942e2e2a06ba3c987fedb775befbfac0e5a03da,tcc-microservices-experiment-gateway-1,26.53,466616320,536870912,86.9,79,77.2MB / 85.6MB,32.5MB / 266kB
84,2026-09-10T07:02:11.987725+00:00,169,2026-09-10T07:02:11.606262+00:00,false,microservices,mysql,e3d0a116828b07ac14a3743d0230676c63e99bce1b5e6a964aa18082c25b8698,tcc-microservices-experiment-mysql-1,25.32,541694362,1073741824,50.45,40,27.6MB / 87.1MB,51.6MB / 114MB
84,2026-09-10T07:02:11.987725+00:00,169,2026-09-10T07:02:11.606262+00:00,false,microservices,order,1be9875d846c06a88bcb8756c80d53b9f409e8f9c12c98bc833c1a772bc56d8f,tcc-microservices-experiment-order-1,80.26,82627789,1073741824,7.7,3,104MB / 94.7MB,8.26MB / 1.32MB
84,2026-09-10T07:02:11.987725+00:00,169,2026-09-10T07:02:11.606262+00:00,false,microservices,product,0dc488dbae88d87fdb28897f6611f3a28d52251e19505075080aef698a7d01f2,tcc-microservices-experiment-product-1,0.02,78601257,1073741824,7.32,3,416kB / 282kB,10.1MB / 81.9kB
85,2026-09-10T07:02:12.987729+00:00,171,2026-09-10T07:02:12.606257+00:00,false,microservices,auth,981e9889d2e0fd62c0a5bd49bed8f89d99e0eb983806404d661e7393c5953601,tcc-microservices-experiment-auth-1,0.02,79209431,1073741824,7.38,3,45.8kB / 40.3kB,12.5MB / 65.5kB
85,2026-09-10T07:02:12.987729+00:00,171,2026-09-10T07:02:12.606257+00:00,false,microservices,gateway,4a86f2c4f35e641c70a216fb3942e2e2a06ba3c987fedb775befbfac0e5a03da,tcc-microservices-experiment-gateway-1,26.0,466301747,536870912,86.85,79,77.9MB / 86.4MB,32.5MB / 266kB
85,2026-09-10T07:02:12.987729+00:00,171,2026-09-10T07:02:12.606257+00:00,false,microservices,mysql,e3d0a116828b07ac14a3743d0230676c63e99bce1b5e6a964aa18082c25b8698,tcc-microservices-experiment-mysql-1,29.02,542008934,1073741824,50.48,40,27.8MB / 87.8MB,51.6MB / 114MB
85,2026-09-10T07:02:12.987729+00:00,171,2026-09-10T07:02:12.606257+00:00,false,microservices,order,1be9875d846c06a88bcb8756c80d53b9f409e8f9c12c98bc833c1a772bc56d8f,tcc-microservices-experiment-order-1,81.48,82480988,1073741824,7.68,3,105MB / 95.5MB,8.26MB / 1.32MB
85,2026-09-10T07:02:12.987729+00:00,171,2026-09-10T07:02:12.606257+00:00,false,microservices,product,0dc488dbae88d87fdb28897f6611f3a28d52251e19505075080aef698a7d01f2,tcc-microservices-experiment-product-1,0.01,78601257,1073741824,7.32,3,416kB / 282kB,10.1MB / 81.9kB
86,2026-09-10T07:02:13.987742+00:00,173,2026-09-10T07:02:13.606201+00:00,false,microservices,auth,981e9889d2e0fd62c0a5bd49bed8f89d99e0eb983806404d661e7393c5953601,tcc-microservices-experiment-auth-1,0.02,79209431,1073741824,7.38,3,45.8kB / 40.3kB,12.5MB / 65.5kB
86,2026-09-10T07:02:13.987742+00:00,173,2026-09-10T07:02:13.606201+00:00,false,microservices,gateway,4a86f2c4f35e641c70a216fb3942e2e2a06ba3c987fedb775befbfac0e5a03da,tcc-microservices-experiment-gateway-1,26.87,466511462,536870912,86.89,79,78.7MB / 87.2MB,32.5MB / 266kB
86,2026-09-10T07:02:13.987742+00:00,173,2026-09-10T07:02:13.606201+00:00,false,microservices,mysql,e3d0a116828b07ac14a3743d0230676c63e99bce1b5e6a964aa18082c25b8698,tcc-microservices-experiment-mysql-1,25.02,542218650,1073741824,50.5,40,28MB / 88.6MB,51.6MB / 114MB
86,2026-09-10T07:02:13.987742+00:00,173,2026-09-10T07:02:13.606201+00:00,false,microservices,order,1be9875d846c06a88bcb8756c80d53b9f409e8f9c12c98bc833c1a772bc56d8f,tcc-microservices-experiment-order-1,81.14,82397102,1073741824,7.67,3,106MB / 96.4MB,8.26MB / 1.32MB
86,2026-09-10T07:02:13.987742+00:00,173,2026-09-10T07:02:13.606201+00:00,false,microservices,product,0dc488dbae88d87fdb28897f6611f3a28d52251e19505075080aef698a7d01f2,tcc-microservices-experiment-product-1,0.02,78601257,1073741824,7.32,3,416kB / 282kB,10.1MB / 81.9kB
87,2026-09-10T07:02:14.987722+00:00,175,2026-09-10T07:02:14.606209+00:00,false,microservices,auth,981e9889d2e0fd62c0a5bd49bed8f89d99e0eb983806404d661e7393c5953601,tcc-microservices-experiment-auth-1,0.02,79209431,1073741824,7.38,3,45.8kB / 40.3kB,12.5MB / 65.5kB
87,2026-09-10T07:02:14.987722+00:00,175,2026-09-10T07:02:14.606209+00:00,false,microservices,gateway,4a86f2c4f35e641c70a216fb3942e2e2a06ba3c987fedb775befbfac0e5a03da,tcc-microservices-experiment-gateway-1,25.93,466406605,536870912,86.87,79,79.4MB / 88MB,32.5MB / 266kB
87,2026-09-10T07:02:14.987722+00:00,175,2026-09-10T07:02:14.606209+00:00,false,microservices,mysql,e3d0a116828b07ac14a3743d0230676c63e99bce1b5e6a964aa18082c25b8698,tcc-microservices-experiment-mysql-1,29.28,542113792,1073741824,50.49,40,28.2MB / 89.3MB,51.6MB / 114MB
87,2026-09-10T07:02:14.987722+00:00,175,2026-09-10T07:02:14.606209+00:00,false,microservices,order,1be9875d846c06a88bcb8756c80d53b9f409e8f9c12c98bc833c1a772bc56d8f,tcc-microservices-experiment-order-1,80.74,83047219,1073741824,7.73,3,107MB / 97.2MB,8.26MB / 1.32MB
87,2026-09-10T07:02:14.987722+00:00,175,2026-09-10T07:02:14.606209+00:00,false,microservices,product,0dc488dbae88d87fdb28897f6611f3a28d52251e19505075080aef698a7d01f2,tcc-microservices-experiment-product-1,0.02,78601257,1073741824,7.32,3,416kB / 282kB,10.1MB / 81.9kB
88,2026-09-10T07:02:15.987738+00:00,177,2026-09-10T07:02:15.606697+00:00,false,microservices,auth,981e9889d2e0fd62c0a5bd49bed8f89d99e0eb983806404d661e7393c5953601,tcc-microservices-experiment-auth-1,0.02,79209431,1073741824,7.38,3,45.8kB / 40.3kB,12.5MB / 65.5kB
88,2026-09-10T07:02:15.987738+00:00,177,2026-09-10T07:02:15.606697+00:00,false,microservices,gateway,4a86f2c4f35e641c70a216fb3942e2e2a06ba3c987fedb775befbfac0e5a03da,tcc-microservices-experiment-gateway-1,26.93,466196890,536870912,86.84,79,80.1MB / 88.8MB,32.5MB / 266kB
88,2026-09-10T07:02:15.987738+00:00,177,2026-09-10T07:02:15.606697+00:00,false,microservices,mysql,e3d0a116828b07ac14a3743d0230676c63e99bce1b5e6a964aa18082c25b8698,tcc-microservices-experiment-mysql-1,24.82,542113792,1073741824,50.48,40,28.4MB / 90.1MB,51.6MB / 114MB
88,2026-09-10T07:02:15.987738+00:00,177,2026-09-10T07:02:15.606697+00:00,false,microservices,order,1be9875d846c06a88bcb8756c80d53b9f409e8f9c12c98bc833c1a772bc56d8f,tcc-microservices-experiment-order-1,80.38,82512445,1073741824,7.68,3,108MB / 98.1MB,8.26MB / 1.32MB
88,2026-09-10T07:02:15.987738+00:00,177,2026-09-10T07:02:15.606697+00:00,false,microservices,product,0dc488dbae88d87fdb28897f6611f3a28d52251e19505075080aef698a7d01f2,tcc-microservices-experiment-product-1,0.02,78601257,1073741824,7.32,3,416kB / 282kB,10.1MB / 81.9kB
89,2026-09-10T07:02:16.987726+00:00,179,2026-09-10T07:02:16.606331+00:00,false,microservices,auth,981e9889d2e0fd62c0a5bd49bed8f89d99e0eb983806404d661e7393c5953601,tcc-microservices-experiment-auth-1,0.02,79209431,1073741824,7.38,3,45.8kB / 40.3kB,12.5MB / 65.5kB
89,2026-09-10T07:02:16.987726+00:00,179,2026-09-10T07:02:16.606331+00:00,false,microservices,gateway,4a86f2c4f35e641c70a216fb3942e2e2a06ba3c987fedb775befbfac0e5a03da,tcc-microservices-experiment-gateway-1,30.94,474900070,536870912,88.45,79,80.9MB / 89.6MB,32.5MB / 266kB
89,2026-09-10T07:02:16.987726+00:00,179,2026-09-10T07:02:16.606331+00:00,false,microservices,mysql,e3d0a116828b07ac14a3743d0230676c63e99bce1b5e6a964aa18082c25b8698,tcc-microservices-experiment-mysql-1,29.3,542323507,1073741824,50.51,40,28.6MB / 90.9MB,51.6MB / 114MB
89,2026-09-10T07:02:16.987726+00:00,179,2026-09-10T07:02:16.606331+00:00,false,microservices,order,1be9875d846c06a88bcb8756c80d53b9f409e8f9c12c98bc833c1a772bc56d8f,tcc-microservices-experiment-order-1,80.59,82281759,1073741824,7.66,3,109MB / 99MB,8.26MB / 1.32MB
89,2026-09-10T07:02:16.987726+00:00,179,2026-09-10T07:02:16.606331+00:00,false,microservices,product,0dc488dbae88d87fdb28897f6611f3a28d52251e19505075080aef698a7d01f2,tcc-microservices-experiment-product-1,0.01,78601257,1073741824,7.32,3,416kB / 282kB,10.1MB / 81.9kB
90,2026-09-10T07:02:17.987742+00:00,181,2026-09-10T07:02:17.606275+00:00,false,microservices,auth,981e9889d2e0fd62c0a5bd49bed8f89d99e0eb983806404d661e7393c5953601,tcc-microservices-experiment-auth-1,0.01,79209431,1073741824,7.38,3,45.8kB / 40.3kB,12.5MB / 65.5kB
90,2026-09-10T07:02:17.987742+00:00,181,2026-09-10T07:02:17.606275+00:00,false,microservices,gateway,4a86f2c4f35e641c70a216fb3942e2e2a06ba3c987fedb775befbfac0e5a03da,tcc-microservices-experiment-gateway-1,25.91,475529216,536870912,88.57,79,81.6MB / 90.4MB,32.5MB / 266kB
90,2026-09-10T07:02:17.987742+00:00,181,2026-09-10T07:02:17.606275+00:00,false,microservices,mysql,e3d0a116828b07ac14a3743d0230676c63e99bce1b5e6a964aa18082c25b8698,tcc-microservices-experiment-mysql-1,25.37,542323507,1073741824,50.51,40,28.9MB / 91.6MB,51.6MB / 114MB
90,2026-09-10T07:02:17.987742+00:00,181,2026-09-10T07:02:17.606275+00:00,false,microservices,order,1be9875d846c06a88bcb8756c80d53b9f409e8f9c12c98bc833c1a772bc56d8f,tcc-microservices-experiment-order-1,80.12,82491474,1073741824,7.68,3,110MB / 99.8MB,8.26MB / 1.32MB
90,2026-09-10T07:02:17.987742+00:00,181,2026-09-10T07:02:17.606275+00:00,false,microservices,product,0dc488dbae88d87fdb28897f6611f3a28d52251e19505075080aef698a7d01f2,tcc-microservices-experiment-product-1,0.01,78601257,1073741824,7.32,3,416kB / 282kB,10.1MB / 81.9kB
91,2026-09-10T07:02:18.987753+00:00,183,2026-09-10T07:02:18.606479+00:00,false,microservices,auth,981e9889d2e0fd62c0a5bd49bed8f89d99e0eb983806404d661e7393c5953601,tcc-microservices-experiment-auth-1,0.02,79209431,1073741824,7.38,3,45.8kB / 40.3kB,12.5MB / 65.5kB
91,2026-09-10T07:02:18.987753+00:00,183,2026-09-10T07:02:18.606479+00:00,false,microservices,gateway,4a86f2c4f35e641c70a216fb3942e2e2a06ba3c987fedb775befbfac0e5a03da,tcc-microservices-experiment-gateway-1,27.54,475214643,536870912,88.52,79,82.3MB / 91.2MB,32.5MB / 266kB
91,2026-09-10T07:02:18.987753+00:00,183,2026-09-10T07:02:18.606479+00:00,false,microservices,mysql,e3d0a116828b07ac14a3743d0230676c63e99bce1b5e6a964aa18082c25b8698,tcc-microservices-experiment-mysql-1,29.01,542428365,1073741824,50.52,40,29.1MB / 92.4MB,51.6MB / 114MB
91,2026-09-10T07:02:18.987753+00:00,183,2026-09-10T07:02:18.606479+00:00,false,microservices,order,1be9875d846c06a88bcb8756c80d53b9f409e8f9c12c98bc833c1a772bc56d8f,tcc-microservices-experiment-order-1,80.94,82659246,1073741824,7.7,3,111MB / 101MB,8.26MB / 1.32MB
91,2026-09-10T07:02:18.987753+00:00,183,2026-09-10T07:02:18.606479+00:00,false,microservices,product,0dc488dbae88d87fdb28897f6611f3a28d52251e19505075080aef698a7d01f2,tcc-microservices-experiment-product-1,0.02,78601257,1073741824,7.32,3,416kB / 282kB,10.1MB / 81.9kB
92,2026-09-10T07:02:19.987748+00:00,185,2026-09-10T07:02:19.606251+00:00,false,microservices,auth,981e9889d2e0fd62c0a5bd49bed8f89d99e0eb983806404d661e7393c5953601,tcc-microservices-experiment-auth-1,0.02,79209431,1073741824,7.38,3,45.8kB / 40.3kB,12.5MB / 65.5kB
92,2026-09-10T07:02:19.987748+00:00,185,2026-09-10T07:02:19.606251+00:00,false,microservices,gateway,4a86f2c4f35e641c70a216fb3942e2e2a06ba3c987fedb775befbfac0e5a03da,tcc-microservices-experiment-gateway-1,27.33,475529216,536870912,88.57,79,83MB / 92MB,32.5MB / 266kB
92,2026-09-10T07:02:19.987748+00:00,185,2026-09-10T07:02:19.606251+00:00,false,microservices,mysql,e3d0a116828b07ac14a3743d0230676c63e99bce1b5e6a964aa18082c25b8698,tcc-microservices-experiment-mysql-1,24.4,542428365,1073741824,50.52,40,29.3MB / 93.2MB,51.6MB / 114MB
92,2026-09-10T07:02:19.987748+00:00,185,2026-09-10T07:02:19.606251+00:00,false,microservices,order,1be9875d846c06a88bcb8756c80d53b9f409e8f9c12c98bc833c1a772bc56d8f,tcc-microservices-experiment-order-1,81.66,82512445,1073741824,7.68,3,111MB / 102MB,8.26MB / 1.32MB
92,2026-09-10T07:02:19.987748+00:00,185,2026-09-10T07:02:19.606251+00:00,false,microservices,product,0dc488dbae88d87fdb28897f6611f3a28d52251e19505075080aef698a7d01f2,tcc-microservices-experiment-product-1,0.02,78601257,1073741824,7.32,3,416kB / 282kB,10.1MB / 81.9kB
93,2026-09-10T07:02:20.987739+00:00,187,2026-09-10T07:02:20.606417+00:00,false,microservices,auth,981e9889d2e0fd62c0a5bd49bed8f89d99e0eb983806404d661e7393c5953601,tcc-microservices-experiment-auth-1,0.02,79209431,1073741824,7.38,3,45.8kB / 40.3kB,12.5MB / 65.5kB
93,2026-09-10T07:02:20.987739+00:00,187,2026-09-10T07:02:20.606417+00:00,false,microservices,gateway,4a86f2c4f35e641c70a216fb3942e2e2a06ba3c987fedb775befbfac0e5a03da,tcc-microservices-experiment-gateway-1,27.07,474480640,536870912,88.38,79,83.8MB / 92.9MB,32.5MB / 266kB
93,2026-09-10T07:02:20.987739+00:00,187,2026-09-10T07:02:20.606417+00:00,false,microservices,mysql,e3d0a116828b07ac14a3743d0230676c63e99bce1b5e6a964aa18082c25b8698,tcc-microservices-experiment-mysql-1,29.32,542323507,1073741824,50.51,40,29.5MB / 94MB,51.6MB / 114MB
93,2026-09-10T07:02:20.987739+00:00,187,2026-09-10T07:02:20.606417+00:00,false,microservices,order,1be9875d846c06a88bcb8756c80d53b9f409e8f9c12c98bc833c1a772bc56d8f,tcc-microservices-experiment-order-1,81.21,82711675,1073741824,7.7,3,112MB / 102MB,8.26MB / 1.32MB
93,2026-09-10T07:02:20.987739+00:00,187,2026-09-10T07:02:20.606417+00:00,false,microservices,product,0dc488dbae88d87fdb28897f6611f3a28d52251e19505075080aef698a7d01f2,tcc-microservices-experiment-product-1,0.02,78601257,1073741824,7.32,3,416kB / 282kB,10.1MB / 81.9kB
94,2026-09-10T07:02:21.987710+00:00,189,2026-09-10T07:02:21.605307+00:00,false,microservices,auth,981e9889d2e0fd62c0a5bd49bed8f89d99e0eb983806404d661e7393c5953601,tcc-microservices-experiment-auth-1,0.02,79209431,1073741824,7.38,3,45.8kB / 40.3kB,12.5MB / 65.5kB
94,2026-09-10T07:02:21.987710+00:00,189,2026-09-10T07:02:21.605307+00:00,false,microservices,gateway,4a86f2c4f35e641c70a216fb3942e2e2a06ba3c987fedb775befbfac0e5a03da,tcc-microservices-experiment-gateway-1,27.91,475004928,536870912,88.48,79,84.5MB / 93.7MB,32.5MB / 266kB
94,2026-09-10T07:02:21.987710+00:00,189,2026-09-10T07:02:21.605307+00:00,false,microservices,mysql,e3d0a116828b07ac14a3743d0230676c63e99bce1b5e6a964aa18082c25b8698,tcc-microservices-experiment-mysql-1,24.29,541904077,1073741824,50.47,40,29.7MB / 94.7MB,51.6MB / 114MB
94,2026-09-10T07:02:21.987710+00:00,189,2026-09-10T07:02:21.605307+00:00,false,microservices,order,1be9875d846c06a88bcb8756c80d53b9f409e8f9c12c98bc833c1a772bc56d8f,tcc-microservices-experiment-order-1,81.88,82879447,1073741824,7.72,3,113MB / 103MB,8.26MB / 1.51MB
94,2026-09-10T07:02:21.987710+00:00,189,2026-09-10T07:02:21.605307+00:00,false,microservices,product,0dc488dbae88d87fdb28897f6611f3a28d52251e19505075080aef698a7d01f2,tcc-microservices-experiment-product-1,0.02,78601257,1073741824,7.32,3,416kB / 282kB,10.1MB / 81.9kB
95,2026-09-10T07:02:22.987721+00:00,191,2026-09-10T07:02:22.607180+00:00,false,microservices,auth,981e9889d2e0fd62c0a5bd49bed8f89d99e0eb983806404d661e7393c5953601,tcc-microservices-experiment-auth-1,0.02,79209431,1073741824,7.38,3,45.8kB / 40.3kB,12.5MB / 65.5kB
95,2026-09-10T07:02:22.987721+00:00,191,2026-09-10T07:02:22.607180+00:00,false,microservices,gateway,4a86f2c4f35e641c70a216fb3942e2e2a06ba3c987fedb775befbfac0e5a03da,tcc-microservices-experiment-gateway-1,27.15,475214643,536870912,88.51,79,85.3MB / 94.5MB,32.5MB / 266kB
95,2026-09-10T07:02:22.987721+00:00,191,2026-09-10T07:02:22.607180+00:00,false,microservices,mysql,e3d0a116828b07ac14a3743d0230676c63e99bce1b5e6a964aa18082c25b8698,tcc-microservices-experiment-mysql-1,29.11,542218650,1073741824,50.5,40,30MB / 95.5MB,51.6MB / 114MB
95,2026-09-10T07:02:22.987721+00:00,191,2026-09-10T07:02:22.607180+00:00,false,microservices,order,1be9875d846c06a88bcb8756c80d53b9f409e8f9c12c98bc833c1a772bc56d8f,tcc-microservices-experiment-order-1,81.1,82596332,1073741824,7.69,3,114MB / 104MB,8.26MB / 1.51MB
95,2026-09-10T07:02:22.987721+00:00,191,2026-09-10T07:02:22.607180+00:00,false,microservices,product,0dc488dbae88d87fdb28897f6611f3a28d52251e19505075080aef698a7d01f2,tcc-microservices-experiment-product-1,0.02,78601257,1073741824,7.32,3,416kB / 282kB,10.1MB / 81.9kB
96,2026-09-10T07:02:23.987745+00:00,193,2026-09-10T07:02:23.606240+00:00,false,microservices,auth,981e9889d2e0fd62c0a5bd49bed8f89d99e0eb983806404d661e7393c5953601,tcc-microservices-experiment-auth-1,0.02,79209431,1073741824,7.38,3,45.8kB / 40.3kB,12.5MB / 65.5kB
96,2026-09-10T07:02:23.987745+00:00,193,2026-09-10T07:02:23.606240+00:00,false,microservices,gateway,4a86f2c4f35e641c70a216fb3942e2e2a06ba3c987fedb775befbfac0e5a03da,tcc-microservices-experiment-gateway-1,25.98,475214643,536870912,88.51,79,86MB / 95.3MB,32.5MB / 266kB
96,2026-09-10T07:02:23.987745+00:00,193,2026-09-10T07:02:23.606240+00:00,false,microservices,mysql,e3d0a116828b07ac14a3743d0230676c63e99bce1b5e6a964aa18082c25b8698,tcc-microservices-experiment-mysql-1,26.32,541694362,1073741824,50.45,40,30.2MB / 96.2MB,51.6MB / 114MB
96,2026-09-10T07:02:23.987745+00:00,193,2026-09-10T07:02:23.606240+00:00,false,microservices,order,1be9875d846c06a88bcb8756c80d53b9f409e8f9c12c98bc833c1a772bc56d8f,tcc-microservices-experiment-order-1,79.29,83393249,1073741824,7.77,3,115MB / 105MB,8.26MB / 1.51MB
96,2026-09-10T07:02:23.987745+00:00,193,2026-09-10T07:02:23.606240+00:00,false,microservices,product,0dc488dbae88d87fdb28897f6611f3a28d52251e19505075080aef698a7d01f2,tcc-microservices-experiment-product-1,0.02,78601257,1073741824,7.32,3,416kB / 282kB,10.1MB / 81.9kB
97,2026-09-10T07:02:24.987747+00:00,195,2026-09-10T07:02:24.605230+00:00,false,microservices,auth,981e9889d2e0fd62c0a5bd49bed8f89d99e0eb983806404d661e7393c5953601,tcc-microservices-experiment-auth-1,0.02,79209431,1073741824,7.38,3,45.8kB / 40.3kB,12.5MB / 65.5kB
97,2026-09-10T07:02:24.987747+00:00,195,2026-09-10T07:02:24.605230+00:00,false,microservices,gateway,4a86f2c4f35e641c70a216fb3942e2e2a06ba3c987fedb775befbfac0e5a03da,tcc-microservices-experiment-gateway-1,26.82,475214643,536870912,88.51,79,86.7MB / 96.1MB,32.5MB / 266kB
97,2026-09-10T07:02:24.987747+00:00,195,2026-09-10T07:02:24.605230+00:00,false,microservices,mysql,e3d0a116828b07ac14a3743d0230676c63e99bce1b5e6a964aa18082c25b8698,tcc-microservices-experiment-mysql-1,30.08,542533222,1073741824,50.53,40,30.4MB / 97MB,51.6MB / 114MB
97,2026-09-10T07:02:24.987747+00:00,195,2026-09-10T07:02:24.605230+00:00,false,microservices,order,1be9875d846c06a88bcb8756c80d53b9f409e8f9c12c98bc833c1a772bc56d8f,tcc-microservices-experiment-order-1,80.0,83277906,1073741824,7.76,3,116MB / 106MB,8.26MB / 1.51MB
97,2026-09-10T07:02:24.987747+00:00,195,2026-09-10T07:02:24.605230+00:00,false,microservices,product,0dc488dbae88d87fdb28897f6611f3a28d52251e19505075080aef698a7d01f2,tcc-microservices-experiment-product-1,0.01,78601257,1073741824,7.32,3,416kB / 282kB,10.1MB / 81.9kB
98,2026-09-10T07:02:25.987741+00:00,197,2026-09-10T07:02:25.605523+00:00,false,microservices,auth,981e9889d2e0fd62c0a5bd49bed8f89d99e0eb983806404d661e7393c5953601,tcc-microservices-experiment-auth-1,0.02,79209431,1073741824,7.38,3,45.8kB / 40.3kB,12.5MB / 65.5kB
98,2026-09-10T07:02:25.987741+00:00,197,2026-09-10T07:02:25.605523+00:00,false,microservices,gateway,4a86f2c4f35e641c70a216fb3942e2e2a06ba3c987fedb775befbfac0e5a03da,tcc-microservices-experiment-gateway-1,27.68,475634074,536870912,88.59,79,87.4MB / 96.9MB,32.5MB / 266kB
98,2026-09-10T07:02:25.987741+00:00,197,2026-09-10T07:02:25.605523+00:00,false,microservices,mysql,e3d0a116828b07ac14a3743d0230676c63e99bce1b5e6a964aa18082c25b8698,tcc-microservices-experiment-mysql-1,25.95,542638080,1073741824,50.53,40,30.6MB / 97.8MB,51.6MB / 114MB
98,2026-09-10T07:02:25.987741+00:00,197,2026-09-10T07:02:25.605523+00:00,false,microservices,order,1be9875d846c06a88bcb8756c80d53b9f409e8f9c12c98bc833c1a772bc56d8f,tcc-microservices-experiment-order-1,79.88,83644908,1073741824,7.79,3,117MB / 107MB,8.26MB / 1.51MB
98,2026-09-10T07:02:25.987741+00:00,197,2026-09-10T07:02:25.605523+00:00,false,microservices,product,0dc488dbae88d87fdb28897f6611f3a28d52251e19505075080aef698a7d01f2,tcc-microservices-experiment-product-1,0.02,78601257,1073741824,7.32,3,416kB / 282kB,10.1MB / 81.9kB
99,2026-09-10T07:02:26.987683+00:00,199,2026-09-10T07:02:26.606286+00:00,false,microservices,auth,981e9889d2e0fd62c0a5bd49bed8f89d99e0eb983806404d661e7393c5953601,tcc-microservices-experiment-auth-1,0.02,79209431,1073741824,7.38,3,45.8kB / 40.3kB,12.5MB / 65.5kB
99,2026-09-10T07:02:26.987683+00:00,199,2026-09-10T07:02:26.606286+00:00,false,microservices,gateway,4a86f2c4f35e641c70a216fb3942e2e2a06ba3c987fedb775befbfac0e5a03da,tcc-microservices-experiment-gateway-1,27.01,475948646,536870912,88.65,79,88.1MB / 97.7MB,32.5MB / 279kB
99,2026-09-10T07:02:26.987683+00:00,199,2026-09-10T07:02:26.606286+00:00,false,microservices,mysql,e3d0a116828b07ac14a3743d0230676c63e99bce1b5e6a964aa18082c25b8698,tcc-microservices-experiment-mysql-1,28.64,542742938,1073741824,50.55,40,30.8MB / 98.5MB,51.6MB / 114MB
99,2026-09-10T07:02:26.987683+00:00,199,2026-09-10T07:02:26.606286+00:00,false,microservices,order,1be9875d846c06a88bcb8756c80d53b9f409e8f9c12c98bc833c1a772bc56d8f,tcc-microservices-experiment-order-1,80.74,82931876,1073741824,7.72,3,118MB / 107MB,8.26MB / 1.51MB
99,2026-09-10T07:02:26.987683+00:00,199,2026-09-10T07:02:26.606286+00:00,false,microservices,product,0dc488dbae88d87fdb28897f6611f3a28d52251e19505075080aef698a7d01f2,tcc-microservices-experiment-product-1,0.02,78601257,1073741824,7.32,3,416kB / 282kB,10.1MB / 81.9kB
100,2026-09-10T07:02:27.987713+00:00,201,2026-09-10T07:02:27.604620+00:00,false,microservices,auth,981e9889d2e0fd62c0a5bd49bed8f89d99e0eb983806404d661e7393c5953601,tcc-microservices-experiment-auth-1,0.02,79209431,1073741824,7.38,3,45.8kB / 40.3kB,12.5MB / 65.5kB
100,2026-09-10T07:02:27.987713+00:00,201,2026-09-10T07:02:27.604620+00:00,false,microservices,gateway,4a86f2c4f35e641c70a216fb3942e2e2a06ba3c987fedb775befbfac0e5a03da,tcc-microservices-experiment-gateway-1,27.01,476158362,536870912,88.7,79,88.8MB / 98.5MB,32.5MB / 279kB
100,2026-09-10T07:02:27.987713+00:00,201,2026-09-10T07:02:27.604620+00:00,false,microservices,mysql,e3d0a116828b07ac14a3743d0230676c63e99bce1b5e6a964aa18082c25b8698,tcc-microservices-experiment-mysql-1,24.56,542428365,1073741824,50.51,40,31MB / 99.3MB,51.6MB / 114MB
100,2026-09-10T07:02:27.987713+00:00,201,2026-09-10T07:02:27.604620+00:00,false,microservices,order,1be9875d846c06a88bcb8756c80d53b9f409e8f9c12c98bc833c1a772bc56d8f,tcc-microservices-experiment-order-1,81.61,82491474,1073741824,7.68,3,119MB / 108MB,8.26MB / 1.51MB
100,2026-09-10T07:02:27.987713+00:00,201,2026-09-10T07:02:27.604620+00:00,false,microservices,product,0dc488dbae88d87fdb28897f6611f3a28d52251e19505075080aef698a7d01f2,tcc-microservices-experiment-product-1,0.02,78601257,1073741824,7.32,3,416kB / 282kB,10.1MB / 81.9kB
101,2026-09-10T07:02:28.987707+00:00,203,2026-09-10T07:02:28.606298+00:00,false,microservices,auth,981e9889d2e0fd62c0a5bd49bed8f89d99e0eb983806404d661e7393c5953601,tcc-microservices-experiment-auth-1,0.02,79209431,1073741824,7.38,3,45.8kB / 40.3kB,12.5MB / 65.5kB
101,2026-09-10T07:02:28.987707+00:00,203,2026-09-10T07:02:28.606298+00:00,false,microservices,gateway,4a86f2c4f35e641c70a216fb3942e2e2a06ba3c987fedb775befbfac0e5a03da,tcc-microservices-experiment-gateway-1,26.87,475004928,536870912,88.49,79,89.6MB / 99.3MB,32.5MB / 279kB
101,2026-09-10T07:02:28.987707+00:00,203,2026-09-10T07:02:28.606298+00:00,false,microservices,mysql,e3d0a116828b07ac14a3743d0230676c63e99bce1b5e6a964aa18082c25b8698,tcc-microservices-experiment-mysql-1,29.62,542218650,1073741824,50.5,40,31.2MB / 100MB,51.6MB / 114MB
101,2026-09-10T07:02:28.987707+00:00,203,2026-09-10T07:02:28.606298+00:00,false,microservices,order,1be9875d846c06a88bcb8756c80d53b9f409e8f9c12c98bc833c1a772bc56d8f,tcc-microservices-experiment-order-1,81.18,82889933,1073741824,7.72,3,120MB / 109MB,8.26MB / 1.51MB
101,2026-09-10T07:02:28.987707+00:00,203,2026-09-10T07:02:28.606298+00:00,false,microservices,product,0dc488dbae88d87fdb28897f6611f3a28d52251e19505075080aef698a7d01f2,tcc-microservices-experiment-product-1,0.02,78601257,1073741824,7.32,3,416kB / 282kB,10.1MB / 81.9kB
102,2026-09-10T07:02:29.987736+00:00,205,2026-09-10T07:02:29.605696+00:00,false,microservices,auth,981e9889d2e0fd62c0a5bd49bed8f89d99e0eb983806404d661e7393c5953601,tcc-microservices-experiment-auth-1,0.01,79209431,1073741824,7.38,3,45.8kB / 40.3kB,12.5MB / 65.5kB
102,2026-09-10T07:02:29.987736+00:00,205,2026-09-10T07:02:29.605696+00:00,false,microservices,gateway,4a86f2c4f35e641c70a216fb3942e2e2a06ba3c987fedb775befbfac0e5a03da,tcc-microservices-experiment-gateway-1,27.2,475529216,536870912,88.58,79,90.3MB / 100MB,32.5MB / 279kB
102,2026-09-10T07:02:29.987736+00:00,205,2026-09-10T07:02:29.605696+00:00,false,microservices,mysql,e3d0a116828b07ac14a3743d0230676c63e99bce1b5e6a964aa18082c25b8698,tcc-microservices-experiment-mysql-1,23.35,542008934,1073741824,50.48,40,31.5MB / 101MB,51.6MB / 114MB
102,2026-09-10T07:02:29.987736+00:00,205,2026-09-10T07:02:29.605696+00:00,false,microservices,order,1be9875d846c06a88bcb8756c80d53b9f409e8f9c12c98bc833c1a772bc56d8f,tcc-microservices-experiment-order-1,83.08,82690703,1073741824,7.7,3,121MB / 110MB,8.26MB / 1.51MB
102,2026-09-10T07:02:29.987736+00:00,205,2026-09-10T07:02:29.605696+00:00,false,microservices,product,0dc488dbae88d87fdb28897f6611f3a28d52251e19505075080aef698a7d01f2,tcc-microservices-experiment-product-1,0.02,78601257,1073741824,7.32,3,416kB / 282kB,10.1MB / 81.9kB
103,2026-09-10T07:02:30.987724+00:00,207,2026-09-10T07:02:30.606322+00:00,false,microservices,auth,981e9889d2e0fd62c0a5bd49bed8f89d99e0eb983806404d661e7393c5953601,tcc-microservices-experiment-auth-1,0.02,79209431,1073741824,7.38,3,45.8kB / 40.3kB,12.5MB / 65.5kB
103,2026-09-10T07:02:30.987724+00:00,207,2026-09-10T07:02:30.606322+00:00,false,microservices,gateway,4a86f2c4f35e641c70a216fb3942e2e2a06ba3c987fedb775befbfac0e5a03da,tcc-microservices-experiment-gateway-1,26.68,475424358,536870912,88.56,79,91MB / 101MB,32.5MB / 279kB
103,2026-09-10T07:02:30.987724+00:00,207,2026-09-10T07:02:30.606322+00:00,false,microservices,mysql,e3d0a116828b07ac14a3743d0230676c63e99bce1b5e6a964aa18082c25b8698,tcc-microservices-experiment-mysql-1,29.71,542113792,1073741824,50.48,40,31.7MB / 102MB,51.6MB / 114MB
103,2026-09-10T07:02:30.987724+00:00,207,2026-09-10T07:02:30.606322+00:00,false,microservices,order,1be9875d846c06a88bcb8756c80d53b9f409e8f9c12c98bc833c1a772bc56d8f,tcc-microservices-experiment-order-1,81.11,82648760,1073741824,7.7,3,122MB / 111MB,8.26MB / 1.51MB
103,2026-09-10T07:02:30.987724+00:00,207,2026-09-10T07:02:30.606322+00:00,false,microservices,product,0dc488dbae88d87fdb28897f6611f3a28d52251e19505075080aef698a7d01f2,tcc-microservices-experiment-product-1,0.02,78601257,1073741824,7.32,3,416kB / 282kB,10.1MB / 81.9kB
104,2026-09-10T07:02:31.987720+00:00,209,2026-09-10T07:02:31.605344+00:00,false,microservices,auth,981e9889d2e0fd62c0a5bd49bed8f89d99e0eb983806404d661e7393c5953601,tcc-microservices-experiment-auth-1,0.02,79209431,1073741824,7.38,3,45.8kB / 40.3kB,12.5MB / 65.5kB
104,2026-09-10T07:02:31.987720+00:00,209,2026-09-10T07:02:31.605344+00:00,false,microservices,gateway,4a86f2c4f35e641c70a216fb3942e2e2a06ba3c987fedb775befbfac0e5a03da,tcc-microservices-experiment-gateway-1,27.49,475634074,536870912,88.6,79,91.8MB / 102MB,32.5MB / 279kB
104,2026-09-10T07:02:31.987720+00:00,209,2026-09-10T07:02:31.605344+00:00,false,microservices,mysql,e3d0a116828b07ac14a3743d0230676c63e99bce1b5e6a964aa18082c25b8698,tcc-microservices-experiment-mysql-1,24.44,541904077,1073741824,50.47,40,31.9MB / 102MB,51.6MB / 114MB
104,2026-09-10T07:02:31.987720+00:00,209,2026-09-10T07:02:31.605344+00:00,false,microservices,order,1be9875d846c06a88bcb8756c80d53b9f409e8f9c12c98bc833c1a772bc56d8f,tcc-microservices-experiment-order-1,81.41,82753618,1073741824,7.71,3,123MB / 112MB,8.26MB / 1.51MB
104,2026-09-10T07:02:31.987720+00:00,209,2026-09-10T07:02:31.605344+00:00,false,microservices,product,0dc488dbae88d87fdb28897f6611f3a28d52251e19505075080aef698a7d01f2,tcc-microservices-experiment-product-1,0.02,78601257,1073741824,7.32,3,416kB / 282kB,10.1MB / 81.9kB
105,2026-09-10T07:02:32.987743+00:00,211,2026-09-10T07:02:32.606939+00:00,false,microservices,auth,981e9889d2e0fd62c0a5bd49bed8f89d99e0eb983806404d661e7393c5953601,tcc-microservices-experiment-auth-1,0.02,79209431,1073741824,7.38,3,45.8kB / 40.3kB,12.5MB / 65.5kB
105,2026-09-10T07:02:32.987743+00:00,211,2026-09-10T07:02:32.606939+00:00,false,microservices,gateway,4a86f2c4f35e641c70a216fb3942e2e2a06ba3c987fedb775befbfac0e5a03da,tcc-microservices-experiment-gateway-1,27.56,475424358,536870912,88.56,79,92.5MB / 102MB,32.5MB / 279kB
105,2026-09-10T07:02:32.987743+00:00,211,2026-09-10T07:02:32.606939+00:00,false,microservices,mysql,e3d0a116828b07ac14a3743d0230676c63e99bce1b5e6a964aa18082c25b8698,tcc-microservices-experiment-mysql-1,29.91,543162368,1073741824,50.59,40,32.1MB / 103MB,51.6MB / 114MB
105,2026-09-10T07:02:32.987743+00:00,211,2026-09-10T07:02:32.606939+00:00,false,microservices,order,1be9875d846c06a88bcb8756c80d53b9f409e8f9c12c98bc833c1a772bc56d8f,tcc-microservices-experiment-order-1,80.08,83414221,1073741824,7.77,3,124MB / 113MB,8.26MB / 1.51MB
105,2026-09-10T07:02:32.987743+00:00,211,2026-09-10T07:02:32.606939+00:00,false,microservices,product,0dc488dbae88d87fdb28897f6611f3a28d52251e19505075080aef698a7d01f2,tcc-microservices-experiment-product-1,0.01,78601257,1073741824,7.32,3,416kB / 282kB,10.1MB / 81.9kB
106,2026-09-10T07:02:33.987741+00:00,213,2026-09-10T07:02:33.605004+00:00,false,microservices,auth,981e9889d2e0fd62c0a5bd49bed8f89d99e0eb983806404d661e7393c5953601,tcc-microservices-experiment-auth-1,0.02,79209431,1073741824,7.38,3,45.8kB / 40.3kB,12.5MB / 65.5kB
106,2026-09-10T07:02:33.987741+00:00,213,2026-09-10T07:02:33.605004+00:00,false,microservices,gateway,4a86f2c4f35e641c70a216fb3942e2e2a06ba3c987fedb775befbfac0e5a03da,tcc-microservices-experiment-gateway-1,26.06,475634074,536870912,88.59,79,93.2MB / 103MB,32.5MB / 279kB
106,2026-09-10T07:02:33.987741+00:00,213,2026-09-10T07:02:33.605004+00:00,false,microservices,mysql,e3d0a116828b07ac14a3743d0230676c63e99bce1b5e6a964aa18082c25b8698,tcc-microservices-experiment-mysql-1,26.42,542847795,1073741824,50.55,40,32.3MB / 104MB,51.6MB / 114MB
106,2026-09-10T07:02:33.987741+00:00,213,2026-09-10T07:02:33.605004+00:00,false,microservices,order,1be9875d846c06a88bcb8756c80d53b9f409e8f9c12c98bc833c1a772bc56d8f,tcc-microservices-experiment-order-1,79.66,82512445,1073741824,7.68,3,124MB / 113MB,8.26MB / 1.51MB
106,2026-09-10T07:02:33.987741+00:00,213,2026-09-10T07:02:33.605004+00:00,false,microservices,product,0dc488dbae88d87fdb28897f6611f3a28d52251e19505075080aef698a7d01f2,tcc-microservices-experiment-product-1,0.02,78601257,1073741824,7.32,3,416kB / 282kB,10.1MB / 81.9kB
107,2026-09-10T07:02:34.987724+00:00,215,2026-09-10T07:02:34.606232+00:00,false,microservices,auth,981e9889d2e0fd62c0a5bd49bed8f89d99e0eb983806404d661e7393c5953601,tcc-microservices-experiment-auth-1,0.02,79209431,1073741824,7.38,3,45.8kB / 40.3kB,12.5MB / 65.5kB
107,2026-09-10T07:02:34.987724+00:00,215,2026-09-10T07:02:34.606232+00:00,false,microservices,gateway,4a86f2c4f35e641c70a216fb3942e2e2a06ba3c987fedb775befbfac0e5a03da,tcc-microservices-experiment-gateway-1,26.39,475529216,536870912,88.57,79,93.9MB / 104MB,32.5MB / 279kB
107,2026-09-10T07:02:34.987724+00:00,215,2026-09-10T07:02:34.606232+00:00,false,microservices,mysql,e3d0a116828b07ac14a3743d0230676c63e99bce1b5e6a964aa18082c25b8698,tcc-microservices-experiment-mysql-1,29.09,542847795,1073741824,50.56,40,32.5MB / 105MB,51.6MB / 114MB
107,2026-09-10T07:02:34.987724+00:00,215,2026-09-10T07:02:34.606232+00:00,false,microservices,order,1be9875d846c06a88bcb8756c80d53b9f409e8f9c12c98bc833c1a772bc56d8f,tcc-microservices-experiment-order-1,81.06,83319849,1073741824,7.76,3,125MB / 114MB,8.26MB / 1.51MB
107,2026-09-10T07:02:34.987724+00:00,215,2026-09-10T07:02:34.606232+00:00,false,microservices,product,0dc488dbae88d87fdb28897f6611f3a28d52251e19505075080aef698a7d01f2,tcc-microservices-experiment-product-1,0.01,78601257,1073741824,7.32,3,416kB / 282kB,10.1MB / 81.9kB
108,2026-09-10T07:02:35.987729+00:00,217,2026-09-10T07:02:35.605299+00:00,false,microservices,auth,981e9889d2e0fd62c0a5bd49bed8f89d99e0eb983806404d661e7393c5953601,tcc-microservices-experiment-auth-1,0.02,79209431,1073741824,7.38,3,45.8kB / 40.3kB,12.5MB / 65.5kB
108,2026-09-10T07:02:35.987729+00:00,217,2026-09-10T07:02:35.605299+00:00,false,microservices,gateway,4a86f2c4f35e641c70a216fb3942e2e2a06ba3c987fedb775befbfac0e5a03da,tcc-microservices-experiment-gateway-1,27.29,475529216,536870912,88.58,79,94.6MB / 105MB,32.5MB / 279kB
108,2026-09-10T07:02:35.987729+00:00,217,2026-09-10T07:02:35.605299+00:00,false,microservices,mysql,e3d0a116828b07ac14a3743d0230676c63e99bce1b5e6a964aa18082c25b8698,tcc-microservices-experiment-mysql-1,25.33,542533222,1073741824,50.52,40,32.8MB / 105MB,51.6MB / 114MB
108,2026-09-10T07:02:35.987729+00:00,217,2026-09-10T07:02:35.605299+00:00,false,microservices,order,1be9875d846c06a88bcb8756c80d53b9f409e8f9c12c98bc833c1a772bc56d8f,tcc-microservices-experiment-order-1,80.5,83298877,1073741824,7.76,3,126MB / 115MB,8.26MB / 1.51MB
108,2026-09-10T07:02:35.987729+00:00,217,2026-09-10T07:02:35.605299+00:00,false,microservices,product,0dc488dbae88d87fdb28897f6611f3a28d52251e19505075080aef698a7d01f2,tcc-microservices-experiment-product-1,0.02,78601257,1073741824,7.32,3,416kB / 282kB,10.1MB / 81.9kB
109,2026-09-10T07:02:36.987720+00:00,219,2026-09-10T07:02:36.606996+00:00,false,microservices,auth,981e9889d2e0fd62c0a5bd49bed8f89d99e0eb983806404d661e7393c5953601,tcc-microservices-experiment-auth-1,0.02,79209431,1073741824,7.38,3,45.8kB / 40.3kB,12.5MB / 65.5kB
109,2026-09-10T07:02:36.987720+00:00,219,2026-09-10T07:02:36.606996+00:00,false,microservices,gateway,4a86f2c4f35e641c70a216fb3942e2e2a06ba3c987fedb775befbfac0e5a03da,tcc-microservices-experiment-gateway-1,26.76,475529216,536870912,88.57,79,95.4MB / 106MB,32.5MB / 279kB
109,2026-09-10T07:02:36.987720+00:00,219,2026-09-10T07:02:36.606996+00:00,false,microservices,mysql,e3d0a116828b07ac14a3743d0230676c63e99bce1b5e6a964aa18082c25b8698,tcc-microservices-experiment-mysql-1,29.39,542323507,1073741824,50.51,40,33MB / 106MB,51.6MB / 114MB
109,2026-09-10T07:02:36.987720+00:00,219,2026-09-10T07:02:36.606996+00:00,false,microservices,order,1be9875d846c06a88bcb8756c80d53b9f409e8f9c12c98bc833c1a772bc56d8f,tcc-microservices-experiment-order-1,81.17,82701189,1073741824,7.7,3,127MB / 116MB,8.26MB / 1.51MB
109,2026-09-10T07:02:36.987720+00:00,219,2026-09-10T07:02:36.606996+00:00,false,microservices,product,0dc488dbae88d87fdb28897f6611f3a28d52251e19505075080aef698a7d01f2,tcc-microservices-experiment-product-1,0.02,78601257,1073741824,7.32,3,416kB / 282kB,10.1MB / 81.9kB
110,2026-09-10T07:02:37.987744+00:00,221,2026-09-10T07:02:37.605065+00:00,false,microservices,auth,981e9889d2e0fd62c0a5bd49bed8f89d99e0eb983806404d661e7393c5953601,tcc-microservices-experiment-auth-1,0.02,79209431,1073741824,7.38,3,45.8kB / 40.3kB,12.5MB / 65.5kB
110,2026-09-10T07:02:37.987744+00:00,221,2026-09-10T07:02:37.605065+00:00,false,microservices,gateway,4a86f2c4f35e641c70a216fb3942e2e2a06ba3c987fedb775befbfac0e5a03da,tcc-microservices-experiment-gateway-1,27.23,476158362,536870912,88.69,79,96.1MB / 107MB,32.5MB / 279kB
110,2026-09-10T07:02:37.987744+00:00,221,2026-09-10T07:02:37.605065+00:00,false,microservices,mysql,e3d0a116828b07ac14a3743d0230676c63e99bce1b5e6a964aa18082c25b8698,tcc-microservices-experiment-mysql-1,24.31,541589504,1073741824,50.44,40,33.2MB / 107MB,51.6MB / 114MB
110,2026-09-10T07:02:37.987744+00:00,221,2026-09-10T07:02:37.605065+00:00,false,microservices,order,1be9875d846c06a88bcb8756c80d53b9f409e8f9c12c98bc833c1a772bc56d8f,tcc-microservices-experiment-order-1,81.64,82764104,1073741824,7.71,3,128MB / 117MB,8.26MB / 1.7MB
110,2026-09-10T07:02:37.987744+00:00,221,2026-09-10T07:02:37.605065+00:00,false,microservices,product,0dc488dbae88d87fdb28897f6611f3a28d52251e19505075080aef698a7d01f2,tcc-microservices-experiment-product-1,0.02,78601257,1073741824,7.32,3,416kB / 282kB,10.1MB / 81.9kB
111,2026-09-10T07:02:38.987735+00:00,223,2026-09-10T07:02:38.605446+00:00,false,microservices,auth,981e9889d2e0fd62c0a5bd49bed8f89d99e0eb983806404d661e7393c5953601,tcc-microservices-experiment-auth-1,0.02,79209431,1073741824,7.38,3,45.8kB / 40.3kB,12.5MB / 65.5kB
111,2026-09-10T07:02:38.987735+00:00,223,2026-09-10T07:02:38.605446+00:00,false,microservices,gateway,4a86f2c4f35e641c70a216fb3942e2e2a06ba3c987fedb775befbfac0e5a03da,tcc-microservices-experiment-gateway-1,26.43,476158362,536870912,88.68,79,96.8MB / 107MB,32.5MB / 279kB
111,2026-09-10T07:02:38.987735+00:00,223,2026-09-10T07:02:38.605446+00:00,false,microservices,mysql,e3d0a116828b07ac14a3743d0230676c63e99bce1b5e6a964aa18082c25b8698,tcc-microservices-experiment-mysql-1,29.57,543057510,1073741824,50.58,40,33.4MB / 108MB,51.6MB / 114MB
111,2026-09-10T07:02:38.987735+00:00,223,2026-09-10T07:02:38.605446+00:00,false,microservices,order,1be9875d846c06a88bcb8756c80d53b9f409e8f9c12c98bc833c1a772bc56d8f,tcc-microservices-experiment-order-1,80.35,82648760,1073741824,7.7,3,129MB / 118MB,8.26MB / 1.7MB
111,2026-09-10T07:02:38.987735+00:00,223,2026-09-10T07:02:38.605446+00:00,false,microservices,product,0dc488dbae88d87fdb28897f6611f3a28d52251e19505075080aef698a7d01f2,tcc-microservices-experiment-product-1,0.02,78601257,1073741824,7.32,3,416kB / 282kB,10.1MB / 81.9kB
112,2026-09-10T07:02:39.987729+00:00,225,2026-09-10T07:02:39.605487+00:00,false,microservices,auth,981e9889d2e0fd62c0a5bd49bed8f89d99e0eb983806404d661e7393c5953601,tcc-microservices-experiment-auth-1,0.02,79209431,1073741824,7.38,3,45.8kB / 40.3kB,12.5MB / 65.5kB
112,2026-09-10T07:02:39.987729+00:00,225,2026-09-10T07:02:39.605487+00:00,false,microservices,gateway,4a86f2c4f35e641c70a216fb3942e2e2a06ba3c987fedb775befbfac0e5a03da,tcc-microservices-experiment-gateway-1,27.17,475738931,536870912,88.62,79,97.6MB / 108MB,32.5MB / 279kB
112,2026-09-10T07:02:39.987729+00:00,225,2026-09-10T07:02:39.605487+00:00,false,microservices,mysql,e3d0a116828b07ac14a3743d0230676c63e99bce1b5e6a964aa18082c25b8698,tcc-microservices-experiment-mysql-1,24.06,541799219,1073741824,50.46,40,33.6MB / 108MB,51.6MB / 114MB
112,2026-09-10T07:02:39.987729+00:00,225,2026-09-10T07:02:39.605487+00:00,false,microservices,order,1be9875d846c06a88bcb8756c80d53b9f409e8f9c12c98bc833c1a772bc56d8f,tcc-microservices-experiment-order-1,82.05,82533417,1073741824,7.69,3,130MB / 119MB,8.26MB / 1.7MB
112,2026-09-10T07:02:39.987729+00:00,225,2026-09-10T07:02:39.605487+00:00,false,microservices,product,0dc488dbae88d87fdb28897f6611f3a28d52251e19505075080aef698a7d01f2,tcc-microservices-experiment-product-1,0.02,78601257,1073741824,7.32,3,416kB / 282kB,10.1MB / 81.9kB
113,2026-09-10T07:02:40.987726+00:00,227,2026-09-10T07:02:40.606193+00:00,false,microservices,auth,981e9889d2e0fd62c0a5bd49bed8f89d99e0eb983806404d661e7393c5953601,tcc-microservices-experiment-auth-1,0.02,79209431,1073741824,7.38,3,45.8kB / 40.3kB,12.5MB / 65.5kB
113,2026-09-10T07:02:40.987726+00:00,227,2026-09-10T07:02:40.606193+00:00,false,microservices,gateway,4a86f2c4f35e641c70a216fb3942e2e2a06ba3c987fedb775befbfac0e5a03da,tcc-microservices-experiment-gateway-1,27.53,474900070,536870912,88.45,69,98.3MB / 109MB,32.5MB / 279kB
113,2026-09-10T07:02:40.987726+00:00,227,2026-09-10T07:02:40.606193+00:00,false,microservices,mysql,e3d0a116828b07ac14a3743d0230676c63e99bce1b5e6a964aa18082c25b8698,tcc-microservices-experiment-mysql-1,30.25,541799219,1073741824,50.46,40,33.9MB / 109MB,51.6MB / 114MB
113,2026-09-10T07:02:40.987726+00:00,227,2026-09-10T07:02:40.606193+00:00,false,microservices,order,1be9875d846c06a88bcb8756c80d53b9f409e8f9c12c98bc833c1a772bc56d8f,tcc-microservices-experiment-order-1,80.43,82963333,1073741824,7.73,3,131MB / 119MB,8.26MB / 1.7MB
113,2026-09-10T07:02:40.987726+00:00,227,2026-09-10T07:02:40.606193+00:00,false,microservices,product,0dc488dbae88d87fdb28897f6611f3a28d52251e19505075080aef698a7d01f2,tcc-microservices-experiment-product-1,0.02,78601257,1073741824,7.32,3,416kB / 282kB,10.1MB / 81.9kB
114,2026-09-10T07:02:41.987739+00:00,229,2026-09-10T07:02:41.606270+00:00,false,microservices,auth,981e9889d2e0fd62c0a5bd49bed8f89d99e0eb983806404d661e7393c5953601,tcc-microservices-experiment-auth-1,0.02,79209431,1073741824,7.38,3,45.8kB / 40.3kB,12.5MB / 65.5kB
114,2026-09-10T07:02:41.987739+00:00,229,2026-09-10T07:02:41.606270+00:00,false,microservices,gateway,4a86f2c4f35e641c70a216fb3942e2e2a06ba3c987fedb775befbfac0e5a03da,tcc-microservices-experiment-gateway-1,26.74,474585498,536870912,88.39,69,99MB / 110MB,32.5MB / 291kB
114,2026-09-10T07:02:41.987739+00:00,229,2026-09-10T07:02:41.606270+00:00,false,microservices,mysql,e3d0a116828b07ac14a3743d0230676c63e99bce1b5e6a964aa18082c25b8698,tcc-microservices-experiment-mysql-1,25.51,542008934,1073741824,50.47,40,34.1MB / 110MB,51.6MB / 114MB
114,2026-09-10T07:02:41.987739+00:00,229,2026-09-10T07:02:41.606270+00:00,false,microservices,order,1be9875d846c06a88bcb8756c80d53b9f409e8f9c12c98bc833c1a772bc56d8f,tcc-microservices-experiment-order-1,80.35,82743132,1073741824,7.71,3,132MB / 120MB,8.26MB / 1.7MB
114,2026-09-10T07:02:41.987739+00:00,229,2026-09-10T07:02:41.606270+00:00,false,microservices,product,0dc488dbae88d87fdb28897f6611f3a28d52251e19505075080aef698a7d01f2,tcc-microservices-experiment-product-1,0.02,78601257,1073741824,7.32,3,416kB / 282kB,10.1MB / 81.9kB
115,2026-09-10T07:02:42.987758+00:00,231,2026-09-10T07:02:42.606199+00:00,false,microservices,auth,981e9889d2e0fd62c0a5bd49bed8f89d99e0eb983806404d661e7393c5953601,tcc-microservices-experiment-auth-1,0.02,79209431,1073741824,7.38,3,45.8kB / 40.3kB,12.5MB / 65.5kB
115,2026-09-10T07:02:42.987758+00:00,231,2026-09-10T07:02:42.606199+00:00,false,microservices,gateway,4a86f2c4f35e641c70a216fb3942e2e2a06ba3c987fedb775befbfac0e5a03da,tcc-microservices-experiment-gateway-1,26.54,474585498,536870912,88.4,69,99.7MB / 111MB,32.5MB / 291kB
115,2026-09-10T07:02:42.987758+00:00,231,2026-09-10T07:02:42.606199+00:00,false,microservices,mysql,e3d0a116828b07ac14a3743d0230676c63e99bce1b5e6a964aa18082c25b8698,tcc-microservices-experiment-mysql-1,29.31,542323507,1073741824,50.51,40,34.3MB / 111MB,51.6MB / 114MB
115,2026-09-10T07:02:42.987758+00:00,231,2026-09-10T07:02:42.606199+00:00,false,microservices,order,1be9875d846c06a88bcb8756c80d53b9f409e8f9c12c98bc833c1a772bc56d8f,tcc-microservices-experiment-order-1,81.86,82585846,1073741824,7.69,3,133MB / 121MB,8.26MB / 1.7MB
115,2026-09-10T07:02:42.987758+00:00,231,2026-09-10T07:02:42.606199+00:00,false,microservices,product,0dc488dbae88d87fdb28897f6611f3a28d52251e19505075080aef698a7d01f2,tcc-microservices-experiment-product-1,0.02,78601257,1073741824,7.32,3,416kB / 282kB,10.1MB / 81.9kB
116,2026-09-10T07:02:43.987726+00:00,233,2026-09-10T07:02:43.605406+00:00,false,microservices,auth,981e9889d2e0fd62c0a5bd49bed8f89d99e0eb983806404d661e7393c5953601,tcc-microservices-experiment-auth-1,0.02,79209431,1073741824,7.38,3,45.8kB / 40.3kB,12.5MB / 65.5kB
116,2026-09-10T07:02:43.987726+00:00,233,2026-09-10T07:02:43.605406+00:00,false,microservices,gateway,4a86f2c4f35e641c70a216fb3942e2e2a06ba3c987fedb775befbfac0e5a03da,tcc-microservices-experiment-gateway-1,26.67,474061210,536870912,88.3,69,100MB / 111MB,32.5MB / 291kB
116,2026-09-10T07:02:43.987726+00:00,233,2026-09-10T07:02:43.605406+00:00,false,microservices,mysql,e3d0a116828b07ac14a3743d0230676c63e99bce1b5e6a964aa18082c25b8698,tcc-microservices-experiment-mysql-1,24.05,541904077,1073741824,50.47,40,34.5MB / 112MB,51.6MB / 114MB
116,2026-09-10T07:02:43.987726+00:00,233,2026-09-10T07:02:43.605406+00:00,false,microservices,order,1be9875d846c06a88bcb8756c80d53b9f409e8f9c12c98bc833c1a772bc56d8f,tcc-microservices-experiment-order-1,81.72,82900419,1073741824,7.72,3,134MB / 122MB,8.26MB / 1.7MB
116,2026-09-10T07:02:43.987726+00:00,233,2026-09-10T07:02:43.605406+00:00,false,microservices,product,0dc488dbae88d87fdb28897f6611f3a28d52251e19505075080aef698a7d01f2,tcc-microservices-experiment-product-1,0.01,78601257,1073741824,7.32,3,416kB / 282kB,10.1MB / 81.9kB
117,2026-09-10T07:02:44.987743+00:00,235,2026-09-10T07:02:44.607146+00:00,false,microservices,auth,981e9889d2e0fd62c0a5bd49bed8f89d99e0eb983806404d661e7393c5953601,tcc-microservices-experiment-auth-1,0.02,79209431,1073741824,7.38,3,45.8kB / 40.3kB,12.5MB / 65.5kB
117,2026-09-10T07:02:44.987743+00:00,235,2026-09-10T07:02:44.607146+00:00,false,microservices,gateway,4a86f2c4f35e641c70a216fb3942e2e2a06ba3c987fedb775befbfac0e5a03da,tcc-microservices-experiment-gateway-1,26.83,474585498,536870912,88.4,69,101MB / 112MB,32.5MB / 291kB
117,2026-09-10T07:02:44.987743+00:00,235,2026-09-10T07:02:44.607146+00:00,false,microservices,mysql,e3d0a116828b07ac14a3743d0230676c63e99bce1b5e6a964aa18082c25b8698,tcc-microservices-experiment-mysql-1,28.47,542638080,1073741824,50.54,40,34.7MB / 112MB,51.6MB / 114MB
117,2026-09-10T07:02:44.987743+00:00,235,2026-09-10T07:02:44.607146+00:00,false,microservices,order,1be9875d846c06a88bcb8756c80d53b9f409e8f9c12c98bc833c1a772bc56d8f,tcc-microservices-experiment-order-1,81.78,82428559,1073741824,7.68,3,135MB / 123MB,8.26MB / 1.7MB
117,2026-09-10T07:02:44.987743+00:00,235,2026-09-10T07:02:44.607146+00:00,false,microservices,product,0dc488dbae88d87fdb28897f6611f3a28d52251e19505075080aef698a7d01f2,tcc-microservices-experiment-product-1,0.01,78601257,1073741824,7.32,3,416kB / 282kB,10.1MB / 81.9kB
118,2026-09-10T07:02:45.987720+00:00,237,2026-09-10T07:02:45.606345+00:00,false,microservices,auth,981e9889d2e0fd62c0a5bd49bed8f89d99e0eb983806404d661e7393c5953601,tcc-microservices-experiment-auth-1,0.02,79209431,1073741824,7.38,3,45.8kB / 40.3kB,12.5MB / 65.5kB
118,2026-09-10T07:02:45.987720+00:00,237,2026-09-10T07:02:45.606345+00:00,false,microservices,gateway,4a86f2c4f35e641c70a216fb3942e2e2a06ba3c987fedb775befbfac0e5a03da,tcc-microservices-experiment-gateway-1,26.73,474795213,536870912,88.43,69,102MB / 113MB,32.5MB / 291kB
118,2026-09-10T07:02:45.987720+00:00,237,2026-09-10T07:02:45.606345+00:00,false,microservices,mysql,e3d0a116828b07ac14a3743d0230676c63e99bce1b5e6a964aa18082c25b8698,tcc-microservices-experiment-mysql-1,24.61,542218650,1073741824,50.49,40,34.9MB / 113MB,51.6MB / 114MB
118,2026-09-10T07:02:45.987720+00:00,237,2026-09-10T07:02:45.606345+00:00,false,microservices,order,1be9875d846c06a88bcb8756c80d53b9f409e8f9c12c98bc833c1a772bc56d8f,tcc-microservices-experiment-order-1,81.2,82931876,1073741824,7.72,3,136MB / 124MB,8.26MB / 1.7MB
118,2026-09-10T07:02:45.987720+00:00,237,2026-09-10T07:02:45.606345+00:00,false,microservices,product,0dc488dbae88d87fdb28897f6611f3a28d52251e19505075080aef698a7d01f2,tcc-microservices-experiment-product-1,0.02,78601257,1073741824,7.32,3,416kB / 282kB,10.1MB / 81.9kB
119,2026-09-10T07:02:46.987710+00:00,239,2026-09-10T07:02:46.606482+00:00,false,microservices,auth,981e9889d2e0fd62c0a5bd49bed8f89d99e0eb983806404d661e7393c5953601,tcc-microservices-experiment-auth-1,0.03,79209431,1073741824,7.38,3,45.8kB / 40.3kB,12.5MB / 65.5kB
119,2026-09-10T07:02:46.987710+00:00,239,2026-09-10T07:02:46.606482+00:00,false,microservices,gateway,4a86f2c4f35e641c70a216fb3942e2e2a06ba3c987fedb775befbfac0e5a03da,tcc-microservices-experiment-gateway-1,27.45,474270925,536870912,88.35,69,103MB / 114MB,32.5MB / 291kB
119,2026-09-10T07:02:46.987710+00:00,239,2026-09-10T07:02:46.606482+00:00,false,microservices,mysql,e3d0a116828b07ac14a3743d0230676c63e99bce1b5e6a964aa18082c25b8698,tcc-microservices-experiment-mysql-1,28.43,542742938,1073741824,50.55,40,35.2MB / 114MB,51.6MB / 114MB
119,2026-09-10T07:02:46.987710+00:00,239,2026-09-10T07:02:46.606482+00:00,false,microservices,order,1be9875d846c06a88bcb8756c80d53b9f409e8f9c12c98bc833c1a772bc56d8f,tcc-microservices-experiment-order-1,82.03,83005276,1073741824,7.73,3,137MB / 125MB,8.26MB / 1.7MB
119,2026-09-10T07:02:46.987710+00:00,239,2026-09-10T07:02:46.606482+00:00,false,microservices,product,0dc488dbae88d87fdb28897f6611f3a28d52251e19505075080aef698a7d01f2,tcc-microservices-experiment-product-1,0.02,78601257,1073741824,7.32,3,416kB / 282kB,10.1MB / 81.9kB
120,2026-09-10T07:02:47.987720+00:00,241,2026-09-10T07:02:47.606827+00:00,false,microservices,auth,981e9889d2e0fd62c0a5bd49bed8f89d99e0eb983806404d661e7393c5953601,tcc-microservices-experiment-auth-1,0.02,79209431,1073741824,7.38,3,45.8kB / 40.3kB,12.5MB / 65.5kB
120,2026-09-10T07:02:47.987720+00:00,241,2026-09-10T07:02:47.606827+00:00,false,microservices,gateway,4a86f2c4f35e641c70a216fb3942e2e2a06ba3c987fedb775befbfac0e5a03da,tcc-microservices-experiment-gateway-1,26.64,475004928,536870912,88.48,69,103MB / 115MB,32.5MB / 291kB
120,2026-09-10T07:02:47.987720+00:00,241,2026-09-10T07:02:47.606827+00:00,false,microservices,mysql,e3d0a116828b07ac14a3743d0230676c63e99bce1b5e6a964aa18082c25b8698,tcc-microservices-experiment-mysql-1,26.38,542008934,1073741824,50.48,40,35.4MB / 115MB,51.6MB / 114MB
120,2026-09-10T07:02:47.987720+00:00,241,2026-09-10T07:02:47.606827+00:00,false,microservices,order,1be9875d846c06a88bcb8756c80d53b9f409e8f9c12c98bc833c1a772bc56d8f,tcc-microservices-experiment-order-1,80.34,83015762,1073741824,7.73,3,137MB / 125MB,8.26MB / 1.7MB
120,2026-09-10T07:02:47.987720+00:00,241,2026-09-10T07:02:47.606827+00:00,false,microservices,product,0dc488dbae88d87fdb28897f6611f3a28d52251e19505075080aef698a7d01f2,tcc-microservices-experiment-product-1,0.02,78601257,1073741824,7.32,3,416kB / 282kB,10.1MB / 81.9kB
