sample_index,captured_at_utc,docker_refresh_sequence,docker_refresh_captured_at_utc,docker_refresh_reused,architecture,service,container_id,container_name,cpu_percent,memory_used_bytes,memory_limit_bytes,memory_percent,pids,network_io,block_io
1,2026-09-10T13:26:15.513140+00:00,3,2026-09-10T13:26:15.144613+00:00,false,microservices,auth,dae8835a388ba2ca7ff93f2a2cd4de6b732c5dd0decc46a2ee76d277d6b953f4,tcc-microservices-experiment-auth-1,0.02,79209431,1073741824,7.38,3,45.6kB / 40.3kB,14.2MB / 65.5kB
1,2026-09-10T13:26:15.513140+00:00,3,2026-09-10T13:26:15.144613+00:00,false,microservices,gateway,e3678082375b47c9c2bed8fc8741b61e4e3444b2dab9f40061e4f0db9ac2152b,tcc-microservices-experiment-gateway-1,0.29,431069594,536870912,80.28,81,1.51MB / 1.89MB,36.4MB / 193kB
1,2026-09-10T13:26:15.513140+00:00,3,2026-09-10T13:26:15.144613+00:00,false,microservices,mysql,8a803de22ef717b48801c3d2f296c7524faa0c0164e27b68658e1303f5aabec6,tcc-microservices-experiment-mysql-1,4.32,539282637,1073741824,50.23,41,11.3MB / 20.3MB,62.8MB / 228MB
1,2026-09-10T13:26:15.513140+00:00,3,2026-09-10T13:26:15.144613+00:00,false,microservices,order,0f6da91e205ff9876895c5be9a1374e249dc00e9ba67c864c92a09f3e5ab49b2,tcc-microservices-experiment-order-1,0.02,80834724,1073741824,7.53,3,12.9MB / 8.82MB,13.1MB / 77.8kB
1,2026-09-10T13:26:15.513140+00:00,3,2026-09-10T13:26:15.144613+00:00,false,microservices,product,9acc556906bf27debfc5ab3bf9e01bbec25a8631520159ba07627791f59f58b7,tcc-microservices-experiment-product-1,0.03,78863401,1073741824,7.35,3,10.8MB / 5.65MB,12.3MB / 81.9kB
2,2026-09-10T13:26:16.513132+00:00,5,2026-09-10T13:26:16.145571+00:00,false,microservices,auth,dae8835a388ba2ca7ff93f2a2cd4de6b732c5dd0decc46a2ee76d277d6b953f4,tcc-microservices-experiment-auth-1,0.02,79209431,1073741824,7.38,3,45.6kB / 40.3kB,14.2MB / 65.5kB
2,2026-09-10T13:26:16.513132+00:00,5,2026-09-10T13:26:16.145571+00:00,false,microservices,gateway,e3678082375b47c9c2bed8fc8741b61e4e3444b2dab9f40061e4f0db9ac2152b,tcc-microservices-experiment-gateway-1,0.21,430964736,536870912,80.28,81,1.51MB / 1.89MB,36.4MB / 193kB
2,2026-09-10T13:26:16.513132+00:00,5,2026-09-10T13:26:16.145571+00:00,false,microservices,mysql,8a803de22ef717b48801c3d2f296c7524faa0c0164e27b68658e1303f5aabec6,tcc-microservices-experiment-mysql-1,6.42,539072922,1073741824,50.2,41,11.3MB / 20.3MB,62.8MB / 228MB
2,2026-09-10T13:26:16.513132+00:00,5,2026-09-10T13:26:16.145571+00:00,false,microservices,order,0f6da91e205ff9876895c5be9a1374e249dc00e9ba67c864c92a09f3e5ab49b2,tcc-microservices-experiment-order-1,0.02,80593551,1073741824,7.51,3,12.9MB / 8.82MB,13.1MB / 77.8kB
2,2026-09-10T13:26:16.513132+00:00,5,2026-09-10T13:26:16.145571+00:00,false,microservices,product,9acc556906bf27debfc5ab3bf9e01bbec25a8631520159ba07627791f59f58b7,tcc-microservices-experiment-product-1,0.02,78831944,1073741824,7.34,3,10.8MB / 5.65MB,12.3MB / 81.9kB
3,2026-09-10T13:26:17.513135+00:00,7,2026-09-10T13:26:17.144496+00:00,false,microservices,auth,dae8835a388ba2ca7ff93f2a2cd4de6b732c5dd0decc46a2ee76d277d6b953f4,tcc-microservices-experiment-auth-1,0.02,79209431,1073741824,7.38,3,45.6kB / 40.3kB,14.2MB / 65.5kB
3,2026-09-10T13:26:17.513135+00:00,7,2026-09-10T13:26:17.144496+00:00,false,microservices,gateway,e3678082375b47c9c2bed8fc8741b61e4e3444b2dab9f40061e4f0db9ac2152b,tcc-microservices-experiment-gateway-1,0.24,430964736,536870912,80.28,81,1.51MB / 1.89MB,36.4MB / 193kB
3,2026-09-10T13:26:17.513135+00:00,7,2026-09-10T13:26:17.144496+00:00,false,microservices,mysql,8a803de22ef717b48801c3d2f296c7524faa0c0164e27b68658e1303f5aabec6,tcc-microservices-experiment-mysql-1,0.76,538968064,1073741824,50.2,41,11.3MB / 20.3MB,62.8MB / 228MB
3,2026-09-10T13:26:17.513135+00:00,7,2026-09-10T13:26:17.144496+00:00,false,microservices,order,0f6da91e205ff9876895c5be9a1374e249dc00e9ba67c864c92a09f3e5ab49b2,tcc-microservices-experiment-order-1,0.02,80593551,1073741824,7.51,3,12.9MB / 8.82MB,13.1MB / 77.8kB
3,2026-09-10T13:26:17.513135+00:00,7,2026-09-10T13:26:17.144496+00:00,false,microservices,product,9acc556906bf27debfc5ab3bf9e01bbec25a8631520159ba07627791f59f58b7,tcc-microservices-experiment-product-1,0.02,78758543,1073741824,7.33,3,10.8MB / 5.65MB,12.3MB / 81.9kB
4,2026-09-10T13:26:18.513147+00:00,9,2026-09-10T13:26:18.144395+00:00,false,microservices,auth,dae8835a388ba2ca7ff93f2a2cd4de6b732c5dd0decc46a2ee76d277d6b953f4,tcc-microservices-experiment-auth-1,0.02,79209431,1073741824,7.38,3,45.6kB / 40.3kB,14.2MB / 65.5kB
4,2026-09-10T13:26:18.513147+00:00,9,2026-09-10T13:26:18.144395+00:00,false,microservices,gateway,e3678082375b47c9c2bed8fc8741b61e4e3444b2dab9f40061e4f0db9ac2152b,tcc-microservices-experiment-gateway-1,88.84,451202253,536870912,84.05,81,1.65MB / 2.07MB,36.4MB / 193kB
4,2026-09-10T13:26:18.513147+00:00,9,2026-09-10T13:26:18.144395+00:00,false,microservices,mysql,8a803de22ef717b48801c3d2f296c7524faa0c0164e27b68658e1303f5aabec6,tcc-microservices-experiment-mysql-1,23.03,540960358,1073741824,50.38,41,11.4MB / 20.6MB,62.8MB / 229MB
4,2026-09-10T13:26:18.513147+00:00,9,2026-09-10T13:26:18.144395+00:00,false,microservices,order,0f6da91e205ff9876895c5be9a1374e249dc00e9ba67c864c92a09f3e5ab49b2,tcc-microservices-experiment-order-1,18.94,82460017,1073741824,7.68,3,13.2MB / 8.92MB,13.1MB / 77.8kB
4,2026-09-10T13:26:18.513147+00:00,9,2026-09-10T13:26:18.144395+00:00,false,microservices,product,9acc556906bf27debfc5ab3bf9e01bbec25a8631520159ba07627791f59f58b7,tcc-microservices-experiment-product-1,22.32,80813752,1073741824,7.53,3,11MB / 5.74MB,12.3MB / 81.9kB
5,2026-09-10T13:26:19.513106+00:00,11,2026-09-10T13:26:19.144520+00:00,false,microservices,auth,dae8835a388ba2ca7ff93f2a2cd4de6b732c5dd0decc46a2ee76d277d6b953f4,tcc-microservices-experiment-auth-1,0.02,79209431,1073741824,7.38,3,45.6kB / 40.3kB,14.2MB / 65.5kB
5,2026-09-10T13:26:19.513106+00:00,11,2026-09-10T13:26:19.144520+00:00,false,microservices,gateway,e3678082375b47c9c2bed8fc8741b61e4e3444b2dab9f40061e4f0db9ac2152b,tcc-microservices-experiment-gateway-1,20.24,451621683,536870912,84.11,81,1.7MB / 2.13MB,36.4MB / 193kB
5,2026-09-10T13:26:19.513106+00:00,11,2026-09-10T13:26:19.144520+00:00,false,microservices,mysql,8a803de22ef717b48801c3d2f296c7524faa0c0164e27b68658e1303f5aabec6,tcc-microservices-experiment-mysql-1,25.54,540750643,1073741824,50.37,41,11.6MB / 21MB,62.8MB / 231MB
5,2026-09-10T13:26:19.513106+00:00,11,2026-09-10T13:26:19.144520+00:00,false,microservices,order,0f6da91e205ff9876895c5be9a1374e249dc00e9ba67c864c92a09f3e5ab49b2,tcc-microservices-experiment-order-1,26.48,82313216,1073741824,7.67,3,13.4MB / 9.06MB,13.1MB / 77.8kB
5,2026-09-10T13:26:19.513106+00:00,11,2026-09-10T13:26:19.144520+00:00,false,microservices,product,9acc556906bf27debfc5ab3bf9e01bbec25a8631520159ba07627791f59f58b7,tcc-microservices-experiment-product-1,30.96,80383836,1073741824,7.49,3,11.3MB / 5.9MB,12.3MB / 81.9kB
6,2026-09-10T13:26:20.513106+00:00,13,2026-09-10T13:26:20.144236+00:00,false,microservices,auth,dae8835a388ba2ca7ff93f2a2cd4de6b732c5dd0decc46a2ee76d277d6b953f4,tcc-microservices-experiment-auth-1,0.02,79209431,1073741824,7.38,3,45.6kB / 40.3kB,14.2MB / 65.5kB
6,2026-09-10T13:26:20.513106+00:00,13,2026-09-10T13:26:20.144236+00:00,false,microservices,gateway,e3678082375b47c9c2bed8fc8741b61e4e3444b2dab9f40061e4f0db9ac2152b,tcc-microservices-experiment-gateway-1,12.0,451516826,536870912,84.1,81,1.74MB / 2.18MB,36.4MB / 193kB
6,2026-09-10T13:26:20.513106+00:00,13,2026-09-10T13:26:20.144236+00:00,false,microservices,mysql,8a803de22ef717b48801c3d2f296c7524faa0c0164e27b68658e1303f5aabec6,tcc-microservices-experiment-mysql-1,30.07,540645786,1073741824,50.35,41,11.8MB / 21.5MB,62.8MB / 234MB
6,2026-09-10T13:26:20.513106+00:00,13,2026-09-10T13:26:20.144236+00:00,false,microservices,order,0f6da91e205ff9876895c5be9a1374e249dc00e9ba67c864c92a09f3e5ab49b2,tcc-microservices-experiment-order-1,26.91,82093015,1073741824,7.65,3,13.6MB / 9.2MB,13.1MB / 77.8kB
6,2026-09-10T13:26:20.513106+00:00,13,2026-09-10T13:26:20.144236+00:00,false,microservices,product,9acc556906bf27debfc5ab3bf9e01bbec25a8631520159ba07627791f59f58b7,tcc-microservices-experiment-product-1,32.72,81023468,1073741824,7.55,3,11.6MB / 6.06MB,12.3MB / 81.9kB
7,2026-09-10T13:26:21.513110+00:00,15,2026-09-10T13:26:21.144260+00:00,false,microservices,auth,dae8835a388ba2ca7ff93f2a2cd4de6b732c5dd0decc46a2ee76d277d6b953f4,tcc-microservices-experiment-auth-1,0.02,79209431,1073741824,7.38,3,45.6kB / 40.3kB,14.2MB / 65.5kB
7,2026-09-10T13:26:21.513110+00:00,15,2026-09-10T13:26:21.144260+00:00,false,microservices,gateway,e3678082375b47c9c2bed8fc8741b61e4e3444b2dab9f40061e4f0db9ac2152b,tcc-microservices-experiment-gateway-1,27.88,454662554,536870912,84.69,81,1.79MB / 2.24MB,36.4MB / 193kB
7,2026-09-10T13:26:21.513110+00:00,15,2026-09-10T13:26:21.144260+00:00,false,microservices,mysql,8a803de22ef717b48801c3d2f296c7524faa0c0164e27b68658e1303f5aabec6,tcc-microservices-experiment-mysql-1,26.27,541484646,1073741824,50.43,41,12MB / 21.9MB,62.8MB / 236MB
7,2026-09-10T13:26:21.513110+00:00,15,2026-09-10T13:26:21.144260+00:00,false,microservices,order,0f6da91e205ff9876895c5be9a1374e249dc00e9ba67c864c92a09f3e5ab49b2,tcc-microservices-experiment-order-1,26.59,82166415,1073741824,7.65,3,13.9MB / 9.34MB,13.1MB / 77.8kB
7,2026-09-10T13:26:21.513110+00:00,15,2026-09-10T13:26:21.144260+00:00,false,microservices,product,9acc556906bf27debfc5ab3bf9e01bbec25a8631520159ba07627791f59f58b7,tcc-microservices-experiment-product-1,31.79,81012982,1073741824,7.54,3,11.9MB / 6.22MB,12.3MB / 81.9kB
8,2026-09-10T13:26:22.513150+00:00,17,2026-09-10T13:26:22.143078+00:00,false,microservices,auth,dae8835a388ba2ca7ff93f2a2cd4de6b732c5dd0decc46a2ee76d277d6b953f4,tcc-microservices-experiment-auth-1,0.02,79209431,1073741824,7.38,3,45.6kB / 40.3kB,14.2MB / 65.5kB
8,2026-09-10T13:26:22.513150+00:00,17,2026-09-10T13:26:22.143078+00:00,false,microservices,gateway,e3678082375b47c9c2bed8fc8741b61e4e3444b2dab9f40061e4f0db9ac2152b,tcc-microservices-experiment-gateway-1,14.2,454872269,536870912,84.73,81,1.83MB / 2.29MB,36.4MB / 193kB
8,2026-09-10T13:26:22.513150+00:00,17,2026-09-10T13:26:22.143078+00:00,false,microservices,mysql,8a803de22ef717b48801c3d2f296c7524faa0c0164e27b68658e1303f5aabec6,tcc-microservices-experiment-mysql-1,29.32,541694362,1073741824,50.44,41,12.2MB / 22.3MB,62.8MB / 239MB
8,2026-09-10T13:26:22.513150+00:00,17,2026-09-10T13:26:22.143078+00:00,false,microservices,order,0f6da91e205ff9876895c5be9a1374e249dc00e9ba67c864c92a09f3e5ab49b2,tcc-microservices-experiment-order-1,26.49,82124472,1073741824,7.65,3,14.1MB / 9.48MB,13.1MB / 77.8kB
8,2026-09-10T13:26:22.513150+00:00,17,2026-09-10T13:26:22.143078+00:00,false,microservices,product,9acc556906bf27debfc5ab3bf9e01bbec25a8631520159ba07627791f59f58b7,tcc-microservices-experiment-product-1,31.92,80719380,1073741824,7.52,3,12.2MB / 6.38MB,12.3MB / 81.9kB
9,2026-09-10T13:26:23.513140+00:00,19,2026-09-10T13:26:23.145148+00:00,false,microservices,auth,dae8835a388ba2ca7ff93f2a2cd4de6b732c5dd0decc46a2ee76d277d6b953f4,tcc-microservices-experiment-auth-1,0.02,79209431,1073741824,7.38,3,45.6kB / 40.3kB,14.2MB / 65.5kB
9,2026-09-10T13:26:23.513140+00:00,19,2026-09-10T13:26:23.145148+00:00,false,microservices,gateway,e3678082375b47c9c2bed8fc8741b61e4e3444b2dab9f40061e4f0db9ac2152b,tcc-microservices-experiment-gateway-1,19.22,454767411,536870912,84.7,81,1.88MB / 2.35MB,36.4MB / 193kB
9,2026-09-10T13:26:23.513140+00:00,19,2026-09-10T13:26:23.145148+00:00,false,microservices,mysql,8a803de22ef717b48801c3d2f296c7524faa0c0164e27b68658e1303f5aabec6,tcc-microservices-experiment-mysql-1,26.12,540750643,1073741824,50.36,41,12.4MB / 22.8MB,62.8MB / 242MB
9,2026-09-10T13:26:23.513140+00:00,19,2026-09-10T13:26:23.145148+00:00,false,microservices,order,0f6da91e205ff9876895c5be9a1374e249dc00e9ba67c864c92a09f3e5ab49b2,tcc-microservices-experiment-order-1,26.71,82187387,1073741824,7.65,3,14.3MB / 9.62MB,13.1MB / 77.8kB
9,2026-09-10T13:26:23.513140+00:00,19,2026-09-10T13:26:23.145148+00:00,false,microservices,product,9acc556906bf27debfc5ab3bf9e01bbec25a8631520159ba07627791f59f58b7,tcc-microservices-experiment-product-1,31.53,81107354,1073741824,7.55,3,12.5MB / 6.54MB,12.3MB / 81.9kB
10,2026-09-10T13:26:24.513141+00:00,21,2026-09-10T13:26:24.144362+00:00,false,microservices,auth,dae8835a388ba2ca7ff93f2a2cd4de6b732c5dd0decc46a2ee76d277d6b953f4,tcc-microservices-experiment-auth-1,0.02,79209431,1073741824,7.38,3,45.6kB / 40.3kB,14.2MB / 65.5kB
10,2026-09-10T13:26:24.513141+00:00,21,2026-09-10T13:26:24.144362+00:00,false,microservices,gateway,e3678082375b47c9c2bed8fc8741b61e4e3444b2dab9f40061e4f0db9ac2152b,tcc-microservices-experiment-gateway-1,14.51,454347981,536870912,84.63,81,1.92MB / 2.4MB,36.4MB / 193kB
10,2026-09-10T13:26:24.513141+00:00,21,2026-09-10T13:26:24.144362+00:00,false,microservices,mysql,8a803de22ef717b48801c3d2f296c7524faa0c0164e27b68658e1303f5aabec6,tcc-microservices-experiment-mysql-1,29.73,540436070,1073741824,50.33,41,12.6MB / 23.2MB,62.8MB / 245MB
10,2026-09-10T13:26:24.513141+00:00,21,2026-09-10T13:26:24.144362+00:00,false,microservices,order,0f6da91e205ff9876895c5be9a1374e249dc00e9ba67c864c92a09f3e5ab49b2,tcc-microservices-experiment-order-1,26.51,82365645,1073741824,7.67,3,14.5MB / 9.75MB,13.1MB / 77.8kB
10,2026-09-10T13:26:24.513141+00:00,21,2026-09-10T13:26:24.144362+00:00,false,microservices,product,9acc556906bf27debfc5ab3bf9e01bbec25a8631520159ba07627791f59f58b7,tcc-microservices-experiment-product-1,32.48,80719380,1073741824,7.52,3,12.8MB / 6.7MB,12.3MB / 81.9kB
11,2026-09-10T13:26:25.513126+00:00,23,2026-09-10T13:26:25.144352+00:00,false,microservices,auth,dae8835a388ba2ca7ff93f2a2cd4de6b732c5dd0decc46a2ee76d277d6b953f4,tcc-microservices-experiment-auth-1,0.02,79209431,1073741824,7.38,3,45.6kB / 40.3kB,14.2MB / 65.5kB
11,2026-09-10T13:26:25.513126+00:00,23,2026-09-10T13:26:25.144352+00:00,false,microservices,gateway,e3678082375b47c9c2bed8fc8741b61e4e3444b2dab9f40061e4f0db9ac2152b,tcc-microservices-experiment-gateway-1,10.56,455186842,536870912,84.78,81,1.96MB / 2.46MB,36.4MB / 193kB
11,2026-09-10T13:26:25.513126+00:00,23,2026-09-10T13:26:25.144352+00:00,false,microservices,mysql,8a803de22ef717b48801c3d2f296c7524faa0c0164e27b68658e1303f5aabec6,tcc-microservices-experiment-mysql-1,25.83,541065216,1073741824,50.39,41,12.8MB / 23.6MB,62.8MB / 248MB
11,2026-09-10T13:26:25.513126+00:00,23,2026-09-10T13:26:25.144352+00:00,false,microservices,order,0f6da91e205ff9876895c5be9a1374e249dc00e9ba67c864c92a09f3e5ab49b2,tcc-microservices-experiment-order-1,26.07,82480988,1073741824,7.68,3,14.8MB / 9.9MB,13.1MB / 77.8kB
11,2026-09-10T13:26:25.513126+00:00,23,2026-09-10T13:26:25.144352+00:00,false,microservices,product,9acc556906bf27debfc5ab3bf9e01bbec25a8631520159ba07627791f59f58b7,tcc-microservices-experiment-product-1,31.74,80719380,1073741824,7.52,3,13.2MB / 6.86MB,12.3MB / 81.9kB
12,2026-09-10T13:26:26.513125+00:00,25,2026-09-10T13:26:26.144409+00:00,false,microservices,auth,dae8835a388ba2ca7ff93f2a2cd4de6b732c5dd0decc46a2ee76d277d6b953f4,tcc-microservices-experiment-auth-1,0.02,79209431,1073741824,7.38,3,45.6kB / 40.3kB,14.2MB / 65.5kB
12,2026-09-10T13:26:26.513125+00:00,25,2026-09-10T13:26:26.144409+00:00,false,microservices,gateway,e3678082375b47c9c2bed8fc8741b61e4e3444b2dab9f40061e4f0db9ac2152b,tcc-microservices-experiment-gateway-1,10.8,454662554,536870912,84.68,81,2.01MB / 2.51MB,36.4MB / 193kB
12,2026-09-10T13:26:26.513125+00:00,25,2026-09-10T13:26:26.144409+00:00,false,microservices,mysql,8a803de22ef717b48801c3d2f296c7524faa0c0164e27b68658e1303f5aabec6,tcc-microservices-experiment-mysql-1,28.1,540855501,1073741824,50.37,41,13MB / 24MB,62.8MB / 251MB
12,2026-09-10T13:26:26.513125+00:00,25,2026-09-10T13:26:26.144409+00:00,false,microservices,order,0f6da91e205ff9876895c5be9a1374e249dc00e9ba67c864c92a09f3e5ab49b2,tcc-microservices-experiment-order-1,26.35,82428559,1073741824,7.68,3,15MB / 10MB,13.1MB / 77.8kB
12,2026-09-10T13:26:26.513125+00:00,25,2026-09-10T13:26:26.144409+00:00,false,microservices,product,9acc556906bf27debfc5ab3bf9e01bbec25a8631520159ba07627791f59f58b7,tcc-microservices-experiment-product-1,32.47,81233183,1073741824,7.57,3,13.5MB / 7.02MB,12.3MB / 81.9kB
13,2026-09-10T13:26:27.513130+00:00,27,2026-09-10T13:26:27.144610+00:00,false,microservices,auth,dae8835a388ba2ca7ff93f2a2cd4de6b732c5dd0decc46a2ee76d277d6b953f4,tcc-microservices-experiment-auth-1,0.02,79209431,1073741824,7.38,3,45.6kB / 40.3kB,14.2MB / 65.5kB
13,2026-09-10T13:26:27.513130+00:00,27,2026-09-10T13:26:27.144610+00:00,false,microservices,gateway,e3678082375b47c9c2bed8fc8741b61e4e3444b2dab9f40061e4f0db9ac2152b,tcc-microservices-experiment-gateway-1,9.96,455396557,536870912,84.83,81,2.05MB / 2.57MB,36.4MB / 193kB
13,2026-09-10T13:26:27.513130+00:00,27,2026-09-10T13:26:27.144610+00:00,false,microservices,mysql,8a803de22ef717b48801c3d2f296c7524faa0c0164e27b68658e1303f5aabec6,tcc-microservices-experiment-mysql-1,25.97,540645786,1073741824,50.35,41,13.2MB / 24.5MB,62.8MB / 254MB
13,2026-09-10T13:26:27.513130+00:00,27,2026-09-10T13:26:27.144610+00:00,false,microservices,order,0f6da91e205ff9876895c5be9a1374e249dc00e9ba67c864c92a09f3e5ab49b2,tcc-microservices-experiment-order-1,25.54,83099648,1073741824,7.74,3,15.2MB / 10.2MB,13.1MB / 77.8kB
13,2026-09-10T13:26:27.513130+00:00,27,2026-09-10T13:26:27.144610+00:00,false,microservices,product,9acc556906bf27debfc5ab3bf9e01bbec25a8631520159ba07627791f59f58b7,tcc-microservices-experiment-product-1,32.44,81621156,1073741824,7.6,3,13.8MB / 7.18MB,12.3MB / 81.9kB
14,2026-09-10T13:26:28.513127+00:00,29,2026-09-10T13:26:28.144368+00:00,false,microservices,auth,dae8835a388ba2ca7ff93f2a2cd4de6b732c5dd0decc46a2ee76d277d6b953f4,tcc-microservices-experiment-auth-1,0.02,79209431,1073741824,7.38,3,45.6kB / 40.3kB,14.2MB / 65.5kB
14,2026-09-10T13:26:28.513127+00:00,29,2026-09-10T13:26:28.144368+00:00,false,microservices,gateway,e3678082375b47c9c2bed8fc8741b61e4e3444b2dab9f40061e4f0db9ac2152b,tcc-microservices-experiment-gateway-1,11.69,451097395,536870912,84.02,81,2.09MB / 2.63MB,36.4MB / 193kB
14,2026-09-10T13:26:28.513127+00:00,29,2026-09-10T13:26:28.144368+00:00,false,microservices,mysql,8a803de22ef717b48801c3d2f296c7524faa0c0164e27b68658e1303f5aabec6,tcc-microservices-experiment-mysql-1,30.09,541484646,1073741824,50.43,41,13.4MB / 24.9MB,62.8MB / 256MB
14,2026-09-10T13:26:28.513127+00:00,29,2026-09-10T13:26:28.144368+00:00,false,microservices,order,0f6da91e205ff9876895c5be9a1374e249dc00e9ba67c864c92a09f3e5ab49b2,tcc-microservices-experiment-order-1,26.28,83414221,1073741824,7.77,3,15.4MB / 10.3MB,13.1MB / 77.8kB
14,2026-09-10T13:26:28.513127+00:00,29,2026-09-10T13:26:28.144368+00:00,false,microservices,product,9acc556906bf27debfc5ab3bf9e01bbec25a8631520159ba07627791f59f58b7,tcc-microservices-experiment-product-1,31.97,81327555,1073741824,7.57,3,14.1MB / 7.34MB,12.3MB / 81.9kB
15,2026-09-10T13:26:29.513123+00:00,31,2026-09-10T13:26:29.144284+00:00,false,microservices,auth,dae8835a388ba2ca7ff93f2a2cd4de6b732c5dd0decc46a2ee76d277d6b953f4,tcc-microservices-experiment-auth-1,0.01,79209431,1073741824,7.38,3,45.6kB / 40.3kB,14.2MB / 65.5kB
15,2026-09-10T13:26:29.513123+00:00,31,2026-09-10T13:26:29.144284+00:00,false,microservices,gateway,e3678082375b47c9c2bed8fc8741b61e4e3444b2dab9f40061e4f0db9ac2152b,tcc-microservices-experiment-gateway-1,23.26,451307110,536870912,84.06,81,2.14MB / 2.68MB,36.5MB / 193kB
15,2026-09-10T13:26:29.513123+00:00,31,2026-09-10T13:26:29.144284+00:00,false,microservices,mysql,8a803de22ef717b48801c3d2f296c7524faa0c0164e27b68658e1303f5aabec6,tcc-microservices-experiment-mysql-1,26.49,541799219,1073741824,50.45,41,13.6MB / 25.4MB,62.8MB / 259MB
15,2026-09-10T13:26:29.513123+00:00,31,2026-09-10T13:26:29.144284+00:00,false,microservices,order,0f6da91e205ff9876895c5be9a1374e249dc00e9ba67c864c92a09f3e5ab49b2,tcc-microservices-experiment-order-1,25.92,82795561,1073741824,7.71,3,15.7MB / 10.5MB,13.1MB / 77.8kB
15,2026-09-10T13:26:29.513123+00:00,31,2026-09-10T13:26:29.144284+00:00,false,microservices,product,9acc556906bf27debfc5ab3bf9e01bbec25a8631520159ba07627791f59f58b7,tcc-microservices-experiment-product-1,32.08,81432412,1073741824,7.58,3,14.4MB / 7.5MB,12.3MB / 81.9kB
16,2026-09-10T13:26:30.513111+00:00,33,2026-09-10T13:26:30.144331+00:00,false,microservices,auth,dae8835a388ba2ca7ff93f2a2cd4de6b732c5dd0decc46a2ee76d277d6b953f4,tcc-microservices-experiment-auth-1,0.02,79209431,1073741824,7.38,3,45.6kB / 40.3kB,14.2MB / 65.5kB
16,2026-09-10T13:26:30.513111+00:00,33,2026-09-10T13:26:30.144331+00:00,false,microservices,gateway,e3678082375b47c9c2bed8fc8741b61e4e3444b2dab9f40061e4f0db9ac2152b,tcc-microservices-experiment-gateway-1,60.41,459486003,536870912,85.58,81,2.18MB / 2.74MB,36.5MB / 209kB
16,2026-09-10T13:26:30.513111+00:00,33,2026-09-10T13:26:30.144331+00:00,false,microservices,mysql,8a803de22ef717b48801c3d2f296c7524faa0c0164e27b68658e1303f5aabec6,tcc-microservices-experiment-mysql-1,30.66,542638080,1073741824,50.54,41,13.8MB / 25.8MB,62.8MB / 262MB
16,2026-09-10T13:26:30.513111+00:00,33,2026-09-10T13:26:30.144331+00:00,false,microservices,order,0f6da91e205ff9876895c5be9a1374e249dc00e9ba67c864c92a09f3e5ab49b2,tcc-microservices-experiment-order-1,26.41,83529564,1073741824,7.78,3,15.9MB / 10.6MB,13.1MB / 77.8kB
16,2026-09-10T13:26:30.513111+00:00,33,2026-09-10T13:26:30.144331+00:00,false,microservices,product,9acc556906bf27debfc5ab3bf9e01bbec25a8631520159ba07627791f59f58b7,tcc-microservices-experiment-product-1,33.16,81484841,1073741824,7.59,3,14.7MB / 7.66MB,12.3MB / 81.9kB
17,2026-09-10T13:26:31.513137+00:00,35,2026-09-10T13:26:31.144370+00:00,false,microservices,auth,dae8835a388ba2ca7ff93f2a2cd4de6b732c5dd0decc46a2ee76d277d6b953f4,tcc-microservices-experiment-auth-1,0.02,79209431,1073741824,7.38,3,45.6kB / 40.3kB,14.2MB / 65.5kB
17,2026-09-10T13:26:31.513137+00:00,35,2026-09-10T13:26:31.144370+00:00,false,microservices,gateway,e3678082375b47c9c2bed8fc8741b61e4e3444b2dab9f40061e4f0db9ac2152b,tcc-microservices-experiment-gateway-1,9.06,459066573,536870912,85.5,81,2.22MB / 2.79MB,36.5MB / 209kB
17,2026-09-10T13:26:31.513137+00:00,35,2026-09-10T13:26:31.144370+00:00,false,microservices,mysql,8a803de22ef717b48801c3d2f296c7524faa0c0164e27b68658e1303f5aabec6,tcc-microservices-experiment-mysql-1,25.23,541694362,1073741824,50.45,41,14MB / 26.2MB,62.8MB / 265MB
17,2026-09-10T13:26:31.513137+00:00,35,2026-09-10T13:26:31.144370+00:00,false,microservices,order,0f6da91e205ff9876895c5be9a1374e249dc00e9ba67c864c92a09f3e5ab49b2,tcc-microservices-experiment-order-1,26.84,83865108,1073741824,7.81,3,16.1MB / 10.7MB,13.1MB / 77.8kB
17,2026-09-10T13:26:31.513137+00:00,35,2026-09-10T13:26:31.144370+00:00,false,microservices,product,9acc556906bf27debfc5ab3bf9e01bbec25a8631520159ba07627791f59f58b7,tcc-microservices-experiment-product-1,31.58,81799414,1073741824,7.62,3,15MB / 7.81MB,12.3MB / 81.9kB
18,2026-09-10T13:26:32.513125+00:00,37,2026-09-10T13:26:32.144058+00:00,false,microservices,auth,dae8835a388ba2ca7ff93f2a2cd4de6b732c5dd0decc46a2ee76d277d6b953f4,tcc-microservices-experiment-auth-1,0.02,79209431,1073741824,7.38,3,45.6kB / 40.3kB,14.2MB / 65.5kB
18,2026-09-10T13:26:32.513125+00:00,37,2026-09-10T13:26:32.144058+00:00,false,microservices,gateway,e3678082375b47c9c2bed8fc8741b61e4e3444b2dab9f40061e4f0db9ac2152b,tcc-microservices-experiment-gateway-1,10.78,458961715,536870912,85.49,81,2.27MB / 2.85MB,36.5MB / 209kB
18,2026-09-10T13:26:32.513125+00:00,37,2026-09-10T13:26:32.144058+00:00,false,microservices,mysql,8a803de22ef717b48801c3d2f296c7524faa0c0164e27b68658e1303f5aabec6,tcc-microservices-experiment-mysql-1,30.18,541694362,1073741824,50.45,41,14.2MB / 26.6MB,62.8MB / 267MB
18,2026-09-10T13:26:32.513125+00:00,37,2026-09-10T13:26:32.144058+00:00,false,microservices,order,0f6da91e205ff9876895c5be9a1374e249dc00e9ba67c864c92a09f3e5ab49b2,tcc-microservices-experiment-order-1,26.42,83099648,1073741824,7.74,3,16.3MB / 10.9MB,13.1MB / 77.8kB
18,2026-09-10T13:26:32.513125+00:00,37,2026-09-10T13:26:32.144058+00:00,false,microservices,product,9acc556906bf27debfc5ab3bf9e01bbec25a8631520159ba07627791f59f58b7,tcc-microservices-experiment-product-1,32.5,81809900,1073741824,7.62,3,15.3MB / 7.97MB,12.3MB / 81.9kB
19,2026-09-10T13:26:33.513105+00:00,39,2026-09-10T13:26:33.144169+00:00,false,microservices,auth,dae8835a388ba2ca7ff93f2a2cd4de6b732c5dd0decc46a2ee76d277d6b953f4,tcc-microservices-experiment-auth-1,0.02,79209431,1073741824,7.38,3,45.6kB / 40.3kB,14.2MB / 65.5kB
19,2026-09-10T13:26:33.513105+00:00,39,2026-09-10T13:26:33.144169+00:00,false,microservices,gateway,e3678082375b47c9c2bed8fc8741b61e4e3444b2dab9f40061e4f0db9ac2152b,tcc-microservices-experiment-gateway-1,10.09,449524531,536870912,83.73,81,2.31MB / 2.9MB,36.5MB / 209kB
19,2026-09-10T13:26:33.513105+00:00,39,2026-09-10T13:26:33.144169+00:00,false,microservices,mysql,8a803de22ef717b48801c3d2f296c7524faa0c0164e27b68658e1303f5aabec6,tcc-microservices-experiment-mysql-1,26.17,541694362,1073741824,50.45,41,14.4MB / 27.1MB,62.8MB / 270MB
19,2026-09-10T13:26:33.513105+00:00,39,2026-09-10T13:26:33.144169+00:00,false,microservices,order,0f6da91e205ff9876895c5be9a1374e249dc00e9ba67c864c92a09f3e5ab49b2,tcc-microservices-experiment-order-1,26.12,82606817,1073741824,7.69,3,16.6MB / 11MB,13.1MB / 77.8kB
19,2026-09-10T13:26:33.513105+00:00,39,2026-09-10T13:26:33.144169+00:00,false,microservices,product,9acc556906bf27debfc5ab3bf9e01bbec25a8631520159ba07627791f59f58b7,tcc-microservices-experiment-product-1,31.76,81254154,1073741824,7.57,3,15.6MB / 8.13MB,12.3MB / 81.9kB
20,2026-09-10T13:26:34.513064+00:00,41,2026-09-10T13:26:34.143478+00:00,false,microservices,auth,dae8835a388ba2ca7ff93f2a2cd4de6b732c5dd0decc46a2ee76d277d6b953f4,tcc-microservices-experiment-auth-1,0.02,79209431,1073741824,7.38,3,45.6kB / 40.3kB,14.2MB / 65.5kB
20,2026-09-10T13:26:34.513064+00:00,41,2026-09-10T13:26:34.143478+00:00,false,microservices,gateway,e3678082375b47c9c2bed8fc8741b61e4e3444b2dab9f40061e4f0db9ac2152b,tcc-microservices-experiment-gateway-1,8.5,449314816,536870912,83.69,81,2.35MB / 2.96MB,36.5MB / 209kB
20,2026-09-10T13:26:34.513064+00:00,41,2026-09-10T13:26:34.143478+00:00,false,microservices,mysql,8a803de22ef717b48801c3d2f296c7524faa0c0164e27b68658e1303f5aabec6,tcc-microservices-experiment-mysql-1,30.98,541694362,1073741824,50.45,41,14.6MB / 27.5MB,62.8MB / 272MB
20,2026-09-10T13:26:34.513064+00:00,41,2026-09-10T13:26:34.143478+00:00,false,microservices,order,0f6da91e205ff9876895c5be9a1374e249dc00e9ba67c864c92a09f3e5ab49b2,tcc-microservices-experiment-order-1,25.73,82554388,1073741824,7.69,4,16.8MB / 11.1MB,13.1MB / 77.8kB
20,2026-09-10T13:26:34.513064+00:00,41,2026-09-10T13:26:34.143478+00:00,false,microservices,product,9acc556906bf27debfc5ab3bf9e01bbec25a8631520159ba07627791f59f58b7,tcc-microservices-experiment-product-1,32.34,82009129,1073741824,7.64,3,15.9MB / 8.29MB,12.3MB / 81.9kB
21,2026-09-10T13:26:35.513121+00:00,43,2026-09-10T13:26:35.144438+00:00,false,microservices,auth,dae8835a388ba2ca7ff93f2a2cd4de6b732c5dd0decc46a2ee76d277d6b953f4,tcc-microservices-experiment-auth-1,0.01,79209431,1073741824,7.38,3,45.6kB / 40.3kB,14.2MB / 65.5kB
21,2026-09-10T13:26:35.513121+00:00,43,2026-09-10T13:26:35.144438+00:00,false,microservices,gateway,e3678082375b47c9c2bed8fc8741b61e4e3444b2dab9f40061e4f0db9ac2152b,tcc-microservices-experiment-gateway-1,7.74,449000243,536870912,83.64,81,2.4MB / 3.01MB,36.5MB / 209kB
21,2026-09-10T13:26:35.513121+00:00,43,2026-09-10T13:26:35.144438+00:00,false,microservices,mysql,8a803de22ef717b48801c3d2f296c7524faa0c0164e27b68658e1303f5aabec6,tcc-microservices-experiment-mysql-1,26.18,541379789,1073741824,50.42,41,14.8MB / 28MB,62.8MB / 275MB
21,2026-09-10T13:26:35.513121+00:00,43,2026-09-10T13:26:35.144438+00:00,false,microservices,order,0f6da91e205ff9876895c5be9a1374e249dc00e9ba67c864c92a09f3e5ab49b2,tcc-microservices-experiment-order-1,25.88,82334188,1073741824,7.67,3,17MB / 11.3MB,13.1MB / 77.8kB
21,2026-09-10T13:26:35.513121+00:00,43,2026-09-10T13:26:35.144438+00:00,false,microservices,product,9acc556906bf27debfc5ab3bf9e01bbec25a8631520159ba07627791f59f58b7,tcc-microservices-experiment-product-1,32.81,81830871,1073741824,7.62,3,16.2MB / 8.45MB,12.3MB / 81.9kB
22,2026-09-10T13:26:36.513112+00:00,45,2026-09-10T13:26:36.143804+00:00,false,microservices,auth,dae8835a388ba2ca7ff93f2a2cd4de6b732c5dd0decc46a2ee76d277d6b953f4,tcc-microservices-experiment-auth-1,0.02,79209431,1073741824,7.38,3,45.6kB / 40.3kB,14.2MB / 65.5kB
22,2026-09-10T13:26:36.513112+00:00,45,2026-09-10T13:26:36.143804+00:00,false,microservices,gateway,e3678082375b47c9c2bed8fc8741b61e4e3444b2dab9f40061e4f0db9ac2152b,tcc-microservices-experiment-gateway-1,18.48,449105101,536870912,83.65,81,2.44MB / 3.07MB,36.5MB / 209kB
22,2026-09-10T13:26:36.513112+00:00,45,2026-09-10T13:26:36.143804+00:00,false,microservices,mysql,8a803de22ef717b48801c3d2f296c7524faa0c0164e27b68658e1303f5aabec6,tcc-microservices-experiment-mysql-1,30.48,542638080,1073741824,50.54,41,15MB / 28.4MB,62.8MB / 277MB
22,2026-09-10T13:26:36.513112+00:00,45,2026-09-10T13:26:36.143804+00:00,false,microservices,order,0f6da91e205ff9876895c5be9a1374e249dc00e9ba67c864c92a09f3e5ab49b2,tcc-microservices-experiment-order-1,25.79,82134958,1073741824,7.65,3,17.3MB / 11.4MB,13.1MB / 77.8kB
22,2026-09-10T13:26:36.513112+00:00,45,2026-09-10T13:26:36.143804+00:00,false,microservices,product,9acc556906bf27debfc5ab3bf9e01bbec25a8631520159ba07627791f59f58b7,tcc-microservices-experiment-product-1,32.74,81243668,1073741824,7.57,3,16.6MB / 8.62MB,12.3MB / 81.9kB
23,2026-09-10T13:26:37.513134+00:00,47,2026-09-10T13:26:37.143497+00:00,false,microservices,auth,dae8835a388ba2ca7ff93f2a2cd4de6b732c5dd0decc46a2ee76d277d6b953f4,tcc-microservices-experiment-auth-1,0.02,79209431,1073741824,7.38,3,45.6kB / 40.3kB,14.2MB / 65.5kB
23,2026-09-10T13:26:37.513134+00:00,47,2026-09-10T13:26:37.143497+00:00,false,microservices,gateway,e3678082375b47c9c2bed8fc8741b61e4e3444b2dab9f40061e4f0db9ac2152b,tcc-microservices-experiment-gateway-1,12.29,448895386,536870912,83.61,81,2.48MB / 3.13MB,36.5MB / 209kB
23,2026-09-10T13:26:37.513134+00:00,47,2026-09-10T13:26:37.143497+00:00,false,microservices,mysql,8a803de22ef717b48801c3d2f296c7524faa0c0164e27b68658e1303f5aabec6,tcc-microservices-experiment-mysql-1,25.87,541904077,1073741824,50.47,41,15.2MB / 28.8MB,62.8MB / 280MB
23,2026-09-10T13:26:37.513134+00:00,47,2026-09-10T13:26:37.143497+00:00,false,microservices,order,0f6da91e205ff9876895c5be9a1374e249dc00e9ba67c864c92a09f3e5ab49b2,tcc-microservices-experiment-order-1,25.79,82281759,1073741824,7.66,3,17.5MB / 11.6MB,13.1MB / 77.8kB
23,2026-09-10T13:26:37.513134+00:00,47,2026-09-10T13:26:37.143497+00:00,false,microservices,product,9acc556906bf27debfc5ab3bf9e01bbec25a8631520159ba07627791f59f58b7,tcc-microservices-experiment-product-1,32.67,81474355,1073741824,7.59,3,16.9MB / 8.78MB,12.3MB / 81.9kB
24,2026-09-10T13:26:38.513110+00:00,49,2026-09-10T13:26:38.143333+00:00,false,microservices,auth,dae8835a388ba2ca7ff93f2a2cd4de6b732c5dd0decc46a2ee76d277d6b953f4,tcc-microservices-experiment-auth-1,0.01,79209431,1073741824,7.38,3,45.6kB / 40.3kB,14.2MB / 65.5kB
24,2026-09-10T13:26:38.513110+00:00,49,2026-09-10T13:26:38.143333+00:00,false,microservices,gateway,e3678082375b47c9c2bed8fc8741b61e4e3444b2dab9f40061e4f0db9ac2152b,tcc-microservices-experiment-gateway-1,16.52,448790528,536870912,83.6,81,2.53MB / 3.18MB,36.5MB / 209kB
24,2026-09-10T13:26:38.513110+00:00,49,2026-09-10T13:26:38.143333+00:00,false,microservices,mysql,8a803de22ef717b48801c3d2f296c7524faa0c0164e27b68658e1303f5aabec6,tcc-microservices-experiment-mysql-1,29.28,542428365,1073741824,50.52,41,15.4MB / 29.3MB,62.8MB / 282MB
24,2026-09-10T13:26:38.513110+00:00,49,2026-09-10T13:26:38.143333+00:00,false,microservices,order,0f6da91e205ff9876895c5be9a1374e249dc00e9ba67c864c92a09f3e5ab49b2,tcc-microservices-experiment-order-1,26.77,83571507,1073741824,7.78,3,17.7MB / 11.7MB,13.1MB / 77.8kB
24,2026-09-10T13:26:38.513110+00:00,49,2026-09-10T13:26:38.143333+00:00,false,microservices,product,9acc556906bf27debfc5ab3bf9e01bbec25a8631520159ba07627791f59f58b7,tcc-microservices-experiment-product-1,32.38,81526784,1073741824,7.59,3,17.2MB / 8.94MB,12.3MB / 81.9kB
25,2026-09-10T13:26:39.513118+00:00,51,2026-09-10T13:26:39.143829+00:00,false,microservices,auth,dae8835a388ba2ca7ff93f2a2cd4de6b732c5dd0decc46a2ee76d277d6b953f4,tcc-microservices-experiment-auth-1,0.02,79209431,1073741824,7.38,3,45.6kB / 40.3kB,14.2MB / 65.5kB
25,2026-09-10T13:26:39.513118+00:00,51,2026-09-10T13:26:39.143829+00:00,false,microservices,gateway,e3678082375b47c9c2bed8fc8741b61e4e3444b2dab9f40061e4f0db9ac2152b,tcc-microservices-experiment-gateway-1,19.1,449839104,536870912,83.79,81,2.57MB / 3.24MB,36.5MB / 209kB
25,2026-09-10T13:26:39.513118+00:00,51,2026-09-10T13:26:39.143829+00:00,false,microservices,mysql,8a803de22ef717b48801c3d2f296c7524faa0c0164e27b68658e1303f5aabec6,tcc-microservices-experiment-mysql-1,25.56,541799219,1073741824,50.46,41,15.6MB / 29.7MB,62.8MB / 284MB
25,2026-09-10T13:26:39.513118+00:00,51,2026-09-10T13:26:39.143829+00:00,false,microservices,order,0f6da91e205ff9876895c5be9a1374e249dc00e9ba67c864c92a09f3e5ab49b2,tcc-microservices-experiment-order-1,24.5,82166415,1073741824,7.65,3,17.9MB / 11.8MB,13.1MB / 77.8kB
25,2026-09-10T13:26:39.513118+00:00,51,2026-09-10T13:26:39.143829+00:00,false,microservices,product,9acc556906bf27debfc5ab3bf9e01bbec25a8631520159ba07627791f59f58b7,tcc-microservices-experiment-product-1,31.5,81432412,1073741824,7.58,3,17.5MB / 9.09MB,12.3MB / 81.9kB
26,2026-09-10T13:26:40.513138+00:00,53,2026-09-10T13:26:40.144341+00:00,false,microservices,auth,dae8835a388ba2ca7ff93f2a2cd4de6b732c5dd0decc46a2ee76d277d6b953f4,tcc-microservices-experiment-auth-1,0.02,79209431,1073741824,7.38,3,45.6kB / 40.3kB,14.2MB / 65.5kB
26,2026-09-10T13:26:40.513138+00:00,53,2026-09-10T13:26:40.144341+00:00,false,microservices,gateway,e3678082375b47c9c2bed8fc8741b61e4e3444b2dab9f40061e4f0db9ac2152b,tcc-microservices-experiment-gateway-1,39.97,456025702,536870912,84.95,81,2.61MB / 3.29MB,36.5MB / 209kB
26,2026-09-10T13:26:40.513138+00:00,53,2026-09-10T13:26:40.144341+00:00,false,microservices,mysql,8a803de22ef717b48801c3d2f296c7524faa0c0164e27b68658e1303f5aabec6,tcc-microservices-experiment-mysql-1,28.5,544106086,1073741824,50.67,42,15.8MB / 30.1MB,62.8MB / 287MB
26,2026-09-10T13:26:40.513138+00:00,53,2026-09-10T13:26:40.144341+00:00,false,microservices,order,0f6da91e205ff9876895c5be9a1374e249dc00e9ba67c864c92a09f3e5ab49b2,tcc-microservices-experiment-order-1,26.83,82439045,1073741824,7.68,3,18.2MB / 12MB,13.1MB / 77.8kB
26,2026-09-10T13:26:40.513138+00:00,53,2026-09-10T13:26:40.144341+00:00,false,microservices,product,9acc556906bf27debfc5ab3bf9e01bbec25a8631520159ba07627791f59f58b7,tcc-microservices-experiment-product-1,32.85,82344673,1073741824,7.67,3,17.8MB / 9.25MB,12.3MB / 81.9kB
27,2026-09-10T13:26:41.513125+00:00,55,2026-09-10T13:26:41.143462+00:00,false,microservices,auth,dae8835a388ba2ca7ff93f2a2cd4de6b732c5dd0decc46a2ee76d277d6b953f4,tcc-microservices-experiment-auth-1,0.02,79209431,1073741824,7.38,3,45.6kB / 40.3kB,14.2MB / 65.5kB
27,2026-09-10T13:26:41.513125+00:00,55,2026-09-10T13:26:41.143462+00:00,false,microservices,gateway,e3678082375b47c9c2bed8fc8741b61e4e3444b2dab9f40061e4f0db9ac2152b,tcc-microservices-experiment-gateway-1,12.91,456235418,536870912,84.97,81,2.65MB / 3.34MB,36.5MB / 209kB
27,2026-09-10T13:26:41.513125+00:00,55,2026-09-10T13:26:41.143462+00:00,false,microservices,mysql,8a803de22ef717b48801c3d2f296c7524faa0c0164e27b68658e1303f5aabec6,tcc-microservices-experiment-mysql-1,24.59,542218650,1073741824,50.5,41,16MB / 30.5MB,62.8MB / 289MB
27,2026-09-10T13:26:41.513125+00:00,55,2026-09-10T13:26:41.143462+00:00,false,microservices,order,0f6da91e205ff9876895c5be9a1374e249dc00e9ba67c864c92a09f3e5ab49b2,tcc-microservices-experiment-order-1,25.11,81684070,1073741824,7.61,3,18.4MB / 12.1MB,13.1MB / 77.8kB
27,2026-09-10T13:26:41.513125+00:00,55,2026-09-10T13:26:41.143462+00:00,false,microservices,product,9acc556906bf27debfc5ab3bf9e01bbec25a8631520159ba07627791f59f58b7,tcc-microservices-experiment-product-1,31.36,81988157,1073741824,7.64,3,18.1MB / 9.41MB,12.3MB / 81.9kB
28,2026-09-10T13:26:42.513125+00:00,57,2026-09-10T13:26:42.143358+00:00,false,microservices,auth,dae8835a388ba2ca7ff93f2a2cd4de6b732c5dd0decc46a2ee76d277d6b953f4,tcc-microservices-experiment-auth-1,0.02,79209431,1073741824,7.38,3,45.6kB / 40.3kB,14.2MB / 65.5kB
28,2026-09-10T13:26:42.513125+00:00,57,2026-09-10T13:26:42.143358+00:00,false,microservices,gateway,e3678082375b47c9c2bed8fc8741b61e4e3444b2dab9f40061e4f0db9ac2152b,tcc-microservices-experiment-gateway-1,14.43,455711130,536870912,84.89,81,2.7MB / 3.4MB,36.5MB / 209kB
28,2026-09-10T13:26:42.513125+00:00,57,2026-09-10T13:26:42.143358+00:00,false,microservices,mysql,8a803de22ef717b48801c3d2f296c7524faa0c0164e27b68658e1303f5aabec6,tcc-microservices-experiment-mysql-1,25.05,542113792,1073741824,50.49,42,16.2MB / 31MB,62.8MB / 291MB
28,2026-09-10T13:26:42.513125+00:00,57,2026-09-10T13:26:42.143358+00:00,false,microservices,order,0f6da91e205ff9876895c5be9a1374e249dc00e9ba67c864c92a09f3e5ab49b2,tcc-microservices-experiment-order-1,26.6,82334188,1073741824,7.67,3,18.6MB / 12.3MB,13.1MB / 77.8kB
28,2026-09-10T13:26:42.513125+00:00,57,2026-09-10T13:26:42.143358+00:00,false,microservices,product,9acc556906bf27debfc5ab3bf9e01bbec25a8631520159ba07627791f59f58b7,tcc-microservices-experiment-product-1,32.87,81967186,1073741824,7.63,3,18.4MB / 9.57MB,12.3MB / 81.9kB
29,2026-09-10T13:26:43.513110+00:00,59,2026-09-10T13:26:43.143807+00:00,false,microservices,auth,dae8835a388ba2ca7ff93f2a2cd4de6b732c5dd0decc46a2ee76d277d6b953f4,tcc-microservices-experiment-auth-1,0.02,79209431,1073741824,7.38,3,45.6kB / 40.3kB,14.2MB / 65.5kB
29,2026-09-10T13:26:43.513110+00:00,59,2026-09-10T13:26:43.143807+00:00,false,microservices,gateway,e3678082375b47c9c2bed8fc8741b61e4e3444b2dab9f40061e4f0db9ac2152b,tcc-microservices-experiment-gateway-1,9.34,449839104,536870912,83.78,81,2.74MB / 3.46MB,36.5MB / 209kB
29,2026-09-10T13:26:43.513110+00:00,59,2026-09-10T13:26:43.143807+00:00,false,microservices,mysql,8a803de22ef717b48801c3d2f296c7524faa0c0164e27b68658e1303f5aabec6,tcc-microservices-experiment-mysql-1,28.89,541694362,1073741824,50.45,41,16.4MB / 31.4MB,62.8MB / 293MB
29,2026-09-10T13:26:43.513110+00:00,59,2026-09-10T13:26:43.143807+00:00,false,microservices,order,0f6da91e205ff9876895c5be9a1374e249dc00e9ba67c864c92a09f3e5ab49b2,tcc-microservices-experiment-order-1,26.18,82575360,1073741824,7.69,3,18.8MB / 12.4MB,13.1MB / 77.8kB
29,2026-09-10T13:26:43.513110+00:00,59,2026-09-10T13:26:43.143807+00:00,false,microservices,product,9acc556906bf27debfc5ab3bf9e01bbec25a8631520159ba07627791f59f58b7,tcc-microservices-experiment-product-1,31.99,81883300,1073741824,7.63,3,18.7MB / 9.73MB,12.3MB / 81.9kB
30,2026-09-10T13:26:44.513124+00:00,61,2026-09-10T13:26:44.143410+00:00,false,microservices,auth,dae8835a388ba2ca7ff93f2a2cd4de6b732c5dd0decc46a2ee76d277d6b953f4,tcc-microservices-experiment-auth-1,0.02,79209431,1073741824,7.38,3,45.6kB / 40.3kB,14.2MB / 65.5kB
30,2026-09-10T13:26:44.513124+00:00,61,2026-09-10T13:26:44.143410+00:00,false,microservices,gateway,e3678082375b47c9c2bed8fc8741b61e4e3444b2dab9f40061e4f0db9ac2152b,tcc-microservices-experiment-gateway-1,9.64,449734246,536870912,83.77,81,2.79MB / 3.52MB,36.5MB / 209kB
30,2026-09-10T13:26:44.513124+00:00,61,2026-09-10T13:26:44.143410+00:00,false,microservices,mysql,8a803de22ef717b48801c3d2f296c7524faa0c0164e27b68658e1303f5aabec6,tcc-microservices-experiment-mysql-1,24.91,542533222,1073741824,50.53,41,16.6MB / 31.9MB,62.8MB / 295MB
30,2026-09-10T13:26:44.513124+00:00,61,2026-09-10T13:26:44.143410+00:00,false,microservices,order,0f6da91e205ff9876895c5be9a1374e249dc00e9ba67c864c92a09f3e5ab49b2,tcc-microservices-experiment-order-1,26.06,82522931,1073741824,7.69,3,19.1MB / 12.5MB,13.1MB / 77.8kB
30,2026-09-10T13:26:44.513124+00:00,61,2026-09-10T13:26:44.143410+00:00,false,microservices,product,9acc556906bf27debfc5ab3bf9e01bbec25a8631520159ba07627791f59f58b7,tcc-microservices-experiment-product-1,32.74,82554388,1073741824,7.69,3,19MB / 9.9MB,12.3MB / 81.9kB
31,2026-09-10T13:26:45.513122+00:00,63,2026-09-10T13:26:45.143906+00:00,false,microservices,auth,dae8835a388ba2ca7ff93f2a2cd4de6b732c5dd0decc46a2ee76d277d6b953f4,tcc-microservices-experiment-auth-1,0.02,79209431,1073741824,7.38,3,45.6kB / 40.3kB,14.2MB / 65.5kB
31,2026-09-10T13:26:45.513122+00:00,63,2026-09-10T13:26:45.143906+00:00,false,microservices,gateway,e3678082375b47c9c2bed8fc8741b61e4e3444b2dab9f40061e4f0db9ac2152b,tcc-microservices-experiment-gateway-1,7.12,450782822,536870912,83.96,81,2.83MB / 3.57MB,36.5MB / 225kB
31,2026-09-10T13:26:45.513122+00:00,63,2026-09-10T13:26:45.143906+00:00,false,microservices,mysql,8a803de22ef717b48801c3d2f296c7524faa0c0164e27b68658e1303f5aabec6,tcc-microservices-experiment-mysql-1,28.29,541694362,1073741824,50.45,41,16.8MB / 32.3MB,62.8MB / 297MB
31,2026-09-10T13:26:45.513122+00:00,63,2026-09-10T13:26:45.143906+00:00,false,microservices,order,0f6da91e205ff9876895c5be9a1374e249dc00e9ba67c864c92a09f3e5ab49b2,tcc-microservices-experiment-order-1,26.94,82564874,1073741824,7.69,3,19.3MB / 12.7MB,13.1MB / 77.8kB
31,2026-09-10T13:26:45.513122+00:00,63,2026-09-10T13:26:45.143906+00:00,false,microservices,product,9acc556906bf27debfc5ab3bf9e01bbec25a8631520159ba07627791f59f58b7,tcc-microservices-experiment-product-1,32.66,82145444,1073741824,7.65,3,19.4MB / 10.1MB,12.3MB / 81.9kB
32,2026-09-10T13:26:46.513104+00:00,65,2026-09-10T13:26:46.143050+00:00,false,microservices,auth,dae8835a388ba2ca7ff93f2a2cd4de6b732c5dd0decc46a2ee76d277d6b953f4,tcc-microservices-experiment-auth-1,0.02,79209431,1073741824,7.38,3,45.6kB / 40.3kB,14.2MB / 65.5kB
32,2026-09-10T13:26:46.513104+00:00,65,2026-09-10T13:26:46.143050+00:00,false,microservices,gateway,e3678082375b47c9c2bed8fc8741b61e4e3444b2dab9f40061e4f0db9ac2152b,tcc-microservices-experiment-gateway-1,8.52,449629389,536870912,83.75,81,2.87MB / 3.63MB,36.5MB / 225kB
32,2026-09-10T13:26:46.513104+00:00,65,2026-09-10T13:26:46.143050+00:00,false,microservices,mysql,8a803de22ef717b48801c3d2f296c7524faa0c0164e27b68658e1303f5aabec6,tcc-microservices-experiment-mysql-1,25.33,542847795,1073741824,50.55,41,17MB / 32.8MB,62.8MB / 299MB
32,2026-09-10T13:26:46.513104+00:00,65,2026-09-10T13:26:46.143050+00:00,false,microservices,order,0f6da91e205ff9876895c5be9a1374e249dc00e9ba67c864c92a09f3e5ab49b2,tcc-microservices-experiment-order-1,25.36,82868961,1073741824,7.72,3,19.5MB / 12.8MB,13.1MB / 77.8kB
32,2026-09-10T13:26:46.513104+00:00,65,2026-09-10T13:26:46.143050+00:00,false,microservices,product,9acc556906bf27debfc5ab3bf9e01bbec25a8631520159ba07627791f59f58b7,tcc-microservices-experiment-product-1,32.18,81390469,1073741824,7.58,3,19.7MB / 10.2MB,12.3MB / 81.9kB
33,2026-09-10T13:26:47.513134+00:00,67,2026-09-10T13:26:47.143468+00:00,false,microservices,auth,dae8835a388ba2ca7ff93f2a2cd4de6b732c5dd0decc46a2ee76d277d6b953f4,tcc-microservices-experiment-auth-1,0.02,79209431,1073741824,7.38,3,45.6kB / 40.3kB,14.2MB / 65.5kB
33,2026-09-10T13:26:47.513134+00:00,67,2026-09-10T13:26:47.143468+00:00,false,microservices,gateway,e3678082375b47c9c2bed8fc8741b61e4e3444b2dab9f40061e4f0db9ac2152b,tcc-microservices-experiment-gateway-1,8.69,449524531,536870912,83.73,81,2.92MB / 3.68MB,36.5MB / 225kB
33,2026-09-10T13:26:47.513134+00:00,67,2026-09-10T13:26:47.143468+00:00,false,microservices,mysql,8a803de22ef717b48801c3d2f296c7524faa0c0164e27b68658e1303f5aabec6,tcc-microservices-experiment-mysql-1,29.23,542323507,1073741824,50.5,41,17.2MB / 33.2MB,62.8MB / 302MB
33,2026-09-10T13:26:47.513134+00:00,67,2026-09-10T13:26:47.143468+00:00,false,microservices,order,0f6da91e205ff9876895c5be9a1374e249dc00e9ba67c864c92a09f3e5ab49b2,tcc-microservices-experiment-order-1,25.42,82994790,1073741824,7.73,3,19.8MB / 13MB,13.1MB / 77.8kB
33,2026-09-10T13:26:47.513134+00:00,67,2026-09-10T13:26:47.143468+00:00,false,microservices,product,9acc556906bf27debfc5ab3bf9e01bbec25a8631520159ba07627791f59f58b7,tcc-microservices-experiment-product-1,32.18,81233183,1073741824,7.57,3,20MB / 10.4MB,12.3MB / 81.9kB
34,2026-09-10T13:26:48.513127+00:00,69,2026-09-10T13:26:48.143523+00:00,false,microservices,auth,dae8835a388ba2ca7ff93f2a2cd4de6b732c5dd0decc46a2ee76d277d6b953f4,tcc-microservices-experiment-auth-1,0.02,79209431,1073741824,7.38,3,45.6kB / 40.3kB,14.2MB / 65.5kB
34,2026-09-10T13:26:48.513127+00:00,69,2026-09-10T13:26:48.143523+00:00,false,microservices,gateway,e3678082375b47c9c2bed8fc8741b61e4e3444b2dab9f40061e4f0db9ac2152b,tcc-microservices-experiment-gateway-1,28.29,457179136,536870912,85.16,81,2.96MB / 3.74MB,36.5MB / 225kB
34,2026-09-10T13:26:48.513127+00:00,69,2026-09-10T13:26:48.143523+00:00,false,microservices,mysql,8a803de22ef717b48801c3d2f296c7524faa0c0164e27b68658e1303f5aabec6,tcc-microservices-experiment-mysql-1,25.78,542533222,1073741824,50.53,41,17.4MB / 33.6MB,62.8MB / 304MB
34,2026-09-10T13:26:48.513127+00:00,69,2026-09-10T13:26:48.143523+00:00,false,microservices,order,0f6da91e205ff9876895c5be9a1374e249dc00e9ba67c864c92a09f3e5ab49b2,tcc-microservices-experiment-order-1,26.82,82480988,1073741824,7.68,3,20MB / 13.1MB,13.1MB / 77.8kB
34,2026-09-10T13:26:48.513127+00:00,69,2026-09-10T13:26:48.143523+00:00,false,microservices,product,9acc556906bf27debfc5ab3bf9e01bbec25a8631520159ba07627791f59f58b7,tcc-microservices-experiment-product-1,33.09,81379983,1073741824,7.58,3,20.3MB / 10.5MB,12.3MB / 81.9kB
35,2026-09-10T13:26:49.513128+00:00,71,2026-09-10T13:26:49.143478+00:00,false,microservices,auth,dae8835a388ba2ca7ff93f2a2cd4de6b732c5dd0decc46a2ee76d277d6b953f4,tcc-microservices-experiment-auth-1,0.01,79209431,1073741824,7.38,3,45.7kB / 40.3kB,14.2MB / 65.5kB
35,2026-09-10T13:26:49.513128+00:00,71,2026-09-10T13:26:49.143478+00:00,false,microservices,gateway,e3678082375b47c9c2bed8fc8741b61e4e3444b2dab9f40061e4f0db9ac2152b,tcc-microservices-experiment-gateway-1,13.04,457179136,536870912,85.16,81,3MB / 3.79MB,36.5MB / 225kB
35,2026-09-10T13:26:49.513128+00:00,71,2026-09-10T13:26:49.143478+00:00,false,microservices,mysql,8a803de22ef717b48801c3d2f296c7524faa0c0164e27b68658e1303f5aabec6,tcc-microservices-experiment-mysql-1,29.93,542533222,1073741824,50.53,41,17.6MB / 34.1MB,62.8MB / 305MB
35,2026-09-10T13:26:49.513128+00:00,71,2026-09-10T13:26:49.143478+00:00,false,microservices,order,0f6da91e205ff9876895c5be9a1374e249dc00e9ba67c864c92a09f3e5ab49b2,tcc-microservices-experiment-order-1,26.97,82868961,1073741824,7.72,3,20.2MB / 13.2MB,13.1MB / 77.8kB
35,2026-09-10T13:26:49.513128+00:00,71,2026-09-10T13:26:49.143478+00:00,false,microservices,product,9acc556906bf27debfc5ab3bf9e01bbec25a8631520159ba07627791f59f58b7,tcc-microservices-experiment-product-1,33.12,81715528,1073741824,7.61,3,20.6MB / 10.7MB,12.3MB / 81.9kB
36,2026-09-10T13:26:50.513098+00:00,73,2026-09-10T13:26:50.143403+00:00,false,microservices,auth,dae8835a388ba2ca7ff93f2a2cd4de6b732c5dd0decc46a2ee76d277d6b953f4,tcc-microservices-experiment-auth-1,0.02,79209431,1073741824,7.38,3,45.7kB / 40.3kB,14.2MB / 65.5kB
36,2026-09-10T13:26:50.513098+00:00,73,2026-09-10T13:26:50.143403+00:00,false,microservices,gateway,e3678082375b47c9c2bed8fc8741b61e4e3444b2dab9f40061e4f0db9ac2152b,tcc-microservices-experiment-gateway-1,10.93,457913139,536870912,85.3,81,3.05MB / 3.85MB,36.5MB / 225kB
36,2026-09-10T13:26:50.513098+00:00,73,2026-09-10T13:26:50.143403+00:00,false,microservices,mysql,8a803de22ef717b48801c3d2f296c7524faa0c0164e27b68658e1303f5aabec6,tcc-microservices-experiment-mysql-1,26.62,541799219,1073741824,50.46,41,17.8MB / 34.5MB,62.8MB / 307MB
36,2026-09-10T13:26:50.513098+00:00,73,2026-09-10T13:26:50.143403+00:00,false,microservices,order,0f6da91e205ff9876895c5be9a1374e249dc00e9ba67c864c92a09f3e5ab49b2,tcc-microservices-experiment-order-1,26.51,82480988,1073741824,7.68,3,20.4MB / 13.4MB,13.1MB / 77.8kB
36,2026-09-10T13:26:50.513098+00:00,73,2026-09-10T13:26:50.143403+00:00,false,microservices,product,9acc556906bf27debfc5ab3bf9e01bbec25a8631520159ba07627791f59f58b7,tcc-microservices-experiment-product-1,32.55,81799414,1073741824,7.62,3,20.9MB / 10.9MB,12.3MB / 81.9kB
37,2026-09-10T13:26:51.513108+00:00,75,2026-09-10T13:26:51.143227+00:00,false,microservices,auth,dae8835a388ba2ca7ff93f2a2cd4de6b732c5dd0decc46a2ee76d277d6b953f4,tcc-microservices-experiment-auth-1,0.02,79209431,1073741824,7.38,3,45.7kB / 40.3kB,14.2MB / 65.5kB
37,2026-09-10T13:26:51.513108+00:00,75,2026-09-10T13:26:51.143227+00:00,false,microservices,gateway,e3678082375b47c9c2bed8fc8741b61e4e3444b2dab9f40061e4f0db9ac2152b,tcc-microservices-experiment-gateway-1,9.89,457493709,536870912,85.21,81,3.09MB / 3.9MB,36.5MB / 225kB
37,2026-09-10T13:26:51.513108+00:00,75,2026-09-10T13:26:51.143227+00:00,false,microservices,mysql,8a803de22ef717b48801c3d2f296c7524faa0c0164e27b68658e1303f5aabec6,tcc-microservices-experiment-mysql-1,29.91,542008934,1073741824,50.48,41,18MB / 34.9MB,62.8MB / 308MB
37,2026-09-10T13:26:51.513108+00:00,75,2026-09-10T13:26:51.143227+00:00,false,microservices,order,0f6da91e205ff9876895c5be9a1374e249dc00e9ba67c864c92a09f3e5ab49b2,tcc-microservices-experiment-order-1,26.63,83005276,1073741824,7.73,3,20.7MB / 13.5MB,13.1MB / 77.8kB
37,2026-09-10T13:26:51.513108+00:00,75,2026-09-10T13:26:51.143227+00:00,false,microservices,product,9acc556906bf27debfc5ab3bf9e01bbec25a8631520159ba07627791f59f58b7,tcc-microservices-experiment-product-1,32.71,82218844,1073741824,7.66,3,21.2MB / 11MB,12.3MB / 81.9kB
38,2026-09-10T13:26:52.513126+00:00,77,2026-09-10T13:26:52.143105+00:00,false,microservices,auth,dae8835a388ba2ca7ff93f2a2cd4de6b732c5dd0decc46a2ee76d277d6b953f4,tcc-microservices-experiment-auth-1,0.02,79209431,1073741824,7.38,3,45.7kB / 40.3kB,14.2MB / 65.5kB
38,2026-09-10T13:26:52.513126+00:00,77,2026-09-10T13:26:52.143105+00:00,false,microservices,gateway,e3678082375b47c9c2bed8fc8741b61e4e3444b2dab9f40061e4f0db9ac2152b,tcc-microservices-experiment-gateway-1,14.36,458017997,536870912,85.32,81,3.13MB / 3.96MB,36.5MB / 225kB
38,2026-09-10T13:26:52.513126+00:00,77,2026-09-10T13:26:52.143105+00:00,false,microservices,mysql,8a803de22ef717b48801c3d2f296c7524faa0c0164e27b68658e1303f5aabec6,tcc-microservices-experiment-mysql-1,26.17,542428365,1073741824,50.52,41,18.2MB / 35.4MB,62.8MB / 310MB
38,2026-09-10T13:26:52.513126+00:00,77,2026-09-10T13:26:52.143105+00:00,false,microservices,order,0f6da91e205ff9876895c5be9a1374e249dc00e9ba67c864c92a09f3e5ab49b2,tcc-microservices-experiment-order-1,26.36,82690703,1073741824,7.7,3,20.9MB / 13.7MB,13.1MB / 77.8kB
38,2026-09-10T13:26:52.513126+00:00,77,2026-09-10T13:26:52.143105+00:00,false,microservices,product,9acc556906bf27debfc5ab3bf9e01bbec25a8631520159ba07627791f59f58b7,tcc-microservices-experiment-product-1,32.47,81107354,1073741824,7.55,3,21.5MB / 11.2MB,12.3MB / 81.9kB
39,2026-09-10T13:26:53.513137+00:00,79,2026-09-10T13:26:53.143437+00:00,false,microservices,auth,dae8835a388ba2ca7ff93f2a2cd4de6b732c5dd0decc46a2ee76d277d6b953f4,tcc-microservices-experiment-auth-1,0.02,79209431,1073741824,7.38,3,45.7kB / 40.3kB,14.2MB / 65.5kB
39,2026-09-10T13:26:53.513137+00:00,79,2026-09-10T13:26:53.143437+00:00,false,microservices,gateway,e3678082375b47c9c2bed8fc8741b61e4e3444b2dab9f40061e4f0db9ac2152b,tcc-microservices-experiment-gateway-1,17.35,449629389,536870912,83.76,81,3.18MB / 4.02MB,36.5MB / 225kB
39,2026-09-10T13:26:53.513137+00:00,79,2026-09-10T13:26:53.143437+00:00,false,microservices,mysql,8a803de22ef717b48801c3d2f296c7524faa0c0164e27b68658e1303f5aabec6,tcc-microservices-experiment-mysql-1,29.73,542638080,1073741824,50.54,41,18.4MB / 35.8MB,62.8MB / 312MB
39,2026-09-10T13:26:53.513137+00:00,79,2026-09-10T13:26:53.143437+00:00,false,microservices,order,0f6da91e205ff9876895c5be9a1374e249dc00e9ba67c864c92a09f3e5ab49b2,tcc-microservices-experiment-order-1,26.92,82197873,1073741824,7.66,3,21.1MB / 13.8MB,13.1MB / 77.8kB
39,2026-09-10T13:26:53.513137+00:00,79,2026-09-10T13:26:53.143437+00:00,false,microservices,product,9acc556906bf27debfc5ab3bf9e01bbec25a8631520159ba07627791f59f58b7,tcc-microservices-experiment-product-1,32.05,81107354,1073741824,7.55,3,21.8MB / 11.3MB,12.3MB / 81.9kB
40,2026-09-10T13:26:54.513139+00:00,81,2026-09-10T13:26:54.143795+00:00,false,microservices,auth,dae8835a388ba2ca7ff93f2a2cd4de6b732c5dd0decc46a2ee76d277d6b953f4,tcc-microservices-experiment-auth-1,0.02,79209431,1073741824,7.38,3,45.7kB / 40.3kB,14.2MB / 65.5kB
40,2026-09-10T13:26:54.513139+00:00,81,2026-09-10T13:26:54.143795+00:00,false,microservices,gateway,e3678082375b47c9c2bed8fc8741b61e4e3444b2dab9f40061e4f0db9ac2152b,tcc-microservices-experiment-gateway-1,30.4,458856858,536870912,85.48,81,3.22MB / 4.07MB,36.5MB / 225kB
40,2026-09-10T13:26:54.513139+00:00,81,2026-09-10T13:26:54.143795+00:00,false,microservices,mysql,8a803de22ef717b48801c3d2f296c7524faa0c0164e27b68658e1303f5aabec6,tcc-microservices-experiment-mysql-1,25.09,542742938,1073741824,50.54,41,18.7MB / 36.2MB,62.8MB / 313MB
40,2026-09-10T13:26:54.513139+00:00,81,2026-09-10T13:26:54.143795+00:00,false,microservices,order,0f6da91e205ff9876895c5be9a1374e249dc00e9ba67c864c92a09f3e5ab49b2,tcc-microservices-experiment-order-1,26.51,82617303,1073741824,7.69,3,21.4MB / 13.9MB,13.1MB / 77.8kB
40,2026-09-10T13:26:54.513139+00:00,81,2026-09-10T13:26:54.143795+00:00,false,microservices,product,9acc556906bf27debfc5ab3bf9e01bbec25a8631520159ba07627791f59f58b7,tcc-microservices-experiment-product-1,33.79,82145444,1073741824,7.65,3,22.1MB / 11.5MB,12.3MB / 81.9kB
41,2026-09-10T13:26:55.513113+00:00,83,2026-09-10T13:26:55.143821+00:00,false,microservices,auth,dae8835a388ba2ca7ff93f2a2cd4de6b732c5dd0decc46a2ee76d277d6b953f4,tcc-microservices-experiment-auth-1,0.02,79209431,1073741824,7.38,3,45.7kB / 40.3kB,14.2MB / 65.5kB
41,2026-09-10T13:26:55.513113+00:00,83,2026-09-10T13:26:55.143821+00:00,false,microservices,gateway,e3678082375b47c9c2bed8fc8741b61e4e3444b2dab9f40061e4f0db9ac2152b,tcc-microservices-experiment-gateway-1,16.39,458961715,536870912,85.48,81,3.27MB / 4.13MB,36.5MB / 225kB
41,2026-09-10T13:26:55.513113+00:00,83,2026-09-10T13:26:55.143821+00:00,false,microservices,mysql,8a803de22ef717b48801c3d2f296c7524faa0c0164e27b68658e1303f5aabec6,tcc-microservices-experiment-mysql-1,29.93,543057510,1073741824,50.58,41,18.9MB / 36.7MB,62.8MB / 315MB
41,2026-09-10T13:26:55.513113+00:00,83,2026-09-10T13:26:55.143821+00:00,false,microservices,order,0f6da91e205ff9876895c5be9a1374e249dc00e9ba67c864c92a09f3e5ab49b2,tcc-microservices-experiment-order-1,26.23,82218844,1073741824,7.66,3,21.6MB / 14.1MB,13.1MB / 77.8kB
41,2026-09-10T13:26:55.513113+00:00,83,2026-09-10T13:26:55.143821+00:00,false,microservices,product,9acc556906bf27debfc5ab3bf9e01bbec25a8631520159ba07627791f59f58b7,tcc-microservices-experiment-product-1,32.51,81254154,1073741824,7.57,3,22.5MB / 11.7MB,12.3MB / 81.9kB
42,2026-09-10T13:26:56.513102+00:00,85,2026-09-10T13:26:56.143345+00:00,false,microservices,auth,dae8835a388ba2ca7ff93f2a2cd4de6b732c5dd0decc46a2ee76d277d6b953f4,tcc-microservices-experiment-auth-1,0.02,79209431,1073741824,7.38,3,45.7kB / 40.3kB,14.2MB / 65.5kB
42,2026-09-10T13:26:56.513102+00:00,85,2026-09-10T13:26:56.143345+00:00,false,microservices,gateway,e3678082375b47c9c2bed8fc8741b61e4e3444b2dab9f40061e4f0db9ac2152b,tcc-microservices-experiment-gateway-1,7.64,459276288,536870912,85.54,81,3.31MB / 4.18MB,36.5MB / 225kB
42,2026-09-10T13:26:56.513102+00:00,85,2026-09-10T13:26:56.143345+00:00,false,microservices,mysql,8a803de22ef717b48801c3d2f296c7524faa0c0164e27b68658e1303f5aabec6,tcc-microservices-experiment-mysql-1,23.4,542638080,1073741824,50.54,41,19.1MB / 37.1MB,62.8MB / 316MB
42,2026-09-10T13:26:56.513102+00:00,85,2026-09-10T13:26:56.143345+00:00,false,microservices,order,0f6da91e205ff9876895c5be9a1374e249dc00e9ba67c864c92a09f3e5ab49b2,tcc-microservices-experiment-order-1,24.48,82501960,1073741824,7.68,3,21.8MB / 14.2MB,13.1MB / 77.8kB
42,2026-09-10T13:26:56.513102+00:00,85,2026-09-10T13:26:56.143345+00:00,false,microservices,product,9acc556906bf27debfc5ab3bf9e01bbec25a8631520159ba07627791f59f58b7,tcc-microservices-experiment-product-1,30.44,81369498,1073741824,7.58,3,22.8MB / 11.8MB,12.3MB / 81.9kB
43,2026-09-10T13:26:57.513126+00:00,87,2026-09-10T13:26:57.143432+00:00,false,microservices,auth,dae8835a388ba2ca7ff93f2a2cd4de6b732c5dd0decc46a2ee76d277d6b953f4,tcc-microservices-experiment-auth-1,0.02,79209431,1073741824,7.38,3,45.7kB / 40.3kB,14.2MB / 65.5kB
43,2026-09-10T13:26:57.513126+00:00,87,2026-09-10T13:26:57.143432+00:00,false,microservices,gateway,e3678082375b47c9c2bed8fc8741b61e4e3444b2dab9f40061e4f0db9ac2152b,tcc-microservices-experiment-gateway-1,8.7,459905434,536870912,85.67,81,3.35MB / 4.24MB,36.5MB / 225kB
43,2026-09-10T13:26:57.513126+00:00,87,2026-09-10T13:26:57.143432+00:00,false,microservices,mysql,8a803de22ef717b48801c3d2f296c7524faa0c0164e27b68658e1303f5aabec6,tcc-microservices-experiment-mysql-1,29.85,542428365,1073741824,50.51,41,19.3MB / 37.5MB,62.8MB / 318MB
43,2026-09-10T13:26:57.513126+00:00,87,2026-09-10T13:26:57.143432+00:00,false,microservices,order,0f6da91e205ff9876895c5be9a1374e249dc00e9ba67c864c92a09f3e5ab49b2,tcc-microservices-experiment-order-1,26.05,82669732,1073741824,7.7,3,22MB / 14.4MB,13.1MB / 77.8kB
43,2026-09-10T13:26:57.513126+00:00,87,2026-09-10T13:26:57.143432+00:00,false,microservices,product,9acc556906bf27debfc5ab3bf9e01bbec25a8631520159ba07627791f59f58b7,tcc-microservices-experiment-product-1,32.23,81547756,1073741824,7.59,3,23.1MB / 12MB,12.3MB / 81.9kB
44,2026-09-10T13:26:58.513113+00:00,89,2026-09-10T13:26:58.143439+00:00,false,microservices,auth,dae8835a388ba2ca7ff93f2a2cd4de6b732c5dd0decc46a2ee76d277d6b953f4,tcc-microservices-experiment-auth-1,0.02,79209431,1073741824,7.38,3,45.7kB / 40.3kB,14.2MB / 65.5kB
44,2026-09-10T13:26:58.513113+00:00,89,2026-09-10T13:26:58.143439+00:00,false,microservices,gateway,e3678082375b47c9c2bed8fc8741b61e4e3444b2dab9f40061e4f0db9ac2152b,tcc-microservices-experiment-gateway-1,7.13,449209958,536870912,83.68,81,3.4MB / 4.29MB,36.5MB / 225kB
44,2026-09-10T13:26:58.513113+00:00,89,2026-09-10T13:26:58.143439+00:00,false,microservices,mysql,8a803de22ef717b48801c3d2f296c7524faa0c0164e27b68658e1303f5aabec6,tcc-microservices-experiment-mysql-1,25.66,542533222,1073741824,50.53,41,19.5MB / 38MB,62.8MB / 319MB
44,2026-09-10T13:26:58.513113+00:00,89,2026-09-10T13:26:58.143439+00:00,false,microservices,order,0f6da91e205ff9876895c5be9a1374e249dc00e9ba67c864c92a09f3e5ab49b2,tcc-microservices-experiment-order-1,26.42,82617303,1073741824,7.69,3,22.3MB / 14.5MB,13.1MB / 77.8kB
44,2026-09-10T13:26:58.513113+00:00,89,2026-09-10T13:26:58.143439+00:00,false,microservices,product,9acc556906bf27debfc5ab3bf9e01bbec25a8631520159ba07627791f59f58b7,tcc-microservices-experiment-product-1,32.54,81558241,1073741824,7.6,3,23.4MB / 12.1MB,12.3MB / 81.9kB
45,2026-09-10T13:26:59.513137+00:00,91,2026-09-10T13:26:59.144023+00:00,false,microservices,auth,dae8835a388ba2ca7ff93f2a2cd4de6b732c5dd0decc46a2ee76d277d6b953f4,tcc-microservices-experiment-auth-1,0.02,79209431,1073741824,7.38,3,45.7kB / 40.3kB,14.2MB / 65.5kB
45,2026-09-10T13:26:59.513137+00:00,91,2026-09-10T13:26:59.144023+00:00,false,microservices,gateway,e3678082375b47c9c2bed8fc8741b61e4e3444b2dab9f40061e4f0db9ac2152b,tcc-microservices-experiment-gateway-1,7.31,449419674,536870912,83.72,81,3.44MB / 4.35MB,36.5MB / 225kB
45,2026-09-10T13:26:59.513137+00:00,91,2026-09-10T13:26:59.144023+00:00,false,microservices,mysql,8a803de22ef717b48801c3d2f296c7524faa0c0164e27b68658e1303f5aabec6,tcc-microservices-experiment-mysql-1,29.84,542638080,1073741824,50.54,41,19.7MB / 38.4MB,62.8MB / 321MB
45,2026-09-10T13:26:59.513137+00:00,91,2026-09-10T13:26:59.144023+00:00,false,microservices,order,0f6da91e205ff9876895c5be9a1374e249dc00e9ba67c864c92a09f3e5ab49b2,tcc-microservices-experiment-order-1,25.92,83194020,1073741824,7.75,3,22.5MB / 14.6MB,13.1MB / 77.8kB
45,2026-09-10T13:26:59.513137+00:00,91,2026-09-10T13:26:59.144023+00:00,false,microservices,product,9acc556906bf27debfc5ab3bf9e01bbec25a8631520159ba07627791f59f58b7,tcc-microservices-experiment-product-1,32.29,81463869,1073741824,7.59,3,23.7MB / 12.3MB,12.3MB / 81.9kB
46,2026-09-10T13:27:00.513105+00:00,93,2026-09-10T13:27:00.143920+00:00,false,microservices,auth,dae8835a388ba2ca7ff93f2a2cd4de6b732c5dd0decc46a2ee76d277d6b953f4,tcc-microservices-experiment-auth-1,0.02,79209431,1073741824,7.38,3,45.8kB / 40.3kB,14.2MB / 65.5kB
46,2026-09-10T13:27:00.513105+00:00,93,2026-09-10T13:27:00.143920+00:00,false,microservices,gateway,e3678082375b47c9c2bed8fc8741b61e4e3444b2dab9f40061e4f0db9ac2152b,tcc-microservices-experiment-gateway-1,10.43,450048819,536870912,83.82,78,3.48MB / 4.41MB,36.5MB / 238kB
46,2026-09-10T13:27:00.513105+00:00,93,2026-09-10T13:27:00.143920+00:00,false,microservices,mysql,8a803de22ef717b48801c3d2f296c7524faa0c0164e27b68658e1303f5aabec6,tcc-microservices-experiment-mysql-1,25.44,542847795,1073741824,50.56,41,19.9MB / 38.8MB,62.8MB / 323MB
46,2026-09-10T13:27:00.513105+00:00,93,2026-09-10T13:27:00.143920+00:00,false,microservices,order,0f6da91e205ff9876895c5be9a1374e249dc00e9ba67c864c92a09f3e5ab49b2,tcc-microservices-experiment-order-1,26.07,82407588,1073741824,7.68,3,22.7MB / 14.8MB,13.1MB / 77.8kB
46,2026-09-10T13:27:00.513105+00:00,93,2026-09-10T13:27:00.143920+00:00,false,microservices,product,9acc556906bf27debfc5ab3bf9e01bbec25a8631520159ba07627791f59f58b7,tcc-microservices-experiment-product-1,32.37,81212211,1073741824,7.56,3,24MB / 12.5MB,12.3MB / 81.9kB
47,2026-09-10T13:27:01.513097+00:00,95,2026-09-10T13:27:01.143983+00:00,false,microservices,auth,dae8835a388ba2ca7ff93f2a2cd4de6b732c5dd0decc46a2ee76d277d6b953f4,tcc-microservices-experiment-auth-1,0.02,79209431,1073741824,7.38,3,45.8kB / 40.3kB,14.2MB / 65.5kB
47,2026-09-10T13:27:01.513097+00:00,95,2026-09-10T13:27:01.143983+00:00,false,microservices,gateway,e3678082375b47c9c2bed8fc8741b61e4e3444b2dab9f40061e4f0db9ac2152b,tcc-microservices-experiment-gateway-1,7.22,449314816,536870912,83.68,78,3.52MB / 4.46MB,36.5MB / 238kB
47,2026-09-10T13:27:01.513097+00:00,95,2026-09-10T13:27:01.143983+00:00,false,microservices,mysql,8a803de22ef717b48801c3d2f296c7524faa0c0164e27b68658e1303f5aabec6,tcc-microservices-experiment-mysql-1,29.32,543162368,1073741824,50.59,41,20.1MB / 39.3MB,62.8MB / 326MB
47,2026-09-10T13:27:01.513097+00:00,95,2026-09-10T13:27:01.143983+00:00,false,microservices,order,0f6da91e205ff9876895c5be9a1374e249dc00e9ba67c864c92a09f3e5ab49b2,tcc-microservices-experiment-order-1,25.99,82260787,1073741824,7.66,3,22.9MB / 14.9MB,13.1MB / 77.8kB
47,2026-09-10T13:27:01.513097+00:00,95,2026-09-10T13:27:01.143983+00:00,false,microservices,product,9acc556906bf27debfc5ab3bf9e01bbec25a8631520159ba07627791f59f58b7,tcc-microservices-experiment-product-1,32.88,81715528,1073741824,7.61,3,24.3MB / 12.6MB,12.3MB / 81.9kB
48,2026-09-10T13:27:02.513108+00:00,97,2026-09-10T13:27:02.143342+00:00,false,microservices,auth,dae8835a388ba2ca7ff93f2a2cd4de6b732c5dd0decc46a2ee76d277d6b953f4,tcc-microservices-experiment-auth-1,0.02,79209431,1073741824,7.38,3,45.9kB / 40.3kB,14.2MB / 65.5kB
48,2026-09-10T13:27:02.513108+00:00,97,2026-09-10T13:27:02.143342+00:00,false,microservices,gateway,e3678082375b47c9c2bed8fc8741b61e4e3444b2dab9f40061e4f0db9ac2152b,tcc-microservices-experiment-gateway-1,6.99,449734246,536870912,83.78,78,3.57MB / 4.52MB,36.5MB / 238kB
48,2026-09-10T13:27:02.513108+00:00,97,2026-09-10T13:27:02.143342+00:00,false,microservices,mysql,8a803de22ef717b48801c3d2f296c7524faa0c0164e27b68658e1303f5aabec6,tcc-microservices-experiment-mysql-1,25.09,542638080,1073741824,50.54,41,20.3MB / 39.7MB,62.8MB / 328MB
48,2026-09-10T13:27:02.513108+00:00,97,2026-09-10T13:27:02.143342+00:00,false,microservices,order,0f6da91e205ff9876895c5be9a1374e249dc00e9ba67c864c92a09f3e5ab49b2,tcc-microservices-experiment-order-1,26.31,82942362,1073741824,7.72,3,23.2MB / 15.1MB,13.1MB / 77.8kB
48,2026-09-10T13:27:02.513108+00:00,97,2026-09-10T13:27:02.143342+00:00,false,microservices,product,9acc556906bf27debfc5ab3bf9e01bbec25a8631520159ba07627791f59f58b7,tcc-microservices-experiment-product-1,32.07,82187387,1073741824,7.65,3,24.6MB / 12.8MB,12.3MB / 81.9kB
49,2026-09-10T13:27:03.513105+00:00,99,2026-09-10T13:27:03.143503+00:00,false,microservices,auth,dae8835a388ba2ca7ff93f2a2cd4de6b732c5dd0decc46a2ee76d277d6b953f4,tcc-microservices-experiment-auth-1,0.02,79209431,1073741824,7.38,3,45.9kB / 40.3kB,14.2MB / 65.5kB
49,2026-09-10T13:27:03.513105+00:00,99,2026-09-10T13:27:03.143503+00:00,false,microservices,gateway,e3678082375b47c9c2bed8fc8741b61e4e3444b2dab9f40061e4f0db9ac2152b,tcc-microservices-experiment-gateway-1,13.32,449839104,536870912,83.78,78,3.61MB / 4.57MB,36.5MB / 238kB
49,2026-09-10T13:27:03.513105+00:00,99,2026-09-10T13:27:03.143503+00:00,false,microservices,mysql,8a803de22ef717b48801c3d2f296c7524faa0c0164e27b68658e1303f5aabec6,tcc-microservices-experiment-mysql-1,29.83,543581798,1073741824,50.63,41,20.5MB / 40.1MB,62.8MB / 331MB
49,2026-09-10T13:27:03.513105+00:00,99,2026-09-10T13:27:03.143503+00:00,false,microservices,order,0f6da91e205ff9876895c5be9a1374e249dc00e9ba67c864c92a09f3e5ab49b2,tcc-microservices-experiment-order-1,25.33,82837504,1073741824,7.71,3,23.4MB / 15.2MB,13.1MB / 77.8kB
49,2026-09-10T13:27:03.513105+00:00,99,2026-09-10T13:27:03.143503+00:00,false,microservices,product,9acc556906bf27debfc5ab3bf9e01bbec25a8631520159ba07627791f59f58b7,tcc-microservices-experiment-product-1,32.61,81830871,1073741824,7.62,3,24.9MB / 12.9MB,12.3MB / 81.9kB
50,2026-09-10T13:27:04.513094+00:00,101,2026-09-10T13:27:04.143381+00:00,false,microservices,auth,dae8835a388ba2ca7ff93f2a2cd4de6b732c5dd0decc46a2ee76d277d6b953f4,tcc-microservices-experiment-auth-1,0.02,79209431,1073741824,7.38,3,45.9kB / 40.3kB,14.2MB / 65.5kB
50,2026-09-10T13:27:04.513094+00:00,101,2026-09-10T13:27:04.143381+00:00,false,microservices,gateway,e3678082375b47c9c2bed8fc8741b61e4e3444b2dab9f40061e4f0db9ac2152b,tcc-microservices-experiment-gateway-1,7.61,449524531,536870912,83.72,78,3.65MB / 4.63MB,36.5MB / 238kB
50,2026-09-10T13:27:04.513094+00:00,101,2026-09-10T13:27:04.143381+00:00,false,microservices,mysql,8a803de22ef717b48801c3d2f296c7524faa0c0164e27b68658e1303f5aabec6,tcc-microservices-experiment-mysql-1,25.11,542638080,1073741824,50.54,41,20.7MB / 40.6MB,62.8MB / 333MB
50,2026-09-10T13:27:04.513094+00:00,101,2026-09-10T13:27:04.143381+00:00,false,microservices,order,0f6da91e205ff9876895c5be9a1374e249dc00e9ba67c864c92a09f3e5ab49b2,tcc-microservices-experiment-order-1,26.13,83928023,1073741824,7.82,3,23.6MB / 15.3MB,13.1MB / 77.8kB
50,2026-09-10T13:27:04.513094+00:00,101,2026-09-10T13:27:04.143381+00:00,false,microservices,product,9acc556906bf27debfc5ab3bf9e01bbec25a8631520159ba07627791f59f58b7,tcc-microservices-experiment-product-1,32.01,81505812,1073741824,7.59,3,25.2MB / 13.1MB,12.3MB / 81.9kB
51,2026-09-10T13:27:05.513092+00:00,103,2026-09-10T13:27:05.143378+00:00,false,microservices,auth,dae8835a388ba2ca7ff93f2a2cd4de6b732c5dd0decc46a2ee76d277d6b953f4,tcc-microservices-experiment-auth-1,0.02,79209431,1073741824,7.38,3,46kB / 40.3kB,14.2MB / 65.5kB
51,2026-09-10T13:27:05.513092+00:00,103,2026-09-10T13:27:05.143378+00:00,false,microservices,gateway,e3678082375b47c9c2bed8fc8741b61e4e3444b2dab9f40061e4f0db9ac2152b,tcc-microservices-experiment-gateway-1,13.21,450468250,536870912,83.9,78,3.7MB / 4.68MB,36.5MB / 238kB
51,2026-09-10T13:27:05.513092+00:00,103,2026-09-10T13:27:05.143378+00:00,false,microservices,mysql,8a803de22ef717b48801c3d2f296c7524faa0c0164e27b68658e1303f5aabec6,tcc-microservices-experiment-mysql-1,29.19,543476941,1073741824,50.62,41,20.9MB / 41MB,62.8MB / 335MB
51,2026-09-10T13:27:05.513092+00:00,103,2026-09-10T13:27:05.143378+00:00,false,microservices,order,0f6da91e205ff9876895c5be9a1374e249dc00e9ba67c864c92a09f3e5ab49b2,tcc-microservices-experiment-order-1,26.61,83026248,1073741824,7.73,3,23.9MB / 15.5MB,13.1MB / 77.8kB
51,2026-09-10T13:27:05.513092+00:00,103,2026-09-10T13:27:05.143378+00:00,false,microservices,product,9acc556906bf27debfc5ab3bf9e01bbec25a8631520159ba07627791f59f58b7,tcc-microservices-experiment-product-1,33.0,81746985,1073741824,7.61,3,25.6MB / 13.3MB,12.3MB / 81.9kB
52,2026-09-10T13:27:06.513109+00:00,105,2026-09-10T13:27:06.144055+00:00,false,microservices,auth,dae8835a388ba2ca7ff93f2a2cd4de6b732c5dd0decc46a2ee76d277d6b953f4,tcc-microservices-experiment-auth-1,0.02,79209431,1073741824,7.38,3,46kB / 40.3kB,14.2MB / 65.5kB
52,2026-09-10T13:27:06.513109+00:00,105,2026-09-10T13:27:06.144055+00:00,false,microservices,gateway,e3678082375b47c9c2bed8fc8741b61e4e3444b2dab9f40061e4f0db9ac2152b,tcc-microservices-experiment-gateway-1,24.26,454347981,536870912,84.62,78,3.74MB / 4.74MB,36.5MB / 238kB
52,2026-09-10T13:27:06.513109+00:00,105,2026-09-10T13:27:06.144055+00:00,false,microservices,mysql,8a803de22ef717b48801c3d2f296c7524faa0c0164e27b68658e1303f5aabec6,tcc-microservices-experiment-mysql-1,25.23,544106086,1073741824,50.67,41,21.1MB / 41.5MB,62.8MB / 337MB
52,2026-09-10T13:27:06.513109+00:00,105,2026-09-10T13:27:06.144055+00:00,false,microservices,order,0f6da91e205ff9876895c5be9a1374e249dc00e9ba67c864c92a09f3e5ab49b2,tcc-microservices-experiment-order-1,26.36,83393249,1073741824,7.77,3,24.1MB / 15.6MB,13.1MB / 77.8kB
52,2026-09-10T13:27:06.513109+00:00,105,2026-09-10T13:27:06.144055+00:00,false,microservices,product,9acc556906bf27debfc5ab3bf9e01bbec25a8631520159ba07627791f59f58b7,tcc-microservices-experiment-product-1,32.61,81904271,1073741824,7.63,3,25.9MB / 13.4MB,12.3MB / 81.9kB
53,2026-09-10T13:27:07.513108+00:00,107,2026-09-10T13:27:07.144141+00:00,false,microservices,auth,dae8835a388ba2ca7ff93f2a2cd4de6b732c5dd0decc46a2ee76d277d6b953f4,tcc-microservices-experiment-auth-1,0.02,79209431,1073741824,7.38,3,46kB / 40.3kB,14.2MB / 65.5kB
53,2026-09-10T13:27:07.513108+00:00,107,2026-09-10T13:27:07.144141+00:00,false,microservices,gateway,e3678082375b47c9c2bed8fc8741b61e4e3444b2dab9f40061e4f0db9ac2152b,tcc-microservices-experiment-gateway-1,14.44,457179136,536870912,85.16,78,3.79MB / 4.8MB,36.5MB / 238kB
53,2026-09-10T13:27:07.513108+00:00,107,2026-09-10T13:27:07.144141+00:00,false,microservices,mysql,8a803de22ef717b48801c3d2f296c7524faa0c0164e27b68658e1303f5aabec6,tcc-microservices-experiment-mysql-1,29.8,543581798,1073741824,50.63,41,21.3MB / 41.9MB,62.8MB / 339MB
53,2026-09-10T13:27:07.513108+00:00,107,2026-09-10T13:27:07.144141+00:00,false,microservices,order,0f6da91e205ff9876895c5be9a1374e249dc00e9ba67c864c92a09f3e5ab49b2,tcc-microservices-experiment-order-1,26.07,83445678,1073741824,7.77,3,24.3MB / 15.8MB,13.1MB / 77.8kB
53,2026-09-10T13:27:07.513108+00:00,107,2026-09-10T13:27:07.144141+00:00,false,microservices,product,9acc556906bf27debfc5ab3bf9e01bbec25a8631520159ba07627791f59f58b7,tcc-microservices-experiment-product-1,31.98,81893786,1073741824,7.63,3,26.2MB / 13.6MB,12.3MB / 81.9kB
54,2026-09-10T13:27:08.513097+00:00,109,2026-09-10T13:27:08.143549+00:00,false,microservices,auth,dae8835a388ba2ca7ff93f2a2cd4de6b732c5dd0decc46a2ee76d277d6b953f4,tcc-microservices-experiment-auth-1,0.02,79209431,1073741824,7.38,3,46kB / 40.3kB,14.2MB / 65.5kB
54,2026-09-10T13:27:08.513097+00:00,109,2026-09-10T13:27:08.143549+00:00,false,microservices,gateway,e3678082375b47c9c2bed8fc8741b61e4e3444b2dab9f40061e4f0db9ac2152b,tcc-microservices-experiment-gateway-1,10.73,451831398,536870912,84.15,78,3.83MB / 4.85MB,36.5MB / 238kB
54,2026-09-10T13:27:08.513097+00:00,109,2026-09-10T13:27:08.143549+00:00,false,microservices,mysql,8a803de22ef717b48801c3d2f296c7524faa0c0164e27b68658e1303f5aabec6,tcc-microservices-experiment-mysql-1,25.32,544106086,1073741824,50.67,41,21.5MB / 42.3MB,62.8MB / 341MB
54,2026-09-10T13:27:08.513097+00:00,109,2026-09-10T13:27:08.143549+00:00,false,microservices,order,0f6da91e205ff9876895c5be9a1374e249dc00e9ba67c864c92a09f3e5ab49b2,tcc-microservices-experiment-order-1,26.22,82711675,1073741824,7.7,3,24.5MB / 15.9MB,13.1MB / 77.8kB
54,2026-09-10T13:27:08.513097+00:00,109,2026-09-10T13:27:08.143549+00:00,false,microservices,product,9acc556906bf27debfc5ab3bf9e01bbec25a8631520159ba07627791f59f58b7,tcc-microservices-experiment-product-1,32.07,82061558,1073741824,7.64,3,26.5MB / 13.8MB,12.3MB / 81.9kB
55,2026-09-10T13:27:09.513124+00:00,111,2026-09-10T13:27:09.143857+00:00,false,microservices,auth,dae8835a388ba2ca7ff93f2a2cd4de6b732c5dd0decc46a2ee76d277d6b953f4,tcc-microservices-experiment-auth-1,0.02,79209431,1073741824,7.38,3,46kB / 40.3kB,14.2MB / 65.5kB
55,2026-09-10T13:27:09.513124+00:00,111,2026-09-10T13:27:09.143857+00:00,false,microservices,gateway,e3678082375b47c9c2bed8fc8741b61e4e3444b2dab9f40061e4f0db9ac2152b,tcc-microservices-experiment-gateway-1,9.1,450048819,536870912,83.83,78,3.87MB / 4.91MB,36.5MB / 238kB
55,2026-09-10T13:27:09.513124+00:00,111,2026-09-10T13:27:09.143857+00:00,false,microservices,mysql,8a803de22ef717b48801c3d2f296c7524faa0c0164e27b68658e1303f5aabec6,tcc-microservices-experiment-mysql-1,29.15,542742938,1073741824,50.55,41,21.7MB / 42.8MB,62.8MB / 343MB
55,2026-09-10T13:27:09.513124+00:00,111,2026-09-10T13:27:09.143857+00:00,false,microservices,order,0f6da91e205ff9876895c5be9a1374e249dc00e9ba67c864c92a09f3e5ab49b2,tcc-microservices-experiment-order-1,26.14,83865108,1073741824,7.81,3,24.8MB / 16.1MB,13.1MB / 77.8kB
55,2026-09-10T13:27:09.513124+00:00,111,2026-09-10T13:27:09.143857+00:00,false,microservices,product,9acc556906bf27debfc5ab3bf9e01bbec25a8631520159ba07627791f59f58b7,tcc-microservices-experiment-product-1,32.48,82103501,1073741824,7.65,3,26.8MB / 13.9MB,12.3MB / 81.9kB
56,2026-09-10T13:27:10.513105+00:00,113,2026-09-10T13:27:10.143639+00:00,false,microservices,auth,dae8835a388ba2ca7ff93f2a2cd4de6b732c5dd0decc46a2ee76d277d6b953f4,tcc-microservices-experiment-auth-1,0.02,79209431,1073741824,7.38,3,46kB / 40.3kB,14.2MB / 65.5kB
56,2026-09-10T13:27:10.513105+00:00,113,2026-09-10T13:27:10.143639+00:00,false,microservices,gateway,e3678082375b47c9c2bed8fc8741b61e4e3444b2dab9f40061e4f0db9ac2152b,tcc-microservices-experiment-gateway-1,7.38,449629389,536870912,83.75,78,3.92MB / 4.97MB,36.5MB / 238kB
56,2026-09-10T13:27:10.513105+00:00,113,2026-09-10T13:27:10.143639+00:00,false,microservices,mysql,8a803de22ef717b48801c3d2f296c7524faa0c0164e27b68658e1303f5aabec6,tcc-microservices-experiment-mysql-1,26.01,543686656,1073741824,50.63,41,21.9MB / 43.2MB,62.8MB / 345MB
56,2026-09-10T13:27:10.513105+00:00,113,2026-09-10T13:27:10.143639+00:00,false,microservices,order,0f6da91e205ff9876895c5be9a1374e249dc00e9ba67c864c92a09f3e5ab49b2,tcc-microservices-experiment-order-1,26.54,83246449,1073741824,7.75,3,25MB / 16.2MB,13.1MB / 77.8kB
56,2026-09-10T13:27:10.513105+00:00,113,2026-09-10T13:27:10.143639+00:00,false,microservices,product,9acc556906bf27debfc5ab3bf9e01bbec25a8631520159ba07627791f59f58b7,tcc-microservices-experiment-product-1,32.32,82407588,1073741824,7.67,3,27.1MB / 14.1MB,12.3MB / 81.9kB
57,2026-09-10T13:27:11.513105+00:00,115,2026-09-10T13:27:11.143692+00:00,false,microservices,auth,dae8835a388ba2ca7ff93f2a2cd4de6b732c5dd0decc46a2ee76d277d6b953f4,tcc-microservices-experiment-auth-1,0.02,79209431,1073741824,7.38,3,46kB / 40.3kB,14.2MB / 65.5kB
57,2026-09-10T13:27:11.513105+00:00,115,2026-09-10T13:27:11.143692+00:00,false,microservices,gateway,e3678082375b47c9c2bed8fc8741b61e4e3444b2dab9f40061e4f0db9ac2152b,tcc-microservices-experiment-gateway-1,6.22,450573107,536870912,83.92,78,3.96MB / 5.01MB,36.5MB / 238kB
57,2026-09-10T13:27:11.513105+00:00,115,2026-09-10T13:27:11.143692+00:00,false,microservices,mysql,8a803de22ef717b48801c3d2f296c7524faa0c0164e27b68658e1303f5aabec6,tcc-microservices-experiment-mysql-1,28.82,543476941,1073741824,50.62,41,22.1MB / 43.6MB,62.8MB / 346MB
57,2026-09-10T13:27:11.513105+00:00,115,2026-09-10T13:27:11.143692+00:00,false,microservices,order,0f6da91e205ff9876895c5be9a1374e249dc00e9ba67c864c92a09f3e5ab49b2,tcc-microservices-experiment-order-1,24.28,83833651,1073741824,7.81,3,25.2MB / 16.3MB,13.1MB / 77.8kB
57,2026-09-10T13:27:11.513105+00:00,115,2026-09-10T13:27:11.143692+00:00,false,microservices,product,9acc556906bf27debfc5ab3bf9e01bbec25a8631520159ba07627791f59f58b7,tcc-microservices-experiment-product-1,30.55,81967186,1073741824,7.63,3,27.4MB / 14.2MB,12.3MB / 81.9kB
58,2026-09-10T13:27:12.513127+00:00,117,2026-09-10T13:27:12.143387+00:00,false,microservices,auth,dae8835a388ba2ca7ff93f2a2cd4de6b732c5dd0decc46a2ee76d277d6b953f4,tcc-microservices-experiment-auth-1,0.02,79209431,1073741824,7.38,3,46kB / 40.3kB,14.2MB / 65.5kB
58,2026-09-10T13:27:12.513127+00:00,117,2026-09-10T13:27:12.143387+00:00,false,microservices,gateway,e3678082375b47c9c2bed8fc8741b61e4e3444b2dab9f40061e4f0db9ac2152b,tcc-microservices-experiment-gateway-1,7.76,450258534,536870912,83.87,78,4MB / 5.07MB,36.5MB / 238kB
58,2026-09-10T13:27:12.513127+00:00,117,2026-09-10T13:27:12.143387+00:00,false,microservices,mysql,8a803de22ef717b48801c3d2f296c7524faa0c0164e27b68658e1303f5aabec6,tcc-microservices-experiment-mysql-1,24.26,543057510,1073741824,50.58,41,22.3MB / 44MB,62.8MB / 348MB
58,2026-09-10T13:27:12.513127+00:00,117,2026-09-10T13:27:12.143387+00:00,false,microservices,order,0f6da91e205ff9876895c5be9a1374e249dc00e9ba67c864c92a09f3e5ab49b2,tcc-microservices-experiment-order-1,25.16,82554388,1073741824,7.69,3,25.4MB / 16.5MB,13.1MB / 77.8kB
58,2026-09-10T13:27:12.513127+00:00,117,2026-09-10T13:27:12.143387+00:00,false,microservices,product,9acc556906bf27debfc5ab3bf9e01bbec25a8631520159ba07627791f59f58b7,tcc-microservices-experiment-product-1,31.5,81935729,1073741824,7.63,3,27.7MB / 14.4MB,12.3MB / 81.9kB
59,2026-09-10T13:27:13.513108+00:00,119,2026-09-10T13:27:13.143472+00:00,false,microservices,auth,dae8835a388ba2ca7ff93f2a2cd4de6b732c5dd0decc46a2ee76d277d6b953f4,tcc-microservices-experiment-auth-1,0.02,79209431,1073741824,7.38,3,46kB / 40.3kB,14.2MB / 65.5kB
59,2026-09-10T13:27:13.513108+00:00,119,2026-09-10T13:27:13.143472+00:00,false,microservices,gateway,e3678082375b47c9c2bed8fc8741b61e4e3444b2dab9f40061e4f0db9ac2152b,tcc-microservices-experiment-gateway-1,20.36,456759706,536870912,85.09,78,4.04MB / 5.12MB,36.5MB / 238kB
59,2026-09-10T13:27:13.513108+00:00,119,2026-09-10T13:27:13.143472+00:00,false,microservices,mysql,8a803de22ef717b48801c3d2f296c7524faa0c0164e27b68658e1303f5aabec6,tcc-microservices-experiment-mysql-1,29.62,543476941,1073741824,50.61,41,22.5MB / 44.5MB,62.8MB / 349MB
59,2026-09-10T13:27:13.513108+00:00,119,2026-09-10T13:27:13.143472+00:00,false,microservices,order,0f6da91e205ff9876895c5be9a1374e249dc00e9ba67c864c92a09f3e5ab49b2,tcc-microservices-experiment-order-1,25.84,83256934,1073741824,7.75,3,25.7MB / 16.6MB,13.1MB / 77.8kB
59,2026-09-10T13:27:13.513108+00:00,119,2026-09-10T13:27:13.143472+00:00,false,microservices,product,9acc556906bf27debfc5ab3bf9e01bbec25a8631520159ba07627791f59f58b7,tcc-microservices-experiment-product-1,32.88,82439045,1073741824,7.68,3,28MB / 14.5MB,12.3MB / 81.9kB
60,2026-09-10T13:27:14.513111+00:00,121,2026-09-10T13:27:14.143911+00:00,false,microservices,auth,dae8835a388ba2ca7ff93f2a2cd4de6b732c5dd0decc46a2ee76d277d6b953f4,tcc-microservices-experiment-auth-1,0.02,79209431,1073741824,7.38,3,46kB / 40.3kB,14.2MB / 65.5kB
60,2026-09-10T13:27:14.513111+00:00,121,2026-09-10T13:27:14.143911+00:00,false,microservices,gateway,e3678082375b47c9c2bed8fc8741b61e4e3444b2dab9f40061e4f0db9ac2152b,tcc-microservices-experiment-gateway-1,20.36,456759706,536870912,85.09,78,4.04MB / 5.12MB,36.5MB / 238kB
60,2026-09-10T13:27:14.513111+00:00,121,2026-09-10T13:27:14.143911+00:00,false,microservices,mysql,8a803de22ef717b48801c3d2f296c7524faa0c0164e27b68658e1303f5aabec6,tcc-microservices-experiment-mysql-1,24.89,543372083,1073741824,50.6,41,22.7MB / 44.9MB,62.8MB / 351MB
60,2026-09-10T13:27:14.513111+00:00,121,2026-09-10T13:27:14.143911+00:00,false,microservices,order,0f6da91e205ff9876895c5be9a1374e249dc00e9ba67c864c92a09f3e5ab49b2,tcc-microservices-experiment-order-1,26.11,83068191,1073741824,7.74,3,25.9MB / 16.7MB,13.1MB / 77.8kB
60,2026-09-10T13:27:14.513111+00:00,121,2026-09-10T13:27:14.143911+00:00,false,microservices,product,9acc556906bf27debfc5ab3bf9e01bbec25a8631520159ba07627791f59f58b7,tcc-microservices-experiment-product-1,32.39,82009129,1073741824,7.64,3,28.3MB / 14.7MB,12.3MB / 81.9kB
61,2026-09-10T13:27:15.513124+00:00,123,2026-09-10T13:27:15.143835+00:00,false,microservices,auth,dae8835a388ba2ca7ff93f2a2cd4de6b732c5dd0decc46a2ee76d277d6b953f4,tcc-microservices-experiment-auth-1,0.02,79209431,1073741824,7.38,3,46kB / 40.3kB,14.2MB / 65.5kB
61,2026-09-10T13:27:15.513124+00:00,123,2026-09-10T13:27:15.143835+00:00,false,microservices,gateway,e3678082375b47c9c2bed8fc8741b61e4e3444b2dab9f40061e4f0db9ac2152b,tcc-microservices-experiment-gateway-1,23.02,459486003,536870912,85.6,78,4.09MB / 5.18MB,36.5MB / 238kB
61,2026-09-10T13:27:15.513124+00:00,123,2026-09-10T13:27:15.143835+00:00,false,microservices,mysql,8a803de22ef717b48801c3d2f296c7524faa0c0164e27b68658e1303f5aabec6,tcc-microservices-experiment-mysql-1,24.89,543372083,1073741824,50.6,41,22.7MB / 44.9MB,62.8MB / 351MB
61,2026-09-10T13:27:15.513124+00:00,123,2026-09-10T13:27:15.143835+00:00,false,microservices,order,0f6da91e205ff9876895c5be9a1374e249dc00e9ba67c864c92a09f3e5ab49b2,tcc-microservices-experiment-order-1,26.11,83068191,1073741824,7.74,3,25.9MB / 16.7MB,13.1MB / 77.8kB
61,2026-09-10T13:27:15.513124+00:00,123,2026-09-10T13:27:15.143835+00:00,false,microservices,product,9acc556906bf27debfc5ab3bf9e01bbec25a8631520159ba07627791f59f58b7,tcc-microservices-experiment-product-1,32.39,82009129,1073741824,7.64,3,28.3MB / 14.7MB,12.3MB / 81.9kB
62,2026-09-10T13:27:16.513143+00:00,125,2026-09-10T13:27:16.143809+00:00,false,microservices,auth,dae8835a388ba2ca7ff93f2a2cd4de6b732c5dd0decc46a2ee76d277d6b953f4,tcc-microservices-experiment-auth-1,0.02,79209431,1073741824,7.38,3,46kB / 40.3kB,14.2MB / 65.5kB
62,2026-09-10T13:27:16.513143+00:00,125,2026-09-10T13:27:16.143809+00:00,false,microservices,gateway,e3678082375b47c9c2bed8fc8741b61e4e3444b2dab9f40061e4f0db9ac2152b,tcc-microservices-experiment-gateway-1,23.55,460324864,536870912,85.75,78,4.13MB / 5.24MB,36.5MB / 250kB
62,2026-09-10T13:27:16.513143+00:00,125,2026-09-10T13:27:16.143809+00:00,false,microservices,mysql,8a803de22ef717b48801c3d2f296c7524faa0c0164e27b68658e1303f5aabec6,tcc-microservices-experiment-mysql-1,28.39,544735232,1073741824,50.73,41,22.9MB / 45.4MB,62.8MB / 352MB
62,2026-09-10T13:27:16.513143+00:00,125,2026-09-10T13:27:16.143809+00:00,false,microservices,order,0f6da91e205ff9876895c5be9a1374e249dc00e9ba67c864c92a09f3e5ab49b2,tcc-microservices-experiment-order-1,25.52,83194020,1073741824,7.75,3,26.1MB / 16.9MB,13.1MB / 77.8kB
62,2026-09-10T13:27:16.513143+00:00,125,2026-09-10T13:27:16.143809+00:00,false,microservices,product,9acc556906bf27debfc5ab3bf9e01bbec25a8631520159ba07627791f59f58b7,tcc-microservices-experiment-product-1,32.26,82564874,1073741824,7.69,3,28.7MB / 14.9MB,12.3MB / 81.9kB
63,2026-09-10T13:27:17.513107+00:00,127,2026-09-10T13:27:17.143352+00:00,false,microservices,auth,dae8835a388ba2ca7ff93f2a2cd4de6b732c5dd0decc46a2ee76d277d6b953f4,tcc-microservices-experiment-auth-1,0.02,79209431,1073741824,7.38,3,46kB / 40.3kB,14.2MB / 65.5kB
63,2026-09-10T13:27:17.513107+00:00,127,2026-09-10T13:27:17.143352+00:00,false,microservices,gateway,e3678082375b47c9c2bed8fc8741b61e4e3444b2dab9f40061e4f0db9ac2152b,tcc-microservices-experiment-gateway-1,31.42,462212301,536870912,86.09,78,4.18MB / 5.3MB,36.5MB / 250kB
63,2026-09-10T13:27:17.513107+00:00,127,2026-09-10T13:27:17.143352+00:00,false,microservices,mysql,8a803de22ef717b48801c3d2f296c7524faa0c0164e27b68658e1303f5aabec6,tcc-microservices-experiment-mysql-1,24.57,543267226,1073741824,50.6,41,23.1MB / 45.8MB,62.8MB / 354MB
63,2026-09-10T13:27:17.513107+00:00,127,2026-09-10T13:27:17.143352+00:00,false,microservices,order,0f6da91e205ff9876895c5be9a1374e249dc00e9ba67c864c92a09f3e5ab49b2,tcc-microservices-experiment-order-1,26.58,83393249,1073741824,7.77,3,26.3MB / 17MB,13.1MB / 77.8kB
63,2026-09-10T13:27:17.513107+00:00,127,2026-09-10T13:27:17.143352+00:00,false,microservices,product,9acc556906bf27debfc5ab3bf9e01bbec25a8631520159ba07627791f59f58b7,tcc-microservices-experiment-product-1,32.93,82124472,1073741824,7.65,3,29MB / 15MB,12.3MB / 81.9kB
64,2026-09-10T13:27:18.513122+00:00,129,2026-09-10T13:27:18.143181+00:00,false,microservices,auth,dae8835a388ba2ca7ff93f2a2cd4de6b732c5dd0decc46a2ee76d277d6b953f4,tcc-microservices-experiment-auth-1,0.02,79209431,1073741824,7.38,3,46kB / 40.3kB,14.2MB / 65.5kB
64,2026-09-10T13:27:18.513122+00:00,129,2026-09-10T13:27:18.143181+00:00,false,microservices,gateway,e3678082375b47c9c2bed8fc8741b61e4e3444b2dab9f40061e4f0db9ac2152b,tcc-microservices-experiment-gateway-1,7.61,461478298,536870912,85.97,78,4.22MB / 5.35MB,36.5MB / 250kB
64,2026-09-10T13:27:18.513122+00:00,129,2026-09-10T13:27:18.143181+00:00,false,microservices,mysql,8a803de22ef717b48801c3d2f296c7524faa0c0164e27b68658e1303f5aabec6,tcc-microservices-experiment-mysql-1,29.75,544315802,1073741824,50.69,41,23.3MB / 46.2MB,62.8MB / 355MB
64,2026-09-10T13:27:18.513122+00:00,129,2026-09-10T13:27:18.143181+00:00,false,microservices,order,0f6da91e205ff9876895c5be9a1374e249dc00e9ba67c864c92a09f3e5ab49b2,tcc-microservices-experiment-order-1,26.84,83152077,1073741824,7.74,3,26.6MB / 17.2MB,13.1MB / 77.8kB
64,2026-09-10T13:27:18.513122+00:00,129,2026-09-10T13:27:18.143181+00:00,false,microservices,product,9acc556906bf27debfc5ab3bf9e01bbec25a8631520159ba07627791f59f58b7,tcc-microservices-experiment-product-1,32.06,81579213,1073741824,7.6,3,29.3MB / 15.2MB,12.3MB / 81.9kB
65,2026-09-10T13:27:19.513109+00:00,131,2026-09-10T13:27:19.143349+00:00,false,microservices,auth,dae8835a388ba2ca7ff93f2a2cd4de6b732c5dd0decc46a2ee76d277d6b953f4,tcc-microservices-experiment-auth-1,0.02,79209431,1073741824,7.38,3,46kB / 40.3kB,14.2MB / 65.5kB
65,2026-09-10T13:27:19.513109+00:00,131,2026-09-10T13:27:19.143349+00:00,false,microservices,gateway,e3678082375b47c9c2bed8fc8741b61e4e3444b2dab9f40061e4f0db9ac2152b,tcc-microservices-experiment-gateway-1,38.75,462422016,536870912,86.14,78,4.27MB / 5.41MB,36.5MB / 250kB
65,2026-09-10T13:27:19.513109+00:00,131,2026-09-10T13:27:19.143349+00:00,false,microservices,mysql,8a803de22ef717b48801c3d2f296c7524faa0c0164e27b68658e1303f5aabec6,tcc-microservices-experiment-mysql-1,25.5,543581798,1073741824,50.62,41,23.5MB / 46.7MB,62.8MB / 358MB
65,2026-09-10T13:27:19.513109+00:00,131,2026-09-10T13:27:19.143349+00:00,false,microservices,order,0f6da91e205ff9876895c5be9a1374e249dc00e9ba67c864c92a09f3e5ab49b2,tcc-microservices-experiment-order-1,26.1,82889933,1073741824,7.72,3,26.8MB / 17.3MB,13.1MB / 77.8kB
65,2026-09-10T13:27:19.513109+00:00,131,2026-09-10T13:27:19.143349+00:00,false,microservices,product,9acc556906bf27debfc5ab3bf9e01bbec25a8631520159ba07627791f59f58b7,tcc-microservices-experiment-product-1,30.84,82113987,1073741824,7.65,3,29.6MB / 15.3MB,12.3MB / 81.9kB
66,2026-09-10T13:27:20.513140+00:00,133,2026-09-10T13:27:20.144956+00:00,false,microservices,auth,dae8835a388ba2ca7ff93f2a2cd4de6b732c5dd0decc46a2ee76d277d6b953f4,tcc-microservices-experiment-auth-1,0.02,79209431,1073741824,7.38,3,46kB / 40.3kB,14.2MB / 65.5kB
66,2026-09-10T13:27:20.513140+00:00,133,2026-09-10T13:27:20.144956+00:00,false,microservices,gateway,e3678082375b47c9c2bed8fc8741b61e4e3444b2dab9f40061e4f0db9ac2152b,tcc-microservices-experiment-gateway-1,7.51,462422016,536870912,86.13,78,4.31MB / 5.46MB,36.5MB / 250kB
66,2026-09-10T13:27:20.513140+00:00,133,2026-09-10T13:27:20.144956+00:00,false,microservices,mysql,8a803de22ef717b48801c3d2f296c7524faa0c0164e27b68658e1303f5aabec6,tcc-microservices-experiment-mysql-1,28.99,544210944,1073741824,50.68,41,23.7MB / 47.1MB,62.8MB / 366MB
66,2026-09-10T13:27:20.513140+00:00,133,2026-09-10T13:27:20.144956+00:00,false,microservices,order,0f6da91e205ff9876895c5be9a1374e249dc00e9ba67c864c92a09f3e5ab49b2,tcc-microservices-experiment-order-1,24.8,83173048,1073741824,7.75,3,27MB / 17.4MB,13.1MB / 77.8kB
66,2026-09-10T13:27:20.513140+00:00,133,2026-09-10T13:27:20.144956+00:00,false,microservices,product,9acc556906bf27debfc5ab3bf9e01bbec25a8631520159ba07627791f59f58b7,tcc-microservices-experiment-product-1,30.38,82124472,1073741824,7.65,3,29.9MB / 15.5MB,12.3MB / 81.9kB
67,2026-09-10T13:27:21.513129+00:00,135,2026-09-10T13:27:21.143304+00:00,false,microservices,auth,dae8835a388ba2ca7ff93f2a2cd4de6b732c5dd0decc46a2ee76d277d6b953f4,tcc-microservices-experiment-auth-1,0.02,79209431,1073741824,7.38,3,46kB / 40.3kB,14.2MB / 65.5kB
67,2026-09-10T13:27:21.513129+00:00,135,2026-09-10T13:27:21.143304+00:00,false,microservices,gateway,e3678082375b47c9c2bed8fc8741b61e4e3444b2dab9f40061e4f0db9ac2152b,tcc-microservices-experiment-gateway-1,9.49,462631731,536870912,86.18,78,4.36MB / 5.52MB,36.5MB / 250kB
67,2026-09-10T13:27:21.513129+00:00,135,2026-09-10T13:27:21.143304+00:00,false,microservices,mysql,8a803de22ef717b48801c3d2f296c7524faa0c0164e27b68658e1303f5aabec6,tcc-microservices-experiment-mysql-1,25.67,544106086,1073741824,50.68,41,23.9MB / 47.5MB,62.8MB / 369MB
67,2026-09-10T13:27:21.513129+00:00,135,2026-09-10T13:27:21.143304+00:00,false,microservices,order,0f6da91e205ff9876895c5be9a1374e249dc00e9ba67c864c92a09f3e5ab49b2,tcc-microservices-experiment-order-1,27.16,82627789,1073741824,7.7,3,27.2MB / 17.6MB,13.1MB / 77.8kB
67,2026-09-10T13:27:21.513129+00:00,135,2026-09-10T13:27:21.143304+00:00,false,microservices,product,9acc556906bf27debfc5ab3bf9e01bbec25a8631520159ba07627791f59f58b7,tcc-microservices-experiment-product-1,31.6,82460017,1073741824,7.68,3,30.2MB / 15.7MB,12.3MB / 81.9kB
68,2026-09-10T13:27:22.513109+00:00,137,2026-09-10T13:27:22.144342+00:00,false,microservices,auth,dae8835a388ba2ca7ff93f2a2cd4de6b732c5dd0decc46a2ee76d277d6b953f4,tcc-microservices-experiment-auth-1,0.02,79209431,1073741824,7.38,3,46kB / 40.3kB,14.2MB / 65.5kB
68,2026-09-10T13:27:22.513109+00:00,137,2026-09-10T13:27:22.144342+00:00,false,microservices,gateway,e3678082375b47c9c2bed8fc8741b61e4e3444b2dab9f40061e4f0db9ac2152b,tcc-microservices-experiment-gateway-1,8.37,463156019,536870912,86.27,78,4.41MB / 5.58MB,36.5MB / 250kB
68,2026-09-10T13:27:22.513109+00:00,137,2026-09-10T13:27:22.144342+00:00,false,microservices,mysql,8a803de22ef717b48801c3d2f296c7524faa0c0164e27b68658e1303f5aabec6,tcc-microservices-experiment-mysql-1,28.91,544106086,1073741824,50.67,41,24.1MB / 47.9MB,62.8MB / 378MB
68,2026-09-10T13:27:22.513109+00:00,137,2026-09-10T13:27:22.144342+00:00,false,microservices,order,0f6da91e205ff9876895c5be9a1374e249dc00e9ba67c864c92a09f3e5ab49b2,tcc-microservices-experiment-order-1,24.74,82218844,1073741824,7.66,3,27.4MB / 17.7MB,13.1MB / 77.8kB
68,2026-09-10T13:27:22.513109+00:00,137,2026-09-10T13:27:22.144342+00:00,false,microservices,product,9acc556906bf27debfc5ab3bf9e01bbec25a8631520159ba07627791f59f58b7,tcc-microservices-experiment-product-1,30.95,82491474,1073741824,7.68,3,30.5MB / 15.8MB,12.3MB / 81.9kB
69,2026-09-10T13:27:23.513123+00:00,139,2026-09-10T13:27:23.143759+00:00,false,microservices,auth,dae8835a388ba2ca7ff93f2a2cd4de6b732c5dd0decc46a2ee76d277d6b953f4,tcc-microservices-experiment-auth-1,0.02,79209431,1073741824,7.38,3,46kB / 40.3kB,14.2MB / 65.5kB
69,2026-09-10T13:27:23.513123+00:00,139,2026-09-10T13:27:23.143759+00:00,false,microservices,gateway,e3678082375b47c9c2bed8fc8741b61e4e3444b2dab9f40061e4f0db9ac2152b,tcc-microservices-experiment-gateway-1,6.69,463156019,536870912,86.26,78,4.46MB / 5.63MB,36.5MB / 250kB
69,2026-09-10T13:27:23.513123+00:00,139,2026-09-10T13:27:23.143759+00:00,false,microservices,mysql,8a803de22ef717b48801c3d2f296c7524faa0c0164e27b68658e1303f5aabec6,tcc-microservices-experiment-mysql-1,26.07,544001229,1073741824,50.66,41,24.3MB / 48.4MB,62.8MB / 380MB
69,2026-09-10T13:27:23.513123+00:00,139,2026-09-10T13:27:23.143759+00:00,false,microservices,order,0f6da91e205ff9876895c5be9a1374e249dc00e9ba67c864c92a09f3e5ab49b2,tcc-microservices-experiment-order-1,25.21,82711675,1073741824,7.7,3,27.7MB / 17.8MB,13.1MB / 77.8kB
69,2026-09-10T13:27:23.513123+00:00,139,2026-09-10T13:27:23.143759+00:00,false,microservices,product,9acc556906bf27debfc5ab3bf9e01bbec25a8631520159ba07627791f59f58b7,tcc-microservices-experiment-product-1,32.8,82491474,1073741824,7.68,3,30.8MB / 16MB,12.3MB / 81.9kB
70,2026-09-10T13:27:24.513102+00:00,141,2026-09-10T13:27:24.144367+00:00,false,microservices,auth,dae8835a388ba2ca7ff93f2a2cd4de6b732c5dd0decc46a2ee76d277d6b953f4,tcc-microservices-experiment-auth-1,0.02,79209431,1073741824,7.38,3,46kB / 40.3kB,14.2MB / 65.5kB
70,2026-09-10T13:27:24.513102+00:00,141,2026-09-10T13:27:24.144367+00:00,false,microservices,gateway,e3678082375b47c9c2bed8fc8741b61e4e3444b2dab9f40061e4f0db9ac2152b,tcc-microservices-experiment-gateway-1,6.7,455186842,536870912,84.79,78,4.5MB / 5.69MB,36.5MB / 250kB
70,2026-09-10T13:27:24.513102+00:00,141,2026-09-10T13:27:24.144367+00:00,false,microservices,mysql,8a803de22ef717b48801c3d2f296c7524faa0c0164e27b68658e1303f5aabec6,tcc-microservices-experiment-mysql-1,28.68,544630374,1073741824,50.73,41,24.5MB / 48.8MB,62.8MB / 382MB
70,2026-09-10T13:27:24.513102+00:00,141,2026-09-10T13:27:24.144367+00:00,false,microservices,order,0f6da91e205ff9876895c5be9a1374e249dc00e9ba67c864c92a09f3e5ab49b2,tcc-microservices-experiment-order-1,26.24,82680218,1073741824,7.7,3,27.9MB / 18MB,13.1MB / 77.8kB
70,2026-09-10T13:27:24.513102+00:00,141,2026-09-10T13:27:24.144367+00:00,false,microservices,product,9acc556906bf27debfc5ab3bf9e01bbec25a8631520159ba07627791f59f58b7,tcc-microservices-experiment-product-1,32.03,82218844,1073741824,7.66,3,31.1MB / 16.1MB,12.3MB / 81.9kB
71,2026-09-10T13:27:25.513135+00:00,143,2026-09-10T13:27:25.143387+00:00,false,microservices,auth,dae8835a388ba2ca7ff93f2a2cd4de6b732c5dd0decc46a2ee76d277d6b953f4,tcc-microservices-experiment-auth-1,0.02,79209431,1073741824,7.38,3,46kB / 40.3kB,14.2MB / 65.5kB
71,2026-09-10T13:27:25.513135+00:00,143,2026-09-10T13:27:25.143387+00:00,false,microservices,gateway,e3678082375b47c9c2bed8fc8741b61e4e3444b2dab9f40061e4f0db9ac2152b,tcc-microservices-experiment-gateway-1,6.54,456340275,536870912,85.01,78,4.55MB / 5.75MB,36.5MB / 250kB
71,2026-09-10T13:27:25.513135+00:00,143,2026-09-10T13:27:25.143387+00:00,false,microservices,mysql,8a803de22ef717b48801c3d2f296c7524faa0c0164e27b68658e1303f5aabec6,tcc-microservices-experiment-mysql-1,26.27,544525517,1073741824,50.71,41,24.7MB / 49.2MB,62.8MB / 384MB
71,2026-09-10T13:27:25.513135+00:00,143,2026-09-10T13:27:25.143387+00:00,false,microservices,order,0f6da91e205ff9876895c5be9a1374e249dc00e9ba67c864c92a09f3e5ab49b2,tcc-microservices-experiment-order-1,25.43,82113987,1073741824,7.65,3,28.1MB / 18.1MB,13.1MB / 77.8kB
71,2026-09-10T13:27:25.513135+00:00,143,2026-09-10T13:27:25.143387+00:00,false,microservices,product,9acc556906bf27debfc5ab3bf9e01bbec25a8631520159ba07627791f59f58b7,tcc-microservices-experiment-product-1,31.86,82418074,1073741824,7.68,3,31.4MB / 16.3MB,12.3MB / 81.9kB
72,2026-09-10T13:27:26.513125+00:00,145,2026-09-10T13:27:26.144987+00:00,false,microservices,auth,dae8835a388ba2ca7ff93f2a2cd4de6b732c5dd0decc46a2ee76d277d6b953f4,tcc-microservices-experiment-auth-1,0.02,79209431,1073741824,7.38,3,46kB / 40.3kB,14.2MB / 65.5kB
72,2026-09-10T13:27:26.513125+00:00,145,2026-09-10T13:27:26.144987+00:00,false,microservices,gateway,e3678082375b47c9c2bed8fc8741b61e4e3444b2dab9f40061e4f0db9ac2152b,tcc-microservices-experiment-gateway-1,6.7,455501414,536870912,84.84,78,4.6MB / 5.8MB,36.5MB / 250kB
72,2026-09-10T13:27:26.513125+00:00,145,2026-09-10T13:27:26.144987+00:00,false,microservices,mysql,8a803de22ef717b48801c3d2f296c7524faa0c0164e27b68658e1303f5aabec6,tcc-microservices-experiment-mysql-1,30.24,544210944,1073741824,50.68,41,24.9MB / 49.7MB,62.8MB / 386MB
72,2026-09-10T13:27:26.513125+00:00,145,2026-09-10T13:27:26.144987+00:00,false,microservices,order,0f6da91e205ff9876895c5be9a1374e249dc00e9ba67c864c92a09f3e5ab49b2,tcc-microservices-experiment-order-1,26.14,82942362,1073741824,7.72,3,28.4MB / 18.3MB,13.1MB / 77.8kB
72,2026-09-10T13:27:26.513125+00:00,145,2026-09-10T13:27:26.144987+00:00,false,microservices,product,9acc556906bf27debfc5ab3bf9e01bbec25a8631520159ba07627791f59f58b7,tcc-microservices-experiment-product-1,33.31,81830871,1073741824,7.62,3,31.7MB / 16.5MB,12.3MB / 81.9kB
73,2026-09-10T13:27:27.513124+00:00,147,2026-09-10T13:27:27.143409+00:00,false,microservices,auth,dae8835a388ba2ca7ff93f2a2cd4de6b732c5dd0decc46a2ee76d277d6b953f4,tcc-microservices-experiment-auth-1,0.02,79209431,1073741824,7.38,3,46kB / 40.3kB,14.2MB / 65.5kB
73,2026-09-10T13:27:27.513124+00:00,147,2026-09-10T13:27:27.143409+00:00,false,microservices,gateway,e3678082375b47c9c2bed8fc8741b61e4e3444b2dab9f40061e4f0db9ac2152b,tcc-microservices-experiment-gateway-1,26.63,458961715,536870912,85.49,78,4.64MB / 5.86MB,36.5MB / 250kB
73,2026-09-10T13:27:27.513124+00:00,147,2026-09-10T13:27:27.143409+00:00,false,microservices,mysql,8a803de22ef717b48801c3d2f296c7524faa0c0164e27b68658e1303f5aabec6,tcc-microservices-experiment-mysql-1,25.02,544630374,1073741824,50.73,41,25.1MB / 50.1MB,62.8MB / 387MB
73,2026-09-10T13:27:27.513124+00:00,147,2026-09-10T13:27:27.143409+00:00,false,microservices,order,0f6da91e205ff9876895c5be9a1374e249dc00e9ba67c864c92a09f3e5ab49b2,tcc-microservices-experiment-order-1,26.5,83214991,1073741824,7.75,4,28.6MB / 18.4MB,13.1MB / 77.8kB
73,2026-09-10T13:27:27.513124+00:00,147,2026-09-10T13:27:27.143409+00:00,false,microservices,product,9acc556906bf27debfc5ab3bf9e01bbec25a8631520159ba07627791f59f58b7,tcc-microservices-experiment-product-1,32.22,82470502,1073741824,7.68,3,32MB / 16.6MB,12.3MB / 81.9kB
74,2026-09-10T13:27:28.513111+00:00,149,2026-09-10T13:27:28.144262+00:00,false,microservices,auth,dae8835a388ba2ca7ff93f2a2cd4de6b732c5dd0decc46a2ee76d277d6b953f4,tcc-microservices-experiment-auth-1,0.02,79209431,1073741824,7.38,3,46kB / 40.3kB,14.2MB / 65.5kB
74,2026-09-10T13:27:28.513111+00:00,149,2026-09-10T13:27:28.144262+00:00,false,microservices,gateway,e3678082375b47c9c2bed8fc8741b61e4e3444b2dab9f40061e4f0db9ac2152b,tcc-microservices-experiment-gateway-1,30.47,471439770,536870912,87.82,78,4.68MB / 5.91MB,36.5MB / 250kB
74,2026-09-10T13:27:28.513111+00:00,149,2026-09-10T13:27:28.144262+00:00,false,microservices,mysql,8a803de22ef717b48801c3d2f296c7524faa0c0164e27b68658e1303f5aabec6,tcc-microservices-experiment-mysql-1,28.62,544420659,1073741824,50.7,41,25.3MB / 50.5MB,62.8MB / 389MB
74,2026-09-10T13:27:28.513111+00:00,149,2026-09-10T13:27:28.144262+00:00,false,microservices,order,0f6da91e205ff9876895c5be9a1374e249dc00e9ba67c864c92a09f3e5ab49b2,tcc-microservices-experiment-order-1,24.61,83382764,1073741824,7.77,3,28.8MB / 18.5MB,13.1MB / 77.8kB
74,2026-09-10T13:27:28.513111+00:00,149,2026-09-10T13:27:28.144262+00:00,false,microservices,product,9acc556906bf27debfc5ab3bf9e01bbec25a8631520159ba07627791f59f58b7,tcc-microservices-experiment-product-1,31.72,82596332,1073741824,7.69,3,32.3MB / 16.8MB,12.3MB / 81.9kB
75,2026-09-10T13:27:29.513112+00:00,151,2026-09-10T13:27:29.144022+00:00,false,microservices,auth,dae8835a388ba2ca7ff93f2a2cd4de6b732c5dd0decc46a2ee76d277d6b953f4,tcc-microservices-experiment-auth-1,0.02,79209431,1073741824,7.38,3,46kB / 40.3kB,14.2MB / 65.5kB
75,2026-09-10T13:27:29.513112+00:00,151,2026-09-10T13:27:29.144022+00:00,false,microservices,gateway,e3678082375b47c9c2bed8fc8741b61e4e3444b2dab9f40061e4f0db9ac2152b,tcc-microservices-experiment-gateway-1,6.83,460324864,536870912,85.74,78,4.73MB / 5.97MB,36.5MB / 250kB
75,2026-09-10T13:27:29.513112+00:00,151,2026-09-10T13:27:29.144022+00:00,false,microservices,mysql,8a803de22ef717b48801c3d2f296c7524faa0c0164e27b68658e1303f5aabec6,tcc-microservices-experiment-mysql-1,26.19,544420659,1073741824,50.7,41,25.5MB / 50.9MB,62.8MB / 391MB
75,2026-09-10T13:27:29.513112+00:00,151,2026-09-10T13:27:29.144022+00:00,false,microservices,order,0f6da91e205ff9876895c5be9a1374e249dc00e9ba67c864c92a09f3e5ab49b2,tcc-microservices-experiment-order-1,25.04,83078676,1073741824,7.74,3,29MB / 18.7MB,13.1MB / 77.8kB
75,2026-09-10T13:27:29.513112+00:00,151,2026-09-10T13:27:29.144022+00:00,false,microservices,product,9acc556906bf27debfc5ab3bf9e01bbec25a8631520159ba07627791f59f58b7,tcc-microservices-experiment-product-1,32.87,81820385,1073741824,7.62,3,32.6MB / 16.9MB,12.3MB / 81.9kB
76,2026-09-10T13:27:30.513114+00:00,153,2026-09-10T13:27:30.144213+00:00,false,microservices,auth,dae8835a388ba2ca7ff93f2a2cd4de6b732c5dd0decc46a2ee76d277d6b953f4,tcc-microservices-experiment-auth-1,0.02,79209431,1073741824,7.38,3,46kB / 40.3kB,14.2MB / 65.5kB
76,2026-09-10T13:27:30.513114+00:00,153,2026-09-10T13:27:30.144213+00:00,false,microservices,gateway,e3678082375b47c9c2bed8fc8741b61e4e3444b2dab9f40061e4f0db9ac2152b,tcc-microservices-experiment-gateway-1,7.2,460639437,536870912,85.81,78,4.77MB / 6.02MB,36.5MB / 250kB
76,2026-09-10T13:27:30.513114+00:00,153,2026-09-10T13:27:30.144213+00:00,false,microservices,mysql,8a803de22ef717b48801c3d2f296c7524faa0c0164e27b68658e1303f5aabec6,tcc-microservices-experiment-mysql-1,29.59,544944947,1073741824,50.75,41,25.7MB / 51.4MB,62.8MB / 393MB
76,2026-09-10T13:27:30.513114+00:00,153,2026-09-10T13:27:30.144213+00:00,false,microservices,order,0f6da91e205ff9876895c5be9a1374e249dc00e9ba67c864c92a09f3e5ab49b2,tcc-microservices-experiment-order-1,26.52,82963333,1073741824,7.73,3,29.3MB / 18.8MB,13.1MB / 77.8kB
76,2026-09-10T13:27:30.513114+00:00,153,2026-09-10T13:27:30.144213+00:00,false,microservices,product,9acc556906bf27debfc5ab3bf9e01bbec25a8631520159ba07627791f59f58b7,tcc-microservices-experiment-product-1,31.62,81809900,1073741824,7.62,3,32.9MB / 17.1MB,12.3MB / 81.9kB
77,2026-09-10T13:27:31.513097+00:00,155,2026-09-10T13:27:31.143724+00:00,false,microservices,auth,dae8835a388ba2ca7ff93f2a2cd4de6b732c5dd0decc46a2ee76d277d6b953f4,tcc-microservices-experiment-auth-1,0.02,79209431,1073741824,7.38,3,46kB / 40.3kB,14.2MB / 65.5kB
77,2026-09-10T13:27:31.513097+00:00,155,2026-09-10T13:27:31.143724+00:00,false,microservices,gateway,e3678082375b47c9c2bed8fc8741b61e4e3444b2dab9f40061e4f0db9ac2152b,tcc-microservices-experiment-gateway-1,6.89,460429722,536870912,85.76,78,4.82MB / 6.08MB,36.5MB / 250kB
77,2026-09-10T13:27:31.513097+00:00,155,2026-09-10T13:27:31.143724+00:00,false,microservices,mysql,8a803de22ef717b48801c3d2f296c7524faa0c0164e27b68658e1303f5aabec6,tcc-microservices-experiment-mysql-1,26.42,544420659,1073741824,50.7,41,25.9MB / 51.8MB,62.8MB / 394MB
77,2026-09-10T13:27:31.513097+00:00,155,2026-09-10T13:27:31.143724+00:00,false,microservices,order,0f6da91e205ff9876895c5be9a1374e249dc00e9ba67c864c92a09f3e5ab49b2,tcc-microservices-experiment-order-1,26.32,83812680,1073741824,7.81,3,29.5MB / 19MB,13.1MB / 77.8kB
77,2026-09-10T13:27:31.513097+00:00,155,2026-09-10T13:27:31.143724+00:00,false,microservices,product,9acc556906bf27debfc5ab3bf9e01bbec25a8631520159ba07627791f59f58b7,tcc-microservices-experiment-product-1,32.98,82103501,1073741824,7.65,3,33.3MB / 17.2MB,12.3MB / 81.9kB
78,2026-09-10T13:27:32.513120+00:00,157,2026-09-10T13:27:32.144365+00:00,false,microservices,auth,dae8835a388ba2ca7ff93f2a2cd4de6b732c5dd0decc46a2ee76d277d6b953f4,tcc-microservices-experiment-auth-1,0.02,79209431,1073741824,7.38,3,46kB / 40.3kB,14.2MB / 65.5kB
78,2026-09-10T13:27:32.513120+00:00,157,2026-09-10T13:27:32.144365+00:00,false,microservices,gateway,e3678082375b47c9c2bed8fc8741b61e4e3444b2dab9f40061e4f0db9ac2152b,tcc-microservices-experiment-gateway-1,31.04,460744294,536870912,85.82,78,4.86MB / 6.13MB,36.5MB / 262kB
78,2026-09-10T13:27:32.513120+00:00,157,2026-09-10T13:27:32.144365+00:00,false,microservices,mysql,8a803de22ef717b48801c3d2f296c7524faa0c0164e27b68658e1303f5aabec6,tcc-microservices-experiment-mysql-1,30.6,544315802,1073741824,50.7,41,26.1MB / 52.2MB,62.8MB / 396MB
78,2026-09-10T13:27:32.513120+00:00,157,2026-09-10T13:27:32.144365+00:00,false,microservices,order,0f6da91e205ff9876895c5be9a1374e249dc00e9ba67c864c92a09f3e5ab49b2,tcc-microservices-experiment-order-1,25.74,82365645,1073741824,7.67,3,29.7MB / 19.1MB,13.1MB / 77.8kB
78,2026-09-10T13:27:32.513120+00:00,157,2026-09-10T13:27:32.144365+00:00,false,microservices,product,9acc556906bf27debfc5ab3bf9e01bbec25a8631520159ba07627791f59f58b7,tcc-microservices-experiment-product-1,32.63,81914757,1073741824,7.63,3,33.6MB / 17.4MB,12.3MB / 81.9kB
79,2026-09-10T13:27:33.513127+00:00,159,2026-09-10T13:27:33.143699+00:00,false,microservices,auth,dae8835a388ba2ca7ff93f2a2cd4de6b732c5dd0decc46a2ee76d277d6b953f4,tcc-microservices-experiment-auth-1,0.02,79209431,1073741824,7.38,3,46kB / 40.3kB,14.2MB / 65.5kB
79,2026-09-10T13:27:33.513127+00:00,159,2026-09-10T13:27:33.143699+00:00,false,microservices,gateway,e3678082375b47c9c2bed8fc8741b61e4e3444b2dab9f40061e4f0db9ac2152b,tcc-microservices-experiment-gateway-1,7.3,459905434,536870912,85.66,78,4.9MB / 6.19MB,36.5MB / 262kB
79,2026-09-10T13:27:33.513127+00:00,159,2026-09-10T13:27:33.143699+00:00,false,microservices,mysql,8a803de22ef717b48801c3d2f296c7524faa0c0164e27b68658e1303f5aabec6,tcc-microservices-experiment-mysql-1,26.21,544840090,1073741824,50.74,41,26.3MB / 52.7MB,62.8MB / 397MB
79,2026-09-10T13:27:33.513127+00:00,159,2026-09-10T13:27:33.143699+00:00,false,microservices,order,0f6da91e205ff9876895c5be9a1374e249dc00e9ba67c864c92a09f3e5ab49b2,tcc-microservices-experiment-order-1,26.04,82439045,1073741824,7.68,3,29.9MB / 19.2MB,13.1MB / 77.8kB
79,2026-09-10T13:27:33.513127+00:00,159,2026-09-10T13:27:33.143699+00:00,false,microservices,product,9acc556906bf27debfc5ab3bf9e01bbec25a8631520159ba07627791f59f58b7,tcc-microservices-experiment-product-1,32.69,82166415,1073741824,7.65,3,33.9MB / 17.6MB,12.3MB / 81.9kB
80,2026-09-10T13:27:34.513105+00:00,161,2026-09-10T13:27:34.144262+00:00,false,microservices,auth,dae8835a388ba2ca7ff93f2a2cd4de6b732c5dd0decc46a2ee76d277d6b953f4,tcc-microservices-experiment-auth-1,0.02,79209431,1073741824,7.38,3,46kB / 40.3kB,14.2MB / 65.5kB
80,2026-09-10T13:27:34.513105+00:00,161,2026-09-10T13:27:34.144262+00:00,false,microservices,gateway,e3678082375b47c9c2bed8fc8741b61e4e3444b2dab9f40061e4f0db9ac2152b,tcc-microservices-experiment-gateway-1,8.14,460954010,536870912,85.87,78,4.95MB / 6.25MB,36.5MB / 262kB
80,2026-09-10T13:27:34.513105+00:00,161,2026-09-10T13:27:34.144262+00:00,false,microservices,mysql,8a803de22ef717b48801c3d2f296c7524faa0c0164e27b68658e1303f5aabec6,tcc-microservices-experiment-mysql-1,30.39,544735232,1073741824,50.73,41,26.5MB / 53.1MB,62.8MB / 399MB
80,2026-09-10T13:27:34.513105+00:00,161,2026-09-10T13:27:34.144262+00:00,false,microservices,order,0f6da91e205ff9876895c5be9a1374e249dc00e9ba67c864c92a09f3e5ab49b2,tcc-microservices-experiment-order-1,26.25,82858476,1073741824,7.72,3,30.2MB / 19.4MB,13.1MB / 77.8kB
80,2026-09-10T13:27:34.513105+00:00,161,2026-09-10T13:27:34.144262+00:00,false,microservices,product,9acc556906bf27debfc5ab3bf9e01bbec25a8631520159ba07627791f59f58b7,tcc-microservices-experiment-product-1,32.42,82061558,1073741824,7.64,3,34.2MB / 17.7MB,12.3MB / 81.9kB
81,2026-09-10T13:27:35.513107+00:00,163,2026-09-10T13:27:35.145181+00:00,false,microservices,auth,dae8835a388ba2ca7ff93f2a2cd4de6b732c5dd0decc46a2ee76d277d6b953f4,tcc-microservices-experiment-auth-1,0.02,79209431,1073741824,7.38,3,46kB / 40.3kB,14.2MB / 65.5kB
81,2026-09-10T13:27:35.513107+00:00,163,2026-09-10T13:27:35.145181+00:00,false,microservices,gateway,e3678082375b47c9c2bed8fc8741b61e4e3444b2dab9f40061e4f0db9ac2152b,tcc-microservices-experiment-gateway-1,8.24,461058867,536870912,85.88,78,4.99MB / 6.3MB,36.5MB / 262kB
81,2026-09-10T13:27:35.513107+00:00,163,2026-09-10T13:27:35.145181+00:00,false,microservices,mysql,8a803de22ef717b48801c3d2f296c7524faa0c0164e27b68658e1303f5aabec6,tcc-microservices-experiment-mysql-1,26.95,545364378,1073741824,50.79,41,26.7MB / 53.6MB,62.8MB / 401MB
81,2026-09-10T13:27:35.513107+00:00,163,2026-09-10T13:27:35.145181+00:00,false,microservices,order,0f6da91e205ff9876895c5be9a1374e249dc00e9ba67c864c92a09f3e5ab49b2,tcc-microservices-experiment-order-1,25.75,83078676,1073741824,7.74,3,30.4MB / 19.5MB,13.1MB / 77.8kB
81,2026-09-10T13:27:35.513107+00:00,163,2026-09-10T13:27:35.145181+00:00,false,microservices,product,9acc556906bf27debfc5ab3bf9e01bbec25a8631520159ba07627791f59f58b7,tcc-microservices-experiment-product-1,32.43,82743132,1073741824,7.71,3,34.5MB / 17.9MB,12.3MB / 81.9kB
82,2026-09-10T13:27:36.513160+00:00,165,2026-09-10T13:27:36.144262+00:00,false,microservices,auth,dae8835a388ba2ca7ff93f2a2cd4de6b732c5dd0decc46a2ee76d277d6b953f4,tcc-microservices-experiment-auth-1,0.02,79209431,1073741824,7.38,3,46kB / 40.3kB,14.2MB / 65.5kB
82,2026-09-10T13:27:36.513160+00:00,165,2026-09-10T13:27:36.144262+00:00,false,microservices,gateway,e3678082375b47c9c2bed8fc8741b61e4e3444b2dab9f40061e4f0db9ac2152b,tcc-microservices-experiment-gateway-1,6.3,461478298,536870912,85.96,78,5.03MB / 6.36MB,36.5MB / 262kB
82,2026-09-10T13:27:36.513160+00:00,165,2026-09-10T13:27:36.144262+00:00,false,microservices,mysql,8a803de22ef717b48801c3d2f296c7524faa0c0164e27b68658e1303f5aabec6,tcc-microservices-experiment-mysql-1,29.69,544840090,1073741824,50.74,41,26.9MB / 54MB,62.8MB / 402MB
82,2026-09-10T13:27:36.513160+00:00,165,2026-09-10T13:27:36.144262+00:00,false,microservices,order,0f6da91e205ff9876895c5be9a1374e249dc00e9ba67c864c92a09f3e5ab49b2,tcc-microservices-experiment-order-1,25.56,82879447,1073741824,7.72,3,30.6MB / 19.7MB,13.1MB / 77.8kB
82,2026-09-10T13:27:36.513160+00:00,165,2026-09-10T13:27:36.144262+00:00,false,microservices,product,9acc556906bf27debfc5ab3bf9e01bbec25a8631520159ba07627791f59f58b7,tcc-microservices-experiment-product-1,32.83,82313216,1073741824,7.67,3,34.8MB / 18MB,12.3MB / 81.9kB
83,2026-09-10T13:27:37.513118+00:00,167,2026-09-10T13:27:37.145326+00:00,false,microservices,auth,dae8835a388ba2ca7ff93f2a2cd4de6b732c5dd0decc46a2ee76d277d6b953f4,tcc-microservices-experiment-auth-1,0.02,79209431,1073741824,7.38,3,46kB / 40.3kB,14.2MB / 65.5kB
83,2026-09-10T13:27:37.513118+00:00,167,2026-09-10T13:27:37.145326+00:00,false,microservices,gateway,e3678082375b47c9c2bed8fc8741b61e4e3444b2dab9f40061e4f0db9ac2152b,tcc-microservices-experiment-gateway-1,11.06,461163725,536870912,85.89,78,5.08MB / 6.41MB,36.5MB / 262kB
83,2026-09-10T13:27:37.513118+00:00,167,2026-09-10T13:27:37.145326+00:00,false,microservices,mysql,8a803de22ef717b48801c3d2f296c7524faa0c0164e27b68658e1303f5aabec6,tcc-microservices-experiment-mysql-1,26.05,545364378,1073741824,50.79,41,27.1MB / 54.4MB,62.8MB / 404MB
83,2026-09-10T13:27:37.513118+00:00,167,2026-09-10T13:27:37.145326+00:00,false,microservices,order,0f6da91e205ff9876895c5be9a1374e249dc00e9ba67c864c92a09f3e5ab49b2,tcc-microservices-experiment-order-1,26.37,83382764,1073741824,7.77,3,30.9MB / 19.8MB,13.1MB / 77.8kB
83,2026-09-10T13:27:37.513118+00:00,167,2026-09-10T13:27:37.145326+00:00,false,microservices,product,9acc556906bf27debfc5ab3bf9e01bbec25a8631520159ba07627791f59f58b7,tcc-microservices-experiment-product-1,31.74,81904271,1073741824,7.63,3,35.1MB / 18.2MB,12.3MB / 81.9kB
84,2026-09-10T13:27:38.513121+00:00,169,2026-09-10T13:27:38.145515+00:00,false,microservices,auth,dae8835a388ba2ca7ff93f2a2cd4de6b732c5dd0decc46a2ee76d277d6b953f4,tcc-microservices-experiment-auth-1,0.02,79209431,1073741824,7.38,3,46kB / 40.3kB,14.2MB / 65.5kB
84,2026-09-10T13:27:38.513121+00:00,169,2026-09-10T13:27:38.145515+00:00,false,microservices,gateway,e3678082375b47c9c2bed8fc8741b61e4e3444b2dab9f40061e4f0db9ac2152b,tcc-microservices-experiment-gateway-1,6.79,461163725,536870912,85.9,78,5.12MB / 6.47MB,36.5MB / 262kB
84,2026-09-10T13:27:38.513121+00:00,169,2026-09-10T13:27:38.145515+00:00,false,microservices,mysql,8a803de22ef717b48801c3d2f296c7524faa0c0164e27b68658e1303f5aabec6,tcc-microservices-experiment-mysql-1,29.15,544944947,1073741824,50.75,41,27.3MB / 54.9MB,62.8MB / 405MB
84,2026-09-10T13:27:38.513121+00:00,169,2026-09-10T13:27:38.145515+00:00,false,microservices,order,0f6da91e205ff9876895c5be9a1374e249dc00e9ba67c864c92a09f3e5ab49b2,tcc-microservices-experiment-order-1,27.22,82743132,1073741824,7.71,4,31.1MB / 19.9MB,13.1MB / 77.8kB
84,2026-09-10T13:27:38.513121+00:00,169,2026-09-10T13:27:38.145515+00:00,false,microservices,product,9acc556906bf27debfc5ab3bf9e01bbec25a8631520159ba07627791f59f58b7,tcc-microservices-experiment-product-1,32.23,82292244,1073741824,7.66,3,35.4MB / 18.4MB,12.3MB / 81.9kB
85,2026-09-10T13:27:39.513094+00:00,171,2026-09-10T13:27:39.144447+00:00,false,microservices,auth,dae8835a388ba2ca7ff93f2a2cd4de6b732c5dd0decc46a2ee76d277d6b953f4,tcc-microservices-experiment-auth-1,0.02,79209431,1073741824,7.38,3,46kB / 40.3kB,14.2MB / 65.5kB
85,2026-09-10T13:27:39.513094+00:00,171,2026-09-10T13:27:39.144447+00:00,false,microservices,gateway,e3678082375b47c9c2bed8fc8741b61e4e3444b2dab9f40061e4f0db9ac2152b,tcc-microservices-experiment-gateway-1,7.24,460954010,536870912,85.85,78,5.16MB / 6.53MB,36.5MB / 262kB
85,2026-09-10T13:27:39.513094+00:00,171,2026-09-10T13:27:39.144447+00:00,false,microservices,mysql,8a803de22ef717b48801c3d2f296c7524faa0c0164e27b68658e1303f5aabec6,tcc-microservices-experiment-mysql-1,25.97,545259520,1073741824,50.78,41,27.5MB / 55.3MB,62.8MB / 407MB
85,2026-09-10T13:27:39.513094+00:00,171,2026-09-10T13:27:39.144447+00:00,false,microservices,order,0f6da91e205ff9876895c5be9a1374e249dc00e9ba67c864c92a09f3e5ab49b2,tcc-microservices-experiment-order-1,26.11,82837504,1073741824,7.71,3,31.3MB / 20.1MB,13.1MB / 77.8kB
85,2026-09-10T13:27:39.513094+00:00,171,2026-09-10T13:27:39.144447+00:00,false,microservices,product,9acc556906bf27debfc5ab3bf9e01bbec25a8631520159ba07627791f59f58b7,tcc-microservices-experiment-product-1,33.07,81317069,1073741824,7.57,3,35.7MB / 18.5MB,12.3MB / 81.9kB
86,2026-09-10T13:27:40.513124+00:00,173,2026-09-10T13:27:40.144468+00:00,false,microservices,auth,dae8835a388ba2ca7ff93f2a2cd4de6b732c5dd0decc46a2ee76d277d6b953f4,tcc-microservices-experiment-auth-1,0.02,79209431,1073741824,7.38,3,46kB / 40.3kB,14.2MB / 65.5kB
86,2026-09-10T13:27:40.513124+00:00,173,2026-09-10T13:27:40.144468+00:00,false,microservices,gateway,e3678082375b47c9c2bed8fc8741b61e4e3444b2dab9f40061e4f0db9ac2152b,tcc-microservices-experiment-gateway-1,6.52,461163725,536870912,85.91,78,5.21MB / 6.58MB,36.5MB / 262kB
86,2026-09-10T13:27:40.513124+00:00,173,2026-09-10T13:27:40.144468+00:00,false,microservices,mysql,8a803de22ef717b48801c3d2f296c7524faa0c0164e27b68658e1303f5aabec6,tcc-microservices-experiment-mysql-1,31.02,545364378,1073741824,50.79,41,27.7MB / 55.8MB,62.8MB / 408MB
86,2026-09-10T13:27:40.513124+00:00,173,2026-09-10T13:27:40.144468+00:00,false,microservices,order,0f6da91e205ff9876895c5be9a1374e249dc00e9ba67c864c92a09f3e5ab49b2,tcc-microservices-experiment-order-1,26.44,82889933,1073741824,7.72,3,31.5MB / 20.2MB,13.1MB / 77.8kB
86,2026-09-10T13:27:40.513124+00:00,173,2026-09-10T13:27:40.144468+00:00,false,microservices,product,9acc556906bf27debfc5ab3bf9e01bbec25a8631520159ba07627791f59f58b7,tcc-microservices-experiment-product-1,32.79,81180754,1073741824,7.56,3,36.1MB / 18.7MB,12.3MB / 81.9kB
87,2026-09-10T13:27:41.513105+00:00,175,2026-09-10T13:27:41.144898+00:00,false,microservices,auth,dae8835a388ba2ca7ff93f2a2cd4de6b732c5dd0decc46a2ee76d277d6b953f4,tcc-microservices-experiment-auth-1,0.01,61834527,1073741824,5.76,3,46kB / 40.3kB,14.2MB / 17.4MB
87,2026-09-10T13:27:41.513105+00:00,175,2026-09-10T13:27:41.144898+00:00,false,microservices,gateway,e3678082375b47c9c2bed8fc8741b61e4e3444b2dab9f40061e4f0db9ac2152b,tcc-microservices-experiment-gateway-1,7.97,432013312,536870912,80.48,78,5.26MB / 6.64MB,36.5MB / 27.4MB
87,2026-09-10T13:27:41.513105+00:00,175,2026-09-10T13:27:41.144898+00:00,false,microservices,mysql,8a803de22ef717b48801c3d2f296c7524faa0c0164e27b68658e1303f5aabec6,tcc-microservices-experiment-mysql-1,24.22,433481318,1073741824,40.37,41,28MB / 56.2MB,62.8MB / 473MB
87,2026-09-10T13:27:41.513105+00:00,175,2026-09-10T13:27:41.144898+00:00,false,microservices,order,0f6da91e205ff9876895c5be9a1374e249dc00e9ba67c864c92a09f3e5ab49b2,tcc-microservices-experiment-order-1,27.52,66490204,1073741824,6.19,3,31.8MB / 20.4MB,13.1MB / 16.7MB
87,2026-09-10T13:27:41.513105+00:00,175,2026-09-10T13:27:41.144898+00:00,false,microservices,product,9acc556906bf27debfc5ab3bf9e01bbec25a8631520159ba07627791f59f58b7,tcc-microservices-experiment-product-1,34.7,80687923,1073741824,7.51,3,36.4MB / 18.9MB,12.3MB / 983kB
88,2026-09-10T13:27:42.513104+00:00,177,2026-09-10T13:27:42.145184+00:00,false,microservices,auth,dae8835a388ba2ca7ff93f2a2cd4de6b732c5dd0decc46a2ee76d277d6b953f4,tcc-microservices-experiment-auth-1,0.02,61834527,1073741824,5.76,3,46kB / 40.3kB,14.2MB / 17.4MB
88,2026-09-10T13:27:42.513104+00:00,177,2026-09-10T13:27:42.145184+00:00,false,microservices,gateway,e3678082375b47c9c2bed8fc8741b61e4e3444b2dab9f40061e4f0db9ac2152b,tcc-microservices-experiment-gateway-1,7.07,432327885,536870912,80.53,78,5.3MB / 6.7MB,36.5MB / 27.4MB
88,2026-09-10T13:27:42.513104+00:00,177,2026-09-10T13:27:42.145184+00:00,false,microservices,mysql,8a803de22ef717b48801c3d2f296c7524faa0c0164e27b68658e1303f5aabec6,tcc-microservices-experiment-mysql-1,25.72,435368755,1073741824,40.55,44,28.2MB / 56.7MB,62.8MB / 475MB
88,2026-09-10T13:27:42.513104+00:00,177,2026-09-10T13:27:42.145184+00:00,false,microservices,order,0f6da91e205ff9876895c5be9a1374e249dc00e9ba67c864c92a09f3e5ab49b2,tcc-microservices-experiment-order-1,26.69,66311946,1073741824,6.18,3,32MB / 20.5MB,13.1MB / 16.7MB
88,2026-09-10T13:27:42.513104+00:00,177,2026-09-10T13:27:42.145184+00:00,false,microservices,product,9acc556906bf27debfc5ab3bf9e01bbec25a8631520159ba07627791f59f58b7,tcc-microservices-experiment-product-1,33.59,65808630,1073741824,6.13,3,36.7MB / 19MB,12.3MB / 16.4MB
89,2026-09-10T13:27:43.513136+00:00,179,2026-09-10T13:27:43.144267+00:00,false,microservices,auth,dae8835a388ba2ca7ff93f2a2cd4de6b732c5dd0decc46a2ee76d277d6b953f4,tcc-microservices-experiment-auth-1,0.02,61834527,1073741824,5.76,3,46kB / 40.3kB,14.2MB / 17.4MB
89,2026-09-10T13:27:43.513136+00:00,179,2026-09-10T13:27:43.144267+00:00,false,microservices,gateway,e3678082375b47c9c2bed8fc8741b61e4e3444b2dab9f40061e4f0db9ac2152b,tcc-microservices-experiment-gateway-1,7.77,432537600,536870912,80.57,78,5.34MB / 6.75MB,36.5MB / 27.4MB
89,2026-09-10T13:27:43.513136+00:00,179,2026-09-10T13:27:43.144267+00:00,false,microservices,mysql,8a803de22ef717b48801c3d2f296c7524faa0c0164e27b68658e1303f5aabec6,tcc-microservices-experiment-mysql-1,28.18,433481318,1073741824,40.37,41,28.4MB / 57.1MB,62.9MB / 476MB
89,2026-09-10T13:27:43.513136+00:00,179,2026-09-10T13:27:43.144267+00:00,false,microservices,order,0f6da91e205ff9876895c5be9a1374e249dc00e9ba67c864c92a09f3e5ab49b2,tcc-microservices-experiment-order-1,23.78,66637005,1073741824,6.21,3,32.2MB / 20.7MB,13.1MB / 16.7MB
89,2026-09-10T13:27:43.513136+00:00,179,2026-09-10T13:27:43.144267+00:00,false,microservices,product,9acc556906bf27debfc5ab3bf9e01bbec25a8631520159ba07627791f59f58b7,tcc-microservices-experiment-product-1,29.68,65630372,1073741824,6.11,3,37MB / 19.2MB,12.3MB / 16.4MB
90,2026-09-10T13:27:44.513130+00:00,181,2026-09-10T13:27:44.144381+00:00,false,microservices,auth,dae8835a388ba2ca7ff93f2a2cd4de6b732c5dd0decc46a2ee76d277d6b953f4,tcc-microservices-experiment-auth-1,0.02,61834527,1073741824,5.76,3,46kB / 40.3kB,14.2MB / 17.4MB
90,2026-09-10T13:27:44.513130+00:00,181,2026-09-10T13:27:44.144381+00:00,false,microservices,gateway,e3678082375b47c9c2bed8fc8741b61e4e3444b2dab9f40061e4f0db9ac2152b,tcc-microservices-experiment-gateway-1,6.31,432537600,536870912,80.57,78,5.39MB / 6.81MB,36.5MB / 27.4MB
90,2026-09-10T13:27:44.513130+00:00,181,2026-09-10T13:27:44.144381+00:00,false,microservices,mysql,8a803de22ef717b48801c3d2f296c7524faa0c0164e27b68658e1303f5aabec6,tcc-microservices-experiment-mysql-1,26.33,433586176,1073741824,40.38,41,28.6MB / 57.5MB,62.9MB / 478MB
90,2026-09-10T13:27:44.513130+00:00,181,2026-09-10T13:27:44.144381+00:00,false,microservices,order,0f6da91e205ff9876895c5be9a1374e249dc00e9ba67c864c92a09f3e5ab49b2,tcc-microservices-experiment-order-1,26.27,66217574,1073741824,6.17,3,32.5MB / 20.8MB,13.1MB / 16.7MB
90,2026-09-10T13:27:44.513130+00:00,181,2026-09-10T13:27:44.144381+00:00,false,microservices,product,9acc556906bf27debfc5ab3bf9e01bbec25a8631520159ba07627791f59f58b7,tcc-microservices-experiment-product-1,32.62,65997373,1073741824,6.15,3,37.3MB / 19.3MB,12.3MB / 16.4MB
91,2026-09-10T13:27:45.513175+00:00,183,2026-09-10T13:27:45.144334+00:00,false,microservices,auth,dae8835a388ba2ca7ff93f2a2cd4de6b732c5dd0decc46a2ee76d277d6b953f4,tcc-microservices-experiment-auth-1,0.02,61834527,1073741824,5.76,3,46kB / 40.3kB,14.2MB / 17.4MB
91,2026-09-10T13:27:45.513175+00:00,183,2026-09-10T13:27:45.144334+00:00,false,microservices,gateway,e3678082375b47c9c2bed8fc8741b61e4e3444b2dab9f40061e4f0db9ac2152b,tcc-microservices-experiment-gateway-1,6.7,431489024,536870912,80.38,78,5.43MB / 6.86MB,36.5MB / 27.4MB
91,2026-09-10T13:27:45.513175+00:00,183,2026-09-10T13:27:45.144334+00:00,false,microservices,mysql,8a803de22ef717b48801c3d2f296c7524faa0c0164e27b68658e1303f5aabec6,tcc-microservices-experiment-mysql-1,30.99,433691034,1073741824,40.39,41,28.8MB / 58MB,62.9MB / 480MB
91,2026-09-10T13:27:45.513175+00:00,183,2026-09-10T13:27:45.144334+00:00,false,microservices,order,0f6da91e205ff9876895c5be9a1374e249dc00e9ba67c864c92a09f3e5ab49b2,tcc-microservices-experiment-order-1,25.14,66081260,1073741824,6.15,3,32.7MB / 20.9MB,13.1MB / 16.7MB
91,2026-09-10T13:27:45.513175+00:00,183,2026-09-10T13:27:45.144334+00:00,false,microservices,product,9acc556906bf27debfc5ab3bf9e01bbec25a8631520159ba07627791f59f58b7,tcc-microservices-experiment-product-1,32.92,66060288,1073741824,6.15,3,37.6MB / 19.5MB,12.3MB / 16.4MB
92,2026-09-10T13:27:46.513102+00:00,185,2026-09-10T13:27:46.144459+00:00,false,microservices,auth,dae8835a388ba2ca7ff93f2a2cd4de6b732c5dd0decc46a2ee76d277d6b953f4,tcc-microservices-experiment-auth-1,0.02,61834527,1073741824,5.76,3,46kB / 40.3kB,14.2MB / 17.4MB
92,2026-09-10T13:27:46.513102+00:00,185,2026-09-10T13:27:46.144459+00:00,false,microservices,gateway,e3678082375b47c9c2bed8fc8741b61e4e3444b2dab9f40061e4f0db9ac2152b,tcc-microservices-experiment-gateway-1,8.51,432118170,536870912,80.49,78,5.47MB / 6.92MB,36.6MB / 27.4MB
92,2026-09-10T13:27:46.513102+00:00,185,2026-09-10T13:27:46.144459+00:00,false,microservices,mysql,8a803de22ef717b48801c3d2f296c7524faa0c0164e27b68658e1303f5aabec6,tcc-microservices-experiment-mysql-1,26.15,433691034,1073741824,40.39,41,29MB / 58.4MB,62.9MB / 482MB
92,2026-09-10T13:27:46.513102+00:00,185,2026-09-10T13:27:46.144459+00:00,false,microservices,order,0f6da91e205ff9876895c5be9a1374e249dc00e9ba67c864c92a09f3e5ab49b2,tcc-microservices-experiment-order-1,26.38,66259517,1073741824,6.17,3,32.9MB / 21.1MB,13.1MB / 16.7MB
92,2026-09-10T13:27:46.513102+00:00,185,2026-09-10T13:27:46.144459+00:00,false,microservices,product,9acc556906bf27debfc5ab3bf9e01bbec25a8631520159ba07627791f59f58b7,tcc-microservices-experiment-product-1,33.19,65682801,1073741824,6.12,3,37.9MB / 19.7MB,12.3MB / 16.4MB
93,2026-09-10T13:27:47.513069+00:00,187,2026-09-10T13:27:47.144420+00:00,false,microservices,auth,dae8835a388ba2ca7ff93f2a2cd4de6b732c5dd0decc46a2ee76d277d6b953f4,tcc-microservices-experiment-auth-1,0.01,61834527,1073741824,5.76,3,46kB / 40.3kB,14.2MB / 17.4MB
93,2026-09-10T13:27:47.513069+00:00,187,2026-09-10T13:27:47.144420+00:00,false,microservices,gateway,e3678082375b47c9c2bed8fc8741b61e4e3444b2dab9f40061e4f0db9ac2152b,tcc-microservices-experiment-gateway-1,6.79,432957030,536870912,80.64,78,5.51MB / 6.97MB,36.7MB / 27.4MB
93,2026-09-10T13:27:47.513069+00:00,187,2026-09-10T13:27:47.144420+00:00,false,microservices,mysql,8a803de22ef717b48801c3d2f296c7524faa0c0164e27b68658e1303f5aabec6,tcc-microservices-experiment-mysql-1,30.45,433376461,1073741824,40.36,41,29.2MB / 58.8MB,62.9MB / 485MB
93,2026-09-10T13:27:47.513069+00:00,187,2026-09-10T13:27:47.144420+00:00,false,microservices,order,0f6da91e205ff9876895c5be9a1374e249dc00e9ba67c864c92a09f3e5ab49b2,tcc-microservices-experiment-order-1,26.03,66458747,1073741824,6.19,3,33.1MB / 21.2MB,13.1MB / 16.7MB
93,2026-09-10T13:27:47.513069+00:00,187,2026-09-10T13:27:47.144420+00:00,false,microservices,product,9acc556906bf27debfc5ab3bf9e01bbec25a8631520159ba07627791f59f58b7,tcc-microservices-experiment-product-1,32.3,66112717,1073741824,6.16,3,38.3MB / 19.8MB,12.3MB / 16.4MB
94,2026-09-10T13:27:48.513104+00:00,189,2026-09-10T13:27:48.145019+00:00,false,microservices,auth,dae8835a388ba2ca7ff93f2a2cd4de6b732c5dd0decc46a2ee76d277d6b953f4,tcc-microservices-experiment-auth-1,0.02,61834527,1073741824,5.76,3,46kB / 40.3kB,14.2MB / 17.4MB
94,2026-09-10T13:27:48.513104+00:00,189,2026-09-10T13:27:48.145019+00:00,false,microservices,gateway,e3678082375b47c9c2bed8fc8741b61e4e3444b2dab9f40061e4f0db9ac2152b,tcc-microservices-experiment-gateway-1,6.8,431803597,536870912,80.42,78,5.56MB / 7.03MB,36.7MB / 27.4MB
94,2026-09-10T13:27:48.513104+00:00,189,2026-09-10T13:27:48.145019+00:00,false,microservices,mysql,8a803de22ef717b48801c3d2f296c7524faa0c0164e27b68658e1303f5aabec6,tcc-microservices-experiment-mysql-1,26.31,433586176,1073741824,40.38,41,29.4MB / 59.3MB,62.9MB / 487MB
94,2026-09-10T13:27:48.513104+00:00,189,2026-09-10T13:27:48.145019+00:00,false,microservices,order,0f6da91e205ff9876895c5be9a1374e249dc00e9ba67c864c92a09f3e5ab49b2,tcc-microservices-experiment-order-1,26.19,66238546,1073741824,6.17,3,33.4MB / 21.4MB,13.1MB / 16.7MB
94,2026-09-10T13:27:48.513104+00:00,189,2026-09-10T13:27:48.145019+00:00,false,microservices,product,9acc556906bf27debfc5ab3bf9e01bbec25a8631520159ba07627791f59f58b7,tcc-microservices-experiment-product-1,33.01,66270003,1073741824,6.17,3,38.6MB / 20MB,12.3MB / 16.4MB
95,2026-09-10T13:27:49.513122+00:00,191,2026-09-10T13:27:49.144718+00:00,false,microservices,auth,dae8835a388ba2ca7ff93f2a2cd4de6b732c5dd0decc46a2ee76d277d6b953f4,tcc-microservices-experiment-auth-1,0.02,61834527,1073741824,5.76,3,46kB / 40.3kB,14.2MB / 17.4MB
95,2026-09-10T13:27:49.513122+00:00,191,2026-09-10T13:27:49.144718+00:00,false,microservices,gateway,e3678082375b47c9c2bed8fc8741b61e4e3444b2dab9f40061e4f0db9ac2152b,tcc-microservices-experiment-gateway-1,6.78,432327885,536870912,80.52,78,5.6MB / 7.09MB,36.7MB / 27.4MB
95,2026-09-10T13:27:49.513122+00:00,191,2026-09-10T13:27:49.144718+00:00,false,microservices,mysql,8a803de22ef717b48801c3d2f296c7524faa0c0164e27b68658e1303f5aabec6,tcc-microservices-experiment-mysql-1,29.55,434529894,1073741824,40.47,41,29.6MB / 59.7MB,62.9MB / 488MB
95,2026-09-10T13:27:49.513122+00:00,191,2026-09-10T13:27:49.144718+00:00,false,microservices,order,0f6da91e205ff9876895c5be9a1374e249dc00e9ba67c864c92a09f3e5ab49b2,tcc-microservices-experiment-order-1,26.38,66427290,1073741824,6.19,3,33.6MB / 21.5MB,13.1MB / 16.7MB
95,2026-09-10T13:27:49.513122+00:00,191,2026-09-10T13:27:49.144718+00:00,false,microservices,product,9acc556906bf27debfc5ab3bf9e01bbec25a8631520159ba07627791f59f58b7,tcc-microservices-experiment-product-1,33.01,66857206,1073741824,6.23,3,38.9MB / 20.1MB,12.3MB / 16.4MB
96,2026-09-10T13:27:50.513144+00:00,193,2026-09-10T13:27:50.144206+00:00,false,microservices,auth,dae8835a388ba2ca7ff93f2a2cd4de6b732c5dd0decc46a2ee76d277d6b953f4,tcc-microservices-experiment-auth-1,0.02,61834527,1073741824,5.76,3,46kB / 40.3kB,14.2MB / 17.4MB
96,2026-09-10T13:27:50.513144+00:00,193,2026-09-10T13:27:50.144206+00:00,false,microservices,gateway,e3678082375b47c9c2bed8fc8741b61e4e3444b2dab9f40061e4f0db9ac2152b,tcc-microservices-experiment-gateway-1,6.35,432537600,536870912,80.56,78,5.65MB / 7.14MB,36.7MB / 27.4MB
96,2026-09-10T13:27:50.513144+00:00,193,2026-09-10T13:27:50.144206+00:00,false,microservices,mysql,8a803de22ef717b48801c3d2f296c7524faa0c0164e27b68658e1303f5aabec6,tcc-microservices-experiment-mysql-1,26.15,433900749,1073741824,40.41,41,29.8MB / 60.2MB,62.9MB / 490MB
96,2026-09-10T13:27:50.513144+00:00,193,2026-09-10T13:27:50.144206+00:00,false,microservices,order,0f6da91e205ff9876895c5be9a1374e249dc00e9ba67c864c92a09f3e5ab49b2,tcc-microservices-experiment-order-1,25.56,65745715,1073741824,6.12,3,33.8MB / 21.6MB,13.1MB / 16.7MB
96,2026-09-10T13:27:50.513144+00:00,193,2026-09-10T13:27:50.144206+00:00,false,microservices,product,9acc556906bf27debfc5ab3bf9e01bbec25a8631520159ba07627791f59f58b7,tcc-microservices-experiment-product-1,33.44,66605548,1073741824,6.2,3,39.2MB / 20.3MB,12.3MB / 16.4MB
97,2026-09-10T13:27:51.513184+00:00,195,2026-09-10T13:27:51.145506+00:00,false,microservices,auth,dae8835a388ba2ca7ff93f2a2cd4de6b732c5dd0decc46a2ee76d277d6b953f4,tcc-microservices-experiment-auth-1,0.02,61834527,1073741824,5.76,3,46kB / 40.3kB,14.2MB / 17.4MB
97,2026-09-10T13:27:51.513184+00:00,195,2026-09-10T13:27:51.145506+00:00,false,microservices,gateway,e3678082375b47c9c2bed8fc8741b61e4e3444b2dab9f40061e4f0db9ac2152b,tcc-microservices-experiment-gateway-1,7.32,432327885,536870912,80.53,78,5.69MB / 7.2MB,36.7MB / 27.4MB
97,2026-09-10T13:27:51.513184+00:00,195,2026-09-10T13:27:51.145506+00:00,false,microservices,mysql,8a803de22ef717b48801c3d2f296c7524faa0c0164e27b68658e1303f5aabec6,tcc-microservices-experiment-mysql-1,30.07,433691034,1073741824,40.39,41,30MB / 60.6MB,62.9MB / 491MB
97,2026-09-10T13:27:51.513184+00:00,195,2026-09-10T13:27:51.145506+00:00,false,microservices,order,0f6da91e205ff9876895c5be9a1374e249dc00e9ba67c864c92a09f3e5ab49b2,tcc-microservices-experiment-order-1,26.36,66175631,1073741824,6.16,3,34.1MB / 21.8MB,13.1MB / 16.7MB
97,2026-09-10T13:27:51.513184+00:00,195,2026-09-10T13:27:51.145506+00:00,false,microservices,product,9acc556906bf27debfc5ab3bf9e01bbec25a8631520159ba07627791f59f58b7,tcc-microservices-experiment-product-1,32.0,66962063,1073741824,6.24,3,39.5MB / 20.5MB,12.3MB / 16.4MB
98,2026-09-10T13:27:52.513425+00:00,197,2026-09-10T13:27:52.144306+00:00,false,microservices,auth,dae8835a388ba2ca7ff93f2a2cd4de6b732c5dd0decc46a2ee76d277d6b953f4,tcc-microservices-experiment-auth-1,0.02,61834527,1073741824,5.76,3,46kB / 40.3kB,14.2MB / 17.4MB
98,2026-09-10T13:27:52.513425+00:00,197,2026-09-10T13:27:52.144306+00:00,false,microservices,gateway,e3678082375b47c9c2bed8fc8741b61e4e3444b2dab9f40061e4f0db9ac2152b,tcc-microservices-experiment-gateway-1,3.88,431279309,536870912,80.33,78,5.72MB / 7.23MB,36.7MB / 27.4MB
98,2026-09-10T13:27:52.513425+00:00,197,2026-09-10T13:27:52.144306+00:00,false,microservices,mysql,8a803de22ef717b48801c3d2f296c7524faa0c0164e27b68658e1303f5aabec6,tcc-microservices-experiment-mysql-1,17.19,434110464,1073741824,40.43,41,30.1MB / 60.9MB,62.9MB / 494MB
98,2026-09-10T13:27:52.513425+00:00,197,2026-09-10T13:27:52.144306+00:00,false,microservices,order,0f6da91e205ff9876895c5be9a1374e249dc00e9ba67c864c92a09f3e5ab49b2,tcc-microservices-experiment-order-1,15.61,66385347,1073741824,6.18,3,34.2MB / 21.9MB,13.1MB / 16.7MB
98,2026-09-10T13:27:52.513425+00:00,197,2026-09-10T13:27:52.144306+00:00,false,microservices,product,9acc556906bf27debfc5ab3bf9e01bbec25a8631520159ba07627791f59f58b7,tcc-microservices-experiment-product-1,20.02,67171779,1073741824,6.26,3,39.7MB / 20.6MB,12.3MB / 16.4MB
99,2026-09-10T13:27:53.513108+00:00,199,2026-09-10T13:27:53.144893+00:00,false,microservices,auth,dae8835a388ba2ca7ff93f2a2cd4de6b732c5dd0decc46a2ee76d277d6b953f4,tcc-microservices-experiment-auth-1,0.02,61834527,1073741824,5.76,3,46kB / 40.3kB,14.2MB / 17.4MB
99,2026-09-10T13:27:53.513108+00:00,199,2026-09-10T13:27:53.144893+00:00,false,microservices,gateway,e3678082375b47c9c2bed8fc8741b61e4e3444b2dab9f40061e4f0db9ac2152b,tcc-microservices-experiment-gateway-1,1.49,431489024,536870912,80.37,78,5.73MB / 7.24MB,36.7MB / 27.4MB
99,2026-09-10T13:27:53.513108+00:00,199,2026-09-10T13:27:53.144893+00:00,false,microservices,mysql,8a803de22ef717b48801c3d2f296c7524faa0c0164e27b68658e1303f5aabec6,tcc-microservices-experiment-mysql-1,12.4,434844467,1073741824,40.5,41,30.2MB / 61MB,62.9MB / 494MB
99,2026-09-10T13:27:53.513108+00:00,199,2026-09-10T13:27:53.144893+00:00,false,microservices,order,0f6da91e205ff9876895c5be9a1374e249dc00e9ba67c864c92a09f3e5ab49b2,tcc-microservices-experiment-order-1,5.62,66427290,1073741824,6.19,3,34.2MB / 21.9MB,13.1MB / 16.7MB
99,2026-09-10T13:27:53.513108+00:00,199,2026-09-10T13:27:53.144893+00:00,false,microservices,product,9acc556906bf27debfc5ab3bf9e01bbec25a8631520159ba07627791f59f58b7,tcc-microservices-experiment-product-1,6.57,65965916,1073741824,6.14,3,39.8MB / 20.6MB,12.3MB / 16.4MB
100,2026-09-10T13:27:54.513122+00:00,201,2026-09-10T13:27:54.144434+00:00,false,microservices,auth,dae8835a388ba2ca7ff93f2a2cd4de6b732c5dd0decc46a2ee76d277d6b953f4,tcc-microservices-experiment-auth-1,0.02,61834527,1073741824,5.76,3,46kB / 40.3kB,14.2MB / 17.4MB
100,2026-09-10T13:27:54.513122+00:00,201,2026-09-10T13:27:54.144434+00:00,false,microservices,gateway,e3678082375b47c9c2bed8fc8741b61e4e3444b2dab9f40061e4f0db9ac2152b,tcc-microservices-experiment-gateway-1,6.93,431489024,536870912,80.37,78,5.77MB / 7.3MB,36.7MB / 27.4MB
100,2026-09-10T13:27:54.513122+00:00,201,2026-09-10T13:27:54.144434+00:00,false,microservices,mysql,8a803de22ef717b48801c3d2f296c7524faa0c0164e27b68658e1303f5aabec6,tcc-microservices-experiment-mysql-1,24.53,434739610,1073741824,40.49,41,30.4MB / 61.4MB,62.9MB / 496MB
100,2026-09-10T13:27:54.513122+00:00,201,2026-09-10T13:27:54.144434+00:00,false,microservices,order,0f6da91e205ff9876895c5be9a1374e249dc00e9ba67c864c92a09f3e5ab49b2,tcc-microservices-experiment-order-1,24.45,66301460,1073741824,6.17,3,34.5MB / 22MB,13.1MB / 16.7MB
100,2026-09-10T13:27:54.513122+00:00,201,2026-09-10T13:27:54.144434+00:00,false,microservices,product,9acc556906bf27debfc5ab3bf9e01bbec25a8631520159ba07627791f59f58b7,tcc-microservices-experiment-product-1,29.93,66678948,1073741824,6.21,3,40.1MB / 20.8MB,12.3MB / 16.4MB
101,2026-09-10T13:27:55.513112+00:00,203,2026-09-10T13:27:55.144196+00:00,false,microservices,auth,dae8835a388ba2ca7ff93f2a2cd4de6b732c5dd0decc46a2ee76d277d6b953f4,tcc-microservices-experiment-auth-1,0.02,61834527,1073741824,5.76,3,46kB / 40.3kB,14.2MB / 17.4MB
101,2026-09-10T13:27:55.513112+00:00,203,2026-09-10T13:27:55.144196+00:00,false,microservices,gateway,e3678082375b47c9c2bed8fc8741b61e4e3444b2dab9f40061e4f0db9ac2152b,tcc-microservices-experiment-gateway-1,7.07,432957030,536870912,80.65,78,5.81MB / 7.36MB,36.7MB / 27.4MB
101,2026-09-10T13:27:55.513112+00:00,203,2026-09-10T13:27:55.144196+00:00,false,microservices,mysql,8a803de22ef717b48801c3d2f296c7524faa0c0164e27b68658e1303f5aabec6,tcc-microservices-experiment-mysql-1,29.74,435159040,1073741824,40.53,41,30.6MB / 61.8MB,62.9MB / 497MB
101,2026-09-10T13:27:55.513112+00:00,203,2026-09-10T13:27:55.144196+00:00,false,microservices,order,0f6da91e205ff9876895c5be9a1374e249dc00e9ba67c864c92a09f3e5ab49b2,tcc-microservices-experiment-order-1,27.1,67318579,1073741824,6.27,3,34.7MB / 22.2MB,13.1MB / 16.7MB
101,2026-09-10T13:27:55.513112+00:00,203,2026-09-10T13:27:55.144196+00:00,false,microservices,product,9acc556906bf27debfc5ab3bf9e01bbec25a8631520159ba07627791f59f58b7,tcc-microservices-experiment-product-1,31.88,66228060,1073741824,6.17,3,40.4MB / 20.9MB,12.3MB / 16.4MB
102,2026-09-10T13:27:56.513113+00:00,205,2026-09-10T13:27:56.144677+00:00,false,microservices,auth,dae8835a388ba2ca7ff93f2a2cd4de6b732c5dd0decc46a2ee76d277d6b953f4,tcc-microservices-experiment-auth-1,0.02,61834527,1073741824,5.76,3,46kB / 40.3kB,14.2MB / 17.4MB
102,2026-09-10T13:27:56.513113+00:00,205,2026-09-10T13:27:56.144677+00:00,false,microservices,gateway,e3678082375b47c9c2bed8fc8741b61e4e3444b2dab9f40061e4f0db9ac2152b,tcc-microservices-experiment-gateway-1,7.24,432013312,536870912,80.47,78,5.86MB / 7.41MB,36.7MB / 27.4MB
102,2026-09-10T13:27:56.513113+00:00,205,2026-09-10T13:27:56.144677+00:00,false,microservices,mysql,8a803de22ef717b48801c3d2f296c7524faa0c0164e27b68658e1303f5aabec6,tcc-microservices-experiment-mysql-1,25.83,434425037,1073741824,40.46,41,30.8MB / 62.2MB,62.9MB / 499MB
102,2026-09-10T13:27:56.513113+00:00,205,2026-09-10T13:27:56.144677+00:00,false,microservices,order,0f6da91e205ff9876895c5be9a1374e249dc00e9ba67c864c92a09f3e5ab49b2,tcc-microservices-experiment-order-1,26.0,67129836,1073741824,6.25,3,34.9MB / 22.3MB,13.1MB / 16.7MB
102,2026-09-10T13:27:56.513113+00:00,205,2026-09-10T13:27:56.144677+00:00,false,microservices,product,9acc556906bf27debfc5ab3bf9e01bbec25a8631520159ba07627791f59f58b7,tcc-microservices-experiment-product-1,31.17,67297608,1073741824,6.27,3,40.7MB / 21.1MB,12.3MB / 16.4MB
103,2026-09-10T13:27:57.513115+00:00,207,2026-09-10T13:27:57.144798+00:00,false,microservices,auth,dae8835a388ba2ca7ff93f2a2cd4de6b732c5dd0decc46a2ee76d277d6b953f4,tcc-microservices-experiment-auth-1,0.02,61834527,1073741824,5.76,3,46kB / 40.3kB,14.2MB / 17.4MB
103,2026-09-10T13:27:57.513115+00:00,207,2026-09-10T13:27:57.144798+00:00,false,microservices,gateway,e3678082375b47c9c2bed8fc8741b61e4e3444b2dab9f40061e4f0db9ac2152b,tcc-microservices-experiment-gateway-1,24.47,433376461,536870912,80.73,78,5.89MB / 7.46MB,36.7MB / 27.4MB
103,2026-09-10T13:27:57.513115+00:00,207,2026-09-10T13:27:57.144798+00:00,false,microservices,mysql,8a803de22ef717b48801c3d2f296c7524faa0c0164e27b68658e1303f5aabec6,tcc-microservices-experiment-mysql-1,27.81,434844467,1073741824,40.5,41,30.9MB / 62.6MB,62.9MB / 500MB
103,2026-09-10T13:27:57.513115+00:00,207,2026-09-10T13:27:57.144798+00:00,false,microservices,order,0f6da91e205ff9876895c5be9a1374e249dc00e9ba67c864c92a09f3e5ab49b2,tcc-microservices-experiment-order-1,24.12,65829601,1073741824,6.13,3,35.1MB / 22.4MB,13.1MB / 16.7MB
103,2026-09-10T13:27:57.513115+00:00,207,2026-09-10T13:27:57.144798+00:00,false,microservices,product,9acc556906bf27debfc5ab3bf9e01bbec25a8631520159ba07627791f59f58b7,tcc-microservices-experiment-product-1,30.32,67423437,1073741824,6.28,3,41MB / 21.2MB,12.3MB / 16.4MB
104,2026-09-10T13:27:58.513108+00:00,209,2026-09-10T13:27:58.144090+00:00,false,microservices,auth,dae8835a388ba2ca7ff93f2a2cd4de6b732c5dd0decc46a2ee76d277d6b953f4,tcc-microservices-experiment-auth-1,0.02,61834527,1073741824,5.76,3,46kB / 40.3kB,14.2MB / 17.4MB
104,2026-09-10T13:27:58.513108+00:00,209,2026-09-10T13:27:58.144090+00:00,false,microservices,gateway,e3678082375b47c9c2bed8fc8741b61e4e3444b2dab9f40061e4f0db9ac2152b,tcc-microservices-experiment-gateway-1,9.78,434320179,536870912,80.91,78,5.93MB / 7.51MB,36.7MB / 27.4MB
104,2026-09-10T13:27:58.513108+00:00,209,2026-09-10T13:27:58.144090+00:00,false,microservices,mysql,8a803de22ef717b48801c3d2f296c7524faa0c0164e27b68658e1303f5aabec6,tcc-microservices-experiment-mysql-1,23.28,434949325,1073741824,40.51,41,31.1MB / 63MB,62.9MB / 501MB
104,2026-09-10T13:27:58.513108+00:00,209,2026-09-10T13:27:58.144090+00:00,false,microservices,order,0f6da91e205ff9876895c5be9a1374e249dc00e9ba67c864c92a09f3e5ab49b2,tcc-microservices-experiment-order-1,23.45,66553119,1073741824,6.2,3,35.3MB / 22.6MB,13.1MB / 16.7MB
104,2026-09-10T13:27:58.513108+00:00,209,2026-09-10T13:27:58.144090+00:00,false,microservices,product,9acc556906bf27debfc5ab3bf9e01bbec25a8631520159ba07627791f59f58b7,tcc-microservices-experiment-product-1,29.0,66249032,1073741824,6.17,3,41.2MB / 21.4MB,12.3MB / 16.4MB
105,2026-09-10T13:27:59.513122+00:00,211,2026-09-10T13:27:59.145544+00:00,false,microservices,auth,dae8835a388ba2ca7ff93f2a2cd4de6b732c5dd0decc46a2ee76d277d6b953f4,tcc-microservices-experiment-auth-1,0.02,61834527,1073741824,5.76,3,46kB / 40.3kB,14.2MB / 17.4MB
105,2026-09-10T13:27:59.513122+00:00,211,2026-09-10T13:27:59.145544+00:00,false,microservices,gateway,e3678082375b47c9c2bed8fc8741b61e4e3444b2dab9f40061e4f0db9ac2152b,tcc-microservices-experiment-gateway-1,6.67,434215322,536870912,80.89,78,5.98MB / 7.57MB,36.7MB / 27.4MB
105,2026-09-10T13:27:59.513122+00:00,211,2026-09-10T13:27:59.145544+00:00,false,microservices,mysql,8a803de22ef717b48801c3d2f296c7524faa0c0164e27b68658e1303f5aabec6,tcc-microservices-experiment-mysql-1,30.22,434739610,1073741824,40.49,41,31.3MB / 63.5MB,62.9MB / 503MB
105,2026-09-10T13:27:59.513122+00:00,211,2026-09-10T13:27:59.145544+00:00,false,microservices,order,0f6da91e205ff9876895c5be9a1374e249dc00e9ba67c864c92a09f3e5ab49b2,tcc-microservices-experiment-order-1,26.23,66301460,1073741824,6.17,3,35.6MB / 22.7MB,13.1MB / 16.7MB
105,2026-09-10T13:27:59.513122+00:00,211,2026-09-10T13:27:59.145544+00:00,false,microservices,product,9acc556906bf27debfc5ab3bf9e01bbec25a8631520159ba07627791f59f58b7,tcc-microservices-experiment-product-1,32.2,66395832,1073741824,6.18,3,41.6MB / 21.5MB,12.3MB / 16.4MB
106,2026-09-10T13:28:00.513094+00:00,213,2026-09-10T13:28:00.143310+00:00,false,microservices,auth,dae8835a388ba2ca7ff93f2a2cd4de6b732c5dd0decc46a2ee76d277d6b953f4,tcc-microservices-experiment-auth-1,0.02,61834527,1073741824,5.76,3,46kB / 40.3kB,14.2MB / 17.4MB
106,2026-09-10T13:28:00.513094+00:00,213,2026-09-10T13:28:00.143310+00:00,false,microservices,gateway,e3678082375b47c9c2bed8fc8741b61e4e3444b2dab9f40061e4f0db9ac2152b,tcc-microservices-experiment-gateway-1,6.29,434005606,536870912,80.85,78,6.02MB / 7.62MB,36.7MB / 27.4MB
106,2026-09-10T13:28:00.513094+00:00,213,2026-09-10T13:28:00.143310+00:00,false,microservices,mysql,8a803de22ef717b48801c3d2f296c7524faa0c0164e27b68658e1303f5aabec6,tcc-microservices-experiment-mysql-1,25.43,434320179,1073741824,40.45,41,31.5MB / 63.9MB,62.9MB / 505MB
106,2026-09-10T13:28:00.513094+00:00,213,2026-09-10T13:28:00.143310+00:00,false,microservices,order,0f6da91e205ff9876895c5be9a1374e249dc00e9ba67c864c92a09f3e5ab49b2,tcc-microservices-experiment-order-1,25.48,66563604,1073741824,6.2,3,35.8MB / 22.8MB,13.1MB / 16.7MB
106,2026-09-10T13:28:00.513094+00:00,213,2026-09-10T13:28:00.143310+00:00,false,microservices,product,9acc556906bf27debfc5ab3bf9e01bbec25a8631520159ba07627791f59f58b7,tcc-microservices-experiment-product-1,33.64,66563604,1073741824,6.2,3,41.9MB / 21.7MB,12.3MB / 16.4MB
107,2026-09-10T13:28:01.513131+00:00,215,2026-09-10T13:28:01.144286+00:00,false,microservices,auth,dae8835a388ba2ca7ff93f2a2cd4de6b732c5dd0decc46a2ee76d277d6b953f4,tcc-microservices-experiment-auth-1,0.02,61834527,1073741824,5.76,3,46kB / 40.3kB,14.2MB / 17.4MB
107,2026-09-10T13:28:01.513131+00:00,215,2026-09-10T13:28:01.144286+00:00,false,microservices,gateway,e3678082375b47c9c2bed8fc8741b61e4e3444b2dab9f40061e4f0db9ac2152b,tcc-microservices-experiment-gateway-1,7.79,433166746,536870912,80.67,69,6.06MB / 7.68MB,36.7MB / 27.4MB
107,2026-09-10T13:28:01.513131+00:00,215,2026-09-10T13:28:01.144286+00:00,false,microservices,mysql,8a803de22ef717b48801c3d2f296c7524faa0c0164e27b68658e1303f5aabec6,tcc-microservices-experiment-mysql-1,30.11,435054182,1073741824,40.51,41,31.7MB / 64.4MB,62.9MB / 507MB
107,2026-09-10T13:28:01.513131+00:00,215,2026-09-10T13:28:01.144286+00:00,false,microservices,order,0f6da91e205ff9876895c5be9a1374e249dc00e9ba67c864c92a09f3e5ab49b2,tcc-microservices-experiment-order-1,25.74,66899149,1073741824,6.23,3,36MB / 23MB,13.1MB / 16.7MB
107,2026-09-10T13:28:01.513131+00:00,215,2026-09-10T13:28:01.144286+00:00,false,microservices,product,9acc556906bf27debfc5ab3bf9e01bbec25a8631520159ba07627791f59f58b7,tcc-microservices-experiment-product-1,32.43,67433923,1073741824,6.28,3,42.2MB / 21.9MB,12.3MB / 16.4MB
108,2026-09-10T13:28:02.513137+00:00,217,2026-09-10T13:28:02.143961+00:00,false,microservices,auth,dae8835a388ba2ca7ff93f2a2cd4de6b732c5dd0decc46a2ee76d277d6b953f4,tcc-microservices-experiment-auth-1,0.02,61834527,1073741824,5.76,3,46kB / 40.3kB,14.2MB / 17.4MB
108,2026-09-10T13:28:02.513137+00:00,217,2026-09-10T13:28:02.143961+00:00,false,microservices,gateway,e3678082375b47c9c2bed8fc8741b61e4e3444b2dab9f40061e4f0db9ac2152b,tcc-microservices-experiment-gateway-1,35.29,434005606,536870912,80.85,69,6.11MB / 7.73MB,36.7MB / 27.4MB
108,2026-09-10T13:28:02.513137+00:00,217,2026-09-10T13:28:02.143961+00:00,false,microservices,mysql,8a803de22ef717b48801c3d2f296c7524faa0c0164e27b68658e1303f5aabec6,tcc-microservices-experiment-mysql-1,26.81,434529894,1073741824,40.46,41,31.9MB / 64.8MB,62.9MB / 509MB
108,2026-09-10T13:28:02.513137+00:00,217,2026-09-10T13:28:02.143961+00:00,false,microservices,order,0f6da91e205ff9876895c5be9a1374e249dc00e9ba67c864c92a09f3e5ab49b2,tcc-microservices-experiment-order-1,26.28,66301460,1073741824,6.18,3,36.3MB / 23.1MB,13.1MB / 16.7MB
108,2026-09-10T13:28:02.513137+00:00,217,2026-09-10T13:28:02.143961+00:00,false,microservices,product,9acc556906bf27debfc5ab3bf9e01bbec25a8631520159ba07627791f59f58b7,tcc-microservices-experiment-product-1,32.18,66794291,1073741824,6.22,3,42.5MB / 22MB,12.3MB / 16.4MB
109,2026-09-10T13:28:03.513135+00:00,219,2026-09-10T13:28:03.144267+00:00,false,microservices,auth,dae8835a388ba2ca7ff93f2a2cd4de6b732c5dd0decc46a2ee76d277d6b953f4,tcc-microservices-experiment-auth-1,0.02,61834527,1073741824,5.76,3,46kB / 40.3kB,14.2MB / 17.4MB
109,2026-09-10T13:28:03.513135+00:00,219,2026-09-10T13:28:03.144267+00:00,false,microservices,gateway,e3678082375b47c9c2bed8fc8741b61e4e3444b2dab9f40061e4f0db9ac2152b,tcc-microservices-experiment-gateway-1,27.33,433166746,536870912,80.69,69,6.15MB / 7.79MB,36.7MB / 27.4MB
109,2026-09-10T13:28:03.513135+00:00,219,2026-09-10T13:28:03.144267+00:00,false,microservices,mysql,8a803de22ef717b48801c3d2f296c7524faa0c0164e27b68658e1303f5aabec6,tcc-microservices-experiment-mysql-1,29.56,435683328,1073741824,40.58,41,32.2MB / 65.2MB,62.9MB / 510MB
109,2026-09-10T13:28:03.513135+00:00,219,2026-09-10T13:28:03.144267+00:00,false,microservices,order,0f6da91e205ff9876895c5be9a1374e249dc00e9ba67c864c92a09f3e5ab49b2,tcc-microservices-experiment-order-1,26.35,65483571,1073741824,6.1,3,36.5MB / 23.3MB,13.1MB / 16.7MB
109,2026-09-10T13:28:03.513135+00:00,219,2026-09-10T13:28:03.144267+00:00,false,microservices,product,9acc556906bf27debfc5ab3bf9e01bbec25a8631520159ba07627791f59f58b7,tcc-microservices-experiment-product-1,32.75,66112717,1073741824,6.16,3,42.8MB / 22.2MB,12.3MB / 16.4MB
110,2026-09-10T13:28:04.513102+00:00,221,2026-09-10T13:28:04.143467+00:00,false,microservices,auth,dae8835a388ba2ca7ff93f2a2cd4de6b732c5dd0decc46a2ee76d277d6b953f4,tcc-microservices-experiment-auth-1,0.02,61834527,1073741824,5.76,3,46kB / 40.3kB,14.2MB / 17.4MB
110,2026-09-10T13:28:04.513102+00:00,221,2026-09-10T13:28:04.143467+00:00,false,microservices,gateway,e3678082375b47c9c2bed8fc8741b61e4e3444b2dab9f40061e4f0db9ac2152b,tcc-microservices-experiment-gateway-1,11.75,434634752,536870912,80.96,69,6.2MB / 7.85MB,36.8MB / 27.4MB
110,2026-09-10T13:28:04.513102+00:00,221,2026-09-10T13:28:04.143467+00:00,false,microservices,mysql,8a803de22ef717b48801c3d2f296c7524faa0c0164e27b68658e1303f5aabec6,tcc-microservices-experiment-mysql-1,25.49,434739610,1073741824,40.49,41,32.4MB / 65.7MB,62.9MB / 512MB
110,2026-09-10T13:28:04.513102+00:00,221,2026-09-10T13:28:04.143467+00:00,false,microservices,order,0f6da91e205ff9876895c5be9a1374e249dc00e9ba67c864c92a09f3e5ab49b2,tcc-microservices-experiment-order-1,26.4,66469233,1073741824,6.19,3,36.7MB / 23.4MB,13.1MB / 16.7MB
110,2026-09-10T13:28:04.513102+00:00,221,2026-09-10T13:28:04.143467+00:00,false,microservices,product,9acc556906bf27debfc5ab3bf9e01bbec25a8631520159ba07627791f59f58b7,tcc-microservices-experiment-product-1,32.57,66804777,1073741824,6.22,3,43.1MB / 22.3MB,12.3MB / 16.4MB
111,2026-09-10T13:28:05.513130+00:00,223,2026-09-10T13:28:05.144452+00:00,false,microservices,auth,dae8835a388ba2ca7ff93f2a2cd4de6b732c5dd0decc46a2ee76d277d6b953f4,tcc-microservices-experiment-auth-1,0.02,61834527,1073741824,5.76,3,46kB / 40.3kB,14.2MB / 17.4MB
111,2026-09-10T13:28:05.513130+00:00,223,2026-09-10T13:28:05.144452+00:00,false,microservices,gateway,e3678082375b47c9c2bed8fc8741b61e4e3444b2dab9f40061e4f0db9ac2152b,tcc-microservices-experiment-gateway-1,30.58,433900749,536870912,80.82,69,6.24MB / 7.91MB,36.8MB / 27.4MB
111,2026-09-10T13:28:05.513130+00:00,223,2026-09-10T13:28:05.144452+00:00,false,microservices,mysql,8a803de22ef717b48801c3d2f296c7524faa0c0164e27b68658e1303f5aabec6,tcc-microservices-experiment-mysql-1,29.89,435683328,1073741824,40.57,41,32.6MB / 66.1MB,62.9MB / 513MB
111,2026-09-10T13:28:05.513130+00:00,223,2026-09-10T13:28:05.144452+00:00,false,microservices,order,0f6da91e205ff9876895c5be9a1374e249dc00e9ba67c864c92a09f3e5ab49b2,tcc-microservices-experiment-order-1,25.5,66301460,1073741824,6.17,3,36.9MB / 23.6MB,13.1MB / 16.7MB
111,2026-09-10T13:28:05.513130+00:00,223,2026-09-10T13:28:05.144452+00:00,false,microservices,product,9acc556906bf27debfc5ab3bf9e01bbec25a8631520159ba07627791f59f58b7,tcc-microservices-experiment-product-1,33.02,67119350,1073741824,6.25,3,43.5MB / 22.5MB,12.3MB / 16.4MB
112,2026-09-10T13:28:06.513119+00:00,225,2026-09-10T13:28:06.143669+00:00,false,microservices,auth,dae8835a388ba2ca7ff93f2a2cd4de6b732c5dd0decc46a2ee76d277d6b953f4,tcc-microservices-experiment-auth-1,0.02,61834527,1073741824,5.76,3,46kB / 40.3kB,14.2MB / 17.4MB
112,2026-09-10T13:28:06.513119+00:00,225,2026-09-10T13:28:06.143669+00:00,false,microservices,gateway,e3678082375b47c9c2bed8fc8741b61e4e3444b2dab9f40061e4f0db9ac2152b,tcc-microservices-experiment-gateway-1,40.98,435473613,536870912,81.11,69,6.28MB / 7.96MB,36.8MB / 27.4MB
112,2026-09-10T13:28:06.513119+00:00,225,2026-09-10T13:28:06.143669+00:00,false,microservices,mysql,8a803de22ef717b48801c3d2f296c7524faa0c0164e27b68658e1303f5aabec6,tcc-microservices-experiment-mysql-1,26.43,435054182,1073741824,40.51,41,32.8MB / 66.6MB,62.9MB / 515MB
112,2026-09-10T13:28:06.513119+00:00,225,2026-09-10T13:28:06.143669+00:00,false,microservices,order,0f6da91e205ff9876895c5be9a1374e249dc00e9ba67c864c92a09f3e5ab49b2,tcc-microservices-experiment-order-1,26.24,66657976,1073741824,6.21,3,37.2MB / 23.7MB,13.1MB / 16.7MB
112,2026-09-10T13:28:06.513119+00:00,225,2026-09-10T13:28:06.143669+00:00,false,microservices,product,9acc556906bf27debfc5ab3bf9e01bbec25a8631520159ba07627791f59f58b7,tcc-microservices-experiment-product-1,32.55,67045949,1073741824,6.24,3,43.8MB / 22.7MB,12.3MB / 16.4MB
113,2026-09-10T13:28:07.513127+00:00,227,2026-09-10T13:28:07.145247+00:00,false,microservices,auth,dae8835a388ba2ca7ff93f2a2cd4de6b732c5dd0decc46a2ee76d277d6b953f4,tcc-microservices-experiment-auth-1,0.02,61834527,1073741824,5.76,3,46kB / 40.3kB,14.2MB / 17.4MB
113,2026-09-10T13:28:07.513127+00:00,227,2026-09-10T13:28:07.145247+00:00,false,microservices,gateway,e3678082375b47c9c2bed8fc8741b61e4e3444b2dab9f40061e4f0db9ac2152b,tcc-microservices-experiment-gateway-1,8.07,435159040,536870912,81.05,69,6.33MB / 8.02MB,36.8MB / 27.4MB
113,2026-09-10T13:28:07.513127+00:00,227,2026-09-10T13:28:07.145247+00:00,false,microservices,mysql,8a803de22ef717b48801c3d2f296c7524faa0c0164e27b68658e1303f5aabec6,tcc-microservices-experiment-mysql-1,30.22,434844467,1073741824,40.5,41,33MB / 67MB,62.9MB / 516MB
113,2026-09-10T13:28:07.513127+00:00,227,2026-09-10T13:28:07.145247+00:00,false,microservices,order,0f6da91e205ff9876895c5be9a1374e249dc00e9ba67c864c92a09f3e5ab49b2,tcc-microservices-experiment-order-1,26.11,66049802,1073741824,6.15,3,37.4MB / 23.8MB,13.1MB / 16.7MB
113,2026-09-10T13:28:07.513127+00:00,227,2026-09-10T13:28:07.145247+00:00,false,microservices,product,9acc556906bf27debfc5ab3bf9e01bbec25a8631520159ba07627791f59f58b7,tcc-microservices-experiment-product-1,32.25,66228060,1073741824,6.17,3,44.1MB / 22.8MB,12.3MB / 16.4MB
114,2026-09-10T13:28:08.513108+00:00,229,2026-09-10T13:28:08.143307+00:00,false,microservices,auth,dae8835a388ba2ca7ff93f2a2cd4de6b732c5dd0decc46a2ee76d277d6b953f4,tcc-microservices-experiment-auth-1,0.02,61834527,1073741824,5.76,3,46kB / 40.3kB,14.2MB / 17.4MB
114,2026-09-10T13:28:08.513108+00:00,229,2026-09-10T13:28:08.143307+00:00,false,microservices,gateway,e3678082375b47c9c2bed8fc8741b61e4e3444b2dab9f40061e4f0db9ac2152b,tcc-microservices-experiment-gateway-1,9.99,436627046,536870912,81.33,69,6.37MB / 8.07MB,36.8MB / 27.4MB
114,2026-09-10T13:28:08.513108+00:00,229,2026-09-10T13:28:08.143307+00:00,false,microservices,mysql,8a803de22ef717b48801c3d2f296c7524faa0c0164e27b68658e1303f5aabec6,tcc-microservices-experiment-mysql-1,26.23,435054182,1073741824,40.52,41,33.2MB / 67.4MB,62.9MB / 518MB
114,2026-09-10T13:28:08.513108+00:00,229,2026-09-10T13:28:08.143307+00:00,false,microservices,order,0f6da91e205ff9876895c5be9a1374e249dc00e9ba67c864c92a09f3e5ab49b2,tcc-microservices-experiment-order-1,26.56,66290975,1073741824,6.17,3,37.6MB / 24MB,13.1MB / 16.7MB
114,2026-09-10T13:28:08.513108+00:00,229,2026-09-10T13:28:08.143307+00:00,false,microservices,product,9acc556906bf27debfc5ab3bf9e01bbec25a8631520159ba07627791f59f58b7,tcc-microservices-experiment-product-1,32.32,67287122,1073741824,6.27,3,44.4MB / 23MB,12.3MB / 16.4MB
115,2026-09-10T13:28:09.513128+00:00,231,2026-09-10T13:28:09.144241+00:00,false,microservices,auth,dae8835a388ba2ca7ff93f2a2cd4de6b732c5dd0decc46a2ee76d277d6b953f4,tcc-microservices-experiment-auth-1,0.02,61834527,1073741824,5.76,3,46kB / 40.3kB,14.2MB / 17.4MB
115,2026-09-10T13:28:09.513128+00:00,231,2026-09-10T13:28:09.144241+00:00,false,microservices,gateway,e3678082375b47c9c2bed8fc8741b61e4e3444b2dab9f40061e4f0db9ac2152b,tcc-microservices-experiment-gateway-1,23.53,435788186,536870912,81.17,69,6.42MB / 8.13MB,36.8MB / 27.4MB
115,2026-09-10T13:28:09.513128+00:00,231,2026-09-10T13:28:09.144241+00:00,false,microservices,mysql,8a803de22ef717b48801c3d2f296c7524faa0c0164e27b68658e1303f5aabec6,tcc-microservices-experiment-mysql-1,29.8,435263898,1073741824,40.53,41,33.4MB / 67.9MB,62.9MB / 519MB
115,2026-09-10T13:28:09.513128+00:00,231,2026-09-10T13:28:09.144241+00:00,false,microservices,order,0f6da91e205ff9876895c5be9a1374e249dc00e9ba67c864c92a09f3e5ab49b2,tcc-microservices-experiment-order-1,25.62,66511176,1073741824,6.19,3,37.9MB / 24.1MB,13.1MB / 16.7MB
115,2026-09-10T13:28:09.513128+00:00,231,2026-09-10T13:28:09.144241+00:00,false,microservices,product,9acc556906bf27debfc5ab3bf9e01bbec25a8631520159ba07627791f59f58b7,tcc-microservices-experiment-product-1,32.29,67339551,1073741824,6.27,3,44.7MB / 23.2MB,12.3MB / 16.4MB
116,2026-09-10T13:28:10.513110+00:00,233,2026-09-10T13:28:10.144126+00:00,false,microservices,auth,dae8835a388ba2ca7ff93f2a2cd4de6b732c5dd0decc46a2ee76d277d6b953f4,tcc-microservices-experiment-auth-1,0.02,61834527,1073741824,5.76,3,46kB / 40.3kB,14.2MB / 17.4MB
116,2026-09-10T13:28:10.513110+00:00,233,2026-09-10T13:28:10.144126+00:00,false,microservices,gateway,e3678082375b47c9c2bed8fc8741b61e4e3444b2dab9f40061e4f0db9ac2152b,tcc-microservices-experiment-gateway-1,6.45,435683328,536870912,81.15,69,6.46MB / 8.19MB,36.8MB / 27.4MB
116,2026-09-10T13:28:10.513110+00:00,233,2026-09-10T13:28:10.144126+00:00,false,microservices,mysql,8a803de22ef717b48801c3d2f296c7524faa0c0164e27b68658e1303f5aabec6,tcc-microservices-experiment-mysql-1,26.53,435368755,1073741824,40.55,41,33.6MB / 68.3MB,62.9MB / 520MB
116,2026-09-10T13:28:10.513110+00:00,233,2026-09-10T13:28:10.144126+00:00,false,microservices,order,0f6da91e205ff9876895c5be9a1374e249dc00e9ba67c864c92a09f3e5ab49b2,tcc-microservices-experiment-order-1,25.97,65609400,1073741824,6.11,3,38.1MB / 24.3MB,13.1MB / 16.7MB
116,2026-09-10T13:28:10.513110+00:00,233,2026-09-10T13:28:10.144126+00:00,false,microservices,product,9acc556906bf27debfc5ab3bf9e01bbec25a8631520159ba07627791f59f58b7,tcc-microservices-experiment-product-1,31.72,66909635,1073741824,6.23,3,45MB / 23.3MB,12.3MB / 16.4MB
117,2026-09-10T13:28:11.513140+00:00,235,2026-09-10T13:28:11.144358+00:00,false,microservices,auth,dae8835a388ba2ca7ff93f2a2cd4de6b732c5dd0decc46a2ee76d277d6b953f4,tcc-microservices-experiment-auth-1,0.02,61834527,1073741824,5.76,3,46kB / 40.3kB,14.2MB / 17.4MB
117,2026-09-10T13:28:11.513140+00:00,235,2026-09-10T13:28:11.144358+00:00,false,microservices,gateway,e3678082375b47c9c2bed8fc8741b61e4e3444b2dab9f40061e4f0db9ac2152b,tcc-microservices-experiment-gateway-1,7.39,435788186,536870912,81.17,69,6.51MB / 8.24MB,36.8MB / 27.4MB
117,2026-09-10T13:28:11.513140+00:00,235,2026-09-10T13:28:11.144358+00:00,false,microservices,mysql,8a803de22ef717b48801c3d2f296c7524faa0c0164e27b68658e1303f5aabec6,tcc-microservices-experiment-mysql-1,29.56,435997901,1073741824,40.61,41,33.8MB / 68.8MB,62.9MB / 522MB
117,2026-09-10T13:28:11.513140+00:00,235,2026-09-10T13:28:11.144358+00:00,false,microservices,order,0f6da91e205ff9876895c5be9a1374e249dc00e9ba67c864c92a09f3e5ab49b2,tcc-microservices-experiment-order-1,25.71,66007859,1073741824,6.15,3,38.3MB / 24.4MB,13.1MB / 16.7MB
117,2026-09-10T13:28:11.513140+00:00,235,2026-09-10T13:28:11.144358+00:00,false,microservices,product,9acc556906bf27debfc5ab3bf9e01bbec25a8631520159ba07627791f59f58b7,tcc-microservices-experiment-product-1,33.11,67171779,1073741824,6.26,3,45.3MB / 23.5MB,12.3MB / 16.4MB
118,2026-09-10T13:28:12.513135+00:00,237,2026-09-10T13:28:12.143547+00:00,false,microservices,auth,dae8835a388ba2ca7ff93f2a2cd4de6b732c5dd0decc46a2ee76d277d6b953f4,tcc-microservices-experiment-auth-1,0.02,61834527,1073741824,5.76,3,46kB / 40.3kB,14.2MB / 17.4MB
118,2026-09-10T13:28:12.513135+00:00,237,2026-09-10T13:28:12.143547+00:00,false,microservices,gateway,e3678082375b47c9c2bed8fc8741b61e4e3444b2dab9f40061e4f0db9ac2152b,tcc-microservices-experiment-gateway-1,7.12,435578470,536870912,81.13,69,6.55MB / 8.3MB,36.8MB / 27.4MB
118,2026-09-10T13:28:12.513135+00:00,237,2026-09-10T13:28:12.143547+00:00,false,microservices,mysql,8a803de22ef717b48801c3d2f296c7524faa0c0164e27b68658e1303f5aabec6,tcc-microservices-experiment-mysql-1,25.75,435683328,1073741824,40.58,41,34MB / 69.2MB,62.9MB / 523MB
118,2026-09-10T13:28:12.513135+00:00,237,2026-09-10T13:28:12.143547+00:00,false,microservices,order,0f6da91e205ff9876895c5be9a1374e249dc00e9ba67c864c92a09f3e5ab49b2,tcc-microservices-experiment-order-1,25.24,66972549,1073741824,6.24,3,38.6MB / 24.5MB,13.1MB / 16.7MB
118,2026-09-10T13:28:12.513135+00:00,237,2026-09-10T13:28:12.143547+00:00,false,microservices,product,9acc556906bf27debfc5ab3bf9e01bbec25a8631520159ba07627791f59f58b7,tcc-microservices-experiment-product-1,31.3,66899149,1073741824,6.23,3,45.6MB / 23.6MB,12.3MB / 16.4MB
119,2026-09-10T13:28:13.513110+00:00,239,2026-09-10T13:28:13.144365+00:00,false,microservices,auth,dae8835a388ba2ca7ff93f2a2cd4de6b732c5dd0decc46a2ee76d277d6b953f4,tcc-microservices-experiment-auth-1,0.02,61834527,1073741824,5.76,3,46kB / 40.3kB,14.2MB / 17.4MB
119,2026-09-10T13:28:13.513110+00:00,239,2026-09-10T13:28:13.144365+00:00,false,microservices,gateway,e3678082375b47c9c2bed8fc8741b61e4e3444b2dab9f40061e4f0db9ac2152b,tcc-microservices-experiment-gateway-1,16.78,435997901,536870912,81.2,69,6.59MB / 8.35MB,36.8MB / 27.4MB
119,2026-09-10T13:28:13.513110+00:00,239,2026-09-10T13:28:13.144365+00:00,false,microservices,mysql,8a803de22ef717b48801c3d2f296c7524faa0c0164e27b68658e1303f5aabec6,tcc-microservices-experiment-mysql-1,25.53,435578470,1073741824,40.56,41,34.2MB / 69.6MB,62.9MB / 525MB
119,2026-09-10T13:28:13.513110+00:00,239,2026-09-10T13:28:13.144365+00:00,false,microservices,order,0f6da91e205ff9876895c5be9a1374e249dc00e9ba67c864c92a09f3e5ab49b2,tcc-microservices-experiment-order-1,23.14,66039316,1073741824,6.15,3,38.8MB / 24.7MB,13.1MB / 16.7MB
119,2026-09-10T13:28:13.513110+00:00,239,2026-09-10T13:28:13.144365+00:00,false,microservices,product,9acc556906bf27debfc5ab3bf9e01bbec25a8631520159ba07627791f59f58b7,tcc-microservices-experiment-product-1,29.5,67318579,1073741824,6.27,3,45.9MB / 23.8MB,12.3MB / 16.4MB
120,2026-09-10T13:28:14.513133+00:00,241,2026-09-10T13:28:14.144254+00:00,false,microservices,auth,dae8835a388ba2ca7ff93f2a2cd4de6b732c5dd0decc46a2ee76d277d6b953f4,tcc-microservices-experiment-auth-1,0.02,61834527,1073741824,5.76,3,46kB / 40.3kB,14.2MB / 17.4MB
120,2026-09-10T13:28:14.513133+00:00,241,2026-09-10T13:28:14.144254+00:00,false,microservices,gateway,e3678082375b47c9c2bed8fc8741b61e4e3444b2dab9f40061e4f0db9ac2152b,tcc-microservices-experiment-gateway-1,6.65,436417331,536870912,81.29,69,6.63MB / 8.4MB,36.8MB / 27.4MB
120,2026-09-10T13:28:14.513133+00:00,241,2026-09-10T13:28:14.144254+00:00,false,microservices,mysql,8a803de22ef717b48801c3d2f296c7524faa0c0164e27b68658e1303f5aabec6,tcc-microservices-experiment-mysql-1,25.34,435368755,1073741824,40.55,41,34.4MB / 70MB,62.9MB / 527MB
120,2026-09-10T13:28:14.513133+00:00,241,2026-09-10T13:28:14.144254+00:00,false,microservices,order,0f6da91e205ff9876895c5be9a1374e249dc00e9ba67c864c92a09f3e5ab49b2,tcc-microservices-experiment-order-1,25.87,66081260,1073741824,6.15,3,39MB / 24.8MB,13.1MB / 16.7MB
120,2026-09-10T13:28:14.513133+00:00,241,2026-09-10T13:28:14.144254+00:00,false,microservices,product,9acc556906bf27debfc5ab3bf9e01bbec25a8631520159ba07627791f59f58b7,tcc-microservices-experiment-product-1,33.15,67402465,1073741824,6.28,3,46.2MB / 24MB,12.3MB / 16.4MB
