sample_index,captured_at_utc,docker_refresh_sequence,docker_refresh_captured_at_utc,docker_refresh_reused,architecture,service,container_id,container_name,cpu_percent,memory_used_bytes,memory_limit_bytes,memory_percent,pids,network_io,block_io
1,2026-09-10T10:10:40.404903+00:00,3,2026-09-10T10:10:40.032071+00:00,false,microservices,auth,f780a7e85ad977fa9c934377c442b95c2d9be91fbc826434456f2f92aae32a67,tcc-microservices-experiment-auth-1,0.03,79198945,1073741824,7.38,3,45.2kB / 40.3kB,4.19MB / 65.5kB
1,2026-09-10T10:10:40.404903+00:00,3,2026-09-10T10:10:40.032071+00:00,false,microservices,gateway,e212eb445c558bdce72511bdbef9bdd1cc27c78a3d50db325fb169923de4d94b,tcc-microservices-experiment-gateway-1,0.18,486434406,536870912,90.61,79,8.06MB / 10.6MB,30.9MB / 184kB
1,2026-09-10T10:10:40.404903+00:00,3,2026-09-10T10:10:40.032071+00:00,false,microservices,mysql,6f1f13f8fd4e5920674bf42b131bfa0eb7cafc9b969900c48c1ca0e8bee362eb,tcc-microservices-experiment-mysql-1,0.85,539806925,1073741824,50.28,40,11.4MB / 30.2MB,44.3MB / 121MB
1,2026-09-10T10:10:40.404903+00:00,3,2026-09-10T10:10:40.032071+00:00,false,microservices,order,e5186b55c1fcf5eaa87ab12349a2d9fb6aee46a28c659f24d93f72a691963b70,tcc-microservices-experiment-order-1,0.02,77993083,1073741824,7.26,3,35.4MB / 16.1MB,7.29MB / 77.8kB
1,2026-09-10T10:10:40.404903+00:00,3,2026-09-10T10:10:40.032071+00:00,false,microservices,product,bbf79d89e2c471933dfc0d526a87d0eba0fdd767f43dfef425e7d9f405c6bb7f,tcc-microservices-experiment-product-1,0.02,78769029,1073741824,7.34,3,416kB / 282kB,4.32MB / 81.9kB
2,2026-09-10T10:10:41.404937+00:00,5,2026-09-10T10:10:41.033331+00:00,false,microservices,auth,f780a7e85ad977fa9c934377c442b95c2d9be91fbc826434456f2f92aae32a67,tcc-microservices-experiment-auth-1,0.02,79198945,1073741824,7.38,3,45.2kB / 40.3kB,4.19MB / 65.5kB
2,2026-09-10T10:10:41.404937+00:00,5,2026-09-10T10:10:41.033331+00:00,false,microservices,gateway,e212eb445c558bdce72511bdbef9bdd1cc27c78a3d50db325fb169923de4d94b,tcc-microservices-experiment-gateway-1,0.15,486224691,536870912,90.56,79,8.06MB / 10.6MB,30.9MB / 184kB
2,2026-09-10T10:10:41.404937+00:00,5,2026-09-10T10:10:41.033331+00:00,false,microservices,mysql,6f1f13f8fd4e5920674bf42b131bfa0eb7cafc9b969900c48c1ca0e8bee362eb,tcc-microservices-experiment-mysql-1,4.85,539806925,1073741824,50.27,40,11.4MB / 30.2MB,44.3MB / 121MB
2,2026-09-10T10:10:41.404937+00:00,5,2026-09-10T10:10:41.033331+00:00,false,microservices,order,e5186b55c1fcf5eaa87ab12349a2d9fb6aee46a28c659f24d93f72a691963b70,tcc-microservices-experiment-order-1,0.03,77993083,1073741824,7.26,3,35.4MB / 16.1MB,7.29MB / 77.8kB
2,2026-09-10T10:10:41.404937+00:00,5,2026-09-10T10:10:41.033331+00:00,false,microservices,product,bbf79d89e2c471933dfc0d526a87d0eba0fdd767f43dfef425e7d9f405c6bb7f,tcc-microservices-experiment-product-1,0.02,78769029,1073741824,7.34,3,416kB / 282kB,4.32MB / 81.9kB
3,2026-09-10T10:10:42.404905+00:00,7,2026-09-10T10:10:42.032457+00:00,false,microservices,auth,f780a7e85ad977fa9c934377c442b95c2d9be91fbc826434456f2f92aae32a67,tcc-microservices-experiment-auth-1,0.02,79198945,1073741824,7.38,3,45.2kB / 40.3kB,4.19MB / 65.5kB
3,2026-09-10T10:10:42.404905+00:00,7,2026-09-10T10:10:42.032457+00:00,false,microservices,gateway,e212eb445c558bdce72511bdbef9bdd1cc27c78a3d50db325fb169923de4d94b,tcc-microservices-experiment-gateway-1,76.11,489370419,536870912,91.15,79,8.16MB / 10.8MB,30.9MB / 184kB
3,2026-09-10T10:10:42.404905+00:00,7,2026-09-10T10:10:42.032457+00:00,false,microservices,mysql,6f1f13f8fd4e5920674bf42b131bfa0eb7cafc9b969900c48c1ca0e8bee362eb,tcc-microservices-experiment-mysql-1,10.36,540540928,1073741824,50.34,40,11.5MB / 30.5MB,44.3MB / 121MB
3,2026-09-10T10:10:42.404905+00:00,7,2026-09-10T10:10:42.032457+00:00,false,microservices,order,e5186b55c1fcf5eaa87ab12349a2d9fb6aee46a28c659f24d93f72a691963b70,tcc-microservices-experiment-order-1,40.83,79880520,1073741824,7.44,3,35.7MB / 16.2MB,7.29MB / 77.8kB
3,2026-09-10T10:10:42.404905+00:00,7,2026-09-10T10:10:42.032457+00:00,false,microservices,product,bbf79d89e2c471933dfc0d526a87d0eba0fdd767f43dfef425e7d9f405c6bb7f,tcc-microservices-experiment-product-1,0.02,78769029,1073741824,7.34,3,416kB / 282kB,4.32MB / 81.9kB
4,2026-09-10T10:10:43.404880+00:00,9,2026-09-10T10:10:43.032308+00:00,false,microservices,auth,f780a7e85ad977fa9c934377c442b95c2d9be91fbc826434456f2f92aae32a67,tcc-microservices-experiment-auth-1,0.04,79198945,1073741824,7.38,3,45.2kB / 40.3kB,4.19MB / 65.5kB
4,2026-09-10T10:10:43.404880+00:00,9,2026-09-10T10:10:43.032308+00:00,false,microservices,gateway,e212eb445c558bdce72511bdbef9bdd1cc27c78a3d50db325fb169923de4d94b,tcc-microservices-experiment-gateway-1,74.89,489894707,536870912,91.25,79,8.33MB / 11MB,30.9MB / 184kB
4,2026-09-10T10:10:43.404880+00:00,9,2026-09-10T10:10:43.032308+00:00,false,microservices,mysql,6f1f13f8fd4e5920674bf42b131bfa0eb7cafc9b969900c48c1ca0e8bee362eb,tcc-microservices-experiment-mysql-1,17.87,541274931,1073741824,50.41,40,11.6MB / 30.9MB,44.3MB / 121MB
4,2026-09-10T10:10:43.404880+00:00,9,2026-09-10T10:10:43.032308+00:00,false,microservices,order,e5186b55c1fcf5eaa87ab12349a2d9fb6aee46a28c659f24d93f72a691963b70,tcc-microservices-experiment-order-1,48.74,79534490,1073741824,7.41,3,36.2MB / 16.4MB,7.29MB / 77.8kB
4,2026-09-10T10:10:43.404880+00:00,9,2026-09-10T10:10:43.032308+00:00,false,microservices,product,bbf79d89e2c471933dfc0d526a87d0eba0fdd767f43dfef425e7d9f405c6bb7f,tcc-microservices-experiment-product-1,0.03,78769029,1073741824,7.34,3,416kB / 282kB,4.32MB / 81.9kB
5,2026-09-10T10:10:44.404905+00:00,11,2026-09-10T10:10:44.033318+00:00,false,microservices,auth,f780a7e85ad977fa9c934377c442b95c2d9be91fbc826434456f2f92aae32a67,tcc-microservices-experiment-auth-1,0.02,79198945,1073741824,7.38,3,45.2kB / 40.3kB,4.19MB / 65.5kB
5,2026-09-10T10:10:44.404905+00:00,11,2026-09-10T10:10:44.033318+00:00,false,microservices,gateway,e212eb445c558bdce72511bdbef9bdd1cc27c78a3d50db325fb169923de4d94b,tcc-microservices-experiment-gateway-1,47.9,490838426,536870912,91.43,79,8.6MB / 11.3MB,30.9MB / 184kB
5,2026-09-10T10:10:44.404905+00:00,11,2026-09-10T10:10:44.033318+00:00,false,microservices,mysql,6f1f13f8fd4e5920674bf42b131bfa0eb7cafc9b969900c48c1ca0e8bee362eb,tcc-microservices-experiment-mysql-1,22.18,540855501,1073741824,50.37,40,11.8MB / 31.7MB,44.3MB / 121MB
5,2026-09-10T10:10:44.404905+00:00,11,2026-09-10T10:10:44.033318+00:00,false,microservices,order,e5186b55c1fcf5eaa87ab12349a2d9fb6aee46a28c659f24d93f72a691963b70,tcc-microservices-experiment-order-1,83.3,79733719,1073741824,7.43,3,37.3MB / 16.9MB,7.29MB / 77.8kB
5,2026-09-10T10:10:44.404905+00:00,11,2026-09-10T10:10:44.033318+00:00,false,microservices,product,bbf79d89e2c471933dfc0d526a87d0eba0fdd767f43dfef425e7d9f405c6bb7f,tcc-microservices-experiment-product-1,0.03,78769029,1073741824,7.34,3,416kB / 282kB,4.32MB / 81.9kB
6,2026-09-10T10:10:45.404928+00:00,13,2026-09-10T10:10:45.032472+00:00,false,microservices,auth,f780a7e85ad977fa9c934377c442b95c2d9be91fbc826434456f2f92aae32a67,tcc-microservices-experiment-auth-1,0.02,79198945,1073741824,7.38,3,45.2kB / 40.3kB,4.19MB / 65.5kB
6,2026-09-10T10:10:45.404928+00:00,13,2026-09-10T10:10:45.032472+00:00,false,microservices,gateway,e212eb445c558bdce72511bdbef9bdd1cc27c78a3d50db325fb169923de4d94b,tcc-microservices-experiment-gateway-1,92.64,490209280,536870912,91.3,79,8.88MB / 11.7MB,30.9MB / 197kB
6,2026-09-10T10:10:45.404928+00:00,13,2026-09-10T10:10:45.032472+00:00,false,microservices,mysql,6f1f13f8fd4e5920674bf42b131bfa0eb7cafc9b969900c48c1ca0e8bee362eb,tcc-microservices-experiment-mysql-1,26.43,540436070,1073741824,50.33,40,12MB / 32.5MB,44.3MB / 121MB
6,2026-09-10T10:10:45.404928+00:00,13,2026-09-10T10:10:45.032472+00:00,false,microservices,order,e5186b55c1fcf5eaa87ab12349a2d9fb6aee46a28c659f24d93f72a691963b70,tcc-microservices-experiment-order-1,82.63,80373350,1073741824,7.49,3,38.3MB / 17.3MB,7.29MB / 77.8kB
6,2026-09-10T10:10:45.404928+00:00,13,2026-09-10T10:10:45.032472+00:00,false,microservices,product,bbf79d89e2c471933dfc0d526a87d0eba0fdd767f43dfef425e7d9f405c6bb7f,tcc-microservices-experiment-product-1,0.02,78769029,1073741824,7.34,3,416kB / 282kB,4.32MB / 81.9kB
7,2026-09-10T10:10:46.404872+00:00,15,2026-09-10T10:10:46.032239+00:00,false,microservices,auth,f780a7e85ad977fa9c934377c442b95c2d9be91fbc826434456f2f92aae32a67,tcc-microservices-experiment-auth-1,0.02,79198945,1073741824,7.38,3,45.2kB / 40.3kB,4.19MB / 65.5kB
7,2026-09-10T10:10:46.404872+00:00,15,2026-09-10T10:10:46.032239+00:00,false,microservices,gateway,e212eb445c558bdce72511bdbef9bdd1cc27c78a3d50db325fb169923de4d94b,tcc-microservices-experiment-gateway-1,74.57,490104422,536870912,91.29,79,9.16MB / 12.1MB,30.9MB / 197kB
7,2026-09-10T10:10:46.404872+00:00,15,2026-09-10T10:10:46.032239+00:00,false,microservices,mysql,6f1f13f8fd4e5920674bf42b131bfa0eb7cafc9b969900c48c1ca0e8bee362eb,tcc-microservices-experiment-mysql-1,22.46,540226355,1073741824,50.32,40,12.3MB / 33.4MB,44.3MB / 121MB
7,2026-09-10T10:10:46.404872+00:00,15,2026-09-10T10:10:46.032239+00:00,false,microservices,order,e5186b55c1fcf5eaa87ab12349a2d9fb6aee46a28c659f24d93f72a691963b70,tcc-microservices-experiment-order-1,83.31,81033953,1073741824,7.55,3,39.3MB / 17.7MB,7.29MB / 77.8kB
7,2026-09-10T10:10:46.404872+00:00,15,2026-09-10T10:10:46.032239+00:00,false,microservices,product,bbf79d89e2c471933dfc0d526a87d0eba0fdd767f43dfef425e7d9f405c6bb7f,tcc-microservices-experiment-product-1,0.02,78769029,1073741824,7.34,3,416kB / 282kB,4.32MB / 81.9kB
8,2026-09-10T10:10:47.404891+00:00,17,2026-09-10T10:10:47.031516+00:00,false,microservices,auth,f780a7e85ad977fa9c934377c442b95c2d9be91fbc826434456f2f92aae32a67,tcc-microservices-experiment-auth-1,0.02,79198945,1073741824,7.38,3,45.2kB / 40.3kB,4.19MB / 65.5kB
8,2026-09-10T10:10:47.404891+00:00,17,2026-09-10T10:10:47.031516+00:00,false,microservices,gateway,e212eb445c558bdce72511bdbef9bdd1cc27c78a3d50db325fb169923de4d94b,tcc-microservices-experiment-gateway-1,46.79,489684992,536870912,91.22,79,9.44MB / 12.4MB,30.9MB / 197kB
8,2026-09-10T10:10:47.404891+00:00,17,2026-09-10T10:10:47.031516+00:00,false,microservices,mysql,6f1f13f8fd4e5920674bf42b131bfa0eb7cafc9b969900c48c1ca0e8bee362eb,tcc-microservices-experiment-mysql-1,26.89,541170074,1073741824,50.4,40,12.5MB / 34.3MB,44.3MB / 121MB
8,2026-09-10T10:10:47.404891+00:00,17,2026-09-10T10:10:47.031516+00:00,false,microservices,order,e5186b55c1fcf5eaa87ab12349a2d9fb6aee46a28c659f24d93f72a691963b70,tcc-microservices-experiment-order-1,82.98,80404808,1073741824,7.49,3,40.4MB / 18.1MB,7.29MB / 77.8kB
8,2026-09-10T10:10:47.404891+00:00,17,2026-09-10T10:10:47.031516+00:00,false,microservices,product,bbf79d89e2c471933dfc0d526a87d0eba0fdd767f43dfef425e7d9f405c6bb7f,tcc-microservices-experiment-product-1,0.02,78769029,1073741824,7.34,3,416kB / 282kB,4.32MB / 81.9kB
9,2026-09-10T10:10:48.404878+00:00,19,2026-09-10T10:10:48.032490+00:00,false,microservices,auth,f780a7e85ad977fa9c934377c442b95c2d9be91fbc826434456f2f92aae32a67,tcc-microservices-experiment-auth-1,0.02,79198945,1073741824,7.38,3,45.2kB / 40.3kB,4.19MB / 65.5kB
9,2026-09-10T10:10:48.404878+00:00,19,2026-09-10T10:10:48.032490+00:00,false,microservices,gateway,e212eb445c558bdce72511bdbef9bdd1cc27c78a3d50db325fb169923de4d94b,tcc-microservices-experiment-gateway-1,43.39,489789850,536870912,91.23,79,9.72MB / 12.8MB,30.9MB / 197kB
9,2026-09-10T10:10:48.404878+00:00,19,2026-09-10T10:10:48.032490+00:00,false,microservices,mysql,6f1f13f8fd4e5920674bf42b131bfa0eb7cafc9b969900c48c1ca0e8bee362eb,tcc-microservices-experiment-mysql-1,22.43,540121498,1073741824,50.3,40,12.8MB / 35.1MB,44.3MB / 124MB
9,2026-09-10T10:10:48.404878+00:00,19,2026-09-10T10:10:48.032490+00:00,false,microservices,order,e5186b55c1fcf5eaa87ab12349a2d9fb6aee46a28c659f24d93f72a691963b70,tcc-microservices-experiment-order-1,83.15,80006349,1073741824,7.45,3,41.4MB / 18.5MB,7.29MB / 77.8kB
9,2026-09-10T10:10:48.404878+00:00,19,2026-09-10T10:10:48.032490+00:00,false,microservices,product,bbf79d89e2c471933dfc0d526a87d0eba0fdd767f43dfef425e7d9f405c6bb7f,tcc-microservices-experiment-product-1,0.02,78769029,1073741824,7.34,3,416kB / 282kB,4.32MB / 81.9kB
10,2026-09-10T10:10:49.404904+00:00,21,2026-09-10T10:10:49.033273+00:00,false,microservices,auth,f780a7e85ad977fa9c934377c442b95c2d9be91fbc826434456f2f92aae32a67,tcc-microservices-experiment-auth-1,0.02,79198945,1073741824,7.38,3,45.2kB / 40.3kB,4.19MB / 65.5kB
10,2026-09-10T10:10:49.404904+00:00,21,2026-09-10T10:10:49.033273+00:00,false,microservices,gateway,e212eb445c558bdce72511bdbef9bdd1cc27c78a3d50db325fb169923de4d94b,tcc-microservices-experiment-gateway-1,44.86,490314138,536870912,91.32,79,10MB / 13.2MB,30.9MB / 197kB
10,2026-09-10T10:10:49.404904+00:00,21,2026-09-10T10:10:49.033273+00:00,false,microservices,mysql,6f1f13f8fd4e5920674bf42b131bfa0eb7cafc9b969900c48c1ca0e8bee362eb,tcc-microservices-experiment-mysql-1,26.16,541484646,1073741824,50.43,40,13MB / 36MB,44.3MB / 124MB
10,2026-09-10T10:10:49.404904+00:00,21,2026-09-10T10:10:49.033273+00:00,false,microservices,order,e5186b55c1fcf5eaa87ab12349a2d9fb6aee46a28c659f24d93f72a691963b70,tcc-microservices-experiment-order-1,83.5,80184607,1073741824,7.47,3,42.5MB / 19MB,7.29MB / 77.8kB
10,2026-09-10T10:10:49.404904+00:00,21,2026-09-10T10:10:49.033273+00:00,false,microservices,product,bbf79d89e2c471933dfc0d526a87d0eba0fdd767f43dfef425e7d9f405c6bb7f,tcc-microservices-experiment-product-1,0.02,78769029,1073741824,7.34,3,416kB / 282kB,4.32MB / 81.9kB
11,2026-09-10T10:10:50.404903+00:00,23,2026-09-10T10:10:50.032445+00:00,false,microservices,auth,f780a7e85ad977fa9c934377c442b95c2d9be91fbc826434456f2f92aae32a67,tcc-microservices-experiment-auth-1,0.02,79198945,1073741824,7.38,3,45.2kB / 40.3kB,4.19MB / 65.5kB
11,2026-09-10T10:10:50.404903+00:00,23,2026-09-10T10:10:50.032445+00:00,false,microservices,gateway,e212eb445c558bdce72511bdbef9bdd1cc27c78a3d50db325fb169923de4d94b,tcc-microservices-experiment-gateway-1,43.25,489999565,536870912,91.28,79,10.3MB / 13.6MB,30.9MB / 197kB
11,2026-09-10T10:10:50.404903+00:00,23,2026-09-10T10:10:50.032445+00:00,false,microservices,mysql,6f1f13f8fd4e5920674bf42b131bfa0eb7cafc9b969900c48c1ca0e8bee362eb,tcc-microservices-experiment-mysql-1,23.24,540750643,1073741824,50.36,40,13.3MB / 36.9MB,44.3MB / 124MB
11,2026-09-10T10:10:50.404903+00:00,23,2026-09-10T10:10:50.032445+00:00,false,microservices,order,e5186b55c1fcf5eaa87ab12349a2d9fb6aee46a28c659f24d93f72a691963b70,tcc-microservices-experiment-order-1,81.96,80813752,1073741824,7.53,3,43.6MB / 19.4MB,7.29MB / 77.8kB
11,2026-09-10T10:10:50.404903+00:00,23,2026-09-10T10:10:50.032445+00:00,false,microservices,product,bbf79d89e2c471933dfc0d526a87d0eba0fdd767f43dfef425e7d9f405c6bb7f,tcc-microservices-experiment-product-1,0.02,78758543,1073741824,7.34,3,416kB / 282kB,4.32MB / 81.9kB
12,2026-09-10T10:10:51.404913+00:00,25,2026-09-10T10:10:51.033225+00:00,false,microservices,auth,f780a7e85ad977fa9c934377c442b95c2d9be91fbc826434456f2f92aae32a67,tcc-microservices-experiment-auth-1,0.02,79198945,1073741824,7.38,3,45.2kB / 40.3kB,4.19MB / 65.5kB
12,2026-09-10T10:10:51.404913+00:00,25,2026-09-10T10:10:51.033225+00:00,false,microservices,gateway,e212eb445c558bdce72511bdbef9bdd1cc27c78a3d50db325fb169923de4d94b,tcc-microservices-experiment-gateway-1,49.45,489789850,536870912,91.23,79,10.6MB / 14MB,30.9MB / 197kB
12,2026-09-10T10:10:51.404913+00:00,25,2026-09-10T10:10:51.033225+00:00,false,microservices,mysql,6f1f13f8fd4e5920674bf42b131bfa0eb7cafc9b969900c48c1ca0e8bee362eb,tcc-microservices-experiment-mysql-1,27.84,540855501,1073741824,50.37,40,13.5MB / 37.8MB,44.3MB / 124MB
12,2026-09-10T10:10:51.404913+00:00,25,2026-09-10T10:10:51.033225+00:00,false,microservices,order,e5186b55c1fcf5eaa87ab12349a2d9fb6aee46a28c659f24d93f72a691963b70,tcc-microservices-experiment-order-1,81.64,80121692,1073741824,7.46,3,44.7MB / 19.8MB,7.29MB / 77.8kB
12,2026-09-10T10:10:51.404913+00:00,25,2026-09-10T10:10:51.033225+00:00,false,microservices,product,bbf79d89e2c471933dfc0d526a87d0eba0fdd767f43dfef425e7d9f405c6bb7f,tcc-microservices-experiment-product-1,0.03,78758543,1073741824,7.34,3,416kB / 282kB,4.32MB / 81.9kB
13,2026-09-10T10:10:52.404896+00:00,27,2026-09-10T10:10:52.032421+00:00,false,microservices,auth,f780a7e85ad977fa9c934377c442b95c2d9be91fbc826434456f2f92aae32a67,tcc-microservices-experiment-auth-1,0.02,79198945,1073741824,7.38,3,45.2kB / 40.3kB,4.19MB / 65.5kB
13,2026-09-10T10:10:52.404896+00:00,27,2026-09-10T10:10:52.032421+00:00,false,microservices,gateway,e212eb445c558bdce72511bdbef9bdd1cc27c78a3d50db325fb169923de4d94b,tcc-microservices-experiment-gateway-1,68.56,490314138,536870912,91.33,79,10.9MB / 14.3MB,30.9MB / 197kB
13,2026-09-10T10:10:52.404896+00:00,27,2026-09-10T10:10:52.032421+00:00,false,microservices,mysql,6f1f13f8fd4e5920674bf42b131bfa0eb7cafc9b969900c48c1ca0e8bee362eb,tcc-microservices-experiment-mysql-1,23.22,540645786,1073741824,50.35,40,13.8MB / 38.7MB,44.3MB / 124MB
13,2026-09-10T10:10:52.404896+00:00,27,2026-09-10T10:10:52.032421+00:00,false,microservices,order,e5186b55c1fcf5eaa87ab12349a2d9fb6aee46a28c659f24d93f72a691963b70,tcc-microservices-experiment-order-1,81.77,81149297,1073741824,7.56,3,45.8MB / 20.2MB,7.29MB / 77.8kB
13,2026-09-10T10:10:52.404896+00:00,27,2026-09-10T10:10:52.032421+00:00,false,microservices,product,bbf79d89e2c471933dfc0d526a87d0eba0fdd767f43dfef425e7d9f405c6bb7f,tcc-microservices-experiment-product-1,0.02,78758543,1073741824,7.34,3,416kB / 282kB,4.32MB / 81.9kB
14,2026-09-10T10:10:53.404882+00:00,29,2026-09-10T10:10:53.032497+00:00,false,microservices,auth,f780a7e85ad977fa9c934377c442b95c2d9be91fbc826434456f2f92aae32a67,tcc-microservices-experiment-auth-1,0.02,79198945,1073741824,7.38,3,45.2kB / 40.3kB,4.19MB / 65.5kB
14,2026-09-10T10:10:53.404882+00:00,29,2026-09-10T10:10:53.032497+00:00,false,microservices,gateway,e212eb445c558bdce72511bdbef9bdd1cc27c78a3d50db325fb169923de4d94b,tcc-microservices-experiment-gateway-1,80.84,490943283,536870912,91.44,79,11.2MB / 14.7MB,30.9MB / 197kB
14,2026-09-10T10:10:53.404882+00:00,29,2026-09-10T10:10:53.032497+00:00,false,microservices,mysql,6f1f13f8fd4e5920674bf42b131bfa0eb7cafc9b969900c48c1ca0e8bee362eb,tcc-microservices-experiment-mysql-1,26.75,541379789,1073741824,50.42,40,14MB / 39.5MB,44.3MB / 124MB
14,2026-09-10T10:10:53.404882+00:00,29,2026-09-10T10:10:53.032497+00:00,false,microservices,order,e5186b55c1fcf5eaa87ab12349a2d9fb6aee46a28c659f24d93f72a691963b70,tcc-microservices-experiment-order-1,82.52,80656466,1073741824,7.51,3,46.9MB / 20.7MB,7.29MB / 77.8kB
14,2026-09-10T10:10:53.404882+00:00,29,2026-09-10T10:10:53.032497+00:00,false,microservices,product,bbf79d89e2c471933dfc0d526a87d0eba0fdd767f43dfef425e7d9f405c6bb7f,tcc-microservices-experiment-product-1,0.02,78758543,1073741824,7.34,3,416kB / 282kB,4.32MB / 81.9kB
15,2026-09-10T10:10:54.404901+00:00,31,2026-09-10T10:10:54.033091+00:00,false,microservices,auth,f780a7e85ad977fa9c934377c442b95c2d9be91fbc826434456f2f92aae32a67,tcc-microservices-experiment-auth-1,0.02,79198945,1073741824,7.38,3,45.2kB / 40.3kB,4.19MB / 65.5kB
15,2026-09-10T10:10:54.404901+00:00,31,2026-09-10T10:10:54.033091+00:00,false,microservices,gateway,e212eb445c558bdce72511bdbef9bdd1cc27c78a3d50db325fb169923de4d94b,tcc-microservices-experiment-gateway-1,78.85,491572429,536870912,91.56,79,11.5MB / 15.1MB,30.9MB / 197kB
15,2026-09-10T10:10:54.404901+00:00,31,2026-09-10T10:10:54.033091+00:00,false,microservices,mysql,6f1f13f8fd4e5920674bf42b131bfa0eb7cafc9b969900c48c1ca0e8bee362eb,tcc-microservices-experiment-mysql-1,23.12,540960358,1073741824,50.38,40,14.3MB / 40.4MB,44.3MB / 124MB
15,2026-09-10T10:10:54.404901+00:00,31,2026-09-10T10:10:54.033091+00:00,false,microservices,order,e5186b55c1fcf5eaa87ab12349a2d9fb6aee46a28c659f24d93f72a691963b70,tcc-microservices-experiment-order-1,82.32,80520151,1073741824,7.5,3,48MB / 21.1MB,7.29MB / 77.8kB
15,2026-09-10T10:10:54.404901+00:00,31,2026-09-10T10:10:54.033091+00:00,false,microservices,product,bbf79d89e2c471933dfc0d526a87d0eba0fdd767f43dfef425e7d9f405c6bb7f,tcc-microservices-experiment-product-1,0.03,78758543,1073741824,7.34,3,416kB / 282kB,4.32MB / 81.9kB
16,2026-09-10T10:10:55.404901+00:00,33,2026-09-10T10:10:55.032352+00:00,false,microservices,auth,f780a7e85ad977fa9c934377c442b95c2d9be91fbc826434456f2f92aae32a67,tcc-microservices-experiment-auth-1,0.02,79198945,1073741824,7.38,3,45.2kB / 40.3kB,4.19MB / 65.5kB
16,2026-09-10T10:10:55.404901+00:00,33,2026-09-10T10:10:55.032352+00:00,false,microservices,gateway,e212eb445c558bdce72511bdbef9bdd1cc27c78a3d50db325fb169923de4d94b,tcc-microservices-experiment-gateway-1,72.85,491362714,536870912,91.52,79,11.7MB / 15.5MB,30.9MB / 197kB
16,2026-09-10T10:10:55.404901+00:00,33,2026-09-10T10:10:55.032352+00:00,false,microservices,mysql,6f1f13f8fd4e5920674bf42b131bfa0eb7cafc9b969900c48c1ca0e8bee362eb,tcc-microservices-experiment-mysql-1,26.46,540436070,1073741824,50.33,40,14.5MB / 41.3MB,44.3MB / 124MB
16,2026-09-10T10:10:55.404901+00:00,33,2026-09-10T10:10:55.032352+00:00,false,microservices,order,e5186b55c1fcf5eaa87ab12349a2d9fb6aee46a28c659f24d93f72a691963b70,tcc-microservices-experiment-order-1,82.9,80887153,1073741824,7.53,3,49MB / 21.5MB,7.29MB / 77.8kB
16,2026-09-10T10:10:55.404901+00:00,33,2026-09-10T10:10:55.032352+00:00,false,microservices,product,bbf79d89e2c471933dfc0d526a87d0eba0fdd767f43dfef425e7d9f405c6bb7f,tcc-microservices-experiment-product-1,0.02,78758543,1073741824,7.34,3,416kB / 282kB,4.32MB / 81.9kB
17,2026-09-10T10:10:56.404911+00:00,35,2026-09-10T10:10:56.032286+00:00,false,microservices,auth,f780a7e85ad977fa9c934377c442b95c2d9be91fbc826434456f2f92aae32a67,tcc-microservices-experiment-auth-1,0.03,79198945,1073741824,7.38,3,45.2kB / 40.3kB,4.19MB / 65.5kB
17,2026-09-10T10:10:56.404911+00:00,35,2026-09-10T10:10:56.032286+00:00,false,microservices,gateway,e212eb445c558bdce72511bdbef9bdd1cc27c78a3d50db325fb169923de4d94b,tcc-microservices-experiment-gateway-1,56.33,491257856,536870912,91.5,79,12MB / 15.9MB,30.9MB / 197kB
17,2026-09-10T10:10:56.404911+00:00,35,2026-09-10T10:10:56.032286+00:00,false,microservices,mysql,6f1f13f8fd4e5920674bf42b131bfa0eb7cafc9b969900c48c1ca0e8bee362eb,tcc-microservices-experiment-mysql-1,21.88,539806925,1073741824,50.27,40,14.8MB / 42.2MB,44.3MB / 124MB
17,2026-09-10T10:10:56.404911+00:00,35,2026-09-10T10:10:56.032286+00:00,false,microservices,order,e5186b55c1fcf5eaa87ab12349a2d9fb6aee46a28c659f24d93f72a691963b70,tcc-microservices-experiment-order-1,83.02,81254154,1073741824,7.57,3,50.1MB / 22MB,7.29MB / 77.8kB
17,2026-09-10T10:10:56.404911+00:00,35,2026-09-10T10:10:56.032286+00:00,false,microservices,product,bbf79d89e2c471933dfc0d526a87d0eba0fdd767f43dfef425e7d9f405c6bb7f,tcc-microservices-experiment-product-1,0.02,78758543,1073741824,7.34,3,416kB / 282kB,4.32MB / 81.9kB
18,2026-09-10T10:10:57.404902+00:00,37,2026-09-10T10:10:57.032290+00:00,false,microservices,auth,f780a7e85ad977fa9c934377c442b95c2d9be91fbc826434456f2f92aae32a67,tcc-microservices-experiment-auth-1,0.02,79198945,1073741824,7.38,3,45.2kB / 40.3kB,4.19MB / 65.5kB
18,2026-09-10T10:10:57.404902+00:00,37,2026-09-10T10:10:57.032290+00:00,false,microservices,gateway,e212eb445c558bdce72511bdbef9bdd1cc27c78a3d50db325fb169923de4d94b,tcc-microservices-experiment-gateway-1,74.97,490418995,536870912,91.35,79,12.3MB / 16.3MB,30.9MB / 197kB
18,2026-09-10T10:10:57.404902+00:00,37,2026-09-10T10:10:57.032290+00:00,false,microservices,mysql,6f1f13f8fd4e5920674bf42b131bfa0eb7cafc9b969900c48c1ca0e8bee362eb,tcc-microservices-experiment-mysql-1,26.55,540645786,1073741824,50.36,40,15MB / 43.1MB,44.3MB / 124MB
18,2026-09-10T10:10:57.404902+00:00,37,2026-09-10T10:10:57.032290+00:00,false,microservices,order,e5186b55c1fcf5eaa87ab12349a2d9fb6aee46a28c659f24d93f72a691963b70,tcc-microservices-experiment-order-1,83.35,81180754,1073741824,7.56,3,51.2MB / 22.4MB,7.29MB / 77.8kB
18,2026-09-10T10:10:57.404902+00:00,37,2026-09-10T10:10:57.032290+00:00,false,microservices,product,bbf79d89e2c471933dfc0d526a87d0eba0fdd767f43dfef425e7d9f405c6bb7f,tcc-microservices-experiment-product-1,0.02,78758543,1073741824,7.34,3,416kB / 282kB,4.32MB / 81.9kB
19,2026-09-10T10:10:58.404918+00:00,39,2026-09-10T10:10:58.032081+00:00,false,microservices,auth,f780a7e85ad977fa9c934377c442b95c2d9be91fbc826434456f2f92aae32a67,tcc-microservices-experiment-auth-1,0.02,79198945,1073741824,7.38,3,45.2kB / 40.3kB,4.19MB / 65.5kB
19,2026-09-10T10:10:58.404918+00:00,39,2026-09-10T10:10:58.032081+00:00,false,microservices,gateway,e212eb445c558bdce72511bdbef9bdd1cc27c78a3d50db325fb169923de4d94b,tcc-microservices-experiment-gateway-1,39.52,490943283,536870912,91.44,79,12.6MB / 16.6MB,30.9MB / 197kB
19,2026-09-10T10:10:58.404918+00:00,39,2026-09-10T10:10:58.032081+00:00,false,microservices,mysql,6f1f13f8fd4e5920674bf42b131bfa0eb7cafc9b969900c48c1ca0e8bee362eb,tcc-microservices-experiment-mysql-1,22.9,540855501,1073741824,50.37,40,15.3MB / 44MB,44.3MB / 124MB
19,2026-09-10T10:10:58.404918+00:00,39,2026-09-10T10:10:58.032081+00:00,false,microservices,order,e5186b55c1fcf5eaa87ab12349a2d9fb6aee46a28c659f24d93f72a691963b70,tcc-microservices-experiment-order-1,82.17,81033953,1073741824,7.55,3,52.3MB / 22.9MB,7.29MB / 77.8kB
19,2026-09-10T10:10:58.404918+00:00,39,2026-09-10T10:10:58.032081+00:00,false,microservices,product,bbf79d89e2c471933dfc0d526a87d0eba0fdd767f43dfef425e7d9f405c6bb7f,tcc-microservices-experiment-product-1,0.02,78758543,1073741824,7.34,3,416kB / 282kB,4.32MB / 81.9kB
20,2026-09-10T10:10:59.404887+00:00,41,2026-09-10T10:10:59.032059+00:00,false,microservices,auth,f780a7e85ad977fa9c934377c442b95c2d9be91fbc826434456f2f92aae32a67,tcc-microservices-experiment-auth-1,0.02,79198945,1073741824,7.38,3,45.2kB / 40.3kB,4.19MB / 65.5kB
20,2026-09-10T10:10:59.404887+00:00,41,2026-09-10T10:10:59.032059+00:00,false,microservices,gateway,e212eb445c558bdce72511bdbef9bdd1cc27c78a3d50db325fb169923de4d94b,tcc-microservices-experiment-gateway-1,46.29,491887002,536870912,91.63,79,12.9MB / 17MB,30.9MB / 197kB
20,2026-09-10T10:10:59.404887+00:00,41,2026-09-10T10:10:59.032059+00:00,false,microservices,mysql,6f1f13f8fd4e5920674bf42b131bfa0eb7cafc9b969900c48c1ca0e8bee362eb,tcc-microservices-experiment-mysql-1,26.41,541379789,1073741824,50.42,40,15.5MB / 44.9MB,44.3MB / 124MB
20,2026-09-10T10:10:59.404887+00:00,41,2026-09-10T10:10:59.032059+00:00,false,microservices,order,e5186b55c1fcf5eaa87ab12349a2d9fb6aee46a28c659f24d93f72a691963b70,tcc-microservices-experiment-order-1,82.59,81033953,1073741824,7.55,3,53.4MB / 23.3MB,7.29MB / 77.8kB
20,2026-09-10T10:10:59.404887+00:00,41,2026-09-10T10:10:59.032059+00:00,false,microservices,product,bbf79d89e2c471933dfc0d526a87d0eba0fdd767f43dfef425e7d9f405c6bb7f,tcc-microservices-experiment-product-1,0.02,78758543,1073741824,7.34,3,416kB / 282kB,4.32MB / 81.9kB
21,2026-09-10T10:11:00.404905+00:00,43,2026-09-10T10:11:00.032645+00:00,false,microservices,auth,f780a7e85ad977fa9c934377c442b95c2d9be91fbc826434456f2f92aae32a67,tcc-microservices-experiment-auth-1,0.02,79198945,1073741824,7.38,3,45.2kB / 40.3kB,4.19MB / 65.5kB
21,2026-09-10T10:11:00.404905+00:00,43,2026-09-10T10:11:00.032645+00:00,false,microservices,gateway,e212eb445c558bdce72511bdbef9bdd1cc27c78a3d50db325fb169923de4d94b,tcc-microservices-experiment-gateway-1,72.44,490838426,536870912,91.43,79,13.2MB / 17.4MB,30.9MB / 213kB
21,2026-09-10T10:11:00.404905+00:00,43,2026-09-10T10:11:00.032645+00:00,false,microservices,mysql,6f1f13f8fd4e5920674bf42b131bfa0eb7cafc9b969900c48c1ca0e8bee362eb,tcc-microservices-experiment-mysql-1,23.28,540645786,1073741824,50.35,40,15.8MB / 45.7MB,44.3MB / 124MB
21,2026-09-10T10:11:00.404905+00:00,43,2026-09-10T10:11:00.032645+00:00,false,microservices,order,e5186b55c1fcf5eaa87ab12349a2d9fb6aee46a28c659f24d93f72a691963b70,tcc-microservices-experiment-order-1,82.01,81117839,1073741824,7.55,3,54.5MB / 23.7MB,7.29MB / 77.8kB
21,2026-09-10T10:11:00.404905+00:00,43,2026-09-10T10:11:00.032645+00:00,false,microservices,product,bbf79d89e2c471933dfc0d526a87d0eba0fdd767f43dfef425e7d9f405c6bb7f,tcc-microservices-experiment-product-1,0.02,78758543,1073741824,7.34,3,416kB / 282kB,4.32MB / 81.9kB
22,2026-09-10T10:11:01.404890+00:00,45,2026-09-10T10:11:01.033072+00:00,false,microservices,auth,f780a7e85ad977fa9c934377c442b95c2d9be91fbc826434456f2f92aae32a67,tcc-microservices-experiment-auth-1,0.02,79198945,1073741824,7.38,3,45.2kB / 40.3kB,4.19MB / 65.5kB
22,2026-09-10T10:11:01.404890+00:00,45,2026-09-10T10:11:01.033072+00:00,false,microservices,gateway,e212eb445c558bdce72511bdbef9bdd1cc27c78a3d50db325fb169923de4d94b,tcc-microservices-experiment-gateway-1,69.43,491257856,536870912,91.51,79,13.5MB / 17.8MB,30.9MB / 213kB
22,2026-09-10T10:11:01.404890+00:00,45,2026-09-10T10:11:01.033072+00:00,false,microservices,mysql,6f1f13f8fd4e5920674bf42b131bfa0eb7cafc9b969900c48c1ca0e8bee362eb,tcc-microservices-experiment-mysql-1,26.95,540855501,1073741824,50.38,40,16MB / 46.6MB,44.3MB / 124MB
22,2026-09-10T10:11:01.404890+00:00,45,2026-09-10T10:11:01.033072+00:00,false,microservices,order,e5186b55c1fcf5eaa87ab12349a2d9fb6aee46a28c659f24d93f72a691963b70,tcc-microservices-experiment-order-1,82.57,81065411,1073741824,7.55,3,55.6MB / 24.1MB,7.29MB / 77.8kB
22,2026-09-10T10:11:01.404890+00:00,45,2026-09-10T10:11:01.033072+00:00,false,microservices,product,bbf79d89e2c471933dfc0d526a87d0eba0fdd767f43dfef425e7d9f405c6bb7f,tcc-microservices-experiment-product-1,0.02,78758543,1073741824,7.34,3,416kB / 282kB,4.32MB / 81.9kB
23,2026-09-10T10:11:02.404878+00:00,47,2026-09-10T10:11:02.032869+00:00,false,microservices,auth,f780a7e85ad977fa9c934377c442b95c2d9be91fbc826434456f2f92aae32a67,tcc-microservices-experiment-auth-1,0.02,79198945,1073741824,7.38,3,45.2kB / 40.3kB,4.19MB / 65.5kB
23,2026-09-10T10:11:02.404878+00:00,47,2026-09-10T10:11:02.032869+00:00,false,microservices,gateway,e212eb445c558bdce72511bdbef9bdd1cc27c78a3d50db325fb169923de4d94b,tcc-microservices-experiment-gateway-1,59.16,492201574,536870912,91.68,79,13.8MB / 18.2MB,30.9MB / 213kB
23,2026-09-10T10:11:02.404878+00:00,47,2026-09-10T10:11:02.032869+00:00,false,microservices,mysql,6f1f13f8fd4e5920674bf42b131bfa0eb7cafc9b969900c48c1ca0e8bee362eb,tcc-microservices-experiment-mysql-1,23.03,540855501,1073741824,50.37,40,16.3MB / 47.5MB,44.3MB / 124MB
23,2026-09-10T10:11:02.404878+00:00,47,2026-09-10T10:11:02.032869+00:00,false,microservices,order,e5186b55c1fcf5eaa87ab12349a2d9fb6aee46a28c659f24d93f72a691963b70,tcc-microservices-experiment-order-1,82.06,80583066,1073741824,7.51,3,56.7MB / 24.6MB,7.29MB / 77.8kB
23,2026-09-10T10:11:02.404878+00:00,47,2026-09-10T10:11:02.032869+00:00,false,microservices,product,bbf79d89e2c471933dfc0d526a87d0eba0fdd767f43dfef425e7d9f405c6bb7f,tcc-microservices-experiment-product-1,0.02,78758543,1073741824,7.34,3,416kB / 282kB,4.32MB / 81.9kB
24,2026-09-10T10:11:03.404896+00:00,49,2026-09-10T10:11:03.032382+00:00,false,microservices,auth,f780a7e85ad977fa9c934377c442b95c2d9be91fbc826434456f2f92aae32a67,tcc-microservices-experiment-auth-1,0.02,79198945,1073741824,7.38,3,45.2kB / 40.3kB,4.19MB / 65.5kB
24,2026-09-10T10:11:03.404896+00:00,49,2026-09-10T10:11:03.032382+00:00,false,microservices,gateway,e212eb445c558bdce72511bdbef9bdd1cc27c78a3d50db325fb169923de4d94b,tcc-microservices-experiment-gateway-1,43.06,492096717,536870912,91.66,79,14.1MB / 18.5MB,30.9MB / 213kB
24,2026-09-10T10:11:03.404896+00:00,49,2026-09-10T10:11:03.032382+00:00,false,microservices,mysql,6f1f13f8fd4e5920674bf42b131bfa0eb7cafc9b969900c48c1ca0e8bee362eb,tcc-microservices-experiment-mysql-1,27.46,541589504,1073741824,50.44,40,16.5MB / 48.4MB,44.3MB / 124MB
24,2026-09-10T10:11:03.404896+00:00,49,2026-09-10T10:11:03.032382+00:00,false,microservices,order,e5186b55c1fcf5eaa87ab12349a2d9fb6aee46a28c659f24d93f72a691963b70,tcc-microservices-experiment-order-1,81.93,81914757,1073741824,7.63,3,57.7MB / 25MB,7.29MB / 77.8kB
24,2026-09-10T10:11:03.404896+00:00,49,2026-09-10T10:11:03.032382+00:00,false,microservices,product,bbf79d89e2c471933dfc0d526a87d0eba0fdd767f43dfef425e7d9f405c6bb7f,tcc-microservices-experiment-product-1,0.02,78758543,1073741824,7.34,3,416kB / 282kB,4.32MB / 81.9kB
25,2026-09-10T10:11:04.404899+00:00,51,2026-09-10T10:11:04.032340+00:00,false,microservices,auth,f780a7e85ad977fa9c934377c442b95c2d9be91fbc826434456f2f92aae32a67,tcc-microservices-experiment-auth-1,0.02,79198945,1073741824,7.38,3,45.2kB / 40.3kB,4.19MB / 65.5kB
25,2026-09-10T10:11:04.404899+00:00,51,2026-09-10T10:11:04.032340+00:00,false,microservices,gateway,e212eb445c558bdce72511bdbef9bdd1cc27c78a3d50db325fb169923de4d94b,tcc-microservices-experiment-gateway-1,34.66,491677286,536870912,91.57,79,14.4MB / 18.9MB,30.9MB / 213kB
25,2026-09-10T10:11:04.404899+00:00,51,2026-09-10T10:11:04.032340+00:00,false,microservices,mysql,6f1f13f8fd4e5920674bf42b131bfa0eb7cafc9b969900c48c1ca0e8bee362eb,tcc-microservices-experiment-mysql-1,22.56,541065216,1073741824,50.39,40,16.8MB / 49.3MB,44.3MB / 124MB
25,2026-09-10T10:11:04.404899+00:00,51,2026-09-10T10:11:04.032340+00:00,false,microservices,order,e5186b55c1fcf5eaa87ab12349a2d9fb6aee46a28c659f24d93f72a691963b70,tcc-microservices-experiment-order-1,82.41,81411441,1073741824,7.58,3,58.9MB / 25.5MB,7.29MB / 77.8kB
25,2026-09-10T10:11:04.404899+00:00,51,2026-09-10T10:11:04.032340+00:00,false,microservices,product,bbf79d89e2c471933dfc0d526a87d0eba0fdd767f43dfef425e7d9f405c6bb7f,tcc-microservices-experiment-product-1,0.02,78758543,1073741824,7.34,3,416kB / 282kB,4.32MB / 81.9kB
26,2026-09-10T10:11:05.404882+00:00,53,2026-09-10T10:11:05.031688+00:00,false,microservices,auth,f780a7e85ad977fa9c934377c442b95c2d9be91fbc826434456f2f92aae32a67,tcc-microservices-experiment-auth-1,0.02,79198945,1073741824,7.38,3,45.2kB / 40.3kB,4.19MB / 65.5kB
26,2026-09-10T10:11:05.404882+00:00,53,2026-09-10T10:11:05.031688+00:00,false,microservices,gateway,e212eb445c558bdce72511bdbef9bdd1cc27c78a3d50db325fb169923de4d94b,tcc-microservices-experiment-gateway-1,36.69,491677286,536870912,91.59,79,14.7MB / 19.3MB,30.9MB / 213kB
26,2026-09-10T10:11:05.404882+00:00,53,2026-09-10T10:11:05.031688+00:00,false,microservices,mysql,6f1f13f8fd4e5920674bf42b131bfa0eb7cafc9b969900c48c1ca0e8bee362eb,tcc-microservices-experiment-mysql-1,27.41,540855501,1073741824,50.37,40,17MB / 50.2MB,44.3MB / 124MB
26,2026-09-10T10:11:05.404882+00:00,53,2026-09-10T10:11:05.031688+00:00,false,microservices,order,e5186b55c1fcf5eaa87ab12349a2d9fb6aee46a28c659f24d93f72a691963b70,tcc-microservices-experiment-order-1,81.7,81652613,1073741824,7.6,3,60MB / 25.9MB,7.29MB / 77.8kB
26,2026-09-10T10:11:05.404882+00:00,53,2026-09-10T10:11:05.031688+00:00,false,microservices,product,bbf79d89e2c471933dfc0d526a87d0eba0fdd767f43dfef425e7d9f405c6bb7f,tcc-microservices-experiment-product-1,0.02,78758543,1073741824,7.34,3,416kB / 282kB,4.32MB / 81.9kB
27,2026-09-10T10:11:06.404911+00:00,55,2026-09-10T10:11:06.032701+00:00,false,microservices,auth,f780a7e85ad977fa9c934377c442b95c2d9be91fbc826434456f2f92aae32a67,tcc-microservices-experiment-auth-1,0.02,79198945,1073741824,7.38,3,45.2kB / 40.3kB,4.19MB / 65.5kB
27,2026-09-10T10:11:06.404911+00:00,55,2026-09-10T10:11:06.032701+00:00,false,microservices,gateway,e212eb445c558bdce72511bdbef9bdd1cc27c78a3d50db325fb169923de4d94b,tcc-microservices-experiment-gateway-1,43.53,491257856,536870912,91.51,79,14.9MB / 19.7MB,30.9MB / 213kB
27,2026-09-10T10:11:06.404911+00:00,55,2026-09-10T10:11:06.032701+00:00,false,microservices,mysql,6f1f13f8fd4e5920674bf42b131bfa0eb7cafc9b969900c48c1ca0e8bee362eb,tcc-microservices-experiment-mysql-1,22.77,540855501,1073741824,50.37,40,17.3MB / 51.1MB,44.3MB / 124MB
27,2026-09-10T10:11:06.404911+00:00,55,2026-09-10T10:11:06.032701+00:00,false,microservices,order,e5186b55c1fcf5eaa87ab12349a2d9fb6aee46a28c659f24d93f72a691963b70,tcc-microservices-experiment-order-1,82.62,81925243,1073741824,7.63,3,61.1MB / 26.3MB,7.29MB / 77.8kB
27,2026-09-10T10:11:06.404911+00:00,55,2026-09-10T10:11:06.032701+00:00,false,microservices,product,bbf79d89e2c471933dfc0d526a87d0eba0fdd767f43dfef425e7d9f405c6bb7f,tcc-microservices-experiment-product-1,0.02,78758543,1073741824,7.34,3,416kB / 282kB,4.32MB / 81.9kB
28,2026-09-10T10:11:07.404877+00:00,57,2026-09-10T10:11:07.031781+00:00,false,microservices,auth,f780a7e85ad977fa9c934377c442b95c2d9be91fbc826434456f2f92aae32a67,tcc-microservices-experiment-auth-1,0.02,79198945,1073741824,7.38,3,45.2kB / 40.3kB,4.19MB / 65.5kB
28,2026-09-10T10:11:07.404877+00:00,57,2026-09-10T10:11:07.031781+00:00,false,microservices,gateway,e212eb445c558bdce72511bdbef9bdd1cc27c78a3d50db325fb169923de4d94b,tcc-microservices-experiment-gateway-1,57.13,492411290,536870912,91.72,79,15.2MB / 20.1MB,30.9MB / 213kB
28,2026-09-10T10:11:07.404877+00:00,57,2026-09-10T10:11:07.031781+00:00,false,microservices,mysql,6f1f13f8fd4e5920674bf42b131bfa0eb7cafc9b969900c48c1ca0e8bee362eb,tcc-microservices-experiment-mysql-1,25.94,541589504,1073741824,50.44,40,17.5MB / 52MB,44.3MB / 124MB
28,2026-09-10T10:11:07.404877+00:00,57,2026-09-10T10:11:07.031781+00:00,false,microservices,order,e5186b55c1fcf5eaa87ab12349a2d9fb6aee46a28c659f24d93f72a691963b70,tcc-microservices-experiment-order-1,83.07,82596332,1073741824,7.69,3,62.1MB / 26.8MB,7.29MB / 77.8kB
28,2026-09-10T10:11:07.404877+00:00,57,2026-09-10T10:11:07.031781+00:00,false,microservices,product,bbf79d89e2c471933dfc0d526a87d0eba0fdd767f43dfef425e7d9f405c6bb7f,tcc-microservices-experiment-product-1,0.02,78758543,1073741824,7.34,3,416kB / 282kB,4.32MB / 81.9kB
29,2026-09-10T10:11:08.404906+00:00,59,2026-09-10T10:11:08.032561+00:00,false,microservices,auth,f780a7e85ad977fa9c934377c442b95c2d9be91fbc826434456f2f92aae32a67,tcc-microservices-experiment-auth-1,0.02,79198945,1073741824,7.38,3,45.2kB / 40.3kB,4.19MB / 65.5kB
29,2026-09-10T10:11:08.404906+00:00,59,2026-09-10T10:11:08.032561+00:00,false,microservices,gateway,e212eb445c558bdce72511bdbef9bdd1cc27c78a3d50db325fb169923de4d94b,tcc-microservices-experiment-gateway-1,53.17,492621005,536870912,91.76,79,15.5MB / 20.5MB,30.9MB / 213kB
29,2026-09-10T10:11:08.404906+00:00,59,2026-09-10T10:11:08.032561+00:00,false,microservices,mysql,6f1f13f8fd4e5920674bf42b131bfa0eb7cafc9b969900c48c1ca0e8bee362eb,tcc-microservices-experiment-mysql-1,21.91,540436070,1073741824,50.33,40,17.8MB / 52.9MB,44.3MB / 124MB
29,2026-09-10T10:11:08.404906+00:00,59,2026-09-10T10:11:08.032561+00:00,false,microservices,order,e5186b55c1fcf5eaa87ab12349a2d9fb6aee46a28c659f24d93f72a691963b70,tcc-microservices-experiment-order-1,83.31,82743132,1073741824,7.71,3,63.2MB / 27.2MB,7.29MB / 77.8kB
29,2026-09-10T10:11:08.404906+00:00,59,2026-09-10T10:11:08.032561+00:00,false,microservices,product,bbf79d89e2c471933dfc0d526a87d0eba0fdd767f43dfef425e7d9f405c6bb7f,tcc-microservices-experiment-product-1,0.02,78758543,1073741824,7.34,3,416kB / 282kB,4.32MB / 81.9kB
30,2026-09-10T10:11:09.404910+00:00,61,2026-09-10T10:11:09.032329+00:00,false,microservices,auth,f780a7e85ad977fa9c934377c442b95c2d9be91fbc826434456f2f92aae32a67,tcc-microservices-experiment-auth-1,0.02,79198945,1073741824,7.38,3,45.2kB / 40.3kB,4.19MB / 65.5kB
30,2026-09-10T10:11:09.404910+00:00,61,2026-09-10T10:11:09.032329+00:00,false,microservices,gateway,e212eb445c558bdce72511bdbef9bdd1cc27c78a3d50db325fb169923de4d94b,tcc-microservices-experiment-gateway-1,54.06,492725862,536870912,91.77,79,15.8MB / 20.9MB,30.9MB / 213kB
30,2026-09-10T10:11:09.404910+00:00,61,2026-09-10T10:11:09.032329+00:00,false,microservices,mysql,6f1f13f8fd4e5920674bf42b131bfa0eb7cafc9b969900c48c1ca0e8bee362eb,tcc-microservices-experiment-mysql-1,27.59,541379789,1073741824,50.42,40,18MB / 53.7MB,44.3MB / 124MB
30,2026-09-10T10:11:09.404910+00:00,61,2026-09-10T10:11:09.032329+00:00,false,microservices,order,e5186b55c1fcf5eaa87ab12349a2d9fb6aee46a28c659f24d93f72a691963b70,tcc-microservices-experiment-order-1,82.37,82344673,1073741824,7.67,3,64.3MB / 27.6MB,7.29MB / 77.8kB
30,2026-09-10T10:11:09.404910+00:00,61,2026-09-10T10:11:09.032329+00:00,false,microservices,product,bbf79d89e2c471933dfc0d526a87d0eba0fdd767f43dfef425e7d9f405c6bb7f,tcc-microservices-experiment-product-1,0.02,78758543,1073741824,7.34,3,416kB / 282kB,4.32MB / 81.9kB
31,2026-09-10T10:11:10.404899+00:00,63,2026-09-10T10:11:10.032562+00:00,false,microservices,auth,f780a7e85ad977fa9c934377c442b95c2d9be91fbc826434456f2f92aae32a67,tcc-microservices-experiment-auth-1,0.02,79198945,1073741824,7.38,3,45.2kB / 40.3kB,4.19MB / 65.5kB
31,2026-09-10T10:11:10.404899+00:00,63,2026-09-10T10:11:10.032562+00:00,false,microservices,gateway,e212eb445c558bdce72511bdbef9bdd1cc27c78a3d50db325fb169923de4d94b,tcc-microservices-experiment-gateway-1,33.91,492201574,536870912,91.69,79,16.1MB / 21.3MB,30.9MB / 213kB
31,2026-09-10T10:11:10.404899+00:00,63,2026-09-10T10:11:10.032562+00:00,false,microservices,mysql,6f1f13f8fd4e5920674bf42b131bfa0eb7cafc9b969900c48c1ca0e8bee362eb,tcc-microservices-experiment-mysql-1,21.81,540855501,1073741824,50.37,40,18.3MB / 54.6MB,44.3MB / 124MB
31,2026-09-10T10:11:10.404899+00:00,63,2026-09-10T10:11:10.032562+00:00,false,microservices,order,e5186b55c1fcf5eaa87ab12349a2d9fb6aee46a28c659f24d93f72a691963b70,tcc-microservices-experiment-order-1,82.09,83340820,1073741824,7.76,3,65.4MB / 28.1MB,7.29MB / 77.8kB
31,2026-09-10T10:11:10.404899+00:00,63,2026-09-10T10:11:10.032562+00:00,false,microservices,product,bbf79d89e2c471933dfc0d526a87d0eba0fdd767f43dfef425e7d9f405c6bb7f,tcc-microservices-experiment-product-1,0.02,78758543,1073741824,7.34,3,416kB / 282kB,4.32MB / 81.9kB
32,2026-09-10T10:11:11.404910+00:00,65,2026-09-10T10:11:11.032414+00:00,false,microservices,auth,f780a7e85ad977fa9c934377c442b95c2d9be91fbc826434456f2f92aae32a67,tcc-microservices-experiment-auth-1,0.02,79198945,1073741824,7.38,3,45.2kB / 40.3kB,4.19MB / 65.5kB
32,2026-09-10T10:11:11.404910+00:00,65,2026-09-10T10:11:11.032414+00:00,false,microservices,gateway,e212eb445c558bdce72511bdbef9bdd1cc27c78a3d50db325fb169923de4d94b,tcc-microservices-experiment-gateway-1,33.23,493879296,536870912,91.99,79,16.4MB / 21.6MB,30.9MB / 213kB
32,2026-09-10T10:11:11.404910+00:00,65,2026-09-10T10:11:11.032414+00:00,false,microservices,mysql,6f1f13f8fd4e5920674bf42b131bfa0eb7cafc9b969900c48c1ca0e8bee362eb,tcc-microservices-experiment-mysql-1,26.51,541589504,1073741824,50.44,40,18.5MB / 55.5MB,44.3MB / 124MB
32,2026-09-10T10:11:11.404910+00:00,65,2026-09-10T10:11:11.032414+00:00,false,microservices,order,e5186b55c1fcf5eaa87ab12349a2d9fb6aee46a28c659f24d93f72a691963b70,tcc-microservices-experiment-order-1,82.52,82596332,1073741824,7.69,3,66.5MB / 28.5MB,7.29MB / 77.8kB
32,2026-09-10T10:11:11.404910+00:00,65,2026-09-10T10:11:11.032414+00:00,false,microservices,product,bbf79d89e2c471933dfc0d526a87d0eba0fdd767f43dfef425e7d9f405c6bb7f,tcc-microservices-experiment-product-1,0.02,78758543,1073741824,7.34,3,416kB / 282kB,4.32MB / 81.9kB
33,2026-09-10T10:11:12.404894+00:00,67,2026-09-10T10:11:12.032508+00:00,false,microservices,auth,f780a7e85ad977fa9c934377c442b95c2d9be91fbc826434456f2f92aae32a67,tcc-microservices-experiment-auth-1,0.02,79198945,1073741824,7.38,3,45.2kB / 40.3kB,4.19MB / 65.5kB
33,2026-09-10T10:11:12.404894+00:00,67,2026-09-10T10:11:12.032508+00:00,false,microservices,gateway,e212eb445c558bdce72511bdbef9bdd1cc27c78a3d50db325fb169923de4d94b,tcc-microservices-experiment-gateway-1,34.77,491362714,536870912,91.53,79,16.7MB / 22MB,30.9MB / 213kB
33,2026-09-10T10:11:12.404894+00:00,67,2026-09-10T10:11:12.032508+00:00,false,microservices,mysql,6f1f13f8fd4e5920674bf42b131bfa0eb7cafc9b969900c48c1ca0e8bee362eb,tcc-microservices-experiment-mysql-1,22.03,540855501,1073741824,50.37,40,18.8MB / 56.4MB,44.3MB / 124MB
33,2026-09-10T10:11:12.404894+00:00,67,2026-09-10T10:11:12.032508+00:00,false,microservices,order,e5186b55c1fcf5eaa87ab12349a2d9fb6aee46a28c659f24d93f72a691963b70,tcc-microservices-experiment-order-1,83.58,82952847,1073741824,7.73,3,67.6MB / 28.9MB,7.29MB / 77.8kB
33,2026-09-10T10:11:12.404894+00:00,67,2026-09-10T10:11:12.032508+00:00,false,microservices,product,bbf79d89e2c471933dfc0d526a87d0eba0fdd767f43dfef425e7d9f405c6bb7f,tcc-microservices-experiment-product-1,0.02,78758543,1073741824,7.34,3,416kB / 282kB,4.32MB / 81.9kB
34,2026-09-10T10:11:13.404890+00:00,69,2026-09-10T10:11:13.032473+00:00,false,microservices,auth,f780a7e85ad977fa9c934377c442b95c2d9be91fbc826434456f2f92aae32a67,tcc-microservices-experiment-auth-1,0.02,79198945,1073741824,7.38,3,45.2kB / 40.3kB,4.19MB / 65.5kB
34,2026-09-10T10:11:13.404890+00:00,69,2026-09-10T10:11:13.032473+00:00,false,microservices,gateway,e212eb445c558bdce72511bdbef9bdd1cc27c78a3d50db325fb169923de4d94b,tcc-microservices-experiment-gateway-1,33.23,492935578,536870912,91.81,79,17MB / 22.4MB,30.9MB / 213kB
34,2026-09-10T10:11:13.404890+00:00,69,2026-09-10T10:11:13.032473+00:00,false,microservices,mysql,6f1f13f8fd4e5920674bf42b131bfa0eb7cafc9b969900c48c1ca0e8bee362eb,tcc-microservices-experiment-mysql-1,26.89,541589504,1073741824,50.44,40,19MB / 57.3MB,44.3MB / 124MB
34,2026-09-10T10:11:13.404890+00:00,69,2026-09-10T10:11:13.032473+00:00,false,microservices,order,e5186b55c1fcf5eaa87ab12349a2d9fb6aee46a28c659f24d93f72a691963b70,tcc-microservices-experiment-order-1,82.44,83634422,1073741824,7.79,3,68.6MB / 29.4MB,7.29MB / 77.8kB
34,2026-09-10T10:11:13.404890+00:00,69,2026-09-10T10:11:13.032473+00:00,false,microservices,product,bbf79d89e2c471933dfc0d526a87d0eba0fdd767f43dfef425e7d9f405c6bb7f,tcc-microservices-experiment-product-1,0.02,78758543,1073741824,7.34,3,416kB / 282kB,4.32MB / 81.9kB
35,2026-09-10T10:11:14.404889+00:00,71,2026-09-10T10:11:14.031893+00:00,false,microservices,auth,f780a7e85ad977fa9c934377c442b95c2d9be91fbc826434456f2f92aae32a67,tcc-microservices-experiment-auth-1,0.02,79198945,1073741824,7.38,3,45.2kB / 40.3kB,4.19MB / 65.5kB
35,2026-09-10T10:11:14.404889+00:00,71,2026-09-10T10:11:14.031893+00:00,false,microservices,gateway,e212eb445c558bdce72511bdbef9bdd1cc27c78a3d50db325fb169923de4d94b,tcc-microservices-experiment-gateway-1,34.38,492621005,536870912,91.76,79,17.3MB / 22.8MB,30.9MB / 213kB
35,2026-09-10T10:11:14.404889+00:00,71,2026-09-10T10:11:14.031893+00:00,false,microservices,mysql,6f1f13f8fd4e5920674bf42b131bfa0eb7cafc9b969900c48c1ca0e8bee362eb,tcc-microservices-experiment-mysql-1,22.67,540645786,1073741824,50.35,40,19.3MB / 58.2MB,44.3MB / 124MB
35,2026-09-10T10:11:14.404889+00:00,71,2026-09-10T10:11:14.031893+00:00,false,microservices,order,e5186b55c1fcf5eaa87ab12349a2d9fb6aee46a28c659f24d93f72a691963b70,tcc-microservices-experiment-order-1,82.05,82795561,1073741824,7.71,3,69.8MB / 29.8MB,7.29MB / 77.8kB
35,2026-09-10T10:11:14.404889+00:00,71,2026-09-10T10:11:14.031893+00:00,false,microservices,product,bbf79d89e2c471933dfc0d526a87d0eba0fdd767f43dfef425e7d9f405c6bb7f,tcc-microservices-experiment-product-1,0.02,78758543,1073741824,7.34,3,416kB / 282kB,4.32MB / 81.9kB
36,2026-09-10T10:11:15.404913+00:00,73,2026-09-10T10:11:15.032384+00:00,false,microservices,auth,f780a7e85ad977fa9c934377c442b95c2d9be91fbc826434456f2f92aae32a67,tcc-microservices-experiment-auth-1,0.02,79198945,1073741824,7.38,3,45.2kB / 40.3kB,4.19MB / 65.5kB
36,2026-09-10T10:11:15.404913+00:00,73,2026-09-10T10:11:15.032384+00:00,false,microservices,gateway,e212eb445c558bdce72511bdbef9bdd1cc27c78a3d50db325fb169923de4d94b,tcc-microservices-experiment-gateway-1,87.48,492621005,536870912,91.76,79,17.6MB / 23.2MB,30.9MB / 213kB
36,2026-09-10T10:11:15.404913+00:00,73,2026-09-10T10:11:15.032384+00:00,false,microservices,mysql,6f1f13f8fd4e5920674bf42b131bfa0eb7cafc9b969900c48c1ca0e8bee362eb,tcc-microservices-experiment-mysql-1,26.41,545888666,1073741824,50.84,41,19.5MB / 59.1MB,44.3MB / 124MB
36,2026-09-10T10:11:15.404913+00:00,73,2026-09-10T10:11:15.032384+00:00,false,microservices,order,e5186b55c1fcf5eaa87ab12349a2d9fb6aee46a28c659f24d93f72a691963b70,tcc-microservices-experiment-order-1,81.13,82795561,1073741824,7.71,3,70.9MB / 30.2MB,7.29MB / 77.8kB
36,2026-09-10T10:11:15.404913+00:00,73,2026-09-10T10:11:15.032384+00:00,false,microservices,product,bbf79d89e2c471933dfc0d526a87d0eba0fdd767f43dfef425e7d9f405c6bb7f,tcc-microservices-experiment-product-1,0.02,78758543,1073741824,7.34,3,416kB / 282kB,4.32MB / 81.9kB
37,2026-09-10T10:11:16.404905+00:00,75,2026-09-10T10:11:16.032146+00:00,false,microservices,auth,f780a7e85ad977fa9c934377c442b95c2d9be91fbc826434456f2f92aae32a67,tcc-microservices-experiment-auth-1,0.02,79198945,1073741824,7.38,3,45.2kB / 40.3kB,4.19MB / 65.5kB
37,2026-09-10T10:11:16.404905+00:00,75,2026-09-10T10:11:16.032146+00:00,false,microservices,gateway,e212eb445c558bdce72511bdbef9bdd1cc27c78a3d50db325fb169923de4d94b,tcc-microservices-experiment-gateway-1,59.48,492411290,536870912,91.73,79,17.9MB / 23.6MB,30.9MB / 229kB
37,2026-09-10T10:11:16.404905+00:00,75,2026-09-10T10:11:16.032146+00:00,false,microservices,mysql,6f1f13f8fd4e5920674bf42b131bfa0eb7cafc9b969900c48c1ca0e8bee362eb,tcc-microservices-experiment-mysql-1,24.04,540855501,1073741824,50.37,40,19.8MB / 60MB,44.3MB / 124MB
37,2026-09-10T10:11:16.404905+00:00,75,2026-09-10T10:11:16.032146+00:00,false,microservices,order,e5186b55c1fcf5eaa87ab12349a2d9fb6aee46a28c659f24d93f72a691963b70,tcc-microservices-experiment-order-1,82.87,83194020,1073741824,7.75,3,72MB / 30.7MB,7.29MB / 77.8kB
37,2026-09-10T10:11:16.404905+00:00,75,2026-09-10T10:11:16.032146+00:00,false,microservices,product,bbf79d89e2c471933dfc0d526a87d0eba0fdd767f43dfef425e7d9f405c6bb7f,tcc-microservices-experiment-product-1,0.02,78758543,1073741824,7.34,3,416kB / 282kB,4.32MB / 81.9kB
38,2026-09-10T10:11:17.404903+00:00,77,2026-09-10T10:11:17.032551+00:00,false,microservices,auth,f780a7e85ad977fa9c934377c442b95c2d9be91fbc826434456f2f92aae32a67,tcc-microservices-experiment-auth-1,0.02,79198945,1073741824,7.38,3,45.2kB / 40.3kB,4.19MB / 65.5kB
38,2026-09-10T10:11:17.404903+00:00,77,2026-09-10T10:11:17.032551+00:00,false,microservices,gateway,e212eb445c558bdce72511bdbef9bdd1cc27c78a3d50db325fb169923de4d94b,tcc-microservices-experiment-gateway-1,46.99,492621005,536870912,91.76,79,18.1MB / 24MB,30.9MB / 229kB
38,2026-09-10T10:11:17.404903+00:00,77,2026-09-10T10:11:17.032551+00:00,false,microservices,mysql,6f1f13f8fd4e5920674bf42b131bfa0eb7cafc9b969900c48c1ca0e8bee362eb,tcc-microservices-experiment-mysql-1,22.69,540645786,1073741824,50.35,40,20MB / 60.9MB,44.3MB / 124MB
38,2026-09-10T10:11:17.404903+00:00,77,2026-09-10T10:11:17.032551+00:00,false,microservices,order,e5186b55c1fcf5eaa87ab12349a2d9fb6aee46a28c659f24d93f72a691963b70,tcc-microservices-experiment-order-1,82.67,82973819,1073741824,7.73,3,73.1MB / 31.1MB,7.29MB / 77.8kB
38,2026-09-10T10:11:17.404903+00:00,77,2026-09-10T10:11:17.032551+00:00,false,microservices,product,bbf79d89e2c471933dfc0d526a87d0eba0fdd767f43dfef425e7d9f405c6bb7f,tcc-microservices-experiment-product-1,0.02,78758543,1073741824,7.34,3,416kB / 282kB,4.32MB / 81.9kB
39,2026-09-10T10:11:18.404880+00:00,79,2026-09-10T10:11:18.032382+00:00,false,microservices,auth,f780a7e85ad977fa9c934377c442b95c2d9be91fbc826434456f2f92aae32a67,tcc-microservices-experiment-auth-1,0.02,79198945,1073741824,7.38,3,45.2kB / 40.3kB,4.19MB / 65.5kB
39,2026-09-10T10:11:18.404880+00:00,79,2026-09-10T10:11:18.032382+00:00,false,microservices,gateway,e212eb445c558bdce72511bdbef9bdd1cc27c78a3d50db325fb169923de4d94b,tcc-microservices-experiment-gateway-1,31.44,493040435,536870912,91.83,79,18.4MB / 24.3MB,30.9MB / 229kB
39,2026-09-10T10:11:18.404880+00:00,79,2026-09-10T10:11:18.032382+00:00,false,microservices,mysql,6f1f13f8fd4e5920674bf42b131bfa0eb7cafc9b969900c48c1ca0e8bee362eb,tcc-microservices-experiment-mysql-1,26.42,540540928,1073741824,50.35,40,20.3MB / 61.8MB,44.3MB / 124MB
39,2026-09-10T10:11:18.404880+00:00,79,2026-09-10T10:11:18.032382+00:00,false,microservices,order,e5186b55c1fcf5eaa87ab12349a2d9fb6aee46a28c659f24d93f72a691963b70,tcc-microservices-experiment-order-1,82.96,82648760,1073741824,7.7,3,74.2MB / 31.6MB,7.29MB / 77.8kB
39,2026-09-10T10:11:18.404880+00:00,79,2026-09-10T10:11:18.032382+00:00,false,microservices,product,bbf79d89e2c471933dfc0d526a87d0eba0fdd767f43dfef425e7d9f405c6bb7f,tcc-microservices-experiment-product-1,0.02,78758543,1073741824,7.34,3,416kB / 282kB,4.32MB / 81.9kB
40,2026-09-10T10:11:19.404901+00:00,81,2026-09-10T10:11:19.032324+00:00,false,microservices,auth,f780a7e85ad977fa9c934377c442b95c2d9be91fbc826434456f2f92aae32a67,tcc-microservices-experiment-auth-1,0.02,79198945,1073741824,7.38,3,45.2kB / 40.3kB,4.19MB / 65.5kB
40,2026-09-10T10:11:19.404901+00:00,81,2026-09-10T10:11:19.032324+00:00,false,microservices,gateway,e212eb445c558bdce72511bdbef9bdd1cc27c78a3d50db325fb169923de4d94b,tcc-microservices-experiment-gateway-1,33.93,481925530,536870912,89.77,79,18.7MB / 24.7MB,30.9MB / 229kB
40,2026-09-10T10:11:19.404901+00:00,81,2026-09-10T10:11:19.032324+00:00,false,microservices,mysql,6f1f13f8fd4e5920674bf42b131bfa0eb7cafc9b969900c48c1ca0e8bee362eb,tcc-microservices-experiment-mysql-1,23.1,540226355,1073741824,50.31,40,20.6MB / 62.7MB,44.3MB / 124MB
40,2026-09-10T10:11:19.404901+00:00,81,2026-09-10T10:11:19.032324+00:00,false,microservices,order,e5186b55c1fcf5eaa87ab12349a2d9fb6aee46a28c659f24d93f72a691963b70,tcc-microservices-experiment-order-1,82.01,82690703,1073741824,7.7,3,75.3MB / 32MB,7.29MB / 77.8kB
40,2026-09-10T10:11:19.404901+00:00,81,2026-09-10T10:11:19.032324+00:00,false,microservices,product,bbf79d89e2c471933dfc0d526a87d0eba0fdd767f43dfef425e7d9f405c6bb7f,tcc-microservices-experiment-product-1,0.02,78601257,1073741824,7.32,3,416kB / 282kB,4.32MB / 81.9kB
41,2026-09-10T10:11:20.404904+00:00,83,2026-09-10T10:11:20.032874+00:00,false,microservices,auth,f780a7e85ad977fa9c934377c442b95c2d9be91fbc826434456f2f92aae32a67,tcc-microservices-experiment-auth-1,0.02,79198945,1073741824,7.38,3,45.2kB / 40.3kB,4.19MB / 65.5kB
41,2026-09-10T10:11:20.404904+00:00,83,2026-09-10T10:11:20.032874+00:00,false,microservices,gateway,e212eb445c558bdce72511bdbef9bdd1cc27c78a3d50db325fb169923de4d94b,tcc-microservices-experiment-gateway-1,32.04,481715814,536870912,89.72,79,19MB / 25.1MB,30.9MB / 229kB
41,2026-09-10T10:11:20.404904+00:00,83,2026-09-10T10:11:20.032874+00:00,false,microservices,mysql,6f1f13f8fd4e5920674bf42b131bfa0eb7cafc9b969900c48c1ca0e8bee362eb,tcc-microservices-experiment-mysql-1,26.27,543581798,1073741824,50.62,40,20.8MB / 63.5MB,46.1MB / 124MB
41,2026-09-10T10:11:20.404904+00:00,83,2026-09-10T10:11:20.032874+00:00,false,microservices,order,e5186b55c1fcf5eaa87ab12349a2d9fb6aee46a28c659f24d93f72a691963b70,tcc-microservices-experiment-order-1,83.04,83110134,1073741824,7.74,3,76.4MB / 32.4MB,7.29MB / 77.8kB
41,2026-09-10T10:11:20.404904+00:00,83,2026-09-10T10:11:20.032874+00:00,false,microservices,product,bbf79d89e2c471933dfc0d526a87d0eba0fdd767f43dfef425e7d9f405c6bb7f,tcc-microservices-experiment-product-1,0.02,78601257,1073741824,7.32,3,416kB / 282kB,4.32MB / 81.9kB
42,2026-09-10T10:11:21.404903+00:00,85,2026-09-10T10:11:21.031999+00:00,false,microservices,auth,f780a7e85ad977fa9c934377c442b95c2d9be91fbc826434456f2f92aae32a67,tcc-microservices-experiment-auth-1,0.02,79198945,1073741824,7.38,3,45.2kB / 40.3kB,4.19MB / 65.5kB
42,2026-09-10T10:11:21.404903+00:00,85,2026-09-10T10:11:21.031999+00:00,false,microservices,gateway,e212eb445c558bdce72511bdbef9bdd1cc27c78a3d50db325fb169923de4d94b,tcc-microservices-experiment-gateway-1,32.16,482659533,536870912,89.9,79,19.3MB / 25.5MB,30.9MB / 229kB
42,2026-09-10T10:11:21.404903+00:00,85,2026-09-10T10:11:21.031999+00:00,false,microservices,mysql,6f1f13f8fd4e5920674bf42b131bfa0eb7cafc9b969900c48c1ca0e8bee362eb,tcc-microservices-experiment-mysql-1,23.29,542952653,1073741824,50.56,40,21.1MB / 64.4MB,46.1MB / 124MB
42,2026-09-10T10:11:21.404903+00:00,85,2026-09-10T10:11:21.031999+00:00,false,microservices,order,e5186b55c1fcf5eaa87ab12349a2d9fb6aee46a28c659f24d93f72a691963b70,tcc-microservices-experiment-order-1,81.59,82701189,1073741824,7.7,3,77.4MB / 32.9MB,7.29MB / 77.8kB
42,2026-09-10T10:11:21.404903+00:00,85,2026-09-10T10:11:21.031999+00:00,false,microservices,product,bbf79d89e2c471933dfc0d526a87d0eba0fdd767f43dfef425e7d9f405c6bb7f,tcc-microservices-experiment-product-1,0.02,78601257,1073741824,7.32,3,416kB / 282kB,4.32MB / 81.9kB
43,2026-09-10T10:11:22.404894+00:00,87,2026-09-10T10:11:22.031769+00:00,false,microservices,auth,f780a7e85ad977fa9c934377c442b95c2d9be91fbc826434456f2f92aae32a67,tcc-microservices-experiment-auth-1,0.02,79198945,1073741824,7.38,3,45.2kB / 40.3kB,4.19MB / 65.5kB
43,2026-09-10T10:11:22.404894+00:00,87,2026-09-10T10:11:22.031769+00:00,false,microservices,gateway,e212eb445c558bdce72511bdbef9bdd1cc27c78a3d50db325fb169923de4d94b,tcc-microservices-experiment-gateway-1,33.35,481296384,536870912,89.64,79,19.6MB / 25.9MB,30.9MB / 229kB
43,2026-09-10T10:11:22.404894+00:00,87,2026-09-10T10:11:22.031769+00:00,false,microservices,mysql,6f1f13f8fd4e5920674bf42b131bfa0eb7cafc9b969900c48c1ca0e8bee362eb,tcc-microservices-experiment-mysql-1,26.51,542742938,1073741824,50.55,40,21.3MB / 65.3MB,46.1MB / 124MB
43,2026-09-10T10:11:22.404894+00:00,87,2026-09-10T10:11:22.031769+00:00,false,microservices,order,e5186b55c1fcf5eaa87ab12349a2d9fb6aee46a28c659f24d93f72a691963b70,tcc-microservices-experiment-order-1,82.55,82606817,1073741824,7.69,3,78.6MB / 33.3MB,7.29MB / 77.8kB
43,2026-09-10T10:11:22.404894+00:00,87,2026-09-10T10:11:22.031769+00:00,false,microservices,product,bbf79d89e2c471933dfc0d526a87d0eba0fdd767f43dfef425e7d9f405c6bb7f,tcc-microservices-experiment-product-1,0.02,78601257,1073741824,7.32,3,416kB / 282kB,4.32MB / 81.9kB
44,2026-09-10T10:11:23.404914+00:00,89,2026-09-10T10:11:23.031604+00:00,false,microservices,auth,f780a7e85ad977fa9c934377c442b95c2d9be91fbc826434456f2f92aae32a67,tcc-microservices-experiment-auth-1,0.01,79198945,1073741824,7.38,3,45.2kB / 40.3kB,4.19MB / 65.5kB
44,2026-09-10T10:11:23.404914+00:00,89,2026-09-10T10:11:23.031604+00:00,false,microservices,gateway,e212eb445c558bdce72511bdbef9bdd1cc27c78a3d50db325fb169923de4d94b,tcc-microservices-experiment-gateway-1,38.94,481715814,536870912,89.74,79,19.9MB / 26.3MB,30.9MB / 229kB
44,2026-09-10T10:11:23.404914+00:00,89,2026-09-10T10:11:23.031604+00:00,false,microservices,mysql,6f1f13f8fd4e5920674bf42b131bfa0eb7cafc9b969900c48c1ca0e8bee362eb,tcc-microservices-experiment-mysql-1,22.72,542428365,1073741824,50.52,40,21.6MB / 66.2MB,46.1MB / 124MB
44,2026-09-10T10:11:23.404914+00:00,89,2026-09-10T10:11:23.031604+00:00,false,microservices,order,e5186b55c1fcf5eaa87ab12349a2d9fb6aee46a28c659f24d93f72a691963b70,tcc-microservices-experiment-order-1,81.99,82606817,1073741824,7.69,3,79.7MB / 33.7MB,7.29MB / 77.8kB
44,2026-09-10T10:11:23.404914+00:00,89,2026-09-10T10:11:23.031604+00:00,false,microservices,product,bbf79d89e2c471933dfc0d526a87d0eba0fdd767f43dfef425e7d9f405c6bb7f,tcc-microservices-experiment-product-1,0.02,78601257,1073741824,7.32,3,416kB / 282kB,4.32MB / 81.9kB
45,2026-09-10T10:11:24.404882+00:00,91,2026-09-10T10:11:24.032051+00:00,false,microservices,auth,f780a7e85ad977fa9c934377c442b95c2d9be91fbc826434456f2f92aae32a67,tcc-microservices-experiment-auth-1,0.01,79198945,1073741824,7.38,3,45.2kB / 40.3kB,4.19MB / 65.5kB
45,2026-09-10T10:11:24.404882+00:00,91,2026-09-10T10:11:24.032051+00:00,false,microservices,gateway,e212eb445c558bdce72511bdbef9bdd1cc27c78a3d50db325fb169923de4d94b,tcc-microservices-experiment-gateway-1,67.68,482240102,536870912,89.82,79,20.2MB / 26.7MB,30.9MB / 229kB
45,2026-09-10T10:11:24.404882+00:00,91,2026-09-10T10:11:24.032051+00:00,false,microservices,mysql,6f1f13f8fd4e5920674bf42b131bfa0eb7cafc9b969900c48c1ca0e8bee362eb,tcc-microservices-experiment-mysql-1,27.41,543267226,1073741824,50.59,40,21.8MB / 67.1MB,46.1MB / 124MB
45,2026-09-10T10:11:24.404882+00:00,91,2026-09-10T10:11:24.032051+00:00,false,microservices,order,e5186b55c1fcf5eaa87ab12349a2d9fb6aee46a28c659f24d93f72a691963b70,tcc-microservices-experiment-order-1,82.46,82973819,1073741824,7.73,3,80.8MB / 34.2MB,7.29MB / 77.8kB
45,2026-09-10T10:11:24.404882+00:00,91,2026-09-10T10:11:24.032051+00:00,false,microservices,product,bbf79d89e2c471933dfc0d526a87d0eba0fdd767f43dfef425e7d9f405c6bb7f,tcc-microservices-experiment-product-1,0.02,78601257,1073741824,7.32,3,416kB / 282kB,4.32MB / 81.9kB
46,2026-09-10T10:11:25.404890+00:00,93,2026-09-10T10:11:25.032407+00:00,false,microservices,auth,f780a7e85ad977fa9c934377c442b95c2d9be91fbc826434456f2f92aae32a67,tcc-microservices-experiment-auth-1,0.02,79198945,1073741824,7.38,3,45.2kB / 40.3kB,4.19MB / 65.5kB
46,2026-09-10T10:11:25.404890+00:00,93,2026-09-10T10:11:25.032407+00:00,false,microservices,gateway,e212eb445c558bdce72511bdbef9bdd1cc27c78a3d50db325fb169923de4d94b,tcc-microservices-experiment-gateway-1,32.77,482344960,536870912,89.84,79,20.5MB / 27.1MB,30.9MB / 229kB
46,2026-09-10T10:11:25.404890+00:00,93,2026-09-10T10:11:25.032407+00:00,false,microservices,mysql,6f1f13f8fd4e5920674bf42b131bfa0eb7cafc9b969900c48c1ca0e8bee362eb,tcc-microservices-experiment-mysql-1,22.62,542428365,1073741824,50.52,40,22.1MB / 68MB,46.1MB / 124MB
46,2026-09-10T10:11:25.404890+00:00,93,2026-09-10T10:11:25.032407+00:00,false,microservices,order,e5186b55c1fcf5eaa87ab12349a2d9fb6aee46a28c659f24d93f72a691963b70,tcc-microservices-experiment-order-1,82.2,82512445,1073741824,7.68,3,81.9MB / 34.6MB,7.29MB / 77.8kB
46,2026-09-10T10:11:25.404890+00:00,93,2026-09-10T10:11:25.032407+00:00,false,microservices,product,bbf79d89e2c471933dfc0d526a87d0eba0fdd767f43dfef425e7d9f405c6bb7f,tcc-microservices-experiment-product-1,0.02,78601257,1073741824,7.32,3,416kB / 282kB,4.32MB / 81.9kB
47,2026-09-10T10:11:26.404884+00:00,95,2026-09-10T10:11:26.031987+00:00,false,microservices,auth,f780a7e85ad977fa9c934377c442b95c2d9be91fbc826434456f2f92aae32a67,tcc-microservices-experiment-auth-1,0.01,79198945,1073741824,7.38,3,45.2kB / 40.3kB,4.19MB / 65.5kB
47,2026-09-10T10:11:26.404884+00:00,95,2026-09-10T10:11:26.031987+00:00,false,microservices,gateway,e212eb445c558bdce72511bdbef9bdd1cc27c78a3d50db325fb169923de4d94b,tcc-microservices-experiment-gateway-1,31.63,482344960,536870912,89.84,79,20.8MB / 27.5MB,30.9MB / 229kB
47,2026-09-10T10:11:26.404884+00:00,95,2026-09-10T10:11:26.031987+00:00,false,microservices,mysql,6f1f13f8fd4e5920674bf42b131bfa0eb7cafc9b969900c48c1ca0e8bee362eb,tcc-microservices-experiment-mysql-1,26.96,542638080,1073741824,50.54,40,22.3MB / 68.9MB,46.1MB / 124MB
47,2026-09-10T10:11:26.404884+00:00,95,2026-09-10T10:11:26.031987+00:00,false,microservices,order,e5186b55c1fcf5eaa87ab12349a2d9fb6aee46a28c659f24d93f72a691963b70,tcc-microservices-experiment-order-1,82.17,81967186,1073741824,7.63,3,83MB / 35.1MB,7.29MB / 77.8kB
47,2026-09-10T10:11:26.404884+00:00,95,2026-09-10T10:11:26.031987+00:00,false,microservices,product,bbf79d89e2c471933dfc0d526a87d0eba0fdd767f43dfef425e7d9f405c6bb7f,tcc-microservices-experiment-product-1,0.02,78601257,1073741824,7.32,3,416kB / 282kB,4.32MB / 81.9kB
48,2026-09-10T10:11:27.404877+00:00,97,2026-09-10T10:11:27.031528+00:00,false,microservices,auth,f780a7e85ad977fa9c934377c442b95c2d9be91fbc826434456f2f92aae32a67,tcc-microservices-experiment-auth-1,0.02,79198945,1073741824,7.38,3,45.2kB / 40.3kB,4.19MB / 65.5kB
48,2026-09-10T10:11:27.404877+00:00,97,2026-09-10T10:11:27.031528+00:00,false,microservices,gateway,e212eb445c558bdce72511bdbef9bdd1cc27c78a3d50db325fb169923de4d94b,tcc-microservices-experiment-gateway-1,31.47,482869248,536870912,89.95,79,21.1MB / 27.8MB,30.9MB / 229kB
48,2026-09-10T10:11:27.404877+00:00,97,2026-09-10T10:11:27.031528+00:00,false,microservices,mysql,6f1f13f8fd4e5920674bf42b131bfa0eb7cafc9b969900c48c1ca0e8bee362eb,tcc-microservices-experiment-mysql-1,23.29,542428365,1073741824,50.52,40,22.6MB / 69.8MB,46.1MB / 124MB
48,2026-09-10T10:11:27.404877+00:00,97,2026-09-10T10:11:27.031528+00:00,false,microservices,order,e5186b55c1fcf5eaa87ab12349a2d9fb6aee46a28c659f24d93f72a691963b70,tcc-microservices-experiment-order-1,81.78,82397102,1073741824,7.67,3,84.1MB / 35.5MB,7.29MB / 77.8kB
48,2026-09-10T10:11:27.404877+00:00,97,2026-09-10T10:11:27.031528+00:00,false,microservices,product,bbf79d89e2c471933dfc0d526a87d0eba0fdd767f43dfef425e7d9f405c6bb7f,tcc-microservices-experiment-product-1,0.02,78601257,1073741824,7.32,3,416kB / 282kB,4.32MB / 81.9kB
49,2026-09-10T10:11:28.404898+00:00,99,2026-09-10T10:11:28.032016+00:00,false,microservices,auth,f780a7e85ad977fa9c934377c442b95c2d9be91fbc826434456f2f92aae32a67,tcc-microservices-experiment-auth-1,0.02,79052145,1073741824,7.36,3,45.2kB / 40.3kB,4.19MB / 65.5kB
49,2026-09-10T10:11:28.404898+00:00,99,2026-09-10T10:11:28.032016+00:00,false,microservices,gateway,e212eb445c558bdce72511bdbef9bdd1cc27c78a3d50db325fb169923de4d94b,tcc-microservices-experiment-gateway-1,29.46,457493709,536870912,85.21,79,21.4MB / 28.2MB,31MB / 24.5MB
49,2026-09-10T10:11:28.404898+00:00,99,2026-09-10T10:11:28.032016+00:00,false,microservices,mysql,6f1f13f8fd4e5920674bf42b131bfa0eb7cafc9b969900c48c1ca0e8bee362eb,tcc-microservices-experiment-mysql-1,26.78,483393536,1073741824,45.02,40,22.8MB / 70.7MB,46.1MB / 154MB
49,2026-09-10T10:11:28.404898+00:00,99,2026-09-10T10:11:28.032016+00:00,false,microservices,order,e5186b55c1fcf5eaa87ab12349a2d9fb6aee46a28c659f24d93f72a691963b70,tcc-microservices-experiment-order-1,87.33,73704407,1073741824,6.86,3,85.2MB / 35.9MB,7.29MB / 9.01MB
49,2026-09-10T10:11:28.404898+00:00,99,2026-09-10T10:11:28.032016+00:00,false,microservices,product,bbf79d89e2c471933dfc0d526a87d0eba0fdd767f43dfef425e7d9f405c6bb7f,tcc-microservices-experiment-product-1,0.02,78601257,1073741824,7.32,3,416kB / 282kB,4.32MB / 81.9kB
50,2026-09-10T10:11:29.404901+00:00,101,2026-09-10T10:11:29.032219+00:00,false,microservices,auth,f780a7e85ad977fa9c934377c442b95c2d9be91fbc826434456f2f92aae32a67,tcc-microservices-experiment-auth-1,0.02,79052145,1073741824,7.36,3,45.2kB / 40.3kB,4.19MB / 65.5kB
50,2026-09-10T10:11:29.404901+00:00,101,2026-09-10T10:11:29.032219+00:00,false,microservices,gateway,e212eb445c558bdce72511bdbef9bdd1cc27c78a3d50db325fb169923de4d94b,tcc-microservices-experiment-gateway-1,31.49,457388851,536870912,85.2,79,21.7MB / 28.6MB,31MB / 24.5MB
50,2026-09-10T10:11:29.404901+00:00,101,2026-09-10T10:11:29.032219+00:00,false,microservices,mysql,6f1f13f8fd4e5920674bf42b131bfa0eb7cafc9b969900c48c1ca0e8bee362eb,tcc-microservices-experiment-mysql-1,23.65,483183821,1073741824,45.0,40,23.1MB / 71.6MB,46.1MB / 154MB
50,2026-09-10T10:11:29.404901+00:00,101,2026-09-10T10:11:29.032219+00:00,false,microservices,order,e5186b55c1fcf5eaa87ab12349a2d9fb6aee46a28c659f24d93f72a691963b70,tcc-microservices-experiment-order-1,81.34,73578578,1073741824,6.85,3,86.3MB / 36.4MB,7.29MB / 9.01MB
50,2026-09-10T10:11:29.404901+00:00,101,2026-09-10T10:11:29.032219+00:00,false,microservices,product,bbf79d89e2c471933dfc0d526a87d0eba0fdd767f43dfef425e7d9f405c6bb7f,tcc-microservices-experiment-product-1,0.02,78601257,1073741824,7.32,3,416kB / 282kB,4.32MB / 81.9kB
51,2026-09-10T10:11:30.404890+00:00,103,2026-09-10T10:11:30.031897+00:00,false,microservices,auth,f780a7e85ad977fa9c934377c442b95c2d9be91fbc826434456f2f92aae32a67,tcc-microservices-experiment-auth-1,0.02,79198945,1073741824,7.38,3,45.2kB / 40.3kB,4.19MB / 65.5kB
51,2026-09-10T10:11:30.404890+00:00,103,2026-09-10T10:11:30.031897+00:00,false,microservices,gateway,e212eb445c558bdce72511bdbef9bdd1cc27c78a3d50db325fb169923de4d94b,tcc-microservices-experiment-gateway-1,31.46,457283994,536870912,85.17,79,22MB / 29MB,31MB / 24.5MB
51,2026-09-10T10:11:30.404890+00:00,103,2026-09-10T10:11:30.031897+00:00,false,microservices,mysql,6f1f13f8fd4e5920674bf42b131bfa0eb7cafc9b969900c48c1ca0e8bee362eb,tcc-microservices-experiment-mysql-1,26.98,484022682,1073741824,45.07,40,23.3MB / 72.5MB,46.2MB / 154MB
51,2026-09-10T10:11:30.404890+00:00,103,2026-09-10T10:11:30.031897+00:00,false,microservices,order,e5186b55c1fcf5eaa87ab12349a2d9fb6aee46a28c659f24d93f72a691963b70,tcc-microservices-experiment-order-1,82.04,72876032,1073741824,6.79,3,87.3MB / 36.8MB,7.29MB / 9.01MB
51,2026-09-10T10:11:30.404890+00:00,103,2026-09-10T10:11:30.031897+00:00,false,microservices,product,bbf79d89e2c471933dfc0d526a87d0eba0fdd767f43dfef425e7d9f405c6bb7f,tcc-microservices-experiment-product-1,0.02,78601257,1073741824,7.32,3,416kB / 282kB,4.32MB / 81.9kB
52,2026-09-10T10:11:31.404890+00:00,105,2026-09-10T10:11:31.031517+00:00,false,microservices,auth,f780a7e85ad977fa9c934377c442b95c2d9be91fbc826434456f2f92aae32a67,tcc-microservices-experiment-auth-1,0.01,79198945,1073741824,7.38,3,45.3kB / 40.3kB,4.19MB / 65.5kB
52,2026-09-10T10:11:31.404890+00:00,105,2026-09-10T10:11:31.031517+00:00,false,microservices,gateway,e212eb445c558bdce72511bdbef9bdd1cc27c78a3d50db325fb169923de4d94b,tcc-microservices-experiment-gateway-1,71.54,459590861,536870912,85.61,79,22.3MB / 29.4MB,32.2MB / 24.5MB
52,2026-09-10T10:11:31.404890+00:00,105,2026-09-10T10:11:31.031517+00:00,false,microservices,mysql,6f1f13f8fd4e5920674bf42b131bfa0eb7cafc9b969900c48c1ca0e8bee362eb,tcc-microservices-experiment-mysql-1,23.52,483708109,1073741824,45.05,40,23.6MB / 73.4MB,46.2MB / 154MB
52,2026-09-10T10:11:31.404890+00:00,105,2026-09-10T10:11:31.031517+00:00,false,microservices,order,e5186b55c1fcf5eaa87ab12349a2d9fb6aee46a28c659f24d93f72a691963b70,tcc-microservices-experiment-order-1,81.25,74134323,1073741824,6.9,3,88.5MB / 37.2MB,7.29MB / 9.01MB
52,2026-09-10T10:11:31.404890+00:00,105,2026-09-10T10:11:31.031517+00:00,false,microservices,product,bbf79d89e2c471933dfc0d526a87d0eba0fdd767f43dfef425e7d9f405c6bb7f,tcc-microservices-experiment-product-1,0.02,78601257,1073741824,7.32,3,416kB / 282kB,4.32MB / 81.9kB
53,2026-09-10T10:11:32.404909+00:00,107,2026-09-10T10:11:32.032341+00:00,false,microservices,auth,f780a7e85ad977fa9c934377c442b95c2d9be91fbc826434456f2f92aae32a67,tcc-microservices-experiment-auth-1,0.02,79198945,1073741824,7.38,3,45.3kB / 40.3kB,4.19MB / 65.5kB
53,2026-09-10T10:11:32.404909+00:00,107,2026-09-10T10:11:32.032341+00:00,false,microservices,gateway,e212eb445c558bdce72511bdbef9bdd1cc27c78a3d50db325fb169923de4d94b,tcc-microservices-experiment-gateway-1,31.76,459276288,536870912,85.54,79,22.5MB / 29.8MB,32.2MB / 24.5MB
53,2026-09-10T10:11:32.404909+00:00,107,2026-09-10T10:11:32.032341+00:00,false,microservices,mysql,6f1f13f8fd4e5920674bf42b131bfa0eb7cafc9b969900c48c1ca0e8bee362eb,tcc-microservices-experiment-mysql-1,26.78,483603251,1073741824,45.04,40,23.8MB / 74.3MB,46.2MB / 154MB
53,2026-09-10T10:11:32.404909+00:00,107,2026-09-10T10:11:32.032341+00:00,false,microservices,order,e5186b55c1fcf5eaa87ab12349a2d9fb6aee46a28c659f24d93f72a691963b70,tcc-microservices-experiment-order-1,82.28,73840722,1073741824,6.88,3,89.6MB / 37.7MB,7.29MB / 9.01MB
53,2026-09-10T10:11:32.404909+00:00,107,2026-09-10T10:11:32.032341+00:00,false,microservices,product,bbf79d89e2c471933dfc0d526a87d0eba0fdd767f43dfef425e7d9f405c6bb7f,tcc-microservices-experiment-product-1,0.02,78601257,1073741824,7.32,3,416kB / 282kB,4.32MB / 81.9kB
54,2026-09-10T10:11:33.404900+00:00,109,2026-09-10T10:11:33.031653+00:00,false,microservices,auth,f780a7e85ad977fa9c934377c442b95c2d9be91fbc826434456f2f92aae32a67,tcc-microservices-experiment-auth-1,0.01,79198945,1073741824,7.38,3,45.4kB / 40.3kB,4.19MB / 65.5kB
54,2026-09-10T10:11:33.404900+00:00,109,2026-09-10T10:11:33.031653+00:00,false,microservices,gateway,e212eb445c558bdce72511bdbef9bdd1cc27c78a3d50db325fb169923de4d94b,tcc-microservices-experiment-gateway-1,31.76,459276288,536870912,85.54,79,22.5MB / 29.8MB,32.2MB / 24.5MB
54,2026-09-10T10:11:33.404900+00:00,109,2026-09-10T10:11:33.031653+00:00,false,microservices,mysql,6f1f13f8fd4e5920674bf42b131bfa0eb7cafc9b969900c48c1ca0e8bee362eb,tcc-microservices-experiment-mysql-1,23.18,483812966,1073741824,45.05,40,24.1MB / 75.2MB,46.2MB / 154MB
54,2026-09-10T10:11:33.404900+00:00,109,2026-09-10T10:11:33.031653+00:00,false,microservices,order,e5186b55c1fcf5eaa87ab12349a2d9fb6aee46a28c659f24d93f72a691963b70,tcc-microservices-experiment-order-1,82.28,73840722,1073741824,6.88,3,89.6MB / 37.7MB,7.29MB / 9.01MB
54,2026-09-10T10:11:33.404900+00:00,109,2026-09-10T10:11:33.031653+00:00,false,microservices,product,bbf79d89e2c471933dfc0d526a87d0eba0fdd767f43dfef425e7d9f405c6bb7f,tcc-microservices-experiment-product-1,0.02,78601257,1073741824,7.32,3,416kB / 282kB,4.32MB / 81.9kB
55,2026-09-10T10:11:34.404900+00:00,111,2026-09-10T10:11:34.032071+00:00,false,microservices,auth,f780a7e85ad977fa9c934377c442b95c2d9be91fbc826434456f2f92aae32a67,tcc-microservices-experiment-auth-1,0.01,79198945,1073741824,7.38,3,45.4kB / 40.3kB,4.19MB / 65.5kB
55,2026-09-10T10:11:34.404900+00:00,111,2026-09-10T10:11:34.032071+00:00,false,microservices,gateway,e212eb445c558bdce72511bdbef9bdd1cc27c78a3d50db325fb169923de4d94b,tcc-microservices-experiment-gateway-1,31.81,459381146,536870912,85.57,79,22.8MB / 30.2MB,32.3MB / 24.5MB
55,2026-09-10T10:11:34.404900+00:00,111,2026-09-10T10:11:34.032071+00:00,false,microservices,mysql,6f1f13f8fd4e5920674bf42b131bfa0eb7cafc9b969900c48c1ca0e8bee362eb,tcc-microservices-experiment-mysql-1,23.18,483812966,1073741824,45.05,40,24.1MB / 75.2MB,46.2MB / 154MB
55,2026-09-10T10:11:34.404900+00:00,111,2026-09-10T10:11:34.032071+00:00,false,microservices,order,e5186b55c1fcf5eaa87ab12349a2d9fb6aee46a28c659f24d93f72a691963b70,tcc-microservices-experiment-order-1,81.63,73295462,1073741824,6.83,3,90.7MB / 38.1MB,7.29MB / 9.01MB
55,2026-09-10T10:11:34.404900+00:00,111,2026-09-10T10:11:34.032071+00:00,false,microservices,product,bbf79d89e2c471933dfc0d526a87d0eba0fdd767f43dfef425e7d9f405c6bb7f,tcc-microservices-experiment-product-1,0.02,78601257,1073741824,7.32,3,417kB / 282kB,4.32MB / 81.9kB
56,2026-09-10T10:11:35.404924+00:00,113,2026-09-10T10:11:35.031332+00:00,false,microservices,auth,f780a7e85ad977fa9c934377c442b95c2d9be91fbc826434456f2f92aae32a67,tcc-microservices-experiment-auth-1,0.02,79198945,1073741824,7.38,3,45.5kB / 40.3kB,4.19MB / 65.5kB
56,2026-09-10T10:11:35.404924+00:00,113,2026-09-10T10:11:35.031332+00:00,false,microservices,gateway,e212eb445c558bdce72511bdbef9bdd1cc27c78a3d50db325fb169923de4d94b,tcc-microservices-experiment-gateway-1,30.21,458647142,536870912,85.43,79,23.1MB / 30.6MB,32.3MB / 24.5MB
56,2026-09-10T10:11:35.404924+00:00,113,2026-09-10T10:11:35.031332+00:00,false,microservices,mysql,6f1f13f8fd4e5920674bf42b131bfa0eb7cafc9b969900c48c1ca0e8bee362eb,tcc-microservices-experiment-mysql-1,28.01,483708109,1073741824,45.05,40,24.4MB / 76.1MB,46.2MB / 154MB
56,2026-09-10T10:11:35.404924+00:00,113,2026-09-10T10:11:35.031332+00:00,false,microservices,order,e5186b55c1fcf5eaa87ab12349a2d9fb6aee46a28c659f24d93f72a691963b70,tcc-microservices-experiment-order-1,81.49,73316434,1073741824,6.83,3,91.8MB / 38.6MB,7.29MB / 9.01MB
56,2026-09-10T10:11:35.404924+00:00,113,2026-09-10T10:11:35.031332+00:00,false,microservices,product,bbf79d89e2c471933dfc0d526a87d0eba0fdd767f43dfef425e7d9f405c6bb7f,tcc-microservices-experiment-product-1,0.02,78601257,1073741824,7.32,3,417kB / 282kB,4.32MB / 81.9kB
57,2026-09-10T10:11:36.404894+00:00,115,2026-09-10T10:11:36.032268+00:00,false,microservices,auth,f780a7e85ad977fa9c934377c442b95c2d9be91fbc826434456f2f92aae32a67,tcc-microservices-experiment-auth-1,0.02,79198945,1073741824,7.38,3,45.5kB / 40.3kB,4.19MB / 65.5kB
57,2026-09-10T10:11:36.404894+00:00,115,2026-09-10T10:11:36.032268+00:00,false,microservices,gateway,e212eb445c558bdce72511bdbef9bdd1cc27c78a3d50db325fb169923de4d94b,tcc-microservices-experiment-gateway-1,30.74,459381146,536870912,85.57,79,23.4MB / 30.9MB,32.3MB / 24.5MB
57,2026-09-10T10:11:36.404894+00:00,115,2026-09-10T10:11:36.032268+00:00,false,microservices,mysql,6f1f13f8fd4e5920674bf42b131bfa0eb7cafc9b969900c48c1ca0e8bee362eb,tcc-microservices-experiment-mysql-1,23.31,483498394,1073741824,45.03,40,24.6MB / 77MB,46.2MB / 154MB
57,2026-09-10T10:11:36.404894+00:00,115,2026-09-10T10:11:36.032268+00:00,false,microservices,order,e5186b55c1fcf5eaa87ab12349a2d9fb6aee46a28c659f24d93f72a691963b70,tcc-microservices-experiment-order-1,82.44,73305948,1073741824,6.83,3,92.9MB / 39MB,7.29MB / 9.01MB
57,2026-09-10T10:11:36.404894+00:00,115,2026-09-10T10:11:36.032268+00:00,false,microservices,product,bbf79d89e2c471933dfc0d526a87d0eba0fdd767f43dfef425e7d9f405c6bb7f,tcc-microservices-experiment-product-1,0.02,78601257,1073741824,7.32,3,417kB / 282kB,4.32MB / 81.9kB
58,2026-09-10T10:11:37.404903+00:00,117,2026-09-10T10:11:37.031497+00:00,false,microservices,auth,f780a7e85ad977fa9c934377c442b95c2d9be91fbc826434456f2f92aae32a67,tcc-microservices-experiment-auth-1,0.02,79198945,1073741824,7.38,3,45.6kB / 40.3kB,4.19MB / 65.5kB
58,2026-09-10T10:11:37.404903+00:00,117,2026-09-10T10:11:37.031497+00:00,false,microservices,gateway,e212eb445c558bdce72511bdbef9bdd1cc27c78a3d50db325fb169923de4d94b,tcc-microservices-experiment-gateway-1,29.86,459276288,536870912,85.55,79,23.7MB / 31.3MB,32.3MB / 24.5MB
58,2026-09-10T10:11:37.404903+00:00,117,2026-09-10T10:11:37.031497+00:00,false,microservices,mysql,6f1f13f8fd4e5920674bf42b131bfa0eb7cafc9b969900c48c1ca0e8bee362eb,tcc-microservices-experiment-mysql-1,27.5,483078963,1073741824,44.99,40,24.9MB / 77.9MB,46.2MB / 154MB
58,2026-09-10T10:11:37.404903+00:00,117,2026-09-10T10:11:37.031497+00:00,false,microservices,order,e5186b55c1fcf5eaa87ab12349a2d9fb6aee46a28c659f24d93f72a691963b70,tcc-microservices-experiment-order-1,81.59,73547121,1073741824,6.85,3,94MB / 39.4MB,7.29MB / 9.01MB
58,2026-09-10T10:11:37.404903+00:00,117,2026-09-10T10:11:37.031497+00:00,false,microservices,product,bbf79d89e2c471933dfc0d526a87d0eba0fdd767f43dfef425e7d9f405c6bb7f,tcc-microservices-experiment-product-1,0.02,78601257,1073741824,7.32,3,417kB / 282kB,4.32MB / 81.9kB
59,2026-09-10T10:11:38.404881+00:00,119,2026-09-10T10:11:38.032272+00:00,false,microservices,auth,f780a7e85ad977fa9c934377c442b95c2d9be91fbc826434456f2f92aae32a67,tcc-microservices-experiment-auth-1,0.01,79198945,1073741824,7.38,3,45.6kB / 40.3kB,4.19MB / 65.5kB
59,2026-09-10T10:11:38.404881+00:00,119,2026-09-10T10:11:38.032272+00:00,false,microservices,gateway,e212eb445c558bdce72511bdbef9bdd1cc27c78a3d50db325fb169923de4d94b,tcc-microservices-experiment-gateway-1,29.91,458856858,536870912,85.48,79,24MB / 31.7MB,32.3MB / 24.5MB
59,2026-09-10T10:11:38.404881+00:00,119,2026-09-10T10:11:38.032272+00:00,false,microservices,mysql,6f1f13f8fd4e5920674bf42b131bfa0eb7cafc9b969900c48c1ca0e8bee362eb,tcc-microservices-experiment-mysql-1,23.52,483288678,1073741824,45.01,40,25.1MB / 78.8MB,46.2MB / 154MB
59,2026-09-10T10:11:38.404881+00:00,119,2026-09-10T10:11:38.032272+00:00,false,microservices,order,e5186b55c1fcf5eaa87ab12349a2d9fb6aee46a28c659f24d93f72a691963b70,tcc-microservices-experiment-order-1,81.17,73830236,1073741824,6.88,3,95.1MB / 39.9MB,7.29MB / 9.01MB
59,2026-09-10T10:11:38.404881+00:00,119,2026-09-10T10:11:38.032272+00:00,false,microservices,product,bbf79d89e2c471933dfc0d526a87d0eba0fdd767f43dfef425e7d9f405c6bb7f,tcc-microservices-experiment-product-1,0.02,78601257,1073741824,7.32,3,417kB / 282kB,4.32MB / 81.9kB
60,2026-09-10T10:11:39.404900+00:00,121,2026-09-10T10:11:39.033264+00:00,false,microservices,auth,f780a7e85ad977fa9c934377c442b95c2d9be91fbc826434456f2f92aae32a67,tcc-microservices-experiment-auth-1,0.02,79198945,1073741824,7.38,3,45.6kB / 40.3kB,4.19MB / 65.5kB
60,2026-09-10T10:11:39.404900+00:00,121,2026-09-10T10:11:39.033264+00:00,false,microservices,gateway,e212eb445c558bdce72511bdbef9bdd1cc27c78a3d50db325fb169923de4d94b,tcc-microservices-experiment-gateway-1,32.11,459695718,536870912,85.62,79,24.3MB / 32.1MB,32.3MB / 24.5MB
60,2026-09-10T10:11:39.404900+00:00,121,2026-09-10T10:11:39.033264+00:00,false,microservices,mysql,6f1f13f8fd4e5920674bf42b131bfa0eb7cafc9b969900c48c1ca0e8bee362eb,tcc-microservices-experiment-mysql-1,27.42,483288678,1073741824,45.01,40,25.4MB / 79.7MB,46.2MB / 154MB
60,2026-09-10T10:11:39.404900+00:00,121,2026-09-10T10:11:39.033264+00:00,false,microservices,order,e5186b55c1fcf5eaa87ab12349a2d9fb6aee46a28c659f24d93f72a691963b70,tcc-microservices-experiment-order-1,81.54,73998008,1073741824,6.89,3,96.2MB / 40.3MB,7.29MB / 9.01MB
60,2026-09-10T10:11:39.404900+00:00,121,2026-09-10T10:11:39.033264+00:00,false,microservices,product,bbf79d89e2c471933dfc0d526a87d0eba0fdd767f43dfef425e7d9f405c6bb7f,tcc-microservices-experiment-product-1,0.02,78601257,1073741824,7.32,3,417kB / 282kB,4.32MB / 81.9kB
61,2026-09-10T10:11:40.404905+00:00,123,2026-09-10T10:11:40.033355+00:00,false,microservices,auth,f780a7e85ad977fa9c934377c442b95c2d9be91fbc826434456f2f92aae32a67,tcc-microservices-experiment-auth-1,0.02,79198945,1073741824,7.38,3,45.6kB / 40.3kB,4.19MB / 65.5kB
61,2026-09-10T10:11:40.404905+00:00,123,2026-09-10T10:11:40.033355+00:00,false,microservices,gateway,e212eb445c558bdce72511bdbef9bdd1cc27c78a3d50db325fb169923de4d94b,tcc-microservices-experiment-gateway-1,30.0,459066573,536870912,85.51,79,24.6MB / 32.5MB,32.3MB / 24.5MB
61,2026-09-10T10:11:40.404905+00:00,123,2026-09-10T10:11:40.033355+00:00,false,microservices,mysql,6f1f13f8fd4e5920674bf42b131bfa0eb7cafc9b969900c48c1ca0e8bee362eb,tcc-microservices-experiment-mysql-1,23.2,482974106,1073741824,44.98,40,25.6MB / 80.6MB,46.2MB / 154MB
61,2026-09-10T10:11:40.404905+00:00,123,2026-09-10T10:11:40.033355+00:00,false,microservices,order,e5186b55c1fcf5eaa87ab12349a2d9fb6aee46a28c659f24d93f72a691963b70,tcc-microservices-experiment-order-1,81.52,73442263,1073741824,6.84,3,97.3MB / 40.8MB,7.29MB / 9.01MB
61,2026-09-10T10:11:40.404905+00:00,123,2026-09-10T10:11:40.033355+00:00,false,microservices,product,bbf79d89e2c471933dfc0d526a87d0eba0fdd767f43dfef425e7d9f405c6bb7f,tcc-microservices-experiment-product-1,0.02,78601257,1073741824,7.32,3,417kB / 282kB,4.32MB / 81.9kB
62,2026-09-10T10:11:41.404900+00:00,125,2026-09-10T10:11:41.032303+00:00,false,microservices,auth,f780a7e85ad977fa9c934377c442b95c2d9be91fbc826434456f2f92aae32a67,tcc-microservices-experiment-auth-1,0.01,79198945,1073741824,7.38,3,45.6kB / 40.3kB,4.19MB / 65.5kB
62,2026-09-10T10:11:41.404900+00:00,125,2026-09-10T10:11:41.032303+00:00,false,microservices,gateway,e212eb445c558bdce72511bdbef9bdd1cc27c78a3d50db325fb169923de4d94b,tcc-microservices-experiment-gateway-1,30.27,459276288,536870912,85.55,79,24.9MB / 32.9MB,32.3MB / 24.5MB
62,2026-09-10T10:11:41.404900+00:00,125,2026-09-10T10:11:41.032303+00:00,false,microservices,mysql,6f1f13f8fd4e5920674bf42b131bfa0eb7cafc9b969900c48c1ca0e8bee362eb,tcc-microservices-experiment-mysql-1,28.28,483917824,1073741824,45.06,40,25.9MB / 81.5MB,46.2MB / 154MB
62,2026-09-10T10:11:41.404900+00:00,125,2026-09-10T10:11:41.032303+00:00,false,microservices,order,e5186b55c1fcf5eaa87ab12349a2d9fb6aee46a28c659f24d93f72a691963b70,tcc-microservices-experiment-order-1,81.38,73788293,1073741824,6.87,3,98.4MB / 41.2MB,7.29MB / 10.3MB
62,2026-09-10T10:11:41.404900+00:00,125,2026-09-10T10:11:41.032303+00:00,false,microservices,product,bbf79d89e2c471933dfc0d526a87d0eba0fdd767f43dfef425e7d9f405c6bb7f,tcc-microservices-experiment-product-1,0.02,78601257,1073741824,7.32,3,417kB / 282kB,4.32MB / 81.9kB
63,2026-09-10T10:11:42.404897+00:00,127,2026-09-10T10:11:42.033673+00:00,false,microservices,auth,f780a7e85ad977fa9c934377c442b95c2d9be91fbc826434456f2f92aae32a67,tcc-microservices-experiment-auth-1,0.02,79198945,1073741824,7.38,3,45.6kB / 40.3kB,4.19MB / 65.5kB
63,2026-09-10T10:11:42.404897+00:00,127,2026-09-10T10:11:42.033673+00:00,false,microservices,gateway,e212eb445c558bdce72511bdbef9bdd1cc27c78a3d50db325fb169923de4d94b,tcc-microservices-experiment-gateway-1,30.63,458961715,536870912,85.48,79,25.2MB / 33.3MB,32.3MB / 24.5MB
63,2026-09-10T10:11:42.404897+00:00,127,2026-09-10T10:11:42.033673+00:00,false,microservices,mysql,6f1f13f8fd4e5920674bf42b131bfa0eb7cafc9b969900c48c1ca0e8bee362eb,tcc-microservices-experiment-mysql-1,22.59,482974106,1073741824,44.98,40,26.1MB / 82.4MB,46.2MB / 154MB
63,2026-09-10T10:11:42.404897+00:00,127,2026-09-10T10:11:42.033673+00:00,false,microservices,order,e5186b55c1fcf5eaa87ab12349a2d9fb6aee46a28c659f24d93f72a691963b70,tcc-microservices-experiment-order-1,81.87,73672950,1073741824,6.86,3,99.5MB / 41.7MB,7.29MB / 10.3MB
63,2026-09-10T10:11:42.404897+00:00,127,2026-09-10T10:11:42.033673+00:00,false,microservices,product,bbf79d89e2c471933dfc0d526a87d0eba0fdd767f43dfef425e7d9f405c6bb7f,tcc-microservices-experiment-product-1,0.02,78601257,1073741824,7.32,3,417kB / 282kB,4.32MB / 81.9kB
64,2026-09-10T10:11:43.404879+00:00,129,2026-09-10T10:11:43.033425+00:00,false,microservices,auth,f780a7e85ad977fa9c934377c442b95c2d9be91fbc826434456f2f92aae32a67,tcc-microservices-experiment-auth-1,0.02,79198945,1073741824,7.38,3,45.6kB / 40.3kB,4.19MB / 65.5kB
64,2026-09-10T10:11:43.404879+00:00,129,2026-09-10T10:11:43.033425+00:00,false,microservices,gateway,e212eb445c558bdce72511bdbef9bdd1cc27c78a3d50db325fb169923de4d94b,tcc-microservices-experiment-gateway-1,32.97,459695718,536870912,85.62,79,25.5MB / 33.7MB,32.3MB / 24.5MB
64,2026-09-10T10:11:43.404879+00:00,129,2026-09-10T10:11:43.033425+00:00,false,microservices,mysql,6f1f13f8fd4e5920674bf42b131bfa0eb7cafc9b969900c48c1ca0e8bee362eb,tcc-microservices-experiment-mysql-1,27.46,483603251,1073741824,45.04,40,26.4MB / 83.2MB,46.2MB / 154MB
64,2026-09-10T10:11:43.404879+00:00,129,2026-09-10T10:11:43.033425+00:00,false,microservices,order,e5186b55c1fcf5eaa87ab12349a2d9fb6aee46a28c659f24d93f72a691963b70,tcc-microservices-experiment-order-1,83.32,73473720,1073741824,6.84,3,101MB / 42.1MB,7.29MB / 10.3MB
64,2026-09-10T10:11:43.404879+00:00,129,2026-09-10T10:11:43.033425+00:00,false,microservices,product,bbf79d89e2c471933dfc0d526a87d0eba0fdd767f43dfef425e7d9f405c6bb7f,tcc-microservices-experiment-product-1,0.02,78601257,1073741824,7.32,3,417kB / 282kB,4.32MB / 81.9kB
65,2026-09-10T10:11:44.404892+00:00,131,2026-09-10T10:11:44.032211+00:00,false,microservices,auth,f780a7e85ad977fa9c934377c442b95c2d9be91fbc826434456f2f92aae32a67,tcc-microservices-experiment-auth-1,0.02,79198945,1073741824,7.38,3,45.6kB / 40.3kB,4.19MB / 65.5kB
65,2026-09-10T10:11:44.404892+00:00,131,2026-09-10T10:11:44.032211+00:00,false,microservices,gateway,e212eb445c558bdce72511bdbef9bdd1cc27c78a3d50db325fb169923de4d94b,tcc-microservices-experiment-gateway-1,30.47,459276288,536870912,85.54,79,25.8MB / 34.1MB,32.3MB / 24.5MB
65,2026-09-10T10:11:44.404892+00:00,131,2026-09-10T10:11:44.032211+00:00,false,microservices,mysql,6f1f13f8fd4e5920674bf42b131bfa0eb7cafc9b969900c48c1ca0e8bee362eb,tcc-microservices-experiment-mysql-1,22.84,482974106,1073741824,44.98,40,26.6MB / 84.1MB,46.2MB / 154MB
65,2026-09-10T10:11:44.404892+00:00,131,2026-09-10T10:11:44.032211+00:00,false,microservices,order,e5186b55c1fcf5eaa87ab12349a2d9fb6aee46a28c659f24d93f72a691963b70,tcc-microservices-experiment-order-1,82.34,73924608,1073741824,6.88,3,102MB / 42.5MB,7.29MB / 10.3MB
65,2026-09-10T10:11:44.404892+00:00,131,2026-09-10T10:11:44.032211+00:00,false,microservices,product,bbf79d89e2c471933dfc0d526a87d0eba0fdd767f43dfef425e7d9f405c6bb7f,tcc-microservices-experiment-product-1,0.02,78601257,1073741824,7.32,3,417kB / 282kB,4.32MB / 81.9kB
66,2026-09-10T10:11:45.404874+00:00,133,2026-09-10T10:11:45.033511+00:00,false,microservices,auth,f780a7e85ad977fa9c934377c442b95c2d9be91fbc826434456f2f92aae32a67,tcc-microservices-experiment-auth-1,0.02,79198945,1073741824,7.38,3,45.6kB / 40.3kB,4.19MB / 65.5kB
66,2026-09-10T10:11:45.404874+00:00,133,2026-09-10T10:11:45.033511+00:00,false,microservices,gateway,e212eb445c558bdce72511bdbef9bdd1cc27c78a3d50db325fb169923de4d94b,tcc-microservices-experiment-gateway-1,31.49,459590861,536870912,85.61,79,26.1MB / 34.4MB,32.3MB / 24.5MB
66,2026-09-10T10:11:45.404874+00:00,133,2026-09-10T10:11:45.033511+00:00,false,microservices,mysql,6f1f13f8fd4e5920674bf42b131bfa0eb7cafc9b969900c48c1ca0e8bee362eb,tcc-microservices-experiment-mysql-1,26.88,483917824,1073741824,45.07,40,26.9MB / 85.1MB,46.2MB / 154MB
66,2026-09-10T10:11:45.404874+00:00,133,2026-09-10T10:11:45.033511+00:00,false,microservices,order,e5186b55c1fcf5eaa87ab12349a2d9fb6aee46a28c659f24d93f72a691963b70,tcc-microservices-experiment-order-1,82.7,73264005,1073741824,6.82,3,103MB / 43MB,7.29MB / 10.3MB
66,2026-09-10T10:11:45.404874+00:00,133,2026-09-10T10:11:45.033511+00:00,false,microservices,product,bbf79d89e2c471933dfc0d526a87d0eba0fdd767f43dfef425e7d9f405c6bb7f,tcc-microservices-experiment-product-1,0.02,78601257,1073741824,7.32,3,417kB / 282kB,4.32MB / 81.9kB
67,2026-09-10T10:11:46.404904+00:00,135,2026-09-10T10:11:46.032495+00:00,false,microservices,auth,f780a7e85ad977fa9c934377c442b95c2d9be91fbc826434456f2f92aae32a67,tcc-microservices-experiment-auth-1,0.02,79198945,1073741824,7.38,3,45.6kB / 40.3kB,4.19MB / 65.5kB
67,2026-09-10T10:11:46.404904+00:00,135,2026-09-10T10:11:46.032495+00:00,false,microservices,gateway,e212eb445c558bdce72511bdbef9bdd1cc27c78a3d50db325fb169923de4d94b,tcc-microservices-experiment-gateway-1,33.28,459800576,536870912,85.64,79,26.4MB / 34.8MB,32.3MB / 24.5MB
67,2026-09-10T10:11:46.404904+00:00,135,2026-09-10T10:11:46.032495+00:00,false,microservices,mysql,6f1f13f8fd4e5920674bf42b131bfa0eb7cafc9b969900c48c1ca0e8bee362eb,tcc-microservices-experiment-mysql-1,22.78,483288678,1073741824,45.01,40,27.1MB / 86MB,46.2MB / 154MB
67,2026-09-10T10:11:46.404904+00:00,135,2026-09-10T10:11:46.032495+00:00,false,microservices,order,e5186b55c1fcf5eaa87ab12349a2d9fb6aee46a28c659f24d93f72a691963b70,tcc-microservices-experiment-order-1,82.53,74071409,1073741824,6.9,3,104MB / 43.4MB,7.29MB / 10.3MB
67,2026-09-10T10:11:46.404904+00:00,135,2026-09-10T10:11:46.032495+00:00,false,microservices,product,bbf79d89e2c471933dfc0d526a87d0eba0fdd767f43dfef425e7d9f405c6bb7f,tcc-microservices-experiment-product-1,0.02,78601257,1073741824,7.32,3,417kB / 282kB,4.32MB / 81.9kB
68,2026-09-10T10:11:47.404895+00:00,137,2026-09-10T10:11:47.032194+00:00,false,microservices,auth,f780a7e85ad977fa9c934377c442b95c2d9be91fbc826434456f2f92aae32a67,tcc-microservices-experiment-auth-1,0.02,79198945,1073741824,7.38,3,45.6kB / 40.3kB,4.19MB / 65.5kB
68,2026-09-10T10:11:47.404895+00:00,137,2026-09-10T10:11:47.032194+00:00,false,microservices,gateway,e212eb445c558bdce72511bdbef9bdd1cc27c78a3d50db325fb169923de4d94b,tcc-microservices-experiment-gateway-1,31.71,459800576,536870912,85.65,79,26.7MB / 35.2MB,32.3MB / 24.5MB
68,2026-09-10T10:11:47.404895+00:00,137,2026-09-10T10:11:47.032194+00:00,false,microservices,mysql,6f1f13f8fd4e5920674bf42b131bfa0eb7cafc9b969900c48c1ca0e8bee362eb,tcc-microservices-experiment-mysql-1,27.52,484337254,1073741824,45.11,40,27.4MB / 86.9MB,46.2MB / 154MB
68,2026-09-10T10:11:47.404895+00:00,137,2026-09-10T10:11:47.032194+00:00,false,microservices,order,e5186b55c1fcf5eaa87ab12349a2d9fb6aee46a28c659f24d93f72a691963b70,tcc-microservices-experiment-order-1,82.05,73473720,1073741824,6.84,3,105MB / 43.8MB,7.29MB / 10.3MB
68,2026-09-10T10:11:47.404895+00:00,137,2026-09-10T10:11:47.032194+00:00,false,microservices,product,bbf79d89e2c471933dfc0d526a87d0eba0fdd767f43dfef425e7d9f405c6bb7f,tcc-microservices-experiment-product-1,0.02,78601257,1073741824,7.32,3,417kB / 282kB,4.32MB / 81.9kB
69,2026-09-10T10:11:48.404911+00:00,139,2026-09-10T10:11:48.032361+00:00,false,microservices,auth,f780a7e85ad977fa9c934377c442b95c2d9be91fbc826434456f2f92aae32a67,tcc-microservices-experiment-auth-1,0.02,79198945,1073741824,7.38,3,45.6kB / 40.3kB,4.19MB / 65.5kB
69,2026-09-10T10:11:48.404911+00:00,139,2026-09-10T10:11:48.032361+00:00,false,microservices,gateway,e212eb445c558bdce72511bdbef9bdd1cc27c78a3d50db325fb169923de4d94b,tcc-microservices-experiment-gateway-1,32.4,459695718,536870912,85.62,79,27MB / 35.6MB,32.3MB / 24.5MB
69,2026-09-10T10:11:48.404911+00:00,139,2026-09-10T10:11:48.032361+00:00,false,microservices,mysql,6f1f13f8fd4e5920674bf42b131bfa0eb7cafc9b969900c48c1ca0e8bee362eb,tcc-microservices-experiment-mysql-1,22.75,483812966,1073741824,45.06,40,27.7MB / 87.8MB,46.2MB / 154MB
69,2026-09-10T10:11:48.404911+00:00,139,2026-09-10T10:11:48.032361+00:00,false,microservices,order,e5186b55c1fcf5eaa87ab12349a2d9fb6aee46a28c659f24d93f72a691963b70,tcc-microservices-experiment-order-1,82.69,73536635,1073741824,6.85,3,106MB / 44.3MB,7.29MB / 10.3MB
69,2026-09-10T10:11:48.404911+00:00,139,2026-09-10T10:11:48.032361+00:00,false,microservices,product,bbf79d89e2c471933dfc0d526a87d0eba0fdd767f43dfef425e7d9f405c6bb7f,tcc-microservices-experiment-product-1,0.02,78601257,1073741824,7.32,3,417kB / 282kB,4.32MB / 81.9kB
70,2026-09-10T10:11:49.404903+00:00,141,2026-09-10T10:11:49.033974+00:00,false,microservices,auth,f780a7e85ad977fa9c934377c442b95c2d9be91fbc826434456f2f92aae32a67,tcc-microservices-experiment-auth-1,0.02,79198945,1073741824,7.38,3,45.6kB / 40.3kB,4.19MB / 65.5kB
70,2026-09-10T10:11:49.404903+00:00,141,2026-09-10T10:11:49.033974+00:00,false,microservices,gateway,e212eb445c558bdce72511bdbef9bdd1cc27c78a3d50db325fb169923de4d94b,tcc-microservices-experiment-gateway-1,30.86,459905434,536870912,85.66,79,27.3MB / 36MB,32.3MB / 24.5MB
70,2026-09-10T10:11:49.404903+00:00,141,2026-09-10T10:11:49.033974+00:00,false,microservices,mysql,6f1f13f8fd4e5920674bf42b131bfa0eb7cafc9b969900c48c1ca0e8bee362eb,tcc-microservices-experiment-mysql-1,25.96,484127539,1073741824,45.09,40,27.9MB / 88.7MB,46.2MB / 154MB
70,2026-09-10T10:11:49.404903+00:00,141,2026-09-10T10:11:49.033974+00:00,false,microservices,order,e5186b55c1fcf5eaa87ab12349a2d9fb6aee46a28c659f24d93f72a691963b70,tcc-microservices-experiment-order-1,83.08,73337405,1073741824,6.83,3,107MB / 44.7MB,7.29MB / 10.3MB
70,2026-09-10T10:11:49.404903+00:00,141,2026-09-10T10:11:49.033974+00:00,false,microservices,product,bbf79d89e2c471933dfc0d526a87d0eba0fdd767f43dfef425e7d9f405c6bb7f,tcc-microservices-experiment-product-1,0.02,78601257,1073741824,7.32,3,417kB / 282kB,4.32MB / 81.9kB
71,2026-09-10T10:11:50.404880+00:00,143,2026-09-10T10:11:50.032316+00:00,false,microservices,auth,f780a7e85ad977fa9c934377c442b95c2d9be91fbc826434456f2f92aae32a67,tcc-microservices-experiment-auth-1,0.02,79198945,1073741824,7.38,3,45.6kB / 40.3kB,4.19MB / 65.5kB
71,2026-09-10T10:11:50.404880+00:00,143,2026-09-10T10:11:50.032316+00:00,false,microservices,gateway,e212eb445c558bdce72511bdbef9bdd1cc27c78a3d50db325fb169923de4d94b,tcc-microservices-experiment-gateway-1,32.71,459590861,536870912,85.6,79,27.6MB / 36.4MB,32.3MB / 24.5MB
71,2026-09-10T10:11:50.404880+00:00,143,2026-09-10T10:11:50.032316+00:00,false,microservices,mysql,6f1f13f8fd4e5920674bf42b131bfa0eb7cafc9b969900c48c1ca0e8bee362eb,tcc-microservices-experiment-mysql-1,23.54,484022682,1073741824,45.07,40,28.2MB / 89.6MB,46.2MB / 154MB
71,2026-09-10T10:11:50.404880+00:00,143,2026-09-10T10:11:50.032316+00:00,false,microservices,order,e5186b55c1fcf5eaa87ab12349a2d9fb6aee46a28c659f24d93f72a691963b70,tcc-microservices-experiment-order-1,81.9,73945580,1073741824,6.89,3,108MB / 45.2MB,7.29MB / 10.3MB
71,2026-09-10T10:11:50.404880+00:00,143,2026-09-10T10:11:50.032316+00:00,false,microservices,product,bbf79d89e2c471933dfc0d526a87d0eba0fdd767f43dfef425e7d9f405c6bb7f,tcc-microservices-experiment-product-1,0.02,78601257,1073741824,7.32,3,417kB / 282kB,4.32MB / 81.9kB
72,2026-09-10T10:11:51.404905+00:00,145,2026-09-10T10:11:51.033499+00:00,false,microservices,auth,f780a7e85ad977fa9c934377c442b95c2d9be91fbc826434456f2f92aae32a67,tcc-microservices-experiment-auth-1,0.02,79198945,1073741824,7.38,3,45.6kB / 40.3kB,4.19MB / 65.5kB
72,2026-09-10T10:11:51.404905+00:00,145,2026-09-10T10:11:51.033499+00:00,false,microservices,gateway,e212eb445c558bdce72511bdbef9bdd1cc27c78a3d50db325fb169923de4d94b,tcc-microservices-experiment-gateway-1,31.96,460115149,536870912,85.71,79,27.9MB / 36.8MB,32.3MB / 24.5MB
72,2026-09-10T10:11:51.404905+00:00,145,2026-09-10T10:11:51.033499+00:00,false,microservices,mysql,6f1f13f8fd4e5920674bf42b131bfa0eb7cafc9b969900c48c1ca0e8bee362eb,tcc-microservices-experiment-mysql-1,26.61,483812966,1073741824,45.05,40,28.4MB / 90.5MB,46.2MB / 154MB
72,2026-09-10T10:11:51.404905+00:00,145,2026-09-10T10:11:51.033499+00:00,false,microservices,order,e5186b55c1fcf5eaa87ab12349a2d9fb6aee46a28c659f24d93f72a691963b70,tcc-microservices-experiment-order-1,82.55,74281124,1073741824,6.92,3,109MB / 45.6MB,7.29MB / 10.3MB
72,2026-09-10T10:11:51.404905+00:00,145,2026-09-10T10:11:51.033499+00:00,false,microservices,product,bbf79d89e2c471933dfc0d526a87d0eba0fdd767f43dfef425e7d9f405c6bb7f,tcc-microservices-experiment-product-1,0.02,78601257,1073741824,7.32,3,417kB / 282kB,4.32MB / 81.9kB
73,2026-09-10T10:11:52.404899+00:00,147,2026-09-10T10:11:52.032516+00:00,false,microservices,auth,f780a7e85ad977fa9c934377c442b95c2d9be91fbc826434456f2f92aae32a67,tcc-microservices-experiment-auth-1,0.02,79198945,1073741824,7.38,3,45.6kB / 40.3kB,4.19MB / 65.5kB
73,2026-09-10T10:11:52.404899+00:00,147,2026-09-10T10:11:52.032516+00:00,false,microservices,gateway,e212eb445c558bdce72511bdbef9bdd1cc27c78a3d50db325fb169923de4d94b,tcc-microservices-experiment-gateway-1,33.76,459486003,536870912,85.58,79,28.2MB / 37.2MB,32.7MB / 24.5MB
73,2026-09-10T10:11:52.404899+00:00,147,2026-09-10T10:11:52.032516+00:00,false,microservices,mysql,6f1f13f8fd4e5920674bf42b131bfa0eb7cafc9b969900c48c1ca0e8bee362eb,tcc-microservices-experiment-mysql-1,22.53,483393536,1073741824,45.02,40,28.7MB / 91.4MB,46.2MB / 154MB
73,2026-09-10T10:11:52.404899+00:00,147,2026-09-10T10:11:52.032516+00:00,false,microservices,order,e5186b55c1fcf5eaa87ab12349a2d9fb6aee46a28c659f24d93f72a691963b70,tcc-microservices-experiment-order-1,82.48,74941727,1073741824,6.98,3,111MB / 46.1MB,7.29MB / 10.3MB
73,2026-09-10T10:11:52.404899+00:00,147,2026-09-10T10:11:52.032516+00:00,false,microservices,product,bbf79d89e2c471933dfc0d526a87d0eba0fdd767f43dfef425e7d9f405c6bb7f,tcc-microservices-experiment-product-1,0.02,78601257,1073741824,7.32,3,417kB / 282kB,4.32MB / 81.9kB
74,2026-09-10T10:11:53.404873+00:00,149,2026-09-10T10:11:53.032266+00:00,false,microservices,auth,f780a7e85ad977fa9c934377c442b95c2d9be91fbc826434456f2f92aae32a67,tcc-microservices-experiment-auth-1,0.02,79198945,1073741824,7.38,3,45.6kB / 40.3kB,4.19MB / 65.5kB
74,2026-09-10T10:11:53.404873+00:00,149,2026-09-10T10:11:53.032266+00:00,false,microservices,gateway,e212eb445c558bdce72511bdbef9bdd1cc27c78a3d50db325fb169923de4d94b,tcc-microservices-experiment-gateway-1,31.63,460324864,536870912,85.75,79,28.5MB / 37.6MB,32.7MB / 24.5MB
74,2026-09-10T10:11:53.404873+00:00,149,2026-09-10T10:11:53.032266+00:00,false,microservices,mysql,6f1f13f8fd4e5920674bf42b131bfa0eb7cafc9b969900c48c1ca0e8bee362eb,tcc-microservices-experiment-mysql-1,27.04,484022682,1073741824,45.07,40,28.9MB / 92.3MB,46.2MB / 154MB
74,2026-09-10T10:11:53.404873+00:00,149,2026-09-10T10:11:53.032266+00:00,false,microservices,order,e5186b55c1fcf5eaa87ab12349a2d9fb6aee46a28c659f24d93f72a691963b70,tcc-microservices-experiment-order-1,81.93,74700554,1073741824,6.96,3,112MB / 46.5MB,7.29MB / 10.3MB
74,2026-09-10T10:11:53.404873+00:00,149,2026-09-10T10:11:53.032266+00:00,false,microservices,product,bbf79d89e2c471933dfc0d526a87d0eba0fdd767f43dfef425e7d9f405c6bb7f,tcc-microservices-experiment-product-1,0.02,78601257,1073741824,7.32,3,417kB / 282kB,4.32MB / 81.9kB
75,2026-09-10T10:11:54.404901+00:00,151,2026-09-10T10:11:54.032617+00:00,false,microservices,auth,f780a7e85ad977fa9c934377c442b95c2d9be91fbc826434456f2f92aae32a67,tcc-microservices-experiment-auth-1,0.02,79198945,1073741824,7.38,3,45.6kB / 40.3kB,4.19MB / 65.5kB
75,2026-09-10T10:11:54.404901+00:00,151,2026-09-10T10:11:54.032617+00:00,false,microservices,gateway,e212eb445c558bdce72511bdbef9bdd1cc27c78a3d50db325fb169923de4d94b,tcc-microservices-experiment-gateway-1,32.83,460324864,536870912,85.75,79,28.8MB / 38MB,32.7MB / 24.5MB
75,2026-09-10T10:11:54.404901+00:00,151,2026-09-10T10:11:54.032617+00:00,false,microservices,mysql,6f1f13f8fd4e5920674bf42b131bfa0eb7cafc9b969900c48c1ca0e8bee362eb,tcc-microservices-experiment-mysql-1,22.43,483603251,1073741824,45.04,40,29.2MB / 93.2MB,46.2MB / 154MB
75,2026-09-10T10:11:54.404901+00:00,151,2026-09-10T10:11:54.032617+00:00,false,microservices,order,e5186b55c1fcf5eaa87ab12349a2d9fb6aee46a28c659f24d93f72a691963b70,tcc-microservices-experiment-order-1,82.06,74448896,1073741824,6.93,3,113MB / 46.9MB,7.29MB / 10.3MB
75,2026-09-10T10:11:54.404901+00:00,151,2026-09-10T10:11:54.032617+00:00,false,microservices,product,bbf79d89e2c471933dfc0d526a87d0eba0fdd767f43dfef425e7d9f405c6bb7f,tcc-microservices-experiment-product-1,0.02,78601257,1073741824,7.32,3,417kB / 282kB,4.32MB / 81.9kB
76,2026-09-10T10:11:55.404907+00:00,153,2026-09-10T10:11:55.033263+00:00,false,microservices,auth,f780a7e85ad977fa9c934377c442b95c2d9be91fbc826434456f2f92aae32a67,tcc-microservices-experiment-auth-1,0.02,79198945,1073741824,7.38,3,45.6kB / 40.3kB,4.19MB / 65.5kB
76,2026-09-10T10:11:55.404907+00:00,153,2026-09-10T10:11:55.033263+00:00,false,microservices,gateway,e212eb445c558bdce72511bdbef9bdd1cc27c78a3d50db325fb169923de4d94b,tcc-microservices-experiment-gateway-1,32.24,460324864,536870912,85.74,79,29.1MB / 38.4MB,32.7MB / 24.5MB
76,2026-09-10T10:11:55.404907+00:00,153,2026-09-10T10:11:55.033263+00:00,false,microservices,mysql,6f1f13f8fd4e5920674bf42b131bfa0eb7cafc9b969900c48c1ca0e8bee362eb,tcc-microservices-experiment-mysql-1,26.65,483917824,1073741824,45.07,40,29.5MB / 94.1MB,46.2MB / 154MB
76,2026-09-10T10:11:55.404907+00:00,153,2026-09-10T10:11:55.033263+00:00,false,microservices,order,e5186b55c1fcf5eaa87ab12349a2d9fb6aee46a28c659f24d93f72a691963b70,tcc-microservices-experiment-order-1,82.83,74752983,1073741824,6.96,3,114MB / 47.4MB,7.29MB / 10.3MB
76,2026-09-10T10:11:55.404907+00:00,153,2026-09-10T10:11:55.033263+00:00,false,microservices,product,bbf79d89e2c471933dfc0d526a87d0eba0fdd767f43dfef425e7d9f405c6bb7f,tcc-microservices-experiment-product-1,0.02,78601257,1073741824,7.32,3,417kB / 282kB,4.32MB / 81.9kB
77,2026-09-10T10:11:56.404902+00:00,155,2026-09-10T10:11:56.032290+00:00,false,microservices,auth,f780a7e85ad977fa9c934377c442b95c2d9be91fbc826434456f2f92aae32a67,tcc-microservices-experiment-auth-1,0.02,79198945,1073741824,7.38,3,45.6kB / 40.3kB,4.19MB / 65.5kB
77,2026-09-10T10:11:56.404902+00:00,155,2026-09-10T10:11:56.032290+00:00,false,microservices,gateway,e212eb445c558bdce72511bdbef9bdd1cc27c78a3d50db325fb169923de4d94b,tcc-microservices-experiment-gateway-1,32.69,460220006,536870912,85.71,79,29.4MB / 38.8MB,32.7MB / 24.5MB
77,2026-09-10T10:11:56.404902+00:00,155,2026-09-10T10:11:56.032290+00:00,false,microservices,mysql,6f1f13f8fd4e5920674bf42b131bfa0eb7cafc9b969900c48c1ca0e8bee362eb,tcc-microservices-experiment-mysql-1,22.86,483812966,1073741824,45.06,40,29.7MB / 95MB,46.2MB / 154MB
77,2026-09-10T10:11:56.404902+00:00,155,2026-09-10T10:11:56.032290+00:00,false,microservices,order,e5186b55c1fcf5eaa87ab12349a2d9fb6aee46a28c659f24d93f72a691963b70,tcc-microservices-experiment-order-1,82.38,73851208,1073741824,6.88,3,115MB / 47.8MB,7.29MB / 12MB
77,2026-09-10T10:11:56.404902+00:00,155,2026-09-10T10:11:56.032290+00:00,false,microservices,product,bbf79d89e2c471933dfc0d526a87d0eba0fdd767f43dfef425e7d9f405c6bb7f,tcc-microservices-experiment-product-1,0.02,78601257,1073741824,7.32,3,417kB / 282kB,4.32MB / 81.9kB
78,2026-09-10T10:11:57.404893+00:00,157,2026-09-10T10:11:57.032418+00:00,false,microservices,auth,f780a7e85ad977fa9c934377c442b95c2d9be91fbc826434456f2f92aae32a67,tcc-microservices-experiment-auth-1,0.02,79198945,1073741824,7.38,3,45.6kB / 40.3kB,4.19MB / 65.5kB
78,2026-09-10T10:11:57.404893+00:00,157,2026-09-10T10:11:57.032418+00:00,false,microservices,gateway,e212eb445c558bdce72511bdbef9bdd1cc27c78a3d50db325fb169923de4d94b,tcc-microservices-experiment-gateway-1,32.82,460220006,536870912,85.73,79,29.7MB / 39.2MB,32.7MB / 24.5MB
78,2026-09-10T10:11:57.404893+00:00,157,2026-09-10T10:11:57.032418+00:00,false,microservices,mysql,6f1f13f8fd4e5920674bf42b131bfa0eb7cafc9b969900c48c1ca0e8bee362eb,tcc-microservices-experiment-mysql-1,26.61,484022682,1073741824,45.08,40,30MB / 95.9MB,46.2MB / 154MB
78,2026-09-10T10:11:57.404893+00:00,157,2026-09-10T10:11:57.032418+00:00,false,microservices,order,e5186b55c1fcf5eaa87ab12349a2d9fb6aee46a28c659f24d93f72a691963b70,tcc-microservices-experiment-order-1,82.49,74564239,1073741824,6.94,3,116MB / 48.3MB,7.29MB / 12MB
78,2026-09-10T10:11:57.404893+00:00,157,2026-09-10T10:11:57.032418+00:00,false,microservices,product,bbf79d89e2c471933dfc0d526a87d0eba0fdd767f43dfef425e7d9f405c6bb7f,tcc-microservices-experiment-product-1,0.02,78601257,1073741824,7.32,3,417kB / 282kB,4.32MB / 81.9kB
79,2026-09-10T10:11:58.404909+00:00,159,2026-09-10T10:11:58.032030+00:00,false,microservices,auth,f780a7e85ad977fa9c934377c442b95c2d9be91fbc826434456f2f92aae32a67,tcc-microservices-experiment-auth-1,0.02,79198945,1073741824,7.38,3,45.6kB / 40.3kB,4.19MB / 65.5kB
79,2026-09-10T10:11:58.404909+00:00,159,2026-09-10T10:11:58.032030+00:00,false,microservices,gateway,e212eb445c558bdce72511bdbef9bdd1cc27c78a3d50db325fb169923de4d94b,tcc-microservices-experiment-gateway-1,33.55,460324864,536870912,85.74,79,30MB / 39.6MB,32.7MB / 24.5MB
79,2026-09-10T10:11:58.404909+00:00,159,2026-09-10T10:11:58.032030+00:00,false,microservices,mysql,6f1f13f8fd4e5920674bf42b131bfa0eb7cafc9b969900c48c1ca0e8bee362eb,tcc-microservices-experiment-mysql-1,23.01,483288678,1073741824,45.01,40,30.2MB / 96.8MB,46.2MB / 154MB
79,2026-09-10T10:11:58.404909+00:00,159,2026-09-10T10:11:58.032030+00:00,false,microservices,order,e5186b55c1fcf5eaa87ab12349a2d9fb6aee46a28c659f24d93f72a691963b70,tcc-microservices-experiment-order-1,81.92,74176266,1073741824,6.91,3,117MB / 48.7MB,7.29MB / 12MB
79,2026-09-10T10:11:58.404909+00:00,159,2026-09-10T10:11:58.032030+00:00,false,microservices,product,bbf79d89e2c471933dfc0d526a87d0eba0fdd767f43dfef425e7d9f405c6bb7f,tcc-microservices-experiment-product-1,0.02,78601257,1073741824,7.32,3,417kB / 282kB,4.32MB / 81.9kB
80,2026-09-10T10:11:59.404875+00:00,161,2026-09-10T10:11:59.033486+00:00,false,microservices,auth,f780a7e85ad977fa9c934377c442b95c2d9be91fbc826434456f2f92aae32a67,tcc-microservices-experiment-auth-1,0.02,79198945,1073741824,7.38,3,45.6kB / 40.3kB,4.19MB / 65.5kB
80,2026-09-10T10:11:59.404875+00:00,161,2026-09-10T10:11:59.033486+00:00,false,microservices,gateway,e212eb445c558bdce72511bdbef9bdd1cc27c78a3d50db325fb169923de4d94b,tcc-microservices-experiment-gateway-1,32.01,460849152,536870912,85.85,79,30.3MB / 39.9MB,32.7MB / 24.5MB
80,2026-09-10T10:11:59.404875+00:00,161,2026-09-10T10:11:59.033486+00:00,false,microservices,mysql,6f1f13f8fd4e5920674bf42b131bfa0eb7cafc9b969900c48c1ca0e8bee362eb,tcc-microservices-experiment-mysql-1,27.49,483498394,1073741824,45.03,40,30.5MB / 97.7MB,46.2MB / 154MB
80,2026-09-10T10:11:59.404875+00:00,161,2026-09-10T10:11:59.033486+00:00,false,microservices,order,e5186b55c1fcf5eaa87ab12349a2d9fb6aee46a28c659f24d93f72a691963b70,tcc-microservices-experiment-order-1,81.93,74165780,1073741824,6.91,3,118MB / 49.2MB,7.29MB / 12MB
80,2026-09-10T10:11:59.404875+00:00,161,2026-09-10T10:11:59.033486+00:00,false,microservices,product,bbf79d89e2c471933dfc0d526a87d0eba0fdd767f43dfef425e7d9f405c6bb7f,tcc-microservices-experiment-product-1,0.02,78601257,1073741824,7.32,3,417kB / 282kB,4.32MB / 81.9kB
81,2026-09-10T10:12:00.404901+00:00,163,2026-09-10T10:12:00.032489+00:00,false,microservices,auth,f780a7e85ad977fa9c934377c442b95c2d9be91fbc826434456f2f92aae32a67,tcc-microservices-experiment-auth-1,0.02,79198945,1073741824,7.38,3,45.6kB / 40.3kB,4.19MB / 65.5kB
81,2026-09-10T10:12:00.404901+00:00,163,2026-09-10T10:12:00.032489+00:00,false,microservices,gateway,e212eb445c558bdce72511bdbef9bdd1cc27c78a3d50db325fb169923de4d94b,tcc-microservices-experiment-gateway-1,32.83,460849152,536870912,85.84,79,30.6MB / 40.4MB,32.7MB / 24.5MB
81,2026-09-10T10:12:00.404901+00:00,163,2026-09-10T10:12:00.032489+00:00,false,microservices,mysql,6f1f13f8fd4e5920674bf42b131bfa0eb7cafc9b969900c48c1ca0e8bee362eb,tcc-microservices-experiment-mysql-1,23.31,482974106,1073741824,44.98,40,30.7MB / 98.7MB,46.2MB / 154MB
81,2026-09-10T10:12:00.404901+00:00,163,2026-09-10T10:12:00.032489+00:00,false,microservices,order,e5186b55c1fcf5eaa87ab12349a2d9fb6aee46a28c659f24d93f72a691963b70,tcc-microservices-experiment-order-1,81.75,73599549,1073741824,6.85,3,120MB / 49.6MB,7.29MB / 12MB
81,2026-09-10T10:12:00.404901+00:00,163,2026-09-10T10:12:00.032489+00:00,false,microservices,product,bbf79d89e2c471933dfc0d526a87d0eba0fdd767f43dfef425e7d9f405c6bb7f,tcc-microservices-experiment-product-1,0.02,78601257,1073741824,7.32,3,417kB / 282kB,4.32MB / 81.9kB
82,2026-09-10T10:12:01.404895+00:00,165,2026-09-10T10:12:01.032257+00:00,false,microservices,auth,f780a7e85ad977fa9c934377c442b95c2d9be91fbc826434456f2f92aae32a67,tcc-microservices-experiment-auth-1,0.02,79198945,1073741824,7.38,3,45.6kB / 40.3kB,4.19MB / 65.5kB
82,2026-09-10T10:12:01.404895+00:00,165,2026-09-10T10:12:01.032257+00:00,false,microservices,gateway,e212eb445c558bdce72511bdbef9bdd1cc27c78a3d50db325fb169923de4d94b,tcc-microservices-experiment-gateway-1,32.06,460639437,536870912,85.8,79,30.9MB / 40.7MB,32.7MB / 24.5MB
82,2026-09-10T10:12:01.404895+00:00,165,2026-09-10T10:12:01.032257+00:00,false,microservices,mysql,6f1f13f8fd4e5920674bf42b131bfa0eb7cafc9b969900c48c1ca0e8bee362eb,tcc-microservices-experiment-mysql-1,27.3,483393536,1073741824,45.02,40,31MB / 99.6MB,46.2MB / 154MB
82,2026-09-10T10:12:01.404895+00:00,165,2026-09-10T10:12:01.032257+00:00,false,microservices,order,e5186b55c1fcf5eaa87ab12349a2d9fb6aee46a28c659f24d93f72a691963b70,tcc-microservices-experiment-order-1,82.15,74585211,1073741824,6.95,3,121MB / 50.1MB,7.29MB / 12MB
82,2026-09-10T10:12:01.404895+00:00,165,2026-09-10T10:12:01.032257+00:00,false,microservices,product,bbf79d89e2c471933dfc0d526a87d0eba0fdd767f43dfef425e7d9f405c6bb7f,tcc-microservices-experiment-product-1,0.02,78601257,1073741824,7.32,3,417kB / 282kB,4.32MB / 81.9kB
83,2026-09-10T10:12:02.404897+00:00,167,2026-09-10T10:12:02.032348+00:00,false,microservices,auth,f780a7e85ad977fa9c934377c442b95c2d9be91fbc826434456f2f92aae32a67,tcc-microservices-experiment-auth-1,0.02,79198945,1073741824,7.38,3,45.6kB / 40.3kB,4.19MB / 65.5kB
83,2026-09-10T10:12:02.404897+00:00,167,2026-09-10T10:12:02.032348+00:00,false,microservices,gateway,e212eb445c558bdce72511bdbef9bdd1cc27c78a3d50db325fb169923de4d94b,tcc-microservices-experiment-gateway-1,32.66,460744294,536870912,85.82,79,31.2MB / 41.1MB,32.7MB / 24.5MB
83,2026-09-10T10:12:02.404897+00:00,167,2026-09-10T10:12:02.032348+00:00,false,microservices,mysql,6f1f13f8fd4e5920674bf42b131bfa0eb7cafc9b969900c48c1ca0e8bee362eb,tcc-microservices-experiment-mysql-1,22.77,482869248,1073741824,44.97,40,31.3MB / 100MB,46.2MB / 154MB
83,2026-09-10T10:12:02.404897+00:00,167,2026-09-10T10:12:02.032348+00:00,false,microservices,order,e5186b55c1fcf5eaa87ab12349a2d9fb6aee46a28c659f24d93f72a691963b70,tcc-microservices-experiment-order-1,81.76,74228695,1073741824,6.91,3,122MB / 50.5MB,7.29MB / 12MB
83,2026-09-10T10:12:02.404897+00:00,167,2026-09-10T10:12:02.032348+00:00,false,microservices,product,bbf79d89e2c471933dfc0d526a87d0eba0fdd767f43dfef425e7d9f405c6bb7f,tcc-microservices-experiment-product-1,0.02,78601257,1073741824,7.32,3,417kB / 282kB,4.32MB / 81.9kB
84,2026-09-10T10:12:03.404905+00:00,169,2026-09-10T10:12:03.032270+00:00,false,microservices,auth,f780a7e85ad977fa9c934377c442b95c2d9be91fbc826434456f2f92aae32a67,tcc-microservices-experiment-auth-1,0.01,79198945,1073741824,7.38,3,45.6kB / 40.3kB,4.19MB / 65.5kB
84,2026-09-10T10:12:03.404905+00:00,169,2026-09-10T10:12:03.032270+00:00,false,microservices,gateway,e212eb445c558bdce72511bdbef9bdd1cc27c78a3d50db325fb169923de4d94b,tcc-microservices-experiment-gateway-1,32.16,460429722,536870912,85.77,79,31.5MB / 41.5MB,32.7MB / 24.5MB
84,2026-09-10T10:12:03.404905+00:00,169,2026-09-10T10:12:03.032270+00:00,false,microservices,mysql,6f1f13f8fd4e5920674bf42b131bfa0eb7cafc9b969900c48c1ca0e8bee362eb,tcc-microservices-experiment-mysql-1,26.15,484232397,1073741824,45.1,40,31.5MB / 101MB,46.2MB / 154MB
84,2026-09-10T10:12:03.404905+00:00,169,2026-09-10T10:12:03.032270+00:00,false,microservices,order,e5186b55c1fcf5eaa87ab12349a2d9fb6aee46a28c659f24d93f72a691963b70,tcc-microservices-experiment-order-1,83.66,74260152,1073741824,6.92,3,123MB / 51MB,7.29MB / 12MB
84,2026-09-10T10:12:03.404905+00:00,169,2026-09-10T10:12:03.032270+00:00,false,microservices,product,bbf79d89e2c471933dfc0d526a87d0eba0fdd767f43dfef425e7d9f405c6bb7f,tcc-microservices-experiment-product-1,0.02,78601257,1073741824,7.32,3,417kB / 282kB,4.32MB / 81.9kB
85,2026-09-10T10:12:04.404895+00:00,171,2026-09-10T10:12:04.033263+00:00,false,microservices,auth,f780a7e85ad977fa9c934377c442b95c2d9be91fbc826434456f2f92aae32a67,tcc-microservices-experiment-auth-1,0.01,79198945,1073741824,7.38,3,45.6kB / 40.3kB,4.19MB / 65.5kB
85,2026-09-10T10:12:04.404895+00:00,171,2026-09-10T10:12:04.033263+00:00,false,microservices,gateway,e212eb445c558bdce72511bdbef9bdd1cc27c78a3d50db325fb169923de4d94b,tcc-microservices-experiment-gateway-1,31.7,460849152,536870912,85.85,79,31.7MB / 41.9MB,32.7MB / 24.5MB
85,2026-09-10T10:12:04.404895+00:00,171,2026-09-10T10:12:04.033263+00:00,false,microservices,mysql,6f1f13f8fd4e5920674bf42b131bfa0eb7cafc9b969900c48c1ca0e8bee362eb,tcc-microservices-experiment-mysql-1,22.92,483183821,1073741824,45.0,40,31.8MB / 102MB,46.2MB / 154MB
85,2026-09-10T10:12:04.404895+00:00,171,2026-09-10T10:12:04.033263+00:00,false,microservices,order,e5186b55c1fcf5eaa87ab12349a2d9fb6aee46a28c659f24d93f72a691963b70,tcc-microservices-experiment-order-1,82.51,73956065,1073741824,6.89,3,124MB / 51.4MB,7.29MB / 12MB
85,2026-09-10T10:12:04.404895+00:00,171,2026-09-10T10:12:04.033263+00:00,false,microservices,product,bbf79d89e2c471933dfc0d526a87d0eba0fdd767f43dfef425e7d9f405c6bb7f,tcc-microservices-experiment-product-1,0.02,78601257,1073741824,7.32,3,417kB / 282kB,4.32MB / 81.9kB
86,2026-09-10T10:12:05.404865+00:00,173,2026-09-10T10:12:05.032258+00:00,false,microservices,auth,f780a7e85ad977fa9c934377c442b95c2d9be91fbc826434456f2f92aae32a67,tcc-microservices-experiment-auth-1,0.02,79198945,1073741824,7.38,3,45.6kB / 40.3kB,4.19MB / 65.5kB
86,2026-09-10T10:12:05.404865+00:00,173,2026-09-10T10:12:05.032258+00:00,false,microservices,gateway,e212eb445c558bdce72511bdbef9bdd1cc27c78a3d50db325fb169923de4d94b,tcc-microservices-experiment-gateway-1,32.81,461058867,536870912,85.87,79,32MB / 42.3MB,32.8MB / 24.5MB
86,2026-09-10T10:12:05.404865+00:00,173,2026-09-10T10:12:05.032258+00:00,false,microservices,mysql,6f1f13f8fd4e5920674bf42b131bfa0eb7cafc9b969900c48c1ca0e8bee362eb,tcc-microservices-experiment-mysql-1,27.03,484337254,1073741824,45.1,40,32MB / 103MB,46.2MB / 154MB
86,2026-09-10T10:12:05.404865+00:00,173,2026-09-10T10:12:05.032258+00:00,false,microservices,order,e5186b55c1fcf5eaa87ab12349a2d9fb6aee46a28c659f24d93f72a691963b70,tcc-microservices-experiment-order-1,83.09,73620521,1073741824,6.86,3,125MB / 51.9MB,7.29MB / 12MB
86,2026-09-10T10:12:05.404865+00:00,173,2026-09-10T10:12:05.032258+00:00,false,microservices,product,bbf79d89e2c471933dfc0d526a87d0eba0fdd767f43dfef425e7d9f405c6bb7f,tcc-microservices-experiment-product-1,0.02,78601257,1073741824,7.32,3,417kB / 282kB,4.32MB / 81.9kB
87,2026-09-10T10:12:06.404907+00:00,175,2026-09-10T10:12:06.032970+00:00,false,microservices,auth,f780a7e85ad977fa9c934377c442b95c2d9be91fbc826434456f2f92aae32a67,tcc-microservices-experiment-auth-1,0.02,79198945,1073741824,7.38,3,45.6kB / 40.3kB,4.19MB / 65.5kB
87,2026-09-10T10:12:06.404907+00:00,175,2026-09-10T10:12:06.032970+00:00,false,microservices,gateway,e212eb445c558bdce72511bdbef9bdd1cc27c78a3d50db325fb169923de4d94b,tcc-microservices-experiment-gateway-1,31.62,460639437,536870912,85.8,79,32.3MB / 42.7MB,32.8MB / 24.5MB
87,2026-09-10T10:12:06.404907+00:00,175,2026-09-10T10:12:06.032970+00:00,false,microservices,mysql,6f1f13f8fd4e5920674bf42b131bfa0eb7cafc9b969900c48c1ca0e8bee362eb,tcc-microservices-experiment-mysql-1,23.37,483708109,1073741824,45.05,40,32.3MB / 104MB,46.2MB / 154MB
87,2026-09-10T10:12:06.404907+00:00,175,2026-09-10T10:12:06.032970+00:00,false,microservices,order,e5186b55c1fcf5eaa87ab12349a2d9fb6aee46a28c659f24d93f72a691963b70,tcc-microservices-experiment-order-1,82.32,74102866,1073741824,6.9,3,126MB / 52.3MB,7.29MB / 12MB
87,2026-09-10T10:12:06.404907+00:00,175,2026-09-10T10:12:06.032970+00:00,false,microservices,product,bbf79d89e2c471933dfc0d526a87d0eba0fdd767f43dfef425e7d9f405c6bb7f,tcc-microservices-experiment-product-1,0.02,78601257,1073741824,7.32,3,417kB / 282kB,4.32MB / 81.9kB
88,2026-09-10T10:12:07.404879+00:00,177,2026-09-10T10:12:07.032437+00:00,false,microservices,auth,f780a7e85ad977fa9c934377c442b95c2d9be91fbc826434456f2f92aae32a67,tcc-microservices-experiment-auth-1,0.02,79198945,1073741824,7.38,3,45.6kB / 40.3kB,4.19MB / 65.5kB
88,2026-09-10T10:12:07.404879+00:00,177,2026-09-10T10:12:07.032437+00:00,false,microservices,gateway,e212eb445c558bdce72511bdbef9bdd1cc27c78a3d50db325fb169923de4d94b,tcc-microservices-experiment-gateway-1,32.6,460639437,536870912,85.8,79,32.6MB / 43.1MB,32.8MB / 24.5MB
88,2026-09-10T10:12:07.404879+00:00,177,2026-09-10T10:12:07.032437+00:00,false,microservices,mysql,6f1f13f8fd4e5920674bf42b131bfa0eb7cafc9b969900c48c1ca0e8bee362eb,tcc-microservices-experiment-mysql-1,27.06,483183821,1073741824,45.0,40,32.5MB / 105MB,46.2MB / 154MB
88,2026-09-10T10:12:07.404879+00:00,177,2026-09-10T10:12:07.032437+00:00,false,microservices,order,e5186b55c1fcf5eaa87ab12349a2d9fb6aee46a28c659f24d93f72a691963b70,tcc-microservices-experiment-order-1,82.41,74050437,1073741824,6.9,3,127MB / 52.7MB,7.29MB / 12MB
88,2026-09-10T10:12:07.404879+00:00,177,2026-09-10T10:12:07.032437+00:00,false,microservices,product,bbf79d89e2c471933dfc0d526a87d0eba0fdd767f43dfef425e7d9f405c6bb7f,tcc-microservices-experiment-product-1,0.02,78601257,1073741824,7.32,3,417kB / 282kB,4.32MB / 81.9kB
89,2026-09-10T10:12:08.404891+00:00,179,2026-09-10T10:12:08.032460+00:00,false,microservices,auth,f780a7e85ad977fa9c934377c442b95c2d9be91fbc826434456f2f92aae32a67,tcc-microservices-experiment-auth-1,0.02,79198945,1073741824,7.38,3,45.6kB / 40.3kB,4.19MB / 65.5kB
89,2026-09-10T10:12:08.404891+00:00,179,2026-09-10T10:12:08.032460+00:00,false,microservices,gateway,e212eb445c558bdce72511bdbef9bdd1cc27c78a3d50db325fb169923de4d94b,tcc-microservices-experiment-gateway-1,32.89,460010291,536870912,85.69,79,32.9MB / 43.5MB,32.9MB / 24.5MB
89,2026-09-10T10:12:08.404891+00:00,179,2026-09-10T10:12:08.032460+00:00,false,microservices,mysql,6f1f13f8fd4e5920674bf42b131bfa0eb7cafc9b969900c48c1ca0e8bee362eb,tcc-microservices-experiment-mysql-1,23.29,483183821,1073741824,45.0,40,32.8MB / 106MB,46.2MB / 154MB
89,2026-09-10T10:12:08.404891+00:00,179,2026-09-10T10:12:08.032460+00:00,false,microservices,order,e5186b55c1fcf5eaa87ab12349a2d9fb6aee46a28c659f24d93f72a691963b70,tcc-microservices-experiment-order-1,81.91,74071409,1073741824,6.9,3,128MB / 53.2MB,7.29MB / 12MB
89,2026-09-10T10:12:08.404891+00:00,179,2026-09-10T10:12:08.032460+00:00,false,microservices,product,bbf79d89e2c471933dfc0d526a87d0eba0fdd767f43dfef425e7d9f405c6bb7f,tcc-microservices-experiment-product-1,0.02,78601257,1073741824,7.32,3,417kB / 282kB,4.32MB / 81.9kB
90,2026-09-10T10:12:09.404894+00:00,181,2026-09-10T10:12:09.032478+00:00,false,microservices,auth,f780a7e85ad977fa9c934377c442b95c2d9be91fbc826434456f2f92aae32a67,tcc-microservices-experiment-auth-1,0.02,79198945,1073741824,7.38,3,45.6kB / 40.3kB,4.19MB / 65.5kB
90,2026-09-10T10:12:09.404894+00:00,181,2026-09-10T10:12:09.032478+00:00,false,microservices,gateway,e212eb445c558bdce72511bdbef9bdd1cc27c78a3d50db325fb169923de4d94b,tcc-microservices-experiment-gateway-1,31.4,460115149,536870912,85.71,79,33.2MB / 43.9MB,32.9MB / 24.5MB
90,2026-09-10T10:12:09.404894+00:00,181,2026-09-10T10:12:09.032478+00:00,false,microservices,mysql,6f1f13f8fd4e5920674bf42b131bfa0eb7cafc9b969900c48c1ca0e8bee362eb,tcc-microservices-experiment-mysql-1,26.96,483603251,1073741824,45.04,40,33.1MB / 107MB,46.2MB / 154MB
90,2026-09-10T10:12:09.404894+00:00,181,2026-09-10T10:12:09.032478+00:00,false,microservices,order,e5186b55c1fcf5eaa87ab12349a2d9fb6aee46a28c659f24d93f72a691963b70,tcc-microservices-experiment-order-1,82.16,74134323,1073741824,6.9,3,130MB / 53.6MB,7.29MB / 12MB
90,2026-09-10T10:12:09.404894+00:00,181,2026-09-10T10:12:09.032478+00:00,false,microservices,product,bbf79d89e2c471933dfc0d526a87d0eba0fdd767f43dfef425e7d9f405c6bb7f,tcc-microservices-experiment-product-1,0.02,78601257,1073741824,7.32,3,417kB / 282kB,4.32MB / 81.9kB
91,2026-09-10T10:12:10.404880+00:00,183,2026-09-10T10:12:10.033379+00:00,false,microservices,auth,f780a7e85ad977fa9c934377c442b95c2d9be91fbc826434456f2f92aae32a67,tcc-microservices-experiment-auth-1,0.02,79198945,1073741824,7.38,3,45.6kB / 40.3kB,4.19MB / 65.5kB
91,2026-09-10T10:12:10.404880+00:00,183,2026-09-10T10:12:10.033379+00:00,false,microservices,gateway,e212eb445c558bdce72511bdbef9bdd1cc27c78a3d50db325fb169923de4d94b,tcc-microservices-experiment-gateway-1,30.51,460115149,536870912,85.7,79,33.5MB / 44.3MB,32.9MB / 24.5MB
91,2026-09-10T10:12:10.404880+00:00,183,2026-09-10T10:12:10.033379+00:00,false,microservices,mysql,6f1f13f8fd4e5920674bf42b131bfa0eb7cafc9b969900c48c1ca0e8bee362eb,tcc-microservices-experiment-mysql-1,23.74,483708109,1073741824,45.05,40,33.3MB / 108MB,46.2MB / 154MB
91,2026-09-10T10:12:10.404880+00:00,183,2026-09-10T10:12:10.033379+00:00,false,microservices,order,e5186b55c1fcf5eaa87ab12349a2d9fb6aee46a28c659f24d93f72a691963b70,tcc-microservices-experiment-order-1,81.37,73662464,1073741824,6.86,3,131MB / 54.1MB,7.29MB / 12MB
91,2026-09-10T10:12:10.404880+00:00,183,2026-09-10T10:12:10.033379+00:00,false,microservices,product,bbf79d89e2c471933dfc0d526a87d0eba0fdd767f43dfef425e7d9f405c6bb7f,tcc-microservices-experiment-product-1,0.02,78601257,1073741824,7.32,3,417kB / 282kB,4.32MB / 81.9kB
92,2026-09-10T10:12:11.404875+00:00,185,2026-09-10T10:12:11.032312+00:00,false,microservices,auth,f780a7e85ad977fa9c934377c442b95c2d9be91fbc826434456f2f92aae32a67,tcc-microservices-experiment-auth-1,0.01,79198945,1073741824,7.38,3,45.6kB / 40.3kB,4.19MB / 65.5kB
92,2026-09-10T10:12:11.404875+00:00,185,2026-09-10T10:12:11.032312+00:00,false,microservices,gateway,e212eb445c558bdce72511bdbef9bdd1cc27c78a3d50db325fb169923de4d94b,tcc-microservices-experiment-gateway-1,31.96,460220006,536870912,85.72,79,33.8MB / 44.7MB,32.9MB / 24.5MB
92,2026-09-10T10:12:11.404875+00:00,185,2026-09-10T10:12:11.032312+00:00,false,microservices,mysql,6f1f13f8fd4e5920674bf42b131bfa0eb7cafc9b969900c48c1ca0e8bee362eb,tcc-microservices-experiment-mysql-1,27.01,484022682,1073741824,45.08,40,33.6MB / 109MB,46.2MB / 154MB
92,2026-09-10T10:12:11.404875+00:00,185,2026-09-10T10:12:11.032312+00:00,false,microservices,order,e5186b55c1fcf5eaa87ab12349a2d9fb6aee46a28c659f24d93f72a691963b70,tcc-microservices-experiment-order-1,82.07,74459382,1073741824,6.93,3,132MB / 54.5MB,7.29MB / 12.5MB
92,2026-09-10T10:12:11.404875+00:00,185,2026-09-10T10:12:11.032312+00:00,false,microservices,product,bbf79d89e2c471933dfc0d526a87d0eba0fdd767f43dfef425e7d9f405c6bb7f,tcc-microservices-experiment-product-1,0.02,78601257,1073741824,7.32,3,417kB / 282kB,4.32MB / 81.9kB
93,2026-09-10T10:12:12.404900+00:00,187,2026-09-10T10:12:12.032222+00:00,false,microservices,auth,f780a7e85ad977fa9c934377c442b95c2d9be91fbc826434456f2f92aae32a67,tcc-microservices-experiment-auth-1,0.02,79198945,1073741824,7.38,3,45.6kB / 40.3kB,4.19MB / 65.5kB
93,2026-09-10T10:12:12.404900+00:00,187,2026-09-10T10:12:12.032222+00:00,false,microservices,gateway,e212eb445c558bdce72511bdbef9bdd1cc27c78a3d50db325fb169923de4d94b,tcc-microservices-experiment-gateway-1,31.92,460744294,536870912,85.82,79,34.1MB / 45.1MB,32.9MB / 24.5MB
93,2026-09-10T10:12:12.404900+00:00,187,2026-09-10T10:12:12.032222+00:00,false,microservices,mysql,6f1f13f8fd4e5920674bf42b131bfa0eb7cafc9b969900c48c1ca0e8bee362eb,tcc-microservices-experiment-mysql-1,23.54,483498394,1073741824,45.03,40,33.8MB / 110MB,46.2MB / 154MB
93,2026-09-10T10:12:12.404900+00:00,187,2026-09-10T10:12:12.032222+00:00,false,microservices,order,e5186b55c1fcf5eaa87ab12349a2d9fb6aee46a28c659f24d93f72a691963b70,tcc-microservices-experiment-order-1,81.4,74732012,1073741824,6.96,3,133MB / 55MB,7.29MB / 12.5MB
93,2026-09-10T10:12:12.404900+00:00,187,2026-09-10T10:12:12.032222+00:00,false,microservices,product,bbf79d89e2c471933dfc0d526a87d0eba0fdd767f43dfef425e7d9f405c6bb7f,tcc-microservices-experiment-product-1,0.02,78601257,1073741824,7.32,3,417kB / 282kB,4.32MB / 81.9kB
94,2026-09-10T10:12:13.404906+00:00,189,2026-09-10T10:12:13.031486+00:00,false,microservices,auth,f780a7e85ad977fa9c934377c442b95c2d9be91fbc826434456f2f92aae32a67,tcc-microservices-experiment-auth-1,0.02,79198945,1073741824,7.38,3,45.6kB / 40.3kB,4.19MB / 65.5kB
94,2026-09-10T10:12:13.404906+00:00,189,2026-09-10T10:12:13.031486+00:00,false,microservices,gateway,e212eb445c558bdce72511bdbef9bdd1cc27c78a3d50db325fb169923de4d94b,tcc-microservices-experiment-gateway-1,31.27,460220006,536870912,85.73,79,34.4MB / 45.5MB,33MB / 24.5MB
94,2026-09-10T10:12:13.404906+00:00,189,2026-09-10T10:12:13.031486+00:00,false,microservices,mysql,6f1f13f8fd4e5920674bf42b131bfa0eb7cafc9b969900c48c1ca0e8bee362eb,tcc-microservices-experiment-mysql-1,26.86,484966400,1073741824,45.16,40,34.1MB / 110MB,46.2MB / 154MB
94,2026-09-10T10:12:13.404906+00:00,189,2026-09-10T10:12:13.031486+00:00,false,microservices,order,e5186b55c1fcf5eaa87ab12349a2d9fb6aee46a28c659f24d93f72a691963b70,tcc-microservices-experiment-order-1,82.9,74134323,1073741824,6.9,3,134MB / 55.4MB,7.29MB / 12.5MB
94,2026-09-10T10:12:13.404906+00:00,189,2026-09-10T10:12:13.031486+00:00,false,microservices,product,bbf79d89e2c471933dfc0d526a87d0eba0fdd767f43dfef425e7d9f405c6bb7f,tcc-microservices-experiment-product-1,0.02,78601257,1073741824,7.32,3,417kB / 282kB,4.32MB / 81.9kB
95,2026-09-10T10:12:14.404862+00:00,191,2026-09-10T10:12:14.033016+00:00,false,microservices,auth,f780a7e85ad977fa9c934377c442b95c2d9be91fbc826434456f2f92aae32a67,tcc-microservices-experiment-auth-1,0.02,79198945,1073741824,7.38,3,45.6kB / 40.3kB,4.19MB / 65.5kB
95,2026-09-10T10:12:14.404862+00:00,191,2026-09-10T10:12:14.033016+00:00,false,microservices,gateway,e212eb445c558bdce72511bdbef9bdd1cc27c78a3d50db325fb169923de4d94b,tcc-microservices-experiment-gateway-1,30.49,460324864,536870912,85.75,79,34.7MB / 45.9MB,33MB / 24.5MB
95,2026-09-10T10:12:14.404862+00:00,191,2026-09-10T10:12:14.033016+00:00,false,microservices,mysql,6f1f13f8fd4e5920674bf42b131bfa0eb7cafc9b969900c48c1ca0e8bee362eb,tcc-microservices-experiment-mysql-1,23.9,483708109,1073741824,45.05,40,34.3MB / 111MB,46.2MB / 154MB
95,2026-09-10T10:12:14.404862+00:00,191,2026-09-10T10:12:14.033016+00:00,false,microservices,order,e5186b55c1fcf5eaa87ab12349a2d9fb6aee46a28c659f24d93f72a691963b70,tcc-microservices-experiment-order-1,81.61,74532782,1073741824,6.94,3,135MB / 55.9MB,7.29MB / 12.5MB
95,2026-09-10T10:12:14.404862+00:00,191,2026-09-10T10:12:14.033016+00:00,false,microservices,product,bbf79d89e2c471933dfc0d526a87d0eba0fdd767f43dfef425e7d9f405c6bb7f,tcc-microservices-experiment-product-1,0.02,78601257,1073741824,7.32,3,417kB / 282kB,4.32MB / 81.9kB
96,2026-09-10T10:12:15.404888+00:00,193,2026-09-10T10:12:15.033080+00:00,false,microservices,auth,f780a7e85ad977fa9c934377c442b95c2d9be91fbc826434456f2f92aae32a67,tcc-microservices-experiment-auth-1,0.02,79198945,1073741824,7.38,3,45.6kB / 40.3kB,4.19MB / 65.5kB
96,2026-09-10T10:12:15.404888+00:00,193,2026-09-10T10:12:15.033080+00:00,false,microservices,gateway,e212eb445c558bdce72511bdbef9bdd1cc27c78a3d50db325fb169923de4d94b,tcc-microservices-experiment-gateway-1,30.68,459905434,536870912,85.67,79,35MB / 46.3MB,33MB / 24.5MB
96,2026-09-10T10:12:15.404888+00:00,193,2026-09-10T10:12:15.033080+00:00,false,microservices,mysql,6f1f13f8fd4e5920674bf42b131bfa0eb7cafc9b969900c48c1ca0e8bee362eb,tcc-microservices-experiment-mysql-1,26.98,487587840,1073741824,45.41,41,34.6MB / 112MB,46.2MB / 154MB
96,2026-09-10T10:12:15.404888+00:00,193,2026-09-10T10:12:15.033080+00:00,false,microservices,order,e5186b55c1fcf5eaa87ab12349a2d9fb6aee46a28c659f24d93f72a691963b70,tcc-microservices-experiment-order-1,81.37,74574725,1073741824,6.95,3,136MB / 56.3MB,7.29MB / 12.5MB
96,2026-09-10T10:12:15.404888+00:00,193,2026-09-10T10:12:15.033080+00:00,false,microservices,product,bbf79d89e2c471933dfc0d526a87d0eba0fdd767f43dfef425e7d9f405c6bb7f,tcc-microservices-experiment-product-1,0.02,78601257,1073741824,7.32,3,417kB / 282kB,4.32MB / 81.9kB
97,2026-09-10T10:12:16.404890+00:00,195,2026-09-10T10:12:16.032293+00:00,false,microservices,auth,f780a7e85ad977fa9c934377c442b95c2d9be91fbc826434456f2f92aae32a67,tcc-microservices-experiment-auth-1,0.02,79198945,1073741824,7.38,3,45.6kB / 40.3kB,4.19MB / 65.5kB
97,2026-09-10T10:12:16.404890+00:00,195,2026-09-10T10:12:16.032293+00:00,false,microservices,gateway,e212eb445c558bdce72511bdbef9bdd1cc27c78a3d50db325fb169923de4d94b,tcc-microservices-experiment-gateway-1,31.51,460115149,536870912,85.7,79,35.3MB / 46.7MB,33MB / 24.5MB
97,2026-09-10T10:12:16.404890+00:00,195,2026-09-10T10:12:16.032293+00:00,false,microservices,mysql,6f1f13f8fd4e5920674bf42b131bfa0eb7cafc9b969900c48c1ca0e8bee362eb,tcc-microservices-experiment-mysql-1,23.17,483393536,1073741824,45.02,40,34.9MB / 113MB,46.2MB / 154MB
97,2026-09-10T10:12:16.404890+00:00,195,2026-09-10T10:12:16.032293+00:00,false,microservices,order,e5186b55c1fcf5eaa87ab12349a2d9fb6aee46a28c659f24d93f72a691963b70,tcc-microservices-experiment-order-1,82.61,73924608,1073741824,6.88,3,137MB / 56.8MB,7.29MB / 12.5MB
97,2026-09-10T10:12:16.404890+00:00,195,2026-09-10T10:12:16.032293+00:00,false,microservices,product,bbf79d89e2c471933dfc0d526a87d0eba0fdd767f43dfef425e7d9f405c6bb7f,tcc-microservices-experiment-product-1,0.02,78601257,1073741824,7.32,3,417kB / 282kB,4.32MB / 81.9kB
98,2026-09-10T10:12:17.404880+00:00,197,2026-09-10T10:12:17.032311+00:00,false,microservices,auth,f780a7e85ad977fa9c934377c442b95c2d9be91fbc826434456f2f92aae32a67,tcc-microservices-experiment-auth-1,0.02,79198945,1073741824,7.38,3,45.6kB / 40.3kB,4.19MB / 65.5kB
98,2026-09-10T10:12:17.404880+00:00,197,2026-09-10T10:12:17.032311+00:00,false,microservices,gateway,e212eb445c558bdce72511bdbef9bdd1cc27c78a3d50db325fb169923de4d94b,tcc-microservices-experiment-gateway-1,30.73,460220006,536870912,85.73,79,35.6MB / 47.1MB,33MB / 24.5MB
98,2026-09-10T10:12:17.404880+00:00,197,2026-09-10T10:12:17.032311+00:00,false,microservices,mysql,6f1f13f8fd4e5920674bf42b131bfa0eb7cafc9b969900c48c1ca0e8bee362eb,tcc-microservices-experiment-mysql-1,23.37,483498394,1073741824,45.02,40,35.1MB / 114MB,46.2MB / 154MB
98,2026-09-10T10:12:17.404880+00:00,197,2026-09-10T10:12:17.032311+00:00,false,microservices,order,e5186b55c1fcf5eaa87ab12349a2d9fb6aee46a28c659f24d93f72a691963b70,tcc-microservices-experiment-order-1,80.95,74323067,1073741824,6.92,3,139MB / 57.2MB,7.29MB / 12.5MB
98,2026-09-10T10:12:17.404880+00:00,197,2026-09-10T10:12:17.032311+00:00,false,microservices,product,bbf79d89e2c471933dfc0d526a87d0eba0fdd767f43dfef425e7d9f405c6bb7f,tcc-microservices-experiment-product-1,0.02,78601257,1073741824,7.32,3,417kB / 282kB,4.32MB / 81.9kB
99,2026-09-10T10:12:18.404897+00:00,199,2026-09-10T10:12:18.033203+00:00,false,microservices,auth,f780a7e85ad977fa9c934377c442b95c2d9be91fbc826434456f2f92aae32a67,tcc-microservices-experiment-auth-1,0.02,79198945,1073741824,7.38,3,45.6kB / 40.3kB,4.19MB / 65.5kB
99,2026-09-10T10:12:18.404897+00:00,199,2026-09-10T10:12:18.033203+00:00,false,microservices,gateway,e212eb445c558bdce72511bdbef9bdd1cc27c78a3d50db325fb169923de4d94b,tcc-microservices-experiment-gateway-1,32.86,460115149,536870912,85.71,79,35.9MB / 47.4MB,33MB / 24.6MB
99,2026-09-10T10:12:18.404897+00:00,199,2026-09-10T10:12:18.033203+00:00,false,microservices,mysql,6f1f13f8fd4e5920674bf42b131bfa0eb7cafc9b969900c48c1ca0e8bee362eb,tcc-microservices-experiment-mysql-1,27.41,483603251,1073741824,45.04,40,35.4MB / 115MB,46.2MB / 154MB
99,2026-09-10T10:12:18.404897+00:00,199,2026-09-10T10:12:18.033203+00:00,false,microservices,order,e5186b55c1fcf5eaa87ab12349a2d9fb6aee46a28c659f24d93f72a691963b70,tcc-microservices-experiment-order-1,82.36,73651978,1073741824,6.86,3,140MB / 57.6MB,7.29MB / 12.5MB
99,2026-09-10T10:12:18.404897+00:00,199,2026-09-10T10:12:18.033203+00:00,false,microservices,product,bbf79d89e2c471933dfc0d526a87d0eba0fdd767f43dfef425e7d9f405c6bb7f,tcc-microservices-experiment-product-1,0.02,78601257,1073741824,7.32,3,417kB / 282kB,4.32MB / 81.9kB
100,2026-09-10T10:12:19.404877+00:00,201,2026-09-10T10:12:19.033261+00:00,false,microservices,auth,f780a7e85ad977fa9c934377c442b95c2d9be91fbc826434456f2f92aae32a67,tcc-microservices-experiment-auth-1,0.02,79198945,1073741824,7.38,3,45.6kB / 40.3kB,4.19MB / 65.5kB
100,2026-09-10T10:12:19.404877+00:00,201,2026-09-10T10:12:19.033261+00:00,false,microservices,gateway,e212eb445c558bdce72511bdbef9bdd1cc27c78a3d50db325fb169923de4d94b,tcc-microservices-experiment-gateway-1,31.82,460324864,536870912,85.75,79,36.2MB / 47.8MB,33MB / 24.6MB
100,2026-09-10T10:12:19.404877+00:00,201,2026-09-10T10:12:19.033261+00:00,false,microservices,mysql,6f1f13f8fd4e5920674bf42b131bfa0eb7cafc9b969900c48c1ca0e8bee362eb,tcc-microservices-experiment-mysql-1,22.62,483393536,1073741824,45.02,40,35.6MB / 116MB,46.2MB / 154MB
100,2026-09-10T10:12:19.404877+00:00,201,2026-09-10T10:12:19.033261+00:00,false,microservices,order,e5186b55c1fcf5eaa87ab12349a2d9fb6aee46a28c659f24d93f72a691963b70,tcc-microservices-experiment-order-1,82.27,74553754,1073741824,6.94,3,141MB / 58.1MB,7.29MB / 12.5MB
100,2026-09-10T10:12:19.404877+00:00,201,2026-09-10T10:12:19.033261+00:00,false,microservices,product,bbf79d89e2c471933dfc0d526a87d0eba0fdd767f43dfef425e7d9f405c6bb7f,tcc-microservices-experiment-product-1,0.02,78601257,1073741824,7.32,3,417kB / 282kB,4.32MB / 81.9kB
101,2026-09-10T10:12:20.404883+00:00,203,2026-09-10T10:12:20.032242+00:00,false,microservices,auth,f780a7e85ad977fa9c934377c442b95c2d9be91fbc826434456f2f92aae32a67,tcc-microservices-experiment-auth-1,0.02,79198945,1073741824,7.38,3,45.6kB / 40.3kB,4.19MB / 65.5kB
101,2026-09-10T10:12:20.404883+00:00,203,2026-09-10T10:12:20.032242+00:00,false,microservices,gateway,e212eb445c558bdce72511bdbef9bdd1cc27c78a3d50db325fb169923de4d94b,tcc-microservices-experiment-gateway-1,31.97,460534579,536870912,85.79,79,36.5MB / 48.2MB,33MB / 24.6MB
101,2026-09-10T10:12:20.404883+00:00,203,2026-09-10T10:12:20.032242+00:00,false,microservices,mysql,6f1f13f8fd4e5920674bf42b131bfa0eb7cafc9b969900c48c1ca0e8bee362eb,tcc-microservices-experiment-mysql-1,27.8,483393536,1073741824,45.02,40,35.9MB / 117MB,46.2MB / 154MB
101,2026-09-10T10:12:20.404883+00:00,203,2026-09-10T10:12:20.032242+00:00,false,microservices,order,e5186b55c1fcf5eaa87ab12349a2d9fb6aee46a28c659f24d93f72a691963b70,tcc-microservices-experiment-order-1,81.56,73977037,1073741824,6.89,3,142MB / 58.5MB,7.29MB / 12.5MB
101,2026-09-10T10:12:20.404883+00:00,203,2026-09-10T10:12:20.032242+00:00,false,microservices,product,bbf79d89e2c471933dfc0d526a87d0eba0fdd767f43dfef425e7d9f405c6bb7f,tcc-microservices-experiment-product-1,0.02,78601257,1073741824,7.32,3,417kB / 282kB,4.32MB / 81.9kB
102,2026-09-10T10:12:21.404904+00:00,205,2026-09-10T10:12:21.033219+00:00,false,microservices,auth,f780a7e85ad977fa9c934377c442b95c2d9be91fbc826434456f2f92aae32a67,tcc-microservices-experiment-auth-1,0.02,79198945,1073741824,7.38,3,45.6kB / 40.3kB,4.19MB / 65.5kB
102,2026-09-10T10:12:21.404904+00:00,205,2026-09-10T10:12:21.033219+00:00,false,microservices,gateway,e212eb445c558bdce72511bdbef9bdd1cc27c78a3d50db325fb169923de4d94b,tcc-microservices-experiment-gateway-1,31.16,460744294,536870912,85.82,79,36.8MB / 48.6MB,33MB / 24.6MB
102,2026-09-10T10:12:21.404904+00:00,205,2026-09-10T10:12:21.033219+00:00,false,microservices,mysql,6f1f13f8fd4e5920674bf42b131bfa0eb7cafc9b969900c48c1ca0e8bee362eb,tcc-microservices-experiment-mysql-1,22.96,483498394,1073741824,45.03,40,36.2MB / 118MB,46.2MB / 154MB
102,2026-09-10T10:12:21.404904+00:00,205,2026-09-10T10:12:21.033219+00:00,false,microservices,order,e5186b55c1fcf5eaa87ab12349a2d9fb6aee46a28c659f24d93f72a691963b70,tcc-microservices-experiment-order-1,81.52,74050437,1073741824,6.9,3,143MB / 59MB,7.29MB / 12.5MB
102,2026-09-10T10:12:21.404904+00:00,205,2026-09-10T10:12:21.033219+00:00,false,microservices,product,bbf79d89e2c471933dfc0d526a87d0eba0fdd767f43dfef425e7d9f405c6bb7f,tcc-microservices-experiment-product-1,0.02,78601257,1073741824,7.32,3,417kB / 282kB,4.32MB / 81.9kB
103,2026-09-10T10:12:22.404908+00:00,207,2026-09-10T10:12:22.033424+00:00,false,microservices,auth,f780a7e85ad977fa9c934377c442b95c2d9be91fbc826434456f2f92aae32a67,tcc-microservices-experiment-auth-1,0.02,79198945,1073741824,7.38,3,45.6kB / 40.3kB,4.19MB / 65.5kB
103,2026-09-10T10:12:22.404908+00:00,207,2026-09-10T10:12:22.033424+00:00,false,microservices,gateway,e212eb445c558bdce72511bdbef9bdd1cc27c78a3d50db325fb169923de4d94b,tcc-microservices-experiment-gateway-1,30.2,460639437,536870912,85.8,79,37.1MB / 49MB,33MB / 24.6MB
103,2026-09-10T10:12:22.404908+00:00,207,2026-09-10T10:12:22.033424+00:00,false,microservices,mysql,6f1f13f8fd4e5920674bf42b131bfa0eb7cafc9b969900c48c1ca0e8bee362eb,tcc-microservices-experiment-mysql-1,27.83,483708109,1073741824,45.05,40,36.4MB / 119MB,46.2MB / 154MB
103,2026-09-10T10:12:22.404908+00:00,207,2026-09-10T10:12:22.033424+00:00,false,microservices,order,e5186b55c1fcf5eaa87ab12349a2d9fb6aee46a28c659f24d93f72a691963b70,tcc-microservices-experiment-order-1,81.01,73977037,1073741824,6.89,3,144MB / 59.4MB,7.29MB / 12.5MB
103,2026-09-10T10:12:22.404908+00:00,207,2026-09-10T10:12:22.033424+00:00,false,microservices,product,bbf79d89e2c471933dfc0d526a87d0eba0fdd767f43dfef425e7d9f405c6bb7f,tcc-microservices-experiment-product-1,0.02,78601257,1073741824,7.32,3,417kB / 282kB,4.32MB / 81.9kB
104,2026-09-10T10:12:23.404896+00:00,209,2026-09-10T10:12:23.032360+00:00,false,microservices,auth,f780a7e85ad977fa9c934377c442b95c2d9be91fbc826434456f2f92aae32a67,tcc-microservices-experiment-auth-1,0.02,79198945,1073741824,7.38,3,45.6kB / 40.3kB,4.19MB / 65.5kB
104,2026-09-10T10:12:23.404896+00:00,209,2026-09-10T10:12:23.032360+00:00,false,microservices,gateway,e212eb445c558bdce72511bdbef9bdd1cc27c78a3d50db325fb169923de4d94b,tcc-microservices-experiment-gateway-1,31.63,460744294,536870912,85.82,79,37.4MB / 49.4MB,33MB / 24.6MB
104,2026-09-10T10:12:23.404896+00:00,209,2026-09-10T10:12:23.032360+00:00,false,microservices,mysql,6f1f13f8fd4e5920674bf42b131bfa0eb7cafc9b969900c48c1ca0e8bee362eb,tcc-microservices-experiment-mysql-1,23.27,483917824,1073741824,45.07,40,36.7MB / 120MB,46.2MB / 154MB
104,2026-09-10T10:12:23.404896+00:00,209,2026-09-10T10:12:23.032360+00:00,false,microservices,order,e5186b55c1fcf5eaa87ab12349a2d9fb6aee46a28c659f24d93f72a691963b70,tcc-microservices-experiment-order-1,81.39,74574725,1073741824,6.95,3,145MB / 59.9MB,7.29MB / 12.5MB
104,2026-09-10T10:12:23.404896+00:00,209,2026-09-10T10:12:23.032360+00:00,false,microservices,product,bbf79d89e2c471933dfc0d526a87d0eba0fdd767f43dfef425e7d9f405c6bb7f,tcc-microservices-experiment-product-1,0.02,78601257,1073741824,7.32,3,417kB / 282kB,4.32MB / 81.9kB
105,2026-09-10T10:12:24.404899+00:00,211,2026-09-10T10:12:24.032364+00:00,false,microservices,auth,f780a7e85ad977fa9c934377c442b95c2d9be91fbc826434456f2f92aae32a67,tcc-microservices-experiment-auth-1,0.02,79198945,1073741824,7.38,3,45.6kB / 40.3kB,4.19MB / 65.5kB
105,2026-09-10T10:12:24.404899+00:00,211,2026-09-10T10:12:24.032364+00:00,false,microservices,gateway,e212eb445c558bdce72511bdbef9bdd1cc27c78a3d50db325fb169923de4d94b,tcc-microservices-experiment-gateway-1,31.99,460954010,536870912,85.85,79,37.7MB / 49.8MB,33MB / 24.6MB
105,2026-09-10T10:12:24.404899+00:00,211,2026-09-10T10:12:24.032364+00:00,false,microservices,mysql,6f1f13f8fd4e5920674bf42b131bfa0eb7cafc9b969900c48c1ca0e8bee362eb,tcc-microservices-experiment-mysql-1,27.33,483812966,1073741824,45.06,40,36.9MB / 121MB,46.2MB / 154MB
105,2026-09-10T10:12:24.404899+00:00,211,2026-09-10T10:12:24.032364+00:00,false,microservices,order,e5186b55c1fcf5eaa87ab12349a2d9fb6aee46a28c659f24d93f72a691963b70,tcc-microservices-experiment-order-1,81.72,74794926,1073741824,6.97,3,146MB / 60.3MB,7.29MB / 12.5MB
105,2026-09-10T10:12:24.404899+00:00,211,2026-09-10T10:12:24.032364+00:00,false,microservices,product,bbf79d89e2c471933dfc0d526a87d0eba0fdd767f43dfef425e7d9f405c6bb7f,tcc-microservices-experiment-product-1,0.01,78601257,1073741824,7.32,3,417kB / 282kB,4.32MB / 81.9kB
106,2026-09-10T10:12:25.404917+00:00,213,2026-09-10T10:12:25.032296+00:00,false,microservices,auth,f780a7e85ad977fa9c934377c442b95c2d9be91fbc826434456f2f92aae32a67,tcc-microservices-experiment-auth-1,0.02,79198945,1073741824,7.38,3,45.6kB / 40.3kB,4.19MB / 65.5kB
106,2026-09-10T10:12:25.404917+00:00,213,2026-09-10T10:12:25.032296+00:00,false,microservices,gateway,e212eb445c558bdce72511bdbef9bdd1cc27c78a3d50db325fb169923de4d94b,tcc-microservices-experiment-gateway-1,31.3,460954010,536870912,85.85,79,38MB / 50.2MB,33MB / 24.6MB
106,2026-09-10T10:12:25.404917+00:00,213,2026-09-10T10:12:25.032296+00:00,false,microservices,mysql,6f1f13f8fd4e5920674bf42b131bfa0eb7cafc9b969900c48c1ca0e8bee362eb,tcc-microservices-experiment-mysql-1,23.44,484232397,1073741824,45.1,40,37.2MB / 121MB,46.2MB / 154MB
106,2026-09-10T10:12:25.404917+00:00,213,2026-09-10T10:12:25.032296+00:00,false,microservices,order,e5186b55c1fcf5eaa87ab12349a2d9fb6aee46a28c659f24d93f72a691963b70,tcc-microservices-experiment-order-1,81.82,74637640,1073741824,6.95,3,147MB / 60.8MB,7.29MB / 12.5MB
106,2026-09-10T10:12:25.404917+00:00,213,2026-09-10T10:12:25.032296+00:00,false,microservices,product,bbf79d89e2c471933dfc0d526a87d0eba0fdd767f43dfef425e7d9f405c6bb7f,tcc-microservices-experiment-product-1,0.02,78601257,1073741824,7.32,3,417kB / 282kB,4.32MB / 81.9kB
107,2026-09-10T10:12:26.404899+00:00,215,2026-09-10T10:12:26.032230+00:00,false,microservices,auth,f780a7e85ad977fa9c934377c442b95c2d9be91fbc826434456f2f92aae32a67,tcc-microservices-experiment-auth-1,0.02,79198945,1073741824,7.38,3,45.6kB / 40.3kB,4.19MB / 65.5kB
107,2026-09-10T10:12:26.404899+00:00,215,2026-09-10T10:12:26.032230+00:00,false,microservices,gateway,e212eb445c558bdce72511bdbef9bdd1cc27c78a3d50db325fb169923de4d94b,tcc-microservices-experiment-gateway-1,31.17,460115149,536870912,85.71,79,38.3MB / 50.6MB,33MB / 24.6MB
107,2026-09-10T10:12:26.404899+00:00,215,2026-09-10T10:12:26.032230+00:00,false,microservices,mysql,6f1f13f8fd4e5920674bf42b131bfa0eb7cafc9b969900c48c1ca0e8bee362eb,tcc-microservices-experiment-mysql-1,27.49,483917824,1073741824,45.06,40,37.4MB / 122MB,46.2MB / 154MB
107,2026-09-10T10:12:26.404899+00:00,215,2026-09-10T10:12:26.032230+00:00,false,microservices,order,e5186b55c1fcf5eaa87ab12349a2d9fb6aee46a28c659f24d93f72a691963b70,tcc-microservices-experiment-order-1,81.46,74197238,1073741824,6.91,3,149MB / 61.2MB,7.29MB / 12.5MB
107,2026-09-10T10:12:26.404899+00:00,215,2026-09-10T10:12:26.032230+00:00,false,microservices,product,bbf79d89e2c471933dfc0d526a87d0eba0fdd767f43dfef425e7d9f405c6bb7f,tcc-microservices-experiment-product-1,0.02,78601257,1073741824,7.32,3,417kB / 282kB,4.32MB / 81.9kB
108,2026-09-10T10:12:27.404889+00:00,217,2026-09-10T10:12:27.032335+00:00,false,microservices,auth,f780a7e85ad977fa9c934377c442b95c2d9be91fbc826434456f2f92aae32a67,tcc-microservices-experiment-auth-1,0.01,79198945,1073741824,7.38,3,45.6kB / 40.3kB,4.19MB / 65.5kB
108,2026-09-10T10:12:27.404889+00:00,217,2026-09-10T10:12:27.032335+00:00,false,microservices,gateway,e212eb445c558bdce72511bdbef9bdd1cc27c78a3d50db325fb169923de4d94b,tcc-microservices-experiment-gateway-1,30.74,460220006,536870912,85.72,79,38.6MB / 51MB,33MB / 24.6MB
108,2026-09-10T10:12:27.404889+00:00,217,2026-09-10T10:12:27.032335+00:00,false,microservices,mysql,6f1f13f8fd4e5920674bf42b131bfa0eb7cafc9b969900c48c1ca0e8bee362eb,tcc-microservices-experiment-mysql-1,23.16,483812966,1073741824,45.06,40,37.7MB / 123MB,46.2MB / 154MB
108,2026-09-10T10:12:27.404889+00:00,217,2026-09-10T10:12:27.032335+00:00,false,microservices,order,e5186b55c1fcf5eaa87ab12349a2d9fb6aee46a28c659f24d93f72a691963b70,tcc-microservices-experiment-order-1,81.86,74480353,1073741824,6.94,3,150MB / 61.7MB,7.29MB / 13MB
108,2026-09-10T10:12:27.404889+00:00,217,2026-09-10T10:12:27.032335+00:00,false,microservices,product,bbf79d89e2c471933dfc0d526a87d0eba0fdd767f43dfef425e7d9f405c6bb7f,tcc-microservices-experiment-product-1,0.02,78601257,1073741824,7.32,3,417kB / 282kB,4.32MB / 81.9kB
109,2026-09-10T10:12:28.404863+00:00,219,2026-09-10T10:12:28.032302+00:00,false,microservices,auth,f780a7e85ad977fa9c934377c442b95c2d9be91fbc826434456f2f92aae32a67,tcc-microservices-experiment-auth-1,0.02,79198945,1073741824,7.38,3,45.6kB / 40.3kB,4.19MB / 65.5kB
109,2026-09-10T10:12:28.404863+00:00,219,2026-09-10T10:12:28.032302+00:00,false,microservices,gateway,e212eb445c558bdce72511bdbef9bdd1cc27c78a3d50db325fb169923de4d94b,tcc-microservices-experiment-gateway-1,30.74,460324864,536870912,85.74,79,38.9MB / 51.4MB,33MB / 24.6MB
109,2026-09-10T10:12:28.404863+00:00,219,2026-09-10T10:12:28.032302+00:00,false,microservices,mysql,6f1f13f8fd4e5920674bf42b131bfa0eb7cafc9b969900c48c1ca0e8bee362eb,tcc-microservices-experiment-mysql-1,28.41,483603251,1073741824,45.04,40,37.9MB / 124MB,46.2MB / 154MB
109,2026-09-10T10:12:28.404863+00:00,219,2026-09-10T10:12:28.032302+00:00,false,microservices,order,e5186b55c1fcf5eaa87ab12349a2d9fb6aee46a28c659f24d93f72a691963b70,tcc-microservices-experiment-order-1,81.37,74008494,1073741824,6.89,3,151MB / 62.1MB,7.29MB / 13MB
109,2026-09-10T10:12:28.404863+00:00,219,2026-09-10T10:12:28.032302+00:00,false,microservices,product,bbf79d89e2c471933dfc0d526a87d0eba0fdd767f43dfef425e7d9f405c6bb7f,tcc-microservices-experiment-product-1,0.02,78601257,1073741824,7.32,3,417kB / 282kB,4.32MB / 81.9kB
110,2026-09-10T10:12:29.404883+00:00,221,2026-09-10T10:12:29.032487+00:00,false,microservices,auth,f780a7e85ad977fa9c934377c442b95c2d9be91fbc826434456f2f92aae32a67,tcc-microservices-experiment-auth-1,0.02,79198945,1073741824,7.38,3,45.6kB / 40.3kB,4.19MB / 65.5kB
110,2026-09-10T10:12:29.404883+00:00,221,2026-09-10T10:12:29.032487+00:00,false,microservices,gateway,e212eb445c558bdce72511bdbef9bdd1cc27c78a3d50db325fb169923de4d94b,tcc-microservices-experiment-gateway-1,30.25,460324864,536870912,85.74,79,39.2MB / 51.8MB,33MB / 24.6MB
110,2026-09-10T10:12:29.404883+00:00,221,2026-09-10T10:12:29.032487+00:00,false,microservices,mysql,6f1f13f8fd4e5920674bf42b131bfa0eb7cafc9b969900c48c1ca0e8bee362eb,tcc-microservices-experiment-mysql-1,24.31,482764390,1073741824,44.96,40,38.2MB / 125MB,46.2MB / 154MB
110,2026-09-10T10:12:29.404883+00:00,221,2026-09-10T10:12:29.032487+00:00,false,microservices,order,e5186b55c1fcf5eaa87ab12349a2d9fb6aee46a28c659f24d93f72a691963b70,tcc-microservices-experiment-order-1,80.99,74281124,1073741824,6.92,3,152MB / 62.5MB,7.29MB / 13MB
110,2026-09-10T10:12:29.404883+00:00,221,2026-09-10T10:12:29.032487+00:00,false,microservices,product,bbf79d89e2c471933dfc0d526a87d0eba0fdd767f43dfef425e7d9f405c6bb7f,tcc-microservices-experiment-product-1,0.02,78601257,1073741824,7.32,3,417kB / 282kB,4.32MB / 81.9kB
111,2026-09-10T10:12:30.404898+00:00,223,2026-09-10T10:12:30.032359+00:00,false,microservices,auth,f780a7e85ad977fa9c934377c442b95c2d9be91fbc826434456f2f92aae32a67,tcc-microservices-experiment-auth-1,0.02,79198945,1073741824,7.38,3,45.6kB / 40.3kB,4.19MB / 65.5kB
111,2026-09-10T10:12:30.404898+00:00,223,2026-09-10T10:12:30.032359+00:00,false,microservices,gateway,e212eb445c558bdce72511bdbef9bdd1cc27c78a3d50db325fb169923de4d94b,tcc-microservices-experiment-gateway-1,30.8,460220006,536870912,85.72,79,39.5MB / 52.2MB,33MB / 24.6MB
111,2026-09-10T10:12:30.404898+00:00,223,2026-09-10T10:12:30.032359+00:00,false,microservices,mysql,6f1f13f8fd4e5920674bf42b131bfa0eb7cafc9b969900c48c1ca0e8bee362eb,tcc-microservices-experiment-mysql-1,27.75,484022682,1073741824,45.07,40,38.5MB / 126MB,46.2MB / 154MB
111,2026-09-10T10:12:30.404898+00:00,223,2026-09-10T10:12:30.032359+00:00,false,microservices,order,e5186b55c1fcf5eaa87ab12349a2d9fb6aee46a28c659f24d93f72a691963b70,tcc-microservices-experiment-order-1,81.4,74333553,1073741824,6.92,3,153MB / 63MB,7.29MB / 13MB
111,2026-09-10T10:12:30.404898+00:00,223,2026-09-10T10:12:30.032359+00:00,false,microservices,product,bbf79d89e2c471933dfc0d526a87d0eba0fdd767f43dfef425e7d9f405c6bb7f,tcc-microservices-experiment-product-1,0.02,78601257,1073741824,7.32,3,417kB / 282kB,4.32MB / 81.9kB
112,2026-09-10T10:12:31.404890+00:00,225,2026-09-10T10:12:31.032358+00:00,false,microservices,auth,f780a7e85ad977fa9c934377c442b95c2d9be91fbc826434456f2f92aae32a67,tcc-microservices-experiment-auth-1,0.02,79198945,1073741824,7.38,3,45.6kB / 40.3kB,4.19MB / 65.5kB
112,2026-09-10T10:12:31.404890+00:00,225,2026-09-10T10:12:31.032358+00:00,false,microservices,gateway,e212eb445c558bdce72511bdbef9bdd1cc27c78a3d50db325fb169923de4d94b,tcc-microservices-experiment-gateway-1,33.47,459695718,536870912,85.62,69,39.8MB / 52.6MB,33.2MB / 24.6MB
112,2026-09-10T10:12:31.404890+00:00,225,2026-09-10T10:12:31.032358+00:00,false,microservices,mysql,6f1f13f8fd4e5920674bf42b131bfa0eb7cafc9b969900c48c1ca0e8bee362eb,tcc-microservices-experiment-mysql-1,23.59,482869248,1073741824,44.97,40,38.7MB / 127MB,46.2MB / 154MB
112,2026-09-10T10:12:31.404890+00:00,225,2026-09-10T10:12:31.032358+00:00,false,microservices,order,e5186b55c1fcf5eaa87ab12349a2d9fb6aee46a28c659f24d93f72a691963b70,tcc-microservices-experiment-order-1,81.52,74365010,1073741824,6.93,3,154MB / 63.4MB,7.29MB / 13MB
112,2026-09-10T10:12:31.404890+00:00,225,2026-09-10T10:12:31.032358+00:00,false,microservices,product,bbf79d89e2c471933dfc0d526a87d0eba0fdd767f43dfef425e7d9f405c6bb7f,tcc-microservices-experiment-product-1,0.02,78601257,1073741824,7.32,3,417kB / 282kB,4.32MB / 81.9kB
113,2026-09-10T10:12:32.404898+00:00,227,2026-09-10T10:12:32.033351+00:00,false,microservices,auth,f780a7e85ad977fa9c934377c442b95c2d9be91fbc826434456f2f92aae32a67,tcc-microservices-experiment-auth-1,0.02,79198945,1073741824,7.38,3,45.6kB / 40.3kB,4.19MB / 65.5kB
113,2026-09-10T10:12:32.404898+00:00,227,2026-09-10T10:12:32.033351+00:00,false,microservices,gateway,e212eb445c558bdce72511bdbef9bdd1cc27c78a3d50db325fb169923de4d94b,tcc-microservices-experiment-gateway-1,30.77,459171430,536870912,85.52,69,40.1MB / 52.9MB,33.2MB / 24.6MB
113,2026-09-10T10:12:32.404898+00:00,227,2026-09-10T10:12:32.033351+00:00,false,microservices,mysql,6f1f13f8fd4e5920674bf42b131bfa0eb7cafc9b969900c48c1ca0e8bee362eb,tcc-microservices-experiment-mysql-1,27.6,483183821,1073741824,45.0,40,39MB / 128MB,46.2MB / 154MB
113,2026-09-10T10:12:32.404898+00:00,227,2026-09-10T10:12:32.033351+00:00,false,microservices,order,e5186b55c1fcf5eaa87ab12349a2d9fb6aee46a28c659f24d93f72a691963b70,tcc-microservices-experiment-order-1,82.03,74302095,1073741824,6.92,3,155MB / 63.9MB,7.29MB / 13MB
113,2026-09-10T10:12:32.404898+00:00,227,2026-09-10T10:12:32.033351+00:00,false,microservices,product,bbf79d89e2c471933dfc0d526a87d0eba0fdd767f43dfef425e7d9f405c6bb7f,tcc-microservices-experiment-product-1,0.02,78601257,1073741824,7.32,3,417kB / 282kB,4.32MB / 81.9kB
114,2026-09-10T10:12:33.404903+00:00,229,2026-09-10T10:12:33.031517+00:00,false,microservices,auth,f780a7e85ad977fa9c934377c442b95c2d9be91fbc826434456f2f92aae32a67,tcc-microservices-experiment-auth-1,0.02,79198945,1073741824,7.38,3,45.6kB / 40.3kB,4.19MB / 65.5kB
114,2026-09-10T10:12:33.404903+00:00,229,2026-09-10T10:12:33.031517+00:00,false,microservices,gateway,e212eb445c558bdce72511bdbef9bdd1cc27c78a3d50db325fb169923de4d94b,tcc-microservices-experiment-gateway-1,31.34,460115149,536870912,85.71,69,40.4MB / 53.3MB,33.2MB / 24.6MB
114,2026-09-10T10:12:33.404903+00:00,229,2026-09-10T10:12:33.031517+00:00,false,microservices,mysql,6f1f13f8fd4e5920674bf42b131bfa0eb7cafc9b969900c48c1ca0e8bee362eb,tcc-microservices-experiment-mysql-1,22.64,483078963,1073741824,44.99,40,39.2MB / 129MB,46.2MB / 154MB
114,2026-09-10T10:12:33.404903+00:00,229,2026-09-10T10:12:33.031517+00:00,false,microservices,order,e5186b55c1fcf5eaa87ab12349a2d9fb6aee46a28c659f24d93f72a691963b70,tcc-microservices-experiment-order-1,83.23,74427924,1073741824,6.93,3,156MB / 64.3MB,7.29MB / 13MB
114,2026-09-10T10:12:33.404903+00:00,229,2026-09-10T10:12:33.031517+00:00,false,microservices,product,bbf79d89e2c471933dfc0d526a87d0eba0fdd767f43dfef425e7d9f405c6bb7f,tcc-microservices-experiment-product-1,0.02,78601257,1073741824,7.32,3,417kB / 282kB,4.32MB / 81.9kB
115,2026-09-10T10:12:34.404906+00:00,231,2026-09-10T10:12:34.033358+00:00,false,microservices,auth,f780a7e85ad977fa9c934377c442b95c2d9be91fbc826434456f2f92aae32a67,tcc-microservices-experiment-auth-1,0.02,79198945,1073741824,7.38,3,45.6kB / 40.3kB,4.19MB / 65.5kB
115,2026-09-10T10:12:34.404906+00:00,231,2026-09-10T10:12:34.033358+00:00,false,microservices,gateway,e212eb445c558bdce72511bdbef9bdd1cc27c78a3d50db325fb169923de4d94b,tcc-microservices-experiment-gateway-1,30.89,460010291,536870912,85.68,69,40.7MB / 53.7MB,33.2MB / 24.6MB
115,2026-09-10T10:12:34.404906+00:00,231,2026-09-10T10:12:34.033358+00:00,false,microservices,mysql,6f1f13f8fd4e5920674bf42b131bfa0eb7cafc9b969900c48c1ca0e8bee362eb,tcc-microservices-experiment-mysql-1,26.61,484337254,1073741824,45.11,40,39.5MB / 130MB,46.2MB / 154MB
115,2026-09-10T10:12:34.404906+00:00,231,2026-09-10T10:12:34.033358+00:00,false,microservices,order,e5186b55c1fcf5eaa87ab12349a2d9fb6aee46a28c659f24d93f72a691963b70,tcc-microservices-experiment-order-1,82.19,74375496,1073741824,6.93,3,157MB / 64.7MB,7.29MB / 13MB
115,2026-09-10T10:12:34.404906+00:00,231,2026-09-10T10:12:34.033358+00:00,false,microservices,product,bbf79d89e2c471933dfc0d526a87d0eba0fdd767f43dfef425e7d9f405c6bb7f,tcc-microservices-experiment-product-1,0.02,78601257,1073741824,7.32,3,417kB / 282kB,4.32MB / 81.9kB
116,2026-09-10T10:12:35.404888+00:00,233,2026-09-10T10:12:35.032315+00:00,false,microservices,auth,f780a7e85ad977fa9c934377c442b95c2d9be91fbc826434456f2f92aae32a67,tcc-microservices-experiment-auth-1,0.02,79198945,1073741824,7.38,3,45.6kB / 40.3kB,4.19MB / 65.5kB
116,2026-09-10T10:12:35.404888+00:00,233,2026-09-10T10:12:35.032315+00:00,false,microservices,gateway,e212eb445c558bdce72511bdbef9bdd1cc27c78a3d50db325fb169923de4d94b,tcc-microservices-experiment-gateway-1,30.64,460220006,536870912,85.72,69,41MB / 54.1MB,33.2MB / 24.6MB
116,2026-09-10T10:12:35.404888+00:00,233,2026-09-10T10:12:35.032315+00:00,false,microservices,mysql,6f1f13f8fd4e5920674bf42b131bfa0eb7cafc9b969900c48c1ca0e8bee362eb,tcc-microservices-experiment-mysql-1,23.47,483812966,1073741824,45.06,40,39.7MB / 130MB,46.2MB / 154MB
116,2026-09-10T10:12:35.404888+00:00,233,2026-09-10T10:12:35.032315+00:00,false,microservices,order,e5186b55c1fcf5eaa87ab12349a2d9fb6aee46a28c659f24d93f72a691963b70,tcc-microservices-experiment-order-1,82.09,74878812,1073741824,6.97,3,159MB / 65.2MB,7.29MB / 13MB
116,2026-09-10T10:12:35.404888+00:00,233,2026-09-10T10:12:35.032315+00:00,false,microservices,product,bbf79d89e2c471933dfc0d526a87d0eba0fdd767f43dfef425e7d9f405c6bb7f,tcc-microservices-experiment-product-1,0.02,78601257,1073741824,7.32,3,417kB / 282kB,4.32MB / 81.9kB
117,2026-09-10T10:12:36.404895+00:00,235,2026-09-10T10:12:36.033450+00:00,false,microservices,auth,f780a7e85ad977fa9c934377c442b95c2d9be91fbc826434456f2f92aae32a67,tcc-microservices-experiment-auth-1,0.01,79198945,1073741824,7.38,3,45.6kB / 40.3kB,4.19MB / 65.5kB
117,2026-09-10T10:12:36.404895+00:00,235,2026-09-10T10:12:36.033450+00:00,false,microservices,gateway,e212eb445c558bdce72511bdbef9bdd1cc27c78a3d50db325fb169923de4d94b,tcc-microservices-experiment-gateway-1,31.03,460220006,536870912,85.72,69,41.3MB / 54.5MB,33.2MB / 24.6MB
117,2026-09-10T10:12:36.404895+00:00,235,2026-09-10T10:12:36.033450+00:00,false,microservices,mysql,6f1f13f8fd4e5920674bf42b131bfa0eb7cafc9b969900c48c1ca0e8bee362eb,tcc-microservices-experiment-mysql-1,27.03,483708109,1073741824,45.05,40,40MB / 131MB,46.2MB / 154MB
117,2026-09-10T10:12:36.404895+00:00,235,2026-09-10T10:12:36.033450+00:00,false,microservices,order,e5186b55c1fcf5eaa87ab12349a2d9fb6aee46a28c659f24d93f72a691963b70,tcc-microservices-experiment-order-1,82.98,74018980,1073741824,6.89,3,160MB / 65.6MB,7.29MB / 13MB
117,2026-09-10T10:12:36.404895+00:00,235,2026-09-10T10:12:36.033450+00:00,false,microservices,product,bbf79d89e2c471933dfc0d526a87d0eba0fdd767f43dfef425e7d9f405c6bb7f,tcc-microservices-experiment-product-1,0.02,78601257,1073741824,7.32,3,417kB / 282kB,4.32MB / 81.9kB
118,2026-09-10T10:12:37.404909+00:00,237,2026-09-10T10:12:37.032367+00:00,false,microservices,auth,f780a7e85ad977fa9c934377c442b95c2d9be91fbc826434456f2f92aae32a67,tcc-microservices-experiment-auth-1,0.02,79198945,1073741824,7.38,3,45.6kB / 40.3kB,4.19MB / 65.5kB
118,2026-09-10T10:12:37.404909+00:00,237,2026-09-10T10:12:37.032367+00:00,false,microservices,gateway,e212eb445c558bdce72511bdbef9bdd1cc27c78a3d50db325fb169923de4d94b,tcc-microservices-experiment-gateway-1,32.8,460954010,536870912,85.85,69,41.6MB / 54.9MB,33.2MB / 24.6MB
118,2026-09-10T10:12:37.404909+00:00,237,2026-09-10T10:12:37.032367+00:00,false,microservices,mysql,6f1f13f8fd4e5920674bf42b131bfa0eb7cafc9b969900c48c1ca0e8bee362eb,tcc-microservices-experiment-mysql-1,22.72,483708109,1073741824,45.04,40,40.3MB / 132MB,46.2MB / 154MB
118,2026-09-10T10:12:37.404909+00:00,237,2026-09-10T10:12:37.032367+00:00,false,microservices,order,e5186b55c1fcf5eaa87ab12349a2d9fb6aee46a28c659f24d93f72a691963b70,tcc-microservices-experiment-order-1,82.74,74249667,1073741824,6.92,3,161MB / 66.1MB,7.29MB / 13MB
118,2026-09-10T10:12:37.404909+00:00,237,2026-09-10T10:12:37.032367+00:00,false,microservices,product,bbf79d89e2c471933dfc0d526a87d0eba0fdd767f43dfef425e7d9f405c6bb7f,tcc-microservices-experiment-product-1,0.02,78601257,1073741824,7.32,3,417kB / 282kB,4.32MB / 81.9kB
119,2026-09-10T10:12:38.404879+00:00,239,2026-09-10T10:12:38.032698+00:00,false,microservices,auth,f780a7e85ad977fa9c934377c442b95c2d9be91fbc826434456f2f92aae32a67,tcc-microservices-experiment-auth-1,0.02,79198945,1073741824,7.38,3,45.6kB / 40.3kB,4.19MB / 65.5kB
119,2026-09-10T10:12:38.404879+00:00,239,2026-09-10T10:12:38.032698+00:00,false,microservices,gateway,e212eb445c558bdce72511bdbef9bdd1cc27c78a3d50db325fb169923de4d94b,tcc-microservices-experiment-gateway-1,30.97,460429722,536870912,85.76,69,41.9MB / 55.3MB,33.2MB / 24.6MB
119,2026-09-10T10:12:38.404879+00:00,239,2026-09-10T10:12:38.032698+00:00,false,microservices,mysql,6f1f13f8fd4e5920674bf42b131bfa0eb7cafc9b969900c48c1ca0e8bee362eb,tcc-microservices-experiment-mysql-1,27.72,483812966,1073741824,45.06,40,40.5MB / 133MB,46.2MB / 154MB
119,2026-09-10T10:12:38.404879+00:00,239,2026-09-10T10:12:38.032698+00:00,false,microservices,order,e5186b55c1fcf5eaa87ab12349a2d9fb6aee46a28c659f24d93f72a691963b70,tcc-microservices-experiment-order-1,81.77,74071409,1073741824,6.9,3,162MB / 66.5MB,7.29MB / 13MB
119,2026-09-10T10:12:38.404879+00:00,239,2026-09-10T10:12:38.032698+00:00,false,microservices,product,bbf79d89e2c471933dfc0d526a87d0eba0fdd767f43dfef425e7d9f405c6bb7f,tcc-microservices-experiment-product-1,0.02,78601257,1073741824,7.32,3,417kB / 282kB,4.32MB / 81.9kB
120,2026-09-10T10:12:39.404883+00:00,241,2026-09-10T10:12:39.032022+00:00,false,microservices,auth,f780a7e85ad977fa9c934377c442b95c2d9be91fbc826434456f2f92aae32a67,tcc-microservices-experiment-auth-1,0.02,79198945,1073741824,7.38,3,45.6kB / 40.3kB,4.19MB / 65.5kB
120,2026-09-10T10:12:39.404883+00:00,241,2026-09-10T10:12:39.032022+00:00,false,microservices,gateway,e212eb445c558bdce72511bdbef9bdd1cc27c78a3d50db325fb169923de4d94b,tcc-microservices-experiment-gateway-1,31.45,460744294,536870912,85.82,69,42.2MB / 55.7MB,33.2MB / 24.6MB
120,2026-09-10T10:12:39.404883+00:00,241,2026-09-10T10:12:39.032022+00:00,false,microservices,mysql,6f1f13f8fd4e5920674bf42b131bfa0eb7cafc9b969900c48c1ca0e8bee362eb,tcc-microservices-experiment-mysql-1,22.57,483078963,1073741824,44.99,40,40.8MB / 134MB,46.2MB / 154MB
120,2026-09-10T10:12:39.404883+00:00,241,2026-09-10T10:12:39.032022+00:00,false,microservices,order,e5186b55c1fcf5eaa87ab12349a2d9fb6aee46a28c659f24d93f72a691963b70,tcc-microservices-experiment-order-1,82.27,74836869,1073741824,6.97,3,163MB / 67MB,7.29MB / 13MB
120,2026-09-10T10:12:39.404883+00:00,241,2026-09-10T10:12:39.032022+00:00,false,microservices,product,bbf79d89e2c471933dfc0d526a87d0eba0fdd767f43dfef425e7d9f405c6bb7f,tcc-microservices-experiment-product-1,0.02,78601257,1073741824,7.32,3,417kB / 282kB,4.32MB / 81.9kB
