sample_index,captured_at_utc,docker_refresh_sequence,docker_refresh_captured_at_utc,docker_refresh_reused,architecture,service,container_id,container_name,cpu_percent,memory_used_bytes,memory_limit_bytes,memory_percent,pids,network_io,block_io
1,2026-09-10T09:56:22.481566+00:00,3,2026-09-10T09:56:22.110504+00:00,false,microservices,auth,1b60e10ee695f9dcfb03a9d04bfde13d6955ac928053bd761558072de724550f,tcc-microservices-experiment-auth-1,0.02,79356232,1073741824,7.39,3,45.5kB / 40.3kB,4.35MB / 65.5kB
1,2026-09-10T09:56:22.481566+00:00,3,2026-09-10T09:56:22.110504+00:00,false,microservices,gateway,20b464e5323b98cbc1acc5600f7d765fcaecdb82a0e6ceee386e63634ddb3975,tcc-microservices-experiment-gateway-1,0.18,470600909,536870912,87.65,82,8.05MB / 10.6MB,31.7MB / 184kB
1,2026-09-10T09:56:22.481566+00:00,3,2026-09-10T09:56:22.110504+00:00,false,microservices,mysql,c4515c95185bb3909985d4131858b9128b5306bf18a543a2feaec3c2990a7330,tcc-microservices-experiment-mysql-1,0.89,540331213,1073741824,50.32,40,11.4MB / 30.2MB,44.6MB / 119MB
1,2026-09-10T09:56:22.481566+00:00,3,2026-09-10T09:56:22.110504+00:00,false,microservices,order,8303f145c0c0dc03e1ecd9fb3e168d8f52baf168eaf0232fd28f9e78ba006bad,tcc-microservices-experiment-order-1,0.03,77783368,1073741824,7.24,3,35.4MB / 16.1MB,7.54MB / 77.8kB
1,2026-09-10T09:56:22.481566+00:00,3,2026-09-10T09:56:22.110504+00:00,false,microservices,product,1ea1e324af40f1eef8fcb99e256faadbdf9a37d775eba987641970aed9232ac6,tcc-microservices-experiment-product-1,0.02,78601257,1073741824,7.32,3,416kB / 282kB,4.49MB / 81.9kB
2,2026-09-10T09:56:23.481544+00:00,5,2026-09-10T09:56:23.112428+00:00,false,microservices,auth,1b60e10ee695f9dcfb03a9d04bfde13d6955ac928053bd761558072de724550f,tcc-microservices-experiment-auth-1,0.02,79356232,1073741824,7.39,3,45.5kB / 40.3kB,4.35MB / 65.5kB
2,2026-09-10T09:56:23.481544+00:00,5,2026-09-10T09:56:23.112428+00:00,false,microservices,gateway,20b464e5323b98cbc1acc5600f7d765fcaecdb82a0e6ceee386e63634ddb3975,tcc-microservices-experiment-gateway-1,0.13,470600909,536870912,87.65,82,8.05MB / 10.6MB,31.7MB / 184kB
2,2026-09-10T09:56:23.481544+00:00,5,2026-09-10T09:56:23.112428+00:00,false,microservices,mysql,c4515c95185bb3909985d4131858b9128b5306bf18a543a2feaec3c2990a7330,tcc-microservices-experiment-mysql-1,5.04,540540928,1073741824,50.34,40,11.4MB / 30.2MB,44.6MB / 119MB
2,2026-09-10T09:56:23.481544+00:00,5,2026-09-10T09:56:23.112428+00:00,false,microservices,order,8303f145c0c0dc03e1ecd9fb3e168d8f52baf168eaf0232fd28f9e78ba006bad,tcc-microservices-experiment-order-1,0.02,77783368,1073741824,7.24,3,35.4MB / 16.1MB,7.54MB / 77.8kB
2,2026-09-10T09:56:23.481544+00:00,5,2026-09-10T09:56:23.112428+00:00,false,microservices,product,1ea1e324af40f1eef8fcb99e256faadbdf9a37d775eba987641970aed9232ac6,tcc-microservices-experiment-product-1,0.02,78601257,1073741824,7.32,3,416kB / 282kB,4.49MB / 81.9kB
3,2026-09-10T09:56:24.481543+00:00,7,2026-09-10T09:56:24.110537+00:00,false,microservices,auth,1b60e10ee695f9dcfb03a9d04bfde13d6955ac928053bd761558072de724550f,tcc-microservices-experiment-auth-1,0.03,79356232,1073741824,7.39,3,45.5kB / 40.3kB,4.35MB / 65.5kB
3,2026-09-10T09:56:24.481543+00:00,7,2026-09-10T09:56:24.110537+00:00,false,microservices,gateway,20b464e5323b98cbc1acc5600f7d765fcaecdb82a0e6ceee386e63634ddb3975,tcc-microservices-experiment-gateway-1,63.39,473851494,536870912,88.26,82,8.16MB / 10.7MB,31.7MB / 184kB
3,2026-09-10T09:56:24.481543+00:00,7,2026-09-10T09:56:24.110537+00:00,false,microservices,mysql,c4515c95185bb3909985d4131858b9128b5306bf18a543a2feaec3c2990a7330,tcc-microservices-experiment-mysql-1,11.35,541484646,1073741824,50.43,40,11.5MB / 30.5MB,44.6MB / 119MB
3,2026-09-10T09:56:24.481543+00:00,7,2026-09-10T09:56:24.110537+00:00,false,microservices,order,8303f145c0c0dc03e1ecd9fb3e168d8f52baf168eaf0232fd28f9e78ba006bad,tcc-microservices-experiment-order-1,45.17,79461089,1073741824,7.4,3,35.7MB / 16.2MB,7.54MB / 77.8kB
3,2026-09-10T09:56:24.481543+00:00,7,2026-09-10T09:56:24.110537+00:00,false,microservices,product,1ea1e324af40f1eef8fcb99e256faadbdf9a37d775eba987641970aed9232ac6,tcc-microservices-experiment-product-1,0.02,78601257,1073741824,7.32,3,416kB / 282kB,4.49MB / 81.9kB
4,2026-09-10T09:56:25.481534+00:00,9,2026-09-10T09:56:25.112321+00:00,false,microservices,auth,1b60e10ee695f9dcfb03a9d04bfde13d6955ac928053bd761558072de724550f,tcc-microservices-experiment-auth-1,0.02,79356232,1073741824,7.39,3,45.5kB / 40.3kB,4.35MB / 65.5kB
4,2026-09-10T09:56:25.481534+00:00,9,2026-09-10T09:56:25.112321+00:00,false,microservices,gateway,20b464e5323b98cbc1acc5600f7d765fcaecdb82a0e6ceee386e63634ddb3975,tcc-microservices-experiment-gateway-1,56.01,474375782,536870912,88.36,82,8.37MB / 11MB,31.7MB / 184kB
4,2026-09-10T09:56:25.481534+00:00,9,2026-09-10T09:56:25.112321+00:00,false,microservices,mysql,c4515c95185bb3909985d4131858b9128b5306bf18a543a2feaec3c2990a7330,tcc-microservices-experiment-mysql-1,18.48,540855501,1073741824,50.37,40,11.6MB / 31MB,44.6MB / 119MB
4,2026-09-10T09:56:25.481534+00:00,9,2026-09-10T09:56:25.112321+00:00,false,microservices,order,8303f145c0c0dc03e1ecd9fb3e168d8f52baf168eaf0232fd28f9e78ba006bad,tcc-microservices-experiment-order-1,51.8,79324774,1073741824,7.39,3,36.4MB / 16.5MB,7.54MB / 77.8kB
4,2026-09-10T09:56:25.481534+00:00,9,2026-09-10T09:56:25.112321+00:00,false,microservices,product,1ea1e324af40f1eef8fcb99e256faadbdf9a37d775eba987641970aed9232ac6,tcc-microservices-experiment-product-1,0.02,78601257,1073741824,7.32,3,416kB / 282kB,4.49MB / 81.9kB
5,2026-09-10T09:56:26.481541+00:00,11,2026-09-10T09:56:26.110402+00:00,false,microservices,auth,1b60e10ee695f9dcfb03a9d04bfde13d6955ac928053bd761558072de724550f,tcc-microservices-experiment-auth-1,0.02,79356232,1073741824,7.39,3,45.5kB / 40.3kB,4.35MB / 65.5kB
5,2026-09-10T09:56:26.481541+00:00,11,2026-09-10T09:56:26.110402+00:00,false,microservices,gateway,20b464e5323b98cbc1acc5600f7d765fcaecdb82a0e6ceee386e63634ddb3975,tcc-microservices-experiment-gateway-1,48.7,474270925,536870912,88.33,82,8.65MB / 11.4MB,31.7MB / 184kB
5,2026-09-10T09:56:26.481541+00:00,11,2026-09-10T09:56:26.110402+00:00,false,microservices,mysql,c4515c95185bb3909985d4131858b9128b5306bf18a543a2feaec3c2990a7330,tcc-microservices-experiment-mysql-1,22.56,541274931,1073741824,50.41,40,11.8MB / 31.8MB,44.6MB / 119MB
5,2026-09-10T09:56:26.481541+00:00,11,2026-09-10T09:56:26.110402+00:00,false,microservices,order,8303f145c0c0dc03e1ecd9fb3e168d8f52baf168eaf0232fd28f9e78ba006bad,tcc-microservices-experiment-order-1,82.28,80583066,1073741824,7.5,3,37.4MB / 16.9MB,7.54MB / 77.8kB
5,2026-09-10T09:56:26.481541+00:00,11,2026-09-10T09:56:26.110402+00:00,false,microservices,product,1ea1e324af40f1eef8fcb99e256faadbdf9a37d775eba987641970aed9232ac6,tcc-microservices-experiment-product-1,0.02,78601257,1073741824,7.32,3,416kB / 282kB,4.49MB / 81.9kB
6,2026-09-10T09:56:27.481566+00:00,13,2026-09-10T09:56:27.112184+00:00,false,microservices,auth,1b60e10ee695f9dcfb03a9d04bfde13d6955ac928053bd761558072de724550f,tcc-microservices-experiment-auth-1,0.02,79356232,1073741824,7.39,3,45.5kB / 40.3kB,4.35MB / 65.5kB
6,2026-09-10T09:56:27.481566+00:00,13,2026-09-10T09:56:27.112184+00:00,false,microservices,gateway,20b464e5323b98cbc1acc5600f7d765fcaecdb82a0e6ceee386e63634ddb3975,tcc-microservices-experiment-gateway-1,65.56,474375782,536870912,88.36,82,8.93MB / 11.8MB,31.7MB / 197kB
6,2026-09-10T09:56:27.481566+00:00,13,2026-09-10T09:56:27.112184+00:00,false,microservices,mysql,c4515c95185bb3909985d4131858b9128b5306bf18a543a2feaec3c2990a7330,tcc-microservices-experiment-mysql-1,25.94,541065216,1073741824,50.39,40,12.1MB / 32.7MB,44.6MB / 119MB
6,2026-09-10T09:56:27.481566+00:00,13,2026-09-10T09:56:27.112184+00:00,false,microservices,order,8303f145c0c0dc03e1ecd9fb3e168d8f52baf168eaf0232fd28f9e78ba006bad,tcc-microservices-experiment-order-1,83.56,80625009,1073741824,7.51,3,38.5MB / 17.3MB,7.54MB / 77.8kB
6,2026-09-10T09:56:27.481566+00:00,13,2026-09-10T09:56:27.112184+00:00,false,microservices,product,1ea1e324af40f1eef8fcb99e256faadbdf9a37d775eba987641970aed9232ac6,tcc-microservices-experiment-product-1,0.01,78601257,1073741824,7.32,3,416kB / 282kB,4.49MB / 81.9kB
7,2026-09-10T09:56:28.481555+00:00,15,2026-09-10T09:56:28.110286+00:00,false,microservices,auth,1b60e10ee695f9dcfb03a9d04bfde13d6955ac928053bd761558072de724550f,tcc-microservices-experiment-auth-1,0.02,79356232,1073741824,7.39,3,45.5kB / 40.3kB,4.35MB / 65.5kB
7,2026-09-10T09:56:28.481555+00:00,15,2026-09-10T09:56:28.110286+00:00,false,microservices,gateway,20b464e5323b98cbc1acc5600f7d765fcaecdb82a0e6ceee386e63634ddb3975,tcc-microservices-experiment-gateway-1,70.53,473956352,536870912,88.27,82,9.22MB / 12.1MB,31.7MB / 197kB
7,2026-09-10T09:56:28.481555+00:00,15,2026-09-10T09:56:28.110286+00:00,false,microservices,mysql,c4515c95185bb3909985d4131858b9128b5306bf18a543a2feaec3c2990a7330,tcc-microservices-experiment-mysql-1,22.25,540645786,1073741824,50.35,40,12.3MB / 33.6MB,44.6MB / 119MB
7,2026-09-10T09:56:28.481555+00:00,15,2026-09-10T09:56:28.110286+00:00,false,microservices,order,8303f145c0c0dc03e1ecd9fb3e168d8f52baf168eaf0232fd28f9e78ba006bad,tcc-microservices-experiment-order-1,82.89,80331407,1073741824,7.48,3,39.6MB / 17.8MB,7.54MB / 77.8kB
7,2026-09-10T09:56:28.481555+00:00,15,2026-09-10T09:56:28.110286+00:00,false,microservices,product,1ea1e324af40f1eef8fcb99e256faadbdf9a37d775eba987641970aed9232ac6,tcc-microservices-experiment-product-1,0.02,78601257,1073741824,7.32,3,416kB / 282kB,4.49MB / 81.9kB
8,2026-09-10T09:56:29.481558+00:00,17,2026-09-10T09:56:29.111509+00:00,false,microservices,auth,1b60e10ee695f9dcfb03a9d04bfde13d6955ac928053bd761558072de724550f,tcc-microservices-experiment-auth-1,0.02,79356232,1073741824,7.39,3,45.5kB / 40.3kB,4.35MB / 65.5kB
8,2026-09-10T09:56:29.481558+00:00,17,2026-09-10T09:56:29.111509+00:00,false,microservices,gateway,20b464e5323b98cbc1acc5600f7d765fcaecdb82a0e6ceee386e63634ddb3975,tcc-microservices-experiment-gateway-1,42.65,474166067,536870912,88.32,82,9.51MB / 12.5MB,31.7MB / 197kB
8,2026-09-10T09:56:29.481558+00:00,17,2026-09-10T09:56:29.111509+00:00,false,microservices,mysql,c4515c95185bb3909985d4131858b9128b5306bf18a543a2feaec3c2990a7330,tcc-microservices-experiment-mysql-1,27.23,541065216,1073741824,50.4,40,12.6MB / 34.5MB,44.6MB / 119MB
8,2026-09-10T09:56:29.481558+00:00,17,2026-09-10T09:56:29.111509+00:00,false,microservices,order,8303f145c0c0dc03e1ecd9fb3e168d8f52baf168eaf0232fd28f9e78ba006bad,tcc-microservices-experiment-order-1,82.83,80687923,1073741824,7.51,3,40.7MB / 18.2MB,7.54MB / 77.8kB
8,2026-09-10T09:56:29.481558+00:00,17,2026-09-10T09:56:29.111509+00:00,false,microservices,product,1ea1e324af40f1eef8fcb99e256faadbdf9a37d775eba987641970aed9232ac6,tcc-microservices-experiment-product-1,0.01,78601257,1073741824,7.32,3,416kB / 282kB,4.49MB / 81.9kB
9,2026-09-10T09:56:30.481565+00:00,19,2026-09-10T09:56:30.110570+00:00,false,microservices,auth,1b60e10ee695f9dcfb03a9d04bfde13d6955ac928053bd761558072de724550f,tcc-microservices-experiment-auth-1,0.02,79356232,1073741824,7.39,3,45.5kB / 40.3kB,4.35MB / 65.5kB
9,2026-09-10T09:56:30.481565+00:00,19,2026-09-10T09:56:30.110570+00:00,false,microservices,gateway,20b464e5323b98cbc1acc5600f7d765fcaecdb82a0e6ceee386e63634ddb3975,tcc-microservices-experiment-gateway-1,41.69,473746637,536870912,88.24,82,9.8MB / 12.9MB,31.7MB / 197kB
9,2026-09-10T09:56:30.481565+00:00,19,2026-09-10T09:56:30.110570+00:00,false,microservices,mysql,c4515c95185bb3909985d4131858b9128b5306bf18a543a2feaec3c2990a7330,tcc-microservices-experiment-mysql-1,22.84,541589504,1073741824,50.44,40,12.8MB / 35.4MB,44.6MB / 119MB
9,2026-09-10T09:56:30.481565+00:00,19,2026-09-10T09:56:30.110570+00:00,false,microservices,order,8303f145c0c0dc03e1ecd9fb3e168d8f52baf168eaf0232fd28f9e78ba006bad,tcc-microservices-experiment-order-1,82.38,80813752,1073741824,7.53,3,41.7MB / 18.6MB,7.54MB / 77.8kB
9,2026-09-10T09:56:30.481565+00:00,19,2026-09-10T09:56:30.110570+00:00,false,microservices,product,1ea1e324af40f1eef8fcb99e256faadbdf9a37d775eba987641970aed9232ac6,tcc-microservices-experiment-product-1,0.02,78601257,1073741824,7.32,3,416kB / 282kB,4.49MB / 81.9kB
10,2026-09-10T09:56:31.481525+00:00,21,2026-09-10T09:56:31.111365+00:00,false,microservices,auth,1b60e10ee695f9dcfb03a9d04bfde13d6955ac928053bd761558072de724550f,tcc-microservices-experiment-auth-1,0.02,79356232,1073741824,7.39,3,45.5kB / 40.3kB,4.35MB / 65.5kB
10,2026-09-10T09:56:31.481525+00:00,21,2026-09-10T09:56:31.111365+00:00,false,microservices,gateway,20b464e5323b98cbc1acc5600f7d765fcaecdb82a0e6ceee386e63634ddb3975,tcc-microservices-experiment-gateway-1,43.38,474585498,536870912,88.39,82,10.1MB / 13.3MB,31.7MB / 197kB
10,2026-09-10T09:56:31.481525+00:00,21,2026-09-10T09:56:31.111365+00:00,false,microservices,mysql,c4515c95185bb3909985d4131858b9128b5306bf18a543a2feaec3c2990a7330,tcc-microservices-experiment-mysql-1,27.78,541484646,1073741824,50.43,40,13.1MB / 36.2MB,44.6MB / 119MB
10,2026-09-10T09:56:31.481525+00:00,21,2026-09-10T09:56:31.111365+00:00,false,microservices,order,8303f145c0c0dc03e1ecd9fb3e168d8f52baf168eaf0232fd28f9e78ba006bad,tcc-microservices-experiment-order-1,82.44,80855695,1073741824,7.53,3,42.8MB / 19.1MB,7.54MB / 77.8kB
10,2026-09-10T09:56:31.481525+00:00,21,2026-09-10T09:56:31.111365+00:00,false,microservices,product,1ea1e324af40f1eef8fcb99e256faadbdf9a37d775eba987641970aed9232ac6,tcc-microservices-experiment-product-1,0.02,78601257,1073741824,7.32,3,416kB / 282kB,4.49MB / 81.9kB
11,2026-09-10T09:56:32.481536+00:00,23,2026-09-10T09:56:32.110503+00:00,false,microservices,auth,1b60e10ee695f9dcfb03a9d04bfde13d6955ac928053bd761558072de724550f,tcc-microservices-experiment-auth-1,0.02,79356232,1073741824,7.39,3,45.5kB / 40.3kB,4.35MB / 65.5kB
11,2026-09-10T09:56:32.481536+00:00,23,2026-09-10T09:56:32.110503+00:00,false,microservices,gateway,20b464e5323b98cbc1acc5600f7d765fcaecdb82a0e6ceee386e63634ddb3975,tcc-microservices-experiment-gateway-1,43.11,475109786,536870912,88.5,82,10.4MB / 13.7MB,31.7MB / 197kB
11,2026-09-10T09:56:32.481536+00:00,23,2026-09-10T09:56:32.110503+00:00,false,microservices,mysql,c4515c95185bb3909985d4131858b9128b5306bf18a543a2feaec3c2990a7330,tcc-microservices-experiment-mysql-1,22.6,540960358,1073741824,50.39,40,13.3MB / 37.1MB,44.6MB / 119MB
11,2026-09-10T09:56:32.481536+00:00,23,2026-09-10T09:56:32.110503+00:00,false,microservices,order,8303f145c0c0dc03e1ecd9fb3e168d8f52baf168eaf0232fd28f9e78ba006bad,tcc-microservices-experiment-order-1,83.38,80855695,1073741824,7.53,3,43.8MB / 19.5MB,7.54MB / 77.8kB
11,2026-09-10T09:56:32.481536+00:00,23,2026-09-10T09:56:32.110503+00:00,false,microservices,product,1ea1e324af40f1eef8fcb99e256faadbdf9a37d775eba987641970aed9232ac6,tcc-microservices-experiment-product-1,0.02,78601257,1073741824,7.32,3,416kB / 282kB,4.49MB / 81.9kB
12,2026-09-10T09:56:33.481535+00:00,25,2026-09-10T09:56:33.111348+00:00,false,microservices,auth,1b60e10ee695f9dcfb03a9d04bfde13d6955ac928053bd761558072de724550f,tcc-microservices-experiment-auth-1,0.02,79356232,1073741824,7.39,3,45.5kB / 40.3kB,4.35MB / 65.5kB
12,2026-09-10T09:56:33.481535+00:00,25,2026-09-10T09:56:33.111348+00:00,false,microservices,gateway,20b464e5323b98cbc1acc5600f7d765fcaecdb82a0e6ceee386e63634ddb3975,tcc-microservices-experiment-gateway-1,50.77,474480640,536870912,88.38,82,10.7MB / 14MB,31.7MB / 197kB
12,2026-09-10T09:56:33.481535+00:00,25,2026-09-10T09:56:33.111348+00:00,false,microservices,mysql,c4515c95185bb3909985d4131858b9128b5306bf18a543a2feaec3c2990a7330,tcc-microservices-experiment-mysql-1,26.69,541170074,1073741824,50.4,40,13.6MB / 38MB,44.6MB / 119MB
12,2026-09-10T09:56:33.481535+00:00,25,2026-09-10T09:56:33.111348+00:00,false,microservices,order,8303f145c0c0dc03e1ecd9fb3e168d8f52baf168eaf0232fd28f9e78ba006bad,tcc-microservices-experiment-order-1,83.24,81600184,1073741824,7.6,3,45MB / 19.9MB,7.54MB / 77.8kB
12,2026-09-10T09:56:33.481535+00:00,25,2026-09-10T09:56:33.111348+00:00,false,microservices,product,1ea1e324af40f1eef8fcb99e256faadbdf9a37d775eba987641970aed9232ac6,tcc-microservices-experiment-product-1,0.02,78601257,1073741824,7.32,3,416kB / 282kB,4.49MB / 81.9kB
13,2026-09-10T09:56:34.481539+00:00,27,2026-09-10T09:56:34.111253+00:00,false,microservices,auth,1b60e10ee695f9dcfb03a9d04bfde13d6955ac928053bd761558072de724550f,tcc-microservices-experiment-auth-1,0.02,79356232,1073741824,7.39,3,45.5kB / 40.3kB,4.35MB / 65.5kB
13,2026-09-10T09:56:34.481539+00:00,27,2026-09-10T09:56:34.111253+00:00,false,microservices,gateway,20b464e5323b98cbc1acc5600f7d765fcaecdb82a0e6ceee386e63634ddb3975,tcc-microservices-experiment-gateway-1,68.85,473746637,536870912,88.23,82,10.9MB / 14.4MB,31.7MB / 197kB
13,2026-09-10T09:56:34.481539+00:00,27,2026-09-10T09:56:34.111253+00:00,false,microservices,mysql,c4515c95185bb3909985d4131858b9128b5306bf18a543a2feaec3c2990a7330,tcc-microservices-experiment-mysql-1,22.96,541379789,1073741824,50.42,40,13.8MB / 38.9MB,44.6MB / 119MB
13,2026-09-10T09:56:34.481539+00:00,27,2026-09-10T09:56:34.111253+00:00,false,microservices,order,8303f145c0c0dc03e1ecd9fb3e168d8f52baf168eaf0232fd28f9e78ba006bad,tcc-microservices-experiment-order-1,81.84,81296097,1073741824,7.57,3,46.1MB / 20.4MB,7.54MB / 77.8kB
13,2026-09-10T09:56:34.481539+00:00,27,2026-09-10T09:56:34.111253+00:00,false,microservices,product,1ea1e324af40f1eef8fcb99e256faadbdf9a37d775eba987641970aed9232ac6,tcc-microservices-experiment-product-1,0.02,78601257,1073741824,7.32,3,416kB / 282kB,4.49MB / 81.9kB
14,2026-09-10T09:56:35.481533+00:00,29,2026-09-10T09:56:35.111447+00:00,false,microservices,auth,1b60e10ee695f9dcfb03a9d04bfde13d6955ac928053bd761558072de724550f,tcc-microservices-experiment-auth-1,0.02,79356232,1073741824,7.39,3,45.5kB / 40.3kB,4.35MB / 65.5kB
14,2026-09-10T09:56:35.481533+00:00,29,2026-09-10T09:56:35.111447+00:00,false,microservices,gateway,20b464e5323b98cbc1acc5600f7d765fcaecdb82a0e6ceee386e63634ddb3975,tcc-microservices-experiment-gateway-1,92.05,474480640,536870912,88.38,82,11.2MB / 14.8MB,31.7MB / 197kB
14,2026-09-10T09:56:35.481533+00:00,29,2026-09-10T09:56:35.111447+00:00,false,microservices,mysql,c4515c95185bb3909985d4131858b9128b5306bf18a543a2feaec3c2990a7330,tcc-microservices-experiment-mysql-1,27.6,540750643,1073741824,50.36,40,14.1MB / 39.8MB,44.6MB / 119MB
14,2026-09-10T09:56:35.481533+00:00,29,2026-09-10T09:56:35.111447+00:00,false,microservices,order,8303f145c0c0dc03e1ecd9fb3e168d8f52baf168eaf0232fd28f9e78ba006bad,tcc-microservices-experiment-order-1,82.21,81222697,1073741824,7.56,3,47.1MB / 20.8MB,7.54MB / 77.8kB
14,2026-09-10T09:56:35.481533+00:00,29,2026-09-10T09:56:35.111447+00:00,false,microservices,product,1ea1e324af40f1eef8fcb99e256faadbdf9a37d775eba987641970aed9232ac6,tcc-microservices-experiment-product-1,0.02,78601257,1073741824,7.32,3,416kB / 282kB,4.49MB / 81.9kB
15,2026-09-10T09:56:36.481532+00:00,31,2026-09-10T09:56:36.111574+00:00,false,microservices,auth,1b60e10ee695f9dcfb03a9d04bfde13d6955ac928053bd761558072de724550f,tcc-microservices-experiment-auth-1,0.02,79356232,1073741824,7.39,3,45.5kB / 40.3kB,4.35MB / 65.5kB
15,2026-09-10T09:56:36.481532+00:00,31,2026-09-10T09:56:36.111574+00:00,false,microservices,gateway,20b464e5323b98cbc1acc5600f7d765fcaecdb82a0e6ceee386e63634ddb3975,tcc-microservices-experiment-gateway-1,101.72,474900070,536870912,88.46,82,11.5MB / 15.2MB,31.7MB / 197kB
15,2026-09-10T09:56:36.481532+00:00,31,2026-09-10T09:56:36.111574+00:00,false,microservices,mysql,c4515c95185bb3909985d4131858b9128b5306bf18a543a2feaec3c2990a7330,tcc-microservices-experiment-mysql-1,22.58,541484646,1073741824,50.43,40,14.3MB / 40.6MB,44.6MB / 119MB
15,2026-09-10T09:56:36.481532+00:00,31,2026-09-10T09:56:36.111574+00:00,false,microservices,order,8303f145c0c0dc03e1ecd9fb3e168d8f52baf168eaf0232fd28f9e78ba006bad,tcc-microservices-experiment-order-1,82.77,81841357,1073741824,7.62,3,48.2MB / 21.2MB,7.54MB / 77.8kB
15,2026-09-10T09:56:36.481532+00:00,31,2026-09-10T09:56:36.111574+00:00,false,microservices,product,1ea1e324af40f1eef8fcb99e256faadbdf9a37d775eba987641970aed9232ac6,tcc-microservices-experiment-product-1,0.02,78601257,1073741824,7.32,3,416kB / 282kB,4.49MB / 81.9kB
16,2026-09-10T09:56:37.481549+00:00,33,2026-09-10T09:56:37.111379+00:00,false,microservices,auth,1b60e10ee695f9dcfb03a9d04bfde13d6955ac928053bd761558072de724550f,tcc-microservices-experiment-auth-1,0.02,79356232,1073741824,7.39,3,45.5kB / 40.3kB,4.35MB / 65.5kB
16,2026-09-10T09:56:37.481549+00:00,33,2026-09-10T09:56:37.111379+00:00,false,microservices,gateway,20b464e5323b98cbc1acc5600f7d765fcaecdb82a0e6ceee386e63634ddb3975,tcc-microservices-experiment-gateway-1,72.13,474795213,536870912,88.44,82,11.8MB / 15.6MB,31.7MB / 197kB
16,2026-09-10T09:56:37.481549+00:00,33,2026-09-10T09:56:37.111379+00:00,false,microservices,mysql,c4515c95185bb3909985d4131858b9128b5306bf18a543a2feaec3c2990a7330,tcc-microservices-experiment-mysql-1,26.5,541274931,1073741824,50.41,40,14.6MB / 41.5MB,44.6MB / 119MB
16,2026-09-10T09:56:37.481549+00:00,33,2026-09-10T09:56:37.111379+00:00,false,microservices,order,8303f145c0c0dc03e1ecd9fb3e168d8f52baf168eaf0232fd28f9e78ba006bad,tcc-microservices-experiment-order-1,83.01,81746985,1073741824,7.61,3,49.3MB / 21.7MB,7.54MB / 77.8kB
16,2026-09-10T09:56:37.481549+00:00,33,2026-09-10T09:56:37.111379+00:00,false,microservices,product,1ea1e324af40f1eef8fcb99e256faadbdf9a37d775eba987641970aed9232ac6,tcc-microservices-experiment-product-1,0.02,78601257,1073741824,7.32,3,416kB / 282kB,4.49MB / 81.9kB
17,2026-09-10T09:56:38.481562+00:00,35,2026-09-10T09:56:38.111419+00:00,false,microservices,auth,1b60e10ee695f9dcfb03a9d04bfde13d6955ac928053bd761558072de724550f,tcc-microservices-experiment-auth-1,0.02,79356232,1073741824,7.39,3,45.5kB / 40.3kB,4.35MB / 65.5kB
17,2026-09-10T09:56:38.481562+00:00,35,2026-09-10T09:56:38.111419+00:00,false,microservices,gateway,20b464e5323b98cbc1acc5600f7d765fcaecdb82a0e6ceee386e63634ddb3975,tcc-microservices-experiment-gateway-1,38.09,474690355,536870912,88.42,82,12.1MB / 16MB,31.7MB / 197kB
17,2026-09-10T09:56:38.481562+00:00,35,2026-09-10T09:56:38.111419+00:00,false,microservices,mysql,c4515c95185bb3909985d4131858b9128b5306bf18a543a2feaec3c2990a7330,tcc-microservices-experiment-mysql-1,23.71,540855501,1073741824,50.37,40,14.8MB / 42.4MB,44.6MB / 119MB
17,2026-09-10T09:56:38.481562+00:00,35,2026-09-10T09:56:38.111419+00:00,false,microservices,order,8303f145c0c0dc03e1ecd9fb3e168d8f52baf168eaf0232fd28f9e78ba006bad,tcc-microservices-experiment-order-1,81.4,82061558,1073741824,7.64,3,50.4MB / 22.1MB,7.54MB / 77.8kB
17,2026-09-10T09:56:38.481562+00:00,35,2026-09-10T09:56:38.111419+00:00,false,microservices,product,1ea1e324af40f1eef8fcb99e256faadbdf9a37d775eba987641970aed9232ac6,tcc-microservices-experiment-product-1,0.01,78601257,1073741824,7.32,3,416kB / 282kB,4.49MB / 81.9kB
18,2026-09-10T09:56:39.481569+00:00,37,2026-09-10T09:56:39.110377+00:00,false,microservices,auth,1b60e10ee695f9dcfb03a9d04bfde13d6955ac928053bd761558072de724550f,tcc-microservices-experiment-auth-1,0.02,79356232,1073741824,7.39,3,45.5kB / 40.3kB,4.35MB / 65.5kB
18,2026-09-10T09:56:39.481569+00:00,37,2026-09-10T09:56:39.110377+00:00,false,microservices,gateway,20b464e5323b98cbc1acc5600f7d765fcaecdb82a0e6ceee386e63634ddb3975,tcc-microservices-experiment-gateway-1,75.27,484651827,536870912,90.28,82,12.4MB / 16.3MB,31.7MB / 197kB
18,2026-09-10T09:56:39.481569+00:00,37,2026-09-10T09:56:39.110377+00:00,false,microservices,mysql,c4515c95185bb3909985d4131858b9128b5306bf18a543a2feaec3c2990a7330,tcc-microservices-experiment-mysql-1,27.93,541170074,1073741824,50.4,40,15.1MB / 43.3MB,44.6MB / 119MB
18,2026-09-10T09:56:39.481569+00:00,37,2026-09-10T09:56:39.110377+00:00,false,microservices,order,8303f145c0c0dc03e1ecd9fb3e168d8f52baf168eaf0232fd28f9e78ba006bad,tcc-microservices-experiment-order-1,81.49,81809900,1073741824,7.62,3,51.5MB / 22.5MB,7.54MB / 77.8kB
18,2026-09-10T09:56:39.481569+00:00,37,2026-09-10T09:56:39.110377+00:00,false,microservices,product,1ea1e324af40f1eef8fcb99e256faadbdf9a37d775eba987641970aed9232ac6,tcc-microservices-experiment-product-1,0.02,78601257,1073741824,7.32,3,416kB / 282kB,4.49MB / 81.9kB
19,2026-09-10T09:56:40.481557+00:00,39,2026-09-10T09:56:40.110260+00:00,false,microservices,auth,1b60e10ee695f9dcfb03a9d04bfde13d6955ac928053bd761558072de724550f,tcc-microservices-experiment-auth-1,0.02,79356232,1073741824,7.39,3,45.5kB / 40.3kB,4.35MB / 65.5kB
19,2026-09-10T09:56:40.481557+00:00,39,2026-09-10T09:56:40.110260+00:00,false,microservices,gateway,20b464e5323b98cbc1acc5600f7d765fcaecdb82a0e6ceee386e63634ddb3975,tcc-microservices-experiment-gateway-1,40.43,485176115,536870912,90.37,82,12.7MB / 16.7MB,31.7MB / 197kB
19,2026-09-10T09:56:40.481557+00:00,39,2026-09-10T09:56:40.110260+00:00,false,microservices,mysql,c4515c95185bb3909985d4131858b9128b5306bf18a543a2feaec3c2990a7330,tcc-microservices-experiment-mysql-1,23.87,541484646,1073741824,50.43,40,15.3MB / 44.2MB,44.6MB / 119MB
19,2026-09-10T09:56:40.481557+00:00,39,2026-09-10T09:56:40.110260+00:00,false,microservices,order,8303f145c0c0dc03e1ecd9fb3e168d8f52baf168eaf0232fd28f9e78ba006bad,tcc-microservices-experiment-order-1,81.13,81746985,1073741824,7.61,3,52.6MB / 22.9MB,7.54MB / 77.8kB
19,2026-09-10T09:56:40.481557+00:00,39,2026-09-10T09:56:40.110260+00:00,false,microservices,product,1ea1e324af40f1eef8fcb99e256faadbdf9a37d775eba987641970aed9232ac6,tcc-microservices-experiment-product-1,0.02,78601257,1073741824,7.32,3,416kB / 282kB,4.49MB / 81.9kB
20,2026-09-10T09:56:41.481569+00:00,41,2026-09-10T09:56:41.110346+00:00,false,microservices,auth,1b60e10ee695f9dcfb03a9d04bfde13d6955ac928053bd761558072de724550f,tcc-microservices-experiment-auth-1,0.02,79356232,1073741824,7.39,3,45.5kB / 40.3kB,4.35MB / 65.5kB
20,2026-09-10T09:56:41.481569+00:00,41,2026-09-10T09:56:41.110346+00:00,false,microservices,gateway,20b464e5323b98cbc1acc5600f7d765fcaecdb82a0e6ceee386e63634ddb3975,tcc-microservices-experiment-gateway-1,46.95,473956352,536870912,88.28,82,13MB / 17.1MB,31.7MB / 197kB
20,2026-09-10T09:56:41.481569+00:00,41,2026-09-10T09:56:41.110346+00:00,false,microservices,mysql,c4515c95185bb3909985d4131858b9128b5306bf18a543a2feaec3c2990a7330,tcc-microservices-experiment-mysql-1,27.19,541274931,1073741824,50.41,40,15.6MB / 45.1MB,44.6MB / 121MB
20,2026-09-10T09:56:41.481569+00:00,41,2026-09-10T09:56:41.110346+00:00,false,microservices,order,8303f145c0c0dc03e1ecd9fb3e168d8f52baf168eaf0232fd28f9e78ba006bad,tcc-microservices-experiment-order-1,83.12,81547756,1073741824,7.59,3,53.7MB / 23.4MB,7.54MB / 77.8kB
20,2026-09-10T09:56:41.481569+00:00,41,2026-09-10T09:56:41.110346+00:00,false,microservices,product,1ea1e324af40f1eef8fcb99e256faadbdf9a37d775eba987641970aed9232ac6,tcc-microservices-experiment-product-1,0.02,78601257,1073741824,7.32,3,416kB / 282kB,4.49MB / 81.9kB
21,2026-09-10T09:56:42.481553+00:00,43,2026-09-10T09:56:42.111449+00:00,false,microservices,auth,1b60e10ee695f9dcfb03a9d04bfde13d6955ac928053bd761558072de724550f,tcc-microservices-experiment-auth-1,0.02,79356232,1073741824,7.39,3,45.5kB / 40.3kB,4.35MB / 65.5kB
21,2026-09-10T09:56:42.481553+00:00,43,2026-09-10T09:56:42.111449+00:00,false,microservices,gateway,20b464e5323b98cbc1acc5600f7d765fcaecdb82a0e6ceee386e63634ddb3975,tcc-microservices-experiment-gateway-1,81.04,473956352,536870912,88.29,82,13.3MB / 17.5MB,31.7MB / 213kB
21,2026-09-10T09:56:42.481553+00:00,43,2026-09-10T09:56:42.111449+00:00,false,microservices,mysql,c4515c95185bb3909985d4131858b9128b5306bf18a543a2feaec3c2990a7330,tcc-microservices-experiment-mysql-1,22.27,540960358,1073741824,50.38,40,15.8MB / 46MB,44.6MB / 121MB
21,2026-09-10T09:56:42.481553+00:00,43,2026-09-10T09:56:42.111449+00:00,false,microservices,order,8303f145c0c0dc03e1ecd9fb3e168d8f52baf168eaf0232fd28f9e78ba006bad,tcc-microservices-experiment-order-1,82.65,81516298,1073741824,7.59,3,54.8MB / 23.8MB,7.54MB / 77.8kB
21,2026-09-10T09:56:42.481553+00:00,43,2026-09-10T09:56:42.111449+00:00,false,microservices,product,1ea1e324af40f1eef8fcb99e256faadbdf9a37d775eba987641970aed9232ac6,tcc-microservices-experiment-product-1,0.02,78601257,1073741824,7.32,3,416kB / 282kB,4.49MB / 81.9kB
22,2026-09-10T09:56:43.481556+00:00,45,2026-09-10T09:56:43.111248+00:00,false,microservices,auth,1b60e10ee695f9dcfb03a9d04bfde13d6955ac928053bd761558072de724550f,tcc-microservices-experiment-auth-1,0.02,79356232,1073741824,7.39,3,45.5kB / 40.3kB,4.35MB / 65.5kB
22,2026-09-10T09:56:43.481556+00:00,45,2026-09-10T09:56:43.111248+00:00,false,microservices,gateway,20b464e5323b98cbc1acc5600f7d765fcaecdb82a0e6ceee386e63634ddb3975,tcc-microservices-experiment-gateway-1,67.46,473956352,536870912,88.27,82,13.6MB / 17.9MB,31.7MB / 213kB
22,2026-09-10T09:56:43.481556+00:00,45,2026-09-10T09:56:43.111248+00:00,false,microservices,mysql,c4515c95185bb3909985d4131858b9128b5306bf18a543a2feaec3c2990a7330,tcc-microservices-experiment-mysql-1,26.76,541484646,1073741824,50.43,40,16.1MB / 46.9MB,44.6MB / 121MB
22,2026-09-10T09:56:43.481556+00:00,45,2026-09-10T09:56:43.111248+00:00,false,microservices,order,8303f145c0c0dc03e1ecd9fb3e168d8f52baf168eaf0232fd28f9e78ba006bad,tcc-microservices-experiment-order-1,83.51,81851843,1073741824,7.62,3,55.9MB / 24.3MB,7.54MB / 77.8kB
22,2026-09-10T09:56:43.481556+00:00,45,2026-09-10T09:56:43.111248+00:00,false,microservices,product,1ea1e324af40f1eef8fcb99e256faadbdf9a37d775eba987641970aed9232ac6,tcc-microservices-experiment-product-1,0.02,78601257,1073741824,7.32,3,416kB / 282kB,4.49MB / 81.9kB
23,2026-09-10T09:56:44.481534+00:00,47,2026-09-10T09:56:44.111220+00:00,false,microservices,auth,1b60e10ee695f9dcfb03a9d04bfde13d6955ac928053bd761558072de724550f,tcc-microservices-experiment-auth-1,0.01,79356232,1073741824,7.39,3,45.5kB / 40.3kB,4.35MB / 65.5kB
23,2026-09-10T09:56:44.481534+00:00,47,2026-09-10T09:56:44.111220+00:00,false,microservices,gateway,20b464e5323b98cbc1acc5600f7d765fcaecdb82a0e6ceee386e63634ddb3975,tcc-microservices-experiment-gateway-1,56.28,473851494,536870912,88.25,82,13.9MB / 18.3MB,31.7MB / 213kB
23,2026-09-10T09:56:44.481534+00:00,47,2026-09-10T09:56:44.111220+00:00,false,microservices,mysql,c4515c95185bb3909985d4131858b9128b5306bf18a543a2feaec3c2990a7330,tcc-microservices-experiment-mysql-1,23.51,541065216,1073741824,50.39,40,16.3MB / 47.7MB,44.6MB / 121MB
23,2026-09-10T09:56:44.481534+00:00,47,2026-09-10T09:56:44.111220+00:00,false,microservices,order,8303f145c0c0dc03e1ecd9fb3e168d8f52baf168eaf0232fd28f9e78ba006bad,tcc-microservices-experiment-order-1,81.35,82019615,1073741824,7.64,3,57MB / 24.7MB,7.54MB / 77.8kB
23,2026-09-10T09:56:44.481534+00:00,47,2026-09-10T09:56:44.111220+00:00,false,microservices,product,1ea1e324af40f1eef8fcb99e256faadbdf9a37d775eba987641970aed9232ac6,tcc-microservices-experiment-product-1,0.02,78601257,1073741824,7.32,3,416kB / 282kB,4.49MB / 81.9kB
24,2026-09-10T09:56:45.481569+00:00,49,2026-09-10T09:56:45.110336+00:00,false,microservices,auth,1b60e10ee695f9dcfb03a9d04bfde13d6955ac928053bd761558072de724550f,tcc-microservices-experiment-auth-1,0.02,79356232,1073741824,7.39,3,45.5kB / 40.3kB,4.35MB / 65.5kB
24,2026-09-10T09:56:45.481569+00:00,49,2026-09-10T09:56:45.110336+00:00,false,microservices,gateway,20b464e5323b98cbc1acc5600f7d765fcaecdb82a0e6ceee386e63634ddb3975,tcc-microservices-experiment-gateway-1,36.34,474375782,536870912,88.36,82,14.1MB / 18.7MB,31.7MB / 213kB
24,2026-09-10T09:56:45.481569+00:00,49,2026-09-10T09:56:45.110336+00:00,false,microservices,mysql,c4515c95185bb3909985d4131858b9128b5306bf18a543a2feaec3c2990a7330,tcc-microservices-experiment-mysql-1,27.41,541589504,1073741824,50.44,40,16.6MB / 48.6MB,44.6MB / 121MB
24,2026-09-10T09:56:45.481569+00:00,49,2026-09-10T09:56:45.110336+00:00,false,microservices,order,8303f145c0c0dc03e1ecd9fb3e168d8f52baf168eaf0232fd28f9e78ba006bad,tcc-microservices-experiment-order-1,81.97,81809900,1073741824,7.62,3,58.1MB / 25.1MB,7.54MB / 77.8kB
24,2026-09-10T09:56:45.481569+00:00,49,2026-09-10T09:56:45.110336+00:00,false,microservices,product,1ea1e324af40f1eef8fcb99e256faadbdf9a37d775eba987641970aed9232ac6,tcc-microservices-experiment-product-1,0.02,78601257,1073741824,7.32,3,416kB / 282kB,4.49MB / 81.9kB
25,2026-09-10T09:56:46.481554+00:00,51,2026-09-10T09:56:46.110278+00:00,false,microservices,auth,1b60e10ee695f9dcfb03a9d04bfde13d6955ac928053bd761558072de724550f,tcc-microservices-experiment-auth-1,0.02,79356232,1073741824,7.39,3,45.5kB / 40.3kB,4.35MB / 65.5kB
25,2026-09-10T09:56:46.481554+00:00,51,2026-09-10T09:56:46.110278+00:00,false,microservices,gateway,20b464e5323b98cbc1acc5600f7d765fcaecdb82a0e6ceee386e63634ddb3975,tcc-microservices-experiment-gateway-1,50.41,474166067,536870912,88.33,82,14.4MB / 19MB,31.7MB / 213kB
25,2026-09-10T09:56:46.481554+00:00,51,2026-09-10T09:56:46.110278+00:00,false,microservices,mysql,c4515c95185bb3909985d4131858b9128b5306bf18a543a2feaec3c2990a7330,tcc-microservices-experiment-mysql-1,23.62,540645786,1073741824,50.35,40,16.8MB / 49.5MB,44.6MB / 121MB
25,2026-09-10T09:56:46.481554+00:00,51,2026-09-10T09:56:46.110278+00:00,false,microservices,order,8303f145c0c0dc03e1ecd9fb3e168d8f52baf168eaf0232fd28f9e78ba006bad,tcc-microservices-experiment-order-1,81.43,83015762,1073741824,7.73,3,59.2MB / 25.6MB,7.54MB / 77.8kB
25,2026-09-10T09:56:46.481554+00:00,51,2026-09-10T09:56:46.110278+00:00,false,microservices,product,1ea1e324af40f1eef8fcb99e256faadbdf9a37d775eba987641970aed9232ac6,tcc-microservices-experiment-product-1,0.01,78601257,1073741824,7.32,3,416kB / 282kB,4.49MB / 81.9kB
26,2026-09-10T09:56:47.481525+00:00,53,2026-09-10T09:56:47.110276+00:00,false,microservices,auth,1b60e10ee695f9dcfb03a9d04bfde13d6955ac928053bd761558072de724550f,tcc-microservices-experiment-auth-1,0.02,79356232,1073741824,7.39,3,45.5kB / 40.3kB,4.35MB / 65.5kB
26,2026-09-10T09:56:47.481525+00:00,53,2026-09-10T09:56:47.110276+00:00,false,microservices,gateway,20b464e5323b98cbc1acc5600f7d765fcaecdb82a0e6ceee386e63634ddb3975,tcc-microservices-experiment-gateway-1,49.8,473851494,536870912,88.26,82,14.7MB / 19.4MB,31.7MB / 213kB
26,2026-09-10T09:56:47.481525+00:00,53,2026-09-10T09:56:47.110276+00:00,false,microservices,mysql,c4515c95185bb3909985d4131858b9128b5306bf18a543a2feaec3c2990a7330,tcc-microservices-experiment-mysql-1,26.44,541379789,1073741824,50.42,40,17.1MB / 50.4MB,44.6MB / 121MB
26,2026-09-10T09:56:47.481525+00:00,53,2026-09-10T09:56:47.110276+00:00,false,microservices,order,8303f145c0c0dc03e1ecd9fb3e168d8f52baf168eaf0232fd28f9e78ba006bad,tcc-microservices-experiment-order-1,83.83,82176901,1073741824,7.65,3,60.2MB / 26MB,7.54MB / 77.8kB
26,2026-09-10T09:56:47.481525+00:00,53,2026-09-10T09:56:47.110276+00:00,false,microservices,product,1ea1e324af40f1eef8fcb99e256faadbdf9a37d775eba987641970aed9232ac6,tcc-microservices-experiment-product-1,0.02,78601257,1073741824,7.32,3,416kB / 282kB,4.49MB / 81.9kB
27,2026-09-10T09:56:48.481526+00:00,55,2026-09-10T09:56:48.110235+00:00,false,microservices,auth,1b60e10ee695f9dcfb03a9d04bfde13d6955ac928053bd761558072de724550f,tcc-microservices-experiment-auth-1,0.02,79356232,1073741824,7.39,3,45.5kB / 40.3kB,4.35MB / 65.5kB
27,2026-09-10T09:56:48.481526+00:00,55,2026-09-10T09:56:48.110235+00:00,false,microservices,gateway,20b464e5323b98cbc1acc5600f7d765fcaecdb82a0e6ceee386e63634ddb3975,tcc-microservices-experiment-gateway-1,52.65,474270925,536870912,88.34,82,15MB / 19.8MB,31.7MB / 213kB
27,2026-09-10T09:56:48.481526+00:00,55,2026-09-10T09:56:48.110235+00:00,false,microservices,mysql,c4515c95185bb3909985d4131858b9128b5306bf18a543a2feaec3c2990a7330,tcc-microservices-experiment-mysql-1,22.68,540645786,1073741824,50.35,40,17.3MB / 51.3MB,44.6MB / 121MB
27,2026-09-10T09:56:48.481526+00:00,55,2026-09-10T09:56:48.110235+00:00,false,microservices,order,8303f145c0c0dc03e1ecd9fb3e168d8f52baf168eaf0232fd28f9e78ba006bad,tcc-microservices-experiment-order-1,83.13,82145444,1073741824,7.65,3,61.3MB / 26.4MB,7.54MB / 77.8kB
27,2026-09-10T09:56:48.481526+00:00,55,2026-09-10T09:56:48.110235+00:00,false,microservices,product,1ea1e324af40f1eef8fcb99e256faadbdf9a37d775eba987641970aed9232ac6,tcc-microservices-experiment-product-1,0.02,78601257,1073741824,7.32,3,416kB / 282kB,4.49MB / 81.9kB
28,2026-09-10T09:56:49.481563+00:00,57,2026-09-10T09:56:49.110336+00:00,false,microservices,auth,1b60e10ee695f9dcfb03a9d04bfde13d6955ac928053bd761558072de724550f,tcc-microservices-experiment-auth-1,0.02,79356232,1073741824,7.39,3,45.5kB / 40.3kB,4.35MB / 65.5kB
28,2026-09-10T09:56:49.481563+00:00,57,2026-09-10T09:56:49.110336+00:00,false,microservices,gateway,20b464e5323b98cbc1acc5600f7d765fcaecdb82a0e6ceee386e63634ddb3975,tcc-microservices-experiment-gateway-1,53.18,474585498,536870912,88.4,82,15.3MB / 20.2MB,31.7MB / 213kB
28,2026-09-10T09:56:49.481563+00:00,57,2026-09-10T09:56:49.110336+00:00,false,microservices,mysql,c4515c95185bb3909985d4131858b9128b5306bf18a543a2feaec3c2990a7330,tcc-microservices-experiment-mysql-1,27.27,540960358,1073741824,50.38,40,17.6MB / 52.2MB,44.6MB / 121MB
28,2026-09-10T09:56:49.481563+00:00,57,2026-09-10T09:56:49.110336+00:00,false,microservices,order,8303f145c0c0dc03e1ecd9fb3e168d8f52baf168eaf0232fd28f9e78ba006bad,tcc-microservices-experiment-order-1,82.77,82313216,1073741824,7.67,3,62.4MB / 26.9MB,7.54MB / 77.8kB
28,2026-09-10T09:56:49.481563+00:00,57,2026-09-10T09:56:49.110336+00:00,false,microservices,product,1ea1e324af40f1eef8fcb99e256faadbdf9a37d775eba987641970aed9232ac6,tcc-microservices-experiment-product-1,0.02,78601257,1073741824,7.32,3,416kB / 282kB,4.49MB / 81.9kB
29,2026-09-10T09:56:50.481536+00:00,59,2026-09-10T09:56:50.110504+00:00,false,microservices,auth,1b60e10ee695f9dcfb03a9d04bfde13d6955ac928053bd761558072de724550f,tcc-microservices-experiment-auth-1,0.02,79356232,1073741824,7.39,3,45.5kB / 40.3kB,4.35MB / 65.5kB
29,2026-09-10T09:56:50.481536+00:00,59,2026-09-10T09:56:50.110504+00:00,false,microservices,gateway,20b464e5323b98cbc1acc5600f7d765fcaecdb82a0e6ceee386e63634ddb3975,tcc-microservices-experiment-gateway-1,56.51,475004928,536870912,88.48,82,15.6MB / 20.6MB,31.7MB / 213kB
29,2026-09-10T09:56:50.481536+00:00,59,2026-09-10T09:56:50.110504+00:00,false,microservices,mysql,c4515c95185bb3909985d4131858b9128b5306bf18a543a2feaec3c2990a7330,tcc-microservices-experiment-mysql-1,23.72,541065216,1073741824,50.4,40,17.8MB / 53.1MB,44.6MB / 121MB
29,2026-09-10T09:56:50.481536+00:00,59,2026-09-10T09:56:50.110504+00:00,false,microservices,order,8303f145c0c0dc03e1ecd9fb3e168d8f52baf168eaf0232fd28f9e78ba006bad,tcc-microservices-experiment-order-1,81.77,82397102,1073741824,7.67,3,63.5MB / 27.3MB,7.54MB / 77.8kB
29,2026-09-10T09:56:50.481536+00:00,59,2026-09-10T09:56:50.110504+00:00,false,microservices,product,1ea1e324af40f1eef8fcb99e256faadbdf9a37d775eba987641970aed9232ac6,tcc-microservices-experiment-product-1,0.02,78601257,1073741824,7.32,3,416kB / 282kB,4.49MB / 81.9kB
30,2026-09-10T09:56:51.481550+00:00,61,2026-09-10T09:56:51.110295+00:00,false,microservices,auth,1b60e10ee695f9dcfb03a9d04bfde13d6955ac928053bd761558072de724550f,tcc-microservices-experiment-auth-1,0.02,79356232,1073741824,7.39,3,45.5kB / 40.3kB,4.35MB / 65.5kB
30,2026-09-10T09:56:51.481550+00:00,61,2026-09-10T09:56:51.110295+00:00,false,microservices,gateway,20b464e5323b98cbc1acc5600f7d765fcaecdb82a0e6ceee386e63634ddb3975,tcc-microservices-experiment-gateway-1,72.5,474480640,536870912,88.38,82,15.9MB / 21MB,31.7MB / 213kB
30,2026-09-10T09:56:51.481550+00:00,61,2026-09-10T09:56:51.110295+00:00,false,microservices,mysql,c4515c95185bb3909985d4131858b9128b5306bf18a543a2feaec3c2990a7330,tcc-microservices-experiment-mysql-1,27.66,541904077,1073741824,50.46,40,18.1MB / 53.9MB,44.6MB / 121MB
30,2026-09-10T09:56:51.481550+00:00,61,2026-09-10T09:56:51.110295+00:00,false,microservices,order,8303f145c0c0dc03e1ecd9fb3e168d8f52baf168eaf0232fd28f9e78ba006bad,tcc-microservices-experiment-order-1,82.15,82606817,1073741824,7.69,3,64.6MB / 27.7MB,7.54MB / 77.8kB
30,2026-09-10T09:56:51.481550+00:00,61,2026-09-10T09:56:51.110295+00:00,false,microservices,product,1ea1e324af40f1eef8fcb99e256faadbdf9a37d775eba987641970aed9232ac6,tcc-microservices-experiment-product-1,0.02,78601257,1073741824,7.32,3,416kB / 282kB,4.49MB / 81.9kB
31,2026-09-10T09:56:52.481564+00:00,63,2026-09-10T09:56:52.110264+00:00,false,microservices,auth,1b60e10ee695f9dcfb03a9d04bfde13d6955ac928053bd761558072de724550f,tcc-microservices-experiment-auth-1,0.02,79356232,1073741824,7.39,3,45.5kB / 40.3kB,4.35MB / 65.5kB
31,2026-09-10T09:56:52.481564+00:00,63,2026-09-10T09:56:52.110264+00:00,false,microservices,gateway,20b464e5323b98cbc1acc5600f7d765fcaecdb82a0e6ceee386e63634ddb3975,tcc-microservices-experiment-gateway-1,32.95,474900070,536870912,88.45,82,16.2MB / 21.3MB,31.7MB / 213kB
31,2026-09-10T09:56:52.481564+00:00,63,2026-09-10T09:56:52.110264+00:00,false,microservices,mysql,c4515c95185bb3909985d4131858b9128b5306bf18a543a2feaec3c2990a7330,tcc-microservices-experiment-mysql-1,23.09,540960358,1073741824,50.38,40,18.3MB / 54.8MB,44.6MB / 121MB
31,2026-09-10T09:56:52.481564+00:00,63,2026-09-10T09:56:52.110264+00:00,false,microservices,order,8303f145c0c0dc03e1ecd9fb3e168d8f52baf168eaf0232fd28f9e78ba006bad,tcc-microservices-experiment-order-1,82.18,82554388,1073741824,7.69,3,65.7MB / 28.2MB,7.54MB / 77.8kB
31,2026-09-10T09:56:52.481564+00:00,63,2026-09-10T09:56:52.110264+00:00,false,microservices,product,1ea1e324af40f1eef8fcb99e256faadbdf9a37d775eba987641970aed9232ac6,tcc-microservices-experiment-product-1,0.02,78601257,1073741824,7.32,3,416kB / 282kB,4.49MB / 81.9kB
32,2026-09-10T09:56:53.481520+00:00,65,2026-09-10T09:56:53.110536+00:00,false,microservices,auth,1b60e10ee695f9dcfb03a9d04bfde13d6955ac928053bd761558072de724550f,tcc-microservices-experiment-auth-1,0.02,79356232,1073741824,7.39,3,45.5kB / 40.3kB,4.35MB / 65.5kB
32,2026-09-10T09:56:53.481520+00:00,65,2026-09-10T09:56:53.110536+00:00,false,microservices,gateway,20b464e5323b98cbc1acc5600f7d765fcaecdb82a0e6ceee386e63634ddb3975,tcc-microservices-experiment-gateway-1,32.81,474375782,536870912,88.37,82,16.5MB / 21.7MB,31.7MB / 213kB
32,2026-09-10T09:56:53.481520+00:00,65,2026-09-10T09:56:53.110536+00:00,false,microservices,mysql,c4515c95185bb3909985d4131858b9128b5306bf18a543a2feaec3c2990a7330,tcc-microservices-experiment-mysql-1,27.68,541589504,1073741824,50.44,40,18.6MB / 55.7MB,44.6MB / 121MB
32,2026-09-10T09:56:53.481520+00:00,65,2026-09-10T09:56:53.110536+00:00,false,microservices,order,8303f145c0c0dc03e1ecd9fb3e168d8f52baf168eaf0232fd28f9e78ba006bad,tcc-microservices-experiment-order-1,81.43,82732646,1073741824,7.7,3,66.7MB / 28.6MB,7.54MB / 77.8kB
32,2026-09-10T09:56:53.481520+00:00,65,2026-09-10T09:56:53.110536+00:00,false,microservices,product,1ea1e324af40f1eef8fcb99e256faadbdf9a37d775eba987641970aed9232ac6,tcc-microservices-experiment-product-1,0.02,78601257,1073741824,7.32,3,416kB / 282kB,4.49MB / 81.9kB
33,2026-09-10T09:56:54.481536+00:00,67,2026-09-10T09:56:54.110399+00:00,false,microservices,auth,1b60e10ee695f9dcfb03a9d04bfde13d6955ac928053bd761558072de724550f,tcc-microservices-experiment-auth-1,0.02,79356232,1073741824,7.39,3,45.5kB / 40.3kB,4.35MB / 65.5kB
33,2026-09-10T09:56:54.481536+00:00,67,2026-09-10T09:56:54.110399+00:00,false,microservices,gateway,20b464e5323b98cbc1acc5600f7d765fcaecdb82a0e6ceee386e63634ddb3975,tcc-microservices-experiment-gateway-1,37.0,475004928,536870912,88.49,82,16.8MB / 22.1MB,31.7MB / 213kB
33,2026-09-10T09:56:54.481536+00:00,67,2026-09-10T09:56:54.110399+00:00,false,microservices,mysql,c4515c95185bb3909985d4131858b9128b5306bf18a543a2feaec3c2990a7330,tcc-microservices-experiment-mysql-1,23.22,540540928,1073741824,50.34,40,18.8MB / 56.6MB,44.6MB / 121MB
33,2026-09-10T09:56:54.481536+00:00,67,2026-09-10T09:56:54.110399+00:00,false,microservices,order,8303f145c0c0dc03e1ecd9fb3e168d8f52baf168eaf0232fd28f9e78ba006bad,tcc-microservices-experiment-order-1,82.42,83256934,1073741824,7.75,3,67.8MB / 29MB,7.54MB / 77.8kB
33,2026-09-10T09:56:54.481536+00:00,67,2026-09-10T09:56:54.110399+00:00,false,microservices,product,1ea1e324af40f1eef8fcb99e256faadbdf9a37d775eba987641970aed9232ac6,tcc-microservices-experiment-product-1,0.01,78601257,1073741824,7.32,3,416kB / 282kB,4.49MB / 81.9kB
34,2026-09-10T09:56:55.481543+00:00,69,2026-09-10T09:56:55.111211+00:00,false,microservices,auth,1b60e10ee695f9dcfb03a9d04bfde13d6955ac928053bd761558072de724550f,tcc-microservices-experiment-auth-1,0.02,79356232,1073741824,7.39,3,45.5kB / 40.3kB,4.35MB / 65.5kB
34,2026-09-10T09:56:55.481543+00:00,69,2026-09-10T09:56:55.111211+00:00,false,microservices,gateway,20b464e5323b98cbc1acc5600f7d765fcaecdb82a0e6ceee386e63634ddb3975,tcc-microservices-experiment-gateway-1,33.79,475109786,536870912,88.49,82,17MB / 22.5MB,31.7MB / 213kB
34,2026-09-10T09:56:55.481543+00:00,69,2026-09-10T09:56:55.111211+00:00,false,microservices,mysql,c4515c95185bb3909985d4131858b9128b5306bf18a543a2feaec3c2990a7330,tcc-microservices-experiment-mysql-1,25.95,541694362,1073741824,50.45,40,19.1MB / 57.5MB,44.6MB / 121MB
34,2026-09-10T09:56:55.481543+00:00,69,2026-09-10T09:56:55.111211+00:00,false,microservices,order,8303f145c0c0dc03e1ecd9fb3e168d8f52baf168eaf0232fd28f9e78ba006bad,tcc-microservices-experiment-order-1,82.62,83047219,1073741824,7.73,3,68.9MB / 29.5MB,7.54MB / 77.8kB
34,2026-09-10T09:56:55.481543+00:00,69,2026-09-10T09:56:55.111211+00:00,false,microservices,product,1ea1e324af40f1eef8fcb99e256faadbdf9a37d775eba987641970aed9232ac6,tcc-microservices-experiment-product-1,0.01,78601257,1073741824,7.32,3,416kB / 282kB,4.49MB / 81.9kB
35,2026-09-10T09:56:56.481562+00:00,71,2026-09-10T09:56:56.110261+00:00,false,microservices,auth,1b60e10ee695f9dcfb03a9d04bfde13d6955ac928053bd761558072de724550f,tcc-microservices-experiment-auth-1,0.01,79356232,1073741824,7.39,3,45.5kB / 40.3kB,4.35MB / 65.5kB
35,2026-09-10T09:56:56.481562+00:00,71,2026-09-10T09:56:56.110261+00:00,false,microservices,gateway,20b464e5323b98cbc1acc5600f7d765fcaecdb82a0e6ceee386e63634ddb3975,tcc-microservices-experiment-gateway-1,38.0,475214643,536870912,88.51,82,17.3MB / 22.9MB,31.7MB / 213kB
35,2026-09-10T09:56:56.481562+00:00,71,2026-09-10T09:56:56.110261+00:00,false,microservices,mysql,c4515c95185bb3909985d4131858b9128b5306bf18a543a2feaec3c2990a7330,tcc-microservices-experiment-mysql-1,23.4,540750643,1073741824,50.36,40,19.4MB / 58.4MB,44.6MB / 121MB
35,2026-09-10T09:56:56.481562+00:00,71,2026-09-10T09:56:56.110261+00:00,false,microservices,order,8303f145c0c0dc03e1ecd9fb3e168d8f52baf168eaf0232fd28f9e78ba006bad,tcc-microservices-experiment-order-1,81.8,83026248,1073741824,7.73,3,70MB / 29.9MB,7.54MB / 77.8kB
35,2026-09-10T09:56:56.481562+00:00,71,2026-09-10T09:56:56.110261+00:00,false,microservices,product,1ea1e324af40f1eef8fcb99e256faadbdf9a37d775eba987641970aed9232ac6,tcc-microservices-experiment-product-1,0.02,78601257,1073741824,7.32,3,416kB / 282kB,4.49MB / 81.9kB
36,2026-09-10T09:56:57.481558+00:00,73,2026-09-10T09:56:57.110825+00:00,false,microservices,auth,1b60e10ee695f9dcfb03a9d04bfde13d6955ac928053bd761558072de724550f,tcc-microservices-experiment-auth-1,0.02,79356232,1073741824,7.39,3,45.5kB / 40.3kB,4.35MB / 65.5kB
36,2026-09-10T09:56:57.481558+00:00,73,2026-09-10T09:56:57.110825+00:00,false,microservices,gateway,20b464e5323b98cbc1acc5600f7d765fcaecdb82a0e6ceee386e63634ddb3975,tcc-microservices-experiment-gateway-1,53.22,476053504,536870912,88.67,82,17.6MB / 23.3MB,31.7MB / 229kB
36,2026-09-10T09:56:57.481558+00:00,73,2026-09-10T09:56:57.110825+00:00,false,microservices,mysql,c4515c95185bb3909985d4131858b9128b5306bf18a543a2feaec3c2990a7330,tcc-microservices-experiment-mysql-1,26.93,541694362,1073741824,50.45,40,19.6MB / 59.3MB,44.6MB / 121MB
36,2026-09-10T09:56:57.481558+00:00,73,2026-09-10T09:56:57.110825+00:00,false,microservices,order,8303f145c0c0dc03e1ecd9fb3e168d8f52baf168eaf0232fd28f9e78ba006bad,tcc-microservices-experiment-order-1,83.13,83194020,1073741824,7.75,3,71.2MB / 30.4MB,7.54MB / 77.8kB
36,2026-09-10T09:56:57.481558+00:00,73,2026-09-10T09:56:57.110825+00:00,false,microservices,product,1ea1e324af40f1eef8fcb99e256faadbdf9a37d775eba987641970aed9232ac6,tcc-microservices-experiment-product-1,0.02,78601257,1073741824,7.32,3,416kB / 282kB,4.49MB / 81.9kB
37,2026-09-10T09:56:58.481534+00:00,75,2026-09-10T09:56:58.110372+00:00,false,microservices,auth,1b60e10ee695f9dcfb03a9d04bfde13d6955ac928053bd761558072de724550f,tcc-microservices-experiment-auth-1,0.02,79356232,1073741824,7.39,3,45.5kB / 40.3kB,4.35MB / 65.5kB
37,2026-09-10T09:56:58.481534+00:00,75,2026-09-10T09:56:58.110372+00:00,false,microservices,gateway,20b464e5323b98cbc1acc5600f7d765fcaecdb82a0e6ceee386e63634ddb3975,tcc-microservices-experiment-gateway-1,63.65,475738931,536870912,88.61,82,17.9MB / 23.7MB,31.7MB / 229kB
37,2026-09-10T09:56:58.481534+00:00,75,2026-09-10T09:56:58.110372+00:00,false,microservices,mysql,c4515c95185bb3909985d4131858b9128b5306bf18a543a2feaec3c2990a7330,tcc-microservices-experiment-mysql-1,23.38,541484646,1073741824,50.43,40,19.9MB / 60.2MB,44.6MB / 121MB
37,2026-09-10T09:56:58.481534+00:00,75,2026-09-10T09:56:58.110372+00:00,false,microservices,order,8303f145c0c0dc03e1ecd9fb3e168d8f52baf168eaf0232fd28f9e78ba006bad,tcc-microservices-experiment-order-1,81.55,82973819,1073741824,7.73,3,72.3MB / 30.8MB,7.54MB / 77.8kB
37,2026-09-10T09:56:58.481534+00:00,75,2026-09-10T09:56:58.110372+00:00,false,microservices,product,1ea1e324af40f1eef8fcb99e256faadbdf9a37d775eba987641970aed9232ac6,tcc-microservices-experiment-product-1,0.02,78601257,1073741824,7.32,3,416kB / 282kB,4.49MB / 81.9kB
38,2026-09-10T09:56:59.481530+00:00,77,2026-09-10T09:56:59.110278+00:00,false,microservices,auth,1b60e10ee695f9dcfb03a9d04bfde13d6955ac928053bd761558072de724550f,tcc-microservices-experiment-auth-1,0.02,79356232,1073741824,7.39,3,45.5kB / 40.3kB,4.35MB / 65.5kB
38,2026-09-10T09:56:59.481530+00:00,77,2026-09-10T09:56:59.110278+00:00,false,microservices,gateway,20b464e5323b98cbc1acc5600f7d765fcaecdb82a0e6ceee386e63634ddb3975,tcc-microservices-experiment-gateway-1,34.39,475109786,536870912,88.49,82,18.2MB / 24.1MB,31.7MB / 229kB
38,2026-09-10T09:56:59.481530+00:00,77,2026-09-10T09:56:59.110278+00:00,false,microservices,mysql,c4515c95185bb3909985d4131858b9128b5306bf18a543a2feaec3c2990a7330,tcc-microservices-experiment-mysql-1,27.54,541065216,1073741824,50.39,40,20.1MB / 61.1MB,44.6MB / 121MB
38,2026-09-10T09:56:59.481530+00:00,77,2026-09-10T09:56:59.110278+00:00,false,microservices,order,8303f145c0c0dc03e1ecd9fb3e168d8f52baf168eaf0232fd28f9e78ba006bad,tcc-microservices-experiment-order-1,82.02,82774589,1073741824,7.71,3,73.4MB / 31.2MB,7.54MB / 77.8kB
38,2026-09-10T09:56:59.481530+00:00,77,2026-09-10T09:56:59.110278+00:00,false,microservices,product,1ea1e324af40f1eef8fcb99e256faadbdf9a37d775eba987641970aed9232ac6,tcc-microservices-experiment-product-1,0.02,78601257,1073741824,7.32,3,416kB / 282kB,4.49MB / 81.9kB
39,2026-09-10T09:57:00.481549+00:00,79,2026-09-10T09:57:00.110579+00:00,false,microservices,auth,1b60e10ee695f9dcfb03a9d04bfde13d6955ac928053bd761558072de724550f,tcc-microservices-experiment-auth-1,0.02,79356232,1073741824,7.39,3,45.5kB / 40.3kB,4.35MB / 65.5kB
39,2026-09-10T09:57:00.481549+00:00,79,2026-09-10T09:57:00.110579+00:00,false,microservices,gateway,20b464e5323b98cbc1acc5600f7d765fcaecdb82a0e6ceee386e63634ddb3975,tcc-microservices-experiment-gateway-1,33.14,475424358,536870912,88.55,82,18.5MB / 24.4MB,31.7MB / 229kB
39,2026-09-10T09:57:00.481549+00:00,79,2026-09-10T09:57:00.110579+00:00,false,microservices,mysql,c4515c95185bb3909985d4131858b9128b5306bf18a543a2feaec3c2990a7330,tcc-microservices-experiment-mysql-1,23.82,541065216,1073741824,50.39,40,20.4MB / 62MB,44.6MB / 121MB
39,2026-09-10T09:57:00.481549+00:00,79,2026-09-10T09:57:00.110579+00:00,false,microservices,order,8303f145c0c0dc03e1ecd9fb3e168d8f52baf168eaf0232fd28f9e78ba006bad,tcc-microservices-experiment-order-1,81.78,83372278,1073741824,7.76,3,74.4MB / 31.7MB,7.54MB / 77.8kB
39,2026-09-10T09:57:00.481549+00:00,79,2026-09-10T09:57:00.110579+00:00,false,microservices,product,1ea1e324af40f1eef8fcb99e256faadbdf9a37d775eba987641970aed9232ac6,tcc-microservices-experiment-product-1,0.02,78601257,1073741824,7.32,3,416kB / 282kB,4.49MB / 81.9kB
40,2026-09-10T09:57:01.481575+00:00,81,2026-09-10T09:57:01.110315+00:00,false,microservices,auth,1b60e10ee695f9dcfb03a9d04bfde13d6955ac928053bd761558072de724550f,tcc-microservices-experiment-auth-1,0.02,79356232,1073741824,7.39,3,45.5kB / 40.3kB,4.35MB / 65.5kB
40,2026-09-10T09:57:01.481575+00:00,81,2026-09-10T09:57:01.110315+00:00,false,microservices,gateway,20b464e5323b98cbc1acc5600f7d765fcaecdb82a0e6ceee386e63634ddb3975,tcc-microservices-experiment-gateway-1,37.78,475109786,536870912,88.51,82,18.8MB / 24.8MB,31.7MB / 229kB
40,2026-09-10T09:57:01.481575+00:00,81,2026-09-10T09:57:01.110315+00:00,false,microservices,mysql,c4515c95185bb3909985d4131858b9128b5306bf18a543a2feaec3c2990a7330,tcc-microservices-experiment-mysql-1,26.78,541904077,1073741824,50.47,40,20.6MB / 62.9MB,44.6MB / 121MB
40,2026-09-10T09:57:01.481575+00:00,81,2026-09-10T09:57:01.110315+00:00,false,microservices,order,8303f145c0c0dc03e1ecd9fb3e168d8f52baf168eaf0232fd28f9e78ba006bad,tcc-microservices-experiment-order-1,83.09,83225477,1073741824,7.75,3,75.5MB / 32.1MB,7.54MB / 77.8kB
40,2026-09-10T09:57:01.481575+00:00,81,2026-09-10T09:57:01.110315+00:00,false,microservices,product,1ea1e324af40f1eef8fcb99e256faadbdf9a37d775eba987641970aed9232ac6,tcc-microservices-experiment-product-1,0.02,78601257,1073741824,7.32,3,416kB / 282kB,4.49MB / 81.9kB
41,2026-09-10T09:57:02.481527+00:00,83,2026-09-10T09:57:02.111312+00:00,false,microservices,auth,1b60e10ee695f9dcfb03a9d04bfde13d6955ac928053bd761558072de724550f,tcc-microservices-experiment-auth-1,0.02,79356232,1073741824,7.39,3,45.5kB / 40.3kB,4.35MB / 65.5kB
41,2026-09-10T09:57:02.481527+00:00,83,2026-09-10T09:57:02.111312+00:00,false,microservices,gateway,20b464e5323b98cbc1acc5600f7d765fcaecdb82a0e6ceee386e63634ddb3975,tcc-microservices-experiment-gateway-1,31.79,464204595,536870912,86.46,82,19.1MB / 25.2MB,31.7MB / 229kB
41,2026-09-10T09:57:02.481527+00:00,83,2026-09-10T09:57:02.111312+00:00,false,microservices,mysql,c4515c95185bb3909985d4131858b9128b5306bf18a543a2feaec3c2990a7330,tcc-microservices-experiment-mysql-1,23.09,541379789,1073741824,50.42,40,20.9MB / 63.7MB,44.6MB / 121MB
41,2026-09-10T09:57:02.481527+00:00,83,2026-09-10T09:57:02.111312+00:00,false,microservices,order,8303f145c0c0dc03e1ecd9fb3e168d8f52baf168eaf0232fd28f9e78ba006bad,tcc-microservices-experiment-order-1,82.4,82743132,1073741824,7.71,3,76.6MB / 32.5MB,7.54MB / 77.8kB
41,2026-09-10T09:57:02.481527+00:00,83,2026-09-10T09:57:02.111312+00:00,false,microservices,product,1ea1e324af40f1eef8fcb99e256faadbdf9a37d775eba987641970aed9232ac6,tcc-microservices-experiment-product-1,0.02,78601257,1073741824,7.32,3,416kB / 282kB,4.49MB / 81.9kB
42,2026-09-10T09:57:03.481555+00:00,85,2026-09-10T09:57:03.110301+00:00,false,microservices,auth,1b60e10ee695f9dcfb03a9d04bfde13d6955ac928053bd761558072de724550f,tcc-microservices-experiment-auth-1,0.02,79356232,1073741824,7.39,3,45.5kB / 40.3kB,4.35MB / 65.5kB
42,2026-09-10T09:57:03.481555+00:00,85,2026-09-10T09:57:03.110301+00:00,false,microservices,gateway,20b464e5323b98cbc1acc5600f7d765fcaecdb82a0e6ceee386e63634ddb3975,tcc-microservices-experiment-gateway-1,32.04,464309453,536870912,86.49,82,19.4MB / 25.6MB,31.7MB / 229kB
42,2026-09-10T09:57:03.481555+00:00,85,2026-09-10T09:57:03.110301+00:00,false,microservices,mysql,c4515c95185bb3909985d4131858b9128b5306bf18a543a2feaec3c2990a7330,tcc-microservices-experiment-mysql-1,27.83,542952653,1073741824,50.57,40,21.1MB / 64.6MB,46.1MB / 121MB
42,2026-09-10T09:57:03.481555+00:00,85,2026-09-10T09:57:03.110301+00:00,false,microservices,order,8303f145c0c0dc03e1ecd9fb3e168d8f52baf168eaf0232fd28f9e78ba006bad,tcc-microservices-experiment-order-1,82.41,82837504,1073741824,7.71,3,77.7MB / 33MB,7.54MB / 77.8kB
42,2026-09-10T09:57:03.481555+00:00,85,2026-09-10T09:57:03.110301+00:00,false,microservices,product,1ea1e324af40f1eef8fcb99e256faadbdf9a37d775eba987641970aed9232ac6,tcc-microservices-experiment-product-1,0.02,78601257,1073741824,7.32,3,416kB / 282kB,4.49MB / 81.9kB
43,2026-09-10T09:57:04.481537+00:00,87,2026-09-10T09:57:04.110250+00:00,false,microservices,auth,1b60e10ee695f9dcfb03a9d04bfde13d6955ac928053bd761558072de724550f,tcc-microservices-experiment-auth-1,0.02,79356232,1073741824,7.39,3,45.5kB / 40.3kB,4.35MB / 65.5kB
43,2026-09-10T09:57:04.481537+00:00,87,2026-09-10T09:57:04.110250+00:00,false,microservices,gateway,20b464e5323b98cbc1acc5600f7d765fcaecdb82a0e6ceee386e63634ddb3975,tcc-microservices-experiment-gateway-1,38.43,464624026,536870912,86.54,82,19.7MB / 26MB,31.7MB / 229kB
43,2026-09-10T09:57:04.481537+00:00,87,2026-09-10T09:57:04.110250+00:00,false,microservices,mysql,c4515c95185bb3909985d4131858b9128b5306bf18a543a2feaec3c2990a7330,tcc-microservices-experiment-mysql-1,22.94,542428365,1073741824,50.52,40,21.4MB / 65.5MB,46.1MB / 121MB
43,2026-09-10T09:57:04.481537+00:00,87,2026-09-10T09:57:04.110250+00:00,false,microservices,order,8303f145c0c0dc03e1ecd9fb3e168d8f52baf168eaf0232fd28f9e78ba006bad,tcc-microservices-experiment-order-1,82.07,83005276,1073741824,7.73,3,78.8MB / 33.4MB,7.54MB / 77.8kB
43,2026-09-10T09:57:04.481537+00:00,87,2026-09-10T09:57:04.110250+00:00,false,microservices,product,1ea1e324af40f1eef8fcb99e256faadbdf9a37d775eba987641970aed9232ac6,tcc-microservices-experiment-product-1,0.02,78601257,1073741824,7.32,3,416kB / 282kB,4.49MB / 81.9kB
44,2026-09-10T09:57:05.481553+00:00,89,2026-09-10T09:57:05.110262+00:00,false,microservices,auth,1b60e10ee695f9dcfb03a9d04bfde13d6955ac928053bd761558072de724550f,tcc-microservices-experiment-auth-1,0.02,79356232,1073741824,7.39,3,45.5kB / 40.3kB,4.35MB / 65.5kB
44,2026-09-10T09:57:05.481553+00:00,89,2026-09-10T09:57:05.110262+00:00,false,microservices,gateway,20b464e5323b98cbc1acc5600f7d765fcaecdb82a0e6ceee386e63634ddb3975,tcc-microservices-experiment-gateway-1,57.59,464309453,536870912,86.48,82,20MB / 26.4MB,31.7MB / 229kB
44,2026-09-10T09:57:05.481553+00:00,89,2026-09-10T09:57:05.110262+00:00,false,microservices,mysql,c4515c95185bb3909985d4131858b9128b5306bf18a543a2feaec3c2990a7330,tcc-microservices-experiment-mysql-1,27.14,543162368,1073741824,50.59,40,21.6MB / 66.4MB,46.1MB / 121MB
44,2026-09-10T09:57:05.481553+00:00,89,2026-09-10T09:57:05.110262+00:00,false,microservices,order,8303f145c0c0dc03e1ecd9fb3e168d8f52baf168eaf0232fd28f9e78ba006bad,tcc-microservices-experiment-order-1,82.16,82910904,1073741824,7.72,3,79.9MB / 33.8MB,7.54MB / 77.8kB
44,2026-09-10T09:57:05.481553+00:00,89,2026-09-10T09:57:05.110262+00:00,false,microservices,product,1ea1e324af40f1eef8fcb99e256faadbdf9a37d775eba987641970aed9232ac6,tcc-microservices-experiment-product-1,0.02,78601257,1073741824,7.32,3,416kB / 282kB,4.49MB / 81.9kB
45,2026-09-10T09:57:06.481563+00:00,91,2026-09-10T09:57:06.110261+00:00,false,microservices,auth,1b60e10ee695f9dcfb03a9d04bfde13d6955ac928053bd761558072de724550f,tcc-microservices-experiment-auth-1,0.01,79356232,1073741824,7.39,3,45.5kB / 40.3kB,4.35MB / 65.5kB
45,2026-09-10T09:57:06.481563+00:00,91,2026-09-10T09:57:06.110261+00:00,false,microservices,gateway,20b464e5323b98cbc1acc5600f7d765fcaecdb82a0e6ceee386e63634ddb3975,tcc-microservices-experiment-gateway-1,47.31,464833741,536870912,86.58,82,20.3MB / 26.8MB,31.7MB / 229kB
45,2026-09-10T09:57:06.481563+00:00,91,2026-09-10T09:57:06.110261+00:00,false,microservices,mysql,c4515c95185bb3909985d4131858b9128b5306bf18a543a2feaec3c2990a7330,tcc-microservices-experiment-mysql-1,22.83,542533222,1073741824,50.53,40,21.9MB / 67.3MB,46.1MB / 121MB
45,2026-09-10T09:57:06.481563+00:00,91,2026-09-10T09:57:06.110261+00:00,false,microservices,order,8303f145c0c0dc03e1ecd9fb3e168d8f52baf168eaf0232fd28f9e78ba006bad,tcc-microservices-experiment-order-1,82.3,82344673,1073741824,7.67,3,81MB / 34.3MB,7.54MB / 77.8kB
45,2026-09-10T09:57:06.481563+00:00,91,2026-09-10T09:57:06.110261+00:00,false,microservices,product,1ea1e324af40f1eef8fcb99e256faadbdf9a37d775eba987641970aed9232ac6,tcc-microservices-experiment-product-1,0.02,78601257,1073741824,7.32,3,416kB / 282kB,4.49MB / 81.9kB
46,2026-09-10T09:57:07.481560+00:00,93,2026-09-10T09:57:07.110348+00:00,false,microservices,auth,1b60e10ee695f9dcfb03a9d04bfde13d6955ac928053bd761558072de724550f,tcc-microservices-experiment-auth-1,0.02,79356232,1073741824,7.39,3,45.5kB / 40.3kB,4.35MB / 65.5kB
46,2026-09-10T09:57:07.481560+00:00,93,2026-09-10T09:57:07.110348+00:00,false,microservices,gateway,20b464e5323b98cbc1acc5600f7d765fcaecdb82a0e6ceee386e63634ddb3975,tcc-microservices-experiment-gateway-1,33.3,464833741,536870912,86.57,82,20.6MB / 27.2MB,31.7MB / 229kB
46,2026-09-10T09:57:07.481560+00:00,93,2026-09-10T09:57:07.110348+00:00,false,microservices,mysql,c4515c95185bb3909985d4131858b9128b5306bf18a543a2feaec3c2990a7330,tcc-microservices-experiment-mysql-1,26.36,543162368,1073741824,50.59,40,22.1MB / 68.2MB,46.1MB / 121MB
46,2026-09-10T09:57:07.481560+00:00,93,2026-09-10T09:57:07.110348+00:00,false,microservices,order,8303f145c0c0dc03e1ecd9fb3e168d8f52baf168eaf0232fd28f9e78ba006bad,tcc-microservices-experiment-order-1,83.31,82040586,1073741824,7.64,3,82.1MB / 34.7MB,7.54MB / 77.8kB
46,2026-09-10T09:57:07.481560+00:00,93,2026-09-10T09:57:07.110348+00:00,false,microservices,product,1ea1e324af40f1eef8fcb99e256faadbdf9a37d775eba987641970aed9232ac6,tcc-microservices-experiment-product-1,0.02,78601257,1073741824,7.32,3,416kB / 282kB,4.49MB / 81.9kB
47,2026-09-10T09:57:08.481544+00:00,95,2026-09-10T09:57:08.111008+00:00,false,microservices,auth,1b60e10ee695f9dcfb03a9d04bfde13d6955ac928053bd761558072de724550f,tcc-microservices-experiment-auth-1,0.02,79356232,1073741824,7.39,3,45.5kB / 40.3kB,4.35MB / 65.5kB
47,2026-09-10T09:57:08.481544+00:00,95,2026-09-10T09:57:08.111008+00:00,false,microservices,gateway,20b464e5323b98cbc1acc5600f7d765fcaecdb82a0e6ceee386e63634ddb3975,tcc-microservices-experiment-gateway-1,30.78,464624026,536870912,86.55,82,20.9MB / 27.5MB,31.7MB / 229kB
47,2026-09-10T09:57:08.481544+00:00,95,2026-09-10T09:57:08.111008+00:00,false,microservices,mysql,c4515c95185bb3909985d4131858b9128b5306bf18a543a2feaec3c2990a7330,tcc-microservices-experiment-mysql-1,24.58,542008934,1073741824,50.48,40,22.4MB / 69.1MB,46.1MB / 121MB
47,2026-09-10T09:57:08.481544+00:00,95,2026-09-10T09:57:08.111008+00:00,false,microservices,order,8303f145c0c0dc03e1ecd9fb3e168d8f52baf168eaf0232fd28f9e78ba006bad,tcc-microservices-experiment-order-1,80.45,81977672,1073741824,7.63,3,83.2MB / 35.2MB,7.54MB / 77.8kB
47,2026-09-10T09:57:08.481544+00:00,95,2026-09-10T09:57:08.111008+00:00,false,microservices,product,1ea1e324af40f1eef8fcb99e256faadbdf9a37d775eba987641970aed9232ac6,tcc-microservices-experiment-product-1,0.01,78601257,1073741824,7.32,3,416kB / 282kB,4.49MB / 81.9kB
48,2026-09-10T09:57:09.481542+00:00,97,2026-09-10T09:57:09.110309+00:00,false,microservices,auth,1b60e10ee695f9dcfb03a9d04bfde13d6955ac928053bd761558072de724550f,tcc-microservices-experiment-auth-1,0.02,79198945,1073741824,7.38,3,45.5kB / 40.3kB,4.35MB / 65.5kB
48,2026-09-10T09:57:09.481542+00:00,97,2026-09-10T09:57:09.110309+00:00,false,microservices,gateway,20b464e5323b98cbc1acc5600f7d765fcaecdb82a0e6ceee386e63634ddb3975,tcc-microservices-experiment-gateway-1,31.03,464833741,536870912,86.58,82,21.2MB / 27.9MB,31.7MB / 229kB
48,2026-09-10T09:57:09.481542+00:00,97,2026-09-10T09:57:09.110309+00:00,false,microservices,mysql,c4515c95185bb3909985d4131858b9128b5306bf18a543a2feaec3c2990a7330,tcc-microservices-experiment-mysql-1,27.75,541274931,1073741824,50.41,40,22.6MB / 70MB,46.4MB / 121MB
48,2026-09-10T09:57:09.481542+00:00,97,2026-09-10T09:57:09.110309+00:00,false,microservices,order,8303f145c0c0dc03e1ecd9fb3e168d8f52baf168eaf0232fd28f9e78ba006bad,tcc-microservices-experiment-order-1,82.32,82166415,1073741824,7.65,3,84.3MB / 35.6MB,7.54MB / 77.8kB
48,2026-09-10T09:57:09.481542+00:00,97,2026-09-10T09:57:09.110309+00:00,false,microservices,product,1ea1e324af40f1eef8fcb99e256faadbdf9a37d775eba987641970aed9232ac6,tcc-microservices-experiment-product-1,0.02,78601257,1073741824,7.32,3,416kB / 282kB,4.49MB / 81.9kB
49,2026-09-10T09:57:10.481545+00:00,99,2026-09-10T09:57:10.111142+00:00,false,microservices,auth,1b60e10ee695f9dcfb03a9d04bfde13d6955ac928053bd761558072de724550f,tcc-microservices-experiment-auth-1,0.06,76053217,1073741824,7.08,3,45.5kB / 40.3kB,4.44MB / 3.74MB
49,2026-09-10T09:57:10.481545+00:00,99,2026-09-10T09:57:10.111142+00:00,false,microservices,gateway,20b464e5323b98cbc1acc5600f7d765fcaecdb82a0e6ceee386e63634ddb3975,tcc-microservices-experiment-gateway-1,31.2,452670259,536870912,84.32,82,21.4MB / 28.3MB,31.7MB / 12.6MB
49,2026-09-10T09:57:10.481545+00:00,99,2026-09-10T09:57:10.111142+00:00,false,microservices,mysql,c4515c95185bb3909985d4131858b9128b5306bf18a543a2feaec3c2990a7330,tcc-microservices-experiment-mysql-1,22.9,541274931,1073741824,50.41,40,22.9MB / 70.9MB,46.4MB / 121MB
49,2026-09-10T09:57:10.481545+00:00,99,2026-09-10T09:57:10.111142+00:00,false,microservices,order,8303f145c0c0dc03e1ecd9fb3e168d8f52baf168eaf0232fd28f9e78ba006bad,tcc-microservices-experiment-order-1,82.98,78360084,1073741824,7.3,3,85.4MB / 36MB,7.55MB / 3.83MB
49,2026-09-10T09:57:10.481545+00:00,99,2026-09-10T09:57:10.111142+00:00,false,microservices,product,1ea1e324af40f1eef8fcb99e256faadbdf9a37d775eba987641970aed9232ac6,tcc-microservices-experiment-product-1,0.03,75015127,1073741824,6.99,3,416kB / 282kB,4.51MB / 3.69MB
50,2026-09-10T09:57:11.481540+00:00,101,2026-09-10T09:57:11.110148+00:00,false,microservices,auth,1b60e10ee695f9dcfb03a9d04bfde13d6955ac928053bd761558072de724550f,tcc-microservices-experiment-auth-1,0.02,75612815,1073741824,7.04,3,45.5kB / 40.3kB,4.44MB / 3.74MB
50,2026-09-10T09:57:11.481540+00:00,101,2026-09-10T09:57:11.110148+00:00,false,microservices,gateway,20b464e5323b98cbc1acc5600f7d765fcaecdb82a0e6ceee386e63634ddb3975,tcc-microservices-experiment-gateway-1,30.84,452775117,536870912,84.33,82,21.7MB / 28.7MB,31.9MB / 12.6MB
50,2026-09-10T09:57:11.481540+00:00,101,2026-09-10T09:57:11.110148+00:00,false,microservices,mysql,c4515c95185bb3909985d4131858b9128b5306bf18a543a2feaec3c2990a7330,tcc-microservices-experiment-mysql-1,23.83,544944947,1073741824,50.75,46,23.1MB / 71.7MB,46.4MB / 121MB
50,2026-09-10T09:57:11.481540+00:00,101,2026-09-10T09:57:11.110148+00:00,false,microservices,order,8303f145c0c0dc03e1ecd9fb3e168d8f52baf168eaf0232fd28f9e78ba006bad,tcc-microservices-experiment-order-1,82.16,78580285,1073741824,7.32,3,86.5MB / 36.4MB,7.55MB / 3.83MB
50,2026-09-10T09:57:11.481540+00:00,101,2026-09-10T09:57:11.110148+00:00,false,microservices,product,1ea1e324af40f1eef8fcb99e256faadbdf9a37d775eba987641970aed9232ac6,tcc-microservices-experiment-product-1,0.02,75015127,1073741824,6.99,3,416kB / 282kB,4.51MB / 3.69MB
51,2026-09-10T09:57:12.481538+00:00,103,2026-09-10T09:57:12.111156+00:00,false,microservices,auth,1b60e10ee695f9dcfb03a9d04bfde13d6955ac928053bd761558072de724550f,tcc-microservices-experiment-auth-1,0.02,75612815,1073741824,7.04,3,45.5kB / 40.3kB,4.44MB / 3.74MB
51,2026-09-10T09:57:12.481538+00:00,103,2026-09-10T09:57:12.111156+00:00,false,microservices,gateway,20b464e5323b98cbc1acc5600f7d765fcaecdb82a0e6ceee386e63634ddb3975,tcc-microservices-experiment-gateway-1,32.37,452355686,536870912,84.26,82,22MB / 29.1MB,31.9MB / 12.6MB
51,2026-09-10T09:57:12.481538+00:00,103,2026-09-10T09:57:12.111156+00:00,false,microservices,mysql,c4515c95185bb3909985d4131858b9128b5306bf18a543a2feaec3c2990a7330,tcc-microservices-experiment-mysql-1,26.44,543057510,1073741824,50.58,40,23.4MB / 72.6MB,47.9MB / 121MB
51,2026-09-10T09:57:12.481538+00:00,103,2026-09-10T09:57:12.111156+00:00,false,microservices,order,8303f145c0c0dc03e1ecd9fb3e168d8f52baf168eaf0232fd28f9e78ba006bad,tcc-microservices-experiment-order-1,82.58,78517371,1073741824,7.31,3,87.5MB / 36.9MB,7.55MB / 3.83MB
51,2026-09-10T09:57:12.481538+00:00,103,2026-09-10T09:57:12.111156+00:00,false,microservices,product,1ea1e324af40f1eef8fcb99e256faadbdf9a37d775eba987641970aed9232ac6,tcc-microservices-experiment-product-1,0.02,75015127,1073741824,6.99,3,416kB / 282kB,4.51MB / 3.69MB
52,2026-09-10T09:57:13.481536+00:00,105,2026-09-10T09:57:13.110410+00:00,false,microservices,auth,1b60e10ee695f9dcfb03a9d04bfde13d6955ac928053bd761558072de724550f,tcc-microservices-experiment-auth-1,0.02,75612815,1073741824,7.04,3,45.6kB / 40.3kB,4.44MB / 3.74MB
52,2026-09-10T09:57:13.481536+00:00,105,2026-09-10T09:57:13.110410+00:00,false,microservices,gateway,20b464e5323b98cbc1acc5600f7d765fcaecdb82a0e6ceee386e63634ddb3975,tcc-microservices-experiment-gateway-1,62.51,452565402,536870912,84.29,79,22.3MB / 29.4MB,32.2MB / 12.6MB
52,2026-09-10T09:57:13.481536+00:00,105,2026-09-10T09:57:13.110410+00:00,false,microservices,mysql,c4515c95185bb3909985d4131858b9128b5306bf18a543a2feaec3c2990a7330,tcc-microservices-experiment-mysql-1,22.96,542428365,1073741824,50.51,40,23.6MB / 73.5MB,47.9MB / 121MB
52,2026-09-10T09:57:13.481536+00:00,105,2026-09-10T09:57:13.110410+00:00,false,microservices,order,8303f145c0c0dc03e1ecd9fb3e168d8f52baf168eaf0232fd28f9e78ba006bad,tcc-microservices-experiment-order-1,81.77,78590771,1073741824,7.32,3,88.6MB / 37.3MB,7.55MB / 3.83MB
52,2026-09-10T09:57:13.481536+00:00,105,2026-09-10T09:57:13.110410+00:00,false,microservices,product,1ea1e324af40f1eef8fcb99e256faadbdf9a37d775eba987641970aed9232ac6,tcc-microservices-experiment-product-1,0.02,75015127,1073741824,6.99,3,416kB / 282kB,4.51MB / 3.69MB
53,2026-09-10T09:57:14.481541+00:00,107,2026-09-10T09:57:14.110820+00:00,false,microservices,auth,1b60e10ee695f9dcfb03a9d04bfde13d6955ac928053bd761558072de724550f,tcc-microservices-experiment-auth-1,0.01,75612815,1073741824,7.04,3,45.6kB / 40.3kB,4.44MB / 3.74MB
53,2026-09-10T09:57:14.481541+00:00,107,2026-09-10T09:57:14.110820+00:00,false,microservices,gateway,20b464e5323b98cbc1acc5600f7d765fcaecdb82a0e6ceee386e63634ddb3975,tcc-microservices-experiment-gateway-1,32.67,452670259,536870912,84.31,79,22.6MB / 29.8MB,32.2MB / 12.6MB
53,2026-09-10T09:57:14.481541+00:00,107,2026-09-10T09:57:14.110820+00:00,false,microservices,mysql,c4515c95185bb3909985d4131858b9128b5306bf18a543a2feaec3c2990a7330,tcc-microservices-experiment-mysql-1,26.46,543896371,1073741824,50.65,40,23.9MB / 74.4MB,47.9MB / 121MB
53,2026-09-10T09:57:14.481541+00:00,107,2026-09-10T09:57:14.110820+00:00,false,microservices,order,8303f145c0c0dc03e1ecd9fb3e168d8f52baf168eaf0232fd28f9e78ba006bad,tcc-microservices-experiment-order-1,82.76,79219917,1073741824,7.38,3,89.8MB / 37.8MB,7.55MB / 3.83MB
53,2026-09-10T09:57:14.481541+00:00,107,2026-09-10T09:57:14.110820+00:00,false,microservices,product,1ea1e324af40f1eef8fcb99e256faadbdf9a37d775eba987641970aed9232ac6,tcc-microservices-experiment-product-1,0.02,75015127,1073741824,6.99,3,416kB / 282kB,4.51MB / 3.69MB
54,2026-09-10T09:57:15.481531+00:00,109,2026-09-10T09:57:15.110292+00:00,false,microservices,auth,1b60e10ee695f9dcfb03a9d04bfde13d6955ac928053bd761558072de724550f,tcc-microservices-experiment-auth-1,0.02,75612815,1073741824,7.04,3,45.7kB / 40.3kB,4.44MB / 3.74MB
54,2026-09-10T09:57:15.481531+00:00,109,2026-09-10T09:57:15.110292+00:00,false,microservices,gateway,20b464e5323b98cbc1acc5600f7d765fcaecdb82a0e6ceee386e63634ddb3975,tcc-microservices-experiment-gateway-1,31.52,452565402,536870912,84.29,79,22.9MB / 30.2MB,32.2MB / 12.6MB
54,2026-09-10T09:57:15.481531+00:00,109,2026-09-10T09:57:15.110292+00:00,false,microservices,mysql,c4515c95185bb3909985d4131858b9128b5306bf18a543a2feaec3c2990a7330,tcc-microservices-experiment-mysql-1,22.68,542847795,1073741824,50.56,40,24.2MB / 75.4MB,47.9MB / 121MB
54,2026-09-10T09:57:15.481531+00:00,109,2026-09-10T09:57:15.110292+00:00,false,microservices,order,8303f145c0c0dc03e1ecd9fb3e168d8f52baf168eaf0232fd28f9e78ba006bad,tcc-microservices-experiment-order-1,81.65,79020687,1073741824,7.36,3,90.9MB / 38.2MB,7.55MB / 3.83MB
54,2026-09-10T09:57:15.481531+00:00,109,2026-09-10T09:57:15.110292+00:00,false,microservices,product,1ea1e324af40f1eef8fcb99e256faadbdf9a37d775eba987641970aed9232ac6,tcc-microservices-experiment-product-1,0.02,75015127,1073741824,6.99,3,416kB / 282kB,4.51MB / 3.69MB
55,2026-09-10T09:57:16.481565+00:00,111,2026-09-10T09:57:16.110604+00:00,false,microservices,auth,1b60e10ee695f9dcfb03a9d04bfde13d6955ac928053bd761558072de724550f,tcc-microservices-experiment-auth-1,0.02,75612815,1073741824,7.04,3,45.7kB / 40.3kB,4.44MB / 3.74MB
55,2026-09-10T09:57:16.481565+00:00,111,2026-09-10T09:57:16.110604+00:00,false,microservices,gateway,20b464e5323b98cbc1acc5600f7d765fcaecdb82a0e6ceee386e63634ddb3975,tcc-microservices-experiment-gateway-1,31.12,452670259,536870912,84.31,79,23.2MB / 30.6MB,32.2MB / 12.6MB
55,2026-09-10T09:57:16.481565+00:00,111,2026-09-10T09:57:16.110604+00:00,false,microservices,mysql,c4515c95185bb3909985d4131858b9128b5306bf18a543a2feaec3c2990a7330,tcc-microservices-experiment-mysql-1,27.61,542742938,1073741824,50.55,40,24.4MB / 76.3MB,47.9MB / 121MB
55,2026-09-10T09:57:16.481565+00:00,111,2026-09-10T09:57:16.110604+00:00,false,microservices,order,8303f145c0c0dc03e1ecd9fb3e168d8f52baf168eaf0232fd28f9e78ba006bad,tcc-microservices-experiment-order-1,81.79,78947287,1073741824,7.35,3,92MB / 38.7MB,7.55MB / 3.83MB
55,2026-09-10T09:57:16.481565+00:00,111,2026-09-10T09:57:16.110604+00:00,false,microservices,product,1ea1e324af40f1eef8fcb99e256faadbdf9a37d775eba987641970aed9232ac6,tcc-microservices-experiment-product-1,0.02,75015127,1073741824,6.99,3,416kB / 282kB,4.51MB / 3.69MB
56,2026-09-10T09:57:17.481520+00:00,113,2026-09-10T09:57:17.110755+00:00,false,microservices,auth,1b60e10ee695f9dcfb03a9d04bfde13d6955ac928053bd761558072de724550f,tcc-microservices-experiment-auth-1,0.02,75612815,1073741824,7.04,3,45.8kB / 40.3kB,4.44MB / 3.74MB
56,2026-09-10T09:57:17.481520+00:00,113,2026-09-10T09:57:17.110755+00:00,false,microservices,gateway,20b464e5323b98cbc1acc5600f7d765fcaecdb82a0e6ceee386e63634ddb3975,tcc-microservices-experiment-gateway-1,30.62,452984832,536870912,84.37,79,23.5MB / 31MB,32.2MB / 12.6MB
56,2026-09-10T09:57:17.481520+00:00,113,2026-09-10T09:57:17.110755+00:00,false,microservices,mysql,c4515c95185bb3909985d4131858b9128b5306bf18a543a2feaec3c2990a7330,tcc-microservices-experiment-mysql-1,22.37,542428365,1073741824,50.52,40,24.7MB / 77.1MB,47.9MB / 121MB
56,2026-09-10T09:57:17.481520+00:00,113,2026-09-10T09:57:17.110755+00:00,false,microservices,order,8303f145c0c0dc03e1ecd9fb3e168d8f52baf168eaf0232fd28f9e78ba006bad,tcc-microservices-experiment-order-1,82.8,78664172,1073741824,7.33,3,93.1MB / 39.1MB,7.55MB / 3.83MB
56,2026-09-10T09:57:17.481520+00:00,113,2026-09-10T09:57:17.110755+00:00,false,microservices,product,1ea1e324af40f1eef8fcb99e256faadbdf9a37d775eba987641970aed9232ac6,tcc-microservices-experiment-product-1,0.02,75015127,1073741824,6.99,3,416kB / 282kB,4.51MB / 3.69MB
57,2026-09-10T09:57:18.481555+00:00,115,2026-09-10T09:57:18.111296+00:00,false,microservices,auth,1b60e10ee695f9dcfb03a9d04bfde13d6955ac928053bd761558072de724550f,tcc-microservices-experiment-auth-1,0.02,75612815,1073741824,7.04,3,45.8kB / 40.3kB,4.44MB / 3.74MB
57,2026-09-10T09:57:18.481555+00:00,115,2026-09-10T09:57:18.111296+00:00,false,microservices,gateway,20b464e5323b98cbc1acc5600f7d765fcaecdb82a0e6ceee386e63634ddb3975,tcc-microservices-experiment-gateway-1,30.62,452984832,536870912,84.37,79,23.5MB / 31MB,32.2MB / 12.6MB
57,2026-09-10T09:57:18.481555+00:00,115,2026-09-10T09:57:18.111296+00:00,false,microservices,mysql,c4515c95185bb3909985d4131858b9128b5306bf18a543a2feaec3c2990a7330,tcc-microservices-experiment-mysql-1,22.37,542428365,1073741824,50.52,40,24.7MB / 77.1MB,47.9MB / 121MB
57,2026-09-10T09:57:18.481555+00:00,115,2026-09-10T09:57:18.111296+00:00,false,microservices,order,8303f145c0c0dc03e1ecd9fb3e168d8f52baf168eaf0232fd28f9e78ba006bad,tcc-microservices-experiment-order-1,82.8,78664172,1073741824,7.33,3,93.1MB / 39.1MB,7.55MB / 3.83MB
57,2026-09-10T09:57:18.481555+00:00,115,2026-09-10T09:57:18.111296+00:00,false,microservices,product,1ea1e324af40f1eef8fcb99e256faadbdf9a37d775eba987641970aed9232ac6,tcc-microservices-experiment-product-1,0.02,75015127,1073741824,6.99,3,416kB / 282kB,4.51MB / 3.69MB
58,2026-09-10T09:57:19.481549+00:00,117,2026-09-10T09:57:19.110945+00:00,false,microservices,auth,1b60e10ee695f9dcfb03a9d04bfde13d6955ac928053bd761558072de724550f,tcc-microservices-experiment-auth-1,0.02,75612815,1073741824,7.04,3,45.8kB / 40.3kB,4.44MB / 3.74MB
58,2026-09-10T09:57:19.481549+00:00,117,2026-09-10T09:57:19.110945+00:00,false,microservices,gateway,20b464e5323b98cbc1acc5600f7d765fcaecdb82a0e6ceee386e63634ddb3975,tcc-microservices-experiment-gateway-1,30.46,453194547,536870912,84.42,79,23.8MB / 31.4MB,32.2MB / 12.6MB
58,2026-09-10T09:57:19.481549+00:00,117,2026-09-10T09:57:19.110945+00:00,false,microservices,mysql,c4515c95185bb3909985d4131858b9128b5306bf18a543a2feaec3c2990a7330,tcc-microservices-experiment-mysql-1,26.29,542113792,1073741824,50.48,40,24.9MB / 78.1MB,47.9MB / 121MB
58,2026-09-10T09:57:19.481549+00:00,117,2026-09-10T09:57:19.110945+00:00,false,microservices,order,8303f145c0c0dc03e1ecd9fb3e168d8f52baf168eaf0232fd28f9e78ba006bad,tcc-microservices-experiment-order-1,83.61,78716600,1073741824,7.33,3,94.2MB / 39.5MB,7.55MB / 3.83MB
58,2026-09-10T09:57:19.481549+00:00,117,2026-09-10T09:57:19.110945+00:00,false,microservices,product,1ea1e324af40f1eef8fcb99e256faadbdf9a37d775eba987641970aed9232ac6,tcc-microservices-experiment-product-1,0.02,75015127,1073741824,6.99,3,417kB / 282kB,4.51MB / 3.69MB
59,2026-09-10T09:57:20.481560+00:00,119,2026-09-10T09:57:20.111396+00:00,false,microservices,auth,1b60e10ee695f9dcfb03a9d04bfde13d6955ac928053bd761558072de724550f,tcc-microservices-experiment-auth-1,0.02,75612815,1073741824,7.04,3,45.8kB / 40.3kB,4.44MB / 3.74MB
59,2026-09-10T09:57:20.481560+00:00,119,2026-09-10T09:57:20.111396+00:00,false,microservices,gateway,20b464e5323b98cbc1acc5600f7d765fcaecdb82a0e6ceee386e63634ddb3975,tcc-microservices-experiment-gateway-1,30.01,452670259,536870912,84.31,79,24.1MB / 31.8MB,32.2MB / 12.6MB
59,2026-09-10T09:57:20.481560+00:00,119,2026-09-10T09:57:20.111396+00:00,false,microservices,mysql,c4515c95185bb3909985d4131858b9128b5306bf18a543a2feaec3c2990a7330,tcc-microservices-experiment-mysql-1,23.91,542323507,1073741824,50.51,40,25.2MB / 79MB,47.9MB / 121MB
59,2026-09-10T09:57:20.481560+00:00,119,2026-09-10T09:57:20.111396+00:00,false,microservices,order,8303f145c0c0dc03e1ecd9fb3e168d8f52baf168eaf0232fd28f9e78ba006bad,tcc-microservices-experiment-order-1,80.43,78590771,1073741824,7.32,3,95.3MB / 40MB,7.55MB / 3.83MB
59,2026-09-10T09:57:20.481560+00:00,119,2026-09-10T09:57:20.111396+00:00,false,microservices,product,1ea1e324af40f1eef8fcb99e256faadbdf9a37d775eba987641970aed9232ac6,tcc-microservices-experiment-product-1,0.02,75015127,1073741824,6.99,3,417kB / 282kB,4.51MB / 3.69MB
60,2026-09-10T09:57:21.481557+00:00,121,2026-09-10T09:57:21.111479+00:00,false,microservices,auth,1b60e10ee695f9dcfb03a9d04bfde13d6955ac928053bd761558072de724550f,tcc-microservices-experiment-auth-1,0.01,75612815,1073741824,7.04,3,45.8kB / 40.3kB,4.44MB / 3.74MB
60,2026-09-10T09:57:21.481557+00:00,121,2026-09-10T09:57:21.111479+00:00,false,microservices,gateway,20b464e5323b98cbc1acc5600f7d765fcaecdb82a0e6ceee386e63634ddb3975,tcc-microservices-experiment-gateway-1,32.43,453194547,536870912,84.41,79,24.4MB / 32.2MB,32.2MB / 12.6MB
60,2026-09-10T09:57:21.481557+00:00,121,2026-09-10T09:57:21.111479+00:00,false,microservices,mysql,c4515c95185bb3909985d4131858b9128b5306bf18a543a2feaec3c2990a7330,tcc-microservices-experiment-mysql-1,28.02,542323507,1073741824,50.51,40,25.4MB / 79.9MB,47.9MB / 121MB
60,2026-09-10T09:57:21.481557+00:00,121,2026-09-10T09:57:21.111479+00:00,false,microservices,order,8303f145c0c0dc03e1ecd9fb3e168d8f52baf168eaf0232fd28f9e78ba006bad,tcc-microservices-experiment-order-1,81.29,78978744,1073741824,7.36,3,96.4MB / 40.4MB,7.55MB / 3.83MB
60,2026-09-10T09:57:21.481557+00:00,121,2026-09-10T09:57:21.111479+00:00,false,microservices,product,1ea1e324af40f1eef8fcb99e256faadbdf9a37d775eba987641970aed9232ac6,tcc-microservices-experiment-product-1,0.02,75015127,1073741824,6.99,3,417kB / 282kB,4.51MB / 3.69MB
61,2026-09-10T09:57:22.481557+00:00,123,2026-09-10T09:57:22.111320+00:00,false,microservices,auth,1b60e10ee695f9dcfb03a9d04bfde13d6955ac928053bd761558072de724550f,tcc-microservices-experiment-auth-1,0.02,75612815,1073741824,7.04,3,45.8kB / 40.3kB,4.44MB / 3.74MB
61,2026-09-10T09:57:22.481557+00:00,123,2026-09-10T09:57:22.111320+00:00,false,microservices,gateway,20b464e5323b98cbc1acc5600f7d765fcaecdb82a0e6ceee386e63634ddb3975,tcc-microservices-experiment-gateway-1,30.47,453404262,536870912,84.45,79,24.7MB / 32.6MB,32.2MB / 12.6MB
61,2026-09-10T09:57:22.481557+00:00,123,2026-09-10T09:57:22.111320+00:00,false,microservices,mysql,c4515c95185bb3909985d4131858b9128b5306bf18a543a2feaec3c2990a7330,tcc-microservices-experiment-mysql-1,23.22,542323507,1073741824,50.5,40,25.7MB / 80.8MB,47.9MB / 121MB
61,2026-09-10T09:57:22.481557+00:00,123,2026-09-10T09:57:22.111320+00:00,false,microservices,order,8303f145c0c0dc03e1ecd9fb3e168d8f52baf168eaf0232fd28f9e78ba006bad,tcc-microservices-experiment-order-1,81.61,79209431,1073741824,7.38,3,97.6MB / 40.9MB,7.55MB / 3.83MB
61,2026-09-10T09:57:22.481557+00:00,123,2026-09-10T09:57:22.111320+00:00,false,microservices,product,1ea1e324af40f1eef8fcb99e256faadbdf9a37d775eba987641970aed9232ac6,tcc-microservices-experiment-product-1,0.02,75015127,1073741824,6.99,3,417kB / 282kB,4.51MB / 3.69MB
62,2026-09-10T09:57:23.481544+00:00,125,2026-09-10T09:57:23.112344+00:00,false,microservices,auth,1b60e10ee695f9dcfb03a9d04bfde13d6955ac928053bd761558072de724550f,tcc-microservices-experiment-auth-1,0.02,75612815,1073741824,7.04,3,45.8kB / 40.3kB,4.44MB / 3.74MB
62,2026-09-10T09:57:23.481544+00:00,125,2026-09-10T09:57:23.112344+00:00,false,microservices,gateway,20b464e5323b98cbc1acc5600f7d765fcaecdb82a0e6ceee386e63634ddb3975,tcc-microservices-experiment-gateway-1,30.5,452670259,536870912,84.33,79,25MB / 33MB,32.2MB / 12.6MB
62,2026-09-10T09:57:23.481544+00:00,125,2026-09-10T09:57:23.112344+00:00,false,microservices,mysql,c4515c95185bb3909985d4131858b9128b5306bf18a543a2feaec3c2990a7330,tcc-microservices-experiment-mysql-1,27.53,542533222,1073741824,50.53,40,25.9MB / 81.7MB,47.9MB / 121MB
62,2026-09-10T09:57:23.481544+00:00,125,2026-09-10T09:57:23.112344+00:00,false,microservices,order,8303f145c0c0dc03e1ecd9fb3e168d8f52baf168eaf0232fd28f9e78ba006bad,tcc-microservices-experiment-order-1,81.26,79031173,1073741824,7.36,3,98.7MB / 41.3MB,7.55MB / 5.11MB
62,2026-09-10T09:57:23.481544+00:00,125,2026-09-10T09:57:23.112344+00:00,false,microservices,product,1ea1e324af40f1eef8fcb99e256faadbdf9a37d775eba987641970aed9232ac6,tcc-microservices-experiment-product-1,0.02,75015127,1073741824,6.99,3,417kB / 282kB,4.51MB / 3.69MB
63,2026-09-10T09:57:24.481557+00:00,127,2026-09-10T09:57:24.111956+00:00,false,microservices,auth,1b60e10ee695f9dcfb03a9d04bfde13d6955ac928053bd761558072de724550f,tcc-microservices-experiment-auth-1,0.02,75612815,1073741824,7.04,3,45.8kB / 40.3kB,4.44MB / 3.74MB
63,2026-09-10T09:57:24.481557+00:00,127,2026-09-10T09:57:24.111956+00:00,false,microservices,gateway,20b464e5323b98cbc1acc5600f7d765fcaecdb82a0e6ceee386e63634ddb3975,tcc-microservices-experiment-gateway-1,30.82,453404262,536870912,84.45,79,25.3MB / 33.4MB,32.3MB / 12.6MB
63,2026-09-10T09:57:24.481557+00:00,127,2026-09-10T09:57:24.111956+00:00,false,microservices,mysql,c4515c95185bb3909985d4131858b9128b5306bf18a543a2feaec3c2990a7330,tcc-microservices-experiment-mysql-1,23.26,542323507,1073741824,50.51,40,26.2MB / 82.6MB,47.9MB / 121MB
63,2026-09-10T09:57:24.481557+00:00,127,2026-09-10T09:57:24.111956+00:00,false,microservices,order,8303f145c0c0dc03e1ecd9fb3e168d8f52baf168eaf0232fd28f9e78ba006bad,tcc-microservices-experiment-order-1,81.66,79052145,1073741824,7.36,3,99.8MB / 41.8MB,7.55MB / 5.11MB
63,2026-09-10T09:57:24.481557+00:00,127,2026-09-10T09:57:24.111956+00:00,false,microservices,product,1ea1e324af40f1eef8fcb99e256faadbdf9a37d775eba987641970aed9232ac6,tcc-microservices-experiment-product-1,0.02,75015127,1073741824,6.99,3,417kB / 282kB,4.51MB / 3.69MB
64,2026-09-10T09:57:25.481548+00:00,129,2026-09-10T09:57:25.111470+00:00,false,microservices,auth,1b60e10ee695f9dcfb03a9d04bfde13d6955ac928053bd761558072de724550f,tcc-microservices-experiment-auth-1,0.02,75612815,1073741824,7.04,3,45.8kB / 40.3kB,4.44MB / 3.74MB
64,2026-09-10T09:57:25.481548+00:00,129,2026-09-10T09:57:25.111470+00:00,false,microservices,gateway,20b464e5323b98cbc1acc5600f7d765fcaecdb82a0e6ceee386e63634ddb3975,tcc-microservices-experiment-gateway-1,32.85,452355686,536870912,84.26,79,25.6MB / 33.8MB,32.3MB / 12.6MB
64,2026-09-10T09:57:25.481548+00:00,129,2026-09-10T09:57:25.111470+00:00,false,microservices,mysql,c4515c95185bb3909985d4131858b9128b5306bf18a543a2feaec3c2990a7330,tcc-microservices-experiment-mysql-1,27.19,542323507,1073741824,50.51,40,26.4MB / 83.5MB,47.9MB / 121MB
64,2026-09-10T09:57:25.481548+00:00,129,2026-09-10T09:57:25.111470+00:00,false,microservices,order,8303f145c0c0dc03e1ecd9fb3e168d8f52baf168eaf0232fd28f9e78ba006bad,tcc-microservices-experiment-order-1,82.65,78192312,1073741824,7.28,3,101MB / 42.2MB,7.55MB / 5.11MB
64,2026-09-10T09:57:25.481548+00:00,129,2026-09-10T09:57:25.111470+00:00,false,microservices,product,1ea1e324af40f1eef8fcb99e256faadbdf9a37d775eba987641970aed9232ac6,tcc-microservices-experiment-product-1,0.02,75015127,1073741824,6.99,3,417kB / 282kB,4.51MB / 3.69MB
65,2026-09-10T09:57:26.481540+00:00,131,2026-09-10T09:57:26.112727+00:00,false,microservices,auth,1b60e10ee695f9dcfb03a9d04bfde13d6955ac928053bd761558072de724550f,tcc-microservices-experiment-auth-1,0.02,75612815,1073741824,7.04,3,45.8kB / 40.3kB,4.44MB / 3.74MB
65,2026-09-10T09:57:26.481540+00:00,131,2026-09-10T09:57:26.112727+00:00,false,microservices,gateway,20b464e5323b98cbc1acc5600f7d765fcaecdb82a0e6ceee386e63634ddb3975,tcc-microservices-experiment-gateway-1,31.5,453089690,536870912,84.4,79,25.9MB / 34.2MB,32.3MB / 12.6MB
65,2026-09-10T09:57:26.481540+00:00,131,2026-09-10T09:57:26.112727+00:00,false,microservices,mysql,c4515c95185bb3909985d4131858b9128b5306bf18a543a2feaec3c2990a7330,tcc-microservices-experiment-mysql-1,22.72,542113792,1073741824,50.49,40,26.7MB / 84.4MB,47.9MB / 121MB
65,2026-09-10T09:57:26.481540+00:00,131,2026-09-10T09:57:26.112727+00:00,false,microservices,order,8303f145c0c0dc03e1ecd9fb3e168d8f52baf168eaf0232fd28f9e78ba006bad,tcc-microservices-experiment-order-1,81.45,78831944,1073741824,7.34,3,102MB / 42.6MB,7.55MB / 5.11MB
65,2026-09-10T09:57:26.481540+00:00,131,2026-09-10T09:57:26.112727+00:00,false,microservices,product,1ea1e324af40f1eef8fcb99e256faadbdf9a37d775eba987641970aed9232ac6,tcc-microservices-experiment-product-1,0.02,75015127,1073741824,6.99,3,417kB / 282kB,4.51MB / 3.69MB
66,2026-09-10T09:57:27.481563+00:00,133,2026-09-10T09:57:27.111494+00:00,false,microservices,auth,1b60e10ee695f9dcfb03a9d04bfde13d6955ac928053bd761558072de724550f,tcc-microservices-experiment-auth-1,0.02,75612815,1073741824,7.04,3,45.8kB / 40.3kB,4.44MB / 3.74MB
66,2026-09-10T09:57:27.481563+00:00,133,2026-09-10T09:57:27.111494+00:00,false,microservices,gateway,20b464e5323b98cbc1acc5600f7d765fcaecdb82a0e6ceee386e63634ddb3975,tcc-microservices-experiment-gateway-1,32.81,452670259,536870912,84.32,79,26.2MB / 34.6MB,32.3MB / 12.6MB
66,2026-09-10T09:57:27.481563+00:00,133,2026-09-10T09:57:27.111494+00:00,false,microservices,mysql,c4515c95185bb3909985d4131858b9128b5306bf18a543a2feaec3c2990a7330,tcc-microservices-experiment-mysql-1,26.68,542742938,1073741824,50.55,40,27MB / 85.3MB,47.9MB / 121MB
66,2026-09-10T09:57:27.481563+00:00,133,2026-09-10T09:57:27.111494+00:00,false,microservices,order,8303f145c0c0dc03e1ecd9fb3e168d8f52baf168eaf0232fd28f9e78ba006bad,tcc-microservices-experiment-order-1,82.06,78674657,1073741824,7.33,3,103MB / 43.1MB,7.55MB / 5.11MB
66,2026-09-10T09:57:27.481563+00:00,133,2026-09-10T09:57:27.111494+00:00,false,microservices,product,1ea1e324af40f1eef8fcb99e256faadbdf9a37d775eba987641970aed9232ac6,tcc-microservices-experiment-product-1,0.02,75015127,1073741824,6.99,3,417kB / 282kB,4.51MB / 3.69MB
67,2026-09-10T09:57:28.481564+00:00,135,2026-09-10T09:57:28.111821+00:00,false,microservices,auth,1b60e10ee695f9dcfb03a9d04bfde13d6955ac928053bd761558072de724550f,tcc-microservices-experiment-auth-1,0.02,75612815,1073741824,7.04,3,45.8kB / 40.3kB,4.44MB / 3.74MB
67,2026-09-10T09:57:28.481564+00:00,135,2026-09-10T09:57:28.111821+00:00,false,microservices,gateway,20b464e5323b98cbc1acc5600f7d765fcaecdb82a0e6ceee386e63634ddb3975,tcc-microservices-experiment-gateway-1,31.35,452355686,536870912,84.27,79,26.5MB / 35MB,32.3MB / 12.6MB
67,2026-09-10T09:57:28.481564+00:00,135,2026-09-10T09:57:28.111821+00:00,false,microservices,mysql,c4515c95185bb3909985d4131858b9128b5306bf18a543a2feaec3c2990a7330,tcc-microservices-experiment-mysql-1,22.84,542218650,1073741824,50.5,40,27.2MB / 86.2MB,47.9MB / 121MB
67,2026-09-10T09:57:28.481564+00:00,135,2026-09-10T09:57:28.111821+00:00,false,microservices,order,8303f145c0c0dc03e1ecd9fb3e168d8f52baf168eaf0232fd28f9e78ba006bad,tcc-microservices-experiment-order-1,81.97,78307656,1073741824,7.29,3,104MB / 43.5MB,7.55MB / 5.11MB
67,2026-09-10T09:57:28.481564+00:00,135,2026-09-10T09:57:28.111821+00:00,false,microservices,product,1ea1e324af40f1eef8fcb99e256faadbdf9a37d775eba987641970aed9232ac6,tcc-microservices-experiment-product-1,0.02,75015127,1073741824,6.99,3,417kB / 282kB,4.51MB / 3.69MB
68,2026-09-10T09:57:29.481566+00:00,137,2026-09-10T09:57:29.111301+00:00,false,microservices,auth,1b60e10ee695f9dcfb03a9d04bfde13d6955ac928053bd761558072de724550f,tcc-microservices-experiment-auth-1,0.02,75612815,1073741824,7.04,3,45.8kB / 40.3kB,4.44MB / 3.74MB
68,2026-09-10T09:57:29.481566+00:00,137,2026-09-10T09:57:29.111301+00:00,false,microservices,gateway,20b464e5323b98cbc1acc5600f7d765fcaecdb82a0e6ceee386e63634ddb3975,tcc-microservices-experiment-gateway-1,32.12,453509120,536870912,84.48,79,26.8MB / 35.3MB,32.3MB / 12.6MB
68,2026-09-10T09:57:29.481566+00:00,137,2026-09-10T09:57:29.111301+00:00,false,microservices,mysql,c4515c95185bb3909985d4131858b9128b5306bf18a543a2feaec3c2990a7330,tcc-microservices-experiment-mysql-1,25.45,543162368,1073741824,50.59,40,27.5MB / 87.1MB,47.9MB / 121MB
68,2026-09-10T09:57:29.481566+00:00,137,2026-09-10T09:57:29.111301+00:00,false,microservices,order,8303f145c0c0dc03e1ecd9fb3e168d8f52baf168eaf0232fd28f9e78ba006bad,tcc-microservices-experiment-order-1,83.22,78517371,1073741824,7.31,3,105MB / 44MB,7.55MB / 5.11MB
68,2026-09-10T09:57:29.481566+00:00,137,2026-09-10T09:57:29.111301+00:00,false,microservices,product,1ea1e324af40f1eef8fcb99e256faadbdf9a37d775eba987641970aed9232ac6,tcc-microservices-experiment-product-1,0.02,75015127,1073741824,6.99,3,417kB / 282kB,4.51MB / 3.69MB
69,2026-09-10T09:57:30.481570+00:00,139,2026-09-10T09:57:30.111497+00:00,false,microservices,auth,1b60e10ee695f9dcfb03a9d04bfde13d6955ac928053bd761558072de724550f,tcc-microservices-experiment-auth-1,0.01,75612815,1073741824,7.04,3,45.8kB / 40.3kB,4.44MB / 3.74MB
69,2026-09-10T09:57:30.481570+00:00,139,2026-09-10T09:57:30.111497+00:00,false,microservices,gateway,20b464e5323b98cbc1acc5600f7d765fcaecdb82a0e6ceee386e63634ddb3975,tcc-microservices-experiment-gateway-1,31.24,452775117,536870912,84.33,79,27.1MB / 35.7MB,32.3MB / 12.6MB
69,2026-09-10T09:57:30.481570+00:00,139,2026-09-10T09:57:30.111497+00:00,false,microservices,mysql,c4515c95185bb3909985d4131858b9128b5306bf18a543a2feaec3c2990a7330,tcc-microservices-experiment-mysql-1,22.24,542113792,1073741824,50.49,40,27.7MB / 88MB,47.9MB / 121MB
69,2026-09-10T09:57:30.481570+00:00,139,2026-09-10T09:57:30.111497+00:00,false,microservices,order,8303f145c0c0dc03e1ecd9fb3e168d8f52baf168eaf0232fd28f9e78ba006bad,tcc-microservices-experiment-order-1,82.33,78790001,1073741824,7.34,3,106MB / 44.4MB,7.55MB / 5.11MB
69,2026-09-10T09:57:30.481570+00:00,139,2026-09-10T09:57:30.111497+00:00,false,microservices,product,1ea1e324af40f1eef8fcb99e256faadbdf9a37d775eba987641970aed9232ac6,tcc-microservices-experiment-product-1,0.02,75015127,1073741824,6.99,3,417kB / 282kB,4.51MB / 3.69MB
70,2026-09-10T09:57:31.481555+00:00,141,2026-09-10T09:57:31.111345+00:00,false,microservices,auth,1b60e10ee695f9dcfb03a9d04bfde13d6955ac928053bd761558072de724550f,tcc-microservices-experiment-auth-1,0.02,75612815,1073741824,7.04,3,45.8kB / 40.3kB,4.44MB / 3.74MB
70,2026-09-10T09:57:31.481555+00:00,141,2026-09-10T09:57:31.111345+00:00,false,microservices,gateway,20b464e5323b98cbc1acc5600f7d765fcaecdb82a0e6ceee386e63634ddb3975,tcc-microservices-experiment-gateway-1,31.13,453194547,536870912,84.41,79,27.4MB / 36.1MB,32.3MB / 12.6MB
70,2026-09-10T09:57:31.481555+00:00,141,2026-09-10T09:57:31.111345+00:00,false,microservices,mysql,c4515c95185bb3909985d4131858b9128b5306bf18a543a2feaec3c2990a7330,tcc-microservices-experiment-mysql-1,26.39,543162368,1073741824,50.59,40,28MB / 88.9MB,47.9MB / 121MB
70,2026-09-10T09:57:31.481555+00:00,141,2026-09-10T09:57:31.111345+00:00,false,microservices,order,8303f145c0c0dc03e1ecd9fb3e168d8f52baf168eaf0232fd28f9e78ba006bad,tcc-microservices-experiment-order-1,82.17,78926316,1073741824,7.35,3,108MB / 44.9MB,7.55MB / 5.11MB
70,2026-09-10T09:57:31.481555+00:00,141,2026-09-10T09:57:31.111345+00:00,false,microservices,product,1ea1e324af40f1eef8fcb99e256faadbdf9a37d775eba987641970aed9232ac6,tcc-microservices-experiment-product-1,0.02,75015127,1073741824,6.99,3,417kB / 282kB,4.51MB / 3.69MB
71,2026-09-10T09:57:32.481575+00:00,143,2026-09-10T09:57:32.111303+00:00,false,microservices,auth,1b60e10ee695f9dcfb03a9d04bfde13d6955ac928053bd761558072de724550f,tcc-microservices-experiment-auth-1,0.02,75612815,1073741824,7.04,3,45.8kB / 40.3kB,4.44MB / 3.74MB
71,2026-09-10T09:57:32.481575+00:00,143,2026-09-10T09:57:32.111303+00:00,false,microservices,gateway,20b464e5323b98cbc1acc5600f7d765fcaecdb82a0e6ceee386e63634ddb3975,tcc-microservices-experiment-gateway-1,30.87,452355686,536870912,84.26,79,27.7MB / 36.5MB,32.3MB / 12.6MB
71,2026-09-10T09:57:32.481575+00:00,143,2026-09-10T09:57:32.111303+00:00,false,microservices,mysql,c4515c95185bb3909985d4131858b9128b5306bf18a543a2feaec3c2990a7330,tcc-microservices-experiment-mysql-1,23.45,543057510,1073741824,50.58,40,28.2MB / 89.8MB,47.9MB / 121MB
71,2026-09-10T09:57:32.481575+00:00,143,2026-09-10T09:57:32.111303+00:00,false,microservices,order,8303f145c0c0dc03e1ecd9fb3e168d8f52baf168eaf0232fd28f9e78ba006bad,tcc-microservices-experiment-order-1,81.29,78947287,1073741824,7.35,3,109MB / 45.3MB,7.55MB / 5.11MB
71,2026-09-10T09:57:32.481575+00:00,143,2026-09-10T09:57:32.111303+00:00,false,microservices,product,1ea1e324af40f1eef8fcb99e256faadbdf9a37d775eba987641970aed9232ac6,tcc-microservices-experiment-product-1,0.02,75015127,1073741824,6.99,3,417kB / 282kB,4.51MB / 3.69MB
72,2026-09-10T09:57:33.481530+00:00,145,2026-09-10T09:57:33.112997+00:00,false,microservices,auth,1b60e10ee695f9dcfb03a9d04bfde13d6955ac928053bd761558072de724550f,tcc-microservices-experiment-auth-1,0.02,75612815,1073741824,7.04,3,45.8kB / 40.3kB,4.44MB / 3.74MB
72,2026-09-10T09:57:33.481530+00:00,145,2026-09-10T09:57:33.112997+00:00,false,microservices,gateway,20b464e5323b98cbc1acc5600f7d765fcaecdb82a0e6ceee386e63634ddb3975,tcc-microservices-experiment-gateway-1,30.45,453194547,536870912,84.42,79,27.9MB / 36.9MB,32.3MB / 12.6MB
72,2026-09-10T09:57:33.481530+00:00,145,2026-09-10T09:57:33.112997+00:00,false,microservices,mysql,c4515c95185bb3909985d4131858b9128b5306bf18a543a2feaec3c2990a7330,tcc-microservices-experiment-mysql-1,27.47,543057510,1073741824,50.58,40,28.5MB / 90.7MB,47.9MB / 121MB
72,2026-09-10T09:57:33.481530+00:00,145,2026-09-10T09:57:33.112997+00:00,false,microservices,order,8303f145c0c0dc03e1ecd9fb3e168d8f52baf168eaf0232fd28f9e78ba006bad,tcc-microservices-experiment-order-1,81.75,78779515,1073741824,7.34,3,110MB / 45.7MB,7.55MB / 5.11MB
72,2026-09-10T09:57:33.481530+00:00,145,2026-09-10T09:57:33.112997+00:00,false,microservices,product,1ea1e324af40f1eef8fcb99e256faadbdf9a37d775eba987641970aed9232ac6,tcc-microservices-experiment-product-1,0.02,75015127,1073741824,6.99,3,417kB / 282kB,4.51MB / 3.69MB
73,2026-09-10T09:57:34.481529+00:00,147,2026-09-10T09:57:34.111217+00:00,false,microservices,auth,1b60e10ee695f9dcfb03a9d04bfde13d6955ac928053bd761558072de724550f,tcc-microservices-experiment-auth-1,0.02,75612815,1073741824,7.04,3,45.8kB / 40.3kB,4.44MB / 3.74MB
73,2026-09-10T09:57:34.481529+00:00,147,2026-09-10T09:57:34.111217+00:00,false,microservices,gateway,20b464e5323b98cbc1acc5600f7d765fcaecdb82a0e6ceee386e63634ddb3975,tcc-microservices-experiment-gateway-1,34.11,453509120,536870912,84.48,79,28.2MB / 37.3MB,32.4MB / 12.6MB
73,2026-09-10T09:57:34.481529+00:00,147,2026-09-10T09:57:34.111217+00:00,false,microservices,mysql,c4515c95185bb3909985d4131858b9128b5306bf18a543a2feaec3c2990a7330,tcc-microservices-experiment-mysql-1,21.96,542638080,1073741824,50.54,40,28.7MB / 91.6MB,47.9MB / 121MB
73,2026-09-10T09:57:34.481529+00:00,147,2026-09-10T09:57:34.111217+00:00,false,microservices,order,8303f145c0c0dc03e1ecd9fb3e168d8f52baf168eaf0232fd28f9e78ba006bad,tcc-microservices-experiment-order-1,83.04,78968259,1073741824,7.35,3,111MB / 46.2MB,7.55MB / 5.11MB
73,2026-09-10T09:57:34.481529+00:00,147,2026-09-10T09:57:34.111217+00:00,false,microservices,product,1ea1e324af40f1eef8fcb99e256faadbdf9a37d775eba987641970aed9232ac6,tcc-microservices-experiment-product-1,0.02,75015127,1073741824,6.99,3,417kB / 282kB,4.51MB / 3.69MB
74,2026-09-10T09:57:35.481532+00:00,149,2026-09-10T09:57:35.111974+00:00,false,microservices,auth,1b60e10ee695f9dcfb03a9d04bfde13d6955ac928053bd761558072de724550f,tcc-microservices-experiment-auth-1,0.02,75612815,1073741824,7.04,3,45.8kB / 40.3kB,4.44MB / 3.74MB
74,2026-09-10T09:57:35.481532+00:00,149,2026-09-10T09:57:35.111974+00:00,false,microservices,gateway,20b464e5323b98cbc1acc5600f7d765fcaecdb82a0e6ceee386e63634ddb3975,tcc-microservices-experiment-gateway-1,31.35,453194547,536870912,84.42,79,28.5MB / 37.7MB,32.4MB / 12.6MB
74,2026-09-10T09:57:35.481532+00:00,149,2026-09-10T09:57:35.111974+00:00,false,microservices,mysql,c4515c95185bb3909985d4131858b9128b5306bf18a543a2feaec3c2990a7330,tcc-microservices-experiment-mysql-1,26.49,542533222,1073741824,50.53,40,29MB / 92.5MB,47.9MB / 121MB
74,2026-09-10T09:57:35.481532+00:00,149,2026-09-10T09:57:35.111974+00:00,false,microservices,order,8303f145c0c0dc03e1ecd9fb3e168d8f52baf168eaf0232fd28f9e78ba006bad,tcc-microservices-experiment-order-1,82.22,78569800,1073741824,7.32,3,112MB / 46.6MB,7.55MB / 5.11MB
74,2026-09-10T09:57:35.481532+00:00,149,2026-09-10T09:57:35.111974+00:00,false,microservices,product,1ea1e324af40f1eef8fcb99e256faadbdf9a37d775eba987641970aed9232ac6,tcc-microservices-experiment-product-1,0.02,75015127,1073741824,6.99,3,417kB / 282kB,4.51MB / 3.69MB
75,2026-09-10T09:57:36.481560+00:00,151,2026-09-10T09:57:36.111464+00:00,false,microservices,auth,1b60e10ee695f9dcfb03a9d04bfde13d6955ac928053bd761558072de724550f,tcc-microservices-experiment-auth-1,0.02,75612815,1073741824,7.04,3,45.8kB / 40.3kB,4.44MB / 3.74MB
75,2026-09-10T09:57:36.481560+00:00,151,2026-09-10T09:57:36.111464+00:00,false,microservices,gateway,20b464e5323b98cbc1acc5600f7d765fcaecdb82a0e6ceee386e63634ddb3975,tcc-microservices-experiment-gateway-1,32.13,453928550,536870912,84.56,79,28.8MB / 38.1MB,32.4MB / 12.6MB
75,2026-09-10T09:57:36.481560+00:00,151,2026-09-10T09:57:36.111464+00:00,false,microservices,mysql,c4515c95185bb3909985d4131858b9128b5306bf18a543a2feaec3c2990a7330,tcc-microservices-experiment-mysql-1,22.79,542218650,1073741824,50.5,40,29.3MB / 93.5MB,47.9MB / 121MB
75,2026-09-10T09:57:36.481560+00:00,151,2026-09-10T09:57:36.111464+00:00,false,microservices,order,8303f145c0c0dc03e1ecd9fb3e168d8f52baf168eaf0232fd28f9e78ba006bad,tcc-microservices-experiment-order-1,82.24,78391542,1073741824,7.3,3,113MB / 47.1MB,7.55MB / 5.11MB
75,2026-09-10T09:57:36.481560+00:00,151,2026-09-10T09:57:36.111464+00:00,false,microservices,product,1ea1e324af40f1eef8fcb99e256faadbdf9a37d775eba987641970aed9232ac6,tcc-microservices-experiment-product-1,0.02,75015127,1073741824,6.99,3,417kB / 282kB,4.51MB / 3.69MB
76,2026-09-10T09:57:37.481565+00:00,153,2026-09-10T09:57:37.111380+00:00,false,microservices,auth,1b60e10ee695f9dcfb03a9d04bfde13d6955ac928053bd761558072de724550f,tcc-microservices-experiment-auth-1,0.02,75612815,1073741824,7.04,3,45.8kB / 40.3kB,4.44MB / 3.74MB
76,2026-09-10T09:57:37.481565+00:00,153,2026-09-10T09:57:37.111380+00:00,false,microservices,gateway,20b464e5323b98cbc1acc5600f7d765fcaecdb82a0e6ceee386e63634ddb3975,tcc-microservices-experiment-gateway-1,31.72,453928550,536870912,84.56,79,29.1MB / 38.5MB,32.4MB / 12.6MB
76,2026-09-10T09:57:37.481565+00:00,153,2026-09-10T09:57:37.111380+00:00,false,microservices,mysql,c4515c95185bb3909985d4131858b9128b5306bf18a543a2feaec3c2990a7330,tcc-microservices-experiment-mysql-1,26.31,542638080,1073741824,50.54,40,29.5MB / 94.4MB,47.9MB / 121MB
76,2026-09-10T09:57:37.481565+00:00,153,2026-09-10T09:57:37.111380+00:00,false,microservices,order,8303f145c0c0dc03e1ecd9fb3e168d8f52baf168eaf0232fd28f9e78ba006bad,tcc-microservices-experiment-order-1,82.65,79219917,1073741824,7.38,3,114MB / 47.5MB,7.55MB / 5.11MB
76,2026-09-10T09:57:37.481565+00:00,153,2026-09-10T09:57:37.111380+00:00,false,microservices,product,1ea1e324af40f1eef8fcb99e256faadbdf9a37d775eba987641970aed9232ac6,tcc-microservices-experiment-product-1,0.02,75015127,1073741824,6.99,3,417kB / 282kB,4.51MB / 3.69MB
77,2026-09-10T09:57:38.481535+00:00,155,2026-09-10T09:57:38.110389+00:00,false,microservices,auth,1b60e10ee695f9dcfb03a9d04bfde13d6955ac928053bd761558072de724550f,tcc-microservices-experiment-auth-1,0.02,75612815,1073741824,7.04,3,45.8kB / 40.3kB,4.44MB / 3.74MB
77,2026-09-10T09:57:38.481535+00:00,155,2026-09-10T09:57:38.110389+00:00,false,microservices,gateway,20b464e5323b98cbc1acc5600f7d765fcaecdb82a0e6ceee386e63634ddb3975,tcc-microservices-experiment-gateway-1,30.76,453194547,536870912,84.42,79,29.4MB / 38.9MB,32.4MB / 12.6MB
77,2026-09-10T09:57:38.481535+00:00,155,2026-09-10T09:57:38.110389+00:00,false,microservices,mysql,c4515c95185bb3909985d4131858b9128b5306bf18a543a2feaec3c2990a7330,tcc-microservices-experiment-mysql-1,23.0,542638080,1073741824,50.54,40,29.8MB / 95.3MB,47.9MB / 121MB
77,2026-09-10T09:57:38.481535+00:00,155,2026-09-10T09:57:38.110389+00:00,false,microservices,order,8303f145c0c0dc03e1ecd9fb3e168d8f52baf168eaf0232fd28f9e78ba006bad,tcc-microservices-experiment-order-1,81.03,78852915,1073741824,7.34,3,115MB / 48MB,7.55MB / 6.86MB
77,2026-09-10T09:57:38.481535+00:00,155,2026-09-10T09:57:38.110389+00:00,false,microservices,product,1ea1e324af40f1eef8fcb99e256faadbdf9a37d775eba987641970aed9232ac6,tcc-microservices-experiment-product-1,0.02,75015127,1073741824,6.99,3,417kB / 282kB,4.51MB / 3.69MB
78,2026-09-10T09:57:39.481536+00:00,157,2026-09-10T09:57:39.111450+00:00,false,microservices,auth,1b60e10ee695f9dcfb03a9d04bfde13d6955ac928053bd761558072de724550f,tcc-microservices-experiment-auth-1,0.02,75612815,1073741824,7.04,3,45.8kB / 40.3kB,4.44MB / 3.74MB
78,2026-09-10T09:57:39.481536+00:00,157,2026-09-10T09:57:39.111450+00:00,false,microservices,gateway,20b464e5323b98cbc1acc5600f7d765fcaecdb82a0e6ceee386e63634ddb3975,tcc-microservices-experiment-gateway-1,31.9,453089690,536870912,84.39,79,29.7MB / 39.3MB,32.4MB / 12.6MB
78,2026-09-10T09:57:39.481536+00:00,157,2026-09-10T09:57:39.111450+00:00,false,microservices,mysql,c4515c95185bb3909985d4131858b9128b5306bf18a543a2feaec3c2990a7330,tcc-microservices-experiment-mysql-1,27.3,542533222,1073741824,50.53,40,30MB / 96.2MB,47.9MB / 121MB
78,2026-09-10T09:57:39.481536+00:00,157,2026-09-10T09:57:39.111450+00:00,false,microservices,order,8303f145c0c0dc03e1ecd9fb3e168d8f52baf168eaf0232fd28f9e78ba006bad,tcc-microservices-experiment-order-1,81.99,79188460,1073741824,7.38,3,116MB / 48.4MB,7.55MB / 6.86MB
78,2026-09-10T09:57:39.481536+00:00,157,2026-09-10T09:57:39.111450+00:00,false,microservices,product,1ea1e324af40f1eef8fcb99e256faadbdf9a37d775eba987641970aed9232ac6,tcc-microservices-experiment-product-1,0.02,75015127,1073741824,6.99,3,417kB / 282kB,4.51MB / 3.69MB
79,2026-09-10T09:57:40.481540+00:00,159,2026-09-10T09:57:40.110229+00:00,false,microservices,auth,1b60e10ee695f9dcfb03a9d04bfde13d6955ac928053bd761558072de724550f,tcc-microservices-experiment-auth-1,0.02,75612815,1073741824,7.04,3,45.8kB / 40.3kB,4.44MB / 3.74MB
79,2026-09-10T09:57:40.481540+00:00,159,2026-09-10T09:57:40.110229+00:00,false,microservices,gateway,20b464e5323b98cbc1acc5600f7d765fcaecdb82a0e6ceee386e63634ddb3975,tcc-microservices-experiment-gateway-1,33.2,453823693,536870912,84.52,79,30MB / 39.7MB,32.4MB / 12.6MB
79,2026-09-10T09:57:40.481540+00:00,159,2026-09-10T09:57:40.110229+00:00,false,microservices,mysql,c4515c95185bb3909985d4131858b9128b5306bf18a543a2feaec3c2990a7330,tcc-microservices-experiment-mysql-1,22.77,542218650,1073741824,50.5,40,30.3MB / 97.1MB,47.9MB / 121MB
79,2026-09-10T09:57:40.481540+00:00,159,2026-09-10T09:57:40.110229+00:00,false,microservices,order,8303f145c0c0dc03e1ecd9fb3e168d8f52baf168eaf0232fd28f9e78ba006bad,tcc-microservices-experiment-order-1,82.09,78831944,1073741824,7.34,3,118MB / 48.8MB,7.55MB / 6.86MB
79,2026-09-10T09:57:40.481540+00:00,159,2026-09-10T09:57:40.110229+00:00,false,microservices,product,1ea1e324af40f1eef8fcb99e256faadbdf9a37d775eba987641970aed9232ac6,tcc-microservices-experiment-product-1,0.02,75015127,1073741824,6.99,3,417kB / 282kB,4.51MB / 3.69MB
80,2026-09-10T09:57:41.481524+00:00,161,2026-09-10T09:57:41.112011+00:00,false,microservices,auth,1b60e10ee695f9dcfb03a9d04bfde13d6955ac928053bd761558072de724550f,tcc-microservices-experiment-auth-1,0.02,75612815,1073741824,7.04,3,45.8kB / 40.3kB,4.44MB / 3.74MB
80,2026-09-10T09:57:41.481524+00:00,161,2026-09-10T09:57:41.112011+00:00,false,microservices,gateway,20b464e5323b98cbc1acc5600f7d765fcaecdb82a0e6ceee386e63634ddb3975,tcc-microservices-experiment-gateway-1,32.55,454347981,536870912,84.63,79,30.3MB / 40.1MB,32.4MB / 12.6MB
80,2026-09-10T09:57:41.481524+00:00,161,2026-09-10T09:57:41.112011+00:00,false,microservices,mysql,c4515c95185bb3909985d4131858b9128b5306bf18a543a2feaec3c2990a7330,tcc-microservices-experiment-mysql-1,26.8,542847795,1073741824,50.55,40,30.6MB / 98MB,47.9MB / 121MB
80,2026-09-10T09:57:41.481524+00:00,161,2026-09-10T09:57:41.112011+00:00,false,microservices,order,8303f145c0c0dc03e1ecd9fb3e168d8f52baf168eaf0232fd28f9e78ba006bad,tcc-microservices-experiment-order-1,82.31,78622228,1073741824,7.32,3,119MB / 49.3MB,7.55MB / 6.86MB
80,2026-09-10T09:57:41.481524+00:00,161,2026-09-10T09:57:41.112011+00:00,false,microservices,product,1ea1e324af40f1eef8fcb99e256faadbdf9a37d775eba987641970aed9232ac6,tcc-microservices-experiment-product-1,0.02,75015127,1073741824,6.99,3,417kB / 282kB,4.51MB / 3.69MB
81,2026-09-10T09:57:42.481563+00:00,163,2026-09-10T09:57:42.110444+00:00,false,microservices,auth,1b60e10ee695f9dcfb03a9d04bfde13d6955ac928053bd761558072de724550f,tcc-microservices-experiment-auth-1,0.02,75612815,1073741824,7.04,3,45.8kB / 40.3kB,4.44MB / 3.74MB
81,2026-09-10T09:57:42.481563+00:00,163,2026-09-10T09:57:42.110444+00:00,false,microservices,gateway,20b464e5323b98cbc1acc5600f7d765fcaecdb82a0e6ceee386e63634ddb3975,tcc-microservices-experiment-gateway-1,31.46,454557696,536870912,84.67,79,30.6MB / 40.5MB,32.4MB / 12.6MB
81,2026-09-10T09:57:42.481563+00:00,163,2026-09-10T09:57:42.110444+00:00,false,microservices,mysql,c4515c95185bb3909985d4131858b9128b5306bf18a543a2feaec3c2990a7330,tcc-microservices-experiment-mysql-1,22.73,542533222,1073741824,50.53,40,30.8MB / 98.9MB,47.9MB / 121MB
81,2026-09-10T09:57:42.481563+00:00,163,2026-09-10T09:57:42.110444+00:00,false,microservices,order,8303f145c0c0dc03e1ecd9fb3e168d8f52baf168eaf0232fd28f9e78ba006bad,tcc-microservices-experiment-order-1,81.85,79094088,1073741824,7.37,3,120MB / 49.7MB,7.55MB / 6.86MB
81,2026-09-10T09:57:42.481563+00:00,163,2026-09-10T09:57:42.110444+00:00,false,microservices,product,1ea1e324af40f1eef8fcb99e256faadbdf9a37d775eba987641970aed9232ac6,tcc-microservices-experiment-product-1,0.02,75015127,1073741824,6.99,3,417kB / 282kB,4.51MB / 3.69MB
82,2026-09-10T09:57:43.481540+00:00,165,2026-09-10T09:57:43.111696+00:00,false,microservices,auth,1b60e10ee695f9dcfb03a9d04bfde13d6955ac928053bd761558072de724550f,tcc-microservices-experiment-auth-1,0.02,75612815,1073741824,7.04,3,45.8kB / 40.3kB,4.44MB / 3.74MB
82,2026-09-10T09:57:43.481540+00:00,165,2026-09-10T09:57:43.111696+00:00,false,microservices,gateway,20b464e5323b98cbc1acc5600f7d765fcaecdb82a0e6ceee386e63634ddb3975,tcc-microservices-experiment-gateway-1,31.85,454033408,536870912,84.57,79,30.9MB / 40.9MB,32.4MB / 12.6MB
82,2026-09-10T09:57:43.481540+00:00,165,2026-09-10T09:57:43.111696+00:00,false,microservices,mysql,c4515c95185bb3909985d4131858b9128b5306bf18a543a2feaec3c2990a7330,tcc-microservices-experiment-mysql-1,26.88,543057510,1073741824,50.58,40,31.1MB / 99.9MB,47.9MB / 121MB
82,2026-09-10T09:57:43.481540+00:00,165,2026-09-10T09:57:43.111696+00:00,false,microservices,order,8303f145c0c0dc03e1ecd9fb3e168d8f52baf168eaf0232fd28f9e78ba006bad,tcc-microservices-experiment-order-1,82.86,79377203,1073741824,7.39,3,121MB / 50.2MB,7.55MB / 6.86MB
82,2026-09-10T09:57:43.481540+00:00,165,2026-09-10T09:57:43.111696+00:00,false,microservices,product,1ea1e324af40f1eef8fcb99e256faadbdf9a37d775eba987641970aed9232ac6,tcc-microservices-experiment-product-1,0.02,75015127,1073741824,6.99,3,417kB / 282kB,4.51MB / 3.69MB
83,2026-09-10T09:57:44.481538+00:00,167,2026-09-10T09:57:44.110212+00:00,false,microservices,auth,1b60e10ee695f9dcfb03a9d04bfde13d6955ac928053bd761558072de724550f,tcc-microservices-experiment-auth-1,0.02,75612815,1073741824,7.04,3,45.8kB / 40.3kB,4.44MB / 3.74MB
83,2026-09-10T09:57:44.481538+00:00,167,2026-09-10T09:57:44.110212+00:00,false,microservices,gateway,20b464e5323b98cbc1acc5600f7d765fcaecdb82a0e6ceee386e63634ddb3975,tcc-microservices-experiment-gateway-1,31.82,453823693,536870912,84.53,79,31.2MB / 41.3MB,32.4MB / 12.7MB
83,2026-09-10T09:57:44.481538+00:00,167,2026-09-10T09:57:44.110212+00:00,false,microservices,mysql,c4515c95185bb3909985d4131858b9128b5306bf18a543a2feaec3c2990a7330,tcc-microservices-experiment-mysql-1,23.6,542218650,1073741824,50.5,40,31.3MB / 101MB,47.9MB / 121MB
83,2026-09-10T09:57:44.481538+00:00,167,2026-09-10T09:57:44.110212+00:00,false,microservices,order,8303f145c0c0dc03e1ecd9fb3e168d8f52baf168eaf0232fd28f9e78ba006bad,tcc-microservices-experiment-order-1,80.67,79335260,1073741824,7.39,3,122MB / 50.7MB,7.55MB / 6.86MB
83,2026-09-10T09:57:44.481538+00:00,167,2026-09-10T09:57:44.110212+00:00,false,microservices,product,1ea1e324af40f1eef8fcb99e256faadbdf9a37d775eba987641970aed9232ac6,tcc-microservices-experiment-product-1,0.02,75015127,1073741824,6.99,3,417kB / 282kB,4.51MB / 3.69MB
84,2026-09-10T09:57:45.481533+00:00,169,2026-09-10T09:57:45.112486+00:00,false,microservices,auth,1b60e10ee695f9dcfb03a9d04bfde13d6955ac928053bd761558072de724550f,tcc-microservices-experiment-auth-1,0.02,75612815,1073741824,7.04,3,45.8kB / 40.3kB,4.44MB / 3.74MB
84,2026-09-10T09:57:45.481533+00:00,169,2026-09-10T09:57:45.112486+00:00,false,microservices,gateway,20b464e5323b98cbc1acc5600f7d765fcaecdb82a0e6ceee386e63634ddb3975,tcc-microservices-experiment-gateway-1,31.77,453404262,536870912,84.46,79,31.5MB / 41.7MB,32.4MB / 12.7MB
84,2026-09-10T09:57:45.481533+00:00,169,2026-09-10T09:57:45.112486+00:00,false,microservices,mysql,c4515c95185bb3909985d4131858b9128b5306bf18a543a2feaec3c2990a7330,tcc-microservices-experiment-mysql-1,27.35,542847795,1073741824,50.55,40,31.6MB / 102MB,47.9MB / 121MB
84,2026-09-10T09:57:45.481533+00:00,169,2026-09-10T09:57:45.112486+00:00,false,microservices,order,8303f145c0c0dc03e1ecd9fb3e168d8f52baf168eaf0232fd28f9e78ba006bad,tcc-microservices-experiment-order-1,81.83,79880520,1073741824,7.44,3,123MB / 51.1MB,7.55MB / 6.86MB
84,2026-09-10T09:57:45.481533+00:00,169,2026-09-10T09:57:45.112486+00:00,false,microservices,product,1ea1e324af40f1eef8fcb99e256faadbdf9a37d775eba987641970aed9232ac6,tcc-microservices-experiment-product-1,0.02,75015127,1073741824,6.99,3,417kB / 282kB,4.51MB / 3.69MB
85,2026-09-10T09:57:46.481527+00:00,171,2026-09-10T09:57:46.110789+00:00,false,microservices,auth,1b60e10ee695f9dcfb03a9d04bfde13d6955ac928053bd761558072de724550f,tcc-microservices-experiment-auth-1,0.02,75612815,1073741824,7.04,3,45.8kB / 40.3kB,4.44MB / 3.74MB
85,2026-09-10T09:57:46.481527+00:00,171,2026-09-10T09:57:46.110789+00:00,false,microservices,gateway,20b464e5323b98cbc1acc5600f7d765fcaecdb82a0e6ceee386e63634ddb3975,tcc-microservices-experiment-gateway-1,32.05,454033408,536870912,84.57,79,31.8MB / 42MB,32.4MB / 12.7MB
85,2026-09-10T09:57:46.481527+00:00,171,2026-09-10T09:57:46.110789+00:00,false,microservices,mysql,c4515c95185bb3909985d4131858b9128b5306bf18a543a2feaec3c2990a7330,tcc-microservices-experiment-mysql-1,22.79,543162368,1073741824,50.58,40,31.9MB / 103MB,47.9MB / 121MB
85,2026-09-10T09:57:46.481527+00:00,171,2026-09-10T09:57:46.110789+00:00,false,microservices,order,8303f145c0c0dc03e1ecd9fb3e168d8f52baf168eaf0232fd28f9e78ba006bad,tcc-microservices-experiment-order-1,82.08,78800486,1073741824,7.34,3,124MB / 51.5MB,7.55MB / 6.86MB
85,2026-09-10T09:57:46.481527+00:00,171,2026-09-10T09:57:46.110789+00:00,false,microservices,product,1ea1e324af40f1eef8fcb99e256faadbdf9a37d775eba987641970aed9232ac6,tcc-microservices-experiment-product-1,0.01,75015127,1073741824,6.99,3,417kB / 282kB,4.51MB / 3.69MB
86,2026-09-10T09:57:47.481555+00:00,173,2026-09-10T09:57:47.111192+00:00,false,microservices,auth,1b60e10ee695f9dcfb03a9d04bfde13d6955ac928053bd761558072de724550f,tcc-microservices-experiment-auth-1,0.02,75612815,1073741824,7.04,3,45.8kB / 40.3kB,4.44MB / 3.74MB
86,2026-09-10T09:57:47.481555+00:00,173,2026-09-10T09:57:47.111192+00:00,false,microservices,gateway,20b464e5323b98cbc1acc5600f7d765fcaecdb82a0e6ceee386e63634ddb3975,tcc-microservices-experiment-gateway-1,32.8,454347981,536870912,84.62,79,32.1MB / 42.4MB,32.5MB / 12.7MB
86,2026-09-10T09:57:47.481555+00:00,173,2026-09-10T09:57:47.111192+00:00,false,microservices,mysql,c4515c95185bb3909985d4131858b9128b5306bf18a543a2feaec3c2990a7330,tcc-microservices-experiment-mysql-1,27.23,542847795,1073741824,50.56,40,32.1MB / 104MB,47.9MB / 121MB
86,2026-09-10T09:57:47.481555+00:00,173,2026-09-10T09:57:47.111192+00:00,false,microservices,order,8303f145c0c0dc03e1ecd9fb3e168d8f52baf168eaf0232fd28f9e78ba006bad,tcc-microservices-experiment-order-1,81.79,79482061,1073741824,7.4,3,125MB / 52MB,7.55MB / 6.86MB
86,2026-09-10T09:57:47.481555+00:00,173,2026-09-10T09:57:47.111192+00:00,false,microservices,product,1ea1e324af40f1eef8fcb99e256faadbdf9a37d775eba987641970aed9232ac6,tcc-microservices-experiment-product-1,0.02,75015127,1073741824,6.99,3,417kB / 282kB,4.51MB / 3.69MB
87,2026-09-10T09:57:48.481553+00:00,175,2026-09-10T09:57:48.110268+00:00,false,microservices,auth,1b60e10ee695f9dcfb03a9d04bfde13d6955ac928053bd761558072de724550f,tcc-microservices-experiment-auth-1,0.02,75612815,1073741824,7.04,3,45.8kB / 40.3kB,4.44MB / 3.74MB
87,2026-09-10T09:57:48.481553+00:00,175,2026-09-10T09:57:48.110268+00:00,false,microservices,gateway,20b464e5323b98cbc1acc5600f7d765fcaecdb82a0e6ceee386e63634ddb3975,tcc-microservices-experiment-gateway-1,31.09,454452838,536870912,84.65,79,32.4MB / 42.8MB,32.5MB / 12.7MB
87,2026-09-10T09:57:48.481553+00:00,175,2026-09-10T09:57:48.110268+00:00,false,microservices,mysql,c4515c95185bb3909985d4131858b9128b5306bf18a543a2feaec3c2990a7330,tcc-microservices-experiment-mysql-1,23.02,542218650,1073741824,50.5,40,32.4MB / 104MB,47.9MB / 121MB
87,2026-09-10T09:57:48.481553+00:00,175,2026-09-10T09:57:48.110268+00:00,false,microservices,order,8303f145c0c0dc03e1ecd9fb3e168d8f52baf168eaf0232fd28f9e78ba006bad,tcc-microservices-experiment-order-1,82.24,79880520,1073741824,7.44,3,127MB / 52.4MB,7.55MB / 6.86MB
87,2026-09-10T09:57:48.481553+00:00,175,2026-09-10T09:57:48.110268+00:00,false,microservices,product,1ea1e324af40f1eef8fcb99e256faadbdf9a37d775eba987641970aed9232ac6,tcc-microservices-experiment-product-1,0.03,75015127,1073741824,6.99,3,417kB / 282kB,4.51MB / 3.69MB
88,2026-09-10T09:57:49.481557+00:00,177,2026-09-10T09:57:49.111476+00:00,false,microservices,auth,1b60e10ee695f9dcfb03a9d04bfde13d6955ac928053bd761558072de724550f,tcc-microservices-experiment-auth-1,0.02,75612815,1073741824,7.04,3,45.8kB / 40.3kB,4.44MB / 3.74MB
88,2026-09-10T09:57:49.481557+00:00,177,2026-09-10T09:57:49.111476+00:00,false,microservices,gateway,20b464e5323b98cbc1acc5600f7d765fcaecdb82a0e6ceee386e63634ddb3975,tcc-microservices-experiment-gateway-1,31.5,453404262,536870912,84.46,79,32.7MB / 43.2MB,32.5MB / 12.7MB
88,2026-09-10T09:57:49.481557+00:00,177,2026-09-10T09:57:49.111476+00:00,false,microservices,mysql,c4515c95185bb3909985d4131858b9128b5306bf18a543a2feaec3c2990a7330,tcc-microservices-experiment-mysql-1,26.67,542742938,1073741824,50.55,40,32.6MB / 105MB,47.9MB / 121MB
88,2026-09-10T09:57:49.481557+00:00,177,2026-09-10T09:57:49.111476+00:00,false,microservices,order,8303f145c0c0dc03e1ecd9fb3e168d8f52baf168eaf0232fd28f9e78ba006bad,tcc-microservices-experiment-order-1,82.73,79073116,1073741824,7.36,3,128MB / 52.9MB,7.55MB / 6.86MB
88,2026-09-10T09:57:49.481557+00:00,177,2026-09-10T09:57:49.111476+00:00,false,microservices,product,1ea1e324af40f1eef8fcb99e256faadbdf9a37d775eba987641970aed9232ac6,tcc-microservices-experiment-product-1,0.02,75015127,1073741824,6.99,3,417kB / 282kB,4.51MB / 3.69MB
89,2026-09-10T09:57:50.481550+00:00,179,2026-09-10T09:57:50.111181+00:00,false,microservices,auth,1b60e10ee695f9dcfb03a9d04bfde13d6955ac928053bd761558072de724550f,tcc-microservices-experiment-auth-1,0.02,75612815,1073741824,7.04,3,45.8kB / 40.3kB,4.44MB / 3.74MB
89,2026-09-10T09:57:50.481550+00:00,179,2026-09-10T09:57:50.111181+00:00,false,microservices,gateway,20b464e5323b98cbc1acc5600f7d765fcaecdb82a0e6ceee386e63634ddb3975,tcc-microservices-experiment-gateway-1,30.77,453718835,536870912,84.5,79,33MB / 43.6MB,32.5MB / 12.7MB
89,2026-09-10T09:57:50.481550+00:00,179,2026-09-10T09:57:50.111181+00:00,false,microservices,mysql,c4515c95185bb3909985d4131858b9128b5306bf18a543a2feaec3c2990a7330,tcc-microservices-experiment-mysql-1,23.37,542742938,1073741824,50.55,40,32.9MB / 106MB,47.9MB / 121MB
89,2026-09-10T09:57:50.481550+00:00,179,2026-09-10T09:57:50.111181+00:00,false,microservices,order,8303f145c0c0dc03e1ecd9fb3e168d8f52baf168eaf0232fd28f9e78ba006bad,tcc-microservices-experiment-order-1,81.75,79681290,1073741824,7.42,3,129MB / 53.3MB,7.55MB / 6.86MB
89,2026-09-10T09:57:50.481550+00:00,179,2026-09-10T09:57:50.111181+00:00,false,microservices,product,1ea1e324af40f1eef8fcb99e256faadbdf9a37d775eba987641970aed9232ac6,tcc-microservices-experiment-product-1,0.01,75015127,1073741824,6.99,3,417kB / 282kB,4.51MB / 3.69MB
90,2026-09-10T09:57:51.481532+00:00,181,2026-09-10T09:57:51.110269+00:00,false,microservices,auth,1b60e10ee695f9dcfb03a9d04bfde13d6955ac928053bd761558072de724550f,tcc-microservices-experiment-auth-1,0.02,75612815,1073741824,7.04,3,45.8kB / 40.3kB,4.44MB / 3.74MB
90,2026-09-10T09:57:51.481532+00:00,181,2026-09-10T09:57:51.110269+00:00,false,microservices,gateway,20b464e5323b98cbc1acc5600f7d765fcaecdb82a0e6ceee386e63634ddb3975,tcc-microservices-experiment-gateway-1,32.79,453928550,536870912,84.54,79,33.3MB / 44MB,32.5MB / 12.7MB
90,2026-09-10T09:57:51.481532+00:00,181,2026-09-10T09:57:51.110269+00:00,false,microservices,mysql,c4515c95185bb3909985d4131858b9128b5306bf18a543a2feaec3c2990a7330,tcc-microservices-experiment-mysql-1,27.26,542742938,1073741824,50.55,40,33.1MB / 107MB,47.9MB / 121MB
90,2026-09-10T09:57:51.481532+00:00,181,2026-09-10T09:57:51.110269+00:00,false,microservices,order,8303f145c0c0dc03e1ecd9fb3e168d8f52baf168eaf0232fd28f9e78ba006bad,tcc-microservices-experiment-order-1,81.85,79565947,1073741824,7.41,3,130MB / 53.8MB,7.55MB / 6.86MB
90,2026-09-10T09:57:51.481532+00:00,181,2026-09-10T09:57:51.110269+00:00,false,microservices,product,1ea1e324af40f1eef8fcb99e256faadbdf9a37d775eba987641970aed9232ac6,tcc-microservices-experiment-product-1,0.02,75015127,1073741824,6.99,3,417kB / 282kB,4.51MB / 3.69MB
91,2026-09-10T09:57:52.481561+00:00,183,2026-09-10T09:57:52.110943+00:00,false,microservices,auth,1b60e10ee695f9dcfb03a9d04bfde13d6955ac928053bd761558072de724550f,tcc-microservices-experiment-auth-1,0.02,75612815,1073741824,7.04,3,45.8kB / 40.3kB,4.44MB / 3.74MB
91,2026-09-10T09:57:52.481561+00:00,183,2026-09-10T09:57:52.110943+00:00,false,microservices,gateway,20b464e5323b98cbc1acc5600f7d765fcaecdb82a0e6ceee386e63634ddb3975,tcc-microservices-experiment-gateway-1,31.26,452984832,536870912,84.37,79,33.6MB / 44.4MB,32.5MB / 12.7MB
91,2026-09-10T09:57:52.481561+00:00,183,2026-09-10T09:57:52.110943+00:00,false,microservices,mysql,c4515c95185bb3909985d4131858b9128b5306bf18a543a2feaec3c2990a7330,tcc-microservices-experiment-mysql-1,22.38,542323507,1073741824,50.51,40,33.4MB / 108MB,47.9MB / 121MB
91,2026-09-10T09:57:52.481561+00:00,183,2026-09-10T09:57:52.110943+00:00,false,microservices,order,8303f145c0c0dc03e1ecd9fb3e168d8f52baf168eaf0232fd28f9e78ba006bad,tcc-microservices-experiment-order-1,82.68,78894858,1073741824,7.35,3,131MB / 54.2MB,7.55MB / 6.86MB
91,2026-09-10T09:57:52.481561+00:00,183,2026-09-10T09:57:52.110943+00:00,false,microservices,product,1ea1e324af40f1eef8fcb99e256faadbdf9a37d775eba987641970aed9232ac6,tcc-microservices-experiment-product-1,0.02,75015127,1073741824,6.99,3,417kB / 282kB,4.51MB / 3.69MB
92,2026-09-10T09:57:53.481535+00:00,185,2026-09-10T09:57:53.111307+00:00,false,microservices,auth,1b60e10ee695f9dcfb03a9d04bfde13d6955ac928053bd761558072de724550f,tcc-microservices-experiment-auth-1,0.02,75612815,1073741824,7.04,3,45.8kB / 40.3kB,4.44MB / 3.74MB
92,2026-09-10T09:57:53.481535+00:00,185,2026-09-10T09:57:53.111307+00:00,false,microservices,gateway,20b464e5323b98cbc1acc5600f7d765fcaecdb82a0e6ceee386e63634ddb3975,tcc-microservices-experiment-gateway-1,32.08,453194547,536870912,84.4,79,33.9MB / 44.8MB,32.6MB / 12.7MB
92,2026-09-10T09:57:53.481535+00:00,185,2026-09-10T09:57:53.111307+00:00,false,microservices,mysql,c4515c95185bb3909985d4131858b9128b5306bf18a543a2feaec3c2990a7330,tcc-microservices-experiment-mysql-1,26.62,542533222,1073741824,50.53,40,33.6MB / 109MB,47.9MB / 121MB
92,2026-09-10T09:57:53.481535+00:00,185,2026-09-10T09:57:53.111307+00:00,false,microservices,order,8303f145c0c0dc03e1ecd9fb3e168d8f52baf168eaf0232fd28f9e78ba006bad,tcc-microservices-experiment-order-1,82.14,79083602,1073741824,7.37,3,132MB / 54.6MB,7.55MB / 6.86MB
92,2026-09-10T09:57:53.481535+00:00,185,2026-09-10T09:57:53.111307+00:00,false,microservices,product,1ea1e324af40f1eef8fcb99e256faadbdf9a37d775eba987641970aed9232ac6,tcc-microservices-experiment-product-1,0.02,75015127,1073741824,6.99,3,417kB / 282kB,4.51MB / 3.69MB
93,2026-09-10T09:57:54.481546+00:00,187,2026-09-10T09:57:54.110770+00:00,false,microservices,auth,1b60e10ee695f9dcfb03a9d04bfde13d6955ac928053bd761558072de724550f,tcc-microservices-experiment-auth-1,0.02,75612815,1073741824,7.04,3,45.8kB / 40.3kB,4.44MB / 3.74MB
93,2026-09-10T09:57:54.481546+00:00,187,2026-09-10T09:57:54.110770+00:00,false,microservices,gateway,20b464e5323b98cbc1acc5600f7d765fcaecdb82a0e6ceee386e63634ddb3975,tcc-microservices-experiment-gateway-1,30.87,453404262,536870912,84.46,79,34.2MB / 45.2MB,32.6MB / 12.7MB
93,2026-09-10T09:57:54.481546+00:00,187,2026-09-10T09:57:54.110770+00:00,false,microservices,mysql,c4515c95185bb3909985d4131858b9128b5306bf18a543a2feaec3c2990a7330,tcc-microservices-experiment-mysql-1,23.56,542428365,1073741824,50.51,40,33.9MB / 110MB,47.9MB / 121MB
93,2026-09-10T09:57:54.481546+00:00,187,2026-09-10T09:57:54.110770+00:00,false,microservices,order,8303f145c0c0dc03e1ecd9fb3e168d8f52baf168eaf0232fd28f9e78ba006bad,tcc-microservices-experiment-order-1,80.61,79209431,1073741824,7.38,3,133MB / 55.1MB,7.55MB / 7.34MB
93,2026-09-10T09:57:54.481546+00:00,187,2026-09-10T09:57:54.110770+00:00,false,microservices,product,1ea1e324af40f1eef8fcb99e256faadbdf9a37d775eba987641970aed9232ac6,tcc-microservices-experiment-product-1,0.02,75015127,1073741824,6.99,3,417kB / 282kB,4.51MB / 3.69MB
94,2026-09-10T09:57:55.481531+00:00,189,2026-09-10T09:57:55.111378+00:00,false,microservices,auth,1b60e10ee695f9dcfb03a9d04bfde13d6955ac928053bd761558072de724550f,tcc-microservices-experiment-auth-1,0.02,75612815,1073741824,7.04,3,45.8kB / 40.3kB,4.44MB / 3.74MB
94,2026-09-10T09:57:55.481531+00:00,189,2026-09-10T09:57:55.111378+00:00,false,microservices,gateway,20b464e5323b98cbc1acc5600f7d765fcaecdb82a0e6ceee386e63634ddb3975,tcc-microservices-experiment-gateway-1,31.23,453613978,536870912,84.49,79,34.5MB / 45.6MB,32.6MB / 12.7MB
94,2026-09-10T09:57:55.481531+00:00,189,2026-09-10T09:57:55.111378+00:00,false,microservices,mysql,c4515c95185bb3909985d4131858b9128b5306bf18a543a2feaec3c2990a7330,tcc-microservices-experiment-mysql-1,25.61,542847795,1073741824,50.56,40,34.2MB / 111MB,47.9MB / 121MB
94,2026-09-10T09:57:55.481531+00:00,189,2026-09-10T09:57:55.111378+00:00,false,microservices,order,8303f145c0c0dc03e1ecd9fb3e168d8f52baf168eaf0232fd28f9e78ba006bad,tcc-microservices-experiment-order-1,83.07,78653686,1073741824,7.32,3,134MB / 55.5MB,7.55MB / 7.34MB
94,2026-09-10T09:57:55.481531+00:00,189,2026-09-10T09:57:55.111378+00:00,false,microservices,product,1ea1e324af40f1eef8fcb99e256faadbdf9a37d775eba987641970aed9232ac6,tcc-microservices-experiment-product-1,0.02,75015127,1073741824,6.99,3,417kB / 282kB,4.51MB / 3.69MB
95,2026-09-10T09:57:56.481531+00:00,191,2026-09-10T09:57:56.111673+00:00,false,microservices,auth,1b60e10ee695f9dcfb03a9d04bfde13d6955ac928053bd761558072de724550f,tcc-microservices-experiment-auth-1,0.02,75612815,1073741824,7.04,3,45.8kB / 40.3kB,4.44MB / 3.74MB
95,2026-09-10T09:57:56.481531+00:00,191,2026-09-10T09:57:56.111673+00:00,false,microservices,gateway,20b464e5323b98cbc1acc5600f7d765fcaecdb82a0e6ceee386e63634ddb3975,tcc-microservices-experiment-gateway-1,32.46,454347981,536870912,84.63,79,34.8MB / 46MB,32.8MB / 12.7MB
95,2026-09-10T09:57:56.481531+00:00,191,2026-09-10T09:57:56.111673+00:00,false,microservices,mysql,c4515c95185bb3909985d4131858b9128b5306bf18a543a2feaec3c2990a7330,tcc-microservices-experiment-mysql-1,23.68,542323507,1073741824,50.51,40,34.4MB / 112MB,47.9MB / 121MB
95,2026-09-10T09:57:56.481531+00:00,191,2026-09-10T09:57:56.111673+00:00,false,microservices,order,8303f145c0c0dc03e1ecd9fb3e168d8f52baf168eaf0232fd28f9e78ba006bad,tcc-microservices-experiment-order-1,81.15,79576433,1073741824,7.41,3,136MB / 56MB,7.55MB / 7.34MB
95,2026-09-10T09:57:56.481531+00:00,191,2026-09-10T09:57:56.111673+00:00,false,microservices,product,1ea1e324af40f1eef8fcb99e256faadbdf9a37d775eba987641970aed9232ac6,tcc-microservices-experiment-product-1,0.02,75015127,1073741824,6.99,3,417kB / 282kB,4.51MB / 3.69MB
96,2026-09-10T09:57:57.481564+00:00,193,2026-09-10T09:57:57.111445+00:00,false,microservices,auth,1b60e10ee695f9dcfb03a9d04bfde13d6955ac928053bd761558072de724550f,tcc-microservices-experiment-auth-1,0.02,75612815,1073741824,7.04,3,45.8kB / 40.3kB,4.44MB / 3.74MB
96,2026-09-10T09:57:57.481564+00:00,193,2026-09-10T09:57:57.111445+00:00,false,microservices,gateway,20b464e5323b98cbc1acc5600f7d765fcaecdb82a0e6ceee386e63634ddb3975,tcc-microservices-experiment-gateway-1,30.93,453823693,536870912,84.53,79,35.1MB / 46.4MB,32.8MB / 12.7MB
96,2026-09-10T09:57:57.481564+00:00,193,2026-09-10T09:57:57.111445+00:00,false,microservices,mysql,c4515c95185bb3909985d4131858b9128b5306bf18a543a2feaec3c2990a7330,tcc-microservices-experiment-mysql-1,27.31,542113792,1073741824,50.49,40,34.7MB / 113MB,47.9MB / 121MB
96,2026-09-10T09:57:57.481564+00:00,193,2026-09-10T09:57:57.111445+00:00,false,microservices,order,8303f145c0c0dc03e1ecd9fb3e168d8f52baf168eaf0232fd28f9e78ba006bad,tcc-microservices-experiment-order-1,81.56,79565947,1073741824,7.41,3,137MB / 56.4MB,7.55MB / 7.34MB
96,2026-09-10T09:57:57.481564+00:00,193,2026-09-10T09:57:57.111445+00:00,false,microservices,product,1ea1e324af40f1eef8fcb99e256faadbdf9a37d775eba987641970aed9232ac6,tcc-microservices-experiment-product-1,0.02,75015127,1073741824,6.99,3,417kB / 282kB,4.51MB / 3.69MB
97,2026-09-10T09:57:58.481563+00:00,195,2026-09-10T09:57:58.112236+00:00,false,microservices,auth,1b60e10ee695f9dcfb03a9d04bfde13d6955ac928053bd761558072de724550f,tcc-microservices-experiment-auth-1,0.01,75612815,1073741824,7.04,3,45.8kB / 40.3kB,4.44MB / 3.74MB
97,2026-09-10T09:57:58.481563+00:00,195,2026-09-10T09:57:58.112236+00:00,false,microservices,gateway,20b464e5323b98cbc1acc5600f7d765fcaecdb82a0e6ceee386e63634ddb3975,tcc-microservices-experiment-gateway-1,30.91,453613978,536870912,84.5,79,35.4MB / 46.8MB,32.8MB / 12.7MB
97,2026-09-10T09:57:58.481563+00:00,195,2026-09-10T09:57:58.112236+00:00,false,microservices,mysql,c4515c95185bb3909985d4131858b9128b5306bf18a543a2feaec3c2990a7330,tcc-microservices-experiment-mysql-1,23.7,542428365,1073741824,50.52,40,34.9MB / 114MB,47.9MB / 121MB
97,2026-09-10T09:57:58.481563+00:00,195,2026-09-10T09:57:58.112236+00:00,false,microservices,order,8303f145c0c0dc03e1ecd9fb3e168d8f52baf168eaf0232fd28f9e78ba006bad,tcc-microservices-experiment-order-1,80.59,79094088,1073741824,7.37,3,138MB / 56.9MB,7.55MB / 7.34MB
97,2026-09-10T09:57:58.481563+00:00,195,2026-09-10T09:57:58.112236+00:00,false,microservices,product,1ea1e324af40f1eef8fcb99e256faadbdf9a37d775eba987641970aed9232ac6,tcc-microservices-experiment-product-1,0.02,75015127,1073741824,6.99,3,417kB / 282kB,4.51MB / 3.69MB
98,2026-09-10T09:57:59.481556+00:00,197,2026-09-10T09:57:59.111660+00:00,false,microservices,auth,1b60e10ee695f9dcfb03a9d04bfde13d6955ac928053bd761558072de724550f,tcc-microservices-experiment-auth-1,0.02,75612815,1073741824,7.04,3,45.8kB / 40.3kB,4.44MB / 3.74MB
98,2026-09-10T09:57:59.481556+00:00,197,2026-09-10T09:57:59.111660+00:00,false,microservices,gateway,20b464e5323b98cbc1acc5600f7d765fcaecdb82a0e6ceee386e63634ddb3975,tcc-microservices-experiment-gateway-1,32.42,453718835,536870912,84.52,79,35.7MB / 47.2MB,32.8MB / 12.7MB
98,2026-09-10T09:57:59.481556+00:00,197,2026-09-10T09:57:59.111660+00:00,false,microservices,mysql,c4515c95185bb3909985d4131858b9128b5306bf18a543a2feaec3c2990a7330,tcc-microservices-experiment-mysql-1,26.52,542638080,1073741824,50.54,40,35.2MB / 114MB,47.9MB / 121MB
98,2026-09-10T09:57:59.481556+00:00,197,2026-09-10T09:57:59.111660+00:00,false,microservices,order,8303f145c0c0dc03e1ecd9fb3e168d8f52baf168eaf0232fd28f9e78ba006bad,tcc-microservices-experiment-order-1,82.08,79691776,1073741824,7.42,3,139MB / 57.3MB,7.55MB / 7.34MB
98,2026-09-10T09:57:59.481556+00:00,197,2026-09-10T09:57:59.111660+00:00,false,microservices,product,1ea1e324af40f1eef8fcb99e256faadbdf9a37d775eba987641970aed9232ac6,tcc-microservices-experiment-product-1,0.02,75015127,1073741824,6.99,3,417kB / 282kB,4.51MB / 3.69MB
99,2026-09-10T09:58:00.481563+00:00,199,2026-09-10T09:58:00.111340+00:00,false,microservices,auth,1b60e10ee695f9dcfb03a9d04bfde13d6955ac928053bd761558072de724550f,tcc-microservices-experiment-auth-1,0.02,75612815,1073741824,7.04,3,45.8kB / 40.3kB,4.44MB / 3.74MB
99,2026-09-10T09:58:00.481563+00:00,199,2026-09-10T09:58:00.111340+00:00,false,microservices,gateway,20b464e5323b98cbc1acc5600f7d765fcaecdb82a0e6ceee386e63634ddb3975,tcc-microservices-experiment-gateway-1,30.68,454347981,536870912,84.62,79,36MB / 47.6MB,32.8MB / 12.7MB
99,2026-09-10T09:58:00.481563+00:00,199,2026-09-10T09:58:00.111340+00:00,false,microservices,mysql,c4515c95185bb3909985d4131858b9128b5306bf18a543a2feaec3c2990a7330,tcc-microservices-experiment-mysql-1,23.53,542323507,1073741824,50.51,40,35.5MB / 115MB,47.9MB / 121MB
99,2026-09-10T09:58:00.481563+00:00,199,2026-09-10T09:58:00.111340+00:00,false,microservices,order,8303f145c0c0dc03e1ecd9fb3e168d8f52baf168eaf0232fd28f9e78ba006bad,tcc-microservices-experiment-order-1,81.23,79167488,1073741824,7.37,3,140MB / 57.8MB,7.55MB / 7.34MB
99,2026-09-10T09:58:00.481563+00:00,199,2026-09-10T09:58:00.111340+00:00,false,microservices,product,1ea1e324af40f1eef8fcb99e256faadbdf9a37d775eba987641970aed9232ac6,tcc-microservices-experiment-product-1,0.02,75015127,1073741824,6.99,3,417kB / 282kB,4.51MB / 3.69MB
100,2026-09-10T09:58:01.481539+00:00,201,2026-09-10T09:58:01.111223+00:00,false,microservices,auth,1b60e10ee695f9dcfb03a9d04bfde13d6955ac928053bd761558072de724550f,tcc-microservices-experiment-auth-1,0.02,75612815,1073741824,7.04,3,45.8kB / 40.3kB,4.44MB / 3.74MB
100,2026-09-10T09:58:01.481539+00:00,201,2026-09-10T09:58:01.111223+00:00,false,microservices,gateway,20b464e5323b98cbc1acc5600f7d765fcaecdb82a0e6ceee386e63634ddb3975,tcc-microservices-experiment-gateway-1,30.0,454243123,536870912,84.61,79,36.3MB / 47.9MB,32.8MB / 12.7MB
100,2026-09-10T09:58:01.481539+00:00,201,2026-09-10T09:58:01.111223+00:00,false,microservices,mysql,c4515c95185bb3909985d4131858b9128b5306bf18a543a2feaec3c2990a7330,tcc-microservices-experiment-mysql-1,27.73,543267226,1073741824,50.6,40,35.7MB / 116MB,47.9MB / 121MB
100,2026-09-10T09:58:01.481539+00:00,201,2026-09-10T09:58:01.111223+00:00,false,microservices,order,8303f145c0c0dc03e1ecd9fb3e168d8f52baf168eaf0232fd28f9e78ba006bad,tcc-microservices-experiment-order-1,80.95,79639347,1073741824,7.42,3,141MB / 58.2MB,7.55MB / 7.34MB
100,2026-09-10T09:58:01.481539+00:00,201,2026-09-10T09:58:01.111223+00:00,false,microservices,product,1ea1e324af40f1eef8fcb99e256faadbdf9a37d775eba987641970aed9232ac6,tcc-microservices-experiment-product-1,0.02,75015127,1073741824,6.99,3,417kB / 282kB,4.51MB / 3.69MB
101,2026-09-10T09:58:02.481528+00:00,203,2026-09-10T09:58:02.111358+00:00,false,microservices,auth,1b60e10ee695f9dcfb03a9d04bfde13d6955ac928053bd761558072de724550f,tcc-microservices-experiment-auth-1,0.01,75612815,1073741824,7.04,3,45.8kB / 40.3kB,4.44MB / 3.74MB
101,2026-09-10T09:58:02.481528+00:00,203,2026-09-10T09:58:02.111358+00:00,false,microservices,gateway,20b464e5323b98cbc1acc5600f7d765fcaecdb82a0e6ceee386e63634ddb3975,tcc-microservices-experiment-gateway-1,30.89,453823693,536870912,84.53,79,36.6MB / 48.3MB,32.8MB / 12.7MB
101,2026-09-10T09:58:02.481528+00:00,203,2026-09-10T09:58:02.111358+00:00,false,microservices,mysql,c4515c95185bb3909985d4131858b9128b5306bf18a543a2feaec3c2990a7330,tcc-microservices-experiment-mysql-1,23.23,542008934,1073741824,50.47,40,36MB / 117MB,47.9MB / 121MB
101,2026-09-10T09:58:02.481528+00:00,203,2026-09-10T09:58:02.111358+00:00,false,microservices,order,8303f145c0c0dc03e1ecd9fb3e168d8f52baf168eaf0232fd28f9e78ba006bad,tcc-microservices-experiment-order-1,81.58,79461089,1073741824,7.4,3,142MB / 58.6MB,7.55MB / 7.34MB
101,2026-09-10T09:58:02.481528+00:00,203,2026-09-10T09:58:02.111358+00:00,false,microservices,product,1ea1e324af40f1eef8fcb99e256faadbdf9a37d775eba987641970aed9232ac6,tcc-microservices-experiment-product-1,0.02,75015127,1073741824,6.99,3,417kB / 282kB,4.51MB / 3.69MB
102,2026-09-10T09:58:03.481553+00:00,205,2026-09-10T09:58:03.111344+00:00,false,microservices,auth,1b60e10ee695f9dcfb03a9d04bfde13d6955ac928053bd761558072de724550f,tcc-microservices-experiment-auth-1,0.01,75612815,1073741824,7.04,3,45.8kB / 40.3kB,4.44MB / 3.74MB
102,2026-09-10T09:58:03.481553+00:00,205,2026-09-10T09:58:03.111344+00:00,false,microservices,gateway,20b464e5323b98cbc1acc5600f7d765fcaecdb82a0e6ceee386e63634ddb3975,tcc-microservices-experiment-gateway-1,30.56,453718835,536870912,84.51,79,36.9MB / 48.7MB,32.8MB / 12.7MB
102,2026-09-10T09:58:03.481553+00:00,205,2026-09-10T09:58:03.111344+00:00,false,microservices,mysql,c4515c95185bb3909985d4131858b9128b5306bf18a543a2feaec3c2990a7330,tcc-microservices-experiment-mysql-1,26.84,542952653,1073741824,50.57,40,36.2MB / 118MB,47.9MB / 121MB
102,2026-09-10T09:58:03.481553+00:00,205,2026-09-10T09:58:03.111344+00:00,false,microservices,order,8303f145c0c0dc03e1ecd9fb3e168d8f52baf168eaf0232fd28f9e78ba006bad,tcc-microservices-experiment-order-1,82.53,79681290,1073741824,7.42,3,143MB / 59.1MB,7.55MB / 7.34MB
102,2026-09-10T09:58:03.481553+00:00,205,2026-09-10T09:58:03.111344+00:00,false,microservices,product,1ea1e324af40f1eef8fcb99e256faadbdf9a37d775eba987641970aed9232ac6,tcc-microservices-experiment-product-1,0.02,75015127,1073741824,6.99,3,417kB / 282kB,4.51MB / 3.69MB
103,2026-09-10T09:58:04.481557+00:00,207,2026-09-10T09:58:04.111886+00:00,false,microservices,auth,1b60e10ee695f9dcfb03a9d04bfde13d6955ac928053bd761558072de724550f,tcc-microservices-experiment-auth-1,0.02,75612815,1073741824,7.04,3,45.8kB / 40.3kB,4.44MB / 3.74MB
103,2026-09-10T09:58:04.481557+00:00,207,2026-09-10T09:58:04.111886+00:00,false,microservices,gateway,20b464e5323b98cbc1acc5600f7d765fcaecdb82a0e6ceee386e63634ddb3975,tcc-microservices-experiment-gateway-1,31.11,453928550,536870912,84.56,79,37.2MB / 49.1MB,32.8MB / 12.7MB
103,2026-09-10T09:58:04.481557+00:00,207,2026-09-10T09:58:04.111886+00:00,false,microservices,mysql,c4515c95185bb3909985d4131858b9128b5306bf18a543a2feaec3c2990a7330,tcc-microservices-experiment-mysql-1,23.25,542113792,1073741824,50.49,40,36.5MB / 119MB,47.9MB / 121MB
103,2026-09-10T09:58:04.481557+00:00,207,2026-09-10T09:58:04.111886+00:00,false,microservices,order,8303f145c0c0dc03e1ecd9fb3e168d8f52baf168eaf0232fd28f9e78ba006bad,tcc-microservices-experiment-order-1,81.1,79838577,1073741824,7.44,3,144MB / 59.5MB,7.55MB / 7.34MB
103,2026-09-10T09:58:04.481557+00:00,207,2026-09-10T09:58:04.111886+00:00,false,microservices,product,1ea1e324af40f1eef8fcb99e256faadbdf9a37d775eba987641970aed9232ac6,tcc-microservices-experiment-product-1,0.02,75015127,1073741824,6.99,3,417kB / 282kB,4.51MB / 3.69MB
104,2026-09-10T09:58:05.481551+00:00,209,2026-09-10T09:58:05.110421+00:00,false,microservices,auth,1b60e10ee695f9dcfb03a9d04bfde13d6955ac928053bd761558072de724550f,tcc-microservices-experiment-auth-1,0.02,75612815,1073741824,7.04,3,45.8kB / 40.3kB,4.44MB / 3.74MB
104,2026-09-10T09:58:05.481551+00:00,209,2026-09-10T09:58:05.110421+00:00,false,microservices,gateway,20b464e5323b98cbc1acc5600f7d765fcaecdb82a0e6ceee386e63634ddb3975,tcc-microservices-experiment-gateway-1,30.6,453404262,536870912,84.45,79,37.5MB / 49.5MB,32.8MB / 12.7MB
104,2026-09-10T09:58:05.481551+00:00,209,2026-09-10T09:58:05.110421+00:00,false,microservices,mysql,c4515c95185bb3909985d4131858b9128b5306bf18a543a2feaec3c2990a7330,tcc-microservices-experiment-mysql-1,27.24,542952653,1073741824,50.56,40,36.7MB / 120MB,47.9MB / 121MB
104,2026-09-10T09:58:05.481551+00:00,209,2026-09-10T09:58:05.110421+00:00,false,microservices,order,8303f145c0c0dc03e1ecd9fb3e168d8f52baf168eaf0232fd28f9e78ba006bad,tcc-microservices-experiment-order-1,81.27,79786148,1073741824,7.43,3,146MB / 60MB,7.55MB / 7.34MB
104,2026-09-10T09:58:05.481551+00:00,209,2026-09-10T09:58:05.110421+00:00,false,microservices,product,1ea1e324af40f1eef8fcb99e256faadbdf9a37d775eba987641970aed9232ac6,tcc-microservices-experiment-product-1,0.02,75015127,1073741824,6.99,3,417kB / 282kB,4.51MB / 3.69MB
105,2026-09-10T09:58:06.481532+00:00,211,2026-09-10T09:58:06.112320+00:00,false,microservices,auth,1b60e10ee695f9dcfb03a9d04bfde13d6955ac928053bd761558072de724550f,tcc-microservices-experiment-auth-1,0.02,75612815,1073741824,7.04,3,45.8kB / 40.3kB,4.44MB / 3.74MB
105,2026-09-10T09:58:06.481532+00:00,211,2026-09-10T09:58:06.112320+00:00,false,microservices,gateway,20b464e5323b98cbc1acc5600f7d765fcaecdb82a0e6ceee386e63634ddb3975,tcc-microservices-experiment-gateway-1,31.75,454033408,536870912,84.58,79,37.8MB / 49.9MB,32.9MB / 12.7MB
105,2026-09-10T09:58:06.481532+00:00,211,2026-09-10T09:58:06.112320+00:00,false,microservices,mysql,c4515c95185bb3909985d4131858b9128b5306bf18a543a2feaec3c2990a7330,tcc-microservices-experiment-mysql-1,23.1,542638080,1073741824,50.54,40,37MB / 121MB,47.9MB / 121MB
105,2026-09-10T09:58:06.481532+00:00,211,2026-09-10T09:58:06.112320+00:00,false,microservices,order,8303f145c0c0dc03e1ecd9fb3e168d8f52baf168eaf0232fd28f9e78ba006bad,tcc-microservices-experiment-order-1,81.62,79209431,1073741824,7.38,3,147MB / 60.4MB,7.55MB / 7.34MB
105,2026-09-10T09:58:06.481532+00:00,211,2026-09-10T09:58:06.112320+00:00,false,microservices,product,1ea1e324af40f1eef8fcb99e256faadbdf9a37d775eba987641970aed9232ac6,tcc-microservices-experiment-product-1,0.02,75015127,1073741824,6.99,3,417kB / 282kB,4.51MB / 3.69MB
106,2026-09-10T09:58:07.481531+00:00,213,2026-09-10T09:58:07.111586+00:00,false,microservices,auth,1b60e10ee695f9dcfb03a9d04bfde13d6955ac928053bd761558072de724550f,tcc-microservices-experiment-auth-1,0.02,75612815,1073741824,7.04,3,45.8kB / 40.3kB,4.44MB / 3.74MB
106,2026-09-10T09:58:07.481531+00:00,213,2026-09-10T09:58:07.111586+00:00,false,microservices,gateway,20b464e5323b98cbc1acc5600f7d765fcaecdb82a0e6ceee386e63634ddb3975,tcc-microservices-experiment-gateway-1,30.33,454138266,536870912,84.59,79,38.1MB / 50.3MB,32.9MB / 12.7MB
106,2026-09-10T09:58:07.481531+00:00,213,2026-09-10T09:58:07.111586+00:00,false,microservices,mysql,c4515c95185bb3909985d4131858b9128b5306bf18a543a2feaec3c2990a7330,tcc-microservices-experiment-mysql-1,27.2,542742938,1073741824,50.55,40,37.2MB / 122MB,47.9MB / 121MB
106,2026-09-10T09:58:07.481531+00:00,213,2026-09-10T09:58:07.111586+00:00,false,microservices,order,8303f145c0c0dc03e1ecd9fb3e168d8f52baf168eaf0232fd28f9e78ba006bad,tcc-microservices-experiment-order-1,81.71,79597404,1073741824,7.41,3,148MB / 60.9MB,7.55MB / 7.34MB
106,2026-09-10T09:58:07.481531+00:00,213,2026-09-10T09:58:07.111586+00:00,false,microservices,product,1ea1e324af40f1eef8fcb99e256faadbdf9a37d775eba987641970aed9232ac6,tcc-microservices-experiment-product-1,0.03,75015127,1073741824,6.99,3,417kB / 282kB,4.51MB / 3.69MB
107,2026-09-10T09:58:08.481549+00:00,215,2026-09-10T09:58:08.110377+00:00,false,microservices,auth,1b60e10ee695f9dcfb03a9d04bfde13d6955ac928053bd761558072de724550f,tcc-microservices-experiment-auth-1,0.02,75612815,1073741824,7.04,3,45.8kB / 40.3kB,4.44MB / 3.74MB
107,2026-09-10T09:58:08.481549+00:00,215,2026-09-10T09:58:08.110377+00:00,false,microservices,gateway,20b464e5323b98cbc1acc5600f7d765fcaecdb82a0e6ceee386e63634ddb3975,tcc-microservices-experiment-gateway-1,31.85,454033408,536870912,84.56,79,38.4MB / 50.7MB,32.9MB / 12.7MB
107,2026-09-10T09:58:08.481549+00:00,215,2026-09-10T09:58:08.110377+00:00,false,microservices,mysql,c4515c95185bb3909985d4131858b9128b5306bf18a543a2feaec3c2990a7330,tcc-microservices-experiment-mysql-1,23.09,541904077,1073741824,50.47,40,37.5MB / 123MB,47.9MB / 121MB
107,2026-09-10T09:58:08.481549+00:00,215,2026-09-10T09:58:08.110377+00:00,false,microservices,order,8303f145c0c0dc03e1ecd9fb3e168d8f52baf168eaf0232fd28f9e78ba006bad,tcc-microservices-experiment-order-1,81.24,79272346,1073741824,7.38,3,149MB / 61.3MB,7.55MB / 7.34MB
107,2026-09-10T09:58:08.481549+00:00,215,2026-09-10T09:58:08.110377+00:00,false,microservices,product,1ea1e324af40f1eef8fcb99e256faadbdf9a37d775eba987641970aed9232ac6,tcc-microservices-experiment-product-1,0.02,75015127,1073741824,6.99,3,417kB / 282kB,4.51MB / 3.69MB
108,2026-09-10T09:58:09.481558+00:00,217,2026-09-10T09:58:09.111489+00:00,false,microservices,auth,1b60e10ee695f9dcfb03a9d04bfde13d6955ac928053bd761558072de724550f,tcc-microservices-experiment-auth-1,0.02,75612815,1073741824,7.04,3,45.8kB / 40.3kB,4.44MB / 3.74MB
108,2026-09-10T09:58:09.481558+00:00,217,2026-09-10T09:58:09.111489+00:00,false,microservices,gateway,20b464e5323b98cbc1acc5600f7d765fcaecdb82a0e6ceee386e63634ddb3975,tcc-microservices-experiment-gateway-1,31.13,454033408,536870912,84.57,79,38.7MB / 51.1MB,32.9MB / 12.7MB
108,2026-09-10T09:58:09.481558+00:00,217,2026-09-10T09:58:09.111489+00:00,false,microservices,mysql,c4515c95185bb3909985d4131858b9128b5306bf18a543a2feaec3c2990a7330,tcc-microservices-experiment-mysql-1,27.24,543057510,1073741824,50.58,40,37.7MB / 123MB,47.9MB / 121MB
108,2026-09-10T09:58:09.481558+00:00,217,2026-09-10T09:58:09.111489+00:00,false,microservices,order,8303f145c0c0dc03e1ecd9fb3e168d8f52baf168eaf0232fd28f9e78ba006bad,tcc-microservices-experiment-order-1,81.14,79429632,1073741824,7.4,3,150MB / 61.7MB,7.55MB / 7.82MB
108,2026-09-10T09:58:09.481558+00:00,217,2026-09-10T09:58:09.111489+00:00,false,microservices,product,1ea1e324af40f1eef8fcb99e256faadbdf9a37d775eba987641970aed9232ac6,tcc-microservices-experiment-product-1,0.02,75015127,1073741824,6.99,3,417kB / 282kB,4.51MB / 3.69MB
109,2026-09-10T09:58:10.481552+00:00,219,2026-09-10T09:58:10.112476+00:00,false,microservices,auth,1b60e10ee695f9dcfb03a9d04bfde13d6955ac928053bd761558072de724550f,tcc-microservices-experiment-auth-1,0.02,75612815,1073741824,7.04,3,45.8kB / 40.3kB,4.44MB / 3.74MB
109,2026-09-10T09:58:10.481552+00:00,219,2026-09-10T09:58:10.112476+00:00,false,microservices,gateway,20b464e5323b98cbc1acc5600f7d765fcaecdb82a0e6ceee386e63634ddb3975,tcc-microservices-experiment-gateway-1,30.72,454033408,536870912,84.58,79,39MB / 51.5MB,32.9MB / 12.7MB
109,2026-09-10T09:58:10.481552+00:00,219,2026-09-10T09:58:10.112476+00:00,false,microservices,mysql,c4515c95185bb3909985d4131858b9128b5306bf18a543a2feaec3c2990a7330,tcc-microservices-experiment-mysql-1,24.08,542428365,1073741824,50.52,40,38MB / 124MB,47.9MB / 121MB
109,2026-09-10T09:58:10.481552+00:00,219,2026-09-10T09:58:10.112476+00:00,false,microservices,order,8303f145c0c0dc03e1ecd9fb3e168d8f52baf168eaf0232fd28f9e78ba006bad,tcc-microservices-experiment-order-1,80.66,80016835,1073741824,7.45,3,151MB / 62.2MB,7.55MB / 7.82MB
109,2026-09-10T09:58:10.481552+00:00,219,2026-09-10T09:58:10.112476+00:00,false,microservices,product,1ea1e324af40f1eef8fcb99e256faadbdf9a37d775eba987641970aed9232ac6,tcc-microservices-experiment-product-1,0.02,75015127,1073741824,6.99,3,417kB / 282kB,4.51MB / 3.69MB
110,2026-09-10T09:58:11.481567+00:00,221,2026-09-10T09:58:11.111338+00:00,false,microservices,auth,1b60e10ee695f9dcfb03a9d04bfde13d6955ac928053bd761558072de724550f,tcc-microservices-experiment-auth-1,0.02,75612815,1073741824,7.04,3,45.8kB / 40.3kB,4.44MB / 3.74MB
110,2026-09-10T09:58:11.481567+00:00,221,2026-09-10T09:58:11.111338+00:00,false,microservices,gateway,20b464e5323b98cbc1acc5600f7d765fcaecdb82a0e6ceee386e63634ddb3975,tcc-microservices-experiment-gateway-1,31.71,453928550,536870912,84.55,79,39.3MB / 51.9MB,32.9MB / 12.7MB
110,2026-09-10T09:58:11.481567+00:00,221,2026-09-10T09:58:11.111338+00:00,false,microservices,mysql,c4515c95185bb3909985d4131858b9128b5306bf18a543a2feaec3c2990a7330,tcc-microservices-experiment-mysql-1,27.25,543267226,1073741824,50.6,40,38.3MB / 125MB,47.9MB / 121MB
110,2026-09-10T09:58:11.481567+00:00,221,2026-09-10T09:58:11.111338+00:00,false,microservices,order,8303f145c0c0dc03e1ecd9fb3e168d8f52baf168eaf0232fd28f9e78ba006bad,tcc-microservices-experiment-order-1,82.51,78957773,1073741824,7.35,3,152MB / 62.6MB,7.55MB / 7.82MB
110,2026-09-10T09:58:11.481567+00:00,221,2026-09-10T09:58:11.111338+00:00,false,microservices,product,1ea1e324af40f1eef8fcb99e256faadbdf9a37d775eba987641970aed9232ac6,tcc-microservices-experiment-product-1,0.02,75015127,1073741824,6.99,3,417kB / 282kB,4.51MB / 3.69MB
111,2026-09-10T09:58:12.481532+00:00,223,2026-09-10T09:58:12.111320+00:00,false,microservices,auth,1b60e10ee695f9dcfb03a9d04bfde13d6955ac928053bd761558072de724550f,tcc-microservices-experiment-auth-1,0.01,75612815,1073741824,7.04,3,45.8kB / 40.3kB,4.44MB / 3.74MB
111,2026-09-10T09:58:12.481532+00:00,223,2026-09-10T09:58:12.111320+00:00,false,microservices,gateway,20b464e5323b98cbc1acc5600f7d765fcaecdb82a0e6ceee386e63634ddb3975,tcc-microservices-experiment-gateway-1,32.25,454138266,536870912,84.58,79,39.6MB / 52.3MB,32.9MB / 12.7MB
111,2026-09-10T09:58:12.481532+00:00,223,2026-09-10T09:58:12.111320+00:00,false,microservices,mysql,c4515c95185bb3909985d4131858b9128b5306bf18a543a2feaec3c2990a7330,tcc-microservices-experiment-mysql-1,22.67,542533222,1073741824,50.52,40,38.5MB / 126MB,47.9MB / 121MB
111,2026-09-10T09:58:12.481532+00:00,223,2026-09-10T09:58:12.111320+00:00,false,microservices,order,8303f145c0c0dc03e1ecd9fb3e168d8f52baf168eaf0232fd28f9e78ba006bad,tcc-microservices-experiment-order-1,82.31,79524004,1073741824,7.41,3,153MB / 63.1MB,7.55MB / 7.82MB
111,2026-09-10T09:58:12.481532+00:00,223,2026-09-10T09:58:12.111320+00:00,false,microservices,product,1ea1e324af40f1eef8fcb99e256faadbdf9a37d775eba987641970aed9232ac6,tcc-microservices-experiment-product-1,0.02,75015127,1073741824,6.99,3,417kB / 282kB,4.51MB / 3.69MB
112,2026-09-10T09:58:13.481537+00:00,225,2026-09-10T09:58:13.111228+00:00,false,microservices,auth,1b60e10ee695f9dcfb03a9d04bfde13d6955ac928053bd761558072de724550f,tcc-microservices-experiment-auth-1,0.02,75612815,1073741824,7.04,3,45.8kB / 40.3kB,4.44MB / 3.74MB
112,2026-09-10T09:58:13.481537+00:00,225,2026-09-10T09:58:13.111228+00:00,false,microservices,gateway,20b464e5323b98cbc1acc5600f7d765fcaecdb82a0e6ceee386e63634ddb3975,tcc-microservices-experiment-gateway-1,32.0,453718835,536870912,84.5,69,39.9MB / 52.7MB,32.9MB / 12.7MB
112,2026-09-10T09:58:13.481537+00:00,225,2026-09-10T09:58:13.111228+00:00,false,microservices,mysql,c4515c95185bb3909985d4131858b9128b5306bf18a543a2feaec3c2990a7330,tcc-microservices-experiment-mysql-1,26.31,544944947,1073741824,50.75,41,38.8MB / 127MB,47.9MB / 121MB
112,2026-09-10T09:58:13.481537+00:00,225,2026-09-10T09:58:13.111228+00:00,false,microservices,order,8303f145c0c0dc03e1ecd9fb3e168d8f52baf168eaf0232fd28f9e78ba006bad,tcc-microservices-experiment-order-1,81.65,79230403,1073741824,7.38,3,154MB / 63.5MB,7.55MB / 7.82MB
112,2026-09-10T09:58:13.481537+00:00,225,2026-09-10T09:58:13.111228+00:00,false,microservices,product,1ea1e324af40f1eef8fcb99e256faadbdf9a37d775eba987641970aed9232ac6,tcc-microservices-experiment-product-1,0.02,75015127,1073741824,6.99,3,417kB / 282kB,4.51MB / 3.69MB
113,2026-09-10T09:58:14.481558+00:00,227,2026-09-10T09:58:14.112328+00:00,false,microservices,auth,1b60e10ee695f9dcfb03a9d04bfde13d6955ac928053bd761558072de724550f,tcc-microservices-experiment-auth-1,0.02,75612815,1073741824,7.04,3,45.8kB / 40.3kB,4.44MB / 3.74MB
113,2026-09-10T09:58:14.481558+00:00,227,2026-09-10T09:58:14.112328+00:00,false,microservices,gateway,20b464e5323b98cbc1acc5600f7d765fcaecdb82a0e6ceee386e63634ddb3975,tcc-microservices-experiment-gateway-1,31.58,452775117,536870912,84.34,69,40.2MB / 53MB,32.9MB / 12.7MB
113,2026-09-10T09:58:14.481558+00:00,227,2026-09-10T09:58:14.112328+00:00,false,microservices,mysql,c4515c95185bb3909985d4131858b9128b5306bf18a543a2feaec3c2990a7330,tcc-microservices-experiment-mysql-1,24.84,542533222,1073741824,50.52,40,39MB / 128MB,47.9MB / 121MB
113,2026-09-10T09:58:14.481558+00:00,227,2026-09-10T09:58:14.112328+00:00,false,microservices,order,8303f145c0c0dc03e1ecd9fb3e168d8f52baf168eaf0232fd28f9e78ba006bad,tcc-microservices-experiment-order-1,81.1,79094088,1073741824,7.37,3,156MB / 64MB,7.55MB / 7.82MB
113,2026-09-10T09:58:14.481558+00:00,227,2026-09-10T09:58:14.112328+00:00,false,microservices,product,1ea1e324af40f1eef8fcb99e256faadbdf9a37d775eba987641970aed9232ac6,tcc-microservices-experiment-product-1,0.02,75015127,1073741824,6.99,3,417kB / 282kB,4.51MB / 3.69MB
114,2026-09-10T09:58:15.481532+00:00,229,2026-09-10T09:58:15.111971+00:00,false,microservices,auth,1b60e10ee695f9dcfb03a9d04bfde13d6955ac928053bd761558072de724550f,tcc-microservices-experiment-auth-1,0.02,75612815,1073741824,7.04,3,45.8kB / 40.3kB,4.44MB / 3.74MB
114,2026-09-10T09:58:15.481532+00:00,229,2026-09-10T09:58:15.111971+00:00,false,microservices,gateway,20b464e5323b98cbc1acc5600f7d765fcaecdb82a0e6ceee386e63634ddb3975,tcc-microservices-experiment-gateway-1,31.34,453718835,536870912,84.51,69,40.4MB / 53.4MB,32.9MB / 12.7MB
114,2026-09-10T09:58:15.481532+00:00,229,2026-09-10T09:58:15.111971+00:00,false,microservices,mysql,c4515c95185bb3909985d4131858b9128b5306bf18a543a2feaec3c2990a7330,tcc-microservices-experiment-mysql-1,23.48,542323507,1073741824,50.5,40,39.3MB / 129MB,47.9MB / 121MB
114,2026-09-10T09:58:15.481532+00:00,229,2026-09-10T09:58:15.111971+00:00,false,microservices,order,8303f145c0c0dc03e1ecd9fb3e168d8f52baf168eaf0232fd28f9e78ba006bad,tcc-microservices-experiment-order-1,81.07,79513518,1073741824,7.41,3,157MB / 64.4MB,7.55MB / 7.82MB
114,2026-09-10T09:58:15.481532+00:00,229,2026-09-10T09:58:15.111971+00:00,false,microservices,product,1ea1e324af40f1eef8fcb99e256faadbdf9a37d775eba987641970aed9232ac6,tcc-microservices-experiment-product-1,0.02,75015127,1073741824,6.99,3,417kB / 282kB,4.51MB / 3.69MB
115,2026-09-10T09:58:16.481523+00:00,231,2026-09-10T09:58:16.112536+00:00,false,microservices,auth,1b60e10ee695f9dcfb03a9d04bfde13d6955ac928053bd761558072de724550f,tcc-microservices-experiment-auth-1,0.01,75612815,1073741824,7.04,3,45.8kB / 40.3kB,4.44MB / 3.74MB
115,2026-09-10T09:58:16.481523+00:00,231,2026-09-10T09:58:16.112536+00:00,false,microservices,gateway,20b464e5323b98cbc1acc5600f7d765fcaecdb82a0e6ceee386e63634ddb3975,tcc-microservices-experiment-gateway-1,31.08,453509120,536870912,84.47,69,40.7MB / 53.8MB,32.9MB / 12.7MB
115,2026-09-10T09:58:16.481523+00:00,231,2026-09-10T09:58:16.112536+00:00,false,microservices,mysql,c4515c95185bb3909985d4131858b9128b5306bf18a543a2feaec3c2990a7330,tcc-microservices-experiment-mysql-1,26.6,542113792,1073741824,50.49,40,39.5MB / 130MB,47.9MB / 121MB
115,2026-09-10T09:58:16.481523+00:00,231,2026-09-10T09:58:16.112536+00:00,false,microservices,order,8303f145c0c0dc03e1ecd9fb3e168d8f52baf168eaf0232fd28f9e78ba006bad,tcc-microservices-experiment-order-1,82.62,79345746,1073741824,7.39,3,158MB / 64.9MB,7.55MB / 7.82MB
115,2026-09-10T09:58:16.481523+00:00,231,2026-09-10T09:58:16.112536+00:00,false,microservices,product,1ea1e324af40f1eef8fcb99e256faadbdf9a37d775eba987641970aed9232ac6,tcc-microservices-experiment-product-1,0.02,75015127,1073741824,6.99,3,417kB / 282kB,4.51MB / 3.69MB
116,2026-09-10T09:58:17.481524+00:00,233,2026-09-10T09:58:17.111324+00:00,false,microservices,auth,1b60e10ee695f9dcfb03a9d04bfde13d6955ac928053bd761558072de724550f,tcc-microservices-experiment-auth-1,0.02,75612815,1073741824,7.04,3,45.8kB / 40.3kB,4.44MB / 3.74MB
116,2026-09-10T09:58:17.481524+00:00,233,2026-09-10T09:58:17.111324+00:00,false,microservices,gateway,20b464e5323b98cbc1acc5600f7d765fcaecdb82a0e6ceee386e63634ddb3975,tcc-microservices-experiment-gateway-1,31.85,452879974,536870912,84.36,69,41MB / 54.2MB,32.9MB / 12.7MB
116,2026-09-10T09:58:17.481524+00:00,233,2026-09-10T09:58:17.111324+00:00,false,microservices,mysql,c4515c95185bb3909985d4131858b9128b5306bf18a543a2feaec3c2990a7330,tcc-microservices-experiment-mysql-1,23.17,542638080,1073741824,50.53,40,39.8MB / 131MB,47.9MB / 121MB
116,2026-09-10T09:58:17.481524+00:00,233,2026-09-10T09:58:17.111324+00:00,false,microservices,order,8303f145c0c0dc03e1ecd9fb3e168d8f52baf168eaf0232fd28f9e78ba006bad,tcc-microservices-experiment-order-1,82.75,79870034,1073741824,7.44,3,159MB / 65.3MB,7.55MB / 7.82MB
116,2026-09-10T09:58:17.481524+00:00,233,2026-09-10T09:58:17.111324+00:00,false,microservices,product,1ea1e324af40f1eef8fcb99e256faadbdf9a37d775eba987641970aed9232ac6,tcc-microservices-experiment-product-1,0.02,75015127,1073741824,6.99,3,417kB / 282kB,4.51MB / 3.69MB
117,2026-09-10T09:58:18.481544+00:00,235,2026-09-10T09:58:18.111289+00:00,false,microservices,auth,1b60e10ee695f9dcfb03a9d04bfde13d6955ac928053bd761558072de724550f,tcc-microservices-experiment-auth-1,0.02,75612815,1073741824,7.04,3,45.8kB / 40.3kB,4.44MB / 3.74MB
117,2026-09-10T09:58:18.481544+00:00,235,2026-09-10T09:58:18.111289+00:00,false,microservices,gateway,20b464e5323b98cbc1acc5600f7d765fcaecdb82a0e6ceee386e63634ddb3975,tcc-microservices-experiment-gateway-1,30.91,453509120,536870912,84.48,69,41.3MB / 54.6MB,32.9MB / 12.7MB
117,2026-09-10T09:58:18.481544+00:00,235,2026-09-10T09:58:18.111289+00:00,false,microservices,mysql,c4515c95185bb3909985d4131858b9128b5306bf18a543a2feaec3c2990a7330,tcc-microservices-experiment-mysql-1,27.42,542638080,1073741824,50.53,40,40.1MB / 132MB,47.9MB / 121MB
117,2026-09-10T09:58:18.481544+00:00,235,2026-09-10T09:58:18.111289+00:00,false,microservices,order,8303f145c0c0dc03e1ecd9fb3e168d8f52baf168eaf0232fd28f9e78ba006bad,tcc-microservices-experiment-order-1,81.56,79974892,1073741824,7.45,3,160MB / 65.7MB,7.55MB / 7.82MB
117,2026-09-10T09:58:18.481544+00:00,235,2026-09-10T09:58:18.111289+00:00,false,microservices,product,1ea1e324af40f1eef8fcb99e256faadbdf9a37d775eba987641970aed9232ac6,tcc-microservices-experiment-product-1,0.02,75015127,1073741824,6.99,3,417kB / 282kB,4.51MB / 3.69MB
118,2026-09-10T09:58:19.481531+00:00,237,2026-09-10T09:58:19.111267+00:00,false,microservices,auth,1b60e10ee695f9dcfb03a9d04bfde13d6955ac928053bd761558072de724550f,tcc-microservices-experiment-auth-1,0.02,75612815,1073741824,7.04,3,45.8kB / 40.3kB,4.44MB / 3.74MB
118,2026-09-10T09:58:19.481531+00:00,237,2026-09-10T09:58:19.111267+00:00,false,microservices,gateway,20b464e5323b98cbc1acc5600f7d765fcaecdb82a0e6ceee386e63634ddb3975,tcc-microservices-experiment-gateway-1,32.93,453299405,536870912,84.44,69,41.6MB / 55MB,32.9MB / 12.7MB
118,2026-09-10T09:58:19.481531+00:00,237,2026-09-10T09:58:19.111267+00:00,false,microservices,mysql,c4515c95185bb3909985d4131858b9128b5306bf18a543a2feaec3c2990a7330,tcc-microservices-experiment-mysql-1,22.8,542008934,1073741824,50.48,40,40.3MB / 133MB,47.9MB / 121MB
118,2026-09-10T09:58:19.481531+00:00,237,2026-09-10T09:58:19.111267+00:00,false,microservices,order,8303f145c0c0dc03e1ecd9fb3e168d8f52baf168eaf0232fd28f9e78ba006bad,tcc-microservices-experiment-order-1,82.15,79576433,1073741824,7.41,3,161MB / 66.2MB,7.55MB / 7.82MB
118,2026-09-10T09:58:19.481531+00:00,237,2026-09-10T09:58:19.111267+00:00,false,microservices,product,1ea1e324af40f1eef8fcb99e256faadbdf9a37d775eba987641970aed9232ac6,tcc-microservices-experiment-product-1,0.02,75015127,1073741824,6.99,3,417kB / 282kB,4.51MB / 3.69MB
119,2026-09-10T09:58:20.481536+00:00,239,2026-09-10T09:58:20.111210+00:00,false,microservices,auth,1b60e10ee695f9dcfb03a9d04bfde13d6955ac928053bd761558072de724550f,tcc-microservices-experiment-auth-1,0.01,67790438,1073741824,6.31,3,45.8kB / 40.3kB,4.44MB / 11.6MB
119,2026-09-10T09:58:20.481536+00:00,239,2026-09-10T09:58:20.111210+00:00,false,microservices,gateway,20b464e5323b98cbc1acc5600f7d765fcaecdb82a0e6ceee386e63634ddb3975,tcc-microservices-experiment-gateway-1,29.62,433795891,536870912,80.8,69,42MB / 55.4MB,32.9MB / 30.8MB
119,2026-09-10T09:58:20.481536+00:00,239,2026-09-10T09:58:20.111210+00:00,false,microservices,mysql,c4515c95185bb3909985d4131858b9128b5306bf18a543a2feaec3c2990a7330,tcc-microservices-experiment-mysql-1,26.38,542533222,1073741824,50.53,40,40.6MB / 133MB,47.9MB / 121MB
119,2026-09-10T09:58:20.481536+00:00,239,2026-09-10T09:58:20.111210+00:00,false,microservices,order,8303f145c0c0dc03e1ecd9fb3e168d8f52baf168eaf0232fd28f9e78ba006bad,tcc-microservices-experiment-order-1,86.77,63921193,1073741824,5.95,3,162MB / 66.7MB,7.55MB / 24MB
119,2026-09-10T09:58:20.481536+00:00,239,2026-09-10T09:58:20.111210+00:00,false,microservices,product,1ea1e324af40f1eef8fcb99e256faadbdf9a37d775eba987641970aed9232ac6,tcc-microservices-experiment-product-1,0.02,67182264,1073741824,6.26,3,417kB / 282kB,4.51MB / 11.5MB
120,2026-09-10T09:58:21.481556+00:00,241,2026-09-10T09:58:21.110891+00:00,false,microservices,auth,1b60e10ee695f9dcfb03a9d04bfde13d6955ac928053bd761558072de724550f,tcc-microservices-experiment-auth-1,0.02,60293120,1073741824,5.62,3,45.8kB / 40.3kB,4.44MB / 19.1MB
120,2026-09-10T09:58:21.481556+00:00,241,2026-09-10T09:58:21.110891+00:00,false,microservices,gateway,20b464e5323b98cbc1acc5600f7d765fcaecdb82a0e6ceee386e63634ddb3975,tcc-microservices-experiment-gateway-1,30.41,421003264,536870912,78.41,69,42.3MB / 55.8MB,32.9MB / 44.7MB
120,2026-09-10T09:58:21.481556+00:00,241,2026-09-10T09:58:21.110891+00:00,false,microservices,mysql,c4515c95185bb3909985d4131858b9128b5306bf18a543a2feaec3c2990a7330,tcc-microservices-experiment-mysql-1,22.39,542638080,1073741824,50.54,40,40.9MB / 134MB,47.9MB / 121MB
120,2026-09-10T09:58:21.481556+00:00,241,2026-09-10T09:58:21.110891+00:00,false,microservices,order,8303f145c0c0dc03e1ecd9fb3e168d8f52baf168eaf0232fd28f9e78ba006bad,tcc-microservices-experiment-order-1,84.49,64057508,1073741824,5.97,3,163MB / 67.1MB,7.55MB / 24MB
120,2026-09-10T09:58:21.481556+00:00,241,2026-09-10T09:58:21.110891+00:00,false,microservices,product,1ea1e324af40f1eef8fcb99e256faadbdf9a37d775eba987641970aed9232ac6,tcc-microservices-experiment-product-1,0.02,59663974,1073741824,5.56,3,417kB / 282kB,4.51MB / 19MB
