sample_index,captured_at_utc,docker_refresh_sequence,docker_refresh_captured_at_utc,docker_refresh_reused,architecture,service,container_id,container_name,cpu_percent,memory_used_bytes,memory_limit_bytes,memory_percent,pids,network_io,block_io
1,2026-09-10T05:09:35.710945+00:00,3,2026-09-10T05:09:35.341403+00:00,false,microservices,auth,930fb40fc06dc552bb3f95128040eeb13041af46c2b187f08fc6559966ea4b5c,tcc-microservices-experiment-auth-1,0.02,79272346,1073741824,7.38,3,45.1kB / 40.3kB,12MB / 65.5kB
1,2026-09-10T05:09:35.710945+00:00,3,2026-09-10T05:09:35.341403+00:00,false,microservices,gateway,2fe9988bcaa4d1f5335a4143dc38b7beb7f83876b2c7b80eb719b3b577f26313,tcc-microservices-experiment-gateway-1,0.16,474480640,536870912,88.38,85,21.1MB / 23.6MB,41MB / 168kB
1,2026-09-10T05:09:35.710945+00:00,3,2026-09-10T05:09:35.341403+00:00,false,microservices,mysql,f151832533a14a6015fddb28f01eb34dffd883fb75c4407ccc97ddca2411a730,tcc-microservices-experiment-mysql-1,4.77,534039757,1073741824,49.74,40,11.2MB / 23.9MB,46.3MB / 120MB
1,2026-09-10T05:09:35.710945+00:00,3,2026-09-10T05:09:35.341403+00:00,false,microservices,order,7d577e95f63ec54963e492ff1180746d87b7a4fa6cfcc4e46a8a0c68c4975565,tcc-microservices-experiment-order-1,0.02,74207724,1073741824,6.91,3,5.31MB / 4.14MB,3.91MB / 77.8kB
1,2026-09-10T05:09:35.710945+00:00,3,2026-09-10T05:09:35.341403+00:00,false,microservices,product,fd3c7a0981e05713c3fc16fa722e74b2b8b680ca69f649f00bca625f0c9756a2,tcc-microservices-experiment-product-1,0.02,79282831,1073741824,7.38,3,23.8MB / 25.2MB,11.8MB / 81.9kB
2,2026-09-10T05:09:36.710923+00:00,5,2026-09-10T05:09:36.341279+00:00,false,microservices,auth,930fb40fc06dc552bb3f95128040eeb13041af46c2b187f08fc6559966ea4b5c,tcc-microservices-experiment-auth-1,0.02,79272346,1073741824,7.38,3,45.1kB / 40.3kB,12MB / 65.5kB
2,2026-09-10T05:09:36.710923+00:00,5,2026-09-10T05:09:36.341279+00:00,false,microservices,gateway,2fe9988bcaa4d1f5335a4143dc38b7beb7f83876b2c7b80eb719b3b577f26313,tcc-microservices-experiment-gateway-1,0.12,474480640,536870912,88.38,85,21.1MB / 23.6MB,41MB / 168kB
2,2026-09-10T05:09:36.710923+00:00,5,2026-09-10T05:09:36.341279+00:00,false,microservices,mysql,f151832533a14a6015fddb28f01eb34dffd883fb75c4407ccc97ddca2411a730,tcc-microservices-experiment-mysql-1,0.67,533725184,1073741824,49.71,40,11.2MB / 23.9MB,46.3MB / 120MB
2,2026-09-10T05:09:36.710923+00:00,5,2026-09-10T05:09:36.341279+00:00,false,microservices,order,7d577e95f63ec54963e492ff1180746d87b7a4fa6cfcc4e46a8a0c68c4975565,tcc-microservices-experiment-order-1,0.02,74207724,1073741824,6.91,3,5.31MB / 4.14MB,3.91MB / 77.8kB
2,2026-09-10T05:09:36.710923+00:00,5,2026-09-10T05:09:36.341279+00:00,false,microservices,product,fd3c7a0981e05713c3fc16fa722e74b2b8b680ca69f649f00bca625f0c9756a2,tcc-microservices-experiment-product-1,0.02,78790001,1073741824,7.34,3,23.8MB / 25.2MB,11.8MB / 81.9kB
3,2026-09-10T05:09:37.710894+00:00,7,2026-09-10T05:09:37.343140+00:00,false,microservices,auth,930fb40fc06dc552bb3f95128040eeb13041af46c2b187f08fc6559966ea4b5c,tcc-microservices-experiment-auth-1,0.02,79272346,1073741824,7.38,3,45.1kB / 40.3kB,12MB / 65.5kB
3,2026-09-10T05:09:37.710894+00:00,7,2026-09-10T05:09:37.343140+00:00,false,microservices,gateway,2fe9988bcaa4d1f5335a4143dc38b7beb7f83876b2c7b80eb719b3b577f26313,tcc-microservices-experiment-gateway-1,61.81,476892365,536870912,88.82,85,21.4MB / 23.9MB,41MB / 168kB
3,2026-09-10T05:09:37.710894+00:00,7,2026-09-10T05:09:37.343140+00:00,false,microservices,mysql,f151832533a14a6015fddb28f01eb34dffd883fb75c4407ccc97ddca2411a730,tcc-microservices-experiment-mysql-1,17.65,534354330,1073741824,49.77,40,11.3MB / 24.1MB,46.3MB / 120MB
3,2026-09-10T05:09:37.710894+00:00,7,2026-09-10T05:09:37.343140+00:00,false,microservices,order,7d577e95f63ec54963e492ff1180746d87b7a4fa6cfcc4e46a8a0c68c4975565,tcc-microservices-experiment-order-1,0.02,74207724,1073741824,6.91,3,5.31MB / 4.14MB,3.91MB / 77.8kB
3,2026-09-10T05:09:37.710894+00:00,7,2026-09-10T05:09:37.343140+00:00,false,microservices,product,fd3c7a0981e05713c3fc16fa722e74b2b8b680ca69f649f00bca625f0c9756a2,tcc-microservices-experiment-product-1,42.84,80016835,1073741824,7.45,3,24MB / 25.5MB,11.8MB / 81.9kB
4,2026-09-10T05:09:38.710886+00:00,9,2026-09-10T05:09:38.341209+00:00,false,microservices,auth,930fb40fc06dc552bb3f95128040eeb13041af46c2b187f08fc6559966ea4b5c,tcc-microservices-experiment-auth-1,0.02,79272346,1073741824,7.38,3,45.1kB / 40.3kB,12MB / 65.5kB
4,2026-09-10T05:09:38.710886+00:00,9,2026-09-10T05:09:38.341209+00:00,false,microservices,gateway,2fe9988bcaa4d1f5335a4143dc38b7beb7f83876b2c7b80eb719b3b577f26313,tcc-microservices-experiment-gateway-1,91.57,479828378,536870912,89.38,85,21.8MB / 24.3MB,41MB / 168kB
4,2026-09-10T05:09:38.710886+00:00,9,2026-09-10T05:09:38.341209+00:00,false,microservices,mysql,f151832533a14a6015fddb28f01eb34dffd883fb75c4407ccc97ddca2411a730,tcc-microservices-experiment-mysql-1,14.72,534668902,1073741824,49.8,40,11.4MB / 24.5MB,46.3MB / 120MB
4,2026-09-10T05:09:38.710886+00:00,9,2026-09-10T05:09:38.341209+00:00,false,microservices,order,7d577e95f63ec54963e492ff1180746d87b7a4fa6cfcc4e46a8a0c68c4975565,tcc-microservices-experiment-order-1,0.02,74207724,1073741824,6.91,3,5.31MB / 4.14MB,3.91MB / 77.8kB
4,2026-09-10T05:09:38.710886+00:00,9,2026-09-10T05:09:38.341209+00:00,false,microservices,product,fd3c7a0981e05713c3fc16fa722e74b2b8b680ca69f649f00bca625f0c9756a2,tcc-microservices-experiment-product-1,55.31,80457236,1073741824,7.49,3,24.5MB / 26MB,11.8MB / 81.9kB
5,2026-09-10T05:09:39.710870+00:00,11,2026-09-10T05:09:39.341409+00:00,false,microservices,auth,930fb40fc06dc552bb3f95128040eeb13041af46c2b187f08fc6559966ea4b5c,tcc-microservices-experiment-auth-1,0.02,79272346,1073741824,7.38,3,45.1kB / 40.3kB,12MB / 65.5kB
5,2026-09-10T05:09:39.710870+00:00,11,2026-09-10T05:09:39.341409+00:00,false,microservices,gateway,2fe9988bcaa4d1f5335a4143dc38b7beb7f83876b2c7b80eb719b3b577f26313,tcc-microservices-experiment-gateway-1,59.7,479933235,536870912,89.39,85,22.5MB / 25.1MB,41MB / 180kB
5,2026-09-10T05:09:39.710870+00:00,11,2026-09-10T05:09:39.341409+00:00,false,microservices,mysql,f151832533a14a6015fddb28f01eb34dffd883fb75c4407ccc97ddca2411a730,tcc-microservices-experiment-mysql-1,27.71,534878618,1073741824,49.81,40,11.6MB / 25.1MB,46.3MB / 120MB
5,2026-09-10T05:09:39.710870+00:00,11,2026-09-10T05:09:39.341409+00:00,false,microservices,order,7d577e95f63ec54963e492ff1180746d87b7a4fa6cfcc4e46a8a0c68c4975565,tcc-microservices-experiment-order-1,0.02,74207724,1073741824,6.91,3,5.31MB / 4.14MB,3.91MB / 77.8kB
5,2026-09-10T05:09:39.710870+00:00,11,2026-09-10T05:09:39.341409+00:00,false,microservices,product,fd3c7a0981e05713c3fc16fa722e74b2b8b680ca69f649f00bca625f0c9756a2,tcc-microservices-experiment-product-1,84.47,81002496,1073741824,7.54,3,25.3MB / 26.8MB,11.8MB / 81.9kB
6,2026-09-10T05:09:40.710879+00:00,13,2026-09-10T05:09:40.341224+00:00,false,microservices,auth,930fb40fc06dc552bb3f95128040eeb13041af46c2b187f08fc6559966ea4b5c,tcc-microservices-experiment-auth-1,0.02,79272346,1073741824,7.38,3,45.1kB / 40.3kB,12MB / 65.5kB
6,2026-09-10T05:09:40.710879+00:00,13,2026-09-10T05:09:40.341224+00:00,false,microservices,gateway,2fe9988bcaa4d1f5335a4143dc38b7beb7f83876b2c7b80eb719b3b577f26313,tcc-microservices-experiment-gateway-1,39.1,479933235,536870912,89.39,85,23.2MB / 25.9MB,41MB / 180kB
6,2026-09-10T05:09:40.710879+00:00,13,2026-09-10T05:09:40.341224+00:00,false,microservices,mysql,f151832533a14a6015fddb28f01eb34dffd883fb75c4407ccc97ddca2411a730,tcc-microservices-experiment-mysql-1,23.75,534668902,1073741824,49.79,40,11.9MB / 25.7MB,46.3MB / 120MB
6,2026-09-10T05:09:40.710879+00:00,13,2026-09-10T05:09:40.341224+00:00,false,microservices,order,7d577e95f63ec54963e492ff1180746d87b7a4fa6cfcc4e46a8a0c68c4975565,tcc-microservices-experiment-order-1,0.02,74207724,1073741824,6.91,3,5.31MB / 4.14MB,3.91MB / 77.8kB
6,2026-09-10T05:09:40.710879+00:00,13,2026-09-10T05:09:40.341224+00:00,false,microservices,product,fd3c7a0981e05713c3fc16fa722e74b2b8b680ca69f649f00bca625f0c9756a2,tcc-microservices-experiment-product-1,83.19,80593551,1073741824,7.51,3,26.1MB / 27.6MB,11.8MB / 81.9kB
7,2026-09-10T05:09:41.710864+00:00,15,2026-09-10T05:09:41.342383+00:00,false,microservices,auth,930fb40fc06dc552bb3f95128040eeb13041af46c2b187f08fc6559966ea4b5c,tcc-microservices-experiment-auth-1,0.02,79272346,1073741824,7.38,3,45.1kB / 40.3kB,12MB / 65.5kB
7,2026-09-10T05:09:41.710864+00:00,15,2026-09-10T05:09:41.342383+00:00,false,microservices,gateway,2fe9988bcaa4d1f5335a4143dc38b7beb7f83876b2c7b80eb719b3b577f26313,tcc-microservices-experiment-gateway-1,62.29,480457523,536870912,89.49,85,23.9MB / 26.7MB,41MB / 180kB
7,2026-09-10T05:09:41.710864+00:00,15,2026-09-10T05:09:41.342383+00:00,false,microservices,mysql,f151832533a14a6015fddb28f01eb34dffd883fb75c4407ccc97ddca2411a730,tcc-microservices-experiment-mysql-1,27.97,534039757,1073741824,49.74,40,12.1MB / 26.3MB,46.3MB / 120MB
7,2026-09-10T05:09:41.710864+00:00,15,2026-09-10T05:09:41.342383+00:00,false,microservices,order,7d577e95f63ec54963e492ff1180746d87b7a4fa6cfcc4e46a8a0c68c4975565,tcc-microservices-experiment-order-1,0.02,74207724,1073741824,6.91,3,5.31MB / 4.14MB,3.91MB / 77.8kB
7,2026-09-10T05:09:41.710864+00:00,15,2026-09-10T05:09:41.342383+00:00,false,microservices,product,fd3c7a0981e05713c3fc16fa722e74b2b8b680ca69f649f00bca625f0c9756a2,tcc-microservices-experiment-product-1,82.32,81432412,1073741824,7.58,3,26.9MB / 28.5MB,11.8MB / 81.9kB
8,2026-09-10T05:09:42.710896+00:00,17,2026-09-10T05:09:42.341273+00:00,false,microservices,auth,930fb40fc06dc552bb3f95128040eeb13041af46c2b187f08fc6559966ea4b5c,tcc-microservices-experiment-auth-1,0.02,79272346,1073741824,7.38,3,45.1kB / 40.3kB,12MB / 65.5kB
8,2026-09-10T05:09:42.710896+00:00,17,2026-09-10T05:09:42.341273+00:00,false,microservices,gateway,2fe9988bcaa4d1f5335a4143dc38b7beb7f83876b2c7b80eb719b3b577f26313,tcc-microservices-experiment-gateway-1,79.21,480247808,536870912,89.46,85,24.6MB / 27.5MB,41MB / 180kB
8,2026-09-10T05:09:42.710896+00:00,17,2026-09-10T05:09:42.341273+00:00,false,microservices,mysql,f151832533a14a6015fddb28f01eb34dffd883fb75c4407ccc97ddca2411a730,tcc-microservices-experiment-mysql-1,23.75,533830042,1073741824,49.72,40,12.3MB / 26.9MB,46.3MB / 120MB
8,2026-09-10T05:09:42.710896+00:00,17,2026-09-10T05:09:42.341273+00:00,false,microservices,order,7d577e95f63ec54963e492ff1180746d87b7a4fa6cfcc4e46a8a0c68c4975565,tcc-microservices-experiment-order-1,0.02,74207724,1073741824,6.91,3,5.31MB / 4.14MB,3.91MB / 77.8kB
8,2026-09-10T05:09:42.710896+00:00,17,2026-09-10T05:09:42.341273+00:00,false,microservices,product,fd3c7a0981e05713c3fc16fa722e74b2b8b680ca69f649f00bca625f0c9756a2,tcc-microservices-experiment-product-1,82.47,81264640,1073741824,7.57,3,27.7MB / 29.3MB,11.8MB / 81.9kB
9,2026-09-10T05:09:43.710868+00:00,19,2026-09-10T05:09:43.341983+00:00,false,microservices,auth,930fb40fc06dc552bb3f95128040eeb13041af46c2b187f08fc6559966ea4b5c,tcc-microservices-experiment-auth-1,0.02,79272346,1073741824,7.38,3,45.1kB / 40.3kB,12MB / 65.5kB
9,2026-09-10T05:09:43.710868+00:00,19,2026-09-10T05:09:43.341983+00:00,false,microservices,gateway,2fe9988bcaa4d1f5335a4143dc38b7beb7f83876b2c7b80eb719b3b577f26313,tcc-microservices-experiment-gateway-1,82.35,481086669,536870912,89.61,85,25.4MB / 28.3MB,41MB / 180kB
9,2026-09-10T05:09:43.710868+00:00,19,2026-09-10T05:09:43.341983+00:00,false,microservices,mysql,f151832533a14a6015fddb28f01eb34dffd883fb75c4407ccc97ddca2411a730,tcc-microservices-experiment-mysql-1,27.91,534983475,1073741824,49.83,40,12.6MB / 27.6MB,46.3MB / 120MB
9,2026-09-10T05:09:43.710868+00:00,19,2026-09-10T05:09:43.341983+00:00,false,microservices,order,7d577e95f63ec54963e492ff1180746d87b7a4fa6cfcc4e46a8a0c68c4975565,tcc-microservices-experiment-order-1,0.02,74207724,1073741824,6.91,3,5.31MB / 4.14MB,3.91MB / 77.8kB
9,2026-09-10T05:09:43.710868+00:00,19,2026-09-10T05:09:43.341983+00:00,false,microservices,product,fd3c7a0981e05713c3fc16fa722e74b2b8b680ca69f649f00bca625f0c9756a2,tcc-microservices-experiment-product-1,83.88,80824238,1073741824,7.53,3,28.5MB / 30.2MB,11.8MB / 81.9kB
10,2026-09-10T05:09:44.710897+00:00,21,2026-09-10T05:09:44.341230+00:00,false,microservices,auth,930fb40fc06dc552bb3f95128040eeb13041af46c2b187f08fc6559966ea4b5c,tcc-microservices-experiment-auth-1,0.02,79272346,1073741824,7.38,3,45.1kB / 40.3kB,12MB / 65.5kB
10,2026-09-10T05:09:44.710897+00:00,21,2026-09-10T05:09:44.341230+00:00,false,microservices,gateway,2fe9988bcaa4d1f5335a4143dc38b7beb7f83876b2c7b80eb719b3b577f26313,tcc-microservices-experiment-gateway-1,42.23,480457523,536870912,89.49,85,26.1MB / 29.2MB,41MB / 180kB
10,2026-09-10T05:09:44.710897+00:00,21,2026-09-10T05:09:44.341230+00:00,false,microservices,mysql,f151832533a14a6015fddb28f01eb34dffd883fb75c4407ccc97ddca2411a730,tcc-microservices-experiment-mysql-1,24.65,534249472,1073741824,49.76,40,12.8MB / 28.2MB,46.3MB / 120MB
10,2026-09-10T05:09:44.710897+00:00,21,2026-09-10T05:09:44.341230+00:00,false,microservices,order,7d577e95f63ec54963e492ff1180746d87b7a4fa6cfcc4e46a8a0c68c4975565,tcc-microservices-experiment-order-1,0.02,74207724,1073741824,6.91,3,5.31MB / 4.14MB,3.91MB / 77.8kB
10,2026-09-10T05:09:44.710897+00:00,21,2026-09-10T05:09:44.341230+00:00,false,microservices,product,fd3c7a0981e05713c3fc16fa722e74b2b8b680ca69f649f00bca625f0c9756a2,tcc-microservices-experiment-product-1,81.39,80950067,1073741824,7.54,3,29.3MB / 31.1MB,11.8MB / 81.9kB
11,2026-09-10T05:09:45.710891+00:00,23,2026-09-10T05:09:45.341466+00:00,false,microservices,auth,930fb40fc06dc552bb3f95128040eeb13041af46c2b187f08fc6559966ea4b5c,tcc-microservices-experiment-auth-1,0.02,79272346,1073741824,7.38,3,45.1kB / 40.3kB,12MB / 65.5kB
11,2026-09-10T05:09:45.710891+00:00,23,2026-09-10T05:09:45.341466+00:00,false,microservices,gateway,2fe9988bcaa4d1f5335a4143dc38b7beb7f83876b2c7b80eb719b3b577f26313,tcc-microservices-experiment-gateway-1,41.29,480562381,536870912,89.52,85,26.8MB / 30MB,41MB / 180kB
11,2026-09-10T05:09:45.710891+00:00,23,2026-09-10T05:09:45.341466+00:00,false,microservices,mysql,f151832533a14a6015fddb28f01eb34dffd883fb75c4407ccc97ddca2411a730,tcc-microservices-experiment-mysql-1,27.69,535088333,1073741824,49.83,40,13MB / 28.8MB,46.3MB / 120MB
11,2026-09-10T05:09:45.710891+00:00,23,2026-09-10T05:09:45.341466+00:00,false,microservices,order,7d577e95f63ec54963e492ff1180746d87b7a4fa6cfcc4e46a8a0c68c4975565,tcc-microservices-experiment-order-1,0.02,74207724,1073741824,6.91,3,5.31MB / 4.14MB,3.91MB / 77.8kB
11,2026-09-10T05:09:45.710891+00:00,23,2026-09-10T05:09:45.341466+00:00,false,microservices,product,fd3c7a0981e05713c3fc16fa722e74b2b8b680ca69f649f00bca625f0c9756a2,tcc-microservices-experiment-product-1,82.89,81285612,1073741824,7.57,3,30.1MB / 32MB,11.8MB / 81.9kB
12,2026-09-10T05:09:46.710885+00:00,25,2026-09-10T05:09:46.341465+00:00,false,microservices,auth,930fb40fc06dc552bb3f95128040eeb13041af46c2b187f08fc6559966ea4b5c,tcc-microservices-experiment-auth-1,0.02,79272346,1073741824,7.38,3,45.1kB / 40.3kB,12MB / 65.5kB
12,2026-09-10T05:09:46.710885+00:00,25,2026-09-10T05:09:46.341465+00:00,false,microservices,gateway,2fe9988bcaa4d1f5335a4143dc38b7beb7f83876b2c7b80eb719b3b577f26313,tcc-microservices-experiment-gateway-1,41.84,480038093,536870912,89.42,85,27.6MB / 30.8MB,41MB / 180kB
12,2026-09-10T05:09:46.710885+00:00,25,2026-09-10T05:09:46.341465+00:00,false,microservices,mysql,f151832533a14a6015fddb28f01eb34dffd883fb75c4407ccc97ddca2411a730,tcc-microservices-experiment-mysql-1,23.8,534459187,1073741824,49.78,40,13.3MB / 29.5MB,46.3MB / 120MB
12,2026-09-10T05:09:46.710885+00:00,25,2026-09-10T05:09:46.341465+00:00,false,microservices,order,7d577e95f63ec54963e492ff1180746d87b7a4fa6cfcc4e46a8a0c68c4975565,tcc-microservices-experiment-order-1,0.02,74207724,1073741824,6.91,3,5.31MB / 4.14MB,3.91MB / 77.8kB
12,2026-09-10T05:09:46.710885+00:00,25,2026-09-10T05:09:46.341465+00:00,false,microservices,product,fd3c7a0981e05713c3fc16fa722e74b2b8b680ca69f649f00bca625f0c9756a2,tcc-microservices-experiment-product-1,82.79,80929096,1073741824,7.54,3,30.9MB / 32.8MB,11.8MB / 81.9kB
13,2026-09-10T05:09:47.710892+00:00,27,2026-09-10T05:09:47.341389+00:00,false,microservices,auth,930fb40fc06dc552bb3f95128040eeb13041af46c2b187f08fc6559966ea4b5c,tcc-microservices-experiment-auth-1,0.02,79272346,1073741824,7.38,3,45.1kB / 40.3kB,12MB / 65.5kB
13,2026-09-10T05:09:47.710892+00:00,27,2026-09-10T05:09:47.341389+00:00,false,microservices,gateway,2fe9988bcaa4d1f5335a4143dc38b7beb7f83876b2c7b80eb719b3b577f26313,tcc-microservices-experiment-gateway-1,42.91,481086669,536870912,89.61,85,28.3MB / 31.7MB,41MB / 180kB
13,2026-09-10T05:09:47.710892+00:00,27,2026-09-10T05:09:47.341389+00:00,false,microservices,mysql,f151832533a14a6015fddb28f01eb34dffd883fb75c4407ccc97ddca2411a730,tcc-microservices-experiment-mysql-1,27.34,534773760,1073741824,49.81,40,13.5MB / 30.1MB,46.3MB / 120MB
13,2026-09-10T05:09:47.710892+00:00,27,2026-09-10T05:09:47.341389+00:00,false,microservices,order,7d577e95f63ec54963e492ff1180746d87b7a4fa6cfcc4e46a8a0c68c4975565,tcc-microservices-experiment-order-1,0.02,74207724,1073741824,6.91,3,5.31MB / 4.14MB,3.91MB / 77.8kB
13,2026-09-10T05:09:47.710892+00:00,27,2026-09-10T05:09:47.341389+00:00,false,microservices,product,fd3c7a0981e05713c3fc16fa722e74b2b8b680ca69f649f00bca625f0c9756a2,tcc-microservices-experiment-product-1,83.31,80971039,1073741824,7.54,3,31.8MB / 33.7MB,11.8MB / 81.9kB
14,2026-09-10T05:09:48.710854+00:00,29,2026-09-10T05:09:48.341660+00:00,false,microservices,auth,930fb40fc06dc552bb3f95128040eeb13041af46c2b187f08fc6559966ea4b5c,tcc-microservices-experiment-auth-1,0.02,79272346,1073741824,7.38,3,45.1kB / 40.3kB,12MB / 65.5kB
14,2026-09-10T05:09:48.710854+00:00,29,2026-09-10T05:09:48.341660+00:00,false,microservices,gateway,2fe9988bcaa4d1f5335a4143dc38b7beb7f83876b2c7b80eb719b3b577f26313,tcc-microservices-experiment-gateway-1,40.49,480667238,536870912,89.54,85,29.1MB / 32.5MB,41MB / 180kB
14,2026-09-10T05:09:48.710854+00:00,29,2026-09-10T05:09:48.341660+00:00,false,microservices,mysql,f151832533a14a6015fddb28f01eb34dffd883fb75c4407ccc97ddca2411a730,tcc-microservices-experiment-mysql-1,23.8,534459187,1073741824,49.77,40,13.7MB / 30.8MB,46.3MB / 120MB
14,2026-09-10T05:09:48.710854+00:00,29,2026-09-10T05:09:48.341660+00:00,false,microservices,order,7d577e95f63ec54963e492ff1180746d87b7a4fa6cfcc4e46a8a0c68c4975565,tcc-microservices-experiment-order-1,0.02,74207724,1073741824,6.91,3,5.31MB / 4.14MB,3.91MB / 77.8kB
14,2026-09-10T05:09:48.710854+00:00,29,2026-09-10T05:09:48.341660+00:00,false,microservices,product,fd3c7a0981e05713c3fc16fa722e74b2b8b680ca69f649f00bca625f0c9756a2,tcc-microservices-experiment-product-1,82.5,81484841,1073741824,7.59,3,32.6MB / 34.6MB,11.8MB / 81.9kB
15,2026-09-10T05:09:49.710856+00:00,31,2026-09-10T05:09:49.341368+00:00,false,microservices,auth,930fb40fc06dc552bb3f95128040eeb13041af46c2b187f08fc6559966ea4b5c,tcc-microservices-experiment-auth-1,0.02,79272346,1073741824,7.38,3,45.1kB / 40.3kB,12MB / 65.5kB
15,2026-09-10T05:09:49.710856+00:00,31,2026-09-10T05:09:49.341368+00:00,false,microservices,gateway,2fe9988bcaa4d1f5335a4143dc38b7beb7f83876b2c7b80eb719b3b577f26313,tcc-microservices-experiment-gateway-1,59.83,480981811,536870912,89.59,85,29.8MB / 33.3MB,41MB / 180kB
15,2026-09-10T05:09:49.710856+00:00,31,2026-09-10T05:09:49.341368+00:00,false,microservices,mysql,f151832533a14a6015fddb28f01eb34dffd883fb75c4407ccc97ddca2411a730,tcc-microservices-experiment-mysql-1,28.33,535298048,1073741824,49.86,40,14MB / 31.4MB,46.3MB / 120MB
15,2026-09-10T05:09:49.710856+00:00,31,2026-09-10T05:09:49.341368+00:00,false,microservices,order,7d577e95f63ec54963e492ff1180746d87b7a4fa6cfcc4e46a8a0c68c4975565,tcc-microservices-experiment-order-1,0.02,74207724,1073741824,6.91,3,5.31MB / 4.14MB,3.91MB / 77.8kB
15,2026-09-10T05:09:49.710856+00:00,31,2026-09-10T05:09:49.341368+00:00,false,microservices,product,fd3c7a0981e05713c3fc16fa722e74b2b8b680ca69f649f00bca625f0c9756a2,tcc-microservices-experiment-product-1,82.04,82082529,1073741824,7.64,3,33.4MB / 35.5MB,11.8MB / 81.9kB
16,2026-09-10T05:09:50.710858+00:00,33,2026-09-10T05:09:50.341376+00:00,false,microservices,auth,930fb40fc06dc552bb3f95128040eeb13041af46c2b187f08fc6559966ea4b5c,tcc-microservices-experiment-auth-1,0.02,79272346,1073741824,7.38,3,45.1kB / 40.3kB,12MB / 65.5kB
16,2026-09-10T05:09:50.710858+00:00,33,2026-09-10T05:09:50.341376+00:00,false,microservices,gateway,2fe9988bcaa4d1f5335a4143dc38b7beb7f83876b2c7b80eb719b3b577f26313,tcc-microservices-experiment-gateway-1,83.58,481820672,536870912,89.74,85,30.6MB / 34.2MB,41.1MB / 180kB
16,2026-09-10T05:09:50.710858+00:00,33,2026-09-10T05:09:50.341376+00:00,false,microservices,mysql,f151832533a14a6015fddb28f01eb34dffd883fb75c4407ccc97ddca2411a730,tcc-microservices-experiment-mysql-1,24.73,534354330,1073741824,49.77,40,14.2MB / 32.1MB,46.3MB / 120MB
16,2026-09-10T05:09:50.710858+00:00,33,2026-09-10T05:09:50.341376+00:00,false,microservices,order,7d577e95f63ec54963e492ff1180746d87b7a4fa6cfcc4e46a8a0c68c4975565,tcc-microservices-experiment-order-1,0.02,74207724,1073741824,6.91,3,5.31MB / 4.14MB,3.91MB / 77.8kB
16,2026-09-10T05:09:50.710858+00:00,33,2026-09-10T05:09:50.341376+00:00,false,microservices,product,fd3c7a0981e05713c3fc16fa722e74b2b8b680ca69f649f00bca625f0c9756a2,tcc-microservices-experiment-product-1,80.8,81547756,1073741824,7.59,3,34.2MB / 36.4MB,11.8MB / 81.9kB
17,2026-09-10T05:09:51.710857+00:00,35,2026-09-10T05:09:51.342153+00:00,false,microservices,auth,930fb40fc06dc552bb3f95128040eeb13041af46c2b187f08fc6559966ea4b5c,tcc-microservices-experiment-auth-1,0.02,79272346,1073741824,7.38,3,45.1kB / 40.3kB,12MB / 65.5kB
17,2026-09-10T05:09:51.710857+00:00,35,2026-09-10T05:09:51.342153+00:00,false,microservices,gateway,2fe9988bcaa4d1f5335a4143dc38b7beb7f83876b2c7b80eb719b3b577f26313,tcc-microservices-experiment-gateway-1,70.05,481610957,536870912,89.71,85,31.3MB / 35MB,41.1MB / 180kB
17,2026-09-10T05:09:51.710857+00:00,35,2026-09-10T05:09:51.342153+00:00,false,microservices,mysql,f151832533a14a6015fddb28f01eb34dffd883fb75c4407ccc97ddca2411a730,tcc-microservices-experiment-mysql-1,28.32,534773760,1073741824,49.8,40,14.5MB / 32.7MB,46.3MB / 120MB
17,2026-09-10T05:09:51.710857+00:00,35,2026-09-10T05:09:51.342153+00:00,false,microservices,order,7d577e95f63ec54963e492ff1180746d87b7a4fa6cfcc4e46a8a0c68c4975565,tcc-microservices-experiment-order-1,0.02,74207724,1073741824,6.91,3,5.31MB / 4.14MB,3.91MB / 77.8kB
17,2026-09-10T05:09:51.710857+00:00,35,2026-09-10T05:09:51.342153+00:00,false,microservices,product,fd3c7a0981e05713c3fc16fa722e74b2b8b680ca69f649f00bca625f0c9756a2,tcc-microservices-experiment-product-1,82.22,82187387,1073741824,7.65,3,35.1MB / 37.3MB,11.8MB / 81.9kB
18,2026-09-10T05:09:52.710869+00:00,37,2026-09-10T05:09:52.341328+00:00,false,microservices,auth,930fb40fc06dc552bb3f95128040eeb13041af46c2b187f08fc6559966ea4b5c,tcc-microservices-experiment-auth-1,0.02,79272346,1073741824,7.38,3,45.1kB / 40.3kB,12MB / 65.5kB
18,2026-09-10T05:09:52.710869+00:00,37,2026-09-10T05:09:52.341328+00:00,false,microservices,gateway,2fe9988bcaa4d1f5335a4143dc38b7beb7f83876b2c7b80eb719b3b577f26313,tcc-microservices-experiment-gateway-1,63.65,481401242,536870912,89.66,85,32.1MB / 35.8MB,41.1MB / 180kB
18,2026-09-10T05:09:52.710869+00:00,37,2026-09-10T05:09:52.341328+00:00,false,microservices,mysql,f151832533a14a6015fddb28f01eb34dffd883fb75c4407ccc97ddca2411a730,tcc-microservices-experiment-mysql-1,25.83,534039757,1073741824,49.74,40,14.7MB / 33.4MB,46.3MB / 120MB
18,2026-09-10T05:09:52.710869+00:00,37,2026-09-10T05:09:52.341328+00:00,false,microservices,order,7d577e95f63ec54963e492ff1180746d87b7a4fa6cfcc4e46a8a0c68c4975565,tcc-microservices-experiment-order-1,0.02,74207724,1073741824,6.91,3,5.31MB / 4.14MB,3.91MB / 77.8kB
18,2026-09-10T05:09:52.710869+00:00,37,2026-09-10T05:09:52.341328+00:00,false,microservices,product,fd3c7a0981e05713c3fc16fa722e74b2b8b680ca69f649f00bca625f0c9756a2,tcc-microservices-experiment-product-1,80.27,80729866,1073741824,7.52,3,35.9MB / 38.1MB,11.8MB / 81.9kB
19,2026-09-10T05:09:53.710869+00:00,39,2026-09-10T05:09:53.342263+00:00,false,microservices,auth,930fb40fc06dc552bb3f95128040eeb13041af46c2b187f08fc6559966ea4b5c,tcc-microservices-experiment-auth-1,0.02,79272346,1073741824,7.38,3,45.1kB / 40.3kB,12MB / 65.5kB
19,2026-09-10T05:09:53.710869+00:00,39,2026-09-10T05:09:53.342263+00:00,false,microservices,gateway,2fe9988bcaa4d1f5335a4143dc38b7beb7f83876b2c7b80eb719b3b577f26313,tcc-microservices-experiment-gateway-1,84.14,486539264,536870912,90.63,85,32.8MB / 36.6MB,41.1MB / 180kB
19,2026-09-10T05:09:53.710869+00:00,39,2026-09-10T05:09:53.342263+00:00,false,microservices,mysql,f151832533a14a6015fddb28f01eb34dffd883fb75c4407ccc97ddca2411a730,tcc-microservices-experiment-mysql-1,28.58,535298048,1073741824,49.85,40,14.9MB / 34MB,46.3MB / 120MB
19,2026-09-10T05:09:53.710869+00:00,39,2026-09-10T05:09:53.342263+00:00,false,microservices,order,7d577e95f63ec54963e492ff1180746d87b7a4fa6cfcc4e46a8a0c68c4975565,tcc-microservices-experiment-order-1,0.02,74207724,1073741824,6.91,3,5.31MB / 4.14MB,3.91MB / 77.8kB
19,2026-09-10T05:09:53.710869+00:00,39,2026-09-10T05:09:53.342263+00:00,false,microservices,product,fd3c7a0981e05713c3fc16fa722e74b2b8b680ca69f649f00bca625f0c9756a2,tcc-microservices-experiment-product-1,82.18,81400955,1073741824,7.58,3,36.7MB / 39MB,11.8MB / 81.9kB
20,2026-09-10T05:09:54.710888+00:00,41,2026-09-10T05:09:54.341099+00:00,false,microservices,auth,930fb40fc06dc552bb3f95128040eeb13041af46c2b187f08fc6559966ea4b5c,tcc-microservices-experiment-auth-1,0.02,79272346,1073741824,7.38,3,45.1kB / 40.3kB,12MB / 65.5kB
20,2026-09-10T05:09:54.710888+00:00,41,2026-09-10T05:09:54.341099+00:00,false,microservices,gateway,2fe9988bcaa4d1f5335a4143dc38b7beb7f83876b2c7b80eb719b3b577f26313,tcc-microservices-experiment-gateway-1,34.46,486748979,536870912,90.67,85,33.5MB / 37.4MB,41.1MB / 197kB
20,2026-09-10T05:09:54.710888+00:00,41,2026-09-10T05:09:54.341099+00:00,false,microservices,mysql,f151832533a14a6015fddb28f01eb34dffd883fb75c4407ccc97ddca2411a730,tcc-microservices-experiment-mysql-1,23.93,533620326,1073741824,49.7,40,15.1MB / 34.6MB,46.3MB / 120MB
20,2026-09-10T05:09:54.710888+00:00,41,2026-09-10T05:09:54.341099+00:00,false,microservices,order,7d577e95f63ec54963e492ff1180746d87b7a4fa6cfcc4e46a8a0c68c4975565,tcc-microservices-experiment-order-1,0.02,74207724,1073741824,6.91,3,5.31MB / 4.14MB,3.91MB / 77.8kB
20,2026-09-10T05:09:54.710888+00:00,41,2026-09-10T05:09:54.341099+00:00,false,microservices,product,fd3c7a0981e05713c3fc16fa722e74b2b8b680ca69f649f00bca625f0c9756a2,tcc-microservices-experiment-product-1,82.67,81484841,1073741824,7.59,3,37.5MB / 39.8MB,11.8MB / 81.9kB
21,2026-09-10T05:09:55.710890+00:00,43,2026-09-10T05:09:55.341657+00:00,false,microservices,auth,930fb40fc06dc552bb3f95128040eeb13041af46c2b187f08fc6559966ea4b5c,tcc-microservices-experiment-auth-1,0.02,79272346,1073741824,7.38,3,45.1kB / 40.3kB,12MB / 65.5kB
21,2026-09-10T05:09:55.710890+00:00,43,2026-09-10T05:09:55.341657+00:00,false,microservices,gateway,2fe9988bcaa4d1f5335a4143dc38b7beb7f83876b2c7b80eb719b3b577f26313,tcc-microservices-experiment-gateway-1,35.55,485910118,536870912,90.51,85,34.2MB / 38.2MB,41.1MB / 197kB
21,2026-09-10T05:09:55.710890+00:00,43,2026-09-10T05:09:55.341657+00:00,false,microservices,mysql,f151832533a14a6015fddb28f01eb34dffd883fb75c4407ccc97ddca2411a730,tcc-microservices-experiment-mysql-1,27.88,534564045,1073741824,49.79,40,15.4MB / 35.2MB,46.3MB / 120MB
21,2026-09-10T05:09:55.710890+00:00,43,2026-09-10T05:09:55.341657+00:00,false,microservices,order,7d577e95f63ec54963e492ff1180746d87b7a4fa6cfcc4e46a8a0c68c4975565,tcc-microservices-experiment-order-1,0.02,74207724,1073741824,6.91,3,5.31MB / 4.14MB,3.91MB / 77.8kB
21,2026-09-10T05:09:55.710890+00:00,43,2026-09-10T05:09:55.341657+00:00,false,microservices,product,fd3c7a0981e05713c3fc16fa722e74b2b8b680ca69f649f00bca625f0c9756a2,tcc-microservices-experiment-product-1,82.81,81526784,1073741824,7.59,3,38.3MB / 40.7MB,11.8MB / 81.9kB
22,2026-09-10T05:09:56.710862+00:00,45,2026-09-10T05:09:56.341415+00:00,false,microservices,auth,930fb40fc06dc552bb3f95128040eeb13041af46c2b187f08fc6559966ea4b5c,tcc-microservices-experiment-auth-1,0.02,79272346,1073741824,7.38,3,45.1kB / 40.3kB,12MB / 65.5kB
22,2026-09-10T05:09:56.710862+00:00,45,2026-09-10T05:09:56.341415+00:00,false,microservices,gateway,2fe9988bcaa4d1f5335a4143dc38b7beb7f83876b2c7b80eb719b3b577f26313,tcc-microservices-experiment-gateway-1,35.88,486644122,536870912,90.65,85,35MB / 39.1MB,41.1MB / 197kB
22,2026-09-10T05:09:56.710862+00:00,45,2026-09-10T05:09:56.341415+00:00,false,microservices,mysql,f151832533a14a6015fddb28f01eb34dffd883fb75c4407ccc97ddca2411a730,tcc-microservices-experiment-mysql-1,24.83,534564045,1073741824,49.79,40,15.6MB / 35.9MB,46.3MB / 120MB
22,2026-09-10T05:09:56.710862+00:00,45,2026-09-10T05:09:56.341415+00:00,false,microservices,order,7d577e95f63ec54963e492ff1180746d87b7a4fa6cfcc4e46a8a0c68c4975565,tcc-microservices-experiment-order-1,0.02,74207724,1073741824,6.91,3,5.31MB / 4.14MB,3.91MB / 77.8kB
22,2026-09-10T05:09:56.710862+00:00,45,2026-09-10T05:09:56.341415+00:00,false,microservices,product,fd3c7a0981e05713c3fc16fa722e74b2b8b680ca69f649f00bca625f0c9756a2,tcc-microservices-experiment-product-1,80.75,81799414,1073741824,7.62,3,39.1MB / 41.6MB,11.8MB / 81.9kB
23,2026-09-10T05:09:57.710863+00:00,47,2026-09-10T05:09:57.341228+00:00,false,microservices,auth,930fb40fc06dc552bb3f95128040eeb13041af46c2b187f08fc6559966ea4b5c,tcc-microservices-experiment-auth-1,0.02,79272346,1073741824,7.38,3,45.1kB / 40.3kB,12MB / 65.5kB
23,2026-09-10T05:09:57.710863+00:00,47,2026-09-10T05:09:57.341228+00:00,false,microservices,gateway,2fe9988bcaa4d1f5335a4143dc38b7beb7f83876b2c7b80eb719b3b577f26313,tcc-microservices-experiment-gateway-1,40.15,486958694,536870912,90.71,85,35.7MB / 39.9MB,41.1MB / 197kB
23,2026-09-10T05:09:57.710863+00:00,47,2026-09-10T05:09:57.341228+00:00,false,microservices,mysql,f151832533a14a6015fddb28f01eb34dffd883fb75c4407ccc97ddca2411a730,tcc-microservices-experiment-mysql-1,28.61,534459187,1073741824,49.77,40,15.9MB / 36.5MB,46.3MB / 120MB
23,2026-09-10T05:09:57.710863+00:00,47,2026-09-10T05:09:57.341228+00:00,false,microservices,order,7d577e95f63ec54963e492ff1180746d87b7a4fa6cfcc4e46a8a0c68c4975565,tcc-microservices-experiment-order-1,0.02,74207724,1073741824,6.91,3,5.31MB / 4.14MB,3.91MB / 77.8kB
23,2026-09-10T05:09:57.710863+00:00,47,2026-09-10T05:09:57.341228+00:00,false,microservices,product,fd3c7a0981e05713c3fc16fa722e74b2b8b680ca69f649f00bca625f0c9756a2,tcc-microservices-experiment-product-1,81.6,81642127,1073741824,7.6,3,40MB / 42.5MB,11.8MB / 81.9kB
24,2026-09-10T05:09:58.710900+00:00,49,2026-09-10T05:09:58.341313+00:00,false,microservices,auth,930fb40fc06dc552bb3f95128040eeb13041af46c2b187f08fc6559966ea4b5c,tcc-microservices-experiment-auth-1,0.02,79272346,1073741824,7.38,3,45.1kB / 40.3kB,12MB / 65.5kB
24,2026-09-10T05:09:58.710900+00:00,49,2026-09-10T05:09:58.341313+00:00,false,microservices,gateway,2fe9988bcaa4d1f5335a4143dc38b7beb7f83876b2c7b80eb719b3b577f26313,tcc-microservices-experiment-gateway-1,84.98,478045798,536870912,89.05,85,36.5MB / 40.8MB,41.1MB / 197kB
24,2026-09-10T05:09:58.710900+00:00,49,2026-09-10T05:09:58.341313+00:00,false,microservices,mysql,f151832533a14a6015fddb28f01eb34dffd883fb75c4407ccc97ddca2411a730,tcc-microservices-experiment-mysql-1,24.67,533725184,1073741824,49.7,40,16.1MB / 37.2MB,46.3MB / 120MB
24,2026-09-10T05:09:58.710900+00:00,49,2026-09-10T05:09:58.341313+00:00,false,microservices,order,7d577e95f63ec54963e492ff1180746d87b7a4fa6cfcc4e46a8a0c68c4975565,tcc-microservices-experiment-order-1,0.01,74207724,1073741824,6.91,3,5.31MB / 4.14MB,3.91MB / 77.8kB
24,2026-09-10T05:09:58.710900+00:00,49,2026-09-10T05:09:58.341313+00:00,false,microservices,product,fd3c7a0981e05713c3fc16fa722e74b2b8b680ca69f649f00bca625f0c9756a2,tcc-microservices-experiment-product-1,81.85,81222697,1073741824,7.56,3,40.8MB / 43.4MB,11.8MB / 81.9kB
25,2026-09-10T05:09:59.710898+00:00,51,2026-09-10T05:09:59.341216+00:00,false,microservices,auth,930fb40fc06dc552bb3f95128040eeb13041af46c2b187f08fc6559966ea4b5c,tcc-microservices-experiment-auth-1,0.02,79272346,1073741824,7.38,3,45.1kB / 40.3kB,12MB / 65.5kB
25,2026-09-10T05:09:59.710898+00:00,51,2026-09-10T05:09:59.341216+00:00,false,microservices,gateway,2fe9988bcaa4d1f5335a4143dc38b7beb7f83876b2c7b80eb719b3b577f26313,tcc-microservices-experiment-gateway-1,62.47,478150656,536870912,89.06,85,37.2MB / 41.6MB,41.1MB / 197kB
25,2026-09-10T05:09:59.710898+00:00,51,2026-09-10T05:09:59.341216+00:00,false,microservices,mysql,f151832533a14a6015fddb28f01eb34dffd883fb75c4407ccc97ddca2411a730,tcc-microservices-experiment-mysql-1,29.97,534564045,1073741824,49.79,40,16.3MB / 37.8MB,46.3MB / 120MB
25,2026-09-10T05:09:59.710898+00:00,51,2026-09-10T05:09:59.341216+00:00,false,microservices,order,7d577e95f63ec54963e492ff1180746d87b7a4fa6cfcc4e46a8a0c68c4975565,tcc-microservices-experiment-order-1,0.02,74207724,1073741824,6.91,3,5.31MB / 4.14MB,3.91MB / 77.8kB
25,2026-09-10T05:09:59.710898+00:00,51,2026-09-10T05:09:59.341216+00:00,false,microservices,product,fd3c7a0981e05713c3fc16fa722e74b2b8b680ca69f649f00bca625f0c9756a2,tcc-microservices-experiment-product-1,81.62,82218844,1073741824,7.66,3,41.6MB / 44.2MB,11.8MB / 81.9kB
26,2026-09-10T05:10:00.710887+00:00,53,2026-09-10T05:10:00.341408+00:00,false,microservices,auth,930fb40fc06dc552bb3f95128040eeb13041af46c2b187f08fc6559966ea4b5c,tcc-microservices-experiment-auth-1,0.02,79272346,1073741824,7.38,3,45.1kB / 40.3kB,12MB / 65.5kB
26,2026-09-10T05:10:00.710887+00:00,53,2026-09-10T05:10:00.341408+00:00,false,microservices,gateway,2fe9988bcaa4d1f5335a4143dc38b7beb7f83876b2c7b80eb719b3b577f26313,tcc-microservices-experiment-gateway-1,64.33,478255514,536870912,89.09,85,38MB / 42.4MB,41.1MB / 197kB
26,2026-09-10T05:10:00.710887+00:00,53,2026-09-10T05:10:00.341408+00:00,false,microservices,mysql,f151832533a14a6015fddb28f01eb34dffd883fb75c4407ccc97ddca2411a730,tcc-microservices-experiment-mysql-1,26.1,534354330,1073741824,49.76,40,16.6MB / 38.4MB,46.3MB / 120MB
26,2026-09-10T05:10:00.710887+00:00,53,2026-09-10T05:10:00.341408+00:00,false,microservices,order,7d577e95f63ec54963e492ff1180746d87b7a4fa6cfcc4e46a8a0c68c4975565,tcc-microservices-experiment-order-1,0.02,74207724,1073741824,6.91,3,5.31MB / 4.14MB,3.91MB / 77.8kB
26,2026-09-10T05:10:00.710887+00:00,53,2026-09-10T05:10:00.341408+00:00,false,microservices,product,fd3c7a0981e05713c3fc16fa722e74b2b8b680ca69f649f00bca625f0c9756a2,tcc-microservices-experiment-product-1,80.25,81820385,1073741824,7.62,3,42.4MB / 45.1MB,11.8MB / 81.9kB
27,2026-09-10T05:10:01.710889+00:00,55,2026-09-10T05:10:01.341368+00:00,false,microservices,auth,930fb40fc06dc552bb3f95128040eeb13041af46c2b187f08fc6559966ea4b5c,tcc-microservices-experiment-auth-1,0.02,79272346,1073741824,7.38,3,45.1kB / 40.3kB,12MB / 65.5kB
27,2026-09-10T05:10:01.710889+00:00,55,2026-09-10T05:10:01.341368+00:00,false,microservices,gateway,2fe9988bcaa4d1f5335a4143dc38b7beb7f83876b2c7b80eb719b3b577f26313,tcc-microservices-experiment-gateway-1,34.86,477836083,536870912,89.0,85,38.7MB / 43.2MB,41.1MB / 197kB
27,2026-09-10T05:10:01.710889+00:00,55,2026-09-10T05:10:01.341368+00:00,false,microservices,mysql,f151832533a14a6015fddb28f01eb34dffd883fb75c4407ccc97ddca2411a730,tcc-microservices-experiment-mysql-1,29.6,534773760,1073741824,49.81,40,16.8MB / 39.1MB,46.3MB / 120MB
27,2026-09-10T05:10:01.710889+00:00,55,2026-09-10T05:10:01.341368+00:00,false,microservices,order,7d577e95f63ec54963e492ff1180746d87b7a4fa6cfcc4e46a8a0c68c4975565,tcc-microservices-experiment-order-1,0.02,74207724,1073741824,6.91,3,5.31MB / 4.14MB,3.91MB / 77.8kB
27,2026-09-10T05:10:01.710889+00:00,55,2026-09-10T05:10:01.341368+00:00,false,microservices,product,fd3c7a0981e05713c3fc16fa722e74b2b8b680ca69f649f00bca625f0c9756a2,tcc-microservices-experiment-product-1,81.22,81631642,1073741824,7.6,3,43.2MB / 46MB,11.8MB / 81.9kB
28,2026-09-10T05:10:02.710874+00:00,57,2026-09-10T05:10:02.341734+00:00,false,microservices,auth,930fb40fc06dc552bb3f95128040eeb13041af46c2b187f08fc6559966ea4b5c,tcc-microservices-experiment-auth-1,0.02,79272346,1073741824,7.38,3,45.1kB / 40.3kB,12MB / 65.5kB
28,2026-09-10T05:10:02.710874+00:00,57,2026-09-10T05:10:02.341734+00:00,false,microservices,gateway,2fe9988bcaa4d1f5335a4143dc38b7beb7f83876b2c7b80eb719b3b577f26313,tcc-microservices-experiment-gateway-1,33.91,477940941,536870912,89.02,85,39.5MB / 44.1MB,41.1MB / 197kB
28,2026-09-10T05:10:02.710874+00:00,57,2026-09-10T05:10:02.341734+00:00,false,microservices,mysql,f151832533a14a6015fddb28f01eb34dffd883fb75c4407ccc97ddca2411a730,tcc-microservices-experiment-mysql-1,25.23,534878618,1073741824,49.81,40,17.1MB / 39.7MB,46.3MB / 120MB
28,2026-09-10T05:10:02.710874+00:00,57,2026-09-10T05:10:02.341734+00:00,false,microservices,order,7d577e95f63ec54963e492ff1180746d87b7a4fa6cfcc4e46a8a0c68c4975565,tcc-microservices-experiment-order-1,0.02,74207724,1073741824,6.91,3,5.31MB / 4.14MB,3.91MB / 77.8kB
28,2026-09-10T05:10:02.710874+00:00,57,2026-09-10T05:10:02.341734+00:00,false,microservices,product,fd3c7a0981e05713c3fc16fa722e74b2b8b680ca69f649f00bca625f0c9756a2,tcc-microservices-experiment-product-1,80.53,82072044,1073741824,7.64,3,44.1MB / 46.9MB,11.8MB / 81.9kB
29,2026-09-10T05:10:03.710897+00:00,59,2026-09-10T05:10:03.340701+00:00,false,microservices,auth,930fb40fc06dc552bb3f95128040eeb13041af46c2b187f08fc6559966ea4b5c,tcc-microservices-experiment-auth-1,0.02,79272346,1073741824,7.38,3,45.1kB / 40.3kB,12MB / 65.5kB
29,2026-09-10T05:10:03.710897+00:00,59,2026-09-10T05:10:03.340701+00:00,false,microservices,gateway,2fe9988bcaa4d1f5335a4143dc38b7beb7f83876b2c7b80eb719b3b577f26313,tcc-microservices-experiment-gateway-1,32.16,478779802,536870912,89.19,85,40.2MB / 44.9MB,41.1MB / 197kB
29,2026-09-10T05:10:03.710897+00:00,59,2026-09-10T05:10:03.340701+00:00,false,microservices,mysql,f151832533a14a6015fddb28f01eb34dffd883fb75c4407ccc97ddca2411a730,tcc-microservices-experiment-mysql-1,29.29,534983475,1073741824,49.83,40,17.3MB / 40.4MB,46.3MB / 120MB
29,2026-09-10T05:10:03.710897+00:00,59,2026-09-10T05:10:03.340701+00:00,false,microservices,order,7d577e95f63ec54963e492ff1180746d87b7a4fa6cfcc4e46a8a0c68c4975565,tcc-microservices-experiment-order-1,0.02,74207724,1073741824,6.91,3,5.31MB / 4.14MB,3.91MB / 77.8kB
29,2026-09-10T05:10:03.710897+00:00,59,2026-09-10T05:10:03.340701+00:00,false,microservices,product,fd3c7a0981e05713c3fc16fa722e74b2b8b680ca69f649f00bca625f0c9756a2,tcc-microservices-experiment-product-1,80.95,82166415,1073741824,7.65,3,44.9MB / 47.8MB,11.8MB / 81.9kB
30,2026-09-10T05:10:04.710889+00:00,61,2026-09-10T05:10:04.340723+00:00,false,microservices,auth,930fb40fc06dc552bb3f95128040eeb13041af46c2b187f08fc6559966ea4b5c,tcc-microservices-experiment-auth-1,0.02,79272346,1073741824,7.38,3,45.1kB / 40.3kB,12MB / 65.5kB
30,2026-09-10T05:10:04.710889+00:00,61,2026-09-10T05:10:04.340723+00:00,false,microservices,gateway,2fe9988bcaa4d1f5335a4143dc38b7beb7f83876b2c7b80eb719b3b577f26313,tcc-microservices-experiment-gateway-1,34.24,478674944,536870912,89.17,85,41MB / 45.8MB,41.1MB / 197kB
30,2026-09-10T05:10:04.710889+00:00,61,2026-09-10T05:10:04.340723+00:00,false,microservices,mysql,f151832533a14a6015fddb28f01eb34dffd883fb75c4407ccc97ddca2411a730,tcc-microservices-experiment-mysql-1,25.05,534773760,1073741824,49.8,40,17.5MB / 41MB,46.3MB / 120MB
30,2026-09-10T05:10:04.710889+00:00,61,2026-09-10T05:10:04.340723+00:00,false,microservices,order,7d577e95f63ec54963e492ff1180746d87b7a4fa6cfcc4e46a8a0c68c4975565,tcc-microservices-experiment-order-1,0.02,74207724,1073741824,6.91,3,5.31MB / 4.14MB,3.91MB / 77.8kB
30,2026-09-10T05:10:04.710889+00:00,61,2026-09-10T05:10:04.340723+00:00,false,microservices,product,fd3c7a0981e05713c3fc16fa722e74b2b8b680ca69f649f00bca625f0c9756a2,tcc-microservices-experiment-product-1,80.42,82271273,1073741824,7.66,3,45.8MB / 48.7MB,11.8MB / 81.9kB
31,2026-09-10T05:10:05.710894+00:00,63,2026-09-10T05:10:05.341469+00:00,false,microservices,auth,930fb40fc06dc552bb3f95128040eeb13041af46c2b187f08fc6559966ea4b5c,tcc-microservices-experiment-auth-1,0.02,79272346,1073741824,7.38,3,45.1kB / 40.3kB,12MB / 65.5kB
31,2026-09-10T05:10:05.710894+00:00,63,2026-09-10T05:10:05.341469+00:00,false,microservices,gateway,2fe9988bcaa4d1f5335a4143dc38b7beb7f83876b2c7b80eb719b3b577f26313,tcc-microservices-experiment-gateway-1,40.59,478465229,536870912,89.11,85,41.7MB / 46.6MB,41.1MB / 197kB
31,2026-09-10T05:10:05.710894+00:00,63,2026-09-10T05:10:05.341469+00:00,false,microservices,mysql,f151832533a14a6015fddb28f01eb34dffd883fb75c4407ccc97ddca2411a730,tcc-microservices-experiment-mysql-1,29.43,534773760,1073741824,49.8,40,17.8MB / 41.7MB,46.3MB / 120MB
31,2026-09-10T05:10:05.710894+00:00,63,2026-09-10T05:10:05.341469+00:00,false,microservices,order,7d577e95f63ec54963e492ff1180746d87b7a4fa6cfcc4e46a8a0c68c4975565,tcc-microservices-experiment-order-1,0.02,74207724,1073741824,6.91,3,5.31MB / 4.14MB,3.91MB / 77.8kB
31,2026-09-10T05:10:05.710894+00:00,63,2026-09-10T05:10:05.341469+00:00,false,microservices,product,fd3c7a0981e05713c3fc16fa722e74b2b8b680ca69f649f00bca625f0c9756a2,tcc-microservices-experiment-product-1,80.95,82847990,1073741824,7.72,3,46.6MB / 49.5MB,11.8MB / 81.9kB
32,2026-09-10T05:10:06.710865+00:00,65,2026-09-10T05:10:06.341577+00:00,false,microservices,auth,930fb40fc06dc552bb3f95128040eeb13041af46c2b187f08fc6559966ea4b5c,tcc-microservices-experiment-auth-1,0.02,79272346,1073741824,7.38,3,45.1kB / 40.3kB,12MB / 65.5kB
32,2026-09-10T05:10:06.710865+00:00,65,2026-09-10T05:10:06.341577+00:00,false,microservices,gateway,2fe9988bcaa4d1f5335a4143dc38b7beb7f83876b2c7b80eb719b3b577f26313,tcc-microservices-experiment-gateway-1,48.5,479304090,536870912,89.27,85,42.4MB / 47.4MB,41.1MB / 197kB
32,2026-09-10T05:10:06.710865+00:00,65,2026-09-10T05:10:06.341577+00:00,false,microservices,mysql,f151832533a14a6015fddb28f01eb34dffd883fb75c4407ccc97ddca2411a730,tcc-microservices-experiment-mysql-1,25.03,533830042,1073741824,49.71,40,18MB / 42.3MB,46.3MB / 120MB
32,2026-09-10T05:10:06.710865+00:00,65,2026-09-10T05:10:06.341577+00:00,false,microservices,order,7d577e95f63ec54963e492ff1180746d87b7a4fa6cfcc4e46a8a0c68c4975565,tcc-microservices-experiment-order-1,0.02,74207724,1073741824,6.91,3,5.31MB / 4.14MB,3.91MB / 77.8kB
32,2026-09-10T05:10:06.710865+00:00,65,2026-09-10T05:10:06.341577+00:00,false,microservices,product,fd3c7a0981e05713c3fc16fa722e74b2b8b680ca69f649f00bca625f0c9756a2,tcc-microservices-experiment-product-1,81.77,82323702,1073741824,7.67,3,47.4MB / 50.4MB,11.8MB / 81.9kB
33,2026-09-10T05:10:07.710882+00:00,67,2026-09-10T05:10:07.341386+00:00,false,microservices,auth,930fb40fc06dc552bb3f95128040eeb13041af46c2b187f08fc6559966ea4b5c,tcc-microservices-experiment-auth-1,0.02,79272346,1073741824,7.38,3,45.1kB / 40.3kB,12MB / 65.5kB
33,2026-09-10T05:10:07.710882+00:00,67,2026-09-10T05:10:07.341386+00:00,false,microservices,gateway,2fe9988bcaa4d1f5335a4143dc38b7beb7f83876b2c7b80eb719b3b577f26313,tcc-microservices-experiment-gateway-1,47.18,478989517,536870912,89.22,85,43.2MB / 48.3MB,41.1MB / 197kB
33,2026-09-10T05:10:07.710882+00:00,67,2026-09-10T05:10:07.341386+00:00,false,microservices,mysql,f151832533a14a6015fddb28f01eb34dffd883fb75c4407ccc97ddca2411a730,tcc-microservices-experiment-mysql-1,29.43,534564045,1073741824,49.79,40,18.3MB / 43MB,46.3MB / 120MB
33,2026-09-10T05:10:07.710882+00:00,67,2026-09-10T05:10:07.341386+00:00,false,microservices,order,7d577e95f63ec54963e492ff1180746d87b7a4fa6cfcc4e46a8a0c68c4975565,tcc-microservices-experiment-order-1,0.02,74207724,1073741824,6.91,3,5.31MB / 4.14MB,3.91MB / 77.8kB
33,2026-09-10T05:10:07.710882+00:00,67,2026-09-10T05:10:07.341386+00:00,false,microservices,product,fd3c7a0981e05713c3fc16fa722e74b2b8b680ca69f649f00bca625f0c9756a2,tcc-microservices-experiment-product-1,81.48,83036733,1073741824,7.73,3,48.2MB / 51.3MB,11.8MB / 81.9kB
34,2026-09-10T05:10:08.710891+00:00,69,2026-09-10T05:10:08.341425+00:00,false,microservices,auth,930fb40fc06dc552bb3f95128040eeb13041af46c2b187f08fc6559966ea4b5c,tcc-microservices-experiment-auth-1,0.02,79272346,1073741824,7.38,3,45.1kB / 40.3kB,12MB / 65.5kB
34,2026-09-10T05:10:08.710891+00:00,69,2026-09-10T05:10:08.341425+00:00,false,microservices,gateway,2fe9988bcaa4d1f5335a4143dc38b7beb7f83876b2c7b80eb719b3b577f26313,tcc-microservices-experiment-gateway-1,53.05,479408947,536870912,89.3,85,44MB / 49.1MB,41.1MB / 197kB
34,2026-09-10T05:10:08.710891+00:00,69,2026-09-10T05:10:08.341425+00:00,false,microservices,mysql,f151832533a14a6015fddb28f01eb34dffd883fb75c4407ccc97ddca2411a730,tcc-microservices-experiment-mysql-1,24.77,534249472,1073741824,49.75,40,18.5MB / 43.6MB,46.3MB / 120MB
34,2026-09-10T05:10:08.710891+00:00,69,2026-09-10T05:10:08.341425+00:00,false,microservices,order,7d577e95f63ec54963e492ff1180746d87b7a4fa6cfcc4e46a8a0c68c4975565,tcc-microservices-experiment-order-1,0.02,74207724,1073741824,6.91,3,5.31MB / 4.14MB,3.91MB / 77.8kB
34,2026-09-10T05:10:08.710891+00:00,69,2026-09-10T05:10:08.341425+00:00,false,microservices,product,fd3c7a0981e05713c3fc16fa722e74b2b8b680ca69f649f00bca625f0c9756a2,tcc-microservices-experiment-product-1,81.06,82617303,1073741824,7.69,3,49.1MB / 52.2MB,11.8MB / 81.9kB
35,2026-09-10T05:10:09.710855+00:00,71,2026-09-10T05:10:09.341541+00:00,false,microservices,auth,930fb40fc06dc552bb3f95128040eeb13041af46c2b187f08fc6559966ea4b5c,tcc-microservices-experiment-auth-1,0.02,79272346,1073741824,7.38,3,45.1kB / 40.3kB,12MB / 65.5kB
35,2026-09-10T05:10:09.710855+00:00,71,2026-09-10T05:10:09.341541+00:00,false,microservices,gateway,2fe9988bcaa4d1f5335a4143dc38b7beb7f83876b2c7b80eb719b3b577f26313,tcc-microservices-experiment-gateway-1,30.9,479408947,536870912,89.29,85,44.7MB / 49.9MB,41.1MB / 213kB
35,2026-09-10T05:10:09.710855+00:00,71,2026-09-10T05:10:09.341541+00:00,false,microservices,mysql,f151832533a14a6015fddb28f01eb34dffd883fb75c4407ccc97ddca2411a730,tcc-microservices-experiment-mysql-1,28.43,535193190,1073741824,49.84,40,18.7MB / 44.2MB,46.3MB / 120MB
35,2026-09-10T05:10:09.710855+00:00,71,2026-09-10T05:10:09.341541+00:00,false,microservices,order,7d577e95f63ec54963e492ff1180746d87b7a4fa6cfcc4e46a8a0c68c4975565,tcc-microservices-experiment-order-1,0.02,74207724,1073741824,6.91,3,5.31MB / 4.14MB,3.91MB / 77.8kB
35,2026-09-10T05:10:09.710855+00:00,71,2026-09-10T05:10:09.341541+00:00,false,microservices,product,fd3c7a0981e05713c3fc16fa722e74b2b8b680ca69f649f00bca625f0c9756a2,tcc-microservices-experiment-product-1,81.58,83047219,1073741824,7.73,3,49.9MB / 53.1MB,11.8MB / 81.9kB
36,2026-09-10T05:10:10.710851+00:00,73,2026-09-10T05:10:10.341309+00:00,false,microservices,auth,930fb40fc06dc552bb3f95128040eeb13041af46c2b187f08fc6559966ea4b5c,tcc-microservices-experiment-auth-1,0.02,79272346,1073741824,7.38,3,45.1kB / 40.3kB,12MB / 65.5kB
36,2026-09-10T05:10:10.710851+00:00,73,2026-09-10T05:10:10.341309+00:00,false,microservices,gateway,2fe9988bcaa4d1f5335a4143dc38b7beb7f83876b2c7b80eb719b3b577f26313,tcc-microservices-experiment-gateway-1,31.47,478989517,536870912,89.22,85,45.4MB / 50.8MB,41.1MB / 213kB
36,2026-09-10T05:10:10.710851+00:00,73,2026-09-10T05:10:10.341309+00:00,false,microservices,mysql,f151832533a14a6015fddb28f01eb34dffd883fb75c4407ccc97ddca2411a730,tcc-microservices-experiment-mysql-1,24.34,534354330,1073741824,49.77,40,19MB / 44.9MB,46.3MB / 120MB
36,2026-09-10T05:10:10.710851+00:00,73,2026-09-10T05:10:10.341309+00:00,false,microservices,order,7d577e95f63ec54963e492ff1180746d87b7a4fa6cfcc4e46a8a0c68c4975565,tcc-microservices-experiment-order-1,0.02,74207724,1073741824,6.91,3,5.31MB / 4.14MB,3.91MB / 77.8kB
36,2026-09-10T05:10:10.710851+00:00,73,2026-09-10T05:10:10.341309+00:00,false,microservices,product,fd3c7a0981e05713c3fc16fa722e74b2b8b680ca69f649f00bca625f0c9756a2,tcc-microservices-experiment-product-1,81.33,83131105,1073741824,7.74,3,50.7MB / 54MB,11.8MB / 81.9kB
37,2026-09-10T05:10:11.710882+00:00,75,2026-09-10T05:10:11.341322+00:00,false,microservices,auth,930fb40fc06dc552bb3f95128040eeb13041af46c2b187f08fc6559966ea4b5c,tcc-microservices-experiment-auth-1,0.02,79272346,1073741824,7.38,3,45.1kB / 40.3kB,12MB / 65.5kB
37,2026-09-10T05:10:11.710882+00:00,75,2026-09-10T05:10:11.341322+00:00,false,microservices,gateway,2fe9988bcaa4d1f5335a4143dc38b7beb7f83876b2c7b80eb719b3b577f26313,tcc-microservices-experiment-gateway-1,31.22,479304090,536870912,89.28,85,46.2MB / 51.6MB,41.1MB / 213kB
37,2026-09-10T05:10:11.710882+00:00,75,2026-09-10T05:10:11.341322+00:00,false,microservices,mysql,f151832533a14a6015fddb28f01eb34dffd883fb75c4407ccc97ddca2411a730,tcc-microservices-experiment-mysql-1,25.84,539597210,1073741824,50.25,46,19.2MB / 45.5MB,46.3MB / 120MB
37,2026-09-10T05:10:11.710882+00:00,75,2026-09-10T05:10:11.341322+00:00,false,microservices,order,7d577e95f63ec54963e492ff1180746d87b7a4fa6cfcc4e46a8a0c68c4975565,tcc-microservices-experiment-order-1,0.02,74207724,1073741824,6.91,3,5.31MB / 4.14MB,3.91MB / 77.8kB
37,2026-09-10T05:10:11.710882+00:00,75,2026-09-10T05:10:11.341322+00:00,false,microservices,product,fd3c7a0981e05713c3fc16fa722e74b2b8b680ca69f649f00bca625f0c9756a2,tcc-microservices-experiment-product-1,82.21,82847990,1073741824,7.72,3,51.5MB / 54.8MB,11.8MB / 81.9kB
38,2026-09-10T05:10:12.710887+00:00,77,2026-09-10T05:10:12.341476+00:00,false,microservices,auth,930fb40fc06dc552bb3f95128040eeb13041af46c2b187f08fc6559966ea4b5c,tcc-microservices-experiment-auth-1,0.02,79272346,1073741824,7.38,3,45.1kB / 40.3kB,12MB / 65.5kB
38,2026-09-10T05:10:12.710887+00:00,77,2026-09-10T05:10:12.341476+00:00,false,microservices,gateway,2fe9988bcaa4d1f5335a4143dc38b7beb7f83876b2c7b80eb719b3b577f26313,tcc-microservices-experiment-gateway-1,32.24,478360371,536870912,89.11,85,46.9MB / 52.4MB,41.1MB / 213kB
38,2026-09-10T05:10:12.710887+00:00,77,2026-09-10T05:10:12.341476+00:00,false,microservices,mysql,f151832533a14a6015fddb28f01eb34dffd883fb75c4407ccc97ddca2411a730,tcc-microservices-experiment-mysql-1,27.4,534564045,1073741824,49.79,40,19.5MB / 46.2MB,46.3MB / 120MB
38,2026-09-10T05:10:12.710887+00:00,77,2026-09-10T05:10:12.341476+00:00,false,microservices,order,7d577e95f63ec54963e492ff1180746d87b7a4fa6cfcc4e46a8a0c68c4975565,tcc-microservices-experiment-order-1,0.02,74207724,1073741824,6.91,3,5.31MB / 4.14MB,3.91MB / 77.8kB
38,2026-09-10T05:10:12.710887+00:00,77,2026-09-10T05:10:12.341476+00:00,false,microservices,product,fd3c7a0981e05713c3fc16fa722e74b2b8b680ca69f649f00bca625f0c9756a2,tcc-microservices-experiment-product-1,80.98,83183534,1073741824,7.75,3,52.3MB / 55.7MB,11.8MB / 81.9kB
39,2026-09-10T05:10:13.710892+00:00,79,2026-09-10T05:10:13.341347+00:00,false,microservices,auth,930fb40fc06dc552bb3f95128040eeb13041af46c2b187f08fc6559966ea4b5c,tcc-microservices-experiment-auth-1,0.02,79272346,1073741824,7.38,3,45.1kB / 40.3kB,12MB / 65.5kB
39,2026-09-10T05:10:13.710892+00:00,79,2026-09-10T05:10:13.341347+00:00,false,microservices,gateway,2fe9988bcaa4d1f5335a4143dc38b7beb7f83876b2c7b80eb719b3b577f26313,tcc-microservices-experiment-gateway-1,32.98,478674944,536870912,89.17,85,47.7MB / 53.3MB,41.1MB / 213kB
39,2026-09-10T05:10:13.710892+00:00,79,2026-09-10T05:10:13.341347+00:00,false,microservices,mysql,f151832533a14a6015fddb28f01eb34dffd883fb75c4407ccc97ddca2411a730,tcc-microservices-experiment-mysql-1,24.75,534039757,1073741824,49.74,40,19.7MB / 46.8MB,46.3MB / 120MB
39,2026-09-10T05:10:13.710892+00:00,79,2026-09-10T05:10:13.341347+00:00,false,microservices,order,7d577e95f63ec54963e492ff1180746d87b7a4fa6cfcc4e46a8a0c68c4975565,tcc-microservices-experiment-order-1,0.02,74207724,1073741824,6.91,3,5.31MB / 4.14MB,3.91MB / 77.8kB
39,2026-09-10T05:10:13.710892+00:00,79,2026-09-10T05:10:13.341347+00:00,false,microservices,product,fd3c7a0981e05713c3fc16fa722e74b2b8b680ca69f649f00bca625f0c9756a2,tcc-microservices-experiment-product-1,81.75,83739279,1073741824,7.8,3,53.2MB / 56.6MB,11.8MB / 81.9kB
40,2026-09-10T05:10:14.710871+00:00,81,2026-09-10T05:10:14.341428+00:00,false,microservices,auth,930fb40fc06dc552bb3f95128040eeb13041af46c2b187f08fc6559966ea4b5c,tcc-microservices-experiment-auth-1,0.02,79272346,1073741824,7.38,3,45.1kB / 40.3kB,12MB / 65.5kB
40,2026-09-10T05:10:14.710871+00:00,81,2026-09-10T05:10:14.341428+00:00,false,microservices,gateway,2fe9988bcaa4d1f5335a4143dc38b7beb7f83876b2c7b80eb719b3b577f26313,tcc-microservices-experiment-gateway-1,31.63,478570086,536870912,89.15,85,48.4MB / 54.1MB,41.1MB / 213kB
40,2026-09-10T05:10:14.710871+00:00,81,2026-09-10T05:10:14.341428+00:00,false,microservices,mysql,f151832533a14a6015fddb28f01eb34dffd883fb75c4407ccc97ddca2411a730,tcc-microservices-experiment-mysql-1,28.84,533830042,1073741824,49.71,40,19.9MB / 47.5MB,46.3MB / 120MB
40,2026-09-10T05:10:14.710871+00:00,81,2026-09-10T05:10:14.341428+00:00,false,microservices,order,7d577e95f63ec54963e492ff1180746d87b7a4fa6cfcc4e46a8a0c68c4975565,tcc-microservices-experiment-order-1,0.02,74207724,1073741824,6.91,3,5.31MB / 4.14MB,3.91MB / 77.8kB
40,2026-09-10T05:10:14.710871+00:00,81,2026-09-10T05:10:14.341428+00:00,false,microservices,product,fd3c7a0981e05713c3fc16fa722e74b2b8b680ca69f649f00bca625f0c9756a2,tcc-microservices-experiment-product-1,81.59,83089162,1073741824,7.74,3,54MB / 57.5MB,11.8MB / 81.9kB
41,2026-09-10T05:10:15.710878+00:00,83,2026-09-10T05:10:15.341006+00:00,false,microservices,auth,930fb40fc06dc552bb3f95128040eeb13041af46c2b187f08fc6559966ea4b5c,tcc-microservices-experiment-auth-1,0.02,79272346,1073741824,7.38,3,45.1kB / 40.3kB,12MB / 65.5kB
41,2026-09-10T05:10:15.710878+00:00,83,2026-09-10T05:10:15.341006+00:00,false,microservices,gateway,2fe9988bcaa4d1f5335a4143dc38b7beb7f83876b2c7b80eb719b3b577f26313,tcc-microservices-experiment-gateway-1,51.82,478779802,536870912,89.18,85,49.2MB / 55MB,41.1MB / 213kB
41,2026-09-10T05:10:15.710878+00:00,83,2026-09-10T05:10:15.341006+00:00,false,microservices,mysql,f151832533a14a6015fddb28f01eb34dffd883fb75c4407ccc97ddca2411a730,tcc-microservices-experiment-mysql-1,24.94,533934899,1073741824,49.73,40,20.2MB / 48.1MB,46.3MB / 120MB
41,2026-09-10T05:10:15.710878+00:00,83,2026-09-10T05:10:15.341006+00:00,false,microservices,order,7d577e95f63ec54963e492ff1180746d87b7a4fa6cfcc4e46a8a0c68c4975565,tcc-microservices-experiment-order-1,0.02,74207724,1073741824,6.91,3,5.31MB / 4.14MB,3.91MB / 77.8kB
41,2026-09-10T05:10:15.710878+00:00,83,2026-09-10T05:10:15.341006+00:00,false,microservices,product,fd3c7a0981e05713c3fc16fa722e74b2b8b680ca69f649f00bca625f0c9756a2,tcc-microservices-experiment-product-1,81.6,84053852,1073741824,7.83,3,54.9MB / 58.4MB,11.8MB / 81.9kB
42,2026-09-10T05:10:16.710884+00:00,85,2026-09-10T05:10:16.340748+00:00,false,microservices,auth,930fb40fc06dc552bb3f95128040eeb13041af46c2b187f08fc6559966ea4b5c,tcc-microservices-experiment-auth-1,0.02,79272346,1073741824,7.38,3,45.1kB / 40.3kB,12MB / 65.5kB
42,2026-09-10T05:10:16.710884+00:00,85,2026-09-10T05:10:16.340748+00:00,false,microservices,gateway,2fe9988bcaa4d1f5335a4143dc38b7beb7f83876b2c7b80eb719b3b577f26313,tcc-microservices-experiment-gateway-1,76.6,480142950,536870912,89.43,85,49.9MB / 55.8MB,41.1MB / 213kB
42,2026-09-10T05:10:16.710884+00:00,85,2026-09-10T05:10:16.340748+00:00,false,microservices,mysql,f151832533a14a6015fddb28f01eb34dffd883fb75c4407ccc97ddca2411a730,tcc-microservices-experiment-mysql-1,30.33,534983475,1073741824,49.82,40,20.4MB / 48.8MB,46.3MB / 120MB
42,2026-09-10T05:10:16.710884+00:00,85,2026-09-10T05:10:16.340748+00:00,false,microservices,order,7d577e95f63ec54963e492ff1180746d87b7a4fa6cfcc4e46a8a0c68c4975565,tcc-microservices-experiment-order-1,0.02,74207724,1073741824,6.91,3,5.31MB / 4.14MB,3.91MB / 77.8kB
42,2026-09-10T05:10:16.710884+00:00,85,2026-09-10T05:10:16.340748+00:00,false,microservices,product,fd3c7a0981e05713c3fc16fa722e74b2b8b680ca69f649f00bca625f0c9756a2,tcc-microservices-experiment-product-1,80.24,83204506,1073741824,7.75,3,55.7MB / 59.3MB,11.8MB / 81.9kB
43,2026-09-10T05:10:17.710886+00:00,87,2026-09-10T05:10:17.340720+00:00,false,microservices,auth,930fb40fc06dc552bb3f95128040eeb13041af46c2b187f08fc6559966ea4b5c,tcc-microservices-experiment-auth-1,0.02,79272346,1073741824,7.38,3,45.1kB / 40.3kB,12MB / 65.5kB
43,2026-09-10T05:10:17.710886+00:00,87,2026-09-10T05:10:17.340720+00:00,false,microservices,gateway,2fe9988bcaa4d1f5335a4143dc38b7beb7f83876b2c7b80eb719b3b577f26313,tcc-microservices-experiment-gateway-1,29.61,480876954,536870912,89.58,85,50.7MB / 56.7MB,41.1MB / 213kB
43,2026-09-10T05:10:17.710886+00:00,87,2026-09-10T05:10:17.340720+00:00,false,microservices,mysql,f151832533a14a6015fddb28f01eb34dffd883fb75c4407ccc97ddca2411a730,tcc-microservices-experiment-mysql-1,25.3,534564045,1073741824,49.78,40,20.7MB / 49.4MB,46.3MB / 120MB
43,2026-09-10T05:10:17.710886+00:00,87,2026-09-10T05:10:17.340720+00:00,false,microservices,order,7d577e95f63ec54963e492ff1180746d87b7a4fa6cfcc4e46a8a0c68c4975565,tcc-microservices-experiment-order-1,0.02,74207724,1073741824,6.91,3,5.31MB / 4.14MB,3.91MB / 77.8kB
43,2026-09-10T05:10:17.710886+00:00,87,2026-09-10T05:10:17.340720+00:00,false,microservices,product,fd3c7a0981e05713c3fc16fa722e74b2b8b680ca69f649f00bca625f0c9756a2,tcc-microservices-experiment-product-1,80.59,83256934,1073741824,7.75,3,56.5MB / 60.2MB,11.8MB / 81.9kB
44,2026-09-10T05:10:18.710898+00:00,89,2026-09-10T05:10:18.341490+00:00,false,microservices,auth,930fb40fc06dc552bb3f95128040eeb13041af46c2b187f08fc6559966ea4b5c,tcc-microservices-experiment-auth-1,0.02,79272346,1073741824,7.38,3,45.1kB / 40.3kB,12MB / 65.5kB
44,2026-09-10T05:10:18.710898+00:00,89,2026-09-10T05:10:18.341490+00:00,false,microservices,gateway,2fe9988bcaa4d1f5335a4143dc38b7beb7f83876b2c7b80eb719b3b577f26313,tcc-microservices-experiment-gateway-1,32.08,480981811,536870912,89.6,85,51.4MB / 57.5MB,41.1MB / 213kB
44,2026-09-10T05:10:18.710898+00:00,89,2026-09-10T05:10:18.341490+00:00,false,microservices,mysql,f151832533a14a6015fddb28f01eb34dffd883fb75c4407ccc97ddca2411a730,tcc-microservices-experiment-mysql-1,29.6,533934899,1073741824,49.73,40,20.9MB / 50.1MB,46.3MB / 120MB
44,2026-09-10T05:10:18.710898+00:00,89,2026-09-10T05:10:18.341490+00:00,false,microservices,order,7d577e95f63ec54963e492ff1180746d87b7a4fa6cfcc4e46a8a0c68c4975565,tcc-microservices-experiment-order-1,0.02,74207724,1073741824,6.91,3,5.31MB / 4.14MB,3.91MB / 77.8kB
44,2026-09-10T05:10:18.710898+00:00,89,2026-09-10T05:10:18.341490+00:00,false,microservices,product,fd3c7a0981e05713c3fc16fa722e74b2b8b680ca69f649f00bca625f0c9756a2,tcc-microservices-experiment-product-1,81.78,83235963,1073741824,7.75,3,57.4MB / 61.1MB,11.8MB / 81.9kB
45,2026-09-10T05:10:19.710854+00:00,91,2026-09-10T05:10:19.340446+00:00,false,microservices,auth,930fb40fc06dc552bb3f95128040eeb13041af46c2b187f08fc6559966ea4b5c,tcc-microservices-experiment-auth-1,0.02,79272346,1073741824,7.38,3,45.1kB / 40.3kB,12MB / 65.5kB
45,2026-09-10T05:10:19.710854+00:00,91,2026-09-10T05:10:19.340446+00:00,false,microservices,gateway,2fe9988bcaa4d1f5335a4143dc38b7beb7f83876b2c7b80eb719b3b577f26313,tcc-microservices-experiment-gateway-1,30.32,480352666,536870912,89.47,85,52.2MB / 58.3MB,41.1MB / 213kB
45,2026-09-10T05:10:19.710854+00:00,91,2026-09-10T05:10:19.340446+00:00,false,microservices,mysql,f151832533a14a6015fddb28f01eb34dffd883fb75c4407ccc97ddca2411a730,tcc-microservices-experiment-mysql-1,26.8,534773760,1073741824,49.8,40,21.1MB / 50.7MB,46.3MB / 120MB
45,2026-09-10T05:10:19.710854+00:00,91,2026-09-10T05:10:19.340446+00:00,false,microservices,order,7d577e95f63ec54963e492ff1180746d87b7a4fa6cfcc4e46a8a0c68c4975565,tcc-microservices-experiment-order-1,0.02,74207724,1073741824,6.91,3,5.31MB / 4.14MB,3.91MB / 77.8kB
45,2026-09-10T05:10:19.710854+00:00,91,2026-09-10T05:10:19.340446+00:00,false,microservices,product,fd3c7a0981e05713c3fc16fa722e74b2b8b680ca69f649f00bca625f0c9756a2,tcc-microservices-experiment-product-1,78.89,83267420,1073741824,7.75,3,58.2MB / 61.9MB,11.8MB / 81.9kB
46,2026-09-10T05:10:20.710897+00:00,93,2026-09-10T05:10:20.341252+00:00,false,microservices,auth,930fb40fc06dc552bb3f95128040eeb13041af46c2b187f08fc6559966ea4b5c,tcc-microservices-experiment-auth-1,0.02,79272346,1073741824,7.38,3,45.1kB / 40.3kB,12MB / 65.5kB
46,2026-09-10T05:10:20.710897+00:00,93,2026-09-10T05:10:20.341252+00:00,false,microservices,gateway,2fe9988bcaa4d1f5335a4143dc38b7beb7f83876b2c7b80eb719b3b577f26313,tcc-microservices-experiment-gateway-1,29.8,480981811,536870912,89.59,85,52.9MB / 59.1MB,41.1MB / 213kB
46,2026-09-10T05:10:20.710897+00:00,93,2026-09-10T05:10:20.341252+00:00,false,microservices,mysql,f151832533a14a6015fddb28f01eb34dffd883fb75c4407ccc97ddca2411a730,tcc-microservices-experiment-mysql-1,29.04,534564045,1073741824,49.79,40,21.4MB / 51.3MB,46.3MB / 120MB
46,2026-09-10T05:10:20.710897+00:00,93,2026-09-10T05:10:20.341252+00:00,false,microservices,order,7d577e95f63ec54963e492ff1180746d87b7a4fa6cfcc4e46a8a0c68c4975565,tcc-microservices-experiment-order-1,0.02,74207724,1073741824,6.91,3,5.31MB / 4.14MB,3.91MB / 77.8kB
46,2026-09-10T05:10:20.710897+00:00,93,2026-09-10T05:10:20.341252+00:00,false,microservices,product,fd3c7a0981e05713c3fc16fa722e74b2b8b680ca69f649f00bca625f0c9756a2,tcc-microservices-experiment-product-1,81.7,83015762,1073741824,7.73,3,59MB / 62.8MB,11.8MB / 81.9kB
47,2026-09-10T05:10:21.710875+00:00,95,2026-09-10T05:10:21.340422+00:00,false,microservices,auth,930fb40fc06dc552bb3f95128040eeb13041af46c2b187f08fc6559966ea4b5c,tcc-microservices-experiment-auth-1,0.02,79272346,1073741824,7.38,3,45.1kB / 40.3kB,12MB / 65.5kB
47,2026-09-10T05:10:21.710875+00:00,95,2026-09-10T05:10:21.340422+00:00,false,microservices,gateway,2fe9988bcaa4d1f5335a4143dc38b7beb7f83876b2c7b80eb719b3b577f26313,tcc-microservices-experiment-gateway-1,29.6,481296384,536870912,89.65,85,53.7MB / 60MB,41.1MB / 213kB
47,2026-09-10T05:10:21.710875+00:00,95,2026-09-10T05:10:21.340422+00:00,false,microservices,mysql,f151832533a14a6015fddb28f01eb34dffd883fb75c4407ccc97ddca2411a730,tcc-microservices-experiment-mysql-1,24.22,534249472,1073741824,49.75,40,21.6MB / 52MB,46.3MB / 120MB
47,2026-09-10T05:10:21.710875+00:00,95,2026-09-10T05:10:21.340422+00:00,false,microservices,order,7d577e95f63ec54963e492ff1180746d87b7a4fa6cfcc4e46a8a0c68c4975565,tcc-microservices-experiment-order-1,0.02,74207724,1073741824,6.91,3,5.31MB / 4.14MB,3.91MB / 77.8kB
47,2026-09-10T05:10:21.710875+00:00,95,2026-09-10T05:10:21.340422+00:00,false,microservices,product,fd3c7a0981e05713c3fc16fa722e74b2b8b680ca69f649f00bca625f0c9756a2,tcc-microservices-experiment-product-1,81.52,83519078,1073741824,7.78,3,59.8MB / 63.7MB,11.8MB / 81.9kB
48,2026-09-10T05:10:22.710883+00:00,97,2026-09-10T05:10:22.341022+00:00,false,microservices,auth,930fb40fc06dc552bb3f95128040eeb13041af46c2b187f08fc6559966ea4b5c,tcc-microservices-experiment-auth-1,0.02,79272346,1073741824,7.38,3,45.1kB / 40.3kB,12MB / 65.5kB
48,2026-09-10T05:10:22.710883+00:00,97,2026-09-10T05:10:22.341022+00:00,false,microservices,gateway,2fe9988bcaa4d1f5335a4143dc38b7beb7f83876b2c7b80eb719b3b577f26313,tcc-microservices-experiment-gateway-1,29.64,480876954,536870912,89.57,85,54.4MB / 60.8MB,41.1MB / 213kB
48,2026-09-10T05:10:22.710883+00:00,97,2026-09-10T05:10:22.341022+00:00,false,microservices,mysql,f151832533a14a6015fddb28f01eb34dffd883fb75c4407ccc97ddca2411a730,tcc-microservices-experiment-mysql-1,27.78,534459187,1073741824,49.78,40,21.9MB / 52.7MB,46.3MB / 120MB
48,2026-09-10T05:10:22.710883+00:00,97,2026-09-10T05:10:22.341022+00:00,false,microservices,order,7d577e95f63ec54963e492ff1180746d87b7a4fa6cfcc4e46a8a0c68c4975565,tcc-microservices-experiment-order-1,0.02,74207724,1073741824,6.91,3,5.31MB / 4.14MB,3.91MB / 77.8kB
48,2026-09-10T05:10:22.710883+00:00,97,2026-09-10T05:10:22.341022+00:00,false,microservices,product,fd3c7a0981e05713c3fc16fa722e74b2b8b680ca69f649f00bca625f0c9756a2,tcc-microservices-experiment-product-1,82.78,82931876,1073741824,7.72,3,60.7MB / 64.6MB,11.8MB / 81.9kB
49,2026-09-10T05:10:23.710863+00:00,99,2026-09-10T05:10:23.341138+00:00,false,microservices,auth,930fb40fc06dc552bb3f95128040eeb13041af46c2b187f08fc6559966ea4b5c,tcc-microservices-experiment-auth-1,0.02,79272346,1073741824,7.38,3,45.1kB / 40.3kB,12MB / 65.5kB
49,2026-09-10T05:10:23.710863+00:00,99,2026-09-10T05:10:23.341138+00:00,false,microservices,gateway,2fe9988bcaa4d1f5335a4143dc38b7beb7f83876b2c7b80eb719b3b577f26313,tcc-microservices-experiment-gateway-1,31.48,480352666,536870912,89.48,85,55.2MB / 61.7MB,41.1MB / 213kB
49,2026-09-10T05:10:23.710863+00:00,99,2026-09-10T05:10:23.341138+00:00,false,microservices,mysql,f151832533a14a6015fddb28f01eb34dffd883fb75c4407ccc97ddca2411a730,tcc-microservices-experiment-mysql-1,24.22,533934899,1073741824,49.73,40,22.1MB / 53.3MB,46.3MB / 120MB
49,2026-09-10T05:10:23.710863+00:00,99,2026-09-10T05:10:23.341138+00:00,false,microservices,order,7d577e95f63ec54963e492ff1180746d87b7a4fa6cfcc4e46a8a0c68c4975565,tcc-microservices-experiment-order-1,0.02,74207724,1073741824,6.91,3,5.31MB / 4.14MB,3.91MB / 77.8kB
49,2026-09-10T05:10:23.710863+00:00,99,2026-09-10T05:10:23.341138+00:00,false,microservices,product,fd3c7a0981e05713c3fc16fa722e74b2b8b680ca69f649f00bca625f0c9756a2,tcc-microservices-experiment-product-1,81.62,83183534,1073741824,7.75,3,61.5MB / 65.5MB,11.8MB / 81.9kB
50,2026-09-10T05:10:24.710858+00:00,101,2026-09-10T05:10:24.340545+00:00,false,microservices,auth,930fb40fc06dc552bb3f95128040eeb13041af46c2b187f08fc6559966ea4b5c,tcc-microservices-experiment-auth-1,0.02,79272346,1073741824,7.38,3,45.1kB / 40.3kB,12MB / 65.5kB
50,2026-09-10T05:10:24.710858+00:00,101,2026-09-10T05:10:24.340545+00:00,false,microservices,gateway,2fe9988bcaa4d1f5335a4143dc38b7beb7f83876b2c7b80eb719b3b577f26313,tcc-microservices-experiment-gateway-1,100.29,482974106,536870912,89.96,85,55.9MB / 62.5MB,41.1MB / 213kB
50,2026-09-10T05:10:24.710858+00:00,101,2026-09-10T05:10:24.340545+00:00,false,microservices,mysql,f151832533a14a6015fddb28f01eb34dffd883fb75c4407ccc97ddca2411a730,tcc-microservices-experiment-mysql-1,28.98,533725184,1073741824,49.71,40,22.3MB / 53.9MB,46.3MB / 120MB
50,2026-09-10T05:10:24.710858+00:00,101,2026-09-10T05:10:24.340545+00:00,false,microservices,order,7d577e95f63ec54963e492ff1180746d87b7a4fa6cfcc4e46a8a0c68c4975565,tcc-microservices-experiment-order-1,0.02,74207724,1073741824,6.91,3,5.31MB / 4.14MB,3.91MB / 77.8kB
50,2026-09-10T05:10:24.710858+00:00,101,2026-09-10T05:10:24.340545+00:00,false,microservices,product,fd3c7a0981e05713c3fc16fa722e74b2b8b680ca69f649f00bca625f0c9756a2,tcc-microservices-experiment-product-1,82.89,83309363,1073741824,7.76,3,62.3MB / 66.4MB,11.8MB / 81.9kB
51,2026-09-10T05:10:25.710891+00:00,103,2026-09-10T05:10:25.340888+00:00,false,microservices,auth,930fb40fc06dc552bb3f95128040eeb13041af46c2b187f08fc6559966ea4b5c,tcc-microservices-experiment-auth-1,0.01,79272346,1073741824,7.38,3,45.2kB / 40.3kB,12MB / 65.5kB
51,2026-09-10T05:10:25.710891+00:00,103,2026-09-10T05:10:25.340888+00:00,false,microservices,gateway,2fe9988bcaa4d1f5335a4143dc38b7beb7f83876b2c7b80eb719b3b577f26313,tcc-microservices-experiment-gateway-1,30.62,482764390,536870912,89.92,76,56.7MB / 63.3MB,41.1MB / 225kB
51,2026-09-10T05:10:25.710891+00:00,103,2026-09-10T05:10:25.340888+00:00,false,microservices,mysql,f151832533a14a6015fddb28f01eb34dffd883fb75c4407ccc97ddca2411a730,tcc-microservices-experiment-mysql-1,23.82,533620326,1073741824,49.7,40,22.6MB / 54.6MB,46.3MB / 120MB
51,2026-09-10T05:10:25.710891+00:00,103,2026-09-10T05:10:25.340888+00:00,false,microservices,order,7d577e95f63ec54963e492ff1180746d87b7a4fa6cfcc4e46a8a0c68c4975565,tcc-microservices-experiment-order-1,0.02,74207724,1073741824,6.91,3,5.31MB / 4.14MB,3.91MB / 77.8kB
51,2026-09-10T05:10:25.710891+00:00,103,2026-09-10T05:10:25.340888+00:00,false,microservices,product,fd3c7a0981e05713c3fc16fa722e74b2b8b680ca69f649f00bca625f0c9756a2,tcc-microservices-experiment-product-1,81.89,83162563,1073741824,7.74,3,63.2MB / 67.3MB,11.8MB / 81.9kB
52,2026-09-10T05:10:26.710892+00:00,105,2026-09-10T05:10:26.340780+00:00,false,microservices,auth,930fb40fc06dc552bb3f95128040eeb13041af46c2b187f08fc6559966ea4b5c,tcc-microservices-experiment-auth-1,0.02,79272346,1073741824,7.38,3,45.2kB / 40.3kB,12MB / 65.5kB
52,2026-09-10T05:10:26.710892+00:00,105,2026-09-10T05:10:26.340780+00:00,false,microservices,gateway,2fe9988bcaa4d1f5335a4143dc38b7beb7f83876b2c7b80eb719b3b577f26313,tcc-microservices-experiment-gateway-1,30.63,482449818,536870912,89.87,76,57.5MB / 64.2MB,41.1MB / 225kB
52,2026-09-10T05:10:26.710892+00:00,105,2026-09-10T05:10:26.340780+00:00,false,microservices,mysql,f151832533a14a6015fddb28f01eb34dffd883fb75c4407ccc97ddca2411a730,tcc-microservices-experiment-mysql-1,29.29,533934899,1073741824,49.73,40,22.8MB / 55.3MB,46.3MB / 120MB
52,2026-09-10T05:10:26.710892+00:00,105,2026-09-10T05:10:26.340780+00:00,false,microservices,order,7d577e95f63ec54963e492ff1180746d87b7a4fa6cfcc4e46a8a0c68c4975565,tcc-microservices-experiment-order-1,0.02,74207724,1073741824,6.91,3,5.31MB / 4.14MB,3.91MB / 77.8kB
52,2026-09-10T05:10:26.710892+00:00,105,2026-09-10T05:10:26.340780+00:00,false,microservices,product,fd3c7a0981e05713c3fc16fa722e74b2b8b680ca69f649f00bca625f0c9756a2,tcc-microservices-experiment-product-1,83.04,83015762,1073741824,7.73,3,64MB / 68.2MB,11.8MB / 81.9kB
53,2026-09-10T05:10:27.710887+00:00,107,2026-09-10T05:10:27.341408+00:00,false,microservices,auth,930fb40fc06dc552bb3f95128040eeb13041af46c2b187f08fc6559966ea4b5c,tcc-microservices-experiment-auth-1,0.02,79272346,1073741824,7.38,3,45.3kB / 40.3kB,12MB / 65.5kB
53,2026-09-10T05:10:27.710887+00:00,107,2026-09-10T05:10:27.341408+00:00,false,microservices,gateway,2fe9988bcaa4d1f5335a4143dc38b7beb7f83876b2c7b80eb719b3b577f26313,tcc-microservices-experiment-gateway-1,30.05,482449818,536870912,89.86,76,58.2MB / 65MB,41.1MB / 225kB
53,2026-09-10T05:10:27.710887+00:00,107,2026-09-10T05:10:27.341408+00:00,false,microservices,mysql,f151832533a14a6015fddb28f01eb34dffd883fb75c4407ccc97ddca2411a730,tcc-microservices-experiment-mysql-1,25.58,534144614,1073741824,49.75,40,23.1MB / 55.9MB,46.3MB / 120MB
53,2026-09-10T05:10:27.710887+00:00,107,2026-09-10T05:10:27.341408+00:00,false,microservices,order,7d577e95f63ec54963e492ff1180746d87b7a4fa6cfcc4e46a8a0c68c4975565,tcc-microservices-experiment-order-1,0.02,74207724,1073741824,6.91,3,5.31MB / 4.14MB,3.91MB / 77.8kB
53,2026-09-10T05:10:27.710887+00:00,107,2026-09-10T05:10:27.341408+00:00,false,microservices,product,fd3c7a0981e05713c3fc16fa722e74b2b8b680ca69f649f00bca625f0c9756a2,tcc-microservices-experiment-product-1,81.07,82722161,1073741824,7.7,3,64.8MB / 69.1MB,11.8MB / 81.9kB
54,2026-09-10T05:10:28.710885+00:00,109,2026-09-10T05:10:28.341564+00:00,false,microservices,auth,930fb40fc06dc552bb3f95128040eeb13041af46c2b187f08fc6559966ea4b5c,tcc-microservices-experiment-auth-1,0.02,79272346,1073741824,7.38,3,45.3kB / 40.3kB,12MB / 65.5kB
54,2026-09-10T05:10:28.710885+00:00,109,2026-09-10T05:10:28.341564+00:00,false,microservices,gateway,2fe9988bcaa4d1f5335a4143dc38b7beb7f83876b2c7b80eb719b3b577f26313,tcc-microservices-experiment-gateway-1,29.29,482869248,536870912,89.93,76,58.9MB / 65.9MB,41.1MB / 225kB
54,2026-09-10T05:10:28.710885+00:00,109,2026-09-10T05:10:28.341564+00:00,false,microservices,mysql,f151832533a14a6015fddb28f01eb34dffd883fb75c4407ccc97ddca2411a730,tcc-microservices-experiment-mysql-1,29.64,534354330,1073741824,49.76,40,23.3MB / 56.5MB,46.3MB / 120MB
54,2026-09-10T05:10:28.710885+00:00,109,2026-09-10T05:10:28.341564+00:00,false,microservices,order,7d577e95f63ec54963e492ff1180746d87b7a4fa6cfcc4e46a8a0c68c4975565,tcc-microservices-experiment-order-1,0.02,74207724,1073741824,6.91,3,5.31MB / 4.14MB,3.91MB / 77.8kB
54,2026-09-10T05:10:28.710885+00:00,109,2026-09-10T05:10:28.341564+00:00,false,microservices,product,fd3c7a0981e05713c3fc16fa722e74b2b8b680ca69f649f00bca625f0c9756a2,tcc-microservices-experiment-product-1,81.96,82659246,1073741824,7.7,3,65.7MB / 69.9MB,11.8MB / 81.9kB
55,2026-09-10T05:10:29.710897+00:00,111,2026-09-10T05:10:29.340965+00:00,false,microservices,auth,930fb40fc06dc552bb3f95128040eeb13041af46c2b187f08fc6559966ea4b5c,tcc-microservices-experiment-auth-1,0.02,79272346,1073741824,7.38,3,45.5kB / 40.3kB,12MB / 65.5kB
55,2026-09-10T05:10:29.710897+00:00,111,2026-09-10T05:10:29.340965+00:00,false,microservices,gateway,2fe9988bcaa4d1f5335a4143dc38b7beb7f83876b2c7b80eb719b3b577f26313,tcc-microservices-experiment-gateway-1,28.89,482764390,536870912,89.93,76,59.7MB / 66.7MB,41.1MB / 225kB
55,2026-09-10T05:10:29.710897+00:00,111,2026-09-10T05:10:29.340965+00:00,false,microservices,mysql,f151832533a14a6015fddb28f01eb34dffd883fb75c4407ccc97ddca2411a730,tcc-microservices-experiment-mysql-1,25.49,533830042,1073741824,49.72,40,23.5MB / 57.2MB,46.3MB / 120MB
55,2026-09-10T05:10:29.710897+00:00,111,2026-09-10T05:10:29.340965+00:00,false,microservices,order,7d577e95f63ec54963e492ff1180746d87b7a4fa6cfcc4e46a8a0c68c4975565,tcc-microservices-experiment-order-1,0.02,74207724,1073741824,6.91,3,5.31MB / 4.14MB,3.91MB / 77.8kB
55,2026-09-10T05:10:29.710897+00:00,111,2026-09-10T05:10:29.340965+00:00,false,microservices,product,fd3c7a0981e05713c3fc16fa722e74b2b8b680ca69f649f00bca625f0c9756a2,tcc-microservices-experiment-product-1,80.32,83078676,1073741824,7.74,3,66.5MB / 70.8MB,11.8MB / 81.9kB
56,2026-09-10T05:10:30.710884+00:00,113,2026-09-10T05:10:30.340928+00:00,false,microservices,auth,930fb40fc06dc552bb3f95128040eeb13041af46c2b187f08fc6559966ea4b5c,tcc-microservices-experiment-auth-1,0.02,79272346,1073741824,7.38,3,45.5kB / 40.3kB,12MB / 65.5kB
56,2026-09-10T05:10:30.710884+00:00,113,2026-09-10T05:10:30.340928+00:00,false,microservices,gateway,2fe9988bcaa4d1f5335a4143dc38b7beb7f83876b2c7b80eb719b3b577f26313,tcc-microservices-experiment-gateway-1,29.55,482764390,536870912,89.92,76,60.4MB / 67.5MB,41.1MB / 225kB
56,2026-09-10T05:10:30.710884+00:00,113,2026-09-10T05:10:30.340928+00:00,false,microservices,mysql,f151832533a14a6015fddb28f01eb34dffd883fb75c4407ccc97ddca2411a730,tcc-microservices-experiment-mysql-1,28.38,534773760,1073741824,49.81,40,23.8MB / 57.8MB,46.3MB / 120MB
56,2026-09-10T05:10:30.710884+00:00,113,2026-09-10T05:10:30.340928+00:00,false,microservices,order,7d577e95f63ec54963e492ff1180746d87b7a4fa6cfcc4e46a8a0c68c4975565,tcc-microservices-experiment-order-1,0.02,74207724,1073741824,6.91,3,5.31MB / 4.14MB,3.91MB / 77.8kB
56,2026-09-10T05:10:30.710884+00:00,113,2026-09-10T05:10:30.340928+00:00,false,microservices,product,fd3c7a0981e05713c3fc16fa722e74b2b8b680ca69f649f00bca625f0c9756a2,tcc-microservices-experiment-product-1,82.48,83015762,1073741824,7.73,3,67.3MB / 71.7MB,11.8MB / 81.9kB
57,2026-09-10T05:10:31.710910+00:00,115,2026-09-10T05:10:31.340993+00:00,false,microservices,auth,930fb40fc06dc552bb3f95128040eeb13041af46c2b187f08fc6559966ea4b5c,tcc-microservices-experiment-auth-1,0.01,79272346,1073741824,7.38,3,45.5kB / 40.3kB,12MB / 65.5kB
57,2026-09-10T05:10:31.710910+00:00,115,2026-09-10T05:10:31.340993+00:00,false,microservices,gateway,2fe9988bcaa4d1f5335a4143dc38b7beb7f83876b2c7b80eb719b3b577f26313,tcc-microservices-experiment-gateway-1,30.54,483078963,536870912,89.99,76,61.2MB / 68.4MB,41.1MB / 225kB
57,2026-09-10T05:10:31.710910+00:00,115,2026-09-10T05:10:31.340993+00:00,false,microservices,mysql,f151832533a14a6015fddb28f01eb34dffd883fb75c4407ccc97ddca2411a730,tcc-microservices-experiment-mysql-1,26.02,534144614,1073741824,49.74,40,24MB / 58.5MB,46.3MB / 120MB
57,2026-09-10T05:10:31.710910+00:00,115,2026-09-10T05:10:31.340993+00:00,false,microservices,order,7d577e95f63ec54963e492ff1180746d87b7a4fa6cfcc4e46a8a0c68c4975565,tcc-microservices-experiment-order-1,0.02,74207724,1073741824,6.91,3,5.31MB / 4.14MB,3.91MB / 77.8kB
57,2026-09-10T05:10:31.710910+00:00,115,2026-09-10T05:10:31.340993+00:00,false,microservices,product,fd3c7a0981e05713c3fc16fa722e74b2b8b680ca69f649f00bca625f0c9756a2,tcc-microservices-experiment-product-1,80.48,82617303,1073741824,7.69,3,68.2MB / 72.6MB,11.8MB / 81.9kB
58,2026-09-10T05:10:32.710880+00:00,117,2026-09-10T05:10:32.340527+00:00,false,microservices,auth,930fb40fc06dc552bb3f95128040eeb13041af46c2b187f08fc6559966ea4b5c,tcc-microservices-experiment-auth-1,0.01,79272346,1073741824,7.38,3,45.5kB / 40.3kB,12MB / 65.5kB
58,2026-09-10T05:10:32.710880+00:00,117,2026-09-10T05:10:32.340527+00:00,false,microservices,gateway,2fe9988bcaa4d1f5335a4143dc38b7beb7f83876b2c7b80eb719b3b577f26313,tcc-microservices-experiment-gateway-1,30.54,483078963,536870912,89.99,76,61.2MB / 68.4MB,41.1MB / 225kB
58,2026-09-10T05:10:32.710880+00:00,117,2026-09-10T05:10:32.340527+00:00,false,microservices,mysql,f151832533a14a6015fddb28f01eb34dffd883fb75c4407ccc97ddca2411a730,tcc-microservices-experiment-mysql-1,26.02,534144614,1073741824,49.74,40,24MB / 58.5MB,46.3MB / 120MB
58,2026-09-10T05:10:32.710880+00:00,117,2026-09-10T05:10:32.340527+00:00,false,microservices,order,7d577e95f63ec54963e492ff1180746d87b7a4fa6cfcc4e46a8a0c68c4975565,tcc-microservices-experiment-order-1,0.02,74207724,1073741824,6.91,3,5.31MB / 4.14MB,3.91MB / 77.8kB
58,2026-09-10T05:10:32.710880+00:00,117,2026-09-10T05:10:32.340527+00:00,false,microservices,product,fd3c7a0981e05713c3fc16fa722e74b2b8b680ca69f649f00bca625f0c9756a2,tcc-microservices-experiment-product-1,80.48,82617303,1073741824,7.69,3,68.2MB / 72.6MB,11.8MB / 81.9kB
59,2026-09-10T05:10:33.710882+00:00,119,2026-09-10T05:10:33.340484+00:00,false,microservices,auth,930fb40fc06dc552bb3f95128040eeb13041af46c2b187f08fc6559966ea4b5c,tcc-microservices-experiment-auth-1,0.02,79272346,1073741824,7.38,3,45.5kB / 40.3kB,12MB / 65.5kB
59,2026-09-10T05:10:33.710882+00:00,119,2026-09-10T05:10:33.340484+00:00,false,microservices,gateway,2fe9988bcaa4d1f5335a4143dc38b7beb7f83876b2c7b80eb719b3b577f26313,tcc-microservices-experiment-gateway-1,44.56,482554675,536870912,89.88,76,62MB / 69.3MB,41.1MB / 225kB
59,2026-09-10T05:10:33.710882+00:00,119,2026-09-10T05:10:33.340484+00:00,false,microservices,mysql,f151832533a14a6015fddb28f01eb34dffd883fb75c4407ccc97ddca2411a730,tcc-microservices-experiment-mysql-1,29.13,533725184,1073741824,49.71,40,24.3MB / 59.2MB,46.3MB / 120MB
59,2026-09-10T05:10:33.710882+00:00,119,2026-09-10T05:10:33.340484+00:00,false,microservices,order,7d577e95f63ec54963e492ff1180746d87b7a4fa6cfcc4e46a8a0c68c4975565,tcc-microservices-experiment-order-1,0.02,74207724,1073741824,6.91,3,5.31MB / 4.14MB,3.91MB / 77.8kB
59,2026-09-10T05:10:33.710882+00:00,119,2026-09-10T05:10:33.340484+00:00,false,microservices,product,fd3c7a0981e05713c3fc16fa722e74b2b8b680ca69f649f00bca625f0c9756a2,tcc-microservices-experiment-product-1,81.55,82480988,1073741824,7.68,3,69MB / 73.5MB,11.8MB / 81.9kB
60,2026-09-10T05:10:34.710871+00:00,121,2026-09-10T05:10:34.340545+00:00,false,microservices,auth,930fb40fc06dc552bb3f95128040eeb13041af46c2b187f08fc6559966ea4b5c,tcc-microservices-experiment-auth-1,0.02,79272346,1073741824,7.38,3,45.5kB / 40.3kB,12MB / 65.5kB
60,2026-09-10T05:10:34.710871+00:00,121,2026-09-10T05:10:34.340545+00:00,false,microservices,gateway,2fe9988bcaa4d1f5335a4143dc38b7beb7f83876b2c7b80eb719b3b577f26313,tcc-microservices-experiment-gateway-1,28.29,483393536,536870912,90.04,76,62.7MB / 70.1MB,41.1MB / 225kB
60,2026-09-10T05:10:34.710871+00:00,121,2026-09-10T05:10:34.340545+00:00,false,microservices,mysql,f151832533a14a6015fddb28f01eb34dffd883fb75c4407ccc97ddca2411a730,tcc-microservices-experiment-mysql-1,26.67,534039757,1073741824,49.73,40,24.5MB / 59.8MB,46.3MB / 120MB
60,2026-09-10T05:10:34.710871+00:00,121,2026-09-10T05:10:34.340545+00:00,false,microservices,order,7d577e95f63ec54963e492ff1180746d87b7a4fa6cfcc4e46a8a0c68c4975565,tcc-microservices-experiment-order-1,0.02,74207724,1073741824,6.91,3,5.31MB / 4.14MB,3.91MB / 77.8kB
60,2026-09-10T05:10:34.710871+00:00,121,2026-09-10T05:10:34.340545+00:00,false,microservices,product,fd3c7a0981e05713c3fc16fa722e74b2b8b680ca69f649f00bca625f0c9756a2,tcc-microservices-experiment-product-1,79.26,83403735,1073741824,7.77,3,69.8MB / 74.4MB,11.8MB / 81.9kB
61,2026-09-10T05:10:35.710888+00:00,123,2026-09-10T05:10:35.341360+00:00,false,microservices,auth,930fb40fc06dc552bb3f95128040eeb13041af46c2b187f08fc6559966ea4b5c,tcc-microservices-experiment-auth-1,0.02,79272346,1073741824,7.38,3,45.5kB / 40.3kB,12MB / 65.5kB
61,2026-09-10T05:10:35.710888+00:00,123,2026-09-10T05:10:35.341360+00:00,false,microservices,gateway,2fe9988bcaa4d1f5335a4143dc38b7beb7f83876b2c7b80eb719b3b577f26313,tcc-microservices-experiment-gateway-1,27.05,482764390,536870912,89.92,76,63.5MB / 70.9MB,41.1MB / 225kB
61,2026-09-10T05:10:35.710888+00:00,123,2026-09-10T05:10:35.341360+00:00,false,microservices,mysql,f151832533a14a6015fddb28f01eb34dffd883fb75c4407ccc97ddca2411a730,tcc-microservices-experiment-mysql-1,31.0,534354330,1073741824,49.77,40,24.7MB / 60.4MB,46.3MB / 120MB
61,2026-09-10T05:10:35.710888+00:00,123,2026-09-10T05:10:35.341360+00:00,false,microservices,order,7d577e95f63ec54963e492ff1180746d87b7a4fa6cfcc4e46a8a0c68c4975565,tcc-microservices-experiment-order-1,0.02,74207724,1073741824,6.91,3,5.31MB / 4.14MB,3.91MB / 77.8kB
61,2026-09-10T05:10:35.710888+00:00,123,2026-09-10T05:10:35.341360+00:00,false,microservices,product,fd3c7a0981e05713c3fc16fa722e74b2b8b680ca69f649f00bca625f0c9756a2,tcc-microservices-experiment-product-1,79.55,82638275,1073741824,7.7,3,70.7MB / 75.3MB,11.8MB / 81.9kB
62,2026-09-10T05:10:36.710857+00:00,125,2026-09-10T05:10:36.341461+00:00,false,microservices,auth,930fb40fc06dc552bb3f95128040eeb13041af46c2b187f08fc6559966ea4b5c,tcc-microservices-experiment-auth-1,0.02,79272346,1073741824,7.38,3,45.5kB / 40.3kB,12MB / 65.5kB
62,2026-09-10T05:10:36.710857+00:00,125,2026-09-10T05:10:36.341461+00:00,false,microservices,gateway,2fe9988bcaa4d1f5335a4143dc38b7beb7f83876b2c7b80eb719b3b577f26313,tcc-microservices-experiment-gateway-1,28.33,482764390,536870912,89.92,76,64.2MB / 71.7MB,41.1MB / 225kB
62,2026-09-10T05:10:36.710857+00:00,125,2026-09-10T05:10:36.341461+00:00,false,microservices,mysql,f151832533a14a6015fddb28f01eb34dffd883fb75c4407ccc97ddca2411a730,tcc-microservices-experiment-mysql-1,25.26,533934899,1073741824,49.73,40,25MB / 61.1MB,46.3MB / 120MB
62,2026-09-10T05:10:36.710857+00:00,125,2026-09-10T05:10:36.341461+00:00,false,microservices,order,7d577e95f63ec54963e492ff1180746d87b7a4fa6cfcc4e46a8a0c68c4975565,tcc-microservices-experiment-order-1,0.01,74207724,1073741824,6.91,3,5.31MB / 4.14MB,3.91MB / 77.8kB
62,2026-09-10T05:10:36.710857+00:00,125,2026-09-10T05:10:36.341461+00:00,false,microservices,product,fd3c7a0981e05713c3fc16fa722e74b2b8b680ca69f649f00bca625f0c9756a2,tcc-microservices-experiment-product-1,79.89,82627789,1073741824,7.7,3,71.5MB / 76.2MB,11.8MB / 81.9kB
63,2026-09-10T05:10:37.710878+00:00,127,2026-09-10T05:10:37.341424+00:00,false,microservices,auth,930fb40fc06dc552bb3f95128040eeb13041af46c2b187f08fc6559966ea4b5c,tcc-microservices-experiment-auth-1,0.02,79272346,1073741824,7.38,3,45.5kB / 40.3kB,12MB / 65.5kB
63,2026-09-10T05:10:37.710878+00:00,127,2026-09-10T05:10:37.341424+00:00,false,microservices,gateway,2fe9988bcaa4d1f5335a4143dc38b7beb7f83876b2c7b80eb719b3b577f26313,tcc-microservices-experiment-gateway-1,28.11,482449818,536870912,89.87,76,65MB / 72.6MB,41.1MB / 225kB
63,2026-09-10T05:10:37.710878+00:00,127,2026-09-10T05:10:37.341424+00:00,false,microservices,mysql,f151832533a14a6015fddb28f01eb34dffd883fb75c4407ccc97ddca2411a730,tcc-microservices-experiment-mysql-1,30.32,534668902,1073741824,49.79,40,25.2MB / 61.7MB,46.3MB / 120MB
63,2026-09-10T05:10:37.710878+00:00,127,2026-09-10T05:10:37.341424+00:00,false,microservices,order,7d577e95f63ec54963e492ff1180746d87b7a4fa6cfcc4e46a8a0c68c4975565,tcc-microservices-experiment-order-1,0.02,74207724,1073741824,6.91,3,5.31MB / 4.14MB,3.91MB / 77.8kB
63,2026-09-10T05:10:37.710878+00:00,127,2026-09-10T05:10:37.341424+00:00,false,microservices,product,fd3c7a0981e05713c3fc16fa722e74b2b8b680ca69f649f00bca625f0c9756a2,tcc-microservices-experiment-product-1,79.51,82648760,1073741824,7.7,3,72.3MB / 77MB,11.8MB / 81.9kB
64,2026-09-10T05:10:38.710893+00:00,129,2026-09-10T05:10:38.342345+00:00,false,microservices,auth,930fb40fc06dc552bb3f95128040eeb13041af46c2b187f08fc6559966ea4b5c,tcc-microservices-experiment-auth-1,0.02,79272346,1073741824,7.38,3,45.5kB / 40.3kB,12MB / 65.5kB
64,2026-09-10T05:10:38.710893+00:00,129,2026-09-10T05:10:38.342345+00:00,false,microservices,gateway,2fe9988bcaa4d1f5335a4143dc38b7beb7f83876b2c7b80eb719b3b577f26313,tcc-microservices-experiment-gateway-1,32.55,482554675,536870912,89.89,76,65.7MB / 73.4MB,41.1MB / 225kB
64,2026-09-10T05:10:38.710893+00:00,129,2026-09-10T05:10:38.342345+00:00,false,microservices,mysql,f151832533a14a6015fddb28f01eb34dffd883fb75c4407ccc97ddca2411a730,tcc-microservices-experiment-mysql-1,25.49,534249472,1073741824,49.76,40,25.5MB / 62.4MB,46.3MB / 120MB
64,2026-09-10T05:10:38.710893+00:00,129,2026-09-10T05:10:38.342345+00:00,false,microservices,order,7d577e95f63ec54963e492ff1180746d87b7a4fa6cfcc4e46a8a0c68c4975565,tcc-microservices-experiment-order-1,0.02,74207724,1073741824,6.91,3,5.31MB / 4.14MB,3.91MB / 77.8kB
64,2026-09-10T05:10:38.710893+00:00,129,2026-09-10T05:10:38.342345+00:00,false,microservices,product,fd3c7a0981e05713c3fc16fa722e74b2b8b680ca69f649f00bca625f0c9756a2,tcc-microservices-experiment-product-1,80.18,82669732,1073741824,7.7,3,73.1MB / 77.9MB,11.8MB / 81.9kB
65,2026-09-10T05:10:39.710881+00:00,131,2026-09-10T05:10:39.342439+00:00,false,microservices,auth,930fb40fc06dc552bb3f95128040eeb13041af46c2b187f08fc6559966ea4b5c,tcc-microservices-experiment-auth-1,0.02,79272346,1073741824,7.38,3,45.5kB / 40.3kB,12MB / 65.5kB
65,2026-09-10T05:10:39.710881+00:00,131,2026-09-10T05:10:39.342439+00:00,false,microservices,gateway,2fe9988bcaa4d1f5335a4143dc38b7beb7f83876b2c7b80eb719b3b577f26313,tcc-microservices-experiment-gateway-1,30.17,482764390,536870912,89.92,76,66.5MB / 74.3MB,41.1MB / 225kB
65,2026-09-10T05:10:39.710881+00:00,131,2026-09-10T05:10:39.342439+00:00,false,microservices,mysql,f151832533a14a6015fddb28f01eb34dffd883fb75c4407ccc97ddca2411a730,tcc-microservices-experiment-mysql-1,28.65,534039757,1073741824,49.74,40,25.7MB / 63MB,46.3MB / 120MB
65,2026-09-10T05:10:39.710881+00:00,131,2026-09-10T05:10:39.342439+00:00,false,microservices,order,7d577e95f63ec54963e492ff1180746d87b7a4fa6cfcc4e46a8a0c68c4975565,tcc-microservices-experiment-order-1,0.02,74207724,1073741824,6.91,3,5.31MB / 4.14MB,3.91MB / 77.8kB
65,2026-09-10T05:10:39.710881+00:00,131,2026-09-10T05:10:39.342439+00:00,false,microservices,product,fd3c7a0981e05713c3fc16fa722e74b2b8b680ca69f649f00bca625f0c9756a2,tcc-microservices-experiment-product-1,81.94,82743132,1073741824,7.71,3,74MB / 78.9MB,11.8MB / 81.9kB
66,2026-09-10T05:10:40.710859+00:00,133,2026-09-10T05:10:40.342264+00:00,false,microservices,auth,930fb40fc06dc552bb3f95128040eeb13041af46c2b187f08fc6559966ea4b5c,tcc-microservices-experiment-auth-1,0.02,79272346,1073741824,7.38,3,45.5kB / 40.3kB,12MB / 65.5kB
66,2026-09-10T05:10:40.710859+00:00,133,2026-09-10T05:10:40.342264+00:00,false,microservices,gateway,2fe9988bcaa4d1f5335a4143dc38b7beb7f83876b2c7b80eb719b3b577f26313,tcc-microservices-experiment-gateway-1,29.33,482240102,536870912,89.83,76,67.3MB / 75.1MB,41.1MB / 225kB
66,2026-09-10T05:10:40.710859+00:00,133,2026-09-10T05:10:40.342264+00:00,false,microservices,mysql,f151832533a14a6015fddb28f01eb34dffd883fb75c4407ccc97ddca2411a730,tcc-microservices-experiment-mysql-1,24.5,534039757,1073741824,49.74,40,26MB / 63.7MB,46.3MB / 120MB
66,2026-09-10T05:10:40.710859+00:00,133,2026-09-10T05:10:40.342264+00:00,false,microservices,order,7d577e95f63ec54963e492ff1180746d87b7a4fa6cfcc4e46a8a0c68c4975565,tcc-microservices-experiment-order-1,0.02,74207724,1073741824,6.91,3,5.31MB / 4.14MB,3.91MB / 77.8kB
66,2026-09-10T05:10:40.710859+00:00,133,2026-09-10T05:10:40.342264+00:00,false,microservices,product,fd3c7a0981e05713c3fc16fa722e74b2b8b680ca69f649f00bca625f0c9756a2,tcc-microservices-experiment-product-1,82.08,82585846,1073741824,7.69,3,74.8MB / 79.7MB,11.8MB / 81.9kB
67,2026-09-10T05:10:41.710891+00:00,135,2026-09-10T05:10:41.341216+00:00,false,microservices,auth,930fb40fc06dc552bb3f95128040eeb13041af46c2b187f08fc6559966ea4b5c,tcc-microservices-experiment-auth-1,0.02,79272346,1073741824,7.38,3,45.5kB / 40.3kB,12MB / 65.5kB
67,2026-09-10T05:10:41.710891+00:00,135,2026-09-10T05:10:41.341216+00:00,false,microservices,gateway,2fe9988bcaa4d1f5335a4143dc38b7beb7f83876b2c7b80eb719b3b577f26313,tcc-microservices-experiment-gateway-1,30.61,482449818,536870912,89.86,76,68MB / 76MB,41.1MB / 238kB
67,2026-09-10T05:10:41.710891+00:00,135,2026-09-10T05:10:41.341216+00:00,false,microservices,mysql,f151832533a14a6015fddb28f01eb34dffd883fb75c4407ccc97ddca2411a730,tcc-microservices-experiment-mysql-1,28.3,534668902,1073741824,49.79,40,26.2MB / 64.4MB,46.3MB / 120MB
67,2026-09-10T05:10:41.710891+00:00,135,2026-09-10T05:10:41.341216+00:00,false,microservices,order,7d577e95f63ec54963e492ff1180746d87b7a4fa6cfcc4e46a8a0c68c4975565,tcc-microservices-experiment-order-1,0.02,74207724,1073741824,6.91,3,5.31MB / 4.14MB,3.91MB / 77.8kB
67,2026-09-10T05:10:41.710891+00:00,135,2026-09-10T05:10:41.341216+00:00,false,microservices,product,fd3c7a0981e05713c3fc16fa722e74b2b8b680ca69f649f00bca625f0c9756a2,tcc-microservices-experiment-product-1,81.86,82785075,1073741824,7.71,3,75.7MB / 80.7MB,11.8MB / 81.9kB
68,2026-09-10T05:10:42.710892+00:00,137,2026-09-10T05:10:42.341541+00:00,false,microservices,auth,930fb40fc06dc552bb3f95128040eeb13041af46c2b187f08fc6559966ea4b5c,tcc-microservices-experiment-auth-1,0.03,79272346,1073741824,7.38,3,45.5kB / 40.3kB,12MB / 65.5kB
68,2026-09-10T05:10:42.710892+00:00,137,2026-09-10T05:10:42.341541+00:00,false,microservices,gateway,2fe9988bcaa4d1f5335a4143dc38b7beb7f83876b2c7b80eb719b3b577f26313,tcc-microservices-experiment-gateway-1,29.17,482344960,536870912,89.84,76,68.8MB / 76.8MB,41.1MB / 238kB
68,2026-09-10T05:10:42.710892+00:00,137,2026-09-10T05:10:42.341541+00:00,false,microservices,mysql,f151832533a14a6015fddb28f01eb34dffd883fb75c4407ccc97ddca2411a730,tcc-microservices-experiment-mysql-1,24.5,534564045,1073741824,49.78,40,26.4MB / 65MB,46.3MB / 120MB
68,2026-09-10T05:10:42.710892+00:00,137,2026-09-10T05:10:42.341541+00:00,false,microservices,order,7d577e95f63ec54963e492ff1180746d87b7a4fa6cfcc4e46a8a0c68c4975565,tcc-microservices-experiment-order-1,0.02,74207724,1073741824,6.91,3,5.31MB / 4.14MB,3.91MB / 77.8kB
68,2026-09-10T05:10:42.710892+00:00,137,2026-09-10T05:10:42.341541+00:00,false,microservices,product,fd3c7a0981e05713c3fc16fa722e74b2b8b680ca69f649f00bca625f0c9756a2,tcc-microservices-experiment-product-1,81.9,82795561,1073741824,7.71,3,76.5MB / 81.6MB,11.8MB / 1.34MB
69,2026-09-10T05:10:43.710874+00:00,139,2026-09-10T05:10:43.342913+00:00,false,microservices,auth,930fb40fc06dc552bb3f95128040eeb13041af46c2b187f08fc6559966ea4b5c,tcc-microservices-experiment-auth-1,0.02,79272346,1073741824,7.38,3,45.5kB / 40.3kB,12MB / 65.5kB
69,2026-09-10T05:10:43.710874+00:00,139,2026-09-10T05:10:43.342913+00:00,false,microservices,gateway,2fe9988bcaa4d1f5335a4143dc38b7beb7f83876b2c7b80eb719b3b577f26313,tcc-microservices-experiment-gateway-1,33.47,483078963,536870912,89.97,76,69.5MB / 77.7MB,41.1MB / 238kB
69,2026-09-10T05:10:43.710874+00:00,139,2026-09-10T05:10:43.342913+00:00,false,microservices,mysql,f151832533a14a6015fddb28f01eb34dffd883fb75c4407ccc97ddca2411a730,tcc-microservices-experiment-mysql-1,28.78,534144614,1073741824,49.75,40,26.7MB / 65.7MB,46.3MB / 120MB
69,2026-09-10T05:10:43.710874+00:00,139,2026-09-10T05:10:43.342913+00:00,false,microservices,order,7d577e95f63ec54963e492ff1180746d87b7a4fa6cfcc4e46a8a0c68c4975565,tcc-microservices-experiment-order-1,0.02,74207724,1073741824,6.91,3,5.31MB / 4.14MB,3.91MB / 77.8kB
69,2026-09-10T05:10:43.710874+00:00,139,2026-09-10T05:10:43.342913+00:00,false,microservices,product,fd3c7a0981e05713c3fc16fa722e74b2b8b680ca69f649f00bca625f0c9756a2,tcc-microservices-experiment-product-1,82.42,83026248,1073741824,7.73,3,77.4MB / 82.4MB,11.8MB / 1.34MB
70,2026-09-10T05:10:44.710884+00:00,141,2026-09-10T05:10:44.341353+00:00,false,microservices,auth,930fb40fc06dc552bb3f95128040eeb13041af46c2b187f08fc6559966ea4b5c,tcc-microservices-experiment-auth-1,0.02,79272346,1073741824,7.38,3,45.5kB / 40.3kB,12MB / 65.5kB
70,2026-09-10T05:10:44.710884+00:00,141,2026-09-10T05:10:44.341353+00:00,false,microservices,gateway,2fe9988bcaa4d1f5335a4143dc38b7beb7f83876b2c7b80eb719b3b577f26313,tcc-microservices-experiment-gateway-1,29.78,482240102,536870912,89.82,76,70.3MB / 78.5MB,41.1MB / 238kB
70,2026-09-10T05:10:44.710884+00:00,141,2026-09-10T05:10:44.341353+00:00,false,microservices,mysql,f151832533a14a6015fddb28f01eb34dffd883fb75c4407ccc97ddca2411a730,tcc-microservices-experiment-mysql-1,24.2,534144614,1073741824,49.74,40,26.9MB / 66.3MB,46.3MB / 120MB
70,2026-09-10T05:10:44.710884+00:00,141,2026-09-10T05:10:44.341353+00:00,false,microservices,order,7d577e95f63ec54963e492ff1180746d87b7a4fa6cfcc4e46a8a0c68c4975565,tcc-microservices-experiment-order-1,0.02,74207724,1073741824,6.91,3,5.31MB / 4.14MB,3.91MB / 77.8kB
70,2026-09-10T05:10:44.710884+00:00,141,2026-09-10T05:10:44.341353+00:00,false,microservices,product,fd3c7a0981e05713c3fc16fa722e74b2b8b680ca69f649f00bca625f0c9756a2,tcc-microservices-experiment-product-1,81.76,83959480,1073741824,7.82,3,78.2MB / 83.3MB,11.8MB / 1.34MB
71,2026-09-10T05:10:45.710884+00:00,143,2026-09-10T05:10:45.341338+00:00,false,microservices,auth,930fb40fc06dc552bb3f95128040eeb13041af46c2b187f08fc6559966ea4b5c,tcc-microservices-experiment-auth-1,0.02,79272346,1073741824,7.38,3,45.5kB / 40.3kB,12MB / 65.5kB
71,2026-09-10T05:10:45.710884+00:00,143,2026-09-10T05:10:45.341338+00:00,false,microservices,gateway,2fe9988bcaa4d1f5335a4143dc38b7beb7f83876b2c7b80eb719b3b577f26313,tcc-microservices-experiment-gateway-1,30.02,482764390,536870912,89.92,76,71MB / 79.4MB,41.1MB / 238kB
71,2026-09-10T05:10:45.710884+00:00,143,2026-09-10T05:10:45.341338+00:00,false,microservices,mysql,f151832533a14a6015fddb28f01eb34dffd883fb75c4407ccc97ddca2411a730,tcc-microservices-experiment-mysql-1,28.33,534564045,1073741824,49.79,40,27.2MB / 67MB,46.3MB / 120MB
71,2026-09-10T05:10:45.710884+00:00,143,2026-09-10T05:10:45.341338+00:00,false,microservices,order,7d577e95f63ec54963e492ff1180746d87b7a4fa6cfcc4e46a8a0c68c4975565,tcc-microservices-experiment-order-1,0.02,74207724,1073741824,6.91,3,5.31MB / 4.14MB,3.91MB / 77.8kB
71,2026-09-10T05:10:45.710884+00:00,143,2026-09-10T05:10:45.341338+00:00,false,microservices,product,fd3c7a0981e05713c3fc16fa722e74b2b8b680ca69f649f00bca625f0c9756a2,tcc-microservices-experiment-product-1,81.49,83152077,1073741824,7.74,3,79MB / 84.2MB,11.8MB / 1.34MB
72,2026-09-10T05:10:46.710891+00:00,145,2026-09-10T05:10:46.341431+00:00,false,microservices,auth,930fb40fc06dc552bb3f95128040eeb13041af46c2b187f08fc6559966ea4b5c,tcc-microservices-experiment-auth-1,0.02,79272346,1073741824,7.38,3,45.5kB / 40.3kB,12MB / 65.5kB
72,2026-09-10T05:10:46.710891+00:00,145,2026-09-10T05:10:46.341431+00:00,false,microservices,gateway,2fe9988bcaa4d1f5335a4143dc38b7beb7f83876b2c7b80eb719b3b577f26313,tcc-microservices-experiment-gateway-1,30.98,482764390,536870912,89.91,76,71.8MB / 80.2MB,41.1MB / 238kB
72,2026-09-10T05:10:46.710891+00:00,145,2026-09-10T05:10:46.341431+00:00,false,microservices,mysql,f151832533a14a6015fddb28f01eb34dffd883fb75c4407ccc97ddca2411a730,tcc-microservices-experiment-mysql-1,24.03,534668902,1073741824,49.8,40,27.4MB / 67.6MB,46.3MB / 120MB
72,2026-09-10T05:10:46.710891+00:00,145,2026-09-10T05:10:46.341431+00:00,false,microservices,order,7d577e95f63ec54963e492ff1180746d87b7a4fa6cfcc4e46a8a0c68c4975565,tcc-microservices-experiment-order-1,0.02,74207724,1073741824,6.91,3,5.31MB / 4.14MB,3.91MB / 77.8kB
72,2026-09-10T05:10:46.710891+00:00,145,2026-09-10T05:10:46.341431+00:00,false,microservices,product,fd3c7a0981e05713c3fc16fa722e74b2b8b680ca69f649f00bca625f0c9756a2,tcc-microservices-experiment-product-1,82.63,82386616,1073741824,7.67,3,79.9MB / 85.1MB,11.8MB / 1.34MB
73,2026-09-10T05:10:47.710850+00:00,147,2026-09-10T05:10:47.342112+00:00,false,microservices,auth,930fb40fc06dc552bb3f95128040eeb13041af46c2b187f08fc6559966ea4b5c,tcc-microservices-experiment-auth-1,0.02,79272346,1073741824,7.38,3,45.5kB / 40.3kB,12MB / 65.5kB
73,2026-09-10T05:10:47.710850+00:00,147,2026-09-10T05:10:47.342112+00:00,false,microservices,gateway,2fe9988bcaa4d1f5335a4143dc38b7beb7f83876b2c7b80eb719b3b577f26313,tcc-microservices-experiment-gateway-1,29.74,483078963,536870912,89.97,76,72.6MB / 81.1MB,41.1MB / 238kB
73,2026-09-10T05:10:47.710850+00:00,147,2026-09-10T05:10:47.342112+00:00,false,microservices,mysql,f151832533a14a6015fddb28f01eb34dffd883fb75c4407ccc97ddca2411a730,tcc-microservices-experiment-mysql-1,28.88,534459187,1073741824,49.78,40,27.6MB / 68.3MB,46.3MB / 120MB
73,2026-09-10T05:10:47.710850+00:00,147,2026-09-10T05:10:47.342112+00:00,false,microservices,order,7d577e95f63ec54963e492ff1180746d87b7a4fa6cfcc4e46a8a0c68c4975565,tcc-microservices-experiment-order-1,0.02,74207724,1073741824,6.91,3,5.31MB / 4.14MB,3.91MB / 77.8kB
73,2026-09-10T05:10:47.710850+00:00,147,2026-09-10T05:10:47.342112+00:00,false,microservices,product,fd3c7a0981e05713c3fc16fa722e74b2b8b680ca69f649f00bca625f0c9756a2,tcc-microservices-experiment-product-1,81.75,82879447,1073741824,7.72,3,80.7MB / 86MB,11.8MB / 1.34MB
74,2026-09-10T05:10:48.710888+00:00,149,2026-09-10T05:10:48.341442+00:00,false,microservices,auth,930fb40fc06dc552bb3f95128040eeb13041af46c2b187f08fc6559966ea4b5c,tcc-microservices-experiment-auth-1,0.01,79272346,1073741824,7.38,3,45.5kB / 40.3kB,12MB / 65.5kB
74,2026-09-10T05:10:48.710888+00:00,149,2026-09-10T05:10:48.341442+00:00,false,microservices,gateway,2fe9988bcaa4d1f5335a4143dc38b7beb7f83876b2c7b80eb719b3b577f26313,tcc-microservices-experiment-gateway-1,29.04,482344960,536870912,89.84,76,73.3MB / 81.9MB,41.1MB / 238kB
74,2026-09-10T05:10:48.710888+00:00,149,2026-09-10T05:10:48.341442+00:00,false,microservices,mysql,f151832533a14a6015fddb28f01eb34dffd883fb75c4407ccc97ddca2411a730,tcc-microservices-experiment-mysql-1,24.18,534039757,1073741824,49.74,40,27.9MB / 68.9MB,46.3MB / 120MB
74,2026-09-10T05:10:48.710888+00:00,149,2026-09-10T05:10:48.341442+00:00,false,microservices,order,7d577e95f63ec54963e492ff1180746d87b7a4fa6cfcc4e46a8a0c68c4975565,tcc-microservices-experiment-order-1,0.02,74207724,1073741824,6.91,3,5.31MB / 4.14MB,3.91MB / 77.8kB
74,2026-09-10T05:10:48.710888+00:00,149,2026-09-10T05:10:48.341442+00:00,false,microservices,product,fd3c7a0981e05713c3fc16fa722e74b2b8b680ca69f649f00bca625f0c9756a2,tcc-microservices-experiment-product-1,81.67,82533417,1073741824,7.69,3,81.5MB / 86.9MB,11.8MB / 1.34MB
75,2026-09-10T05:10:49.710888+00:00,151,2026-09-10T05:10:49.342041+00:00,false,microservices,auth,930fb40fc06dc552bb3f95128040eeb13041af46c2b187f08fc6559966ea4b5c,tcc-microservices-experiment-auth-1,0.02,79272346,1073741824,7.38,3,45.5kB / 40.3kB,12MB / 65.5kB
75,2026-09-10T05:10:49.710888+00:00,151,2026-09-10T05:10:49.342041+00:00,false,microservices,gateway,2fe9988bcaa4d1f5335a4143dc38b7beb7f83876b2c7b80eb719b3b577f26313,tcc-microservices-experiment-gateway-1,31.42,482869248,536870912,89.95,76,74.1MB / 82.7MB,41.1MB / 238kB
75,2026-09-10T05:10:49.710888+00:00,151,2026-09-10T05:10:49.342041+00:00,false,microservices,mysql,f151832533a14a6015fddb28f01eb34dffd883fb75c4407ccc97ddca2411a730,tcc-microservices-experiment-mysql-1,28.75,534564045,1073741824,49.79,40,28.1MB / 69.6MB,46.3MB / 120MB
75,2026-09-10T05:10:49.710888+00:00,151,2026-09-10T05:10:49.342041+00:00,false,microservices,order,7d577e95f63ec54963e492ff1180746d87b7a4fa6cfcc4e46a8a0c68c4975565,tcc-microservices-experiment-order-1,0.02,74207724,1073741824,6.91,3,5.31MB / 4.14MB,3.91MB / 77.8kB
75,2026-09-10T05:10:49.710888+00:00,151,2026-09-10T05:10:49.342041+00:00,false,microservices,product,fd3c7a0981e05713c3fc16fa722e74b2b8b680ca69f649f00bca625f0c9756a2,tcc-microservices-experiment-product-1,82.34,83089162,1073741824,7.74,3,82.4MB / 87.8MB,11.8MB / 1.34MB
76,2026-09-10T05:10:50.710889+00:00,153,2026-09-10T05:10:50.341394+00:00,false,microservices,auth,930fb40fc06dc552bb3f95128040eeb13041af46c2b187f08fc6559966ea4b5c,tcc-microservices-experiment-auth-1,0.02,79272346,1073741824,7.38,3,45.5kB / 40.3kB,12MB / 65.5kB
76,2026-09-10T05:10:50.710889+00:00,153,2026-09-10T05:10:50.341394+00:00,false,microservices,gateway,2fe9988bcaa4d1f5335a4143dc38b7beb7f83876b2c7b80eb719b3b577f26313,tcc-microservices-experiment-gateway-1,30.3,482554675,536870912,89.89,76,74.8MB / 83.6MB,41.1MB / 238kB
76,2026-09-10T05:10:50.710889+00:00,153,2026-09-10T05:10:50.341394+00:00,false,microservices,mysql,f151832533a14a6015fddb28f01eb34dffd883fb75c4407ccc97ddca2411a730,tcc-microservices-experiment-mysql-1,24.0,534354330,1073741824,49.77,40,28.4MB / 70.2MB,46.3MB / 120MB
76,2026-09-10T05:10:50.710889+00:00,153,2026-09-10T05:10:50.341394+00:00,false,microservices,order,7d577e95f63ec54963e492ff1180746d87b7a4fa6cfcc4e46a8a0c68c4975565,tcc-microservices-experiment-order-1,0.02,74207724,1073741824,6.91,3,5.31MB / 4.14MB,3.91MB / 77.8kB
76,2026-09-10T05:10:50.710889+00:00,153,2026-09-10T05:10:50.341394+00:00,false,microservices,product,fd3c7a0981e05713c3fc16fa722e74b2b8b680ca69f649f00bca625f0c9756a2,tcc-microservices-experiment-product-1,82.72,83802194,1073741824,7.8,3,83.2MB / 88.7MB,11.8MB / 1.34MB
77,2026-09-10T05:10:51.710892+00:00,155,2026-09-10T05:10:51.341416+00:00,false,microservices,auth,930fb40fc06dc552bb3f95128040eeb13041af46c2b187f08fc6559966ea4b5c,tcc-microservices-experiment-auth-1,0.02,79272346,1073741824,7.38,3,45.5kB / 40.3kB,12MB / 65.5kB
77,2026-09-10T05:10:51.710892+00:00,155,2026-09-10T05:10:51.341416+00:00,false,microservices,gateway,2fe9988bcaa4d1f5335a4143dc38b7beb7f83876b2c7b80eb719b3b577f26313,tcc-microservices-experiment-gateway-1,29.98,483183821,536870912,89.99,76,75.6MB / 84.4MB,41.1MB / 238kB
77,2026-09-10T05:10:51.710892+00:00,155,2026-09-10T05:10:51.341416+00:00,false,microservices,mysql,f151832533a14a6015fddb28f01eb34dffd883fb75c4407ccc97ddca2411a730,tcc-microservices-experiment-mysql-1,28.2,534459187,1073741824,49.77,40,28.6MB / 70.9MB,46.3MB / 120MB
77,2026-09-10T05:10:51.710892+00:00,155,2026-09-10T05:10:51.341416+00:00,false,microservices,order,7d577e95f63ec54963e492ff1180746d87b7a4fa6cfcc4e46a8a0c68c4975565,tcc-microservices-experiment-order-1,0.02,74207724,1073741824,6.91,3,5.31MB / 4.14MB,3.91MB / 77.8kB
77,2026-09-10T05:10:51.710892+00:00,155,2026-09-10T05:10:51.341416+00:00,false,microservices,product,fd3c7a0981e05713c3fc16fa722e74b2b8b680ca69f649f00bca625f0c9756a2,tcc-microservices-experiment-product-1,82.8,83655393,1073741824,7.79,3,84MB / 89.6MB,11.8MB / 1.34MB
78,2026-09-10T05:10:52.710870+00:00,157,2026-09-10T05:10:52.341352+00:00,false,microservices,auth,930fb40fc06dc552bb3f95128040eeb13041af46c2b187f08fc6559966ea4b5c,tcc-microservices-experiment-auth-1,0.02,79272346,1073741824,7.38,3,45.5kB / 40.3kB,12MB / 65.5kB
78,2026-09-10T05:10:52.710870+00:00,157,2026-09-10T05:10:52.341352+00:00,false,microservices,gateway,2fe9988bcaa4d1f5335a4143dc38b7beb7f83876b2c7b80eb719b3b577f26313,tcc-microservices-experiment-gateway-1,29.48,482869248,536870912,89.93,76,76.3MB / 85.3MB,41.1MB / 238kB
78,2026-09-10T05:10:52.710870+00:00,157,2026-09-10T05:10:52.341352+00:00,false,microservices,mysql,f151832533a14a6015fddb28f01eb34dffd883fb75c4407ccc97ddca2411a730,tcc-microservices-experiment-mysql-1,24.86,534459187,1073741824,49.77,40,28.9MB / 71.5MB,46.3MB / 120MB
78,2026-09-10T05:10:52.710870+00:00,157,2026-09-10T05:10:52.341352+00:00,false,microservices,order,7d577e95f63ec54963e492ff1180746d87b7a4fa6cfcc4e46a8a0c68c4975565,tcc-microservices-experiment-order-1,0.01,74207724,1073741824,6.91,3,5.31MB / 4.14MB,3.91MB / 77.8kB
78,2026-09-10T05:10:52.710870+00:00,157,2026-09-10T05:10:52.341352+00:00,false,microservices,product,fd3c7a0981e05713c3fc16fa722e74b2b8b680ca69f649f00bca625f0c9756a2,tcc-microservices-experiment-product-1,81.97,82973819,1073741824,7.73,3,84.9MB / 90.5MB,11.8MB / 1.34MB
79,2026-09-10T05:10:53.710883+00:00,159,2026-09-10T05:10:53.341360+00:00,false,microservices,auth,930fb40fc06dc552bb3f95128040eeb13041af46c2b187f08fc6559966ea4b5c,tcc-microservices-experiment-auth-1,0.02,79272346,1073741824,7.38,3,45.5kB / 40.3kB,12MB / 65.5kB
79,2026-09-10T05:10:53.710883+00:00,159,2026-09-10T05:10:53.341360+00:00,false,microservices,gateway,2fe9988bcaa4d1f5335a4143dc38b7beb7f83876b2c7b80eb719b3b577f26313,tcc-microservices-experiment-gateway-1,29.19,482449818,536870912,89.87,76,77.1MB / 86.1MB,41.1MB / 238kB
79,2026-09-10T05:10:53.710883+00:00,159,2026-09-10T05:10:53.341360+00:00,false,microservices,mysql,f151832533a14a6015fddb28f01eb34dffd883fb75c4407ccc97ddca2411a730,tcc-microservices-experiment-mysql-1,29.34,534983475,1073741824,49.82,40,29.1MB / 72.2MB,46.3MB / 120MB
79,2026-09-10T05:10:53.710883+00:00,159,2026-09-10T05:10:53.341360+00:00,false,microservices,order,7d577e95f63ec54963e492ff1180746d87b7a4fa6cfcc4e46a8a0c68c4975565,tcc-microservices-experiment-order-1,0.02,74207724,1073741824,6.91,3,5.31MB / 4.14MB,3.91MB / 77.8kB
79,2026-09-10T05:10:53.710883+00:00,159,2026-09-10T05:10:53.341360+00:00,false,microservices,product,fd3c7a0981e05713c3fc16fa722e74b2b8b680ca69f649f00bca625f0c9756a2,tcc-microservices-experiment-product-1,81.66,83183534,1073741824,7.75,3,85.7MB / 91.4MB,11.8MB / 1.34MB
80,2026-09-10T05:10:54.710876+00:00,161,2026-09-10T05:10:54.341557+00:00,false,microservices,auth,930fb40fc06dc552bb3f95128040eeb13041af46c2b187f08fc6559966ea4b5c,tcc-microservices-experiment-auth-1,0.02,79272346,1073741824,7.38,3,45.5kB / 40.3kB,12MB / 65.5kB
80,2026-09-10T05:10:54.710876+00:00,161,2026-09-10T05:10:54.341557+00:00,false,microservices,gateway,2fe9988bcaa4d1f5335a4143dc38b7beb7f83876b2c7b80eb719b3b577f26313,tcc-microservices-experiment-gateway-1,28.91,482554675,536870912,89.88,76,77.8MB / 87MB,41.1MB / 238kB
80,2026-09-10T05:10:54.710876+00:00,161,2026-09-10T05:10:54.341557+00:00,false,microservices,mysql,f151832533a14a6015fddb28f01eb34dffd883fb75c4407ccc97ddca2411a730,tcc-microservices-experiment-mysql-1,25.31,534354330,1073741824,49.77,40,29.3MB / 72.8MB,46.3MB / 120MB
80,2026-09-10T05:10:54.710876+00:00,161,2026-09-10T05:10:54.341557+00:00,false,microservices,order,7d577e95f63ec54963e492ff1180746d87b7a4fa6cfcc4e46a8a0c68c4975565,tcc-microservices-experiment-order-1,0.02,74207724,1073741824,6.91,3,5.31MB / 4.14MB,3.91MB / 77.8kB
80,2026-09-10T05:10:54.710876+00:00,161,2026-09-10T05:10:54.341557+00:00,false,microservices,product,fd3c7a0981e05713c3fc16fa722e74b2b8b680ca69f649f00bca625f0c9756a2,tcc-microservices-experiment-product-1,81.63,83057705,1073741824,7.74,3,86.5MB / 92.3MB,11.8MB / 1.34MB
81,2026-09-10T05:10:55.710885+00:00,163,2026-09-10T05:10:55.341517+00:00,false,microservices,auth,930fb40fc06dc552bb3f95128040eeb13041af46c2b187f08fc6559966ea4b5c,tcc-microservices-experiment-auth-1,0.02,79272346,1073741824,7.38,3,45.5kB / 40.3kB,12MB / 65.5kB
81,2026-09-10T05:10:55.710885+00:00,163,2026-09-10T05:10:55.341517+00:00,false,microservices,gateway,2fe9988bcaa4d1f5335a4143dc38b7beb7f83876b2c7b80eb719b3b577f26313,tcc-microservices-experiment-gateway-1,29.79,482659533,536870912,89.9,76,78.6MB / 87.8MB,41.1MB / 238kB
81,2026-09-10T05:10:55.710885+00:00,163,2026-09-10T05:10:55.341517+00:00,false,microservices,mysql,f151832533a14a6015fddb28f01eb34dffd883fb75c4407ccc97ddca2411a730,tcc-microservices-experiment-mysql-1,28.03,533934899,1073741824,49.72,40,29.6MB / 73.5MB,46.3MB / 120MB
81,2026-09-10T05:10:55.710885+00:00,163,2026-09-10T05:10:55.341517+00:00,false,microservices,order,7d577e95f63ec54963e492ff1180746d87b7a4fa6cfcc4e46a8a0c68c4975565,tcc-microservices-experiment-order-1,0.02,74207724,1073741824,6.91,3,5.31MB / 4.14MB,3.91MB / 77.8kB
81,2026-09-10T05:10:55.710885+00:00,163,2026-09-10T05:10:55.341517+00:00,false,microservices,product,fd3c7a0981e05713c3fc16fa722e74b2b8b680ca69f649f00bca625f0c9756a2,tcc-microservices-experiment-product-1,83.35,83592479,1073741824,7.79,3,87.4MB / 93.2MB,11.8MB / 1.34MB
82,2026-09-10T05:10:56.710882+00:00,165,2026-09-10T05:10:56.340737+00:00,false,microservices,auth,930fb40fc06dc552bb3f95128040eeb13041af46c2b187f08fc6559966ea4b5c,tcc-microservices-experiment-auth-1,0.02,79272346,1073741824,7.38,3,45.5kB / 40.3kB,12MB / 65.5kB
82,2026-09-10T05:10:56.710882+00:00,165,2026-09-10T05:10:56.340737+00:00,false,microservices,gateway,2fe9988bcaa4d1f5335a4143dc38b7beb7f83876b2c7b80eb719b3b577f26313,tcc-microservices-experiment-gateway-1,30.92,482449818,536870912,89.87,76,79.3MB / 88.6MB,41.1MB / 250kB
82,2026-09-10T05:10:56.710882+00:00,165,2026-09-10T05:10:56.340737+00:00,false,microservices,mysql,f151832533a14a6015fddb28f01eb34dffd883fb75c4407ccc97ddca2411a730,tcc-microservices-experiment-mysql-1,24.24,534354330,1073741824,49.77,40,29.8MB / 74.1MB,46.3MB / 120MB
82,2026-09-10T05:10:56.710882+00:00,165,2026-09-10T05:10:56.340737+00:00,false,microservices,order,7d577e95f63ec54963e492ff1180746d87b7a4fa6cfcc4e46a8a0c68c4975565,tcc-microservices-experiment-order-1,0.02,74207724,1073741824,6.91,3,5.31MB / 4.14MB,3.91MB / 77.8kB
82,2026-09-10T05:10:56.710882+00:00,165,2026-09-10T05:10:56.340737+00:00,false,microservices,product,fd3c7a0981e05713c3fc16fa722e74b2b8b680ca69f649f00bca625f0c9756a2,tcc-microservices-experiment-product-1,82.95,83571507,1073741824,7.78,3,88.2MB / 94MB,11.8MB / 1.34MB
83,2026-09-10T05:10:57.710887+00:00,167,2026-09-10T05:10:57.341852+00:00,false,microservices,auth,930fb40fc06dc552bb3f95128040eeb13041af46c2b187f08fc6559966ea4b5c,tcc-microservices-experiment-auth-1,0.02,79272346,1073741824,7.38,3,45.5kB / 40.3kB,12MB / 65.5kB
83,2026-09-10T05:10:57.710887+00:00,167,2026-09-10T05:10:57.341852+00:00,false,microservices,gateway,2fe9988bcaa4d1f5335a4143dc38b7beb7f83876b2c7b80eb719b3b577f26313,tcc-microservices-experiment-gateway-1,29.7,482659533,536870912,89.9,76,80.1MB / 89.5MB,41.1MB / 250kB
83,2026-09-10T05:10:57.710887+00:00,167,2026-09-10T05:10:57.341852+00:00,false,microservices,mysql,f151832533a14a6015fddb28f01eb34dffd883fb75c4407ccc97ddca2411a730,tcc-microservices-experiment-mysql-1,28.13,534983475,1073741824,49.83,40,30.1MB / 74.8MB,46.3MB / 120MB
83,2026-09-10T05:10:57.710887+00:00,167,2026-09-10T05:10:57.341852+00:00,false,microservices,order,7d577e95f63ec54963e492ff1180746d87b7a4fa6cfcc4e46a8a0c68c4975565,tcc-microservices-experiment-order-1,0.02,74207724,1073741824,6.91,3,5.31MB / 4.14MB,3.91MB / 77.8kB
83,2026-09-10T05:10:57.710887+00:00,167,2026-09-10T05:10:57.341852+00:00,false,microservices,product,fd3c7a0981e05713c3fc16fa722e74b2b8b680ca69f649f00bca625f0c9756a2,tcc-microservices-experiment-product-1,83.55,83005276,1073741824,7.73,3,89.1MB / 94.9MB,11.8MB / 1.34MB
84,2026-09-10T05:10:58.710853+00:00,169,2026-09-10T05:10:58.341132+00:00,false,microservices,auth,930fb40fc06dc552bb3f95128040eeb13041af46c2b187f08fc6559966ea4b5c,tcc-microservices-experiment-auth-1,0.02,79272346,1073741824,7.38,3,45.5kB / 40.3kB,12MB / 65.5kB
84,2026-09-10T05:10:58.710853+00:00,169,2026-09-10T05:10:58.341132+00:00,false,microservices,gateway,2fe9988bcaa4d1f5335a4143dc38b7beb7f83876b2c7b80eb719b3b577f26313,tcc-microservices-experiment-gateway-1,29.51,483393536,536870912,90.03,76,80.9MB / 90.3MB,41.1MB / 250kB
84,2026-09-10T05:10:58.710853+00:00,169,2026-09-10T05:10:58.341132+00:00,false,microservices,mysql,f151832533a14a6015fddb28f01eb34dffd883fb75c4407ccc97ddca2411a730,tcc-microservices-experiment-mysql-1,23.97,534878618,1073741824,49.82,40,30.3MB / 75.4MB,46.3MB / 120MB
84,2026-09-10T05:10:58.710853+00:00,169,2026-09-10T05:10:58.341132+00:00,false,microservices,order,7d577e95f63ec54963e492ff1180746d87b7a4fa6cfcc4e46a8a0c68c4975565,tcc-microservices-experiment-order-1,0.02,74207724,1073741824,6.91,3,5.31MB / 4.14MB,3.91MB / 77.8kB
84,2026-09-10T05:10:58.710853+00:00,169,2026-09-10T05:10:58.341132+00:00,false,microservices,product,fd3c7a0981e05713c3fc16fa722e74b2b8b680ca69f649f00bca625f0c9756a2,tcc-microservices-experiment-product-1,82.8,83026248,1073741824,7.73,3,89.9MB / 95.8MB,11.8MB / 1.56MB
85,2026-09-10T05:10:59.710864+00:00,171,2026-09-10T05:10:59.341240+00:00,false,microservices,auth,930fb40fc06dc552bb3f95128040eeb13041af46c2b187f08fc6559966ea4b5c,tcc-microservices-experiment-auth-1,0.02,79272346,1073741824,7.38,3,45.5kB / 40.3kB,12MB / 65.5kB
85,2026-09-10T05:10:59.710864+00:00,171,2026-09-10T05:10:59.341240+00:00,false,microservices,gateway,2fe9988bcaa4d1f5335a4143dc38b7beb7f83876b2c7b80eb719b3b577f26313,tcc-microservices-experiment-gateway-1,28.77,482554675,536870912,89.88,76,81.6MB / 91.2MB,41.1MB / 250kB
85,2026-09-10T05:10:59.710864+00:00,171,2026-09-10T05:10:59.341240+00:00,false,microservices,mysql,f151832533a14a6015fddb28f01eb34dffd883fb75c4407ccc97ddca2411a730,tcc-microservices-experiment-mysql-1,29.21,534983475,1073741824,49.82,40,30.5MB / 76.1MB,46.3MB / 120MB
85,2026-09-10T05:10:59.710864+00:00,171,2026-09-10T05:10:59.341240+00:00,false,microservices,order,7d577e95f63ec54963e492ff1180746d87b7a4fa6cfcc4e46a8a0c68c4975565,tcc-microservices-experiment-order-1,0.02,74207724,1073741824,6.91,3,5.31MB / 4.14MB,3.91MB / 77.8kB
85,2026-09-10T05:10:59.710864+00:00,171,2026-09-10T05:10:59.341240+00:00,false,microservices,product,fd3c7a0981e05713c3fc16fa722e74b2b8b680ca69f649f00bca625f0c9756a2,tcc-microservices-experiment-product-1,81.76,83309363,1073741824,7.76,3,90.7MB / 96.7MB,11.8MB / 1.56MB
86,2026-09-10T05:11:00.710871+00:00,173,2026-09-10T05:11:00.341215+00:00,false,microservices,auth,930fb40fc06dc552bb3f95128040eeb13041af46c2b187f08fc6559966ea4b5c,tcc-microservices-experiment-auth-1,0.02,79272346,1073741824,7.38,3,45.5kB / 40.3kB,12MB / 65.5kB
86,2026-09-10T05:11:00.710871+00:00,173,2026-09-10T05:11:00.341215+00:00,false,microservices,gateway,2fe9988bcaa4d1f5335a4143dc38b7beb7f83876b2c7b80eb719b3b577f26313,tcc-microservices-experiment-gateway-1,28.93,483183821,536870912,90.0,76,82.4MB / 92MB,41.1MB / 250kB
86,2026-09-10T05:11:00.710871+00:00,173,2026-09-10T05:11:00.341215+00:00,false,microservices,mysql,f151832533a14a6015fddb28f01eb34dffd883fb75c4407ccc97ddca2411a730,tcc-microservices-experiment-mysql-1,24.92,534354330,1073741824,49.77,40,30.8MB / 76.7MB,46.3MB / 120MB
86,2026-09-10T05:11:00.710871+00:00,173,2026-09-10T05:11:00.341215+00:00,false,microservices,order,7d577e95f63ec54963e492ff1180746d87b7a4fa6cfcc4e46a8a0c68c4975565,tcc-microservices-experiment-order-1,0.02,74207724,1073741824,6.91,3,5.31MB / 4.14MB,3.91MB / 77.8kB
86,2026-09-10T05:11:00.710871+00:00,173,2026-09-10T05:11:00.341215+00:00,false,microservices,product,fd3c7a0981e05713c3fc16fa722e74b2b8b680ca69f649f00bca625f0c9756a2,tcc-microservices-experiment-product-1,81.29,83592479,1073741824,7.79,3,91.6MB / 97.6MB,11.8MB / 1.56MB
87,2026-09-10T05:11:01.710860+00:00,175,2026-09-10T05:11:01.341253+00:00,false,microservices,auth,930fb40fc06dc552bb3f95128040eeb13041af46c2b187f08fc6559966ea4b5c,tcc-microservices-experiment-auth-1,0.02,79272346,1073741824,7.38,3,45.5kB / 40.3kB,12MB / 65.5kB
87,2026-09-10T05:11:01.710860+00:00,175,2026-09-10T05:11:01.341253+00:00,false,microservices,gateway,2fe9988bcaa4d1f5335a4143dc38b7beb7f83876b2c7b80eb719b3b577f26313,tcc-microservices-experiment-gateway-1,29.98,482764390,536870912,89.91,76,83.1MB / 92.9MB,41.1MB / 250kB
87,2026-09-10T05:11:01.710860+00:00,175,2026-09-10T05:11:01.341253+00:00,false,microservices,mysql,f151832533a14a6015fddb28f01eb34dffd883fb75c4407ccc97ddca2411a730,tcc-microservices-experiment-mysql-1,29.04,534773760,1073741824,49.81,40,31MB / 77.4MB,46.3MB / 120MB
87,2026-09-10T05:11:01.710860+00:00,175,2026-09-10T05:11:01.341253+00:00,false,microservices,order,7d577e95f63ec54963e492ff1180746d87b7a4fa6cfcc4e46a8a0c68c4975565,tcc-microservices-experiment-order-1,0.01,74207724,1073741824,6.91,3,5.31MB / 4.14MB,3.91MB / 77.8kB
87,2026-09-10T05:11:01.710860+00:00,175,2026-09-10T05:11:01.341253+00:00,false,microservices,product,fd3c7a0981e05713c3fc16fa722e74b2b8b680ca69f649f00bca625f0c9756a2,tcc-microservices-experiment-product-1,81.65,83288392,1073741824,7.76,3,92.4MB / 98.5MB,11.8MB / 1.56MB
88,2026-09-10T05:11:02.710891+00:00,177,2026-09-10T05:11:02.341312+00:00,false,microservices,auth,930fb40fc06dc552bb3f95128040eeb13041af46c2b187f08fc6559966ea4b5c,tcc-microservices-experiment-auth-1,0.02,79272346,1073741824,7.38,3,45.5kB / 40.3kB,12MB / 65.5kB
88,2026-09-10T05:11:02.710891+00:00,177,2026-09-10T05:11:02.341312+00:00,false,microservices,gateway,2fe9988bcaa4d1f5335a4143dc38b7beb7f83876b2c7b80eb719b3b577f26313,tcc-microservices-experiment-gateway-1,30.07,483498394,536870912,90.05,76,83.9MB / 93.7MB,41.1MB / 250kB
88,2026-09-10T05:11:02.710891+00:00,177,2026-09-10T05:11:02.341312+00:00,false,microservices,mysql,f151832533a14a6015fddb28f01eb34dffd883fb75c4407ccc97ddca2411a730,tcc-microservices-experiment-mysql-1,24.49,534144614,1073741824,49.75,40,31.3MB / 78MB,46.3MB / 120MB
88,2026-09-10T05:11:02.710891+00:00,177,2026-09-10T05:11:02.341312+00:00,false,microservices,order,7d577e95f63ec54963e492ff1180746d87b7a4fa6cfcc4e46a8a0c68c4975565,tcc-microservices-experiment-order-1,0.01,74207724,1073741824,6.91,3,5.31MB / 4.14MB,3.91MB / 77.8kB
88,2026-09-10T05:11:02.710891+00:00,177,2026-09-10T05:11:02.341312+00:00,false,microservices,product,fd3c7a0981e05713c3fc16fa722e74b2b8b680ca69f649f00bca625f0c9756a2,tcc-microservices-experiment-product-1,82.63,83162563,1073741824,7.75,3,93.2MB / 99.4MB,11.8MB / 1.56MB
89,2026-09-10T05:11:03.710895+00:00,179,2026-09-10T05:11:03.342014+00:00,false,microservices,auth,930fb40fc06dc552bb3f95128040eeb13041af46c2b187f08fc6559966ea4b5c,tcc-microservices-experiment-auth-1,0.02,79272346,1073741824,7.38,3,45.5kB / 40.3kB,12MB / 65.5kB
89,2026-09-10T05:11:03.710895+00:00,179,2026-09-10T05:11:03.342014+00:00,false,microservices,gateway,2fe9988bcaa4d1f5335a4143dc38b7beb7f83876b2c7b80eb719b3b577f26313,tcc-microservices-experiment-gateway-1,31.87,483288678,536870912,90.03,76,84.6MB / 94.6MB,41.1MB / 250kB
89,2026-09-10T05:11:03.710895+00:00,179,2026-09-10T05:11:03.342014+00:00,false,microservices,mysql,f151832533a14a6015fddb28f01eb34dffd883fb75c4407ccc97ddca2411a730,tcc-microservices-experiment-mysql-1,28.61,534668902,1073741824,49.8,40,31.5MB / 78.7MB,46.3MB / 120MB
89,2026-09-10T05:11:03.710895+00:00,179,2026-09-10T05:11:03.342014+00:00,false,microservices,order,7d577e95f63ec54963e492ff1180746d87b7a4fa6cfcc4e46a8a0c68c4975565,tcc-microservices-experiment-order-1,0.01,74207724,1073741824,6.91,3,5.31MB / 4.14MB,3.91MB / 77.8kB
89,2026-09-10T05:11:03.710895+00:00,179,2026-09-10T05:11:03.342014+00:00,false,microservices,product,fd3c7a0981e05713c3fc16fa722e74b2b8b680ca69f649f00bca625f0c9756a2,tcc-microservices-experiment-product-1,80.66,82764104,1073741824,7.71,3,94.1MB / 100MB,11.8MB / 1.56MB
90,2026-09-10T05:11:04.710896+00:00,181,2026-09-10T05:11:04.342092+00:00,false,microservices,auth,930fb40fc06dc552bb3f95128040eeb13041af46c2b187f08fc6559966ea4b5c,tcc-microservices-experiment-auth-1,0.02,79272346,1073741824,7.38,3,45.5kB / 40.3kB,12MB / 65.5kB
90,2026-09-10T05:11:04.710896+00:00,181,2026-09-10T05:11:04.342092+00:00,false,microservices,gateway,2fe9988bcaa4d1f5335a4143dc38b7beb7f83876b2c7b80eb719b3b577f26313,tcc-microservices-experiment-gateway-1,30.21,483393536,536870912,90.05,76,85.4MB / 95.4MB,41.1MB / 250kB
90,2026-09-10T05:11:04.710896+00:00,181,2026-09-10T05:11:04.342092+00:00,false,microservices,mysql,f151832533a14a6015fddb28f01eb34dffd883fb75c4407ccc97ddca2411a730,tcc-microservices-experiment-mysql-1,24.11,533934899,1073741824,49.72,40,31.8MB / 79.4MB,46.3MB / 120MB
90,2026-09-10T05:11:04.710896+00:00,181,2026-09-10T05:11:04.342092+00:00,false,microservices,order,7d577e95f63ec54963e492ff1180746d87b7a4fa6cfcc4e46a8a0c68c4975565,tcc-microservices-experiment-order-1,0.02,74207724,1073741824,6.91,3,5.31MB / 4.14MB,3.91MB / 77.8kB
90,2026-09-10T05:11:04.710896+00:00,181,2026-09-10T05:11:04.342092+00:00,false,microservices,product,fd3c7a0981e05713c3fc16fa722e74b2b8b680ca69f649f00bca625f0c9756a2,tcc-microservices-experiment-product-1,81.81,83414221,1073741824,7.77,3,94.9MB / 101MB,11.8MB / 1.56MB
91,2026-09-10T05:11:05.710867+00:00,183,2026-09-10T05:11:05.342416+00:00,false,microservices,auth,930fb40fc06dc552bb3f95128040eeb13041af46c2b187f08fc6559966ea4b5c,tcc-microservices-experiment-auth-1,0.02,79272346,1073741824,7.38,3,45.5kB / 40.3kB,12MB / 65.5kB
91,2026-09-10T05:11:05.710867+00:00,183,2026-09-10T05:11:05.342416+00:00,false,microservices,gateway,2fe9988bcaa4d1f5335a4143dc38b7beb7f83876b2c7b80eb719b3b577f26313,tcc-microservices-experiment-gateway-1,29.57,482554675,536870912,89.88,76,86.2MB / 96.3MB,41.1MB / 250kB
91,2026-09-10T05:11:05.710867+00:00,183,2026-09-10T05:11:05.342416+00:00,false,microservices,mysql,f151832533a14a6015fddb28f01eb34dffd883fb75c4407ccc97ddca2411a730,tcc-microservices-experiment-mysql-1,28.7,534459187,1073741824,49.77,40,32MB / 80MB,46.3MB / 120MB
91,2026-09-10T05:11:05.710867+00:00,183,2026-09-10T05:11:05.342416+00:00,false,microservices,order,7d577e95f63ec54963e492ff1180746d87b7a4fa6cfcc4e46a8a0c68c4975565,tcc-microservices-experiment-order-1,0.02,74207724,1073741824,6.91,3,5.31MB / 4.14MB,3.91MB / 77.8kB
91,2026-09-10T05:11:05.710867+00:00,183,2026-09-10T05:11:05.342416+00:00,false,microservices,product,fd3c7a0981e05713c3fc16fa722e74b2b8b680ca69f649f00bca625f0c9756a2,tcc-microservices-experiment-product-1,81.71,83173048,1073741824,7.75,3,95.8MB / 102MB,11.8MB / 1.56MB
92,2026-09-10T05:11:06.710880+00:00,185,2026-09-10T05:11:06.342613+00:00,false,microservices,auth,930fb40fc06dc552bb3f95128040eeb13041af46c2b187f08fc6559966ea4b5c,tcc-microservices-experiment-auth-1,0.01,79272346,1073741824,7.38,3,45.5kB / 40.3kB,12MB / 65.5kB
92,2026-09-10T05:11:06.710880+00:00,185,2026-09-10T05:11:06.342613+00:00,false,microservices,gateway,2fe9988bcaa4d1f5335a4143dc38b7beb7f83876b2c7b80eb719b3b577f26313,tcc-microservices-experiment-gateway-1,30.03,482764390,536870912,89.93,76,86.9MB / 97.1MB,41.1MB / 250kB
92,2026-09-10T05:11:06.710880+00:00,185,2026-09-10T05:11:06.342613+00:00,false,microservices,mysql,f151832533a14a6015fddb28f01eb34dffd883fb75c4407ccc97ddca2411a730,tcc-microservices-experiment-mysql-1,24.8,533620326,1073741824,49.69,40,32.2MB / 80.7MB,46.3MB / 120MB
92,2026-09-10T05:11:06.710880+00:00,185,2026-09-10T05:11:06.342613+00:00,false,microservices,order,7d577e95f63ec54963e492ff1180746d87b7a4fa6cfcc4e46a8a0c68c4975565,tcc-microservices-experiment-order-1,0.02,74207724,1073741824,6.91,3,5.31MB / 4.14MB,3.91MB / 77.8kB
92,2026-09-10T05:11:06.710880+00:00,185,2026-09-10T05:11:06.342613+00:00,false,microservices,product,fd3c7a0981e05713c3fc16fa722e74b2b8b680ca69f649f00bca625f0c9756a2,tcc-microservices-experiment-product-1,81.59,83078676,1073741824,7.74,3,96.6MB / 103MB,11.8MB / 1.56MB
93,2026-09-10T05:11:07.710896+00:00,187,2026-09-10T05:11:07.342417+00:00,false,microservices,auth,930fb40fc06dc552bb3f95128040eeb13041af46c2b187f08fc6559966ea4b5c,tcc-microservices-experiment-auth-1,0.02,79272346,1073741824,7.38,3,45.5kB / 40.3kB,12MB / 65.5kB
93,2026-09-10T05:11:07.710896+00:00,187,2026-09-10T05:11:07.342417+00:00,false,microservices,gateway,2fe9988bcaa4d1f5335a4143dc38b7beb7f83876b2c7b80eb719b3b577f26313,tcc-microservices-experiment-gateway-1,29.61,483183821,536870912,90.0,76,87.7MB / 98MB,41.1MB / 250kB
93,2026-09-10T05:11:07.710896+00:00,187,2026-09-10T05:11:07.342417+00:00,false,microservices,mysql,f151832533a14a6015fddb28f01eb34dffd883fb75c4407ccc97ddca2411a730,tcc-microservices-experiment-mysql-1,28.25,534983475,1073741824,49.83,40,32.5MB / 81.3MB,46.3MB / 120MB
93,2026-09-10T05:11:07.710896+00:00,187,2026-09-10T05:11:07.342417+00:00,false,microservices,order,7d577e95f63ec54963e492ff1180746d87b7a4fa6cfcc4e46a8a0c68c4975565,tcc-microservices-experiment-order-1,0.02,74207724,1073741824,6.91,3,5.31MB / 4.14MB,3.91MB / 77.8kB
93,2026-09-10T05:11:07.710896+00:00,187,2026-09-10T05:11:07.342417+00:00,false,microservices,product,fd3c7a0981e05713c3fc16fa722e74b2b8b680ca69f649f00bca625f0c9756a2,tcc-microservices-experiment-product-1,82.79,83089162,1073741824,7.74,3,97.4MB / 104MB,11.8MB / 1.56MB
94,2026-09-10T05:11:08.710892+00:00,189,2026-09-10T05:11:08.341319+00:00,false,microservices,auth,930fb40fc06dc552bb3f95128040eeb13041af46c2b187f08fc6559966ea4b5c,tcc-microservices-experiment-auth-1,0.02,79272346,1073741824,7.38,3,45.5kB / 40.3kB,12MB / 65.5kB
94,2026-09-10T05:11:08.710892+00:00,189,2026-09-10T05:11:08.341319+00:00,false,microservices,gateway,2fe9988bcaa4d1f5335a4143dc38b7beb7f83876b2c7b80eb719b3b577f26313,tcc-microservices-experiment-gateway-1,29.45,483603251,536870912,90.08,76,88.4MB / 98.8MB,41.1MB / 250kB
94,2026-09-10T05:11:08.710892+00:00,189,2026-09-10T05:11:08.341319+00:00,false,microservices,mysql,f151832533a14a6015fddb28f01eb34dffd883fb75c4407ccc97ddca2411a730,tcc-microservices-experiment-mysql-1,23.99,534564045,1073741824,49.79,40,32.7MB / 82MB,46.3MB / 120MB
94,2026-09-10T05:11:08.710892+00:00,189,2026-09-10T05:11:08.341319+00:00,false,microservices,order,7d577e95f63ec54963e492ff1180746d87b7a4fa6cfcc4e46a8a0c68c4975565,tcc-microservices-experiment-order-1,0.02,74207724,1073741824,6.91,3,5.31MB / 4.14MB,3.91MB / 77.8kB
94,2026-09-10T05:11:08.710892+00:00,189,2026-09-10T05:11:08.341319+00:00,false,microservices,product,fd3c7a0981e05713c3fc16fa722e74b2b8b680ca69f649f00bca625f0c9756a2,tcc-microservices-experiment-product-1,82.46,83225477,1073741824,7.75,3,98.3MB / 105MB,11.8MB / 1.56MB
95,2026-09-10T05:11:09.710887+00:00,191,2026-09-10T05:11:09.341277+00:00,false,microservices,auth,930fb40fc06dc552bb3f95128040eeb13041af46c2b187f08fc6559966ea4b5c,tcc-microservices-experiment-auth-1,0.02,79272346,1073741824,7.38,3,45.5kB / 40.3kB,12MB / 65.5kB
95,2026-09-10T05:11:09.710887+00:00,191,2026-09-10T05:11:09.341277+00:00,false,microservices,gateway,2fe9988bcaa4d1f5335a4143dc38b7beb7f83876b2c7b80eb719b3b577f26313,tcc-microservices-experiment-gateway-1,29.31,483393536,536870912,90.03,76,89.2MB / 99.6MB,41.1MB / 250kB
95,2026-09-10T05:11:09.710887+00:00,191,2026-09-10T05:11:09.341277+00:00,false,microservices,mysql,f151832533a14a6015fddb28f01eb34dffd883fb75c4407ccc97ddca2411a730,tcc-microservices-experiment-mysql-1,28.54,534878618,1073741824,49.81,40,33MB / 82.6MB,46.3MB / 120MB
95,2026-09-10T05:11:09.710887+00:00,191,2026-09-10T05:11:09.341277+00:00,false,microservices,order,7d577e95f63ec54963e492ff1180746d87b7a4fa6cfcc4e46a8a0c68c4975565,tcc-microservices-experiment-order-1,0.02,74207724,1073741824,6.91,3,5.31MB / 4.14MB,3.91MB / 77.8kB
95,2026-09-10T05:11:09.710887+00:00,191,2026-09-10T05:11:09.341277+00:00,false,microservices,product,fd3c7a0981e05713c3fc16fa722e74b2b8b680ca69f649f00bca625f0c9756a2,tcc-microservices-experiment-product-1,81.58,83833651,1073741824,7.81,3,99.1MB / 106MB,11.8MB / 1.56MB
96,2026-09-10T05:11:10.710859+00:00,193,2026-09-10T05:11:10.341275+00:00,false,microservices,auth,930fb40fc06dc552bb3f95128040eeb13041af46c2b187f08fc6559966ea4b5c,tcc-microservices-experiment-auth-1,0.02,79272346,1073741824,7.38,3,45.5kB / 40.3kB,12MB / 65.5kB
96,2026-09-10T05:11:10.710859+00:00,193,2026-09-10T05:11:10.341275+00:00,false,microservices,gateway,2fe9988bcaa4d1f5335a4143dc38b7beb7f83876b2c7b80eb719b3b577f26313,tcc-microservices-experiment-gateway-1,30.64,483917824,536870912,90.14,76,89.9MB / 100MB,41.1MB / 250kB
96,2026-09-10T05:11:10.710859+00:00,193,2026-09-10T05:11:10.341275+00:00,false,microservices,mysql,f151832533a14a6015fddb28f01eb34dffd883fb75c4407ccc97ddca2411a730,tcc-microservices-experiment-mysql-1,24.7,533934899,1073741824,49.73,40,33.2MB / 83.3MB,46.3MB / 120MB
96,2026-09-10T05:11:10.710859+00:00,193,2026-09-10T05:11:10.341275+00:00,false,microservices,order,7d577e95f63ec54963e492ff1180746d87b7a4fa6cfcc4e46a8a0c68c4975565,tcc-microservices-experiment-order-1,0.02,74207724,1073741824,6.91,3,5.31MB / 4.14MB,3.91MB / 77.8kB
96,2026-09-10T05:11:10.710859+00:00,193,2026-09-10T05:11:10.341275+00:00,false,microservices,product,fd3c7a0981e05713c3fc16fa722e74b2b8b680ca69f649f00bca625f0c9756a2,tcc-microservices-experiment-product-1,81.15,83225477,1073741824,7.75,3,100MB / 107MB,11.8MB / 1.56MB
97,2026-09-10T05:11:11.710853+00:00,195,2026-09-10T05:11:11.342223+00:00,false,microservices,auth,930fb40fc06dc552bb3f95128040eeb13041af46c2b187f08fc6559966ea4b5c,tcc-microservices-experiment-auth-1,0.02,79272346,1073741824,7.38,3,45.5kB / 40.3kB,12MB / 65.5kB
97,2026-09-10T05:11:11.710853+00:00,195,2026-09-10T05:11:11.342223+00:00,false,microservices,gateway,2fe9988bcaa4d1f5335a4143dc38b7beb7f83876b2c7b80eb719b3b577f26313,tcc-microservices-experiment-gateway-1,30.45,483603251,536870912,90.07,76,90.7MB / 101MB,41.1MB / 262kB
97,2026-09-10T05:11:11.710853+00:00,195,2026-09-10T05:11:11.342223+00:00,false,microservices,mysql,f151832533a14a6015fddb28f01eb34dffd883fb75c4407ccc97ddca2411a730,tcc-microservices-experiment-mysql-1,27.95,534459187,1073741824,49.78,40,33.5MB / 83.9MB,46.3MB / 120MB
97,2026-09-10T05:11:11.710853+00:00,195,2026-09-10T05:11:11.342223+00:00,false,microservices,order,7d577e95f63ec54963e492ff1180746d87b7a4fa6cfcc4e46a8a0c68c4975565,tcc-microservices-experiment-order-1,0.02,74207724,1073741824,6.91,3,5.31MB / 4.14MB,3.91MB / 77.8kB
97,2026-09-10T05:11:11.710853+00:00,195,2026-09-10T05:11:11.342223+00:00,false,microservices,product,fd3c7a0981e05713c3fc16fa722e74b2b8b680ca69f649f00bca625f0c9756a2,tcc-microservices-experiment-product-1,82.36,83435192,1073741824,7.77,3,101MB / 107MB,11.8MB / 1.56MB
98,2026-09-10T05:11:12.710891+00:00,197,2026-09-10T05:11:12.342106+00:00,false,microservices,auth,930fb40fc06dc552bb3f95128040eeb13041af46c2b187f08fc6559966ea4b5c,tcc-microservices-experiment-auth-1,0.02,79272346,1073741824,7.38,3,45.5kB / 40.3kB,12MB / 65.5kB
98,2026-09-10T05:11:12.710891+00:00,197,2026-09-10T05:11:12.342106+00:00,false,microservices,gateway,2fe9988bcaa4d1f5335a4143dc38b7beb7f83876b2c7b80eb719b3b577f26313,tcc-microservices-experiment-gateway-1,28.94,483288678,536870912,90.02,76,91.5MB / 102MB,41.1MB / 262kB
98,2026-09-10T05:11:12.710891+00:00,197,2026-09-10T05:11:12.342106+00:00,false,microservices,mysql,f151832533a14a6015fddb28f01eb34dffd883fb75c4407ccc97ddca2411a730,tcc-microservices-experiment-mysql-1,24.81,534354330,1073741824,49.76,40,33.7MB / 84.6MB,46.3MB / 120MB
98,2026-09-10T05:11:12.710891+00:00,197,2026-09-10T05:11:12.342106+00:00,false,microservices,order,7d577e95f63ec54963e492ff1180746d87b7a4fa6cfcc4e46a8a0c68c4975565,tcc-microservices-experiment-order-1,0.02,74207724,1073741824,6.91,3,5.31MB / 4.14MB,3.91MB / 77.8kB
98,2026-09-10T05:11:12.710891+00:00,197,2026-09-10T05:11:12.342106+00:00,false,microservices,product,fd3c7a0981e05713c3fc16fa722e74b2b8b680ca69f649f00bca625f0c9756a2,tcc-microservices-experiment-product-1,82.14,82931876,1073741824,7.72,3,102MB / 108MB,11.8MB / 1.56MB
99,2026-09-10T05:11:13.710843+00:00,199,2026-09-10T05:11:13.340493+00:00,false,microservices,auth,930fb40fc06dc552bb3f95128040eeb13041af46c2b187f08fc6559966ea4b5c,tcc-microservices-experiment-auth-1,0.02,79272346,1073741824,7.38,3,45.5kB / 40.3kB,12MB / 65.5kB
99,2026-09-10T05:11:13.710843+00:00,199,2026-09-10T05:11:13.340493+00:00,false,microservices,gateway,2fe9988bcaa4d1f5335a4143dc38b7beb7f83876b2c7b80eb719b3b577f26313,tcc-microservices-experiment-gateway-1,28.88,483183821,536870912,90.01,76,92.2MB / 103MB,41.1MB / 262kB
99,2026-09-10T05:11:13.710843+00:00,199,2026-09-10T05:11:13.340493+00:00,false,microservices,mysql,f151832533a14a6015fddb28f01eb34dffd883fb75c4407ccc97ddca2411a730,tcc-microservices-experiment-mysql-1,27.87,541484646,1073741824,50.43,41,33.9MB / 85.2MB,46.3MB / 120MB
99,2026-09-10T05:11:13.710843+00:00,199,2026-09-10T05:11:13.340493+00:00,false,microservices,order,7d577e95f63ec54963e492ff1180746d87b7a4fa6cfcc4e46a8a0c68c4975565,tcc-microservices-experiment-order-1,0.02,74207724,1073741824,6.91,3,5.31MB / 4.14MB,3.91MB / 77.8kB
99,2026-09-10T05:11:13.710843+00:00,199,2026-09-10T05:11:13.340493+00:00,false,microservices,product,fd3c7a0981e05713c3fc16fa722e74b2b8b680ca69f649f00bca625f0c9756a2,tcc-microservices-experiment-product-1,81.78,83183534,1073741824,7.75,3,102MB / 109MB,11.8MB / 1.78MB
100,2026-09-10T05:11:14.710857+00:00,201,2026-09-10T05:11:14.342293+00:00,false,microservices,auth,930fb40fc06dc552bb3f95128040eeb13041af46c2b187f08fc6559966ea4b5c,tcc-microservices-experiment-auth-1,0.02,79272346,1073741824,7.38,3,45.5kB / 40.3kB,12MB / 65.5kB
100,2026-09-10T05:11:14.710857+00:00,201,2026-09-10T05:11:14.342293+00:00,false,microservices,gateway,2fe9988bcaa4d1f5335a4143dc38b7beb7f83876b2c7b80eb719b3b577f26313,tcc-microservices-experiment-gateway-1,28.11,482974106,536870912,89.95,76,92.9MB / 104MB,41.1MB / 262kB
100,2026-09-10T05:11:14.710857+00:00,201,2026-09-10T05:11:14.342293+00:00,false,microservices,mysql,f151832533a14a6015fddb28f01eb34dffd883fb75c4407ccc97ddca2411a730,tcc-microservices-experiment-mysql-1,25.54,534459187,1073741824,49.78,40,34.2MB / 85.9MB,46.3MB / 120MB
100,2026-09-10T05:11:14.710857+00:00,201,2026-09-10T05:11:14.342293+00:00,false,microservices,order,7d577e95f63ec54963e492ff1180746d87b7a4fa6cfcc4e46a8a0c68c4975565,tcc-microservices-experiment-order-1,0.02,74207724,1073741824,6.91,3,5.31MB / 4.14MB,3.91MB / 77.8kB
100,2026-09-10T05:11:14.710857+00:00,201,2026-09-10T05:11:14.342293+00:00,false,microservices,product,fd3c7a0981e05713c3fc16fa722e74b2b8b680ca69f649f00bca625f0c9756a2,tcc-microservices-experiment-product-1,81.79,83707822,1073741824,7.8,3,103MB / 110MB,11.8MB / 1.78MB
101,2026-09-10T05:11:15.710847+00:00,203,2026-09-10T05:11:15.342077+00:00,false,microservices,auth,930fb40fc06dc552bb3f95128040eeb13041af46c2b187f08fc6559966ea4b5c,tcc-microservices-experiment-auth-1,0.02,79272346,1073741824,7.38,3,45.5kB / 40.3kB,12MB / 65.5kB
101,2026-09-10T05:11:15.710847+00:00,203,2026-09-10T05:11:15.342077+00:00,false,microservices,gateway,2fe9988bcaa4d1f5335a4143dc38b7beb7f83876b2c7b80eb719b3b577f26313,tcc-microservices-experiment-gateway-1,28.61,482554675,536870912,89.88,76,93.7MB / 105MB,41.1MB / 262kB
101,2026-09-10T05:11:15.710847+00:00,203,2026-09-10T05:11:15.342077+00:00,false,microservices,mysql,f151832533a14a6015fddb28f01eb34dffd883fb75c4407ccc97ddca2411a730,tcc-microservices-experiment-mysql-1,24.1,535402906,1073741824,49.86,40,34.4MB / 86.5MB,46.3MB / 120MB
101,2026-09-10T05:11:15.710847+00:00,203,2026-09-10T05:11:15.342077+00:00,false,microservices,order,7d577e95f63ec54963e492ff1180746d87b7a4fa6cfcc4e46a8a0c68c4975565,tcc-microservices-experiment-order-1,0.02,74207724,1073741824,6.91,3,5.31MB / 4.14MB,3.91MB / 77.8kB
101,2026-09-10T05:11:15.710847+00:00,203,2026-09-10T05:11:15.342077+00:00,false,microservices,product,fd3c7a0981e05713c3fc16fa722e74b2b8b680ca69f649f00bca625f0c9756a2,tcc-microservices-experiment-product-1,82.37,83602964,1073741824,7.79,3,104MB / 111MB,11.8MB / 1.78MB
102,2026-09-10T05:11:16.710902+00:00,205,2026-09-10T05:11:16.340898+00:00,false,microservices,auth,930fb40fc06dc552bb3f95128040eeb13041af46c2b187f08fc6559966ea4b5c,tcc-microservices-experiment-auth-1,0.02,79272346,1073741824,7.38,3,45.5kB / 40.3kB,12MB / 65.5kB
102,2026-09-10T05:11:16.710902+00:00,205,2026-09-10T05:11:16.340898+00:00,false,microservices,gateway,2fe9988bcaa4d1f5335a4143dc38b7beb7f83876b2c7b80eb719b3b577f26313,tcc-microservices-experiment-gateway-1,29.01,483288678,536870912,90.01,76,94.4MB / 106MB,41.1MB / 262kB
102,2026-09-10T05:11:16.710902+00:00,205,2026-09-10T05:11:16.340898+00:00,false,microservices,mysql,f151832533a14a6015fddb28f01eb34dffd883fb75c4407ccc97ddca2411a730,tcc-microservices-experiment-mysql-1,29.26,534564045,1073741824,49.78,40,34.6MB / 87.1MB,46.3MB / 120MB
102,2026-09-10T05:11:16.710902+00:00,205,2026-09-10T05:11:16.340898+00:00,false,microservices,order,7d577e95f63ec54963e492ff1180746d87b7a4fa6cfcc4e46a8a0c68c4975565,tcc-microservices-experiment-order-1,0.02,74207724,1073741824,6.91,3,5.31MB / 4.14MB,3.91MB / 77.8kB
102,2026-09-10T05:11:16.710902+00:00,205,2026-09-10T05:11:16.340898+00:00,false,microservices,product,fd3c7a0981e05713c3fc16fa722e74b2b8b680ca69f649f00bca625f0c9756a2,tcc-microservices-experiment-product-1,81.44,83456164,1073741824,7.77,3,105MB / 112MB,11.8MB / 1.78MB
103,2026-09-10T05:11:17.710896+00:00,207,2026-09-10T05:11:17.342797+00:00,false,microservices,auth,930fb40fc06dc552bb3f95128040eeb13041af46c2b187f08fc6559966ea4b5c,tcc-microservices-experiment-auth-1,0.02,79272346,1073741824,7.38,3,45.5kB / 40.3kB,12MB / 65.5kB
103,2026-09-10T05:11:17.710896+00:00,207,2026-09-10T05:11:17.342797+00:00,false,microservices,gateway,2fe9988bcaa4d1f5335a4143dc38b7beb7f83876b2c7b80eb719b3b577f26313,tcc-microservices-experiment-gateway-1,29.73,482554675,536870912,89.88,76,95.2MB / 106MB,41.1MB / 262kB
103,2026-09-10T05:11:17.710896+00:00,207,2026-09-10T05:11:17.342797+00:00,false,microservices,mysql,f151832533a14a6015fddb28f01eb34dffd883fb75c4407ccc97ddca2411a730,tcc-microservices-experiment-mysql-1,24.9,534564045,1073741824,49.78,40,34.9MB / 87.8MB,46.3MB / 120MB
103,2026-09-10T05:11:17.710896+00:00,207,2026-09-10T05:11:17.342797+00:00,false,microservices,order,7d577e95f63ec54963e492ff1180746d87b7a4fa6cfcc4e46a8a0c68c4975565,tcc-microservices-experiment-order-1,0.01,74207724,1073741824,6.91,3,5.31MB / 4.14MB,3.91MB / 77.8kB
103,2026-09-10T05:11:17.710896+00:00,207,2026-09-10T05:11:17.342797+00:00,false,microservices,product,fd3c7a0981e05713c3fc16fa722e74b2b8b680ca69f649f00bca625f0c9756a2,tcc-microservices-experiment-product-1,82.06,83152077,1073741824,7.74,3,106MB / 113MB,11.8MB / 1.78MB
104,2026-09-10T05:11:18.710872+00:00,209,2026-09-10T05:11:18.341298+00:00,false,microservices,auth,930fb40fc06dc552bb3f95128040eeb13041af46c2b187f08fc6559966ea4b5c,tcc-microservices-experiment-auth-1,0.02,79272346,1073741824,7.38,3,45.5kB / 40.3kB,12MB / 65.5kB
104,2026-09-10T05:11:18.710872+00:00,209,2026-09-10T05:11:18.341298+00:00,false,microservices,gateway,2fe9988bcaa4d1f5335a4143dc38b7beb7f83876b2c7b80eb719b3b577f26313,tcc-microservices-experiment-gateway-1,29.67,483812966,536870912,90.13,76,95.9MB / 107MB,41.1MB / 262kB
104,2026-09-10T05:11:18.710872+00:00,209,2026-09-10T05:11:18.341298+00:00,false,microservices,mysql,f151832533a14a6015fddb28f01eb34dffd883fb75c4407ccc97ddca2411a730,tcc-microservices-experiment-mysql-1,28.73,533620326,1073741824,49.7,40,35.1MB / 88.4MB,46.3MB / 120MB
104,2026-09-10T05:11:18.710872+00:00,209,2026-09-10T05:11:18.341298+00:00,false,microservices,order,7d577e95f63ec54963e492ff1180746d87b7a4fa6cfcc4e46a8a0c68c4975565,tcc-microservices-experiment-order-1,0.02,74207724,1073741824,6.91,3,5.31MB / 4.14MB,3.91MB / 77.8kB
104,2026-09-10T05:11:18.710872+00:00,209,2026-09-10T05:11:18.341298+00:00,false,microservices,product,fd3c7a0981e05713c3fc16fa722e74b2b8b680ca69f649f00bca625f0c9756a2,tcc-microservices-experiment-product-1,82.59,83099648,1073741824,7.74,3,107MB / 114MB,11.8MB / 1.78MB
105,2026-09-10T05:11:19.710894+00:00,211,2026-09-10T05:11:19.342784+00:00,false,microservices,auth,930fb40fc06dc552bb3f95128040eeb13041af46c2b187f08fc6559966ea4b5c,tcc-microservices-experiment-auth-1,0.02,79272346,1073741824,7.38,3,45.5kB / 40.3kB,12MB / 65.5kB
105,2026-09-10T05:11:19.710894+00:00,211,2026-09-10T05:11:19.342784+00:00,false,microservices,gateway,2fe9988bcaa4d1f5335a4143dc38b7beb7f83876b2c7b80eb719b3b577f26313,tcc-microservices-experiment-gateway-1,29.97,484337254,536870912,90.21,76,96.7MB / 108MB,41.1MB / 262kB
105,2026-09-10T05:11:19.710894+00:00,211,2026-09-10T05:11:19.342784+00:00,false,microservices,mysql,f151832533a14a6015fddb28f01eb34dffd883fb75c4407ccc97ddca2411a730,tcc-microservices-experiment-mysql-1,24.46,534668902,1073741824,49.8,40,35.4MB / 89.1MB,46.3MB / 120MB
105,2026-09-10T05:11:19.710894+00:00,211,2026-09-10T05:11:19.342784+00:00,false,microservices,order,7d577e95f63ec54963e492ff1180746d87b7a4fa6cfcc4e46a8a0c68c4975565,tcc-microservices-experiment-order-1,0.01,74207724,1073741824,6.91,3,5.31MB / 4.14MB,3.91MB / 77.8kB
105,2026-09-10T05:11:19.710894+00:00,211,2026-09-10T05:11:19.342784+00:00,false,microservices,product,fd3c7a0981e05713c3fc16fa722e74b2b8b680ca69f649f00bca625f0c9756a2,tcc-microservices-experiment-product-1,82.27,83886080,1073741824,7.81,3,107MB / 115MB,11.8MB / 1.78MB
106,2026-09-10T05:11:20.710886+00:00,213,2026-09-10T05:11:20.342277+00:00,false,microservices,auth,930fb40fc06dc552bb3f95128040eeb13041af46c2b187f08fc6559966ea4b5c,tcc-microservices-experiment-auth-1,0.02,79272346,1073741824,7.38,3,45.5kB / 40.3kB,12MB / 65.5kB
106,2026-09-10T05:11:20.710886+00:00,213,2026-09-10T05:11:20.342277+00:00,false,microservices,gateway,2fe9988bcaa4d1f5335a4143dc38b7beb7f83876b2c7b80eb719b3b577f26313,tcc-microservices-experiment-gateway-1,29.11,483498394,536870912,90.06,76,97.4MB / 109MB,41.1MB / 262kB
106,2026-09-10T05:11:20.710886+00:00,213,2026-09-10T05:11:20.342277+00:00,false,microservices,mysql,f151832533a14a6015fddb28f01eb34dffd883fb75c4407ccc97ddca2411a730,tcc-microservices-experiment-mysql-1,27.35,534459187,1073741824,49.77,40,35.6MB / 89.7MB,46.3MB / 120MB
106,2026-09-10T05:11:20.710886+00:00,213,2026-09-10T05:11:20.342277+00:00,false,microservices,order,7d577e95f63ec54963e492ff1180746d87b7a4fa6cfcc4e46a8a0c68c4975565,tcc-microservices-experiment-order-1,0.02,74207724,1073741824,6.91,3,5.31MB / 4.14MB,3.91MB / 77.8kB
106,2026-09-10T05:11:20.710886+00:00,213,2026-09-10T05:11:20.342277+00:00,false,microservices,product,fd3c7a0981e05713c3fc16fa722e74b2b8b680ca69f649f00bca625f0c9756a2,tcc-microservices-experiment-product-1,83.92,83424707,1073741824,7.77,3,108MB / 115MB,11.8MB / 1.78MB
107,2026-09-10T05:11:21.710892+00:00,215,2026-09-10T05:11:21.341997+00:00,false,microservices,auth,930fb40fc06dc552bb3f95128040eeb13041af46c2b187f08fc6559966ea4b5c,tcc-microservices-experiment-auth-1,0.02,79272346,1073741824,7.38,3,45.5kB / 40.3kB,12MB / 65.5kB
107,2026-09-10T05:11:21.710892+00:00,215,2026-09-10T05:11:21.341997+00:00,false,microservices,gateway,2fe9988bcaa4d1f5335a4143dc38b7beb7f83876b2c7b80eb719b3b577f26313,tcc-microservices-experiment-gateway-1,28.69,484022682,536870912,90.16,76,98.2MB / 110MB,41.1MB / 262kB
107,2026-09-10T05:11:21.710892+00:00,215,2026-09-10T05:11:21.341997+00:00,false,microservices,mysql,f151832533a14a6015fddb28f01eb34dffd883fb75c4407ccc97ddca2411a730,tcc-microservices-experiment-mysql-1,25.12,534354330,1073741824,49.77,40,35.9MB / 90.4MB,46.3MB / 120MB
107,2026-09-10T05:11:21.710892+00:00,215,2026-09-10T05:11:21.341997+00:00,false,microservices,order,7d577e95f63ec54963e492ff1180746d87b7a4fa6cfcc4e46a8a0c68c4975565,tcc-microservices-experiment-order-1,0.02,74207724,1073741824,6.91,3,5.31MB / 4.14MB,3.91MB / 77.8kB
107,2026-09-10T05:11:21.710892+00:00,215,2026-09-10T05:11:21.341997+00:00,false,microservices,product,fd3c7a0981e05713c3fc16fa722e74b2b8b680ca69f649f00bca625f0c9756a2,tcc-microservices-experiment-product-1,81.26,84032881,1073741824,7.83,3,109MB / 116MB,11.8MB / 1.78MB
108,2026-09-10T05:11:22.710865+00:00,217,2026-09-10T05:11:22.341307+00:00,false,microservices,auth,930fb40fc06dc552bb3f95128040eeb13041af46c2b187f08fc6559966ea4b5c,tcc-microservices-experiment-auth-1,0.03,79272346,1073741824,7.38,3,45.5kB / 40.3kB,12MB / 65.5kB
108,2026-09-10T05:11:22.710865+00:00,217,2026-09-10T05:11:22.341307+00:00,false,microservices,gateway,2fe9988bcaa4d1f5335a4143dc38b7beb7f83876b2c7b80eb719b3b577f26313,tcc-microservices-experiment-gateway-1,31.27,483812966,536870912,90.13,76,98.9MB / 111MB,41.1MB / 262kB
108,2026-09-10T05:11:22.710865+00:00,217,2026-09-10T05:11:22.341307+00:00,false,microservices,mysql,f151832533a14a6015fddb28f01eb34dffd883fb75c4407ccc97ddca2411a730,tcc-microservices-experiment-mysql-1,29.32,534039757,1073741824,49.74,40,36.1MB / 91MB,46.3MB / 120MB
108,2026-09-10T05:11:22.710865+00:00,217,2026-09-10T05:11:22.341307+00:00,false,microservices,order,7d577e95f63ec54963e492ff1180746d87b7a4fa6cfcc4e46a8a0c68c4975565,tcc-microservices-experiment-order-1,0.02,74207724,1073741824,6.91,3,5.31MB / 4.14MB,3.91MB / 77.8kB
108,2026-09-10T05:11:22.710865+00:00,217,2026-09-10T05:11:22.341307+00:00,false,microservices,product,fd3c7a0981e05713c3fc16fa722e74b2b8b680ca69f649f00bca625f0c9756a2,tcc-microservices-experiment-product-1,81.01,83403735,1073741824,7.77,3,110MB / 117MB,11.8MB / 1.78MB
109,2026-09-10T05:11:23.710851+00:00,219,2026-09-10T05:11:23.341401+00:00,false,microservices,auth,930fb40fc06dc552bb3f95128040eeb13041af46c2b187f08fc6559966ea4b5c,tcc-microservices-experiment-auth-1,0.01,79272346,1073741824,7.38,3,45.5kB / 40.3kB,12MB / 65.5kB
109,2026-09-10T05:11:23.710851+00:00,219,2026-09-10T05:11:23.341401+00:00,false,microservices,gateway,2fe9988bcaa4d1f5335a4143dc38b7beb7f83876b2c7b80eb719b3b577f26313,tcc-microservices-experiment-gateway-1,30.0,483603251,536870912,90.08,76,99.7MB / 111MB,41.1MB / 262kB
109,2026-09-10T05:11:23.710851+00:00,219,2026-09-10T05:11:23.341401+00:00,false,microservices,mysql,f151832533a14a6015fddb28f01eb34dffd883fb75c4407ccc97ddca2411a730,tcc-microservices-experiment-mysql-1,24.85,534459187,1073741824,49.78,40,36.3MB / 91.7MB,46.3MB / 120MB
109,2026-09-10T05:11:23.710851+00:00,219,2026-09-10T05:11:23.341401+00:00,false,microservices,order,7d577e95f63ec54963e492ff1180746d87b7a4fa6cfcc4e46a8a0c68c4975565,tcc-microservices-experiment-order-1,0.01,74207724,1073741824,6.91,3,5.31MB / 4.14MB,3.91MB / 77.8kB
109,2026-09-10T05:11:23.710851+00:00,219,2026-09-10T05:11:23.341401+00:00,false,microservices,product,fd3c7a0981e05713c3fc16fa722e74b2b8b680ca69f649f00bca625f0c9756a2,tcc-microservices-experiment-product-1,81.18,83330335,1073741824,7.76,3,111MB / 118MB,11.8MB / 1.78MB
110,2026-09-10T05:11:24.710850+00:00,221,2026-09-10T05:11:24.342239+00:00,false,microservices,auth,930fb40fc06dc552bb3f95128040eeb13041af46c2b187f08fc6559966ea4b5c,tcc-microservices-experiment-auth-1,0.02,79272346,1073741824,7.38,3,45.5kB / 40.3kB,12MB / 65.5kB
110,2026-09-10T05:11:24.710850+00:00,221,2026-09-10T05:11:24.342239+00:00,false,microservices,gateway,2fe9988bcaa4d1f5335a4143dc38b7beb7f83876b2c7b80eb719b3b577f26313,tcc-microservices-experiment-gateway-1,29.65,484337254,536870912,90.21,76,100MB / 112MB,41.1MB / 262kB
110,2026-09-10T05:11:24.710850+00:00,221,2026-09-10T05:11:24.342239+00:00,false,microservices,mysql,f151832533a14a6015fddb28f01eb34dffd883fb75c4407ccc97ddca2411a730,tcc-microservices-experiment-mysql-1,28.38,534459187,1073741824,49.78,40,36.6MB / 92.3MB,46.3MB / 120MB
110,2026-09-10T05:11:24.710850+00:00,221,2026-09-10T05:11:24.342239+00:00,false,microservices,order,7d577e95f63ec54963e492ff1180746d87b7a4fa6cfcc4e46a8a0c68c4975565,tcc-microservices-experiment-order-1,0.02,74207724,1073741824,6.91,3,5.31MB / 4.14MB,3.91MB / 77.8kB
110,2026-09-10T05:11:24.710850+00:00,221,2026-09-10T05:11:24.342239+00:00,false,microservices,product,fd3c7a0981e05713c3fc16fa722e74b2b8b680ca69f649f00bca625f0c9756a2,tcc-microservices-experiment-product-1,83.45,83424707,1073741824,7.77,3,112MB / 119MB,11.8MB / 1.78MB
111,2026-09-10T05:11:25.710893+00:00,223,2026-09-10T05:11:25.341360+00:00,false,microservices,auth,930fb40fc06dc552bb3f95128040eeb13041af46c2b187f08fc6559966ea4b5c,tcc-microservices-experiment-auth-1,0.02,79272346,1073741824,7.38,3,45.5kB / 40.3kB,12MB / 65.5kB
111,2026-09-10T05:11:25.710893+00:00,223,2026-09-10T05:11:25.341360+00:00,false,microservices,gateway,2fe9988bcaa4d1f5335a4143dc38b7beb7f83876b2c7b80eb719b3b577f26313,tcc-microservices-experiment-gateway-1,30.59,483812966,536870912,90.11,76,101MB / 113MB,41.1MB / 262kB
111,2026-09-10T05:11:25.710893+00:00,223,2026-09-10T05:11:25.341360+00:00,false,microservices,mysql,f151832533a14a6015fddb28f01eb34dffd883fb75c4407ccc97ddca2411a730,tcc-microservices-experiment-mysql-1,25.07,534249472,1073741824,49.75,40,36.8MB / 93MB,46.3MB / 120MB
111,2026-09-10T05:11:25.710893+00:00,223,2026-09-10T05:11:25.341360+00:00,false,microservices,order,7d577e95f63ec54963e492ff1180746d87b7a4fa6cfcc4e46a8a0c68c4975565,tcc-microservices-experiment-order-1,0.02,74207724,1073741824,6.91,3,5.31MB / 4.14MB,3.91MB / 77.8kB
111,2026-09-10T05:11:25.710893+00:00,223,2026-09-10T05:11:25.341360+00:00,false,microservices,product,fd3c7a0981e05713c3fc16fa722e74b2b8b680ca69f649f00bca625f0c9756a2,tcc-microservices-experiment-product-1,81.51,83739279,1073741824,7.8,3,112MB / 120MB,11.8MB / 1.78MB
112,2026-09-10T05:11:26.710862+00:00,225,2026-09-10T05:11:26.341218+00:00,false,microservices,auth,930fb40fc06dc552bb3f95128040eeb13041af46c2b187f08fc6559966ea4b5c,tcc-microservices-experiment-auth-1,0.02,79272346,1073741824,7.38,3,45.5kB / 40.3kB,12MB / 65.5kB
112,2026-09-10T05:11:26.710862+00:00,225,2026-09-10T05:11:26.341218+00:00,false,microservices,gateway,2fe9988bcaa4d1f5335a4143dc38b7beb7f83876b2c7b80eb719b3b577f26313,tcc-microservices-experiment-gateway-1,28.82,483078963,536870912,89.98,69,102MB / 114MB,41.1MB / 262kB
112,2026-09-10T05:11:26.710862+00:00,225,2026-09-10T05:11:26.341218+00:00,false,microservices,mysql,f151832533a14a6015fddb28f01eb34dffd883fb75c4407ccc97ddca2411a730,tcc-microservices-experiment-mysql-1,30.12,533830042,1073741824,49.72,40,37MB / 93.6MB,46.3MB / 120MB
112,2026-09-10T05:11:26.710862+00:00,225,2026-09-10T05:11:26.341218+00:00,false,microservices,order,7d577e95f63ec54963e492ff1180746d87b7a4fa6cfcc4e46a8a0c68c4975565,tcc-microservices-experiment-order-1,0.02,74207724,1073741824,6.91,3,5.31MB / 4.14MB,3.91MB / 77.8kB
112,2026-09-10T05:11:26.710862+00:00,225,2026-09-10T05:11:26.341218+00:00,false,microservices,product,fd3c7a0981e05713c3fc16fa722e74b2b8b680ca69f649f00bca625f0c9756a2,tcc-microservices-experiment-product-1,80.37,83550536,1073741824,7.78,3,113MB / 121MB,11.8MB / 1.78MB
113,2026-09-10T05:11:27.710862+00:00,227,2026-09-10T05:11:27.340963+00:00,false,microservices,auth,930fb40fc06dc552bb3f95128040eeb13041af46c2b187f08fc6559966ea4b5c,tcc-microservices-experiment-auth-1,0.01,79272346,1073741824,7.38,3,45.5kB / 40.3kB,12MB / 65.5kB
113,2026-09-10T05:11:27.710862+00:00,227,2026-09-10T05:11:27.340963+00:00,false,microservices,gateway,2fe9988bcaa4d1f5335a4143dc38b7beb7f83876b2c7b80eb719b3b577f26313,tcc-microservices-experiment-gateway-1,30.6,483183821,536870912,90.0,69,103MB / 115MB,41.1MB / 274kB
113,2026-09-10T05:11:27.710862+00:00,227,2026-09-10T05:11:27.340963+00:00,false,microservices,mysql,f151832533a14a6015fddb28f01eb34dffd883fb75c4407ccc97ddca2411a730,tcc-microservices-experiment-mysql-1,23.78,533830042,1073741824,49.72,40,37.3MB / 94.3MB,46.3MB / 120MB
113,2026-09-10T05:11:27.710862+00:00,227,2026-09-10T05:11:27.340963+00:00,false,microservices,order,7d577e95f63ec54963e492ff1180746d87b7a4fa6cfcc4e46a8a0c68c4975565,tcc-microservices-experiment-order-1,0.02,74207724,1073741824,6.91,3,5.31MB / 4.14MB,3.91MB / 77.8kB
113,2026-09-10T05:11:27.710862+00:00,227,2026-09-10T05:11:27.340963+00:00,false,microservices,product,fd3c7a0981e05713c3fc16fa722e74b2b8b680ca69f649f00bca625f0c9756a2,tcc-microservices-experiment-product-1,82.95,83225477,1073741824,7.75,3,114MB / 122MB,11.8MB / 1.78MB
114,2026-09-10T05:11:28.710888+00:00,229,2026-09-10T05:11:28.342426+00:00,false,microservices,auth,930fb40fc06dc552bb3f95128040eeb13041af46c2b187f08fc6559966ea4b5c,tcc-microservices-experiment-auth-1,0.01,79272346,1073741824,7.38,3,45.5kB / 40.3kB,12MB / 65.5kB
114,2026-09-10T05:11:28.710888+00:00,229,2026-09-10T05:11:28.342426+00:00,false,microservices,gateway,2fe9988bcaa4d1f5335a4143dc38b7beb7f83876b2c7b80eb719b3b577f26313,tcc-microservices-experiment-gateway-1,29.06,482449818,536870912,89.87,69,103MB / 116MB,41.1MB / 274kB
114,2026-09-10T05:11:28.710888+00:00,229,2026-09-10T05:11:28.342426+00:00,false,microservices,mysql,f151832533a14a6015fddb28f01eb34dffd883fb75c4407ccc97ddca2411a730,tcc-microservices-experiment-mysql-1,28.73,534144614,1073741824,49.75,40,37.5MB / 94.9MB,46.3MB / 120MB
114,2026-09-10T05:11:28.710888+00:00,229,2026-09-10T05:11:28.342426+00:00,false,microservices,order,7d577e95f63ec54963e492ff1180746d87b7a4fa6cfcc4e46a8a0c68c4975565,tcc-microservices-experiment-order-1,0.02,74207724,1073741824,6.91,3,5.31MB / 4.14MB,3.91MB / 77.8kB
114,2026-09-10T05:11:28.710888+00:00,229,2026-09-10T05:11:28.342426+00:00,false,microservices,product,fd3c7a0981e05713c3fc16fa722e74b2b8b680ca69f649f00bca625f0c9756a2,tcc-microservices-experiment-product-1,82.09,83865108,1073741824,7.81,3,115MB / 123MB,11.8MB / 3.29MB
115,2026-09-10T05:11:29.710862+00:00,231,2026-09-10T05:11:29.341352+00:00,false,microservices,auth,930fb40fc06dc552bb3f95128040eeb13041af46c2b187f08fc6559966ea4b5c,tcc-microservices-experiment-auth-1,0.02,79272346,1073741824,7.38,3,45.5kB / 40.3kB,12MB / 65.5kB
115,2026-09-10T05:11:29.710862+00:00,231,2026-09-10T05:11:29.341352+00:00,false,microservices,gateway,2fe9988bcaa4d1f5335a4143dc38b7beb7f83876b2c7b80eb719b3b577f26313,tcc-microservices-experiment-gateway-1,28.55,482554675,536870912,89.89,69,104MB / 116MB,41.1MB / 274kB
115,2026-09-10T05:11:29.710862+00:00,231,2026-09-10T05:11:29.341352+00:00,false,microservices,mysql,f151832533a14a6015fddb28f01eb34dffd883fb75c4407ccc97ddca2411a730,tcc-microservices-experiment-mysql-1,25.28,534354330,1073741824,49.76,40,37.8MB / 95.6MB,46.3MB / 120MB
115,2026-09-10T05:11:29.710862+00:00,231,2026-09-10T05:11:29.341352+00:00,false,microservices,order,7d577e95f63ec54963e492ff1180746d87b7a4fa6cfcc4e46a8a0c68c4975565,tcc-microservices-experiment-order-1,0.01,74207724,1073741824,6.91,3,5.31MB / 4.14MB,3.91MB / 77.8kB
115,2026-09-10T05:11:29.710862+00:00,231,2026-09-10T05:11:29.341352+00:00,false,microservices,product,fd3c7a0981e05713c3fc16fa722e74b2b8b680ca69f649f00bca625f0c9756a2,tcc-microservices-experiment-product-1,81.28,84158710,1073741824,7.84,3,116MB / 123MB,11.8MB / 3.29MB
116,2026-09-10T05:11:30.710867+00:00,233,2026-09-10T05:11:30.341214+00:00,false,microservices,auth,930fb40fc06dc552bb3f95128040eeb13041af46c2b187f08fc6559966ea4b5c,tcc-microservices-experiment-auth-1,0.02,79272346,1073741824,7.38,3,45.5kB / 40.3kB,12MB / 65.5kB
116,2026-09-10T05:11:30.710867+00:00,233,2026-09-10T05:11:30.341214+00:00,false,microservices,gateway,2fe9988bcaa4d1f5335a4143dc38b7beb7f83876b2c7b80eb719b3b577f26313,tcc-microservices-experiment-gateway-1,29.78,482764390,536870912,89.92,69,105MB / 117MB,41.1MB / 274kB
116,2026-09-10T05:11:30.710867+00:00,233,2026-09-10T05:11:30.341214+00:00,false,microservices,mysql,f151832533a14a6015fddb28f01eb34dffd883fb75c4407ccc97ddca2411a730,tcc-microservices-experiment-mysql-1,28.93,534459187,1073741824,49.78,40,38MB / 96.2MB,46.3MB / 120MB
116,2026-09-10T05:11:30.710867+00:00,233,2026-09-10T05:11:30.341214+00:00,false,microservices,order,7d577e95f63ec54963e492ff1180746d87b7a4fa6cfcc4e46a8a0c68c4975565,tcc-microservices-experiment-order-1,0.02,74207724,1073741824,6.91,3,5.31MB / 4.14MB,3.91MB / 77.8kB
116,2026-09-10T05:11:30.710867+00:00,233,2026-09-10T05:11:30.341214+00:00,false,microservices,product,fd3c7a0981e05713c3fc16fa722e74b2b8b680ca69f649f00bca625f0c9756a2,tcc-microservices-experiment-product-1,81.66,83445678,1073741824,7.77,3,117MB / 124MB,11.8MB / 3.29MB
117,2026-09-10T05:11:31.710870+00:00,235,2026-09-10T05:11:31.341340+00:00,false,microservices,auth,930fb40fc06dc552bb3f95128040eeb13041af46c2b187f08fc6559966ea4b5c,tcc-microservices-experiment-auth-1,0.01,79272346,1073741824,7.38,3,45.5kB / 40.3kB,12MB / 65.5kB
117,2026-09-10T05:11:31.710870+00:00,235,2026-09-10T05:11:31.341340+00:00,false,microservices,gateway,2fe9988bcaa4d1f5335a4143dc38b7beb7f83876b2c7b80eb719b3b577f26313,tcc-microservices-experiment-gateway-1,29.84,483917824,536870912,90.15,69,106MB / 118MB,41.1MB / 274kB
117,2026-09-10T05:11:31.710870+00:00,235,2026-09-10T05:11:31.341340+00:00,false,microservices,mysql,f151832533a14a6015fddb28f01eb34dffd883fb75c4407ccc97ddca2411a730,tcc-microservices-experiment-mysql-1,24.81,534773760,1073741824,49.8,40,38.3MB / 96.9MB,46.3MB / 120MB
117,2026-09-10T05:11:31.710870+00:00,235,2026-09-10T05:11:31.341340+00:00,false,microservices,order,7d577e95f63ec54963e492ff1180746d87b7a4fa6cfcc4e46a8a0c68c4975565,tcc-microservices-experiment-order-1,0.02,74207724,1073741824,6.91,3,5.31MB / 4.14MB,3.91MB / 77.8kB
117,2026-09-10T05:11:31.710870+00:00,235,2026-09-10T05:11:31.341340+00:00,false,microservices,product,fd3c7a0981e05713c3fc16fa722e74b2b8b680ca69f649f00bca625f0c9756a2,tcc-microservices-experiment-product-1,81.23,84274053,1073741824,7.85,3,117MB / 125MB,11.8MB / 3.29MB
118,2026-09-10T05:11:32.710875+00:00,237,2026-09-10T05:11:32.341274+00:00,false,microservices,auth,930fb40fc06dc552bb3f95128040eeb13041af46c2b187f08fc6559966ea4b5c,tcc-microservices-experiment-auth-1,0.02,79272346,1073741824,7.38,3,45.5kB / 40.3kB,12MB / 65.5kB
118,2026-09-10T05:11:32.710875+00:00,237,2026-09-10T05:11:32.341274+00:00,false,microservices,gateway,2fe9988bcaa4d1f5335a4143dc38b7beb7f83876b2c7b80eb719b3b577f26313,tcc-microservices-experiment-gateway-1,30.43,483078963,536870912,89.98,69,106MB / 119MB,41.1MB / 274kB
118,2026-09-10T05:11:32.710875+00:00,237,2026-09-10T05:11:32.341274+00:00,false,microservices,mysql,f151832533a14a6015fddb28f01eb34dffd883fb75c4407ccc97ddca2411a730,tcc-microservices-experiment-mysql-1,28.91,535193190,1073741824,49.85,40,38.5MB / 97.5MB,46.3MB / 120MB
118,2026-09-10T05:11:32.710875+00:00,237,2026-09-10T05:11:32.341274+00:00,false,microservices,order,7d577e95f63ec54963e492ff1180746d87b7a4fa6cfcc4e46a8a0c68c4975565,tcc-microservices-experiment-order-1,0.02,74207724,1073741824,6.91,3,5.31MB / 4.14MB,3.91MB / 77.8kB
118,2026-09-10T05:11:32.710875+00:00,237,2026-09-10T05:11:32.341274+00:00,false,microservices,product,fd3c7a0981e05713c3fc16fa722e74b2b8b680ca69f649f00bca625f0c9756a2,tcc-microservices-experiment-product-1,81.32,82973819,1073741824,7.73,3,118MB / 126MB,11.8MB / 3.29MB
119,2026-09-10T05:11:33.710860+00:00,239,2026-09-10T05:11:33.340910+00:00,false,microservices,auth,930fb40fc06dc552bb3f95128040eeb13041af46c2b187f08fc6559966ea4b5c,tcc-microservices-experiment-auth-1,0.02,79272346,1073741824,7.38,3,45.5kB / 40.3kB,12MB / 65.5kB
119,2026-09-10T05:11:33.710860+00:00,239,2026-09-10T05:11:33.340910+00:00,false,microservices,gateway,2fe9988bcaa4d1f5335a4143dc38b7beb7f83876b2c7b80eb719b3b577f26313,tcc-microservices-experiment-gateway-1,28.98,483288678,536870912,90.03,69,107MB / 120MB,41.1MB / 274kB
119,2026-09-10T05:11:33.710860+00:00,239,2026-09-10T05:11:33.340910+00:00,false,microservices,mysql,f151832533a14a6015fddb28f01eb34dffd883fb75c4407ccc97ddca2411a730,tcc-microservices-experiment-mysql-1,25.05,534354330,1073741824,49.77,40,38.7MB / 98.2MB,46.3MB / 120MB
119,2026-09-10T05:11:33.710860+00:00,239,2026-09-10T05:11:33.340910+00:00,false,microservices,order,7d577e95f63ec54963e492ff1180746d87b7a4fa6cfcc4e46a8a0c68c4975565,tcc-microservices-experiment-order-1,0.02,74207724,1073741824,6.91,3,5.31MB / 4.14MB,3.91MB / 77.8kB
119,2026-09-10T05:11:33.710860+00:00,239,2026-09-10T05:11:33.340910+00:00,false,microservices,product,fd3c7a0981e05713c3fc16fa722e74b2b8b680ca69f649f00bca625f0c9756a2,tcc-microservices-experiment-product-1,81.25,83718308,1073741824,7.8,3,119MB / 127MB,11.8MB / 3.29MB
120,2026-09-10T05:11:34.710882+00:00,241,2026-09-10T05:11:34.341408+00:00,false,microservices,auth,930fb40fc06dc552bb3f95128040eeb13041af46c2b187f08fc6559966ea4b5c,tcc-microservices-experiment-auth-1,0.01,79272346,1073741824,7.38,3,45.5kB / 40.3kB,12MB / 65.5kB
120,2026-09-10T05:11:34.710882+00:00,241,2026-09-10T05:11:34.341408+00:00,false,microservices,gateway,2fe9988bcaa4d1f5335a4143dc38b7beb7f83876b2c7b80eb719b3b577f26313,tcc-microservices-experiment-gateway-1,28.67,482764390,536870912,89.91,69,108MB / 121MB,41.1MB / 274kB
120,2026-09-10T05:11:34.710882+00:00,241,2026-09-10T05:11:34.341408+00:00,false,microservices,mysql,f151832533a14a6015fddb28f01eb34dffd883fb75c4407ccc97ddca2411a730,tcc-microservices-experiment-mysql-1,29.76,533934899,1073741824,49.73,40,39MB / 98.9MB,46.3MB / 120MB
120,2026-09-10T05:11:34.710882+00:00,241,2026-09-10T05:11:34.341408+00:00,false,microservices,order,7d577e95f63ec54963e492ff1180746d87b7a4fa6cfcc4e46a8a0c68c4975565,tcc-microservices-experiment-order-1,0.02,74207724,1073741824,6.91,3,5.31MB / 4.14MB,3.91MB / 77.8kB
120,2026-09-10T05:11:34.710882+00:00,241,2026-09-10T05:11:34.341408+00:00,false,microservices,product,fd3c7a0981e05713c3fc16fa722e74b2b8b680ca69f649f00bca625f0c9756a2,tcc-microservices-experiment-product-1,81.46,83487621,1073741824,7.78,3,120MB / 128MB,11.8MB / 3.29MB
