sample_index,captured_at_utc,docker_refresh_sequence,docker_refresh_captured_at_utc,docker_refresh_reused,architecture,service,container_id,container_name,cpu_percent,memory_used_bytes,memory_limit_bytes,memory_percent,pids,network_io,block_io
1,2026-09-10T08:08:55.363521+00:00,3,2026-09-10T08:08:55.003392+00:00,false,microservices,auth,fc45e39c9bec9ccb22b5e901d76ba35a628770b0bb7e66bb6db921a9624d3b24,tcc-microservices-experiment-auth-1,0.02,79209431,1073741824,7.38,3,45.5kB / 40.3kB,4.26MB / 65.5kB
1,2026-09-10T08:08:55.363521+00:00,3,2026-09-10T08:08:55.003392+00:00,false,microservices,gateway,01bcfc52f59e6e0b3b3b8f648dc141f9eeca0067189a3ff0eef432b0c504860a,tcc-microservices-experiment-gateway-1,0.27,471754342,536870912,87.88,84,20.7MB / 22.9MB,34.1MB / 168kB
1,2026-09-10T08:08:55.363521+00:00,3,2026-09-10T08:08:55.003392+00:00,false,microservices,mysql,09b94b02911e21d5919bf92874209f05c048b612fded5cc2d25c06307ce5544e,tcc-microservices-experiment-mysql-1,0.88,533620326,1073741824,49.7,40,10.6MB / 27.5MB,46MB / 121MB
1,2026-09-10T08:08:55.363521+00:00,3,2026-09-10T08:08:55.003392+00:00,false,microservices,order,deec5e9c066eb65d79f18feb0dc2ae51dc37ae774e8a961aca79260e29b798cc,tcc-microservices-experiment-order-1,0.02,78748058,1073741824,7.33,3,31.7MB / 28.3MB,7.09MB / 77.8kB
1,2026-09-10T08:08:55.363521+00:00,3,2026-09-10T08:08:55.003392+00:00,false,microservices,product,1daf7d182b350027a9a90974b326ad43fcf55adfa6b48f0623ea7cff4b971f29,tcc-microservices-experiment-product-1,0.03,78611743,1073741824,7.32,3,416kB / 282kB,7.93MB / 81.9kB
2,2026-09-10T08:08:56.363534+00:00,5,2026-09-10T08:08:56.004009+00:00,false,microservices,auth,fc45e39c9bec9ccb22b5e901d76ba35a628770b0bb7e66bb6db921a9624d3b24,tcc-microservices-experiment-auth-1,0.02,79209431,1073741824,7.38,3,45.5kB / 40.3kB,4.26MB / 65.5kB
2,2026-09-10T08:08:56.363534+00:00,5,2026-09-10T08:08:56.004009+00:00,false,microservices,gateway,01bcfc52f59e6e0b3b3b8f648dc141f9eeca0067189a3ff0eef432b0c504860a,tcc-microservices-experiment-gateway-1,0.22,471754342,536870912,87.87,84,20.7MB / 22.9MB,34.1MB / 168kB
2,2026-09-10T08:08:56.363534+00:00,5,2026-09-10T08:08:56.004009+00:00,false,microservices,mysql,09b94b02911e21d5919bf92874209f05c048b612fded5cc2d25c06307ce5544e,tcc-microservices-experiment-mysql-1,4.76,534039757,1073741824,49.74,40,10.6MB / 27.5MB,46MB / 121MB
2,2026-09-10T08:08:56.363534+00:00,5,2026-09-10T08:08:56.004009+00:00,false,microservices,order,deec5e9c066eb65d79f18feb0dc2ae51dc37ae774e8a961aca79260e29b798cc,tcc-microservices-experiment-order-1,0.02,78601257,1073741824,7.32,3,31.7MB / 28.3MB,7.09MB / 77.8kB
2,2026-09-10T08:08:56.363534+00:00,5,2026-09-10T08:08:56.004009+00:00,false,microservices,product,1daf7d182b350027a9a90974b326ad43fcf55adfa6b48f0623ea7cff4b971f29,tcc-microservices-experiment-product-1,0.02,78611743,1073741824,7.32,3,416kB / 282kB,7.93MB / 81.9kB
3,2026-09-10T08:08:57.363516+00:00,7,2026-09-10T08:08:57.003387+00:00,false,microservices,auth,fc45e39c9bec9ccb22b5e901d76ba35a628770b0bb7e66bb6db921a9624d3b24,tcc-microservices-experiment-auth-1,0.02,79209431,1073741824,7.38,3,45.5kB / 40.3kB,4.26MB / 65.5kB
3,2026-09-10T08:08:57.363516+00:00,7,2026-09-10T08:08:57.003387+00:00,false,microservices,gateway,01bcfc52f59e6e0b3b3b8f648dc141f9eeca0067189a3ff0eef432b0c504860a,tcc-microservices-experiment-gateway-1,83.8,474690355,536870912,88.42,84,21MB / 23.2MB,34.1MB / 168kB
3,2026-09-10T08:08:57.363516+00:00,7,2026-09-10T08:08:57.003387+00:00,false,microservices,mysql,09b94b02911e21d5919bf92874209f05c048b612fded5cc2d25c06307ce5544e,tcc-microservices-experiment-mysql-1,11.01,533725184,1073741824,49.71,40,10.7MB / 27.7MB,46MB / 121MB
3,2026-09-10T08:08:57.363516+00:00,7,2026-09-10T08:08:57.003387+00:00,false,microservices,order,deec5e9c066eb65d79f18feb0dc2ae51dc37ae774e8a961aca79260e29b798cc,tcc-microservices-experiment-order-1,41.88,79943434,1073741824,7.45,3,32MB / 28.6MB,7.09MB / 77.8kB
3,2026-09-10T08:08:57.363516+00:00,7,2026-09-10T08:08:57.003387+00:00,false,microservices,product,1daf7d182b350027a9a90974b326ad43fcf55adfa6b48f0623ea7cff4b971f29,tcc-microservices-experiment-product-1,0.02,78611743,1073741824,7.32,3,416kB / 282kB,7.93MB / 81.9kB
4,2026-09-10T08:08:58.363514+00:00,9,2026-09-10T08:08:58.004328+00:00,false,microservices,auth,fc45e39c9bec9ccb22b5e901d76ba35a628770b0bb7e66bb6db921a9624d3b24,tcc-microservices-experiment-auth-1,0.02,79209431,1073741824,7.38,3,45.5kB / 40.3kB,4.26MB / 65.5kB
4,2026-09-10T08:08:58.363514+00:00,9,2026-09-10T08:08:58.004328+00:00,false,microservices,gateway,01bcfc52f59e6e0b3b3b8f648dc141f9eeca0067189a3ff0eef432b0c504860a,tcc-microservices-experiment-gateway-1,52.77,475634074,536870912,88.6,84,21.5MB / 23.9MB,34.1MB / 184kB
4,2026-09-10T08:08:58.363514+00:00,9,2026-09-10T08:08:58.004328+00:00,false,microservices,mysql,09b94b02911e21d5919bf92874209f05c048b612fded5cc2d25c06307ce5544e,tcc-microservices-experiment-mysql-1,26.27,534564045,1073741824,49.79,40,10.9MB / 28.3MB,46MB / 121MB
4,2026-09-10T08:08:58.363514+00:00,9,2026-09-10T08:08:58.004328+00:00,false,microservices,order,deec5e9c066eb65d79f18feb0dc2ae51dc37ae774e8a961aca79260e29b798cc,tcc-microservices-experiment-order-1,82.51,80037806,1073741824,7.45,3,32.8MB / 29.2MB,7.09MB / 77.8kB
4,2026-09-10T08:08:58.363514+00:00,9,2026-09-10T08:08:58.004328+00:00,false,microservices,product,1daf7d182b350027a9a90974b326ad43fcf55adfa6b48f0623ea7cff4b971f29,tcc-microservices-experiment-product-1,0.03,78611743,1073741824,7.32,3,416kB / 282kB,7.93MB / 81.9kB
5,2026-09-10T08:08:59.363501+00:00,11,2026-09-10T08:08:59.003395+00:00,false,microservices,auth,fc45e39c9bec9ccb22b5e901d76ba35a628770b0bb7e66bb6db921a9624d3b24,tcc-microservices-experiment-auth-1,0.02,79209431,1073741824,7.38,3,45.5kB / 40.3kB,4.26MB / 65.5kB
5,2026-09-10T08:08:59.363501+00:00,11,2026-09-10T08:08:59.003395+00:00,false,microservices,gateway,01bcfc52f59e6e0b3b3b8f648dc141f9eeca0067189a3ff0eef432b0c504860a,tcc-microservices-experiment-gateway-1,42.99,475634074,536870912,88.6,84,22.2MB / 24.6MB,34.1MB / 184kB
5,2026-09-10T08:08:59.363501+00:00,11,2026-09-10T08:08:59.003395+00:00,false,microservices,mysql,09b94b02911e21d5919bf92874209f05c048b612fded5cc2d25c06307ce5544e,tcc-microservices-experiment-mysql-1,23.24,534668902,1073741824,49.8,40,11.1MB / 29MB,46MB / 121MB
5,2026-09-10T08:08:59.363501+00:00,11,2026-09-10T08:08:59.003395+00:00,false,microservices,order,deec5e9c066eb65d79f18feb0dc2ae51dc37ae774e8a961aca79260e29b798cc,tcc-microservices-experiment-order-1,83.68,80258007,1073741824,7.47,3,33.6MB / 30MB,7.09MB / 77.8kB
5,2026-09-10T08:08:59.363501+00:00,11,2026-09-10T08:08:59.003395+00:00,false,microservices,product,1daf7d182b350027a9a90974b326ad43fcf55adfa6b48f0623ea7cff4b971f29,tcc-microservices-experiment-product-1,0.02,78611743,1073741824,7.32,3,416kB / 282kB,7.93MB / 81.9kB
6,2026-09-10T08:09:00.363519+00:00,13,2026-09-10T08:09:00.003266+00:00,false,microservices,auth,fc45e39c9bec9ccb22b5e901d76ba35a628770b0bb7e66bb6db921a9624d3b24,tcc-microservices-experiment-auth-1,0.02,79209431,1073741824,7.38,3,45.5kB / 40.3kB,4.26MB / 65.5kB
6,2026-09-10T08:09:00.363519+00:00,13,2026-09-10T08:09:00.003266+00:00,false,microservices,gateway,01bcfc52f59e6e0b3b3b8f648dc141f9eeca0067189a3ff0eef432b0c504860a,tcc-microservices-experiment-gateway-1,88.45,475634074,536870912,88.59,84,22.9MB / 25.4MB,34.1MB / 184kB
6,2026-09-10T08:09:00.363519+00:00,13,2026-09-10T08:09:00.003266+00:00,false,microservices,mysql,09b94b02911e21d5919bf92874209f05c048b612fded5cc2d25c06307ce5544e,tcc-microservices-experiment-mysql-1,27.59,534249472,1073741824,49.76,40,11.3MB / 29.7MB,46MB / 121MB
6,2026-09-10T08:09:00.363519+00:00,13,2026-09-10T08:09:00.003266+00:00,false,microservices,order,deec5e9c066eb65d79f18feb0dc2ae51dc37ae774e8a961aca79260e29b798cc,tcc-microservices-experiment-order-1,84.01,80436265,1073741824,7.49,3,34.5MB / 30.8MB,7.09MB / 77.8kB
6,2026-09-10T08:09:00.363519+00:00,13,2026-09-10T08:09:00.003266+00:00,false,microservices,product,1daf7d182b350027a9a90974b326ad43fcf55adfa6b48f0623ea7cff4b971f29,tcc-microservices-experiment-product-1,0.02,78611743,1073741824,7.32,3,416kB / 282kB,7.93MB / 81.9kB
7,2026-09-10T08:09:01.363531+00:00,15,2026-09-10T08:09:01.003494+00:00,false,microservices,auth,fc45e39c9bec9ccb22b5e901d76ba35a628770b0bb7e66bb6db921a9624d3b24,tcc-microservices-experiment-auth-1,0.02,79209431,1073741824,7.38,3,45.5kB / 40.3kB,4.26MB / 65.5kB
7,2026-09-10T08:09:01.363531+00:00,15,2026-09-10T08:09:01.003494+00:00,false,microservices,gateway,01bcfc52f59e6e0b3b3b8f648dc141f9eeca0067189a3ff0eef432b0c504860a,tcc-microservices-experiment-gateway-1,104.27,476263219,536870912,88.7,84,23.6MB / 26.1MB,34.1MB / 184kB
7,2026-09-10T08:09:01.363531+00:00,15,2026-09-10T08:09:01.003494+00:00,false,microservices,mysql,09b94b02911e21d5919bf92874209f05c048b612fded5cc2d25c06307ce5544e,tcc-microservices-experiment-mysql-1,23.27,534459187,1073741824,49.78,40,11.5MB / 30.4MB,46MB / 121MB
7,2026-09-10T08:09:01.363531+00:00,15,2026-09-10T08:09:01.003494+00:00,false,microservices,order,deec5e9c066eb65d79f18feb0dc2ae51dc37ae774e8a961aca79260e29b798cc,tcc-microservices-experiment-order-1,83.56,79524004,1073741824,7.41,3,35.4MB / 31.6MB,7.09MB / 77.8kB
7,2026-09-10T08:09:01.363531+00:00,15,2026-09-10T08:09:01.003494+00:00,false,microservices,product,1daf7d182b350027a9a90974b326ad43fcf55adfa6b48f0623ea7cff4b971f29,tcc-microservices-experiment-product-1,0.02,78611743,1073741824,7.32,3,416kB / 282kB,7.93MB / 81.9kB
8,2026-09-10T08:09:02.363525+00:00,17,2026-09-10T08:09:02.003481+00:00,false,microservices,auth,fc45e39c9bec9ccb22b5e901d76ba35a628770b0bb7e66bb6db921a9624d3b24,tcc-microservices-experiment-auth-1,0.02,79209431,1073741824,7.38,3,45.5kB / 40.3kB,4.26MB / 65.5kB
8,2026-09-10T08:09:02.363525+00:00,17,2026-09-10T08:09:02.003481+00:00,false,microservices,gateway,01bcfc52f59e6e0b3b3b8f648dc141f9eeca0067189a3ff0eef432b0c504860a,tcc-microservices-experiment-gateway-1,38.36,476263219,536870912,88.71,84,24.3MB / 26.9MB,34.1MB / 184kB
8,2026-09-10T08:09:02.363525+00:00,17,2026-09-10T08:09:02.003481+00:00,false,microservices,mysql,09b94b02911e21d5919bf92874209f05c048b612fded5cc2d25c06307ce5544e,tcc-microservices-experiment-mysql-1,28.39,535402906,1073741824,49.86,40,11.7MB / 31.2MB,46MB / 121MB
8,2026-09-10T08:09:02.363525+00:00,17,2026-09-10T08:09:02.003481+00:00,false,microservices,order,deec5e9c066eb65d79f18feb0dc2ae51dc37ae774e8a961aca79260e29b798cc,tcc-microservices-experiment-order-1,82.51,80394322,1073741824,7.49,3,36.3MB / 32.5MB,7.09MB / 77.8kB
8,2026-09-10T08:09:02.363525+00:00,17,2026-09-10T08:09:02.003481+00:00,false,microservices,product,1daf7d182b350027a9a90974b326ad43fcf55adfa6b48f0623ea7cff4b971f29,tcc-microservices-experiment-product-1,0.02,78611743,1073741824,7.32,3,416kB / 282kB,7.93MB / 81.9kB
9,2026-09-10T08:09:03.363532+00:00,19,2026-09-10T08:09:03.003371+00:00,false,microservices,auth,fc45e39c9bec9ccb22b5e901d76ba35a628770b0bb7e66bb6db921a9624d3b24,tcc-microservices-experiment-auth-1,0.02,79209431,1073741824,7.38,3,45.5kB / 40.3kB,4.26MB / 65.5kB
9,2026-09-10T08:09:03.363532+00:00,19,2026-09-10T08:09:03.003371+00:00,false,microservices,gateway,01bcfc52f59e6e0b3b3b8f648dc141f9eeca0067189a3ff0eef432b0c504860a,tcc-microservices-experiment-gateway-1,38.27,475843789,536870912,88.63,84,25MB / 27.7MB,34.1MB / 184kB
9,2026-09-10T08:09:03.363532+00:00,19,2026-09-10T08:09:03.003371+00:00,false,microservices,mysql,09b94b02911e21d5919bf92874209f05c048b612fded5cc2d25c06307ce5544e,tcc-microservices-experiment-mysql-1,24.3,533934899,1073741824,49.73,40,11.9MB / 31.9MB,46MB / 121MB
9,2026-09-10T08:09:03.363532+00:00,19,2026-09-10T08:09:03.003371+00:00,false,microservices,order,deec5e9c066eb65d79f18feb0dc2ae51dc37ae774e8a961aca79260e29b798cc,tcc-microservices-experiment-order-1,81.82,80331407,1073741824,7.48,3,37.2MB / 33.3MB,7.09MB / 77.8kB
9,2026-09-10T08:09:03.363532+00:00,19,2026-09-10T08:09:03.003371+00:00,false,microservices,product,1daf7d182b350027a9a90974b326ad43fcf55adfa6b48f0623ea7cff4b971f29,tcc-microservices-experiment-product-1,0.02,78611743,1073741824,7.32,3,416kB / 282kB,7.93MB / 81.9kB
10,2026-09-10T08:09:04.363510+00:00,21,2026-09-10T08:09:04.002330+00:00,false,microservices,auth,fc45e39c9bec9ccb22b5e901d76ba35a628770b0bb7e66bb6db921a9624d3b24,tcc-microservices-experiment-auth-1,0.02,79209431,1073741824,7.38,3,45.5kB / 40.3kB,4.26MB / 65.5kB
10,2026-09-10T08:09:04.363510+00:00,21,2026-09-10T08:09:04.002330+00:00,false,microservices,gateway,01bcfc52f59e6e0b3b3b8f648dc141f9eeca0067189a3ff0eef432b0c504860a,tcc-microservices-experiment-gateway-1,49.83,476577792,536870912,88.77,84,25.7MB / 28.5MB,34.1MB / 184kB
10,2026-09-10T08:09:04.363510+00:00,21,2026-09-10T08:09:04.002330+00:00,false,microservices,mysql,09b94b02911e21d5919bf92874209f05c048b612fded5cc2d25c06307ce5544e,tcc-microservices-experiment-mysql-1,26.8,539387494,1073741824,50.24,41,12.1MB / 32.7MB,46MB / 121MB
10,2026-09-10T08:09:04.363510+00:00,21,2026-09-10T08:09:04.002330+00:00,false,microservices,order,deec5e9c066eb65d79f18feb0dc2ae51dc37ae774e8a961aca79260e29b798cc,tcc-microservices-experiment-order-1,82.13,80404808,1073741824,7.49,3,38.1MB / 34.1MB,7.09MB / 77.8kB
10,2026-09-10T08:09:04.363510+00:00,21,2026-09-10T08:09:04.002330+00:00,false,microservices,product,1daf7d182b350027a9a90974b326ad43fcf55adfa6b48f0623ea7cff4b971f29,tcc-microservices-experiment-product-1,0.02,78611743,1073741824,7.32,3,416kB / 282kB,7.93MB / 81.9kB
11,2026-09-10T08:09:05.363498+00:00,23,2026-09-10T08:09:05.003319+00:00,false,microservices,auth,fc45e39c9bec9ccb22b5e901d76ba35a628770b0bb7e66bb6db921a9624d3b24,tcc-microservices-experiment-auth-1,0.02,79209431,1073741824,7.38,3,45.5kB / 40.3kB,4.26MB / 65.5kB
11,2026-09-10T08:09:05.363498+00:00,23,2026-09-10T08:09:05.003319+00:00,false,microservices,gateway,01bcfc52f59e6e0b3b3b8f648dc141f9eeca0067189a3ff0eef432b0c504860a,tcc-microservices-experiment-gateway-1,45.9,475634074,536870912,88.59,84,26.5MB / 29.3MB,34.1MB / 184kB
11,2026-09-10T08:09:05.363498+00:00,23,2026-09-10T08:09:05.003319+00:00,false,microservices,mysql,09b94b02911e21d5919bf92874209f05c048b612fded5cc2d25c06307ce5544e,tcc-microservices-experiment-mysql-1,26.48,534249472,1073741824,49.75,40,12.3MB / 33.4MB,46MB / 121MB
11,2026-09-10T08:09:05.363498+00:00,23,2026-09-10T08:09:05.003319+00:00,false,microservices,order,deec5e9c066eb65d79f18feb0dc2ae51dc37ae774e8a961aca79260e29b798cc,tcc-microservices-experiment-order-1,81.63,80572580,1073741824,7.5,3,39MB / 35MB,7.09MB / 77.8kB
11,2026-09-10T08:09:05.363498+00:00,23,2026-09-10T08:09:05.003319+00:00,false,microservices,product,1daf7d182b350027a9a90974b326ad43fcf55adfa6b48f0623ea7cff4b971f29,tcc-microservices-experiment-product-1,0.02,78611743,1073741824,7.32,3,416kB / 282kB,7.93MB / 81.9kB
12,2026-09-10T08:09:06.363523+00:00,25,2026-09-10T08:09:06.003286+00:00,false,microservices,auth,fc45e39c9bec9ccb22b5e901d76ba35a628770b0bb7e66bb6db921a9624d3b24,tcc-microservices-experiment-auth-1,0.02,79209431,1073741824,7.38,3,45.5kB / 40.3kB,4.26MB / 65.5kB
12,2026-09-10T08:09:06.363523+00:00,25,2026-09-10T08:09:06.003286+00:00,false,microservices,gateway,01bcfc52f59e6e0b3b3b8f648dc141f9eeca0067189a3ff0eef432b0c504860a,tcc-microservices-experiment-gateway-1,46.99,475634074,536870912,88.6,84,27.2MB / 30.1MB,34.1MB / 184kB
12,2026-09-10T08:09:06.363523+00:00,25,2026-09-10T08:09:06.003286+00:00,false,microservices,mysql,09b94b02911e21d5919bf92874209f05c048b612fded5cc2d25c06307ce5544e,tcc-microservices-experiment-mysql-1,24.34,533830042,1073741824,49.72,40,12.5MB / 34.2MB,46MB / 121MB
12,2026-09-10T08:09:06.363523+00:00,25,2026-09-10T08:09:06.003286+00:00,false,microservices,order,deec5e9c066eb65d79f18feb0dc2ae51dc37ae774e8a961aca79260e29b798cc,tcc-microservices-experiment-order-1,81.88,80551608,1073741824,7.5,3,39.9MB / 35.8MB,7.09MB / 77.8kB
12,2026-09-10T08:09:06.363523+00:00,25,2026-09-10T08:09:06.003286+00:00,false,microservices,product,1daf7d182b350027a9a90974b326ad43fcf55adfa6b48f0623ea7cff4b971f29,tcc-microservices-experiment-product-1,0.02,78611743,1073741824,7.32,3,416kB / 282kB,7.93MB / 81.9kB
13,2026-09-10T08:09:07.363522+00:00,27,2026-09-10T08:09:07.003317+00:00,false,microservices,auth,fc45e39c9bec9ccb22b5e901d76ba35a628770b0bb7e66bb6db921a9624d3b24,tcc-microservices-experiment-auth-1,0.02,79209431,1073741824,7.38,3,45.5kB / 40.3kB,4.26MB / 65.5kB
13,2026-09-10T08:09:07.363522+00:00,27,2026-09-10T08:09:07.003317+00:00,false,microservices,gateway,01bcfc52f59e6e0b3b3b8f648dc141f9eeca0067189a3ff0eef432b0c504860a,tcc-microservices-experiment-gateway-1,37.85,476263219,536870912,88.72,84,27.9MB / 30.9MB,34.1MB / 184kB
13,2026-09-10T08:09:07.363522+00:00,27,2026-09-10T08:09:07.003317+00:00,false,microservices,mysql,09b94b02911e21d5919bf92874209f05c048b612fded5cc2d25c06307ce5544e,tcc-microservices-experiment-mysql-1,29.05,533725184,1073741824,49.71,40,12.8MB / 34.9MB,46MB / 121MB
13,2026-09-10T08:09:07.363522+00:00,27,2026-09-10T08:09:07.003317+00:00,false,microservices,order,deec5e9c066eb65d79f18feb0dc2ae51dc37ae774e8a961aca79260e29b798cc,tcc-microservices-experiment-order-1,81.48,80897638,1073741824,7.53,3,40.9MB / 36.7MB,7.09MB / 77.8kB
13,2026-09-10T08:09:07.363522+00:00,27,2026-09-10T08:09:07.003317+00:00,false,microservices,product,1daf7d182b350027a9a90974b326ad43fcf55adfa6b48f0623ea7cff4b971f29,tcc-microservices-experiment-product-1,0.02,78611743,1073741824,7.32,3,416kB / 282kB,7.93MB / 81.9kB
14,2026-09-10T08:09:08.363520+00:00,29,2026-09-10T08:09:08.002230+00:00,false,microservices,auth,fc45e39c9bec9ccb22b5e901d76ba35a628770b0bb7e66bb6db921a9624d3b24,tcc-microservices-experiment-auth-1,0.01,79209431,1073741824,7.38,3,45.5kB / 40.3kB,4.26MB / 65.5kB
14,2026-09-10T08:09:08.363520+00:00,29,2026-09-10T08:09:08.002230+00:00,false,microservices,gateway,01bcfc52f59e6e0b3b3b8f648dc141f9eeca0067189a3ff0eef432b0c504860a,tcc-microservices-experiment-gateway-1,34.65,476158362,536870912,88.68,84,28.6MB / 31.7MB,34.1MB / 184kB
14,2026-09-10T08:09:08.363520+00:00,29,2026-09-10T08:09:08.002230+00:00,false,microservices,mysql,09b94b02911e21d5919bf92874209f05c048b612fded5cc2d25c06307ce5544e,tcc-microservices-experiment-mysql-1,24.9,533725184,1073741824,49.71,40,13MB / 35.7MB,46MB / 121MB
14,2026-09-10T08:09:08.363520+00:00,29,2026-09-10T08:09:08.002230+00:00,false,microservices,order,deec5e9c066eb65d79f18feb0dc2ae51dc37ae774e8a961aca79260e29b798cc,tcc-microservices-experiment-order-1,80.64,80572580,1073741824,7.5,3,41.8MB / 37.5MB,7.09MB / 77.8kB
14,2026-09-10T08:09:08.363520+00:00,29,2026-09-10T08:09:08.002230+00:00,false,microservices,product,1daf7d182b350027a9a90974b326ad43fcf55adfa6b48f0623ea7cff4b971f29,tcc-microservices-experiment-product-1,0.02,78611743,1073741824,7.32,3,416kB / 282kB,7.93MB / 81.9kB
15,2026-09-10T08:09:09.363499+00:00,31,2026-09-10T08:09:09.003415+00:00,false,microservices,auth,fc45e39c9bec9ccb22b5e901d76ba35a628770b0bb7e66bb6db921a9624d3b24,tcc-microservices-experiment-auth-1,0.01,79209431,1073741824,7.38,3,45.5kB / 40.3kB,4.26MB / 65.5kB
15,2026-09-10T08:09:09.363499+00:00,31,2026-09-10T08:09:09.003415+00:00,false,microservices,gateway,01bcfc52f59e6e0b3b3b8f648dc141f9eeca0067189a3ff0eef432b0c504860a,tcc-microservices-experiment-gateway-1,38.37,476263219,536870912,88.7,84,29.3MB / 32.5MB,34.1MB / 184kB
15,2026-09-10T08:09:09.363499+00:00,31,2026-09-10T08:09:09.003415+00:00,false,microservices,mysql,09b94b02911e21d5919bf92874209f05c048b612fded5cc2d25c06307ce5544e,tcc-microservices-experiment-mysql-1,28.56,533620326,1073741824,49.7,40,13.2MB / 36.5MB,46MB / 121MB
15,2026-09-10T08:09:09.363499+00:00,31,2026-09-10T08:09:09.003415+00:00,false,microservices,order,deec5e9c066eb65d79f18feb0dc2ae51dc37ae774e8a961aca79260e29b798cc,tcc-microservices-experiment-order-1,82.3,81432412,1073741824,7.58,3,42.7MB / 38.4MB,7.09MB / 77.8kB
15,2026-09-10T08:09:09.363499+00:00,31,2026-09-10T08:09:09.003415+00:00,false,microservices,product,1daf7d182b350027a9a90974b326ad43fcf55adfa6b48f0623ea7cff4b971f29,tcc-microservices-experiment-product-1,0.02,78611743,1073741824,7.32,3,416kB / 282kB,7.93MB / 81.9kB
16,2026-09-10T08:09:10.363527+00:00,33,2026-09-10T08:09:10.002222+00:00,false,microservices,auth,fc45e39c9bec9ccb22b5e901d76ba35a628770b0bb7e66bb6db921a9624d3b24,tcc-microservices-experiment-auth-1,0.02,79209431,1073741824,7.38,3,45.5kB / 40.3kB,4.26MB / 65.5kB
16,2026-09-10T08:09:10.363527+00:00,33,2026-09-10T08:09:10.002222+00:00,false,microservices,gateway,01bcfc52f59e6e0b3b3b8f648dc141f9eeca0067189a3ff0eef432b0c504860a,tcc-microservices-experiment-gateway-1,33.64,476368077,536870912,88.73,84,30.1MB / 33.3MB,34.1MB / 184kB
16,2026-09-10T08:09:10.363527+00:00,33,2026-09-10T08:09:10.002222+00:00,false,microservices,mysql,09b94b02911e21d5919bf92874209f05c048b612fded5cc2d25c06307ce5544e,tcc-microservices-experiment-mysql-1,24.15,533725184,1073741824,49.71,40,13.4MB / 37.2MB,46MB / 121MB
16,2026-09-10T08:09:10.363527+00:00,33,2026-09-10T08:09:10.002222+00:00,false,microservices,order,deec5e9c066eb65d79f18feb0dc2ae51dc37ae774e8a961aca79260e29b798cc,tcc-microservices-experiment-order-1,81.99,81652613,1073741824,7.6,3,43.6MB / 39.2MB,7.09MB / 77.8kB
16,2026-09-10T08:09:10.363527+00:00,33,2026-09-10T08:09:10.002222+00:00,false,microservices,product,1daf7d182b350027a9a90974b326ad43fcf55adfa6b48f0623ea7cff4b971f29,tcc-microservices-experiment-product-1,0.02,78611743,1073741824,7.32,3,416kB / 282kB,7.93MB / 81.9kB
17,2026-09-10T08:09:11.363520+00:00,35,2026-09-10T08:09:11.002685+00:00,false,microservices,auth,fc45e39c9bec9ccb22b5e901d76ba35a628770b0bb7e66bb6db921a9624d3b24,tcc-microservices-experiment-auth-1,0.02,79209431,1073741824,7.38,3,45.5kB / 40.3kB,4.26MB / 65.5kB
17,2026-09-10T08:09:11.363520+00:00,35,2026-09-10T08:09:11.002685+00:00,false,microservices,gateway,01bcfc52f59e6e0b3b3b8f648dc141f9eeca0067189a3ff0eef432b0c504860a,tcc-microservices-experiment-gateway-1,54.83,476053504,536870912,88.68,84,30.8MB / 34.1MB,34.1MB / 184kB
17,2026-09-10T08:09:11.363520+00:00,35,2026-09-10T08:09:11.002685+00:00,false,microservices,mysql,09b94b02911e21d5919bf92874209f05c048b612fded5cc2d25c06307ce5544e,tcc-microservices-experiment-mysql-1,29.48,534668902,1073741824,49.8,40,13.6MB / 38MB,46MB / 121MB
17,2026-09-10T08:09:11.363520+00:00,35,2026-09-10T08:09:11.002685+00:00,false,microservices,order,deec5e9c066eb65d79f18feb0dc2ae51dc37ae774e8a961aca79260e29b798cc,tcc-microservices-experiment-order-1,80.98,80824238,1073741824,7.53,3,44.6MB / 40.1MB,7.09MB / 77.8kB
17,2026-09-10T08:09:11.363520+00:00,35,2026-09-10T08:09:11.002685+00:00,false,microservices,product,1daf7d182b350027a9a90974b326ad43fcf55adfa6b48f0623ea7cff4b971f29,tcc-microservices-experiment-product-1,0.02,78611743,1073741824,7.32,3,416kB / 282kB,7.93MB / 81.9kB
18,2026-09-10T08:09:12.363525+00:00,37,2026-09-10T08:09:12.002405+00:00,false,microservices,auth,fc45e39c9bec9ccb22b5e901d76ba35a628770b0bb7e66bb6db921a9624d3b24,tcc-microservices-experiment-auth-1,0.02,79209431,1073741824,7.38,3,45.5kB / 40.3kB,4.26MB / 65.5kB
18,2026-09-10T08:09:12.363525+00:00,37,2026-09-10T08:09:12.002405+00:00,false,microservices,gateway,01bcfc52f59e6e0b3b3b8f648dc141f9eeca0067189a3ff0eef432b0c504860a,tcc-microservices-experiment-gateway-1,37.05,475843789,536870912,88.64,84,31.5MB / 34.9MB,34.1MB / 184kB
18,2026-09-10T08:09:12.363525+00:00,37,2026-09-10T08:09:12.002405+00:00,false,microservices,mysql,09b94b02911e21d5919bf92874209f05c048b612fded5cc2d25c06307ce5544e,tcc-microservices-experiment-mysql-1,23.92,534039757,1073741824,49.74,40,13.8MB / 38.8MB,46MB / 121MB
18,2026-09-10T08:09:12.363525+00:00,37,2026-09-10T08:09:12.002405+00:00,false,microservices,order,deec5e9c066eb65d79f18feb0dc2ae51dc37ae774e8a961aca79260e29b798cc,tcc-microservices-experiment-order-1,82.63,81180754,1073741824,7.56,3,45.5MB / 40.9MB,7.09MB / 77.8kB
18,2026-09-10T08:09:12.363525+00:00,37,2026-09-10T08:09:12.002405+00:00,false,microservices,product,1daf7d182b350027a9a90974b326ad43fcf55adfa6b48f0623ea7cff4b971f29,tcc-microservices-experiment-product-1,0.02,78611743,1073741824,7.32,3,416kB / 282kB,7.93MB / 81.9kB
19,2026-09-10T08:09:13.363525+00:00,39,2026-09-10T08:09:13.003248+00:00,false,microservices,auth,fc45e39c9bec9ccb22b5e901d76ba35a628770b0bb7e66bb6db921a9624d3b24,tcc-microservices-experiment-auth-1,0.02,79209431,1073741824,7.38,3,45.5kB / 40.3kB,4.26MB / 65.5kB
19,2026-09-10T08:09:13.363525+00:00,39,2026-09-10T08:09:13.003248+00:00,false,microservices,gateway,01bcfc52f59e6e0b3b3b8f648dc141f9eeca0067189a3ff0eef432b0c504860a,tcc-microservices-experiment-gateway-1,54.34,476368077,536870912,88.73,84,32.2MB / 35.7MB,34.1MB / 184kB
19,2026-09-10T08:09:13.363525+00:00,39,2026-09-10T08:09:13.003248+00:00,false,microservices,mysql,09b94b02911e21d5919bf92874209f05c048b612fded5cc2d25c06307ce5544e,tcc-microservices-experiment-mysql-1,28.85,533830042,1073741824,49.72,40,14.1MB / 39.5MB,46MB / 121MB
19,2026-09-10T08:09:13.363525+00:00,39,2026-09-10T08:09:13.003248+00:00,false,microservices,order,deec5e9c066eb65d79f18feb0dc2ae51dc37ae774e8a961aca79260e29b798cc,tcc-microservices-experiment-order-1,82.05,81767956,1073741824,7.61,3,46.4MB / 41.8MB,7.09MB / 77.8kB
19,2026-09-10T08:09:13.363525+00:00,39,2026-09-10T08:09:13.003248+00:00,false,microservices,product,1daf7d182b350027a9a90974b326ad43fcf55adfa6b48f0623ea7cff4b971f29,tcc-microservices-experiment-product-1,0.02,78611743,1073741824,7.32,3,416kB / 282kB,7.93MB / 81.9kB
20,2026-09-10T08:09:14.363500+00:00,41,2026-09-10T08:09:14.002452+00:00,false,microservices,auth,fc45e39c9bec9ccb22b5e901d76ba35a628770b0bb7e66bb6db921a9624d3b24,tcc-microservices-experiment-auth-1,0.01,79209431,1073741824,7.38,3,45.5kB / 40.3kB,4.26MB / 65.5kB
20,2026-09-10T08:09:14.363500+00:00,41,2026-09-10T08:09:14.002452+00:00,false,microservices,gateway,01bcfc52f59e6e0b3b3b8f648dc141f9eeca0067189a3ff0eef432b0c504860a,tcc-microservices-experiment-gateway-1,89.61,478150656,536870912,89.05,84,32.9MB / 36.5MB,34.1MB / 201kB
20,2026-09-10T08:09:14.363500+00:00,41,2026-09-10T08:09:14.002452+00:00,false,microservices,mysql,09b94b02911e21d5919bf92874209f05c048b612fded5cc2d25c06307ce5544e,tcc-microservices-experiment-mysql-1,24.44,533830042,1073741824,49.72,40,14.3MB / 40.3MB,46MB / 123MB
20,2026-09-10T08:09:14.363500+00:00,41,2026-09-10T08:09:14.002452+00:00,false,microservices,order,deec5e9c066eb65d79f18feb0dc2ae51dc37ae774e8a961aca79260e29b798cc,tcc-microservices-experiment-order-1,82.13,82659246,1073741824,7.7,3,47.3MB / 42.6MB,7.09MB / 77.8kB
20,2026-09-10T08:09:14.363500+00:00,41,2026-09-10T08:09:14.002452+00:00,false,microservices,product,1daf7d182b350027a9a90974b326ad43fcf55adfa6b48f0623ea7cff4b971f29,tcc-microservices-experiment-product-1,0.02,78611743,1073741824,7.32,3,416kB / 282kB,7.93MB / 81.9kB
21,2026-09-10T08:09:15.363503+00:00,43,2026-09-10T08:09:15.002474+00:00,false,microservices,auth,fc45e39c9bec9ccb22b5e901d76ba35a628770b0bb7e66bb6db921a9624d3b24,tcc-microservices-experiment-auth-1,0.02,79209431,1073741824,7.38,3,45.5kB / 40.3kB,4.26MB / 65.5kB
21,2026-09-10T08:09:15.363503+00:00,43,2026-09-10T08:09:15.002474+00:00,false,microservices,gateway,01bcfc52f59e6e0b3b3b8f648dc141f9eeca0067189a3ff0eef432b0c504860a,tcc-microservices-experiment-gateway-1,69.02,479199232,536870912,89.26,84,33.7MB / 37.3MB,34.1MB / 201kB
21,2026-09-10T08:09:15.363503+00:00,43,2026-09-10T08:09:15.002474+00:00,false,microservices,mysql,09b94b02911e21d5919bf92874209f05c048b612fded5cc2d25c06307ce5544e,tcc-microservices-experiment-mysql-1,27.76,534039757,1073741824,49.74,40,14.5MB / 41MB,46MB / 123MB
21,2026-09-10T08:09:15.363503+00:00,43,2026-09-10T08:09:15.002474+00:00,false,microservices,order,deec5e9c066eb65d79f18feb0dc2ae51dc37ae774e8a961aca79260e29b798cc,tcc-microservices-experiment-order-1,82.91,82124472,1073741824,7.65,3,48.2MB / 43.4MB,7.09MB / 77.8kB
21,2026-09-10T08:09:15.363503+00:00,43,2026-09-10T08:09:15.002474+00:00,false,microservices,product,1daf7d182b350027a9a90974b326ad43fcf55adfa6b48f0623ea7cff4b971f29,tcc-microservices-experiment-product-1,0.02,78611743,1073741824,7.32,3,416kB / 282kB,7.93MB / 81.9kB
22,2026-09-10T08:09:16.363513+00:00,45,2026-09-10T08:09:16.003158+00:00,false,microservices,auth,fc45e39c9bec9ccb22b5e901d76ba35a628770b0bb7e66bb6db921a9624d3b24,tcc-microservices-experiment-auth-1,0.02,79209431,1073741824,7.38,3,45.5kB / 40.3kB,4.26MB / 65.5kB
22,2026-09-10T08:09:16.363513+00:00,45,2026-09-10T08:09:16.003158+00:00,false,microservices,gateway,01bcfc52f59e6e0b3b3b8f648dc141f9eeca0067189a3ff0eef432b0c504860a,tcc-microservices-experiment-gateway-1,62.25,479094374,536870912,89.24,84,34.4MB / 38.1MB,34.1MB / 201kB
22,2026-09-10T08:09:16.363513+00:00,45,2026-09-10T08:09:16.003158+00:00,false,microservices,mysql,09b94b02911e21d5919bf92874209f05c048b612fded5cc2d25c06307ce5544e,tcc-microservices-experiment-mysql-1,24.06,533515469,1073741824,49.69,40,14.7MB / 41.8MB,46MB / 123MB
22,2026-09-10T08:09:16.363513+00:00,45,2026-09-10T08:09:16.003158+00:00,false,microservices,order,deec5e9c066eb65d79f18feb0dc2ae51dc37ae774e8a961aca79260e29b798cc,tcc-microservices-experiment-order-1,80.91,82281759,1073741824,7.66,3,49.2MB / 44.3MB,7.09MB / 77.8kB
22,2026-09-10T08:09:16.363513+00:00,45,2026-09-10T08:09:16.003158+00:00,false,microservices,product,1daf7d182b350027a9a90974b326ad43fcf55adfa6b48f0623ea7cff4b971f29,tcc-microservices-experiment-product-1,0.02,78611743,1073741824,7.32,3,416kB / 282kB,7.93MB / 81.9kB
23,2026-09-10T08:09:17.363520+00:00,47,2026-09-10T08:09:17.002701+00:00,false,microservices,auth,fc45e39c9bec9ccb22b5e901d76ba35a628770b0bb7e66bb6db921a9624d3b24,tcc-microservices-experiment-auth-1,0.02,79209431,1073741824,7.38,3,45.5kB / 40.3kB,4.26MB / 65.5kB
23,2026-09-10T08:09:17.363520+00:00,47,2026-09-10T08:09:17.002701+00:00,false,microservices,gateway,01bcfc52f59e6e0b3b3b8f648dc141f9eeca0067189a3ff0eef432b0c504860a,tcc-microservices-experiment-gateway-1,47.57,474480640,536870912,88.38,84,35.1MB / 38.9MB,34.1MB / 201kB
23,2026-09-10T08:09:17.363520+00:00,47,2026-09-10T08:09:17.002701+00:00,false,microservices,mysql,09b94b02911e21d5919bf92874209f05c048b612fded5cc2d25c06307ce5544e,tcc-microservices-experiment-mysql-1,28.21,533620326,1073741824,49.7,40,14.9MB / 42.6MB,46MB / 123MB
23,2026-09-10T08:09:17.363520+00:00,47,2026-09-10T08:09:17.002701+00:00,false,microservices,order,deec5e9c066eb65d79f18feb0dc2ae51dc37ae774e8a961aca79260e29b798cc,tcc-microservices-experiment-order-1,82.18,82093015,1073741824,7.65,3,50.1MB / 45.2MB,7.09MB / 77.8kB
23,2026-09-10T08:09:17.363520+00:00,47,2026-09-10T08:09:17.002701+00:00,false,microservices,product,1daf7d182b350027a9a90974b326ad43fcf55adfa6b48f0623ea7cff4b971f29,tcc-microservices-experiment-product-1,0.02,78611743,1073741824,7.32,3,416kB / 282kB,7.93MB / 81.9kB
24,2026-09-10T08:09:18.363533+00:00,49,2026-09-10T08:09:18.002265+00:00,false,microservices,auth,fc45e39c9bec9ccb22b5e901d76ba35a628770b0bb7e66bb6db921a9624d3b24,tcc-microservices-experiment-auth-1,0.02,79209431,1073741824,7.38,3,45.5kB / 40.3kB,4.26MB / 65.5kB
24,2026-09-10T08:09:18.363533+00:00,49,2026-09-10T08:09:18.002265+00:00,false,microservices,gateway,01bcfc52f59e6e0b3b3b8f648dc141f9eeca0067189a3ff0eef432b0c504860a,tcc-microservices-experiment-gateway-1,32.64,473327206,536870912,88.17,84,35.8MB / 39.7MB,34.1MB / 201kB
24,2026-09-10T08:09:18.363533+00:00,49,2026-09-10T08:09:18.002265+00:00,false,microservices,mysql,09b94b02911e21d5919bf92874209f05c048b612fded5cc2d25c06307ce5544e,tcc-microservices-experiment-mysql-1,24.79,534039757,1073741824,49.73,40,15.1MB / 43.3MB,46MB / 123MB
24,2026-09-10T08:09:18.363533+00:00,49,2026-09-10T08:09:18.002265+00:00,false,microservices,order,deec5e9c066eb65d79f18feb0dc2ae51dc37ae774e8a961aca79260e29b798cc,tcc-microservices-experiment-order-1,80.95,82302730,1073741824,7.66,3,51MB / 46MB,7.09MB / 77.8kB
24,2026-09-10T08:09:18.363533+00:00,49,2026-09-10T08:09:18.002265+00:00,false,microservices,product,1daf7d182b350027a9a90974b326ad43fcf55adfa6b48f0623ea7cff4b971f29,tcc-microservices-experiment-product-1,0.02,78611743,1073741824,7.32,3,416kB / 282kB,7.93MB / 81.9kB
25,2026-09-10T08:09:19.363498+00:00,51,2026-09-10T08:09:19.002341+00:00,false,microservices,auth,fc45e39c9bec9ccb22b5e901d76ba35a628770b0bb7e66bb6db921a9624d3b24,tcc-microservices-experiment-auth-1,0.02,79209431,1073741824,7.38,3,45.5kB / 40.3kB,4.26MB / 65.5kB
25,2026-09-10T08:09:19.363498+00:00,51,2026-09-10T08:09:19.002341+00:00,false,microservices,gateway,01bcfc52f59e6e0b3b3b8f648dc141f9eeca0067189a3ff0eef432b0c504860a,tcc-microservices-experiment-gateway-1,47.01,473851494,536870912,88.26,84,36.6MB / 40.5MB,34.1MB / 201kB
25,2026-09-10T08:09:19.363498+00:00,51,2026-09-10T08:09:19.002341+00:00,false,microservices,mysql,09b94b02911e21d5919bf92874209f05c048b612fded5cc2d25c06307ce5544e,tcc-microservices-experiment-mysql-1,28.88,534249472,1073741824,49.76,40,15.4MB / 44.1MB,46MB / 123MB
25,2026-09-10T08:09:19.363498+00:00,51,2026-09-10T08:09:19.002341+00:00,false,microservices,order,deec5e9c066eb65d79f18feb0dc2ae51dc37ae774e8a961aca79260e29b798cc,tcc-microservices-experiment-order-1,80.8,82480988,1073741824,7.68,3,52MB / 46.9MB,7.09MB / 77.8kB
25,2026-09-10T08:09:19.363498+00:00,51,2026-09-10T08:09:19.002341+00:00,false,microservices,product,1daf7d182b350027a9a90974b326ad43fcf55adfa6b48f0623ea7cff4b971f29,tcc-microservices-experiment-product-1,0.02,78611743,1073741824,7.32,3,416kB / 282kB,7.93MB / 81.9kB
26,2026-09-10T08:09:20.363520+00:00,53,2026-09-10T08:09:20.002236+00:00,false,microservices,auth,fc45e39c9bec9ccb22b5e901d76ba35a628770b0bb7e66bb6db921a9624d3b24,tcc-microservices-experiment-auth-1,0.02,79209431,1073741824,7.38,3,45.5kB / 40.3kB,4.26MB / 65.5kB
26,2026-09-10T08:09:20.363520+00:00,53,2026-09-10T08:09:20.002236+00:00,false,microservices,gateway,01bcfc52f59e6e0b3b3b8f648dc141f9eeca0067189a3ff0eef432b0c504860a,tcc-microservices-experiment-gateway-1,43.6,473641779,536870912,88.22,84,37.3MB / 41.3MB,34.1MB / 201kB
26,2026-09-10T08:09:20.363520+00:00,53,2026-09-10T08:09:20.002236+00:00,false,microservices,mysql,09b94b02911e21d5919bf92874209f05c048b612fded5cc2d25c06307ce5544e,tcc-microservices-experiment-mysql-1,25.39,534144614,1073741824,49.74,40,15.6MB / 44.9MB,46MB / 123MB
26,2026-09-10T08:09:20.363520+00:00,53,2026-09-10T08:09:20.002236+00:00,false,microservices,order,deec5e9c066eb65d79f18feb0dc2ae51dc37ae774e8a961aca79260e29b798cc,tcc-microservices-experiment-order-1,80.74,82827018,1073741824,7.71,3,52.9MB / 47.7MB,7.09MB / 77.8kB
26,2026-09-10T08:09:20.363520+00:00,53,2026-09-10T08:09:20.002236+00:00,false,microservices,product,1daf7d182b350027a9a90974b326ad43fcf55adfa6b48f0623ea7cff4b971f29,tcc-microservices-experiment-product-1,0.02,78611743,1073741824,7.32,3,416kB / 282kB,7.93MB / 81.9kB
27,2026-09-10T08:09:21.363506+00:00,55,2026-09-10T08:09:21.002362+00:00,false,microservices,auth,fc45e39c9bec9ccb22b5e901d76ba35a628770b0bb7e66bb6db921a9624d3b24,tcc-microservices-experiment-auth-1,0.01,79209431,1073741824,7.38,3,45.5kB / 40.3kB,4.26MB / 65.5kB
27,2026-09-10T08:09:21.363506+00:00,55,2026-09-10T08:09:21.002362+00:00,false,microservices,gateway,01bcfc52f59e6e0b3b3b8f648dc141f9eeca0067189a3ff0eef432b0c504860a,tcc-microservices-experiment-gateway-1,30.98,473956352,536870912,88.28,84,38MB / 42.1MB,34.1MB / 201kB
27,2026-09-10T08:09:21.363506+00:00,55,2026-09-10T08:09:21.002362+00:00,false,microservices,mysql,09b94b02911e21d5919bf92874209f05c048b612fded5cc2d25c06307ce5544e,tcc-microservices-experiment-mysql-1,29.93,534564045,1073741824,49.79,40,15.8MB / 45.6MB,46MB / 123MB
27,2026-09-10T08:09:21.363506+00:00,55,2026-09-10T08:09:21.002362+00:00,false,microservices,order,deec5e9c066eb65d79f18feb0dc2ae51dc37ae774e8a961aca79260e29b798cc,tcc-microservices-experiment-order-1,80.14,81862328,1073741824,7.62,3,53.8MB / 48.6MB,7.09MB / 77.8kB
27,2026-09-10T08:09:21.363506+00:00,55,2026-09-10T08:09:21.002362+00:00,false,microservices,product,1daf7d182b350027a9a90974b326ad43fcf55adfa6b48f0623ea7cff4b971f29,tcc-microservices-experiment-product-1,0.02,78611743,1073741824,7.32,3,416kB / 282kB,7.93MB / 81.9kB
28,2026-09-10T08:09:22.363501+00:00,57,2026-09-10T08:09:22.003350+00:00,false,microservices,auth,fc45e39c9bec9ccb22b5e901d76ba35a628770b0bb7e66bb6db921a9624d3b24,tcc-microservices-experiment-auth-1,0.02,79209431,1073741824,7.38,3,45.5kB / 40.3kB,4.26MB / 65.5kB
28,2026-09-10T08:09:22.363501+00:00,57,2026-09-10T08:09:22.003350+00:00,false,microservices,gateway,01bcfc52f59e6e0b3b3b8f648dc141f9eeca0067189a3ff0eef432b0c504860a,tcc-microservices-experiment-gateway-1,40.73,473641779,536870912,88.22,84,38.8MB / 42.9MB,34.1MB / 201kB
28,2026-09-10T08:09:22.363501+00:00,57,2026-09-10T08:09:22.003350+00:00,false,microservices,mysql,09b94b02911e21d5919bf92874209f05c048b612fded5cc2d25c06307ce5544e,tcc-microservices-experiment-mysql-1,24.95,534459187,1073741824,49.77,40,16MB / 46.4MB,46MB / 123MB
28,2026-09-10T08:09:22.363501+00:00,57,2026-09-10T08:09:22.003350+00:00,false,microservices,order,deec5e9c066eb65d79f18feb0dc2ae51dc37ae774e8a961aca79260e29b798cc,tcc-microservices-experiment-order-1,80.66,82931876,1073741824,7.72,3,54.8MB / 49.4MB,7.09MB / 77.8kB
28,2026-09-10T08:09:22.363501+00:00,57,2026-09-10T08:09:22.003350+00:00,false,microservices,product,1daf7d182b350027a9a90974b326ad43fcf55adfa6b48f0623ea7cff4b971f29,tcc-microservices-experiment-product-1,0.02,78611743,1073741824,7.32,3,416kB / 282kB,7.93MB / 81.9kB
29,2026-09-10T08:09:23.363500+00:00,59,2026-09-10T08:09:23.002701+00:00,false,microservices,auth,fc45e39c9bec9ccb22b5e901d76ba35a628770b0bb7e66bb6db921a9624d3b24,tcc-microservices-experiment-auth-1,0.02,79209431,1073741824,7.38,3,45.5kB / 40.3kB,4.26MB / 65.5kB
29,2026-09-10T08:09:23.363500+00:00,59,2026-09-10T08:09:23.002701+00:00,false,microservices,gateway,01bcfc52f59e6e0b3b3b8f648dc141f9eeca0067189a3ff0eef432b0c504860a,tcc-microservices-experiment-gateway-1,60.78,473746637,536870912,88.24,84,39.5MB / 43.7MB,34.1MB / 201kB
29,2026-09-10T08:09:23.363500+00:00,59,2026-09-10T08:09:23.002701+00:00,false,microservices,mysql,09b94b02911e21d5919bf92874209f05c048b612fded5cc2d25c06307ce5544e,tcc-microservices-experiment-mysql-1,30.18,534039757,1073741824,49.74,40,16.2MB / 47.2MB,46MB / 123MB
29,2026-09-10T08:09:23.363500+00:00,59,2026-09-10T08:09:23.002701+00:00,false,microservices,order,deec5e9c066eb65d79f18feb0dc2ae51dc37ae774e8a961aca79260e29b798cc,tcc-microservices-experiment-order-1,80.24,82711675,1073741824,7.7,3,55.7MB / 50.3MB,7.09MB / 77.8kB
29,2026-09-10T08:09:23.363500+00:00,59,2026-09-10T08:09:23.002701+00:00,false,microservices,product,1daf7d182b350027a9a90974b326ad43fcf55adfa6b48f0623ea7cff4b971f29,tcc-microservices-experiment-product-1,0.02,78611743,1073741824,7.32,3,416kB / 282kB,7.93MB / 81.9kB
30,2026-09-10T08:09:24.363519+00:00,61,2026-09-10T08:09:24.002290+00:00,false,microservices,auth,fc45e39c9bec9ccb22b5e901d76ba35a628770b0bb7e66bb6db921a9624d3b24,tcc-microservices-experiment-auth-1,0.02,79209431,1073741824,7.38,3,45.5kB / 40.3kB,4.26MB / 65.5kB
30,2026-09-10T08:09:24.363519+00:00,61,2026-09-10T08:09:24.002290+00:00,false,microservices,gateway,01bcfc52f59e6e0b3b3b8f648dc141f9eeca0067189a3ff0eef432b0c504860a,tcc-microservices-experiment-gateway-1,66.24,473956352,536870912,88.28,84,40.2MB / 44.5MB,34.1MB / 201kB
30,2026-09-10T08:09:24.363519+00:00,61,2026-09-10T08:09:24.002290+00:00,false,microservices,mysql,09b94b02911e21d5919bf92874209f05c048b612fded5cc2d25c06307ce5544e,tcc-microservices-experiment-mysql-1,25.21,534039757,1073741824,49.73,40,16.4MB / 47.9MB,46MB / 123MB
30,2026-09-10T08:09:24.363519+00:00,61,2026-09-10T08:09:24.002290+00:00,false,microservices,order,deec5e9c066eb65d79f18feb0dc2ae51dc37ae774e8a961aca79260e29b798cc,tcc-microservices-experiment-order-1,80.68,82785075,1073741824,7.71,3,56.6MB / 51.1MB,7.09MB / 77.8kB
30,2026-09-10T08:09:24.363519+00:00,61,2026-09-10T08:09:24.002290+00:00,false,microservices,product,1daf7d182b350027a9a90974b326ad43fcf55adfa6b48f0623ea7cff4b971f29,tcc-microservices-experiment-product-1,0.02,78611743,1073741824,7.32,3,416kB / 282kB,7.93MB / 81.9kB
31,2026-09-10T08:09:25.363525+00:00,63,2026-09-10T08:09:25.003020+00:00,false,microservices,auth,fc45e39c9bec9ccb22b5e901d76ba35a628770b0bb7e66bb6db921a9624d3b24,tcc-microservices-experiment-auth-1,0.02,79209431,1073741824,7.38,3,45.5kB / 40.3kB,4.26MB / 65.5kB
31,2026-09-10T08:09:25.363525+00:00,63,2026-09-10T08:09:25.003020+00:00,false,microservices,gateway,01bcfc52f59e6e0b3b3b8f648dc141f9eeca0067189a3ff0eef432b0c504860a,tcc-microservices-experiment-gateway-1,51.41,474585498,536870912,88.39,84,40.9MB / 45.4MB,34.1MB / 201kB
31,2026-09-10T08:09:25.363525+00:00,63,2026-09-10T08:09:25.003020+00:00,false,microservices,mysql,09b94b02911e21d5919bf92874209f05c048b612fded5cc2d25c06307ce5544e,tcc-microservices-experiment-mysql-1,28.54,534354330,1073741824,49.77,40,16.7MB / 48.7MB,46MB / 123MB
31,2026-09-10T08:09:25.363525+00:00,63,2026-09-10T08:09:25.003020+00:00,false,microservices,order,deec5e9c066eb65d79f18feb0dc2ae51dc37ae774e8a961aca79260e29b798cc,tcc-microservices-experiment-order-1,81.39,83120620,1073741824,7.74,3,57.6MB / 52MB,7.09MB / 77.8kB
31,2026-09-10T08:09:25.363525+00:00,63,2026-09-10T08:09:25.003020+00:00,false,microservices,product,1daf7d182b350027a9a90974b326ad43fcf55adfa6b48f0623ea7cff4b971f29,tcc-microservices-experiment-product-1,0.02,78611743,1073741824,7.32,3,416kB / 282kB,7.93MB / 81.9kB
32,2026-09-10T08:09:26.363494+00:00,65,2026-09-10T08:09:26.002531+00:00,false,microservices,auth,fc45e39c9bec9ccb22b5e901d76ba35a628770b0bb7e66bb6db921a9624d3b24,tcc-microservices-experiment-auth-1,0.02,79209431,1073741824,7.38,3,45.5kB / 40.3kB,4.26MB / 65.5kB
32,2026-09-10T08:09:26.363494+00:00,65,2026-09-10T08:09:26.002531+00:00,false,microservices,gateway,01bcfc52f59e6e0b3b3b8f648dc141f9eeca0067189a3ff0eef432b0c504860a,tcc-microservices-experiment-gateway-1,32.09,474480640,536870912,88.38,84,41.7MB / 46.2MB,34.1MB / 201kB
32,2026-09-10T08:09:26.363494+00:00,65,2026-09-10T08:09:26.002531+00:00,false,microservices,mysql,09b94b02911e21d5919bf92874209f05c048b612fded5cc2d25c06307ce5544e,tcc-microservices-experiment-mysql-1,23.98,534354330,1073741824,49.77,40,16.9MB / 49.5MB,46MB / 123MB
32,2026-09-10T08:09:26.363494+00:00,65,2026-09-10T08:09:26.002531+00:00,false,microservices,order,deec5e9c066eb65d79f18feb0dc2ae51dc37ae774e8a961aca79260e29b798cc,tcc-microservices-experiment-order-1,82.05,82952847,1073741824,7.73,3,58.5MB / 52.9MB,7.09MB / 77.8kB
32,2026-09-10T08:09:26.363494+00:00,65,2026-09-10T08:09:26.002531+00:00,false,microservices,product,1daf7d182b350027a9a90974b326ad43fcf55adfa6b48f0623ea7cff4b971f29,tcc-microservices-experiment-product-1,0.02,78611743,1073741824,7.32,3,416kB / 282kB,7.93MB / 81.9kB
33,2026-09-10T08:09:27.363517+00:00,67,2026-09-10T08:09:27.002628+00:00,false,microservices,auth,fc45e39c9bec9ccb22b5e901d76ba35a628770b0bb7e66bb6db921a9624d3b24,tcc-microservices-experiment-auth-1,0.02,79209431,1073741824,7.38,3,45.5kB / 40.3kB,4.26MB / 65.5kB
33,2026-09-10T08:09:27.363517+00:00,67,2026-09-10T08:09:27.002628+00:00,false,microservices,gateway,01bcfc52f59e6e0b3b3b8f648dc141f9eeca0067189a3ff0eef432b0c504860a,tcc-microservices-experiment-gateway-1,32.0,474166067,536870912,88.32,84,42.4MB / 47MB,34.1MB / 201kB
33,2026-09-10T08:09:27.363517+00:00,67,2026-09-10T08:09:27.002628+00:00,false,microservices,mysql,09b94b02911e21d5919bf92874209f05c048b612fded5cc2d25c06307ce5544e,tcc-microservices-experiment-mysql-1,28.05,533934899,1073741824,49.72,40,17.1MB / 50.3MB,46MB / 123MB
33,2026-09-10T08:09:27.363517+00:00,67,2026-09-10T08:09:27.002628+00:00,false,microservices,order,deec5e9c066eb65d79f18feb0dc2ae51dc37ae774e8a961aca79260e29b798cc,tcc-microservices-experiment-order-1,81.65,82250301,1073741824,7.66,3,59.4MB / 53.7MB,7.09MB / 77.8kB
33,2026-09-10T08:09:27.363517+00:00,67,2026-09-10T08:09:27.002628+00:00,false,microservices,product,1daf7d182b350027a9a90974b326ad43fcf55adfa6b48f0623ea7cff4b971f29,tcc-microservices-experiment-product-1,0.02,78611743,1073741824,7.32,3,416kB / 282kB,7.93MB / 81.9kB
34,2026-09-10T08:09:28.363528+00:00,69,2026-09-10T08:09:28.002631+00:00,false,microservices,auth,fc45e39c9bec9ccb22b5e901d76ba35a628770b0bb7e66bb6db921a9624d3b24,tcc-microservices-experiment-auth-1,0.02,79209431,1073741824,7.38,3,45.5kB / 40.3kB,4.26MB / 65.5kB
34,2026-09-10T08:09:28.363528+00:00,69,2026-09-10T08:09:28.002631+00:00,false,microservices,gateway,01bcfc52f59e6e0b3b3b8f648dc141f9eeca0067189a3ff0eef432b0c504860a,tcc-microservices-experiment-gateway-1,37.09,474270925,536870912,88.34,84,43.2MB / 47.8MB,34.1MB / 201kB
34,2026-09-10T08:09:28.363528+00:00,69,2026-09-10T08:09:28.002631+00:00,false,microservices,mysql,09b94b02911e21d5919bf92874209f05c048b612fded5cc2d25c06307ce5544e,tcc-microservices-experiment-mysql-1,24.74,533620326,1073741824,49.7,40,17.3MB / 51MB,46MB / 123MB
34,2026-09-10T08:09:28.363528+00:00,69,2026-09-10T08:09:28.002631+00:00,false,microservices,order,deec5e9c066eb65d79f18feb0dc2ae51dc37ae774e8a961aca79260e29b798cc,tcc-microservices-experiment-order-1,81.01,82543903,1073741824,7.69,3,60.4MB / 54.6MB,7.09MB / 77.8kB
34,2026-09-10T08:09:28.363528+00:00,69,2026-09-10T08:09:28.002631+00:00,false,microservices,product,1daf7d182b350027a9a90974b326ad43fcf55adfa6b48f0623ea7cff4b971f29,tcc-microservices-experiment-product-1,0.02,78611743,1073741824,7.32,3,416kB / 282kB,7.93MB / 81.9kB
35,2026-09-10T08:09:29.363504+00:00,71,2026-09-10T08:09:29.002668+00:00,false,microservices,auth,fc45e39c9bec9ccb22b5e901d76ba35a628770b0bb7e66bb6db921a9624d3b24,tcc-microservices-experiment-auth-1,0.02,79209431,1073741824,7.38,3,45.5kB / 40.3kB,4.26MB / 65.5kB
35,2026-09-10T08:09:29.363504+00:00,71,2026-09-10T08:09:29.002668+00:00,false,microservices,gateway,01bcfc52f59e6e0b3b3b8f648dc141f9eeca0067189a3ff0eef432b0c504860a,tcc-microservices-experiment-gateway-1,30.65,475004928,536870912,88.48,84,43.9MB / 48.6MB,34.1MB / 217kB
35,2026-09-10T08:09:29.363504+00:00,71,2026-09-10T08:09:29.002668+00:00,false,microservices,mysql,09b94b02911e21d5919bf92874209f05c048b612fded5cc2d25c06307ce5544e,tcc-microservices-experiment-mysql-1,29.16,534249472,1073741824,49.76,40,17.5MB / 51.8MB,46MB / 123MB
35,2026-09-10T08:09:29.363504+00:00,71,2026-09-10T08:09:29.002668+00:00,false,microservices,order,deec5e9c066eb65d79f18feb0dc2ae51dc37ae774e8a961aca79260e29b798cc,tcc-microservices-experiment-order-1,81.91,82690703,1073741824,7.7,3,61.3MB / 55.4MB,7.09MB / 77.8kB
35,2026-09-10T08:09:29.363504+00:00,71,2026-09-10T08:09:29.002668+00:00,false,microservices,product,1daf7d182b350027a9a90974b326ad43fcf55adfa6b48f0623ea7cff4b971f29,tcc-microservices-experiment-product-1,0.02,78611743,1073741824,7.32,3,416kB / 282kB,7.93MB / 81.9kB
36,2026-09-10T08:09:30.363488+00:00,73,2026-09-10T08:09:30.002383+00:00,false,microservices,auth,fc45e39c9bec9ccb22b5e901d76ba35a628770b0bb7e66bb6db921a9624d3b24,tcc-microservices-experiment-auth-1,0.02,79209431,1073741824,7.38,3,45.5kB / 40.3kB,4.26MB / 65.5kB
36,2026-09-10T08:09:30.363488+00:00,73,2026-09-10T08:09:30.002383+00:00,false,microservices,gateway,01bcfc52f59e6e0b3b3b8f648dc141f9eeca0067189a3ff0eef432b0c504860a,tcc-microservices-experiment-gateway-1,28.48,474375782,536870912,88.36,84,44.6MB / 49.4MB,34.1MB / 217kB
36,2026-09-10T08:09:30.363488+00:00,73,2026-09-10T08:09:30.002383+00:00,false,microservices,mysql,09b94b02911e21d5919bf92874209f05c048b612fded5cc2d25c06307ce5544e,tcc-microservices-experiment-mysql-1,25.64,533410611,1073741824,49.67,40,17.8MB / 52.5MB,46MB / 123MB
36,2026-09-10T08:09:30.363488+00:00,73,2026-09-10T08:09:30.002383+00:00,false,microservices,order,deec5e9c066eb65d79f18feb0dc2ae51dc37ae774e8a961aca79260e29b798cc,tcc-microservices-experiment-order-1,80.85,83749765,1073741824,7.8,3,62.2MB / 56.3MB,7.09MB / 77.8kB
36,2026-09-10T08:09:30.363488+00:00,73,2026-09-10T08:09:30.002383+00:00,false,microservices,product,1daf7d182b350027a9a90974b326ad43fcf55adfa6b48f0623ea7cff4b971f29,tcc-microservices-experiment-product-1,0.02,78611743,1073741824,7.32,3,416kB / 282kB,7.93MB / 81.9kB
37,2026-09-10T08:09:31.363511+00:00,75,2026-09-10T08:09:31.002432+00:00,false,microservices,auth,fc45e39c9bec9ccb22b5e901d76ba35a628770b0bb7e66bb6db921a9624d3b24,tcc-microservices-experiment-auth-1,0.02,79209431,1073741824,7.38,3,45.5kB / 40.3kB,4.26MB / 65.5kB
37,2026-09-10T08:09:31.363511+00:00,75,2026-09-10T08:09:31.002432+00:00,false,microservices,gateway,01bcfc52f59e6e0b3b3b8f648dc141f9eeca0067189a3ff0eef432b0c504860a,tcc-microservices-experiment-gateway-1,29.79,474690355,536870912,88.42,84,45.3MB / 50.2MB,34.1MB / 217kB
37,2026-09-10T08:09:31.363511+00:00,75,2026-09-10T08:09:31.002432+00:00,false,microservices,mysql,09b94b02911e21d5919bf92874209f05c048b612fded5cc2d25c06307ce5544e,tcc-microservices-experiment-mysql-1,29.93,534459187,1073741824,49.77,40,18MB / 53.3MB,46MB / 123MB
37,2026-09-10T08:09:31.363511+00:00,75,2026-09-10T08:09:31.002432+00:00,false,microservices,order,deec5e9c066eb65d79f18feb0dc2ae51dc37ae774e8a961aca79260e29b798cc,tcc-microservices-experiment-order-1,79.68,83173048,1073741824,7.75,3,63.1MB / 57.1MB,7.09MB / 77.8kB
37,2026-09-10T08:09:31.363511+00:00,75,2026-09-10T08:09:31.002432+00:00,false,microservices,product,1daf7d182b350027a9a90974b326ad43fcf55adfa6b48f0623ea7cff4b971f29,tcc-microservices-experiment-product-1,0.02,78611743,1073741824,7.32,3,416kB / 282kB,7.93MB / 81.9kB
38,2026-09-10T08:09:32.363491+00:00,77,2026-09-10T08:09:32.002484+00:00,false,microservices,auth,fc45e39c9bec9ccb22b5e901d76ba35a628770b0bb7e66bb6db921a9624d3b24,tcc-microservices-experiment-auth-1,0.02,79209431,1073741824,7.38,3,45.5kB / 40.3kB,4.26MB / 65.5kB
38,2026-09-10T08:09:32.363491+00:00,77,2026-09-10T08:09:32.002484+00:00,false,microservices,gateway,01bcfc52f59e6e0b3b3b8f648dc141f9eeca0067189a3ff0eef432b0c504860a,tcc-microservices-experiment-gateway-1,51.56,474795213,536870912,88.43,84,46MB / 51MB,34.1MB / 217kB
38,2026-09-10T08:09:32.363491+00:00,77,2026-09-10T08:09:32.002484+00:00,false,microservices,mysql,09b94b02911e21d5919bf92874209f05c048b612fded5cc2d25c06307ce5544e,tcc-microservices-experiment-mysql-1,25.57,533725184,1073741824,49.71,40,18.2MB / 54.1MB,46MB / 123MB
38,2026-09-10T08:09:32.363491+00:00,77,2026-09-10T08:09:32.002484+00:00,false,microservices,order,deec5e9c066eb65d79f18feb0dc2ae51dc37ae774e8a961aca79260e29b798cc,tcc-microservices-experiment-order-1,80.19,82785075,1073741824,7.71,3,64.1MB / 58MB,7.09MB / 77.8kB
38,2026-09-10T08:09:32.363491+00:00,77,2026-09-10T08:09:32.002484+00:00,false,microservices,product,1daf7d182b350027a9a90974b326ad43fcf55adfa6b48f0623ea7cff4b971f29,tcc-microservices-experiment-product-1,0.02,78611743,1073741824,7.32,3,416kB / 282kB,7.93MB / 81.9kB
39,2026-09-10T08:09:33.363499+00:00,79,2026-09-10T08:09:33.003063+00:00,false,microservices,auth,fc45e39c9bec9ccb22b5e901d76ba35a628770b0bb7e66bb6db921a9624d3b24,tcc-microservices-experiment-auth-1,0.02,79209431,1073741824,7.38,3,45.5kB / 40.3kB,4.26MB / 65.5kB
39,2026-09-10T08:09:33.363499+00:00,79,2026-09-10T08:09:33.003063+00:00,false,microservices,gateway,01bcfc52f59e6e0b3b3b8f648dc141f9eeca0067189a3ff0eef432b0c504860a,tcc-microservices-experiment-gateway-1,56.76,475738931,536870912,88.62,84,46.8MB / 51.8MB,34.1MB / 217kB
39,2026-09-10T08:09:33.363499+00:00,79,2026-09-10T08:09:33.003063+00:00,false,microservices,mysql,09b94b02911e21d5919bf92874209f05c048b612fded5cc2d25c06307ce5544e,tcc-microservices-experiment-mysql-1,29.44,534249472,1073741824,49.75,40,18.4MB / 54.8MB,46MB / 123MB
39,2026-09-10T08:09:33.363499+00:00,79,2026-09-10T08:09:33.003063+00:00,false,microservices,order,deec5e9c066eb65d79f18feb0dc2ae51dc37ae774e8a961aca79260e29b798cc,tcc-microservices-experiment-order-1,80.91,83194020,1073741824,7.75,3,65MB / 58.8MB,7.09MB / 77.8kB
39,2026-09-10T08:09:33.363499+00:00,79,2026-09-10T08:09:33.003063+00:00,false,microservices,product,1daf7d182b350027a9a90974b326ad43fcf55adfa6b48f0623ea7cff4b971f29,tcc-microservices-experiment-product-1,0.01,78611743,1073741824,7.32,3,416kB / 282kB,7.93MB / 81.9kB
40,2026-09-10T08:09:34.363520+00:00,81,2026-09-10T08:09:34.002370+00:00,false,microservices,auth,fc45e39c9bec9ccb22b5e901d76ba35a628770b0bb7e66bb6db921a9624d3b24,tcc-microservices-experiment-auth-1,0.02,79209431,1073741824,7.38,3,45.5kB / 40.3kB,4.26MB / 65.5kB
40,2026-09-10T08:09:34.363520+00:00,81,2026-09-10T08:09:34.002370+00:00,false,microservices,gateway,01bcfc52f59e6e0b3b3b8f648dc141f9eeca0067189a3ff0eef432b0c504860a,tcc-microservices-experiment-gateway-1,48.45,475843789,536870912,88.63,84,47.5MB / 52.6MB,34.1MB / 217kB
40,2026-09-10T08:09:34.363520+00:00,81,2026-09-10T08:09:34.002370+00:00,false,microservices,mysql,09b94b02911e21d5919bf92874209f05c048b612fded5cc2d25c06307ce5544e,tcc-microservices-experiment-mysql-1,25.38,534459187,1073741824,49.77,40,18.6MB / 55.6MB,46MB / 123MB
40,2026-09-10T08:09:34.363520+00:00,81,2026-09-10T08:09:34.002370+00:00,false,microservices,order,deec5e9c066eb65d79f18feb0dc2ae51dc37ae774e8a961aca79260e29b798cc,tcc-microservices-experiment-order-1,80.38,83288392,1073741824,7.76,3,65.9MB / 59.7MB,7.09MB / 77.8kB
40,2026-09-10T08:09:34.363520+00:00,81,2026-09-10T08:09:34.002370+00:00,false,microservices,product,1daf7d182b350027a9a90974b326ad43fcf55adfa6b48f0623ea7cff4b971f29,tcc-microservices-experiment-product-1,0.02,78611743,1073741824,7.32,3,416kB / 282kB,7.93MB / 81.9kB
41,2026-09-10T08:09:35.363499+00:00,83,2026-09-10T08:09:35.002420+00:00,false,microservices,auth,fc45e39c9bec9ccb22b5e901d76ba35a628770b0bb7e66bb6db921a9624d3b24,tcc-microservices-experiment-auth-1,0.02,79209431,1073741824,7.38,3,45.5kB / 40.3kB,4.26MB / 65.5kB
41,2026-09-10T08:09:35.363499+00:00,83,2026-09-10T08:09:35.002420+00:00,false,microservices,gateway,01bcfc52f59e6e0b3b3b8f648dc141f9eeca0067189a3ff0eef432b0c504860a,tcc-microservices-experiment-gateway-1,36.87,475529216,536870912,88.58,84,48.2MB / 53.4MB,34.1MB / 217kB
41,2026-09-10T08:09:35.363499+00:00,83,2026-09-10T08:09:35.002420+00:00,false,microservices,mysql,09b94b02911e21d5919bf92874209f05c048b612fded5cc2d25c06307ce5544e,tcc-microservices-experiment-mysql-1,29.28,534249472,1073741824,49.76,40,18.8MB / 56.3MB,46MB / 123MB
41,2026-09-10T08:09:35.363499+00:00,83,2026-09-10T08:09:35.002420+00:00,false,microservices,order,deec5e9c066eb65d79f18feb0dc2ae51dc37ae774e8a961aca79260e29b798cc,tcc-microservices-experiment-order-1,81.25,83152077,1073741824,7.74,3,66.8MB / 60.5MB,7.09MB / 77.8kB
41,2026-09-10T08:09:35.363499+00:00,83,2026-09-10T08:09:35.002420+00:00,false,microservices,product,1daf7d182b350027a9a90974b326ad43fcf55adfa6b48f0623ea7cff4b971f29,tcc-microservices-experiment-product-1,0.02,78611743,1073741824,7.32,3,416kB / 282kB,7.93MB / 81.9kB
42,2026-09-10T08:09:36.363499+00:00,85,2026-09-10T08:09:36.002354+00:00,false,microservices,auth,fc45e39c9bec9ccb22b5e901d76ba35a628770b0bb7e66bb6db921a9624d3b24,tcc-microservices-experiment-auth-1,0.02,79209431,1073741824,7.38,3,45.5kB / 40.3kB,4.26MB / 65.5kB
42,2026-09-10T08:09:36.363499+00:00,85,2026-09-10T08:09:36.002354+00:00,false,microservices,gateway,01bcfc52f59e6e0b3b3b8f648dc141f9eeca0067189a3ff0eef432b0c504860a,tcc-microservices-experiment-gateway-1,29.49,474690355,536870912,88.41,84,48.9MB / 54.2MB,34.1MB / 217kB
42,2026-09-10T08:09:36.363499+00:00,85,2026-09-10T08:09:36.002354+00:00,false,microservices,mysql,09b94b02911e21d5919bf92874209f05c048b612fded5cc2d25c06307ce5544e,tcc-microservices-experiment-mysql-1,24.73,534144614,1073741824,49.75,40,19.1MB / 57.1MB,46MB / 123MB
42,2026-09-10T08:09:36.363499+00:00,85,2026-09-10T08:09:36.002354+00:00,false,microservices,order,deec5e9c066eb65d79f18feb0dc2ae51dc37ae774e8a961aca79260e29b798cc,tcc-microservices-experiment-order-1,81.26,82785075,1073741824,7.71,3,67.8MB / 61.4MB,7.09MB / 77.8kB
42,2026-09-10T08:09:36.363499+00:00,85,2026-09-10T08:09:36.002354+00:00,false,microservices,product,1daf7d182b350027a9a90974b326ad43fcf55adfa6b48f0623ea7cff4b971f29,tcc-microservices-experiment-product-1,0.02,78611743,1073741824,7.32,3,416kB / 282kB,7.93MB / 81.9kB
43,2026-09-10T08:09:37.363520+00:00,87,2026-09-10T08:09:37.002531+00:00,false,microservices,auth,fc45e39c9bec9ccb22b5e901d76ba35a628770b0bb7e66bb6db921a9624d3b24,tcc-microservices-experiment-auth-1,0.02,79209431,1073741824,7.38,3,45.5kB / 40.3kB,4.26MB / 65.5kB
43,2026-09-10T08:09:37.363520+00:00,87,2026-09-10T08:09:37.002531+00:00,false,microservices,gateway,01bcfc52f59e6e0b3b3b8f648dc141f9eeca0067189a3ff0eef432b0c504860a,tcc-microservices-experiment-gateway-1,29.1,475109786,536870912,88.5,84,49.6MB / 55MB,34.1MB / 217kB
43,2026-09-10T08:09:37.363520+00:00,87,2026-09-10T08:09:37.002531+00:00,false,microservices,mysql,09b94b02911e21d5919bf92874209f05c048b612fded5cc2d25c06307ce5544e,tcc-microservices-experiment-mysql-1,28.54,534773760,1073741824,49.8,40,19.3MB / 57.8MB,46MB / 123MB
43,2026-09-10T08:09:37.363520+00:00,87,2026-09-10T08:09:37.002531+00:00,false,microservices,order,deec5e9c066eb65d79f18feb0dc2ae51dc37ae774e8a961aca79260e29b798cc,tcc-microservices-experiment-order-1,82.18,83865108,1073741824,7.81,3,68.6MB / 62.2MB,7.09MB / 77.8kB
43,2026-09-10T08:09:37.363520+00:00,87,2026-09-10T08:09:37.002531+00:00,false,microservices,product,1daf7d182b350027a9a90974b326ad43fcf55adfa6b48f0623ea7cff4b971f29,tcc-microservices-experiment-product-1,0.02,78611743,1073741824,7.32,3,416kB / 282kB,7.93MB / 81.9kB
44,2026-09-10T08:09:38.363509+00:00,89,2026-09-10T08:09:38.002318+00:00,false,microservices,auth,fc45e39c9bec9ccb22b5e901d76ba35a628770b0bb7e66bb6db921a9624d3b24,tcc-microservices-experiment-auth-1,0.01,79209431,1073741824,7.38,3,45.5kB / 40.3kB,4.26MB / 65.5kB
44,2026-09-10T08:09:38.363509+00:00,89,2026-09-10T08:09:38.002318+00:00,false,microservices,gateway,01bcfc52f59e6e0b3b3b8f648dc141f9eeca0067189a3ff0eef432b0c504860a,tcc-microservices-experiment-gateway-1,28.3,475424358,536870912,88.56,84,50.4MB / 55.8MB,34.1MB / 217kB
44,2026-09-10T08:09:38.363509+00:00,89,2026-09-10T08:09:38.002318+00:00,false,microservices,mysql,09b94b02911e21d5919bf92874209f05c048b612fded5cc2d25c06307ce5544e,tcc-microservices-experiment-mysql-1,25.41,534878618,1073741824,49.82,40,19.5MB / 58.6MB,46MB / 123MB
44,2026-09-10T08:09:38.363509+00:00,89,2026-09-10T08:09:38.002318+00:00,false,microservices,order,deec5e9c066eb65d79f18feb0dc2ae51dc37ae774e8a961aca79260e29b798cc,tcc-microservices-experiment-order-1,80.36,83361792,1073741824,7.76,3,69.6MB / 63MB,7.09MB / 77.8kB
44,2026-09-10T08:09:38.363509+00:00,89,2026-09-10T08:09:38.002318+00:00,false,microservices,product,1daf7d182b350027a9a90974b326ad43fcf55adfa6b48f0623ea7cff4b971f29,tcc-microservices-experiment-product-1,0.02,78611743,1073741824,7.32,3,416kB / 282kB,7.93MB / 81.9kB
45,2026-09-10T08:09:39.363530+00:00,91,2026-09-10T08:09:39.002702+00:00,false,microservices,auth,fc45e39c9bec9ccb22b5e901d76ba35a628770b0bb7e66bb6db921a9624d3b24,tcc-microservices-experiment-auth-1,0.02,79209431,1073741824,7.38,3,45.5kB / 40.3kB,4.26MB / 65.5kB
45,2026-09-10T08:09:39.363530+00:00,91,2026-09-10T08:09:39.002702+00:00,false,microservices,gateway,01bcfc52f59e6e0b3b3b8f648dc141f9eeca0067189a3ff0eef432b0c504860a,tcc-microservices-experiment-gateway-1,27.52,475948646,536870912,88.64,84,51.1MB / 56.6MB,34.1MB / 217kB
45,2026-09-10T08:09:39.363530+00:00,91,2026-09-10T08:09:39.002702+00:00,false,microservices,mysql,09b94b02911e21d5919bf92874209f05c048b612fded5cc2d25c06307ce5544e,tcc-microservices-experiment-mysql-1,29.77,534668902,1073741824,49.8,40,19.7MB / 59.4MB,46MB / 123MB
45,2026-09-10T08:09:39.363530+00:00,91,2026-09-10T08:09:39.002702+00:00,false,microservices,order,deec5e9c066eb65d79f18feb0dc2ae51dc37ae774e8a961aca79260e29b798cc,tcc-microservices-experiment-order-1,80.0,83089162,1073741824,7.74,3,70.5MB / 63.9MB,7.09MB / 77.8kB
45,2026-09-10T08:09:39.363530+00:00,91,2026-09-10T08:09:39.002702+00:00,false,microservices,product,1daf7d182b350027a9a90974b326ad43fcf55adfa6b48f0623ea7cff4b971f29,tcc-microservices-experiment-product-1,0.02,78611743,1073741824,7.32,3,416kB / 282kB,7.93MB / 81.9kB
46,2026-09-10T08:09:40.363517+00:00,93,2026-09-10T08:09:40.002315+00:00,false,microservices,auth,fc45e39c9bec9ccb22b5e901d76ba35a628770b0bb7e66bb6db921a9624d3b24,tcc-microservices-experiment-auth-1,0.02,79209431,1073741824,7.38,3,45.5kB / 40.3kB,4.26MB / 65.5kB
46,2026-09-10T08:09:40.363517+00:00,93,2026-09-10T08:09:40.002315+00:00,false,microservices,gateway,01bcfc52f59e6e0b3b3b8f648dc141f9eeca0067189a3ff0eef432b0c504860a,tcc-microservices-experiment-gateway-1,28.0,475214643,536870912,88.51,84,51.8MB / 57.4MB,34.1MB / 217kB
46,2026-09-10T08:09:40.363517+00:00,93,2026-09-10T08:09:40.002315+00:00,false,microservices,mysql,09b94b02911e21d5919bf92874209f05c048b612fded5cc2d25c06307ce5544e,tcc-microservices-experiment-mysql-1,25.88,534039757,1073741824,49.73,40,19.9MB / 60.1MB,46MB / 123MB
46,2026-09-10T08:09:40.363517+00:00,93,2026-09-10T08:09:40.002315+00:00,false,microservices,order,deec5e9c066eb65d79f18feb0dc2ae51dc37ae774e8a961aca79260e29b798cc,tcc-microservices-experiment-order-1,79.84,83456164,1073741824,7.77,3,71.4MB / 64.7MB,7.09MB / 77.8kB
46,2026-09-10T08:09:40.363517+00:00,93,2026-09-10T08:09:40.002315+00:00,false,microservices,product,1daf7d182b350027a9a90974b326ad43fcf55adfa6b48f0623ea7cff4b971f29,tcc-microservices-experiment-product-1,0.02,78611743,1073741824,7.32,3,416kB / 282kB,7.93MB / 81.9kB
47,2026-09-10T08:09:41.363515+00:00,95,2026-09-10T08:09:41.002744+00:00,false,microservices,auth,fc45e39c9bec9ccb22b5e901d76ba35a628770b0bb7e66bb6db921a9624d3b24,tcc-microservices-experiment-auth-1,0.02,79209431,1073741824,7.38,3,45.5kB / 40.3kB,4.26MB / 65.5kB
47,2026-09-10T08:09:41.363515+00:00,95,2026-09-10T08:09:41.002744+00:00,false,microservices,gateway,01bcfc52f59e6e0b3b3b8f648dc141f9eeca0067189a3ff0eef432b0c504860a,tcc-microservices-experiment-gateway-1,29.31,475529216,536870912,88.57,84,52.5MB / 58.2MB,34.1MB / 217kB
47,2026-09-10T08:09:41.363515+00:00,95,2026-09-10T08:09:41.002744+00:00,false,microservices,mysql,09b94b02911e21d5919bf92874209f05c048b612fded5cc2d25c06307ce5544e,tcc-microservices-experiment-mysql-1,29.37,534564045,1073741824,49.78,40,20.1MB / 60.9MB,46MB / 123MB
47,2026-09-10T08:09:41.363515+00:00,95,2026-09-10T08:09:41.002744+00:00,false,microservices,order,deec5e9c066eb65d79f18feb0dc2ae51dc37ae774e8a961aca79260e29b798cc,tcc-microservices-experiment-order-1,80.62,83194020,1073741824,7.75,3,72.4MB / 65.6MB,7.09MB / 77.8kB
47,2026-09-10T08:09:41.363515+00:00,95,2026-09-10T08:09:41.002744+00:00,false,microservices,product,1daf7d182b350027a9a90974b326ad43fcf55adfa6b48f0623ea7cff4b971f29,tcc-microservices-experiment-product-1,0.02,78611743,1073741824,7.32,3,416kB / 282kB,7.93MB / 81.9kB
48,2026-09-10T08:09:42.363549+00:00,97,2026-09-10T08:09:42.002480+00:00,false,microservices,auth,fc45e39c9bec9ccb22b5e901d76ba35a628770b0bb7e66bb6db921a9624d3b24,tcc-microservices-experiment-auth-1,0.02,79209431,1073741824,7.38,3,45.5kB / 40.3kB,4.26MB / 65.5kB
48,2026-09-10T08:09:42.363549+00:00,97,2026-09-10T08:09:42.002480+00:00,false,microservices,gateway,01bcfc52f59e6e0b3b3b8f648dc141f9eeca0067189a3ff0eef432b0c504860a,tcc-microservices-experiment-gateway-1,40.43,475948646,536870912,88.65,84,53.3MB / 59MB,34.1MB / 217kB
48,2026-09-10T08:09:42.363549+00:00,97,2026-09-10T08:09:42.002480+00:00,false,microservices,mysql,09b94b02911e21d5919bf92874209f05c048b612fded5cc2d25c06307ce5544e,tcc-microservices-experiment-mysql-1,25.43,533200896,1073741824,49.66,40,20.3MB / 61.7MB,46MB / 123MB
48,2026-09-10T08:09:42.363549+00:00,97,2026-09-10T08:09:42.002480+00:00,false,microservices,order,deec5e9c066eb65d79f18feb0dc2ae51dc37ae774e8a961aca79260e29b798cc,tcc-microservices-experiment-order-1,80.5,83676365,1073741824,7.79,3,73.3MB / 66.4MB,7.09MB / 77.8kB
48,2026-09-10T08:09:42.363549+00:00,97,2026-09-10T08:09:42.002480+00:00,false,microservices,product,1daf7d182b350027a9a90974b326ad43fcf55adfa6b48f0623ea7cff4b971f29,tcc-microservices-experiment-product-1,0.02,78611743,1073741824,7.32,3,416kB / 282kB,7.93MB / 81.9kB
49,2026-09-10T08:09:43.363514+00:00,99,2026-09-10T08:09:43.002606+00:00,false,microservices,auth,fc45e39c9bec9ccb22b5e901d76ba35a628770b0bb7e66bb6db921a9624d3b24,tcc-microservices-experiment-auth-1,0.02,79209431,1073741824,7.38,3,45.5kB / 40.3kB,4.26MB / 65.5kB
49,2026-09-10T08:09:43.363514+00:00,99,2026-09-10T08:09:43.002606+00:00,false,microservices,gateway,01bcfc52f59e6e0b3b3b8f648dc141f9eeca0067189a3ff0eef432b0c504860a,tcc-microservices-experiment-gateway-1,60.43,475109786,536870912,88.5,84,54MB / 59.8MB,34.1MB / 217kB
49,2026-09-10T08:09:43.363514+00:00,99,2026-09-10T08:09:43.002606+00:00,false,microservices,mysql,09b94b02911e21d5919bf92874209f05c048b612fded5cc2d25c06307ce5544e,tcc-microservices-experiment-mysql-1,29.59,534564045,1073741824,49.79,40,20.6MB / 62.4MB,46MB / 123MB
49,2026-09-10T08:09:43.363514+00:00,99,2026-09-10T08:09:43.002606+00:00,false,microservices,order,deec5e9c066eb65d79f18feb0dc2ae51dc37ae774e8a961aca79260e29b798cc,tcc-microservices-experiment-order-1,80.91,83131105,1073741824,7.74,3,74.2MB / 67.3MB,7.09MB / 77.8kB
49,2026-09-10T08:09:43.363514+00:00,99,2026-09-10T08:09:43.002606+00:00,false,microservices,product,1daf7d182b350027a9a90974b326ad43fcf55adfa6b48f0623ea7cff4b971f29,tcc-microservices-experiment-product-1,0.03,78611743,1073741824,7.32,3,416kB / 282kB,7.93MB / 81.9kB
50,2026-09-10T08:09:44.363499+00:00,101,2026-09-10T08:09:44.002756+00:00,false,microservices,auth,fc45e39c9bec9ccb22b5e901d76ba35a628770b0bb7e66bb6db921a9624d3b24,tcc-microservices-experiment-auth-1,0.01,79209431,1073741824,7.38,3,45.5kB / 40.3kB,4.26MB / 65.5kB
50,2026-09-10T08:09:44.363499+00:00,101,2026-09-10T08:09:44.002756+00:00,false,microservices,gateway,01bcfc52f59e6e0b3b3b8f648dc141f9eeca0067189a3ff0eef432b0c504860a,tcc-microservices-experiment-gateway-1,36.62,475424358,536870912,88.56,84,54.7MB / 60.6MB,34.1MB / 229kB
50,2026-09-10T08:09:44.363499+00:00,101,2026-09-10T08:09:44.002756+00:00,false,microservices,mysql,09b94b02911e21d5919bf92874209f05c048b612fded5cc2d25c06307ce5544e,tcc-microservices-experiment-mysql-1,25.67,533830042,1073741824,49.72,40,20.8MB / 63.2MB,46MB / 123MB
50,2026-09-10T08:09:44.363499+00:00,101,2026-09-10T08:09:44.002756+00:00,false,microservices,order,deec5e9c066eb65d79f18feb0dc2ae51dc37ae774e8a961aca79260e29b798cc,tcc-microservices-experiment-order-1,80.64,83162563,1073741824,7.74,3,75.1MB / 68.1MB,7.09MB / 77.8kB
50,2026-09-10T08:09:44.363499+00:00,101,2026-09-10T08:09:44.002756+00:00,false,microservices,product,1daf7d182b350027a9a90974b326ad43fcf55adfa6b48f0623ea7cff4b971f29,tcc-microservices-experiment-product-1,0.02,78611743,1073741824,7.32,3,416kB / 282kB,7.93MB / 81.9kB
51,2026-09-10T08:09:45.363492+00:00,103,2026-09-10T08:09:45.003015+00:00,false,microservices,auth,fc45e39c9bec9ccb22b5e901d76ba35a628770b0bb7e66bb6db921a9624d3b24,tcc-microservices-experiment-auth-1,0.02,79209431,1073741824,7.38,3,45.6kB / 40.3kB,4.26MB / 65.5kB
51,2026-09-10T08:09:45.363492+00:00,103,2026-09-10T08:09:45.003015+00:00,false,microservices,gateway,01bcfc52f59e6e0b3b3b8f648dc141f9eeca0067189a3ff0eef432b0c504860a,tcc-microservices-experiment-gateway-1,27.38,474900070,536870912,88.45,79,55.4MB / 61.4MB,34.1MB / 229kB
51,2026-09-10T08:09:45.363492+00:00,103,2026-09-10T08:09:45.003015+00:00,false,microservices,mysql,09b94b02911e21d5919bf92874209f05c048b612fded5cc2d25c06307ce5544e,tcc-microservices-experiment-mysql-1,29.29,534144614,1073741824,49.75,40,21MB / 63.9MB,46MB / 123MB
51,2026-09-10T08:09:45.363492+00:00,103,2026-09-10T08:09:45.003015+00:00,false,microservices,order,deec5e9c066eb65d79f18feb0dc2ae51dc37ae774e8a961aca79260e29b798cc,tcc-microservices-experiment-order-1,80.98,83152077,1073741824,7.74,3,76.1MB / 69MB,7.09MB / 77.8kB
51,2026-09-10T08:09:45.363492+00:00,103,2026-09-10T08:09:45.003015+00:00,false,microservices,product,1daf7d182b350027a9a90974b326ad43fcf55adfa6b48f0623ea7cff4b971f29,tcc-microservices-experiment-product-1,0.02,78611743,1073741824,7.32,3,417kB / 282kB,7.93MB / 81.9kB
52,2026-09-10T08:09:46.363513+00:00,105,2026-09-10T08:09:46.003150+00:00,false,microservices,auth,fc45e39c9bec9ccb22b5e901d76ba35a628770b0bb7e66bb6db921a9624d3b24,tcc-microservices-experiment-auth-1,0.02,79209431,1073741824,7.38,3,45.6kB / 40.3kB,4.26MB / 65.5kB
52,2026-09-10T08:09:46.363513+00:00,105,2026-09-10T08:09:46.003150+00:00,false,microservices,gateway,01bcfc52f59e6e0b3b3b8f648dc141f9eeca0067189a3ff0eef432b0c504860a,tcc-microservices-experiment-gateway-1,29.33,474690355,536870912,88.43,79,56.2MB / 62.2MB,34.1MB / 229kB
52,2026-09-10T08:09:46.363513+00:00,105,2026-09-10T08:09:46.003150+00:00,false,microservices,mysql,09b94b02911e21d5919bf92874209f05c048b612fded5cc2d25c06307ce5544e,tcc-microservices-experiment-mysql-1,23.75,534249472,1073741824,49.75,40,21.2MB / 64.7MB,46MB / 123MB
52,2026-09-10T08:09:46.363513+00:00,105,2026-09-10T08:09:46.003150+00:00,false,microservices,order,deec5e9c066eb65d79f18feb0dc2ae51dc37ae774e8a961aca79260e29b798cc,tcc-microservices-experiment-order-1,82.3,83812680,1073741824,7.81,3,77MB / 69.8MB,7.09MB / 77.8kB
52,2026-09-10T08:09:46.363513+00:00,105,2026-09-10T08:09:46.003150+00:00,false,microservices,product,1daf7d182b350027a9a90974b326ad43fcf55adfa6b48f0623ea7cff4b971f29,tcc-microservices-experiment-product-1,0.02,78611743,1073741824,7.32,3,417kB / 282kB,7.93MB / 81.9kB
53,2026-09-10T08:09:47.363502+00:00,107,2026-09-10T08:09:47.002797+00:00,false,microservices,auth,fc45e39c9bec9ccb22b5e901d76ba35a628770b0bb7e66bb6db921a9624d3b24,tcc-microservices-experiment-auth-1,0.02,79209431,1073741824,7.38,3,45.7kB / 40.3kB,4.26MB / 65.5kB
53,2026-09-10T08:09:47.363502+00:00,107,2026-09-10T08:09:47.002797+00:00,false,microservices,gateway,01bcfc52f59e6e0b3b3b8f648dc141f9eeca0067189a3ff0eef432b0c504860a,tcc-microservices-experiment-gateway-1,26.58,475109786,536870912,88.49,79,56.9MB / 63MB,34.1MB / 229kB
53,2026-09-10T08:09:47.363502+00:00,107,2026-09-10T08:09:47.002797+00:00,false,microservices,mysql,09b94b02911e21d5919bf92874209f05c048b612fded5cc2d25c06307ce5544e,tcc-microservices-experiment-mysql-1,29.16,534878618,1073741824,49.82,40,21.4MB / 65.5MB,46MB / 123MB
53,2026-09-10T08:09:47.363502+00:00,107,2026-09-10T08:09:47.002797+00:00,false,microservices,order,deec5e9c066eb65d79f18feb0dc2ae51dc37ae774e8a961aca79260e29b798cc,tcc-microservices-experiment-order-1,79.81,83309363,1073741824,7.76,3,77.9MB / 70.7MB,7.09MB / 77.8kB
53,2026-09-10T08:09:47.363502+00:00,107,2026-09-10T08:09:47.002797+00:00,false,microservices,product,1daf7d182b350027a9a90974b326ad43fcf55adfa6b48f0623ea7cff4b971f29,tcc-microservices-experiment-product-1,0.02,78611743,1073741824,7.32,3,417kB / 282kB,7.93MB / 81.9kB
54,2026-09-10T08:09:48.363522+00:00,109,2026-09-10T08:09:48.002648+00:00,false,microservices,auth,fc45e39c9bec9ccb22b5e901d76ba35a628770b0bb7e66bb6db921a9624d3b24,tcc-microservices-experiment-auth-1,0.01,79209431,1073741824,7.38,3,45.7kB / 40.3kB,4.26MB / 65.5kB
54,2026-09-10T08:09:48.363522+00:00,109,2026-09-10T08:09:48.002648+00:00,false,microservices,gateway,01bcfc52f59e6e0b3b3b8f648dc141f9eeca0067189a3ff0eef432b0c504860a,tcc-microservices-experiment-gateway-1,27.0,475529216,536870912,88.57,79,57.6MB / 63.8MB,34.1MB / 229kB
54,2026-09-10T08:09:48.363522+00:00,109,2026-09-10T08:09:48.002648+00:00,false,microservices,mysql,09b94b02911e21d5919bf92874209f05c048b612fded5cc2d25c06307ce5544e,tcc-microservices-experiment-mysql-1,25.13,534039757,1073741824,49.73,40,21.7MB / 66.3MB,46MB / 123MB
54,2026-09-10T08:09:48.363522+00:00,109,2026-09-10T08:09:48.002648+00:00,false,microservices,order,deec5e9c066eb65d79f18feb0dc2ae51dc37ae774e8a961aca79260e29b798cc,tcc-microservices-experiment-order-1,80.18,83844137,1073741824,7.81,3,78.9MB / 71.6MB,7.09MB / 77.8kB
54,2026-09-10T08:09:48.363522+00:00,109,2026-09-10T08:09:48.002648+00:00,false,microservices,product,1daf7d182b350027a9a90974b326ad43fcf55adfa6b48f0623ea7cff4b971f29,tcc-microservices-experiment-product-1,0.02,78611743,1073741824,7.32,3,417kB / 282kB,7.93MB / 81.9kB
55,2026-09-10T08:09:49.363493+00:00,111,2026-09-10T08:09:49.002256+00:00,false,microservices,auth,fc45e39c9bec9ccb22b5e901d76ba35a628770b0bb7e66bb6db921a9624d3b24,tcc-microservices-experiment-auth-1,0.02,79209431,1073741824,7.38,3,45.8kB / 40.3kB,4.26MB / 65.5kB
55,2026-09-10T08:09:49.363493+00:00,111,2026-09-10T08:09:49.002256+00:00,false,microservices,gateway,01bcfc52f59e6e0b3b3b8f648dc141f9eeca0067189a3ff0eef432b0c504860a,tcc-microservices-experiment-gateway-1,26.93,475319501,536870912,88.54,79,58.4MB / 64.6MB,34.1MB / 229kB
55,2026-09-10T08:09:49.363493+00:00,111,2026-09-10T08:09:49.002256+00:00,false,microservices,mysql,09b94b02911e21d5919bf92874209f05c048b612fded5cc2d25c06307ce5544e,tcc-microservices-experiment-mysql-1,28.79,533934899,1073741824,49.72,40,21.9MB / 67MB,46MB / 123MB
55,2026-09-10T08:09:49.363493+00:00,111,2026-09-10T08:09:49.002256+00:00,false,microservices,order,deec5e9c066eb65d79f18feb0dc2ae51dc37ae774e8a961aca79260e29b798cc,tcc-microservices-experiment-order-1,81.23,82722161,1073741824,7.7,3,79.8MB / 72.4MB,7.09MB / 77.8kB
55,2026-09-10T08:09:49.363493+00:00,111,2026-09-10T08:09:49.002256+00:00,false,microservices,product,1daf7d182b350027a9a90974b326ad43fcf55adfa6b48f0623ea7cff4b971f29,tcc-microservices-experiment-product-1,0.02,78611743,1073741824,7.32,3,417kB / 282kB,7.93MB / 81.9kB
56,2026-09-10T08:09:50.363517+00:00,113,2026-09-10T08:09:50.002522+00:00,false,microservices,auth,fc45e39c9bec9ccb22b5e901d76ba35a628770b0bb7e66bb6db921a9624d3b24,tcc-microservices-experiment-auth-1,0.02,79209431,1073741824,7.38,3,45.8kB / 40.3kB,4.26MB / 65.5kB
56,2026-09-10T08:09:50.363517+00:00,113,2026-09-10T08:09:50.002522+00:00,false,microservices,gateway,01bcfc52f59e6e0b3b3b8f648dc141f9eeca0067189a3ff0eef432b0c504860a,tcc-microservices-experiment-gateway-1,31.46,475738931,536870912,88.61,79,59.1MB / 65.5MB,34.1MB / 229kB
56,2026-09-10T08:09:50.363517+00:00,113,2026-09-10T08:09:50.002522+00:00,false,microservices,mysql,09b94b02911e21d5919bf92874209f05c048b612fded5cc2d25c06307ce5544e,tcc-microservices-experiment-mysql-1,24.8,533620326,1073741824,49.7,40,22.1MB / 67.8MB,46MB / 123MB
56,2026-09-10T08:09:50.363517+00:00,113,2026-09-10T08:09:50.002522+00:00,false,microservices,order,deec5e9c066eb65d79f18feb0dc2ae51dc37ae774e8a961aca79260e29b798cc,tcc-microservices-experiment-order-1,80.47,83456164,1073741824,7.77,3,80.8MB / 73.3MB,7.09MB / 77.8kB
56,2026-09-10T08:09:50.363517+00:00,113,2026-09-10T08:09:50.002522+00:00,false,microservices,product,1daf7d182b350027a9a90974b326ad43fcf55adfa6b48f0623ea7cff4b971f29,tcc-microservices-experiment-product-1,0.02,78611743,1073741824,7.32,3,417kB / 282kB,7.93MB / 81.9kB
57,2026-09-10T08:09:51.363505+00:00,115,2026-09-10T08:09:51.003213+00:00,false,microservices,auth,fc45e39c9bec9ccb22b5e901d76ba35a628770b0bb7e66bb6db921a9624d3b24,tcc-microservices-experiment-auth-1,0.02,79209431,1073741824,7.38,3,45.8kB / 40.3kB,4.26MB / 65.5kB
57,2026-09-10T08:09:51.363505+00:00,115,2026-09-10T08:09:51.003213+00:00,false,microservices,gateway,01bcfc52f59e6e0b3b3b8f648dc141f9eeca0067189a3ff0eef432b0c504860a,tcc-microservices-experiment-gateway-1,31.46,475738931,536870912,88.61,79,59.1MB / 65.5MB,34.1MB / 229kB
57,2026-09-10T08:09:51.363505+00:00,115,2026-09-10T08:09:51.003213+00:00,false,microservices,mysql,09b94b02911e21d5919bf92874209f05c048b612fded5cc2d25c06307ce5544e,tcc-microservices-experiment-mysql-1,28.4,534564045,1073741824,49.79,40,22.3MB / 68.6MB,46MB / 123MB
57,2026-09-10T08:09:51.363505+00:00,115,2026-09-10T08:09:51.003213+00:00,false,microservices,order,deec5e9c066eb65d79f18feb0dc2ae51dc37ae774e8a961aca79260e29b798cc,tcc-microservices-experiment-order-1,82.72,83414221,1073741824,7.77,3,81.7MB / 74.1MB,7.09MB / 77.8kB
57,2026-09-10T08:09:51.363505+00:00,115,2026-09-10T08:09:51.003213+00:00,false,microservices,product,1daf7d182b350027a9a90974b326ad43fcf55adfa6b48f0623ea7cff4b971f29,tcc-microservices-experiment-product-1,0.02,78611743,1073741824,7.32,3,417kB / 282kB,7.93MB / 81.9kB
58,2026-09-10T08:09:52.363500+00:00,117,2026-09-10T08:09:52.003106+00:00,false,microservices,auth,fc45e39c9bec9ccb22b5e901d76ba35a628770b0bb7e66bb6db921a9624d3b24,tcc-microservices-experiment-auth-1,0.01,79209431,1073741824,7.38,3,45.8kB / 40.3kB,4.26MB / 65.5kB
58,2026-09-10T08:09:52.363500+00:00,117,2026-09-10T08:09:52.003106+00:00,false,microservices,gateway,01bcfc52f59e6e0b3b3b8f648dc141f9eeca0067189a3ff0eef432b0c504860a,tcc-microservices-experiment-gateway-1,50.28,474900070,536870912,88.46,79,59.8MB / 66.3MB,34.1MB / 229kB
58,2026-09-10T08:09:52.363500+00:00,117,2026-09-10T08:09:52.003106+00:00,false,microservices,mysql,09b94b02911e21d5919bf92874209f05c048b612fded5cc2d25c06307ce5544e,tcc-microservices-experiment-mysql-1,28.4,534564045,1073741824,49.79,40,22.3MB / 68.6MB,46MB / 123MB
58,2026-09-10T08:09:52.363500+00:00,117,2026-09-10T08:09:52.003106+00:00,false,microservices,order,deec5e9c066eb65d79f18feb0dc2ae51dc37ae774e8a961aca79260e29b798cc,tcc-microservices-experiment-order-1,82.72,83414221,1073741824,7.77,3,81.7MB / 74.1MB,7.09MB / 77.8kB
58,2026-09-10T08:09:52.363500+00:00,117,2026-09-10T08:09:52.003106+00:00,false,microservices,product,1daf7d182b350027a9a90974b326ad43fcf55adfa6b48f0623ea7cff4b971f29,tcc-microservices-experiment-product-1,0.02,78611743,1073741824,7.32,3,417kB / 282kB,7.93MB / 81.9kB
59,2026-09-10T08:09:53.363494+00:00,119,2026-09-10T08:09:53.002666+00:00,false,microservices,auth,fc45e39c9bec9ccb22b5e901d76ba35a628770b0bb7e66bb6db921a9624d3b24,tcc-microservices-experiment-auth-1,0.02,79209431,1073741824,7.38,3,45.8kB / 40.3kB,4.26MB / 65.5kB
59,2026-09-10T08:09:53.363494+00:00,119,2026-09-10T08:09:53.002666+00:00,false,microservices,gateway,01bcfc52f59e6e0b3b3b8f648dc141f9eeca0067189a3ff0eef432b0c504860a,tcc-microservices-experiment-gateway-1,49.24,475529216,536870912,88.57,79,60.5MB / 67.1MB,34.1MB / 229kB
59,2026-09-10T08:09:53.363494+00:00,119,2026-09-10T08:09:53.002666+00:00,false,microservices,mysql,09b94b02911e21d5919bf92874209f05c048b612fded5cc2d25c06307ce5544e,tcc-microservices-experiment-mysql-1,23.85,535088333,1073741824,49.84,40,22.5MB / 69.4MB,46MB / 123MB
59,2026-09-10T08:09:53.363494+00:00,119,2026-09-10T08:09:53.002666+00:00,false,microservices,order,deec5e9c066eb65d79f18feb0dc2ae51dc37ae774e8a961aca79260e29b798cc,tcc-microservices-experiment-order-1,82.55,83571507,1073741824,7.78,3,82.6MB / 75MB,7.09MB / 77.8kB
59,2026-09-10T08:09:53.363494+00:00,119,2026-09-10T08:09:53.002666+00:00,false,microservices,product,1daf7d182b350027a9a90974b326ad43fcf55adfa6b48f0623ea7cff4b971f29,tcc-microservices-experiment-product-1,0.02,78611743,1073741824,7.32,3,417kB / 282kB,7.93MB / 81.9kB
60,2026-09-10T08:09:54.363499+00:00,121,2026-09-10T08:09:54.003783+00:00,false,microservices,auth,fc45e39c9bec9ccb22b5e901d76ba35a628770b0bb7e66bb6db921a9624d3b24,tcc-microservices-experiment-auth-1,0.02,79209431,1073741824,7.38,3,45.8kB / 40.3kB,4.26MB / 65.5kB
60,2026-09-10T08:09:54.363499+00:00,121,2026-09-10T08:09:54.003783+00:00,false,microservices,gateway,01bcfc52f59e6e0b3b3b8f648dc141f9eeca0067189a3ff0eef432b0c504860a,tcc-microservices-experiment-gateway-1,25.42,476472934,536870912,88.74,79,61.3MB / 67.9MB,34.1MB / 229kB
60,2026-09-10T08:09:54.363499+00:00,121,2026-09-10T08:09:54.003783+00:00,false,microservices,mysql,09b94b02911e21d5919bf92874209f05c048b612fded5cc2d25c06307ce5544e,tcc-microservices-experiment-mysql-1,29.76,535298048,1073741824,49.85,40,22.7MB / 70.1MB,46MB / 123MB
60,2026-09-10T08:09:54.363499+00:00,121,2026-09-10T08:09:54.003783+00:00,false,microservices,order,deec5e9c066eb65d79f18feb0dc2ae51dc37ae774e8a961aca79260e29b798cc,tcc-microservices-experiment-order-1,81.37,83749765,1073741824,7.8,3,83.5MB / 75.8MB,7.09MB / 77.8kB
60,2026-09-10T08:09:54.363499+00:00,121,2026-09-10T08:09:54.003783+00:00,false,microservices,product,1daf7d182b350027a9a90974b326ad43fcf55adfa6b48f0623ea7cff4b971f29,tcc-microservices-experiment-product-1,0.02,78611743,1073741824,7.32,3,417kB / 282kB,7.93MB / 81.9kB
61,2026-09-10T08:09:55.363501+00:00,123,2026-09-10T08:09:55.002276+00:00,false,microservices,auth,fc45e39c9bec9ccb22b5e901d76ba35a628770b0bb7e66bb6db921a9624d3b24,tcc-microservices-experiment-auth-1,0.02,79209431,1073741824,7.38,3,45.8kB / 40.3kB,4.26MB / 65.5kB
61,2026-09-10T08:09:55.363501+00:00,123,2026-09-10T08:09:55.002276+00:00,false,microservices,gateway,01bcfc52f59e6e0b3b3b8f648dc141f9eeca0067189a3ff0eef432b0c504860a,tcc-microservices-experiment-gateway-1,25.89,475634074,536870912,88.59,79,62MB / 68.7MB,34.1MB / 229kB
61,2026-09-10T08:09:55.363501+00:00,123,2026-09-10T08:09:55.002276+00:00,false,microservices,mysql,09b94b02911e21d5919bf92874209f05c048b612fded5cc2d25c06307ce5544e,tcc-microservices-experiment-mysql-1,24.73,534354330,1073741824,49.77,40,23MB / 70.9MB,46MB / 123MB
61,2026-09-10T08:09:55.363501+00:00,123,2026-09-10T08:09:55.002276+00:00,false,microservices,order,deec5e9c066eb65d79f18feb0dc2ae51dc37ae774e8a961aca79260e29b798cc,tcc-microservices-experiment-order-1,81.55,83036733,1073741824,7.73,3,84.5MB / 76.7MB,7.09MB / 77.8kB
61,2026-09-10T08:09:55.363501+00:00,123,2026-09-10T08:09:55.002276+00:00,false,microservices,product,1daf7d182b350027a9a90974b326ad43fcf55adfa6b48f0623ea7cff4b971f29,tcc-microservices-experiment-product-1,0.02,78611743,1073741824,7.32,3,417kB / 282kB,7.93MB / 81.9kB
62,2026-09-10T08:09:56.363508+00:00,125,2026-09-10T08:09:56.004093+00:00,false,microservices,auth,fc45e39c9bec9ccb22b5e901d76ba35a628770b0bb7e66bb6db921a9624d3b24,tcc-microservices-experiment-auth-1,0.02,79209431,1073741824,7.38,3,45.8kB / 40.3kB,4.26MB / 65.5kB
62,2026-09-10T08:09:56.363508+00:00,125,2026-09-10T08:09:56.004093+00:00,false,microservices,gateway,01bcfc52f59e6e0b3b3b8f648dc141f9eeca0067189a3ff0eef432b0c504860a,tcc-microservices-experiment-gateway-1,25.78,475634074,536870912,88.6,79,62.7MB / 69.5MB,34.1MB / 229kB
62,2026-09-10T08:09:56.363508+00:00,125,2026-09-10T08:09:56.004093+00:00,false,microservices,mysql,09b94b02911e21d5919bf92874209f05c048b612fded5cc2d25c06307ce5544e,tcc-microservices-experiment-mysql-1,29.7,535088333,1073741824,49.84,40,23.2MB / 71.7MB,46MB / 123MB
62,2026-09-10T08:09:56.363508+00:00,125,2026-09-10T08:09:56.004093+00:00,false,microservices,order,deec5e9c066eb65d79f18feb0dc2ae51dc37ae774e8a961aca79260e29b798cc,tcc-microservices-experiment-order-1,81.04,82533417,1073741824,7.69,3,85.4MB / 77.6MB,7.09MB / 77.8kB
62,2026-09-10T08:09:56.363508+00:00,125,2026-09-10T08:09:56.004093+00:00,false,microservices,product,1daf7d182b350027a9a90974b326ad43fcf55adfa6b48f0623ea7cff4b971f29,tcc-microservices-experiment-product-1,0.02,78611743,1073741824,7.32,3,417kB / 282kB,7.93MB / 81.9kB
63,2026-09-10T08:09:57.363495+00:00,127,2026-09-10T08:09:57.002440+00:00,false,microservices,auth,fc45e39c9bec9ccb22b5e901d76ba35a628770b0bb7e66bb6db921a9624d3b24,tcc-microservices-experiment-auth-1,0.02,79209431,1073741824,7.38,3,45.8kB / 40.3kB,4.26MB / 65.5kB
63,2026-09-10T08:09:57.363495+00:00,127,2026-09-10T08:09:57.002440+00:00,false,microservices,gateway,01bcfc52f59e6e0b3b3b8f648dc141f9eeca0067189a3ff0eef432b0c504860a,tcc-microservices-experiment-gateway-1,25.82,475948646,536870912,88.65,79,63.5MB / 70.3MB,34.1MB / 229kB
63,2026-09-10T08:09:57.363495+00:00,127,2026-09-10T08:09:57.002440+00:00,false,microservices,mysql,09b94b02911e21d5919bf92874209f05c048b612fded5cc2d25c06307ce5544e,tcc-microservices-experiment-mysql-1,25.43,534144614,1073741824,49.75,40,23.4MB / 72.4MB,46MB / 123MB
63,2026-09-10T08:09:57.363495+00:00,127,2026-09-10T08:09:57.002440+00:00,false,microservices,order,deec5e9c066eb65d79f18feb0dc2ae51dc37ae774e8a961aca79260e29b798cc,tcc-microservices-experiment-order-1,80.58,82743132,1073741824,7.71,3,86.4MB / 78.4MB,7.09MB / 77.8kB
63,2026-09-10T08:09:57.363495+00:00,127,2026-09-10T08:09:57.002440+00:00,false,microservices,product,1daf7d182b350027a9a90974b326ad43fcf55adfa6b48f0623ea7cff4b971f29,tcc-microservices-experiment-product-1,0.02,78611743,1073741824,7.32,3,417kB / 282kB,7.93MB / 81.9kB
64,2026-09-10T08:09:58.363520+00:00,129,2026-09-10T08:09:58.003471+00:00,false,microservices,auth,fc45e39c9bec9ccb22b5e901d76ba35a628770b0bb7e66bb6db921a9624d3b24,tcc-microservices-experiment-auth-1,0.02,79209431,1073741824,7.38,3,45.8kB / 40.3kB,4.26MB / 65.5kB
64,2026-09-10T08:09:58.363520+00:00,129,2026-09-10T08:09:58.003471+00:00,false,microservices,gateway,01bcfc52f59e6e0b3b3b8f648dc141f9eeca0067189a3ff0eef432b0c504860a,tcc-microservices-experiment-gateway-1,31.71,475529216,536870912,88.57,79,64.2MB / 71.1MB,34.1MB / 229kB
64,2026-09-10T08:09:58.363520+00:00,129,2026-09-10T08:09:58.003471+00:00,false,microservices,mysql,09b94b02911e21d5919bf92874209f05c048b612fded5cc2d25c06307ce5544e,tcc-microservices-experiment-mysql-1,29.42,534564045,1073741824,49.79,40,23.6MB / 73.2MB,46MB / 123MB
64,2026-09-10T08:09:58.363520+00:00,129,2026-09-10T08:09:58.003471+00:00,false,microservices,order,deec5e9c066eb65d79f18feb0dc2ae51dc37ae774e8a961aca79260e29b798cc,tcc-microservices-experiment-order-1,81.21,82690703,1073741824,7.7,3,87.3MB / 79.3MB,7.09MB / 77.8kB
64,2026-09-10T08:09:58.363520+00:00,129,2026-09-10T08:09:58.003471+00:00,false,microservices,product,1daf7d182b350027a9a90974b326ad43fcf55adfa6b48f0623ea7cff4b971f29,tcc-microservices-experiment-product-1,0.02,78611743,1073741824,7.32,3,417kB / 282kB,7.93MB / 81.9kB
65,2026-09-10T08:09:59.363499+00:00,131,2026-09-10T08:09:59.003094+00:00,false,microservices,auth,fc45e39c9bec9ccb22b5e901d76ba35a628770b0bb7e66bb6db921a9624d3b24,tcc-microservices-experiment-auth-1,0.02,79209431,1073741824,7.38,3,45.8kB / 40.3kB,4.26MB / 65.5kB
65,2026-09-10T08:09:59.363499+00:00,131,2026-09-10T08:09:59.003094+00:00,false,microservices,gateway,01bcfc52f59e6e0b3b3b8f648dc141f9eeca0067189a3ff0eef432b0c504860a,tcc-microservices-experiment-gateway-1,27.01,475843789,536870912,88.63,79,65MB / 71.9MB,34.1MB / 229kB
65,2026-09-10T08:09:59.363499+00:00,131,2026-09-10T08:09:59.003094+00:00,false,microservices,mysql,09b94b02911e21d5919bf92874209f05c048b612fded5cc2d25c06307ce5544e,tcc-microservices-experiment-mysql-1,25.94,534144614,1073741824,49.75,40,23.8MB / 74MB,46MB / 123MB
65,2026-09-10T08:09:59.363499+00:00,131,2026-09-10T08:09:59.003094+00:00,false,microservices,order,deec5e9c066eb65d79f18feb0dc2ae51dc37ae774e8a961aca79260e29b798cc,tcc-microservices-experiment-order-1,79.72,82585846,1073741824,7.69,3,88.2MB / 80.1MB,7.09MB / 77.8kB
65,2026-09-10T08:09:59.363499+00:00,131,2026-09-10T08:09:59.003094+00:00,false,microservices,product,1daf7d182b350027a9a90974b326ad43fcf55adfa6b48f0623ea7cff4b971f29,tcc-microservices-experiment-product-1,0.02,78611743,1073741824,7.32,3,417kB / 282kB,7.93MB / 81.9kB
66,2026-09-10T08:10:00.363517+00:00,133,2026-09-10T08:10:00.004015+00:00,false,microservices,auth,fc45e39c9bec9ccb22b5e901d76ba35a628770b0bb7e66bb6db921a9624d3b24,tcc-microservices-experiment-auth-1,0.02,79209431,1073741824,7.38,3,45.8kB / 40.3kB,4.26MB / 65.5kB
66,2026-09-10T08:10:00.363517+00:00,133,2026-09-10T08:10:00.004015+00:00,false,microservices,gateway,01bcfc52f59e6e0b3b3b8f648dc141f9eeca0067189a3ff0eef432b0c504860a,tcc-microservices-experiment-gateway-1,29.65,476158362,536870912,88.69,79,65.7MB / 72.8MB,34.1MB / 246kB
66,2026-09-10T08:10:00.363517+00:00,133,2026-09-10T08:10:00.004015+00:00,false,microservices,mysql,09b94b02911e21d5919bf92874209f05c048b612fded5cc2d25c06307ce5544e,tcc-microservices-experiment-mysql-1,28.72,534878618,1073741824,49.81,40,24.1MB / 74.7MB,46MB / 123MB
66,2026-09-10T08:10:00.363517+00:00,133,2026-09-10T08:10:00.004015+00:00,false,microservices,order,deec5e9c066eb65d79f18feb0dc2ae51dc37ae774e8a961aca79260e29b798cc,tcc-microservices-experiment-order-1,82.47,82816532,1073741824,7.71,3,89.2MB / 81MB,7.09MB / 77.8kB
66,2026-09-10T08:10:00.363517+00:00,133,2026-09-10T08:10:00.004015+00:00,false,microservices,product,1daf7d182b350027a9a90974b326ad43fcf55adfa6b48f0623ea7cff4b971f29,tcc-microservices-experiment-product-1,0.02,78611743,1073741824,7.32,3,417kB / 282kB,7.93MB / 81.9kB
67,2026-09-10T08:10:01.363515+00:00,135,2026-09-10T08:10:01.002314+00:00,false,microservices,auth,fc45e39c9bec9ccb22b5e901d76ba35a628770b0bb7e66bb6db921a9624d3b24,tcc-microservices-experiment-auth-1,0.02,79209431,1073741824,7.38,3,45.8kB / 40.3kB,4.26MB / 65.5kB
67,2026-09-10T08:10:01.363515+00:00,135,2026-09-10T08:10:01.002314+00:00,false,microservices,gateway,01bcfc52f59e6e0b3b3b8f648dc141f9eeca0067189a3ff0eef432b0c504860a,tcc-microservices-experiment-gateway-1,27.65,475319501,536870912,88.54,79,66.4MB / 73.6MB,34.1MB / 246kB
67,2026-09-10T08:10:01.363515+00:00,135,2026-09-10T08:10:01.002314+00:00,false,microservices,mysql,09b94b02911e21d5919bf92874209f05c048b612fded5cc2d25c06307ce5544e,tcc-microservices-experiment-mysql-1,24.89,534039757,1073741824,49.74,40,24.3MB / 75.5MB,46MB / 123MB
67,2026-09-10T08:10:01.363515+00:00,135,2026-09-10T08:10:01.002314+00:00,false,microservices,order,deec5e9c066eb65d79f18feb0dc2ae51dc37ae774e8a961aca79260e29b798cc,tcc-microservices-experiment-order-1,81.11,82575360,1073741824,7.69,3,90.1MB / 81.8MB,7.09MB / 77.8kB
67,2026-09-10T08:10:01.363515+00:00,135,2026-09-10T08:10:01.002314+00:00,false,microservices,product,1daf7d182b350027a9a90974b326ad43fcf55adfa6b48f0623ea7cff4b971f29,tcc-microservices-experiment-product-1,0.02,78611743,1073741824,7.32,3,417kB / 282kB,7.93MB / 81.9kB
68,2026-09-10T08:10:02.363493+00:00,137,2026-09-10T08:10:02.004123+00:00,false,microservices,auth,fc45e39c9bec9ccb22b5e901d76ba35a628770b0bb7e66bb6db921a9624d3b24,tcc-microservices-experiment-auth-1,0.02,79209431,1073741824,7.38,3,45.8kB / 40.3kB,4.26MB / 65.5kB
68,2026-09-10T08:10:02.363493+00:00,137,2026-09-10T08:10:02.004123+00:00,false,microservices,gateway,01bcfc52f59e6e0b3b3b8f648dc141f9eeca0067189a3ff0eef432b0c504860a,tcc-microservices-experiment-gateway-1,28.76,476053504,536870912,88.67,79,67.2MB / 74.4MB,34.1MB / 246kB
68,2026-09-10T08:10:02.363493+00:00,137,2026-09-10T08:10:02.004123+00:00,false,microservices,mysql,09b94b02911e21d5919bf92874209f05c048b612fded5cc2d25c06307ce5544e,tcc-microservices-experiment-mysql-1,29.3,534878618,1073741824,49.81,40,24.5MB / 76.3MB,46MB / 123MB
68,2026-09-10T08:10:02.363493+00:00,137,2026-09-10T08:10:02.004123+00:00,false,microservices,order,deec5e9c066eb65d79f18feb0dc2ae51dc37ae774e8a961aca79260e29b798cc,tcc-microservices-experiment-order-1,81.11,82837504,1073741824,7.72,3,91MB / 82.7MB,7.09MB / 77.8kB
68,2026-09-10T08:10:02.363493+00:00,137,2026-09-10T08:10:02.004123+00:00,false,microservices,product,1daf7d182b350027a9a90974b326ad43fcf55adfa6b48f0623ea7cff4b971f29,tcc-microservices-experiment-product-1,0.02,78611743,1073741824,7.32,3,417kB / 282kB,7.93MB / 81.9kB
69,2026-09-10T08:10:03.363516+00:00,139,2026-09-10T08:10:03.003756+00:00,false,microservices,auth,fc45e39c9bec9ccb22b5e901d76ba35a628770b0bb7e66bb6db921a9624d3b24,tcc-microservices-experiment-auth-1,0.02,79209431,1073741824,7.38,3,45.8kB / 40.3kB,4.26MB / 65.5kB
69,2026-09-10T08:10:03.363516+00:00,139,2026-09-10T08:10:03.003756+00:00,false,microservices,gateway,01bcfc52f59e6e0b3b3b8f648dc141f9eeca0067189a3ff0eef432b0c504860a,tcc-microservices-experiment-gateway-1,26.38,475634074,536870912,88.59,79,67.9MB / 75.2MB,34.1MB / 246kB
69,2026-09-10T08:10:03.363516+00:00,139,2026-09-10T08:10:03.003756+00:00,false,microservices,mysql,09b94b02911e21d5919bf92874209f05c048b612fded5cc2d25c06307ce5544e,tcc-microservices-experiment-mysql-1,25.53,533725184,1073741824,49.71,40,24.7MB / 77MB,46MB / 123MB
69,2026-09-10T08:10:03.363516+00:00,139,2026-09-10T08:10:03.003756+00:00,false,microservices,order,deec5e9c066eb65d79f18feb0dc2ae51dc37ae774e8a961aca79260e29b798cc,tcc-microservices-experiment-order-1,79.94,83173048,1073741824,7.75,3,92MB / 83.6MB,7.09MB / 77.8kB
69,2026-09-10T08:10:03.363516+00:00,139,2026-09-10T08:10:03.003756+00:00,false,microservices,product,1daf7d182b350027a9a90974b326ad43fcf55adfa6b48f0623ea7cff4b971f29,tcc-microservices-experiment-product-1,0.02,78611743,1073741824,7.32,3,417kB / 282kB,7.93MB / 81.9kB
70,2026-09-10T08:10:04.363521+00:00,141,2026-09-10T08:10:04.004221+00:00,false,microservices,auth,fc45e39c9bec9ccb22b5e901d76ba35a628770b0bb7e66bb6db921a9624d3b24,tcc-microservices-experiment-auth-1,0.02,79209431,1073741824,7.38,3,45.8kB / 40.3kB,4.26MB / 65.5kB
70,2026-09-10T08:10:04.363521+00:00,141,2026-09-10T08:10:04.004221+00:00,false,microservices,gateway,01bcfc52f59e6e0b3b3b8f648dc141f9eeca0067189a3ff0eef432b0c504860a,tcc-microservices-experiment-gateway-1,26.47,476472934,536870912,88.74,79,68.6MB / 76MB,34.1MB / 246kB
70,2026-09-10T08:10:04.363521+00:00,141,2026-09-10T08:10:04.004221+00:00,false,microservices,mysql,09b94b02911e21d5919bf92874209f05c048b612fded5cc2d25c06307ce5544e,tcc-microservices-experiment-mysql-1,29.54,534983475,1073741824,49.83,40,24.9MB / 77.8MB,46MB / 123MB
70,2026-09-10T08:10:04.363521+00:00,141,2026-09-10T08:10:04.004221+00:00,false,microservices,order,deec5e9c066eb65d79f18feb0dc2ae51dc37ae774e8a961aca79260e29b798cc,tcc-microservices-experiment-order-1,80.19,83026248,1073741824,7.73,3,92.9MB / 84.4MB,7.09MB / 77.8kB
70,2026-09-10T08:10:04.363521+00:00,141,2026-09-10T08:10:04.004221+00:00,false,microservices,product,1daf7d182b350027a9a90974b326ad43fcf55adfa6b48f0623ea7cff4b971f29,tcc-microservices-experiment-product-1,0.02,78611743,1073741824,7.32,3,417kB / 282kB,7.93MB / 81.9kB
71,2026-09-10T08:10:05.363514+00:00,143,2026-09-10T08:10:05.004341+00:00,false,microservices,auth,fc45e39c9bec9ccb22b5e901d76ba35a628770b0bb7e66bb6db921a9624d3b24,tcc-microservices-experiment-auth-1,0.02,79209431,1073741824,7.38,3,45.8kB / 40.3kB,4.26MB / 65.5kB
71,2026-09-10T08:10:05.363514+00:00,143,2026-09-10T08:10:05.004341+00:00,false,microservices,gateway,01bcfc52f59e6e0b3b3b8f648dc141f9eeca0067189a3ff0eef432b0c504860a,tcc-microservices-experiment-gateway-1,25.55,476368077,536870912,88.73,79,69.3MB / 76.7MB,34.1MB / 246kB
71,2026-09-10T08:10:05.363514+00:00,143,2026-09-10T08:10:05.004341+00:00,false,microservices,mysql,09b94b02911e21d5919bf92874209f05c048b612fded5cc2d25c06307ce5544e,tcc-microservices-experiment-mysql-1,25.29,534773760,1073741824,49.81,40,25.1MB / 78.5MB,46MB / 123MB
71,2026-09-10T08:10:05.363514+00:00,143,2026-09-10T08:10:05.004341+00:00,false,microservices,order,deec5e9c066eb65d79f18feb0dc2ae51dc37ae774e8a961aca79260e29b798cc,tcc-microservices-experiment-order-1,81.14,82963333,1073741824,7.73,3,93.7MB / 85.2MB,7.09MB / 77.8kB
71,2026-09-10T08:10:05.363514+00:00,143,2026-09-10T08:10:05.004341+00:00,false,microservices,product,1daf7d182b350027a9a90974b326ad43fcf55adfa6b48f0623ea7cff4b971f29,tcc-microservices-experiment-product-1,0.02,78611743,1073741824,7.32,3,417kB / 282kB,7.93MB / 81.9kB
72,2026-09-10T08:10:06.363496+00:00,145,2026-09-10T08:10:06.003356+00:00,false,microservices,auth,fc45e39c9bec9ccb22b5e901d76ba35a628770b0bb7e66bb6db921a9624d3b24,tcc-microservices-experiment-auth-1,0.02,79209431,1073741824,7.38,3,45.8kB / 40.3kB,4.26MB / 65.5kB
72,2026-09-10T08:10:06.363496+00:00,145,2026-09-10T08:10:06.003356+00:00,false,microservices,gateway,01bcfc52f59e6e0b3b3b8f648dc141f9eeca0067189a3ff0eef432b0c504860a,tcc-microservices-experiment-gateway-1,26.76,475319501,536870912,88.54,79,70MB / 77.5MB,34.1MB / 246kB
72,2026-09-10T08:10:06.363496+00:00,145,2026-09-10T08:10:06.003356+00:00,false,microservices,mysql,09b94b02911e21d5919bf92874209f05c048b612fded5cc2d25c06307ce5544e,tcc-microservices-experiment-mysql-1,26.43,538968064,1073741824,50.2,46,25.4MB / 79.3MB,46MB / 123MB
72,2026-09-10T08:10:06.363496+00:00,145,2026-09-10T08:10:06.003356+00:00,false,microservices,order,deec5e9c066eb65d79f18feb0dc2ae51dc37ae774e8a961aca79260e29b798cc,tcc-microservices-experiment-order-1,81.22,82659246,1073741824,7.7,3,94.7MB / 86.1MB,7.09MB / 77.8kB
72,2026-09-10T08:10:06.363496+00:00,145,2026-09-10T08:10:06.003356+00:00,false,microservices,product,1daf7d182b350027a9a90974b326ad43fcf55adfa6b48f0623ea7cff4b971f29,tcc-microservices-experiment-product-1,0.02,78611743,1073741824,7.32,3,417kB / 282kB,7.93MB / 81.9kB
73,2026-09-10T08:10:07.363512+00:00,147,2026-09-10T08:10:07.003431+00:00,false,microservices,auth,fc45e39c9bec9ccb22b5e901d76ba35a628770b0bb7e66bb6db921a9624d3b24,tcc-microservices-experiment-auth-1,0.02,79209431,1073741824,7.38,3,45.8kB / 40.3kB,4.26MB / 65.5kB
73,2026-09-10T08:10:07.363512+00:00,147,2026-09-10T08:10:07.003431+00:00,false,microservices,gateway,01bcfc52f59e6e0b3b3b8f648dc141f9eeca0067189a3ff0eef432b0c504860a,tcc-microservices-experiment-gateway-1,26.16,476263219,536870912,88.72,79,70.7MB / 78.3MB,34.1MB / 246kB
73,2026-09-10T08:10:07.363512+00:00,147,2026-09-10T08:10:07.003431+00:00,false,microservices,mysql,09b94b02911e21d5919bf92874209f05c048b612fded5cc2d25c06307ce5544e,tcc-microservices-experiment-mysql-1,27.78,533934899,1073741824,49.73,40,25.6MB / 80.1MB,46MB / 123MB
73,2026-09-10T08:10:07.363512+00:00,147,2026-09-10T08:10:07.003431+00:00,false,microservices,order,deec5e9c066eb65d79f18feb0dc2ae51dc37ae774e8a961aca79260e29b798cc,tcc-microservices-experiment-order-1,80.78,83508593,1073741824,7.78,3,95.6MB / 86.9MB,7.09MB / 77.8kB
73,2026-09-10T08:10:07.363512+00:00,147,2026-09-10T08:10:07.003431+00:00,false,microservices,product,1daf7d182b350027a9a90974b326ad43fcf55adfa6b48f0623ea7cff4b971f29,tcc-microservices-experiment-product-1,0.02,78611743,1073741824,7.32,3,417kB / 282kB,7.93MB / 81.9kB
74,2026-09-10T08:10:08.363515+00:00,149,2026-09-10T08:10:08.004059+00:00,false,microservices,auth,fc45e39c9bec9ccb22b5e901d76ba35a628770b0bb7e66bb6db921a9624d3b24,tcc-microservices-experiment-auth-1,0.02,79209431,1073741824,7.38,3,45.8kB / 40.3kB,4.26MB / 65.5kB
74,2026-09-10T08:10:08.363515+00:00,149,2026-09-10T08:10:08.004059+00:00,false,microservices,gateway,01bcfc52f59e6e0b3b3b8f648dc141f9eeca0067189a3ff0eef432b0c504860a,tcc-microservices-experiment-gateway-1,28.29,476053504,536870912,88.67,79,71.5MB / 79.2MB,34.1MB / 246kB
74,2026-09-10T08:10:08.363515+00:00,149,2026-09-10T08:10:08.004059+00:00,false,microservices,mysql,09b94b02911e21d5919bf92874209f05c048b612fded5cc2d25c06307ce5544e,tcc-microservices-experiment-mysql-1,25.43,533725184,1073741824,49.71,40,25.8MB / 80.8MB,46MB / 123MB
74,2026-09-10T08:10:08.363515+00:00,149,2026-09-10T08:10:08.004059+00:00,false,microservices,order,deec5e9c066eb65d79f18feb0dc2ae51dc37ae774e8a961aca79260e29b798cc,tcc-microservices-experiment-order-1,80.13,83099648,1073741824,7.74,3,96.5MB / 87.8MB,7.09MB / 77.8kB
74,2026-09-10T08:10:08.363515+00:00,149,2026-09-10T08:10:08.004059+00:00,false,microservices,product,1daf7d182b350027a9a90974b326ad43fcf55adfa6b48f0623ea7cff4b971f29,tcc-microservices-experiment-product-1,0.02,78611743,1073741824,7.32,3,417kB / 282kB,7.93MB / 81.9kB
75,2026-09-10T08:10:09.363520+00:00,151,2026-09-10T08:10:09.004310+00:00,false,microservices,auth,fc45e39c9bec9ccb22b5e901d76ba35a628770b0bb7e66bb6db921a9624d3b24,tcc-microservices-experiment-auth-1,0.01,79209431,1073741824,7.38,3,45.8kB / 40.3kB,4.26MB / 65.5kB
75,2026-09-10T08:10:09.363520+00:00,151,2026-09-10T08:10:09.004310+00:00,false,microservices,gateway,01bcfc52f59e6e0b3b3b8f648dc141f9eeca0067189a3ff0eef432b0c504860a,tcc-microservices-experiment-gateway-1,26.45,476158362,536870912,88.7,79,72.2MB / 80MB,34.1MB / 246kB
75,2026-09-10T08:10:09.363520+00:00,151,2026-09-10T08:10:09.004310+00:00,false,microservices,mysql,09b94b02911e21d5919bf92874209f05c048b612fded5cc2d25c06307ce5544e,tcc-microservices-experiment-mysql-1,29.08,533725184,1073741824,49.71,40,26MB / 81.6MB,46MB / 123MB
75,2026-09-10T08:10:09.363520+00:00,151,2026-09-10T08:10:09.004310+00:00,false,microservices,order,deec5e9c066eb65d79f18feb0dc2ae51dc37ae774e8a961aca79260e29b798cc,tcc-microservices-experiment-order-1,81.18,82785075,1073741824,7.71,3,97.5MB / 88.6MB,7.09MB / 77.8kB
75,2026-09-10T08:10:09.363520+00:00,151,2026-09-10T08:10:09.004310+00:00,false,microservices,product,1daf7d182b350027a9a90974b326ad43fcf55adfa6b48f0623ea7cff4b971f29,tcc-microservices-experiment-product-1,0.02,78611743,1073741824,7.32,3,417kB / 282kB,7.93MB / 81.9kB
76,2026-09-10T08:10:10.363514+00:00,153,2026-09-10T08:10:10.004211+00:00,false,microservices,auth,fc45e39c9bec9ccb22b5e901d76ba35a628770b0bb7e66bb6db921a9624d3b24,tcc-microservices-experiment-auth-1,0.02,79209431,1073741824,7.38,3,45.8kB / 40.3kB,4.26MB / 65.5kB
76,2026-09-10T08:10:10.363514+00:00,153,2026-09-10T08:10:10.004211+00:00,false,microservices,gateway,01bcfc52f59e6e0b3b3b8f648dc141f9eeca0067189a3ff0eef432b0c504860a,tcc-microservices-experiment-gateway-1,28.7,476158362,536870912,88.68,79,72.9MB / 80.8MB,34.1MB / 246kB
76,2026-09-10T08:10:10.363514+00:00,153,2026-09-10T08:10:10.004211+00:00,false,microservices,mysql,09b94b02911e21d5919bf92874209f05c048b612fded5cc2d25c06307ce5544e,tcc-microservices-experiment-mysql-1,23.7,534144614,1073741824,49.74,40,26.2MB / 82.4MB,46MB / 123MB
76,2026-09-10T08:10:10.363514+00:00,153,2026-09-10T08:10:10.004211+00:00,false,microservices,order,deec5e9c066eb65d79f18feb0dc2ae51dc37ae774e8a961aca79260e29b798cc,tcc-microservices-experiment-order-1,82.78,82900419,1073741824,7.72,3,98.4MB / 89.5MB,7.09MB / 77.8kB
76,2026-09-10T08:10:10.363514+00:00,153,2026-09-10T08:10:10.004211+00:00,false,microservices,product,1daf7d182b350027a9a90974b326ad43fcf55adfa6b48f0623ea7cff4b971f29,tcc-microservices-experiment-product-1,0.03,78611743,1073741824,7.32,3,417kB / 282kB,7.93MB / 81.9kB
77,2026-09-10T08:10:11.363523+00:00,155,2026-09-10T08:10:11.003443+00:00,false,microservices,auth,fc45e39c9bec9ccb22b5e901d76ba35a628770b0bb7e66bb6db921a9624d3b24,tcc-microservices-experiment-auth-1,0.02,79209431,1073741824,7.38,3,45.8kB / 40.3kB,4.26MB / 65.5kB
77,2026-09-10T08:10:11.363523+00:00,155,2026-09-10T08:10:11.003443+00:00,false,microservices,gateway,01bcfc52f59e6e0b3b3b8f648dc141f9eeca0067189a3ff0eef432b0c504860a,tcc-microservices-experiment-gateway-1,26.74,475529216,536870912,88.57,79,73.7MB / 81.6MB,34.1MB / 246kB
77,2026-09-10T08:10:11.363523+00:00,155,2026-09-10T08:10:11.003443+00:00,false,microservices,mysql,09b94b02911e21d5919bf92874209f05c048b612fded5cc2d25c06307ce5544e,tcc-microservices-experiment-mysql-1,28.16,533934899,1073741824,49.73,40,26.4MB / 83.1MB,46MB / 123MB
77,2026-09-10T08:10:11.363523+00:00,155,2026-09-10T08:10:11.003443+00:00,false,microservices,order,deec5e9c066eb65d79f18feb0dc2ae51dc37ae774e8a961aca79260e29b798cc,tcc-microservices-experiment-order-1,82.09,82722161,1073741824,7.7,3,99.4MB / 90.4MB,7.09MB / 1.31MB
77,2026-09-10T08:10:11.363523+00:00,155,2026-09-10T08:10:11.003443+00:00,false,microservices,product,1daf7d182b350027a9a90974b326ad43fcf55adfa6b48f0623ea7cff4b971f29,tcc-microservices-experiment-product-1,0.02,78611743,1073741824,7.32,3,417kB / 282kB,7.93MB / 81.9kB
78,2026-09-10T08:10:12.363514+00:00,157,2026-09-10T08:10:12.003275+00:00,false,microservices,auth,fc45e39c9bec9ccb22b5e901d76ba35a628770b0bb7e66bb6db921a9624d3b24,tcc-microservices-experiment-auth-1,0.02,79209431,1073741824,7.38,3,45.8kB / 40.3kB,4.26MB / 65.5kB
78,2026-09-10T08:10:12.363514+00:00,157,2026-09-10T08:10:12.003275+00:00,false,microservices,gateway,01bcfc52f59e6e0b3b3b8f648dc141f9eeca0067189a3ff0eef432b0c504860a,tcc-microservices-experiment-gateway-1,27.19,475634074,536870912,88.6,79,74.4MB / 82.4MB,34.1MB / 246kB
78,2026-09-10T08:10:12.363514+00:00,157,2026-09-10T08:10:12.003275+00:00,false,microservices,mysql,09b94b02911e21d5919bf92874209f05c048b612fded5cc2d25c06307ce5544e,tcc-microservices-experiment-mysql-1,24.8,533620326,1073741824,49.7,40,26.7MB / 83.9MB,46MB / 123MB
78,2026-09-10T08:10:12.363514+00:00,157,2026-09-10T08:10:12.003275+00:00,false,microservices,order,deec5e9c066eb65d79f18feb0dc2ae51dc37ae774e8a961aca79260e29b798cc,tcc-microservices-experiment-order-1,81.07,83319849,1073741824,7.76,3,100MB / 91.2MB,7.09MB / 1.31MB
78,2026-09-10T08:10:12.363514+00:00,157,2026-09-10T08:10:12.003275+00:00,false,microservices,product,1daf7d182b350027a9a90974b326ad43fcf55adfa6b48f0623ea7cff4b971f29,tcc-microservices-experiment-product-1,0.02,78611743,1073741824,7.32,3,417kB / 282kB,7.93MB / 81.9kB
79,2026-09-10T08:10:13.363498+00:00,159,2026-09-10T08:10:13.003198+00:00,false,microservices,auth,fc45e39c9bec9ccb22b5e901d76ba35a628770b0bb7e66bb6db921a9624d3b24,tcc-microservices-experiment-auth-1,0.01,79209431,1073741824,7.38,3,45.8kB / 40.3kB,4.26MB / 65.5kB
79,2026-09-10T08:10:13.363498+00:00,159,2026-09-10T08:10:13.003198+00:00,false,microservices,gateway,01bcfc52f59e6e0b3b3b8f648dc141f9eeca0067189a3ff0eef432b0c504860a,tcc-microservices-experiment-gateway-1,27.19,475948646,536870912,88.65,79,75.2MB / 83.2MB,34.1MB / 246kB
79,2026-09-10T08:10:13.363498+00:00,159,2026-09-10T08:10:13.003198+00:00,false,microservices,mysql,09b94b02911e21d5919bf92874209f05c048b612fded5cc2d25c06307ce5544e,tcc-microservices-experiment-mysql-1,28.34,534039757,1073741824,49.74,40,26.9MB / 84.7MB,46MB / 123MB
79,2026-09-10T08:10:13.363498+00:00,159,2026-09-10T08:10:13.003198+00:00,false,microservices,order,deec5e9c066eb65d79f18feb0dc2ae51dc37ae774e8a961aca79260e29b798cc,tcc-microservices-experiment-order-1,82.5,82617303,1073741824,7.69,3,101MB / 92.1MB,7.09MB / 1.31MB
79,2026-09-10T08:10:13.363498+00:00,159,2026-09-10T08:10:13.003198+00:00,false,microservices,product,1daf7d182b350027a9a90974b326ad43fcf55adfa6b48f0623ea7cff4b971f29,tcc-microservices-experiment-product-1,0.02,78611743,1073741824,7.32,3,417kB / 282kB,7.93MB / 81.9kB
80,2026-09-10T08:10:14.363523+00:00,161,2026-09-10T08:10:14.003431+00:00,false,microservices,auth,fc45e39c9bec9ccb22b5e901d76ba35a628770b0bb7e66bb6db921a9624d3b24,tcc-microservices-experiment-auth-1,0.02,79209431,1073741824,7.38,3,45.8kB / 40.3kB,4.26MB / 65.5kB
80,2026-09-10T08:10:14.363523+00:00,161,2026-09-10T08:10:14.003431+00:00,false,microservices,gateway,01bcfc52f59e6e0b3b3b8f648dc141f9eeca0067189a3ff0eef432b0c504860a,tcc-microservices-experiment-gateway-1,27.64,475738931,536870912,88.61,79,75.9MB / 84.1MB,34.1MB / 246kB
80,2026-09-10T08:10:14.363523+00:00,161,2026-09-10T08:10:14.003431+00:00,false,microservices,mysql,09b94b02911e21d5919bf92874209f05c048b612fded5cc2d25c06307ce5544e,tcc-microservices-experiment-mysql-1,24.5,533620326,1073741824,49.7,40,27.1MB / 85.5MB,46MB / 123MB
80,2026-09-10T08:10:14.363523+00:00,161,2026-09-10T08:10:14.003431+00:00,false,microservices,order,deec5e9c066eb65d79f18feb0dc2ae51dc37ae774e8a961aca79260e29b798cc,tcc-microservices-experiment-order-1,81.79,82134958,1073741824,7.65,3,102MB / 93MB,7.09MB / 1.31MB
80,2026-09-10T08:10:14.363523+00:00,161,2026-09-10T08:10:14.003431+00:00,false,microservices,product,1daf7d182b350027a9a90974b326ad43fcf55adfa6b48f0623ea7cff4b971f29,tcc-microservices-experiment-product-1,0.02,78611743,1073741824,7.32,3,417kB / 282kB,7.93MB / 81.9kB
81,2026-09-10T08:10:15.363506+00:00,163,2026-09-10T08:10:15.003207+00:00,false,microservices,auth,fc45e39c9bec9ccb22b5e901d76ba35a628770b0bb7e66bb6db921a9624d3b24,tcc-microservices-experiment-auth-1,0.02,79209431,1073741824,7.38,3,45.8kB / 40.3kB,4.26MB / 65.5kB
81,2026-09-10T08:10:15.363506+00:00,163,2026-09-10T08:10:15.003207+00:00,false,microservices,gateway,01bcfc52f59e6e0b3b3b8f648dc141f9eeca0067189a3ff0eef432b0c504860a,tcc-microservices-experiment-gateway-1,25.96,475948646,536870912,88.64,79,76.6MB / 84.8MB,34.1MB / 246kB
81,2026-09-10T08:10:15.363506+00:00,163,2026-09-10T08:10:15.003207+00:00,false,microservices,mysql,09b94b02911e21d5919bf92874209f05c048b612fded5cc2d25c06307ce5544e,tcc-microservices-experiment-mysql-1,30.14,534983475,1073741824,49.82,40,27.3MB / 86.2MB,46MB / 123MB
81,2026-09-10T08:10:15.363506+00:00,163,2026-09-10T08:10:15.003207+00:00,false,microservices,order,deec5e9c066eb65d79f18feb0dc2ae51dc37ae774e8a961aca79260e29b798cc,tcc-microservices-experiment-order-1,80.3,83173048,1073741824,7.75,3,103MB / 93.8MB,7.09MB / 1.31MB
81,2026-09-10T08:10:15.363506+00:00,163,2026-09-10T08:10:15.003207+00:00,false,microservices,product,1daf7d182b350027a9a90974b326ad43fcf55adfa6b48f0623ea7cff4b971f29,tcc-microservices-experiment-product-1,0.02,78611743,1073741824,7.32,3,417kB / 282kB,7.93MB / 81.9kB
82,2026-09-10T08:10:16.363512+00:00,165,2026-09-10T08:10:16.004449+00:00,false,microservices,auth,fc45e39c9bec9ccb22b5e901d76ba35a628770b0bb7e66bb6db921a9624d3b24,tcc-microservices-experiment-auth-1,0.02,79209431,1073741824,7.38,3,45.8kB / 40.3kB,4.26MB / 65.5kB
82,2026-09-10T08:10:16.363512+00:00,165,2026-09-10T08:10:16.004449+00:00,false,microservices,gateway,01bcfc52f59e6e0b3b3b8f648dc141f9eeca0067189a3ff0eef432b0c504860a,tcc-microservices-experiment-gateway-1,29.25,476053504,536870912,88.67,79,77.3MB / 85.6MB,34.1MB / 258kB
82,2026-09-10T08:10:16.363512+00:00,165,2026-09-10T08:10:16.004449+00:00,false,microservices,mysql,09b94b02911e21d5919bf92874209f05c048b612fded5cc2d25c06307ce5544e,tcc-microservices-experiment-mysql-1,25.98,534773760,1073741824,49.81,40,27.5MB / 87MB,46MB / 123MB
82,2026-09-10T08:10:16.363512+00:00,165,2026-09-10T08:10:16.004449+00:00,false,microservices,order,deec5e9c066eb65d79f18feb0dc2ae51dc37ae774e8a961aca79260e29b798cc,tcc-microservices-experiment-order-1,80.1,83131105,1073741824,7.74,3,104MB / 94.6MB,7.09MB / 1.31MB
82,2026-09-10T08:10:16.363512+00:00,165,2026-09-10T08:10:16.004449+00:00,false,microservices,product,1daf7d182b350027a9a90974b326ad43fcf55adfa6b48f0623ea7cff4b971f29,tcc-microservices-experiment-product-1,0.02,78611743,1073741824,7.32,3,417kB / 282kB,7.93MB / 81.9kB
83,2026-09-10T08:10:17.363510+00:00,167,2026-09-10T08:10:17.004364+00:00,false,microservices,auth,fc45e39c9bec9ccb22b5e901d76ba35a628770b0bb7e66bb6db921a9624d3b24,tcc-microservices-experiment-auth-1,0.01,79209431,1073741824,7.38,3,45.8kB / 40.3kB,4.26MB / 65.5kB
83,2026-09-10T08:10:17.363510+00:00,167,2026-09-10T08:10:17.004364+00:00,false,microservices,gateway,01bcfc52f59e6e0b3b3b8f648dc141f9eeca0067189a3ff0eef432b0c504860a,tcc-microservices-experiment-gateway-1,27.39,476053504,536870912,88.67,79,78.1MB / 86.4MB,34.1MB / 258kB
83,2026-09-10T08:10:17.363510+00:00,167,2026-09-10T08:10:17.004364+00:00,false,microservices,mysql,09b94b02911e21d5919bf92874209f05c048b612fded5cc2d25c06307ce5544e,tcc-microservices-experiment-mysql-1,29.1,534459187,1073741824,49.77,40,27.8MB / 87.7MB,46MB / 123MB
83,2026-09-10T08:10:17.363510+00:00,167,2026-09-10T08:10:17.004364+00:00,false,microservices,order,deec5e9c066eb65d79f18feb0dc2ae51dc37ae774e8a961aca79260e29b798cc,tcc-microservices-experiment-order-1,80.84,82711675,1073741824,7.7,3,105MB / 95.5MB,7.09MB / 1.31MB
83,2026-09-10T08:10:17.363510+00:00,167,2026-09-10T08:10:17.004364+00:00,false,microservices,product,1daf7d182b350027a9a90974b326ad43fcf55adfa6b48f0623ea7cff4b971f29,tcc-microservices-experiment-product-1,0.02,78611743,1073741824,7.32,3,417kB / 282kB,7.93MB / 81.9kB
84,2026-09-10T08:10:18.363524+00:00,169,2026-09-10T08:10:18.004213+00:00,false,microservices,auth,fc45e39c9bec9ccb22b5e901d76ba35a628770b0bb7e66bb6db921a9624d3b24,tcc-microservices-experiment-auth-1,0.02,79209431,1073741824,7.38,3,45.8kB / 40.3kB,4.26MB / 65.5kB
84,2026-09-10T08:10:18.363524+00:00,169,2026-09-10T08:10:18.004213+00:00,false,microservices,gateway,01bcfc52f59e6e0b3b3b8f648dc141f9eeca0067189a3ff0eef432b0c504860a,tcc-microservices-experiment-gateway-1,26.79,476158362,536870912,88.68,79,78.8MB / 87.2MB,34.1MB / 258kB
84,2026-09-10T08:10:18.363524+00:00,169,2026-09-10T08:10:18.004213+00:00,false,microservices,mysql,09b94b02911e21d5919bf92874209f05c048b612fded5cc2d25c06307ce5544e,tcc-microservices-experiment-mysql-1,25.8,534144614,1073741824,49.75,40,28MB / 88.5MB,46MB / 123MB
84,2026-09-10T08:10:18.363524+00:00,169,2026-09-10T08:10:18.004213+00:00,false,microservices,order,deec5e9c066eb65d79f18feb0dc2ae51dc37ae774e8a961aca79260e29b798cc,tcc-microservices-experiment-order-1,78.47,83351306,1073741824,7.76,3,106MB / 96.3MB,7.09MB / 1.31MB
84,2026-09-10T08:10:18.363524+00:00,169,2026-09-10T08:10:18.004213+00:00,false,microservices,product,1daf7d182b350027a9a90974b326ad43fcf55adfa6b48f0623ea7cff4b971f29,tcc-microservices-experiment-product-1,0.02,78611743,1073741824,7.32,3,417kB / 282kB,7.93MB / 81.9kB
85,2026-09-10T08:10:19.363513+00:00,171,2026-09-10T08:10:19.003387+00:00,false,microservices,auth,fc45e39c9bec9ccb22b5e901d76ba35a628770b0bb7e66bb6db921a9624d3b24,tcc-microservices-experiment-auth-1,0.02,79209431,1073741824,7.38,3,45.8kB / 40.3kB,4.26MB / 65.5kB
85,2026-09-10T08:10:19.363513+00:00,171,2026-09-10T08:10:19.003387+00:00,false,microservices,gateway,01bcfc52f59e6e0b3b3b8f648dc141f9eeca0067189a3ff0eef432b0c504860a,tcc-microservices-experiment-gateway-1,27.83,475843789,536870912,88.63,79,79.5MB / 88MB,34.1MB / 258kB
85,2026-09-10T08:10:19.363513+00:00,171,2026-09-10T08:10:19.003387+00:00,false,microservices,mysql,09b94b02911e21d5919bf92874209f05c048b612fded5cc2d25c06307ce5544e,tcc-microservices-experiment-mysql-1,28.49,534354330,1073741824,49.77,40,28.2MB / 89.2MB,46MB / 123MB
85,2026-09-10T08:10:19.363513+00:00,171,2026-09-10T08:10:19.003387+00:00,false,microservices,order,deec5e9c066eb65d79f18feb0dc2ae51dc37ae774e8a961aca79260e29b798cc,tcc-microservices-experiment-order-1,82.33,83330335,1073741824,7.76,3,107MB / 97.2MB,7.09MB / 1.31MB
85,2026-09-10T08:10:19.363513+00:00,171,2026-09-10T08:10:19.003387+00:00,false,microservices,product,1daf7d182b350027a9a90974b326ad43fcf55adfa6b48f0623ea7cff4b971f29,tcc-microservices-experiment-product-1,0.02,78611743,1073741824,7.32,3,417kB / 282kB,7.93MB / 81.9kB
86,2026-09-10T08:10:20.363524+00:00,173,2026-09-10T08:10:20.003459+00:00,false,microservices,auth,fc45e39c9bec9ccb22b5e901d76ba35a628770b0bb7e66bb6db921a9624d3b24,tcc-microservices-experiment-auth-1,0.02,75612815,1073741824,7.04,3,45.8kB / 40.3kB,4.26MB / 3.67MB
86,2026-09-10T08:10:20.363524+00:00,173,2026-09-10T08:10:20.003459+00:00,false,microservices,gateway,01bcfc52f59e6e0b3b3b8f648dc141f9eeca0067189a3ff0eef432b0c504860a,tcc-microservices-experiment-gateway-1,25.63,467035750,536870912,87.0,79,80.2MB / 88.8MB,34.1MB / 8.3MB
86,2026-09-10T08:10:20.363524+00:00,173,2026-09-10T08:10:20.003459+00:00,false,microservices,mysql,09b94b02911e21d5919bf92874209f05c048b612fded5cc2d25c06307ce5544e,tcc-microservices-experiment-mysql-1,24.86,510866227,1073741824,47.58,40,28.4MB / 90MB,46MB / 143MB
86,2026-09-10T08:10:20.363524+00:00,173,2026-09-10T08:10:20.003459+00:00,false,microservices,order,deec5e9c066eb65d79f18feb0dc2ae51dc37ae774e8a961aca79260e29b798cc,tcc-microservices-experiment-order-1,83.67,79786148,1073741824,7.43,3,108MB / 98MB,7.09MB / 4.71MB
86,2026-09-10T08:10:20.363524+00:00,173,2026-09-10T08:10:20.003459+00:00,false,microservices,product,1daf7d182b350027a9a90974b326ad43fcf55adfa6b48f0623ea7cff4b971f29,tcc-microservices-experiment-product-1,0.02,74752983,1073741824,6.96,3,417kB / 282kB,7.93MB / 3.94MB
87,2026-09-10T08:10:21.363506+00:00,175,2026-09-10T08:10:21.003365+00:00,false,microservices,auth,fc45e39c9bec9ccb22b5e901d76ba35a628770b0bb7e66bb6db921a9624d3b24,tcc-microservices-experiment-auth-1,0.02,75612815,1073741824,7.04,3,45.8kB / 40.3kB,4.26MB / 3.67MB
87,2026-09-10T08:10:21.363506+00:00,175,2026-09-10T08:10:21.003365+00:00,false,microservices,gateway,01bcfc52f59e6e0b3b3b8f648dc141f9eeca0067189a3ff0eef432b0c504860a,tcc-microservices-experiment-gateway-1,27.02,467979469,536870912,87.17,79,81MB / 89.7MB,34.1MB / 8.3MB
87,2026-09-10T08:10:21.363506+00:00,175,2026-09-10T08:10:21.003365+00:00,false,microservices,mysql,09b94b02911e21d5919bf92874209f05c048b612fded5cc2d25c06307ce5544e,tcc-microservices-experiment-mysql-1,29.06,512648806,1073741824,47.75,40,28.6MB / 90.8MB,48.4MB / 143MB
87,2026-09-10T08:10:21.363506+00:00,175,2026-09-10T08:10:21.003365+00:00,false,microservices,order,deec5e9c066eb65d79f18feb0dc2ae51dc37ae774e8a961aca79260e29b798cc,tcc-microservices-experiment-order-1,81.25,79828091,1073741824,7.43,3,109MB / 98.9MB,7.09MB / 4.71MB
87,2026-09-10T08:10:21.363506+00:00,175,2026-09-10T08:10:21.003365+00:00,false,microservices,product,1daf7d182b350027a9a90974b326ad43fcf55adfa6b48f0623ea7cff4b971f29,tcc-microservices-experiment-product-1,0.02,74752983,1073741824,6.96,3,417kB / 282kB,7.93MB / 3.94MB
88,2026-09-10T08:10:22.363493+00:00,177,2026-09-10T08:10:22.004012+00:00,false,microservices,auth,fc45e39c9bec9ccb22b5e901d76ba35a628770b0bb7e66bb6db921a9624d3b24,tcc-microservices-experiment-auth-1,0.02,75612815,1073741824,7.04,3,45.8kB / 40.3kB,4.26MB / 3.67MB
88,2026-09-10T08:10:22.363493+00:00,177,2026-09-10T08:10:22.004012+00:00,false,microservices,gateway,01bcfc52f59e6e0b3b3b8f648dc141f9eeca0067189a3ff0eef432b0c504860a,tcc-microservices-experiment-gateway-1,27.7,467979469,536870912,87.17,79,81.7MB / 90.5MB,34.1MB / 8.3MB
88,2026-09-10T08:10:22.363493+00:00,177,2026-09-10T08:10:22.004012+00:00,false,microservices,mysql,09b94b02911e21d5919bf92874209f05c048b612fded5cc2d25c06307ce5544e,tcc-microservices-experiment-mysql-1,23.86,512753664,1073741824,47.75,40,28.8MB / 91.6MB,48.4MB / 143MB
88,2026-09-10T08:10:22.363493+00:00,177,2026-09-10T08:10:22.004012+00:00,false,microservices,order,deec5e9c066eb65d79f18feb0dc2ae51dc37ae774e8a961aca79260e29b798cc,tcc-microservices-experiment-order-1,81.58,79733719,1073741824,7.43,3,110MB / 99.8MB,7.09MB / 4.71MB
88,2026-09-10T08:10:22.363493+00:00,177,2026-09-10T08:10:22.004012+00:00,false,microservices,product,1daf7d182b350027a9a90974b326ad43fcf55adfa6b48f0623ea7cff4b971f29,tcc-microservices-experiment-product-1,0.02,74752983,1073741824,6.96,3,417kB / 282kB,7.93MB / 3.94MB
89,2026-09-10T08:10:23.363520+00:00,179,2026-09-10T08:10:23.003974+00:00,false,microservices,auth,fc45e39c9bec9ccb22b5e901d76ba35a628770b0bb7e66bb6db921a9624d3b24,tcc-microservices-experiment-auth-1,0.02,75612815,1073741824,7.04,3,45.8kB / 40.3kB,4.26MB / 3.67MB
89,2026-09-10T08:10:23.363520+00:00,179,2026-09-10T08:10:23.003974+00:00,false,microservices,gateway,01bcfc52f59e6e0b3b3b8f648dc141f9eeca0067189a3ff0eef432b0c504860a,tcc-microservices-experiment-gateway-1,30.12,467769754,536870912,87.13,79,82.4MB / 91.3MB,34.1MB / 8.3MB
89,2026-09-10T08:10:23.363520+00:00,179,2026-09-10T08:10:23.003974+00:00,false,microservices,mysql,09b94b02911e21d5919bf92874209f05c048b612fded5cc2d25c06307ce5544e,tcc-microservices-experiment-mysql-1,28.37,513277952,1073741824,47.8,40,29.1MB / 92.4MB,48.4MB / 143MB
89,2026-09-10T08:10:23.363520+00:00,179,2026-09-10T08:10:23.003974+00:00,false,microservices,order,deec5e9c066eb65d79f18feb0dc2ae51dc37ae774e8a961aca79260e29b798cc,tcc-microservices-experiment-order-1,81.78,79073116,1073741824,7.36,3,111MB / 101MB,7.09MB / 4.71MB
89,2026-09-10T08:10:23.363520+00:00,179,2026-09-10T08:10:23.003974+00:00,false,microservices,product,1daf7d182b350027a9a90974b326ad43fcf55adfa6b48f0623ea7cff4b971f29,tcc-microservices-experiment-product-1,0.02,74752983,1073741824,6.96,3,417kB / 282kB,7.93MB / 3.94MB
90,2026-09-10T08:10:24.363520+00:00,181,2026-09-10T08:10:24.002330+00:00,false,microservices,auth,fc45e39c9bec9ccb22b5e901d76ba35a628770b0bb7e66bb6db921a9624d3b24,tcc-microservices-experiment-auth-1,0.02,75612815,1073741824,7.04,3,45.8kB / 40.3kB,4.26MB / 3.67MB
90,2026-09-10T08:10:24.363520+00:00,181,2026-09-10T08:10:24.002330+00:00,false,microservices,gateway,01bcfc52f59e6e0b3b3b8f648dc141f9eeca0067189a3ff0eef432b0c504860a,tcc-microservices-experiment-gateway-1,27.0,468084326,536870912,87.19,79,83.2MB / 92.1MB,34.1MB / 8.3MB
90,2026-09-10T08:10:24.363520+00:00,181,2026-09-10T08:10:24.002330+00:00,false,microservices,mysql,09b94b02911e21d5919bf92874209f05c048b612fded5cc2d25c06307ce5544e,tcc-microservices-experiment-mysql-1,25.02,512648806,1073741824,47.74,40,29.3MB / 93.1MB,48.4MB / 143MB
90,2026-09-10T08:10:24.363520+00:00,181,2026-09-10T08:10:24.002330+00:00,false,microservices,order,deec5e9c066eb65d79f18feb0dc2ae51dc37ae774e8a961aca79260e29b798cc,tcc-microservices-experiment-order-1,81.23,79576433,1073741824,7.41,3,111MB / 102MB,7.09MB / 4.71MB
90,2026-09-10T08:10:24.363520+00:00,181,2026-09-10T08:10:24.002330+00:00,false,microservices,product,1daf7d182b350027a9a90974b326ad43fcf55adfa6b48f0623ea7cff4b971f29,tcc-microservices-experiment-product-1,0.02,74752983,1073741824,6.96,3,417kB / 282kB,7.93MB / 3.94MB
91,2026-09-10T08:10:25.363524+00:00,183,2026-09-10T08:10:25.003426+00:00,false,microservices,auth,fc45e39c9bec9ccb22b5e901d76ba35a628770b0bb7e66bb6db921a9624d3b24,tcc-microservices-experiment-auth-1,0.02,75612815,1073741824,7.04,3,45.8kB / 40.3kB,4.26MB / 3.67MB
91,2026-09-10T08:10:25.363524+00:00,183,2026-09-10T08:10:25.003426+00:00,false,microservices,gateway,01bcfc52f59e6e0b3b3b8f648dc141f9eeca0067189a3ff0eef432b0c504860a,tcc-microservices-experiment-gateway-1,26.31,467664896,536870912,87.1,79,83.9MB / 92.9MB,34.1MB / 8.3MB
91,2026-09-10T08:10:25.363524+00:00,183,2026-09-10T08:10:25.003426+00:00,false,microservices,mysql,09b94b02911e21d5919bf92874209f05c048b612fded5cc2d25c06307ce5544e,tcc-microservices-experiment-mysql-1,29.06,512648806,1073741824,47.75,40,29.5MB / 93.9MB,48.4MB / 143MB
91,2026-09-10T08:10:25.363524+00:00,183,2026-09-10T08:10:25.003426+00:00,false,microservices,order,deec5e9c066eb65d79f18feb0dc2ae51dc37ae774e8a961aca79260e29b798cc,tcc-microservices-experiment-order-1,81.18,79146516,1073741824,7.37,3,112MB / 102MB,7.09MB / 4.71MB
91,2026-09-10T08:10:25.363524+00:00,183,2026-09-10T08:10:25.003426+00:00,false,microservices,product,1daf7d182b350027a9a90974b326ad43fcf55adfa6b48f0623ea7cff4b971f29,tcc-microservices-experiment-product-1,0.02,74752983,1073741824,6.96,3,417kB / 282kB,7.93MB / 3.94MB
92,2026-09-10T08:10:26.363530+00:00,185,2026-09-10T08:10:26.002208+00:00,false,microservices,auth,fc45e39c9bec9ccb22b5e901d76ba35a628770b0bb7e66bb6db921a9624d3b24,tcc-microservices-experiment-auth-1,0.02,75612815,1073741824,7.04,3,45.8kB / 40.3kB,4.26MB / 3.67MB
92,2026-09-10T08:10:26.363530+00:00,185,2026-09-10T08:10:26.002208+00:00,false,microservices,gateway,01bcfc52f59e6e0b3b3b8f648dc141f9eeca0067189a3ff0eef432b0c504860a,tcc-microservices-experiment-gateway-1,27.11,468084326,536870912,87.19,79,84.6MB / 93.7MB,34.1MB / 8.3MB
92,2026-09-10T08:10:26.363530+00:00,185,2026-09-10T08:10:26.002208+00:00,false,microservices,mysql,09b94b02911e21d5919bf92874209f05c048b612fded5cc2d25c06307ce5544e,tcc-microservices-experiment-mysql-1,24.61,512963379,1073741824,47.77,40,29.7MB / 94.7MB,48.4MB / 143MB
92,2026-09-10T08:10:26.363530+00:00,185,2026-09-10T08:10:26.002208+00:00,false,microservices,order,deec5e9c066eb65d79f18feb0dc2ae51dc37ae774e8a961aca79260e29b798cc,tcc-microservices-experiment-order-1,81.21,79230403,1073741824,7.38,3,113MB / 103MB,7.09MB / 4.91MB
92,2026-09-10T08:10:26.363530+00:00,185,2026-09-10T08:10:26.002208+00:00,false,microservices,product,1daf7d182b350027a9a90974b326ad43fcf55adfa6b48f0623ea7cff4b971f29,tcc-microservices-experiment-product-1,0.02,74752983,1073741824,6.96,3,417kB / 282kB,7.93MB / 3.94MB
93,2026-09-10T08:10:27.363529+00:00,187,2026-09-10T08:10:27.004434+00:00,false,microservices,auth,fc45e39c9bec9ccb22b5e901d76ba35a628770b0bb7e66bb6db921a9624d3b24,tcc-microservices-experiment-auth-1,0.02,75612815,1073741824,7.04,3,45.8kB / 40.3kB,4.26MB / 3.67MB
93,2026-09-10T08:10:27.363529+00:00,187,2026-09-10T08:10:27.004434+00:00,false,microservices,gateway,01bcfc52f59e6e0b3b3b8f648dc141f9eeca0067189a3ff0eef432b0c504860a,tcc-microservices-experiment-gateway-1,26.38,468084326,536870912,87.18,79,85.4MB / 94.6MB,34.1MB / 8.3MB
93,2026-09-10T08:10:27.363529+00:00,187,2026-09-10T08:10:27.004434+00:00,false,microservices,mysql,09b94b02911e21d5919bf92874209f05c048b612fded5cc2d25c06307ce5544e,tcc-microservices-experiment-mysql-1,29.02,512543949,1073741824,47.74,40,29.9MB / 95.4MB,48.4MB / 143MB
93,2026-09-10T08:10:27.363529+00:00,187,2026-09-10T08:10:27.004434+00:00,false,microservices,order,deec5e9c066eb65d79f18feb0dc2ae51dc37ae774e8a961aca79260e29b798cc,tcc-microservices-experiment-order-1,80.65,79293317,1073741824,7.38,3,114MB / 104MB,7.09MB / 4.91MB
93,2026-09-10T08:10:27.363529+00:00,187,2026-09-10T08:10:27.004434+00:00,false,microservices,product,1daf7d182b350027a9a90974b326ad43fcf55adfa6b48f0623ea7cff4b971f29,tcc-microservices-experiment-product-1,0.02,74752983,1073741824,6.96,3,417kB / 282kB,7.93MB / 3.94MB
94,2026-09-10T08:10:28.363529+00:00,189,2026-09-10T08:10:28.002315+00:00,false,microservices,auth,fc45e39c9bec9ccb22b5e901d76ba35a628770b0bb7e66bb6db921a9624d3b24,tcc-microservices-experiment-auth-1,0.02,75612815,1073741824,7.04,3,45.8kB / 40.3kB,4.26MB / 3.67MB
94,2026-09-10T08:10:28.363529+00:00,189,2026-09-10T08:10:28.002315+00:00,false,microservices,gateway,01bcfc52f59e6e0b3b3b8f648dc141f9eeca0067189a3ff0eef432b0c504860a,tcc-microservices-experiment-gateway-1,27.17,467979469,536870912,87.17,79,86.1MB / 95.3MB,34.1MB / 8.3MB
94,2026-09-10T08:10:28.363529+00:00,189,2026-09-10T08:10:28.002315+00:00,false,microservices,mysql,09b94b02911e21d5919bf92874209f05c048b612fded5cc2d25c06307ce5544e,tcc-microservices-experiment-mysql-1,25.28,512543949,1073741824,47.73,40,30.2MB / 96.2MB,48.4MB / 143MB
94,2026-09-10T08:10:28.363529+00:00,189,2026-09-10T08:10:28.002315+00:00,false,microservices,order,deec5e9c066eb65d79f18feb0dc2ae51dc37ae774e8a961aca79260e29b798cc,tcc-microservices-experiment-order-1,80.68,79691776,1073741824,7.42,3,115MB / 105MB,7.09MB / 4.91MB
94,2026-09-10T08:10:28.363529+00:00,189,2026-09-10T08:10:28.002315+00:00,false,microservices,product,1daf7d182b350027a9a90974b326ad43fcf55adfa6b48f0623ea7cff4b971f29,tcc-microservices-experiment-product-1,0.02,74752983,1073741824,6.96,3,417kB / 282kB,7.93MB / 3.94MB
95,2026-09-10T08:10:29.363520+00:00,191,2026-09-10T08:10:29.003405+00:00,false,microservices,auth,fc45e39c9bec9ccb22b5e901d76ba35a628770b0bb7e66bb6db921a9624d3b24,tcc-microservices-experiment-auth-1,0.02,75612815,1073741824,7.04,3,45.8kB / 40.3kB,4.26MB / 3.67MB
95,2026-09-10T08:10:29.363520+00:00,191,2026-09-10T08:10:29.003405+00:00,false,microservices,gateway,01bcfc52f59e6e0b3b3b8f648dc141f9eeca0067189a3ff0eef432b0c504860a,tcc-microservices-experiment-gateway-1,26.99,467035750,536870912,86.99,79,86.8MB / 96.2MB,34.1MB / 8.3MB
95,2026-09-10T08:10:29.363520+00:00,191,2026-09-10T08:10:29.003405+00:00,false,microservices,mysql,09b94b02911e21d5919bf92874209f05c048b612fded5cc2d25c06307ce5544e,tcc-microservices-experiment-mysql-1,28.81,513382810,1073741824,47.81,40,30.4MB / 97MB,48.4MB / 143MB
95,2026-09-10T08:10:29.363520+00:00,191,2026-09-10T08:10:29.003405+00:00,false,microservices,order,deec5e9c066eb65d79f18feb0dc2ae51dc37ae774e8a961aca79260e29b798cc,tcc-microservices-experiment-order-1,81.54,79429632,1073741824,7.4,3,116MB / 106MB,7.09MB / 4.91MB
95,2026-09-10T08:10:29.363520+00:00,191,2026-09-10T08:10:29.003405+00:00,false,microservices,product,1daf7d182b350027a9a90974b326ad43fcf55adfa6b48f0623ea7cff4b971f29,tcc-microservices-experiment-product-1,0.02,74752983,1073741824,6.96,3,417kB / 282kB,7.93MB / 3.94MB
96,2026-09-10T08:10:30.363516+00:00,193,2026-09-10T08:10:30.002410+00:00,false,microservices,auth,fc45e39c9bec9ccb22b5e901d76ba35a628770b0bb7e66bb6db921a9624d3b24,tcc-microservices-experiment-auth-1,0.02,75612815,1073741824,7.04,3,45.8kB / 40.3kB,4.26MB / 3.67MB
96,2026-09-10T08:10:30.363516+00:00,193,2026-09-10T08:10:30.002410+00:00,false,microservices,gateway,01bcfc52f59e6e0b3b3b8f648dc141f9eeca0067189a3ff0eef432b0c504860a,tcc-microservices-experiment-gateway-1,26.54,467769754,536870912,87.14,79,87.5MB / 96.9MB,34.1MB / 8.3MB
96,2026-09-10T08:10:30.363516+00:00,193,2026-09-10T08:10:30.002410+00:00,false,microservices,mysql,09b94b02911e21d5919bf92874209f05c048b612fded5cc2d25c06307ce5544e,tcc-microservices-experiment-mysql-1,24.97,513382810,1073741824,47.81,40,30.6MB / 97.7MB,48.4MB / 143MB
96,2026-09-10T08:10:30.363516+00:00,193,2026-09-10T08:10:30.002410+00:00,false,microservices,order,deec5e9c066eb65d79f18feb0dc2ae51dc37ae774e8a961aca79260e29b798cc,tcc-microservices-experiment-order-1,81.37,79618376,1073741824,7.41,3,117MB / 107MB,7.09MB / 4.91MB
96,2026-09-10T08:10:30.363516+00:00,193,2026-09-10T08:10:30.002410+00:00,false,microservices,product,1daf7d182b350027a9a90974b326ad43fcf55adfa6b48f0623ea7cff4b971f29,tcc-microservices-experiment-product-1,0.02,74752983,1073741824,6.96,3,417kB / 282kB,7.93MB / 3.94MB
97,2026-09-10T08:10:31.363502+00:00,195,2026-09-10T08:10:31.003075+00:00,false,microservices,auth,fc45e39c9bec9ccb22b5e901d76ba35a628770b0bb7e66bb6db921a9624d3b24,tcc-microservices-experiment-auth-1,0.02,75612815,1073741824,7.04,3,45.8kB / 40.3kB,4.26MB / 3.67MB
97,2026-09-10T08:10:31.363502+00:00,195,2026-09-10T08:10:31.003075+00:00,false,microservices,gateway,01bcfc52f59e6e0b3b3b8f648dc141f9eeca0067189a3ff0eef432b0c504860a,tcc-microservices-experiment-gateway-1,28.46,467769754,536870912,87.13,79,88.3MB / 97.8MB,34.1MB / 8.31MB
97,2026-09-10T08:10:31.363502+00:00,195,2026-09-10T08:10:31.003075+00:00,false,microservices,mysql,09b94b02911e21d5919bf92874209f05c048b612fded5cc2d25c06307ce5544e,tcc-microservices-experiment-mysql-1,29.43,513487667,1073741824,47.82,40,30.8MB / 98.5MB,48.4MB / 143MB
97,2026-09-10T08:10:31.363502+00:00,195,2026-09-10T08:10:31.003075+00:00,false,microservices,order,deec5e9c066eb65d79f18feb0dc2ae51dc37ae774e8a961aca79260e29b798cc,tcc-microservices-experiment-order-1,80.95,79146516,1073741824,7.37,3,118MB / 107MB,7.09MB / 4.91MB
97,2026-09-10T08:10:31.363502+00:00,195,2026-09-10T08:10:31.003075+00:00,false,microservices,product,1daf7d182b350027a9a90974b326ad43fcf55adfa6b48f0623ea7cff4b971f29,tcc-microservices-experiment-product-1,0.02,74752983,1073741824,6.96,3,417kB / 282kB,7.93MB / 3.94MB
98,2026-09-10T08:10:32.363502+00:00,197,2026-09-10T08:10:32.002115+00:00,false,microservices,auth,fc45e39c9bec9ccb22b5e901d76ba35a628770b0bb7e66bb6db921a9624d3b24,tcc-microservices-experiment-auth-1,0.02,75612815,1073741824,7.04,3,45.8kB / 40.3kB,4.26MB / 3.67MB
98,2026-09-10T08:10:32.363502+00:00,197,2026-09-10T08:10:32.002115+00:00,false,microservices,gateway,01bcfc52f59e6e0b3b3b8f648dc141f9eeca0067189a3ff0eef432b0c504860a,tcc-microservices-experiment-gateway-1,27.16,468084326,536870912,87.2,79,89MB / 98.6MB,34.1MB / 8.31MB
98,2026-09-10T08:10:32.363502+00:00,197,2026-09-10T08:10:32.002115+00:00,false,microservices,mysql,09b94b02911e21d5919bf92874209f05c048b612fded5cc2d25c06307ce5544e,tcc-microservices-experiment-mysql-1,25.34,513173094,1073741824,47.79,40,31MB / 99.3MB,48.4MB / 143MB
98,2026-09-10T08:10:32.363502+00:00,197,2026-09-10T08:10:32.002115+00:00,false,microservices,order,deec5e9c066eb65d79f18feb0dc2ae51dc37ae774e8a961aca79260e29b798cc,tcc-microservices-experiment-order-1,80.92,79177974,1073741824,7.37,3,119MB / 108MB,7.09MB / 4.91MB
98,2026-09-10T08:10:32.363502+00:00,197,2026-09-10T08:10:32.002115+00:00,false,microservices,product,1daf7d182b350027a9a90974b326ad43fcf55adfa6b48f0623ea7cff4b971f29,tcc-microservices-experiment-product-1,0.02,74752983,1073741824,6.96,3,417kB / 282kB,7.93MB / 3.94MB
99,2026-09-10T08:10:33.363519+00:00,199,2026-09-10T08:10:33.003325+00:00,false,microservices,auth,fc45e39c9bec9ccb22b5e901d76ba35a628770b0bb7e66bb6db921a9624d3b24,tcc-microservices-experiment-auth-1,0.02,75612815,1073741824,7.04,3,45.8kB / 40.3kB,4.26MB / 3.67MB
99,2026-09-10T08:10:33.363519+00:00,199,2026-09-10T08:10:33.003325+00:00,false,microservices,gateway,01bcfc52f59e6e0b3b3b8f648dc141f9eeca0067189a3ff0eef432b0c504860a,tcc-microservices-experiment-gateway-1,28.05,468294042,536870912,87.23,79,89.7MB / 99.4MB,34.1MB / 8.31MB
99,2026-09-10T08:10:33.363519+00:00,199,2026-09-10T08:10:33.003325+00:00,false,microservices,mysql,09b94b02911e21d5919bf92874209f05c048b612fded5cc2d25c06307ce5544e,tcc-microservices-experiment-mysql-1,30.18,513173094,1073741824,47.8,40,31.2MB / 100MB,48.4MB / 143MB
99,2026-09-10T08:10:33.363519+00:00,199,2026-09-10T08:10:33.003325+00:00,false,microservices,order,deec5e9c066eb65d79f18feb0dc2ae51dc37ae774e8a961aca79260e29b798cc,tcc-microservices-experiment-order-1,79.77,79188460,1073741824,7.38,3,120MB / 109MB,7.09MB / 4.91MB
99,2026-09-10T08:10:33.363519+00:00,199,2026-09-10T08:10:33.003325+00:00,false,microservices,product,1daf7d182b350027a9a90974b326ad43fcf55adfa6b48f0623ea7cff4b971f29,tcc-microservices-experiment-product-1,0.02,74752983,1073741824,6.96,3,417kB / 282kB,7.93MB / 3.94MB
100,2026-09-10T08:10:34.363514+00:00,201,2026-09-10T08:10:34.002568+00:00,false,microservices,auth,fc45e39c9bec9ccb22b5e901d76ba35a628770b0bb7e66bb6db921a9624d3b24,tcc-microservices-experiment-auth-1,0.02,75612815,1073741824,7.04,3,45.8kB / 40.3kB,4.26MB / 3.67MB
100,2026-09-10T08:10:34.363514+00:00,201,2026-09-10T08:10:34.002568+00:00,false,microservices,gateway,01bcfc52f59e6e0b3b3b8f648dc141f9eeca0067189a3ff0eef432b0c504860a,tcc-microservices-experiment-gateway-1,26.28,468398899,536870912,87.24,79,90.4MB / 100MB,34.1MB / 8.31MB
100,2026-09-10T08:10:34.363514+00:00,201,2026-09-10T08:10:34.002568+00:00,false,microservices,mysql,09b94b02911e21d5919bf92874209f05c048b612fded5cc2d25c06307ce5544e,tcc-microservices-experiment-mysql-1,26.99,513277952,1073741824,47.81,40,31.5MB / 101MB,48.4MB / 143MB
100,2026-09-10T08:10:34.363514+00:00,201,2026-09-10T08:10:34.002568+00:00,false,microservices,order,deec5e9c066eb65d79f18feb0dc2ae51dc37ae774e8a961aca79260e29b798cc,tcc-microservices-experiment-order-1,78.81,79901491,1073741824,7.44,3,121MB / 110MB,7.09MB / 4.91MB
100,2026-09-10T08:10:34.363514+00:00,201,2026-09-10T08:10:34.002568+00:00,false,microservices,product,1daf7d182b350027a9a90974b326ad43fcf55adfa6b48f0623ea7cff4b971f29,tcc-microservices-experiment-product-1,0.02,74752983,1073741824,6.96,3,417kB / 282kB,7.93MB / 3.94MB
101,2026-09-10T08:10:35.363491+00:00,203,2026-09-10T08:10:35.003211+00:00,false,microservices,auth,fc45e39c9bec9ccb22b5e901d76ba35a628770b0bb7e66bb6db921a9624d3b24,tcc-microservices-experiment-auth-1,0.02,75612815,1073741824,7.04,3,45.8kB / 40.3kB,4.26MB / 3.67MB
101,2026-09-10T08:10:35.363491+00:00,203,2026-09-10T08:10:35.003211+00:00,false,microservices,gateway,01bcfc52f59e6e0b3b3b8f648dc141f9eeca0067189a3ff0eef432b0c504860a,tcc-microservices-experiment-gateway-1,25.95,468818330,536870912,87.32,79,91.1MB / 101MB,34.1MB / 8.31MB
101,2026-09-10T08:10:35.363491+00:00,203,2026-09-10T08:10:35.003211+00:00,false,microservices,mysql,09b94b02911e21d5919bf92874209f05c048b612fded5cc2d25c06307ce5544e,tcc-microservices-experiment-mysql-1,30.13,513068237,1073741824,47.79,40,31.7MB / 102MB,48.4MB / 143MB
101,2026-09-10T08:10:35.363491+00:00,203,2026-09-10T08:10:35.003211+00:00,false,microservices,order,deec5e9c066eb65d79f18feb0dc2ae51dc37ae774e8a961aca79260e29b798cc,tcc-microservices-experiment-order-1,79.91,79450604,1073741824,7.4,3,122MB / 111MB,7.09MB / 4.91MB
101,2026-09-10T08:10:35.363491+00:00,203,2026-09-10T08:10:35.003211+00:00,false,microservices,product,1daf7d182b350027a9a90974b326ad43fcf55adfa6b48f0623ea7cff4b971f29,tcc-microservices-experiment-product-1,0.02,74752983,1073741824,6.96,3,417kB / 282kB,7.93MB / 3.94MB
102,2026-09-10T08:10:36.363524+00:00,205,2026-09-10T08:10:36.002572+00:00,false,microservices,auth,fc45e39c9bec9ccb22b5e901d76ba35a628770b0bb7e66bb6db921a9624d3b24,tcc-microservices-experiment-auth-1,0.02,75612815,1073741824,7.04,3,45.8kB / 40.3kB,4.26MB / 3.67MB
102,2026-09-10T08:10:36.363524+00:00,205,2026-09-10T08:10:36.002572+00:00,false,microservices,gateway,01bcfc52f59e6e0b3b3b8f648dc141f9eeca0067189a3ff0eef432b0c504860a,tcc-microservices-experiment-gateway-1,26.47,467979469,536870912,87.16,79,91.9MB / 102MB,34.1MB / 8.31MB
102,2026-09-10T08:10:36.363524+00:00,205,2026-09-10T08:10:36.002572+00:00,false,microservices,mysql,09b94b02911e21d5919bf92874209f05c048b612fded5cc2d25c06307ce5544e,tcc-microservices-experiment-mysql-1,25.6,513068237,1073741824,47.78,40,31.9MB / 102MB,48.4MB / 143MB
102,2026-09-10T08:10:36.363524+00:00,205,2026-09-10T08:10:36.002572+00:00,false,microservices,order,deec5e9c066eb65d79f18feb0dc2ae51dc37ae774e8a961aca79260e29b798cc,tcc-microservices-experiment-order-1,80.25,79733719,1073741824,7.43,3,123MB / 112MB,7.09MB / 4.91MB
102,2026-09-10T08:10:36.363524+00:00,205,2026-09-10T08:10:36.002572+00:00,false,microservices,product,1daf7d182b350027a9a90974b326ad43fcf55adfa6b48f0623ea7cff4b971f29,tcc-microservices-experiment-product-1,0.02,74752983,1073741824,6.96,3,417kB / 282kB,7.93MB / 3.94MB
103,2026-09-10T08:10:37.363497+00:00,207,2026-09-10T08:10:37.003297+00:00,false,microservices,auth,fc45e39c9bec9ccb22b5e901d76ba35a628770b0bb7e66bb6db921a9624d3b24,tcc-microservices-experiment-auth-1,0.02,75612815,1073741824,7.04,3,45.8kB / 40.3kB,4.26MB / 3.67MB
103,2026-09-10T08:10:37.363497+00:00,207,2026-09-10T08:10:37.003297+00:00,false,microservices,gateway,01bcfc52f59e6e0b3b3b8f648dc141f9eeca0067189a3ff0eef432b0c504860a,tcc-microservices-experiment-gateway-1,26.48,468084326,536870912,87.18,79,92.6MB / 103MB,34.1MB / 8.31MB
103,2026-09-10T08:10:37.363497+00:00,207,2026-09-10T08:10:37.003297+00:00,false,microservices,mysql,09b94b02911e21d5919bf92874209f05c048b612fded5cc2d25c06307ce5544e,tcc-microservices-experiment-mysql-1,28.91,513697382,1073741824,47.85,40,32.1MB / 103MB,48.4MB / 143MB
103,2026-09-10T08:10:37.363497+00:00,207,2026-09-10T08:10:37.003297+00:00,false,microservices,order,deec5e9c066eb65d79f18feb0dc2ae51dc37ae774e8a961aca79260e29b798cc,tcc-microservices-experiment-order-1,81.51,79597404,1073741824,7.41,3,124MB / 113MB,7.09MB / 4.91MB
103,2026-09-10T08:10:37.363497+00:00,207,2026-09-10T08:10:37.003297+00:00,false,microservices,product,1daf7d182b350027a9a90974b326ad43fcf55adfa6b48f0623ea7cff4b971f29,tcc-microservices-experiment-product-1,0.02,74752983,1073741824,6.96,3,417kB / 282kB,7.93MB / 3.94MB
104,2026-09-10T08:10:38.363491+00:00,209,2026-09-10T08:10:38.002362+00:00,false,microservices,auth,fc45e39c9bec9ccb22b5e901d76ba35a628770b0bb7e66bb6db921a9624d3b24,tcc-microservices-experiment-auth-1,0.02,75612815,1073741824,7.04,3,45.8kB / 40.3kB,4.26MB / 3.67MB
104,2026-09-10T08:10:38.363491+00:00,209,2026-09-10T08:10:38.002362+00:00,false,microservices,gateway,01bcfc52f59e6e0b3b3b8f648dc141f9eeca0067189a3ff0eef432b0c504860a,tcc-microservices-experiment-gateway-1,26.77,467664896,536870912,87.1,79,93.3MB / 103MB,34.1MB / 8.31MB
104,2026-09-10T08:10:38.363491+00:00,209,2026-09-10T08:10:38.002362+00:00,false,microservices,mysql,09b94b02911e21d5919bf92874209f05c048b612fded5cc2d25c06307ce5544e,tcc-microservices-experiment-mysql-1,25.36,512858522,1073741824,47.76,40,32.3MB / 104MB,48.4MB / 143MB
104,2026-09-10T08:10:38.363491+00:00,209,2026-09-10T08:10:38.002362+00:00,false,microservices,order,deec5e9c066eb65d79f18feb0dc2ae51dc37ae774e8a961aca79260e29b798cc,tcc-microservices-experiment-order-1,80.49,79922463,1073741824,7.44,3,124MB / 113MB,7.09MB / 4.91MB
104,2026-09-10T08:10:38.363491+00:00,209,2026-09-10T08:10:38.002362+00:00,false,microservices,product,1daf7d182b350027a9a90974b326ad43fcf55adfa6b48f0623ea7cff4b971f29,tcc-microservices-experiment-product-1,0.02,74752983,1073741824,6.96,3,417kB / 282kB,7.93MB / 3.94MB
105,2026-09-10T08:10:39.363498+00:00,211,2026-09-10T08:10:39.004433+00:00,false,microservices,auth,fc45e39c9bec9ccb22b5e901d76ba35a628770b0bb7e66bb6db921a9624d3b24,tcc-microservices-experiment-auth-1,0.02,75612815,1073741824,7.04,3,45.8kB / 40.3kB,4.26MB / 3.67MB
105,2026-09-10T08:10:39.363498+00:00,211,2026-09-10T08:10:39.004433+00:00,false,microservices,gateway,01bcfc52f59e6e0b3b3b8f648dc141f9eeca0067189a3ff0eef432b0c504860a,tcc-microservices-experiment-gateway-1,28.28,468923187,536870912,87.35,79,94.1MB / 104MB,34.2MB / 8.31MB
105,2026-09-10T08:10:39.363498+00:00,211,2026-09-10T08:10:39.004433+00:00,false,microservices,mysql,09b94b02911e21d5919bf92874209f05c048b612fded5cc2d25c06307ce5544e,tcc-microservices-experiment-mysql-1,29.79,513068237,1073741824,47.78,40,32.5MB / 105MB,48.4MB / 143MB
105,2026-09-10T08:10:39.363498+00:00,211,2026-09-10T08:10:39.004433+00:00,false,microservices,order,deec5e9c066eb65d79f18feb0dc2ae51dc37ae774e8a961aca79260e29b798cc,tcc-microservices-experiment-order-1,80.18,79649833,1073741824,7.42,3,125MB / 114MB,7.09MB / 4.91MB
105,2026-09-10T08:10:39.363498+00:00,211,2026-09-10T08:10:39.004433+00:00,false,microservices,product,1daf7d182b350027a9a90974b326ad43fcf55adfa6b48f0623ea7cff4b971f29,tcc-microservices-experiment-product-1,0.02,74752983,1073741824,6.96,3,417kB / 282kB,7.93MB / 3.94MB
106,2026-09-10T08:10:40.363515+00:00,213,2026-09-10T08:10:40.002352+00:00,false,microservices,auth,fc45e39c9bec9ccb22b5e901d76ba35a628770b0bb7e66bb6db921a9624d3b24,tcc-microservices-experiment-auth-1,0.02,75612815,1073741824,7.04,3,45.8kB / 40.3kB,4.26MB / 3.67MB
106,2026-09-10T08:10:40.363515+00:00,213,2026-09-10T08:10:40.002352+00:00,false,microservices,gateway,01bcfc52f59e6e0b3b3b8f648dc141f9eeca0067189a3ff0eef432b0c504860a,tcc-microservices-experiment-gateway-1,26.97,467874611,536870912,87.16,79,94.8MB / 105MB,34.2MB / 8.31MB
106,2026-09-10T08:10:40.363515+00:00,213,2026-09-10T08:10:40.002352+00:00,false,microservices,mysql,09b94b02911e21d5919bf92874209f05c048b612fded5cc2d25c06307ce5544e,tcc-microservices-experiment-mysql-1,25.38,512753664,1073741824,47.75,40,32.8MB / 105MB,48.4MB / 143MB
106,2026-09-10T08:10:40.363515+00:00,213,2026-09-10T08:10:40.002352+00:00,false,microservices,order,deec5e9c066eb65d79f18feb0dc2ae51dc37ae774e8a961aca79260e29b798cc,tcc-microservices-experiment-order-1,80.26,79712748,1073741824,7.42,3,126MB / 115MB,7.09MB / 4.91MB
106,2026-09-10T08:10:40.363515+00:00,213,2026-09-10T08:10:40.002352+00:00,false,microservices,product,1daf7d182b350027a9a90974b326ad43fcf55adfa6b48f0623ea7cff4b971f29,tcc-microservices-experiment-product-1,0.02,74752983,1073741824,6.96,3,417kB / 282kB,7.93MB / 3.94MB
107,2026-09-10T08:10:41.363491+00:00,215,2026-09-10T08:10:41.004347+00:00,false,microservices,auth,fc45e39c9bec9ccb22b5e901d76ba35a628770b0bb7e66bb6db921a9624d3b24,tcc-microservices-experiment-auth-1,0.02,75612815,1073741824,7.04,3,45.8kB / 40.3kB,4.26MB / 3.67MB
107,2026-09-10T08:10:41.363491+00:00,215,2026-09-10T08:10:41.004347+00:00,false,microservices,gateway,01bcfc52f59e6e0b3b3b8f648dc141f9eeca0067189a3ff0eef432b0c504860a,tcc-microservices-experiment-gateway-1,27.34,467769754,536870912,87.13,79,95.5MB / 106MB,34.2MB / 8.31MB
107,2026-09-10T08:10:41.363491+00:00,215,2026-09-10T08:10:41.004347+00:00,false,microservices,mysql,09b94b02911e21d5919bf92874209f05c048b612fded5cc2d25c06307ce5544e,tcc-microservices-experiment-mysql-1,29.07,513173094,1073741824,47.8,40,33MB / 106MB,48.4MB / 143MB
107,2026-09-10T08:10:41.363491+00:00,215,2026-09-10T08:10:41.004347+00:00,false,microservices,order,deec5e9c066eb65d79f18feb0dc2ae51dc37ae774e8a961aca79260e29b798cc,tcc-microservices-experiment-order-1,81.33,79387689,1073741824,7.39,3,127MB / 116MB,7.09MB / 4.91MB
107,2026-09-10T08:10:41.363491+00:00,215,2026-09-10T08:10:41.004347+00:00,false,microservices,product,1daf7d182b350027a9a90974b326ad43fcf55adfa6b48f0623ea7cff4b971f29,tcc-microservices-experiment-product-1,0.02,74752983,1073741824,6.96,3,417kB / 282kB,7.93MB / 3.94MB
108,2026-09-10T08:10:42.363517+00:00,217,2026-09-10T08:10:42.003771+00:00,false,microservices,auth,fc45e39c9bec9ccb22b5e901d76ba35a628770b0bb7e66bb6db921a9624d3b24,tcc-microservices-experiment-auth-1,0.02,75612815,1073741824,7.04,3,45.8kB / 40.3kB,4.26MB / 3.67MB
108,2026-09-10T08:10:42.363517+00:00,217,2026-09-10T08:10:42.003771+00:00,false,microservices,gateway,01bcfc52f59e6e0b3b3b8f648dc141f9eeca0067189a3ff0eef432b0c504860a,tcc-microservices-experiment-gateway-1,26.38,468503757,536870912,87.27,79,96.3MB / 107MB,34.2MB / 8.31MB
108,2026-09-10T08:10:42.363517+00:00,217,2026-09-10T08:10:42.003771+00:00,false,microservices,mysql,09b94b02911e21d5919bf92874209f05c048b612fded5cc2d25c06307ce5544e,tcc-microservices-experiment-mysql-1,25.74,513173094,1073741824,47.8,40,33.2MB / 107MB,48.4MB / 143MB
108,2026-09-10T08:10:42.363517+00:00,217,2026-09-10T08:10:42.003771+00:00,false,microservices,order,deec5e9c066eb65d79f18feb0dc2ae51dc37ae774e8a961aca79260e29b798cc,tcc-microservices-experiment-order-1,79.76,79723233,1073741824,7.42,3,128MB / 117MB,7.09MB / 5.1MB
108,2026-09-10T08:10:42.363517+00:00,217,2026-09-10T08:10:42.003771+00:00,false,microservices,product,1daf7d182b350027a9a90974b326ad43fcf55adfa6b48f0623ea7cff4b971f29,tcc-microservices-experiment-product-1,0.02,74752983,1073741824,6.96,3,417kB / 282kB,7.93MB / 3.94MB
109,2026-09-10T08:10:43.363523+00:00,219,2026-09-10T08:10:43.004452+00:00,false,microservices,auth,fc45e39c9bec9ccb22b5e901d76ba35a628770b0bb7e66bb6db921a9624d3b24,tcc-microservices-experiment-auth-1,0.02,75612815,1073741824,7.04,3,45.8kB / 40.3kB,4.26MB / 3.67MB
109,2026-09-10T08:10:43.363523+00:00,219,2026-09-10T08:10:43.004452+00:00,false,microservices,gateway,01bcfc52f59e6e0b3b3b8f648dc141f9eeca0067189a3ff0eef432b0c504860a,tcc-microservices-experiment-gateway-1,27.02,468398899,536870912,87.25,79,97MB / 107MB,34.2MB / 8.31MB
109,2026-09-10T08:10:43.363523+00:00,219,2026-09-10T08:10:43.004452+00:00,false,microservices,mysql,09b94b02911e21d5919bf92874209f05c048b612fded5cc2d25c06307ce5544e,tcc-microservices-experiment-mysql-1,29.0,513068237,1073741824,47.78,40,33.4MB / 108MB,48.4MB / 143MB
109,2026-09-10T08:10:43.363523+00:00,219,2026-09-10T08:10:43.004452+00:00,false,microservices,order,deec5e9c066eb65d79f18feb0dc2ae51dc37ae774e8a961aca79260e29b798cc,tcc-microservices-experiment-order-1,80.36,78999716,1073741824,7.36,3,129MB / 118MB,7.09MB / 5.1MB
109,2026-09-10T08:10:43.363523+00:00,219,2026-09-10T08:10:43.004452+00:00,false,microservices,product,1daf7d182b350027a9a90974b326ad43fcf55adfa6b48f0623ea7cff4b971f29,tcc-microservices-experiment-product-1,0.02,74752983,1073741824,6.96,3,417kB / 282kB,7.93MB / 3.94MB
110,2026-09-10T08:10:44.363522+00:00,221,2026-09-10T08:10:44.002437+00:00,false,microservices,auth,fc45e39c9bec9ccb22b5e901d76ba35a628770b0bb7e66bb6db921a9624d3b24,tcc-microservices-experiment-auth-1,0.02,75612815,1073741824,7.04,3,45.8kB / 40.3kB,4.26MB / 3.67MB
110,2026-09-10T08:10:44.363522+00:00,221,2026-09-10T08:10:44.002437+00:00,false,microservices,gateway,01bcfc52f59e6e0b3b3b8f648dc141f9eeca0067189a3ff0eef432b0c504860a,tcc-microservices-experiment-gateway-1,26.84,467455181,536870912,87.06,79,97.7MB / 108MB,34.2MB / 8.31MB
110,2026-09-10T08:10:44.363522+00:00,221,2026-09-10T08:10:44.002437+00:00,false,microservices,mysql,09b94b02911e21d5919bf92874209f05c048b612fded5cc2d25c06307ce5544e,tcc-microservices-experiment-mysql-1,24.23,512753664,1073741824,47.76,40,33.6MB / 108MB,48.4MB / 143MB
110,2026-09-10T08:10:44.363522+00:00,221,2026-09-10T08:10:44.002437+00:00,false,microservices,order,deec5e9c066eb65d79f18feb0dc2ae51dc37ae774e8a961aca79260e29b798cc,tcc-microservices-experiment-order-1,81.78,79513518,1073741824,7.41,3,130MB / 119MB,7.09MB / 5.1MB
110,2026-09-10T08:10:44.363522+00:00,221,2026-09-10T08:10:44.002437+00:00,false,microservices,product,1daf7d182b350027a9a90974b326ad43fcf55adfa6b48f0623ea7cff4b971f29,tcc-microservices-experiment-product-1,0.02,74752983,1073741824,6.96,3,417kB / 282kB,7.93MB / 3.94MB
111,2026-09-10T08:10:45.363499+00:00,223,2026-09-10T08:10:45.004212+00:00,false,microservices,auth,fc45e39c9bec9ccb22b5e901d76ba35a628770b0bb7e66bb6db921a9624d3b24,tcc-microservices-experiment-auth-1,0.02,75612815,1073741824,7.04,3,45.8kB / 40.3kB,4.26MB / 3.67MB
111,2026-09-10T08:10:45.363499+00:00,223,2026-09-10T08:10:45.004212+00:00,false,microservices,gateway,01bcfc52f59e6e0b3b3b8f648dc141f9eeca0067189a3ff0eef432b0c504860a,tcc-microservices-experiment-gateway-1,26.49,466826035,536870912,86.95,69,98.5MB / 109MB,34.2MB / 8.31MB
111,2026-09-10T08:10:45.363499+00:00,223,2026-09-10T08:10:45.004212+00:00,false,microservices,mysql,09b94b02911e21d5919bf92874209f05c048b612fded5cc2d25c06307ce5544e,tcc-microservices-experiment-mysql-1,28.36,513068237,1073741824,47.78,40,33.9MB / 109MB,48.4MB / 143MB
111,2026-09-10T08:10:45.363499+00:00,223,2026-09-10T08:10:45.004212+00:00,false,microservices,order,deec5e9c066eb65d79f18feb0dc2ae51dc37ae774e8a961aca79260e29b798cc,tcc-microservices-experiment-order-1,82.34,79303803,1073741824,7.39,3,131MB / 119MB,7.09MB / 5.1MB
111,2026-09-10T08:10:45.363499+00:00,223,2026-09-10T08:10:45.004212+00:00,false,microservices,product,1daf7d182b350027a9a90974b326ad43fcf55adfa6b48f0623ea7cff4b971f29,tcc-microservices-experiment-product-1,0.02,74752983,1073741824,6.96,3,417kB / 282kB,7.93MB / 3.94MB
112,2026-09-10T08:10:46.363526+00:00,225,2026-09-10T08:10:46.004719+00:00,false,microservices,auth,fc45e39c9bec9ccb22b5e901d76ba35a628770b0bb7e66bb6db921a9624d3b24,tcc-microservices-experiment-auth-1,0.01,75612815,1073741824,7.04,3,45.8kB / 40.3kB,4.26MB / 3.67MB
112,2026-09-10T08:10:46.363526+00:00,225,2026-09-10T08:10:46.004719+00:00,false,microservices,gateway,01bcfc52f59e6e0b3b3b8f648dc141f9eeca0067189a3ff0eef432b0c504860a,tcc-microservices-experiment-gateway-1,25.65,467664896,536870912,87.11,69,99.2MB / 110MB,34.2MB / 8.33MB
112,2026-09-10T08:10:46.363526+00:00,225,2026-09-10T08:10:46.004719+00:00,false,microservices,mysql,09b94b02911e21d5919bf92874209f05c048b612fded5cc2d25c06307ce5544e,tcc-microservices-experiment-mysql-1,26.18,512543949,1073741824,47.73,40,34.1MB / 110MB,48.4MB / 143MB
112,2026-09-10T08:10:46.363526+00:00,225,2026-09-10T08:10:46.004719+00:00,false,microservices,order,deec5e9c066eb65d79f18feb0dc2ae51dc37ae774e8a961aca79260e29b798cc,tcc-microservices-experiment-order-1,79.74,79880520,1073741824,7.44,3,132MB / 120MB,7.09MB / 5.1MB
112,2026-09-10T08:10:46.363526+00:00,225,2026-09-10T08:10:46.004719+00:00,false,microservices,product,1daf7d182b350027a9a90974b326ad43fcf55adfa6b48f0623ea7cff4b971f29,tcc-microservices-experiment-product-1,0.02,74752983,1073741824,6.96,3,417kB / 282kB,7.93MB / 3.94MB
113,2026-09-10T08:10:47.363523+00:00,227,2026-09-10T08:10:47.004246+00:00,false,microservices,auth,fc45e39c9bec9ccb22b5e901d76ba35a628770b0bb7e66bb6db921a9624d3b24,tcc-microservices-experiment-auth-1,0.02,75612815,1073741824,7.04,3,45.8kB / 40.3kB,4.26MB / 3.67MB
113,2026-09-10T08:10:47.363523+00:00,227,2026-09-10T08:10:47.004246+00:00,false,microservices,gateway,01bcfc52f59e6e0b3b3b8f648dc141f9eeca0067189a3ff0eef432b0c504860a,tcc-microservices-experiment-gateway-1,28.04,467245466,536870912,87.03,69,99.9MB / 111MB,34.2MB / 8.33MB
113,2026-09-10T08:10:47.363523+00:00,227,2026-09-10T08:10:47.004246+00:00,false,microservices,mysql,09b94b02911e21d5919bf92874209f05c048b612fded5cc2d25c06307ce5544e,tcc-microservices-experiment-mysql-1,29.03,512753664,1073741824,47.76,40,34.3MB / 111MB,48.4MB / 143MB
113,2026-09-10T08:10:47.363523+00:00,227,2026-09-10T08:10:47.004246+00:00,false,microservices,order,deec5e9c066eb65d79f18feb0dc2ae51dc37ae774e8a961aca79260e29b798cc,tcc-microservices-experiment-order-1,81.01,79335260,1073741824,7.39,3,133MB / 121MB,7.09MB / 5.1MB
113,2026-09-10T08:10:47.363523+00:00,227,2026-09-10T08:10:47.004246+00:00,false,microservices,product,1daf7d182b350027a9a90974b326ad43fcf55adfa6b48f0623ea7cff4b971f29,tcc-microservices-experiment-product-1,0.02,74752983,1073741824,6.96,3,417kB / 282kB,7.93MB / 3.94MB
114,2026-09-10T08:10:48.363525+00:00,229,2026-09-10T08:10:48.004485+00:00,false,microservices,auth,fc45e39c9bec9ccb22b5e901d76ba35a628770b0bb7e66bb6db921a9624d3b24,tcc-microservices-experiment-auth-1,0.02,75612815,1073741824,7.04,3,45.8kB / 40.3kB,4.26MB / 3.67MB
114,2026-09-10T08:10:48.363525+00:00,229,2026-09-10T08:10:48.004485+00:00,false,microservices,gateway,01bcfc52f59e6e0b3b3b8f648dc141f9eeca0067189a3ff0eef432b0c504860a,tcc-microservices-experiment-gateway-1,26.45,467245466,536870912,87.03,69,101MB / 112MB,34.2MB / 8.33MB
114,2026-09-10T08:10:48.363525+00:00,229,2026-09-10T08:10:48.004485+00:00,false,microservices,mysql,09b94b02911e21d5919bf92874209f05c048b612fded5cc2d25c06307ce5544e,tcc-microservices-experiment-mysql-1,24.48,513382810,1073741824,47.81,40,34.5MB / 112MB,48.4MB / 143MB
114,2026-09-10T08:10:48.363525+00:00,229,2026-09-10T08:10:48.004485+00:00,false,microservices,order,deec5e9c066eb65d79f18feb0dc2ae51dc37ae774e8a961aca79260e29b798cc,tcc-microservices-experiment-order-1,79.87,79807119,1073741824,7.43,3,134MB / 122MB,7.09MB / 5.1MB
114,2026-09-10T08:10:48.363525+00:00,229,2026-09-10T08:10:48.004485+00:00,false,microservices,product,1daf7d182b350027a9a90974b326ad43fcf55adfa6b48f0623ea7cff4b971f29,tcc-microservices-experiment-product-1,0.02,74752983,1073741824,6.96,3,417kB / 282kB,7.93MB / 3.94MB
115,2026-09-10T08:10:49.363522+00:00,231,2026-09-10T08:10:49.002511+00:00,false,microservices,auth,fc45e39c9bec9ccb22b5e901d76ba35a628770b0bb7e66bb6db921a9624d3b24,tcc-microservices-experiment-auth-1,0.02,75612815,1073741824,7.04,3,45.8kB / 40.3kB,4.26MB / 3.67MB
115,2026-09-10T08:10:49.363522+00:00,231,2026-09-10T08:10:49.002511+00:00,false,microservices,gateway,01bcfc52f59e6e0b3b3b8f648dc141f9eeca0067189a3ff0eef432b0c504860a,tcc-microservices-experiment-gateway-1,26.31,466930893,536870912,86.96,69,101MB / 112MB,34.2MB / 8.33MB
115,2026-09-10T08:10:49.363522+00:00,231,2026-09-10T08:10:49.002511+00:00,false,microservices,mysql,09b94b02911e21d5919bf92874209f05c048b612fded5cc2d25c06307ce5544e,tcc-microservices-experiment-mysql-1,28.89,513592525,1073741824,47.83,40,34.7MB / 112MB,48.4MB / 143MB
115,2026-09-10T08:10:49.363522+00:00,231,2026-09-10T08:10:49.002511+00:00,false,microservices,order,deec5e9c066eb65d79f18feb0dc2ae51dc37ae774e8a961aca79260e29b798cc,tcc-microservices-experiment-order-1,81.23,79618376,1073741824,7.42,3,135MB / 123MB,7.09MB / 5.1MB
115,2026-09-10T08:10:49.363522+00:00,231,2026-09-10T08:10:49.002511+00:00,false,microservices,product,1daf7d182b350027a9a90974b326ad43fcf55adfa6b48f0623ea7cff4b971f29,tcc-microservices-experiment-product-1,0.02,74752983,1073741824,6.96,3,417kB / 282kB,7.93MB / 3.94MB
116,2026-09-10T08:10:50.363526+00:00,233,2026-09-10T08:10:50.004166+00:00,false,microservices,auth,fc45e39c9bec9ccb22b5e901d76ba35a628770b0bb7e66bb6db921a9624d3b24,tcc-microservices-experiment-auth-1,0.02,75612815,1073741824,7.04,3,45.8kB / 40.3kB,4.26MB / 3.67MB
116,2026-09-10T08:10:50.363526+00:00,233,2026-09-10T08:10:50.004166+00:00,false,microservices,gateway,01bcfc52f59e6e0b3b3b8f648dc141f9eeca0067189a3ff0eef432b0c504860a,tcc-microservices-experiment-gateway-1,26.1,467874611,536870912,87.14,69,102MB / 113MB,34.2MB / 8.33MB
116,2026-09-10T08:10:50.363526+00:00,233,2026-09-10T08:10:50.004166+00:00,false,microservices,mysql,09b94b02911e21d5919bf92874209f05c048b612fded5cc2d25c06307ce5544e,tcc-microservices-experiment-mysql-1,26.45,512439091,1073741824,47.73,40,35MB / 113MB,48.4MB / 143MB
116,2026-09-10T08:10:50.363526+00:00,233,2026-09-10T08:10:50.004166+00:00,false,microservices,order,deec5e9c066eb65d79f18feb0dc2ae51dc37ae774e8a961aca79260e29b798cc,tcc-microservices-experiment-order-1,79.16,79335260,1073741824,7.39,3,136MB / 124MB,7.09MB / 5.1MB
116,2026-09-10T08:10:50.363526+00:00,233,2026-09-10T08:10:50.004166+00:00,false,microservices,product,1daf7d182b350027a9a90974b326ad43fcf55adfa6b48f0623ea7cff4b971f29,tcc-microservices-experiment-product-1,0.02,74752983,1073741824,6.96,3,417kB / 282kB,7.93MB / 3.94MB
117,2026-09-10T08:10:51.363503+00:00,235,2026-09-10T08:10:51.004348+00:00,false,microservices,auth,fc45e39c9bec9ccb22b5e901d76ba35a628770b0bb7e66bb6db921a9624d3b24,tcc-microservices-experiment-auth-1,0.02,75612815,1073741824,7.04,3,45.8kB / 40.3kB,4.26MB / 3.67MB
117,2026-09-10T08:10:51.363503+00:00,235,2026-09-10T08:10:51.004348+00:00,false,microservices,gateway,01bcfc52f59e6e0b3b3b8f648dc141f9eeca0067189a3ff0eef432b0c504860a,tcc-microservices-experiment-gateway-1,26.66,468503757,536870912,87.27,69,103MB / 114MB,34.2MB / 8.33MB
117,2026-09-10T08:10:51.363503+00:00,235,2026-09-10T08:10:51.004348+00:00,false,microservices,mysql,09b94b02911e21d5919bf92874209f05c048b612fded5cc2d25c06307ce5544e,tcc-microservices-experiment-mysql-1,29.92,513277952,1073741824,47.8,40,35.2MB / 114MB,48.4MB / 143MB
117,2026-09-10T08:10:51.363503+00:00,235,2026-09-10T08:10:51.004348+00:00,false,microservices,order,deec5e9c066eb65d79f18feb0dc2ae51dc37ae774e8a961aca79260e29b798cc,tcc-microservices-experiment-order-1,80.53,79408660,1073741824,7.4,3,137MB / 125MB,7.09MB / 5.1MB
117,2026-09-10T08:10:51.363503+00:00,235,2026-09-10T08:10:51.004348+00:00,false,microservices,product,1daf7d182b350027a9a90974b326ad43fcf55adfa6b48f0623ea7cff4b971f29,tcc-microservices-experiment-product-1,0.02,74752983,1073741824,6.96,3,417kB / 282kB,7.93MB / 3.94MB
118,2026-09-10T08:10:52.363523+00:00,237,2026-09-10T08:10:52.004368+00:00,false,microservices,auth,fc45e39c9bec9ccb22b5e901d76ba35a628770b0bb7e66bb6db921a9624d3b24,tcc-microservices-experiment-auth-1,0.02,75612815,1073741824,7.04,3,45.8kB / 40.3kB,4.26MB / 3.67MB
118,2026-09-10T08:10:52.363523+00:00,237,2026-09-10T08:10:52.004368+00:00,false,microservices,gateway,01bcfc52f59e6e0b3b3b8f648dc141f9eeca0067189a3ff0eef432b0c504860a,tcc-microservices-experiment-gateway-1,25.95,468294042,536870912,87.24,69,104MB / 115MB,34.2MB / 8.33MB
118,2026-09-10T08:10:52.363523+00:00,237,2026-09-10T08:10:52.004368+00:00,false,microservices,mysql,09b94b02911e21d5919bf92874209f05c048b612fded5cc2d25c06307ce5544e,tcc-microservices-experiment-mysql-1,25.52,512334234,1073741824,47.72,40,35.4MB / 115MB,48.4MB / 143MB
118,2026-09-10T08:10:52.363523+00:00,237,2026-09-10T08:10:52.004368+00:00,false,microservices,order,deec5e9c066eb65d79f18feb0dc2ae51dc37ae774e8a961aca79260e29b798cc,tcc-microservices-experiment-order-1,80.33,79660319,1073741824,7.42,3,138MB / 125MB,7.09MB / 5.1MB
118,2026-09-10T08:10:52.363523+00:00,237,2026-09-10T08:10:52.004368+00:00,false,microservices,product,1daf7d182b350027a9a90974b326ad43fcf55adfa6b48f0623ea7cff4b971f29,tcc-microservices-experiment-product-1,0.02,74752983,1073741824,6.96,3,417kB / 282kB,7.93MB / 3.94MB
119,2026-09-10T08:10:53.363495+00:00,239,2026-09-10T08:10:53.003285+00:00,false,microservices,auth,fc45e39c9bec9ccb22b5e901d76ba35a628770b0bb7e66bb6db921a9624d3b24,tcc-microservices-experiment-auth-1,0.02,75612815,1073741824,7.04,3,45.8kB / 40.3kB,4.26MB / 3.67MB
119,2026-09-10T08:10:53.363495+00:00,239,2026-09-10T08:10:53.003285+00:00,false,microservices,gateway,01bcfc52f59e6e0b3b3b8f648dc141f9eeca0067189a3ff0eef432b0c504860a,tcc-microservices-experiment-gateway-1,26.93,468189184,536870912,87.21,69,104MB / 116MB,34.2MB / 8.33MB
119,2026-09-10T08:10:53.363495+00:00,239,2026-09-10T08:10:53.003285+00:00,false,microservices,mysql,09b94b02911e21d5919bf92874209f05c048b612fded5cc2d25c06307ce5544e,tcc-microservices-experiment-mysql-1,28.71,513173094,1073741824,47.8,40,35.6MB / 115MB,48.4MB / 143MB
119,2026-09-10T08:10:53.363495+00:00,239,2026-09-10T08:10:53.003285+00:00,false,microservices,order,deec5e9c066eb65d79f18feb0dc2ae51dc37ae774e8a961aca79260e29b798cc,tcc-microservices-experiment-order-1,82.09,80142664,1073741824,7.46,3,139MB / 126MB,7.09MB / 5.1MB
119,2026-09-10T08:10:53.363495+00:00,239,2026-09-10T08:10:53.003285+00:00,false,microservices,product,1daf7d182b350027a9a90974b326ad43fcf55adfa6b48f0623ea7cff4b971f29,tcc-microservices-experiment-product-1,0.02,74752983,1073741824,6.96,3,417kB / 282kB,7.93MB / 3.94MB
120,2026-09-10T08:10:54.363520+00:00,241,2026-09-10T08:10:54.003777+00:00,false,microservices,auth,fc45e39c9bec9ccb22b5e901d76ba35a628770b0bb7e66bb6db921a9624d3b24,tcc-microservices-experiment-auth-1,0.02,75612815,1073741824,7.04,3,45.8kB / 40.3kB,4.26MB / 3.67MB
120,2026-09-10T08:10:54.363520+00:00,241,2026-09-10T08:10:54.003777+00:00,false,microservices,gateway,01bcfc52f59e6e0b3b3b8f648dc141f9eeca0067189a3ff0eef432b0c504860a,tcc-microservices-experiment-gateway-1,28.4,467979469,536870912,87.16,69,105MB / 116MB,34.2MB / 8.33MB
120,2026-09-10T08:10:54.363520+00:00,241,2026-09-10T08:10:54.003777+00:00,false,microservices,mysql,09b94b02911e21d5919bf92874209f05c048b612fded5cc2d25c06307ce5544e,tcc-microservices-experiment-mysql-1,24.77,512753664,1073741824,47.75,40,35.8MB / 116MB,48.4MB / 143MB
120,2026-09-10T08:10:54.363520+00:00,241,2026-09-10T08:10:54.003777+00:00,false,microservices,order,deec5e9c066eb65d79f18feb0dc2ae51dc37ae774e8a961aca79260e29b798cc,tcc-microservices-experiment-order-1,81.02,80278979,1073741824,7.48,3,139MB / 127MB,7.09MB / 5.1MB
120,2026-09-10T08:10:54.363520+00:00,241,2026-09-10T08:10:54.003777+00:00,false,microservices,product,1daf7d182b350027a9a90974b326ad43fcf55adfa6b48f0623ea7cff4b971f29,tcc-microservices-experiment-product-1,0.02,74752983,1073741824,6.96,3,417kB / 282kB,7.93MB / 3.94MB
