sample_index,captured_at_utc,docker_refresh_sequence,docker_refresh_captured_at_utc,docker_refresh_reused,architecture,service,container_id,container_name,cpu_percent,memory_used_bytes,memory_limit_bytes,memory_percent,pids,network_io,block_io
1,2026-09-10T06:03:28.405299+00:00,3,2026-09-10T06:03:28.036338+00:00,false,microservices,auth,dbecdd5c05676923e0f63a95fad3beb62185559b8b32d7008b846b421c4c4292,tcc-microservices-experiment-auth-1,0.02,82722161,1073741824,7.7,3,45.5kB / 40.3kB,15.5MB / 65.5kB
1,2026-09-10T06:03:28.405299+00:00,3,2026-09-10T06:03:28.036338+00:00,false,microservices,gateway,83a7144435b9491b7fc6d536626277aa73b3445b827c6d23ee828ec83e7ba4b1,tcc-microservices-experiment-gateway-1,0.16,484232397,536870912,90.2,88,21.2MB / 23.7MB,35.8MB / 184kB
1,2026-09-10T06:03:28.405299+00:00,3,2026-09-10T06:03:28.036338+00:00,false,microservices,mysql,d06f9afc3e8b28e9a11d786b4c4bccb84c42eb76a3ae4ab03d4dfd232f91ec9b,tcc-microservices-experiment-mysql-1,4.86,545888666,1073741824,50.84,40,11.2MB / 24MB,50MB / 119MB
1,2026-09-10T06:03:28.405299+00:00,3,2026-09-10T06:03:28.036338+00:00,false,microservices,order,de8786e88a8bfcbfd1cb17a98ff48ecc54b0ff9f2e41faba2396bed7e313585a,tcc-microservices-experiment-order-1,0.02,74186752,1073741824,6.91,3,5.31MB / 4.14MB,11MB / 77.8kB
1,2026-09-10T06:03:28.405299+00:00,3,2026-09-10T06:03:28.036338+00:00,false,microservices,product,31ddd7e3c768e50b5e96a256a44ab64fb2aecfb752c293e2363afb6139139736,tcc-microservices-experiment-product-1,0.02,79932948,1073741824,7.44,3,23.9MB / 25.4MB,12.7MB / 81.9kB
2,2026-09-10T06:03:29.405357+00:00,5,2026-09-10T06:03:29.036336+00:00,false,microservices,auth,dbecdd5c05676923e0f63a95fad3beb62185559b8b32d7008b846b421c4c4292,tcc-microservices-experiment-auth-1,0.02,82722161,1073741824,7.7,3,45.5kB / 40.3kB,15.5MB / 65.5kB
2,2026-09-10T06:03:29.405357+00:00,5,2026-09-10T06:03:29.036336+00:00,false,microservices,gateway,83a7144435b9491b7fc6d536626277aa73b3445b827c6d23ee828ec83e7ba4b1,tcc-microservices-experiment-gateway-1,0.14,484232397,536870912,90.2,88,21.2MB / 23.7MB,35.8MB / 184kB
2,2026-09-10T06:03:29.405357+00:00,5,2026-09-10T06:03:29.036336+00:00,false,microservices,mysql,d06f9afc3e8b28e9a11d786b4c4bccb84c42eb76a3ae4ab03d4dfd232f91ec9b,tcc-microservices-experiment-mysql-1,0.67,545678950,1073741824,50.82,40,11.2MB / 24MB,50MB / 119MB
2,2026-09-10T06:03:29.405357+00:00,5,2026-09-10T06:03:29.036336+00:00,false,microservices,order,de8786e88a8bfcbfd1cb17a98ff48ecc54b0ff9f2e41faba2396bed7e313585a,tcc-microservices-experiment-order-1,0.02,74186752,1073741824,6.91,3,5.31MB / 4.14MB,11MB / 77.8kB
2,2026-09-10T06:03:29.405357+00:00,5,2026-09-10T06:03:29.036336+00:00,false,microservices,product,31ddd7e3c768e50b5e96a256a44ab64fb2aecfb752c293e2363afb6139139736,tcc-microservices-experiment-product-1,0.02,79932948,1073741824,7.44,3,23.9MB / 25.4MB,12.7MB / 81.9kB
3,2026-09-10T06:03:30.405336+00:00,7,2026-09-10T06:03:30.036952+00:00,false,microservices,auth,dbecdd5c05676923e0f63a95fad3beb62185559b8b32d7008b846b421c4c4292,tcc-microservices-experiment-auth-1,0.03,82722161,1073741824,7.7,3,45.5kB / 40.3kB,15.5MB / 65.5kB
3,2026-09-10T06:03:30.405336+00:00,7,2026-09-10T06:03:30.036952+00:00,false,microservices,gateway,83a7144435b9491b7fc6d536626277aa73b3445b827c6d23ee828ec83e7ba4b1,tcc-microservices-experiment-gateway-1,84.83,487587840,536870912,90.82,88,21.5MB / 24MB,35.8MB / 184kB
3,2026-09-10T06:03:30.405336+00:00,7,2026-09-10T06:03:30.036952+00:00,false,microservices,mysql,d06f9afc3e8b28e9a11d786b4c4bccb84c42eb76a3ae4ab03d4dfd232f91ec9b,tcc-microservices-experiment-mysql-1,16.93,546622669,1073741824,50.91,40,11.3MB / 24.2MB,50MB / 119MB
3,2026-09-10T06:03:30.405336+00:00,7,2026-09-10T06:03:30.036952+00:00,false,microservices,order,de8786e88a8bfcbfd1cb17a98ff48ecc54b0ff9f2e41faba2396bed7e313585a,tcc-microservices-experiment-order-1,0.03,74186752,1073741824,6.91,3,5.31MB / 4.14MB,11MB / 77.8kB
3,2026-09-10T06:03:30.405336+00:00,7,2026-09-10T06:03:30.036952+00:00,false,microservices,product,31ddd7e3c768e50b5e96a256a44ab64fb2aecfb752c293e2363afb6139139736,tcc-microservices-experiment-product-1,39.07,81652613,1073741824,7.6,3,24.2MB / 25.6MB,12.7MB / 81.9kB
4,2026-09-10T06:03:31.405334+00:00,9,2026-09-10T06:03:31.034934+00:00,false,microservices,auth,dbecdd5c05676923e0f63a95fad3beb62185559b8b32d7008b846b421c4c4292,tcc-microservices-experiment-auth-1,0.02,82722161,1073741824,7.7,3,45.5kB / 40.3kB,15.5MB / 65.5kB
4,2026-09-10T06:03:31.405334+00:00,9,2026-09-10T06:03:31.034934+00:00,false,microservices,gateway,83a7144435b9491b7fc6d536626277aa73b3445b827c6d23ee828ec83e7ba4b1,tcc-microservices-experiment-gateway-1,105.07,488007270,536870912,90.89,88,22MB / 24.6MB,35.8MB / 184kB
4,2026-09-10T06:03:31.405334+00:00,9,2026-09-10T06:03:31.034934+00:00,false,microservices,mysql,d06f9afc3e8b28e9a11d786b4c4bccb84c42eb76a3ae4ab03d4dfd232f91ec9b,tcc-microservices-experiment-mysql-1,22.65,546937242,1073741824,50.94,40,11.5MB / 24.6MB,50MB / 119MB
4,2026-09-10T06:03:31.405334+00:00,9,2026-09-10T06:03:31.034934+00:00,false,microservices,order,de8786e88a8bfcbfd1cb17a98ff48ecc54b0ff9f2e41faba2396bed7e313585a,tcc-microservices-experiment-order-1,0.02,74186752,1073741824,6.91,3,5.31MB / 4.14MB,11MB / 77.8kB
4,2026-09-10T06:03:31.405334+00:00,9,2026-09-10T06:03:31.034934+00:00,false,microservices,product,31ddd7e3c768e50b5e96a256a44ab64fb2aecfb752c293e2363afb6139139736,tcc-microservices-experiment-product-1,85.14,81610670,1073741824,7.6,3,24.8MB / 26.2MB,12.7MB / 81.9kB
5,2026-09-10T06:03:32.405309+00:00,11,2026-09-10T06:03:32.036224+00:00,false,microservices,auth,dbecdd5c05676923e0f63a95fad3beb62185559b8b32d7008b846b421c4c4292,tcc-microservices-experiment-auth-1,0.02,82722161,1073741824,7.7,3,45.5kB / 40.3kB,15.5MB / 65.5kB
5,2026-09-10T06:03:32.405309+00:00,11,2026-09-10T06:03:32.036224+00:00,false,microservices,gateway,83a7144435b9491b7fc6d536626277aa73b3445b827c6d23ee828ec83e7ba4b1,tcc-microservices-experiment-gateway-1,81.66,489265562,536870912,91.14,88,22.7MB / 25.4MB,35.8MB / 184kB
5,2026-09-10T06:03:32.405309+00:00,11,2026-09-10T06:03:32.036224+00:00,false,microservices,mysql,d06f9afc3e8b28e9a11d786b4c4bccb84c42eb76a3ae4ab03d4dfd232f91ec9b,tcc-microservices-experiment-mysql-1,27.45,547461530,1073741824,50.99,40,11.7MB / 25.2MB,50MB / 119MB
5,2026-09-10T06:03:32.405309+00:00,11,2026-09-10T06:03:32.036224+00:00,false,microservices,order,de8786e88a8bfcbfd1cb17a98ff48ecc54b0ff9f2e41faba2396bed7e313585a,tcc-microservices-experiment-order-1,0.02,74186752,1073741824,6.91,3,5.31MB / 4.14MB,11MB / 77.8kB
5,2026-09-10T06:03:32.405309+00:00,11,2026-09-10T06:03:32.036224+00:00,false,microservices,product,31ddd7e3c768e50b5e96a256a44ab64fb2aecfb752c293e2363afb6139139736,tcc-microservices-experiment-product-1,83.48,82271273,1073741824,7.66,3,25.5MB / 27MB,12.7MB / 81.9kB
6,2026-09-10T06:03:33.405324+00:00,13,2026-09-10T06:03:33.036772+00:00,false,microservices,auth,dbecdd5c05676923e0f63a95fad3beb62185559b8b32d7008b846b421c4c4292,tcc-microservices-experiment-auth-1,0.02,82722161,1073741824,7.7,3,45.5kB / 40.3kB,15.5MB / 65.5kB
6,2026-09-10T06:03:33.405324+00:00,13,2026-09-10T06:03:33.036772+00:00,false,microservices,gateway,83a7144435b9491b7fc6d536626277aa73b3445b827c6d23ee828ec83e7ba4b1,tcc-microservices-experiment-gateway-1,45.49,489475277,536870912,91.18,88,23.5MB / 26.2MB,35.8MB / 197kB
6,2026-09-10T06:03:33.405324+00:00,13,2026-09-10T06:03:33.036772+00:00,false,microservices,mysql,d06f9afc3e8b28e9a11d786b4c4bccb84c42eb76a3ae4ab03d4dfd232f91ec9b,tcc-microservices-experiment-mysql-1,23.29,546412954,1073741824,50.89,40,11.9MB / 25.9MB,50MB / 119MB
6,2026-09-10T06:03:33.405324+00:00,13,2026-09-10T06:03:33.036772+00:00,false,microservices,order,de8786e88a8bfcbfd1cb17a98ff48ecc54b0ff9f2e41faba2396bed7e313585a,tcc-microservices-experiment-order-1,0.02,74186752,1073741824,6.91,3,5.31MB / 4.14MB,11MB / 77.8kB
6,2026-09-10T06:03:33.405324+00:00,13,2026-09-10T06:03:33.036772+00:00,false,microservices,product,31ddd7e3c768e50b5e96a256a44ab64fb2aecfb752c293e2363afb6139139736,tcc-microservices-experiment-product-1,83.59,81180754,1073741824,7.56,3,26.4MB / 27.9MB,12.7MB / 81.9kB
7,2026-09-10T06:03:34.405313+00:00,15,2026-09-10T06:03:34.036335+00:00,false,microservices,auth,dbecdd5c05676923e0f63a95fad3beb62185559b8b32d7008b846b421c4c4292,tcc-microservices-experiment-auth-1,0.02,82722161,1073741824,7.7,3,45.5kB / 40.3kB,15.5MB / 65.5kB
7,2026-09-10T06:03:34.405313+00:00,15,2026-09-10T06:03:34.036335+00:00,false,microservices,gateway,83a7144435b9491b7fc6d536626277aa73b3445b827c6d23ee828ec83e7ba4b1,tcc-microservices-experiment-gateway-1,47.05,489894707,536870912,91.24,88,24.2MB / 27.1MB,35.8MB / 197kB
7,2026-09-10T06:03:34.405313+00:00,15,2026-09-10T06:03:34.036335+00:00,false,microservices,mysql,d06f9afc3e8b28e9a11d786b4c4bccb84c42eb76a3ae4ab03d4dfd232f91ec9b,tcc-microservices-experiment-mysql-1,28.18,546308096,1073741824,50.88,40,12.2MB / 26.5MB,50MB / 119MB
7,2026-09-10T06:03:34.405313+00:00,15,2026-09-10T06:03:34.036335+00:00,false,microservices,order,de8786e88a8bfcbfd1cb17a98ff48ecc54b0ff9f2e41faba2396bed7e313585a,tcc-microservices-experiment-order-1,0.02,74186752,1073741824,6.91,3,5.31MB / 4.14MB,11MB / 77.8kB
7,2026-09-10T06:03:34.405313+00:00,15,2026-09-10T06:03:34.036335+00:00,false,microservices,product,31ddd7e3c768e50b5e96a256a44ab64fb2aecfb752c293e2363afb6139139736,tcc-microservices-experiment-product-1,82.25,81820385,1073741824,7.62,3,27.2MB / 28.8MB,12.7MB / 81.9kB
8,2026-09-10T06:03:35.405319+00:00,17,2026-09-10T06:03:35.036405+00:00,false,microservices,auth,dbecdd5c05676923e0f63a95fad3beb62185559b8b32d7008b846b421c4c4292,tcc-microservices-experiment-auth-1,0.02,82722161,1073741824,7.7,3,45.5kB / 40.3kB,15.5MB / 65.5kB
8,2026-09-10T06:03:35.405319+00:00,17,2026-09-10T06:03:35.036405+00:00,false,microservices,gateway,83a7144435b9491b7fc6d536626277aa73b3445b827c6d23ee828ec83e7ba4b1,tcc-microservices-experiment-gateway-1,96.44,489265562,536870912,91.14,88,25MB / 27.9MB,35.8MB / 197kB
8,2026-09-10T06:03:35.405319+00:00,17,2026-09-10T06:03:35.036405+00:00,false,microservices,mysql,d06f9afc3e8b28e9a11d786b4c4bccb84c42eb76a3ae4ab03d4dfd232f91ec9b,tcc-microservices-experiment-mysql-1,24.89,546517811,1073741824,50.89,40,12.4MB / 27.1MB,50MB / 119MB
8,2026-09-10T06:03:35.405319+00:00,17,2026-09-10T06:03:35.036405+00:00,false,microservices,order,de8786e88a8bfcbfd1cb17a98ff48ecc54b0ff9f2e41faba2396bed7e313585a,tcc-microservices-experiment-order-1,0.02,74186752,1073741824,6.91,3,5.31MB / 4.14MB,11MB / 77.8kB
8,2026-09-10T06:03:35.405319+00:00,17,2026-09-10T06:03:35.036405+00:00,false,microservices,product,31ddd7e3c768e50b5e96a256a44ab64fb2aecfb752c293e2363afb6139139736,tcc-microservices-experiment-product-1,81.84,81138811,1073741824,7.56,3,28MB / 29.6MB,12.7MB / 81.9kB
9,2026-09-10T06:03:36.405325+00:00,19,2026-09-10T06:03:36.035315+00:00,false,microservices,auth,dbecdd5c05676923e0f63a95fad3beb62185559b8b32d7008b846b421c4c4292,tcc-microservices-experiment-auth-1,0.01,82722161,1073741824,7.7,3,45.5kB / 40.3kB,15.5MB / 65.5kB
9,2026-09-10T06:03:36.405325+00:00,19,2026-09-10T06:03:36.035315+00:00,false,microservices,gateway,83a7144435b9491b7fc6d536626277aa73b3445b827c6d23ee828ec83e7ba4b1,tcc-microservices-experiment-gateway-1,77.02,491782144,536870912,91.61,88,25.7MB / 28.7MB,35.8MB / 197kB
9,2026-09-10T06:03:36.405325+00:00,19,2026-09-10T06:03:36.035315+00:00,false,microservices,mysql,d06f9afc3e8b28e9a11d786b4c4bccb84c42eb76a3ae4ab03d4dfd232f91ec9b,tcc-microservices-experiment-mysql-1,28.78,546622669,1073741824,50.91,40,12.6MB / 27.8MB,50MB / 119MB
9,2026-09-10T06:03:36.405325+00:00,19,2026-09-10T06:03:36.035315+00:00,false,microservices,order,de8786e88a8bfcbfd1cb17a98ff48ecc54b0ff9f2e41faba2396bed7e313585a,tcc-microservices-experiment-order-1,0.02,74186752,1073741824,6.91,3,5.31MB / 4.14MB,11MB / 77.8kB
9,2026-09-10T06:03:36.405325+00:00,19,2026-09-10T06:03:36.035315+00:00,false,microservices,product,31ddd7e3c768e50b5e96a256a44ab64fb2aecfb752c293e2363afb6139139736,tcc-microservices-experiment-product-1,83.2,82030100,1073741824,7.64,3,28.8MB / 30.5MB,12.7MB / 81.9kB
10,2026-09-10T06:03:37.405331+00:00,21,2026-09-10T06:03:37.036375+00:00,false,microservices,auth,dbecdd5c05676923e0f63a95fad3beb62185559b8b32d7008b846b421c4c4292,tcc-microservices-experiment-auth-1,0.02,82722161,1073741824,7.7,3,45.5kB / 40.3kB,15.5MB / 65.5kB
10,2026-09-10T06:03:37.405331+00:00,21,2026-09-10T06:03:37.036375+00:00,false,microservices,gateway,83a7144435b9491b7fc6d536626277aa73b3445b827c6d23ee828ec83e7ba4b1,tcc-microservices-experiment-gateway-1,61.55,491887002,536870912,91.62,88,26.4MB / 29.5MB,35.8MB / 197kB
10,2026-09-10T06:03:37.405331+00:00,21,2026-09-10T06:03:37.036375+00:00,false,microservices,mysql,d06f9afc3e8b28e9a11d786b4c4bccb84c42eb76a3ae4ab03d4dfd232f91ec9b,tcc-microservices-experiment-mysql-1,24.6,546412954,1073741824,50.89,40,12.9MB / 28.4MB,50MB / 119MB
10,2026-09-10T06:03:37.405331+00:00,21,2026-09-10T06:03:37.036375+00:00,false,microservices,order,de8786e88a8bfcbfd1cb17a98ff48ecc54b0ff9f2e41faba2396bed7e313585a,tcc-microservices-experiment-order-1,0.02,74186752,1073741824,6.91,3,5.31MB / 4.14MB,11MB / 77.8kB
10,2026-09-10T06:03:37.405331+00:00,21,2026-09-10T06:03:37.036375+00:00,false,microservices,product,31ddd7e3c768e50b5e96a256a44ab64fb2aecfb752c293e2363afb6139139736,tcc-microservices-experiment-product-1,82.49,82313216,1073741824,7.67,3,29.6MB / 31.4MB,12.7MB / 81.9kB
11,2026-09-10T06:03:38.405312+00:00,23,2026-09-10T06:03:38.035280+00:00,false,microservices,auth,dbecdd5c05676923e0f63a95fad3beb62185559b8b32d7008b846b421c4c4292,tcc-microservices-experiment-auth-1,0.02,82722161,1073741824,7.7,3,45.5kB / 40.3kB,15.5MB / 65.5kB
11,2026-09-10T06:03:38.405312+00:00,23,2026-09-10T06:03:38.035280+00:00,false,microservices,gateway,83a7144435b9491b7fc6d536626277aa73b3445b827c6d23ee828ec83e7ba4b1,tcc-microservices-experiment-gateway-1,45.0,491572429,536870912,91.55,88,27.2MB / 30.3MB,35.8MB / 197kB
11,2026-09-10T06:03:38.405312+00:00,23,2026-09-10T06:03:38.035280+00:00,false,microservices,mysql,d06f9afc3e8b28e9a11d786b4c4bccb84c42eb76a3ae4ab03d4dfd232f91ec9b,tcc-microservices-experiment-mysql-1,29.39,546937242,1073741824,50.94,40,13.1MB / 29MB,50MB / 119MB
11,2026-09-10T06:03:38.405312+00:00,23,2026-09-10T06:03:38.035280+00:00,false,microservices,order,de8786e88a8bfcbfd1cb17a98ff48ecc54b0ff9f2e41faba2396bed7e313585a,tcc-microservices-experiment-order-1,0.02,74186752,1073741824,6.91,3,5.31MB / 4.14MB,11MB / 77.8kB
11,2026-09-10T06:03:38.405312+00:00,23,2026-09-10T06:03:38.035280+00:00,false,microservices,product,31ddd7e3c768e50b5e96a256a44ab64fb2aecfb752c293e2363afb6139139736,tcc-microservices-experiment-product-1,81.48,82113987,1073741824,7.65,3,30.4MB / 32.2MB,12.7MB / 81.9kB
12,2026-09-10T06:03:39.405317+00:00,25,2026-09-10T06:03:39.036296+00:00,false,microservices,auth,dbecdd5c05676923e0f63a95fad3beb62185559b8b32d7008b846b421c4c4292,tcc-microservices-experiment-auth-1,0.02,82722161,1073741824,7.7,3,45.5kB / 40.3kB,15.5MB / 65.5kB
12,2026-09-10T06:03:39.405317+00:00,25,2026-09-10T06:03:39.036296+00:00,false,microservices,gateway,83a7144435b9491b7fc6d536626277aa73b3445b827c6d23ee828ec83e7ba4b1,tcc-microservices-experiment-gateway-1,52.2,491991859,536870912,91.65,88,27.9MB / 31.1MB,35.8MB / 197kB
12,2026-09-10T06:03:39.405317+00:00,25,2026-09-10T06:03:39.036296+00:00,false,microservices,mysql,d06f9afc3e8b28e9a11d786b4c4bccb84c42eb76a3ae4ab03d4dfd232f91ec9b,tcc-microservices-experiment-mysql-1,23.96,546517811,1073741824,50.9,40,13.3MB / 29.7MB,50MB / 119MB
12,2026-09-10T06:03:39.405317+00:00,25,2026-09-10T06:03:39.036296+00:00,false,microservices,order,de8786e88a8bfcbfd1cb17a98ff48ecc54b0ff9f2e41faba2396bed7e313585a,tcc-microservices-experiment-order-1,0.02,74186752,1073741824,6.91,3,5.31MB / 4.14MB,11MB / 77.8kB
12,2026-09-10T06:03:39.405317+00:00,25,2026-09-10T06:03:39.036296+00:00,false,microservices,product,31ddd7e3c768e50b5e96a256a44ab64fb2aecfb752c293e2363afb6139139736,tcc-microservices-experiment-product-1,82.52,82155930,1073741824,7.65,3,31.2MB / 33.1MB,12.7MB / 81.9kB
13,2026-09-10T06:03:40.405295+00:00,27,2026-09-10T06:03:40.035316+00:00,false,microservices,auth,dbecdd5c05676923e0f63a95fad3beb62185559b8b32d7008b846b421c4c4292,tcc-microservices-experiment-auth-1,0.02,82722161,1073741824,7.7,3,45.5kB / 40.3kB,15.5MB / 65.5kB
13,2026-09-10T06:03:40.405295+00:00,27,2026-09-10T06:03:40.035316+00:00,false,microservices,gateway,83a7144435b9491b7fc6d536626277aa73b3445b827c6d23ee828ec83e7ba4b1,tcc-microservices-experiment-gateway-1,40.67,492516147,536870912,91.73,88,28.6MB / 32MB,35.8MB / 197kB
13,2026-09-10T06:03:40.405295+00:00,27,2026-09-10T06:03:40.035316+00:00,false,microservices,mysql,d06f9afc3e8b28e9a11d786b4c4bccb84c42eb76a3ae4ab03d4dfd232f91ec9b,tcc-microservices-experiment-mysql-1,28.32,546832384,1073741824,50.93,40,13.6MB / 30.3MB,50MB / 122MB
13,2026-09-10T06:03:40.405295+00:00,27,2026-09-10T06:03:40.035316+00:00,false,microservices,order,de8786e88a8bfcbfd1cb17a98ff48ecc54b0ff9f2e41faba2396bed7e313585a,tcc-microservices-experiment-order-1,0.02,74186752,1073741824,6.91,3,5.31MB / 4.14MB,11MB / 77.8kB
13,2026-09-10T06:03:40.405295+00:00,27,2026-09-10T06:03:40.035316+00:00,false,microservices,product,31ddd7e3c768e50b5e96a256a44ab64fb2aecfb752c293e2363afb6139139736,tcc-microservices-experiment-product-1,83.65,82260787,1073741824,7.66,3,32.1MB / 34MB,12.7MB / 81.9kB
14,2026-09-10T06:03:41.405307+00:00,29,2026-09-10T06:03:41.035379+00:00,false,microservices,auth,dbecdd5c05676923e0f63a95fad3beb62185559b8b32d7008b846b421c4c4292,tcc-microservices-experiment-auth-1,0.02,82722161,1073741824,7.7,3,45.5kB / 40.3kB,15.5MB / 65.5kB
14,2026-09-10T06:03:41.405307+00:00,29,2026-09-10T06:03:41.035379+00:00,false,microservices,gateway,83a7144435b9491b7fc6d536626277aa73b3445b827c6d23ee828ec83e7ba4b1,tcc-microservices-experiment-gateway-1,40.84,492830720,536870912,91.8,88,29.4MB / 32.8MB,35.8MB / 197kB
14,2026-09-10T06:03:41.405307+00:00,29,2026-09-10T06:03:41.035379+00:00,false,microservices,mysql,d06f9afc3e8b28e9a11d786b4c4bccb84c42eb76a3ae4ab03d4dfd232f91ec9b,tcc-microservices-experiment-mysql-1,23.65,546203238,1073741824,50.87,40,13.8MB / 30.9MB,50MB / 122MB
14,2026-09-10T06:03:41.405307+00:00,29,2026-09-10T06:03:41.035379+00:00,false,microservices,order,de8786e88a8bfcbfd1cb17a98ff48ecc54b0ff9f2e41faba2396bed7e313585a,tcc-microservices-experiment-order-1,0.02,74186752,1073741824,6.91,3,5.31MB / 4.14MB,11MB / 77.8kB
14,2026-09-10T06:03:41.405307+00:00,29,2026-09-10T06:03:41.035379+00:00,false,microservices,product,31ddd7e3c768e50b5e96a256a44ab64fb2aecfb752c293e2363afb6139139736,tcc-microservices-experiment-product-1,83.73,82690703,1073741824,7.7,3,32.9MB / 34.9MB,12.7MB / 81.9kB
15,2026-09-10T06:03:42.405339+00:00,31,2026-09-10T06:03:42.036469+00:00,false,microservices,auth,dbecdd5c05676923e0f63a95fad3beb62185559b8b32d7008b846b421c4c4292,tcc-microservices-experiment-auth-1,0.02,82722161,1073741824,7.7,3,45.5kB / 40.3kB,15.5MB / 65.5kB
15,2026-09-10T06:03:42.405339+00:00,31,2026-09-10T06:03:42.036469+00:00,false,microservices,gateway,83a7144435b9491b7fc6d536626277aa73b3445b827c6d23ee828ec83e7ba4b1,tcc-microservices-experiment-gateway-1,70.04,492096717,536870912,91.66,88,30.1MB / 33.6MB,35.8MB / 197kB
15,2026-09-10T06:03:42.405339+00:00,31,2026-09-10T06:03:42.036469+00:00,false,microservices,mysql,d06f9afc3e8b28e9a11d786b4c4bccb84c42eb76a3ae4ab03d4dfd232f91ec9b,tcc-microservices-experiment-mysql-1,28.08,546622669,1073741824,50.91,40,14MB / 31.6MB,50MB / 122MB
15,2026-09-10T06:03:42.405339+00:00,31,2026-09-10T06:03:42.036469+00:00,false,microservices,order,de8786e88a8bfcbfd1cb17a98ff48ecc54b0ff9f2e41faba2396bed7e313585a,tcc-microservices-experiment-order-1,0.02,74186752,1073741824,6.91,3,5.31MB / 4.14MB,11MB / 77.8kB
15,2026-09-10T06:03:42.405339+00:00,31,2026-09-10T06:03:42.036469+00:00,false,microservices,product,31ddd7e3c768e50b5e96a256a44ab64fb2aecfb752c293e2363afb6139139736,tcc-microservices-experiment-product-1,83.06,82040586,1073741824,7.64,3,33.7MB / 35.7MB,12.7MB / 81.9kB
16,2026-09-10T06:03:43.405325+00:00,33,2026-09-10T06:03:43.035501+00:00,false,microservices,auth,dbecdd5c05676923e0f63a95fad3beb62185559b8b32d7008b846b421c4c4292,tcc-microservices-experiment-auth-1,0.02,82722161,1073741824,7.7,3,45.5kB / 40.3kB,15.5MB / 65.5kB
16,2026-09-10T06:03:43.405325+00:00,33,2026-09-10T06:03:43.035501+00:00,false,microservices,gateway,83a7144435b9491b7fc6d536626277aa73b3445b827c6d23ee828ec83e7ba4b1,tcc-microservices-experiment-gateway-1,94.1,492201574,536870912,91.69,88,30.9MB / 34.5MB,35.8MB / 197kB
16,2026-09-10T06:03:43.405325+00:00,33,2026-09-10T06:03:43.035501+00:00,false,microservices,mysql,d06f9afc3e8b28e9a11d786b4c4bccb84c42eb76a3ae4ab03d4dfd232f91ec9b,tcc-microservices-experiment-mysql-1,24.22,546098381,1073741824,50.86,40,14.3MB / 32.2MB,50MB / 122MB
16,2026-09-10T06:03:43.405325+00:00,33,2026-09-10T06:03:43.035501+00:00,false,microservices,order,de8786e88a8bfcbfd1cb17a98ff48ecc54b0ff9f2e41faba2396bed7e313585a,tcc-microservices-experiment-order-1,0.02,74186752,1073741824,6.91,3,5.31MB / 4.14MB,11MB / 77.8kB
16,2026-09-10T06:03:43.405325+00:00,33,2026-09-10T06:03:43.035501+00:00,false,microservices,product,31ddd7e3c768e50b5e96a256a44ab64fb2aecfb752c293e2363afb6139139736,tcc-microservices-experiment-product-1,81.27,82250301,1073741824,7.66,3,34.5MB / 36.6MB,12.7MB / 81.9kB
17,2026-09-10T06:03:44.405317+00:00,35,2026-09-10T06:03:44.035350+00:00,false,microservices,auth,dbecdd5c05676923e0f63a95fad3beb62185559b8b32d7008b846b421c4c4292,tcc-microservices-experiment-auth-1,0.02,82722161,1073741824,7.7,3,45.5kB / 40.3kB,15.5MB / 65.5kB
17,2026-09-10T06:03:44.405317+00:00,35,2026-09-10T06:03:44.035350+00:00,false,microservices,gateway,83a7144435b9491b7fc6d536626277aa73b3445b827c6d23ee828ec83e7ba4b1,tcc-microservices-experiment-gateway-1,70.6,492306432,536870912,91.7,88,31.6MB / 35.3MB,35.8MB / 197kB
17,2026-09-10T06:03:44.405317+00:00,35,2026-09-10T06:03:44.035350+00:00,false,microservices,mysql,d06f9afc3e8b28e9a11d786b4c4bccb84c42eb76a3ae4ab03d4dfd232f91ec9b,tcc-microservices-experiment-mysql-1,28.06,546412954,1073741824,50.88,40,14.5MB / 32.9MB,50MB / 122MB
17,2026-09-10T06:03:44.405317+00:00,35,2026-09-10T06:03:44.035350+00:00,false,microservices,order,de8786e88a8bfcbfd1cb17a98ff48ecc54b0ff9f2e41faba2396bed7e313585a,tcc-microservices-experiment-order-1,0.02,74186752,1073741824,6.91,3,5.31MB / 4.14MB,11MB / 77.8kB
17,2026-09-10T06:03:44.405317+00:00,35,2026-09-10T06:03:44.035350+00:00,false,microservices,product,31ddd7e3c768e50b5e96a256a44ab64fb2aecfb752c293e2363afb6139139736,tcc-microservices-experiment-product-1,83.39,82460017,1073741824,7.68,3,35.4MB / 37.5MB,12.7MB / 81.9kB
18,2026-09-10T06:03:45.405301+00:00,37,2026-09-10T06:03:45.036261+00:00,false,microservices,auth,dbecdd5c05676923e0f63a95fad3beb62185559b8b32d7008b846b421c4c4292,tcc-microservices-experiment-auth-1,0.02,82722161,1073741824,7.7,3,45.5kB / 40.3kB,15.5MB / 65.5kB
18,2026-09-10T06:03:45.405301+00:00,37,2026-09-10T06:03:45.036261+00:00,false,microservices,gateway,83a7144435b9491b7fc6d536626277aa73b3445b827c6d23ee828ec83e7ba4b1,tcc-microservices-experiment-gateway-1,57.62,492516147,536870912,91.73,88,32.4MB / 36.1MB,35.8MB / 197kB
18,2026-09-10T06:03:45.405301+00:00,37,2026-09-10T06:03:45.036261+00:00,false,microservices,mysql,d06f9afc3e8b28e9a11d786b4c4bccb84c42eb76a3ae4ab03d4dfd232f91ec9b,tcc-microservices-experiment-mysql-1,24.73,546622669,1073741824,50.91,40,14.8MB / 33.5MB,50MB / 122MB
18,2026-09-10T06:03:45.405301+00:00,37,2026-09-10T06:03:45.036261+00:00,false,microservices,order,de8786e88a8bfcbfd1cb17a98ff48ecc54b0ff9f2e41faba2396bed7e313585a,tcc-microservices-experiment-order-1,0.02,74186752,1073741824,6.91,3,5.31MB / 4.14MB,11MB / 77.8kB
18,2026-09-10T06:03:45.405301+00:00,37,2026-09-10T06:03:45.036261+00:00,false,microservices,product,31ddd7e3c768e50b5e96a256a44ab64fb2aecfb752c293e2363afb6139139736,tcc-microservices-experiment-product-1,81.87,82575360,1073741824,7.69,3,36.2MB / 38.4MB,12.7MB / 81.9kB
19,2026-09-10T06:03:46.405331+00:00,39,2026-09-10T06:03:46.035431+00:00,false,microservices,auth,dbecdd5c05676923e0f63a95fad3beb62185559b8b32d7008b846b421c4c4292,tcc-microservices-experiment-auth-1,0.02,82722161,1073741824,7.7,3,45.5kB / 40.3kB,15.5MB / 65.5kB
19,2026-09-10T06:03:46.405331+00:00,39,2026-09-10T06:03:46.035431+00:00,false,microservices,gateway,83a7144435b9491b7fc6d536626277aa73b3445b827c6d23ee828ec83e7ba4b1,tcc-microservices-experiment-gateway-1,67.64,489265562,536870912,91.13,88,33.1MB / 37MB,35.8MB / 197kB
19,2026-09-10T06:03:46.405331+00:00,39,2026-09-10T06:03:46.035431+00:00,false,microservices,mysql,d06f9afc3e8b28e9a11d786b4c4bccb84c42eb76a3ae4ab03d4dfd232f91ec9b,tcc-microservices-experiment-mysql-1,26.57,550292685,1073741824,51.25,46,15MB / 34.2MB,50MB / 122MB
19,2026-09-10T06:03:46.405331+00:00,39,2026-09-10T06:03:46.035431+00:00,false,microservices,order,de8786e88a8bfcbfd1cb17a98ff48ecc54b0ff9f2e41faba2396bed7e313585a,tcc-microservices-experiment-order-1,0.02,74186752,1073741824,6.91,3,5.31MB / 4.14MB,11MB / 77.8kB
19,2026-09-10T06:03:46.405331+00:00,39,2026-09-10T06:03:46.035431+00:00,false,microservices,product,31ddd7e3c768e50b5e96a256a44ab64fb2aecfb752c293e2363afb6139139736,tcc-microservices-experiment-product-1,81.73,82585846,1073741824,7.69,3,37MB / 39.3MB,12.7MB / 81.9kB
20,2026-09-10T06:03:47.405314+00:00,41,2026-09-10T06:03:47.035883+00:00,false,microservices,auth,dbecdd5c05676923e0f63a95fad3beb62185559b8b32d7008b846b421c4c4292,tcc-microservices-experiment-auth-1,0.02,82722161,1073741824,7.7,3,45.5kB / 40.3kB,15.5MB / 65.5kB
20,2026-09-10T06:03:47.405314+00:00,41,2026-09-10T06:03:47.035883+00:00,false,microservices,gateway,83a7144435b9491b7fc6d536626277aa73b3445b827c6d23ee828ec83e7ba4b1,tcc-microservices-experiment-gateway-1,35.76,488950989,536870912,91.07,88,33.9MB / 37.8MB,35.8MB / 197kB
20,2026-09-10T06:03:47.405314+00:00,41,2026-09-10T06:03:47.035883+00:00,false,microservices,mysql,d06f9afc3e8b28e9a11d786b4c4bccb84c42eb76a3ae4ab03d4dfd232f91ec9b,tcc-microservices-experiment-mysql-1,27.12,545678950,1073741824,50.82,40,15.2MB / 34.8MB,50MB / 122MB
20,2026-09-10T06:03:47.405314+00:00,41,2026-09-10T06:03:47.035883+00:00,false,microservices,order,de8786e88a8bfcbfd1cb17a98ff48ecc54b0ff9f2e41faba2396bed7e313585a,tcc-microservices-experiment-order-1,0.02,74186752,1073741824,6.91,3,5.31MB / 4.14MB,11MB / 77.8kB
20,2026-09-10T06:03:47.405314+00:00,41,2026-09-10T06:03:47.035883+00:00,false,microservices,product,31ddd7e3c768e50b5e96a256a44ab64fb2aecfb752c293e2363afb6139139736,tcc-microservices-experiment-product-1,82.66,82795561,1073741824,7.71,3,37.8MB / 40.2MB,12.7MB / 81.9kB
21,2026-09-10T06:03:48.405326+00:00,43,2026-09-10T06:03:48.035362+00:00,false,microservices,auth,dbecdd5c05676923e0f63a95fad3beb62185559b8b32d7008b846b421c4c4292,tcc-microservices-experiment-auth-1,0.02,82722161,1073741824,7.7,3,45.5kB / 40.3kB,15.5MB / 65.5kB
21,2026-09-10T06:03:48.405326+00:00,43,2026-09-10T06:03:48.035362+00:00,false,microservices,gateway,83a7144435b9491b7fc6d536626277aa73b3445b827c6d23ee828ec83e7ba4b1,tcc-microservices-experiment-gateway-1,38.62,489265562,536870912,91.13,88,34.6MB / 38.7MB,35.8MB / 213kB
21,2026-09-10T06:03:48.405326+00:00,43,2026-09-10T06:03:48.035362+00:00,false,microservices,mysql,d06f9afc3e8b28e9a11d786b4c4bccb84c42eb76a3ae4ab03d4dfd232f91ec9b,tcc-microservices-experiment-mysql-1,23.0,546098381,1073741824,50.86,40,15.5MB / 35.5MB,50MB / 122MB
21,2026-09-10T06:03:48.405326+00:00,43,2026-09-10T06:03:48.035362+00:00,false,microservices,order,de8786e88a8bfcbfd1cb17a98ff48ecc54b0ff9f2e41faba2396bed7e313585a,tcc-microservices-experiment-order-1,0.02,74186752,1073741824,6.91,3,5.31MB / 4.14MB,11MB / 77.8kB
21,2026-09-10T06:03:48.405326+00:00,43,2026-09-10T06:03:48.035362+00:00,false,microservices,product,31ddd7e3c768e50b5e96a256a44ab64fb2aecfb752c293e2363afb6139139736,tcc-microservices-experiment-product-1,84.45,83162563,1073741824,7.74,3,38.7MB / 41.1MB,12.7MB / 81.9kB
22,2026-09-10T06:03:49.405339+00:00,45,2026-09-10T06:03:49.035328+00:00,false,microservices,auth,dbecdd5c05676923e0f63a95fad3beb62185559b8b32d7008b846b421c4c4292,tcc-microservices-experiment-auth-1,0.02,82722161,1073741824,7.7,3,45.5kB / 40.3kB,15.5MB / 65.5kB
22,2026-09-10T06:03:49.405339+00:00,45,2026-09-10T06:03:49.035328+00:00,false,microservices,gateway,83a7144435b9491b7fc6d536626277aa73b3445b827c6d23ee828ec83e7ba4b1,tcc-microservices-experiment-gateway-1,40.71,489265562,536870912,91.14,88,35.4MB / 39.5MB,35.8MB / 213kB
22,2026-09-10T06:03:49.405339+00:00,45,2026-09-10T06:03:49.035328+00:00,false,microservices,mysql,d06f9afc3e8b28e9a11d786b4c4bccb84c42eb76a3ae4ab03d4dfd232f91ec9b,tcc-microservices-experiment-mysql-1,27.57,546203238,1073741824,50.87,40,15.7MB / 36.2MB,50MB / 122MB
22,2026-09-10T06:03:49.405339+00:00,45,2026-09-10T06:03:49.035328+00:00,false,microservices,order,de8786e88a8bfcbfd1cb17a98ff48ecc54b0ff9f2e41faba2396bed7e313585a,tcc-microservices-experiment-order-1,0.02,74186752,1073741824,6.91,3,5.31MB / 4.14MB,11MB / 77.8kB
22,2026-09-10T06:03:49.405339+00:00,45,2026-09-10T06:03:49.035328+00:00,false,microservices,product,31ddd7e3c768e50b5e96a256a44ab64fb2aecfb752c293e2363afb6139139736,tcc-microservices-experiment-product-1,82.8,83068191,1073741824,7.74,3,39.6MB / 42MB,12.7MB / 81.9kB
23,2026-09-10T06:03:50.405304+00:00,47,2026-09-10T06:03:50.035433+00:00,false,microservices,auth,dbecdd5c05676923e0f63a95fad3beb62185559b8b32d7008b846b421c4c4292,tcc-microservices-experiment-auth-1,0.02,82722161,1073741824,7.7,3,45.5kB / 40.3kB,15.5MB / 65.5kB
23,2026-09-10T06:03:50.405304+00:00,47,2026-09-10T06:03:50.035433+00:00,false,microservices,gateway,83a7144435b9491b7fc6d536626277aa73b3445b827c6d23ee828ec83e7ba4b1,tcc-microservices-experiment-gateway-1,48.35,489894707,536870912,91.26,88,36.2MB / 40.4MB,35.8MB / 213kB
23,2026-09-10T06:03:50.405304+00:00,47,2026-09-10T06:03:50.035433+00:00,false,microservices,mysql,d06f9afc3e8b28e9a11d786b4c4bccb84c42eb76a3ae4ab03d4dfd232f91ec9b,tcc-microservices-experiment-mysql-1,24.42,546412954,1073741824,50.89,40,16MB / 36.8MB,50MB / 122MB
23,2026-09-10T06:03:50.405304+00:00,47,2026-09-10T06:03:50.035433+00:00,false,microservices,order,de8786e88a8bfcbfd1cb17a98ff48ecc54b0ff9f2e41faba2396bed7e313585a,tcc-microservices-experiment-order-1,0.02,74186752,1073741824,6.91,3,5.31MB / 4.14MB,11MB / 77.8kB
23,2026-09-10T06:03:50.405304+00:00,47,2026-09-10T06:03:50.035433+00:00,false,microservices,product,31ddd7e3c768e50b5e96a256a44ab64fb2aecfb752c293e2363afb6139139736,tcc-microservices-experiment-product-1,82.34,82669732,1073741824,7.7,3,40.4MB / 42.9MB,12.7MB / 81.9kB
24,2026-09-10T06:03:51.405331+00:00,49,2026-09-10T06:03:51.036396+00:00,false,microservices,auth,dbecdd5c05676923e0f63a95fad3beb62185559b8b32d7008b846b421c4c4292,tcc-microservices-experiment-auth-1,0.02,82722161,1073741824,7.7,3,45.5kB / 40.3kB,15.5MB / 65.5kB
24,2026-09-10T06:03:51.405331+00:00,49,2026-09-10T06:03:51.036396+00:00,false,microservices,gateway,83a7144435b9491b7fc6d536626277aa73b3445b827c6d23ee828ec83e7ba4b1,tcc-microservices-experiment-gateway-1,68.15,489789850,536870912,91.23,88,36.9MB / 41.2MB,35.8MB / 213kB
24,2026-09-10T06:03:51.405331+00:00,49,2026-09-10T06:03:51.036396+00:00,false,microservices,mysql,d06f9afc3e8b28e9a11d786b4c4bccb84c42eb76a3ae4ab03d4dfd232f91ec9b,tcc-microservices-experiment-mysql-1,29.39,546517811,1073741824,50.89,40,16.2MB / 37.4MB,50MB / 122MB
24,2026-09-10T06:03:51.405331+00:00,49,2026-09-10T06:03:51.036396+00:00,false,microservices,order,de8786e88a8bfcbfd1cb17a98ff48ecc54b0ff9f2e41faba2396bed7e313585a,tcc-microservices-experiment-order-1,0.02,74186752,1073741824,6.91,3,5.31MB / 4.14MB,11MB / 77.8kB
24,2026-09-10T06:03:51.405331+00:00,49,2026-09-10T06:03:51.036396+00:00,false,microservices,product,31ddd7e3c768e50b5e96a256a44ab64fb2aecfb752c293e2363afb6139139736,tcc-microservices-experiment-product-1,81.66,82785075,1073741824,7.71,3,41.2MB / 43.8MB,12.7MB / 81.9kB
25,2026-09-10T06:03:52.405309+00:00,51,2026-09-10T06:03:52.035335+00:00,false,microservices,auth,dbecdd5c05676923e0f63a95fad3beb62185559b8b32d7008b846b421c4c4292,tcc-microservices-experiment-auth-1,0.02,82722161,1073741824,7.7,3,45.5kB / 40.3kB,15.5MB / 65.5kB
25,2026-09-10T06:03:52.405309+00:00,51,2026-09-10T06:03:52.035335+00:00,false,microservices,gateway,83a7144435b9491b7fc6d536626277aa73b3445b827c6d23ee828ec83e7ba4b1,tcc-microservices-experiment-gateway-1,92.44,492306432,536870912,91.7,88,37.7MB / 42.1MB,35.8MB / 213kB
25,2026-09-10T06:03:52.405309+00:00,51,2026-09-10T06:03:52.035335+00:00,false,microservices,mysql,d06f9afc3e8b28e9a11d786b4c4bccb84c42eb76a3ae4ab03d4dfd232f91ec9b,tcc-microservices-experiment-mysql-1,25.55,547146957,1073741824,50.95,40,16.5MB / 38.1MB,50MB / 122MB
25,2026-09-10T06:03:52.405309+00:00,51,2026-09-10T06:03:52.035335+00:00,false,microservices,order,de8786e88a8bfcbfd1cb17a98ff48ecc54b0ff9f2e41faba2396bed7e313585a,tcc-microservices-experiment-order-1,0.02,74186752,1073741824,6.91,3,5.31MB / 4.14MB,11MB / 77.8kB
25,2026-09-10T06:03:52.405309+00:00,51,2026-09-10T06:03:52.035335+00:00,false,microservices,product,31ddd7e3c768e50b5e96a256a44ab64fb2aecfb752c293e2363afb6139139736,tcc-microservices-experiment-product-1,80.99,83078676,1073741824,7.74,3,42MB / 44.6MB,12.7MB / 81.9kB
26,2026-09-10T06:03:53.405308+00:00,53,2026-09-10T06:03:53.035450+00:00,false,microservices,auth,dbecdd5c05676923e0f63a95fad3beb62185559b8b32d7008b846b421c4c4292,tcc-microservices-experiment-auth-1,0.02,82722161,1073741824,7.7,3,45.5kB / 40.3kB,15.5MB / 65.5kB
26,2026-09-10T06:03:53.405308+00:00,53,2026-09-10T06:03:53.035450+00:00,false,microservices,gateway,83a7144435b9491b7fc6d536626277aa73b3445b827c6d23ee828ec83e7ba4b1,tcc-microservices-experiment-gateway-1,40.21,491991859,536870912,91.64,88,38.4MB / 42.9MB,35.8MB / 213kB
26,2026-09-10T06:03:53.405308+00:00,53,2026-09-10T06:03:53.035450+00:00,false,microservices,mysql,d06f9afc3e8b28e9a11d786b4c4bccb84c42eb76a3ae4ab03d4dfd232f91ec9b,tcc-microservices-experiment-mysql-1,28.39,546517811,1073741824,50.9,40,16.7MB / 38.7MB,50MB / 122MB
26,2026-09-10T06:03:53.405308+00:00,53,2026-09-10T06:03:53.035450+00:00,false,microservices,order,de8786e88a8bfcbfd1cb17a98ff48ecc54b0ff9f2e41faba2396bed7e313585a,tcc-microservices-experiment-order-1,0.02,74186752,1073741824,6.91,3,5.31MB / 4.14MB,11MB / 77.8kB
26,2026-09-10T06:03:53.405308+00:00,53,2026-09-10T06:03:53.035450+00:00,false,microservices,product,31ddd7e3c768e50b5e96a256a44ab64fb2aecfb752c293e2363afb6139139736,tcc-microservices-experiment-product-1,82.37,83036733,1073741824,7.73,3,42.9MB / 45.5MB,12.7MB / 81.9kB
27,2026-09-10T06:03:54.405316+00:00,55,2026-09-10T06:03:54.035314+00:00,false,microservices,auth,dbecdd5c05676923e0f63a95fad3beb62185559b8b32d7008b846b421c4c4292,tcc-microservices-experiment-auth-1,0.02,82722161,1073741824,7.7,3,45.5kB / 40.3kB,15.5MB / 65.5kB
27,2026-09-10T06:03:54.405316+00:00,55,2026-09-10T06:03:54.035314+00:00,false,microservices,gateway,83a7144435b9491b7fc6d536626277aa73b3445b827c6d23ee828ec83e7ba4b1,tcc-microservices-experiment-gateway-1,31.69,491572429,536870912,91.57,88,39.2MB / 43.7MB,35.8MB / 213kB
27,2026-09-10T06:03:54.405316+00:00,55,2026-09-10T06:03:54.035314+00:00,false,microservices,mysql,d06f9afc3e8b28e9a11d786b4c4bccb84c42eb76a3ae4ab03d4dfd232f91ec9b,tcc-microservices-experiment-mysql-1,24.9,547042099,1073741824,50.95,40,16.9MB / 39.4MB,50MB / 122MB
27,2026-09-10T06:03:54.405316+00:00,55,2026-09-10T06:03:54.035314+00:00,false,microservices,order,de8786e88a8bfcbfd1cb17a98ff48ecc54b0ff9f2e41faba2396bed7e313585a,tcc-microservices-experiment-order-1,0.02,74186752,1073741824,6.91,3,5.31MB / 4.14MB,11MB / 77.8kB
27,2026-09-10T06:03:54.405316+00:00,55,2026-09-10T06:03:54.035314+00:00,false,microservices,product,31ddd7e3c768e50b5e96a256a44ab64fb2aecfb752c293e2363afb6139139736,tcc-microservices-experiment-product-1,81.32,83319849,1073741824,7.76,3,43.7MB / 46.4MB,12.7MB / 81.9kB
28,2026-09-10T06:03:55.405300+00:00,57,2026-09-10T06:03:55.035692+00:00,false,microservices,auth,dbecdd5c05676923e0f63a95fad3beb62185559b8b32d7008b846b421c4c4292,tcc-microservices-experiment-auth-1,0.02,82722161,1073741824,7.7,3,45.5kB / 40.3kB,15.5MB / 65.5kB
28,2026-09-10T06:03:55.405300+00:00,57,2026-09-10T06:03:55.035692+00:00,false,microservices,gateway,83a7144435b9491b7fc6d536626277aa73b3445b827c6d23ee828ec83e7ba4b1,tcc-microservices-experiment-gateway-1,31.86,491991859,536870912,91.64,88,39.9MB / 44.6MB,35.8MB / 213kB
28,2026-09-10T06:03:55.405300+00:00,57,2026-09-10T06:03:55.035692+00:00,false,microservices,mysql,d06f9afc3e8b28e9a11d786b4c4bccb84c42eb76a3ae4ab03d4dfd232f91ec9b,tcc-microservices-experiment-mysql-1,29.08,546727526,1073741824,50.92,40,17.2MB / 40MB,50MB / 122MB
28,2026-09-10T06:03:55.405300+00:00,57,2026-09-10T06:03:55.035692+00:00,false,microservices,order,de8786e88a8bfcbfd1cb17a98ff48ecc54b0ff9f2e41faba2396bed7e313585a,tcc-microservices-experiment-order-1,0.02,74186752,1073741824,6.91,3,5.31MB / 4.14MB,11MB / 77.8kB
28,2026-09-10T06:03:55.405300+00:00,57,2026-09-10T06:03:55.035692+00:00,false,microservices,product,31ddd7e3c768e50b5e96a256a44ab64fb2aecfb752c293e2363afb6139139736,tcc-microservices-experiment-product-1,81.43,83005276,1073741824,7.73,3,44.5MB / 47.3MB,12.7MB / 81.9kB
29,2026-09-10T06:03:56.405308+00:00,59,2026-09-10T06:03:56.035042+00:00,false,microservices,auth,dbecdd5c05676923e0f63a95fad3beb62185559b8b32d7008b846b421c4c4292,tcc-microservices-experiment-auth-1,0.02,82722161,1073741824,7.7,3,45.5kB / 40.3kB,15.5MB / 65.5kB
29,2026-09-10T06:03:56.405308+00:00,59,2026-09-10T06:03:56.035042+00:00,false,microservices,gateway,83a7144435b9491b7fc6d536626277aa73b3445b827c6d23ee828ec83e7ba4b1,tcc-microservices-experiment-gateway-1,33.51,491991859,536870912,91.65,88,40.6MB / 45.4MB,35.8MB / 213kB
29,2026-09-10T06:03:56.405308+00:00,59,2026-09-10T06:03:56.035042+00:00,false,microservices,mysql,d06f9afc3e8b28e9a11d786b4c4bccb84c42eb76a3ae4ab03d4dfd232f91ec9b,tcc-microservices-experiment-mysql-1,25.02,546308096,1073741824,50.88,40,17.4MB / 40.7MB,50MB / 122MB
29,2026-09-10T06:03:56.405308+00:00,59,2026-09-10T06:03:56.035042+00:00,false,microservices,order,de8786e88a8bfcbfd1cb17a98ff48ecc54b0ff9f2e41faba2396bed7e313585a,tcc-microservices-experiment-order-1,0.02,74186752,1073741824,6.91,3,5.31MB / 4.14MB,11MB / 77.8kB
29,2026-09-10T06:03:56.405308+00:00,59,2026-09-10T06:03:56.035042+00:00,false,microservices,product,31ddd7e3c768e50b5e96a256a44ab64fb2aecfb752c293e2363afb6139139736,tcc-microservices-experiment-product-1,82.05,83246449,1073741824,7.75,3,45.3MB / 48.2MB,12.7MB / 81.9kB
30,2026-09-10T06:03:57.405336+00:00,61,2026-09-10T06:03:57.035325+00:00,false,microservices,auth,dbecdd5c05676923e0f63a95fad3beb62185559b8b32d7008b846b421c4c4292,tcc-microservices-experiment-auth-1,0.02,82722161,1073741824,7.7,3,45.5kB / 40.3kB,15.5MB / 65.5kB
30,2026-09-10T06:03:57.405336+00:00,61,2026-09-10T06:03:57.035325+00:00,false,microservices,gateway,83a7144435b9491b7fc6d536626277aa73b3445b827c6d23ee828ec83e7ba4b1,tcc-microservices-experiment-gateway-1,37.4,491677286,536870912,91.59,88,41.4MB / 46.2MB,35.8MB / 213kB
30,2026-09-10T06:03:57.405336+00:00,61,2026-09-10T06:03:57.035325+00:00,false,microservices,mysql,d06f9afc3e8b28e9a11d786b4c4bccb84c42eb76a3ae4ab03d4dfd232f91ec9b,tcc-microservices-experiment-mysql-1,29.39,546308096,1073741824,50.88,40,17.7MB / 41.3MB,50MB / 122MB
30,2026-09-10T06:03:57.405336+00:00,61,2026-09-10T06:03:57.035325+00:00,false,microservices,order,de8786e88a8bfcbfd1cb17a98ff48ecc54b0ff9f2e41faba2396bed7e313585a,tcc-microservices-experiment-order-1,0.02,74186752,1073741824,6.91,3,5.31MB / 4.14MB,11MB / 77.8kB
30,2026-09-10T06:03:57.405336+00:00,61,2026-09-10T06:03:57.035325+00:00,false,microservices,product,31ddd7e3c768e50b5e96a256a44ab64fb2aecfb752c293e2363afb6139139736,tcc-microservices-experiment-product-1,81.51,83665879,1073741824,7.79,3,46.2MB / 49.1MB,12.7MB / 81.9kB
31,2026-09-10T06:03:58.405347+00:00,63,2026-09-10T06:03:58.035003+00:00,false,microservices,auth,dbecdd5c05676923e0f63a95fad3beb62185559b8b32d7008b846b421c4c4292,tcc-microservices-experiment-auth-1,0.02,82722161,1073741824,7.7,3,45.5kB / 40.3kB,15.5MB / 65.5kB
31,2026-09-10T06:03:58.405347+00:00,63,2026-09-10T06:03:58.035003+00:00,false,microservices,gateway,83a7144435b9491b7fc6d536626277aa73b3445b827c6d23ee828ec83e7ba4b1,tcc-microservices-experiment-gateway-1,57.54,492411290,536870912,91.71,88,42.1MB / 47.1MB,35.8MB / 213kB
31,2026-09-10T06:03:58.405347+00:00,63,2026-09-10T06:03:58.035003+00:00,false,microservices,mysql,d06f9afc3e8b28e9a11d786b4c4bccb84c42eb76a3ae4ab03d4dfd232f91ec9b,tcc-microservices-experiment-mysql-1,25.3,546412954,1073741824,50.89,40,17.9MB / 42MB,50MB / 122MB
31,2026-09-10T06:03:58.405347+00:00,63,2026-09-10T06:03:58.035003+00:00,false,microservices,order,de8786e88a8bfcbfd1cb17a98ff48ecc54b0ff9f2e41faba2396bed7e313585a,tcc-microservices-experiment-order-1,0.02,74186752,1073741824,6.91,3,5.31MB / 4.14MB,11MB / 77.8kB
31,2026-09-10T06:03:58.405347+00:00,63,2026-09-10T06:03:58.035003+00:00,false,microservices,product,31ddd7e3c768e50b5e96a256a44ab64fb2aecfb752c293e2363afb6139139736,tcc-microservices-experiment-product-1,81.6,83414221,1073741824,7.77,3,47MB / 50MB,12.7MB / 81.9kB
32,2026-09-10T06:03:59.405304+00:00,65,2026-09-10T06:03:59.035648+00:00,false,microservices,auth,dbecdd5c05676923e0f63a95fad3beb62185559b8b32d7008b846b421c4c4292,tcc-microservices-experiment-auth-1,0.02,82722161,1073741824,7.7,3,45.5kB / 40.3kB,15.5MB / 65.5kB
32,2026-09-10T06:03:59.405304+00:00,65,2026-09-10T06:03:59.035648+00:00,false,microservices,gateway,83a7144435b9491b7fc6d536626277aa73b3445b827c6d23ee828ec83e7ba4b1,tcc-microservices-experiment-gateway-1,55.96,492306432,536870912,91.7,88,42.9MB / 47.9MB,35.8MB / 213kB
32,2026-09-10T06:03:59.405304+00:00,65,2026-09-10T06:03:59.035648+00:00,false,microservices,mysql,d06f9afc3e8b28e9a11d786b4c4bccb84c42eb76a3ae4ab03d4dfd232f91ec9b,tcc-microservices-experiment-mysql-1,28.45,546203238,1073741824,50.87,40,18.1MB / 42.6MB,50MB / 122MB
32,2026-09-10T06:03:59.405304+00:00,65,2026-09-10T06:03:59.035648+00:00,false,microservices,order,de8786e88a8bfcbfd1cb17a98ff48ecc54b0ff9f2e41faba2396bed7e313585a,tcc-microservices-experiment-order-1,0.02,74186752,1073741824,6.91,3,5.31MB / 4.14MB,11MB / 77.8kB
32,2026-09-10T06:03:59.405304+00:00,65,2026-09-10T06:03:59.035648+00:00,false,microservices,product,31ddd7e3c768e50b5e96a256a44ab64fb2aecfb752c293e2363afb6139139736,tcc-microservices-experiment-product-1,82.93,83561021,1073741824,7.78,3,47.8MB / 50.8MB,12.7MB / 81.9kB
33,2026-09-10T06:04:00.405316+00:00,67,2026-09-10T06:04:00.035319+00:00,false,microservices,auth,dbecdd5c05676923e0f63a95fad3beb62185559b8b32d7008b846b421c4c4292,tcc-microservices-experiment-auth-1,0.02,82722161,1073741824,7.7,3,45.5kB / 40.3kB,15.5MB / 65.5kB
33,2026-09-10T06:04:00.405316+00:00,67,2026-09-10T06:04:00.035319+00:00,false,microservices,gateway,83a7144435b9491b7fc6d536626277aa73b3445b827c6d23ee828ec83e7ba4b1,tcc-microservices-experiment-gateway-1,53.2,491991859,536870912,91.63,88,43.6MB / 48.7MB,35.8MB / 213kB
33,2026-09-10T06:04:00.405316+00:00,67,2026-09-10T06:04:00.035319+00:00,false,microservices,mysql,d06f9afc3e8b28e9a11d786b4c4bccb84c42eb76a3ae4ab03d4dfd232f91ec9b,tcc-microservices-experiment-mysql-1,24.3,546203238,1073741824,50.87,40,18.4MB / 43.2MB,50MB / 122MB
33,2026-09-10T06:04:00.405316+00:00,67,2026-09-10T06:04:00.035319+00:00,false,microservices,order,de8786e88a8bfcbfd1cb17a98ff48ecc54b0ff9f2e41faba2396bed7e313585a,tcc-microservices-experiment-order-1,0.02,74186752,1073741824,6.91,3,5.31MB / 4.14MB,11MB / 77.8kB
33,2026-09-10T06:04:00.405316+00:00,67,2026-09-10T06:04:00.035319+00:00,false,microservices,product,31ddd7e3c768e50b5e96a256a44ab64fb2aecfb752c293e2363afb6139139736,tcc-microservices-experiment-product-1,83.26,84347453,1073741824,7.86,3,48.6MB / 51.7MB,12.7MB / 81.9kB
34,2026-09-10T06:04:01.405327+00:00,69,2026-09-10T06:04:01.035443+00:00,false,microservices,auth,dbecdd5c05676923e0f63a95fad3beb62185559b8b32d7008b846b421c4c4292,tcc-microservices-experiment-auth-1,0.02,82722161,1073741824,7.7,3,45.5kB / 40.3kB,15.5MB / 65.5kB
34,2026-09-10T06:04:01.405327+00:00,69,2026-09-10T06:04:01.035443+00:00,false,microservices,gateway,83a7144435b9491b7fc6d536626277aa73b3445b827c6d23ee828ec83e7ba4b1,tcc-microservices-experiment-gateway-1,32.72,492516147,536870912,91.75,88,44.4MB / 49.6MB,35.8MB / 213kB
34,2026-09-10T06:04:01.405327+00:00,69,2026-09-10T06:04:01.035443+00:00,false,microservices,mysql,d06f9afc3e8b28e9a11d786b4c4bccb84c42eb76a3ae4ab03d4dfd232f91ec9b,tcc-microservices-experiment-mysql-1,29.0,545993523,1073741824,50.85,40,18.6MB / 43.9MB,50MB / 122MB
34,2026-09-10T06:04:01.405327+00:00,69,2026-09-10T06:04:01.035443+00:00,false,microservices,order,de8786e88a8bfcbfd1cb17a98ff48ecc54b0ff9f2e41faba2396bed7e313585a,tcc-microservices-experiment-order-1,0.02,74186752,1073741824,6.91,3,5.31MB / 4.14MB,11MB / 77.8kB
34,2026-09-10T06:04:01.405327+00:00,69,2026-09-10T06:04:01.035443+00:00,false,microservices,product,31ddd7e3c768e50b5e96a256a44ab64fb2aecfb752c293e2363afb6139139736,tcc-microservices-experiment-product-1,81.93,83424707,1073741824,7.77,3,49.5MB / 52.6MB,12.7MB / 81.9kB
35,2026-09-10T06:04:02.405345+00:00,71,2026-09-10T06:04:02.035647+00:00,false,microservices,auth,dbecdd5c05676923e0f63a95fad3beb62185559b8b32d7008b846b421c4c4292,tcc-microservices-experiment-auth-1,0.02,82722161,1073741824,7.7,3,45.5kB / 40.3kB,15.5MB / 65.5kB
35,2026-09-10T06:04:02.405345+00:00,71,2026-09-10T06:04:02.035647+00:00,false,microservices,gateway,83a7144435b9491b7fc6d536626277aa73b3445b827c6d23ee828ec83e7ba4b1,tcc-microservices-experiment-gateway-1,30.1,492516147,536870912,91.74,88,45.1MB / 50.4MB,35.8MB / 213kB
35,2026-09-10T06:04:02.405345+00:00,71,2026-09-10T06:04:02.035647+00:00,false,microservices,mysql,d06f9afc3e8b28e9a11d786b4c4bccb84c42eb76a3ae4ab03d4dfd232f91ec9b,tcc-microservices-experiment-mysql-1,25.47,546203238,1073741824,50.87,40,18.8MB / 44.5MB,50MB / 122MB
35,2026-09-10T06:04:02.405345+00:00,71,2026-09-10T06:04:02.035647+00:00,false,microservices,order,de8786e88a8bfcbfd1cb17a98ff48ecc54b0ff9f2e41faba2396bed7e313585a,tcc-microservices-experiment-order-1,0.02,74186752,1073741824,6.91,3,5.31MB / 4.14MB,11MB / 77.8kB
35,2026-09-10T06:04:02.405345+00:00,71,2026-09-10T06:04:02.035647+00:00,false,microservices,product,31ddd7e3c768e50b5e96a256a44ab64fb2aecfb752c293e2363afb6139139736,tcc-microservices-experiment-product-1,80.82,83886080,1073741824,7.81,3,50.3MB / 53.5MB,12.7MB / 81.9kB
36,2026-09-10T06:04:03.405327+00:00,73,2026-09-10T06:04:03.035549+00:00,false,microservices,auth,dbecdd5c05676923e0f63a95fad3beb62185559b8b32d7008b846b421c4c4292,tcc-microservices-experiment-auth-1,0.02,82722161,1073741824,7.7,3,45.5kB / 40.3kB,15.5MB / 65.5kB
36,2026-09-10T06:04:03.405327+00:00,73,2026-09-10T06:04:03.035549+00:00,false,microservices,gateway,83a7144435b9491b7fc6d536626277aa73b3445b827c6d23ee828ec83e7ba4b1,tcc-microservices-experiment-gateway-1,32.25,492725862,536870912,91.78,88,45.9MB / 51.2MB,35.8MB / 229kB
36,2026-09-10T06:04:03.405327+00:00,73,2026-09-10T06:04:03.035549+00:00,false,microservices,mysql,d06f9afc3e8b28e9a11d786b4c4bccb84c42eb76a3ae4ab03d4dfd232f91ec9b,tcc-microservices-experiment-mysql-1,30.17,545888666,1073741824,50.84,40,19.1MB / 45.2MB,50MB / 122MB
36,2026-09-10T06:04:03.405327+00:00,73,2026-09-10T06:04:03.035549+00:00,false,microservices,order,de8786e88a8bfcbfd1cb17a98ff48ecc54b0ff9f2e41faba2396bed7e313585a,tcc-microservices-experiment-order-1,0.02,74186752,1073741824,6.91,3,5.31MB / 4.14MB,11MB / 77.8kB
36,2026-09-10T06:04:03.405327+00:00,73,2026-09-10T06:04:03.035549+00:00,false,microservices,product,31ddd7e3c768e50b5e96a256a44ab64fb2aecfb752c293e2363afb6139139736,tcc-microservices-experiment-product-1,80.55,83676365,1073741824,7.79,3,51.1MB / 54.4MB,12.7MB / 81.9kB
37,2026-09-10T06:04:04.405328+00:00,75,2026-09-10T06:04:04.035502+00:00,false,microservices,auth,dbecdd5c05676923e0f63a95fad3beb62185559b8b32d7008b846b421c4c4292,tcc-microservices-experiment-auth-1,0.02,82722161,1073741824,7.7,3,45.5kB / 40.3kB,15.5MB / 65.5kB
37,2026-09-10T06:04:04.405328+00:00,75,2026-09-10T06:04:04.035502+00:00,false,microservices,gateway,83a7144435b9491b7fc6d536626277aa73b3445b827c6d23ee828ec83e7ba4b1,tcc-microservices-experiment-gateway-1,30.23,492516147,536870912,91.74,88,46.6MB / 52.1MB,35.8MB / 229kB
37,2026-09-10T06:04:04.405328+00:00,75,2026-09-10T06:04:04.035502+00:00,false,microservices,mysql,d06f9afc3e8b28e9a11d786b4c4bccb84c42eb76a3ae4ab03d4dfd232f91ec9b,tcc-microservices-experiment-mysql-1,25.4,546203238,1073741824,50.87,40,19.3MB / 45.8MB,50MB / 122MB
37,2026-09-10T06:04:04.405328+00:00,75,2026-09-10T06:04:04.035502+00:00,false,microservices,order,de8786e88a8bfcbfd1cb17a98ff48ecc54b0ff9f2e41faba2396bed7e313585a,tcc-microservices-experiment-order-1,0.02,74186752,1073741824,6.91,3,5.31MB / 4.14MB,11MB / 77.8kB
37,2026-09-10T06:04:04.405328+00:00,75,2026-09-10T06:04:04.035502+00:00,false,microservices,product,31ddd7e3c768e50b5e96a256a44ab64fb2aecfb752c293e2363afb6139139736,tcc-microservices-experiment-product-1,81.4,84106281,1073741824,7.83,3,52MB / 55.2MB,12.7MB / 81.9kB
38,2026-09-10T06:04:05.405304+00:00,77,2026-09-10T06:04:05.035654+00:00,false,microservices,auth,dbecdd5c05676923e0f63a95fad3beb62185559b8b32d7008b846b421c4c4292,tcc-microservices-experiment-auth-1,0.02,82722161,1073741824,7.7,3,45.5kB / 40.3kB,15.5MB / 65.5kB
38,2026-09-10T06:04:05.405304+00:00,77,2026-09-10T06:04:05.035654+00:00,false,microservices,gateway,83a7144435b9491b7fc6d536626277aa73b3445b827c6d23ee828ec83e7ba4b1,tcc-microservices-experiment-gateway-1,31.17,492411290,536870912,91.73,88,47.4MB / 52.9MB,35.8MB / 229kB
38,2026-09-10T06:04:05.405304+00:00,77,2026-09-10T06:04:05.035654+00:00,false,microservices,mysql,d06f9afc3e8b28e9a11d786b4c4bccb84c42eb76a3ae4ab03d4dfd232f91ec9b,tcc-microservices-experiment-mysql-1,28.97,546412954,1073741824,50.89,40,19.6MB / 46.5MB,50MB / 122MB
38,2026-09-10T06:04:05.405304+00:00,77,2026-09-10T06:04:05.035654+00:00,false,microservices,order,de8786e88a8bfcbfd1cb17a98ff48ecc54b0ff9f2e41faba2396bed7e313585a,tcc-microservices-experiment-order-1,0.02,74186752,1073741824,6.91,3,5.31MB / 4.14MB,11MB / 77.8kB
38,2026-09-10T06:04:05.405304+00:00,77,2026-09-10T06:04:05.035654+00:00,false,microservices,product,31ddd7e3c768e50b5e96a256a44ab64fb2aecfb752c293e2363afb6139139736,tcc-microservices-experiment-product-1,82.18,83938509,1073741824,7.82,3,52.8MB / 56.1MB,12.7MB / 81.9kB
39,2026-09-10T06:04:06.405341+00:00,79,2026-09-10T06:04:06.035223+00:00,false,microservices,auth,dbecdd5c05676923e0f63a95fad3beb62185559b8b32d7008b846b421c4c4292,tcc-microservices-experiment-auth-1,0.02,82722161,1073741824,7.7,3,45.5kB / 40.3kB,15.5MB / 65.5kB
39,2026-09-10T06:04:06.405341+00:00,79,2026-09-10T06:04:06.035223+00:00,false,microservices,gateway,83a7144435b9491b7fc6d536626277aa73b3445b827c6d23ee828ec83e7ba4b1,tcc-microservices-experiment-gateway-1,46.2,491467571,536870912,91.55,88,48.1MB / 53.8MB,35.8MB / 229kB
39,2026-09-10T06:04:06.405341+00:00,79,2026-09-10T06:04:06.035223+00:00,false,microservices,mysql,d06f9afc3e8b28e9a11d786b4c4bccb84c42eb76a3ae4ab03d4dfd232f91ec9b,tcc-microservices-experiment-mysql-1,24.4,546517811,1073741824,50.9,40,19.8MB / 47.1MB,50MB / 122MB
39,2026-09-10T06:04:06.405341+00:00,79,2026-09-10T06:04:06.035223+00:00,false,microservices,order,de8786e88a8bfcbfd1cb17a98ff48ecc54b0ff9f2e41faba2396bed7e313585a,tcc-microservices-experiment-order-1,0.02,74186752,1073741824,6.91,3,5.31MB / 4.14MB,11MB / 77.8kB
39,2026-09-10T06:04:06.405341+00:00,79,2026-09-10T06:04:06.035223+00:00,false,microservices,product,31ddd7e3c768e50b5e96a256a44ab64fb2aecfb752c293e2363afb6139139736,tcc-microservices-experiment-product-1,82.85,84410368,1073741824,7.86,3,53.6MB / 57MB,12.7MB / 81.9kB
40,2026-09-10T06:04:07.405332+00:00,81,2026-09-10T06:04:07.035695+00:00,false,microservices,auth,dbecdd5c05676923e0f63a95fad3beb62185559b8b32d7008b846b421c4c4292,tcc-microservices-experiment-auth-1,0.02,82722161,1073741824,7.7,3,45.5kB / 40.3kB,15.5MB / 65.5kB
40,2026-09-10T06:04:07.405332+00:00,81,2026-09-10T06:04:07.035695+00:00,false,microservices,gateway,83a7144435b9491b7fc6d536626277aa73b3445b827c6d23ee828ec83e7ba4b1,tcc-microservices-experiment-gateway-1,73.65,494193869,536870912,92.06,88,48.8MB / 54.5MB,35.8MB / 229kB
40,2026-09-10T06:04:07.405332+00:00,81,2026-09-10T06:04:07.035695+00:00,false,microservices,mysql,d06f9afc3e8b28e9a11d786b4c4bccb84c42eb76a3ae4ab03d4dfd232f91ec9b,tcc-microservices-experiment-mysql-1,28.11,545993523,1073741824,50.85,40,20MB / 47.7MB,50MB / 122MB
40,2026-09-10T06:04:07.405332+00:00,81,2026-09-10T06:04:07.035695+00:00,false,microservices,order,de8786e88a8bfcbfd1cb17a98ff48ecc54b0ff9f2e41faba2396bed7e313585a,tcc-microservices-experiment-order-1,0.02,74186752,1073741824,6.91,3,5.31MB / 4.14MB,11MB / 77.8kB
40,2026-09-10T06:04:07.405332+00:00,81,2026-09-10T06:04:07.035695+00:00,false,microservices,product,31ddd7e3c768e50b5e96a256a44ab64fb2aecfb752c293e2363afb6139139736,tcc-microservices-experiment-product-1,83.1,83823165,1073741824,7.81,3,54.4MB / 57.9MB,12.7MB / 81.9kB
41,2026-09-10T06:04:08.405327+00:00,83,2026-09-10T06:04:08.035547+00:00,false,microservices,auth,dbecdd5c05676923e0f63a95fad3beb62185559b8b32d7008b846b421c4c4292,tcc-microservices-experiment-auth-1,0.02,82722161,1073741824,7.7,3,45.5kB / 40.3kB,15.5MB / 65.5kB
41,2026-09-10T06:04:08.405327+00:00,83,2026-09-10T06:04:08.035547+00:00,false,microservices,gateway,83a7144435b9491b7fc6d536626277aa73b3445b827c6d23ee828ec83e7ba4b1,tcc-microservices-experiment-gateway-1,50.26,493984154,536870912,92.0,88,49.6MB / 55.4MB,35.8MB / 229kB
41,2026-09-10T06:04:08.405327+00:00,83,2026-09-10T06:04:08.035547+00:00,false,microservices,mysql,d06f9afc3e8b28e9a11d786b4c4bccb84c42eb76a3ae4ab03d4dfd232f91ec9b,tcc-microservices-experiment-mysql-1,24.52,546203238,1073741824,50.87,40,20.3MB / 48.4MB,50MB / 122MB
41,2026-09-10T06:04:08.405327+00:00,83,2026-09-10T06:04:08.035547+00:00,false,microservices,order,de8786e88a8bfcbfd1cb17a98ff48ecc54b0ff9f2e41faba2396bed7e313585a,tcc-microservices-experiment-order-1,0.02,74186752,1073741824,6.91,3,5.31MB / 4.14MB,11MB / 77.8kB
41,2026-09-10T06:04:08.405327+00:00,83,2026-09-10T06:04:08.035547+00:00,false,microservices,product,31ddd7e3c768e50b5e96a256a44ab64fb2aecfb752c293e2363afb6139139736,tcc-microservices-experiment-product-1,82.57,83760251,1073741824,7.8,3,55.2MB / 58.8MB,12.7MB / 81.9kB
42,2026-09-10T06:04:09.405296+00:00,85,2026-09-10T06:04:09.035492+00:00,false,microservices,auth,dbecdd5c05676923e0f63a95fad3beb62185559b8b32d7008b846b421c4c4292,tcc-microservices-experiment-auth-1,0.02,82722161,1073741824,7.7,3,45.5kB / 40.3kB,15.5MB / 65.5kB
42,2026-09-10T06:04:09.405296+00:00,85,2026-09-10T06:04:09.035492+00:00,false,microservices,gateway,83a7144435b9491b7fc6d536626277aa73b3445b827c6d23ee828ec83e7ba4b1,tcc-microservices-experiment-gateway-1,42.19,494193869,536870912,92.04,88,50.3MB / 56.2MB,35.8MB / 229kB
42,2026-09-10T06:04:09.405296+00:00,85,2026-09-10T06:04:09.035492+00:00,false,microservices,mysql,d06f9afc3e8b28e9a11d786b4c4bccb84c42eb76a3ae4ab03d4dfd232f91ec9b,tcc-microservices-experiment-mysql-1,28.48,546412954,1073741824,50.89,40,20.5MB / 49MB,50MB / 122MB
42,2026-09-10T06:04:09.405296+00:00,85,2026-09-10T06:04:09.035492+00:00,false,microservices,order,de8786e88a8bfcbfd1cb17a98ff48ecc54b0ff9f2e41faba2396bed7e313585a,tcc-microservices-experiment-order-1,0.02,74186752,1073741824,6.91,3,5.31MB / 4.14MB,11MB / 77.8kB
42,2026-09-10T06:04:09.405296+00:00,85,2026-09-10T06:04:09.035492+00:00,false,microservices,product,31ddd7e3c768e50b5e96a256a44ab64fb2aecfb752c293e2363afb6139139736,tcc-microservices-experiment-product-1,82.31,83844137,1073741824,7.81,3,56.1MB / 59.7MB,12.7MB / 81.9kB
43,2026-09-10T06:04:10.405269+00:00,87,2026-09-10T06:04:10.035453+00:00,false,microservices,auth,dbecdd5c05676923e0f63a95fad3beb62185559b8b32d7008b846b421c4c4292,tcc-microservices-experiment-auth-1,0.02,82722161,1073741824,7.7,3,45.5kB / 40.3kB,15.5MB / 65.5kB
43,2026-09-10T06:04:10.405269+00:00,87,2026-09-10T06:04:10.035453+00:00,false,microservices,gateway,83a7144435b9491b7fc6d536626277aa73b3445b827c6d23ee828ec83e7ba4b1,tcc-microservices-experiment-gateway-1,32.47,494508442,536870912,92.12,88,51.1MB / 57.1MB,35.8MB / 229kB
43,2026-09-10T06:04:10.405269+00:00,87,2026-09-10T06:04:10.035453+00:00,false,microservices,mysql,d06f9afc3e8b28e9a11d786b4c4bccb84c42eb76a3ae4ab03d4dfd232f91ec9b,tcc-microservices-experiment-mysql-1,24.39,545678950,1073741824,50.82,40,20.8MB / 49.7MB,50MB / 122MB
43,2026-09-10T06:04:10.405269+00:00,87,2026-09-10T06:04:10.035453+00:00,false,microservices,order,de8786e88a8bfcbfd1cb17a98ff48ecc54b0ff9f2e41faba2396bed7e313585a,tcc-microservices-experiment-order-1,0.02,74186752,1073741824,6.91,3,5.31MB / 4.14MB,11MB / 77.8kB
43,2026-09-10T06:04:10.405269+00:00,87,2026-09-10T06:04:10.035453+00:00,false,microservices,product,31ddd7e3c768e50b5e96a256a44ab64fb2aecfb752c293e2363afb6139139736,tcc-microservices-experiment-product-1,83.03,84840284,1073741824,7.9,3,56.9MB / 60.6MB,12.7MB / 81.9kB
44,2026-09-10T06:04:11.405300+00:00,89,2026-09-10T06:04:11.035063+00:00,false,microservices,auth,dbecdd5c05676923e0f63a95fad3beb62185559b8b32d7008b846b421c4c4292,tcc-microservices-experiment-auth-1,0.02,82722161,1073741824,7.7,3,45.5kB / 40.3kB,15.5MB / 65.5kB
44,2026-09-10T06:04:11.405300+00:00,89,2026-09-10T06:04:11.035063+00:00,false,microservices,gateway,83a7144435b9491b7fc6d536626277aa73b3445b827c6d23ee828ec83e7ba4b1,tcc-microservices-experiment-gateway-1,32.97,494823014,536870912,92.16,88,51.8MB / 57.9MB,35.8MB / 229kB
44,2026-09-10T06:04:11.405300+00:00,89,2026-09-10T06:04:11.035063+00:00,false,microservices,mysql,d06f9afc3e8b28e9a11d786b4c4bccb84c42eb76a3ae4ab03d4dfd232f91ec9b,tcc-microservices-experiment-mysql-1,28.77,546727526,1073741824,50.91,40,21MB / 50.3MB,50MB / 122MB
44,2026-09-10T06:04:11.405300+00:00,89,2026-09-10T06:04:11.035063+00:00,false,microservices,order,de8786e88a8bfcbfd1cb17a98ff48ecc54b0ff9f2e41faba2396bed7e313585a,tcc-microservices-experiment-order-1,0.02,74186752,1073741824,6.91,3,5.31MB / 4.14MB,11MB / 77.8kB
44,2026-09-10T06:04:11.405300+00:00,89,2026-09-10T06:04:11.035063+00:00,false,microservices,product,31ddd7e3c768e50b5e96a256a44ab64fb2aecfb752c293e2363afb6139139736,tcc-microservices-experiment-product-1,81.03,85008056,1073741824,7.92,3,57.7MB / 61.4MB,12.7MB / 81.9kB
45,2026-09-10T06:04:12.405306+00:00,91,2026-09-10T06:04:12.035002+00:00,false,microservices,auth,dbecdd5c05676923e0f63a95fad3beb62185559b8b32d7008b846b421c4c4292,tcc-microservices-experiment-auth-1,0.02,82722161,1073741824,7.7,3,45.5kB / 40.3kB,15.5MB / 65.5kB
45,2026-09-10T06:04:12.405306+00:00,91,2026-09-10T06:04:12.035002+00:00,false,microservices,gateway,83a7144435b9491b7fc6d536626277aa73b3445b827c6d23ee828ec83e7ba4b1,tcc-microservices-experiment-gateway-1,29.47,494718157,536870912,92.14,88,52.6MB / 58.7MB,35.8MB / 229kB
45,2026-09-10T06:04:12.405306+00:00,91,2026-09-10T06:04:12.035002+00:00,false,microservices,mysql,d06f9afc3e8b28e9a11d786b4c4bccb84c42eb76a3ae4ab03d4dfd232f91ec9b,tcc-microservices-experiment-mysql-1,25.74,545993523,1073741824,50.85,40,21.2MB / 51MB,50MB / 122MB
45,2026-09-10T06:04:12.405306+00:00,91,2026-09-10T06:04:12.035002+00:00,false,microservices,order,de8786e88a8bfcbfd1cb17a98ff48ecc54b0ff9f2e41faba2396bed7e313585a,tcc-microservices-experiment-order-1,0.02,74186752,1073741824,6.91,3,5.31MB / 4.14MB,11MB / 77.8kB
45,2026-09-10T06:04:12.405306+00:00,91,2026-09-10T06:04:12.035002+00:00,false,microservices,product,31ddd7e3c768e50b5e96a256a44ab64fb2aecfb752c293e2363afb6139139736,tcc-microservices-experiment-product-1,80.95,84410368,1073741824,7.86,3,58.6MB / 62.3MB,12.7MB / 81.9kB
46,2026-09-10T06:04:13.405315+00:00,93,2026-09-10T06:04:13.034864+00:00,false,microservices,auth,dbecdd5c05676923e0f63a95fad3beb62185559b8b32d7008b846b421c4c4292,tcc-microservices-experiment-auth-1,0.02,82722161,1073741824,7.7,3,45.5kB / 40.3kB,15.5MB / 65.5kB
46,2026-09-10T06:04:13.405315+00:00,93,2026-09-10T06:04:13.034864+00:00,false,microservices,gateway,83a7144435b9491b7fc6d536626277aa73b3445b827c6d23ee828ec83e7ba4b1,tcc-microservices-experiment-gateway-1,30.0,494298726,536870912,92.07,88,53.3MB / 59.6MB,35.8MB / 229kB
46,2026-09-10T06:04:13.405315+00:00,93,2026-09-10T06:04:13.034864+00:00,false,microservices,mysql,d06f9afc3e8b28e9a11d786b4c4bccb84c42eb76a3ae4ab03d4dfd232f91ec9b,tcc-microservices-experiment-mysql-1,29.98,546203238,1073741824,50.87,40,21.5MB / 51.6MB,50MB / 122MB
46,2026-09-10T06:04:13.405315+00:00,93,2026-09-10T06:04:13.034864+00:00,false,microservices,order,de8786e88a8bfcbfd1cb17a98ff48ecc54b0ff9f2e41faba2396bed7e313585a,tcc-microservices-experiment-order-1,0.02,74186752,1073741824,6.91,3,5.31MB / 4.14MB,11MB / 77.8kB
46,2026-09-10T06:04:13.405315+00:00,93,2026-09-10T06:04:13.034864+00:00,false,microservices,product,31ddd7e3c768e50b5e96a256a44ab64fb2aecfb752c293e2363afb6139139736,tcc-microservices-experiment-product-1,81.81,85102428,1073741824,7.93,3,59.4MB / 63.2MB,12.7MB / 81.9kB
47,2026-09-10T06:04:14.405300+00:00,95,2026-09-10T06:04:14.034743+00:00,false,microservices,auth,dbecdd5c05676923e0f63a95fad3beb62185559b8b32d7008b846b421c4c4292,tcc-microservices-experiment-auth-1,0.02,82722161,1073741824,7.7,3,45.5kB / 40.3kB,15.5MB / 65.5kB
47,2026-09-10T06:04:14.405300+00:00,95,2026-09-10T06:04:14.034743+00:00,false,microservices,gateway,83a7144435b9491b7fc6d536626277aa73b3445b827c6d23ee828ec83e7ba4b1,tcc-microservices-experiment-gateway-1,29.59,493984154,536870912,92.01,88,54.1MB / 60.4MB,35.8MB / 229kB
47,2026-09-10T06:04:14.405300+00:00,95,2026-09-10T06:04:14.034743+00:00,false,microservices,mysql,d06f9afc3e8b28e9a11d786b4c4bccb84c42eb76a3ae4ab03d4dfd232f91ec9b,tcc-microservices-experiment-mysql-1,24.8,546517811,1073741824,50.89,40,21.7MB / 52.3MB,50MB / 122MB
47,2026-09-10T06:04:14.405300+00:00,95,2026-09-10T06:04:14.034743+00:00,false,microservices,order,de8786e88a8bfcbfd1cb17a98ff48ecc54b0ff9f2e41faba2396bed7e313585a,tcc-microservices-experiment-order-1,0.02,74186752,1073741824,6.91,3,5.31MB / 4.14MB,11MB / 77.8kB
47,2026-09-10T06:04:14.405300+00:00,95,2026-09-10T06:04:14.034743+00:00,false,microservices,product,31ddd7e3c768e50b5e96a256a44ab64fb2aecfb752c293e2363afb6139139736,tcc-microservices-experiment-product-1,81.58,84368425,1073741824,7.86,3,60.2MB / 64.1MB,12.7MB / 81.9kB
48,2026-09-10T06:04:15.405307+00:00,97,2026-09-10T06:04:15.035381+00:00,false,microservices,auth,dbecdd5c05676923e0f63a95fad3beb62185559b8b32d7008b846b421c4c4292,tcc-microservices-experiment-auth-1,0.02,82722161,1073741824,7.7,3,45.5kB / 40.3kB,15.5MB / 65.5kB
48,2026-09-10T06:04:15.405307+00:00,97,2026-09-10T06:04:15.035381+00:00,false,microservices,gateway,83a7144435b9491b7fc6d536626277aa73b3445b827c6d23ee828ec83e7ba4b1,tcc-microservices-experiment-gateway-1,35.22,494298726,536870912,92.06,88,54.9MB / 61.3MB,35.8MB / 229kB
48,2026-09-10T06:04:15.405307+00:00,97,2026-09-10T06:04:15.035381+00:00,false,microservices,mysql,d06f9afc3e8b28e9a11d786b4c4bccb84c42eb76a3ae4ab03d4dfd232f91ec9b,tcc-microservices-experiment-mysql-1,28.12,546412954,1073741824,50.89,40,22MB / 52.9MB,50MB / 122MB
48,2026-09-10T06:04:15.405307+00:00,97,2026-09-10T06:04:15.035381+00:00,false,microservices,order,de8786e88a8bfcbfd1cb17a98ff48ecc54b0ff9f2e41faba2396bed7e313585a,tcc-microservices-experiment-order-1,0.02,74186752,1073741824,6.91,3,5.31MB / 4.14MB,11MB / 77.8kB
48,2026-09-10T06:04:15.405307+00:00,97,2026-09-10T06:04:15.035381+00:00,false,microservices,product,31ddd7e3c768e50b5e96a256a44ab64fb2aecfb752c293e2363afb6139139736,tcc-microservices-experiment-product-1,83.37,84148224,1073741824,7.84,3,61.1MB / 65MB,12.7MB / 81.9kB
49,2026-09-10T06:04:16.405320+00:00,99,2026-09-10T06:04:16.034933+00:00,false,microservices,auth,dbecdd5c05676923e0f63a95fad3beb62185559b8b32d7008b846b421c4c4292,tcc-microservices-experiment-auth-1,0.02,82722161,1073741824,7.7,3,45.5kB / 40.3kB,15.5MB / 65.5kB
49,2026-09-10T06:04:16.405320+00:00,99,2026-09-10T06:04:16.034933+00:00,false,microservices,gateway,83a7144435b9491b7fc6d536626277aa73b3445b827c6d23ee828ec83e7ba4b1,tcc-microservices-experiment-gateway-1,51.4,494718157,536870912,92.14,88,55.6MB / 62.2MB,35.8MB / 229kB
49,2026-09-10T06:04:16.405320+00:00,99,2026-09-10T06:04:16.034933+00:00,false,microservices,mysql,d06f9afc3e8b28e9a11d786b4c4bccb84c42eb76a3ae4ab03d4dfd232f91ec9b,tcc-microservices-experiment-mysql-1,24.1,546098381,1073741824,50.86,40,22.2MB / 53.6MB,50MB / 122MB
49,2026-09-10T06:04:16.405320+00:00,99,2026-09-10T06:04:16.034933+00:00,false,microservices,order,de8786e88a8bfcbfd1cb17a98ff48ecc54b0ff9f2e41faba2396bed7e313585a,tcc-microservices-experiment-order-1,0.02,74186752,1073741824,6.91,3,5.31MB / 4.14MB,11MB / 77.8kB
49,2026-09-10T06:04:16.405320+00:00,99,2026-09-10T06:04:16.034933+00:00,false,microservices,product,31ddd7e3c768e50b5e96a256a44ab64fb2aecfb752c293e2363afb6139139736,tcc-microservices-experiment-product-1,82.94,85018542,1073741824,7.92,3,61.9MB / 65.9MB,12.7MB / 81.9kB
50,2026-09-10T06:04:17.405307+00:00,101,2026-09-10T06:04:17.035370+00:00,false,microservices,auth,dbecdd5c05676923e0f63a95fad3beb62185559b8b32d7008b846b421c4c4292,tcc-microservices-experiment-auth-1,0.02,82722161,1073741824,7.7,3,45.5kB / 40.3kB,15.5MB / 65.5kB
50,2026-09-10T06:04:17.405307+00:00,101,2026-09-10T06:04:17.035370+00:00,false,microservices,gateway,83a7144435b9491b7fc6d536626277aa73b3445b827c6d23ee828ec83e7ba4b1,tcc-microservices-experiment-gateway-1,50.44,494298726,536870912,92.06,88,56.4MB / 63MB,35.8MB / 229kB
50,2026-09-10T06:04:17.405307+00:00,101,2026-09-10T06:04:17.035370+00:00,false,microservices,mysql,d06f9afc3e8b28e9a11d786b4c4bccb84c42eb76a3ae4ab03d4dfd232f91ec9b,tcc-microservices-experiment-mysql-1,29.57,546098381,1073741824,50.86,40,22.4MB / 54.2MB,50MB / 122MB
50,2026-09-10T06:04:17.405307+00:00,101,2026-09-10T06:04:17.035370+00:00,false,microservices,order,de8786e88a8bfcbfd1cb17a98ff48ecc54b0ff9f2e41faba2396bed7e313585a,tcc-microservices-experiment-order-1,0.02,74186752,1073741824,6.91,3,5.31MB / 4.14MB,11MB / 77.8kB
50,2026-09-10T06:04:17.405307+00:00,101,2026-09-10T06:04:17.035370+00:00,false,microservices,product,31ddd7e3c768e50b5e96a256a44ab64fb2aecfb752c293e2363afb6139139736,tcc-microservices-experiment-product-1,81.19,85217772,1073741824,7.94,3,62.8MB / 66.8MB,12.7MB / 81.9kB
51,2026-09-10T06:04:18.405310+00:00,103,2026-09-10T06:04:18.035668+00:00,false,microservices,auth,dbecdd5c05676923e0f63a95fad3beb62185559b8b32d7008b846b421c4c4292,tcc-microservices-experiment-auth-1,0.02,82722161,1073741824,7.7,3,45.6kB / 40.3kB,15.5MB / 65.5kB
51,2026-09-10T06:04:18.405310+00:00,103,2026-09-10T06:04:18.035668+00:00,false,microservices,gateway,83a7144435b9491b7fc6d536626277aa73b3445b827c6d23ee828ec83e7ba4b1,tcc-microservices-experiment-gateway-1,28.61,493669581,536870912,91.96,77,57.1MB / 63.8MB,35.8MB / 246kB
51,2026-09-10T06:04:18.405310+00:00,103,2026-09-10T06:04:18.035668+00:00,false,microservices,mysql,d06f9afc3e8b28e9a11d786b4c4bccb84c42eb76a3ae4ab03d4dfd232f91ec9b,tcc-microservices-experiment-mysql-1,25.11,546098381,1073741824,50.86,40,22.7MB / 54.9MB,50MB / 122MB
51,2026-09-10T06:04:18.405310+00:00,103,2026-09-10T06:04:18.035668+00:00,false,microservices,order,de8786e88a8bfcbfd1cb17a98ff48ecc54b0ff9f2e41faba2396bed7e313585a,tcc-microservices-experiment-order-1,0.02,74186752,1073741824,6.91,3,5.31MB / 4.14MB,11MB / 77.8kB
51,2026-09-10T06:04:18.405310+00:00,103,2026-09-10T06:04:18.035668+00:00,false,microservices,product,31ddd7e3c768e50b5e96a256a44ab64fb2aecfb752c293e2363afb6139139736,tcc-microservices-experiment-product-1,81.96,85238743,1073741824,7.94,3,63.6MB / 67.7MB,12.7MB / 81.9kB
52,2026-09-10T06:04:19.405343+00:00,105,2026-09-10T06:04:19.035780+00:00,false,microservices,auth,dbecdd5c05676923e0f63a95fad3beb62185559b8b32d7008b846b421c4c4292,tcc-microservices-experiment-auth-1,0.02,82722161,1073741824,7.7,3,45.6kB / 40.3kB,15.5MB / 65.5kB
52,2026-09-10T06:04:19.405343+00:00,105,2026-09-10T06:04:19.035780+00:00,false,microservices,gateway,83a7144435b9491b7fc6d536626277aa73b3445b827c6d23ee828ec83e7ba4b1,tcc-microservices-experiment-gateway-1,29.22,493355008,536870912,91.89,77,57.9MB / 64.7MB,35.8MB / 246kB
52,2026-09-10T06:04:19.405343+00:00,105,2026-09-10T06:04:19.035780+00:00,false,microservices,mysql,d06f9afc3e8b28e9a11d786b4c4bccb84c42eb76a3ae4ab03d4dfd232f91ec9b,tcc-microservices-experiment-mysql-1,29.82,546517811,1073741824,50.9,40,22.9MB / 55.5MB,50MB / 122MB
52,2026-09-10T06:04:19.405343+00:00,105,2026-09-10T06:04:19.035780+00:00,false,microservices,order,de8786e88a8bfcbfd1cb17a98ff48ecc54b0ff9f2e41faba2396bed7e313585a,tcc-microservices-experiment-order-1,0.02,74186752,1073741824,6.91,3,5.31MB / 4.14MB,11MB / 77.8kB
52,2026-09-10T06:04:19.405343+00:00,105,2026-09-10T06:04:19.035780+00:00,false,microservices,product,31ddd7e3c768e50b5e96a256a44ab64fb2aecfb752c293e2363afb6139139736,tcc-microservices-experiment-product-1,81.41,83561021,1073741824,7.78,3,64.4MB / 68.6MB,12.7MB / 81.9kB
53,2026-09-10T06:04:20.405310+00:00,107,2026-09-10T06:04:20.035504+00:00,false,microservices,auth,dbecdd5c05676923e0f63a95fad3beb62185559b8b32d7008b846b421c4c4292,tcc-microservices-experiment-auth-1,0.02,82722161,1073741824,7.7,3,45.6kB / 40.3kB,15.5MB / 65.5kB
53,2026-09-10T06:04:20.405310+00:00,107,2026-09-10T06:04:20.035504+00:00,false,microservices,gateway,83a7144435b9491b7fc6d536626277aa73b3445b827c6d23ee828ec83e7ba4b1,tcc-microservices-experiment-gateway-1,28.92,493355008,536870912,91.9,77,58.6MB / 65.5MB,35.8MB / 246kB
53,2026-09-10T06:04:20.405310+00:00,107,2026-09-10T06:04:20.035504+00:00,false,microservices,mysql,d06f9afc3e8b28e9a11d786b4c4bccb84c42eb76a3ae4ab03d4dfd232f91ec9b,tcc-microservices-experiment-mysql-1,25.23,546517811,1073741824,50.89,40,23.2MB / 56.2MB,50MB / 122MB
53,2026-09-10T06:04:20.405310+00:00,107,2026-09-10T06:04:20.035504+00:00,false,microservices,order,de8786e88a8bfcbfd1cb17a98ff48ecc54b0ff9f2e41faba2396bed7e313585a,tcc-microservices-experiment-order-1,0.02,74186752,1073741824,6.91,3,5.31MB / 4.14MB,11MB / 77.8kB
53,2026-09-10T06:04:20.405310+00:00,107,2026-09-10T06:04:20.035504+00:00,false,microservices,product,31ddd7e3c768e50b5e96a256a44ab64fb2aecfb752c293e2363afb6139139736,tcc-microservices-experiment-product-1,81.08,84053852,1073741824,7.83,3,65.3MB / 69.5MB,12.7MB / 81.9kB
54,2026-09-10T06:04:21.405309+00:00,109,2026-09-10T06:04:21.035670+00:00,false,microservices,auth,dbecdd5c05676923e0f63a95fad3beb62185559b8b32d7008b846b421c4c4292,tcc-microservices-experiment-auth-1,0.02,82722161,1073741824,7.7,3,45.7kB / 40.3kB,15.5MB / 65.5kB
54,2026-09-10T06:04:21.405309+00:00,109,2026-09-10T06:04:21.035670+00:00,false,microservices,gateway,83a7144435b9491b7fc6d536626277aa73b3445b827c6d23ee828ec83e7ba4b1,tcc-microservices-experiment-gateway-1,29.49,493774438,536870912,91.96,77,59.4MB / 66.3MB,35.8MB / 246kB
54,2026-09-10T06:04:21.405309+00:00,109,2026-09-10T06:04:21.035670+00:00,false,microservices,mysql,d06f9afc3e8b28e9a11d786b4c4bccb84c42eb76a3ae4ab03d4dfd232f91ec9b,tcc-microservices-experiment-mysql-1,29.32,545993523,1073741824,50.85,40,23.4MB / 56.8MB,50MB / 122MB
54,2026-09-10T06:04:21.405309+00:00,109,2026-09-10T06:04:21.035670+00:00,false,microservices,order,de8786e88a8bfcbfd1cb17a98ff48ecc54b0ff9f2e41faba2396bed7e313585a,tcc-microservices-experiment-order-1,0.01,74186752,1073741824,6.91,3,5.31MB / 4.14MB,11MB / 77.8kB
54,2026-09-10T06:04:21.405309+00:00,109,2026-09-10T06:04:21.035670+00:00,false,microservices,product,31ddd7e3c768e50b5e96a256a44ab64fb2aecfb752c293e2363afb6139139736,tcc-microservices-experiment-product-1,82.25,83204506,1073741824,7.75,3,66.1MB / 70.3MB,12.7MB / 81.9kB
55,2026-09-10T06:04:22.405306+00:00,111,2026-09-10T06:04:22.034919+00:00,false,microservices,auth,dbecdd5c05676923e0f63a95fad3beb62185559b8b32d7008b846b421c4c4292,tcc-microservices-experiment-auth-1,0.02,82722161,1073741824,7.7,3,45.7kB / 40.3kB,15.5MB / 65.5kB
55,2026-09-10T06:04:22.405306+00:00,111,2026-09-10T06:04:22.034919+00:00,false,microservices,gateway,83a7144435b9491b7fc6d536626277aa73b3445b827c6d23ee828ec83e7ba4b1,tcc-microservices-experiment-gateway-1,28.33,494403584,536870912,92.1,77,60.1MB / 67.2MB,35.8MB / 246kB
55,2026-09-10T06:04:22.405306+00:00,111,2026-09-10T06:04:22.034919+00:00,false,microservices,mysql,d06f9afc3e8b28e9a11d786b4c4bccb84c42eb76a3ae4ab03d4dfd232f91ec9b,tcc-microservices-experiment-mysql-1,25.03,546308096,1073741824,50.88,40,23.7MB / 57.5MB,50MB / 122MB
55,2026-09-10T06:04:22.405306+00:00,111,2026-09-10T06:04:22.034919+00:00,false,microservices,order,de8786e88a8bfcbfd1cb17a98ff48ecc54b0ff9f2e41faba2396bed7e313585a,tcc-microservices-experiment-order-1,0.02,74186752,1073741824,6.91,3,5.31MB / 4.14MB,11MB / 77.8kB
55,2026-09-10T06:04:22.405306+00:00,111,2026-09-10T06:04:22.034919+00:00,false,microservices,product,31ddd7e3c768e50b5e96a256a44ab64fb2aecfb752c293e2363afb6139139736,tcc-microservices-experiment-product-1,81.19,84263567,1073741824,7.85,3,66.9MB / 71.2MB,12.7MB / 81.9kB
56,2026-09-10T06:04:23.405329+00:00,113,2026-09-10T06:04:23.034937+00:00,false,microservices,auth,dbecdd5c05676923e0f63a95fad3beb62185559b8b32d7008b846b421c4c4292,tcc-microservices-experiment-auth-1,0.03,82722161,1073741824,7.7,3,45.8kB / 40.3kB,15.5MB / 65.5kB
56,2026-09-10T06:04:23.405329+00:00,113,2026-09-10T06:04:23.034937+00:00,false,microservices,gateway,83a7144435b9491b7fc6d536626277aa73b3445b827c6d23ee828ec83e7ba4b1,tcc-microservices-experiment-gateway-1,28.42,493459866,536870912,91.92,77,60.9MB / 68MB,35.8MB / 246kB
56,2026-09-10T06:04:23.405329+00:00,113,2026-09-10T06:04:23.034937+00:00,false,microservices,mysql,d06f9afc3e8b28e9a11d786b4c4bccb84c42eb76a3ae4ab03d4dfd232f91ec9b,tcc-microservices-experiment-mysql-1,28.72,547042099,1073741824,50.95,40,23.9MB / 58.1MB,50MB / 122MB
56,2026-09-10T06:04:23.405329+00:00,113,2026-09-10T06:04:23.034937+00:00,false,microservices,order,de8786e88a8bfcbfd1cb17a98ff48ecc54b0ff9f2e41faba2396bed7e313585a,tcc-microservices-experiment-order-1,0.02,74186752,1073741824,6.91,3,5.31MB / 4.14MB,11MB / 77.8kB
56,2026-09-10T06:04:23.405329+00:00,113,2026-09-10T06:04:23.034937+00:00,false,microservices,product,31ddd7e3c768e50b5e96a256a44ab64fb2aecfb752c293e2363afb6139139736,tcc-microservices-experiment-product-1,81.96,83969966,1073741824,7.82,3,67.8MB / 72.1MB,12.7MB / 81.9kB
57,2026-09-10T06:04:24.405331+00:00,115,2026-09-10T06:04:24.034616+00:00,false,microservices,auth,dbecdd5c05676923e0f63a95fad3beb62185559b8b32d7008b846b421c4c4292,tcc-microservices-experiment-auth-1,0.03,82722161,1073741824,7.7,3,45.8kB / 40.3kB,15.5MB / 65.5kB
57,2026-09-10T06:04:24.405331+00:00,115,2026-09-10T06:04:24.034616+00:00,false,microservices,gateway,83a7144435b9491b7fc6d536626277aa73b3445b827c6d23ee828ec83e7ba4b1,tcc-microservices-experiment-gateway-1,32.02,493774438,536870912,91.97,77,61.6MB / 68.9MB,35.8MB / 246kB
57,2026-09-10T06:04:24.405331+00:00,115,2026-09-10T06:04:24.034616+00:00,false,microservices,mysql,d06f9afc3e8b28e9a11d786b4c4bccb84c42eb76a3ae4ab03d4dfd232f91ec9b,tcc-microservices-experiment-mysql-1,28.72,547042099,1073741824,50.95,40,23.9MB / 58.1MB,50MB / 122MB
57,2026-09-10T06:04:24.405331+00:00,115,2026-09-10T06:04:24.034616+00:00,false,microservices,order,de8786e88a8bfcbfd1cb17a98ff48ecc54b0ff9f2e41faba2396bed7e313585a,tcc-microservices-experiment-order-1,0.02,74186752,1073741824,6.91,3,5.31MB / 4.14MB,11MB / 77.8kB
57,2026-09-10T06:04:24.405331+00:00,115,2026-09-10T06:04:24.034616+00:00,false,microservices,product,31ddd7e3c768e50b5e96a256a44ab64fb2aecfb752c293e2363afb6139139736,tcc-microservices-experiment-product-1,81.96,83969966,1073741824,7.82,3,67.8MB / 72.1MB,12.7MB / 81.9kB
58,2026-09-10T06:04:25.405313+00:00,117,2026-09-10T06:04:25.035109+00:00,false,microservices,auth,dbecdd5c05676923e0f63a95fad3beb62185559b8b32d7008b846b421c4c4292,tcc-microservices-experiment-auth-1,0.02,82722161,1073741824,7.7,3,45.8kB / 40.3kB,15.5MB / 65.5kB
58,2026-09-10T06:04:25.405313+00:00,117,2026-09-10T06:04:25.035109+00:00,false,microservices,gateway,83a7144435b9491b7fc6d536626277aa73b3445b827c6d23ee828ec83e7ba4b1,tcc-microservices-experiment-gateway-1,32.02,493774438,536870912,91.97,77,61.6MB / 68.9MB,35.8MB / 246kB
58,2026-09-10T06:04:25.405313+00:00,117,2026-09-10T06:04:25.035109+00:00,false,microservices,mysql,d06f9afc3e8b28e9a11d786b4c4bccb84c42eb76a3ae4ab03d4dfd232f91ec9b,tcc-microservices-experiment-mysql-1,24.55,546098381,1073741824,50.86,40,24.1MB / 58.8MB,50MB / 122MB
58,2026-09-10T06:04:25.405313+00:00,117,2026-09-10T06:04:25.035109+00:00,false,microservices,order,de8786e88a8bfcbfd1cb17a98ff48ecc54b0ff9f2e41faba2396bed7e313585a,tcc-microservices-experiment-order-1,0.02,74186752,1073741824,6.91,3,5.31MB / 4.14MB,11MB / 77.8kB
58,2026-09-10T06:04:25.405313+00:00,117,2026-09-10T06:04:25.035109+00:00,false,microservices,product,31ddd7e3c768e50b5e96a256a44ab64fb2aecfb752c293e2363afb6139139736,tcc-microservices-experiment-product-1,82.3,83623936,1073741824,7.79,3,68.6MB / 73MB,12.7MB / 81.9kB
59,2026-09-10T06:04:26.405302+00:00,119,2026-09-10T06:04:26.036234+00:00,false,microservices,auth,dbecdd5c05676923e0f63a95fad3beb62185559b8b32d7008b846b421c4c4292,tcc-microservices-experiment-auth-1,0.02,82722161,1073741824,7.7,3,45.8kB / 40.3kB,15.5MB / 65.5kB
59,2026-09-10T06:04:26.405302+00:00,119,2026-09-10T06:04:26.036234+00:00,false,microservices,gateway,83a7144435b9491b7fc6d536626277aa73b3445b827c6d23ee828ec83e7ba4b1,tcc-microservices-experiment-gateway-1,28.18,494508442,536870912,92.11,77,62.4MB / 69.7MB,35.8MB / 246kB
59,2026-09-10T06:04:26.405302+00:00,119,2026-09-10T06:04:26.036234+00:00,false,microservices,mysql,d06f9afc3e8b28e9a11d786b4c4bccb84c42eb76a3ae4ab03d4dfd232f91ec9b,tcc-microservices-experiment-mysql-1,29.04,546308096,1073741824,50.88,40,24.4MB / 59.4MB,50MB / 122MB
59,2026-09-10T06:04:26.405302+00:00,119,2026-09-10T06:04:26.036234+00:00,false,microservices,order,de8786e88a8bfcbfd1cb17a98ff48ecc54b0ff9f2e41faba2396bed7e313585a,tcc-microservices-experiment-order-1,0.01,74186752,1073741824,6.91,3,5.31MB / 4.14MB,11MB / 77.8kB
59,2026-09-10T06:04:26.405302+00:00,119,2026-09-10T06:04:26.036234+00:00,false,microservices,product,31ddd7e3c768e50b5e96a256a44ab64fb2aecfb752c293e2363afb6139139736,tcc-microservices-experiment-product-1,81.24,83844137,1073741824,7.81,3,69.4MB / 73.9MB,12.7MB / 81.9kB
60,2026-09-10T06:04:27.405304+00:00,121,2026-09-10T06:04:27.035421+00:00,false,microservices,auth,dbecdd5c05676923e0f63a95fad3beb62185559b8b32d7008b846b421c4c4292,tcc-microservices-experiment-auth-1,0.02,82722161,1073741824,7.7,3,45.8kB / 40.3kB,15.5MB / 65.5kB
60,2026-09-10T06:04:27.405304+00:00,121,2026-09-10T06:04:27.035421+00:00,false,microservices,gateway,83a7144435b9491b7fc6d536626277aa73b3445b827c6d23ee828ec83e7ba4b1,tcc-microservices-experiment-gateway-1,28.42,493355008,536870912,91.89,77,63.1MB / 70.5MB,35.8MB / 246kB
60,2026-09-10T06:04:27.405304+00:00,121,2026-09-10T06:04:27.035421+00:00,false,microservices,mysql,d06f9afc3e8b28e9a11d786b4c4bccb84c42eb76a3ae4ab03d4dfd232f91ec9b,tcc-microservices-experiment-mysql-1,23.87,546203238,1073741824,50.87,40,24.6MB / 60.1MB,50MB / 122MB
60,2026-09-10T06:04:27.405304+00:00,121,2026-09-10T06:04:27.035421+00:00,false,microservices,order,de8786e88a8bfcbfd1cb17a98ff48ecc54b0ff9f2e41faba2396bed7e313585a,tcc-microservices-experiment-order-1,0.02,74186752,1073741824,6.91,3,5.31MB / 4.14MB,11MB / 77.8kB
60,2026-09-10T06:04:27.405304+00:00,121,2026-09-10T06:04:27.035421+00:00,false,microservices,product,31ddd7e3c768e50b5e96a256a44ab64fb2aecfb752c293e2363afb6139139736,tcc-microservices-experiment-product-1,83.05,83770737,1073741824,7.8,3,70.2MB / 74.8MB,12.7MB / 81.9kB
61,2026-09-10T06:04:28.405307+00:00,123,2026-09-10T06:04:28.037105+00:00,false,microservices,auth,dbecdd5c05676923e0f63a95fad3beb62185559b8b32d7008b846b421c4c4292,tcc-microservices-experiment-auth-1,0.02,82722161,1073741824,7.7,3,45.8kB / 40.3kB,15.5MB / 65.5kB
61,2026-09-10T06:04:28.405307+00:00,123,2026-09-10T06:04:28.037105+00:00,false,microservices,gateway,83a7144435b9491b7fc6d536626277aa73b3445b827c6d23ee828ec83e7ba4b1,tcc-microservices-experiment-gateway-1,30.55,493774438,536870912,91.97,77,63.9MB / 71.4MB,35.8MB / 246kB
61,2026-09-10T06:04:28.405307+00:00,123,2026-09-10T06:04:28.037105+00:00,false,microservices,mysql,d06f9afc3e8b28e9a11d786b4c4bccb84c42eb76a3ae4ab03d4dfd232f91ec9b,tcc-microservices-experiment-mysql-1,27.9,546203238,1073741824,50.87,40,24.9MB / 60.7MB,50MB / 122MB
61,2026-09-10T06:04:28.405307+00:00,123,2026-09-10T06:04:28.037105+00:00,false,microservices,order,de8786e88a8bfcbfd1cb17a98ff48ecc54b0ff9f2e41faba2396bed7e313585a,tcc-microservices-experiment-order-1,0.02,74186752,1073741824,6.91,3,5.31MB / 4.14MB,11MB / 77.8kB
61,2026-09-10T06:04:28.405307+00:00,123,2026-09-10T06:04:28.037105+00:00,false,microservices,product,31ddd7e3c768e50b5e96a256a44ab64fb2aecfb752c293e2363afb6139139736,tcc-microservices-experiment-product-1,82.76,83907052,1073741824,7.81,3,71.1MB / 75.7MB,12.7MB / 81.9kB
62,2026-09-10T06:04:29.405309+00:00,125,2026-09-10T06:04:29.035324+00:00,false,microservices,auth,dbecdd5c05676923e0f63a95fad3beb62185559b8b32d7008b846b421c4c4292,tcc-microservices-experiment-auth-1,0.02,82722161,1073741824,7.7,3,45.8kB / 40.3kB,15.5MB / 65.5kB
62,2026-09-10T06:04:29.405309+00:00,125,2026-09-10T06:04:29.035324+00:00,false,microservices,gateway,83a7144435b9491b7fc6d536626277aa73b3445b827c6d23ee828ec83e7ba4b1,tcc-microservices-experiment-gateway-1,28.46,493250150,536870912,91.88,77,64.6MB / 72.2MB,35.8MB / 246kB
62,2026-09-10T06:04:29.405309+00:00,125,2026-09-10T06:04:29.035324+00:00,false,microservices,mysql,d06f9afc3e8b28e9a11d786b4c4bccb84c42eb76a3ae4ab03d4dfd232f91ec9b,tcc-microservices-experiment-mysql-1,24.44,546098381,1073741824,50.86,40,25.1MB / 61.4MB,50MB / 122MB
62,2026-09-10T06:04:29.405309+00:00,125,2026-09-10T06:04:29.035324+00:00,false,microservices,order,de8786e88a8bfcbfd1cb17a98ff48ecc54b0ff9f2e41faba2396bed7e313585a,tcc-microservices-experiment-order-1,0.02,74186752,1073741824,6.91,3,5.31MB / 4.14MB,11MB / 77.8kB
62,2026-09-10T06:04:29.405309+00:00,125,2026-09-10T06:04:29.035324+00:00,false,microservices,product,31ddd7e3c768e50b5e96a256a44ab64fb2aecfb752c293e2363afb6139139736,tcc-microservices-experiment-product-1,81.76,83214991,1073741824,7.75,3,71.9MB / 76.6MB,12.7MB / 81.9kB
63,2026-09-10T06:04:30.405332+00:00,127,2026-09-10T06:04:30.036412+00:00,false,microservices,auth,dbecdd5c05676923e0f63a95fad3beb62185559b8b32d7008b846b421c4c4292,tcc-microservices-experiment-auth-1,0.02,82722161,1073741824,7.7,3,45.8kB / 40.3kB,15.5MB / 65.5kB
63,2026-09-10T06:04:30.405332+00:00,127,2026-09-10T06:04:30.036412+00:00,false,microservices,gateway,83a7144435b9491b7fc6d536626277aa73b3445b827c6d23ee828ec83e7ba4b1,tcc-microservices-experiment-gateway-1,28.96,493459866,536870912,91.92,77,65.4MB / 73MB,35.8MB / 246kB
63,2026-09-10T06:04:30.405332+00:00,127,2026-09-10T06:04:30.036412+00:00,false,microservices,mysql,d06f9afc3e8b28e9a11d786b4c4bccb84c42eb76a3ae4ab03d4dfd232f91ec9b,tcc-microservices-experiment-mysql-1,28.69,547356672,1073741824,50.98,40,25.3MB / 62MB,50MB / 122MB
63,2026-09-10T06:04:30.405332+00:00,127,2026-09-10T06:04:30.036412+00:00,false,microservices,order,de8786e88a8bfcbfd1cb17a98ff48ecc54b0ff9f2e41faba2396bed7e313585a,tcc-microservices-experiment-order-1,0.02,74186752,1073741824,6.91,3,5.31MB / 4.14MB,11MB / 77.8kB
63,2026-09-10T06:04:30.405332+00:00,127,2026-09-10T06:04:30.036412+00:00,false,microservices,product,31ddd7e3c768e50b5e96a256a44ab64fb2aecfb752c293e2363afb6139139736,tcc-microservices-experiment-product-1,81.98,83959480,1073741824,7.82,3,72.7MB / 77.4MB,12.7MB / 81.9kB
64,2026-09-10T06:04:31.405328+00:00,129,2026-09-10T06:04:31.034772+00:00,false,microservices,auth,dbecdd5c05676923e0f63a95fad3beb62185559b8b32d7008b846b421c4c4292,tcc-microservices-experiment-auth-1,0.02,82722161,1073741824,7.7,3,45.8kB / 40.3kB,15.5MB / 65.5kB
64,2026-09-10T06:04:31.405328+00:00,129,2026-09-10T06:04:31.034772+00:00,false,microservices,gateway,83a7144435b9491b7fc6d536626277aa73b3445b827c6d23ee828ec83e7ba4b1,tcc-microservices-experiment-gateway-1,31.96,493250150,536870912,91.88,77,66.2MB / 73.9MB,35.8MB / 246kB
64,2026-09-10T06:04:31.405328+00:00,129,2026-09-10T06:04:31.034772+00:00,false,microservices,mysql,d06f9afc3e8b28e9a11d786b4c4bccb84c42eb76a3ae4ab03d4dfd232f91ec9b,tcc-microservices-experiment-mysql-1,23.33,546727526,1073741824,50.92,40,25.6MB / 62.6MB,50MB / 122MB
64,2026-09-10T06:04:31.405328+00:00,129,2026-09-10T06:04:31.034772+00:00,false,microservices,order,de8786e88a8bfcbfd1cb17a98ff48ecc54b0ff9f2e41faba2396bed7e313585a,tcc-microservices-experiment-order-1,0.02,74186752,1073741824,6.91,3,5.31MB / 4.14MB,11MB / 77.8kB
64,2026-09-10T06:04:31.405328+00:00,129,2026-09-10T06:04:31.034772+00:00,false,microservices,product,31ddd7e3c768e50b5e96a256a44ab64fb2aecfb752c293e2363afb6139139736,tcc-microservices-experiment-product-1,83.39,84106281,1073741824,7.83,3,73.5MB / 78.3MB,12.7MB / 81.9kB
65,2026-09-10T06:04:32.405331+00:00,131,2026-09-10T06:04:32.036904+00:00,false,microservices,auth,dbecdd5c05676923e0f63a95fad3beb62185559b8b32d7008b846b421c4c4292,tcc-microservices-experiment-auth-1,0.02,82722161,1073741824,7.7,3,45.9kB / 40.3kB,15.5MB / 65.5kB
65,2026-09-10T06:04:32.405331+00:00,131,2026-09-10T06:04:32.036904+00:00,false,microservices,gateway,83a7144435b9491b7fc6d536626277aa73b3445b827c6d23ee828ec83e7ba4b1,tcc-microservices-experiment-gateway-1,30.08,493984154,536870912,92.01,77,66.9MB / 74.7MB,35.8MB / 246kB
65,2026-09-10T06:04:32.405331+00:00,131,2026-09-10T06:04:32.036904+00:00,false,microservices,mysql,d06f9afc3e8b28e9a11d786b4c4bccb84c42eb76a3ae4ab03d4dfd232f91ec9b,tcc-microservices-experiment-mysql-1,30.09,547671245,1073741824,51.01,40,25.8MB / 63.3MB,50MB / 122MB
65,2026-09-10T06:04:32.405331+00:00,131,2026-09-10T06:04:32.036904+00:00,false,microservices,order,de8786e88a8bfcbfd1cb17a98ff48ecc54b0ff9f2e41faba2396bed7e313585a,tcc-microservices-experiment-order-1,0.01,74186752,1073741824,6.91,3,5.31MB / 4.14MB,11MB / 77.8kB
65,2026-09-10T06:04:32.405331+00:00,131,2026-09-10T06:04:32.036904+00:00,false,microservices,product,31ddd7e3c768e50b5e96a256a44ab64fb2aecfb752c293e2363afb6139139736,tcc-microservices-experiment-product-1,80.37,83948995,1073741824,7.82,3,74.4MB / 79.2MB,12.7MB / 81.9kB
66,2026-09-10T06:04:33.405331+00:00,133,2026-09-10T06:04:33.034886+00:00,false,microservices,auth,dbecdd5c05676923e0f63a95fad3beb62185559b8b32d7008b846b421c4c4292,tcc-microservices-experiment-auth-1,0.02,82722161,1073741824,7.7,3,45.9kB / 40.3kB,15.5MB / 65.5kB
66,2026-09-10T06:04:33.405331+00:00,133,2026-09-10T06:04:33.034886+00:00,false,microservices,gateway,83a7144435b9491b7fc6d536626277aa73b3445b827c6d23ee828ec83e7ba4b1,tcc-microservices-experiment-gateway-1,28.61,493774438,536870912,91.97,77,67.6MB / 75.5MB,35.8MB / 246kB
66,2026-09-10T06:04:33.405331+00:00,133,2026-09-10T06:04:33.034886+00:00,false,microservices,mysql,d06f9afc3e8b28e9a11d786b4c4bccb84c42eb76a3ae4ab03d4dfd232f91ec9b,tcc-microservices-experiment-mysql-1,24.85,547042099,1073741824,50.95,40,26MB / 63.9MB,50MB / 122MB
66,2026-09-10T06:04:33.405331+00:00,133,2026-09-10T06:04:33.034886+00:00,false,microservices,order,de8786e88a8bfcbfd1cb17a98ff48ecc54b0ff9f2e41faba2396bed7e313585a,tcc-microservices-experiment-order-1,0.02,74186752,1073741824,6.91,3,5.31MB / 4.14MB,11MB / 77.8kB
66,2026-09-10T06:04:33.405331+00:00,133,2026-09-10T06:04:33.034886+00:00,false,microservices,product,31ddd7e3c768e50b5e96a256a44ab64fb2aecfb752c293e2363afb6139139736,tcc-microservices-experiment-product-1,81.61,84357939,1073741824,7.86,3,75.2MB / 80.1MB,12.7MB / 81.9kB
67,2026-09-10T06:04:34.405336+00:00,135,2026-09-10T06:04:34.036391+00:00,false,microservices,auth,dbecdd5c05676923e0f63a95fad3beb62185559b8b32d7008b846b421c4c4292,tcc-microservices-experiment-auth-1,0.02,82722161,1073741824,7.7,3,45.9kB / 40.3kB,15.5MB / 65.5kB
67,2026-09-10T06:04:34.405336+00:00,135,2026-09-10T06:04:34.036391+00:00,false,microservices,gateway,83a7144435b9491b7fc6d536626277aa73b3445b827c6d23ee828ec83e7ba4b1,tcc-microservices-experiment-gateway-1,28.19,493355008,536870912,91.89,77,68.4MB / 76.4MB,35.8MB / 258kB
67,2026-09-10T06:04:34.405336+00:00,135,2026-09-10T06:04:34.036391+00:00,false,microservices,mysql,d06f9afc3e8b28e9a11d786b4c4bccb84c42eb76a3ae4ab03d4dfd232f91ec9b,tcc-microservices-experiment-mysql-1,29.17,546937242,1073741824,50.93,40,26.3MB / 64.6MB,50MB / 122MB
67,2026-09-10T06:04:34.405336+00:00,135,2026-09-10T06:04:34.036391+00:00,false,microservices,order,de8786e88a8bfcbfd1cb17a98ff48ecc54b0ff9f2e41faba2396bed7e313585a,tcc-microservices-experiment-order-1,0.02,74186752,1073741824,6.91,3,5.31MB / 4.14MB,11MB / 77.8kB
67,2026-09-10T06:04:34.405336+00:00,135,2026-09-10T06:04:34.036391+00:00,false,microservices,product,31ddd7e3c768e50b5e96a256a44ab64fb2aecfb752c293e2363afb6139139736,tcc-microservices-experiment-product-1,81.88,84148224,1073741824,7.84,3,76MB / 80.9MB,12.7MB / 81.9kB
68,2026-09-10T06:04:35.405330+00:00,137,2026-09-10T06:04:35.034681+00:00,false,microservices,auth,dbecdd5c05676923e0f63a95fad3beb62185559b8b32d7008b846b421c4c4292,tcc-microservices-experiment-auth-1,0.02,82722161,1073741824,7.7,3,45.9kB / 40.3kB,15.5MB / 65.5kB
68,2026-09-10T06:04:35.405330+00:00,137,2026-09-10T06:04:35.034681+00:00,false,microservices,gateway,83a7144435b9491b7fc6d536626277aa73b3445b827c6d23ee828ec83e7ba4b1,tcc-microservices-experiment-gateway-1,28.04,493669581,536870912,91.96,77,69.1MB / 77.2MB,35.8MB / 258kB
68,2026-09-10T06:04:35.405330+00:00,137,2026-09-10T06:04:35.034681+00:00,false,microservices,mysql,d06f9afc3e8b28e9a11d786b4c4bccb84c42eb76a3ae4ab03d4dfd232f91ec9b,tcc-microservices-experiment-mysql-1,24.11,546517811,1073741824,50.9,40,26.5MB / 65.2MB,50MB / 122MB
68,2026-09-10T06:04:35.405330+00:00,137,2026-09-10T06:04:35.034681+00:00,false,microservices,order,de8786e88a8bfcbfd1cb17a98ff48ecc54b0ff9f2e41faba2396bed7e313585a,tcc-microservices-experiment-order-1,0.02,74186752,1073741824,6.91,3,5.31MB / 4.14MB,11MB / 77.8kB
68,2026-09-10T06:04:35.405330+00:00,137,2026-09-10T06:04:35.034681+00:00,false,microservices,product,31ddd7e3c768e50b5e96a256a44ab64fb2aecfb752c293e2363afb6139139736,tcc-microservices-experiment-product-1,82.23,83823165,1073741824,7.81,3,76.8MB / 81.8MB,12.7MB / 1.34MB
69,2026-09-10T06:04:36.405337+00:00,139,2026-09-10T06:04:36.036271+00:00,false,microservices,auth,dbecdd5c05676923e0f63a95fad3beb62185559b8b32d7008b846b421c4c4292,tcc-microservices-experiment-auth-1,0.02,82722161,1073741824,7.7,3,45.9kB / 40.3kB,15.5MB / 65.5kB
69,2026-09-10T06:04:36.405337+00:00,139,2026-09-10T06:04:36.036271+00:00,false,microservices,gateway,83a7144435b9491b7fc6d536626277aa73b3445b827c6d23ee828ec83e7ba4b1,tcc-microservices-experiment-gateway-1,29.1,494089011,536870912,92.02,77,69.9MB / 78MB,35.8MB / 258kB
69,2026-09-10T06:04:36.405337+00:00,139,2026-09-10T06:04:36.036271+00:00,false,microservices,mysql,d06f9afc3e8b28e9a11d786b4c4bccb84c42eb76a3ae4ab03d4dfd232f91ec9b,tcc-microservices-experiment-mysql-1,28.07,546517811,1073741824,50.9,40,26.8MB / 65.8MB,50MB / 122MB
69,2026-09-10T06:04:36.405337+00:00,139,2026-09-10T06:04:36.036271+00:00,false,microservices,order,de8786e88a8bfcbfd1cb17a98ff48ecc54b0ff9f2e41faba2396bed7e313585a,tcc-microservices-experiment-order-1,0.02,74186752,1073741824,6.91,3,5.31MB / 4.14MB,11MB / 77.8kB
69,2026-09-10T06:04:36.405337+00:00,139,2026-09-10T06:04:36.036271+00:00,false,microservices,product,31ddd7e3c768e50b5e96a256a44ab64fb2aecfb752c293e2363afb6139139736,tcc-microservices-experiment-product-1,83.41,84137738,1073741824,7.84,3,77.7MB / 82.7MB,12.7MB / 1.34MB
70,2026-09-10T06:04:37.405339+00:00,141,2026-09-10T06:04:37.034889+00:00,false,microservices,auth,dbecdd5c05676923e0f63a95fad3beb62185559b8b32d7008b846b421c4c4292,tcc-microservices-experiment-auth-1,0.02,82722161,1073741824,7.7,3,45.9kB / 40.3kB,15.5MB / 65.5kB
70,2026-09-10T06:04:37.405339+00:00,141,2026-09-10T06:04:37.034889+00:00,false,microservices,gateway,83a7144435b9491b7fc6d536626277aa73b3445b827c6d23ee828ec83e7ba4b1,tcc-microservices-experiment-gateway-1,28.32,494089011,536870912,92.02,77,70.6MB / 78.9MB,35.8MB / 258kB
70,2026-09-10T06:04:37.405339+00:00,141,2026-09-10T06:04:37.034889+00:00,false,microservices,mysql,d06f9afc3e8b28e9a11d786b4c4bccb84c42eb76a3ae4ab03d4dfd232f91ec9b,tcc-microservices-experiment-mysql-1,25.42,547251814,1073741824,50.96,40,27MB / 66.5MB,50MB / 122MB
70,2026-09-10T06:04:37.405339+00:00,141,2026-09-10T06:04:37.034889+00:00,false,microservices,order,de8786e88a8bfcbfd1cb17a98ff48ecc54b0ff9f2e41faba2396bed7e313585a,tcc-microservices-experiment-order-1,0.01,74186752,1073741824,6.91,3,5.31MB / 4.14MB,11MB / 77.8kB
70,2026-09-10T06:04:37.405339+00:00,141,2026-09-10T06:04:37.034889+00:00,false,microservices,product,31ddd7e3c768e50b5e96a256a44ab64fb2aecfb752c293e2363afb6139139736,tcc-microservices-experiment-product-1,81.16,83938509,1073741824,7.82,3,78.5MB / 83.6MB,12.7MB / 1.34MB
71,2026-09-10T06:04:38.405324+00:00,143,2026-09-10T06:04:38.036329+00:00,false,microservices,auth,dbecdd5c05676923e0f63a95fad3beb62185559b8b32d7008b846b421c4c4292,tcc-microservices-experiment-auth-1,0.03,82722161,1073741824,7.7,3,45.9kB / 40.3kB,15.5MB / 65.5kB
71,2026-09-10T06:04:38.405324+00:00,143,2026-09-10T06:04:38.036329+00:00,false,microservices,gateway,83a7144435b9491b7fc6d536626277aa73b3445b827c6d23ee828ec83e7ba4b1,tcc-microservices-experiment-gateway-1,28.01,494193869,536870912,92.04,77,71.4MB / 79.7MB,35.8MB / 258kB
71,2026-09-10T06:04:38.405324+00:00,143,2026-09-10T06:04:38.036329+00:00,false,microservices,mysql,d06f9afc3e8b28e9a11d786b4c4bccb84c42eb76a3ae4ab03d4dfd232f91ec9b,tcc-microservices-experiment-mysql-1,29.69,547146957,1073741824,50.96,40,27.2MB / 67.1MB,50MB / 122MB
71,2026-09-10T06:04:38.405324+00:00,143,2026-09-10T06:04:38.036329+00:00,false,microservices,order,de8786e88a8bfcbfd1cb17a98ff48ecc54b0ff9f2e41faba2396bed7e313585a,tcc-microservices-experiment-order-1,0.02,74186752,1073741824,6.91,3,5.31MB / 4.14MB,11MB / 77.8kB
71,2026-09-10T06:04:38.405324+00:00,143,2026-09-10T06:04:38.036329+00:00,false,microservices,product,31ddd7e3c768e50b5e96a256a44ab64fb2aecfb752c293e2363afb6139139736,tcc-microservices-experiment-product-1,79.82,83634422,1073741824,7.79,3,79.3MB / 84.5MB,12.7MB / 1.34MB
72,2026-09-10T06:04:39.405334+00:00,145,2026-09-10T06:04:39.035623+00:00,false,microservices,auth,dbecdd5c05676923e0f63a95fad3beb62185559b8b32d7008b846b421c4c4292,tcc-microservices-experiment-auth-1,0.02,82722161,1073741824,7.7,3,45.9kB / 40.3kB,15.5MB / 65.5kB
72,2026-09-10T06:04:39.405334+00:00,145,2026-09-10T06:04:39.035623+00:00,false,microservices,gateway,83a7144435b9491b7fc6d536626277aa73b3445b827c6d23ee828ec83e7ba4b1,tcc-microservices-experiment-gateway-1,31.11,494403584,536870912,92.09,77,72.1MB / 80.5MB,35.8MB / 258kB
72,2026-09-10T06:04:39.405334+00:00,145,2026-09-10T06:04:39.035623+00:00,false,microservices,mysql,d06f9afc3e8b28e9a11d786b4c4bccb84c42eb76a3ae4ab03d4dfd232f91ec9b,tcc-microservices-experiment-mysql-1,25.57,547146957,1073741824,50.96,40,27.5MB / 67.7MB,50MB / 122MB
72,2026-09-10T06:04:39.405334+00:00,145,2026-09-10T06:04:39.035623+00:00,false,microservices,order,de8786e88a8bfcbfd1cb17a98ff48ecc54b0ff9f2e41faba2396bed7e313585a,tcc-microservices-experiment-order-1,0.02,74186752,1073741824,6.91,3,5.31MB / 4.14MB,11MB / 77.8kB
72,2026-09-10T06:04:39.405334+00:00,145,2026-09-10T06:04:39.035623+00:00,false,microservices,product,31ddd7e3c768e50b5e96a256a44ab64fb2aecfb752c293e2363afb6139139736,tcc-microservices-experiment-product-1,80.5,84494254,1073741824,7.87,3,80.1MB / 85.3MB,12.7MB / 1.34MB
73,2026-09-10T06:04:40.405328+00:00,147,2026-09-10T06:04:40.036252+00:00,false,microservices,auth,dbecdd5c05676923e0f63a95fad3beb62185559b8b32d7008b846b421c4c4292,tcc-microservices-experiment-auth-1,0.02,82722161,1073741824,7.7,3,45.9kB / 40.3kB,15.5MB / 65.5kB
73,2026-09-10T06:04:40.405328+00:00,147,2026-09-10T06:04:40.036252+00:00,false,microservices,gateway,83a7144435b9491b7fc6d536626277aa73b3445b827c6d23ee828ec83e7ba4b1,tcc-microservices-experiment-gateway-1,28.97,494193869,536870912,92.06,77,72.8MB / 81.3MB,35.8MB / 258kB
73,2026-09-10T06:04:40.405328+00:00,147,2026-09-10T06:04:40.036252+00:00,false,microservices,mysql,d06f9afc3e8b28e9a11d786b4c4bccb84c42eb76a3ae4ab03d4dfd232f91ec9b,tcc-microservices-experiment-mysql-1,31.36,546203238,1073741824,50.87,40,27.7MB / 68.4MB,50MB / 122MB
73,2026-09-10T06:04:40.405328+00:00,147,2026-09-10T06:04:40.036252+00:00,false,microservices,order,de8786e88a8bfcbfd1cb17a98ff48ecc54b0ff9f2e41faba2396bed7e313585a,tcc-microservices-experiment-order-1,0.02,74186752,1073741824,6.91,3,5.31MB / 4.14MB,11MB / 77.8kB
73,2026-09-10T06:04:40.405328+00:00,147,2026-09-10T06:04:40.036252+00:00,false,microservices,product,31ddd7e3c768e50b5e96a256a44ab64fb2aecfb752c293e2363afb6139139736,tcc-microservices-experiment-product-1,79.34,84116767,1073741824,7.83,3,80.9MB / 86.2MB,12.7MB / 1.34MB
74,2026-09-10T06:04:41.405310+00:00,149,2026-09-10T06:04:41.036409+00:00,false,microservices,auth,dbecdd5c05676923e0f63a95fad3beb62185559b8b32d7008b846b421c4c4292,tcc-microservices-experiment-auth-1,0.02,82722161,1073741824,7.7,3,45.9kB / 40.3kB,15.5MB / 65.5kB
74,2026-09-10T06:04:41.405310+00:00,149,2026-09-10T06:04:41.036409+00:00,false,microservices,gateway,83a7144435b9491b7fc6d536626277aa73b3445b827c6d23ee828ec83e7ba4b1,tcc-microservices-experiment-gateway-1,29.91,494193869,536870912,92.06,77,73.6MB / 82.1MB,35.8MB / 258kB
74,2026-09-10T06:04:41.405310+00:00,149,2026-09-10T06:04:41.036409+00:00,false,microservices,mysql,d06f9afc3e8b28e9a11d786b4c4bccb84c42eb76a3ae4ab03d4dfd232f91ec9b,tcc-microservices-experiment-mysql-1,26.71,546622669,1073741824,50.91,40,27.9MB / 69MB,50MB / 122MB
74,2026-09-10T06:04:41.405310+00:00,149,2026-09-10T06:04:41.036409+00:00,false,microservices,order,de8786e88a8bfcbfd1cb17a98ff48ecc54b0ff9f2e41faba2396bed7e313585a,tcc-microservices-experiment-order-1,0.02,74186752,1073741824,6.91,3,5.31MB / 4.14MB,11MB / 77.8kB
74,2026-09-10T06:04:41.405310+00:00,149,2026-09-10T06:04:41.036409+00:00,false,microservices,product,31ddd7e3c768e50b5e96a256a44ab64fb2aecfb752c293e2363afb6139139736,tcc-microservices-experiment-product-1,80.03,83844137,1073741824,7.81,3,81.7MB / 87.1MB,12.7MB / 1.34MB
75,2026-09-10T06:04:42.405325+00:00,151,2026-09-10T06:04:42.036344+00:00,false,microservices,auth,dbecdd5c05676923e0f63a95fad3beb62185559b8b32d7008b846b421c4c4292,tcc-microservices-experiment-auth-1,0.02,82722161,1073741824,7.7,3,45.9kB / 40.3kB,15.5MB / 65.5kB
75,2026-09-10T06:04:42.405325+00:00,151,2026-09-10T06:04:42.036344+00:00,false,microservices,gateway,83a7144435b9491b7fc6d536626277aa73b3445b827c6d23ee828ec83e7ba4b1,tcc-microservices-experiment-gateway-1,29.26,494193869,536870912,92.06,77,74.3MB / 83MB,35.8MB / 258kB
75,2026-09-10T06:04:42.405325+00:00,151,2026-09-10T06:04:42.036344+00:00,false,microservices,mysql,d06f9afc3e8b28e9a11d786b4c4bccb84c42eb76a3ae4ab03d4dfd232f91ec9b,tcc-microservices-experiment-mysql-1,28.43,546622669,1073741824,50.91,40,28.2MB / 69.7MB,50MB / 122MB
75,2026-09-10T06:04:42.405325+00:00,151,2026-09-10T06:04:42.036344+00:00,false,microservices,order,de8786e88a8bfcbfd1cb17a98ff48ecc54b0ff9f2e41faba2396bed7e313585a,tcc-microservices-experiment-order-1,0.02,74186752,1073741824,6.91,3,5.31MB / 4.14MB,11MB / 77.8kB
75,2026-09-10T06:04:42.405325+00:00,151,2026-09-10T06:04:42.036344+00:00,false,microservices,product,31ddd7e3c768e50b5e96a256a44ab64fb2aecfb752c293e2363afb6139139736,tcc-microservices-experiment-product-1,82.23,84326482,1073741824,7.85,3,82.5MB / 87.9MB,12.7MB / 1.34MB
76,2026-09-10T06:04:43.405308+00:00,153,2026-09-10T06:04:43.036537+00:00,false,microservices,auth,dbecdd5c05676923e0f63a95fad3beb62185559b8b32d7008b846b421c4c4292,tcc-microservices-experiment-auth-1,0.02,82722161,1073741824,7.7,3,45.9kB / 40.3kB,15.5MB / 65.5kB
76,2026-09-10T06:04:43.405308+00:00,153,2026-09-10T06:04:43.036537+00:00,false,microservices,gateway,83a7144435b9491b7fc6d536626277aa73b3445b827c6d23ee828ec83e7ba4b1,tcc-microservices-experiment-gateway-1,29.44,493774438,536870912,91.97,77,75MB / 83.8MB,35.8MB / 258kB
76,2026-09-10T06:04:43.405308+00:00,153,2026-09-10T06:04:43.036537+00:00,false,microservices,mysql,d06f9afc3e8b28e9a11d786b4c4bccb84c42eb76a3ae4ab03d4dfd232f91ec9b,tcc-microservices-experiment-mysql-1,25.76,546203238,1073741824,50.87,40,28.4MB / 70.3MB,50MB / 122MB
76,2026-09-10T06:04:43.405308+00:00,153,2026-09-10T06:04:43.036537+00:00,false,microservices,order,de8786e88a8bfcbfd1cb17a98ff48ecc54b0ff9f2e41faba2396bed7e313585a,tcc-microservices-experiment-order-1,0.02,74186752,1073741824,6.91,3,5.31MB / 4.14MB,11MB / 77.8kB
76,2026-09-10T06:04:43.405308+00:00,153,2026-09-10T06:04:43.036537+00:00,false,microservices,product,31ddd7e3c768e50b5e96a256a44ab64fb2aecfb752c293e2363afb6139139736,tcc-microservices-experiment-product-1,80.93,83707822,1073741824,7.8,3,83.4MB / 88.8MB,12.7MB / 1.34MB
77,2026-09-10T06:04:44.405333+00:00,155,2026-09-10T06:04:44.036447+00:00,false,microservices,auth,dbecdd5c05676923e0f63a95fad3beb62185559b8b32d7008b846b421c4c4292,tcc-microservices-experiment-auth-1,0.02,82722161,1073741824,7.7,3,45.9kB / 40.3kB,15.5MB / 65.5kB
77,2026-09-10T06:04:44.405333+00:00,155,2026-09-10T06:04:44.036447+00:00,false,microservices,gateway,83a7144435b9491b7fc6d536626277aa73b3445b827c6d23ee828ec83e7ba4b1,tcc-microservices-experiment-gateway-1,29.22,494193869,536870912,92.04,77,75.8MB / 84.6MB,35.8MB / 258kB
77,2026-09-10T06:04:44.405333+00:00,155,2026-09-10T06:04:44.036447+00:00,false,microservices,mysql,d06f9afc3e8b28e9a11d786b4c4bccb84c42eb76a3ae4ab03d4dfd232f91ec9b,tcc-microservices-experiment-mysql-1,29.84,547146957,1073741824,50.96,40,28.6MB / 70.9MB,50MB / 122MB
77,2026-09-10T06:04:44.405333+00:00,155,2026-09-10T06:04:44.036447+00:00,false,microservices,order,de8786e88a8bfcbfd1cb17a98ff48ecc54b0ff9f2e41faba2396bed7e313585a,tcc-microservices-experiment-order-1,0.01,74186752,1073741824,6.91,3,5.31MB / 4.14MB,11MB / 77.8kB
77,2026-09-10T06:04:44.405333+00:00,155,2026-09-10T06:04:44.036447+00:00,false,microservices,product,31ddd7e3c768e50b5e96a256a44ab64fb2aecfb752c293e2363afb6139139736,tcc-microservices-experiment-product-1,81.27,83110134,1073741824,7.74,3,84.2MB / 89.7MB,12.7MB / 1.34MB
78,2026-09-10T06:04:45.405345+00:00,157,2026-09-10T06:04:45.036221+00:00,false,microservices,auth,dbecdd5c05676923e0f63a95fad3beb62185559b8b32d7008b846b421c4c4292,tcc-microservices-experiment-auth-1,0.02,82722161,1073741824,7.7,3,45.9kB / 40.3kB,15.5MB / 65.5kB
78,2026-09-10T06:04:45.405345+00:00,157,2026-09-10T06:04:45.036221+00:00,false,microservices,gateway,83a7144435b9491b7fc6d536626277aa73b3445b827c6d23ee828ec83e7ba4b1,tcc-microservices-experiment-gateway-1,28.91,493669581,536870912,91.95,77,76.5MB / 85.4MB,35.8MB / 258kB
78,2026-09-10T06:04:45.405345+00:00,157,2026-09-10T06:04:45.036221+00:00,false,microservices,mysql,d06f9afc3e8b28e9a11d786b4c4bccb84c42eb76a3ae4ab03d4dfd232f91ec9b,tcc-microservices-experiment-mysql-1,25.54,546412954,1073741824,50.89,40,28.9MB / 71.6MB,50MB / 122MB
78,2026-09-10T06:04:45.405345+00:00,157,2026-09-10T06:04:45.036221+00:00,false,microservices,order,de8786e88a8bfcbfd1cb17a98ff48ecc54b0ff9f2e41faba2396bed7e313585a,tcc-microservices-experiment-order-1,0.02,74186752,1073741824,6.91,3,5.31MB / 4.14MB,11MB / 77.8kB
78,2026-09-10T06:04:45.405345+00:00,157,2026-09-10T06:04:45.036221+00:00,false,microservices,product,31ddd7e3c768e50b5e96a256a44ab64fb2aecfb752c293e2363afb6139139736,tcc-microservices-experiment-product-1,81.65,83980452,1073741824,7.82,3,85MB / 90.6MB,12.7MB / 1.34MB
79,2026-09-10T06:04:46.405326+00:00,159,2026-09-10T06:04:46.036912+00:00,false,microservices,auth,dbecdd5c05676923e0f63a95fad3beb62185559b8b32d7008b846b421c4c4292,tcc-microservices-experiment-auth-1,0.02,82722161,1073741824,7.7,3,45.9kB / 40.3kB,15.5MB / 65.5kB
79,2026-09-10T06:04:46.405326+00:00,159,2026-09-10T06:04:46.036912+00:00,false,microservices,gateway,83a7144435b9491b7fc6d536626277aa73b3445b827c6d23ee828ec83e7ba4b1,tcc-microservices-experiment-gateway-1,31.59,494403584,536870912,92.1,77,77.3MB / 86.3MB,35.8MB / 258kB
79,2026-09-10T06:04:46.405326+00:00,159,2026-09-10T06:04:46.036912+00:00,false,microservices,mysql,d06f9afc3e8b28e9a11d786b4c4bccb84c42eb76a3ae4ab03d4dfd232f91ec9b,tcc-microservices-experiment-mysql-1,29.57,546937242,1073741824,50.94,40,29.1MB / 72.2MB,50MB / 122MB
79,2026-09-10T06:04:46.405326+00:00,159,2026-09-10T06:04:46.036912+00:00,false,microservices,order,de8786e88a8bfcbfd1cb17a98ff48ecc54b0ff9f2e41faba2396bed7e313585a,tcc-microservices-experiment-order-1,0.01,74186752,1073741824,6.91,3,5.31MB / 4.14MB,11MB / 77.8kB
79,2026-09-10T06:04:46.405326+00:00,159,2026-09-10T06:04:46.036912+00:00,false,microservices,product,31ddd7e3c768e50b5e96a256a44ab64fb2aecfb752c293e2363afb6139139736,tcc-microservices-experiment-product-1,80.96,84158710,1073741824,7.84,3,85.8MB / 91.4MB,12.7MB / 1.34MB
80,2026-09-10T06:04:47.405306+00:00,161,2026-09-10T06:04:47.037080+00:00,false,microservices,auth,dbecdd5c05676923e0f63a95fad3beb62185559b8b32d7008b846b421c4c4292,tcc-microservices-experiment-auth-1,0.02,82722161,1073741824,7.7,3,45.9kB / 40.3kB,15.5MB / 65.5kB
80,2026-09-10T06:04:47.405306+00:00,161,2026-09-10T06:04:47.037080+00:00,false,microservices,gateway,83a7144435b9491b7fc6d536626277aa73b3445b827c6d23ee828ec83e7ba4b1,tcc-microservices-experiment-gateway-1,29.71,493984154,536870912,92.01,77,78MB / 87.1MB,35.8MB / 258kB
80,2026-09-10T06:04:47.405306+00:00,161,2026-09-10T06:04:47.037080+00:00,false,microservices,mysql,d06f9afc3e8b28e9a11d786b4c4bccb84c42eb76a3ae4ab03d4dfd232f91ec9b,tcc-microservices-experiment-mysql-1,24.99,546517811,1073741824,50.9,40,29.4MB / 72.9MB,50MB / 122MB
80,2026-09-10T06:04:47.405306+00:00,161,2026-09-10T06:04:47.037080+00:00,false,microservices,order,de8786e88a8bfcbfd1cb17a98ff48ecc54b0ff9f2e41faba2396bed7e313585a,tcc-microservices-experiment-order-1,0.02,74186752,1073741824,6.91,3,5.31MB / 4.14MB,11MB / 77.8kB
80,2026-09-10T06:04:47.405306+00:00,161,2026-09-10T06:04:47.037080+00:00,false,microservices,product,31ddd7e3c768e50b5e96a256a44ab64fb2aecfb752c293e2363afb6139139736,tcc-microservices-experiment-product-1,81.49,84011909,1073741824,7.82,3,86.7MB / 92.3MB,12.7MB / 1.34MB
81,2026-09-10T06:04:48.405322+00:00,163,2026-09-10T06:04:48.037058+00:00,false,microservices,auth,dbecdd5c05676923e0f63a95fad3beb62185559b8b32d7008b846b421c4c4292,tcc-microservices-experiment-auth-1,0.02,82722161,1073741824,7.7,3,45.9kB / 40.3kB,15.5MB / 65.5kB
81,2026-09-10T06:04:48.405322+00:00,163,2026-09-10T06:04:48.037058+00:00,false,microservices,gateway,83a7144435b9491b7fc6d536626277aa73b3445b827c6d23ee828ec83e7ba4b1,tcc-microservices-experiment-gateway-1,29.58,494298726,536870912,92.07,77,78.8MB / 88MB,35.8MB / 258kB
81,2026-09-10T06:04:48.405322+00:00,163,2026-09-10T06:04:48.037058+00:00,false,microservices,mysql,d06f9afc3e8b28e9a11d786b4c4bccb84c42eb76a3ae4ab03d4dfd232f91ec9b,tcc-microservices-experiment-mysql-1,26.4,551131546,1073741824,51.32,46,29.6MB / 73.5MB,50MB / 122MB
81,2026-09-10T06:04:48.405322+00:00,163,2026-09-10T06:04:48.037058+00:00,false,microservices,order,de8786e88a8bfcbfd1cb17a98ff48ecc54b0ff9f2e41faba2396bed7e313585a,tcc-microservices-experiment-order-1,0.02,74186752,1073741824,6.91,3,5.31MB / 4.14MB,11MB / 77.8kB
81,2026-09-10T06:04:48.405322+00:00,163,2026-09-10T06:04:48.037058+00:00,false,microservices,product,31ddd7e3c768e50b5e96a256a44ab64fb2aecfb752c293e2363afb6139139736,tcc-microservices-experiment-product-1,81.43,83728794,1073741824,7.8,3,87.5MB / 93.2MB,12.7MB / 1.34MB
82,2026-09-10T06:04:49.405325+00:00,165,2026-09-10T06:04:49.036469+00:00,false,microservices,auth,dbecdd5c05676923e0f63a95fad3beb62185559b8b32d7008b846b421c4c4292,tcc-microservices-experiment-auth-1,0.02,82722161,1073741824,7.7,3,45.9kB / 40.3kB,15.5MB / 65.5kB
82,2026-09-10T06:04:49.405325+00:00,165,2026-09-10T06:04:49.036469+00:00,false,microservices,gateway,83a7144435b9491b7fc6d536626277aa73b3445b827c6d23ee828ec83e7ba4b1,tcc-microservices-experiment-gateway-1,29.18,494193869,536870912,92.04,77,79.5MB / 88.8MB,35.8MB / 258kB
82,2026-09-10T06:04:49.405325+00:00,165,2026-09-10T06:04:49.036469+00:00,false,microservices,mysql,d06f9afc3e8b28e9a11d786b4c4bccb84c42eb76a3ae4ab03d4dfd232f91ec9b,tcc-microservices-experiment-mysql-1,27.84,546203238,1073741824,50.87,40,29.8MB / 74.2MB,50MB / 122MB
82,2026-09-10T06:04:49.405325+00:00,165,2026-09-10T06:04:49.036469+00:00,false,microservices,order,de8786e88a8bfcbfd1cb17a98ff48ecc54b0ff9f2e41faba2396bed7e313585a,tcc-microservices-experiment-order-1,0.02,74186752,1073741824,6.91,3,5.31MB / 4.14MB,11MB / 77.8kB
82,2026-09-10T06:04:49.405325+00:00,165,2026-09-10T06:04:49.036469+00:00,false,microservices,product,31ddd7e3c768e50b5e96a256a44ab64fb2aecfb752c293e2363afb6139139736,tcc-microservices-experiment-product-1,81.8,83938509,1073741824,7.82,3,88.3MB / 94.1MB,12.7MB / 1.34MB
83,2026-09-10T06:04:50.405337+00:00,167,2026-09-10T06:04:50.036243+00:00,false,microservices,auth,dbecdd5c05676923e0f63a95fad3beb62185559b8b32d7008b846b421c4c4292,tcc-microservices-experiment-auth-1,0.02,82722161,1073741824,7.7,3,45.9kB / 40.3kB,15.5MB / 65.5kB
83,2026-09-10T06:04:50.405337+00:00,167,2026-09-10T06:04:50.036243+00:00,false,microservices,gateway,83a7144435b9491b7fc6d536626277aa73b3445b827c6d23ee828ec83e7ba4b1,tcc-microservices-experiment-gateway-1,28.9,493984154,536870912,92.02,77,80.3MB / 89.6MB,35.8MB / 270kB
83,2026-09-10T06:04:50.405337+00:00,167,2026-09-10T06:04:50.036243+00:00,false,microservices,mysql,d06f9afc3e8b28e9a11d786b4c4bccb84c42eb76a3ae4ab03d4dfd232f91ec9b,tcc-microservices-experiment-mysql-1,24.94,545888666,1073741824,50.84,40,30.1MB / 74.8MB,50MB / 122MB
83,2026-09-10T06:04:50.405337+00:00,167,2026-09-10T06:04:50.036243+00:00,false,microservices,order,de8786e88a8bfcbfd1cb17a98ff48ecc54b0ff9f2e41faba2396bed7e313585a,tcc-microservices-experiment-order-1,0.02,74186752,1073741824,6.91,3,5.31MB / 4.14MB,11MB / 77.8kB
83,2026-09-10T06:04:50.405337+00:00,167,2026-09-10T06:04:50.036243+00:00,false,microservices,product,31ddd7e3c768e50b5e96a256a44ab64fb2aecfb752c293e2363afb6139139736,tcc-microservices-experiment-product-1,81.27,83477135,1073741824,7.77,3,89.1MB / 95MB,12.7MB / 1.34MB
84,2026-09-10T06:04:51.405313+00:00,169,2026-09-10T06:04:51.036275+00:00,false,microservices,auth,dbecdd5c05676923e0f63a95fad3beb62185559b8b32d7008b846b421c4c4292,tcc-microservices-experiment-auth-1,0.02,82722161,1073741824,7.7,3,45.9kB / 40.3kB,15.5MB / 65.5kB
84,2026-09-10T06:04:51.405313+00:00,169,2026-09-10T06:04:51.036275+00:00,false,microservices,gateway,83a7144435b9491b7fc6d536626277aa73b3445b827c6d23ee828ec83e7ba4b1,tcc-microservices-experiment-gateway-1,29.66,494403584,536870912,92.09,77,81MB / 90.5MB,35.8MB / 270kB
84,2026-09-10T06:04:51.405313+00:00,169,2026-09-10T06:04:51.036275+00:00,false,microservices,mysql,d06f9afc3e8b28e9a11d786b4c4bccb84c42eb76a3ae4ab03d4dfd232f91ec9b,tcc-microservices-experiment-mysql-1,28.06,546098381,1073741824,50.86,40,30.3MB / 75.5MB,50MB / 122MB
84,2026-09-10T06:04:51.405313+00:00,169,2026-09-10T06:04:51.036275+00:00,false,microservices,order,de8786e88a8bfcbfd1cb17a98ff48ecc54b0ff9f2e41faba2396bed7e313585a,tcc-microservices-experiment-order-1,0.02,74186752,1073741824,6.91,3,5.31MB / 4.14MB,11MB / 77.8kB
84,2026-09-10T06:04:51.405313+00:00,169,2026-09-10T06:04:51.036275+00:00,false,microservices,product,31ddd7e3c768e50b5e96a256a44ab64fb2aecfb752c293e2363afb6139139736,tcc-microservices-experiment-product-1,83.02,83791708,1073741824,7.8,3,90MB / 95.9MB,12.7MB / 1.56MB
85,2026-09-10T06:04:52.405338+00:00,171,2026-09-10T06:04:52.036369+00:00,false,microservices,auth,dbecdd5c05676923e0f63a95fad3beb62185559b8b32d7008b846b421c4c4292,tcc-microservices-experiment-auth-1,0.02,82722161,1073741824,7.7,3,45.9kB / 40.3kB,15.5MB / 65.5kB
85,2026-09-10T06:04:52.405338+00:00,171,2026-09-10T06:04:52.036369+00:00,false,microservices,gateway,83a7144435b9491b7fc6d536626277aa73b3445b827c6d23ee828ec83e7ba4b1,tcc-microservices-experiment-gateway-1,28.57,494193869,536870912,92.04,77,81.8MB / 91.3MB,35.8MB / 270kB
85,2026-09-10T06:04:52.405338+00:00,171,2026-09-10T06:04:52.036369+00:00,false,microservices,mysql,d06f9afc3e8b28e9a11d786b4c4bccb84c42eb76a3ae4ab03d4dfd232f91ec9b,tcc-microservices-experiment-mysql-1,24.01,545888666,1073741824,50.84,40,30.6MB / 76.1MB,50MB / 122MB
85,2026-09-10T06:04:52.405338+00:00,171,2026-09-10T06:04:52.036369+00:00,false,microservices,order,de8786e88a8bfcbfd1cb17a98ff48ecc54b0ff9f2e41faba2396bed7e313585a,tcc-microservices-experiment-order-1,0.02,74186752,1073741824,6.91,3,5.31MB / 4.14MB,11MB / 77.8kB
85,2026-09-10T06:04:52.405338+00:00,171,2026-09-10T06:04:52.036369+00:00,false,microservices,product,31ddd7e3c768e50b5e96a256a44ab64fb2aecfb752c293e2363afb6139139736,tcc-microservices-experiment-product-1,82.35,83886080,1073741824,7.81,3,90.8MB / 96.8MB,12.7MB / 1.56MB
86,2026-09-10T06:04:53.405328+00:00,173,2026-09-10T06:04:53.036308+00:00,false,microservices,auth,dbecdd5c05676923e0f63a95fad3beb62185559b8b32d7008b846b421c4c4292,tcc-microservices-experiment-auth-1,0.01,82722161,1073741824,7.7,3,45.9kB / 40.3kB,15.5MB / 65.5kB
86,2026-09-10T06:04:53.405328+00:00,173,2026-09-10T06:04:53.036308+00:00,false,microservices,gateway,83a7144435b9491b7fc6d536626277aa73b3445b827c6d23ee828ec83e7ba4b1,tcc-microservices-experiment-gateway-1,30.78,495347302,536870912,92.27,77,82.5MB / 92.2MB,35.8MB / 270kB
86,2026-09-10T06:04:53.405328+00:00,173,2026-09-10T06:04:53.036308+00:00,false,microservices,mysql,d06f9afc3e8b28e9a11d786b4c4bccb84c42eb76a3ae4ab03d4dfd232f91ec9b,tcc-microservices-experiment-mysql-1,27.8,546622669,1073741824,50.91,40,30.8MB / 76.7MB,50MB / 122MB
86,2026-09-10T06:04:53.405328+00:00,173,2026-09-10T06:04:53.036308+00:00,false,microservices,order,de8786e88a8bfcbfd1cb17a98ff48ecc54b0ff9f2e41faba2396bed7e313585a,tcc-microservices-experiment-order-1,0.01,74186752,1073741824,6.91,3,5.31MB / 4.14MB,11MB / 77.8kB
86,2026-09-10T06:04:53.405328+00:00,173,2026-09-10T06:04:53.036308+00:00,false,microservices,product,31ddd7e3c768e50b5e96a256a44ab64fb2aecfb752c293e2363afb6139139736,tcc-microservices-experiment-product-1,82.53,83728794,1073741824,7.8,3,91.7MB / 97.7MB,12.7MB / 1.56MB
87,2026-09-10T06:04:54.405337+00:00,175,2026-09-10T06:04:54.036216+00:00,false,microservices,auth,dbecdd5c05676923e0f63a95fad3beb62185559b8b32d7008b846b421c4c4292,tcc-microservices-experiment-auth-1,0.02,82722161,1073741824,7.7,3,45.9kB / 40.3kB,15.5MB / 65.5kB
87,2026-09-10T06:04:54.405337+00:00,175,2026-09-10T06:04:54.036216+00:00,false,microservices,gateway,83a7144435b9491b7fc6d536626277aa73b3445b827c6d23ee828ec83e7ba4b1,tcc-microservices-experiment-gateway-1,29.33,494718157,536870912,92.15,77,83.3MB / 93MB,35.8MB / 270kB
87,2026-09-10T06:04:54.405337+00:00,175,2026-09-10T06:04:54.036216+00:00,false,microservices,mysql,d06f9afc3e8b28e9a11d786b4c4bccb84c42eb76a3ae4ab03d4dfd232f91ec9b,tcc-microservices-experiment-mysql-1,23.65,546308096,1073741824,50.88,40,31MB / 77.4MB,50MB / 122MB
87,2026-09-10T06:04:54.405337+00:00,175,2026-09-10T06:04:54.036216+00:00,false,microservices,order,de8786e88a8bfcbfd1cb17a98ff48ecc54b0ff9f2e41faba2396bed7e313585a,tcc-microservices-experiment-order-1,0.02,74186752,1073741824,6.91,3,5.31MB / 4.14MB,11MB / 77.8kB
87,2026-09-10T06:04:54.405337+00:00,175,2026-09-10T06:04:54.036216+00:00,false,microservices,product,31ddd7e3c768e50b5e96a256a44ab64fb2aecfb752c293e2363afb6139139736,tcc-microservices-experiment-product-1,82.52,83844137,1073741824,7.81,3,92.5MB / 98.6MB,12.7MB / 1.56MB
88,2026-09-10T06:04:55.405340+00:00,177,2026-09-10T06:04:55.036286+00:00,false,microservices,auth,dbecdd5c05676923e0f63a95fad3beb62185559b8b32d7008b846b421c4c4292,tcc-microservices-experiment-auth-1,0.02,82722161,1073741824,7.7,3,45.9kB / 40.3kB,15.5MB / 65.5kB
88,2026-09-10T06:04:55.405340+00:00,177,2026-09-10T06:04:55.036286+00:00,false,microservices,gateway,83a7144435b9491b7fc6d536626277aa73b3445b827c6d23ee828ec83e7ba4b1,tcc-microservices-experiment-gateway-1,28.55,494508442,536870912,92.12,77,84MB / 93.8MB,35.8MB / 270kB
88,2026-09-10T06:04:55.405340+00:00,177,2026-09-10T06:04:55.036286+00:00,false,microservices,mysql,d06f9afc3e8b28e9a11d786b4c4bccb84c42eb76a3ae4ab03d4dfd232f91ec9b,tcc-microservices-experiment-mysql-1,28.08,546412954,1073741824,50.89,40,31.3MB / 78.1MB,50MB / 122MB
88,2026-09-10T06:04:55.405340+00:00,177,2026-09-10T06:04:55.036286+00:00,false,microservices,order,de8786e88a8bfcbfd1cb17a98ff48ecc54b0ff9f2e41faba2396bed7e313585a,tcc-microservices-experiment-order-1,0.02,74186752,1073741824,6.91,3,5.31MB / 4.14MB,11MB / 77.8kB
88,2026-09-10T06:04:55.405340+00:00,177,2026-09-10T06:04:55.036286+00:00,false,microservices,product,31ddd7e3c768e50b5e96a256a44ab64fb2aecfb752c293e2363afb6139139736,tcc-microservices-experiment-product-1,82.55,84315996,1073741824,7.85,3,93.3MB / 99.5MB,12.7MB / 1.56MB
89,2026-09-10T06:04:56.405327+00:00,179,2026-09-10T06:04:56.036474+00:00,false,microservices,auth,dbecdd5c05676923e0f63a95fad3beb62185559b8b32d7008b846b421c4c4292,tcc-microservices-experiment-auth-1,0.02,82722161,1073741824,7.7,3,45.9kB / 40.3kB,15.5MB / 65.5kB
89,2026-09-10T06:04:56.405327+00:00,179,2026-09-10T06:04:56.036474+00:00,false,microservices,gateway,83a7144435b9491b7fc6d536626277aa73b3445b827c6d23ee828ec83e7ba4b1,tcc-microservices-experiment-gateway-1,29.47,494403584,536870912,92.1,77,84.8MB / 94.7MB,35.8MB / 270kB
89,2026-09-10T06:04:56.405327+00:00,179,2026-09-10T06:04:56.036474+00:00,false,microservices,mysql,d06f9afc3e8b28e9a11d786b4c4bccb84c42eb76a3ae4ab03d4dfd232f91ec9b,tcc-microservices-experiment-mysql-1,24.61,546517811,1073741824,50.9,40,31.5MB / 78.7MB,50MB / 122MB
89,2026-09-10T06:04:56.405327+00:00,179,2026-09-10T06:04:56.036474+00:00,false,microservices,order,de8786e88a8bfcbfd1cb17a98ff48ecc54b0ff9f2e41faba2396bed7e313585a,tcc-microservices-experiment-order-1,0.02,74186752,1073741824,6.91,3,5.31MB / 4.14MB,11MB / 77.8kB
89,2026-09-10T06:04:56.405327+00:00,179,2026-09-10T06:04:56.036474+00:00,false,microservices,product,31ddd7e3c768e50b5e96a256a44ab64fb2aecfb752c293e2363afb6139139736,tcc-microservices-experiment-product-1,81.92,83718308,1073741824,7.8,3,94.2MB / 100MB,12.7MB / 1.56MB
90,2026-09-10T06:04:57.405329+00:00,181,2026-09-10T06:04:57.036309+00:00,false,microservices,auth,dbecdd5c05676923e0f63a95fad3beb62185559b8b32d7008b846b421c4c4292,tcc-microservices-experiment-auth-1,0.02,82722161,1073741824,7.7,3,45.9kB / 40.3kB,15.5MB / 65.5kB
90,2026-09-10T06:04:57.405329+00:00,181,2026-09-10T06:04:57.036309+00:00,false,microservices,gateway,83a7144435b9491b7fc6d536626277aa73b3445b827c6d23ee828ec83e7ba4b1,tcc-microservices-experiment-gateway-1,29.22,493984154,536870912,92.0,77,85.5MB / 95.5MB,35.8MB / 270kB
90,2026-09-10T06:04:57.405329+00:00,181,2026-09-10T06:04:57.036309+00:00,false,microservices,mysql,d06f9afc3e8b28e9a11d786b4c4bccb84c42eb76a3ae4ab03d4dfd232f91ec9b,tcc-microservices-experiment-mysql-1,28.16,546937242,1073741824,50.93,40,31.8MB / 79.3MB,50MB / 122MB
90,2026-09-10T06:04:57.405329+00:00,181,2026-09-10T06:04:57.036309+00:00,false,microservices,order,de8786e88a8bfcbfd1cb17a98ff48ecc54b0ff9f2e41faba2396bed7e313585a,tcc-microservices-experiment-order-1,0.02,74186752,1073741824,6.91,3,5.31MB / 4.14MB,11MB / 77.8kB
90,2026-09-10T06:04:57.405329+00:00,181,2026-09-10T06:04:57.036309+00:00,false,microservices,product,31ddd7e3c768e50b5e96a256a44ab64fb2aecfb752c293e2363afb6139139736,tcc-microservices-experiment-product-1,83.13,84200653,1073741824,7.84,3,95MB / 101MB,12.7MB / 1.56MB
91,2026-09-10T06:04:58.405338+00:00,183,2026-09-10T06:04:58.036404+00:00,false,microservices,auth,dbecdd5c05676923e0f63a95fad3beb62185559b8b32d7008b846b421c4c4292,tcc-microservices-experiment-auth-1,0.02,82722161,1073741824,7.7,3,45.9kB / 40.3kB,15.5MB / 65.5kB
91,2026-09-10T06:04:58.405338+00:00,183,2026-09-10T06:04:58.036404+00:00,false,microservices,gateway,83a7144435b9491b7fc6d536626277aa73b3445b827c6d23ee828ec83e7ba4b1,tcc-microservices-experiment-gateway-1,28.38,493984154,536870912,92.02,77,86.2MB / 96.3MB,35.8MB / 270kB
91,2026-09-10T06:04:58.405338+00:00,183,2026-09-10T06:04:58.036404+00:00,false,microservices,mysql,d06f9afc3e8b28e9a11d786b4c4bccb84c42eb76a3ae4ab03d4dfd232f91ec9b,tcc-microservices-experiment-mysql-1,23.67,545888666,1073741824,50.84,40,32MB / 80MB,50MB / 122MB
91,2026-09-10T06:04:58.405338+00:00,183,2026-09-10T06:04:58.036404+00:00,false,microservices,order,de8786e88a8bfcbfd1cb17a98ff48ecc54b0ff9f2e41faba2396bed7e313585a,tcc-microservices-experiment-order-1,0.02,74186752,1073741824,6.91,3,5.31MB / 4.14MB,11MB / 77.8kB
91,2026-09-10T06:04:58.405338+00:00,183,2026-09-10T06:04:58.036404+00:00,false,microservices,product,31ddd7e3c768e50b5e96a256a44ab64fb2aecfb752c293e2363afb6139139736,tcc-microservices-experiment-product-1,84.28,84095795,1073741824,7.83,3,95.8MB / 102MB,12.7MB / 1.56MB
92,2026-09-10T06:04:59.405322+00:00,185,2026-09-10T06:04:59.035154+00:00,false,microservices,auth,dbecdd5c05676923e0f63a95fad3beb62185559b8b32d7008b846b421c4c4292,tcc-microservices-experiment-auth-1,0.02,82722161,1073741824,7.7,3,45.9kB / 40.3kB,15.5MB / 65.5kB
92,2026-09-10T06:04:59.405322+00:00,185,2026-09-10T06:04:59.035154+00:00,false,microservices,gateway,83a7144435b9491b7fc6d536626277aa73b3445b827c6d23ee828ec83e7ba4b1,tcc-microservices-experiment-gateway-1,29.53,494613299,536870912,92.13,77,87MB / 97.2MB,35.8MB / 270kB
92,2026-09-10T06:04:59.405322+00:00,185,2026-09-10T06:04:59.035154+00:00,false,microservices,mysql,d06f9afc3e8b28e9a11d786b4c4bccb84c42eb76a3ae4ab03d4dfd232f91ec9b,tcc-microservices-experiment-mysql-1,28.38,546517811,1073741824,50.89,40,32.2MB / 80.6MB,50MB / 122MB
92,2026-09-10T06:04:59.405322+00:00,185,2026-09-10T06:04:59.035154+00:00,false,microservices,order,de8786e88a8bfcbfd1cb17a98ff48ecc54b0ff9f2e41faba2396bed7e313585a,tcc-microservices-experiment-order-1,0.02,74186752,1073741824,6.91,3,5.31MB / 4.14MB,11MB / 77.8kB
92,2026-09-10T06:04:59.405322+00:00,185,2026-09-10T06:04:59.035154+00:00,false,microservices,product,31ddd7e3c768e50b5e96a256a44ab64fb2aecfb752c293e2363afb6139139736,tcc-microservices-experiment-product-1,81.68,84127252,1073741824,7.84,3,96.6MB / 103MB,12.7MB / 1.56MB
93,2026-09-10T06:05:00.405323+00:00,187,2026-09-10T06:05:00.037140+00:00,false,microservices,auth,dbecdd5c05676923e0f63a95fad3beb62185559b8b32d7008b846b421c4c4292,tcc-microservices-experiment-auth-1,0.02,82722161,1073741824,7.7,3,45.9kB / 40.3kB,15.5MB / 65.5kB
93,2026-09-10T06:05:00.405323+00:00,187,2026-09-10T06:05:00.037140+00:00,false,microservices,gateway,83a7144435b9491b7fc6d536626277aa73b3445b827c6d23ee828ec83e7ba4b1,tcc-microservices-experiment-gateway-1,30.76,495032730,536870912,92.21,77,87.8MB / 98MB,35.8MB / 270kB
93,2026-09-10T06:05:00.405323+00:00,187,2026-09-10T06:05:00.037140+00:00,false,microservices,mysql,d06f9afc3e8b28e9a11d786b4c4bccb84c42eb76a3ae4ab03d4dfd232f91ec9b,tcc-microservices-experiment-mysql-1,24.96,546517811,1073741824,50.9,40,32.5MB / 81.3MB,50MB / 122MB
93,2026-09-10T06:05:00.405323+00:00,187,2026-09-10T06:05:00.037140+00:00,false,microservices,order,de8786e88a8bfcbfd1cb17a98ff48ecc54b0ff9f2e41faba2396bed7e313585a,tcc-microservices-experiment-order-1,0.02,74186752,1073741824,6.91,3,5.31MB / 4.14MB,11MB / 77.8kB
93,2026-09-10T06:05:00.405323+00:00,187,2026-09-10T06:05:00.037140+00:00,false,microservices,product,31ddd7e3c768e50b5e96a256a44ab64fb2aecfb752c293e2363afb6139139736,tcc-microservices-experiment-product-1,80.8,83760251,1073741824,7.8,3,97.5MB / 104MB,12.7MB / 1.56MB
94,2026-09-10T06:05:01.405312+00:00,189,2026-09-10T06:05:01.036620+00:00,false,microservices,auth,dbecdd5c05676923e0f63a95fad3beb62185559b8b32d7008b846b421c4c4292,tcc-microservices-experiment-auth-1,0.03,82722161,1073741824,7.7,3,45.9kB / 40.3kB,15.5MB / 65.5kB
94,2026-09-10T06:05:01.405312+00:00,189,2026-09-10T06:05:01.036620+00:00,false,microservices,gateway,83a7144435b9491b7fc6d536626277aa73b3445b827c6d23ee828ec83e7ba4b1,tcc-microservices-experiment-gateway-1,28.34,495452160,536870912,92.28,77,88.5MB / 98.8MB,35.8MB / 270kB
94,2026-09-10T06:05:01.405312+00:00,189,2026-09-10T06:05:01.036620+00:00,false,microservices,mysql,d06f9afc3e8b28e9a11d786b4c4bccb84c42eb76a3ae4ab03d4dfd232f91ec9b,tcc-microservices-experiment-mysql-1,29.23,546412954,1073741824,50.89,40,32.7MB / 81.9MB,50MB / 122MB
94,2026-09-10T06:05:01.405312+00:00,189,2026-09-10T06:05:01.036620+00:00,false,microservices,order,de8786e88a8bfcbfd1cb17a98ff48ecc54b0ff9f2e41faba2396bed7e313585a,tcc-microservices-experiment-order-1,0.01,74186752,1073741824,6.91,3,5.31MB / 4.14MB,11MB / 77.8kB
94,2026-09-10T06:05:01.405312+00:00,189,2026-09-10T06:05:01.036620+00:00,false,microservices,product,31ddd7e3c768e50b5e96a256a44ab64fb2aecfb752c293e2363afb6139139736,tcc-microservices-experiment-product-1,81.6,84347453,1073741824,7.86,3,98.3MB / 105MB,12.7MB / 1.56MB
95,2026-09-10T06:05:02.405314+00:00,191,2026-09-10T06:05:02.035325+00:00,false,microservices,auth,dbecdd5c05676923e0f63a95fad3beb62185559b8b32d7008b846b421c4c4292,tcc-microservices-experiment-auth-1,0.02,82722161,1073741824,7.7,3,45.9kB / 40.3kB,15.5MB / 65.5kB
95,2026-09-10T06:05:02.405314+00:00,191,2026-09-10T06:05:02.035325+00:00,false,microservices,gateway,83a7144435b9491b7fc6d536626277aa73b3445b827c6d23ee828ec83e7ba4b1,tcc-microservices-experiment-gateway-1,28.55,494613299,536870912,92.13,77,89.2MB / 99.7MB,35.8MB / 270kB
95,2026-09-10T06:05:02.405314+00:00,191,2026-09-10T06:05:02.035325+00:00,false,microservices,mysql,d06f9afc3e8b28e9a11d786b4c4bccb84c42eb76a3ae4ab03d4dfd232f91ec9b,tcc-microservices-experiment-mysql-1,25.85,546098381,1073741824,50.86,40,32.9MB / 82.5MB,50MB / 122MB
95,2026-09-10T06:05:02.405314+00:00,191,2026-09-10T06:05:02.035325+00:00,false,microservices,order,de8786e88a8bfcbfd1cb17a98ff48ecc54b0ff9f2e41faba2396bed7e313585a,tcc-microservices-experiment-order-1,0.02,74186752,1073741824,6.91,3,5.31MB / 4.14MB,11MB / 77.8kB
95,2026-09-10T06:05:02.405314+00:00,191,2026-09-10T06:05:02.035325+00:00,false,microservices,product,31ddd7e3c768e50b5e96a256a44ab64fb2aecfb752c293e2363afb6139139736,tcc-microservices-experiment-product-1,80.87,84127252,1073741824,7.83,3,99.1MB / 106MB,12.7MB / 1.56MB
96,2026-09-10T06:05:03.405331+00:00,193,2026-09-10T06:05:03.036521+00:00,false,microservices,auth,dbecdd5c05676923e0f63a95fad3beb62185559b8b32d7008b846b421c4c4292,tcc-microservices-experiment-auth-1,0.02,82722161,1073741824,7.7,3,45.9kB / 40.3kB,15.5MB / 65.5kB
96,2026-09-10T06:05:03.405331+00:00,193,2026-09-10T06:05:03.036521+00:00,false,microservices,gateway,83a7144435b9491b7fc6d536626277aa73b3445b827c6d23ee828ec83e7ba4b1,tcc-microservices-experiment-gateway-1,29.14,494613299,536870912,92.13,77,90MB / 101MB,35.8MB / 270kB
96,2026-09-10T06:05:03.405331+00:00,193,2026-09-10T06:05:03.036521+00:00,false,microservices,mysql,d06f9afc3e8b28e9a11d786b4c4bccb84c42eb76a3ae4ab03d4dfd232f91ec9b,tcc-microservices-experiment-mysql-1,28.9,546308096,1073741824,50.88,40,33.2MB / 83.2MB,50MB / 122MB
96,2026-09-10T06:05:03.405331+00:00,193,2026-09-10T06:05:03.036521+00:00,false,microservices,order,de8786e88a8bfcbfd1cb17a98ff48ecc54b0ff9f2e41faba2396bed7e313585a,tcc-microservices-experiment-order-1,0.02,74186752,1073741824,6.91,3,5.31MB / 4.14MB,11MB / 77.8kB
96,2026-09-10T06:05:03.405331+00:00,193,2026-09-10T06:05:03.036521+00:00,false,microservices,product,31ddd7e3c768e50b5e96a256a44ab64fb2aecfb752c293e2363afb6139139736,tcc-microservices-experiment-product-1,81.41,84011909,1073741824,7.82,3,99.9MB / 107MB,12.7MB / 1.56MB
97,2026-09-10T06:05:04.405339+00:00,195,2026-09-10T06:05:04.036287+00:00,false,microservices,auth,dbecdd5c05676923e0f63a95fad3beb62185559b8b32d7008b846b421c4c4292,tcc-microservices-experiment-auth-1,0.02,82722161,1073741824,7.7,3,45.9kB / 40.3kB,15.5MB / 65.5kB
97,2026-09-10T06:05:04.405339+00:00,195,2026-09-10T06:05:04.036287+00:00,false,microservices,gateway,83a7144435b9491b7fc6d536626277aa73b3445b827c6d23ee828ec83e7ba4b1,tcc-microservices-experiment-gateway-1,29.47,494403584,536870912,92.1,77,90.7MB / 101MB,35.8MB / 270kB
97,2026-09-10T06:05:04.405339+00:00,195,2026-09-10T06:05:04.036287+00:00,false,microservices,mysql,d06f9afc3e8b28e9a11d786b4c4bccb84c42eb76a3ae4ab03d4dfd232f91ec9b,tcc-microservices-experiment-mysql-1,24.09,546622669,1073741824,50.91,40,33.4MB / 83.9MB,50MB / 122MB
97,2026-09-10T06:05:04.405339+00:00,195,2026-09-10T06:05:04.036287+00:00,false,microservices,order,de8786e88a8bfcbfd1cb17a98ff48ecc54b0ff9f2e41faba2396bed7e313585a,tcc-microservices-experiment-order-1,0.02,74186752,1073741824,6.91,3,5.31MB / 4.14MB,11MB / 77.8kB
97,2026-09-10T06:05:04.405339+00:00,195,2026-09-10T06:05:04.036287+00:00,false,microservices,product,31ddd7e3c768e50b5e96a256a44ab64fb2aecfb752c293e2363afb6139139736,tcc-microservices-experiment-product-1,81.16,83990938,1073741824,7.82,3,101MB / 107MB,12.7MB / 1.56MB
98,2026-09-10T06:05:05.405304+00:00,197,2026-09-10T06:05:05.036453+00:00,false,microservices,auth,dbecdd5c05676923e0f63a95fad3beb62185559b8b32d7008b846b421c4c4292,tcc-microservices-experiment-auth-1,0.01,82722161,1073741824,7.7,3,45.9kB / 40.3kB,15.5MB / 65.5kB
98,2026-09-10T06:05:05.405304+00:00,197,2026-09-10T06:05:05.036453+00:00,false,microservices,gateway,83a7144435b9491b7fc6d536626277aa73b3445b827c6d23ee828ec83e7ba4b1,tcc-microservices-experiment-gateway-1,29.58,494508442,536870912,92.11,77,91.5MB / 102MB,35.8MB / 283kB
98,2026-09-10T06:05:05.405304+00:00,197,2026-09-10T06:05:05.036453+00:00,false,microservices,mysql,d06f9afc3e8b28e9a11d786b4c4bccb84c42eb76a3ae4ab03d4dfd232f91ec9b,tcc-microservices-experiment-mysql-1,27.98,546412954,1073741824,50.88,40,33.7MB / 84.5MB,50MB / 122MB
98,2026-09-10T06:05:05.405304+00:00,197,2026-09-10T06:05:05.036453+00:00,false,microservices,order,de8786e88a8bfcbfd1cb17a98ff48ecc54b0ff9f2e41faba2396bed7e313585a,tcc-microservices-experiment-order-1,0.02,74186752,1073741824,6.91,3,5.31MB / 4.14MB,11MB / 77.8kB
98,2026-09-10T06:05:05.405304+00:00,197,2026-09-10T06:05:05.036453+00:00,false,microservices,product,31ddd7e3c768e50b5e96a256a44ab64fb2aecfb752c293e2363afb6139139736,tcc-microservices-experiment-product-1,82.14,84116767,1073741824,7.83,3,102MB / 108MB,12.7MB / 1.56MB
99,2026-09-10T06:05:06.405325+00:00,199,2026-09-10T06:05:06.035379+00:00,false,microservices,auth,dbecdd5c05676923e0f63a95fad3beb62185559b8b32d7008b846b421c4c4292,tcc-microservices-experiment-auth-1,0.02,82722161,1073741824,7.7,3,45.9kB / 40.3kB,15.5MB / 65.5kB
99,2026-09-10T06:05:06.405325+00:00,199,2026-09-10T06:05:06.035379+00:00,false,microservices,gateway,83a7144435b9491b7fc6d536626277aa73b3445b827c6d23ee828ec83e7ba4b1,tcc-microservices-experiment-gateway-1,29.56,494718157,536870912,92.15,77,92.3MB / 103MB,35.8MB / 283kB
99,2026-09-10T06:05:06.405325+00:00,199,2026-09-10T06:05:06.035379+00:00,false,microservices,mysql,d06f9afc3e8b28e9a11d786b4c4bccb84c42eb76a3ae4ab03d4dfd232f91ec9b,tcc-microservices-experiment-mysql-1,24.32,545888666,1073741824,50.84,40,33.9MB / 85.2MB,50MB / 122MB
99,2026-09-10T06:05:06.405325+00:00,199,2026-09-10T06:05:06.035379+00:00,false,microservices,order,de8786e88a8bfcbfd1cb17a98ff48ecc54b0ff9f2e41faba2396bed7e313585a,tcc-microservices-experiment-order-1,0.02,74186752,1073741824,6.91,3,5.31MB / 4.14MB,11MB / 77.8kB
99,2026-09-10T06:05:06.405325+00:00,199,2026-09-10T06:05:06.035379+00:00,false,microservices,product,31ddd7e3c768e50b5e96a256a44ab64fb2aecfb752c293e2363afb6139139736,tcc-microservices-experiment-product-1,81.59,84127252,1073741824,7.84,3,102MB / 109MB,12.7MB / 1.77MB
100,2026-09-10T06:05:07.405311+00:00,201,2026-09-10T06:05:07.036478+00:00,false,microservices,auth,dbecdd5c05676923e0f63a95fad3beb62185559b8b32d7008b846b421c4c4292,tcc-microservices-experiment-auth-1,0.02,82722161,1073741824,7.7,3,45.9kB / 40.3kB,15.5MB / 65.5kB
100,2026-09-10T06:05:07.405311+00:00,201,2026-09-10T06:05:07.036478+00:00,false,microservices,gateway,83a7144435b9491b7fc6d536626277aa73b3445b827c6d23ee828ec83e7ba4b1,tcc-microservices-experiment-gateway-1,29.07,494927872,536870912,92.18,77,93MB / 104MB,35.8MB / 283kB
100,2026-09-10T06:05:07.405311+00:00,201,2026-09-10T06:05:07.036478+00:00,false,microservices,mysql,d06f9afc3e8b28e9a11d786b4c4bccb84c42eb76a3ae4ab03d4dfd232f91ec9b,tcc-microservices-experiment-mysql-1,28.51,546832384,1073741824,50.93,40,34.2MB / 85.8MB,50MB / 122MB
100,2026-09-10T06:05:07.405311+00:00,201,2026-09-10T06:05:07.036478+00:00,false,microservices,order,de8786e88a8bfcbfd1cb17a98ff48ecc54b0ff9f2e41faba2396bed7e313585a,tcc-microservices-experiment-order-1,0.02,74186752,1073741824,6.91,3,5.31MB / 4.14MB,11MB / 77.8kB
100,2026-09-10T06:05:07.405311+00:00,201,2026-09-10T06:05:07.036478+00:00,false,microservices,product,31ddd7e3c768e50b5e96a256a44ab64fb2aecfb752c293e2363afb6139139736,tcc-microservices-experiment-product-1,82.83,84357939,1073741824,7.86,3,103MB / 110MB,12.7MB / 1.77MB
101,2026-09-10T06:05:08.405343+00:00,203,2026-09-10T06:05:08.035222+00:00,false,microservices,auth,dbecdd5c05676923e0f63a95fad3beb62185559b8b32d7008b846b421c4c4292,tcc-microservices-experiment-auth-1,0.02,82722161,1073741824,7.7,3,45.9kB / 40.3kB,15.5MB / 65.5kB
101,2026-09-10T06:05:08.405343+00:00,203,2026-09-10T06:05:08.035222+00:00,false,microservices,gateway,83a7144435b9491b7fc6d536626277aa73b3445b827c6d23ee828ec83e7ba4b1,tcc-microservices-experiment-gateway-1,32.53,494718157,536870912,92.15,77,93.8MB / 105MB,35.8MB / 283kB
101,2026-09-10T06:05:08.405343+00:00,203,2026-09-10T06:05:08.035222+00:00,false,microservices,mysql,d06f9afc3e8b28e9a11d786b4c4bccb84c42eb76a3ae4ab03d4dfd232f91ec9b,tcc-microservices-experiment-mysql-1,24.02,547356672,1073741824,50.98,40,34.4MB / 86.5MB,50MB / 122MB
101,2026-09-10T06:05:08.405343+00:00,203,2026-09-10T06:05:08.035222+00:00,false,microservices,order,de8786e88a8bfcbfd1cb17a98ff48ecc54b0ff9f2e41faba2396bed7e313585a,tcc-microservices-experiment-order-1,0.02,74186752,1073741824,6.91,3,5.31MB / 4.14MB,11MB / 77.8kB
101,2026-09-10T06:05:08.405343+00:00,203,2026-09-10T06:05:08.035222+00:00,false,microservices,product,31ddd7e3c768e50b5e96a256a44ab64fb2aecfb752c293e2363afb6139139736,tcc-microservices-experiment-product-1,81.87,84389396,1073741824,7.86,3,104MB / 111MB,12.7MB / 1.77MB
102,2026-09-10T06:05:09.405308+00:00,205,2026-09-10T06:05:09.036252+00:00,false,microservices,auth,dbecdd5c05676923e0f63a95fad3beb62185559b8b32d7008b846b421c4c4292,tcc-microservices-experiment-auth-1,0.01,82722161,1073741824,7.7,3,45.9kB / 40.3kB,15.5MB / 65.5kB
102,2026-09-10T06:05:09.405308+00:00,205,2026-09-10T06:05:09.036252+00:00,false,microservices,gateway,83a7144435b9491b7fc6d536626277aa73b3445b827c6d23ee828ec83e7ba4b1,tcc-microservices-experiment-gateway-1,30.8,494508442,536870912,92.11,77,94.5MB / 106MB,35.8MB / 283kB
102,2026-09-10T06:05:09.405308+00:00,205,2026-09-10T06:05:09.036252+00:00,false,microservices,mysql,d06f9afc3e8b28e9a11d786b4c4bccb84c42eb76a3ae4ab03d4dfd232f91ec9b,tcc-microservices-experiment-mysql-1,28.08,546622669,1073741824,50.91,40,34.6MB / 87.1MB,50MB / 122MB
102,2026-09-10T06:05:09.405308+00:00,205,2026-09-10T06:05:09.036252+00:00,false,microservices,order,de8786e88a8bfcbfd1cb17a98ff48ecc54b0ff9f2e41faba2396bed7e313585a,tcc-microservices-experiment-order-1,0.02,74186752,1073741824,6.91,3,5.31MB / 4.14MB,11MB / 77.8kB
102,2026-09-10T06:05:09.405308+00:00,205,2026-09-10T06:05:09.036252+00:00,false,microservices,product,31ddd7e3c768e50b5e96a256a44ab64fb2aecfb752c293e2363afb6139139736,tcc-microservices-experiment-product-1,82.67,83833651,1073741824,7.81,3,105MB / 112MB,12.7MB / 1.77MB
103,2026-09-10T06:05:10.405328+00:00,207,2026-09-10T06:05:10.035409+00:00,false,microservices,auth,dbecdd5c05676923e0f63a95fad3beb62185559b8b32d7008b846b421c4c4292,tcc-microservices-experiment-auth-1,0.01,82722161,1073741824,7.7,3,45.9kB / 40.3kB,15.5MB / 65.5kB
103,2026-09-10T06:05:10.405328+00:00,207,2026-09-10T06:05:10.035409+00:00,false,microservices,gateway,83a7144435b9491b7fc6d536626277aa73b3445b827c6d23ee828ec83e7ba4b1,tcc-microservices-experiment-gateway-1,30.38,494089011,536870912,92.04,77,95.3MB / 106MB,35.8MB / 283kB
103,2026-09-10T06:05:10.405328+00:00,207,2026-09-10T06:05:10.035409+00:00,false,microservices,mysql,d06f9afc3e8b28e9a11d786b4c4bccb84c42eb76a3ae4ab03d4dfd232f91ec9b,tcc-microservices-experiment-mysql-1,23.47,546203238,1073741824,50.86,40,34.9MB / 87.8MB,50MB / 122MB
103,2026-09-10T06:05:10.405328+00:00,207,2026-09-10T06:05:10.035409+00:00,false,microservices,order,de8786e88a8bfcbfd1cb17a98ff48ecc54b0ff9f2e41faba2396bed7e313585a,tcc-microservices-experiment-order-1,0.02,74186752,1073741824,6.91,3,5.31MB / 4.14MB,11MB / 77.8kB
103,2026-09-10T06:05:10.405328+00:00,207,2026-09-10T06:05:10.035409+00:00,false,microservices,product,31ddd7e3c768e50b5e96a256a44ab64fb2aecfb752c293e2363afb6139139736,tcc-microservices-experiment-product-1,83.46,83969966,1073741824,7.82,3,106MB / 113MB,12.7MB / 1.77MB
104,2026-09-10T06:05:11.405310+00:00,209,2026-09-10T06:05:11.036528+00:00,false,microservices,auth,dbecdd5c05676923e0f63a95fad3beb62185559b8b32d7008b846b421c4c4292,tcc-microservices-experiment-auth-1,0.02,82722161,1073741824,7.7,3,45.9kB / 40.3kB,15.5MB / 65.5kB
104,2026-09-10T06:05:11.405310+00:00,209,2026-09-10T06:05:11.036528+00:00,false,microservices,gateway,83a7144435b9491b7fc6d536626277aa73b3445b827c6d23ee828ec83e7ba4b1,tcc-microservices-experiment-gateway-1,29.32,494823014,536870912,92.17,77,96MB / 107MB,35.8MB / 283kB
104,2026-09-10T06:05:11.405310+00:00,209,2026-09-10T06:05:11.036528+00:00,false,microservices,mysql,d06f9afc3e8b28e9a11d786b4c4bccb84c42eb76a3ae4ab03d4dfd232f91ec9b,tcc-microservices-experiment-mysql-1,29.2,546412954,1073741824,50.89,40,35.1MB / 88.4MB,50MB / 122MB
104,2026-09-10T06:05:11.405310+00:00,209,2026-09-10T06:05:11.036528+00:00,false,microservices,order,de8786e88a8bfcbfd1cb17a98ff48ecc54b0ff9f2e41faba2396bed7e313585a,tcc-microservices-experiment-order-1,0.02,74186752,1073741824,6.91,3,5.31MB / 4.14MB,11MB / 77.8kB
104,2026-09-10T06:05:11.405310+00:00,209,2026-09-10T06:05:11.036528+00:00,false,microservices,product,31ddd7e3c768e50b5e96a256a44ab64fb2aecfb752c293e2363afb6139139736,tcc-microservices-experiment-product-1,81.71,84032881,1073741824,7.83,3,107MB / 114MB,12.7MB / 1.77MB
105,2026-09-10T06:05:12.405333+00:00,211,2026-09-10T06:05:12.035102+00:00,false,microservices,auth,dbecdd5c05676923e0f63a95fad3beb62185559b8b32d7008b846b421c4c4292,tcc-microservices-experiment-auth-1,0.02,82722161,1073741824,7.7,3,45.9kB / 40.3kB,15.5MB / 65.5kB
105,2026-09-10T06:05:12.405333+00:00,211,2026-09-10T06:05:12.035102+00:00,false,microservices,gateway,83a7144435b9491b7fc6d536626277aa73b3445b827c6d23ee828ec83e7ba4b1,tcc-microservices-experiment-gateway-1,29.04,493984154,536870912,92.02,77,96.8MB / 108MB,35.8MB / 283kB
105,2026-09-10T06:05:12.405333+00:00,211,2026-09-10T06:05:12.035102+00:00,false,microservices,mysql,d06f9afc3e8b28e9a11d786b4c4bccb84c42eb76a3ae4ab03d4dfd232f91ec9b,tcc-microservices-experiment-mysql-1,25.67,545678950,1073741824,50.82,40,35.4MB / 89.1MB,50MB / 122MB
105,2026-09-10T06:05:12.405333+00:00,211,2026-09-10T06:05:12.035102+00:00,false,microservices,order,de8786e88a8bfcbfd1cb17a98ff48ecc54b0ff9f2e41faba2396bed7e313585a,tcc-microservices-experiment-order-1,0.02,74186752,1073741824,6.91,3,5.31MB / 4.14MB,11MB / 77.8kB
105,2026-09-10T06:05:12.405333+00:00,211,2026-09-10T06:05:12.035102+00:00,false,microservices,product,31ddd7e3c768e50b5e96a256a44ab64fb2aecfb752c293e2363afb6139139736,tcc-microservices-experiment-product-1,80.62,83980452,1073741824,7.82,3,107MB / 115MB,12.7MB / 1.77MB
106,2026-09-10T06:05:13.405332+00:00,213,2026-09-10T06:05:13.037121+00:00,false,microservices,auth,dbecdd5c05676923e0f63a95fad3beb62185559b8b32d7008b846b421c4c4292,tcc-microservices-experiment-auth-1,0.02,82722161,1073741824,7.7,3,45.9kB / 40.3kB,15.5MB / 65.5kB
106,2026-09-10T06:05:13.405332+00:00,213,2026-09-10T06:05:13.037121+00:00,false,microservices,gateway,83a7144435b9491b7fc6d536626277aa73b3445b827c6d23ee828ec83e7ba4b1,tcc-microservices-experiment-gateway-1,29.35,494508442,536870912,92.11,77,97.5MB / 109MB,35.8MB / 283kB
106,2026-09-10T06:05:13.405332+00:00,213,2026-09-10T06:05:13.037121+00:00,false,microservices,mysql,d06f9afc3e8b28e9a11d786b4c4bccb84c42eb76a3ae4ab03d4dfd232f91ec9b,tcc-microservices-experiment-mysql-1,29.52,547356672,1073741824,50.97,40,35.6MB / 89.7MB,50MB / 122MB
106,2026-09-10T06:05:13.405332+00:00,213,2026-09-10T06:05:13.037121+00:00,false,microservices,order,de8786e88a8bfcbfd1cb17a98ff48ecc54b0ff9f2e41faba2396bed7e313585a,tcc-microservices-experiment-order-1,0.02,74186752,1073741824,6.91,3,5.31MB / 4.14MB,11MB / 77.8kB
106,2026-09-10T06:05:13.405332+00:00,213,2026-09-10T06:05:13.037121+00:00,false,microservices,product,31ddd7e3c768e50b5e96a256a44ab64fb2aecfb752c293e2363afb6139139736,tcc-microservices-experiment-product-1,81.56,84232110,1073741824,7.84,3,108MB / 115MB,12.7MB / 1.77MB
107,2026-09-10T06:05:14.405330+00:00,215,2026-09-10T06:05:14.035024+00:00,false,microservices,auth,dbecdd5c05676923e0f63a95fad3beb62185559b8b32d7008b846b421c4c4292,tcc-microservices-experiment-auth-1,0.02,82722161,1073741824,7.7,3,45.9kB / 40.3kB,15.5MB / 65.5kB
107,2026-09-10T06:05:14.405330+00:00,215,2026-09-10T06:05:14.035024+00:00,false,microservices,gateway,83a7144435b9491b7fc6d536626277aa73b3445b827c6d23ee828ec83e7ba4b1,tcc-microservices-experiment-gateway-1,29.72,494508442,536870912,92.11,77,98.3MB / 110MB,35.8MB / 283kB
107,2026-09-10T06:05:14.405330+00:00,215,2026-09-10T06:05:14.035024+00:00,false,microservices,mysql,d06f9afc3e8b28e9a11d786b4c4bccb84c42eb76a3ae4ab03d4dfd232f91ec9b,tcc-microservices-experiment-mysql-1,23.94,546308096,1073741824,50.88,40,35.9MB / 90.4MB,50MB / 122MB
107,2026-09-10T06:05:14.405330+00:00,215,2026-09-10T06:05:14.035024+00:00,false,microservices,order,de8786e88a8bfcbfd1cb17a98ff48ecc54b0ff9f2e41faba2396bed7e313585a,tcc-microservices-experiment-order-1,0.02,74186752,1073741824,6.91,3,5.31MB / 4.14MB,11MB / 77.8kB
107,2026-09-10T06:05:14.405330+00:00,215,2026-09-10T06:05:14.035024+00:00,false,microservices,product,31ddd7e3c768e50b5e96a256a44ab64fb2aecfb752c293e2363afb6139139736,tcc-microservices-experiment-product-1,81.73,84169196,1073741824,7.84,3,109MB / 116MB,12.7MB / 1.77MB
108,2026-09-10T06:05:15.405336+00:00,217,2026-09-10T06:05:15.036264+00:00,false,microservices,auth,dbecdd5c05676923e0f63a95fad3beb62185559b8b32d7008b846b421c4c4292,tcc-microservices-experiment-auth-1,0.02,82722161,1073741824,7.7,3,45.9kB / 40.3kB,15.5MB / 65.5kB
108,2026-09-10T06:05:15.405336+00:00,217,2026-09-10T06:05:15.036264+00:00,false,microservices,gateway,83a7144435b9491b7fc6d536626277aa73b3445b827c6d23ee828ec83e7ba4b1,tcc-microservices-experiment-gateway-1,30.62,495242445,536870912,92.24,77,99MB / 111MB,35.8MB / 283kB
108,2026-09-10T06:05:15.405336+00:00,217,2026-09-10T06:05:15.036264+00:00,false,microservices,mysql,d06f9afc3e8b28e9a11d786b4c4bccb84c42eb76a3ae4ab03d4dfd232f91ec9b,tcc-microservices-experiment-mysql-1,29.75,546308096,1073741824,50.88,40,36.1MB / 91MB,50MB / 122MB
108,2026-09-10T06:05:15.405336+00:00,217,2026-09-10T06:05:15.036264+00:00,false,microservices,order,de8786e88a8bfcbfd1cb17a98ff48ecc54b0ff9f2e41faba2396bed7e313585a,tcc-microservices-experiment-order-1,0.02,74186752,1073741824,6.91,3,5.31MB / 4.14MB,11MB / 77.8kB
108,2026-09-10T06:05:15.405336+00:00,217,2026-09-10T06:05:15.036264+00:00,false,microservices,product,31ddd7e3c768e50b5e96a256a44ab64fb2aecfb752c293e2363afb6139139736,tcc-microservices-experiment-product-1,80.6,84232110,1073741824,7.84,3,110MB / 117MB,12.7MB / 1.77MB
109,2026-09-10T06:05:16.405335+00:00,219,2026-09-10T06:05:16.035392+00:00,false,microservices,auth,dbecdd5c05676923e0f63a95fad3beb62185559b8b32d7008b846b421c4c4292,tcc-microservices-experiment-auth-1,0.02,82722161,1073741824,7.7,3,45.9kB / 40.3kB,15.5MB / 65.5kB
109,2026-09-10T06:05:16.405335+00:00,219,2026-09-10T06:05:16.035392+00:00,false,microservices,gateway,83a7144435b9491b7fc6d536626277aa73b3445b827c6d23ee828ec83e7ba4b1,tcc-microservices-experiment-gateway-1,29.03,495242445,536870912,92.24,77,99.8MB / 111MB,35.8MB / 283kB
109,2026-09-10T06:05:16.405335+00:00,219,2026-09-10T06:05:16.035392+00:00,false,microservices,mysql,d06f9afc3e8b28e9a11d786b4c4bccb84c42eb76a3ae4ab03d4dfd232f91ec9b,tcc-microservices-experiment-mysql-1,26.19,546727526,1073741824,50.91,40,36.3MB / 91.7MB,50MB / 122MB
109,2026-09-10T06:05:16.405335+00:00,219,2026-09-10T06:05:16.035392+00:00,false,microservices,order,de8786e88a8bfcbfd1cb17a98ff48ecc54b0ff9f2e41faba2396bed7e313585a,tcc-microservices-experiment-order-1,0.02,74186752,1073741824,6.91,3,5.31MB / 4.14MB,11MB / 77.8kB
109,2026-09-10T06:05:16.405335+00:00,219,2026-09-10T06:05:16.035392+00:00,false,microservices,product,31ddd7e3c768e50b5e96a256a44ab64fb2aecfb752c293e2363afb6139139736,tcc-microservices-experiment-product-1,80.33,84525711,1073741824,7.87,3,111MB / 118MB,12.7MB / 1.77MB
110,2026-09-10T06:05:17.405345+00:00,221,2026-09-10T06:05:17.036216+00:00,false,microservices,auth,dbecdd5c05676923e0f63a95fad3beb62185559b8b32d7008b846b421c4c4292,tcc-microservices-experiment-auth-1,0.02,82722161,1073741824,7.7,3,45.9kB / 40.3kB,15.5MB / 65.5kB
110,2026-09-10T06:05:17.405345+00:00,221,2026-09-10T06:05:17.036216+00:00,false,microservices,gateway,83a7144435b9491b7fc6d536626277aa73b3445b827c6d23ee828ec83e7ba4b1,tcc-microservices-experiment-gateway-1,29.36,494193869,536870912,92.05,77,101MB / 112MB,35.8MB / 283kB
110,2026-09-10T06:05:17.405345+00:00,221,2026-09-10T06:05:17.036216+00:00,false,microservices,mysql,d06f9afc3e8b28e9a11d786b4c4bccb84c42eb76a3ae4ab03d4dfd232f91ec9b,tcc-microservices-experiment-mysql-1,29.76,546308096,1073741824,50.88,40,36.6MB / 92.3MB,50MB / 122MB
110,2026-09-10T06:05:17.405345+00:00,221,2026-09-10T06:05:17.036216+00:00,false,microservices,order,de8786e88a8bfcbfd1cb17a98ff48ecc54b0ff9f2e41faba2396bed7e313585a,tcc-microservices-experiment-order-1,0.02,74186752,1073741824,6.91,3,5.31MB / 4.14MB,11MB / 77.8kB
110,2026-09-10T06:05:17.405345+00:00,221,2026-09-10T06:05:17.036216+00:00,false,microservices,product,31ddd7e3c768e50b5e96a256a44ab64fb2aecfb752c293e2363afb6139139736,tcc-microservices-experiment-product-1,81.06,84169196,1073741824,7.84,3,112MB / 119MB,12.7MB / 1.77MB
111,2026-09-10T06:05:18.405338+00:00,223,2026-09-10T06:05:18.035212+00:00,false,microservices,auth,dbecdd5c05676923e0f63a95fad3beb62185559b8b32d7008b846b421c4c4292,tcc-microservices-experiment-auth-1,0.02,82722161,1073741824,7.7,3,45.9kB / 40.3kB,15.5MB / 65.5kB
111,2026-09-10T06:05:18.405338+00:00,223,2026-09-10T06:05:18.035212+00:00,false,microservices,gateway,83a7144435b9491b7fc6d536626277aa73b3445b827c6d23ee828ec83e7ba4b1,tcc-microservices-experiment-gateway-1,30.04,494823014,536870912,92.16,77,101MB / 113MB,35.8MB / 283kB
111,2026-09-10T06:05:18.405338+00:00,223,2026-09-10T06:05:18.035212+00:00,false,microservices,mysql,d06f9afc3e8b28e9a11d786b4c4bccb84c42eb76a3ae4ab03d4dfd232f91ec9b,tcc-microservices-experiment-mysql-1,25.1,546098381,1073741824,50.86,40,36.8MB / 92.9MB,50MB / 122MB
111,2026-09-10T06:05:18.405338+00:00,223,2026-09-10T06:05:18.035212+00:00,false,microservices,order,de8786e88a8bfcbfd1cb17a98ff48ecc54b0ff9f2e41faba2396bed7e313585a,tcc-microservices-experiment-order-1,0.02,74186752,1073741824,6.91,3,5.31MB / 4.14MB,11MB / 77.8kB
111,2026-09-10T06:05:18.405338+00:00,223,2026-09-10T06:05:18.035212+00:00,false,microservices,product,31ddd7e3c768e50b5e96a256a44ab64fb2aecfb752c293e2363afb6139139736,tcc-microservices-experiment-product-1,81.73,84169196,1073741824,7.84,3,112MB / 120MB,12.7MB / 1.77MB
112,2026-09-10T06:05:19.405335+00:00,225,2026-09-10T06:05:19.036458+00:00,false,microservices,auth,dbecdd5c05676923e0f63a95fad3beb62185559b8b32d7008b846b421c4c4292,tcc-microservices-experiment-auth-1,0.01,82722161,1073741824,7.7,3,45.9kB / 40.3kB,15.5MB / 65.5kB
112,2026-09-10T06:05:19.405335+00:00,225,2026-09-10T06:05:19.036458+00:00,false,microservices,gateway,83a7144435b9491b7fc6d536626277aa73b3445b827c6d23ee828ec83e7ba4b1,tcc-microservices-experiment-gateway-1,31.06,494298726,536870912,92.06,69,102MB / 114MB,35.8MB / 283kB
112,2026-09-10T06:05:19.405335+00:00,225,2026-09-10T06:05:19.036458+00:00,false,microservices,mysql,d06f9afc3e8b28e9a11d786b4c4bccb84c42eb76a3ae4ab03d4dfd232f91ec9b,tcc-microservices-experiment-mysql-1,27.43,546098381,1073741824,50.86,40,37MB / 93.6MB,50MB / 122MB
112,2026-09-10T06:05:19.405335+00:00,225,2026-09-10T06:05:19.036458+00:00,false,microservices,order,de8786e88a8bfcbfd1cb17a98ff48ecc54b0ff9f2e41faba2396bed7e313585a,tcc-microservices-experiment-order-1,0.02,74186752,1073741824,6.91,3,5.31MB / 4.14MB,11MB / 77.8kB
112,2026-09-10T06:05:19.405335+00:00,225,2026-09-10T06:05:19.036458+00:00,false,microservices,product,31ddd7e3c768e50b5e96a256a44ab64fb2aecfb752c293e2363afb6139139736,tcc-microservices-experiment-product-1,83.43,84389396,1073741824,7.86,3,113MB / 121MB,12.7MB / 1.77MB
113,2026-09-10T06:05:20.405308+00:00,227,2026-09-10T06:05:20.035624+00:00,false,microservices,auth,dbecdd5c05676923e0f63a95fad3beb62185559b8b32d7008b846b421c4c4292,tcc-microservices-experiment-auth-1,0.02,82722161,1073741824,7.7,3,45.9kB / 40.3kB,15.5MB / 65.5kB
113,2026-09-10T06:05:20.405308+00:00,227,2026-09-10T06:05:20.035624+00:00,false,microservices,gateway,83a7144435b9491b7fc6d536626277aa73b3445b827c6d23ee828ec83e7ba4b1,tcc-microservices-experiment-gateway-1,29.2,493984154,536870912,92.02,69,103MB / 115MB,35.8MB / 295kB
113,2026-09-10T06:05:20.405308+00:00,227,2026-09-10T06:05:20.035624+00:00,false,microservices,mysql,d06f9afc3e8b28e9a11d786b4c4bccb84c42eb76a3ae4ab03d4dfd232f91ec9b,tcc-microservices-experiment-mysql-1,24.55,545993523,1073741824,50.85,40,37.3MB / 94.2MB,50MB / 122MB
113,2026-09-10T06:05:20.405308+00:00,227,2026-09-10T06:05:20.035624+00:00,false,microservices,order,de8786e88a8bfcbfd1cb17a98ff48ecc54b0ff9f2e41faba2396bed7e313585a,tcc-microservices-experiment-order-1,0.01,74186752,1073741824,6.91,3,5.31MB / 4.14MB,11MB / 77.8kB
113,2026-09-10T06:05:20.405308+00:00,227,2026-09-10T06:05:20.035624+00:00,false,microservices,product,31ddd7e3c768e50b5e96a256a44ab64fb2aecfb752c293e2363afb6139139736,tcc-microservices-experiment-product-1,81.61,84232110,1073741824,7.84,3,114MB / 122MB,12.7MB / 1.77MB
114,2026-09-10T06:05:21.405305+00:00,229,2026-09-10T06:05:21.036317+00:00,false,microservices,auth,dbecdd5c05676923e0f63a95fad3beb62185559b8b32d7008b846b421c4c4292,tcc-microservices-experiment-auth-1,0.01,82722161,1073741824,7.7,3,45.9kB / 40.3kB,15.5MB / 65.5kB
114,2026-09-10T06:05:21.405305+00:00,229,2026-09-10T06:05:21.036317+00:00,false,microservices,gateway,83a7144435b9491b7fc6d536626277aa73b3445b827c6d23ee828ec83e7ba4b1,tcc-microservices-experiment-gateway-1,29.13,494298726,536870912,92.07,69,104MB / 116MB,35.8MB / 295kB
114,2026-09-10T06:05:21.405305+00:00,229,2026-09-10T06:05:21.036317+00:00,false,microservices,mysql,d06f9afc3e8b28e9a11d786b4c4bccb84c42eb76a3ae4ab03d4dfd232f91ec9b,tcc-microservices-experiment-mysql-1,29.89,547251814,1073741824,50.96,40,37.5MB / 94.9MB,50MB / 122MB
114,2026-09-10T06:05:21.405305+00:00,229,2026-09-10T06:05:21.036317+00:00,false,microservices,order,de8786e88a8bfcbfd1cb17a98ff48ecc54b0ff9f2e41faba2396bed7e313585a,tcc-microservices-experiment-order-1,0.01,74186752,1073741824,6.91,3,5.31MB / 4.14MB,11MB / 77.8kB
114,2026-09-10T06:05:21.405305+00:00,229,2026-09-10T06:05:21.036317+00:00,false,microservices,product,31ddd7e3c768e50b5e96a256a44ab64fb2aecfb752c293e2363afb6139139736,tcc-microservices-experiment-product-1,80.31,83854623,1073741824,7.81,3,115MB / 123MB,12.7MB / 3.29MB
115,2026-09-10T06:05:22.405315+00:00,231,2026-09-10T06:05:22.036290+00:00,false,microservices,auth,dbecdd5c05676923e0f63a95fad3beb62185559b8b32d7008b846b421c4c4292,tcc-microservices-experiment-auth-1,0.02,82722161,1073741824,7.7,3,45.9kB / 40.3kB,15.5MB / 65.5kB
115,2026-09-10T06:05:22.405315+00:00,231,2026-09-10T06:05:22.036290+00:00,false,microservices,gateway,83a7144435b9491b7fc6d536626277aa73b3445b827c6d23ee828ec83e7ba4b1,tcc-microservices-experiment-gateway-1,31.39,494823014,536870912,92.17,69,104MB / 116MB,35.8MB / 295kB
115,2026-09-10T06:05:22.405315+00:00,231,2026-09-10T06:05:22.036290+00:00,false,microservices,mysql,d06f9afc3e8b28e9a11d786b4c4bccb84c42eb76a3ae4ab03d4dfd232f91ec9b,tcc-microservices-experiment-mysql-1,25.07,546622669,1073741824,50.91,40,37.8MB / 95.5MB,50MB / 122MB
115,2026-09-10T06:05:22.405315+00:00,231,2026-09-10T06:05:22.036290+00:00,false,microservices,order,de8786e88a8bfcbfd1cb17a98ff48ecc54b0ff9f2e41faba2396bed7e313585a,tcc-microservices-experiment-order-1,0.01,74186752,1073741824,6.91,3,5.31MB / 4.14MB,11MB / 77.8kB
115,2026-09-10T06:05:22.405315+00:00,231,2026-09-10T06:05:22.036290+00:00,false,microservices,product,31ddd7e3c768e50b5e96a256a44ab64fb2aecfb752c293e2363afb6139139736,tcc-microservices-experiment-product-1,81.47,83917537,1073741824,7.82,3,116MB / 123MB,12.7MB / 3.29MB
116,2026-09-10T06:05:23.405330+00:00,233,2026-09-10T06:05:23.037043+00:00,false,microservices,auth,dbecdd5c05676923e0f63a95fad3beb62185559b8b32d7008b846b421c4c4292,tcc-microservices-experiment-auth-1,0.02,82722161,1073741824,7.7,3,45.9kB / 40.3kB,15.5MB / 65.5kB
116,2026-09-10T06:05:23.405330+00:00,233,2026-09-10T06:05:23.037043+00:00,false,microservices,gateway,83a7144435b9491b7fc6d536626277aa73b3445b827c6d23ee828ec83e7ba4b1,tcc-microservices-experiment-gateway-1,29.65,494193869,536870912,92.05,69,105MB / 117MB,35.8MB / 295kB
116,2026-09-10T06:05:23.405330+00:00,233,2026-09-10T06:05:23.037043+00:00,false,microservices,mysql,d06f9afc3e8b28e9a11d786b4c4bccb84c42eb76a3ae4ab03d4dfd232f91ec9b,tcc-microservices-experiment-mysql-1,28.29,547146957,1073741824,50.96,40,38MB / 96.2MB,50MB / 122MB
116,2026-09-10T06:05:23.405330+00:00,233,2026-09-10T06:05:23.037043+00:00,false,microservices,order,de8786e88a8bfcbfd1cb17a98ff48ecc54b0ff9f2e41faba2396bed7e313585a,tcc-microservices-experiment-order-1,0.02,74186752,1073741824,6.91,3,5.31MB / 4.14MB,11MB / 77.8kB
116,2026-09-10T06:05:23.405330+00:00,233,2026-09-10T06:05:23.037043+00:00,false,microservices,product,31ddd7e3c768e50b5e96a256a44ab64fb2aecfb752c293e2363afb6139139736,tcc-microservices-experiment-product-1,82.74,84263567,1073741824,7.85,3,117MB / 124MB,12.7MB / 3.29MB
117,2026-09-10T06:05:24.405328+00:00,235,2026-09-10T06:05:24.035556+00:00,false,microservices,auth,dbecdd5c05676923e0f63a95fad3beb62185559b8b32d7008b846b421c4c4292,tcc-microservices-experiment-auth-1,0.02,82722161,1073741824,7.7,3,45.9kB / 40.3kB,15.5MB / 65.5kB
117,2026-09-10T06:05:24.405328+00:00,235,2026-09-10T06:05:24.035556+00:00,false,microservices,gateway,83a7144435b9491b7fc6d536626277aa73b3445b827c6d23ee828ec83e7ba4b1,tcc-microservices-experiment-gateway-1,28.8,493879296,536870912,92.0,69,106MB / 118MB,35.8MB / 295kB
117,2026-09-10T06:05:24.405328+00:00,235,2026-09-10T06:05:24.035556+00:00,false,microservices,mysql,d06f9afc3e8b28e9a11d786b4c4bccb84c42eb76a3ae4ab03d4dfd232f91ec9b,tcc-microservices-experiment-mysql-1,25.87,546308096,1073741824,50.88,40,38.2MB / 96.8MB,50MB / 122MB
117,2026-09-10T06:05:24.405328+00:00,235,2026-09-10T06:05:24.035556+00:00,false,microservices,order,de8786e88a8bfcbfd1cb17a98ff48ecc54b0ff9f2e41faba2396bed7e313585a,tcc-microservices-experiment-order-1,0.02,74186752,1073741824,6.91,3,5.31MB / 4.14MB,11MB / 77.8kB
117,2026-09-10T06:05:24.405328+00:00,235,2026-09-10T06:05:24.035556+00:00,false,microservices,product,31ddd7e3c768e50b5e96a256a44ab64fb2aecfb752c293e2363afb6139139736,tcc-microservices-experiment-product-1,80.33,84032881,1073741824,7.83,3,117MB / 125MB,12.7MB / 3.29MB
118,2026-09-10T06:05:25.405305+00:00,237,2026-09-10T06:05:25.036343+00:00,false,microservices,auth,dbecdd5c05676923e0f63a95fad3beb62185559b8b32d7008b846b421c4c4292,tcc-microservices-experiment-auth-1,0.02,82722161,1073741824,7.7,3,45.9kB / 40.3kB,15.5MB / 65.5kB
118,2026-09-10T06:05:25.405305+00:00,237,2026-09-10T06:05:25.036343+00:00,false,microservices,gateway,83a7144435b9491b7fc6d536626277aa73b3445b827c6d23ee828ec83e7ba4b1,tcc-microservices-experiment-gateway-1,27.83,493774438,536870912,91.96,69,107MB / 119MB,35.8MB / 295kB
118,2026-09-10T06:05:25.405305+00:00,237,2026-09-10T06:05:25.036343+00:00,false,microservices,mysql,d06f9afc3e8b28e9a11d786b4c4bccb84c42eb76a3ae4ab03d4dfd232f91ec9b,tcc-microservices-experiment-mysql-1,31.08,547146957,1073741824,50.96,40,38.5MB / 97.5MB,50MB / 122MB
118,2026-09-10T06:05:25.405305+00:00,237,2026-09-10T06:05:25.036343+00:00,false,microservices,order,de8786e88a8bfcbfd1cb17a98ff48ecc54b0ff9f2e41faba2396bed7e313585a,tcc-microservices-experiment-order-1,0.02,74186752,1073741824,6.91,3,5.31MB / 4.14MB,11MB / 77.8kB
118,2026-09-10T06:05:25.405305+00:00,237,2026-09-10T06:05:25.036343+00:00,false,microservices,product,31ddd7e3c768e50b5e96a256a44ab64fb2aecfb752c293e2363afb6139139736,tcc-microservices-experiment-product-1,78.63,85249229,1073741824,7.94,3,118MB / 126MB,12.7MB / 3.29MB
119,2026-09-10T06:05:26.405322+00:00,239,2026-09-10T06:05:26.035473+00:00,false,microservices,auth,dbecdd5c05676923e0f63a95fad3beb62185559b8b32d7008b846b421c4c4292,tcc-microservices-experiment-auth-1,0.02,82722161,1073741824,7.7,3,45.9kB / 40.3kB,15.5MB / 65.5kB
119,2026-09-10T06:05:26.405322+00:00,239,2026-09-10T06:05:26.035473+00:00,false,microservices,gateway,83a7144435b9491b7fc6d536626277aa73b3445b827c6d23ee828ec83e7ba4b1,tcc-microservices-experiment-gateway-1,28.63,494403584,536870912,92.08,69,107MB / 120MB,35.8MB / 295kB
119,2026-09-10T06:05:26.405322+00:00,239,2026-09-10T06:05:26.035473+00:00,false,microservices,mysql,d06f9afc3e8b28e9a11d786b4c4bccb84c42eb76a3ae4ab03d4dfd232f91ec9b,tcc-microservices-experiment-mysql-1,26.2,547042099,1073741824,50.95,40,38.7MB / 98.1MB,50MB / 122MB
119,2026-09-10T06:05:26.405322+00:00,239,2026-09-10T06:05:26.035473+00:00,false,microservices,order,de8786e88a8bfcbfd1cb17a98ff48ecc54b0ff9f2e41faba2396bed7e313585a,tcc-microservices-experiment-order-1,0.02,74186752,1073741824,6.91,3,5.31MB / 4.14MB,11MB / 77.8kB
119,2026-09-10T06:05:26.405322+00:00,239,2026-09-10T06:05:26.035473+00:00,false,microservices,product,31ddd7e3c768e50b5e96a256a44ab64fb2aecfb752c293e2363afb6139139736,tcc-microservices-experiment-product-1,80.84,84263567,1073741824,7.85,3,119MB / 127MB,12.7MB / 3.29MB
120,2026-09-10T06:05:27.405331+00:00,241,2026-09-10T06:05:27.036316+00:00,false,microservices,auth,dbecdd5c05676923e0f63a95fad3beb62185559b8b32d7008b846b421c4c4292,tcc-microservices-experiment-auth-1,0.02,82722161,1073741824,7.7,3,45.9kB / 40.3kB,15.5MB / 65.5kB
120,2026-09-10T06:05:27.405331+00:00,241,2026-09-10T06:05:27.036316+00:00,false,microservices,gateway,83a7144435b9491b7fc6d536626277aa73b3445b827c6d23ee828ec83e7ba4b1,tcc-microservices-experiment-gateway-1,30.12,494613299,536870912,92.13,69,108MB / 121MB,35.8MB / 295kB
120,2026-09-10T06:05:27.405331+00:00,241,2026-09-10T06:05:27.036316+00:00,false,microservices,mysql,d06f9afc3e8b28e9a11d786b4c4bccb84c42eb76a3ae4ab03d4dfd232f91ec9b,tcc-microservices-experiment-mysql-1,28.62,547042099,1073741824,50.95,40,39MB / 98.8MB,50MB / 122MB
120,2026-09-10T06:05:27.405331+00:00,241,2026-09-10T06:05:27.036316+00:00,false,microservices,order,de8786e88a8bfcbfd1cb17a98ff48ecc54b0ff9f2e41faba2396bed7e313585a,tcc-microservices-experiment-order-1,0.02,74186752,1073741824,6.91,3,5.31MB / 4.14MB,11MB / 77.8kB
120,2026-09-10T06:05:27.405331+00:00,241,2026-09-10T06:05:27.036316+00:00,false,microservices,product,31ddd7e3c768e50b5e96a256a44ab64fb2aecfb752c293e2363afb6139139736,tcc-microservices-experiment-product-1,82.01,84200653,1073741824,7.84,3,120MB / 128MB,12.7MB / 3.29MB
