sample_index,captured_at_utc,docker_refresh_sequence,docker_refresh_captured_at_utc,docker_refresh_reused,architecture,service,container_id,container_name,cpu_percent,memory_used_bytes,memory_limit_bytes,memory_percent,pids,network_io,block_io
1,2026-09-10T13:00:33.613823+00:00,3,2026-09-10T13:00:33.243318+00:00,false,microservices,auth,0ff0192e2bccdd0a0516c73f7401c14e8e72bbf0832afca33f3b520267ea0db1,tcc-microservices-experiment-auth-1,0.02,80792781,1073741824,7.52,3,45.3kB / 40.3kB,13.1MB / 65.5kB
1,2026-09-10T13:00:33.613823+00:00,3,2026-09-10T13:00:33.243318+00:00,false,microservices,gateway,411281d5d05f61b2e9b46de31dc61df41302bbaf766aad2fd06c9cc36bd30d32,tcc-microservices-experiment-gateway-1,0.24,457808282,536870912,85.28,88,1.51MB / 1.89MB,33.7MB / 201kB
1,2026-09-10T13:00:33.613823+00:00,3,2026-09-10T13:00:33.243318+00:00,false,microservices,mysql,893f8250de329e18ed6652c91c4eaee8d40c311ab89ed5b96198e5565d3fb4d3,tcc-microservices-experiment-mysql-1,7.84,550921830,1073741824,51.31,41,11.3MB / 20.3MB,52.2MB / 224MB
1,2026-09-10T13:00:33.613823+00:00,3,2026-09-10T13:00:33.243318+00:00,false,microservices,order,b035e68a7482e6ed46428ec356cd23c7daead84509d6c435593c18c10d3f7a73,tcc-microservices-experiment-order-1,0.02,80625009,1073741824,7.51,3,12.9MB / 8.82MB,10.2MB / 77.8kB
1,2026-09-10T13:00:33.613823+00:00,3,2026-09-10T13:00:33.243318+00:00,false,microservices,product,29c6213fd736f2f39eacd62d62414987bf7f046acb2235bba54e05d502620dbf,tcc-microservices-experiment-product-1,0.02,81547756,1073741824,7.59,3,10.8MB / 5.65MB,14.3MB / 81.9kB
2,2026-09-10T13:00:34.613811+00:00,5,2026-09-10T13:00:34.243004+00:00,false,microservices,auth,0ff0192e2bccdd0a0516c73f7401c14e8e72bbf0832afca33f3b520267ea0db1,tcc-microservices-experiment-auth-1,0.02,80792781,1073741824,7.52,3,45.3kB / 40.3kB,13.1MB / 65.5kB
2,2026-09-10T13:00:34.613811+00:00,5,2026-09-10T13:00:34.243004+00:00,false,microservices,gateway,411281d5d05f61b2e9b46de31dc61df41302bbaf766aad2fd06c9cc36bd30d32,tcc-microservices-experiment-gateway-1,0.21,457808282,536870912,85.28,88,1.51MB / 1.89MB,33.7MB / 201kB
2,2026-09-10T13:00:34.613811+00:00,5,2026-09-10T13:00:34.243004+00:00,false,microservices,mysql,893f8250de329e18ed6652c91c4eaee8d40c311ab89ed5b96198e5565d3fb4d3,tcc-microservices-experiment-mysql-1,0.74,550712115,1073741824,51.29,41,11.3MB / 20.3MB,52.2MB / 224MB
2,2026-09-10T13:00:34.613811+00:00,5,2026-09-10T13:00:34.243004+00:00,false,microservices,order,b035e68a7482e6ed46428ec356cd23c7daead84509d6c435593c18c10d3f7a73,tcc-microservices-experiment-order-1,0.02,80625009,1073741824,7.51,3,12.9MB / 8.82MB,10.2MB / 77.8kB
2,2026-09-10T13:00:34.613811+00:00,5,2026-09-10T13:00:34.243004+00:00,false,microservices,product,29c6213fd736f2f39eacd62d62414987bf7f046acb2235bba54e05d502620dbf,tcc-microservices-experiment-product-1,0.02,81547756,1073741824,7.59,3,10.8MB / 5.65MB,14.3MB / 81.9kB
3,2026-09-10T13:00:35.613826+00:00,7,2026-09-10T13:00:35.243328+00:00,false,microservices,auth,0ff0192e2bccdd0a0516c73f7401c14e8e72bbf0832afca33f3b520267ea0db1,tcc-microservices-experiment-auth-1,0.03,80792781,1073741824,7.52,3,45.3kB / 40.3kB,13.1MB / 65.5kB
3,2026-09-10T13:00:35.613826+00:00,7,2026-09-10T13:00:35.243328+00:00,false,microservices,gateway,411281d5d05f61b2e9b46de31dc61df41302bbaf766aad2fd06c9cc36bd30d32,tcc-microservices-experiment-gateway-1,0.23,457808282,536870912,85.28,88,1.51MB / 1.89MB,33.7MB / 201kB
3,2026-09-10T13:00:35.613826+00:00,7,2026-09-10T13:00:35.243328+00:00,false,microservices,mysql,893f8250de329e18ed6652c91c4eaee8d40c311ab89ed5b96198e5565d3fb4d3,tcc-microservices-experiment-mysql-1,6.75,551131546,1073741824,51.33,41,11.3MB / 20.3MB,52.2MB / 224MB
3,2026-09-10T13:00:35.613826+00:00,7,2026-09-10T13:00:35.243328+00:00,false,microservices,order,b035e68a7482e6ed46428ec356cd23c7daead84509d6c435593c18c10d3f7a73,tcc-microservices-experiment-order-1,0.02,80562094,1073741824,7.5,3,12.9MB / 8.82MB,10.2MB / 77.8kB
3,2026-09-10T13:00:35.613826+00:00,7,2026-09-10T13:00:35.243328+00:00,false,microservices,product,29c6213fd736f2f39eacd62d62414987bf7f046acb2235bba54e05d502620dbf,tcc-microservices-experiment-product-1,0.02,81547756,1073741824,7.59,3,10.8MB / 5.65MB,14.3MB / 81.9kB
4,2026-09-10T13:00:36.613801+00:00,9,2026-09-10T13:00:36.242179+00:00,false,microservices,auth,0ff0192e2bccdd0a0516c73f7401c14e8e72bbf0832afca33f3b520267ea0db1,tcc-microservices-experiment-auth-1,0.04,80792781,1073741824,7.52,3,45.3kB / 40.3kB,13.1MB / 65.5kB
4,2026-09-10T13:00:36.613801+00:00,9,2026-09-10T13:00:36.242179+00:00,false,microservices,gateway,411281d5d05f61b2e9b46de31dc61df41302bbaf766aad2fd06c9cc36bd30d32,tcc-microservices-experiment-gateway-1,82.79,468608614,536870912,87.28,88,1.65MB / 2.07MB,33.7MB / 201kB
4,2026-09-10T13:00:36.613801+00:00,9,2026-09-10T13:00:36.242179+00:00,false,microservices,mysql,893f8250de329e18ed6652c91c4eaee8d40c311ab89ed5b96198e5565d3fb4d3,tcc-microservices-experiment-mysql-1,15.59,551550976,1073741824,51.37,41,11.4MB / 20.6MB,52.2MB / 225MB
4,2026-09-10T13:00:36.613801+00:00,9,2026-09-10T13:00:36.242179+00:00,false,microservices,order,b035e68a7482e6ed46428ec356cd23c7daead84509d6c435593c18c10d3f7a73,tcc-microservices-experiment-order-1,18.99,82281759,1073741824,7.66,3,13.2MB / 8.91MB,10.2MB / 77.8kB
4,2026-09-10T13:00:36.613801+00:00,9,2026-09-10T13:00:36.242179+00:00,false,microservices,product,29c6213fd736f2f39eacd62d62414987bf7f046acb2235bba54e05d502620dbf,tcc-microservices-experiment-product-1,20.17,83875594,1073741824,7.81,3,11MB / 5.74MB,14.3MB / 81.9kB
5,2026-09-10T13:00:37.613781+00:00,11,2026-09-10T13:00:37.242561+00:00,false,microservices,auth,0ff0192e2bccdd0a0516c73f7401c14e8e72bbf0832afca33f3b520267ea0db1,tcc-microservices-experiment-auth-1,0.02,80792781,1073741824,7.52,3,45.3kB / 40.3kB,13.1MB / 65.5kB
5,2026-09-10T13:00:37.613781+00:00,11,2026-09-10T13:00:37.242561+00:00,false,microservices,gateway,411281d5d05f61b2e9b46de31dc61df41302bbaf766aad2fd06c9cc36bd30d32,tcc-microservices-experiment-gateway-1,21.06,468294042,536870912,87.23,88,1.69MB / 2.12MB,33.7MB / 201kB
5,2026-09-10T13:00:37.613781+00:00,11,2026-09-10T13:00:37.242561+00:00,false,microservices,mysql,893f8250de329e18ed6652c91c4eaee8d40c311ab89ed5b96198e5565d3fb4d3,tcc-microservices-experiment-mysql-1,29.84,552494694,1073741824,51.46,41,11.6MB / 21MB,52.2MB / 230MB
5,2026-09-10T13:00:37.613781+00:00,11,2026-09-10T13:00:37.242561+00:00,false,microservices,order,b035e68a7482e6ed46428ec356cd23c7daead84509d6c435593c18c10d3f7a73,tcc-microservices-experiment-order-1,27.05,82732646,1073741824,7.7,3,13.4MB / 9.05MB,10.2MB / 77.8kB
5,2026-09-10T13:00:37.613781+00:00,11,2026-09-10T13:00:37.242561+00:00,false,microservices,product,29c6213fd736f2f39eacd62d62414987bf7f046acb2235bba54e05d502620dbf,tcc-microservices-experiment-product-1,31.74,83414221,1073741824,7.77,3,11.3MB / 5.89MB,14.3MB / 81.9kB
6,2026-09-10T13:00:38.613768+00:00,13,2026-09-10T13:00:38.242442+00:00,false,microservices,auth,0ff0192e2bccdd0a0516c73f7401c14e8e72bbf0832afca33f3b520267ea0db1,tcc-microservices-experiment-auth-1,0.02,80792781,1073741824,7.52,3,45.3kB / 40.3kB,13.1MB / 65.5kB
6,2026-09-10T13:00:38.613768+00:00,13,2026-09-10T13:00:38.242442+00:00,false,microservices,gateway,411281d5d05f61b2e9b46de31dc61df41302bbaf766aad2fd06c9cc36bd30d32,tcc-microservices-experiment-gateway-1,18.04,468713472,536870912,87.31,88,1.74MB / 2.18MB,33.7MB / 201kB
6,2026-09-10T13:00:38.613768+00:00,13,2026-09-10T13:00:38.242442+00:00,false,microservices,mysql,893f8250de329e18ed6652c91c4eaee8d40c311ab89ed5b96198e5565d3fb4d3,tcc-microservices-experiment-mysql-1,25.5,553123840,1073741824,51.51,41,11.8MB / 21.4MB,52.2MB / 233MB
6,2026-09-10T13:00:38.613768+00:00,13,2026-09-10T13:00:38.242442+00:00,false,microservices,order,b035e68a7482e6ed46428ec356cd23c7daead84509d6c435593c18c10d3f7a73,tcc-microservices-experiment-order-1,25.51,82522931,1073741824,7.69,3,13.6MB / 9.19MB,10.2MB / 77.8kB
6,2026-09-10T13:00:38.613768+00:00,13,2026-09-10T13:00:38.242442+00:00,false,microservices,product,29c6213fd736f2f39eacd62d62414987bf7f046acb2235bba54e05d502620dbf,tcc-microservices-experiment-product-1,30.63,84106281,1073741824,7.83,3,11.6MB / 6.05MB,14.3MB / 81.9kB
7,2026-09-10T13:00:39.613782+00:00,15,2026-09-10T13:00:39.242327+00:00,false,microservices,auth,0ff0192e2bccdd0a0516c73f7401c14e8e72bbf0832afca33f3b520267ea0db1,tcc-microservices-experiment-auth-1,0.02,80792781,1073741824,7.52,3,45.3kB / 40.3kB,13.1MB / 65.5kB
7,2026-09-10T13:00:39.613782+00:00,15,2026-09-10T13:00:39.242327+00:00,false,microservices,gateway,411281d5d05f61b2e9b46de31dc61df41302bbaf766aad2fd06c9cc36bd30d32,tcc-microservices-experiment-gateway-1,25.71,470810624,536870912,87.69,88,1.78MB / 2.24MB,33.7MB / 201kB
7,2026-09-10T13:00:39.613782+00:00,15,2026-09-10T13:00:39.242327+00:00,false,microservices,mysql,893f8250de329e18ed6652c91c4eaee8d40c311ab89ed5b96198e5565d3fb4d3,tcc-microservices-experiment-mysql-1,30.93,552389837,1073741824,51.45,41,12MB / 21.9MB,52.2MB / 235MB
7,2026-09-10T13:00:39.613782+00:00,15,2026-09-10T13:00:39.242327+00:00,false,microservices,order,b035e68a7482e6ed46428ec356cd23c7daead84509d6c435593c18c10d3f7a73,tcc-microservices-experiment-order-1,26.11,82134958,1073741824,7.65,3,13.8MB / 9.33MB,10.2MB / 77.8kB
7,2026-09-10T13:00:39.613782+00:00,15,2026-09-10T13:00:39.242327+00:00,false,microservices,product,29c6213fd736f2f39eacd62d62414987bf7f046acb2235bba54e05d502620dbf,tcc-microservices-experiment-product-1,32.7,84106281,1073741824,7.83,3,11.9MB / 6.21MB,14.3MB / 81.9kB
8,2026-09-10T13:00:40.613783+00:00,17,2026-09-10T13:00:40.242271+00:00,false,microservices,auth,0ff0192e2bccdd0a0516c73f7401c14e8e72bbf0832afca33f3b520267ea0db1,tcc-microservices-experiment-auth-1,0.02,80792781,1073741824,7.52,3,45.3kB / 40.3kB,13.1MB / 65.5kB
8,2026-09-10T13:00:40.613783+00:00,17,2026-09-10T13:00:40.242271+00:00,false,microservices,gateway,411281d5d05f61b2e9b46de31dc61df41302bbaf766aad2fd06c9cc36bd30d32,tcc-microservices-experiment-gateway-1,14.75,469971763,536870912,87.55,88,1.83MB / 2.29MB,33.7MB / 201kB
8,2026-09-10T13:00:40.613783+00:00,17,2026-09-10T13:00:40.242271+00:00,false,microservices,mysql,893f8250de329e18ed6652c91c4eaee8d40c311ab89ed5b96198e5565d3fb4d3,tcc-microservices-experiment-mysql-1,26.09,552914125,1073741824,51.49,41,12.2MB / 22.3MB,52.2MB / 239MB
8,2026-09-10T13:00:40.613783+00:00,17,2026-09-10T13:00:40.242271+00:00,false,microservices,order,b035e68a7482e6ed46428ec356cd23c7daead84509d6c435593c18c10d3f7a73,tcc-microservices-experiment-order-1,26.16,82292244,1073741824,7.66,3,14.1MB / 9.47MB,10.2MB / 77.8kB
8,2026-09-10T13:00:40.613783+00:00,17,2026-09-10T13:00:40.242271+00:00,false,microservices,product,29c6213fd736f2f39eacd62d62414987bf7f046acb2235bba54e05d502620dbf,tcc-microservices-experiment-product-1,32.44,83886080,1073741824,7.81,3,12.2MB / 6.37MB,14.3MB / 81.9kB
9,2026-09-10T13:00:41.613799+00:00,19,2026-09-10T13:00:41.242237+00:00,false,microservices,auth,0ff0192e2bccdd0a0516c73f7401c14e8e72bbf0832afca33f3b520267ea0db1,tcc-microservices-experiment-auth-1,0.02,80792781,1073741824,7.52,3,45.3kB / 40.3kB,13.1MB / 65.5kB
9,2026-09-10T13:00:41.613799+00:00,19,2026-09-10T13:00:41.242237+00:00,false,microservices,gateway,411281d5d05f61b2e9b46de31dc61df41302bbaf766aad2fd06c9cc36bd30d32,tcc-microservices-experiment-gateway-1,23.27,471334912,536870912,87.79,88,1.88MB / 2.35MB,33.7MB / 201kB
9,2026-09-10T13:00:41.613799+00:00,19,2026-09-10T13:00:41.242237+00:00,false,microservices,mysql,893f8250de329e18ed6652c91c4eaee8d40c311ab89ed5b96198e5565d3fb4d3,tcc-microservices-experiment-mysql-1,30.53,552599552,1073741824,51.46,41,12.4MB / 22.7MB,52.2MB / 242MB
9,2026-09-10T13:00:41.613799+00:00,19,2026-09-10T13:00:41.242237+00:00,false,microservices,order,b035e68a7482e6ed46428ec356cd23c7daead84509d6c435593c18c10d3f7a73,tcc-microservices-experiment-order-1,26.87,83267420,1073741824,7.75,3,14.3MB / 9.61MB,10.2MB / 77.8kB
9,2026-09-10T13:00:41.613799+00:00,19,2026-09-10T13:00:41.242237+00:00,false,microservices,product,29c6213fd736f2f39eacd62d62414987bf7f046acb2235bba54e05d502620dbf,tcc-microservices-experiment-product-1,31.71,82858476,1073741824,7.72,3,12.5MB / 6.53MB,14.3MB / 81.9kB
10,2026-09-10T13:00:42.613781+00:00,21,2026-09-10T13:00:42.242303+00:00,false,microservices,auth,0ff0192e2bccdd0a0516c73f7401c14e8e72bbf0832afca33f3b520267ea0db1,tcc-microservices-experiment-auth-1,0.02,80792781,1073741824,7.52,3,45.3kB / 40.3kB,13.1MB / 65.5kB
10,2026-09-10T13:00:42.613781+00:00,21,2026-09-10T13:00:42.242303+00:00,false,microservices,gateway,411281d5d05f61b2e9b46de31dc61df41302bbaf766aad2fd06c9cc36bd30d32,tcc-microservices-experiment-gateway-1,16.46,471125197,536870912,87.75,88,1.92MB / 2.4MB,33.7MB / 213kB
10,2026-09-10T13:00:42.613781+00:00,21,2026-09-10T13:00:42.242303+00:00,false,microservices,mysql,893f8250de329e18ed6652c91c4eaee8d40c311ab89ed5b96198e5565d3fb4d3,tcc-microservices-experiment-mysql-1,26.95,553123840,1073741824,51.52,41,12.6MB / 23.2MB,52.2MB / 245MB
10,2026-09-10T13:00:42.613781+00:00,21,2026-09-10T13:00:42.242303+00:00,false,microservices,order,b035e68a7482e6ed46428ec356cd23c7daead84509d6c435593c18c10d3f7a73,tcc-microservices-experiment-order-1,25.91,82659246,1073741824,7.7,3,14.5MB / 9.75MB,10.2MB / 77.8kB
10,2026-09-10T13:00:42.613781+00:00,21,2026-09-10T13:00:42.242303+00:00,false,microservices,product,29c6213fd736f2f39eacd62d62414987bf7f046acb2235bba54e05d502620dbf,tcc-microservices-experiment-product-1,31.85,83529564,1073741824,7.78,3,12.8MB / 6.69MB,14.3MB / 81.9kB
11,2026-09-10T13:00:43.613816+00:00,23,2026-09-10T13:00:43.242506+00:00,false,microservices,auth,0ff0192e2bccdd0a0516c73f7401c14e8e72bbf0832afca33f3b520267ea0db1,tcc-microservices-experiment-auth-1,0.02,80792781,1073741824,7.52,3,45.3kB / 40.3kB,13.1MB / 65.5kB
11,2026-09-10T13:00:43.613816+00:00,23,2026-09-10T13:00:43.242506+00:00,false,microservices,gateway,411281d5d05f61b2e9b46de31dc61df41302bbaf766aad2fd06c9cc36bd30d32,tcc-microservices-experiment-gateway-1,11.88,470391194,536870912,87.62,88,1.96MB / 2.46MB,33.7MB / 213kB
11,2026-09-10T13:00:43.613816+00:00,23,2026-09-10T13:00:43.242506+00:00,false,microservices,mysql,893f8250de329e18ed6652c91c4eaee8d40c311ab89ed5b96198e5565d3fb4d3,tcc-microservices-experiment-mysql-1,29.28,552914125,1073741824,51.49,41,12.8MB / 23.6MB,52.2MB / 247MB
11,2026-09-10T13:00:43.613816+00:00,23,2026-09-10T13:00:43.242506+00:00,false,microservices,order,b035e68a7482e6ed46428ec356cd23c7daead84509d6c435593c18c10d3f7a73,tcc-microservices-experiment-order-1,26.98,82082529,1073741824,7.64,3,14.8MB / 9.89MB,10.2MB / 77.8kB
11,2026-09-10T13:00:43.613816+00:00,23,2026-09-10T13:00:43.242506+00:00,false,microservices,product,29c6213fd736f2f39eacd62d62414987bf7f046acb2235bba54e05d502620dbf,tcc-microservices-experiment-product-1,33.47,84263567,1073741824,7.85,3,13.1MB / 6.86MB,14.3MB / 81.9kB
12,2026-09-10T13:00:44.613806+00:00,25,2026-09-10T13:00:44.242381+00:00,false,microservices,auth,0ff0192e2bccdd0a0516c73f7401c14e8e72bbf0832afca33f3b520267ea0db1,tcc-microservices-experiment-auth-1,0.02,80792781,1073741824,7.52,3,45.3kB / 40.3kB,13.1MB / 65.5kB
12,2026-09-10T13:00:44.613806+00:00,25,2026-09-10T13:00:44.242381+00:00,false,microservices,gateway,411281d5d05f61b2e9b46de31dc61df41302bbaf766aad2fd06c9cc36bd30d32,tcc-microservices-experiment-gateway-1,14.27,471020339,536870912,87.73,88,2.01MB / 2.51MB,33.7MB / 213kB
12,2026-09-10T13:00:44.613806+00:00,25,2026-09-10T13:00:44.242381+00:00,false,microservices,mysql,893f8250de329e18ed6652c91c4eaee8d40c311ab89ed5b96198e5565d3fb4d3,tcc-microservices-experiment-mysql-1,25.1,552704410,1073741824,51.48,41,13MB / 24MB,52.2MB / 250MB
12,2026-09-10T13:00:44.613806+00:00,25,2026-09-10T13:00:44.242381+00:00,false,microservices,order,b035e68a7482e6ed46428ec356cd23c7daead84509d6c435593c18c10d3f7a73,tcc-microservices-experiment-order-1,26.58,83005276,1073741824,7.73,3,15MB / 10MB,10.2MB / 77.8kB
12,2026-09-10T13:00:44.613806+00:00,25,2026-09-10T13:00:44.242381+00:00,false,microservices,product,29c6213fd736f2f39eacd62d62414987bf7f046acb2235bba54e05d502620dbf,tcc-microservices-experiment-product-1,32.1,84336968,1073741824,7.85,3,13.5MB / 7.02MB,14.3MB / 81.9kB
13,2026-09-10T13:00:45.613800+00:00,27,2026-09-10T13:00:45.242379+00:00,false,microservices,auth,0ff0192e2bccdd0a0516c73f7401c14e8e72bbf0832afca33f3b520267ea0db1,tcc-microservices-experiment-auth-1,0.02,80792781,1073741824,7.52,3,45.3kB / 40.3kB,13.1MB / 65.5kB
13,2026-09-10T13:00:45.613800+00:00,27,2026-09-10T13:00:45.242379+00:00,false,microservices,gateway,411281d5d05f61b2e9b46de31dc61df41302bbaf766aad2fd06c9cc36bd30d32,tcc-microservices-experiment-gateway-1,12.01,470915482,536870912,87.72,88,2.05MB / 2.57MB,33.7MB / 213kB
13,2026-09-10T13:00:45.613800+00:00,27,2026-09-10T13:00:45.242379+00:00,false,microservices,mysql,893f8250de329e18ed6652c91c4eaee8d40c311ab89ed5b96198e5565d3fb4d3,tcc-microservices-experiment-mysql-1,28.79,553228698,1073741824,51.52,41,13.2MB / 24.5MB,52.2MB / 253MB
13,2026-09-10T13:00:45.613800+00:00,27,2026-09-10T13:00:45.242379+00:00,false,microservices,order,b035e68a7482e6ed46428ec356cd23c7daead84509d6c435593c18c10d3f7a73,tcc-microservices-experiment-order-1,25.48,83057705,1073741824,7.74,3,15.2MB / 10.2MB,10.2MB / 77.8kB
13,2026-09-10T13:00:45.613800+00:00,27,2026-09-10T13:00:45.242379+00:00,false,microservices,product,29c6213fd736f2f39eacd62d62414987bf7f046acb2235bba54e05d502620dbf,tcc-microservices-experiment-product-1,32.22,84274053,1073741824,7.85,3,13.8MB / 7.17MB,14.3MB / 81.9kB
14,2026-09-10T13:00:46.613809+00:00,29,2026-09-10T13:00:46.242657+00:00,false,microservices,auth,0ff0192e2bccdd0a0516c73f7401c14e8e72bbf0832afca33f3b520267ea0db1,tcc-microservices-experiment-auth-1,0.02,80792781,1073741824,7.52,3,45.3kB / 40.3kB,13.1MB / 65.5kB
14,2026-09-10T13:00:46.613809+00:00,29,2026-09-10T13:00:46.242657+00:00,false,microservices,gateway,411281d5d05f61b2e9b46de31dc61df41302bbaf766aad2fd06c9cc36bd30d32,tcc-microservices-experiment-gateway-1,12.6,470810624,536870912,87.7,88,2.09MB / 2.63MB,33.7MB / 213kB
14,2026-09-10T13:00:46.613809+00:00,29,2026-09-10T13:00:46.242657+00:00,false,microservices,mysql,893f8250de329e18ed6652c91c4eaee8d40c311ab89ed5b96198e5565d3fb4d3,tcc-microservices-experiment-mysql-1,24.89,553018982,1073741824,51.51,41,13.4MB / 24.9MB,52.2MB / 255MB
14,2026-09-10T13:00:46.613809+00:00,29,2026-09-10T13:00:46.242657+00:00,false,microservices,order,b035e68a7482e6ed46428ec356cd23c7daead84509d6c435593c18c10d3f7a73,tcc-microservices-experiment-order-1,26.22,82617303,1073741824,7.69,3,15.4MB / 10.3MB,10.2MB / 77.8kB
14,2026-09-10T13:00:46.613809+00:00,29,2026-09-10T13:00:46.242657+00:00,false,microservices,product,29c6213fd736f2f39eacd62d62414987bf7f046acb2235bba54e05d502620dbf,tcc-microservices-experiment-product-1,32.11,83602964,1073741824,7.79,3,14.1MB / 7.33MB,14.3MB / 81.9kB
15,2026-09-10T13:00:47.613800+00:00,31,2026-09-10T13:00:47.243222+00:00,false,microservices,auth,0ff0192e2bccdd0a0516c73f7401c14e8e72bbf0832afca33f3b520267ea0db1,tcc-microservices-experiment-auth-1,0.02,80792781,1073741824,7.52,3,45.3kB / 40.3kB,13.1MB / 65.5kB
15,2026-09-10T13:00:47.613800+00:00,31,2026-09-10T13:00:47.243222+00:00,false,microservices,gateway,411281d5d05f61b2e9b46de31dc61df41302bbaf766aad2fd06c9cc36bd30d32,tcc-microservices-experiment-gateway-1,29.06,470810624,536870912,87.7,88,2.14MB / 2.68MB,33.7MB / 213kB
15,2026-09-10T13:00:47.613800+00:00,31,2026-09-10T13:00:47.243222+00:00,false,microservices,mysql,893f8250de329e18ed6652c91c4eaee8d40c311ab89ed5b96198e5565d3fb4d3,tcc-microservices-experiment-mysql-1,29.45,552914125,1073741824,51.49,41,13.6MB / 25.3MB,52.2MB / 258MB
15,2026-09-10T13:00:47.613800+00:00,31,2026-09-10T13:00:47.243222+00:00,false,microservices,order,b035e68a7482e6ed46428ec356cd23c7daead84509d6c435593c18c10d3f7a73,tcc-microservices-experiment-order-1,26.31,82879447,1073741824,7.72,3,15.7MB / 10.4MB,10.2MB / 77.8kB
15,2026-09-10T13:00:47.613800+00:00,31,2026-09-10T13:00:47.243222+00:00,false,microservices,product,29c6213fd736f2f39eacd62d62414987bf7f046acb2235bba54e05d502620dbf,tcc-microservices-experiment-product-1,32.92,84651540,1073741824,7.88,3,14.4MB / 7.49MB,14.3MB / 81.9kB
16,2026-09-10T13:00:48.613810+00:00,33,2026-09-10T13:00:48.243061+00:00,false,microservices,auth,0ff0192e2bccdd0a0516c73f7401c14e8e72bbf0832afca33f3b520267ea0db1,tcc-microservices-experiment-auth-1,0.02,80792781,1073741824,7.52,3,45.3kB / 40.3kB,13.1MB / 65.5kB
16,2026-09-10T13:00:48.613810+00:00,33,2026-09-10T13:00:48.243061+00:00,false,microservices,gateway,411281d5d05f61b2e9b46de31dc61df41302bbaf766aad2fd06c9cc36bd30d32,tcc-microservices-experiment-gateway-1,27.91,473536922,536870912,88.2,88,2.18MB / 2.74MB,33.7MB / 213kB
16,2026-09-10T13:00:48.613810+00:00,33,2026-09-10T13:00:48.243061+00:00,false,microservices,mysql,893f8250de329e18ed6652c91c4eaee8d40c311ab89ed5b96198e5565d3fb4d3,tcc-microservices-experiment-mysql-1,24.82,553228698,1073741824,51.52,41,13.8MB / 25.8MB,52.2MB / 261MB
16,2026-09-10T13:00:48.613810+00:00,33,2026-09-10T13:00:48.243061+00:00,false,microservices,order,b035e68a7482e6ed46428ec356cd23c7daead84509d6c435593c18c10d3f7a73,tcc-microservices-experiment-order-1,25.94,82355159,1073741824,7.67,3,15.9MB / 10.6MB,10.2MB / 77.8kB
16,2026-09-10T13:00:48.613810+00:00,33,2026-09-10T13:00:48.243061+00:00,false,microservices,product,29c6213fd736f2f39eacd62d62414987bf7f046acb2235bba54e05d502620dbf,tcc-microservices-experiment-product-1,32.23,83896566,1073741824,7.81,3,14.7MB / 7.66MB,14.3MB / 81.9kB
17,2026-09-10T13:00:49.613776+00:00,35,2026-09-10T13:00:49.242545+00:00,false,microservices,auth,0ff0192e2bccdd0a0516c73f7401c14e8e72bbf0832afca33f3b520267ea0db1,tcc-microservices-experiment-auth-1,0.02,80792781,1073741824,7.52,3,45.3kB / 40.3kB,13.1MB / 65.5kB
17,2026-09-10T13:00:49.613776+00:00,35,2026-09-10T13:00:49.242545+00:00,false,microservices,gateway,411281d5d05f61b2e9b46de31dc61df41302bbaf766aad2fd06c9cc36bd30d32,tcc-microservices-experiment-gateway-1,18.48,472593203,536870912,88.02,88,2.22MB / 2.79MB,33.7MB / 213kB
17,2026-09-10T13:00:49.613776+00:00,35,2026-09-10T13:00:49.242545+00:00,false,microservices,mysql,893f8250de329e18ed6652c91c4eaee8d40c311ab89ed5b96198e5565d3fb4d3,tcc-microservices-experiment-mysql-1,29.75,553648128,1073741824,51.56,41,14MB / 26.2MB,52.2MB / 263MB
17,2026-09-10T13:00:49.613776+00:00,35,2026-09-10T13:00:49.242545+00:00,false,microservices,order,b035e68a7482e6ed46428ec356cd23c7daead84509d6c435593c18c10d3f7a73,tcc-microservices-experiment-order-1,26.32,82009129,1073741824,7.64,3,16.1MB / 10.7MB,10.2MB / 77.8kB
17,2026-09-10T13:00:49.613776+00:00,35,2026-09-10T13:00:49.242545+00:00,false,microservices,product,29c6213fd736f2f39eacd62d62414987bf7f046acb2235bba54e05d502620dbf,tcc-microservices-experiment-product-1,31.97,84127252,1073741824,7.84,3,15MB / 7.82MB,14.3MB / 81.9kB
18,2026-09-10T13:00:50.613772+00:00,37,2026-09-10T13:00:50.242358+00:00,false,microservices,auth,0ff0192e2bccdd0a0516c73f7401c14e8e72bbf0832afca33f3b520267ea0db1,tcc-microservices-experiment-auth-1,0.02,80792781,1073741824,7.52,3,45.3kB / 40.3kB,13.1MB / 65.5kB
18,2026-09-10T13:00:50.613772+00:00,37,2026-09-10T13:00:50.242358+00:00,false,microservices,gateway,411281d5d05f61b2e9b46de31dc61df41302bbaf766aad2fd06c9cc36bd30d32,tcc-microservices-experiment-gateway-1,10.71,473327206,536870912,88.16,88,2.27MB / 2.85MB,33.7MB / 213kB
18,2026-09-10T13:00:50.613772+00:00,37,2026-09-10T13:00:50.242358+00:00,false,microservices,mysql,893f8250de329e18ed6652c91c4eaee8d40c311ab89ed5b96198e5565d3fb4d3,tcc-microservices-experiment-mysql-1,26.31,553962701,1073741824,51.59,41,14.2MB / 26.6MB,52.2MB / 266MB
18,2026-09-10T13:00:50.613772+00:00,37,2026-09-10T13:00:50.242358+00:00,false,microservices,order,b035e68a7482e6ed46428ec356cd23c7daead84509d6c435593c18c10d3f7a73,tcc-microservices-experiment-order-1,25.86,82323702,1073741824,7.67,3,16.3MB / 10.9MB,10.2MB / 77.8kB
18,2026-09-10T13:00:50.613772+00:00,37,2026-09-10T13:00:50.242358+00:00,false,microservices,product,29c6213fd736f2f39eacd62d62414987bf7f046acb2235bba54e05d502620dbf,tcc-microservices-experiment-product-1,31.54,84368425,1073741824,7.86,3,15.3MB / 7.97MB,14.3MB / 81.9kB
19,2026-09-10T13:00:51.613780+00:00,39,2026-09-10T13:00:51.241771+00:00,false,microservices,auth,0ff0192e2bccdd0a0516c73f7401c14e8e72bbf0832afca33f3b520267ea0db1,tcc-microservices-experiment-auth-1,0.02,80792781,1073741824,7.52,3,45.3kB / 40.3kB,13.1MB / 65.5kB
19,2026-09-10T13:00:51.613780+00:00,39,2026-09-10T13:00:51.241771+00:00,false,microservices,gateway,411281d5d05f61b2e9b46de31dc61df41302bbaf766aad2fd06c9cc36bd30d32,tcc-microservices-experiment-gateway-1,9.02,473851494,536870912,88.26,88,2.31MB / 2.9MB,33.7MB / 213kB
19,2026-09-10T13:00:51.613780+00:00,39,2026-09-10T13:00:51.241771+00:00,false,microservices,mysql,893f8250de329e18ed6652c91c4eaee8d40c311ab89ed5b96198e5565d3fb4d3,tcc-microservices-experiment-mysql-1,30.1,553333555,1073741824,51.53,41,14.4MB / 27.1MB,52.2MB / 268MB
19,2026-09-10T13:00:51.613780+00:00,39,2026-09-10T13:00:51.241771+00:00,false,microservices,order,b035e68a7482e6ed46428ec356cd23c7daead84509d6c435593c18c10d3f7a73,tcc-microservices-experiment-order-1,25.94,82795561,1073741824,7.71,3,16.6MB / 11MB,10.2MB / 77.8kB
19,2026-09-10T13:00:51.613780+00:00,39,2026-09-10T13:00:51.241771+00:00,false,microservices,product,29c6213fd736f2f39eacd62d62414987bf7f046acb2235bba54e05d502620dbf,tcc-microservices-experiment-product-1,31.73,83802194,1073741824,7.8,3,15.6MB / 8.13MB,14.3MB / 81.9kB
20,2026-09-10T13:00:52.613771+00:00,41,2026-09-10T13:00:52.241422+00:00,false,microservices,auth,0ff0192e2bccdd0a0516c73f7401c14e8e72bbf0832afca33f3b520267ea0db1,tcc-microservices-experiment-auth-1,0.02,80792781,1073741824,7.52,3,45.3kB / 40.3kB,13.1MB / 65.5kB
20,2026-09-10T13:00:52.613771+00:00,41,2026-09-10T13:00:52.241422+00:00,false,microservices,gateway,411281d5d05f61b2e9b46de31dc61df41302bbaf766aad2fd06c9cc36bd30d32,tcc-microservices-experiment-gateway-1,8.41,474061210,536870912,88.3,88,2.35MB / 2.96MB,33.7MB / 213kB
20,2026-09-10T13:00:52.613771+00:00,41,2026-09-10T13:00:52.241422+00:00,false,microservices,mysql,893f8250de329e18ed6652c91c4eaee8d40c311ab89ed5b96198e5565d3fb4d3,tcc-microservices-experiment-mysql-1,26.53,553962701,1073741824,51.59,41,14.6MB / 27.5MB,52.2MB / 271MB
20,2026-09-10T13:00:52.613771+00:00,41,2026-09-10T13:00:52.241422+00:00,false,microservices,order,b035e68a7482e6ed46428ec356cd23c7daead84509d6c435593c18c10d3f7a73,tcc-microservices-experiment-order-1,25.2,83005276,1073741824,7.73,3,16.8MB / 11.1MB,10.2MB / 77.8kB
20,2026-09-10T13:00:52.613771+00:00,41,2026-09-10T13:00:52.241422+00:00,false,microservices,product,29c6213fd736f2f39eacd62d62414987bf7f046acb2235bba54e05d502620dbf,tcc-microservices-experiment-product-1,31.98,83760251,1073741824,7.8,3,15.9MB / 8.29MB,14.3MB / 81.9kB
21,2026-09-10T13:00:53.613802+00:00,43,2026-09-10T13:00:53.241428+00:00,false,microservices,auth,0ff0192e2bccdd0a0516c73f7401c14e8e72bbf0832afca33f3b520267ea0db1,tcc-microservices-experiment-auth-1,0.02,80792781,1073741824,7.52,3,45.3kB / 40.3kB,13.1MB / 65.5kB
21,2026-09-10T13:00:53.613802+00:00,43,2026-09-10T13:00:53.241428+00:00,false,microservices,gateway,411281d5d05f61b2e9b46de31dc61df41302bbaf766aad2fd06c9cc36bd30d32,tcc-microservices-experiment-gateway-1,11.3,473012634,536870912,88.11,88,2.4MB / 3.01MB,33.7MB / 213kB
21,2026-09-10T13:00:53.613802+00:00,43,2026-09-10T13:00:53.241428+00:00,false,microservices,mysql,893f8250de329e18ed6652c91c4eaee8d40c311ab89ed5b96198e5565d3fb4d3,tcc-microservices-experiment-mysql-1,31.02,553857843,1073741824,51.58,41,14.8MB / 27.9MB,52.2MB / 274MB
21,2026-09-10T13:00:53.613802+00:00,43,2026-09-10T13:00:53.241428+00:00,false,microservices,order,b035e68a7482e6ed46428ec356cd23c7daead84509d6c435593c18c10d3f7a73,tcc-microservices-experiment-order-1,26.1,83173048,1073741824,7.75,3,17MB / 11.3MB,10.2MB / 77.8kB
21,2026-09-10T13:00:53.613802+00:00,43,2026-09-10T13:00:53.241428+00:00,false,microservices,product,29c6213fd736f2f39eacd62d62414987bf7f046acb2235bba54e05d502620dbf,tcc-microservices-experiment-product-1,32.24,84588626,1073741824,7.88,3,16.2MB / 8.45MB,14.3MB / 81.9kB
22,2026-09-10T13:00:54.613776+00:00,45,2026-09-10T13:00:54.241489+00:00,false,microservices,auth,0ff0192e2bccdd0a0516c73f7401c14e8e72bbf0832afca33f3b520267ea0db1,tcc-microservices-experiment-auth-1,0.02,80792781,1073741824,7.52,3,45.3kB / 40.3kB,13.1MB / 65.5kB
22,2026-09-10T13:00:54.613776+00:00,45,2026-09-10T13:00:54.241489+00:00,false,microservices,gateway,411281d5d05f61b2e9b46de31dc61df41302bbaf766aad2fd06c9cc36bd30d32,tcc-microservices-experiment-gateway-1,15.45,473432064,536870912,88.18,88,2.44MB / 3.07MB,33.7MB / 213kB
22,2026-09-10T13:00:54.613776+00:00,45,2026-09-10T13:00:54.241489+00:00,false,microservices,mysql,893f8250de329e18ed6652c91c4eaee8d40c311ab89ed5b96198e5565d3fb4d3,tcc-microservices-experiment-mysql-1,23.74,553228698,1073741824,51.52,41,15MB / 28.4MB,52.2MB / 277MB
22,2026-09-10T13:00:54.613776+00:00,45,2026-09-10T13:00:54.241489+00:00,false,microservices,order,b035e68a7482e6ed46428ec356cd23c7daead84509d6c435593c18c10d3f7a73,tcc-microservices-experiment-order-1,24.56,82973819,1073741824,7.73,3,17.2MB / 11.4MB,10.2MB / 77.8kB
22,2026-09-10T13:00:54.613776+00:00,45,2026-09-10T13:00:54.241489+00:00,false,microservices,product,29c6213fd736f2f39eacd62d62414987bf7f046acb2235bba54e05d502620dbf,tcc-microservices-experiment-product-1,30.42,84148224,1073741824,7.84,3,16.5MB / 8.61MB,14.3MB / 81.9kB
23,2026-09-10T13:00:55.613781+00:00,47,2026-09-10T13:00:55.241422+00:00,false,microservices,auth,0ff0192e2bccdd0a0516c73f7401c14e8e72bbf0832afca33f3b520267ea0db1,tcc-microservices-experiment-auth-1,0.02,80792781,1073741824,7.52,3,45.3kB / 40.3kB,13.1MB / 65.5kB
23,2026-09-10T13:00:55.613781+00:00,47,2026-09-10T13:00:55.241422+00:00,false,microservices,gateway,411281d5d05f61b2e9b46de31dc61df41302bbaf766aad2fd06c9cc36bd30d32,tcc-microservices-experiment-gateway-1,15.1,473012634,536870912,88.1,88,2.48MB / 3.12MB,33.7MB / 213kB
23,2026-09-10T13:00:55.613781+00:00,47,2026-09-10T13:00:55.241422+00:00,false,microservices,mysql,893f8250de329e18ed6652c91c4eaee8d40c311ab89ed5b96198e5565d3fb4d3,tcc-microservices-experiment-mysql-1,30.03,553648128,1073741824,51.56,41,15.2MB / 28.8MB,52.2MB / 280MB
23,2026-09-10T13:00:55.613781+00:00,47,2026-09-10T13:00:55.241422+00:00,false,microservices,order,b035e68a7482e6ed46428ec356cd23c7daead84509d6c435593c18c10d3f7a73,tcc-microservices-experiment-order-1,26.72,82302730,1073741824,7.67,3,17.5MB / 11.6MB,10.2MB / 77.8kB
23,2026-09-10T13:00:55.613781+00:00,47,2026-09-10T13:00:55.241422+00:00,false,microservices,product,29c6213fd736f2f39eacd62d62414987bf7f046acb2235bba54e05d502620dbf,tcc-microservices-experiment-product-1,31.98,84336968,1073741824,7.85,3,16.8MB / 8.77MB,14.3MB / 81.9kB
24,2026-09-10T13:00:56.613807+00:00,49,2026-09-10T13:00:56.242589+00:00,false,microservices,auth,0ff0192e2bccdd0a0516c73f7401c14e8e72bbf0832afca33f3b520267ea0db1,tcc-microservices-experiment-auth-1,0.02,80792781,1073741824,7.52,3,45.3kB / 40.3kB,13.1MB / 65.5kB
24,2026-09-10T13:00:56.613807+00:00,49,2026-09-10T13:00:56.242589+00:00,false,microservices,gateway,411281d5d05f61b2e9b46de31dc61df41302bbaf766aad2fd06c9cc36bd30d32,tcc-microservices-experiment-gateway-1,11.87,472907776,536870912,88.09,88,2.52MB / 3.18MB,33.7MB / 213kB
24,2026-09-10T13:00:56.613807+00:00,49,2026-09-10T13:00:56.242589+00:00,false,microservices,mysql,893f8250de329e18ed6652c91c4eaee8d40c311ab89ed5b96198e5565d3fb4d3,tcc-microservices-experiment-mysql-1,26.39,553333555,1073741824,51.53,41,15.4MB / 29.2MB,52.2MB / 282MB
24,2026-09-10T13:00:56.613807+00:00,49,2026-09-10T13:00:56.242589+00:00,false,microservices,order,b035e68a7482e6ed46428ec356cd23c7daead84509d6c435593c18c10d3f7a73,tcc-microservices-experiment-order-1,26.05,82711675,1073741824,7.7,3,17.7MB / 11.7MB,10.2MB / 77.8kB
24,2026-09-10T13:00:56.613807+00:00,49,2026-09-10T13:00:56.242589+00:00,false,microservices,product,29c6213fd736f2f39eacd62d62414987bf7f046acb2235bba54e05d502620dbf,tcc-microservices-experiment-product-1,32.93,84745912,1073741824,7.89,3,17.2MB / 8.93MB,14.3MB / 81.9kB
25,2026-09-10T13:00:57.613787+00:00,51,2026-09-10T13:00:57.242235+00:00,false,microservices,auth,0ff0192e2bccdd0a0516c73f7401c14e8e72bbf0832afca33f3b520267ea0db1,tcc-microservices-experiment-auth-1,0.02,80792781,1073741824,7.52,3,45.3kB / 40.3kB,13.1MB / 65.5kB
25,2026-09-10T13:00:57.613787+00:00,51,2026-09-10T13:00:57.242235+00:00,false,microservices,gateway,411281d5d05f61b2e9b46de31dc61df41302bbaf766aad2fd06c9cc36bd30d32,tcc-microservices-experiment-gateway-1,29.93,473432064,536870912,88.19,88,2.57MB / 3.23MB,33.7MB / 213kB
25,2026-09-10T13:00:57.613787+00:00,51,2026-09-10T13:00:57.242235+00:00,false,microservices,mysql,893f8250de329e18ed6652c91c4eaee8d40c311ab89ed5b96198e5565d3fb4d3,tcc-microservices-experiment-mysql-1,28.79,554277274,1073741824,51.62,41,15.6MB / 29.7MB,52.2MB / 285MB
25,2026-09-10T13:00:57.613787+00:00,51,2026-09-10T13:00:57.242235+00:00,false,microservices,order,b035e68a7482e6ed46428ec356cd23c7daead84509d6c435593c18c10d3f7a73,tcc-microservices-experiment-order-1,25.68,83131105,1073741824,7.74,3,17.9MB / 11.8MB,10.2MB / 77.8kB
25,2026-09-10T13:00:57.613787+00:00,51,2026-09-10T13:00:57.242235+00:00,false,microservices,product,29c6213fd736f2f39eacd62d62414987bf7f046acb2235bba54e05d502620dbf,tcc-microservices-experiment-product-1,32.11,83907052,1073741824,7.81,3,17.5MB / 9.09MB,14.3MB / 81.9kB
26,2026-09-10T13:00:58.613799+00:00,53,2026-09-10T13:00:58.242537+00:00,false,microservices,auth,0ff0192e2bccdd0a0516c73f7401c14e8e72bbf0832afca33f3b520267ea0db1,tcc-microservices-experiment-auth-1,0.02,80792781,1073741824,7.52,3,45.3kB / 40.3kB,13.1MB / 65.5kB
26,2026-09-10T13:00:58.613799+00:00,53,2026-09-10T13:00:58.242537+00:00,false,microservices,gateway,411281d5d05f61b2e9b46de31dc61df41302bbaf766aad2fd06c9cc36bd30d32,tcc-microservices-experiment-gateway-1,22.04,473536922,536870912,88.2,88,2.61MB / 3.29MB,33.7MB / 229kB
26,2026-09-10T13:00:58.613799+00:00,53,2026-09-10T13:00:58.242537+00:00,false,microservices,mysql,893f8250de329e18ed6652c91c4eaee8d40c311ab89ed5b96198e5565d3fb4d3,tcc-microservices-experiment-mysql-1,26.07,553648128,1073741824,51.56,41,15.8MB / 30.1MB,52.2MB / 287MB
26,2026-09-10T13:00:58.613799+00:00,53,2026-09-10T13:00:58.242537+00:00,false,microservices,order,b035e68a7482e6ed46428ec356cd23c7daead84509d6c435593c18c10d3f7a73,tcc-microservices-experiment-order-1,27.28,82093015,1073741824,7.65,3,18.2MB / 12MB,10.2MB / 77.8kB
26,2026-09-10T13:00:58.613799+00:00,53,2026-09-10T13:00:58.242537+00:00,false,microservices,product,29c6213fd736f2f39eacd62d62414987bf7f046acb2235bba54e05d502620dbf,tcc-microservices-experiment-product-1,31.69,84714455,1073741824,7.89,3,17.8MB / 9.24MB,14.3MB / 81.9kB
27,2026-09-10T13:00:59.613816+00:00,55,2026-09-10T13:00:59.241481+00:00,false,microservices,auth,0ff0192e2bccdd0a0516c73f7401c14e8e72bbf0832afca33f3b520267ea0db1,tcc-microservices-experiment-auth-1,0.02,80792781,1073741824,7.52,3,45.3kB / 40.3kB,13.1MB / 65.5kB
27,2026-09-10T13:00:59.613816+00:00,55,2026-09-10T13:00:59.241481+00:00,false,microservices,gateway,411281d5d05f61b2e9b46de31dc61df41302bbaf766aad2fd06c9cc36bd30d32,tcc-microservices-experiment-gateway-1,58.91,477311795,536870912,88.91,88,2.65MB / 3.34MB,33.7MB / 229kB
27,2026-09-10T13:00:59.613816+00:00,55,2026-09-10T13:00:59.241481+00:00,false,microservices,mysql,893f8250de329e18ed6652c91c4eaee8d40c311ab89ed5b96198e5565d3fb4d3,tcc-microservices-experiment-mysql-1,29.91,554906419,1073741824,51.68,41,16MB / 30.5MB,52.2MB / 290MB
27,2026-09-10T13:00:59.613816+00:00,55,2026-09-10T13:00:59.241481+00:00,false,microservices,order,b035e68a7482e6ed46428ec356cd23c7daead84509d6c435593c18c10d3f7a73,tcc-microservices-experiment-order-1,26.29,83361792,1073741824,7.76,3,18.4MB / 12.1MB,10.2MB / 77.8kB
27,2026-09-10T13:00:59.613816+00:00,55,2026-09-10T13:00:59.241481+00:00,false,microservices,product,29c6213fd736f2f39eacd62d62414987bf7f046acb2235bba54e05d502620dbf,tcc-microservices-experiment-product-1,32.65,84515226,1073741824,7.87,3,18.1MB / 9.4MB,14.3MB / 81.9kB
28,2026-09-10T13:01:00.613805+00:00,57,2026-09-10T13:01:00.241539+00:00,false,microservices,auth,0ff0192e2bccdd0a0516c73f7401c14e8e72bbf0832afca33f3b520267ea0db1,tcc-microservices-experiment-auth-1,0.02,80792781,1073741824,7.52,3,45.3kB / 40.3kB,13.1MB / 65.5kB
28,2026-09-10T13:01:00.613805+00:00,57,2026-09-10T13:01:00.241539+00:00,false,microservices,gateway,411281d5d05f61b2e9b46de31dc61df41302bbaf766aad2fd06c9cc36bd30d32,tcc-microservices-experiment-gateway-1,13.78,472488346,536870912,88.02,88,2.7MB / 3.4MB,33.7MB / 229kB
28,2026-09-10T13:01:00.613805+00:00,57,2026-09-10T13:01:00.241539+00:00,false,microservices,mysql,893f8250de329e18ed6652c91c4eaee8d40c311ab89ed5b96198e5565d3fb4d3,tcc-microservices-experiment-mysql-1,25.87,553018982,1073741824,51.51,41,16.2MB / 30.9MB,52.2MB / 292MB
28,2026-09-10T13:01:00.613805+00:00,57,2026-09-10T13:01:00.241539+00:00,false,microservices,order,b035e68a7482e6ed46428ec356cd23c7daead84509d6c435593c18c10d3f7a73,tcc-microservices-experiment-order-1,26.63,82480988,1073741824,7.68,3,18.6MB / 12.3MB,10.2MB / 77.8kB
28,2026-09-10T13:01:00.613805+00:00,57,2026-09-10T13:01:00.241539+00:00,false,microservices,product,29c6213fd736f2f39eacd62d62414987bf7f046acb2235bba54e05d502620dbf,tcc-microservices-experiment-product-1,32.0,84410368,1073741824,7.86,3,18.4MB / 9.56MB,14.3MB / 81.9kB
29,2026-09-10T13:01:01.613799+00:00,59,2026-09-10T13:01:01.241276+00:00,false,microservices,auth,0ff0192e2bccdd0a0516c73f7401c14e8e72bbf0832afca33f3b520267ea0db1,tcc-microservices-experiment-auth-1,0.02,80792781,1073741824,7.52,3,45.3kB / 40.3kB,13.1MB / 65.5kB
29,2026-09-10T13:01:01.613799+00:00,59,2026-09-10T13:01:01.241276+00:00,false,microservices,gateway,411281d5d05f61b2e9b46de31dc61df41302bbaf766aad2fd06c9cc36bd30d32,tcc-microservices-experiment-gateway-1,8.67,473432064,536870912,88.18,88,2.74MB / 3.45MB,33.7MB / 229kB
29,2026-09-10T13:01:01.613799+00:00,59,2026-09-10T13:01:01.241276+00:00,false,microservices,mysql,893f8250de329e18ed6652c91c4eaee8d40c311ab89ed5b96198e5565d3fb4d3,tcc-microservices-experiment-mysql-1,30.2,554591846,1073741824,51.66,41,16.4MB / 31.4MB,52.2MB / 295MB
29,2026-09-10T13:01:01.613799+00:00,59,2026-09-10T13:01:01.241276+00:00,false,microservices,order,b035e68a7482e6ed46428ec356cd23c7daead84509d6c435593c18c10d3f7a73,tcc-microservices-experiment-order-1,25.56,82376131,1073741824,7.67,3,18.8MB / 12.4MB,10.2MB / 77.8kB
29,2026-09-10T13:01:01.613799+00:00,59,2026-09-10T13:01:01.241276+00:00,false,microservices,product,29c6213fd736f2f39eacd62d62414987bf7f046acb2235bba54e05d502620dbf,tcc-microservices-experiment-product-1,32.26,84578140,1073741824,7.88,3,18.7MB / 9.71MB,14.3MB / 81.9kB
30,2026-09-10T13:01:02.613802+00:00,61,2026-09-10T13:01:02.241559+00:00,false,microservices,auth,0ff0192e2bccdd0a0516c73f7401c14e8e72bbf0832afca33f3b520267ea0db1,tcc-microservices-experiment-auth-1,0.02,80792781,1073741824,7.52,3,45.3kB / 40.3kB,13.1MB / 65.5kB
30,2026-09-10T13:01:02.613802+00:00,61,2026-09-10T13:01:02.241559+00:00,false,microservices,gateway,411281d5d05f61b2e9b46de31dc61df41302bbaf766aad2fd06c9cc36bd30d32,tcc-microservices-experiment-gateway-1,9.44,473117491,536870912,88.12,88,2.78MB / 3.51MB,33.7MB / 229kB
30,2026-09-10T13:01:02.613802+00:00,61,2026-09-10T13:01:02.241559+00:00,false,microservices,mysql,893f8250de329e18ed6652c91c4eaee8d40c311ab89ed5b96198e5565d3fb4d3,tcc-microservices-experiment-mysql-1,25.93,553752986,1073741824,51.58,41,16.6MB / 31.8MB,52.2MB / 296MB
30,2026-09-10T13:01:02.613802+00:00,61,2026-09-10T13:01:02.241559+00:00,false,microservices,order,b035e68a7482e6ed46428ec356cd23c7daead84509d6c435593c18c10d3f7a73,tcc-microservices-experiment-order-1,26.14,82711675,1073741824,7.7,3,19MB / 12.5MB,10.2MB / 77.8kB
30,2026-09-10T13:01:02.613802+00:00,61,2026-09-10T13:01:02.241559+00:00,false,microservices,product,29c6213fd736f2f39eacd62d62414987bf7f046acb2235bba54e05d502620dbf,tcc-microservices-experiment-product-1,32.46,84840284,1073741824,7.9,3,19MB / 9.88MB,14.3MB / 81.9kB
31,2026-09-10T13:01:03.613802+00:00,63,2026-09-10T13:01:03.242394+00:00,false,microservices,auth,0ff0192e2bccdd0a0516c73f7401c14e8e72bbf0832afca33f3b520267ea0db1,tcc-microservices-experiment-auth-1,0.01,80792781,1073741824,7.52,3,45.3kB / 40.3kB,13.1MB / 65.5kB
31,2026-09-10T13:01:03.613802+00:00,63,2026-09-10T13:01:03.242394+00:00,false,microservices,gateway,411281d5d05f61b2e9b46de31dc61df41302bbaf766aad2fd06c9cc36bd30d32,tcc-microservices-experiment-gateway-1,8.67,473536922,536870912,88.21,88,2.82MB / 3.56MB,33.7MB / 229kB
31,2026-09-10T13:01:03.613802+00:00,63,2026-09-10T13:01:03.242394+00:00,false,microservices,mysql,893f8250de329e18ed6652c91c4eaee8d40c311ab89ed5b96198e5565d3fb4d3,tcc-microservices-experiment-mysql-1,29.87,553543270,1073741824,51.56,41,16.8MB / 32.2MB,52.2MB / 298MB
31,2026-09-10T13:01:03.613802+00:00,63,2026-09-10T13:01:03.242394+00:00,false,microservices,order,b035e68a7482e6ed46428ec356cd23c7daead84509d6c435593c18c10d3f7a73,tcc-microservices-experiment-order-1,25.5,82302730,1073741824,7.66,3,19.3MB / 12.7MB,10.2MB / 77.8kB
31,2026-09-10T13:01:03.613802+00:00,63,2026-09-10T13:01:03.242394+00:00,false,microservices,product,29c6213fd736f2f39eacd62d62414987bf7f046acb2235bba54e05d502620dbf,tcc-microservices-experiment-product-1,31.74,85154857,1073741824,7.93,3,19.3MB / 10MB,14.3MB / 81.9kB
32,2026-09-10T13:01:04.613792+00:00,65,2026-09-10T13:01:04.242307+00:00,false,microservices,auth,0ff0192e2bccdd0a0516c73f7401c14e8e72bbf0832afca33f3b520267ea0db1,tcc-microservices-experiment-auth-1,0.01,80792781,1073741824,7.52,3,45.3kB / 40.3kB,13.1MB / 65.5kB
32,2026-09-10T13:01:04.613792+00:00,65,2026-09-10T13:01:04.242307+00:00,false,microservices,gateway,411281d5d05f61b2e9b46de31dc61df41302bbaf766aad2fd06c9cc36bd30d32,tcc-microservices-experiment-gateway-1,8.31,472802918,536870912,88.06,88,2.87MB / 3.62MB,33.7MB / 229kB
32,2026-09-10T13:01:04.613792+00:00,65,2026-09-10T13:01:04.242307+00:00,false,microservices,mysql,893f8250de329e18ed6652c91c4eaee8d40c311ab89ed5b96198e5565d3fb4d3,tcc-microservices-experiment-mysql-1,25.38,553962701,1073741824,51.59,41,17MB / 32.7MB,52.2MB / 300MB
32,2026-09-10T13:01:04.613792+00:00,65,2026-09-10T13:01:04.242307+00:00,false,microservices,order,b035e68a7482e6ed46428ec356cd23c7daead84509d6c435593c18c10d3f7a73,tcc-microservices-experiment-order-1,25.99,82439045,1073741824,7.68,3,19.5MB / 12.8MB,10.2MB / 77.8kB
32,2026-09-10T13:01:04.613792+00:00,65,2026-09-10T13:01:04.242307+00:00,false,microservices,product,29c6213fd736f2f39eacd62d62414987bf7f046acb2235bba54e05d502620dbf,tcc-microservices-experiment-product-1,32.6,84703969,1073741824,7.89,3,19.6MB / 10.2MB,14.3MB / 81.9kB
33,2026-09-10T13:01:05.613804+00:00,67,2026-09-10T13:01:05.241580+00:00,false,microservices,auth,0ff0192e2bccdd0a0516c73f7401c14e8e72bbf0832afca33f3b520267ea0db1,tcc-microservices-experiment-auth-1,0.02,80792781,1073741824,7.52,3,45.3kB / 40.3kB,13.1MB / 65.5kB
33,2026-09-10T13:01:05.613804+00:00,67,2026-09-10T13:01:05.241580+00:00,false,microservices,gateway,411281d5d05f61b2e9b46de31dc61df41302bbaf766aad2fd06c9cc36bd30d32,tcc-microservices-experiment-gateway-1,8.39,473327206,536870912,88.17,88,2.91MB / 3.67MB,33.7MB / 229kB
33,2026-09-10T13:01:05.613804+00:00,67,2026-09-10T13:01:05.241580+00:00,false,microservices,mysql,893f8250de329e18ed6652c91c4eaee8d40c311ab89ed5b96198e5565d3fb4d3,tcc-microservices-experiment-mysql-1,30.54,554382131,1073741824,51.63,41,17.2MB / 33.1MB,52.2MB / 302MB
33,2026-09-10T13:01:05.613804+00:00,67,2026-09-10T13:01:05.241580+00:00,false,microservices,order,b035e68a7482e6ed46428ec356cd23c7daead84509d6c435593c18c10d3f7a73,tcc-microservices-experiment-order-1,26.16,83235963,1073741824,7.75,3,19.7MB / 12.9MB,10.2MB / 77.8kB
33,2026-09-10T13:01:05.613804+00:00,67,2026-09-10T13:01:05.241580+00:00,false,microservices,product,29c6213fd736f2f39eacd62d62414987bf7f046acb2235bba54e05d502620dbf,tcc-microservices-experiment-product-1,31.81,85626716,1073741824,7.98,3,19.9MB / 10.4MB,14.3MB / 81.9kB
34,2026-09-10T13:01:06.613797+00:00,69,2026-09-10T13:01:06.241242+00:00,false,microservices,auth,0ff0192e2bccdd0a0516c73f7401c14e8e72bbf0832afca33f3b520267ea0db1,tcc-microservices-experiment-auth-1,0.02,80792781,1073741824,7.52,3,45.3kB / 40.3kB,13.1MB / 65.5kB
34,2026-09-10T13:01:06.613797+00:00,69,2026-09-10T13:01:06.241242+00:00,false,microservices,gateway,411281d5d05f61b2e9b46de31dc61df41302bbaf766aad2fd06c9cc36bd30d32,tcc-microservices-experiment-gateway-1,9.06,472383488,536870912,87.99,88,2.96MB / 3.73MB,33.7MB / 229kB
34,2026-09-10T13:01:06.613797+00:00,69,2026-09-10T13:01:06.241242+00:00,false,microservices,mysql,893f8250de329e18ed6652c91c4eaee8d40c311ab89ed5b96198e5565d3fb4d3,tcc-microservices-experiment-mysql-1,25.98,553962701,1073741824,51.59,41,17.4MB / 33.6MB,52.2MB / 303MB
34,2026-09-10T13:01:06.613797+00:00,69,2026-09-10T13:01:06.241242+00:00,false,microservices,order,b035e68a7482e6ed46428ec356cd23c7daead84509d6c435593c18c10d3f7a73,tcc-microservices-experiment-order-1,26.5,82669732,1073741824,7.7,3,20MB / 13.1MB,10.2MB / 77.8kB
34,2026-09-10T13:01:06.613797+00:00,69,2026-09-10T13:01:06.241242+00:00,false,microservices,product,29c6213fd736f2f39eacd62d62414987bf7f046acb2235bba54e05d502620dbf,tcc-microservices-experiment-product-1,32.25,84913684,1073741824,7.91,3,20.2MB / 10.5MB,14.3MB / 81.9kB
35,2026-09-10T13:01:07.613795+00:00,71,2026-09-10T13:01:07.241819+00:00,false,microservices,auth,0ff0192e2bccdd0a0516c73f7401c14e8e72bbf0832afca33f3b520267ea0db1,tcc-microservices-experiment-auth-1,0.02,80792781,1073741824,7.52,3,45.3kB / 40.3kB,13.1MB / 65.5kB
35,2026-09-10T13:01:07.613795+00:00,71,2026-09-10T13:01:07.241819+00:00,false,microservices,gateway,411281d5d05f61b2e9b46de31dc61df41302bbaf766aad2fd06c9cc36bd30d32,tcc-microservices-experiment-gateway-1,8.31,472698061,536870912,88.05,88,3MB / 3.79MB,33.7MB / 229kB
35,2026-09-10T13:01:07.613795+00:00,71,2026-09-10T13:01:07.241819+00:00,false,microservices,mysql,893f8250de329e18ed6652c91c4eaee8d40c311ab89ed5b96198e5565d3fb4d3,tcc-microservices-experiment-mysql-1,29.86,554067558,1073741824,51.6,41,17.6MB / 34MB,52.2MB / 305MB
35,2026-09-10T13:01:07.613795+00:00,71,2026-09-10T13:01:07.241819+00:00,false,microservices,order,b035e68a7482e6ed46428ec356cd23c7daead84509d6c435593c18c10d3f7a73,tcc-microservices-experiment-order-1,26.26,82197873,1073741824,7.66,3,20.2MB / 13.2MB,10.2MB / 77.8kB
35,2026-09-10T13:01:07.613795+00:00,71,2026-09-10T13:01:07.241819+00:00,false,microservices,product,29c6213fd736f2f39eacd62d62414987bf7f046acb2235bba54e05d502620dbf,tcc-microservices-experiment-product-1,32.18,84053852,1073741824,7.83,3,20.5MB / 10.7MB,14.3MB / 81.9kB
36,2026-09-10T13:01:08.613788+00:00,73,2026-09-10T13:01:08.242060+00:00,false,microservices,auth,0ff0192e2bccdd0a0516c73f7401c14e8e72bbf0832afca33f3b520267ea0db1,tcc-microservices-experiment-auth-1,0.02,80792781,1073741824,7.52,3,45.3kB / 40.3kB,13.1MB / 65.5kB
36,2026-09-10T13:01:08.613788+00:00,73,2026-09-10T13:01:08.242060+00:00,false,microservices,gateway,411281d5d05f61b2e9b46de31dc61df41302bbaf766aad2fd06c9cc36bd30d32,tcc-microservices-experiment-gateway-1,12.06,473117491,536870912,88.13,88,3.04MB / 3.84MB,33.7MB / 229kB
36,2026-09-10T13:01:08.613788+00:00,73,2026-09-10T13:01:08.242060+00:00,false,microservices,mysql,893f8250de329e18ed6652c91c4eaee8d40c311ab89ed5b96198e5565d3fb4d3,tcc-microservices-experiment-mysql-1,26.73,554591846,1073741824,51.65,41,17.8MB / 34.4MB,52.2MB / 306MB
36,2026-09-10T13:01:08.613788+00:00,73,2026-09-10T13:01:08.242060+00:00,false,microservices,order,b035e68a7482e6ed46428ec356cd23c7daead84509d6c435593c18c10d3f7a73,tcc-microservices-experiment-order-1,25.58,82575360,1073741824,7.69,3,20.4MB / 13.4MB,10.2MB / 77.8kB
36,2026-09-10T13:01:08.613788+00:00,73,2026-09-10T13:01:08.242060+00:00,false,microservices,product,29c6213fd736f2f39eacd62d62414987bf7f046acb2235bba54e05d502620dbf,tcc-microservices-experiment-product-1,32.8,84221624,1073741824,7.84,3,20.9MB / 10.8MB,14.3MB / 81.9kB
37,2026-09-10T13:01:09.613790+00:00,75,2026-09-10T13:01:09.242164+00:00,false,microservices,auth,0ff0192e2bccdd0a0516c73f7401c14e8e72bbf0832afca33f3b520267ea0db1,tcc-microservices-experiment-auth-1,0.02,80792781,1073741824,7.52,3,45.4kB / 40.3kB,13.1MB / 65.5kB
37,2026-09-10T13:01:09.613790+00:00,75,2026-09-10T13:01:09.242164+00:00,false,microservices,gateway,411281d5d05f61b2e9b46de31dc61df41302bbaf766aad2fd06c9cc36bd30d32,tcc-microservices-experiment-gateway-1,6.75,472383488,536870912,87.99,88,3.08MB / 3.89MB,33.7MB / 229kB
37,2026-09-10T13:01:09.613790+00:00,75,2026-09-10T13:01:09.242164+00:00,false,microservices,mysql,893f8250de329e18ed6652c91c4eaee8d40c311ab89ed5b96198e5565d3fb4d3,tcc-microservices-experiment-mysql-1,26.66,555116134,1073741824,51.7,41,18MB / 34.8MB,52.2MB / 308MB
37,2026-09-10T13:01:09.613790+00:00,75,2026-09-10T13:01:09.242164+00:00,false,microservices,order,b035e68a7482e6ed46428ec356cd23c7daead84509d6c435593c18c10d3f7a73,tcc-microservices-experiment-order-1,23.28,83351306,1073741824,7.76,3,20.6MB / 13.5MB,10.2MB / 77.8kB
37,2026-09-10T13:01:09.613790+00:00,75,2026-09-10T13:01:09.242164+00:00,false,microservices,product,29c6213fd736f2f39eacd62d62414987bf7f046acb2235bba54e05d502620dbf,tcc-microservices-experiment-product-1,28.99,84431340,1073741824,7.86,3,21.1MB / 11MB,14.3MB / 81.9kB
38,2026-09-10T13:01:10.613782+00:00,77,2026-09-10T13:01:10.241272+00:00,false,microservices,auth,0ff0192e2bccdd0a0516c73f7401c14e8e72bbf0832afca33f3b520267ea0db1,tcc-microservices-experiment-auth-1,0.02,80792781,1073741824,7.52,3,45.4kB / 40.3kB,13.1MB / 65.5kB
38,2026-09-10T13:01:10.613782+00:00,77,2026-09-10T13:01:10.241272+00:00,false,microservices,gateway,411281d5d05f61b2e9b46de31dc61df41302bbaf766aad2fd06c9cc36bd30d32,tcc-microservices-experiment-gateway-1,9.56,473956352,536870912,88.28,88,3.12MB / 3.95MB,33.7MB / 229kB
38,2026-09-10T13:01:10.613782+00:00,77,2026-09-10T13:01:10.241272+00:00,false,microservices,mysql,893f8250de329e18ed6652c91c4eaee8d40c311ab89ed5b96198e5565d3fb4d3,tcc-microservices-experiment-mysql-1,25.18,554486989,1073741824,51.64,41,18.2MB / 35.3MB,52.2MB / 309MB
38,2026-09-10T13:01:10.613782+00:00,77,2026-09-10T13:01:10.241272+00:00,false,microservices,order,b035e68a7482e6ed46428ec356cd23c7daead84509d6c435593c18c10d3f7a73,tcc-microservices-experiment-order-1,26.23,82753618,1073741824,7.71,3,20.8MB / 13.6MB,10.2MB / 77.8kB
38,2026-09-10T13:01:10.613782+00:00,77,2026-09-10T13:01:10.241272+00:00,false,microservices,product,29c6213fd736f2f39eacd62d62414987bf7f046acb2235bba54e05d502620dbf,tcc-microservices-experiment-product-1,31.78,84798341,1073741824,7.9,3,21.4MB / 11.1MB,14.3MB / 81.9kB
39,2026-09-10T13:01:11.613802+00:00,79,2026-09-10T13:01:11.241849+00:00,false,microservices,auth,0ff0192e2bccdd0a0516c73f7401c14e8e72bbf0832afca33f3b520267ea0db1,tcc-microservices-experiment-auth-1,0.02,80792781,1073741824,7.52,3,45.4kB / 40.3kB,13.1MB / 65.5kB
39,2026-09-10T13:01:11.613802+00:00,79,2026-09-10T13:01:11.241849+00:00,false,microservices,gateway,411281d5d05f61b2e9b46de31dc61df41302bbaf766aad2fd06c9cc36bd30d32,tcc-microservices-experiment-gateway-1,19.96,472068915,536870912,87.93,88,3.17MB / 4MB,33.7MB / 229kB
39,2026-09-10T13:01:11.613802+00:00,79,2026-09-10T13:01:11.241849+00:00,false,microservices,mysql,893f8250de329e18ed6652c91c4eaee8d40c311ab89ed5b96198e5565d3fb4d3,tcc-microservices-experiment-mysql-1,26.07,554277274,1073741824,51.62,41,18.4MB / 35.7MB,52.2MB / 311MB
39,2026-09-10T13:01:11.613802+00:00,79,2026-09-10T13:01:11.241849+00:00,false,microservices,order,b035e68a7482e6ed46428ec356cd23c7daead84509d6c435593c18c10d3f7a73,tcc-microservices-experiment-order-1,25.98,82648760,1073741824,7.7,3,21.1MB / 13.8MB,10.2MB / 77.8kB
39,2026-09-10T13:01:11.613802+00:00,79,2026-09-10T13:01:11.241849+00:00,false,microservices,product,29c6213fd736f2f39eacd62d62414987bf7f046acb2235bba54e05d502620dbf,tcc-microservices-experiment-product-1,32.8,84808827,1073741824,7.9,3,21.8MB / 11.3MB,14.3MB / 81.9kB
40,2026-09-10T13:01:12.613764+00:00,81,2026-09-10T13:01:12.242280+00:00,false,microservices,auth,0ff0192e2bccdd0a0516c73f7401c14e8e72bbf0832afca33f3b520267ea0db1,tcc-microservices-experiment-auth-1,0.01,80792781,1073741824,7.52,3,45.4kB / 40.3kB,13.1MB / 65.5kB
40,2026-09-10T13:01:12.613764+00:00,81,2026-09-10T13:01:12.242280+00:00,false,microservices,gateway,411281d5d05f61b2e9b46de31dc61df41302bbaf766aad2fd06c9cc36bd30d32,tcc-microservices-experiment-gateway-1,12.66,473327206,536870912,88.16,88,3.21MB / 4.06MB,33.7MB / 229kB
40,2026-09-10T13:01:12.613764+00:00,81,2026-09-10T13:01:12.242280+00:00,false,microservices,mysql,893f8250de329e18ed6652c91c4eaee8d40c311ab89ed5b96198e5565d3fb4d3,tcc-microservices-experiment-mysql-1,29.73,554277274,1073741824,51.62,41,18.6MB / 36.1MB,52.2MB / 312MB
40,2026-09-10T13:01:12.613764+00:00,81,2026-09-10T13:01:12.242280+00:00,false,microservices,order,b035e68a7482e6ed46428ec356cd23c7daead84509d6c435593c18c10d3f7a73,tcc-microservices-experiment-order-1,25.77,82355159,1073741824,7.67,3,21.3MB / 13.9MB,10.2MB / 77.8kB
40,2026-09-10T13:01:12.613764+00:00,81,2026-09-10T13:01:12.242280+00:00,false,microservices,product,29c6213fd736f2f39eacd62d62414987bf7f046acb2235bba54e05d502620dbf,tcc-microservices-experiment-product-1,32.88,84494254,1073741824,7.87,3,22.1MB / 11.5MB,14.3MB / 81.9kB
41,2026-09-10T13:01:13.613819+00:00,83,2026-09-10T13:01:13.241347+00:00,false,microservices,auth,0ff0192e2bccdd0a0516c73f7401c14e8e72bbf0832afca33f3b520267ea0db1,tcc-microservices-experiment-auth-1,0.02,80792781,1073741824,7.52,3,45.5kB / 40.3kB,13.1MB / 65.5kB
41,2026-09-10T13:01:13.613819+00:00,83,2026-09-10T13:01:13.241347+00:00,false,microservices,gateway,411281d5d05f61b2e9b46de31dc61df41302bbaf766aad2fd06c9cc36bd30d32,tcc-microservices-experiment-gateway-1,16.46,471859200,536870912,87.89,76,3.25MB / 4.11MB,33.7MB / 246kB
41,2026-09-10T13:01:13.613819+00:00,83,2026-09-10T13:01:13.241347+00:00,false,microservices,mysql,893f8250de329e18ed6652c91c4eaee8d40c311ab89ed5b96198e5565d3fb4d3,tcc-microservices-experiment-mysql-1,26.37,554277274,1073741824,51.62,41,18.8MB / 36.6MB,52.2MB / 314MB
41,2026-09-10T13:01:13.613819+00:00,83,2026-09-10T13:01:13.241347+00:00,false,microservices,order,b035e68a7482e6ed46428ec356cd23c7daead84509d6c435593c18c10d3f7a73,tcc-microservices-experiment-order-1,25.99,82910904,1073741824,7.72,3,21.5MB / 14.1MB,10.2MB / 77.8kB
41,2026-09-10T13:01:13.613819+00:00,83,2026-09-10T13:01:13.241347+00:00,false,microservices,product,29c6213fd736f2f39eacd62d62414987bf7f046acb2235bba54e05d502620dbf,tcc-microservices-experiment-product-1,32.83,83928023,1073741824,7.82,3,22.4MB / 11.6MB,14.3MB / 81.9kB
42,2026-09-10T13:01:14.613798+00:00,85,2026-09-10T13:01:14.241511+00:00,false,microservices,auth,0ff0192e2bccdd0a0516c73f7401c14e8e72bbf0832afca33f3b520267ea0db1,tcc-microservices-experiment-auth-1,0.02,80792781,1073741824,7.52,3,45.5kB / 40.3kB,13.1MB / 65.5kB
42,2026-09-10T13:01:14.613798+00:00,85,2026-09-10T13:01:14.241511+00:00,false,microservices,gateway,411281d5d05f61b2e9b46de31dc61df41302bbaf766aad2fd06c9cc36bd30d32,tcc-microservices-experiment-gateway-1,7.37,473222349,536870912,88.14,76,3.3MB / 4.17MB,33.7MB / 246kB
42,2026-09-10T13:01:14.613798+00:00,85,2026-09-10T13:01:14.241511+00:00,false,microservices,mysql,893f8250de329e18ed6652c91c4eaee8d40c311ab89ed5b96198e5565d3fb4d3,tcc-microservices-experiment-mysql-1,29.09,555011277,1073741824,51.69,41,19MB / 37MB,52.2MB / 315MB
42,2026-09-10T13:01:14.613798+00:00,85,2026-09-10T13:01:14.241511+00:00,false,microservices,order,b035e68a7482e6ed46428ec356cd23c7daead84509d6c435593c18c10d3f7a73,tcc-microservices-experiment-order-1,26.35,82659246,1073741824,7.7,3,21.7MB / 14.2MB,10.2MB / 77.8kB
42,2026-09-10T13:01:14.613798+00:00,85,2026-09-10T13:01:14.241511+00:00,false,microservices,product,29c6213fd736f2f39eacd62d62414987bf7f046acb2235bba54e05d502620dbf,tcc-microservices-experiment-product-1,32.67,84829798,1073741824,7.9,3,22.7MB / 11.8MB,14.3MB / 81.9kB
43,2026-09-10T13:01:15.613803+00:00,87,2026-09-10T13:01:15.242229+00:00,false,microservices,auth,0ff0192e2bccdd0a0516c73f7401c14e8e72bbf0832afca33f3b520267ea0db1,tcc-microservices-experiment-auth-1,0.02,80792781,1073741824,7.52,3,45.6kB / 40.3kB,13.1MB / 65.5kB
43,2026-09-10T13:01:15.613803+00:00,87,2026-09-10T13:01:15.242229+00:00,false,microservices,gateway,411281d5d05f61b2e9b46de31dc61df41302bbaf766aad2fd06c9cc36bd30d32,tcc-microservices-experiment-gateway-1,8.69,472593203,536870912,88.02,76,3.34MB / 4.23MB,33.7MB / 246kB
43,2026-09-10T13:01:15.613803+00:00,87,2026-09-10T13:01:15.242229+00:00,false,microservices,mysql,893f8250de329e18ed6652c91c4eaee8d40c311ab89ed5b96198e5565d3fb4d3,tcc-microservices-experiment-mysql-1,25.03,554067558,1073741824,51.61,41,19.2MB / 37.4MB,52.2MB / 317MB
43,2026-09-10T13:01:15.613803+00:00,87,2026-09-10T13:01:15.242229+00:00,false,microservices,order,b035e68a7482e6ed46428ec356cd23c7daead84509d6c435593c18c10d3f7a73,tcc-microservices-experiment-order-1,25.83,82334188,1073741824,7.67,3,22MB / 14.3MB,10.2MB / 77.8kB
43,2026-09-10T13:01:15.613803+00:00,87,2026-09-10T13:01:15.242229+00:00,false,microservices,product,29c6213fd736f2f39eacd62d62414987bf7f046acb2235bba54e05d502620dbf,tcc-microservices-experiment-product-1,32.54,84882227,1073741824,7.91,3,23MB / 11.9MB,14.3MB / 81.9kB
44,2026-09-10T13:01:16.613774+00:00,89,2026-09-10T13:01:16.241304+00:00,false,microservices,auth,0ff0192e2bccdd0a0516c73f7401c14e8e72bbf0832afca33f3b520267ea0db1,tcc-microservices-experiment-auth-1,0.01,80792781,1073741824,7.52,3,45.6kB / 40.3kB,13.1MB / 65.5kB
44,2026-09-10T13:01:16.613774+00:00,89,2026-09-10T13:01:16.241304+00:00,false,microservices,gateway,411281d5d05f61b2e9b46de31dc61df41302bbaf766aad2fd06c9cc36bd30d32,tcc-microservices-experiment-gateway-1,12.88,481296384,536870912,89.65,76,3.39MB / 4.28MB,33.7MB / 246kB
44,2026-09-10T13:01:16.613774+00:00,89,2026-09-10T13:01:16.241304+00:00,false,microservices,mysql,893f8250de329e18ed6652c91c4eaee8d40c311ab89ed5b96198e5565d3fb4d3,tcc-microservices-experiment-mysql-1,29.91,554696704,1073741824,51.66,41,19.4MB / 37.9MB,52.2MB / 318MB
44,2026-09-10T13:01:16.613774+00:00,89,2026-09-10T13:01:16.241304+00:00,false,microservices,order,b035e68a7482e6ed46428ec356cd23c7daead84509d6c435593c18c10d3f7a73,tcc-microservices-experiment-order-1,26.58,82868961,1073741824,7.72,3,22.2MB / 14.5MB,10.2MB / 77.8kB
44,2026-09-10T13:01:16.613774+00:00,89,2026-09-10T13:01:16.241304+00:00,false,microservices,product,29c6213fd736f2f39eacd62d62414987bf7f046acb2235bba54e05d502620dbf,tcc-microservices-experiment-product-1,32.68,85626716,1073741824,7.97,3,23.3MB / 12.1MB,14.3MB / 81.9kB
45,2026-09-10T13:01:17.613800+00:00,91,2026-09-10T13:01:17.241263+00:00,false,microservices,auth,0ff0192e2bccdd0a0516c73f7401c14e8e72bbf0832afca33f3b520267ea0db1,tcc-microservices-experiment-auth-1,0.02,80792781,1073741824,7.52,3,45.6kB / 40.3kB,13.1MB / 65.5kB
45,2026-09-10T13:01:17.613800+00:00,91,2026-09-10T13:01:17.241263+00:00,false,microservices,gateway,411281d5d05f61b2e9b46de31dc61df41302bbaf766aad2fd06c9cc36bd30d32,tcc-microservices-experiment-gateway-1,7.51,481506099,536870912,89.69,76,3.43MB / 4.34MB,33.7MB / 246kB
45,2026-09-10T13:01:17.613800+00:00,91,2026-09-10T13:01:17.241263+00:00,false,microservices,mysql,893f8250de329e18ed6652c91c4eaee8d40c311ab89ed5b96198e5565d3fb4d3,tcc-microservices-experiment-mysql-1,26.14,554277274,1073741824,51.62,41,19.6MB / 38.3MB,52.2MB / 320MB
45,2026-09-10T13:01:17.613800+00:00,91,2026-09-10T13:01:17.241263+00:00,false,microservices,order,b035e68a7482e6ed46428ec356cd23c7daead84509d6c435593c18c10d3f7a73,tcc-microservices-experiment-order-1,25.63,82501960,1073741824,7.68,3,22.4MB / 14.6MB,10.2MB / 77.8kB
45,2026-09-10T13:01:17.613800+00:00,91,2026-09-10T13:01:17.241263+00:00,false,microservices,product,29c6213fd736f2f39eacd62d62414987bf7f046acb2235bba54e05d502620dbf,tcc-microservices-experiment-product-1,32.63,84892713,1073741824,7.91,3,23.6MB / 12.3MB,14.3MB / 81.9kB
46,2026-09-10T13:01:18.613795+00:00,93,2026-09-10T13:01:18.241367+00:00,false,microservices,auth,0ff0192e2bccdd0a0516c73f7401c14e8e72bbf0832afca33f3b520267ea0db1,tcc-microservices-experiment-auth-1,0.02,80792781,1073741824,7.52,3,45.7kB / 40.3kB,13.1MB / 65.5kB
46,2026-09-10T13:01:18.613795+00:00,93,2026-09-10T13:01:18.241367+00:00,false,microservices,gateway,411281d5d05f61b2e9b46de31dc61df41302bbaf766aad2fd06c9cc36bd30d32,tcc-microservices-experiment-gateway-1,9.49,481296384,536870912,89.66,76,3.47MB / 4.39MB,33.7MB / 246kB
46,2026-09-10T13:01:18.613795+00:00,93,2026-09-10T13:01:18.241367+00:00,false,microservices,mysql,893f8250de329e18ed6652c91c4eaee8d40c311ab89ed5b96198e5565d3fb4d3,tcc-microservices-experiment-mysql-1,29.95,555011277,1073741824,51.69,41,19.8MB / 38.7MB,52.2MB / 321MB
46,2026-09-10T13:01:18.613795+00:00,93,2026-09-10T13:01:18.241367+00:00,false,microservices,order,b035e68a7482e6ed46428ec356cd23c7daead84509d6c435593c18c10d3f7a73,tcc-microservices-experiment-order-1,24.96,82606817,1073741824,7.69,3,22.7MB / 14.8MB,10.2MB / 77.8kB
46,2026-09-10T13:01:18.613795+00:00,93,2026-09-10T13:01:18.241367+00:00,false,microservices,product,29c6213fd736f2f39eacd62d62414987bf7f046acb2235bba54e05d502620dbf,tcc-microservices-experiment-product-1,31.94,84609597,1073741824,7.88,3,23.9MB / 12.4MB,14.3MB / 81.9kB
47,2026-09-10T13:01:19.613796+00:00,95,2026-09-10T13:01:19.241765+00:00,false,microservices,auth,0ff0192e2bccdd0a0516c73f7401c14e8e72bbf0832afca33f3b520267ea0db1,tcc-microservices-experiment-auth-1,0.02,80792781,1073741824,7.52,3,45.7kB / 40.3kB,13.1MB / 65.5kB
47,2026-09-10T13:01:19.613796+00:00,95,2026-09-10T13:01:19.241765+00:00,false,microservices,gateway,411281d5d05f61b2e9b46de31dc61df41302bbaf766aad2fd06c9cc36bd30d32,tcc-microservices-experiment-gateway-1,6.85,481401242,536870912,89.67,76,3.52MB / 4.45MB,33.7MB / 246kB
47,2026-09-10T13:01:19.613796+00:00,95,2026-09-10T13:01:19.241765+00:00,false,microservices,mysql,893f8250de329e18ed6652c91c4eaee8d40c311ab89ed5b96198e5565d3fb4d3,tcc-microservices-experiment-mysql-1,26.46,554277274,1073741824,51.62,41,20MB / 39.2MB,52.2MB / 324MB
47,2026-09-10T13:01:19.613796+00:00,95,2026-09-10T13:01:19.241765+00:00,false,microservices,order,b035e68a7482e6ed46428ec356cd23c7daead84509d6c435593c18c10d3f7a73,tcc-microservices-experiment-order-1,25.31,82617303,1073741824,7.69,3,22.9MB / 14.9MB,10.2MB / 77.8kB
47,2026-09-10T13:01:19.613796+00:00,95,2026-09-10T13:01:19.241765+00:00,false,microservices,product,29c6213fd736f2f39eacd62d62414987bf7f046acb2235bba54e05d502620dbf,tcc-microservices-experiment-product-1,32.21,85070971,1073741824,7.92,3,24.2MB / 12.6MB,14.3MB / 81.9kB
48,2026-09-10T13:01:20.613782+00:00,97,2026-09-10T13:01:20.241265+00:00,false,microservices,auth,0ff0192e2bccdd0a0516c73f7401c14e8e72bbf0832afca33f3b520267ea0db1,tcc-microservices-experiment-auth-1,0.02,80792781,1073741824,7.52,3,45.7kB / 40.3kB,13.1MB / 65.5kB
48,2026-09-10T13:01:20.613782+00:00,97,2026-09-10T13:01:20.241265+00:00,false,microservices,gateway,411281d5d05f61b2e9b46de31dc61df41302bbaf766aad2fd06c9cc36bd30d32,tcc-microservices-experiment-gateway-1,7.68,481506099,536870912,89.69,76,3.56MB / 4.51MB,33.7MB / 246kB
48,2026-09-10T13:01:20.613782+00:00,97,2026-09-10T13:01:20.241265+00:00,false,microservices,mysql,893f8250de329e18ed6652c91c4eaee8d40c311ab89ed5b96198e5565d3fb4d3,tcc-microservices-experiment-mysql-1,29.75,555116134,1073741824,51.7,41,20.2MB / 39.6MB,52.2MB / 326MB
48,2026-09-10T13:01:20.613782+00:00,97,2026-09-10T13:01:20.241265+00:00,false,microservices,order,b035e68a7482e6ed46428ec356cd23c7daead84509d6c435593c18c10d3f7a73,tcc-microservices-experiment-order-1,26.08,82176901,1073741824,7.65,3,23.1MB / 15MB,10.2MB / 77.8kB
48,2026-09-10T13:01:20.613782+00:00,97,2026-09-10T13:01:20.241265+00:00,false,microservices,product,29c6213fd736f2f39eacd62d62414987bf7f046acb2235bba54e05d502620dbf,tcc-microservices-experiment-product-1,32.12,85385544,1073741824,7.95,3,24.6MB / 12.8MB,14.3MB / 81.9kB
49,2026-09-10T13:01:21.613785+00:00,99,2026-09-10T13:01:21.241807+00:00,false,microservices,auth,0ff0192e2bccdd0a0516c73f7401c14e8e72bbf0832afca33f3b520267ea0db1,tcc-microservices-experiment-auth-1,0.02,80792781,1073741824,7.52,3,45.7kB / 40.3kB,13.1MB / 65.5kB
49,2026-09-10T13:01:21.613785+00:00,99,2026-09-10T13:01:21.241807+00:00,false,microservices,gateway,411281d5d05f61b2e9b46de31dc61df41302bbaf766aad2fd06c9cc36bd30d32,tcc-microservices-experiment-gateway-1,11.96,481191526,536870912,89.62,76,3.6MB / 4.56MB,33.7MB / 246kB
49,2026-09-10T13:01:21.613785+00:00,99,2026-09-10T13:01:21.241807+00:00,false,microservices,mysql,893f8250de329e18ed6652c91c4eaee8d40c311ab89ed5b96198e5565d3fb4d3,tcc-microservices-experiment-mysql-1,26.16,554277274,1073741824,51.62,41,20.4MB / 40.1MB,52.2MB / 329MB
49,2026-09-10T13:01:21.613785+00:00,99,2026-09-10T13:01:21.241807+00:00,false,microservices,order,b035e68a7482e6ed46428ec356cd23c7daead84509d6c435593c18c10d3f7a73,tcc-microservices-experiment-order-1,26.18,82449531,1073741824,7.68,3,23.4MB / 15.2MB,10.2MB / 77.8kB
49,2026-09-10T13:01:21.613785+00:00,99,2026-09-10T13:01:21.241807+00:00,false,microservices,product,29c6213fd736f2f39eacd62d62414987bf7f046acb2235bba54e05d502620dbf,tcc-microservices-experiment-product-1,32.56,84483768,1073741824,7.87,3,24.9MB / 12.9MB,14.3MB / 81.9kB
50,2026-09-10T13:01:22.613773+00:00,101,2026-09-10T13:01:22.242397+00:00,false,microservices,auth,0ff0192e2bccdd0a0516c73f7401c14e8e72bbf0832afca33f3b520267ea0db1,tcc-microservices-experiment-auth-1,0.02,80792781,1073741824,7.52,3,45.7kB / 40.3kB,13.1MB / 65.5kB
50,2026-09-10T13:01:22.613773+00:00,101,2026-09-10T13:01:22.242397+00:00,false,microservices,gateway,411281d5d05f61b2e9b46de31dc61df41302bbaf766aad2fd06c9cc36bd30d32,tcc-microservices-experiment-gateway-1,7.23,480981811,536870912,89.58,76,3.65MB / 4.62MB,33.7MB / 246kB
50,2026-09-10T13:01:22.613773+00:00,101,2026-09-10T13:01:22.242397+00:00,false,microservices,mysql,893f8250de329e18ed6652c91c4eaee8d40c311ab89ed5b96198e5565d3fb4d3,tcc-microservices-experiment-mysql-1,30.81,555116134,1073741824,51.7,41,20.6MB / 40.5MB,52.2MB / 331MB
50,2026-09-10T13:01:22.613773+00:00,101,2026-09-10T13:01:22.242397+00:00,false,microservices,order,b035e68a7482e6ed46428ec356cd23c7daead84509d6c435593c18c10d3f7a73,tcc-microservices-experiment-order-1,26.45,82638275,1073741824,7.7,3,23.6MB / 15.3MB,10.2MB / 77.8kB
50,2026-09-10T13:01:22.613773+00:00,101,2026-09-10T13:01:22.242397+00:00,false,microservices,product,29c6213fd736f2f39eacd62d62414987bf7f046acb2235bba54e05d502620dbf,tcc-microservices-experiment-product-1,32.25,84840284,1073741824,7.9,3,25.2MB / 13.1MB,14.3MB / 81.9kB
51,2026-09-10T13:01:23.613810+00:00,103,2026-09-10T13:01:23.241326+00:00,false,microservices,auth,0ff0192e2bccdd0a0516c73f7401c14e8e72bbf0832afca33f3b520267ea0db1,tcc-microservices-experiment-auth-1,0.02,80792781,1073741824,7.52,3,45.7kB / 40.3kB,13.1MB / 65.5kB
51,2026-09-10T13:01:23.613810+00:00,103,2026-09-10T13:01:23.241326+00:00,false,microservices,gateway,411281d5d05f61b2e9b46de31dc61df41302bbaf766aad2fd06c9cc36bd30d32,tcc-microservices-experiment-gateway-1,12.78,481296384,536870912,89.65,76,3.69MB / 4.68MB,33.7MB / 246kB
51,2026-09-10T13:01:23.613810+00:00,103,2026-09-10T13:01:23.241326+00:00,false,microservices,mysql,893f8250de329e18ed6652c91c4eaee8d40c311ab89ed5b96198e5565d3fb4d3,tcc-microservices-experiment-mysql-1,26.04,555116134,1073741824,51.7,41,20.8MB / 41MB,52.3MB / 333MB
51,2026-09-10T13:01:23.613810+00:00,103,2026-09-10T13:01:23.241326+00:00,false,microservices,order,b035e68a7482e6ed46428ec356cd23c7daead84509d6c435593c18c10d3f7a73,tcc-microservices-experiment-order-1,26.03,83057705,1073741824,7.74,3,23.8MB / 15.5MB,10.2MB / 77.8kB
51,2026-09-10T13:01:23.613810+00:00,103,2026-09-10T13:01:23.241326+00:00,false,microservices,product,29c6213fd736f2f39eacd62d62414987bf7f046acb2235bba54e05d502620dbf,tcc-microservices-experiment-product-1,32.54,85133885,1073741824,7.93,3,25.5MB / 13.2MB,14.3MB / 81.9kB
52,2026-09-10T13:01:24.613786+00:00,105,2026-09-10T13:01:24.241770+00:00,false,microservices,auth,0ff0192e2bccdd0a0516c73f7401c14e8e72bbf0832afca33f3b520267ea0db1,tcc-microservices-experiment-auth-1,0.02,80792781,1073741824,7.52,3,45.7kB / 40.3kB,13.1MB / 65.5kB
52,2026-09-10T13:01:24.613786+00:00,105,2026-09-10T13:01:24.241770+00:00,false,microservices,gateway,411281d5d05f61b2e9b46de31dc61df41302bbaf766aad2fd06c9cc36bd30d32,tcc-microservices-experiment-gateway-1,26.95,481610957,536870912,89.7,76,3.73MB / 4.73MB,33.7MB / 246kB
52,2026-09-10T13:01:24.613786+00:00,105,2026-09-10T13:01:24.241770+00:00,false,microservices,mysql,893f8250de329e18ed6652c91c4eaee8d40c311ab89ed5b96198e5565d3fb4d3,tcc-microservices-experiment-mysql-1,28.91,555745280,1073741824,51.76,41,21MB / 41.4MB,52.3MB / 335MB
52,2026-09-10T13:01:24.613786+00:00,105,2026-09-10T13:01:24.241770+00:00,false,microservices,order,b035e68a7482e6ed46428ec356cd23c7daead84509d6c435593c18c10d3f7a73,tcc-microservices-experiment-order-1,24.53,83026248,1073741824,7.73,3,24MB / 15.6MB,10.2MB / 77.8kB
52,2026-09-10T13:01:24.613786+00:00,105,2026-09-10T13:01:24.241770+00:00,false,microservices,product,29c6213fd736f2f39eacd62d62414987bf7f046acb2235bba54e05d502620dbf,tcc-microservices-experiment-product-1,31.4,84672512,1073741824,7.89,3,25.8MB / 13.4MB,14.3MB / 81.9kB
53,2026-09-10T13:01:25.613800+00:00,107,2026-09-10T13:01:25.241932+00:00,false,microservices,auth,0ff0192e2bccdd0a0516c73f7401c14e8e72bbf0832afca33f3b520267ea0db1,tcc-microservices-experiment-auth-1,0.02,80792781,1073741824,7.52,3,45.7kB / 40.3kB,13.1MB / 65.5kB
53,2026-09-10T13:01:25.613800+00:00,107,2026-09-10T13:01:25.241932+00:00,false,microservices,gateway,411281d5d05f61b2e9b46de31dc61df41302bbaf766aad2fd06c9cc36bd30d32,tcc-microservices-experiment-gateway-1,26.65,481925530,536870912,89.77,76,3.78MB / 4.78MB,33.7MB / 246kB
53,2026-09-10T13:01:25.613800+00:00,107,2026-09-10T13:01:25.241932+00:00,false,microservices,mysql,893f8250de329e18ed6652c91c4eaee8d40c311ab89ed5b96198e5565d3fb4d3,tcc-microservices-experiment-mysql-1,26.31,554906419,1073741824,51.68,41,21.2MB / 41.8MB,52.3MB / 337MB
53,2026-09-10T13:01:25.613800+00:00,107,2026-09-10T13:01:25.241932+00:00,false,microservices,order,b035e68a7482e6ed46428ec356cd23c7daead84509d6c435593c18c10d3f7a73,tcc-microservices-experiment-order-1,26.25,82302730,1073741824,7.66,4,24.3MB / 15.7MB,10.2MB / 77.8kB
53,2026-09-10T13:01:25.613800+00:00,107,2026-09-10T13:01:25.241932+00:00,false,microservices,product,29c6213fd736f2f39eacd62d62414987bf7f046acb2235bba54e05d502620dbf,tcc-microservices-experiment-product-1,32.17,85291172,1073741824,7.94,3,26.1MB / 13.6MB,14.3MB / 81.9kB
54,2026-09-10T13:01:26.613770+00:00,109,2026-09-10T13:01:26.241345+00:00,false,microservices,auth,0ff0192e2bccdd0a0516c73f7401c14e8e72bbf0832afca33f3b520267ea0db1,tcc-microservices-experiment-auth-1,0.02,80792781,1073741824,7.52,3,45.7kB / 40.3kB,13.1MB / 65.5kB
54,2026-09-10T13:01:26.613770+00:00,109,2026-09-10T13:01:26.241345+00:00,false,microservices,gateway,411281d5d05f61b2e9b46de31dc61df41302bbaf766aad2fd06c9cc36bd30d32,tcc-microservices-experiment-gateway-1,10.14,481506099,536870912,89.68,76,3.82MB / 4.84MB,33.7MB / 246kB
54,2026-09-10T13:01:26.613770+00:00,109,2026-09-10T13:01:26.241345+00:00,false,microservices,mysql,893f8250de329e18ed6652c91c4eaee8d40c311ab89ed5b96198e5565d3fb4d3,tcc-microservices-experiment-mysql-1,30.18,555325850,1073741824,51.72,41,21.4MB / 42.2MB,52.3MB / 339MB
54,2026-09-10T13:01:26.613770+00:00,109,2026-09-10T13:01:26.241345+00:00,false,microservices,order,b035e68a7482e6ed46428ec356cd23c7daead84509d6c435593c18c10d3f7a73,tcc-microservices-experiment-order-1,24.92,82480988,1073741824,7.68,3,24.5MB / 15.9MB,10.2MB / 77.8kB
54,2026-09-10T13:01:26.613770+00:00,109,2026-09-10T13:01:26.241345+00:00,false,microservices,product,29c6213fd736f2f39eacd62d62414987bf7f046acb2235bba54e05d502620dbf,tcc-microservices-experiment-product-1,31.96,85039514,1073741824,7.92,3,26.4MB / 13.7MB,14.3MB / 81.9kB
55,2026-09-10T13:01:27.613777+00:00,111,2026-09-10T13:01:27.242134+00:00,false,microservices,auth,0ff0192e2bccdd0a0516c73f7401c14e8e72bbf0832afca33f3b520267ea0db1,tcc-microservices-experiment-auth-1,0.02,80792781,1073741824,7.52,3,45.7kB / 40.3kB,13.1MB / 65.5kB
55,2026-09-10T13:01:27.613777+00:00,111,2026-09-10T13:01:27.242134+00:00,false,microservices,gateway,411281d5d05f61b2e9b46de31dc61df41302bbaf766aad2fd06c9cc36bd30d32,tcc-microservices-experiment-gateway-1,11.29,480772096,536870912,89.55,76,3.86MB / 4.89MB,33.7MB / 246kB
55,2026-09-10T13:01:27.613777+00:00,111,2026-09-10T13:01:27.242134+00:00,false,microservices,mysql,893f8250de329e18ed6652c91c4eaee8d40c311ab89ed5b96198e5565d3fb4d3,tcc-microservices-experiment-mysql-1,25.66,554906419,1073741824,51.68,41,21.6MB / 42.7MB,52.3MB / 341MB
55,2026-09-10T13:01:27.613777+00:00,111,2026-09-10T13:01:27.242134+00:00,false,microservices,order,b035e68a7482e6ed46428ec356cd23c7daead84509d6c435593c18c10d3f7a73,tcc-microservices-experiment-order-1,26.22,82512445,1073741824,7.68,3,24.7MB / 16MB,10.2MB / 77.8kB
55,2026-09-10T13:01:27.613777+00:00,111,2026-09-10T13:01:27.242134+00:00,false,microservices,product,29c6213fd736f2f39eacd62d62414987bf7f046acb2235bba54e05d502620dbf,tcc-microservices-experiment-product-1,32.7,84578140,1073741824,7.88,3,26.7MB / 13.9MB,14.3MB / 81.9kB
56,2026-09-10T13:01:28.613807+00:00,113,2026-09-10T13:01:28.242303+00:00,false,microservices,auth,0ff0192e2bccdd0a0516c73f7401c14e8e72bbf0832afca33f3b520267ea0db1,tcc-microservices-experiment-auth-1,0.02,80792781,1073741824,7.52,3,45.7kB / 40.3kB,13.1MB / 65.5kB
56,2026-09-10T13:01:28.613807+00:00,113,2026-09-10T13:01:28.242303+00:00,false,microservices,gateway,411281d5d05f61b2e9b46de31dc61df41302bbaf766aad2fd06c9cc36bd30d32,tcc-microservices-experiment-gateway-1,7.72,481401242,536870912,89.66,76,3.91MB / 4.95MB,33.7MB / 258kB
56,2026-09-10T13:01:28.613807+00:00,113,2026-09-10T13:01:28.242303+00:00,false,microservices,mysql,893f8250de329e18ed6652c91c4eaee8d40c311ab89ed5b96198e5565d3fb4d3,tcc-microservices-experiment-mysql-1,30.02,554696704,1073741824,51.66,41,21.8MB / 43.1MB,52.3MB / 342MB
56,2026-09-10T13:01:28.613807+00:00,113,2026-09-10T13:01:28.242303+00:00,false,microservices,order,b035e68a7482e6ed46428ec356cd23c7daead84509d6c435593c18c10d3f7a73,tcc-microservices-experiment-order-1,25.3,82963333,1073741824,7.73,3,24.9MB / 16.2MB,10.2MB / 77.8kB
56,2026-09-10T13:01:28.613807+00:00,113,2026-09-10T13:01:28.242303+00:00,false,microservices,product,29c6213fd736f2f39eacd62d62414987bf7f046acb2235bba54e05d502620dbf,tcc-microservices-experiment-product-1,32.7,84295025,1073741824,7.85,3,27MB / 14MB,14.3MB / 81.9kB
57,2026-09-10T13:01:29.613775+00:00,115,2026-09-10T13:01:29.241530+00:00,false,microservices,auth,0ff0192e2bccdd0a0516c73f7401c14e8e72bbf0832afca33f3b520267ea0db1,tcc-microservices-experiment-auth-1,0.02,80792781,1073741824,7.52,3,45.7kB / 40.3kB,13.1MB / 65.5kB
57,2026-09-10T13:01:29.613775+00:00,115,2026-09-10T13:01:29.241530+00:00,false,microservices,gateway,411281d5d05f61b2e9b46de31dc61df41302bbaf766aad2fd06c9cc36bd30d32,tcc-microservices-experiment-gateway-1,7.04,481506099,536870912,89.69,76,3.95MB / 5.01MB,33.7MB / 258kB
57,2026-09-10T13:01:29.613775+00:00,115,2026-09-10T13:01:29.241530+00:00,false,microservices,mysql,893f8250de329e18ed6652c91c4eaee8d40c311ab89ed5b96198e5565d3fb4d3,tcc-microservices-experiment-mysql-1,25.61,555116134,1073741824,51.7,41,22MB / 43.5MB,52.3MB / 344MB
57,2026-09-10T13:01:29.613775+00:00,115,2026-09-10T13:01:29.241530+00:00,false,microservices,order,b035e68a7482e6ed46428ec356cd23c7daead84509d6c435593c18c10d3f7a73,tcc-microservices-experiment-order-1,25.24,82501960,1073741824,7.68,3,25.2MB / 16.3MB,10.2MB / 77.8kB
57,2026-09-10T13:01:29.613775+00:00,115,2026-09-10T13:01:29.241530+00:00,false,microservices,product,29c6213fd736f2f39eacd62d62414987bf7f046acb2235bba54e05d502620dbf,tcc-microservices-experiment-product-1,32.37,84745912,1073741824,7.89,3,27.3MB / 14.2MB,14.3MB / 81.9kB
58,2026-09-10T13:01:30.613764+00:00,117,2026-09-10T13:01:30.242022+00:00,false,microservices,auth,0ff0192e2bccdd0a0516c73f7401c14e8e72bbf0832afca33f3b520267ea0db1,tcc-microservices-experiment-auth-1,0.02,80792781,1073741824,7.52,3,45.7kB / 40.3kB,13.1MB / 65.5kB
58,2026-09-10T13:01:30.613764+00:00,117,2026-09-10T13:01:30.242022+00:00,false,microservices,gateway,411281d5d05f61b2e9b46de31dc61df41302bbaf766aad2fd06c9cc36bd30d32,tcc-microservices-experiment-gateway-1,41.18,478674944,536870912,89.17,76,3.99MB / 5.06MB,33.7MB / 258kB
58,2026-09-10T13:01:30.613764+00:00,117,2026-09-10T13:01:30.242022+00:00,false,microservices,mysql,893f8250de329e18ed6652c91c4eaee8d40c311ab89ed5b96198e5565d3fb4d3,tcc-microservices-experiment-mysql-1,29.77,555535565,1073741824,51.74,41,22.3MB / 44MB,52.3MB / 346MB
58,2026-09-10T13:01:30.613764+00:00,117,2026-09-10T13:01:30.242022+00:00,false,microservices,order,b035e68a7482e6ed46428ec356cd23c7daead84509d6c435593c18c10d3f7a73,tcc-microservices-experiment-order-1,25.81,82407588,1073741824,7.67,3,25.4MB / 16.4MB,10.2MB / 77.8kB
58,2026-09-10T13:01:30.613764+00:00,117,2026-09-10T13:01:30.242022+00:00,false,microservices,product,29c6213fd736f2f39eacd62d62414987bf7f046acb2235bba54e05d502620dbf,tcc-microservices-experiment-product-1,32.82,84274053,1073741824,7.85,3,27.7MB / 14.4MB,14.3MB / 81.9kB
59,2026-09-10T13:01:31.613801+00:00,119,2026-09-10T13:01:31.241615+00:00,false,microservices,auth,0ff0192e2bccdd0a0516c73f7401c14e8e72bbf0832afca33f3b520267ea0db1,tcc-microservices-experiment-auth-1,0.02,80792781,1073741824,7.52,3,45.7kB / 40.3kB,13.1MB / 65.5kB
59,2026-09-10T13:01:31.613801+00:00,119,2026-09-10T13:01:31.241615+00:00,false,microservices,gateway,411281d5d05f61b2e9b46de31dc61df41302bbaf766aad2fd06c9cc36bd30d32,tcc-microservices-experiment-gateway-1,12.11,477626368,536870912,88.96,76,4.04MB / 5.12MB,33.7MB / 258kB
59,2026-09-10T13:01:31.613801+00:00,119,2026-09-10T13:01:31.241615+00:00,false,microservices,mysql,893f8250de329e18ed6652c91c4eaee8d40c311ab89ed5b96198e5565d3fb4d3,tcc-microservices-experiment-mysql-1,25.78,555325850,1073741824,51.72,41,22.5MB / 44.4MB,52.3MB / 347MB
59,2026-09-10T13:01:31.613801+00:00,119,2026-09-10T13:01:31.241615+00:00,false,microservices,order,b035e68a7482e6ed46428ec356cd23c7daead84509d6c435593c18c10d3f7a73,tcc-microservices-experiment-order-1,25.7,82732646,1073741824,7.7,3,25.6MB / 16.6MB,10.2MB / 77.8kB
59,2026-09-10T13:01:31.613801+00:00,119,2026-09-10T13:01:31.241615+00:00,false,microservices,product,29c6213fd736f2f39eacd62d62414987bf7f046acb2235bba54e05d502620dbf,tcc-microservices-experiment-product-1,33.37,84714455,1073741824,7.89,3,28MB / 14.5MB,14.3MB / 81.9kB
60,2026-09-10T13:01:32.613763+00:00,121,2026-09-10T13:01:32.241799+00:00,false,microservices,auth,0ff0192e2bccdd0a0516c73f7401c14e8e72bbf0832afca33f3b520267ea0db1,tcc-microservices-experiment-auth-1,0.02,80792781,1073741824,7.52,3,45.7kB / 40.3kB,13.1MB / 65.5kB
60,2026-09-10T13:01:32.613763+00:00,121,2026-09-10T13:01:32.241799+00:00,false,microservices,gateway,411281d5d05f61b2e9b46de31dc61df41302bbaf766aad2fd06c9cc36bd30d32,tcc-microservices-experiment-gateway-1,12.11,477626368,536870912,88.96,76,4.04MB / 5.12MB,33.7MB / 258kB
60,2026-09-10T13:01:32.613763+00:00,121,2026-09-10T13:01:32.241799+00:00,false,microservices,mysql,893f8250de329e18ed6652c91c4eaee8d40c311ab89ed5b96198e5565d3fb4d3,tcc-microservices-experiment-mysql-1,30.23,555116134,1073741824,51.7,41,22.7MB / 44.9MB,52.3MB / 349MB
60,2026-09-10T13:01:32.613763+00:00,121,2026-09-10T13:01:32.241799+00:00,false,microservices,order,b035e68a7482e6ed46428ec356cd23c7daead84509d6c435593c18c10d3f7a73,tcc-microservices-experiment-order-1,25.7,82732646,1073741824,7.7,3,25.6MB / 16.6MB,10.2MB / 77.8kB
60,2026-09-10T13:01:32.613763+00:00,121,2026-09-10T13:01:32.241799+00:00,false,microservices,product,29c6213fd736f2f39eacd62d62414987bf7f046acb2235bba54e05d502620dbf,tcc-microservices-experiment-product-1,33.37,84714455,1073741824,7.89,3,28MB / 14.5MB,14.3MB / 81.9kB
61,2026-09-10T13:01:33.613781+00:00,123,2026-09-10T13:01:33.242109+00:00,false,microservices,auth,0ff0192e2bccdd0a0516c73f7401c14e8e72bbf0832afca33f3b520267ea0db1,tcc-microservices-experiment-auth-1,0.01,80792781,1073741824,7.52,3,45.7kB / 40.3kB,13.1MB / 65.5kB
61,2026-09-10T13:01:33.613781+00:00,123,2026-09-10T13:01:33.242109+00:00,false,microservices,gateway,411281d5d05f61b2e9b46de31dc61df41302bbaf766aad2fd06c9cc36bd30d32,tcc-microservices-experiment-gateway-1,7.45,478255514,536870912,89.09,76,4.08MB / 5.17MB,33.7MB / 258kB
61,2026-09-10T13:01:33.613781+00:00,123,2026-09-10T13:01:33.242109+00:00,false,microservices,mysql,893f8250de329e18ed6652c91c4eaee8d40c311ab89ed5b96198e5565d3fb4d3,tcc-microservices-experiment-mysql-1,30.23,555116134,1073741824,51.7,41,22.7MB / 44.9MB,52.3MB / 349MB
61,2026-09-10T13:01:33.613781+00:00,123,2026-09-10T13:01:33.242109+00:00,false,microservices,order,b035e68a7482e6ed46428ec356cd23c7daead84509d6c435593c18c10d3f7a73,tcc-microservices-experiment-order-1,25.43,82281759,1073741824,7.66,3,25.8MB / 16.7MB,10.2MB / 77.8kB
61,2026-09-10T13:01:33.613781+00:00,123,2026-09-10T13:01:33.242109+00:00,false,microservices,product,29c6213fd736f2f39eacd62d62414987bf7f046acb2235bba54e05d502620dbf,tcc-microservices-experiment-product-1,31.92,84368425,1073741824,7.86,3,28.3MB / 14.7MB,14.3MB / 81.9kB
62,2026-09-10T13:01:34.613794+00:00,125,2026-09-10T13:01:34.243060+00:00,false,microservices,auth,0ff0192e2bccdd0a0516c73f7401c14e8e72bbf0832afca33f3b520267ea0db1,tcc-microservices-experiment-auth-1,0.01,80792781,1073741824,7.52,3,45.7kB / 40.3kB,13.1MB / 65.5kB
62,2026-09-10T13:01:34.613794+00:00,125,2026-09-10T13:01:34.243060+00:00,false,microservices,gateway,411281d5d05f61b2e9b46de31dc61df41302bbaf766aad2fd06c9cc36bd30d32,tcc-microservices-experiment-gateway-1,16.55,478570086,536870912,89.14,76,4.12MB / 5.23MB,33.7MB / 258kB
62,2026-09-10T13:01:34.613794+00:00,125,2026-09-10T13:01:34.243060+00:00,false,microservices,mysql,893f8250de329e18ed6652c91c4eaee8d40c311ab89ed5b96198e5565d3fb4d3,tcc-microservices-experiment-mysql-1,26.09,555640422,1073741824,51.75,41,22.9MB / 45.3MB,52.3MB / 350MB
62,2026-09-10T13:01:34.613794+00:00,125,2026-09-10T13:01:34.243060+00:00,false,microservices,order,b035e68a7482e6ed46428ec356cd23c7daead84509d6c435593c18c10d3f7a73,tcc-microservices-experiment-order-1,24.83,82428559,1073741824,7.68,3,26.1MB / 16.9MB,10.2MB / 77.8kB
62,2026-09-10T13:01:34.613794+00:00,125,2026-09-10T13:01:34.243060+00:00,false,microservices,product,29c6213fd736f2f39eacd62d62414987bf7f046acb2235bba54e05d502620dbf,tcc-microservices-experiment-product-1,32.31,83938509,1073741824,7.82,3,28.6MB / 14.8MB,14.3MB / 81.9kB
63,2026-09-10T13:01:35.613779+00:00,127,2026-09-10T13:01:35.242352+00:00,false,microservices,auth,0ff0192e2bccdd0a0516c73f7401c14e8e72bbf0832afca33f3b520267ea0db1,tcc-microservices-experiment-auth-1,0.02,80792781,1073741824,7.52,3,45.7kB / 40.3kB,13.1MB / 65.5kB
63,2026-09-10T13:01:35.613779+00:00,127,2026-09-10T13:01:35.242352+00:00,false,microservices,gateway,411281d5d05f61b2e9b46de31dc61df41302bbaf766aad2fd06c9cc36bd30d32,tcc-microservices-experiment-gateway-1,35.41,484337254,536870912,90.21,76,4.16MB / 5.28MB,33.7MB / 258kB
63,2026-09-10T13:01:35.613779+00:00,127,2026-09-10T13:01:35.242352+00:00,false,microservices,mysql,893f8250de329e18ed6652c91c4eaee8d40c311ab89ed5b96198e5565d3fb4d3,tcc-microservices-experiment-mysql-1,27.59,554801562,1073741824,51.67,41,23.1MB / 45.7MB,52.3MB / 352MB
63,2026-09-10T13:01:35.613779+00:00,127,2026-09-10T13:01:35.242352+00:00,false,microservices,order,b035e68a7482e6ed46428ec356cd23c7daead84509d6c435593c18c10d3f7a73,tcc-microservices-experiment-order-1,22.38,82218844,1073741824,7.66,3,26.3MB / 17MB,10.2MB / 77.8kB
63,2026-09-10T13:01:35.613779+00:00,127,2026-09-10T13:01:35.242352+00:00,false,microservices,product,29c6213fd736f2f39eacd62d62414987bf7f046acb2235bba54e05d502620dbf,tcc-microservices-experiment-product-1,28.29,84221624,1073741824,7.84,3,28.9MB / 15MB,14.3MB / 81.9kB
64,2026-09-10T13:01:36.613802+00:00,129,2026-09-10T13:01:36.242978+00:00,false,microservices,auth,0ff0192e2bccdd0a0516c73f7401c14e8e72bbf0832afca33f3b520267ea0db1,tcc-microservices-experiment-auth-1,0.02,80792781,1073741824,7.52,3,45.7kB / 40.3kB,13.1MB / 65.5kB
64,2026-09-10T13:01:36.613802+00:00,129,2026-09-10T13:01:36.242978+00:00,false,microservices,gateway,411281d5d05f61b2e9b46de31dc61df41302bbaf766aad2fd06c9cc36bd30d32,tcc-microservices-experiment-gateway-1,2.69,478150656,536870912,89.06,76,4.17MB / 5.29MB,33.7MB / 258kB
64,2026-09-10T13:01:36.613802+00:00,129,2026-09-10T13:01:36.242978+00:00,false,microservices,mysql,893f8250de329e18ed6652c91c4eaee8d40c311ab89ed5b96198e5565d3fb4d3,tcc-microservices-experiment-mysql-1,9.0,555116134,1073741824,51.7,41,23.1MB / 45.8MB,52.3MB / 353MB
64,2026-09-10T13:01:36.613802+00:00,129,2026-09-10T13:01:36.242978+00:00,false,microservices,order,b035e68a7482e6ed46428ec356cd23c7daead84509d6c435593c18c10d3f7a73,tcc-microservices-experiment-order-1,6.24,82910904,1073741824,7.72,3,26.3MB / 17MB,10.2MB / 77.8kB
64,2026-09-10T13:01:36.613802+00:00,129,2026-09-10T13:01:36.242978+00:00,false,microservices,product,29c6213fd736f2f39eacd62d62414987bf7f046acb2235bba54e05d502620dbf,tcc-microservices-experiment-product-1,8.41,85049999,1073741824,7.92,3,29MB / 15MB,14.3MB / 81.9kB
65,2026-09-10T13:01:37.613806+00:00,131,2026-09-10T13:01:37.242248+00:00,false,microservices,auth,0ff0192e2bccdd0a0516c73f7401c14e8e72bbf0832afca33f3b520267ea0db1,tcc-microservices-experiment-auth-1,0.02,80792781,1073741824,7.52,3,45.7kB / 40.3kB,13.1MB / 65.5kB
65,2026-09-10T13:01:37.613806+00:00,131,2026-09-10T13:01:37.242248+00:00,false,microservices,gateway,411281d5d05f61b2e9b46de31dc61df41302bbaf766aad2fd06c9cc36bd30d32,tcc-microservices-experiment-gateway-1,8.92,478570086,536870912,89.13,76,4.22MB / 5.35MB,33.7MB / 258kB
65,2026-09-10T13:01:37.613806+00:00,131,2026-09-10T13:01:37.242248+00:00,false,microservices,mysql,893f8250de329e18ed6652c91c4eaee8d40c311ab89ed5b96198e5565d3fb4d3,tcc-microservices-experiment-mysql-1,27.06,555116134,1073741824,51.69,41,23.3MB / 46.2MB,52.3MB / 354MB
65,2026-09-10T13:01:37.613806+00:00,131,2026-09-10T13:01:37.242248+00:00,false,microservices,order,b035e68a7482e6ed46428ec356cd23c7daead84509d6c435593c18c10d3f7a73,tcc-microservices-experiment-order-1,23.09,81904271,1073741824,7.63,3,26.5MB / 17.1MB,10.2MB / 77.8kB
65,2026-09-10T13:01:37.613806+00:00,131,2026-09-10T13:01:37.242248+00:00,false,microservices,product,29c6213fd736f2f39eacd62d62414987bf7f046acb2235bba54e05d502620dbf,tcc-microservices-experiment-product-1,29.2,84525711,1073741824,7.87,3,29.2MB / 15.2MB,14.3MB / 81.9kB
66,2026-09-10T13:01:38.613776+00:00,133,2026-09-10T13:01:38.242428+00:00,false,microservices,auth,0ff0192e2bccdd0a0516c73f7401c14e8e72bbf0832afca33f3b520267ea0db1,tcc-microservices-experiment-auth-1,0.02,79219917,1073741824,7.38,3,45.7kB / 40.3kB,13.1MB / 65.5kB
66,2026-09-10T13:01:38.613776+00:00,133,2026-09-10T13:01:38.242428+00:00,false,microservices,gateway,411281d5d05f61b2e9b46de31dc61df41302bbaf766aad2fd06c9cc36bd30d32,tcc-microservices-experiment-gateway-1,24.0,466301747,536870912,86.86,76,4.27MB / 5.41MB,33.7MB / 258kB
66,2026-09-10T13:01:38.613776+00:00,133,2026-09-10T13:01:38.242428+00:00,false,microservices,mysql,893f8250de329e18ed6652c91c4eaee8d40c311ab89ed5b96198e5565d3fb4d3,tcc-microservices-experiment-mysql-1,24.92,550187827,1073741824,51.24,41,23.5MB / 46.6MB,52.3MB / 357MB
66,2026-09-10T13:01:38.613776+00:00,133,2026-09-10T13:01:38.242428+00:00,false,microservices,order,b035e68a7482e6ed46428ec356cd23c7daead84509d6c435593c18c10d3f7a73,tcc-microservices-experiment-order-1,25.74,82575360,1073741824,7.69,3,26.8MB / 17.3MB,10.2MB / 77.8kB
66,2026-09-10T13:01:38.613776+00:00,133,2026-09-10T13:01:38.242428+00:00,false,microservices,product,29c6213fd736f2f39eacd62d62414987bf7f046acb2235bba54e05d502620dbf,tcc-microservices-experiment-product-1,31.6,81967186,1073741824,7.63,3,29.5MB / 15.3MB,14.3MB / 81.9kB
67,2026-09-10T13:01:39.613802+00:00,135,2026-09-10T13:01:39.242491+00:00,false,microservices,auth,0ff0192e2bccdd0a0516c73f7401c14e8e72bbf0832afca33f3b520267ea0db1,tcc-microservices-experiment-auth-1,0.02,79219917,1073741824,7.38,3,45.7kB / 40.3kB,13.1MB / 65.5kB
67,2026-09-10T13:01:39.613802+00:00,135,2026-09-10T13:01:39.242491+00:00,false,microservices,gateway,411281d5d05f61b2e9b46de31dc61df41302bbaf766aad2fd06c9cc36bd30d32,tcc-microservices-experiment-gateway-1,8.65,466406605,536870912,86.87,76,4.31MB / 5.46MB,33.7MB / 258kB
67,2026-09-10T13:01:39.613802+00:00,135,2026-09-10T13:01:39.242491+00:00,false,microservices,mysql,893f8250de329e18ed6652c91c4eaee8d40c311ab89ed5b96198e5565d3fb4d3,tcc-microservices-experiment-mysql-1,29.68,552075264,1073741824,51.42,41,23.7MB / 47MB,54MB / 364MB
67,2026-09-10T13:01:39.613802+00:00,135,2026-09-10T13:01:39.242491+00:00,false,microservices,order,b035e68a7482e6ed46428ec356cd23c7daead84509d6c435593c18c10d3f7a73,tcc-microservices-experiment-order-1,25.87,82816532,1073741824,7.71,3,27MB / 17.4MB,10.2MB / 77.8kB
67,2026-09-10T13:01:39.613802+00:00,135,2026-09-10T13:01:39.242491+00:00,false,microservices,product,29c6213fd736f2f39eacd62d62414987bf7f046acb2235bba54e05d502620dbf,tcc-microservices-experiment-product-1,31.11,81935729,1073741824,7.63,3,29.8MB / 15.5MB,14.3MB / 81.9kB
68,2026-09-10T13:01:40.613778+00:00,137,2026-09-10T13:01:40.243065+00:00,false,microservices,auth,0ff0192e2bccdd0a0516c73f7401c14e8e72bbf0832afca33f3b520267ea0db1,tcc-microservices-experiment-auth-1,0.02,79219917,1073741824,7.38,3,45.7kB / 40.3kB,13.1MB / 65.5kB
68,2026-09-10T13:01:40.613778+00:00,137,2026-09-10T13:01:40.243065+00:00,false,microservices,gateway,411281d5d05f61b2e9b46de31dc61df41302bbaf766aad2fd06c9cc36bd30d32,tcc-microservices-experiment-gateway-1,11.05,466616320,536870912,86.92,76,4.36MB / 5.52MB,33.7MB / 258kB
68,2026-09-10T13:01:40.613778+00:00,137,2026-09-10T13:01:40.243065+00:00,false,microservices,mysql,893f8250de329e18ed6652c91c4eaee8d40c311ab89ed5b96198e5565d3fb4d3,tcc-microservices-experiment-mysql-1,23.79,552809267,1073741824,51.49,41,23.9MB / 47.5MB,54MB / 366MB
68,2026-09-10T13:01:40.613778+00:00,137,2026-09-10T13:01:40.243065+00:00,false,microservices,order,b035e68a7482e6ed46428ec356cd23c7daead84509d6c435593c18c10d3f7a73,tcc-microservices-experiment-order-1,24.49,83403735,1073741824,7.77,3,27.2MB / 17.6MB,10.2MB / 77.8kB
68,2026-09-10T13:01:40.613778+00:00,137,2026-09-10T13:01:40.243065+00:00,false,microservices,product,29c6213fd736f2f39eacd62d62414987bf7f046acb2235bba54e05d502620dbf,tcc-microservices-experiment-product-1,30.95,82365645,1073741824,7.67,3,30.1MB / 15.6MB,14.3MB / 81.9kB
69,2026-09-10T13:01:41.613802+00:00,139,2026-09-10T13:01:41.243090+00:00,false,microservices,auth,0ff0192e2bccdd0a0516c73f7401c14e8e72bbf0832afca33f3b520267ea0db1,tcc-microservices-experiment-auth-1,0.02,79219917,1073741824,7.38,3,45.7kB / 40.3kB,13.1MB / 65.5kB
69,2026-09-10T13:01:41.613802+00:00,139,2026-09-10T13:01:41.243090+00:00,false,microservices,gateway,411281d5d05f61b2e9b46de31dc61df41302bbaf766aad2fd06c9cc36bd30d32,tcc-microservices-experiment-gateway-1,7.8,466511462,536870912,86.89,76,4.41MB / 5.57MB,33.7MB / 258kB
69,2026-09-10T13:01:41.613802+00:00,139,2026-09-10T13:01:41.243090+00:00,false,microservices,mysql,893f8250de329e18ed6652c91c4eaee8d40c311ab89ed5b96198e5565d3fb4d3,tcc-microservices-experiment-mysql-1,29.58,552494694,1073741824,51.45,41,24.1MB / 47.9MB,54MB / 375MB
69,2026-09-10T13:01:41.613802+00:00,139,2026-09-10T13:01:41.243090+00:00,false,microservices,order,b035e68a7482e6ed46428ec356cd23c7daead84509d6c435593c18c10d3f7a73,tcc-microservices-experiment-order-1,24.07,83277906,1073741824,7.76,3,27.4MB / 17.7MB,10.2MB / 77.8kB
69,2026-09-10T13:01:41.613802+00:00,139,2026-09-10T13:01:41.243090+00:00,false,microservices,product,29c6213fd736f2f39eacd62d62414987bf7f046acb2235bba54e05d502620dbf,tcc-microservices-experiment-product-1,31.47,82051072,1073741824,7.64,3,30.4MB / 15.8MB,14.3MB / 81.9kB
70,2026-09-10T13:01:42.613780+00:00,141,2026-09-10T13:01:42.241666+00:00,false,microservices,auth,0ff0192e2bccdd0a0516c73f7401c14e8e72bbf0832afca33f3b520267ea0db1,tcc-microservices-experiment-auth-1,0.02,79219917,1073741824,7.38,3,45.7kB / 40.3kB,13.1MB / 65.5kB
70,2026-09-10T13:01:42.613780+00:00,141,2026-09-10T13:01:42.241666+00:00,false,microservices,gateway,411281d5d05f61b2e9b46de31dc61df41302bbaf766aad2fd06c9cc36bd30d32,tcc-microservices-experiment-gateway-1,7.02,466616320,536870912,86.92,76,4.46MB / 5.63MB,33.7MB / 258kB
70,2026-09-10T13:01:42.613780+00:00,141,2026-09-10T13:01:42.241666+00:00,false,microservices,mysql,893f8250de329e18ed6652c91c4eaee8d40c311ab89ed5b96198e5565d3fb4d3,tcc-microservices-experiment-mysql-1,26.27,552180122,1073741824,51.42,41,24.3MB / 48.3MB,54MB / 377MB
70,2026-09-10T13:01:42.613780+00:00,141,2026-09-10T13:01:42.241666+00:00,false,microservices,order,b035e68a7482e6ed46428ec356cd23c7daead84509d6c435593c18c10d3f7a73,tcc-microservices-experiment-order-1,26.04,83131105,1073741824,7.74,3,27.7MB / 17.8MB,10.2MB / 77.8kB
70,2026-09-10T13:01:42.613780+00:00,141,2026-09-10T13:01:42.241666+00:00,false,microservices,product,29c6213fd736f2f39eacd62d62414987bf7f046acb2235bba54e05d502620dbf,tcc-microservices-experiment-product-1,33.15,82072044,1073741824,7.64,3,30.8MB / 16MB,14.3MB / 81.9kB
71,2026-09-10T13:01:43.613798+00:00,143,2026-09-10T13:01:43.242330+00:00,false,microservices,auth,0ff0192e2bccdd0a0516c73f7401c14e8e72bbf0832afca33f3b520267ea0db1,tcc-microservices-experiment-auth-1,0.02,79219917,1073741824,7.38,3,45.7kB / 40.3kB,13.1MB / 65.5kB
71,2026-09-10T13:01:43.613798+00:00,143,2026-09-10T13:01:43.242330+00:00,false,microservices,gateway,411281d5d05f61b2e9b46de31dc61df41302bbaf766aad2fd06c9cc36bd30d32,tcc-microservices-experiment-gateway-1,6.75,466511462,536870912,86.89,76,4.5MB / 5.69MB,33.7MB / 258kB
71,2026-09-10T13:01:43.613798+00:00,143,2026-09-10T13:01:43.242330+00:00,false,microservices,mysql,893f8250de329e18ed6652c91c4eaee8d40c311ab89ed5b96198e5565d3fb4d3,tcc-microservices-experiment-mysql-1,30.66,551760691,1073741824,51.38,41,24.5MB / 48.8MB,54MB / 380MB
71,2026-09-10T13:01:43.613798+00:00,143,2026-09-10T13:01:43.242330+00:00,false,microservices,order,b035e68a7482e6ed46428ec356cd23c7daead84509d6c435593c18c10d3f7a73,tcc-microservices-experiment-order-1,25.25,82428559,1073741824,7.68,3,27.9MB / 18MB,10.2MB / 77.8kB
71,2026-09-10T13:01:43.613798+00:00,143,2026-09-10T13:01:43.242330+00:00,false,microservices,product,29c6213fd736f2f39eacd62d62414987bf7f046acb2235bba54e05d502620dbf,tcc-microservices-experiment-product-1,32.49,81988157,1073741824,7.64,3,31.1MB / 16.1MB,14.3MB / 81.9kB
72,2026-09-10T13:01:44.613782+00:00,145,2026-09-10T13:01:44.242692+00:00,false,microservices,auth,0ff0192e2bccdd0a0516c73f7401c14e8e72bbf0832afca33f3b520267ea0db1,tcc-microservices-experiment-auth-1,0.01,79219917,1073741824,7.38,3,45.7kB / 40.3kB,13.1MB / 65.5kB
72,2026-09-10T13:01:44.613782+00:00,145,2026-09-10T13:01:44.242692+00:00,false,microservices,gateway,411281d5d05f61b2e9b46de31dc61df41302bbaf766aad2fd06c9cc36bd30d32,tcc-microservices-experiment-gateway-1,6.61,466196890,536870912,86.83,76,4.55MB / 5.74MB,33.7MB / 270kB
72,2026-09-10T13:01:44.613782+00:00,145,2026-09-10T13:01:44.242692+00:00,false,microservices,mysql,893f8250de329e18ed6652c91c4eaee8d40c311ab89ed5b96198e5565d3fb4d3,tcc-microservices-experiment-mysql-1,25.36,552704410,1073741824,51.48,41,24.7MB / 49.2MB,54MB / 382MB
72,2026-09-10T13:01:44.613782+00:00,145,2026-09-10T13:01:44.242692+00:00,false,microservices,order,b035e68a7482e6ed46428ec356cd23c7daead84509d6c435593c18c10d3f7a73,tcc-microservices-experiment-order-1,25.49,83235963,1073741824,7.75,3,28.1MB / 18.1MB,10.2MB / 77.8kB
72,2026-09-10T13:01:44.613782+00:00,145,2026-09-10T13:01:44.242692+00:00,false,microservices,product,29c6213fd736f2f39eacd62d62414987bf7f046acb2235bba54e05d502620dbf,tcc-microservices-experiment-product-1,31.45,82176901,1073741824,7.65,3,31.4MB / 16.3MB,14.3MB / 81.9kB
73,2026-09-10T13:01:45.613789+00:00,147,2026-09-10T13:01:45.242491+00:00,false,microservices,auth,0ff0192e2bccdd0a0516c73f7401c14e8e72bbf0832afca33f3b520267ea0db1,tcc-microservices-experiment-auth-1,0.02,79219917,1073741824,7.38,3,45.7kB / 40.3kB,13.1MB / 65.5kB
73,2026-09-10T13:01:45.613789+00:00,147,2026-09-10T13:01:45.242491+00:00,false,microservices,gateway,411281d5d05f61b2e9b46de31dc61df41302bbaf766aad2fd06c9cc36bd30d32,tcc-microservices-experiment-gateway-1,7.19,466406605,536870912,86.88,76,4.6MB / 5.8MB,33.7MB / 270kB
73,2026-09-10T13:01:45.613789+00:00,147,2026-09-10T13:01:45.242491+00:00,false,microservices,mysql,893f8250de329e18ed6652c91c4eaee8d40c311ab89ed5b96198e5565d3fb4d3,tcc-microservices-experiment-mysql-1,29.2,552599552,1073741824,51.47,41,24.9MB / 49.6MB,54MB / 384MB
73,2026-09-10T13:01:45.613789+00:00,147,2026-09-10T13:01:45.242491+00:00,false,microservices,order,b035e68a7482e6ed46428ec356cd23c7daead84509d6c435593c18c10d3f7a73,tcc-microservices-experiment-order-1,26.92,83047219,1073741824,7.73,3,28.3MB / 18.3MB,10.2MB / 77.8kB
73,2026-09-10T13:01:45.613789+00:00,147,2026-09-10T13:01:45.242491+00:00,false,microservices,product,29c6213fd736f2f39eacd62d62414987bf7f046acb2235bba54e05d502620dbf,tcc-microservices-experiment-product-1,32.82,82051072,1073741824,7.64,3,31.7MB / 16.4MB,14.3MB / 81.9kB
74,2026-09-10T13:01:46.613779+00:00,149,2026-09-10T13:01:46.242306+00:00,false,microservices,auth,0ff0192e2bccdd0a0516c73f7401c14e8e72bbf0832afca33f3b520267ea0db1,tcc-microservices-experiment-auth-1,0.02,79219917,1073741824,7.38,3,45.7kB / 40.3kB,13.1MB / 65.5kB
74,2026-09-10T13:01:46.613779+00:00,149,2026-09-10T13:01:46.242306+00:00,false,microservices,gateway,411281d5d05f61b2e9b46de31dc61df41302bbaf766aad2fd06c9cc36bd30d32,tcc-microservices-experiment-gateway-1,22.58,468398899,536870912,87.25,76,4.64MB / 5.86MB,33.7MB / 270kB
74,2026-09-10T13:01:46.613779+00:00,149,2026-09-10T13:01:46.242306+00:00,false,microservices,mysql,893f8250de329e18ed6652c91c4eaee8d40c311ab89ed5b96198e5565d3fb4d3,tcc-microservices-experiment-mysql-1,26.52,552809267,1073741824,51.49,41,25.1MB / 50.1MB,54MB / 386MB
74,2026-09-10T13:01:46.613779+00:00,149,2026-09-10T13:01:46.242306+00:00,false,microservices,order,b035e68a7482e6ed46428ec356cd23c7daead84509d6c435593c18c10d3f7a73,tcc-microservices-experiment-order-1,26.51,82868961,1073741824,7.72,3,28.6MB / 18.4MB,10.2MB / 77.8kB
74,2026-09-10T13:01:46.613779+00:00,149,2026-09-10T13:01:46.242306+00:00,false,microservices,product,29c6213fd736f2f39eacd62d62414987bf7f046acb2235bba54e05d502620dbf,tcc-microservices-experiment-product-1,32.33,82355159,1073741824,7.67,3,32MB / 16.6MB,14.3MB / 81.9kB
75,2026-09-10T13:01:47.613802+00:00,151,2026-09-10T13:01:47.243436+00:00,false,microservices,auth,0ff0192e2bccdd0a0516c73f7401c14e8e72bbf0832afca33f3b520267ea0db1,tcc-microservices-experiment-auth-1,0.02,79219917,1073741824,7.38,3,45.7kB / 40.3kB,13.1MB / 65.5kB
75,2026-09-10T13:01:47.613802+00:00,151,2026-09-10T13:01:47.243436+00:00,false,microservices,gateway,411281d5d05f61b2e9b46de31dc61df41302bbaf766aad2fd06c9cc36bd30d32,tcc-microservices-experiment-gateway-1,9.55,468084326,536870912,87.18,76,4.69MB / 5.91MB,33.7MB / 270kB
75,2026-09-10T13:01:47.613802+00:00,151,2026-09-10T13:01:47.243436+00:00,false,microservices,mysql,893f8250de329e18ed6652c91c4eaee8d40c311ab89ed5b96198e5565d3fb4d3,tcc-microservices-experiment-mysql-1,30.32,553018982,1073741824,51.5,41,25.3MB / 50.5MB,54MB / 387MB
75,2026-09-10T13:01:47.613802+00:00,151,2026-09-10T13:01:47.243436+00:00,false,microservices,order,b035e68a7482e6ed46428ec356cd23c7daead84509d6c435593c18c10d3f7a73,tcc-microservices-experiment-order-1,26.86,82680218,1073741824,7.7,3,28.8MB / 18.5MB,10.2MB / 77.8kB
75,2026-09-10T13:01:47.613802+00:00,151,2026-09-10T13:01:47.243436+00:00,false,microservices,product,29c6213fd736f2f39eacd62d62414987bf7f046acb2235bba54e05d502620dbf,tcc-microservices-experiment-product-1,32.46,82113987,1073741824,7.65,3,32.3MB / 16.8MB,14.3MB / 81.9kB
76,2026-09-10T13:01:48.613775+00:00,153,2026-09-10T13:01:48.241282+00:00,false,microservices,auth,0ff0192e2bccdd0a0516c73f7401c14e8e72bbf0832afca33f3b520267ea0db1,tcc-microservices-experiment-auth-1,0.02,79219917,1073741824,7.38,3,45.7kB / 40.3kB,13.1MB / 65.5kB
76,2026-09-10T13:01:48.613775+00:00,153,2026-09-10T13:01:48.241282+00:00,false,microservices,gateway,411281d5d05f61b2e9b46de31dc61df41302bbaf766aad2fd06c9cc36bd30d32,tcc-microservices-experiment-gateway-1,6.56,468189184,536870912,87.21,76,4.73MB / 5.97MB,33.7MB / 270kB
76,2026-09-10T13:01:48.613775+00:00,153,2026-09-10T13:01:48.241282+00:00,false,microservices,mysql,893f8250de329e18ed6652c91c4eaee8d40c311ab89ed5b96198e5565d3fb4d3,tcc-microservices-experiment-mysql-1,26.4,552599552,1073741824,51.46,41,25.5MB / 50.9MB,54MB / 390MB
76,2026-09-10T13:01:48.613775+00:00,153,2026-09-10T13:01:48.241282+00:00,false,microservices,order,b035e68a7482e6ed46428ec356cd23c7daead84509d6c435593c18c10d3f7a73,tcc-microservices-experiment-order-1,26.45,82889933,1073741824,7.72,3,29MB / 18.7MB,10.2MB / 77.8kB
76,2026-09-10T13:01:48.613775+00:00,153,2026-09-10T13:01:48.241282+00:00,false,microservices,product,29c6213fd736f2f39eacd62d62414987bf7f046acb2235bba54e05d502620dbf,tcc-microservices-experiment-product-1,32.49,81547756,1073741824,7.6,3,32.6MB / 16.9MB,14.3MB / 81.9kB
77,2026-09-10T13:01:49.613791+00:00,155,2026-09-10T13:01:49.243450+00:00,false,microservices,auth,0ff0192e2bccdd0a0516c73f7401c14e8e72bbf0832afca33f3b520267ea0db1,tcc-microservices-experiment-auth-1,0.02,79219917,1073741824,7.38,3,45.7kB / 40.3kB,13.1MB / 65.5kB
77,2026-09-10T13:01:49.613791+00:00,155,2026-09-10T13:01:49.243450+00:00,false,microservices,gateway,411281d5d05f61b2e9b46de31dc61df41302bbaf766aad2fd06c9cc36bd30d32,tcc-microservices-experiment-gateway-1,6.74,467979469,536870912,87.17,76,4.77MB / 6.02MB,33.7MB / 270kB
77,2026-09-10T13:01:49.613791+00:00,155,2026-09-10T13:01:49.243450+00:00,false,microservices,mysql,893f8250de329e18ed6652c91c4eaee8d40c311ab89ed5b96198e5565d3fb4d3,tcc-microservices-experiment-mysql-1,30.03,553018982,1073741824,51.51,41,25.7MB / 51.4MB,54MB / 392MB
77,2026-09-10T13:01:49.613791+00:00,155,2026-09-10T13:01:49.243450+00:00,false,microservices,order,b035e68a7482e6ed46428ec356cd23c7daead84509d6c435593c18c10d3f7a73,tcc-microservices-experiment-order-1,26.15,83519078,1073741824,7.78,3,29.3MB / 18.8MB,10.2MB / 77.8kB
77,2026-09-10T13:01:49.613791+00:00,155,2026-09-10T13:01:49.243450+00:00,false,microservices,product,29c6213fd736f2f39eacd62d62414987bf7f046acb2235bba54e05d502620dbf,tcc-microservices-experiment-product-1,32.66,82753618,1073741824,7.71,3,32.9MB / 17.1MB,14.3MB / 81.9kB
78,2026-09-10T13:01:50.613801+00:00,157,2026-09-10T13:01:50.241378+00:00,false,microservices,auth,0ff0192e2bccdd0a0516c73f7401c14e8e72bbf0832afca33f3b520267ea0db1,tcc-microservices-experiment-auth-1,0.02,79219917,1073741824,7.38,3,45.7kB / 40.3kB,13.1MB / 65.5kB
78,2026-09-10T13:01:50.613801+00:00,157,2026-09-10T13:01:50.241378+00:00,false,microservices,gateway,411281d5d05f61b2e9b46de31dc61df41302bbaf766aad2fd06c9cc36bd30d32,tcc-microservices-experiment-gateway-1,6.73,468503757,536870912,87.27,76,4.81MB / 6.08MB,33.7MB / 270kB
78,2026-09-10T13:01:50.613801+00:00,157,2026-09-10T13:01:50.241378+00:00,false,microservices,mysql,893f8250de329e18ed6652c91c4eaee8d40c311ab89ed5b96198e5565d3fb4d3,tcc-microservices-experiment-mysql-1,26.65,552599552,1073741824,51.46,41,25.9MB / 51.8MB,54MB / 393MB
78,2026-09-10T13:01:50.613801+00:00,157,2026-09-10T13:01:50.241378+00:00,false,microservices,order,b035e68a7482e6ed46428ec356cd23c7daead84509d6c435593c18c10d3f7a73,tcc-microservices-experiment-order-1,26.0,82931876,1073741824,7.72,3,29.5MB / 19MB,10.2MB / 77.8kB
78,2026-09-10T13:01:50.613801+00:00,157,2026-09-10T13:01:50.241378+00:00,false,microservices,product,29c6213fd736f2f39eacd62d62414987bf7f046acb2235bba54e05d502620dbf,tcc-microservices-experiment-product-1,32.3,81757471,1073741824,7.61,3,33.2MB / 17.2MB,14.3MB / 81.9kB
79,2026-09-10T13:01:51.613804+00:00,159,2026-09-10T13:01:51.241898+00:00,false,microservices,auth,0ff0192e2bccdd0a0516c73f7401c14e8e72bbf0832afca33f3b520267ea0db1,tcc-microservices-experiment-auth-1,0.02,79219917,1073741824,7.38,3,45.7kB / 40.3kB,13.1MB / 65.5kB
79,2026-09-10T13:01:51.613804+00:00,159,2026-09-10T13:01:51.241898+00:00,false,microservices,gateway,411281d5d05f61b2e9b46de31dc61df41302bbaf766aad2fd06c9cc36bd30d32,tcc-microservices-experiment-gateway-1,25.14,467874611,536870912,87.15,76,4.86MB / 6.13MB,33.7MB / 270kB
79,2026-09-10T13:01:51.613804+00:00,159,2026-09-10T13:01:51.241898+00:00,false,microservices,mysql,893f8250de329e18ed6652c91c4eaee8d40c311ab89ed5b96198e5565d3fb4d3,tcc-microservices-experiment-mysql-1,30.07,552914125,1073741824,51.5,41,26.1MB / 52.3MB,54MB / 395MB
79,2026-09-10T13:01:51.613804+00:00,159,2026-09-10T13:01:51.241898+00:00,false,microservices,order,b035e68a7482e6ed46428ec356cd23c7daead84509d6c435593c18c10d3f7a73,tcc-microservices-experiment-order-1,27.38,83477135,1073741824,7.77,3,29.7MB / 19.1MB,10.2MB / 77.8kB
79,2026-09-10T13:01:51.613804+00:00,159,2026-09-10T13:01:51.241898+00:00,false,microservices,product,29c6213fd736f2f39eacd62d62414987bf7f046acb2235bba54e05d502620dbf,tcc-microservices-experiment-product-1,32.28,82659246,1073741824,7.7,3,33.6MB / 17.4MB,14.3MB / 81.9kB
80,2026-09-10T13:01:52.613797+00:00,161,2026-09-10T13:01:52.241467+00:00,false,microservices,auth,0ff0192e2bccdd0a0516c73f7401c14e8e72bbf0832afca33f3b520267ea0db1,tcc-microservices-experiment-auth-1,0.02,79219917,1073741824,7.38,3,45.7kB / 40.3kB,13.1MB / 65.5kB
80,2026-09-10T13:01:52.613797+00:00,161,2026-09-10T13:01:52.241467+00:00,false,microservices,gateway,411281d5d05f61b2e9b46de31dc61df41302bbaf766aad2fd06c9cc36bd30d32,tcc-microservices-experiment-gateway-1,7.49,467874611,536870912,87.15,76,4.9MB / 6.19MB,33.7MB / 270kB
80,2026-09-10T13:01:52.613797+00:00,161,2026-09-10T13:01:52.241467+00:00,false,microservices,mysql,893f8250de329e18ed6652c91c4eaee8d40c311ab89ed5b96198e5565d3fb4d3,tcc-microservices-experiment-mysql-1,26.1,553438413,1073741824,51.54,41,26.3MB / 52.7MB,54MB / 396MB
80,2026-09-10T13:01:52.613797+00:00,161,2026-09-10T13:01:52.241467+00:00,false,microservices,order,b035e68a7482e6ed46428ec356cd23c7daead84509d6c435593c18c10d3f7a73,tcc-microservices-experiment-order-1,25.82,82187387,1073741824,7.65,3,29.9MB / 19.2MB,10.2MB / 77.8kB
80,2026-09-10T13:01:52.613797+00:00,161,2026-09-10T13:01:52.241467+00:00,false,microservices,product,29c6213fd736f2f39eacd62d62414987bf7f046acb2235bba54e05d502620dbf,tcc-microservices-experiment-product-1,33.23,81558241,1073741824,7.6,3,33.9MB / 17.6MB,14.3MB / 81.9kB
81,2026-09-10T13:01:53.613784+00:00,163,2026-09-10T13:01:53.242399+00:00,false,microservices,auth,0ff0192e2bccdd0a0516c73f7401c14e8e72bbf0832afca33f3b520267ea0db1,tcc-microservices-experiment-auth-1,0.02,79219917,1073741824,7.38,3,45.7kB / 40.3kB,13.1MB / 65.5kB
81,2026-09-10T13:01:53.613784+00:00,163,2026-09-10T13:01:53.242399+00:00,false,microservices,gateway,411281d5d05f61b2e9b46de31dc61df41302bbaf766aad2fd06c9cc36bd30d32,tcc-microservices-experiment-gateway-1,9.96,468818330,536870912,87.32,76,4.95MB / 6.25MB,33.8MB / 270kB
81,2026-09-10T13:01:53.613784+00:00,163,2026-09-10T13:01:53.242399+00:00,false,microservices,mysql,893f8250de329e18ed6652c91c4eaee8d40c311ab89ed5b96198e5565d3fb4d3,tcc-microservices-experiment-mysql-1,29.72,553333555,1073741824,51.54,41,26.5MB / 53.1MB,54MB / 398MB
81,2026-09-10T13:01:53.613784+00:00,163,2026-09-10T13:01:53.242399+00:00,false,microservices,order,b035e68a7482e6ed46428ec356cd23c7daead84509d6c435593c18c10d3f7a73,tcc-microservices-experiment-order-1,27.24,83068191,1073741824,7.74,3,30.2MB / 19.4MB,10.2MB / 77.8kB
81,2026-09-10T13:01:53.613784+00:00,163,2026-09-10T13:01:53.242399+00:00,false,microservices,product,29c6213fd736f2f39eacd62d62414987bf7f046acb2235bba54e05d502620dbf,tcc-microservices-experiment-product-1,32.43,81988157,1073741824,7.64,3,34.2MB / 17.7MB,14.3MB / 81.9kB
82,2026-09-10T13:01:54.613795+00:00,165,2026-09-10T13:01:54.241531+00:00,false,microservices,auth,0ff0192e2bccdd0a0516c73f7401c14e8e72bbf0832afca33f3b520267ea0db1,tcc-microservices-experiment-auth-1,0.02,79219917,1073741824,7.38,3,45.7kB / 40.3kB,13.1MB / 65.5kB
82,2026-09-10T13:01:54.613795+00:00,165,2026-09-10T13:01:54.241531+00:00,false,microservices,gateway,411281d5d05f61b2e9b46de31dc61df41302bbaf766aad2fd06c9cc36bd30d32,tcc-microservices-experiment-gateway-1,9.25,468398899,536870912,87.25,76,4.99MB / 6.3MB,33.8MB / 270kB
82,2026-09-10T13:01:54.613795+00:00,165,2026-09-10T13:01:54.241531+00:00,false,microservices,mysql,893f8250de329e18ed6652c91c4eaee8d40c311ab89ed5b96198e5565d3fb4d3,tcc-microservices-experiment-mysql-1,25.86,551865549,1073741824,51.39,41,26.7MB / 53.6MB,54MB / 400MB
82,2026-09-10T13:01:54.613795+00:00,165,2026-09-10T13:01:54.241531+00:00,false,microservices,order,b035e68a7482e6ed46428ec356cd23c7daead84509d6c435593c18c10d3f7a73,tcc-microservices-experiment-order-1,26.39,83309363,1073741824,7.76,3,30.4MB / 19.5MB,10.2MB / 77.8kB
82,2026-09-10T13:01:54.613795+00:00,165,2026-09-10T13:01:54.241531+00:00,false,microservices,product,29c6213fd736f2f39eacd62d62414987bf7f046acb2235bba54e05d502620dbf,tcc-microservices-experiment-product-1,31.98,81474355,1073741824,7.59,3,34.5MB / 17.9MB,14.3MB / 81.9kB
83,2026-09-10T13:01:55.613802+00:00,167,2026-09-10T13:01:55.241499+00:00,false,microservices,auth,0ff0192e2bccdd0a0516c73f7401c14e8e72bbf0832afca33f3b520267ea0db1,tcc-microservices-experiment-auth-1,0.02,79219917,1073741824,7.38,3,45.7kB / 40.3kB,13.1MB / 65.5kB
83,2026-09-10T13:01:55.613802+00:00,167,2026-09-10T13:01:55.241499+00:00,false,microservices,gateway,411281d5d05f61b2e9b46de31dc61df41302bbaf766aad2fd06c9cc36bd30d32,tcc-microservices-experiment-gateway-1,6.46,468189184,536870912,87.2,76,5.04MB / 6.36MB,33.8MB / 270kB
83,2026-09-10T13:01:55.613802+00:00,167,2026-09-10T13:01:55.241499+00:00,false,microservices,mysql,893f8250de329e18ed6652c91c4eaee8d40c311ab89ed5b96198e5565d3fb4d3,tcc-microservices-experiment-mysql-1,29.53,552494694,1073741824,51.46,41,26.9MB / 54MB,54MB / 402MB
83,2026-09-10T13:01:55.613802+00:00,167,2026-09-10T13:01:55.241499+00:00,false,microservices,order,b035e68a7482e6ed46428ec356cd23c7daead84509d6c435593c18c10d3f7a73,tcc-microservices-experiment-order-1,26.11,82837504,1073741824,7.71,3,30.6MB / 19.7MB,10.2MB / 77.8kB
83,2026-09-10T13:01:55.613802+00:00,167,2026-09-10T13:01:55.241499+00:00,false,microservices,product,29c6213fd736f2f39eacd62d62414987bf7f046acb2235bba54e05d502620dbf,tcc-microservices-experiment-product-1,33.16,81862328,1073741824,7.62,3,34.8MB / 18.1MB,14.3MB / 81.9kB
84,2026-09-10T13:01:56.613787+00:00,169,2026-09-10T13:01:56.242053+00:00,false,microservices,auth,0ff0192e2bccdd0a0516c73f7401c14e8e72bbf0832afca33f3b520267ea0db1,tcc-microservices-experiment-auth-1,0.02,79219917,1073741824,7.38,3,45.7kB / 40.3kB,13.1MB / 65.5kB
84,2026-09-10T13:01:56.613787+00:00,169,2026-09-10T13:01:56.242053+00:00,false,microservices,gateway,411281d5d05f61b2e9b46de31dc61df41302bbaf766aad2fd06c9cc36bd30d32,tcc-microservices-experiment-gateway-1,10.0,468084326,536870912,87.18,76,5.08MB / 6.41MB,33.8MB / 270kB
84,2026-09-10T13:01:56.613787+00:00,169,2026-09-10T13:01:56.242053+00:00,false,microservices,mysql,893f8250de329e18ed6652c91c4eaee8d40c311ab89ed5b96198e5565d3fb4d3,tcc-microservices-experiment-mysql-1,23.66,553228698,1073741824,51.52,41,27.1MB / 54.5MB,54MB / 403MB
84,2026-09-10T13:01:56.613787+00:00,169,2026-09-10T13:01:56.242053+00:00,false,microservices,order,b035e68a7482e6ed46428ec356cd23c7daead84509d6c435593c18c10d3f7a73,tcc-microservices-experiment-order-1,25.0,83078676,1073741824,7.74,3,30.9MB / 19.8MB,10.2MB / 77.8kB
84,2026-09-10T13:01:56.613787+00:00,169,2026-09-10T13:01:56.242053+00:00,false,microservices,product,29c6213fd736f2f39eacd62d62414987bf7f046acb2235bba54e05d502620dbf,tcc-microservices-experiment-product-1,31.18,81600184,1073741824,7.6,3,35.1MB / 18.2MB,14.3MB / 81.9kB
85,2026-09-10T13:01:57.613801+00:00,171,2026-09-10T13:01:57.243479+00:00,false,microservices,auth,0ff0192e2bccdd0a0516c73f7401c14e8e72bbf0832afca33f3b520267ea0db1,tcc-microservices-experiment-auth-1,0.02,79219917,1073741824,7.38,3,45.7kB / 40.3kB,13.1MB / 65.5kB
85,2026-09-10T13:01:57.613801+00:00,171,2026-09-10T13:01:57.243479+00:00,false,microservices,gateway,411281d5d05f61b2e9b46de31dc61df41302bbaf766aad2fd06c9cc36bd30d32,tcc-microservices-experiment-gateway-1,6.63,468398899,536870912,87.24,76,5.12MB / 6.47MB,33.8MB / 270kB
85,2026-09-10T13:01:57.613801+00:00,171,2026-09-10T13:01:57.243479+00:00,false,microservices,mysql,893f8250de329e18ed6652c91c4eaee8d40c311ab89ed5b96198e5565d3fb4d3,tcc-microservices-experiment-mysql-1,29.85,553438413,1073741824,51.54,41,27.3MB / 54.9MB,54MB / 405MB
85,2026-09-10T13:01:57.613801+00:00,171,2026-09-10T13:01:57.243479+00:00,false,microservices,order,b035e68a7482e6ed46428ec356cd23c7daead84509d6c435593c18c10d3f7a73,tcc-microservices-experiment-order-1,25.47,83162563,1073741824,7.75,3,31.1MB / 19.9MB,10.2MB / 77.8kB
85,2026-09-10T13:01:57.613801+00:00,171,2026-09-10T13:01:57.243479+00:00,false,microservices,product,29c6213fd736f2f39eacd62d62414987bf7f046acb2235bba54e05d502620dbf,tcc-microservices-experiment-product-1,32.72,81432412,1073741824,7.58,3,35.4MB / 18.4MB,14.3MB / 81.9kB
86,2026-09-10T13:01:58.613794+00:00,173,2026-09-10T13:01:58.242116+00:00,false,microservices,auth,0ff0192e2bccdd0a0516c73f7401c14e8e72bbf0832afca33f3b520267ea0db1,tcc-microservices-experiment-auth-1,0.02,79219917,1073741824,7.38,3,45.7kB / 40.3kB,13.1MB / 65.5kB
86,2026-09-10T13:01:58.613794+00:00,173,2026-09-10T13:01:58.242116+00:00,false,microservices,gateway,411281d5d05f61b2e9b46de31dc61df41302bbaf766aad2fd06c9cc36bd30d32,tcc-microservices-experiment-gateway-1,8.92,468189184,536870912,87.22,76,5.17MB / 6.53MB,33.8MB / 270kB
86,2026-09-10T13:01:58.613794+00:00,173,2026-09-10T13:01:58.242116+00:00,false,microservices,mysql,893f8250de329e18ed6652c91c4eaee8d40c311ab89ed5b96198e5565d3fb4d3,tcc-microservices-experiment-mysql-1,25.17,553648128,1073741824,51.56,41,27.5MB / 55.3MB,54MB / 406MB
86,2026-09-10T13:01:58.613794+00:00,173,2026-09-10T13:01:58.242116+00:00,false,microservices,order,b035e68a7482e6ed46428ec356cd23c7daead84509d6c435593c18c10d3f7a73,tcc-microservices-experiment-order-1,26.86,82994790,1073741824,7.73,3,31.3MB / 20.1MB,10.2MB / 77.8kB
86,2026-09-10T13:01:58.613794+00:00,173,2026-09-10T13:01:58.242116+00:00,false,microservices,product,29c6213fd736f2f39eacd62d62414987bf7f046acb2235bba54e05d502620dbf,tcc-microservices-experiment-product-1,33.86,82271273,1073741824,7.66,3,35.8MB / 18.5MB,14.3MB / 81.9kB
87,2026-09-10T13:01:59.613795+00:00,175,2026-09-10T13:01:59.242289+00:00,false,microservices,auth,0ff0192e2bccdd0a0516c73f7401c14e8e72bbf0832afca33f3b520267ea0db1,tcc-microservices-experiment-auth-1,0.02,79219917,1073741824,7.38,3,45.7kB / 40.3kB,13.1MB / 65.5kB
87,2026-09-10T13:01:59.613795+00:00,175,2026-09-10T13:01:59.242289+00:00,false,microservices,gateway,411281d5d05f61b2e9b46de31dc61df41302bbaf766aad2fd06c9cc36bd30d32,tcc-microservices-experiment-gateway-1,6.86,467874611,536870912,87.16,76,5.21MB / 6.58MB,33.8MB / 270kB
87,2026-09-10T13:01:59.613795+00:00,175,2026-09-10T13:01:59.242289+00:00,false,microservices,mysql,893f8250de329e18ed6652c91c4eaee8d40c311ab89ed5b96198e5565d3fb4d3,tcc-microservices-experiment-mysql-1,30.27,553857843,1073741824,51.59,41,27.7MB / 55.8MB,54MB / 408MB
87,2026-09-10T13:01:59.613795+00:00,175,2026-09-10T13:01:59.242289+00:00,false,microservices,order,b035e68a7482e6ed46428ec356cd23c7daead84509d6c435593c18c10d3f7a73,tcc-microservices-experiment-order-1,26.08,83152077,1073741824,7.74,3,31.5MB / 20.2MB,10.2MB / 77.8kB
87,2026-09-10T13:01:59.613795+00:00,175,2026-09-10T13:01:59.242289+00:00,false,microservices,product,29c6213fd736f2f39eacd62d62414987bf7f046acb2235bba54e05d502620dbf,tcc-microservices-experiment-product-1,31.37,81484841,1073741824,7.59,3,36.1MB / 18.7MB,14.3MB / 81.9kB
88,2026-09-10T13:02:00.613794+00:00,177,2026-09-10T13:02:00.243299+00:00,false,microservices,auth,0ff0192e2bccdd0a0516c73f7401c14e8e72bbf0832afca33f3b520267ea0db1,tcc-microservices-experiment-auth-1,0.02,79219917,1073741824,7.38,3,45.7kB / 40.3kB,13.1MB / 65.5kB
88,2026-09-10T13:02:00.613794+00:00,177,2026-09-10T13:02:00.243299+00:00,false,microservices,gateway,411281d5d05f61b2e9b46de31dc61df41302bbaf766aad2fd06c9cc36bd30d32,tcc-microservices-experiment-gateway-1,6.55,468189184,536870912,87.21,76,5.25MB / 6.64MB,33.8MB / 287kB
88,2026-09-10T13:02:00.613794+00:00,177,2026-09-10T13:02:00.243299+00:00,false,microservices,mysql,893f8250de329e18ed6652c91c4eaee8d40c311ab89ed5b96198e5565d3fb4d3,tcc-microservices-experiment-mysql-1,25.9,552704410,1073741824,51.48,41,28MB / 56.2MB,54MB / 409MB
88,2026-09-10T13:02:00.613794+00:00,177,2026-09-10T13:02:00.243299+00:00,false,microservices,order,b035e68a7482e6ed46428ec356cd23c7daead84509d6c435593c18c10d3f7a73,tcc-microservices-experiment-order-1,25.55,82910904,1073741824,7.72,3,31.8MB / 20.4MB,10.2MB / 77.8kB
88,2026-09-10T13:02:00.613794+00:00,177,2026-09-10T13:02:00.243299+00:00,false,microservices,product,29c6213fd736f2f39eacd62d62414987bf7f046acb2235bba54e05d502620dbf,tcc-microservices-experiment-product-1,32.39,82512445,1073741824,7.68,3,36.4MB / 18.9MB,14.3MB / 81.9kB
89,2026-09-10T13:02:01.613795+00:00,179,2026-09-10T13:02:01.242319+00:00,false,microservices,auth,0ff0192e2bccdd0a0516c73f7401c14e8e72bbf0832afca33f3b520267ea0db1,tcc-microservices-experiment-auth-1,0.02,79219917,1073741824,7.38,3,45.7kB / 40.3kB,13.1MB / 65.5kB
89,2026-09-10T13:02:01.613795+00:00,179,2026-09-10T13:02:01.242319+00:00,false,microservices,gateway,411281d5d05f61b2e9b46de31dc61df41302bbaf766aad2fd06c9cc36bd30d32,tcc-microservices-experiment-gateway-1,8.85,467455181,536870912,87.07,76,5.3MB / 6.69MB,33.8MB / 287kB
89,2026-09-10T13:02:01.613795+00:00,179,2026-09-10T13:02:01.242319+00:00,false,microservices,mysql,893f8250de329e18ed6652c91c4eaee8d40c311ab89ed5b96198e5565d3fb4d3,tcc-microservices-experiment-mysql-1,29.76,553962701,1073741824,51.59,41,28.2MB / 56.6MB,54MB / 411MB
89,2026-09-10T13:02:01.613795+00:00,179,2026-09-10T13:02:01.242319+00:00,false,microservices,order,b035e68a7482e6ed46428ec356cd23c7daead84509d6c435593c18c10d3f7a73,tcc-microservices-experiment-order-1,26.24,83466650,1073741824,7.77,3,32MB / 20.5MB,10.2MB / 77.8kB
89,2026-09-10T13:02:01.613795+00:00,179,2026-09-10T13:02:01.242319+00:00,false,microservices,product,29c6213fd736f2f39eacd62d62414987bf7f046acb2235bba54e05d502620dbf,tcc-microservices-experiment-product-1,32.39,82072044,1073741824,7.64,3,36.7MB / 19MB,14.3MB / 81.9kB
90,2026-09-10T13:02:02.613779+00:00,181,2026-09-10T13:02:02.242311+00:00,false,microservices,auth,0ff0192e2bccdd0a0516c73f7401c14e8e72bbf0832afca33f3b520267ea0db1,tcc-microservices-experiment-auth-1,0.02,79219917,1073741824,7.38,3,45.7kB / 40.3kB,13.1MB / 65.5kB
90,2026-09-10T13:02:02.613779+00:00,181,2026-09-10T13:02:02.242311+00:00,false,microservices,gateway,411281d5d05f61b2e9b46de31dc61df41302bbaf766aad2fd06c9cc36bd30d32,tcc-microservices-experiment-gateway-1,8.84,469028045,536870912,87.37,76,5.34MB / 6.75MB,33.8MB / 287kB
90,2026-09-10T13:02:02.613779+00:00,181,2026-09-10T13:02:02.242311+00:00,false,microservices,mysql,893f8250de329e18ed6652c91c4eaee8d40c311ab89ed5b96198e5565d3fb4d3,tcc-microservices-experiment-mysql-1,26.28,553752986,1073741824,51.57,41,28.4MB / 57.1MB,54MB / 412MB
90,2026-09-10T13:02:02.613779+00:00,181,2026-09-10T13:02:02.242311+00:00,false,microservices,order,b035e68a7482e6ed46428ec356cd23c7daead84509d6c435593c18c10d3f7a73,tcc-microservices-experiment-order-1,26.11,83550536,1073741824,7.78,3,32.2MB / 20.6MB,10.2MB / 77.8kB
90,2026-09-10T13:02:02.613779+00:00,181,2026-09-10T13:02:02.242311+00:00,false,microservices,product,29c6213fd736f2f39eacd62d62414987bf7f046acb2235bba54e05d502620dbf,tcc-microservices-experiment-product-1,33.03,81977672,1073741824,7.64,3,37MB / 19.2MB,14.3MB / 81.9kB
91,2026-09-10T13:02:03.613794+00:00,183,2026-09-10T13:02:03.242436+00:00,false,microservices,auth,0ff0192e2bccdd0a0516c73f7401c14e8e72bbf0832afca33f3b520267ea0db1,tcc-microservices-experiment-auth-1,0.02,79219917,1073741824,7.38,3,45.7kB / 40.3kB,13.1MB / 65.5kB
91,2026-09-10T13:02:03.613794+00:00,183,2026-09-10T13:02:03.242436+00:00,false,microservices,gateway,411281d5d05f61b2e9b46de31dc61df41302bbaf766aad2fd06c9cc36bd30d32,tcc-microservices-experiment-gateway-1,7.02,468608614,536870912,87.28,76,5.39MB / 6.81MB,33.8MB / 287kB
91,2026-09-10T13:02:03.613794+00:00,183,2026-09-10T13:02:03.242436+00:00,false,microservices,mysql,893f8250de329e18ed6652c91c4eaee8d40c311ab89ed5b96198e5565d3fb4d3,tcc-microservices-experiment-mysql-1,29.57,553018982,1073741824,51.5,41,28.6MB / 57.5MB,54MB / 414MB
91,2026-09-10T13:02:03.613794+00:00,183,2026-09-10T13:02:03.242436+00:00,false,microservices,order,b035e68a7482e6ed46428ec356cd23c7daead84509d6c435593c18c10d3f7a73,tcc-microservices-experiment-order-1,26.72,83162563,1073741824,7.75,3,32.5MB / 20.8MB,10.2MB / 77.8kB
91,2026-09-10T13:02:03.613794+00:00,183,2026-09-10T13:02:03.242436+00:00,false,microservices,product,29c6213fd736f2f39eacd62d62414987bf7f046acb2235bba54e05d502620dbf,tcc-microservices-experiment-product-1,32.5,81830871,1073741824,7.62,3,37.3MB / 19.3MB,14.3MB / 81.9kB
92,2026-09-10T13:02:04.613776+00:00,185,2026-09-10T13:02:04.243317+00:00,false,microservices,auth,0ff0192e2bccdd0a0516c73f7401c14e8e72bbf0832afca33f3b520267ea0db1,tcc-microservices-experiment-auth-1,0.02,79219917,1073741824,7.38,3,45.7kB / 40.3kB,13.1MB / 65.5kB
92,2026-09-10T13:02:04.613776+00:00,185,2026-09-10T13:02:04.243317+00:00,false,microservices,gateway,411281d5d05f61b2e9b46de31dc61df41302bbaf766aad2fd06c9cc36bd30d32,tcc-microservices-experiment-gateway-1,6.37,468503757,536870912,87.27,76,5.43MB / 6.86MB,33.8MB / 287kB
92,2026-09-10T13:02:04.613776+00:00,185,2026-09-10T13:02:04.243317+00:00,false,microservices,mysql,893f8250de329e18ed6652c91c4eaee8d40c311ab89ed5b96198e5565d3fb4d3,tcc-microservices-experiment-mysql-1,25.58,553648128,1073741824,51.56,41,28.8MB / 58MB,54MB / 416MB
92,2026-09-10T13:02:04.613776+00:00,185,2026-09-10T13:02:04.243317+00:00,false,microservices,order,b035e68a7482e6ed46428ec356cd23c7daead84509d6c435593c18c10d3f7a73,tcc-microservices-experiment-order-1,26.21,83183534,1073741824,7.75,3,32.7MB / 20.9MB,10.2MB / 77.8kB
92,2026-09-10T13:02:04.613776+00:00,185,2026-09-10T13:02:04.243317+00:00,false,microservices,product,29c6213fd736f2f39eacd62d62414987bf7f046acb2235bba54e05d502620dbf,tcc-microservices-experiment-product-1,32.26,81453384,1073741824,7.59,3,37.6MB / 19.5MB,14.3MB / 81.9kB
93,2026-09-10T13:02:05.613782+00:00,187,2026-09-10T13:02:05.242820+00:00,false,microservices,auth,0ff0192e2bccdd0a0516c73f7401c14e8e72bbf0832afca33f3b520267ea0db1,tcc-microservices-experiment-auth-1,0.02,79219917,1073741824,7.38,3,45.7kB / 40.3kB,13.1MB / 65.5kB
93,2026-09-10T13:02:05.613782+00:00,187,2026-09-10T13:02:05.242820+00:00,false,microservices,gateway,411281d5d05f61b2e9b46de31dc61df41302bbaf766aad2fd06c9cc36bd30d32,tcc-microservices-experiment-gateway-1,6.51,467874611,536870912,87.14,76,5.47MB / 6.92MB,33.8MB / 287kB
93,2026-09-10T13:02:05.613782+00:00,187,2026-09-10T13:02:05.242820+00:00,false,microservices,mysql,893f8250de329e18ed6652c91c4eaee8d40c311ab89ed5b96198e5565d3fb4d3,tcc-microservices-experiment-mysql-1,30.08,553543270,1073741824,51.55,41,29MB / 58.4MB,54MB / 418MB
93,2026-09-10T13:02:05.613782+00:00,187,2026-09-10T13:02:05.242820+00:00,false,microservices,order,b035e68a7482e6ed46428ec356cd23c7daead84509d6c435593c18c10d3f7a73,tcc-microservices-experiment-order-1,26.58,83886080,1073741824,7.81,3,32.9MB / 21.1MB,10.2MB / 77.8kB
93,2026-09-10T13:02:05.613782+00:00,187,2026-09-10T13:02:05.242820+00:00,false,microservices,product,29c6213fd736f2f39eacd62d62414987bf7f046acb2235bba54e05d502620dbf,tcc-microservices-experiment-product-1,33.18,82093015,1073741824,7.65,3,37.9MB / 19.7MB,14.3MB / 81.9kB
94,2026-09-10T13:02:06.613790+00:00,189,2026-09-10T13:02:06.242379+00:00,false,microservices,auth,0ff0192e2bccdd0a0516c73f7401c14e8e72bbf0832afca33f3b520267ea0db1,tcc-microservices-experiment-auth-1,0.02,79219917,1073741824,7.38,3,45.7kB / 40.3kB,13.1MB / 65.5kB
94,2026-09-10T13:02:06.613790+00:00,189,2026-09-10T13:02:06.242379+00:00,false,microservices,gateway,411281d5d05f61b2e9b46de31dc61df41302bbaf766aad2fd06c9cc36bd30d32,tcc-microservices-experiment-gateway-1,6.26,467560038,536870912,87.09,76,5.51MB / 6.97MB,33.8MB / 287kB
94,2026-09-10T13:02:06.613790+00:00,189,2026-09-10T13:02:06.242379+00:00,false,microservices,mysql,893f8250de329e18ed6652c91c4eaee8d40c311ab89ed5b96198e5565d3fb4d3,tcc-microservices-experiment-mysql-1,26.36,552914125,1073741824,51.5,41,29.2MB / 58.8MB,54MB / 419MB
94,2026-09-10T13:02:06.613790+00:00,189,2026-09-10T13:02:06.242379+00:00,false,microservices,order,b035e68a7482e6ed46428ec356cd23c7daead84509d6c435593c18c10d3f7a73,tcc-microservices-experiment-order-1,26.35,82292244,1073741824,7.66,3,33.1MB / 21.2MB,10.2MB / 77.8kB
94,2026-09-10T13:02:06.613790+00:00,189,2026-09-10T13:02:06.242379+00:00,false,microservices,product,29c6213fd736f2f39eacd62d62414987bf7f046acb2235bba54e05d502620dbf,tcc-microservices-experiment-product-1,32.03,82543903,1073741824,7.69,3,38.3MB / 19.8MB,14.3MB / 81.9kB
95,2026-09-10T13:02:07.613821+00:00,191,2026-09-10T13:02:07.243113+00:00,false,microservices,auth,0ff0192e2bccdd0a0516c73f7401c14e8e72bbf0832afca33f3b520267ea0db1,tcc-microservices-experiment-auth-1,0.02,79219917,1073741824,7.38,3,45.7kB / 40.3kB,13.1MB / 65.5kB
95,2026-09-10T13:02:07.613821+00:00,191,2026-09-10T13:02:07.243113+00:00,false,microservices,gateway,411281d5d05f61b2e9b46de31dc61df41302bbaf766aad2fd06c9cc36bd30d32,tcc-microservices-experiment-gateway-1,6.61,467560038,536870912,87.08,76,5.56MB / 7.03MB,33.8MB / 287kB
95,2026-09-10T13:02:07.613821+00:00,191,2026-09-10T13:02:07.243113+00:00,false,microservices,mysql,893f8250de329e18ed6652c91c4eaee8d40c311ab89ed5b96198e5565d3fb4d3,tcc-microservices-experiment-mysql-1,30.72,553648128,1073741824,51.56,41,29.4MB / 59.3MB,54MB / 421MB
95,2026-09-10T13:02:07.613821+00:00,191,2026-09-10T13:02:07.243113+00:00,false,microservices,order,b035e68a7482e6ed46428ec356cd23c7daead84509d6c435593c18c10d3f7a73,tcc-microservices-experiment-order-1,26.76,82795561,1073741824,7.71,3,33.4MB / 21.4MB,10.2MB / 77.8kB
95,2026-09-10T13:02:07.613821+00:00,191,2026-09-10T13:02:07.243113+00:00,false,microservices,product,29c6213fd736f2f39eacd62d62414987bf7f046acb2235bba54e05d502620dbf,tcc-microservices-experiment-product-1,32.16,81746985,1073741824,7.61,3,38.6MB / 20MB,14.3MB / 81.9kB
96,2026-09-10T13:02:08.613777+00:00,193,2026-09-10T13:02:08.242369+00:00,false,microservices,auth,0ff0192e2bccdd0a0516c73f7401c14e8e72bbf0832afca33f3b520267ea0db1,tcc-microservices-experiment-auth-1,0.02,79219917,1073741824,7.38,3,45.7kB / 40.3kB,13.1MB / 65.5kB
96,2026-09-10T13:02:08.613777+00:00,193,2026-09-10T13:02:08.242369+00:00,false,microservices,gateway,411281d5d05f61b2e9b46de31dc61df41302bbaf766aad2fd06c9cc36bd30d32,tcc-microservices-experiment-gateway-1,6.68,467560038,536870912,87.09,76,5.6MB / 7.09MB,33.8MB / 287kB
96,2026-09-10T13:02:08.613777+00:00,193,2026-09-10T13:02:08.242369+00:00,false,microservices,mysql,893f8250de329e18ed6652c91c4eaee8d40c311ab89ed5b96198e5565d3fb4d3,tcc-microservices-experiment-mysql-1,26.5,553752986,1073741824,51.57,41,29.6MB / 59.7MB,54MB / 422MB
96,2026-09-10T13:02:08.613777+00:00,193,2026-09-10T13:02:08.242369+00:00,false,microservices,order,b035e68a7482e6ed46428ec356cd23c7daead84509d6c435593c18c10d3f7a73,tcc-microservices-experiment-order-1,26.43,83508593,1073741824,7.78,3,33.6MB / 21.5MB,10.2MB / 77.8kB
96,2026-09-10T13:02:08.613777+00:00,193,2026-09-10T13:02:08.242369+00:00,false,microservices,product,29c6213fd736f2f39eacd62d62414987bf7f046acb2235bba54e05d502620dbf,tcc-microservices-experiment-product-1,31.42,82428559,1073741824,7.68,3,38.9MB / 20.1MB,14.3MB / 81.9kB
97,2026-09-10T13:02:09.613805+00:00,195,2026-09-10T13:02:09.243453+00:00,false,microservices,auth,0ff0192e2bccdd0a0516c73f7401c14e8e72bbf0832afca33f3b520267ea0db1,tcc-microservices-experiment-auth-1,0.02,79219917,1073741824,7.38,3,45.7kB / 40.3kB,13.1MB / 65.5kB
97,2026-09-10T13:02:09.613805+00:00,195,2026-09-10T13:02:09.243453+00:00,false,microservices,gateway,411281d5d05f61b2e9b46de31dc61df41302bbaf766aad2fd06c9cc36bd30d32,tcc-microservices-experiment-gateway-1,5.94,468084326,536870912,87.19,76,5.64MB / 7.14MB,33.8MB / 287kB
97,2026-09-10T13:02:09.613805+00:00,195,2026-09-10T13:02:09.243453+00:00,false,microservices,mysql,893f8250de329e18ed6652c91c4eaee8d40c311ab89ed5b96198e5565d3fb4d3,tcc-microservices-experiment-mysql-1,30.16,553752986,1073741824,51.57,41,29.8MB / 60.1MB,54MB / 424MB
97,2026-09-10T13:02:09.613805+00:00,195,2026-09-10T13:02:09.243453+00:00,false,microservices,order,b035e68a7482e6ed46428ec356cd23c7daead84509d6c435593c18c10d3f7a73,tcc-microservices-experiment-order-1,25.58,83173048,1073741824,7.75,3,33.8MB / 21.6MB,10.2MB / 77.8kB
97,2026-09-10T13:02:09.613805+00:00,195,2026-09-10T13:02:09.243453+00:00,false,microservices,product,29c6213fd736f2f39eacd62d62414987bf7f046acb2235bba54e05d502620dbf,tcc-microservices-experiment-product-1,33.07,82187387,1073741824,7.65,3,39.2MB / 20.3MB,14.3MB / 81.9kB
98,2026-09-10T13:02:10.613775+00:00,197,2026-09-10T13:02:10.242376+00:00,false,microservices,auth,0ff0192e2bccdd0a0516c73f7401c14e8e72bbf0832afca33f3b520267ea0db1,tcc-microservices-experiment-auth-1,0.02,79219917,1073741824,7.38,3,45.7kB / 40.3kB,13.1MB / 65.5kB
98,2026-09-10T13:02:10.613775+00:00,197,2026-09-10T13:02:10.242376+00:00,false,microservices,gateway,411281d5d05f61b2e9b46de31dc61df41302bbaf766aad2fd06c9cc36bd30d32,tcc-microservices-experiment-gateway-1,7.03,468713472,536870912,87.31,76,5.69MB / 7.2MB,33.8MB / 287kB
98,2026-09-10T13:02:10.613775+00:00,197,2026-09-10T13:02:10.242376+00:00,false,microservices,mysql,893f8250de329e18ed6652c91c4eaee8d40c311ab89ed5b96198e5565d3fb4d3,tcc-microservices-experiment-mysql-1,26.2,554172416,1073741824,51.61,41,30MB / 60.6MB,54MB / 426MB
98,2026-09-10T13:02:10.613775+00:00,197,2026-09-10T13:02:10.242376+00:00,false,microservices,order,b035e68a7482e6ed46428ec356cd23c7daead84509d6c435593c18c10d3f7a73,tcc-microservices-experiment-order-1,26.37,82795561,1073741824,7.71,3,34MB / 21.8MB,10.2MB / 77.8kB
98,2026-09-10T13:02:10.613775+00:00,197,2026-09-10T13:02:10.242376+00:00,false,microservices,product,29c6213fd736f2f39eacd62d62414987bf7f046acb2235bba54e05d502620dbf,tcc-microservices-experiment-product-1,31.97,83865108,1073741824,7.81,3,39.5MB / 20.5MB,14.3MB / 81.9kB
99,2026-09-10T13:02:11.613803+00:00,199,2026-09-10T13:02:11.242266+00:00,false,microservices,auth,0ff0192e2bccdd0a0516c73f7401c14e8e72bbf0832afca33f3b520267ea0db1,tcc-microservices-experiment-auth-1,0.02,79219917,1073741824,7.38,3,45.7kB / 40.3kB,13.1MB / 65.5kB
99,2026-09-10T13:02:11.613803+00:00,199,2026-09-10T13:02:11.242266+00:00,false,microservices,gateway,411281d5d05f61b2e9b46de31dc61df41302bbaf766aad2fd06c9cc36bd30d32,tcc-microservices-experiment-gateway-1,6.08,467769754,536870912,87.13,76,5.73MB / 7.24MB,33.8MB / 287kB
99,2026-09-10T13:02:11.613803+00:00,199,2026-09-10T13:02:11.242266+00:00,false,microservices,mysql,893f8250de329e18ed6652c91c4eaee8d40c311ab89ed5b96198e5565d3fb4d3,tcc-microservices-experiment-mysql-1,26.58,557318144,1073741824,51.9,42,30.2MB / 61MB,54MB / 428MB
99,2026-09-10T13:02:11.613803+00:00,199,2026-09-10T13:02:11.242266+00:00,false,microservices,order,b035e68a7482e6ed46428ec356cd23c7daead84509d6c435593c18c10d3f7a73,tcc-microservices-experiment-order-1,23.04,83026248,1073741824,7.73,3,34.2MB / 21.9MB,10.2MB / 77.8kB
99,2026-09-10T13:02:11.613803+00:00,199,2026-09-10T13:02:11.242266+00:00,false,microservices,product,29c6213fd736f2f39eacd62d62414987bf7f046acb2235bba54e05d502620dbf,tcc-microservices-experiment-product-1,28.56,82669732,1073741824,7.7,3,39.8MB / 20.6MB,14.3MB / 81.9kB
100,2026-09-10T13:02:12.613783+00:00,201,2026-09-10T13:02:12.243044+00:00,false,microservices,auth,0ff0192e2bccdd0a0516c73f7401c14e8e72bbf0832afca33f3b520267ea0db1,tcc-microservices-experiment-auth-1,0.02,79219917,1073741824,7.38,3,45.7kB / 40.3kB,13.1MB / 65.5kB
100,2026-09-10T13:02:12.613783+00:00,201,2026-09-10T13:02:12.243044+00:00,false,microservices,gateway,411281d5d05f61b2e9b46de31dc61df41302bbaf766aad2fd06c9cc36bd30d32,tcc-microservices-experiment-gateway-1,6.84,468503757,536870912,87.27,76,5.77MB / 7.3MB,33.8MB / 287kB
100,2026-09-10T13:02:12.613783+00:00,201,2026-09-10T13:02:12.243044+00:00,false,microservices,mysql,893f8250de329e18ed6652c91c4eaee8d40c311ab89ed5b96198e5565d3fb4d3,tcc-microservices-experiment-mysql-1,27.16,553228698,1073741824,51.53,41,30.4MB / 61.4MB,54MB / 429MB
100,2026-09-10T13:02:12.613783+00:00,201,2026-09-10T13:02:12.243044+00:00,false,microservices,order,b035e68a7482e6ed46428ec356cd23c7daead84509d6c435593c18c10d3f7a73,tcc-microservices-experiment-order-1,26.86,83099648,1073741824,7.74,3,34.5MB / 22MB,10.2MB / 77.8kB
100,2026-09-10T13:02:12.613783+00:00,201,2026-09-10T13:02:12.243044+00:00,false,microservices,product,29c6213fd736f2f39eacd62d62414987bf7f046acb2235bba54e05d502620dbf,tcc-microservices-experiment-product-1,32.38,82680218,1073741824,7.7,3,40.1MB / 20.8MB,14.3MB / 81.9kB
101,2026-09-10T13:02:13.613803+00:00,203,2026-09-10T13:02:13.242869+00:00,false,microservices,auth,0ff0192e2bccdd0a0516c73f7401c14e8e72bbf0832afca33f3b520267ea0db1,tcc-microservices-experiment-auth-1,0.02,79219917,1073741824,7.38,3,45.7kB / 40.3kB,13.1MB / 65.5kB
101,2026-09-10T13:02:13.613803+00:00,203,2026-09-10T13:02:13.242869+00:00,false,microservices,gateway,411281d5d05f61b2e9b46de31dc61df41302bbaf766aad2fd06c9cc36bd30d32,tcc-microservices-experiment-gateway-1,6.64,468294042,536870912,87.23,76,5.81MB / 7.36MB,33.8MB / 287kB
101,2026-09-10T13:02:13.613803+00:00,203,2026-09-10T13:02:13.242869+00:00,false,microservices,mysql,893f8250de329e18ed6652c91c4eaee8d40c311ab89ed5b96198e5565d3fb4d3,tcc-microservices-experiment-mysql-1,26.86,557632717,1073741824,51.94,47,30.6MB / 61.8MB,54MB / 431MB
101,2026-09-10T13:02:13.613803+00:00,203,2026-09-10T13:02:13.242869+00:00,false,microservices,order,b035e68a7482e6ed46428ec356cd23c7daead84509d6c435593c18c10d3f7a73,tcc-microservices-experiment-order-1,25.48,82743132,1073741824,7.71,3,34.7MB / 22.2MB,10.2MB / 77.8kB
101,2026-09-10T13:02:13.613803+00:00,203,2026-09-10T13:02:13.242869+00:00,false,microservices,product,29c6213fd736f2f39eacd62d62414987bf7f046acb2235bba54e05d502620dbf,tcc-microservices-experiment-product-1,32.4,82669732,1073741824,7.7,3,40.4MB / 20.9MB,14.3MB / 81.9kB
102,2026-09-10T13:02:14.613772+00:00,205,2026-09-10T13:02:14.243472+00:00,false,microservices,auth,0ff0192e2bccdd0a0516c73f7401c14e8e72bbf0832afca33f3b520267ea0db1,tcc-microservices-experiment-auth-1,0.02,79219917,1073741824,7.38,3,45.7kB / 40.3kB,13.1MB / 65.5kB
102,2026-09-10T13:02:14.613772+00:00,205,2026-09-10T13:02:14.243472+00:00,false,microservices,gateway,411281d5d05f61b2e9b46de31dc61df41302bbaf766aad2fd06c9cc36bd30d32,tcc-microservices-experiment-gateway-1,8.52,467664896,536870912,87.12,69,5.86MB / 7.41MB,33.8MB / 287kB
102,2026-09-10T13:02:14.613772+00:00,205,2026-09-10T13:02:14.243472+00:00,false,microservices,mysql,893f8250de329e18ed6652c91c4eaee8d40c311ab89ed5b96198e5565d3fb4d3,tcc-microservices-experiment-mysql-1,29.51,554486989,1073741824,51.64,41,30.8MB / 62.3MB,54MB / 433MB
102,2026-09-10T13:02:14.613772+00:00,205,2026-09-10T13:02:14.243472+00:00,false,microservices,order,b035e68a7482e6ed46428ec356cd23c7daead84509d6c435593c18c10d3f7a73,tcc-microservices-experiment-order-1,26.69,83026248,1073741824,7.73,3,34.9MB / 22.3MB,10.2MB / 77.8kB
102,2026-09-10T13:02:14.613772+00:00,205,2026-09-10T13:02:14.243472+00:00,false,microservices,product,29c6213fd736f2f39eacd62d62414987bf7f046acb2235bba54e05d502620dbf,tcc-microservices-experiment-product-1,32.1,82659246,1073741824,7.7,3,40.7MB / 21.1MB,14.3MB / 81.9kB
103,2026-09-10T13:02:15.613806+00:00,207,2026-09-10T13:02:15.242357+00:00,false,microservices,auth,0ff0192e2bccdd0a0516c73f7401c14e8e72bbf0832afca33f3b520267ea0db1,tcc-microservices-experiment-auth-1,0.02,79219917,1073741824,7.38,3,45.7kB / 40.3kB,13.1MB / 65.5kB
103,2026-09-10T13:02:15.613806+00:00,207,2026-09-10T13:02:15.242357+00:00,false,microservices,gateway,411281d5d05f61b2e9b46de31dc61df41302bbaf766aad2fd06c9cc36bd30d32,tcc-microservices-experiment-gateway-1,35.53,473117491,536870912,88.13,69,5.9MB / 7.47MB,33.8MB / 299kB
103,2026-09-10T13:02:15.613806+00:00,207,2026-09-10T13:02:15.242357+00:00,false,microservices,mysql,893f8250de329e18ed6652c91c4eaee8d40c311ab89ed5b96198e5565d3fb4d3,tcc-microservices-experiment-mysql-1,26.14,554277274,1073741824,51.62,41,31MB / 62.7MB,54MB / 435MB
103,2026-09-10T13:02:15.613806+00:00,207,2026-09-10T13:02:15.242357+00:00,false,microservices,order,b035e68a7482e6ed46428ec356cd23c7daead84509d6c435593c18c10d3f7a73,tcc-microservices-experiment-order-1,25.48,83089162,1073741824,7.74,3,35.2MB / 22.4MB,10.2MB / 77.8kB
103,2026-09-10T13:02:15.613806+00:00,207,2026-09-10T13:02:15.242357+00:00,false,microservices,product,29c6213fd736f2f39eacd62d62414987bf7f046acb2235bba54e05d502620dbf,tcc-microservices-experiment-product-1,33.15,83152077,1073741824,7.74,3,41MB / 21.2MB,14.3MB / 81.9kB
104,2026-09-10T13:02:16.613764+00:00,209,2026-09-10T13:02:16.242899+00:00,false,microservices,auth,0ff0192e2bccdd0a0516c73f7401c14e8e72bbf0832afca33f3b520267ea0db1,tcc-microservices-experiment-auth-1,0.02,79219917,1073741824,7.38,3,45.7kB / 40.3kB,13.1MB / 65.5kB
104,2026-09-10T13:02:16.613764+00:00,209,2026-09-10T13:02:16.242899+00:00,false,microservices,gateway,411281d5d05f61b2e9b46de31dc61df41302bbaf766aad2fd06c9cc36bd30d32,tcc-microservices-experiment-gateway-1,13.15,466406605,536870912,86.87,69,5.94MB / 7.52MB,33.8MB / 299kB
104,2026-09-10T13:02:16.613764+00:00,209,2026-09-10T13:02:16.242899+00:00,false,microservices,mysql,893f8250de329e18ed6652c91c4eaee8d40c311ab89ed5b96198e5565d3fb4d3,tcc-microservices-experiment-mysql-1,28.39,553752986,1073741824,51.57,41,31.2MB / 63.1MB,54MB / 437MB
104,2026-09-10T13:02:16.613764+00:00,209,2026-09-10T13:02:16.242899+00:00,false,microservices,order,b035e68a7482e6ed46428ec356cd23c7daead84509d6c435593c18c10d3f7a73,tcc-microservices-experiment-order-1,26.64,83319849,1073741824,7.76,3,35.4MB / 22.6MB,10.2MB / 77.8kB
104,2026-09-10T13:02:16.613764+00:00,209,2026-09-10T13:02:16.242899+00:00,false,microservices,product,29c6213fd736f2f39eacd62d62414987bf7f046acb2235bba54e05d502620dbf,tcc-microservices-experiment-product-1,31.5,83676365,1073741824,7.79,3,41.3MB / 21.4MB,14.3MB / 81.9kB
105,2026-09-10T13:02:17.613805+00:00,211,2026-09-10T13:02:17.243540+00:00,false,microservices,auth,0ff0192e2bccdd0a0516c73f7401c14e8e72bbf0832afca33f3b520267ea0db1,tcc-microservices-experiment-auth-1,0.02,79219917,1073741824,7.38,3,45.7kB / 40.3kB,13.1MB / 65.5kB
105,2026-09-10T13:02:17.613805+00:00,211,2026-09-10T13:02:17.243540+00:00,false,microservices,gateway,411281d5d05f61b2e9b46de31dc61df41302bbaf766aad2fd06c9cc36bd30d32,tcc-microservices-experiment-gateway-1,6.63,465882317,536870912,86.77,69,5.99MB / 7.58MB,33.8MB / 299kB
105,2026-09-10T13:02:17.613805+00:00,211,2026-09-10T13:02:17.243540+00:00,false,microservices,mysql,893f8250de329e18ed6652c91c4eaee8d40c311ab89ed5b96198e5565d3fb4d3,tcc-microservices-experiment-mysql-1,25.0,554277274,1073741824,51.62,41,31.4MB / 63.6MB,54MB / 439MB
105,2026-09-10T13:02:17.613805+00:00,211,2026-09-10T13:02:17.243540+00:00,false,microservices,order,b035e68a7482e6ed46428ec356cd23c7daead84509d6c435593c18c10d3f7a73,tcc-microservices-experiment-order-1,25.83,83267420,1073741824,7.75,3,35.6MB / 22.7MB,10.2MB / 77.8kB
105,2026-09-10T13:02:17.613805+00:00,211,2026-09-10T13:02:17.243540+00:00,false,microservices,product,29c6213fd736f2f39eacd62d62414987bf7f046acb2235bba54e05d502620dbf,tcc-microservices-experiment-product-1,33.4,83256934,1073741824,7.75,3,41.6MB / 21.6MB,14.3MB / 81.9kB
106,2026-09-10T13:02:18.613780+00:00,213,2026-09-10T13:02:18.242295+00:00,false,microservices,auth,0ff0192e2bccdd0a0516c73f7401c14e8e72bbf0832afca33f3b520267ea0db1,tcc-microservices-experiment-auth-1,0.02,79219917,1073741824,7.38,3,45.7kB / 40.3kB,13.1MB / 65.5kB
106,2026-09-10T13:02:18.613780+00:00,213,2026-09-10T13:02:18.242295+00:00,false,microservices,gateway,411281d5d05f61b2e9b46de31dc61df41302bbaf766aad2fd06c9cc36bd30d32,tcc-microservices-experiment-gateway-1,6.54,465358029,536870912,86.68,69,6.03MB / 7.63MB,33.8MB / 299kB
106,2026-09-10T13:02:18.613780+00:00,213,2026-09-10T13:02:18.242295+00:00,false,microservices,mysql,893f8250de329e18ed6652c91c4eaee8d40c311ab89ed5b96198e5565d3fb4d3,tcc-microservices-experiment-mysql-1,28.82,553752986,1073741824,51.57,41,31.6MB / 64MB,54MB / 441MB
106,2026-09-10T13:02:18.613780+00:00,213,2026-09-10T13:02:18.242295+00:00,false,microservices,order,b035e68a7482e6ed46428ec356cd23c7daead84509d6c435593c18c10d3f7a73,tcc-microservices-experiment-order-1,25.24,83697336,1073741824,7.79,3,35.8MB / 22.9MB,10.2MB / 77.8kB
106,2026-09-10T13:02:18.613780+00:00,213,2026-09-10T13:02:18.242295+00:00,false,microservices,product,29c6213fd736f2f39eacd62d62414987bf7f046acb2235bba54e05d502620dbf,tcc-microservices-experiment-product-1,32.73,83351306,1073741824,7.76,3,41.9MB / 21.7MB,14.3MB / 81.9kB
107,2026-09-10T13:02:19.613778+00:00,215,2026-09-10T13:02:19.242574+00:00,false,microservices,auth,0ff0192e2bccdd0a0516c73f7401c14e8e72bbf0832afca33f3b520267ea0db1,tcc-microservices-experiment-auth-1,0.02,79219917,1073741824,7.38,3,45.7kB / 40.3kB,13.1MB / 65.5kB
107,2026-09-10T13:02:19.613778+00:00,215,2026-09-10T13:02:19.242574+00:00,false,microservices,gateway,411281d5d05f61b2e9b46de31dc61df41302bbaf766aad2fd06c9cc36bd30d32,tcc-microservices-experiment-gateway-1,8.92,466406605,536870912,86.88,69,6.08MB / 7.69MB,33.8MB / 299kB
107,2026-09-10T13:02:19.613778+00:00,215,2026-09-10T13:02:19.242574+00:00,false,microservices,mysql,893f8250de329e18ed6652c91c4eaee8d40c311ab89ed5b96198e5565d3fb4d3,tcc-microservices-experiment-mysql-1,24.98,553543270,1073741824,51.55,41,31.8MB / 64.5MB,54MB / 442MB
107,2026-09-10T13:02:19.613778+00:00,215,2026-09-10T13:02:19.242574+00:00,false,microservices,order,b035e68a7482e6ed46428ec356cd23c7daead84509d6c435593c18c10d3f7a73,tcc-microservices-experiment-order-1,26.95,82889933,1073741824,7.72,3,36.1MB / 23MB,10.2MB / 77.8kB
107,2026-09-10T13:02:19.613778+00:00,215,2026-09-10T13:02:19.242574+00:00,false,microservices,product,29c6213fd736f2f39eacd62d62414987bf7f046acb2235bba54e05d502620dbf,tcc-microservices-experiment-product-1,32.08,82984305,1073741824,7.73,3,42.3MB / 21.9MB,14.3MB / 81.9kB
108,2026-09-10T13:02:20.613778+00:00,217,2026-09-10T13:02:20.242194+00:00,false,microservices,auth,0ff0192e2bccdd0a0516c73f7401c14e8e72bbf0832afca33f3b520267ea0db1,tcc-microservices-experiment-auth-1,0.02,79219917,1073741824,7.38,3,45.7kB / 40.3kB,13.1MB / 65.5kB
108,2026-09-10T13:02:20.613778+00:00,217,2026-09-10T13:02:20.242194+00:00,false,microservices,gateway,411281d5d05f61b2e9b46de31dc61df41302bbaf766aad2fd06c9cc36bd30d32,tcc-microservices-experiment-gateway-1,59.85,433900749,536870912,80.82,69,6.12MB / 7.75MB,34.2MB / 38.3MB
108,2026-09-10T13:02:20.613778+00:00,217,2026-09-10T13:02:20.242194+00:00,false,microservices,mysql,893f8250de329e18ed6652c91c4eaee8d40c311ab89ed5b96198e5565d3fb4d3,tcc-microservices-experiment-mysql-1,29.41,391433421,1073741824,36.46,41,32MB / 64.9MB,54MB / 526MB
108,2026-09-10T13:02:20.613778+00:00,217,2026-09-10T13:02:20.242194+00:00,false,microservices,order,b035e68a7482e6ed46428ec356cd23c7daead84509d6c435593c18c10d3f7a73,tcc-microservices-experiment-order-1,28.44,83204506,1073741824,7.75,3,36.3MB / 23.2MB,10.2MB / 77.8kB
108,2026-09-10T13:02:20.613778+00:00,217,2026-09-10T13:02:20.242194+00:00,false,microservices,product,29c6213fd736f2f39eacd62d62414987bf7f046acb2235bba54e05d502620dbf,tcc-microservices-experiment-product-1,36.08,83886080,1073741824,7.81,3,42.6MB / 22.1MB,14.3MB / 81.9kB
109,2026-09-10T13:02:21.613806+00:00,219,2026-09-10T13:02:21.242195+00:00,false,microservices,auth,0ff0192e2bccdd0a0516c73f7401c14e8e72bbf0832afca33f3b520267ea0db1,tcc-microservices-experiment-auth-1,0.02,79219917,1073741824,7.38,3,45.7kB / 40.3kB,13.1MB / 65.5kB
109,2026-09-10T13:02:21.613806+00:00,219,2026-09-10T13:02:21.242195+00:00,false,microservices,gateway,411281d5d05f61b2e9b46de31dc61df41302bbaf766aad2fd06c9cc36bd30d32,tcc-microservices-experiment-gateway-1,34.67,403072614,536870912,75.08,69,6.17MB / 7.81MB,35.6MB / 61.4MB
109,2026-09-10T13:02:21.613806+00:00,219,2026-09-10T13:02:21.242195+00:00,false,microservices,mysql,893f8250de329e18ed6652c91c4eaee8d40c311ab89ed5b96198e5565d3fb4d3,tcc-microservices-experiment-mysql-1,23.33,391013990,1073741824,36.42,41,32.2MB / 65.4MB,54MB / 528MB
109,2026-09-10T13:02:21.613806+00:00,219,2026-09-10T13:02:21.242195+00:00,false,microservices,order,b035e68a7482e6ed46428ec356cd23c7daead84509d6c435593c18c10d3f7a73,tcc-microservices-experiment-order-1,27.54,83005276,1073741824,7.73,3,36.6MB / 23.3MB,10.2MB / 77.8kB
109,2026-09-10T13:02:21.613806+00:00,219,2026-09-10T13:02:21.242195+00:00,false,microservices,product,29c6213fd736f2f39eacd62d62414987bf7f046acb2235bba54e05d502620dbf,tcc-microservices-experiment-product-1,33.38,82103501,1073741824,7.65,3,42.9MB / 22.2MB,14.3MB / 81.9kB
110,2026-09-10T13:02:22.613792+00:00,221,2026-09-10T13:02:22.243374+00:00,false,microservices,auth,0ff0192e2bccdd0a0516c73f7401c14e8e72bbf0832afca33f3b520267ea0db1,tcc-microservices-experiment-auth-1,0.02,79188460,1073741824,7.38,3,45.7kB / 40.3kB,13.1MB / 65.5kB
110,2026-09-10T13:02:22.613792+00:00,221,2026-09-10T13:02:22.243374+00:00,false,microservices,gateway,411281d5d05f61b2e9b46de31dc61df41302bbaf766aad2fd06c9cc36bd30d32,tcc-microservices-experiment-gateway-1,12.07,403806618,536870912,75.22,69,6.21MB / 7.87MB,36.3MB / 61.4MB
110,2026-09-10T13:02:22.613792+00:00,221,2026-09-10T13:02:22.243374+00:00,false,microservices,mysql,893f8250de329e18ed6652c91c4eaee8d40c311ab89ed5b96198e5565d3fb4d3,tcc-microservices-experiment-mysql-1,29.67,391433421,1073741824,36.46,41,32.4MB / 65.8MB,54.1MB / 530MB
110,2026-09-10T13:02:22.613792+00:00,221,2026-09-10T13:02:22.243374+00:00,false,microservices,order,b035e68a7482e6ed46428ec356cd23c7daead84509d6c435593c18c10d3f7a73,tcc-microservices-experiment-order-1,25.45,83319849,1073741824,7.76,3,36.8MB / 23.5MB,10.2MB / 77.8kB
110,2026-09-10T13:02:22.613792+00:00,221,2026-09-10T13:02:22.243374+00:00,false,microservices,product,29c6213fd736f2f39eacd62d62414987bf7f046acb2235bba54e05d502620dbf,tcc-microservices-experiment-product-1,32.88,84064338,1073741824,7.83,3,43.2MB / 22.4MB,14.3MB / 81.9kB
111,2026-09-10T13:02:23.613797+00:00,223,2026-09-10T13:02:23.242248+00:00,false,microservices,auth,0ff0192e2bccdd0a0516c73f7401c14e8e72bbf0832afca33f3b520267ea0db1,tcc-microservices-experiment-auth-1,0.02,79188460,1073741824,7.38,3,45.7kB / 40.3kB,13.1MB / 65.5kB
111,2026-09-10T13:02:23.613797+00:00,223,2026-09-10T13:02:23.242248+00:00,false,microservices,gateway,411281d5d05f61b2e9b46de31dc61df41302bbaf766aad2fd06c9cc36bd30d32,tcc-microservices-experiment-gateway-1,34.85,404121190,536870912,75.28,69,6.26MB / 7.93MB,36.9MB / 61.4MB
111,2026-09-10T13:02:23.613797+00:00,223,2026-09-10T13:02:23.242248+00:00,false,microservices,mysql,893f8250de329e18ed6652c91c4eaee8d40c311ab89ed5b96198e5565d3fb4d3,tcc-microservices-experiment-mysql-1,25.42,391223706,1073741824,36.44,41,32.6MB / 66.3MB,54.1MB / 531MB
111,2026-09-10T13:02:23.613797+00:00,223,2026-09-10T13:02:23.242248+00:00,false,microservices,order,b035e68a7482e6ed46428ec356cd23c7daead84509d6c435593c18c10d3f7a73,tcc-microservices-experiment-order-1,26.58,83644908,1073741824,7.79,3,37MB / 23.6MB,10.2MB / 77.8kB
111,2026-09-10T13:02:23.613797+00:00,223,2026-09-10T13:02:23.242248+00:00,false,microservices,product,29c6213fd736f2f39eacd62d62414987bf7f046acb2235bba54e05d502620dbf,tcc-microservices-experiment-product-1,32.81,83361792,1073741824,7.76,3,43.6MB / 22.6MB,14.3MB / 81.9kB
112,2026-09-10T13:02:24.613811+00:00,225,2026-09-10T13:02:24.242418+00:00,false,microservices,auth,0ff0192e2bccdd0a0516c73f7401c14e8e72bbf0832afca33f3b520267ea0db1,tcc-microservices-experiment-auth-1,0.02,79188460,1073741824,7.38,3,45.7kB / 40.3kB,13.1MB / 65.5kB
112,2026-09-10T13:02:24.613811+00:00,225,2026-09-10T13:02:24.242418+00:00,false,microservices,gateway,411281d5d05f61b2e9b46de31dc61df41302bbaf766aad2fd06c9cc36bd30d32,tcc-microservices-experiment-gateway-1,12.42,404016333,536870912,75.25,69,6.3MB / 7.98MB,36.9MB / 61.4MB
112,2026-09-10T13:02:24.613811+00:00,225,2026-09-10T13:02:24.242418+00:00,false,microservices,mysql,893f8250de329e18ed6652c91c4eaee8d40c311ab89ed5b96198e5565d3fb4d3,tcc-microservices-experiment-mysql-1,29.23,391118848,1073741824,36.43,41,32.8MB / 66.7MB,54.1MB / 533MB
112,2026-09-10T13:02:24.613811+00:00,225,2026-09-10T13:02:24.242418+00:00,false,microservices,order,b035e68a7482e6ed46428ec356cd23c7daead84509d6c435593c18c10d3f7a73,tcc-microservices-experiment-order-1,25.14,83351306,1073741824,7.76,3,37.3MB / 23.7MB,10.2MB / 77.8kB
112,2026-09-10T13:02:24.613811+00:00,225,2026-09-10T13:02:24.242418+00:00,false,microservices,product,29c6213fd736f2f39eacd62d62414987bf7f046acb2235bba54e05d502620dbf,tcc-microservices-experiment-product-1,32.81,83644908,1073741824,7.79,3,43.9MB / 22.7MB,14.3MB / 81.9kB
113,2026-09-10T13:02:25.613790+00:00,227,2026-09-10T13:02:25.242364+00:00,false,microservices,auth,0ff0192e2bccdd0a0516c73f7401c14e8e72bbf0832afca33f3b520267ea0db1,tcc-microservices-experiment-auth-1,0.02,79188460,1073741824,7.38,3,45.7kB / 40.3kB,13.1MB / 65.5kB
113,2026-09-10T13:02:25.613790+00:00,227,2026-09-10T13:02:25.242364+00:00,false,microservices,gateway,411281d5d05f61b2e9b46de31dc61df41302bbaf766aad2fd06c9cc36bd30d32,tcc-microservices-experiment-gateway-1,8.43,404540621,536870912,75.35,69,6.34MB / 8.04MB,37MB / 61.4MB
113,2026-09-10T13:02:25.613790+00:00,227,2026-09-10T13:02:25.242364+00:00,false,microservices,mysql,893f8250de329e18ed6652c91c4eaee8d40c311ab89ed5b96198e5565d3fb4d3,tcc-microservices-experiment-mysql-1,27.07,392167424,1073741824,36.53,41,33MB / 67.2MB,54.1MB / 534MB
113,2026-09-10T13:02:25.613790+00:00,227,2026-09-10T13:02:25.242364+00:00,false,microservices,order,b035e68a7482e6ed46428ec356cd23c7daead84509d6c435593c18c10d3f7a73,tcc-microservices-experiment-order-1,25.16,83340820,1073741824,7.76,3,37.5MB / 23.9MB,10.2MB / 77.8kB
113,2026-09-10T13:02:25.613790+00:00,227,2026-09-10T13:02:25.242364+00:00,false,microservices,product,29c6213fd736f2f39eacd62d62414987bf7f046acb2235bba54e05d502620dbf,tcc-microservices-experiment-product-1,32.54,83099648,1073741824,7.74,3,44.2MB / 22.9MB,14.3MB / 81.9kB
114,2026-09-10T13:02:26.613802+00:00,229,2026-09-10T13:02:26.242455+00:00,false,microservices,auth,0ff0192e2bccdd0a0516c73f7401c14e8e72bbf0832afca33f3b520267ea0db1,tcc-microservices-experiment-auth-1,0.02,79188460,1073741824,7.38,3,45.7kB / 40.3kB,13.1MB / 65.5kB
114,2026-09-10T13:02:26.613802+00:00,229,2026-09-10T13:02:26.242455+00:00,false,microservices,gateway,411281d5d05f61b2e9b46de31dc61df41302bbaf766aad2fd06c9cc36bd30d32,tcc-microservices-experiment-gateway-1,13.56,405064909,536870912,75.45,69,6.38MB / 8.09MB,37.1MB / 61.4MB
114,2026-09-10T13:02:26.613802+00:00,229,2026-09-10T13:02:26.242455+00:00,false,microservices,mysql,893f8250de329e18ed6652c91c4eaee8d40c311ab89ed5b96198e5565d3fb4d3,tcc-microservices-experiment-mysql-1,28.01,391852851,1073741824,36.49,41,33.2MB / 67.6MB,54.1MB / 535MB
114,2026-09-10T13:02:26.613802+00:00,229,2026-09-10T13:02:26.242455+00:00,false,microservices,order,b035e68a7482e6ed46428ec356cd23c7daead84509d6c435593c18c10d3f7a73,tcc-microservices-experiment-order-1,24.58,82921390,1073741824,7.72,3,37.7MB / 24MB,10.2MB / 77.8kB
114,2026-09-10T13:02:26.613802+00:00,229,2026-09-10T13:02:26.242455+00:00,false,microservices,product,29c6213fd736f2f39eacd62d62414987bf7f046acb2235bba54e05d502620dbf,tcc-microservices-experiment-product-1,30.3,82680218,1073741824,7.7,3,44.5MB / 23MB,14.3MB / 81.9kB
115,2026-09-10T13:02:27.613803+00:00,231,2026-09-10T13:02:27.242312+00:00,false,microservices,auth,0ff0192e2bccdd0a0516c73f7401c14e8e72bbf0832afca33f3b520267ea0db1,tcc-microservices-experiment-auth-1,0.02,79188460,1073741824,7.38,3,45.7kB / 40.3kB,13.1MB / 65.5kB
115,2026-09-10T13:02:27.613803+00:00,231,2026-09-10T13:02:27.242312+00:00,false,microservices,gateway,411281d5d05f61b2e9b46de31dc61df41302bbaf766aad2fd06c9cc36bd30d32,tcc-microservices-experiment-gateway-1,16.59,404330906,536870912,75.32,69,6.43MB / 8.15MB,37.1MB / 61.4MB
115,2026-09-10T13:02:27.613803+00:00,231,2026-09-10T13:02:27.242312+00:00,false,microservices,mysql,893f8250de329e18ed6652c91c4eaee8d40c311ab89ed5b96198e5565d3fb4d3,tcc-microservices-experiment-mysql-1,26.12,392167424,1073741824,36.52,41,33.4MB / 68MB,54.1MB / 537MB
115,2026-09-10T13:02:27.613803+00:00,231,2026-09-10T13:02:27.242312+00:00,false,microservices,order,b035e68a7482e6ed46428ec356cd23c7daead84509d6c435593c18c10d3f7a73,tcc-microservices-experiment-order-1,26.04,82868961,1073741824,7.72,3,37.9MB / 24.2MB,10.2MB / 77.8kB
115,2026-09-10T13:02:27.613803+00:00,231,2026-09-10T13:02:27.242312+00:00,false,microservices,product,29c6213fd736f2f39eacd62d62414987bf7f046acb2235bba54e05d502620dbf,tcc-microservices-experiment-product-1,32.01,83277906,1073741824,7.76,3,44.8MB / 23.2MB,14.3MB / 81.9kB
116,2026-09-10T13:02:28.613808+00:00,233,2026-09-10T13:02:28.243258+00:00,false,microservices,auth,0ff0192e2bccdd0a0516c73f7401c14e8e72bbf0832afca33f3b520267ea0db1,tcc-microservices-experiment-auth-1,0.02,79188460,1073741824,7.38,3,45.7kB / 40.3kB,13.1MB / 65.5kB
116,2026-09-10T13:02:28.613808+00:00,233,2026-09-10T13:02:28.243258+00:00,false,microservices,gateway,411281d5d05f61b2e9b46de31dc61df41302bbaf766aad2fd06c9cc36bd30d32,tcc-microservices-experiment-gateway-1,7.54,405484339,536870912,75.52,69,6.47MB / 8.2MB,37.1MB / 61.4MB
116,2026-09-10T13:02:28.613808+00:00,233,2026-09-10T13:02:28.243258+00:00,false,microservices,mysql,893f8250de329e18ed6652c91c4eaee8d40c311ab89ed5b96198e5565d3fb4d3,tcc-microservices-experiment-mysql-1,29.88,391538278,1073741824,36.46,41,33.6MB / 68.4MB,54.1MB / 538MB
116,2026-09-10T13:02:28.613808+00:00,233,2026-09-10T13:02:28.243258+00:00,false,microservices,order,b035e68a7482e6ed46428ec356cd23c7daead84509d6c435593c18c10d3f7a73,tcc-microservices-experiment-order-1,26.08,82816532,1073741824,7.71,3,38.2MB / 24.3MB,10.2MB / 77.8kB
116,2026-09-10T13:02:28.613808+00:00,233,2026-09-10T13:02:28.243258+00:00,false,microservices,product,29c6213fd736f2f39eacd62d62414987bf7f046acb2235bba54e05d502620dbf,tcc-microservices-experiment-product-1,32.24,83204506,1073741824,7.75,3,45.1MB / 23.4MB,14.3MB / 81.9kB
117,2026-09-10T13:02:29.613799+00:00,235,2026-09-10T13:02:29.241411+00:00,false,microservices,auth,0ff0192e2bccdd0a0516c73f7401c14e8e72bbf0832afca33f3b520267ea0db1,tcc-microservices-experiment-auth-1,0.02,79188460,1073741824,7.38,3,45.7kB / 40.3kB,13.1MB / 65.5kB
117,2026-09-10T13:02:29.613799+00:00,235,2026-09-10T13:02:29.241411+00:00,false,microservices,gateway,411281d5d05f61b2e9b46de31dc61df41302bbaf766aad2fd06c9cc36bd30d32,tcc-microservices-experiment-gateway-1,6.86,405694054,536870912,75.57,69,6.52MB / 8.26MB,37.1MB / 61.4MB
117,2026-09-10T13:02:29.613799+00:00,235,2026-09-10T13:02:29.241411+00:00,false,microservices,mysql,893f8250de329e18ed6652c91c4eaee8d40c311ab89ed5b96198e5565d3fb4d3,tcc-microservices-experiment-mysql-1,25.58,392377139,1073741824,36.55,41,33.9MB / 68.9MB,54.1MB / 539MB
117,2026-09-10T13:02:29.613799+00:00,235,2026-09-10T13:02:29.241411+00:00,false,microservices,order,b035e68a7482e6ed46428ec356cd23c7daead84509d6c435593c18c10d3f7a73,tcc-microservices-experiment-order-1,25.43,83194020,1073741824,7.75,3,38.4MB / 24.4MB,10.2MB / 77.8kB
117,2026-09-10T13:02:29.613799+00:00,235,2026-09-10T13:02:29.241411+00:00,false,microservices,product,29c6213fd736f2f39eacd62d62414987bf7f046acb2235bba54e05d502620dbf,tcc-microservices-experiment-product-1,33.13,83026248,1073741824,7.73,3,45.4MB / 23.5MB,14.3MB / 81.9kB
118,2026-09-10T13:02:30.613794+00:00,237,2026-09-10T13:02:30.243213+00:00,false,microservices,auth,0ff0192e2bccdd0a0516c73f7401c14e8e72bbf0832afca33f3b520267ea0db1,tcc-microservices-experiment-auth-1,0.02,79188460,1073741824,7.38,3,45.7kB / 40.3kB,13.1MB / 65.5kB
118,2026-09-10T13:02:30.613794+00:00,237,2026-09-10T13:02:30.243213+00:00,false,microservices,gateway,411281d5d05f61b2e9b46de31dc61df41302bbaf766aad2fd06c9cc36bd30d32,tcc-microservices-experiment-gateway-1,6.8,405274624,536870912,75.49,69,6.56MB / 8.31MB,37.1MB / 61.4MB
118,2026-09-10T13:02:30.613794+00:00,237,2026-09-10T13:02:30.243213+00:00,false,microservices,mysql,893f8250de329e18ed6652c91c4eaee8d40c311ab89ed5b96198e5565d3fb4d3,tcc-microservices-experiment-mysql-1,28.7,392272282,1073741824,36.54,41,34.1MB / 69.3MB,54.2MB / 541MB
118,2026-09-10T13:02:30.613794+00:00,237,2026-09-10T13:02:30.243213+00:00,false,microservices,order,b035e68a7482e6ed46428ec356cd23c7daead84509d6c435593c18c10d3f7a73,tcc-microservices-experiment-order-1,26.19,82994790,1073741824,7.73,3,38.6MB / 24.6MB,10.2MB / 77.8kB
118,2026-09-10T13:02:30.613794+00:00,237,2026-09-10T13:02:30.243213+00:00,false,microservices,product,29c6213fd736f2f39eacd62d62414987bf7f046acb2235bba54e05d502620dbf,tcc-microservices-experiment-product-1,32.54,82543903,1073741824,7.69,3,45.7MB / 23.7MB,14.3MB / 81.9kB
119,2026-09-10T13:02:31.613776+00:00,239,2026-09-10T13:02:31.241271+00:00,false,microservices,auth,0ff0192e2bccdd0a0516c73f7401c14e8e72bbf0832afca33f3b520267ea0db1,tcc-microservices-experiment-auth-1,0.01,79188460,1073741824,7.38,3,45.7kB / 40.3kB,13.1MB / 65.5kB
119,2026-09-10T13:02:31.613776+00:00,239,2026-09-10T13:02:31.241271+00:00,false,microservices,gateway,411281d5d05f61b2e9b46de31dc61df41302bbaf766aad2fd06c9cc36bd30d32,tcc-microservices-experiment-gateway-1,5.82,404016333,536870912,75.26,69,6.6MB / 8.37MB,37.1MB / 61.4MB
119,2026-09-10T13:02:31.613776+00:00,239,2026-09-10T13:02:31.241271+00:00,false,microservices,mysql,893f8250de329e18ed6652c91c4eaee8d40c311ab89ed5b96198e5565d3fb4d3,tcc-microservices-experiment-mysql-1,25.66,392901427,1073741824,36.59,41,34.3MB / 69.8MB,54.2MB / 542MB
119,2026-09-10T13:02:31.613776+00:00,239,2026-09-10T13:02:31.241271+00:00,false,microservices,order,b035e68a7482e6ed46428ec356cd23c7daead84509d6c435593c18c10d3f7a73,tcc-microservices-experiment-order-1,26.59,83959480,1073741824,7.82,3,38.8MB / 24.7MB,10.2MB / 77.8kB
119,2026-09-10T13:02:31.613776+00:00,239,2026-09-10T13:02:31.241271+00:00,false,microservices,product,29c6213fd736f2f39eacd62d62414987bf7f046acb2235bba54e05d502620dbf,tcc-microservices-experiment-product-1,32.24,83948995,1073741824,7.82,3,46MB / 23.9MB,14.3MB / 81.9kB
120,2026-09-10T13:02:32.613801+00:00,241,2026-09-10T13:02:32.242292+00:00,false,microservices,auth,0ff0192e2bccdd0a0516c73f7401c14e8e72bbf0832afca33f3b520267ea0db1,tcc-microservices-experiment-auth-1,0.02,79188460,1073741824,7.38,3,45.7kB / 40.3kB,13.1MB / 65.5kB
120,2026-09-10T13:02:32.613801+00:00,241,2026-09-10T13:02:32.242292+00:00,false,microservices,gateway,411281d5d05f61b2e9b46de31dc61df41302bbaf766aad2fd06c9cc36bd30d32,tcc-microservices-experiment-gateway-1,6.7,404016333,536870912,75.25,69,6.65MB / 8.43MB,37.1MB / 61.4MB
120,2026-09-10T13:02:32.613801+00:00,241,2026-09-10T13:02:32.242292+00:00,false,microservices,mysql,893f8250de329e18ed6652c91c4eaee8d40c311ab89ed5b96198e5565d3fb4d3,tcc-microservices-experiment-mysql-1,30.39,391013990,1073741824,36.41,41,34.5MB / 70.2MB,54.2MB / 544MB
120,2026-09-10T13:02:32.613801+00:00,241,2026-09-10T13:02:32.242292+00:00,false,microservices,order,b035e68a7482e6ed46428ec356cd23c7daead84509d6c435593c18c10d3f7a73,tcc-microservices-experiment-order-1,26.41,83655393,1073741824,7.79,3,39.1MB / 24.9MB,10.2MB / 77.8kB
120,2026-09-10T13:02:32.613801+00:00,241,2026-09-10T13:02:32.242292+00:00,false,microservices,product,29c6213fd736f2f39eacd62d62414987bf7f046acb2235bba54e05d502620dbf,tcc-microservices-experiment-product-1,32.29,83214991,1073741824,7.75,3,46.3MB / 24MB,14.3MB / 81.9kB
