sample_index,captured_at_utc,docker_refresh_sequence,docker_refresh_captured_at_utc,docker_refresh_reused,architecture,service,container_id,container_name,cpu_percent,memory_used_bytes,memory_limit_bytes,memory_percent,pids,network_io,block_io
1,2026-09-10T10:32:15.556534+00:00,3,2026-09-10T10:32:15.185374+00:00,false,microservices,auth,bc483827664f607d16ec8d1028c5eaf95a4b78241f89341537406b2b3ff3d13b,tcc-microservices-experiment-auth-1,0.03,79356232,1073741824,7.39,3,45.5kB / 40.3kB,12.1MB / 65.5kB
1,2026-09-10T10:32:15.556534+00:00,3,2026-09-10T10:32:15.185374+00:00,false,microservices,gateway,7b1746dd9455cfc12d23e4053048393f167eed983a0ff00da8e632fc5e88090e,tcc-microservices-experiment-gateway-1,0.18,476472934,536870912,88.74,82,8.13MB / 10.7MB,38.2MB / 184kB
1,2026-09-10T10:32:15.556534+00:00,3,2026-09-10T10:32:15.185374+00:00,false,microservices,mysql,755141645df04160459de2ab6785c26714e98cb892b67f7ef42b724d17f64490,tcc-microservices-experiment-mysql-1,0.8,534144614,1073741824,49.74,40,11.4MB / 30.4MB,46.4MB / 122MB
1,2026-09-10T10:32:15.556534+00:00,3,2026-09-10T10:32:15.185374+00:00,false,microservices,order,f2d39b0e8b9161f0182e5df55353bfdb074ce3d1675d58bab0a31906d62e976e,tcc-microservices-experiment-order-1,0.02,78108426,1073741824,7.27,3,35.6MB / 16.2MB,7.05MB / 77.8kB
1,2026-09-10T10:32:15.556534+00:00,3,2026-09-10T10:32:15.185374+00:00,false,microservices,product,100faf2f87c2e15ed43e34c330327e776f1c8c73339100c02b1f52e14b7f66db,tcc-microservices-experiment-product-1,0.02,78716600,1073741824,7.33,3,416kB / 282kB,11.8MB / 81.9kB
2,2026-09-10T10:32:16.556513+00:00,5,2026-09-10T10:32:16.186661+00:00,false,microservices,auth,bc483827664f607d16ec8d1028c5eaf95a4b78241f89341537406b2b3ff3d13b,tcc-microservices-experiment-auth-1,0.02,79356232,1073741824,7.39,3,45.5kB / 40.3kB,12.1MB / 65.5kB
2,2026-09-10T10:32:16.556513+00:00,5,2026-09-10T10:32:16.186661+00:00,false,microservices,gateway,7b1746dd9455cfc12d23e4053048393f167eed983a0ff00da8e632fc5e88090e,tcc-microservices-experiment-gateway-1,0.15,476472934,536870912,88.74,82,8.13MB / 10.7MB,38.2MB / 184kB
2,2026-09-10T10:32:16.556513+00:00,5,2026-09-10T10:32:16.186661+00:00,false,microservices,mysql,755141645df04160459de2ab6785c26714e98cb892b67f7ef42b724d17f64490,tcc-microservices-experiment-mysql-1,3.67,541694362,1073741824,50.45,41,11.4MB / 30.4MB,46.4MB / 122MB
2,2026-09-10T10:32:16.556513+00:00,5,2026-09-10T10:32:16.186661+00:00,false,microservices,order,f2d39b0e8b9161f0182e5df55353bfdb074ce3d1675d58bab0a31906d62e976e,tcc-microservices-experiment-order-1,0.02,77856768,1073741824,7.25,3,35.6MB / 16.2MB,7.05MB / 77.8kB
2,2026-09-10T10:32:16.556513+00:00,5,2026-09-10T10:32:16.186661+00:00,false,microservices,product,100faf2f87c2e15ed43e34c330327e776f1c8c73339100c02b1f52e14b7f66db,tcc-microservices-experiment-product-1,0.02,78716600,1073741824,7.33,3,416kB / 282kB,11.8MB / 81.9kB
3,2026-09-10T10:32:17.556521+00:00,7,2026-09-10T10:32:17.186761+00:00,false,microservices,auth,bc483827664f607d16ec8d1028c5eaf95a4b78241f89341537406b2b3ff3d13b,tcc-microservices-experiment-auth-1,0.03,79356232,1073741824,7.39,3,45.5kB / 40.3kB,12.1MB / 65.5kB
3,2026-09-10T10:32:17.556521+00:00,7,2026-09-10T10:32:17.186761+00:00,false,microservices,gateway,7b1746dd9455cfc12d23e4053048393f167eed983a0ff00da8e632fc5e88090e,tcc-microservices-experiment-gateway-1,93.54,479618662,536870912,89.34,82,8.29MB / 10.9MB,38.2MB / 184kB
3,2026-09-10T10:32:17.556521+00:00,7,2026-09-10T10:32:17.186761+00:00,false,microservices,mysql,755141645df04160459de2ab6785c26714e98cb892b67f7ef42b724d17f64490,tcc-microservices-experiment-mysql-1,12.21,534459187,1073741824,49.77,40,11.5MB / 30.6MB,46.4MB / 122MB
3,2026-09-10T10:32:17.556521+00:00,7,2026-09-10T10:32:17.186761+00:00,false,microservices,order,f2d39b0e8b9161f0182e5df55353bfdb074ce3d1675d58bab0a31906d62e976e,tcc-microservices-experiment-order-1,42.18,79670804,1073741824,7.42,3,36MB / 16.3MB,7.05MB / 77.8kB
3,2026-09-10T10:32:17.556521+00:00,7,2026-09-10T10:32:17.186761+00:00,false,microservices,product,100faf2f87c2e15ed43e34c330327e776f1c8c73339100c02b1f52e14b7f66db,tcc-microservices-experiment-product-1,0.02,78716600,1073741824,7.33,3,416kB / 282kB,11.8MB / 81.9kB
4,2026-09-10T10:32:18.556510+00:00,9,2026-09-10T10:32:18.185913+00:00,false,microservices,auth,bc483827664f607d16ec8d1028c5eaf95a4b78241f89341537406b2b3ff3d13b,tcc-microservices-experiment-auth-1,0.02,79356232,1073741824,7.39,3,45.5kB / 40.3kB,12.1MB / 65.5kB
4,2026-09-10T10:32:18.556510+00:00,9,2026-09-10T10:32:18.185913+00:00,false,microservices,gateway,7b1746dd9455cfc12d23e4053048393f167eed983a0ff00da8e632fc5e88090e,tcc-microservices-experiment-gateway-1,89.08,479408947,536870912,89.3,82,8.51MB / 11.2MB,38.2MB / 184kB
4,2026-09-10T10:32:18.556510+00:00,9,2026-09-10T10:32:18.185913+00:00,false,microservices,mysql,755141645df04160459de2ab6785c26714e98cb892b67f7ef42b724d17f64490,tcc-microservices-experiment-mysql-1,20.4,535193190,1073741824,49.85,40,11.7MB / 31.2MB,46.4MB / 122MB
4,2026-09-10T10:32:18.556510+00:00,9,2026-09-10T10:32:18.185913+00:00,false,microservices,order,f2d39b0e8b9161f0182e5df55353bfdb074ce3d1675d58bab0a31906d62e976e,tcc-microservices-experiment-order-1,84.77,80583066,1073741824,7.5,3,36.7MB / 16.6MB,7.05MB / 77.8kB
4,2026-09-10T10:32:18.556510+00:00,9,2026-09-10T10:32:18.185913+00:00,false,microservices,product,100faf2f87c2e15ed43e34c330327e776f1c8c73339100c02b1f52e14b7f66db,tcc-microservices-experiment-product-1,0.02,78716600,1073741824,7.33,3,416kB / 282kB,11.8MB / 81.9kB
5,2026-09-10T10:32:19.556516+00:00,11,2026-09-10T10:32:19.185402+00:00,false,microservices,auth,bc483827664f607d16ec8d1028c5eaf95a4b78241f89341537406b2b3ff3d13b,tcc-microservices-experiment-auth-1,0.02,79356232,1073741824,7.39,3,45.5kB / 40.3kB,12.1MB / 65.5kB
5,2026-09-10T10:32:19.556516+00:00,11,2026-09-10T10:32:19.185402+00:00,false,microservices,gateway,7b1746dd9455cfc12d23e4053048393f167eed983a0ff00da8e632fc5e88090e,tcc-microservices-experiment-gateway-1,55.76,480247808,536870912,89.46,82,8.78MB / 11.5MB,38.2MB / 197kB
5,2026-09-10T10:32:19.556516+00:00,11,2026-09-10T10:32:19.185402+00:00,false,microservices,mysql,755141645df04160459de2ab6785c26714e98cb892b67f7ef42b724d17f64490,tcc-microservices-experiment-mysql-1,26.25,534983475,1073741824,49.83,40,11.9MB / 32MB,46.4MB / 122MB
5,2026-09-10T10:32:19.556516+00:00,11,2026-09-10T10:32:19.185402+00:00,false,microservices,order,f2d39b0e8b9161f0182e5df55353bfdb074ce3d1675d58bab0a31906d62e976e,tcc-microservices-experiment-order-1,83.8,80331407,1073741824,7.48,3,37.7MB / 17MB,7.05MB / 77.8kB
5,2026-09-10T10:32:19.556516+00:00,11,2026-09-10T10:32:19.185402+00:00,false,microservices,product,100faf2f87c2e15ed43e34c330327e776f1c8c73339100c02b1f52e14b7f66db,tcc-microservices-experiment-product-1,0.02,78716600,1073741824,7.33,3,416kB / 282kB,11.8MB / 81.9kB
6,2026-09-10T10:32:20.556531+00:00,13,2026-09-10T10:32:20.186332+00:00,false,microservices,auth,bc483827664f607d16ec8d1028c5eaf95a4b78241f89341537406b2b3ff3d13b,tcc-microservices-experiment-auth-1,0.02,79356232,1073741824,7.39,3,45.5kB / 40.3kB,12.1MB / 65.5kB
6,2026-09-10T10:32:20.556531+00:00,13,2026-09-10T10:32:20.186332+00:00,false,microservices,gateway,7b1746dd9455cfc12d23e4053048393f167eed983a0ff00da8e632fc5e88090e,tcc-microservices-experiment-gateway-1,98.47,480038093,536870912,89.42,82,9.04MB / 11.9MB,38.2MB / 197kB
6,2026-09-10T10:32:20.556531+00:00,13,2026-09-10T10:32:20.186332+00:00,false,microservices,mysql,755141645df04160459de2ab6785c26714e98cb892b67f7ef42b724d17f64490,tcc-microservices-experiment-mysql-1,21.33,534564045,1073741824,49.79,40,12.1MB / 32.8MB,46.4MB / 122MB
6,2026-09-10T10:32:20.556531+00:00,13,2026-09-10T10:32:20.186332+00:00,false,microservices,order,f2d39b0e8b9161f0182e5df55353bfdb074ce3d1675d58bab0a31906d62e976e,tcc-microservices-experiment-order-1,83.68,80635494,1073741824,7.51,3,38.7MB / 17.4MB,7.05MB / 77.8kB
6,2026-09-10T10:32:20.556531+00:00,13,2026-09-10T10:32:20.186332+00:00,false,microservices,product,100faf2f87c2e15ed43e34c330327e776f1c8c73339100c02b1f52e14b7f66db,tcc-microservices-experiment-product-1,0.02,78716600,1073741824,7.33,3,416kB / 282kB,11.8MB / 81.9kB
7,2026-09-10T10:32:21.556531+00:00,15,2026-09-10T10:32:21.185346+00:00,false,microservices,auth,bc483827664f607d16ec8d1028c5eaf95a4b78241f89341537406b2b3ff3d13b,tcc-microservices-experiment-auth-1,0.02,79356232,1073741824,7.39,3,45.5kB / 40.3kB,12.1MB / 65.5kB
7,2026-09-10T10:32:21.556531+00:00,15,2026-09-10T10:32:21.185346+00:00,false,microservices,gateway,7b1746dd9455cfc12d23e4053048393f167eed983a0ff00da8e632fc5e88090e,tcc-microservices-experiment-gateway-1,77.79,480247808,536870912,89.44,82,9.33MB / 12.3MB,38.2MB / 197kB
7,2026-09-10T10:32:21.556531+00:00,15,2026-09-10T10:32:21.185346+00:00,false,microservices,mysql,755141645df04160459de2ab6785c26714e98cb892b67f7ef42b724d17f64490,tcc-microservices-experiment-mysql-1,25.89,534878618,1073741824,49.81,40,12.4MB / 33.7MB,46.4MB / 122MB
7,2026-09-10T10:32:21.556531+00:00,15,2026-09-10T10:32:21.185346+00:00,false,microservices,order,f2d39b0e8b9161f0182e5df55353bfdb074ce3d1675d58bab0a31906d62e976e,tcc-microservices-experiment-order-1,83.4,81526784,1073741824,7.59,3,39.7MB / 17.8MB,7.05MB / 77.8kB
7,2026-09-10T10:32:21.556531+00:00,15,2026-09-10T10:32:21.185346+00:00,false,microservices,product,100faf2f87c2e15ed43e34c330327e776f1c8c73339100c02b1f52e14b7f66db,tcc-microservices-experiment-product-1,0.02,78716600,1073741824,7.33,3,416kB / 282kB,11.8MB / 81.9kB
8,2026-09-10T10:32:22.556545+00:00,17,2026-09-10T10:32:22.185476+00:00,false,microservices,auth,bc483827664f607d16ec8d1028c5eaf95a4b78241f89341537406b2b3ff3d13b,tcc-microservices-experiment-auth-1,0.01,79356232,1073741824,7.39,3,45.5kB / 40.3kB,12.1MB / 65.5kB
8,2026-09-10T10:32:22.556545+00:00,17,2026-09-10T10:32:22.185476+00:00,false,microservices,gateway,7b1746dd9455cfc12d23e4053048393f167eed983a0ff00da8e632fc5e88090e,tcc-microservices-experiment-gateway-1,44.95,480142950,536870912,89.44,82,9.61MB / 12.6MB,38.2MB / 197kB
8,2026-09-10T10:32:22.556545+00:00,17,2026-09-10T10:32:22.185476+00:00,false,microservices,mysql,755141645df04160459de2ab6785c26714e98cb892b67f7ef42b724d17f64490,tcc-microservices-experiment-mysql-1,22.06,535507763,1073741824,49.87,40,12.6MB / 34.5MB,46.4MB / 122MB
8,2026-09-10T10:32:22.556545+00:00,17,2026-09-10T10:32:22.185476+00:00,false,microservices,order,f2d39b0e8b9161f0182e5df55353bfdb074ce3d1675d58bab0a31906d62e976e,tcc-microservices-experiment-order-1,82.48,80887153,1073741824,7.53,3,40.8MB / 18.2MB,7.05MB / 77.8kB
8,2026-09-10T10:32:22.556545+00:00,17,2026-09-10T10:32:22.185476+00:00,false,microservices,product,100faf2f87c2e15ed43e34c330327e776f1c8c73339100c02b1f52e14b7f66db,tcc-microservices-experiment-product-1,0.02,78716600,1073741824,7.33,3,416kB / 282kB,11.8MB / 81.9kB
9,2026-09-10T10:32:23.556528+00:00,19,2026-09-10T10:32:23.185448+00:00,false,microservices,auth,bc483827664f607d16ec8d1028c5eaf95a4b78241f89341537406b2b3ff3d13b,tcc-microservices-experiment-auth-1,0.02,79356232,1073741824,7.39,3,45.5kB / 40.3kB,12.1MB / 65.5kB
9,2026-09-10T10:32:23.556528+00:00,19,2026-09-10T10:32:23.185448+00:00,false,microservices,gateway,7b1746dd9455cfc12d23e4053048393f167eed983a0ff00da8e632fc5e88090e,tcc-microservices-experiment-gateway-1,61.59,480038093,536870912,89.42,82,9.88MB / 13MB,38.2MB / 197kB
9,2026-09-10T10:32:23.556528+00:00,19,2026-09-10T10:32:23.185448+00:00,false,microservices,mysql,755141645df04160459de2ab6785c26714e98cb892b67f7ef42b724d17f64490,tcc-microservices-experiment-mysql-1,26.57,535402906,1073741824,49.86,40,12.8MB / 35.3MB,46.4MB / 122MB
9,2026-09-10T10:32:23.556528+00:00,19,2026-09-10T10:32:23.185448+00:00,false,microservices,order,f2d39b0e8b9161f0182e5df55353bfdb074ce3d1675d58bab0a31906d62e976e,tcc-microservices-experiment-order-1,82.84,80383836,1073741824,7.49,3,41.8MB / 18.6MB,7.05MB / 77.8kB
9,2026-09-10T10:32:23.556528+00:00,19,2026-09-10T10:32:23.185448+00:00,false,microservices,product,100faf2f87c2e15ed43e34c330327e776f1c8c73339100c02b1f52e14b7f66db,tcc-microservices-experiment-product-1,0.02,78716600,1073741824,7.33,3,416kB / 282kB,11.8MB / 81.9kB
10,2026-09-10T10:32:24.556526+00:00,21,2026-09-10T10:32:24.185573+00:00,false,microservices,auth,bc483827664f607d16ec8d1028c5eaf95a4b78241f89341537406b2b3ff3d13b,tcc-microservices-experiment-auth-1,0.02,79356232,1073741824,7.39,3,45.5kB / 40.3kB,12.1MB / 65.5kB
10,2026-09-10T10:32:24.556526+00:00,21,2026-09-10T10:32:24.185573+00:00,false,microservices,gateway,7b1746dd9455cfc12d23e4053048393f167eed983a0ff00da8e632fc5e88090e,tcc-microservices-experiment-gateway-1,79.94,480667238,536870912,89.52,82,10.2MB / 13.4MB,38.2MB / 197kB
10,2026-09-10T10:32:24.556526+00:00,21,2026-09-10T10:32:24.185573+00:00,false,microservices,mysql,755141645df04160459de2ab6785c26714e98cb892b67f7ef42b724d17f64490,tcc-microservices-experiment-mysql-1,21.9,534668902,1073741824,49.79,40,13.1MB / 36.2MB,46.4MB / 122MB
10,2026-09-10T10:32:24.556526+00:00,21,2026-09-10T10:32:24.185573+00:00,false,microservices,order,f2d39b0e8b9161f0182e5df55353bfdb074ce3d1675d58bab0a31906d62e976e,tcc-microservices-experiment-order-1,83.33,81327555,1073741824,7.57,3,42.8MB / 19.1MB,7.05MB / 77.8kB
10,2026-09-10T10:32:24.556526+00:00,21,2026-09-10T10:32:24.185573+00:00,false,microservices,product,100faf2f87c2e15ed43e34c330327e776f1c8c73339100c02b1f52e14b7f66db,tcc-microservices-experiment-product-1,0.02,78716600,1073741824,7.33,3,416kB / 282kB,11.8MB / 81.9kB
11,2026-09-10T10:32:25.556538+00:00,23,2026-09-10T10:32:25.186420+00:00,false,microservices,auth,bc483827664f607d16ec8d1028c5eaf95a4b78241f89341537406b2b3ff3d13b,tcc-microservices-experiment-auth-1,0.02,79356232,1073741824,7.39,3,45.5kB / 40.3kB,12.1MB / 65.5kB
11,2026-09-10T10:32:25.556538+00:00,23,2026-09-10T10:32:25.186420+00:00,false,microservices,gateway,7b1746dd9455cfc12d23e4053048393f167eed983a0ff00da8e632fc5e88090e,tcc-microservices-experiment-gateway-1,43.16,481296384,536870912,89.65,82,10.4MB / 13.7MB,38.2MB / 197kB
11,2026-09-10T10:32:25.556538+00:00,23,2026-09-10T10:32:25.186420+00:00,false,microservices,mysql,755141645df04160459de2ab6785c26714e98cb892b67f7ef42b724d17f64490,tcc-microservices-experiment-mysql-1,26.27,534878618,1073741824,49.81,40,13.3MB / 37.1MB,46.4MB / 122MB
11,2026-09-10T10:32:25.556538+00:00,23,2026-09-10T10:32:25.186420+00:00,false,microservices,order,f2d39b0e8b9161f0182e5df55353bfdb074ce3d1675d58bab0a31906d62e976e,tcc-microservices-experiment-order-1,83.05,81400955,1073741824,7.58,3,43.9MB / 19.5MB,7.05MB / 77.8kB
11,2026-09-10T10:32:25.556538+00:00,23,2026-09-10T10:32:25.186420+00:00,false,microservices,product,100faf2f87c2e15ed43e34c330327e776f1c8c73339100c02b1f52e14b7f66db,tcc-microservices-experiment-product-1,0.02,78716600,1073741824,7.33,3,416kB / 282kB,11.8MB / 81.9kB
12,2026-09-10T10:32:26.556536+00:00,25,2026-09-10T10:32:26.185315+00:00,false,microservices,auth,bc483827664f607d16ec8d1028c5eaf95a4b78241f89341537406b2b3ff3d13b,tcc-microservices-experiment-auth-1,0.02,79356232,1073741824,7.39,3,45.5kB / 40.3kB,12.1MB / 65.5kB
12,2026-09-10T10:32:26.556536+00:00,25,2026-09-10T10:32:26.185315+00:00,false,microservices,gateway,7b1746dd9455cfc12d23e4053048393f167eed983a0ff00da8e632fc5e88090e,tcc-microservices-experiment-gateway-1,51.99,480981811,536870912,89.6,82,10.7MB / 14.1MB,38.2MB / 197kB
12,2026-09-10T10:32:26.556536+00:00,25,2026-09-10T10:32:26.185315+00:00,false,microservices,mysql,755141645df04160459de2ab6785c26714e98cb892b67f7ef42b724d17f64490,tcc-microservices-experiment-mysql-1,22.88,535402906,1073741824,49.87,40,13.6MB / 37.9MB,46.4MB / 122MB
12,2026-09-10T10:32:26.556536+00:00,25,2026-09-10T10:32:26.185315+00:00,false,microservices,order,f2d39b0e8b9161f0182e5df55353bfdb074ce3d1675d58bab0a31906d62e976e,tcc-microservices-experiment-order-1,82.21,80992010,1073741824,7.54,3,44.9MB / 19.9MB,7.05MB / 77.8kB
12,2026-09-10T10:32:26.556536+00:00,25,2026-09-10T10:32:26.185315+00:00,false,microservices,product,100faf2f87c2e15ed43e34c330327e776f1c8c73339100c02b1f52e14b7f66db,tcc-microservices-experiment-product-1,0.02,78716600,1073741824,7.33,3,416kB / 282kB,11.8MB / 81.9kB
13,2026-09-10T10:32:27.556544+00:00,27,2026-09-10T10:32:27.186253+00:00,false,microservices,auth,bc483827664f607d16ec8d1028c5eaf95a4b78241f89341537406b2b3ff3d13b,tcc-microservices-experiment-auth-1,0.02,79356232,1073741824,7.39,3,45.5kB / 40.3kB,12.1MB / 65.5kB
13,2026-09-10T10:32:27.556544+00:00,27,2026-09-10T10:32:27.186253+00:00,false,microservices,gateway,7b1746dd9455cfc12d23e4053048393f167eed983a0ff00da8e632fc5e88090e,tcc-microservices-experiment-gateway-1,71.39,481506099,536870912,89.68,82,11MB / 14.5MB,38.2MB / 197kB
13,2026-09-10T10:32:27.556544+00:00,27,2026-09-10T10:32:27.186253+00:00,false,microservices,mysql,755141645df04160459de2ab6785c26714e98cb892b67f7ef42b724d17f64490,tcc-microservices-experiment-mysql-1,26.78,534354330,1073741824,49.77,40,13.8MB / 38.8MB,46.4MB / 122MB
13,2026-09-10T10:32:27.556544+00:00,27,2026-09-10T10:32:27.186253+00:00,false,microservices,order,f2d39b0e8b9161f0182e5df55353bfdb074ce3d1675d58bab0a31906d62e976e,tcc-microservices-experiment-order-1,82.33,81222697,1073741824,7.56,3,46MB / 20.3MB,7.05MB / 77.8kB
13,2026-09-10T10:32:27.556544+00:00,27,2026-09-10T10:32:27.186253+00:00,false,microservices,product,100faf2f87c2e15ed43e34c330327e776f1c8c73339100c02b1f52e14b7f66db,tcc-microservices-experiment-product-1,0.02,78716600,1073741824,7.33,3,416kB / 282kB,11.8MB / 81.9kB
14,2026-09-10T10:32:28.556527+00:00,29,2026-09-10T10:32:28.185149+00:00,false,microservices,auth,bc483827664f607d16ec8d1028c5eaf95a4b78241f89341537406b2b3ff3d13b,tcc-microservices-experiment-auth-1,0.02,79356232,1073741824,7.39,3,45.5kB / 40.3kB,12.1MB / 65.5kB
14,2026-09-10T10:32:28.556527+00:00,29,2026-09-10T10:32:28.185149+00:00,false,microservices,gateway,7b1746dd9455cfc12d23e4053048393f167eed983a0ff00da8e632fc5e88090e,tcc-microservices-experiment-gateway-1,94.03,481820672,536870912,89.74,82,11.3MB / 14.8MB,38.2MB / 197kB
14,2026-09-10T10:32:28.556527+00:00,29,2026-09-10T10:32:28.185149+00:00,false,microservices,mysql,755141645df04160459de2ab6785c26714e98cb892b67f7ef42b724d17f64490,tcc-microservices-experiment-mysql-1,22.83,534564045,1073741824,49.79,40,14MB / 39.6MB,46.4MB / 122MB
14,2026-09-10T10:32:28.556527+00:00,29,2026-09-10T10:32:28.185149+00:00,false,microservices,order,f2d39b0e8b9161f0182e5df55353bfdb074ce3d1675d58bab0a31906d62e976e,tcc-microservices-experiment-order-1,82.19,81233183,1073741824,7.57,3,47.1MB / 20.7MB,7.05MB / 77.8kB
14,2026-09-10T10:32:28.556527+00:00,29,2026-09-10T10:32:28.185149+00:00,false,microservices,product,100faf2f87c2e15ed43e34c330327e776f1c8c73339100c02b1f52e14b7f66db,tcc-microservices-experiment-product-1,0.02,78716600,1073741824,7.33,3,416kB / 282kB,11.8MB / 81.9kB
15,2026-09-10T10:32:29.556511+00:00,31,2026-09-10T10:32:29.186257+00:00,false,microservices,auth,bc483827664f607d16ec8d1028c5eaf95a4b78241f89341537406b2b3ff3d13b,tcc-microservices-experiment-auth-1,0.02,79356232,1073741824,7.39,3,45.5kB / 40.3kB,12.1MB / 65.5kB
15,2026-09-10T10:32:29.556511+00:00,31,2026-09-10T10:32:29.186257+00:00,false,microservices,gateway,7b1746dd9455cfc12d23e4053048393f167eed983a0ff00da8e632fc5e88090e,tcc-microservices-experiment-gateway-1,71.12,481506099,536870912,89.69,82,11.6MB / 15.2MB,38.2MB / 197kB
15,2026-09-10T10:32:29.556511+00:00,31,2026-09-10T10:32:29.186257+00:00,false,microservices,mysql,755141645df04160459de2ab6785c26714e98cb892b67f7ef42b724d17f64490,tcc-microservices-experiment-mysql-1,26.98,534983475,1073741824,49.82,40,14.3MB / 40.5MB,46.4MB / 122MB
15,2026-09-10T10:32:29.556511+00:00,31,2026-09-10T10:32:29.186257+00:00,false,microservices,order,f2d39b0e8b9161f0182e5df55353bfdb074ce3d1675d58bab0a31906d62e976e,tcc-microservices-experiment-order-1,82.01,81033953,1073741824,7.55,3,48.1MB / 21.2MB,7.05MB / 77.8kB
15,2026-09-10T10:32:29.556511+00:00,31,2026-09-10T10:32:29.186257+00:00,false,microservices,product,100faf2f87c2e15ed43e34c330327e776f1c8c73339100c02b1f52e14b7f66db,tcc-microservices-experiment-product-1,0.02,78716600,1073741824,7.33,3,416kB / 282kB,11.8MB / 81.9kB
16,2026-09-10T10:32:30.556505+00:00,33,2026-09-10T10:32:30.185079+00:00,false,microservices,auth,bc483827664f607d16ec8d1028c5eaf95a4b78241f89341537406b2b3ff3d13b,tcc-microservices-experiment-auth-1,0.01,79356232,1073741824,7.39,3,45.5kB / 40.3kB,12.1MB / 65.5kB
16,2026-09-10T10:32:30.556505+00:00,33,2026-09-10T10:32:30.185079+00:00,false,microservices,gateway,7b1746dd9455cfc12d23e4053048393f167eed983a0ff00da8e632fc5e88090e,tcc-microservices-experiment-gateway-1,47.6,481401242,536870912,89.66,82,11.9MB / 15.6MB,38.2MB / 197kB
16,2026-09-10T10:32:30.556505+00:00,33,2026-09-10T10:32:30.185079+00:00,false,microservices,mysql,755141645df04160459de2ab6785c26714e98cb892b67f7ef42b724d17f64490,tcc-microservices-experiment-mysql-1,22.3,534668902,1073741824,49.79,40,14.5MB / 41.4MB,46.4MB / 122MB
16,2026-09-10T10:32:30.556505+00:00,33,2026-09-10T10:32:30.185079+00:00,false,microservices,order,f2d39b0e8b9161f0182e5df55353bfdb074ce3d1675d58bab0a31906d62e976e,tcc-microservices-experiment-order-1,82.56,81317069,1073741824,7.57,3,49.2MB / 21.6MB,7.05MB / 77.8kB
16,2026-09-10T10:32:30.556505+00:00,33,2026-09-10T10:32:30.185079+00:00,false,microservices,product,100faf2f87c2e15ed43e34c330327e776f1c8c73339100c02b1f52e14b7f66db,tcc-microservices-experiment-product-1,0.02,78716600,1073741824,7.33,3,416kB / 282kB,11.8MB / 81.9kB
17,2026-09-10T10:32:31.556527+00:00,35,2026-09-10T10:32:31.185555+00:00,false,microservices,auth,bc483827664f607d16ec8d1028c5eaf95a4b78241f89341537406b2b3ff3d13b,tcc-microservices-experiment-auth-1,0.02,79356232,1073741824,7.39,3,45.5kB / 40.3kB,12.1MB / 65.5kB
17,2026-09-10T10:32:31.556527+00:00,35,2026-09-10T10:32:31.185555+00:00,false,microservices,gateway,7b1746dd9455cfc12d23e4053048393f167eed983a0ff00da8e632fc5e88090e,tcc-microservices-experiment-gateway-1,39.99,482135245,536870912,89.8,82,12.1MB / 16MB,38.2MB / 197kB
17,2026-09-10T10:32:31.556527+00:00,35,2026-09-10T10:32:31.185555+00:00,false,microservices,mysql,755141645df04160459de2ab6785c26714e98cb892b67f7ef42b724d17f64490,tcc-microservices-experiment-mysql-1,25.99,534983475,1073741824,49.83,40,14.8MB / 42.3MB,46.4MB / 122MB
17,2026-09-10T10:32:31.556527+00:00,35,2026-09-10T10:32:31.185555+00:00,false,microservices,order,f2d39b0e8b9161f0182e5df55353bfdb074ce3d1675d58bab0a31906d62e976e,tcc-microservices-experiment-order-1,82.41,81390469,1073741824,7.58,3,50.3MB / 22MB,7.05MB / 77.8kB
17,2026-09-10T10:32:31.556527+00:00,35,2026-09-10T10:32:31.185555+00:00,false,microservices,product,100faf2f87c2e15ed43e34c330327e776f1c8c73339100c02b1f52e14b7f66db,tcc-microservices-experiment-product-1,0.02,78716600,1073741824,7.33,3,416kB / 282kB,11.8MB / 81.9kB
18,2026-09-10T10:32:32.556916+00:00,37,2026-09-10T10:32:32.185445+00:00,false,microservices,auth,bc483827664f607d16ec8d1028c5eaf95a4b78241f89341537406b2b3ff3d13b,tcc-microservices-experiment-auth-1,0.02,79356232,1073741824,7.39,3,45.5kB / 40.3kB,12.1MB / 65.5kB
18,2026-09-10T10:32:32.556916+00:00,37,2026-09-10T10:32:32.185445+00:00,false,microservices,gateway,7b1746dd9455cfc12d23e4053048393f167eed983a0ff00da8e632fc5e88090e,tcc-microservices-experiment-gateway-1,86.18,481086669,536870912,89.6,82,12.4MB / 16.4MB,38.2MB / 197kB
18,2026-09-10T10:32:32.556916+00:00,37,2026-09-10T10:32:32.185445+00:00,false,microservices,mysql,755141645df04160459de2ab6785c26714e98cb892b67f7ef42b724d17f64490,tcc-microservices-experiment-mysql-1,22.79,534668902,1073741824,49.8,40,15MB / 43.2MB,46.4MB / 122MB
18,2026-09-10T10:32:32.556916+00:00,37,2026-09-10T10:32:32.185445+00:00,false,microservices,order,f2d39b0e8b9161f0182e5df55353bfdb074ce3d1675d58bab0a31906d62e976e,tcc-microservices-experiment-order-1,82.37,81526784,1073741824,7.59,3,51.4MB / 22.5MB,7.05MB / 77.8kB
18,2026-09-10T10:32:32.556916+00:00,37,2026-09-10T10:32:32.185445+00:00,false,microservices,product,100faf2f87c2e15ed43e34c330327e776f1c8c73339100c02b1f52e14b7f66db,tcc-microservices-experiment-product-1,0.02,78716600,1073741824,7.33,3,416kB / 282kB,11.8MB / 81.9kB
19,2026-09-10T10:32:33.556550+00:00,39,2026-09-10T10:32:33.185499+00:00,false,microservices,auth,bc483827664f607d16ec8d1028c5eaf95a4b78241f89341537406b2b3ff3d13b,tcc-microservices-experiment-auth-1,0.02,79356232,1073741824,7.39,3,45.5kB / 40.3kB,12.1MB / 65.5kB
19,2026-09-10T10:32:33.556550+00:00,39,2026-09-10T10:32:33.185499+00:00,false,microservices,gateway,7b1746dd9455cfc12d23e4053048393f167eed983a0ff00da8e632fc5e88090e,tcc-microservices-experiment-gateway-1,37.75,481506099,536870912,89.68,82,12.7MB / 16.7MB,38.2MB / 197kB
19,2026-09-10T10:32:33.556550+00:00,39,2026-09-10T10:32:33.185499+00:00,false,microservices,mysql,755141645df04160459de2ab6785c26714e98cb892b67f7ef42b724d17f64490,tcc-microservices-experiment-mysql-1,26.19,534354330,1073741824,49.77,40,15.3MB / 44MB,46.4MB / 122MB
19,2026-09-10T10:32:33.556550+00:00,39,2026-09-10T10:32:33.185499+00:00,false,microservices,order,f2d39b0e8b9161f0182e5df55353bfdb074ce3d1675d58bab0a31906d62e976e,tcc-microservices-experiment-order-1,83.54,81505812,1073741824,7.59,3,52.4MB / 22.8MB,7.05MB / 77.8kB
19,2026-09-10T10:32:33.556550+00:00,39,2026-09-10T10:32:33.185499+00:00,false,microservices,product,100faf2f87c2e15ed43e34c330327e776f1c8c73339100c02b1f52e14b7f66db,tcc-microservices-experiment-product-1,0.02,78716600,1073741824,7.33,3,416kB / 282kB,11.8MB / 81.9kB
20,2026-09-10T10:32:34.556530+00:00,41,2026-09-10T10:32:34.185378+00:00,false,microservices,auth,bc483827664f607d16ec8d1028c5eaf95a4b78241f89341537406b2b3ff3d13b,tcc-microservices-experiment-auth-1,0.02,79356232,1073741824,7.39,3,45.5kB / 40.3kB,12.1MB / 65.5kB
20,2026-09-10T10:32:34.556530+00:00,41,2026-09-10T10:32:34.185378+00:00,false,microservices,gateway,7b1746dd9455cfc12d23e4053048393f167eed983a0ff00da8e632fc5e88090e,tcc-microservices-experiment-gateway-1,50.09,481506099,536870912,89.69,82,13MB / 17.1MB,38.2MB / 213kB
20,2026-09-10T10:32:34.556530+00:00,41,2026-09-10T10:32:34.185378+00:00,false,microservices,mysql,755141645df04160459de2ab6785c26714e98cb892b67f7ef42b724d17f64490,tcc-microservices-experiment-mysql-1,22.63,534668902,1073741824,49.79,40,15.5MB / 44.8MB,46.4MB / 122MB
20,2026-09-10T10:32:34.556530+00:00,41,2026-09-10T10:32:34.185378+00:00,false,microservices,order,f2d39b0e8b9161f0182e5df55353bfdb074ce3d1675d58bab0a31906d62e976e,tcc-microservices-experiment-order-1,82.06,81526784,1073741824,7.59,3,53.4MB / 23.3MB,7.05MB / 77.8kB
20,2026-09-10T10:32:34.556530+00:00,41,2026-09-10T10:32:34.185378+00:00,false,microservices,product,100faf2f87c2e15ed43e34c330327e776f1c8c73339100c02b1f52e14b7f66db,tcc-microservices-experiment-product-1,0.02,78716600,1073741824,7.33,3,416kB / 282kB,11.8MB / 81.9kB
21,2026-09-10T10:32:35.556531+00:00,43,2026-09-10T10:32:35.185516+00:00,false,microservices,auth,bc483827664f607d16ec8d1028c5eaf95a4b78241f89341537406b2b3ff3d13b,tcc-microservices-experiment-auth-1,0.02,79356232,1073741824,7.39,3,45.5kB / 40.3kB,12.1MB / 65.5kB
21,2026-09-10T10:32:35.556531+00:00,43,2026-09-10T10:32:35.185516+00:00,false,microservices,gateway,7b1746dd9455cfc12d23e4053048393f167eed983a0ff00da8e632fc5e88090e,tcc-microservices-experiment-gateway-1,81.91,481191526,536870912,89.63,82,13.3MB / 17.5MB,38.2MB / 213kB
21,2026-09-10T10:32:35.556531+00:00,43,2026-09-10T10:32:35.185516+00:00,false,microservices,mysql,755141645df04160459de2ab6785c26714e98cb892b67f7ef42b724d17f64490,tcc-microservices-experiment-mysql-1,26.33,535193190,1073741824,49.84,40,15.8MB / 45.7MB,46.4MB / 122MB
21,2026-09-10T10:32:35.556531+00:00,43,2026-09-10T10:32:35.185516+00:00,false,microservices,order,f2d39b0e8b9161f0182e5df55353bfdb074ce3d1675d58bab0a31906d62e976e,tcc-microservices-experiment-order-1,83.2,82407588,1073741824,7.68,3,54.5MB / 23.7MB,7.05MB / 77.8kB
21,2026-09-10T10:32:35.556531+00:00,43,2026-09-10T10:32:35.185516+00:00,false,microservices,product,100faf2f87c2e15ed43e34c330327e776f1c8c73339100c02b1f52e14b7f66db,tcc-microservices-experiment-product-1,0.02,78716600,1073741824,7.33,3,416kB / 282kB,11.8MB / 81.9kB
22,2026-09-10T10:32:36.556494+00:00,45,2026-09-10T10:32:36.184741+00:00,false,microservices,auth,bc483827664f607d16ec8d1028c5eaf95a4b78241f89341537406b2b3ff3d13b,tcc-microservices-experiment-auth-1,0.02,79356232,1073741824,7.39,3,45.5kB / 40.3kB,12.1MB / 65.5kB
22,2026-09-10T10:32:36.556494+00:00,45,2026-09-10T10:32:36.184741+00:00,false,microservices,gateway,7b1746dd9455cfc12d23e4053048393f167eed983a0ff00da8e632fc5e88090e,tcc-microservices-experiment-gateway-1,85.5,481296384,536870912,89.65,82,13.5MB / 17.8MB,38.2MB / 213kB
22,2026-09-10T10:32:36.556494+00:00,45,2026-09-10T10:32:36.184741+00:00,false,microservices,mysql,755141645df04160459de2ab6785c26714e98cb892b67f7ef42b724d17f64490,tcc-microservices-experiment-mysql-1,22.52,534354330,1073741824,49.77,40,16MB / 46.5MB,46.4MB / 122MB
22,2026-09-10T10:32:36.556494+00:00,45,2026-09-10T10:32:36.184741+00:00,false,microservices,order,f2d39b0e8b9161f0182e5df55353bfdb074ce3d1675d58bab0a31906d62e976e,tcc-microservices-experiment-order-1,82.4,82239816,1073741824,7.66,3,55.5MB / 24.1MB,7.05MB / 77.8kB
22,2026-09-10T10:32:36.556494+00:00,45,2026-09-10T10:32:36.184741+00:00,false,microservices,product,100faf2f87c2e15ed43e34c330327e776f1c8c73339100c02b1f52e14b7f66db,tcc-microservices-experiment-product-1,0.02,78716600,1073741824,7.33,3,416kB / 282kB,11.8MB / 81.9kB
23,2026-09-10T10:32:37.556507+00:00,47,2026-09-10T10:32:37.185482+00:00,false,microservices,auth,bc483827664f607d16ec8d1028c5eaf95a4b78241f89341537406b2b3ff3d13b,tcc-microservices-experiment-auth-1,0.02,79356232,1073741824,7.39,3,45.5kB / 40.3kB,12.1MB / 65.5kB
23,2026-09-10T10:32:37.556507+00:00,47,2026-09-10T10:32:37.185482+00:00,false,microservices,gateway,7b1746dd9455cfc12d23e4053048393f167eed983a0ff00da8e632fc5e88090e,tcc-microservices-experiment-gateway-1,61.25,482135245,536870912,89.8,82,13.8MB / 18.2MB,38.2MB / 213kB
23,2026-09-10T10:32:37.556507+00:00,47,2026-09-10T10:32:37.185482+00:00,false,microservices,mysql,755141645df04160459de2ab6785c26714e98cb892b67f7ef42b724d17f64490,tcc-microservices-experiment-mysql-1,26.44,534144614,1073741824,49.74,40,16.2MB / 47.4MB,46.4MB / 122MB
23,2026-09-10T10:32:37.556507+00:00,47,2026-09-10T10:32:37.185482+00:00,false,microservices,order,f2d39b0e8b9161f0182e5df55353bfdb074ce3d1675d58bab0a31906d62e976e,tcc-microservices-experiment-order-1,82.51,81453384,1073741824,7.59,3,56.6MB / 24.5MB,7.05MB / 77.8kB
23,2026-09-10T10:32:37.556507+00:00,47,2026-09-10T10:32:37.185482+00:00,false,microservices,product,100faf2f87c2e15ed43e34c330327e776f1c8c73339100c02b1f52e14b7f66db,tcc-microservices-experiment-product-1,0.02,78716600,1073741824,7.33,3,416kB / 282kB,11.8MB / 81.9kB
24,2026-09-10T10:32:38.556521+00:00,49,2026-09-10T10:32:38.185942+00:00,false,microservices,auth,bc483827664f607d16ec8d1028c5eaf95a4b78241f89341537406b2b3ff3d13b,tcc-microservices-experiment-auth-1,0.02,79356232,1073741824,7.39,3,45.5kB / 40.3kB,12.1MB / 65.5kB
24,2026-09-10T10:32:38.556521+00:00,49,2026-09-10T10:32:38.185942+00:00,false,microservices,gateway,7b1746dd9455cfc12d23e4053048393f167eed983a0ff00da8e632fc5e88090e,tcc-microservices-experiment-gateway-1,36.02,482030387,536870912,89.78,82,14.1MB / 18.6MB,38.2MB / 213kB
24,2026-09-10T10:32:38.556521+00:00,49,2026-09-10T10:32:38.185942+00:00,false,microservices,mysql,755141645df04160459de2ab6785c26714e98cb892b67f7ef42b724d17f64490,tcc-microservices-experiment-mysql-1,23.22,533934899,1073741824,49.73,40,16.5MB / 48.3MB,46.4MB / 122MB
24,2026-09-10T10:32:38.556521+00:00,49,2026-09-10T10:32:38.185942+00:00,false,microservices,order,f2d39b0e8b9161f0182e5df55353bfdb074ce3d1675d58bab0a31906d62e976e,tcc-microservices-experiment-order-1,81.33,82397102,1073741824,7.67,3,57.7MB / 25MB,7.05MB / 77.8kB
24,2026-09-10T10:32:38.556521+00:00,49,2026-09-10T10:32:38.185942+00:00,false,microservices,product,100faf2f87c2e15ed43e34c330327e776f1c8c73339100c02b1f52e14b7f66db,tcc-microservices-experiment-product-1,0.02,78716600,1073741824,7.33,3,416kB / 282kB,11.8MB / 81.9kB
25,2026-09-10T10:32:39.556549+00:00,51,2026-09-10T10:32:39.185769+00:00,false,microservices,auth,bc483827664f607d16ec8d1028c5eaf95a4b78241f89341537406b2b3ff3d13b,tcc-microservices-experiment-auth-1,0.02,79356232,1073741824,7.39,3,45.5kB / 40.3kB,12.1MB / 65.5kB
25,2026-09-10T10:32:39.556549+00:00,51,2026-09-10T10:32:39.185769+00:00,false,microservices,gateway,7b1746dd9455cfc12d23e4053048393f167eed983a0ff00da8e632fc5e88090e,tcc-microservices-experiment-gateway-1,36.12,481715814,536870912,89.73,82,14.4MB / 19MB,38.2MB / 213kB
25,2026-09-10T10:32:39.556549+00:00,51,2026-09-10T10:32:39.185769+00:00,false,microservices,mysql,755141645df04160459de2ab6785c26714e98cb892b67f7ef42b724d17f64490,tcc-microservices-experiment-mysql-1,26.76,534983475,1073741824,49.82,40,16.7MB / 49.1MB,46.4MB / 122MB
25,2026-09-10T10:32:39.556549+00:00,51,2026-09-10T10:32:39.185769+00:00,false,microservices,order,f2d39b0e8b9161f0182e5df55353bfdb074ce3d1675d58bab0a31906d62e976e,tcc-microservices-experiment-order-1,82.69,82491474,1073741824,7.68,3,58.7MB / 25.4MB,7.05MB / 77.8kB
25,2026-09-10T10:32:39.556549+00:00,51,2026-09-10T10:32:39.185769+00:00,false,microservices,product,100faf2f87c2e15ed43e34c330327e776f1c8c73339100c02b1f52e14b7f66db,tcc-microservices-experiment-product-1,0.02,78716600,1073741824,7.33,3,416kB / 282kB,11.8MB / 81.9kB
26,2026-09-10T10:32:40.556547+00:00,53,2026-09-10T10:32:40.185025+00:00,false,microservices,auth,bc483827664f607d16ec8d1028c5eaf95a4b78241f89341537406b2b3ff3d13b,tcc-microservices-experiment-auth-1,0.02,79356232,1073741824,7.39,3,45.5kB / 40.3kB,12.1MB / 65.5kB
26,2026-09-10T10:32:40.556547+00:00,53,2026-09-10T10:32:40.185025+00:00,false,microservices,gateway,7b1746dd9455cfc12d23e4053048393f167eed983a0ff00da8e632fc5e88090e,tcc-microservices-experiment-gateway-1,35.86,481820672,536870912,89.74,82,14.7MB / 19.3MB,38.2MB / 213kB
26,2026-09-10T10:32:40.556547+00:00,53,2026-09-10T10:32:40.185025+00:00,false,microservices,mysql,755141645df04160459de2ab6785c26714e98cb892b67f7ef42b724d17f64490,tcc-microservices-experiment-mysql-1,22.63,534039757,1073741824,49.73,40,17MB / 50MB,46.4MB / 122MB
26,2026-09-10T10:32:40.556547+00:00,53,2026-09-10T10:32:40.185025+00:00,false,microservices,order,f2d39b0e8b9161f0182e5df55353bfdb074ce3d1675d58bab0a31906d62e976e,tcc-microservices-experiment-order-1,82.44,82617303,1073741824,7.69,3,59.8MB / 25.8MB,7.05MB / 77.8kB
26,2026-09-10T10:32:40.556547+00:00,53,2026-09-10T10:32:40.185025+00:00,false,microservices,product,100faf2f87c2e15ed43e34c330327e776f1c8c73339100c02b1f52e14b7f66db,tcc-microservices-experiment-product-1,0.02,78716600,1073741824,7.33,3,416kB / 282kB,11.8MB / 81.9kB
27,2026-09-10T10:32:41.556528+00:00,55,2026-09-10T10:32:41.185408+00:00,false,microservices,auth,bc483827664f607d16ec8d1028c5eaf95a4b78241f89341537406b2b3ff3d13b,tcc-microservices-experiment-auth-1,0.02,79356232,1073741824,7.39,3,45.5kB / 40.3kB,12.1MB / 65.5kB
27,2026-09-10T10:32:41.556528+00:00,55,2026-09-10T10:32:41.185408+00:00,false,microservices,gateway,7b1746dd9455cfc12d23e4053048393f167eed983a0ff00da8e632fc5e88090e,tcc-microservices-experiment-gateway-1,34.95,482135245,536870912,89.81,82,15MB / 19.7MB,38.2MB / 213kB
27,2026-09-10T10:32:41.556528+00:00,55,2026-09-10T10:32:41.185408+00:00,false,microservices,mysql,755141645df04160459de2ab6785c26714e98cb892b67f7ef42b724d17f64490,tcc-microservices-experiment-mysql-1,27.02,535088333,1073741824,49.83,40,17.2MB / 50.9MB,46.4MB / 122MB
27,2026-09-10T10:32:41.556528+00:00,55,2026-09-10T10:32:41.185408+00:00,false,microservices,order,f2d39b0e8b9161f0182e5df55353bfdb074ce3d1675d58bab0a31906d62e976e,tcc-microservices-experiment-order-1,81.65,82460017,1073741824,7.68,3,60.9MB / 26.2MB,7.05MB / 77.8kB
27,2026-09-10T10:32:41.556528+00:00,55,2026-09-10T10:32:41.185408+00:00,false,microservices,product,100faf2f87c2e15ed43e34c330327e776f1c8c73339100c02b1f52e14b7f66db,tcc-microservices-experiment-product-1,0.02,78716600,1073741824,7.33,3,416kB / 282kB,11.8MB / 81.9kB
28,2026-09-10T10:32:42.556510+00:00,57,2026-09-10T10:32:42.185530+00:00,false,microservices,auth,bc483827664f607d16ec8d1028c5eaf95a4b78241f89341537406b2b3ff3d13b,tcc-microservices-experiment-auth-1,0.01,79356232,1073741824,7.39,3,45.5kB / 40.3kB,12.1MB / 65.5kB
28,2026-09-10T10:32:42.556510+00:00,57,2026-09-10T10:32:42.185530+00:00,false,microservices,gateway,7b1746dd9455cfc12d23e4053048393f167eed983a0ff00da8e632fc5e88090e,tcc-microservices-experiment-gateway-1,59.11,481086669,536870912,89.61,82,15.2MB / 20.1MB,38.2MB / 213kB
28,2026-09-10T10:32:42.556510+00:00,57,2026-09-10T10:32:42.185530+00:00,false,microservices,mysql,755141645df04160459de2ab6785c26714e98cb892b67f7ef42b724d17f64490,tcc-microservices-experiment-mysql-1,22.57,534878618,1073741824,49.81,40,17.5MB / 51.7MB,46.4MB / 122MB
28,2026-09-10T10:32:42.556510+00:00,57,2026-09-10T10:32:42.185530+00:00,false,microservices,order,f2d39b0e8b9161f0182e5df55353bfdb074ce3d1675d58bab0a31906d62e976e,tcc-microservices-experiment-order-1,82.2,82103501,1073741824,7.65,3,61.9MB / 26.7MB,7.05MB / 77.8kB
28,2026-09-10T10:32:42.556510+00:00,57,2026-09-10T10:32:42.185530+00:00,false,microservices,product,100faf2f87c2e15ed43e34c330327e776f1c8c73339100c02b1f52e14b7f66db,tcc-microservices-experiment-product-1,0.02,78716600,1073741824,7.33,3,416kB / 282kB,11.8MB / 81.9kB
29,2026-09-10T10:32:43.556528+00:00,59,2026-09-10T10:32:43.185398+00:00,false,microservices,auth,bc483827664f607d16ec8d1028c5eaf95a4b78241f89341537406b2b3ff3d13b,tcc-microservices-experiment-auth-1,0.02,79356232,1073741824,7.39,3,45.5kB / 40.3kB,12.1MB / 65.5kB
29,2026-09-10T10:32:43.556528+00:00,59,2026-09-10T10:32:43.185398+00:00,false,microservices,gateway,7b1746dd9455cfc12d23e4053048393f167eed983a0ff00da8e632fc5e88090e,tcc-microservices-experiment-gateway-1,59.24,481925530,536870912,89.77,82,15.5MB / 20.5MB,38.2MB / 213kB
29,2026-09-10T10:32:43.556528+00:00,59,2026-09-10T10:32:43.185398+00:00,false,microservices,mysql,755141645df04160459de2ab6785c26714e98cb892b67f7ef42b724d17f64490,tcc-microservices-experiment-mysql-1,26.44,535193190,1073741824,49.84,40,17.7MB / 52.6MB,46.4MB / 122MB
29,2026-09-10T10:32:43.556528+00:00,59,2026-09-10T10:32:43.185398+00:00,false,microservices,order,f2d39b0e8b9161f0182e5df55353bfdb074ce3d1675d58bab0a31906d62e976e,tcc-microservices-experiment-order-1,82.43,82680218,1073741824,7.7,3,63MB / 27.1MB,7.05MB / 77.8kB
29,2026-09-10T10:32:43.556528+00:00,59,2026-09-10T10:32:43.185398+00:00,false,microservices,product,100faf2f87c2e15ed43e34c330327e776f1c8c73339100c02b1f52e14b7f66db,tcc-microservices-experiment-product-1,0.02,78716600,1073741824,7.33,3,416kB / 282kB,11.8MB / 81.9kB
30,2026-09-10T10:32:44.556534+00:00,61,2026-09-10T10:32:44.185390+00:00,false,microservices,auth,bc483827664f607d16ec8d1028c5eaf95a4b78241f89341537406b2b3ff3d13b,tcc-microservices-experiment-auth-1,0.01,79356232,1073741824,7.39,3,45.5kB / 40.3kB,12.1MB / 65.5kB
30,2026-09-10T10:32:44.556534+00:00,61,2026-09-10T10:32:44.185390+00:00,false,microservices,gateway,7b1746dd9455cfc12d23e4053048393f167eed983a0ff00da8e632fc5e88090e,tcc-microservices-experiment-gateway-1,55.2,482974106,536870912,89.96,82,15.8MB / 20.9MB,38.2MB / 213kB
30,2026-09-10T10:32:44.556534+00:00,61,2026-09-10T10:32:44.185390+00:00,false,microservices,mysql,755141645df04160459de2ab6785c26714e98cb892b67f7ef42b724d17f64490,tcc-microservices-experiment-mysql-1,22.77,534773760,1073741824,49.8,40,18MB / 53.5MB,46.4MB / 122MB
30,2026-09-10T10:32:44.556534+00:00,61,2026-09-10T10:32:44.185390+00:00,false,microservices,order,f2d39b0e8b9161f0182e5df55353bfdb074ce3d1675d58bab0a31906d62e976e,tcc-microservices-experiment-order-1,81.48,82072044,1073741824,7.64,3,64.1MB / 27.5MB,7.05MB / 77.8kB
30,2026-09-10T10:32:44.556534+00:00,61,2026-09-10T10:32:44.185390+00:00,false,microservices,product,100faf2f87c2e15ed43e34c330327e776f1c8c73339100c02b1f52e14b7f66db,tcc-microservices-experiment-product-1,0.02,78716600,1073741824,7.33,3,416kB / 282kB,11.8MB / 81.9kB
31,2026-09-10T10:32:45.556514+00:00,63,2026-09-10T10:32:45.185473+00:00,false,microservices,auth,bc483827664f607d16ec8d1028c5eaf95a4b78241f89341537406b2b3ff3d13b,tcc-microservices-experiment-auth-1,0.02,79356232,1073741824,7.39,3,45.5kB / 40.3kB,12.1MB / 65.5kB
31,2026-09-10T10:32:45.556514+00:00,63,2026-09-10T10:32:45.185473+00:00,false,microservices,gateway,7b1746dd9455cfc12d23e4053048393f167eed983a0ff00da8e632fc5e88090e,tcc-microservices-experiment-gateway-1,37.46,482974106,536870912,89.96,82,16.1MB / 21.2MB,38.2MB / 213kB
31,2026-09-10T10:32:45.556514+00:00,63,2026-09-10T10:32:45.185473+00:00,false,microservices,mysql,755141645df04160459de2ab6785c26714e98cb892b67f7ef42b724d17f64490,tcc-microservices-experiment-mysql-1,27.23,534878618,1073741824,49.81,40,18.2MB / 54.4MB,46.4MB / 122MB
31,2026-09-10T10:32:45.556514+00:00,63,2026-09-10T10:32:45.185473+00:00,false,microservices,order,f2d39b0e8b9161f0182e5df55353bfdb074ce3d1675d58bab0a31906d62e976e,tcc-microservices-experiment-order-1,82.22,82732646,1073741824,7.7,3,65.2MB / 28MB,7.05MB / 77.8kB
31,2026-09-10T10:32:45.556514+00:00,63,2026-09-10T10:32:45.185473+00:00,false,microservices,product,100faf2f87c2e15ed43e34c330327e776f1c8c73339100c02b1f52e14b7f66db,tcc-microservices-experiment-product-1,0.02,78716600,1073741824,7.33,3,416kB / 282kB,11.8MB / 81.9kB
32,2026-09-10T10:32:46.556513+00:00,65,2026-09-10T10:32:46.185332+00:00,false,microservices,auth,bc483827664f607d16ec8d1028c5eaf95a4b78241f89341537406b2b3ff3d13b,tcc-microservices-experiment-auth-1,0.02,79356232,1073741824,7.39,3,45.5kB / 40.3kB,12.1MB / 65.5kB
32,2026-09-10T10:32:46.556513+00:00,65,2026-09-10T10:32:46.185332+00:00,false,microservices,gateway,7b1746dd9455cfc12d23e4053048393f167eed983a0ff00da8e632fc5e88090e,tcc-microservices-experiment-gateway-1,32.06,482659533,536870912,89.91,82,16.4MB / 21.6MB,38.2MB / 213kB
32,2026-09-10T10:32:46.556513+00:00,65,2026-09-10T10:32:46.185332+00:00,false,microservices,mysql,755141645df04160459de2ab6785c26714e98cb892b67f7ef42b724d17f64490,tcc-microservices-experiment-mysql-1,22.54,534354330,1073741824,49.77,40,18.5MB / 55.3MB,46.4MB / 122MB
32,2026-09-10T10:32:46.556513+00:00,65,2026-09-10T10:32:46.185332+00:00,false,microservices,order,f2d39b0e8b9161f0182e5df55353bfdb074ce3d1675d58bab0a31906d62e976e,tcc-microservices-experiment-order-1,82.13,83026248,1073741824,7.73,3,66.3MB / 28.4MB,7.05MB / 77.8kB
32,2026-09-10T10:32:46.556513+00:00,65,2026-09-10T10:32:46.185332+00:00,false,microservices,product,100faf2f87c2e15ed43e34c330327e776f1c8c73339100c02b1f52e14b7f66db,tcc-microservices-experiment-product-1,0.02,78716600,1073741824,7.33,3,416kB / 282kB,11.8MB / 81.9kB
33,2026-09-10T10:32:47.556531+00:00,67,2026-09-10T10:32:47.184789+00:00,false,microservices,auth,bc483827664f607d16ec8d1028c5eaf95a4b78241f89341537406b2b3ff3d13b,tcc-microservices-experiment-auth-1,0.02,79356232,1073741824,7.39,3,45.5kB / 40.3kB,12.1MB / 65.5kB
33,2026-09-10T10:32:47.556531+00:00,67,2026-09-10T10:32:47.184789+00:00,false,microservices,gateway,7b1746dd9455cfc12d23e4053048393f167eed983a0ff00da8e632fc5e88090e,tcc-microservices-experiment-gateway-1,36.86,482449818,536870912,89.87,82,16.7MB / 22MB,38.2MB / 213kB
33,2026-09-10T10:32:47.556531+00:00,67,2026-09-10T10:32:47.184789+00:00,false,microservices,mysql,755141645df04160459de2ab6785c26714e98cb892b67f7ef42b724d17f64490,tcc-microservices-experiment-mysql-1,27.1,534983475,1073741824,49.82,40,18.7MB / 56.2MB,46.4MB / 122MB
33,2026-09-10T10:32:47.556531+00:00,67,2026-09-10T10:32:47.184789+00:00,false,microservices,order,f2d39b0e8b9161f0182e5df55353bfdb074ce3d1675d58bab0a31906d62e976e,tcc-microservices-experiment-order-1,81.45,82648760,1073741824,7.7,3,67.4MB / 28.8MB,7.05MB / 77.8kB
33,2026-09-10T10:32:47.556531+00:00,67,2026-09-10T10:32:47.184789+00:00,false,microservices,product,100faf2f87c2e15ed43e34c330327e776f1c8c73339100c02b1f52e14b7f66db,tcc-microservices-experiment-product-1,0.02,78716600,1073741824,7.33,3,416kB / 282kB,11.8MB / 81.9kB
34,2026-09-10T10:32:48.556539+00:00,69,2026-09-10T10:32:48.185215+00:00,false,microservices,auth,bc483827664f607d16ec8d1028c5eaf95a4b78241f89341537406b2b3ff3d13b,tcc-microservices-experiment-auth-1,0.02,79335260,1073741824,7.39,3,45.5kB / 40.3kB,12.1MB / 65.5kB
34,2026-09-10T10:32:48.556539+00:00,69,2026-09-10T10:32:48.185215+00:00,false,microservices,gateway,7b1746dd9455cfc12d23e4053048393f167eed983a0ff00da8e632fc5e88090e,tcc-microservices-experiment-gateway-1,32.3,480352666,536870912,89.46,82,17MB / 22.4MB,38.3MB / 213kB
34,2026-09-10T10:32:48.556539+00:00,69,2026-09-10T10:32:48.185215+00:00,false,microservices,mysql,755141645df04160459de2ab6785c26714e98cb892b67f7ef42b724d17f64490,tcc-microservices-experiment-mysql-1,21.82,534668902,1073741824,49.79,40,19MB / 57.1MB,46.4MB / 122MB
34,2026-09-10T10:32:48.556539+00:00,69,2026-09-10T10:32:48.185215+00:00,false,microservices,order,f2d39b0e8b9161f0182e5df55353bfdb074ce3d1675d58bab0a31906d62e976e,tcc-microservices-experiment-order-1,84.96,82900419,1073741824,7.72,3,68.5MB / 29.3MB,7.05MB / 77.8kB
34,2026-09-10T10:32:48.556539+00:00,69,2026-09-10T10:32:48.185215+00:00,false,microservices,product,100faf2f87c2e15ed43e34c330327e776f1c8c73339100c02b1f52e14b7f66db,tcc-microservices-experiment-product-1,0.02,78716600,1073741824,7.33,3,416kB / 282kB,11.8MB / 81.9kB
35,2026-09-10T10:32:49.556511+00:00,71,2026-09-10T10:32:49.185362+00:00,false,microservices,auth,bc483827664f607d16ec8d1028c5eaf95a4b78241f89341537406b2b3ff3d13b,tcc-microservices-experiment-auth-1,0.02,79335260,1073741824,7.39,3,45.5kB / 40.3kB,12.1MB / 65.5kB
35,2026-09-10T10:32:49.556511+00:00,71,2026-09-10T10:32:49.185362+00:00,false,microservices,gateway,7b1746dd9455cfc12d23e4053048393f167eed983a0ff00da8e632fc5e88090e,tcc-microservices-experiment-gateway-1,33.15,480247808,536870912,89.46,82,17.3MB / 22.8MB,38.3MB / 229kB
35,2026-09-10T10:32:49.556511+00:00,71,2026-09-10T10:32:49.185362+00:00,false,microservices,mysql,755141645df04160459de2ab6785c26714e98cb892b67f7ef42b724d17f64490,tcc-microservices-experiment-mysql-1,26.67,534564045,1073741824,49.78,40,19.2MB / 58MB,47MB / 122MB
35,2026-09-10T10:32:49.556511+00:00,71,2026-09-10T10:32:49.185362+00:00,false,microservices,order,f2d39b0e8b9161f0182e5df55353bfdb074ce3d1675d58bab0a31906d62e976e,tcc-microservices-experiment-order-1,82.85,82638275,1073741824,7.7,3,69.6MB / 29.7MB,7.05MB / 77.8kB
35,2026-09-10T10:32:49.556511+00:00,71,2026-09-10T10:32:49.185362+00:00,false,microservices,product,100faf2f87c2e15ed43e34c330327e776f1c8c73339100c02b1f52e14b7f66db,tcc-microservices-experiment-product-1,0.02,78716600,1073741824,7.33,3,416kB / 282kB,11.8MB / 81.9kB
36,2026-09-10T10:32:50.556515+00:00,73,2026-09-10T10:32:50.185460+00:00,false,microservices,auth,bc483827664f607d16ec8d1028c5eaf95a4b78241f89341537406b2b3ff3d13b,tcc-microservices-experiment-auth-1,0.02,79335260,1073741824,7.39,3,45.5kB / 40.3kB,12.1MB / 65.5kB
36,2026-09-10T10:32:50.556515+00:00,73,2026-09-10T10:32:50.185460+00:00,false,microservices,gateway,7b1746dd9455cfc12d23e4053048393f167eed983a0ff00da8e632fc5e88090e,tcc-microservices-experiment-gateway-1,47.22,480562381,536870912,89.51,82,17.6MB / 23.2MB,38.3MB / 229kB
36,2026-09-10T10:32:50.556515+00:00,73,2026-09-10T10:32:50.185460+00:00,false,microservices,mysql,755141645df04160459de2ab6785c26714e98cb892b67f7ef42b724d17f64490,tcc-microservices-experiment-mysql-1,23.17,534773760,1073741824,49.8,40,19.5MB / 58.8MB,47MB / 122MB
36,2026-09-10T10:32:50.556515+00:00,73,2026-09-10T10:32:50.185460+00:00,false,microservices,order,f2d39b0e8b9161f0182e5df55353bfdb074ce3d1675d58bab0a31906d62e976e,tcc-microservices-experiment-order-1,81.42,82355159,1073741824,7.67,3,70.7MB / 30.1MB,7.05MB / 77.8kB
36,2026-09-10T10:32:50.556515+00:00,73,2026-09-10T10:32:50.185460+00:00,false,microservices,product,100faf2f87c2e15ed43e34c330327e776f1c8c73339100c02b1f52e14b7f66db,tcc-microservices-experiment-product-1,0.02,78716600,1073741824,7.33,3,416kB / 282kB,11.8MB / 81.9kB
37,2026-09-10T10:32:51.556541+00:00,75,2026-09-10T10:32:51.185452+00:00,false,microservices,auth,bc483827664f607d16ec8d1028c5eaf95a4b78241f89341537406b2b3ff3d13b,tcc-microservices-experiment-auth-1,0.02,79335260,1073741824,7.39,3,45.5kB / 40.3kB,12.1MB / 65.5kB
37,2026-09-10T10:32:51.556541+00:00,75,2026-09-10T10:32:51.185452+00:00,false,microservices,gateway,7b1746dd9455cfc12d23e4053048393f167eed983a0ff00da8e632fc5e88090e,tcc-microservices-experiment-gateway-1,50.2,480772096,536870912,89.54,82,17.9MB / 23.5MB,38.4MB / 229kB
37,2026-09-10T10:32:51.556541+00:00,75,2026-09-10T10:32:51.185452+00:00,false,microservices,mysql,755141645df04160459de2ab6785c26714e98cb892b67f7ef42b724d17f64490,tcc-microservices-experiment-mysql-1,26.5,536032051,1073741824,49.93,40,19.7MB / 59.7MB,47MB / 122MB
37,2026-09-10T10:32:51.556541+00:00,75,2026-09-10T10:32:51.185452+00:00,false,microservices,order,f2d39b0e8b9161f0182e5df55353bfdb074ce3d1675d58bab0a31906d62e976e,tcc-microservices-experiment-order-1,81.89,82585846,1073741824,7.69,3,71.7MB / 30.6MB,7.05MB / 77.8kB
37,2026-09-10T10:32:51.556541+00:00,75,2026-09-10T10:32:51.185452+00:00,false,microservices,product,100faf2f87c2e15ed43e34c330327e776f1c8c73339100c02b1f52e14b7f66db,tcc-microservices-experiment-product-1,0.02,78716600,1073741824,7.33,3,416kB / 282kB,11.8MB / 81.9kB
38,2026-09-10T10:32:52.556539+00:00,77,2026-09-10T10:32:52.185278+00:00,false,microservices,auth,bc483827664f607d16ec8d1028c5eaf95a4b78241f89341537406b2b3ff3d13b,tcc-microservices-experiment-auth-1,0.01,79335260,1073741824,7.39,3,45.5kB / 40.3kB,12.1MB / 65.5kB
38,2026-09-10T10:32:52.556539+00:00,77,2026-09-10T10:32:52.185278+00:00,false,microservices,gateway,7b1746dd9455cfc12d23e4053048393f167eed983a0ff00da8e632fc5e88090e,tcc-microservices-experiment-gateway-1,44.57,480876954,536870912,89.56,82,18.2MB / 23.9MB,38.4MB / 229kB
38,2026-09-10T10:32:52.556539+00:00,77,2026-09-10T10:32:52.185278+00:00,false,microservices,mysql,755141645df04160459de2ab6785c26714e98cb892b67f7ef42b724d17f64490,tcc-microservices-experiment-mysql-1,22.9,535298048,1073741824,49.86,40,20MB / 60.6MB,47MB / 122MB
38,2026-09-10T10:32:52.556539+00:00,77,2026-09-10T10:32:52.185278+00:00,false,microservices,order,f2d39b0e8b9161f0182e5df55353bfdb074ce3d1675d58bab0a31906d62e976e,tcc-microservices-experiment-order-1,82.09,83068191,1073741824,7.74,3,72.8MB / 31MB,7.05MB / 77.8kB
38,2026-09-10T10:32:52.556539+00:00,77,2026-09-10T10:32:52.185278+00:00,false,microservices,product,100faf2f87c2e15ed43e34c330327e776f1c8c73339100c02b1f52e14b7f66db,tcc-microservices-experiment-product-1,0.02,78716600,1073741824,7.33,3,416kB / 282kB,11.8MB / 81.9kB
39,2026-09-10T10:32:53.556517+00:00,79,2026-09-10T10:32:53.185296+00:00,false,microservices,auth,bc483827664f607d16ec8d1028c5eaf95a4b78241f89341537406b2b3ff3d13b,tcc-microservices-experiment-auth-1,0.02,79335260,1073741824,7.39,3,45.5kB / 40.3kB,12.1MB / 65.5kB
39,2026-09-10T10:32:53.556517+00:00,79,2026-09-10T10:32:53.185296+00:00,false,microservices,gateway,7b1746dd9455cfc12d23e4053048393f167eed983a0ff00da8e632fc5e88090e,tcc-microservices-experiment-gateway-1,30.88,481296384,536870912,89.66,82,18.4MB / 24.3MB,38.4MB / 229kB
39,2026-09-10T10:32:53.556517+00:00,79,2026-09-10T10:32:53.185296+00:00,false,microservices,mysql,755141645df04160459de2ab6785c26714e98cb892b67f7ef42b724d17f64490,tcc-microservices-experiment-mysql-1,26.52,535298048,1073741824,49.86,40,20.2MB / 61.5MB,47MB / 122MB
39,2026-09-10T10:32:53.556517+00:00,79,2026-09-10T10:32:53.185296+00:00,false,microservices,order,f2d39b0e8b9161f0182e5df55353bfdb074ce3d1675d58bab0a31906d62e976e,tcc-microservices-experiment-order-1,82.12,83015762,1073741824,7.73,3,73.9MB / 31.4MB,7.05MB / 77.8kB
39,2026-09-10T10:32:53.556517+00:00,79,2026-09-10T10:32:53.185296+00:00,false,microservices,product,100faf2f87c2e15ed43e34c330327e776f1c8c73339100c02b1f52e14b7f66db,tcc-microservices-experiment-product-1,0.02,78716600,1073741824,7.33,3,416kB / 282kB,11.8MB / 81.9kB
40,2026-09-10T10:32:54.556543+00:00,81,2026-09-10T10:32:54.185431+00:00,false,microservices,auth,bc483827664f607d16ec8d1028c5eaf95a4b78241f89341537406b2b3ff3d13b,tcc-microservices-experiment-auth-1,0.02,79335260,1073741824,7.39,3,45.5kB / 40.3kB,12.1MB / 65.5kB
40,2026-09-10T10:32:54.556543+00:00,81,2026-09-10T10:32:54.185431+00:00,false,microservices,gateway,7b1746dd9455cfc12d23e4053048393f167eed983a0ff00da8e632fc5e88090e,tcc-microservices-experiment-gateway-1,34.38,481296384,536870912,89.64,82,18.7MB / 24.7MB,38.4MB / 229kB
40,2026-09-10T10:32:54.556543+00:00,81,2026-09-10T10:32:54.185431+00:00,false,microservices,mysql,755141645df04160459de2ab6785c26714e98cb892b67f7ef42b724d17f64490,tcc-microservices-experiment-mysql-1,22.44,535088333,1073741824,49.83,40,20.5MB / 62.4MB,47MB / 122MB
40,2026-09-10T10:32:54.556543+00:00,81,2026-09-10T10:32:54.185431+00:00,false,microservices,order,f2d39b0e8b9161f0182e5df55353bfdb074ce3d1675d58bab0a31906d62e976e,tcc-microservices-experiment-order-1,82.52,82963333,1073741824,7.73,3,75MB / 31.9MB,7.05MB / 77.8kB
40,2026-09-10T10:32:54.556543+00:00,81,2026-09-10T10:32:54.185431+00:00,false,microservices,product,100faf2f87c2e15ed43e34c330327e776f1c8c73339100c02b1f52e14b7f66db,tcc-microservices-experiment-product-1,0.02,78716600,1073741824,7.33,3,416kB / 282kB,11.8MB / 81.9kB
41,2026-09-10T10:32:55.556510+00:00,83,2026-09-10T10:32:55.185436+00:00,false,microservices,auth,bc483827664f607d16ec8d1028c5eaf95a4b78241f89341537406b2b3ff3d13b,tcc-microservices-experiment-auth-1,0.01,79335260,1073741824,7.39,3,45.5kB / 40.3kB,12.1MB / 65.5kB
41,2026-09-10T10:32:55.556510+00:00,83,2026-09-10T10:32:55.185436+00:00,false,microservices,gateway,7b1746dd9455cfc12d23e4053048393f167eed983a0ff00da8e632fc5e88090e,tcc-microservices-experiment-gateway-1,31.72,480981811,536870912,89.59,82,19MB / 25.1MB,38.4MB / 229kB
41,2026-09-10T10:32:55.556510+00:00,83,2026-09-10T10:32:55.185436+00:00,false,microservices,mysql,755141645df04160459de2ab6785c26714e98cb892b67f7ef42b724d17f64490,tcc-microservices-experiment-mysql-1,26.9,536032051,1073741824,49.92,40,20.7MB / 63.3MB,47MB / 122MB
41,2026-09-10T10:32:55.556510+00:00,83,2026-09-10T10:32:55.185436+00:00,false,microservices,order,f2d39b0e8b9161f0182e5df55353bfdb074ce3d1675d58bab0a31906d62e976e,tcc-microservices-experiment-order-1,82.73,82889933,1073741824,7.72,3,76.1MB / 32.3MB,7.05MB / 77.8kB
41,2026-09-10T10:32:55.556510+00:00,83,2026-09-10T10:32:55.185436+00:00,false,microservices,product,100faf2f87c2e15ed43e34c330327e776f1c8c73339100c02b1f52e14b7f66db,tcc-microservices-experiment-product-1,0.02,78716600,1073741824,7.33,3,416kB / 282kB,11.8MB / 81.9kB
42,2026-09-10T10:32:56.556511+00:00,85,2026-09-10T10:32:56.185485+00:00,false,microservices,auth,bc483827664f607d16ec8d1028c5eaf95a4b78241f89341537406b2b3ff3d13b,tcc-microservices-experiment-auth-1,0.02,79335260,1073741824,7.39,3,45.5kB / 40.3kB,12.1MB / 65.5kB
42,2026-09-10T10:32:56.556511+00:00,85,2026-09-10T10:32:56.185485+00:00,false,microservices,gateway,7b1746dd9455cfc12d23e4053048393f167eed983a0ff00da8e632fc5e88090e,tcc-microservices-experiment-gateway-1,30.91,481086669,536870912,89.61,82,19.3MB / 25.5MB,38.4MB / 229kB
42,2026-09-10T10:32:56.556511+00:00,85,2026-09-10T10:32:56.185485+00:00,false,microservices,mysql,755141645df04160459de2ab6785c26714e98cb892b67f7ef42b724d17f64490,tcc-microservices-experiment-mysql-1,23.2,535402906,1073741824,49.86,40,21MB / 64.1MB,47MB / 122MB
42,2026-09-10T10:32:56.556511+00:00,85,2026-09-10T10:32:56.185485+00:00,false,microservices,order,f2d39b0e8b9161f0182e5df55353bfdb074ce3d1675d58bab0a31906d62e976e,tcc-microservices-experiment-order-1,81.79,82816532,1073741824,7.71,3,77.2MB / 32.7MB,7.05MB / 77.8kB
42,2026-09-10T10:32:56.556511+00:00,85,2026-09-10T10:32:56.185485+00:00,false,microservices,product,100faf2f87c2e15ed43e34c330327e776f1c8c73339100c02b1f52e14b7f66db,tcc-microservices-experiment-product-1,0.02,78716600,1073741824,7.33,3,416kB / 282kB,11.8MB / 81.9kB
43,2026-09-10T10:32:57.556543+00:00,87,2026-09-10T10:32:57.184594+00:00,false,microservices,auth,bc483827664f607d16ec8d1028c5eaf95a4b78241f89341537406b2b3ff3d13b,tcc-microservices-experiment-auth-1,0.02,79335260,1073741824,7.39,3,45.5kB / 40.3kB,12.1MB / 65.5kB
43,2026-09-10T10:32:57.556543+00:00,87,2026-09-10T10:32:57.184594+00:00,false,microservices,gateway,7b1746dd9455cfc12d23e4053048393f167eed983a0ff00da8e632fc5e88090e,tcc-microservices-experiment-gateway-1,30.77,481610957,536870912,89.7,82,19.6MB / 25.8MB,38.4MB / 229kB
43,2026-09-10T10:32:57.556543+00:00,87,2026-09-10T10:32:57.184594+00:00,false,microservices,mysql,755141645df04160459de2ab6785c26714e98cb892b67f7ef42b724d17f64490,tcc-microservices-experiment-mysql-1,26.99,535612621,1073741824,49.88,40,21.2MB / 65MB,47MB / 122MB
43,2026-09-10T10:32:57.556543+00:00,87,2026-09-10T10:32:57.184594+00:00,false,microservices,order,f2d39b0e8b9161f0182e5df55353bfdb074ce3d1675d58bab0a31906d62e976e,tcc-microservices-experiment-order-1,81.82,83309363,1073741824,7.76,3,78.3MB / 33.2MB,7.05MB / 77.8kB
43,2026-09-10T10:32:57.556543+00:00,87,2026-09-10T10:32:57.184594+00:00,false,microservices,product,100faf2f87c2e15ed43e34c330327e776f1c8c73339100c02b1f52e14b7f66db,tcc-microservices-experiment-product-1,0.02,78716600,1073741824,7.33,3,416kB / 282kB,11.8MB / 81.9kB
44,2026-09-10T10:32:58.556516+00:00,89,2026-09-10T10:32:58.185165+00:00,false,microservices,auth,bc483827664f607d16ec8d1028c5eaf95a4b78241f89341537406b2b3ff3d13b,tcc-microservices-experiment-auth-1,0.02,79335260,1073741824,7.39,3,45.5kB / 40.3kB,12.1MB / 65.5kB
44,2026-09-10T10:32:58.556516+00:00,89,2026-09-10T10:32:58.185165+00:00,false,microservices,gateway,7b1746dd9455cfc12d23e4053048393f167eed983a0ff00da8e632fc5e88090e,tcc-microservices-experiment-gateway-1,37.91,481086669,536870912,89.61,82,19.9MB / 26.2MB,38.4MB / 229kB
44,2026-09-10T10:32:58.556516+00:00,89,2026-09-10T10:32:58.185165+00:00,false,microservices,mysql,755141645df04160459de2ab6785c26714e98cb892b67f7ef42b724d17f64490,tcc-microservices-experiment-mysql-1,23.37,535298048,1073741824,49.85,40,21.5MB / 65.9MB,47MB / 122MB
44,2026-09-10T10:32:58.556516+00:00,89,2026-09-10T10:32:58.185165+00:00,false,microservices,order,f2d39b0e8b9161f0182e5df55353bfdb074ce3d1675d58bab0a31906d62e976e,tcc-microservices-experiment-order-1,80.78,83456164,1073741824,7.77,3,79.3MB / 33.6MB,7.05MB / 77.8kB
44,2026-09-10T10:32:58.556516+00:00,89,2026-09-10T10:32:58.185165+00:00,false,microservices,product,100faf2f87c2e15ed43e34c330327e776f1c8c73339100c02b1f52e14b7f66db,tcc-microservices-experiment-product-1,0.02,78716600,1073741824,7.33,3,416kB / 282kB,11.8MB / 81.9kB
45,2026-09-10T10:32:59.556515+00:00,91,2026-09-10T10:32:59.184953+00:00,false,microservices,auth,bc483827664f607d16ec8d1028c5eaf95a4b78241f89341537406b2b3ff3d13b,tcc-microservices-experiment-auth-1,0.02,79335260,1073741824,7.39,3,45.5kB / 40.3kB,12.1MB / 65.5kB
45,2026-09-10T10:32:59.556515+00:00,91,2026-09-10T10:32:59.184953+00:00,false,microservices,gateway,7b1746dd9455cfc12d23e4053048393f167eed983a0ff00da8e632fc5e88090e,tcc-microservices-experiment-gateway-1,69.3,481506099,536870912,89.69,82,20.2MB / 26.6MB,38.4MB / 229kB
45,2026-09-10T10:32:59.556515+00:00,91,2026-09-10T10:32:59.184953+00:00,false,microservices,mysql,755141645df04160459de2ab6785c26714e98cb892b67f7ef42b724d17f64490,tcc-microservices-experiment-mysql-1,27.68,535717478,1073741824,49.9,40,21.7MB / 66.8MB,47MB / 122MB
45,2026-09-10T10:32:59.556515+00:00,91,2026-09-10T10:32:59.184953+00:00,false,microservices,order,f2d39b0e8b9161f0182e5df55353bfdb074ce3d1675d58bab0a31906d62e976e,tcc-microservices-experiment-order-1,81.11,83152077,1073741824,7.74,3,80.4MB / 34MB,7.05MB / 77.8kB
45,2026-09-10T10:32:59.556515+00:00,91,2026-09-10T10:32:59.184953+00:00,false,microservices,product,100faf2f87c2e15ed43e34c330327e776f1c8c73339100c02b1f52e14b7f66db,tcc-microservices-experiment-product-1,0.02,78716600,1073741824,7.33,3,416kB / 282kB,11.8MB / 81.9kB
46,2026-09-10T10:33:00.556538+00:00,93,2026-09-10T10:33:00.185126+00:00,false,microservices,auth,bc483827664f607d16ec8d1028c5eaf95a4b78241f89341537406b2b3ff3d13b,tcc-microservices-experiment-auth-1,0.01,70495764,1073741824,6.57,3,45.5kB / 40.3kB,12.1MB / 8.9MB
46,2026-09-10T10:33:00.556538+00:00,93,2026-09-10T10:33:00.185126+00:00,false,microservices,gateway,7b1746dd9455cfc12d23e4053048393f167eed983a0ff00da8e632fc5e88090e,tcc-microservices-experiment-gateway-1,29.59,459590861,536870912,85.61,82,20.5MB / 27MB,38.4MB / 21.4MB
46,2026-09-10T10:33:00.556538+00:00,93,2026-09-10T10:33:00.185126+00:00,false,microservices,mysql,755141645df04160459de2ab6785c26714e98cb892b67f7ef42b724d17f64490,tcc-microservices-experiment-mysql-1,21.89,481925530,1073741824,44.88,40,22MB / 67.7MB,47MB / 146MB
46,2026-09-10T10:33:00.556538+00:00,93,2026-09-10T10:33:00.185126+00:00,false,microservices,order,f2d39b0e8b9161f0182e5df55353bfdb074ce3d1675d58bab0a31906d62e976e,tcc-microservices-experiment-order-1,88.18,73557606,1073741824,6.85,3,81.6MB / 34.5MB,7.16MB / 8.23MB
46,2026-09-10T10:33:00.556538+00:00,93,2026-09-10T10:33:00.185126+00:00,false,microservices,product,100faf2f87c2e15ed43e34c330327e776f1c8c73339100c02b1f52e14b7f66db,tcc-microservices-experiment-product-1,0.02,69877105,1073741824,6.51,3,416kB / 282kB,11.8MB / 8.91MB
47,2026-09-10T10:33:01.556510+00:00,95,2026-09-10T10:33:01.185235+00:00,false,microservices,auth,bc483827664f607d16ec8d1028c5eaf95a4b78241f89341537406b2b3ff3d13b,tcc-microservices-experiment-auth-1,0.02,70495764,1073741824,6.57,3,45.5kB / 40.3kB,12.1MB / 8.9MB
47,2026-09-10T10:33:01.556510+00:00,95,2026-09-10T10:33:01.185235+00:00,false,microservices,gateway,7b1746dd9455cfc12d23e4053048393f167eed983a0ff00da8e632fc5e88090e,tcc-microservices-experiment-gateway-1,30.88,459590861,536870912,85.6,82,20.8MB / 27.4MB,38.4MB / 21.4MB
47,2026-09-10T10:33:01.556510+00:00,95,2026-09-10T10:33:01.185235+00:00,false,microservices,mysql,755141645df04160459de2ab6785c26714e98cb892b67f7ef42b724d17f64490,tcc-microservices-experiment-mysql-1,27.58,483498394,1073741824,45.03,40,22.2MB / 68.6MB,49.1MB / 146MB
47,2026-09-10T10:33:01.556510+00:00,95,2026-09-10T10:33:01.185235+00:00,false,microservices,order,f2d39b0e8b9161f0182e5df55353bfdb074ce3d1675d58bab0a31906d62e976e,tcc-microservices-experiment-order-1,81.77,74218209,1073741824,6.91,3,82.7MB / 34.9MB,7.16MB / 8.23MB
47,2026-09-10T10:33:01.556510+00:00,95,2026-09-10T10:33:01.185235+00:00,false,microservices,product,100faf2f87c2e15ed43e34c330327e776f1c8c73339100c02b1f52e14b7f66db,tcc-microservices-experiment-product-1,0.02,69877105,1073741824,6.51,3,416kB / 282kB,11.8MB / 8.91MB
48,2026-09-10T10:33:02.556512+00:00,97,2026-09-10T10:33:02.185634+00:00,false,microservices,auth,bc483827664f607d16ec8d1028c5eaf95a4b78241f89341537406b2b3ff3d13b,tcc-microservices-experiment-auth-1,0.02,70495764,1073741824,6.57,3,45.5kB / 40.3kB,12.1MB / 8.9MB
48,2026-09-10T10:33:02.556512+00:00,97,2026-09-10T10:33:02.185634+00:00,false,microservices,gateway,7b1746dd9455cfc12d23e4053048393f167eed983a0ff00da8e632fc5e88090e,tcc-microservices-experiment-gateway-1,31.53,459486003,536870912,85.6,82,21.1MB / 27.8MB,38.4MB / 21.4MB
48,2026-09-10T10:33:02.556512+00:00,97,2026-09-10T10:33:02.185634+00:00,false,microservices,mysql,755141645df04160459de2ab6785c26714e98cb892b67f7ef42b724d17f64490,tcc-microservices-experiment-mysql-1,22.33,483708109,1073741824,45.05,40,22.5MB / 69.5MB,49.1MB / 146MB
48,2026-09-10T10:33:02.556512+00:00,97,2026-09-10T10:33:02.185634+00:00,false,microservices,order,f2d39b0e8b9161f0182e5df55353bfdb074ce3d1675d58bab0a31906d62e976e,tcc-microservices-experiment-order-1,81.87,74375496,1073741824,6.93,3,83.8MB / 35.4MB,7.16MB / 8.23MB
48,2026-09-10T10:33:02.556512+00:00,97,2026-09-10T10:33:02.185634+00:00,false,microservices,product,100faf2f87c2e15ed43e34c330327e776f1c8c73339100c02b1f52e14b7f66db,tcc-microservices-experiment-product-1,0.02,69877105,1073741824,6.51,3,416kB / 282kB,11.8MB / 8.91MB
49,2026-09-10T10:33:03.556515+00:00,99,2026-09-10T10:33:03.184934+00:00,false,microservices,auth,bc483827664f607d16ec8d1028c5eaf95a4b78241f89341537406b2b3ff3d13b,tcc-microservices-experiment-auth-1,0.02,70495764,1073741824,6.57,3,45.5kB / 40.3kB,12.1MB / 8.9MB
49,2026-09-10T10:33:03.556515+00:00,99,2026-09-10T10:33:03.184934+00:00,false,microservices,gateway,7b1746dd9455cfc12d23e4053048393f167eed983a0ff00da8e632fc5e88090e,tcc-microservices-experiment-gateway-1,30.56,459381146,536870912,85.56,82,21.4MB / 28.2MB,38.4MB / 21.4MB
49,2026-09-10T10:33:03.556515+00:00,99,2026-09-10T10:33:03.184934+00:00,false,microservices,mysql,755141645df04160459de2ab6785c26714e98cb892b67f7ef42b724d17f64490,tcc-microservices-experiment-mysql-1,27.43,484022682,1073741824,45.08,40,22.7MB / 70.4MB,49.1MB / 146MB
49,2026-09-10T10:33:03.556515+00:00,99,2026-09-10T10:33:03.184934+00:00,false,microservices,order,f2d39b0e8b9161f0182e5df55353bfdb074ce3d1675d58bab0a31906d62e976e,tcc-microservices-experiment-order-1,82.09,74123837,1073741824,6.9,3,84.9MB / 35.8MB,7.16MB / 8.23MB
49,2026-09-10T10:33:03.556515+00:00,99,2026-09-10T10:33:03.184934+00:00,false,microservices,product,100faf2f87c2e15ed43e34c330327e776f1c8c73339100c02b1f52e14b7f66db,tcc-microservices-experiment-product-1,0.02,69877105,1073741824,6.51,3,416kB / 282kB,11.8MB / 8.91MB
50,2026-09-10T10:33:04.556527+00:00,101,2026-09-10T10:33:04.185337+00:00,false,microservices,auth,bc483827664f607d16ec8d1028c5eaf95a4b78241f89341537406b2b3ff3d13b,tcc-microservices-experiment-auth-1,0.02,70495764,1073741824,6.57,3,45.5kB / 40.3kB,12.1MB / 8.9MB
50,2026-09-10T10:33:04.556527+00:00,101,2026-09-10T10:33:04.185337+00:00,false,microservices,gateway,7b1746dd9455cfc12d23e4053048393f167eed983a0ff00da8e632fc5e88090e,tcc-microservices-experiment-gateway-1,31.59,459171430,536870912,85.52,82,21.7MB / 28.6MB,38.4MB / 21.4MB
50,2026-09-10T10:33:04.556527+00:00,101,2026-09-10T10:33:04.185337+00:00,false,microservices,mysql,755141645df04160459de2ab6785c26714e98cb892b67f7ef42b724d17f64490,tcc-microservices-experiment-mysql-1,23.11,484127539,1073741824,45.09,40,23MB / 71.3MB,49.1MB / 146MB
50,2026-09-10T10:33:04.556527+00:00,101,2026-09-10T10:33:04.185337+00:00,false,microservices,order,f2d39b0e8b9161f0182e5df55353bfdb074ce3d1675d58bab0a31906d62e976e,tcc-microservices-experiment-order-1,81.6,74427924,1073741824,6.93,3,86MB / 36.2MB,7.16MB / 8.23MB
50,2026-09-10T10:33:04.556527+00:00,101,2026-09-10T10:33:04.185337+00:00,false,microservices,product,100faf2f87c2e15ed43e34c330327e776f1c8c73339100c02b1f52e14b7f66db,tcc-microservices-experiment-product-1,0.02,69877105,1073741824,6.51,3,416kB / 282kB,11.8MB / 8.91MB
51,2026-09-10T10:33:05.556530+00:00,103,2026-09-10T10:33:05.185496+00:00,false,microservices,auth,bc483827664f607d16ec8d1028c5eaf95a4b78241f89341537406b2b3ff3d13b,tcc-microservices-experiment-auth-1,0.02,70495764,1073741824,6.57,3,45.6kB / 40.3kB,12.1MB / 8.9MB
51,2026-09-10T10:33:05.556530+00:00,103,2026-09-10T10:33:05.185496+00:00,false,microservices,gateway,7b1746dd9455cfc12d23e4053048393f167eed983a0ff00da8e632fc5e88090e,tcc-microservices-experiment-gateway-1,34.61,459276288,536870912,85.54,77,22MB / 29MB,38.6MB / 21.4MB
51,2026-09-10T10:33:05.556530+00:00,103,2026-09-10T10:33:05.185496+00:00,false,microservices,mysql,755141645df04160459de2ab6785c26714e98cb892b67f7ef42b724d17f64490,tcc-microservices-experiment-mysql-1,26.62,484756685,1073741824,45.14,40,23.3MB / 72.2MB,49.1MB / 146MB
51,2026-09-10T10:33:05.556530+00:00,103,2026-09-10T10:33:05.185496+00:00,false,microservices,order,f2d39b0e8b9161f0182e5df55353bfdb074ce3d1675d58bab0a31906d62e976e,tcc-microservices-experiment-order-1,82.3,74281124,1073741824,6.92,3,87.1MB / 36.7MB,7.16MB / 8.23MB
51,2026-09-10T10:33:05.556530+00:00,103,2026-09-10T10:33:05.185496+00:00,false,microservices,product,100faf2f87c2e15ed43e34c330327e776f1c8c73339100c02b1f52e14b7f66db,tcc-microservices-experiment-product-1,0.02,69877105,1073741824,6.51,3,416kB / 282kB,11.8MB / 8.91MB
52,2026-09-10T10:33:06.556525+00:00,105,2026-09-10T10:33:06.185172+00:00,false,microservices,auth,bc483827664f607d16ec8d1028c5eaf95a4b78241f89341537406b2b3ff3d13b,tcc-microservices-experiment-auth-1,0.02,70495764,1073741824,6.57,3,45.7kB / 40.3kB,12.1MB / 8.9MB
52,2026-09-10T10:33:06.556525+00:00,105,2026-09-10T10:33:06.185172+00:00,false,microservices,gateway,7b1746dd9455cfc12d23e4053048393f167eed983a0ff00da8e632fc5e88090e,tcc-microservices-experiment-gateway-1,41.78,460220006,536870912,85.72,77,22.3MB / 29.4MB,38.7MB / 21.4MB
52,2026-09-10T10:33:06.556525+00:00,105,2026-09-10T10:33:06.185172+00:00,false,microservices,mysql,755141645df04160459de2ab6785c26714e98cb892b67f7ef42b724d17f64490,tcc-microservices-experiment-mysql-1,22.53,483812966,1073741824,45.06,40,23.5MB / 73.1MB,49.1MB / 146MB
52,2026-09-10T10:33:06.556525+00:00,105,2026-09-10T10:33:06.185172+00:00,false,microservices,order,f2d39b0e8b9161f0182e5df55353bfdb074ce3d1675d58bab0a31906d62e976e,tcc-microservices-experiment-order-1,82.81,74616668,1073741824,6.95,3,88.2MB / 37.1MB,7.16MB / 8.23MB
52,2026-09-10T10:33:06.556525+00:00,105,2026-09-10T10:33:06.185172+00:00,false,microservices,product,100faf2f87c2e15ed43e34c330327e776f1c8c73339100c02b1f52e14b7f66db,tcc-microservices-experiment-product-1,0.02,69877105,1073741824,6.51,3,416kB / 282kB,11.8MB / 8.91MB
53,2026-09-10T10:33:07.556499+00:00,107,2026-09-10T10:33:07.184702+00:00,false,microservices,auth,bc483827664f607d16ec8d1028c5eaf95a4b78241f89341537406b2b3ff3d13b,tcc-microservices-experiment-auth-1,0.02,70495764,1073741824,6.57,3,45.7kB / 40.3kB,12.1MB / 8.9MB
53,2026-09-10T10:33:07.556499+00:00,107,2026-09-10T10:33:07.184702+00:00,false,microservices,gateway,7b1746dd9455cfc12d23e4053048393f167eed983a0ff00da8e632fc5e88090e,tcc-microservices-experiment-gateway-1,30.47,459486003,536870912,85.59,77,22.6MB / 29.7MB,38.7MB / 21.4MB
53,2026-09-10T10:33:07.556499+00:00,107,2026-09-10T10:33:07.184702+00:00,false,microservices,mysql,755141645df04160459de2ab6785c26714e98cb892b67f7ef42b724d17f64490,tcc-microservices-experiment-mysql-1,27.03,484756685,1073741824,45.14,40,23.8MB / 74MB,49.1MB / 146MB
53,2026-09-10T10:33:07.556499+00:00,107,2026-09-10T10:33:07.184702+00:00,false,microservices,order,f2d39b0e8b9161f0182e5df55353bfdb074ce3d1675d58bab0a31906d62e976e,tcc-microservices-experiment-order-1,82.02,74385981,1073741824,6.93,3,89.3MB / 37.6MB,7.16MB / 8.23MB
53,2026-09-10T10:33:07.556499+00:00,107,2026-09-10T10:33:07.184702+00:00,false,microservices,product,100faf2f87c2e15ed43e34c330327e776f1c8c73339100c02b1f52e14b7f66db,tcc-microservices-experiment-product-1,0.02,69877105,1073741824,6.51,3,416kB / 282kB,11.8MB / 8.91MB
54,2026-09-10T10:33:08.556499+00:00,109,2026-09-10T10:33:08.185213+00:00,false,microservices,auth,bc483827664f607d16ec8d1028c5eaf95a4b78241f89341537406b2b3ff3d13b,tcc-microservices-experiment-auth-1,0.02,70495764,1073741824,6.57,3,45.7kB / 40.3kB,12.1MB / 8.9MB
54,2026-09-10T10:33:08.556499+00:00,109,2026-09-10T10:33:08.185213+00:00,false,microservices,gateway,7b1746dd9455cfc12d23e4053048393f167eed983a0ff00da8e632fc5e88090e,tcc-microservices-experiment-gateway-1,31.24,459590861,536870912,85.61,77,22.9MB / 30.1MB,38.7MB / 21.4MB
54,2026-09-10T10:33:08.556499+00:00,109,2026-09-10T10:33:08.185213+00:00,false,microservices,mysql,755141645df04160459de2ab6785c26714e98cb892b67f7ef42b724d17f64490,tcc-microservices-experiment-mysql-1,22.37,483917824,1073741824,45.06,40,24MB / 75MB,49.1MB / 146MB
54,2026-09-10T10:33:08.556499+00:00,109,2026-09-10T10:33:08.185213+00:00,false,microservices,order,f2d39b0e8b9161f0182e5df55353bfdb074ce3d1675d58bab0a31906d62e976e,tcc-microservices-experiment-order-1,82.55,74396467,1073741824,6.93,3,90.5MB / 38MB,7.16MB / 8.23MB
54,2026-09-10T10:33:08.556499+00:00,109,2026-09-10T10:33:08.185213+00:00,false,microservices,product,100faf2f87c2e15ed43e34c330327e776f1c8c73339100c02b1f52e14b7f66db,tcc-microservices-experiment-product-1,0.02,69877105,1073741824,6.51,3,416kB / 282kB,11.8MB / 8.91MB
55,2026-09-10T10:33:09.556552+00:00,111,2026-09-10T10:33:09.185562+00:00,false,microservices,auth,bc483827664f607d16ec8d1028c5eaf95a4b78241f89341537406b2b3ff3d13b,tcc-microservices-experiment-auth-1,0.02,70495764,1073741824,6.57,3,45.7kB / 40.3kB,12.1MB / 8.9MB
55,2026-09-10T10:33:09.556552+00:00,111,2026-09-10T10:33:09.185562+00:00,false,microservices,gateway,7b1746dd9455cfc12d23e4053048393f167eed983a0ff00da8e632fc5e88090e,tcc-microservices-experiment-gateway-1,31.25,459590861,536870912,85.61,77,23.2MB / 30.5MB,38.7MB / 21.4MB
55,2026-09-10T10:33:09.556552+00:00,111,2026-09-10T10:33:09.185562+00:00,false,microservices,mysql,755141645df04160459de2ab6785c26714e98cb892b67f7ef42b724d17f64490,tcc-microservices-experiment-mysql-1,26.94,484861542,1073741824,45.16,40,24.3MB / 75.9MB,49.1MB / 146MB
55,2026-09-10T10:33:09.556552+00:00,111,2026-09-10T10:33:09.185562+00:00,false,microservices,order,f2d39b0e8b9161f0182e5df55353bfdb074ce3d1675d58bab0a31906d62e976e,tcc-microservices-experiment-order-1,81.86,73935094,1073741824,6.89,3,91.6MB / 38.5MB,7.16MB / 8.23MB
55,2026-09-10T10:33:09.556552+00:00,111,2026-09-10T10:33:09.185562+00:00,false,microservices,product,100faf2f87c2e15ed43e34c330327e776f1c8c73339100c02b1f52e14b7f66db,tcc-microservices-experiment-product-1,0.02,69877105,1073741824,6.51,3,416kB / 282kB,11.8MB / 8.91MB
56,2026-09-10T10:33:10.556533+00:00,113,2026-09-10T10:33:10.185153+00:00,false,microservices,auth,bc483827664f607d16ec8d1028c5eaf95a4b78241f89341537406b2b3ff3d13b,tcc-microservices-experiment-auth-1,0.02,70495764,1073741824,6.57,3,45.8kB / 40.3kB,12.1MB / 8.9MB
56,2026-09-10T10:33:10.556533+00:00,113,2026-09-10T10:33:10.185153+00:00,false,microservices,gateway,7b1746dd9455cfc12d23e4053048393f167eed983a0ff00da8e632fc5e88090e,tcc-microservices-experiment-gateway-1,32.27,459276288,536870912,85.55,77,23.5MB / 30.9MB,38.7MB / 21.4MB
56,2026-09-10T10:33:10.556533+00:00,113,2026-09-10T10:33:10.185153+00:00,false,microservices,mysql,755141645df04160459de2ab6785c26714e98cb892b67f7ef42b724d17f64490,tcc-microservices-experiment-mysql-1,23.27,484442112,1073741824,45.12,40,24.6MB / 76.8MB,49.1MB / 146MB
56,2026-09-10T10:33:10.556533+00:00,113,2026-09-10T10:33:10.185153+00:00,false,microservices,order,f2d39b0e8b9161f0182e5df55353bfdb074ce3d1675d58bab0a31906d62e976e,tcc-microservices-experiment-order-1,81.66,74165780,1073741824,6.91,3,92.7MB / 38.9MB,7.16MB / 8.23MB
56,2026-09-10T10:33:10.556533+00:00,113,2026-09-10T10:33:10.185153+00:00,false,microservices,product,100faf2f87c2e15ed43e34c330327e776f1c8c73339100c02b1f52e14b7f66db,tcc-microservices-experiment-product-1,0.02,69877105,1073741824,6.51,3,416kB / 282kB,11.8MB / 8.91MB
57,2026-09-10T10:33:11.556536+00:00,115,2026-09-10T10:33:11.184683+00:00,false,microservices,auth,bc483827664f607d16ec8d1028c5eaf95a4b78241f89341537406b2b3ff3d13b,tcc-microservices-experiment-auth-1,0.02,70495764,1073741824,6.57,3,45.8kB / 40.3kB,12.1MB / 8.9MB
57,2026-09-10T10:33:11.556536+00:00,115,2026-09-10T10:33:11.184683+00:00,false,microservices,gateway,7b1746dd9455cfc12d23e4053048393f167eed983a0ff00da8e632fc5e88090e,tcc-microservices-experiment-gateway-1,32.27,459276288,536870912,85.55,77,23.5MB / 30.9MB,38.7MB / 21.4MB
57,2026-09-10T10:33:11.556536+00:00,115,2026-09-10T10:33:11.184683+00:00,false,microservices,mysql,755141645df04160459de2ab6785c26714e98cb892b67f7ef42b724d17f64490,tcc-microservices-experiment-mysql-1,23.27,484442112,1073741824,45.12,40,24.6MB / 76.8MB,49.1MB / 146MB
57,2026-09-10T10:33:11.556536+00:00,115,2026-09-10T10:33:11.184683+00:00,false,microservices,order,f2d39b0e8b9161f0182e5df55353bfdb074ce3d1675d58bab0a31906d62e976e,tcc-microservices-experiment-order-1,81.66,74165780,1073741824,6.91,3,92.7MB / 38.9MB,7.16MB / 8.23MB
57,2026-09-10T10:33:11.556536+00:00,115,2026-09-10T10:33:11.184683+00:00,false,microservices,product,100faf2f87c2e15ed43e34c330327e776f1c8c73339100c02b1f52e14b7f66db,tcc-microservices-experiment-product-1,0.02,69877105,1073741824,6.51,3,416kB / 282kB,11.8MB / 8.91MB
58,2026-09-10T10:33:12.556515+00:00,117,2026-09-10T10:33:12.184674+00:00,false,microservices,auth,bc483827664f607d16ec8d1028c5eaf95a4b78241f89341537406b2b3ff3d13b,tcc-microservices-experiment-auth-1,0.02,70495764,1073741824,6.57,3,45.8kB / 40.3kB,12.1MB / 8.9MB
58,2026-09-10T10:33:12.556515+00:00,117,2026-09-10T10:33:12.184674+00:00,false,microservices,gateway,7b1746dd9455cfc12d23e4053048393f167eed983a0ff00da8e632fc5e88090e,tcc-microservices-experiment-gateway-1,34.08,459276288,536870912,85.55,77,23.8MB / 31.3MB,38.7MB / 21.4MB
58,2026-09-10T10:33:12.556515+00:00,117,2026-09-10T10:33:12.184674+00:00,false,microservices,mysql,755141645df04160459de2ab6785c26714e98cb892b67f7ef42b724d17f64490,tcc-microservices-experiment-mysql-1,26.25,484651827,1073741824,45.14,40,24.8MB / 77.7MB,49.1MB / 146MB
58,2026-09-10T10:33:12.556515+00:00,117,2026-09-10T10:33:12.184674+00:00,false,microservices,order,f2d39b0e8b9161f0182e5df55353bfdb074ce3d1675d58bab0a31906d62e976e,tcc-microservices-experiment-order-1,83.18,74312581,1073741824,6.92,3,93.8MB / 39.4MB,7.16MB / 8.23MB
58,2026-09-10T10:33:12.556515+00:00,117,2026-09-10T10:33:12.184674+00:00,false,microservices,product,100faf2f87c2e15ed43e34c330327e776f1c8c73339100c02b1f52e14b7f66db,tcc-microservices-experiment-product-1,0.02,69877105,1073741824,6.51,3,416kB / 282kB,11.8MB / 8.91MB
59,2026-09-10T10:33:13.556542+00:00,119,2026-09-10T10:33:13.184970+00:00,false,microservices,auth,bc483827664f607d16ec8d1028c5eaf95a4b78241f89341537406b2b3ff3d13b,tcc-microservices-experiment-auth-1,0.02,70495764,1073741824,6.57,3,45.8kB / 40.3kB,12.1MB / 8.9MB
59,2026-09-10T10:33:13.556542+00:00,119,2026-09-10T10:33:13.184970+00:00,false,microservices,gateway,7b1746dd9455cfc12d23e4053048393f167eed983a0ff00da8e632fc5e88090e,tcc-microservices-experiment-gateway-1,30.32,459486003,536870912,85.59,77,24MB / 31.7MB,38.7MB / 21.4MB
59,2026-09-10T10:33:13.556542+00:00,119,2026-09-10T10:33:13.184970+00:00,false,microservices,mysql,755141645df04160459de2ab6785c26714e98cb892b67f7ef42b724d17f64490,tcc-microservices-experiment-mysql-1,23.58,483708109,1073741824,45.05,40,25.1MB / 78.6MB,49.1MB / 146MB
59,2026-09-10T10:33:13.556542+00:00,119,2026-09-10T10:33:13.184970+00:00,false,microservices,order,f2d39b0e8b9161f0182e5df55353bfdb074ce3d1675d58bab0a31906d62e976e,tcc-microservices-experiment-order-1,81.15,74144809,1073741824,6.91,3,94.9MB / 39.8MB,7.16MB / 8.23MB
59,2026-09-10T10:33:13.556542+00:00,119,2026-09-10T10:33:13.184970+00:00,false,microservices,product,100faf2f87c2e15ed43e34c330327e776f1c8c73339100c02b1f52e14b7f66db,tcc-microservices-experiment-product-1,0.02,69877105,1073741824,6.51,3,416kB / 282kB,11.8MB / 8.91MB
60,2026-09-10T10:33:14.556497+00:00,121,2026-09-10T10:33:14.186250+00:00,false,microservices,auth,bc483827664f607d16ec8d1028c5eaf95a4b78241f89341537406b2b3ff3d13b,tcc-microservices-experiment-auth-1,0.02,70495764,1073741824,6.57,3,45.8kB / 40.3kB,12.1MB / 8.9MB
60,2026-09-10T10:33:14.556497+00:00,121,2026-09-10T10:33:14.186250+00:00,false,microservices,gateway,7b1746dd9455cfc12d23e4053048393f167eed983a0ff00da8e632fc5e88090e,tcc-microservices-experiment-gateway-1,31.09,459905434,536870912,85.66,77,24.3MB / 32.1MB,38.7MB / 21.4MB
60,2026-09-10T10:33:14.556497+00:00,121,2026-09-10T10:33:14.186250+00:00,false,microservices,mysql,755141645df04160459de2ab6785c26714e98cb892b67f7ef42b724d17f64490,tcc-microservices-experiment-mysql-1,27.43,484546970,1073741824,45.13,40,25.3MB / 79.5MB,49.1MB / 146MB
60,2026-09-10T10:33:14.556497+00:00,121,2026-09-10T10:33:14.186250+00:00,false,microservices,order,f2d39b0e8b9161f0182e5df55353bfdb074ce3d1675d58bab0a31906d62e976e,tcc-microservices-experiment-order-1,81.62,74165780,1073741824,6.91,3,96MB / 40.3MB,7.16MB / 8.23MB
60,2026-09-10T10:33:14.556497+00:00,121,2026-09-10T10:33:14.186250+00:00,false,microservices,product,100faf2f87c2e15ed43e34c330327e776f1c8c73339100c02b1f52e14b7f66db,tcc-microservices-experiment-product-1,0.02,69877105,1073741824,6.51,3,416kB / 282kB,11.8MB / 8.91MB
61,2026-09-10T10:33:15.556525+00:00,123,2026-09-10T10:33:15.185551+00:00,false,microservices,auth,bc483827664f607d16ec8d1028c5eaf95a4b78241f89341537406b2b3ff3d13b,tcc-microservices-experiment-auth-1,0.02,70495764,1073741824,6.57,3,45.8kB / 40.3kB,12.1MB / 8.9MB
61,2026-09-10T10:33:15.556525+00:00,123,2026-09-10T10:33:15.185551+00:00,false,microservices,gateway,7b1746dd9455cfc12d23e4053048393f167eed983a0ff00da8e632fc5e88090e,tcc-microservices-experiment-gateway-1,31.96,458961715,536870912,85.48,77,24.6MB / 32.5MB,38.7MB / 21.4MB
61,2026-09-10T10:33:15.556525+00:00,123,2026-09-10T10:33:15.185551+00:00,false,microservices,mysql,755141645df04160459de2ab6785c26714e98cb892b67f7ef42b724d17f64490,tcc-microservices-experiment-mysql-1,22.7,483917824,1073741824,45.07,40,25.6MB / 80.4MB,49.1MB / 146MB
61,2026-09-10T10:33:15.556525+00:00,123,2026-09-10T10:33:15.185551+00:00,false,microservices,order,f2d39b0e8b9161f0182e5df55353bfdb074ce3d1675d58bab0a31906d62e976e,tcc-microservices-experiment-order-1,81.56,74218209,1073741824,6.91,3,97.2MB / 40.7MB,7.16MB / 8.23MB
61,2026-09-10T10:33:15.556525+00:00,123,2026-09-10T10:33:15.185551+00:00,false,microservices,product,100faf2f87c2e15ed43e34c330327e776f1c8c73339100c02b1f52e14b7f66db,tcc-microservices-experiment-product-1,0.02,69877105,1073741824,6.51,3,416kB / 282kB,11.8MB / 8.91MB
62,2026-09-10T10:33:16.556526+00:00,125,2026-09-10T10:33:16.186979+00:00,false,microservices,auth,bc483827664f607d16ec8d1028c5eaf95a4b78241f89341537406b2b3ff3d13b,tcc-microservices-experiment-auth-1,0.01,70495764,1073741824,6.57,3,45.8kB / 40.3kB,12.1MB / 8.9MB
62,2026-09-10T10:33:16.556526+00:00,125,2026-09-10T10:33:16.186979+00:00,false,microservices,gateway,7b1746dd9455cfc12d23e4053048393f167eed983a0ff00da8e632fc5e88090e,tcc-microservices-experiment-gateway-1,31.14,459905434,536870912,85.66,77,24.9MB / 32.9MB,38.7MB / 21.4MB
62,2026-09-10T10:33:16.556526+00:00,125,2026-09-10T10:33:16.186979+00:00,false,microservices,mysql,755141645df04160459de2ab6785c26714e98cb892b67f7ef42b724d17f64490,tcc-microservices-experiment-mysql-1,27.01,484966400,1073741824,45.17,40,25.8MB / 81.3MB,49.1MB / 146MB
62,2026-09-10T10:33:16.556526+00:00,125,2026-09-10T10:33:16.186979+00:00,false,microservices,order,f2d39b0e8b9161f0182e5df55353bfdb074ce3d1675d58bab0a31906d62e976e,tcc-microservices-experiment-order-1,81.68,74333553,1073741824,6.92,3,98.3MB / 41.1MB,7.16MB / 9.52MB
62,2026-09-10T10:33:16.556526+00:00,125,2026-09-10T10:33:16.186979+00:00,false,microservices,product,100faf2f87c2e15ed43e34c330327e776f1c8c73339100c02b1f52e14b7f66db,tcc-microservices-experiment-product-1,0.02,69877105,1073741824,6.51,3,416kB / 282kB,11.8MB / 8.91MB
63,2026-09-10T10:33:17.556516+00:00,127,2026-09-10T10:33:17.186363+00:00,false,microservices,auth,bc483827664f607d16ec8d1028c5eaf95a4b78241f89341537406b2b3ff3d13b,tcc-microservices-experiment-auth-1,0.02,70495764,1073741824,6.57,3,45.8kB / 40.3kB,12.1MB / 8.9MB
63,2026-09-10T10:33:17.556516+00:00,127,2026-09-10T10:33:17.186363+00:00,false,microservices,gateway,7b1746dd9455cfc12d23e4053048393f167eed983a0ff00da8e632fc5e88090e,tcc-microservices-experiment-gateway-1,32.03,459695718,536870912,85.62,77,25.2MB / 33.3MB,38.7MB / 21.4MB
63,2026-09-10T10:33:17.556516+00:00,127,2026-09-10T10:33:17.186363+00:00,false,microservices,mysql,755141645df04160459de2ab6785c26714e98cb892b67f7ef42b724d17f64490,tcc-microservices-experiment-mysql-1,22.55,484127539,1073741824,45.09,40,26.1MB / 82.2MB,49.1MB / 146MB
63,2026-09-10T10:33:17.556516+00:00,127,2026-09-10T10:33:17.186363+00:00,false,microservices,order,f2d39b0e8b9161f0182e5df55353bfdb074ce3d1675d58bab0a31906d62e976e,tcc-microservices-experiment-order-1,82.2,73987523,1073741824,6.89,3,99.4MB / 41.6MB,7.16MB / 9.52MB
63,2026-09-10T10:33:17.556516+00:00,127,2026-09-10T10:33:17.186363+00:00,false,microservices,product,100faf2f87c2e15ed43e34c330327e776f1c8c73339100c02b1f52e14b7f66db,tcc-microservices-experiment-product-1,0.02,69877105,1073741824,6.51,3,416kB / 282kB,11.8MB / 8.91MB
64,2026-09-10T10:33:18.556526+00:00,129,2026-09-10T10:33:18.186208+00:00,false,microservices,auth,bc483827664f607d16ec8d1028c5eaf95a4b78241f89341537406b2b3ff3d13b,tcc-microservices-experiment-auth-1,0.02,70495764,1073741824,6.57,3,45.8kB / 40.3kB,12.1MB / 8.9MB
64,2026-09-10T10:33:18.556526+00:00,129,2026-09-10T10:33:18.186208+00:00,false,microservices,gateway,7b1746dd9455cfc12d23e4053048393f167eed983a0ff00da8e632fc5e88090e,tcc-microservices-experiment-gateway-1,41.74,459800576,536870912,85.64,77,25.5MB / 33.7MB,38.8MB / 21.4MB
64,2026-09-10T10:33:18.556526+00:00,129,2026-09-10T10:33:18.186208+00:00,false,microservices,mysql,755141645df04160459de2ab6785c26714e98cb892b67f7ef42b724d17f64490,tcc-microservices-experiment-mysql-1,24.33,489055846,1073741824,45.55,46,26.3MB / 83.1MB,49.1MB / 146MB
64,2026-09-10T10:33:18.556526+00:00,129,2026-09-10T10:33:18.186208+00:00,false,microservices,order,f2d39b0e8b9161f0182e5df55353bfdb074ce3d1675d58bab0a31906d62e976e,tcc-microservices-experiment-order-1,83.15,74071409,1073741824,6.9,3,100MB / 42MB,7.16MB / 9.52MB
64,2026-09-10T10:33:18.556526+00:00,129,2026-09-10T10:33:18.186208+00:00,false,microservices,product,100faf2f87c2e15ed43e34c330327e776f1c8c73339100c02b1f52e14b7f66db,tcc-microservices-experiment-product-1,0.02,69877105,1073741824,6.51,3,416kB / 282kB,11.8MB / 8.91MB
65,2026-09-10T10:33:19.556535+00:00,131,2026-09-10T10:33:19.186218+00:00,false,microservices,auth,bc483827664f607d16ec8d1028c5eaf95a4b78241f89341537406b2b3ff3d13b,tcc-microservices-experiment-auth-1,0.02,70495764,1073741824,6.57,3,45.8kB / 40.3kB,12.1MB / 8.9MB
65,2026-09-10T10:33:19.556535+00:00,131,2026-09-10T10:33:19.186218+00:00,false,microservices,gateway,7b1746dd9455cfc12d23e4053048393f167eed983a0ff00da8e632fc5e88090e,tcc-microservices-experiment-gateway-1,32.7,460534579,536870912,85.78,77,25.8MB / 34.1MB,38.8MB / 21.4MB
65,2026-09-10T10:33:19.556535+00:00,131,2026-09-10T10:33:19.186218+00:00,false,microservices,mysql,755141645df04160459de2ab6785c26714e98cb892b67f7ef42b724d17f64490,tcc-microservices-experiment-mysql-1,24.03,483393536,1073741824,45.02,40,26.6MB / 84MB,49.1MB / 146MB
65,2026-09-10T10:33:19.556535+00:00,131,2026-09-10T10:33:19.186218+00:00,false,microservices,order,f2d39b0e8b9161f0182e5df55353bfdb074ce3d1675d58bab0a31906d62e976e,tcc-microservices-experiment-order-1,83.89,74648125,1073741824,6.95,3,102MB / 42.4MB,7.16MB / 9.52MB
65,2026-09-10T10:33:19.556535+00:00,131,2026-09-10T10:33:19.186218+00:00,false,microservices,product,100faf2f87c2e15ed43e34c330327e776f1c8c73339100c02b1f52e14b7f66db,tcc-microservices-experiment-product-1,0.02,69877105,1073741824,6.51,3,416kB / 282kB,11.8MB / 8.91MB
66,2026-09-10T10:33:20.556514+00:00,133,2026-09-10T10:33:20.186430+00:00,false,microservices,auth,bc483827664f607d16ec8d1028c5eaf95a4b78241f89341537406b2b3ff3d13b,tcc-microservices-experiment-auth-1,0.01,70495764,1073741824,6.57,3,45.8kB / 40.3kB,12.1MB / 8.9MB
66,2026-09-10T10:33:20.556514+00:00,133,2026-09-10T10:33:20.186430+00:00,false,microservices,gateway,7b1746dd9455cfc12d23e4053048393f167eed983a0ff00da8e632fc5e88090e,tcc-microservices-experiment-gateway-1,33.22,460534579,536870912,85.78,77,26.1MB / 34.5MB,38.8MB / 21.4MB
66,2026-09-10T10:33:20.556514+00:00,133,2026-09-10T10:33:20.186430+00:00,false,microservices,mysql,755141645df04160459de2ab6785c26714e98cb892b67f7ef42b724d17f64490,tcc-microservices-experiment-mysql-1,22.8,483288678,1073741824,45.01,40,26.8MB / 84.9MB,49.1MB / 146MB
66,2026-09-10T10:33:20.556514+00:00,133,2026-09-10T10:33:20.186430+00:00,false,microservices,order,f2d39b0e8b9161f0182e5df55353bfdb074ce3d1675d58bab0a31906d62e976e,tcc-microservices-experiment-order-1,82.63,74050437,1073741824,6.9,3,103MB / 42.9MB,7.16MB / 9.52MB
66,2026-09-10T10:33:20.556514+00:00,133,2026-09-10T10:33:20.186430+00:00,false,microservices,product,100faf2f87c2e15ed43e34c330327e776f1c8c73339100c02b1f52e14b7f66db,tcc-microservices-experiment-product-1,0.02,69877105,1073741824,6.51,3,416kB / 282kB,11.8MB / 8.91MB
67,2026-09-10T10:33:21.556534+00:00,135,2026-09-10T10:33:21.187019+00:00,false,microservices,auth,bc483827664f607d16ec8d1028c5eaf95a4b78241f89341537406b2b3ff3d13b,tcc-microservices-experiment-auth-1,0.02,70495764,1073741824,6.57,3,45.8kB / 40.3kB,12.1MB / 8.9MB
67,2026-09-10T10:33:21.556534+00:00,135,2026-09-10T10:33:21.187019+00:00,false,microservices,gateway,7b1746dd9455cfc12d23e4053048393f167eed983a0ff00da8e632fc5e88090e,tcc-microservices-experiment-gateway-1,32.27,460220006,536870912,85.72,77,26.4MB / 34.8MB,38.8MB / 21.4MB
67,2026-09-10T10:33:21.556534+00:00,135,2026-09-10T10:33:21.187019+00:00,false,microservices,mysql,755141645df04160459de2ab6785c26714e98cb892b67f7ef42b724d17f64490,tcc-microservices-experiment-mysql-1,26.61,484127539,1073741824,45.09,40,27.1MB / 85.8MB,49.1MB / 146MB
67,2026-09-10T10:33:21.556534+00:00,135,2026-09-10T10:33:21.187019+00:00,false,microservices,order,f2d39b0e8b9161f0182e5df55353bfdb074ce3d1675d58bab0a31906d62e976e,tcc-microservices-experiment-order-1,82.37,73830236,1073741824,6.88,3,104MB / 43.3MB,7.16MB / 9.52MB
67,2026-09-10T10:33:21.556534+00:00,135,2026-09-10T10:33:21.187019+00:00,false,microservices,product,100faf2f87c2e15ed43e34c330327e776f1c8c73339100c02b1f52e14b7f66db,tcc-microservices-experiment-product-1,0.02,69877105,1073741824,6.51,3,416kB / 282kB,11.8MB / 8.91MB
68,2026-09-10T10:33:22.556516+00:00,137,2026-09-10T10:33:22.186255+00:00,false,microservices,auth,bc483827664f607d16ec8d1028c5eaf95a4b78241f89341537406b2b3ff3d13b,tcc-microservices-experiment-auth-1,0.01,70495764,1073741824,6.57,3,45.8kB / 40.3kB,12.1MB / 8.9MB
68,2026-09-10T10:33:22.556516+00:00,137,2026-09-10T10:33:22.186255+00:00,false,microservices,gateway,7b1746dd9455cfc12d23e4053048393f167eed983a0ff00da8e632fc5e88090e,tcc-microservices-experiment-gateway-1,32.39,459905434,536870912,85.67,77,26.7MB / 35.2MB,38.8MB / 21.4MB
68,2026-09-10T10:33:22.556516+00:00,137,2026-09-10T10:33:22.186255+00:00,false,microservices,mysql,755141645df04160459de2ab6785c26714e98cb892b67f7ef42b724d17f64490,tcc-microservices-experiment-mysql-1,23.23,483708109,1073741824,45.05,40,27.4MB / 86.7MB,49.1MB / 146MB
68,2026-09-10T10:33:22.556516+00:00,137,2026-09-10T10:33:22.186255+00:00,false,microservices,order,f2d39b0e8b9161f0182e5df55353bfdb074ce3d1675d58bab0a31906d62e976e,tcc-microservices-experiment-order-1,81.82,74448896,1073741824,6.93,3,105MB / 43.8MB,7.16MB / 9.52MB
68,2026-09-10T10:33:22.556516+00:00,137,2026-09-10T10:33:22.186255+00:00,false,microservices,product,100faf2f87c2e15ed43e34c330327e776f1c8c73339100c02b1f52e14b7f66db,tcc-microservices-experiment-product-1,0.02,69877105,1073741824,6.51,3,416kB / 282kB,11.8MB / 8.91MB
69,2026-09-10T10:33:23.556508+00:00,139,2026-09-10T10:33:23.186211+00:00,false,microservices,auth,bc483827664f607d16ec8d1028c5eaf95a4b78241f89341537406b2b3ff3d13b,tcc-microservices-experiment-auth-1,0.02,70495764,1073741824,6.57,3,45.8kB / 40.3kB,12.1MB / 8.9MB
69,2026-09-10T10:33:23.556508+00:00,139,2026-09-10T10:33:23.186211+00:00,false,microservices,gateway,7b1746dd9455cfc12d23e4053048393f167eed983a0ff00da8e632fc5e88090e,tcc-microservices-experiment-gateway-1,32.29,459695718,536870912,85.62,77,27MB / 35.6MB,38.8MB / 21.4MB
69,2026-09-10T10:33:23.556508+00:00,139,2026-09-10T10:33:23.186211+00:00,false,microservices,mysql,755141645df04160459de2ab6785c26714e98cb892b67f7ef42b724d17f64490,tcc-microservices-experiment-mysql-1,27.07,484127539,1073741824,45.09,40,27.6MB / 87.6MB,49.1MB / 146MB
69,2026-09-10T10:33:23.556508+00:00,139,2026-09-10T10:33:23.186211+00:00,false,microservices,order,f2d39b0e8b9161f0182e5df55353bfdb074ce3d1675d58bab0a31906d62e976e,tcc-microservices-experiment-order-1,81.59,74501325,1073741824,6.94,3,106MB / 44.2MB,7.16MB / 9.52MB
69,2026-09-10T10:33:23.556508+00:00,139,2026-09-10T10:33:23.186211+00:00,false,microservices,product,100faf2f87c2e15ed43e34c330327e776f1c8c73339100c02b1f52e14b7f66db,tcc-microservices-experiment-product-1,0.02,69877105,1073741824,6.51,3,416kB / 282kB,11.8MB / 8.91MB
70,2026-09-10T10:33:24.556526+00:00,141,2026-09-10T10:33:24.184585+00:00,false,microservices,auth,bc483827664f607d16ec8d1028c5eaf95a4b78241f89341537406b2b3ff3d13b,tcc-microservices-experiment-auth-1,0.02,70495764,1073741824,6.57,3,45.8kB / 40.3kB,12.1MB / 8.9MB
70,2026-09-10T10:33:24.556526+00:00,141,2026-09-10T10:33:24.184585+00:00,false,microservices,gateway,7b1746dd9455cfc12d23e4053048393f167eed983a0ff00da8e632fc5e88090e,tcc-microservices-experiment-gateway-1,31.66,459171430,536870912,85.52,77,27.3MB / 36MB,38.8MB / 21.4MB
70,2026-09-10T10:33:24.556526+00:00,141,2026-09-10T10:33:24.184585+00:00,false,microservices,mysql,755141645df04160459de2ab6785c26714e98cb892b67f7ef42b724d17f64490,tcc-microservices-experiment-mysql-1,22.87,483708109,1073741824,45.04,40,27.9MB / 88.5MB,49.1MB / 146MB
70,2026-09-10T10:33:24.556526+00:00,141,2026-09-10T10:33:24.184585+00:00,false,microservices,order,f2d39b0e8b9161f0182e5df55353bfdb074ce3d1675d58bab0a31906d62e976e,tcc-microservices-experiment-order-1,81.72,74564239,1073741824,6.94,3,107MB / 44.7MB,7.16MB / 9.52MB
70,2026-09-10T10:33:24.556526+00:00,141,2026-09-10T10:33:24.184585+00:00,false,microservices,product,100faf2f87c2e15ed43e34c330327e776f1c8c73339100c02b1f52e14b7f66db,tcc-microservices-experiment-product-1,0.02,69877105,1073741824,6.51,3,416kB / 282kB,11.8MB / 8.91MB
71,2026-09-10T10:33:25.556529+00:00,143,2026-09-10T10:33:25.186871+00:00,false,microservices,auth,bc483827664f607d16ec8d1028c5eaf95a4b78241f89341537406b2b3ff3d13b,tcc-microservices-experiment-auth-1,0.02,70495764,1073741824,6.57,3,45.8kB / 40.3kB,12.1MB / 8.9MB
71,2026-09-10T10:33:25.556529+00:00,143,2026-09-10T10:33:25.186871+00:00,false,microservices,gateway,7b1746dd9455cfc12d23e4053048393f167eed983a0ff00da8e632fc5e88090e,tcc-microservices-experiment-gateway-1,35.55,460220006,536870912,85.72,77,27.6MB / 36.4MB,38.9MB / 21.4MB
71,2026-09-10T10:33:25.556529+00:00,143,2026-09-10T10:33:25.186871+00:00,false,microservices,mysql,755141645df04160459de2ab6785c26714e98cb892b67f7ef42b724d17f64490,tcc-microservices-experiment-mysql-1,26.44,484232397,1073741824,45.09,40,28.1MB / 89.4MB,49.1MB / 146MB
71,2026-09-10T10:33:25.556529+00:00,143,2026-09-10T10:33:25.186871+00:00,false,microservices,order,f2d39b0e8b9161f0182e5df55353bfdb074ce3d1675d58bab0a31906d62e976e,tcc-microservices-experiment-order-1,83.78,74081894,1073741824,6.9,3,108MB / 45.1MB,7.16MB / 9.52MB
71,2026-09-10T10:33:25.556529+00:00,143,2026-09-10T10:33:25.186871+00:00,false,microservices,product,100faf2f87c2e15ed43e34c330327e776f1c8c73339100c02b1f52e14b7f66db,tcc-microservices-experiment-product-1,0.02,69877105,1073741824,6.51,3,416kB / 282kB,11.8MB / 8.91MB
72,2026-09-10T10:33:26.556526+00:00,145,2026-09-10T10:33:26.186352+00:00,false,microservices,auth,bc483827664f607d16ec8d1028c5eaf95a4b78241f89341537406b2b3ff3d13b,tcc-microservices-experiment-auth-1,0.02,70495764,1073741824,6.57,3,45.8kB / 40.3kB,12.1MB / 8.9MB
72,2026-09-10T10:33:26.556526+00:00,145,2026-09-10T10:33:26.186352+00:00,false,microservices,gateway,7b1746dd9455cfc12d23e4053048393f167eed983a0ff00da8e632fc5e88090e,tcc-microservices-experiment-gateway-1,32.25,460429722,536870912,85.76,77,27.9MB / 36.8MB,38.9MB / 21.4MB
72,2026-09-10T10:33:26.556526+00:00,145,2026-09-10T10:33:26.186352+00:00,false,microservices,mysql,755141645df04160459de2ab6785c26714e98cb892b67f7ef42b724d17f64490,tcc-microservices-experiment-mysql-1,22.89,484022682,1073741824,45.07,40,28.4MB / 90.3MB,49.1MB / 146MB
72,2026-09-10T10:33:26.556526+00:00,145,2026-09-10T10:33:26.186352+00:00,false,microservices,order,f2d39b0e8b9161f0182e5df55353bfdb074ce3d1675d58bab0a31906d62e976e,tcc-microservices-experiment-order-1,81.62,74459382,1073741824,6.93,3,109MB / 45.5MB,7.16MB / 9.52MB
72,2026-09-10T10:33:26.556526+00:00,145,2026-09-10T10:33:26.186352+00:00,false,microservices,product,100faf2f87c2e15ed43e34c330327e776f1c8c73339100c02b1f52e14b7f66db,tcc-microservices-experiment-product-1,0.02,69877105,1073741824,6.51,3,416kB / 282kB,11.8MB / 8.91MB
73,2026-09-10T10:33:27.556505+00:00,147,2026-09-10T10:33:27.186897+00:00,false,microservices,auth,bc483827664f607d16ec8d1028c5eaf95a4b78241f89341537406b2b3ff3d13b,tcc-microservices-experiment-auth-1,0.01,70495764,1073741824,6.57,3,45.8kB / 40.3kB,12.1MB / 8.9MB
73,2026-09-10T10:33:27.556505+00:00,147,2026-09-10T10:33:27.186897+00:00,false,microservices,gateway,7b1746dd9455cfc12d23e4053048393f167eed983a0ff00da8e632fc5e88090e,tcc-microservices-experiment-gateway-1,32.01,460324864,536870912,85.75,77,28.2MB / 37.2MB,38.9MB / 21.4MB
73,2026-09-10T10:33:27.556505+00:00,147,2026-09-10T10:33:27.186897+00:00,false,microservices,mysql,755141645df04160459de2ab6785c26714e98cb892b67f7ef42b724d17f64490,tcc-microservices-experiment-mysql-1,27.14,483603251,1073741824,45.04,40,28.6MB / 91.2MB,49.1MB / 146MB
73,2026-09-10T10:33:27.556505+00:00,147,2026-09-10T10:33:27.186897+00:00,false,microservices,order,f2d39b0e8b9161f0182e5df55353bfdb074ce3d1675d58bab0a31906d62e976e,tcc-microservices-experiment-order-1,81.59,74323067,1073741824,6.92,3,110MB / 46MB,7.16MB / 9.52MB
73,2026-09-10T10:33:27.556505+00:00,147,2026-09-10T10:33:27.186897+00:00,false,microservices,product,100faf2f87c2e15ed43e34c330327e776f1c8c73339100c02b1f52e14b7f66db,tcc-microservices-experiment-product-1,0.02,69877105,1073741824,6.51,3,416kB / 282kB,11.8MB / 8.91MB
74,2026-09-10T10:33:28.556510+00:00,149,2026-09-10T10:33:28.186239+00:00,false,microservices,auth,bc483827664f607d16ec8d1028c5eaf95a4b78241f89341537406b2b3ff3d13b,tcc-microservices-experiment-auth-1,0.02,70495764,1073741824,6.57,3,45.8kB / 40.3kB,12.1MB / 8.9MB
74,2026-09-10T10:33:28.556510+00:00,149,2026-09-10T10:33:28.186239+00:00,false,microservices,gateway,7b1746dd9455cfc12d23e4053048393f167eed983a0ff00da8e632fc5e88090e,tcc-microservices-experiment-gateway-1,31.82,460534579,536870912,85.79,77,28.5MB / 37.6MB,38.9MB / 21.4MB
74,2026-09-10T10:33:28.556510+00:00,149,2026-09-10T10:33:28.186239+00:00,false,microservices,mysql,755141645df04160459de2ab6785c26714e98cb892b67f7ef42b724d17f64490,tcc-microservices-experiment-mysql-1,23.15,483708109,1073741824,45.04,40,28.9MB / 92.1MB,49.1MB / 146MB
74,2026-09-10T10:33:28.556510+00:00,149,2026-09-10T10:33:28.186239+00:00,false,microservices,order,f2d39b0e8b9161f0182e5df55353bfdb074ce3d1675d58bab0a31906d62e976e,tcc-microservices-experiment-order-1,81.34,74742497,1073741824,6.96,3,111MB / 46.4MB,7.16MB / 9.52MB
74,2026-09-10T10:33:28.556510+00:00,149,2026-09-10T10:33:28.186239+00:00,false,microservices,product,100faf2f87c2e15ed43e34c330327e776f1c8c73339100c02b1f52e14b7f66db,tcc-microservices-experiment-product-1,0.02,69877105,1073741824,6.51,3,416kB / 282kB,11.8MB / 8.91MB
75,2026-09-10T10:33:29.556520+00:00,151,2026-09-10T10:33:29.186257+00:00,false,microservices,auth,bc483827664f607d16ec8d1028c5eaf95a4b78241f89341537406b2b3ff3d13b,tcc-microservices-experiment-auth-1,0.02,70495764,1073741824,6.57,3,45.8kB / 40.3kB,12.1MB / 8.9MB
75,2026-09-10T10:33:29.556520+00:00,151,2026-09-10T10:33:29.186257+00:00,false,microservices,gateway,7b1746dd9455cfc12d23e4053048393f167eed983a0ff00da8e632fc5e88090e,tcc-microservices-experiment-gateway-1,31.59,460849152,536870912,85.85,77,28.8MB / 38MB,38.9MB / 21.4MB
75,2026-09-10T10:33:29.556520+00:00,151,2026-09-10T10:33:29.186257+00:00,false,microservices,mysql,755141645df04160459de2ab6785c26714e98cb892b67f7ef42b724d17f64490,tcc-microservices-experiment-mysql-1,26.65,483498394,1073741824,45.03,40,29.1MB / 93MB,49.1MB / 146MB
75,2026-09-10T10:33:29.556520+00:00,151,2026-09-10T10:33:29.186257+00:00,false,microservices,order,f2d39b0e8b9161f0182e5df55353bfdb074ce3d1675d58bab0a31906d62e976e,tcc-microservices-experiment-order-1,82.0,74522296,1073741824,6.94,3,113MB / 46.9MB,7.16MB / 9.52MB
75,2026-09-10T10:33:29.556520+00:00,151,2026-09-10T10:33:29.186257+00:00,false,microservices,product,100faf2f87c2e15ed43e34c330327e776f1c8c73339100c02b1f52e14b7f66db,tcc-microservices-experiment-product-1,0.02,69877105,1073741824,6.51,3,416kB / 282kB,11.8MB / 8.91MB
76,2026-09-10T10:33:30.556517+00:00,153,2026-09-10T10:33:30.186219+00:00,false,microservices,auth,bc483827664f607d16ec8d1028c5eaf95a4b78241f89341537406b2b3ff3d13b,tcc-microservices-experiment-auth-1,0.02,70495764,1073741824,6.57,3,45.8kB / 40.3kB,12.1MB / 8.9MB
76,2026-09-10T10:33:30.556517+00:00,153,2026-09-10T10:33:30.186219+00:00,false,microservices,gateway,7b1746dd9455cfc12d23e4053048393f167eed983a0ff00da8e632fc5e88090e,tcc-microservices-experiment-gateway-1,31.86,460010291,536870912,85.67,77,29.1MB / 38.4MB,38.9MB / 21.4MB
76,2026-09-10T10:33:30.556517+00:00,153,2026-09-10T10:33:30.186219+00:00,false,microservices,mysql,755141645df04160459de2ab6785c26714e98cb892b67f7ef42b724d17f64490,tcc-microservices-experiment-mysql-1,22.81,483603251,1073741824,45.04,40,29.4MB / 93.9MB,49.1MB / 146MB
76,2026-09-10T10:33:30.556517+00:00,153,2026-09-10T10:33:30.186219+00:00,false,microservices,order,f2d39b0e8b9161f0182e5df55353bfdb074ce3d1675d58bab0a31906d62e976e,tcc-microservices-experiment-order-1,81.13,74249667,1073741824,6.91,3,114MB / 47.3MB,7.16MB / 9.52MB
76,2026-09-10T10:33:30.556517+00:00,153,2026-09-10T10:33:30.186219+00:00,false,microservices,product,100faf2f87c2e15ed43e34c330327e776f1c8c73339100c02b1f52e14b7f66db,tcc-microservices-experiment-product-1,0.02,69877105,1073741824,6.51,3,416kB / 282kB,11.8MB / 8.91MB
77,2026-09-10T10:33:31.556542+00:00,155,2026-09-10T10:33:31.186408+00:00,false,microservices,auth,bc483827664f607d16ec8d1028c5eaf95a4b78241f89341537406b2b3ff3d13b,tcc-microservices-experiment-auth-1,0.02,70495764,1073741824,6.57,3,45.8kB / 40.3kB,12.1MB / 8.9MB
77,2026-09-10T10:33:31.556542+00:00,155,2026-09-10T10:33:31.186408+00:00,false,microservices,gateway,7b1746dd9455cfc12d23e4053048393f167eed983a0ff00da8e632fc5e88090e,tcc-microservices-experiment-gateway-1,34.62,460115149,536870912,85.7,77,29.4MB / 38.8MB,38.9MB / 21.4MB
77,2026-09-10T10:33:31.556542+00:00,155,2026-09-10T10:33:31.186408+00:00,false,microservices,mysql,755141645df04160459de2ab6785c26714e98cb892b67f7ef42b724d17f64490,tcc-microservices-experiment-mysql-1,26.12,484337254,1073741824,45.11,40,29.6MB / 94.8MB,49.1MB / 146MB
77,2026-09-10T10:33:31.556542+00:00,155,2026-09-10T10:33:31.186408+00:00,false,microservices,order,f2d39b0e8b9161f0182e5df55353bfdb074ce3d1675d58bab0a31906d62e976e,tcc-microservices-experiment-order-1,83.08,74375496,1073741824,6.93,3,115MB / 47.7MB,7.16MB / 11.3MB
77,2026-09-10T10:33:31.556542+00:00,155,2026-09-10T10:33:31.186408+00:00,false,microservices,product,100faf2f87c2e15ed43e34c330327e776f1c8c73339100c02b1f52e14b7f66db,tcc-microservices-experiment-product-1,0.02,69877105,1073741824,6.51,3,416kB / 282kB,11.8MB / 8.91MB
78,2026-09-10T10:33:32.556534+00:00,157,2026-09-10T10:33:32.186420+00:00,false,microservices,auth,bc483827664f607d16ec8d1028c5eaf95a4b78241f89341537406b2b3ff3d13b,tcc-microservices-experiment-auth-1,0.01,70495764,1073741824,6.57,3,45.8kB / 40.3kB,12.1MB / 8.9MB
78,2026-09-10T10:33:32.556534+00:00,157,2026-09-10T10:33:32.186420+00:00,false,microservices,gateway,7b1746dd9455cfc12d23e4053048393f167eed983a0ff00da8e632fc5e88090e,tcc-microservices-experiment-gateway-1,32.33,459905434,536870912,85.66,77,29.7MB / 39.1MB,38.9MB / 21.4MB
78,2026-09-10T10:33:32.556534+00:00,157,2026-09-10T10:33:32.186420+00:00,false,microservices,mysql,755141645df04160459de2ab6785c26714e98cb892b67f7ef42b724d17f64490,tcc-microservices-experiment-mysql-1,22.28,483498394,1073741824,45.03,40,29.9MB / 95.7MB,49.1MB / 146MB
78,2026-09-10T10:33:32.556534+00:00,157,2026-09-10T10:33:32.186420+00:00,false,microservices,order,f2d39b0e8b9161f0182e5df55353bfdb074ce3d1675d58bab0a31906d62e976e,tcc-microservices-experiment-order-1,82.39,74092380,1073741824,6.9,3,116MB / 48.2MB,7.16MB / 11.3MB
78,2026-09-10T10:33:32.556534+00:00,157,2026-09-10T10:33:32.186420+00:00,false,microservices,product,100faf2f87c2e15ed43e34c330327e776f1c8c73339100c02b1f52e14b7f66db,tcc-microservices-experiment-product-1,0.02,69877105,1073741824,6.51,3,416kB / 282kB,11.8MB / 8.91MB
79,2026-09-10T10:33:33.556531+00:00,159,2026-09-10T10:33:33.186456+00:00,false,microservices,auth,bc483827664f607d16ec8d1028c5eaf95a4b78241f89341537406b2b3ff3d13b,tcc-microservices-experiment-auth-1,0.02,70495764,1073741824,6.57,3,45.8kB / 40.3kB,12.1MB / 8.9MB
79,2026-09-10T10:33:33.556531+00:00,159,2026-09-10T10:33:33.186456+00:00,false,microservices,gateway,7b1746dd9455cfc12d23e4053048393f167eed983a0ff00da8e632fc5e88090e,tcc-microservices-experiment-gateway-1,31.07,459695718,536870912,85.62,77,30MB / 39.5MB,38.9MB / 21.4MB
79,2026-09-10T10:33:33.556531+00:00,159,2026-09-10T10:33:33.186456+00:00,false,microservices,mysql,755141645df04160459de2ab6785c26714e98cb892b67f7ef42b724d17f64490,tcc-microservices-experiment-mysql-1,26.81,483708109,1073741824,45.05,40,30.2MB / 96.6MB,49.1MB / 146MB
79,2026-09-10T10:33:33.556531+00:00,159,2026-09-10T10:33:33.186456+00:00,false,microservices,order,f2d39b0e8b9161f0182e5df55353bfdb074ce3d1675d58bab0a31906d62e976e,tcc-microservices-experiment-order-1,82.19,74595697,1073741824,6.95,3,117MB / 48.6MB,7.16MB / 11.3MB
79,2026-09-10T10:33:33.556531+00:00,159,2026-09-10T10:33:33.186456+00:00,false,microservices,product,100faf2f87c2e15ed43e34c330327e776f1c8c73339100c02b1f52e14b7f66db,tcc-microservices-experiment-product-1,0.02,69877105,1073741824,6.51,3,416kB / 282kB,11.8MB / 8.91MB
80,2026-09-10T10:33:34.556502+00:00,161,2026-09-10T10:33:34.186235+00:00,false,microservices,auth,bc483827664f607d16ec8d1028c5eaf95a4b78241f89341537406b2b3ff3d13b,tcc-microservices-experiment-auth-1,0.02,70495764,1073741824,6.57,3,45.8kB / 40.3kB,12.1MB / 8.9MB
80,2026-09-10T10:33:34.556502+00:00,161,2026-09-10T10:33:34.186235+00:00,false,microservices,gateway,7b1746dd9455cfc12d23e4053048393f167eed983a0ff00da8e632fc5e88090e,tcc-microservices-experiment-gateway-1,32.05,460534579,536870912,85.79,77,30.3MB / 39.9MB,38.9MB / 21.4MB
80,2026-09-10T10:33:34.556502+00:00,161,2026-09-10T10:33:34.186235+00:00,false,microservices,mysql,755141645df04160459de2ab6785c26714e98cb892b67f7ef42b724d17f64490,tcc-microservices-experiment-mysql-1,22.01,483812966,1073741824,45.05,40,30.4MB / 97.5MB,49.1MB / 146MB
80,2026-09-10T10:33:34.556502+00:00,161,2026-09-10T10:33:34.186235+00:00,false,microservices,order,f2d39b0e8b9161f0182e5df55353bfdb074ce3d1675d58bab0a31906d62e976e,tcc-microservices-experiment-order-1,82.86,74826383,1073741824,6.97,3,118MB / 49.1MB,7.16MB / 11.3MB
80,2026-09-10T10:33:34.556502+00:00,161,2026-09-10T10:33:34.186235+00:00,false,microservices,product,100faf2f87c2e15ed43e34c330327e776f1c8c73339100c02b1f52e14b7f66db,tcc-microservices-experiment-product-1,0.02,69877105,1073741824,6.51,3,416kB / 282kB,11.8MB / 8.91MB
81,2026-09-10T10:33:35.556508+00:00,163,2026-09-10T10:33:35.186823+00:00,false,microservices,auth,bc483827664f607d16ec8d1028c5eaf95a4b78241f89341537406b2b3ff3d13b,tcc-microservices-experiment-auth-1,0.02,70495764,1073741824,6.57,3,45.8kB / 40.3kB,12.1MB / 8.9MB
81,2026-09-10T10:33:35.556508+00:00,163,2026-09-10T10:33:35.186823+00:00,false,microservices,gateway,7b1746dd9455cfc12d23e4053048393f167eed983a0ff00da8e632fc5e88090e,tcc-microservices-experiment-gateway-1,31.84,460010291,536870912,85.68,77,30.6MB / 40.3MB,38.9MB / 21.4MB
81,2026-09-10T10:33:35.556508+00:00,163,2026-09-10T10:33:35.186823+00:00,false,microservices,mysql,755141645df04160459de2ab6785c26714e98cb892b67f7ef42b724d17f64490,tcc-microservices-experiment-mysql-1,27.39,483917824,1073741824,45.07,40,30.7MB / 98.4MB,49.1MB / 146MB
81,2026-09-10T10:33:35.556508+00:00,163,2026-09-10T10:33:35.186823+00:00,false,microservices,order,f2d39b0e8b9161f0182e5df55353bfdb074ce3d1675d58bab0a31906d62e976e,tcc-microservices-experiment-order-1,81.6,74081894,1073741824,6.9,3,119MB / 49.5MB,7.16MB / 11.3MB
81,2026-09-10T10:33:35.556508+00:00,163,2026-09-10T10:33:35.186823+00:00,false,microservices,product,100faf2f87c2e15ed43e34c330327e776f1c8c73339100c02b1f52e14b7f66db,tcc-microservices-experiment-product-1,0.02,69877105,1073741824,6.51,3,416kB / 282kB,11.8MB / 8.91MB
82,2026-09-10T10:33:36.556502+00:00,165,2026-09-10T10:33:36.186366+00:00,false,microservices,auth,bc483827664f607d16ec8d1028c5eaf95a4b78241f89341537406b2b3ff3d13b,tcc-microservices-experiment-auth-1,0.01,70495764,1073741824,6.57,3,45.8kB / 40.3kB,12.1MB / 8.9MB
82,2026-09-10T10:33:36.556502+00:00,165,2026-09-10T10:33:36.186366+00:00,false,microservices,gateway,7b1746dd9455cfc12d23e4053048393f167eed983a0ff00da8e632fc5e88090e,tcc-microservices-experiment-gateway-1,32.74,460220006,536870912,85.72,77,30.9MB / 40.7MB,38.9MB / 21.4MB
82,2026-09-10T10:33:36.556502+00:00,165,2026-09-10T10:33:36.186366+00:00,false,microservices,mysql,755141645df04160459de2ab6785c26714e98cb892b67f7ef42b724d17f64490,tcc-microservices-experiment-mysql-1,23.04,483708109,1073741824,45.05,40,30.9MB / 99.3MB,49.1MB / 146MB
82,2026-09-10T10:33:36.556502+00:00,165,2026-09-10T10:33:36.186366+00:00,false,microservices,order,f2d39b0e8b9161f0182e5df55353bfdb074ce3d1675d58bab0a31906d62e976e,tcc-microservices-experiment-order-1,82.37,74375496,1073741824,6.93,3,120MB / 49.9MB,7.16MB / 11.3MB
82,2026-09-10T10:33:36.556502+00:00,165,2026-09-10T10:33:36.186366+00:00,false,microservices,product,100faf2f87c2e15ed43e34c330327e776f1c8c73339100c02b1f52e14b7f66db,tcc-microservices-experiment-product-1,0.02,69877105,1073741824,6.51,3,416kB / 282kB,11.8MB / 8.91MB
83,2026-09-10T10:33:37.556514+00:00,167,2026-09-10T10:33:37.185278+00:00,false,microservices,auth,bc483827664f607d16ec8d1028c5eaf95a4b78241f89341537406b2b3ff3d13b,tcc-microservices-experiment-auth-1,0.02,70495764,1073741824,6.57,3,45.8kB / 40.3kB,12.1MB / 8.9MB
83,2026-09-10T10:33:37.556514+00:00,167,2026-09-10T10:33:37.185278+00:00,false,microservices,gateway,7b1746dd9455cfc12d23e4053048393f167eed983a0ff00da8e632fc5e88090e,tcc-microservices-experiment-gateway-1,33.85,460534579,536870912,85.78,77,31.2MB / 41.1MB,38.9MB / 21.4MB
83,2026-09-10T10:33:37.556514+00:00,167,2026-09-10T10:33:37.185278+00:00,false,microservices,mysql,755141645df04160459de2ab6785c26714e98cb892b67f7ef42b724d17f64490,tcc-microservices-experiment-mysql-1,26.93,483288678,1073741824,45.01,40,31.2MB / 100MB,49.1MB / 146MB
83,2026-09-10T10:33:37.556514+00:00,167,2026-09-10T10:33:37.185278+00:00,false,microservices,order,f2d39b0e8b9161f0182e5df55353bfdb074ce3d1675d58bab0a31906d62e976e,tcc-microservices-experiment-order-1,82.17,73966551,1073741824,6.89,3,121MB / 50.4MB,7.16MB / 11.3MB
83,2026-09-10T10:33:37.556514+00:00,167,2026-09-10T10:33:37.185278+00:00,false,microservices,product,100faf2f87c2e15ed43e34c330327e776f1c8c73339100c02b1f52e14b7f66db,tcc-microservices-experiment-product-1,0.02,69877105,1073741824,6.51,3,416kB / 282kB,11.8MB / 8.91MB
84,2026-09-10T10:33:38.556506+00:00,169,2026-09-10T10:33:38.184612+00:00,false,microservices,auth,bc483827664f607d16ec8d1028c5eaf95a4b78241f89341537406b2b3ff3d13b,tcc-microservices-experiment-auth-1,0.01,70495764,1073741824,6.57,3,45.8kB / 40.3kB,12.1MB / 8.9MB
84,2026-09-10T10:33:38.556506+00:00,169,2026-09-10T10:33:38.184612+00:00,false,microservices,gateway,7b1746dd9455cfc12d23e4053048393f167eed983a0ff00da8e632fc5e88090e,tcc-microservices-experiment-gateway-1,31.47,460429722,536870912,85.77,77,31.4MB / 41.5MB,38.9MB / 21.4MB
84,2026-09-10T10:33:38.556506+00:00,169,2026-09-10T10:33:38.184612+00:00,false,microservices,mysql,755141645df04160459de2ab6785c26714e98cb892b67f7ef42b724d17f64490,tcc-microservices-experiment-mysql-1,22.86,483288678,1073741824,45.01,40,31.4MB / 101MB,49.1MB / 146MB
84,2026-09-10T10:33:38.556506+00:00,169,2026-09-10T10:33:38.184612+00:00,false,microservices,order,f2d39b0e8b9161f0182e5df55353bfdb074ce3d1675d58bab0a31906d62e976e,tcc-microservices-experiment-order-1,82.58,74218209,1073741824,6.91,3,123MB / 50.8MB,7.16MB / 11.3MB
84,2026-09-10T10:33:38.556506+00:00,169,2026-09-10T10:33:38.184612+00:00,false,microservices,product,100faf2f87c2e15ed43e34c330327e776f1c8c73339100c02b1f52e14b7f66db,tcc-microservices-experiment-product-1,0.02,69877105,1073741824,6.51,3,416kB / 282kB,11.8MB / 8.91MB
85,2026-09-10T10:33:39.556563+00:00,171,2026-09-10T10:33:39.186500+00:00,false,microservices,auth,bc483827664f607d16ec8d1028c5eaf95a4b78241f89341537406b2b3ff3d13b,tcc-microservices-experiment-auth-1,0.02,70495764,1073741824,6.57,3,45.8kB / 40.3kB,12.1MB / 8.9MB
85,2026-09-10T10:33:39.556563+00:00,171,2026-09-10T10:33:39.186500+00:00,false,microservices,gateway,7b1746dd9455cfc12d23e4053048393f167eed983a0ff00da8e632fc5e88090e,tcc-microservices-experiment-gateway-1,31.92,460429722,536870912,85.76,77,31.7MB / 41.9MB,38.9MB / 21.4MB
85,2026-09-10T10:33:39.556563+00:00,171,2026-09-10T10:33:39.186500+00:00,false,microservices,mysql,755141645df04160459de2ab6785c26714e98cb892b67f7ef42b724d17f64490,tcc-microservices-experiment-mysql-1,26.0,484232397,1073741824,45.1,40,31.7MB / 102MB,49.1MB / 146MB
85,2026-09-10T10:33:39.556563+00:00,171,2026-09-10T10:33:39.186500+00:00,false,microservices,order,f2d39b0e8b9161f0182e5df55353bfdb074ce3d1675d58bab0a31906d62e976e,tcc-microservices-experiment-order-1,83.03,74323067,1073741824,6.92,3,124MB / 51.3MB,7.16MB / 11.3MB
85,2026-09-10T10:33:39.556563+00:00,171,2026-09-10T10:33:39.186500+00:00,false,microservices,product,100faf2f87c2e15ed43e34c330327e776f1c8c73339100c02b1f52e14b7f66db,tcc-microservices-experiment-product-1,0.02,69877105,1073741824,6.51,3,416kB / 282kB,11.8MB / 8.91MB
86,2026-09-10T10:33:40.556505+00:00,173,2026-09-10T10:33:40.185347+00:00,false,microservices,auth,bc483827664f607d16ec8d1028c5eaf95a4b78241f89341537406b2b3ff3d13b,tcc-microservices-experiment-auth-1,0.01,70495764,1073741824,6.57,3,45.8kB / 40.3kB,12.1MB / 8.9MB
86,2026-09-10T10:33:40.556505+00:00,173,2026-09-10T10:33:40.185347+00:00,false,microservices,gateway,7b1746dd9455cfc12d23e4053048393f167eed983a0ff00da8e632fc5e88090e,tcc-microservices-experiment-gateway-1,31.53,460220006,536870912,85.73,77,32MB / 42.3MB,38.9MB / 21.4MB
86,2026-09-10T10:33:40.556505+00:00,173,2026-09-10T10:33:40.185347+00:00,false,microservices,mysql,755141645df04160459de2ab6785c26714e98cb892b67f7ef42b724d17f64490,tcc-microservices-experiment-mysql-1,22.47,484127539,1073741824,45.09,40,31.9MB / 103MB,49.1MB / 146MB
86,2026-09-10T10:33:40.556505+00:00,173,2026-09-10T10:33:40.185347+00:00,false,microservices,order,f2d39b0e8b9161f0182e5df55353bfdb074ce3d1675d58bab0a31906d62e976e,tcc-microservices-experiment-order-1,82.64,74679583,1073741824,6.95,3,125MB / 51.7MB,7.16MB / 11.3MB
86,2026-09-10T10:33:40.556505+00:00,173,2026-09-10T10:33:40.185347+00:00,false,microservices,product,100faf2f87c2e15ed43e34c330327e776f1c8c73339100c02b1f52e14b7f66db,tcc-microservices-experiment-product-1,0.02,69877105,1073741824,6.51,3,416kB / 282kB,11.8MB / 8.91MB
87,2026-09-10T10:33:41.556558+00:00,175,2026-09-10T10:33:41.186988+00:00,false,microservices,auth,bc483827664f607d16ec8d1028c5eaf95a4b78241f89341537406b2b3ff3d13b,tcc-microservices-experiment-auth-1,0.02,70495764,1073741824,6.57,3,45.8kB / 40.3kB,12.1MB / 8.9MB
87,2026-09-10T10:33:41.556558+00:00,175,2026-09-10T10:33:41.186988+00:00,false,microservices,gateway,7b1746dd9455cfc12d23e4053048393f167eed983a0ff00da8e632fc5e88090e,tcc-microservices-experiment-gateway-1,32.07,460639437,536870912,85.81,77,32.3MB / 42.7MB,38.9MB / 21.4MB
87,2026-09-10T10:33:41.556558+00:00,175,2026-09-10T10:33:41.186988+00:00,false,microservices,mysql,755141645df04160459de2ab6785c26714e98cb892b67f7ef42b724d17f64490,tcc-microservices-experiment-mysql-1,26.28,484232397,1073741824,45.1,40,32.2MB / 104MB,49.1MB / 146MB
87,2026-09-10T10:33:41.556558+00:00,175,2026-09-10T10:33:41.186988+00:00,false,microservices,order,f2d39b0e8b9161f0182e5df55353bfdb074ce3d1675d58bab0a31906d62e976e,tcc-microservices-experiment-order-1,82.66,74637640,1073741824,6.95,3,126MB / 52.1MB,7.16MB / 11.3MB
87,2026-09-10T10:33:41.556558+00:00,175,2026-09-10T10:33:41.186988+00:00,false,microservices,product,100faf2f87c2e15ed43e34c330327e776f1c8c73339100c02b1f52e14b7f66db,tcc-microservices-experiment-product-1,0.02,69877105,1073741824,6.51,3,416kB / 282kB,11.8MB / 8.91MB
88,2026-09-10T10:33:42.556527+00:00,177,2026-09-10T10:33:42.185218+00:00,false,microservices,auth,bc483827664f607d16ec8d1028c5eaf95a4b78241f89341537406b2b3ff3d13b,tcc-microservices-experiment-auth-1,0.01,70495764,1073741824,6.57,3,45.8kB / 40.3kB,12.1MB / 8.9MB
88,2026-09-10T10:33:42.556527+00:00,177,2026-09-10T10:33:42.185218+00:00,false,microservices,gateway,7b1746dd9455cfc12d23e4053048393f167eed983a0ff00da8e632fc5e88090e,tcc-microservices-experiment-gateway-1,32.24,459486003,536870912,85.58,77,32.6MB / 43.1MB,38.9MB / 21.4MB
88,2026-09-10T10:33:42.556527+00:00,177,2026-09-10T10:33:42.185218+00:00,false,microservices,mysql,755141645df04160459de2ab6785c26714e98cb892b67f7ef42b724d17f64490,tcc-microservices-experiment-mysql-1,22.65,484442112,1073741824,45.12,40,32.5MB / 105MB,49.1MB / 146MB
88,2026-09-10T10:33:42.556527+00:00,177,2026-09-10T10:33:42.185218+00:00,false,microservices,order,f2d39b0e8b9161f0182e5df55353bfdb074ce3d1675d58bab0a31906d62e976e,tcc-microservices-experiment-order-1,81.78,74176266,1073741824,6.91,3,127MB / 52.6MB,7.16MB / 11.3MB
88,2026-09-10T10:33:42.556527+00:00,177,2026-09-10T10:33:42.185218+00:00,false,microservices,product,100faf2f87c2e15ed43e34c330327e776f1c8c73339100c02b1f52e14b7f66db,tcc-microservices-experiment-product-1,0.02,69877105,1073741824,6.51,3,416kB / 282kB,11.8MB / 8.91MB
89,2026-09-10T10:33:43.556533+00:00,179,2026-09-10T10:33:43.186373+00:00,false,microservices,auth,bc483827664f607d16ec8d1028c5eaf95a4b78241f89341537406b2b3ff3d13b,tcc-microservices-experiment-auth-1,0.01,70495764,1073741824,6.57,3,45.8kB / 40.3kB,12.1MB / 8.9MB
89,2026-09-10T10:33:43.556533+00:00,179,2026-09-10T10:33:43.186373+00:00,false,microservices,gateway,7b1746dd9455cfc12d23e4053048393f167eed983a0ff00da8e632fc5e88090e,tcc-microservices-experiment-gateway-1,32.59,460115149,536870912,85.69,77,32.9MB / 43.5MB,38.9MB / 21.4MB
89,2026-09-10T10:33:43.556533+00:00,179,2026-09-10T10:33:43.186373+00:00,false,microservices,mysql,755141645df04160459de2ab6785c26714e98cb892b67f7ef42b724d17f64490,tcc-microservices-experiment-mysql-1,25.67,484337254,1073741824,45.11,40,32.7MB / 106MB,49.1MB / 146MB
89,2026-09-10T10:33:43.556533+00:00,179,2026-09-10T10:33:43.186373+00:00,false,microservices,order,f2d39b0e8b9161f0182e5df55353bfdb074ce3d1675d58bab0a31906d62e976e,tcc-microservices-experiment-order-1,83.79,74438410,1073741824,6.93,3,128MB / 53MB,7.16MB / 11.3MB
89,2026-09-10T10:33:43.556533+00:00,179,2026-09-10T10:33:43.186373+00:00,false,microservices,product,100faf2f87c2e15ed43e34c330327e776f1c8c73339100c02b1f52e14b7f66db,tcc-microservices-experiment-product-1,0.02,69877105,1073741824,6.51,3,416kB / 282kB,11.8MB / 8.91MB
90,2026-09-10T10:33:44.556528+00:00,181,2026-09-10T10:33:44.185422+00:00,false,microservices,auth,bc483827664f607d16ec8d1028c5eaf95a4b78241f89341537406b2b3ff3d13b,tcc-microservices-experiment-auth-1,0.01,70495764,1073741824,6.57,3,45.8kB / 40.3kB,12.1MB / 8.9MB
90,2026-09-10T10:33:44.556528+00:00,181,2026-09-10T10:33:44.185422+00:00,false,microservices,gateway,7b1746dd9455cfc12d23e4053048393f167eed983a0ff00da8e632fc5e88090e,tcc-microservices-experiment-gateway-1,34.66,460220006,536870912,85.72,77,33.2MB / 43.8MB,39MB / 21.4MB
90,2026-09-10T10:33:44.556528+00:00,181,2026-09-10T10:33:44.185422+00:00,false,microservices,mysql,755141645df04160459de2ab6785c26714e98cb892b67f7ef42b724d17f64490,tcc-microservices-experiment-mysql-1,22.47,483708109,1073741824,45.05,40,33MB / 107MB,49.1MB / 146MB
90,2026-09-10T10:33:44.556528+00:00,181,2026-09-10T10:33:44.185422+00:00,false,microservices,order,f2d39b0e8b9161f0182e5df55353bfdb074ce3d1675d58bab0a31906d62e976e,tcc-microservices-experiment-order-1,82.64,74427924,1073741824,6.93,3,129MB / 53.5MB,7.16MB / 11.3MB
90,2026-09-10T10:33:44.556528+00:00,181,2026-09-10T10:33:44.185422+00:00,false,microservices,product,100faf2f87c2e15ed43e34c330327e776f1c8c73339100c02b1f52e14b7f66db,tcc-microservices-experiment-product-1,0.02,69877105,1073741824,6.51,3,416kB / 282kB,11.8MB / 8.91MB
91,2026-09-10T10:33:45.556541+00:00,183,2026-09-10T10:33:45.186496+00:00,false,microservices,auth,bc483827664f607d16ec8d1028c5eaf95a4b78241f89341537406b2b3ff3d13b,tcc-microservices-experiment-auth-1,0.02,70495764,1073741824,6.57,3,45.8kB / 40.3kB,12.1MB / 8.9MB
91,2026-09-10T10:33:45.556541+00:00,183,2026-09-10T10:33:45.186496+00:00,false,microservices,gateway,7b1746dd9455cfc12d23e4053048393f167eed983a0ff00da8e632fc5e88090e,tcc-microservices-experiment-gateway-1,34.39,461163725,536870912,85.89,77,33.5MB / 44.2MB,39.1MB / 21.4MB
91,2026-09-10T10:33:45.556541+00:00,183,2026-09-10T10:33:45.186496+00:00,false,microservices,mysql,755141645df04160459de2ab6785c26714e98cb892b67f7ef42b724d17f64490,tcc-microservices-experiment-mysql-1,26.97,483498394,1073741824,45.03,40,33.2MB / 107MB,49.1MB / 146MB
91,2026-09-10T10:33:45.556541+00:00,183,2026-09-10T10:33:45.186496+00:00,false,microservices,order,f2d39b0e8b9161f0182e5df55353bfdb074ce3d1675d58bab0a31906d62e976e,tcc-microservices-experiment-order-1,82.5,74910269,1073741824,6.98,3,130MB / 53.9MB,7.16MB / 11.3MB
91,2026-09-10T10:33:45.556541+00:00,183,2026-09-10T10:33:45.186496+00:00,false,microservices,product,100faf2f87c2e15ed43e34c330327e776f1c8c73339100c02b1f52e14b7f66db,tcc-microservices-experiment-product-1,0.01,69877105,1073741824,6.51,3,416kB / 282kB,11.8MB / 8.91MB
92,2026-09-10T10:33:46.556535+00:00,185,2026-09-10T10:33:46.185503+00:00,false,microservices,auth,bc483827664f607d16ec8d1028c5eaf95a4b78241f89341537406b2b3ff3d13b,tcc-microservices-experiment-auth-1,0.02,70495764,1073741824,6.57,3,45.8kB / 40.3kB,12.1MB / 8.9MB
92,2026-09-10T10:33:46.556535+00:00,185,2026-09-10T10:33:46.185503+00:00,false,microservices,gateway,7b1746dd9455cfc12d23e4053048393f167eed983a0ff00da8e632fc5e88090e,tcc-microservices-experiment-gateway-1,34.03,460429722,536870912,85.76,77,33.8MB / 44.6MB,39.1MB / 21.4MB
92,2026-09-10T10:33:46.556535+00:00,185,2026-09-10T10:33:46.185503+00:00,false,microservices,mysql,755141645df04160459de2ab6785c26714e98cb892b67f7ef42b724d17f64490,tcc-microservices-experiment-mysql-1,23.27,484022682,1073741824,45.08,40,33.5MB / 108MB,49.1MB / 146MB
92,2026-09-10T10:33:46.556535+00:00,185,2026-09-10T10:33:46.185503+00:00,false,microservices,order,f2d39b0e8b9161f0182e5df55353bfdb074ce3d1675d58bab0a31906d62e976e,tcc-microservices-experiment-order-1,81.88,74616668,1073741824,6.95,3,131MB / 54.4MB,7.16MB / 11.3MB
92,2026-09-10T10:33:46.556535+00:00,185,2026-09-10T10:33:46.185503+00:00,false,microservices,product,100faf2f87c2e15ed43e34c330327e776f1c8c73339100c02b1f52e14b7f66db,tcc-microservices-experiment-product-1,0.02,69877105,1073741824,6.51,3,416kB / 282kB,11.8MB / 8.91MB
93,2026-09-10T10:33:47.556505+00:00,187,2026-09-10T10:33:47.186498+00:00,false,microservices,auth,bc483827664f607d16ec8d1028c5eaf95a4b78241f89341537406b2b3ff3d13b,tcc-microservices-experiment-auth-1,0.02,70495764,1073741824,6.57,3,45.8kB / 40.3kB,12.1MB / 8.9MB
93,2026-09-10T10:33:47.556505+00:00,187,2026-09-10T10:33:47.186498+00:00,false,microservices,gateway,7b1746dd9455cfc12d23e4053048393f167eed983a0ff00da8e632fc5e88090e,tcc-microservices-experiment-gateway-1,32.62,460954010,536870912,85.86,77,34.1MB / 45MB,39.1MB / 21.4MB
93,2026-09-10T10:33:47.556505+00:00,187,2026-09-10T10:33:47.186498+00:00,false,microservices,mysql,755141645df04160459de2ab6785c26714e98cb892b67f7ef42b724d17f64490,tcc-microservices-experiment-mysql-1,26.76,484022682,1073741824,45.08,40,33.7MB / 109MB,49.1MB / 146MB
93,2026-09-10T10:33:47.556505+00:00,187,2026-09-10T10:33:47.186498+00:00,false,microservices,order,f2d39b0e8b9161f0182e5df55353bfdb074ce3d1675d58bab0a31906d62e976e,tcc-microservices-experiment-order-1,82.5,74365010,1073741824,6.93,3,133MB / 54.8MB,7.16MB / 11.7MB
93,2026-09-10T10:33:47.556505+00:00,187,2026-09-10T10:33:47.186498+00:00,false,microservices,product,100faf2f87c2e15ed43e34c330327e776f1c8c73339100c02b1f52e14b7f66db,tcc-microservices-experiment-product-1,0.02,69877105,1073741824,6.51,3,416kB / 282kB,11.8MB / 8.91MB
94,2026-09-10T10:33:48.556513+00:00,189,2026-09-10T10:33:48.185510+00:00,false,microservices,auth,bc483827664f607d16ec8d1028c5eaf95a4b78241f89341537406b2b3ff3d13b,tcc-microservices-experiment-auth-1,0.01,70495764,1073741824,6.57,3,45.8kB / 40.3kB,12.1MB / 8.9MB
94,2026-09-10T10:33:48.556513+00:00,189,2026-09-10T10:33:48.185510+00:00,false,microservices,gateway,7b1746dd9455cfc12d23e4053048393f167eed983a0ff00da8e632fc5e88090e,tcc-microservices-experiment-gateway-1,31.8,460744294,536870912,85.83,77,34.4MB / 45.4MB,39.1MB / 21.4MB
94,2026-09-10T10:33:48.556513+00:00,189,2026-09-10T10:33:48.185510+00:00,false,microservices,mysql,755141645df04160459de2ab6785c26714e98cb892b67f7ef42b724d17f64490,tcc-microservices-experiment-mysql-1,22.02,484232397,1073741824,45.09,40,34MB / 110MB,49.1MB / 146MB
94,2026-09-10T10:33:48.556513+00:00,189,2026-09-10T10:33:48.185510+00:00,false,microservices,order,f2d39b0e8b9161f0182e5df55353bfdb074ce3d1675d58bab0a31906d62e976e,tcc-microservices-experiment-order-1,83.62,74469868,1073741824,6.94,3,134MB / 55.3MB,7.16MB / 11.7MB
94,2026-09-10T10:33:48.556513+00:00,189,2026-09-10T10:33:48.185510+00:00,false,microservices,product,100faf2f87c2e15ed43e34c330327e776f1c8c73339100c02b1f52e14b7f66db,tcc-microservices-experiment-product-1,0.02,69877105,1073741824,6.51,3,416kB / 282kB,11.8MB / 8.91MB
95,2026-09-10T10:33:49.556511+00:00,191,2026-09-10T10:33:49.187157+00:00,false,microservices,auth,bc483827664f607d16ec8d1028c5eaf95a4b78241f89341537406b2b3ff3d13b,tcc-microservices-experiment-auth-1,0.01,70495764,1073741824,6.57,3,45.8kB / 40.3kB,12.1MB / 8.9MB
95,2026-09-10T10:33:49.556511+00:00,191,2026-09-10T10:33:49.187157+00:00,false,microservices,gateway,7b1746dd9455cfc12d23e4053048393f167eed983a0ff00da8e632fc5e88090e,tcc-microservices-experiment-gateway-1,32.31,460115149,536870912,85.71,77,34.7MB / 45.8MB,39.1MB / 21.4MB
95,2026-09-10T10:33:49.556511+00:00,191,2026-09-10T10:33:49.187157+00:00,false,microservices,mysql,755141645df04160459de2ab6785c26714e98cb892b67f7ef42b724d17f64490,tcc-microservices-experiment-mysql-1,27.11,483917824,1073741824,45.06,40,34.3MB / 111MB,49.1MB / 146MB
95,2026-09-10T10:33:49.556511+00:00,191,2026-09-10T10:33:49.187157+00:00,false,microservices,order,f2d39b0e8b9161f0182e5df55353bfdb074ce3d1675d58bab0a31906d62e976e,tcc-microservices-experiment-order-1,82.73,74899784,1073741824,6.98,3,135MB / 55.7MB,7.16MB / 11.7MB
95,2026-09-10T10:33:49.556511+00:00,191,2026-09-10T10:33:49.187157+00:00,false,microservices,product,100faf2f87c2e15ed43e34c330327e776f1c8c73339100c02b1f52e14b7f66db,tcc-microservices-experiment-product-1,0.02,69877105,1073741824,6.51,3,416kB / 282kB,11.8MB / 8.91MB
96,2026-09-10T10:33:50.556536+00:00,193,2026-09-10T10:33:50.184794+00:00,false,microservices,auth,bc483827664f607d16ec8d1028c5eaf95a4b78241f89341537406b2b3ff3d13b,tcc-microservices-experiment-auth-1,0.02,70495764,1073741824,6.57,3,45.8kB / 40.3kB,12.1MB / 8.9MB
96,2026-09-10T10:33:50.556536+00:00,193,2026-09-10T10:33:50.184794+00:00,false,microservices,gateway,7b1746dd9455cfc12d23e4053048393f167eed983a0ff00da8e632fc5e88090e,tcc-microservices-experiment-gateway-1,35.2,460324864,536870912,85.73,77,35MB / 46.2MB,39.1MB / 21.4MB
96,2026-09-10T10:33:50.556536+00:00,193,2026-09-10T10:33:50.184794+00:00,false,microservices,mysql,755141645df04160459de2ab6785c26714e98cb892b67f7ef42b724d17f64490,tcc-microservices-experiment-mysql-1,22.81,484442112,1073741824,45.12,40,34.5MB / 112MB,49.1MB / 146MB
96,2026-09-10T10:33:50.556536+00:00,193,2026-09-10T10:33:50.184794+00:00,false,microservices,order,f2d39b0e8b9161f0182e5df55353bfdb074ce3d1675d58bab0a31906d62e976e,tcc-microservices-experiment-order-1,82.24,75319214,1073741824,7.01,3,136MB / 56.1MB,7.16MB / 11.7MB
96,2026-09-10T10:33:50.556536+00:00,193,2026-09-10T10:33:50.184794+00:00,false,microservices,product,100faf2f87c2e15ed43e34c330327e776f1c8c73339100c02b1f52e14b7f66db,tcc-microservices-experiment-product-1,0.02,69877105,1073741824,6.51,3,416kB / 282kB,11.8MB / 8.91MB
97,2026-09-10T10:33:51.556590+00:00,195,2026-09-10T10:33:51.187047+00:00,false,microservices,auth,bc483827664f607d16ec8d1028c5eaf95a4b78241f89341537406b2b3ff3d13b,tcc-microservices-experiment-auth-1,0.02,70495764,1073741824,6.57,3,45.8kB / 40.3kB,12.1MB / 8.9MB
97,2026-09-10T10:33:51.556590+00:00,195,2026-09-10T10:33:51.187047+00:00,false,microservices,gateway,7b1746dd9455cfc12d23e4053048393f167eed983a0ff00da8e632fc5e88090e,tcc-microservices-experiment-gateway-1,32.27,460115149,536870912,85.7,77,35.3MB / 46.6MB,39.1MB / 21.5MB
97,2026-09-10T10:33:51.556590+00:00,195,2026-09-10T10:33:51.187047+00:00,false,microservices,mysql,755141645df04160459de2ab6785c26714e98cb892b67f7ef42b724d17f64490,tcc-microservices-experiment-mysql-1,26.54,483812966,1073741824,45.06,40,34.8MB / 113MB,49.1MB / 146MB
97,2026-09-10T10:33:51.556590+00:00,195,2026-09-10T10:33:51.187047+00:00,false,microservices,order,f2d39b0e8b9161f0182e5df55353bfdb074ce3d1675d58bab0a31906d62e976e,tcc-microservices-experiment-order-1,81.96,74669097,1073741824,6.95,3,137MB / 56.6MB,7.16MB / 11.7MB
97,2026-09-10T10:33:51.556590+00:00,195,2026-09-10T10:33:51.187047+00:00,false,microservices,product,100faf2f87c2e15ed43e34c330327e776f1c8c73339100c02b1f52e14b7f66db,tcc-microservices-experiment-product-1,0.02,69877105,1073741824,6.51,3,416kB / 282kB,11.8MB / 8.91MB
98,2026-09-10T10:33:52.556515+00:00,197,2026-09-10T10:33:52.185177+00:00,false,microservices,auth,bc483827664f607d16ec8d1028c5eaf95a4b78241f89341537406b2b3ff3d13b,tcc-microservices-experiment-auth-1,0.02,70495764,1073741824,6.57,3,45.8kB / 40.3kB,12.1MB / 8.9MB
98,2026-09-10T10:33:52.556515+00:00,197,2026-09-10T10:33:52.185177+00:00,false,microservices,gateway,7b1746dd9455cfc12d23e4053048393f167eed983a0ff00da8e632fc5e88090e,tcc-microservices-experiment-gateway-1,31.48,460534579,536870912,85.79,77,35.6MB / 47MB,39.1MB / 21.5MB
98,2026-09-10T10:33:52.556515+00:00,197,2026-09-10T10:33:52.185177+00:00,false,microservices,mysql,755141645df04160459de2ab6785c26714e98cb892b67f7ef42b724d17f64490,tcc-microservices-experiment-mysql-1,22.97,484651827,1073741824,45.14,40,35MB / 114MB,49.1MB / 146MB
98,2026-09-10T10:33:52.556515+00:00,197,2026-09-10T10:33:52.185177+00:00,false,microservices,order,f2d39b0e8b9161f0182e5df55353bfdb074ce3d1675d58bab0a31906d62e976e,tcc-microservices-experiment-order-1,81.26,75025613,1073741824,6.99,3,138MB / 57MB,7.16MB / 11.7MB
98,2026-09-10T10:33:52.556515+00:00,197,2026-09-10T10:33:52.185177+00:00,false,microservices,product,100faf2f87c2e15ed43e34c330327e776f1c8c73339100c02b1f52e14b7f66db,tcc-microservices-experiment-product-1,0.02,69877105,1073741824,6.51,3,416kB / 282kB,11.8MB / 8.91MB
99,2026-09-10T10:33:53.556512+00:00,199,2026-09-10T10:33:53.186956+00:00,false,microservices,auth,bc483827664f607d16ec8d1028c5eaf95a4b78241f89341537406b2b3ff3d13b,tcc-microservices-experiment-auth-1,0.02,70495764,1073741824,6.57,3,45.8kB / 40.3kB,12.1MB / 8.9MB
99,2026-09-10T10:33:53.556512+00:00,199,2026-09-10T10:33:53.186956+00:00,false,microservices,gateway,7b1746dd9455cfc12d23e4053048393f167eed983a0ff00da8e632fc5e88090e,tcc-microservices-experiment-gateway-1,31.46,460324864,536870912,85.74,77,35.9MB / 47.4MB,39.1MB / 21.5MB
99,2026-09-10T10:33:53.556512+00:00,199,2026-09-10T10:33:53.186956+00:00,false,microservices,mysql,755141645df04160459de2ab6785c26714e98cb892b67f7ef42b724d17f64490,tcc-microservices-experiment-mysql-1,27.39,484337254,1073741824,45.1,40,35.3MB / 115MB,49.1MB / 146MB
99,2026-09-10T10:33:53.556512+00:00,199,2026-09-10T10:33:53.186956+00:00,false,microservices,order,f2d39b0e8b9161f0182e5df55353bfdb074ce3d1675d58bab0a31906d62e976e,tcc-microservices-experiment-order-1,81.92,74721526,1073741824,6.96,3,139MB / 57.5MB,7.16MB / 11.7MB
99,2026-09-10T10:33:53.556512+00:00,199,2026-09-10T10:33:53.186956+00:00,false,microservices,product,100faf2f87c2e15ed43e34c330327e776f1c8c73339100c02b1f52e14b7f66db,tcc-microservices-experiment-product-1,0.02,69877105,1073741824,6.51,3,416kB / 282kB,11.8MB / 8.91MB
100,2026-09-10T10:33:54.556507+00:00,201,2026-09-10T10:33:54.184980+00:00,false,microservices,auth,bc483827664f607d16ec8d1028c5eaf95a4b78241f89341537406b2b3ff3d13b,tcc-microservices-experiment-auth-1,0.02,70495764,1073741824,6.57,3,45.8kB / 40.3kB,12.1MB / 8.9MB
100,2026-09-10T10:33:54.556507+00:00,201,2026-09-10T10:33:54.184980+00:00,false,microservices,gateway,7b1746dd9455cfc12d23e4053048393f167eed983a0ff00da8e632fc5e88090e,tcc-microservices-experiment-gateway-1,30.62,460429722,536870912,85.76,77,36.2MB / 47.8MB,39.1MB / 21.5MB
100,2026-09-10T10:33:54.556507+00:00,201,2026-09-10T10:33:54.184980+00:00,false,microservices,mysql,755141645df04160459de2ab6785c26714e98cb892b67f7ef42b724d17f64490,tcc-microservices-experiment-mysql-1,23.11,484337254,1073741824,45.1,40,35.5MB / 116MB,49.1MB / 146MB
100,2026-09-10T10:33:54.556507+00:00,201,2026-09-10T10:33:54.184980+00:00,false,microservices,order,f2d39b0e8b9161f0182e5df55353bfdb074ce3d1675d58bab0a31906d62e976e,tcc-microservices-experiment-order-1,81.91,75895931,1073741824,7.07,3,140MB / 57.9MB,7.16MB / 11.7MB
100,2026-09-10T10:33:54.556507+00:00,201,2026-09-10T10:33:54.184980+00:00,false,microservices,product,100faf2f87c2e15ed43e34c330327e776f1c8c73339100c02b1f52e14b7f66db,tcc-microservices-experiment-product-1,0.02,69877105,1073741824,6.51,3,416kB / 282kB,11.8MB / 8.91MB
101,2026-09-10T10:33:55.556537+00:00,203,2026-09-10T10:33:55.186437+00:00,false,microservices,auth,bc483827664f607d16ec8d1028c5eaf95a4b78241f89341537406b2b3ff3d13b,tcc-microservices-experiment-auth-1,0.01,70495764,1073741824,6.57,3,45.8kB / 40.3kB,12.1MB / 8.9MB
101,2026-09-10T10:33:55.556537+00:00,203,2026-09-10T10:33:55.186437+00:00,false,microservices,gateway,7b1746dd9455cfc12d23e4053048393f167eed983a0ff00da8e632fc5e88090e,tcc-microservices-experiment-gateway-1,31.63,459695718,536870912,85.63,77,36.5MB / 48.2MB,39.1MB / 21.5MB
101,2026-09-10T10:33:55.556537+00:00,203,2026-09-10T10:33:55.186437+00:00,false,microservices,mysql,755141645df04160459de2ab6785c26714e98cb892b67f7ef42b724d17f64490,tcc-microservices-experiment-mysql-1,27.54,484022682,1073741824,45.08,40,35.8MB / 116MB,49.1MB / 146MB
101,2026-09-10T10:33:55.556537+00:00,203,2026-09-10T10:33:55.186437+00:00,false,microservices,order,f2d39b0e8b9161f0182e5df55353bfdb074ce3d1675d58bab0a31906d62e976e,tcc-microservices-experiment-order-1,81.77,74899784,1073741824,6.98,3,141MB / 58.4MB,7.16MB / 11.7MB
101,2026-09-10T10:33:55.556537+00:00,203,2026-09-10T10:33:55.186437+00:00,false,microservices,product,100faf2f87c2e15ed43e34c330327e776f1c8c73339100c02b1f52e14b7f66db,tcc-microservices-experiment-product-1,0.02,69877105,1073741824,6.51,3,416kB / 282kB,11.8MB / 8.91MB
102,2026-09-10T10:33:56.556538+00:00,205,2026-09-10T10:33:56.184920+00:00,false,microservices,auth,bc483827664f607d16ec8d1028c5eaf95a4b78241f89341537406b2b3ff3d13b,tcc-microservices-experiment-auth-1,0.02,70495764,1073741824,6.57,3,45.8kB / 40.3kB,12.1MB / 8.9MB
102,2026-09-10T10:33:56.556538+00:00,205,2026-09-10T10:33:56.184920+00:00,false,microservices,gateway,7b1746dd9455cfc12d23e4053048393f167eed983a0ff00da8e632fc5e88090e,tcc-microservices-experiment-gateway-1,35.41,461478298,536870912,85.96,77,36.8MB / 48.5MB,39.1MB / 21.5MB
102,2026-09-10T10:33:56.556538+00:00,205,2026-09-10T10:33:56.184920+00:00,false,microservices,mysql,755141645df04160459de2ab6785c26714e98cb892b67f7ef42b724d17f64490,tcc-microservices-experiment-mysql-1,23.71,484127539,1073741824,45.09,40,36MB / 117MB,49.1MB / 146MB
102,2026-09-10T10:33:56.556538+00:00,205,2026-09-10T10:33:56.184920+00:00,false,microservices,order,f2d39b0e8b9161f0182e5df55353bfdb074ce3d1675d58bab0a31906d62e976e,tcc-microservices-experiment-order-1,81.37,75403100,1073741824,7.02,3,143MB / 58.8MB,7.16MB / 11.7MB
102,2026-09-10T10:33:56.556538+00:00,205,2026-09-10T10:33:56.184920+00:00,false,microservices,product,100faf2f87c2e15ed43e34c330327e776f1c8c73339100c02b1f52e14b7f66db,tcc-microservices-experiment-product-1,0.02,69877105,1073741824,6.51,3,416kB / 282kB,11.8MB / 8.91MB
103,2026-09-10T10:33:57.556509+00:00,207,2026-09-10T10:33:57.186873+00:00,false,microservices,auth,bc483827664f607d16ec8d1028c5eaf95a4b78241f89341537406b2b3ff3d13b,tcc-microservices-experiment-auth-1,0.02,70495764,1073741824,6.57,3,45.8kB / 40.3kB,12.1MB / 8.9MB
103,2026-09-10T10:33:57.556509+00:00,207,2026-09-10T10:33:57.186873+00:00,false,microservices,gateway,7b1746dd9455cfc12d23e4053048393f167eed983a0ff00da8e632fc5e88090e,tcc-microservices-experiment-gateway-1,30.97,460115149,536870912,85.71,77,37.1MB / 48.9MB,39.1MB / 21.5MB
103,2026-09-10T10:33:57.556509+00:00,207,2026-09-10T10:33:57.186873+00:00,false,microservices,mysql,755141645df04160459de2ab6785c26714e98cb892b67f7ef42b724d17f64490,tcc-microservices-experiment-mysql-1,27.51,485176115,1073741824,45.19,40,36.3MB / 118MB,49.1MB / 146MB
103,2026-09-10T10:33:57.556509+00:00,207,2026-09-10T10:33:57.186873+00:00,false,microservices,order,f2d39b0e8b9161f0182e5df55353bfdb074ce3d1675d58bab0a31906d62e976e,tcc-microservices-experiment-order-1,81.88,75675730,1073741824,7.05,3,144MB / 59.2MB,7.16MB / 11.7MB
103,2026-09-10T10:33:57.556509+00:00,207,2026-09-10T10:33:57.186873+00:00,false,microservices,product,100faf2f87c2e15ed43e34c330327e776f1c8c73339100c02b1f52e14b7f66db,tcc-microservices-experiment-product-1,0.02,69877105,1073741824,6.51,3,416kB / 282kB,11.8MB / 8.91MB
104,2026-09-10T10:33:58.556513+00:00,209,2026-09-10T10:33:58.186547+00:00,false,microservices,auth,bc483827664f607d16ec8d1028c5eaf95a4b78241f89341537406b2b3ff3d13b,tcc-microservices-experiment-auth-1,0.02,70495764,1073741824,6.57,3,45.8kB / 40.3kB,12.1MB / 8.9MB
104,2026-09-10T10:33:58.556513+00:00,209,2026-09-10T10:33:58.186547+00:00,false,microservices,gateway,7b1746dd9455cfc12d23e4053048393f167eed983a0ff00da8e632fc5e88090e,tcc-microservices-experiment-gateway-1,29.16,460115149,536870912,85.69,77,37.4MB / 49.3MB,39.1MB / 21.5MB
104,2026-09-10T10:33:58.556513+00:00,209,2026-09-10T10:33:58.186547+00:00,false,microservices,mysql,755141645df04160459de2ab6785c26714e98cb892b67f7ef42b724d17f64490,tcc-microservices-experiment-mysql-1,22.71,484442112,1073741824,45.11,40,36.5MB / 119MB,49.1MB / 146MB
104,2026-09-10T10:33:58.556513+00:00,209,2026-09-10T10:33:58.186547+00:00,false,microservices,order,f2d39b0e8b9161f0182e5df55353bfdb074ce3d1675d58bab0a31906d62e976e,tcc-microservices-experiment-order-1,83.03,75182899,1073741824,7.0,3,145MB / 59.7MB,7.16MB / 11.7MB
104,2026-09-10T10:33:58.556513+00:00,209,2026-09-10T10:33:58.186547+00:00,false,microservices,product,100faf2f87c2e15ed43e34c330327e776f1c8c73339100c02b1f52e14b7f66db,tcc-microservices-experiment-product-1,0.01,69877105,1073741824,6.51,3,416kB / 282kB,11.8MB / 8.91MB
105,2026-09-10T10:33:59.556502+00:00,211,2026-09-10T10:33:59.185504+00:00,false,microservices,auth,bc483827664f607d16ec8d1028c5eaf95a4b78241f89341537406b2b3ff3d13b,tcc-microservices-experiment-auth-1,0.02,70495764,1073741824,6.57,3,45.8kB / 40.3kB,12.1MB / 8.9MB
105,2026-09-10T10:33:59.556502+00:00,211,2026-09-10T10:33:59.185504+00:00,false,microservices,gateway,7b1746dd9455cfc12d23e4053048393f167eed983a0ff00da8e632fc5e88090e,tcc-microservices-experiment-gateway-1,31.17,460115149,536870912,85.7,77,37.7MB / 49.7MB,39.1MB / 21.5MB
105,2026-09-10T10:33:59.556502+00:00,211,2026-09-10T10:33:59.185504+00:00,false,microservices,mysql,755141645df04160459de2ab6785c26714e98cb892b67f7ef42b724d17f64490,tcc-microservices-experiment-mysql-1,26.72,484651827,1073741824,45.14,40,36.8MB / 120MB,49.1MB / 146MB
105,2026-09-10T10:33:59.556502+00:00,211,2026-09-10T10:33:59.185504+00:00,false,microservices,order,f2d39b0e8b9161f0182e5df55353bfdb074ce3d1675d58bab0a31906d62e976e,tcc-microservices-experiment-order-1,82.13,75361157,1073741824,7.02,3,146MB / 60.1MB,7.16MB / 11.7MB
105,2026-09-10T10:33:59.556502+00:00,211,2026-09-10T10:33:59.185504+00:00,false,microservices,product,100faf2f87c2e15ed43e34c330327e776f1c8c73339100c02b1f52e14b7f66db,tcc-microservices-experiment-product-1,0.02,69877105,1073741824,6.51,3,416kB / 282kB,11.8MB / 8.91MB
106,2026-09-10T10:34:00.556536+00:00,213,2026-09-10T10:34:00.185369+00:00,false,microservices,auth,bc483827664f607d16ec8d1028c5eaf95a4b78241f89341537406b2b3ff3d13b,tcc-microservices-experiment-auth-1,0.02,70495764,1073741824,6.57,3,45.8kB / 40.3kB,12.1MB / 8.9MB
106,2026-09-10T10:34:00.556536+00:00,213,2026-09-10T10:34:00.185369+00:00,false,microservices,gateway,7b1746dd9455cfc12d23e4053048393f167eed983a0ff00da8e632fc5e88090e,tcc-microservices-experiment-gateway-1,30.41,459066573,536870912,85.5,77,37.9MB / 50.1MB,39.1MB / 21.5MB
106,2026-09-10T10:34:00.556536+00:00,213,2026-09-10T10:34:00.185369+00:00,false,microservices,mysql,755141645df04160459de2ab6785c26714e98cb892b67f7ef42b724d17f64490,tcc-microservices-experiment-mysql-1,23.2,484022682,1073741824,45.08,40,37MB / 121MB,49.1MB / 146MB
106,2026-09-10T10:34:00.556536+00:00,213,2026-09-10T10:34:00.185369+00:00,false,microservices,order,f2d39b0e8b9161f0182e5df55353bfdb074ce3d1675d58bab0a31906d62e976e,tcc-microservices-experiment-order-1,81.76,75382129,1073741824,7.02,3,147MB / 60.5MB,7.16MB / 11.7MB
106,2026-09-10T10:34:00.556536+00:00,213,2026-09-10T10:34:00.185369+00:00,false,microservices,product,100faf2f87c2e15ed43e34c330327e776f1c8c73339100c02b1f52e14b7f66db,tcc-microservices-experiment-product-1,0.02,69877105,1073741824,6.51,3,416kB / 282kB,11.8MB / 8.91MB
107,2026-09-10T10:34:01.556514+00:00,215,2026-09-10T10:34:01.186229+00:00,false,microservices,auth,bc483827664f607d16ec8d1028c5eaf95a4b78241f89341537406b2b3ff3d13b,tcc-microservices-experiment-auth-1,0.02,70495764,1073741824,6.57,3,45.8kB / 40.3kB,12.1MB / 8.9MB
107,2026-09-10T10:34:01.556514+00:00,215,2026-09-10T10:34:01.186229+00:00,false,microservices,gateway,7b1746dd9455cfc12d23e4053048393f167eed983a0ff00da8e632fc5e88090e,tcc-microservices-experiment-gateway-1,30.3,461478298,536870912,85.96,77,38.2MB / 50.5MB,39.1MB / 21.5MB
107,2026-09-10T10:34:01.556514+00:00,215,2026-09-10T10:34:01.186229+00:00,false,microservices,mysql,755141645df04160459de2ab6785c26714e98cb892b67f7ef42b724d17f64490,tcc-microservices-experiment-mysql-1,27.23,484442112,1073741824,45.12,40,37.3MB / 122MB,49.1MB / 146MB
107,2026-09-10T10:34:01.556514+00:00,215,2026-09-10T10:34:01.186229+00:00,false,microservices,order,f2d39b0e8b9161f0182e5df55353bfdb074ce3d1675d58bab0a31906d62e976e,tcc-microservices-experiment-order-1,81.33,75235328,1073741824,7.01,3,148MB / 61MB,7.16MB / 11.7MB
107,2026-09-10T10:34:01.556514+00:00,215,2026-09-10T10:34:01.186229+00:00,false,microservices,product,100faf2f87c2e15ed43e34c330327e776f1c8c73339100c02b1f52e14b7f66db,tcc-microservices-experiment-product-1,0.02,69877105,1073741824,6.51,3,416kB / 282kB,11.8MB / 8.91MB
108,2026-09-10T10:34:02.556504+00:00,217,2026-09-10T10:34:02.184622+00:00,false,microservices,auth,bc483827664f607d16ec8d1028c5eaf95a4b78241f89341537406b2b3ff3d13b,tcc-microservices-experiment-auth-1,0.01,70495764,1073741824,6.57,3,45.8kB / 40.3kB,12.1MB / 8.9MB
108,2026-09-10T10:34:02.556504+00:00,217,2026-09-10T10:34:02.184622+00:00,false,microservices,gateway,7b1746dd9455cfc12d23e4053048393f167eed983a0ff00da8e632fc5e88090e,tcc-microservices-experiment-gateway-1,31.05,460954010,536870912,85.85,77,38.5MB / 50.9MB,39.1MB / 21.5MB
108,2026-09-10T10:34:02.556504+00:00,217,2026-09-10T10:34:02.184622+00:00,false,microservices,mysql,755141645df04160459de2ab6785c26714e98cb892b67f7ef42b724d17f64490,tcc-microservices-experiment-mysql-1,23.5,484127539,1073741824,45.09,40,37.5MB / 123MB,49.1MB / 146MB
108,2026-09-10T10:34:02.556504+00:00,217,2026-09-10T10:34:02.184622+00:00,false,microservices,order,f2d39b0e8b9161f0182e5df55353bfdb074ce3d1675d58bab0a31906d62e976e,tcc-microservices-experiment-order-1,81.63,74637640,1073741824,6.95,3,149MB / 61.4MB,7.16MB / 12.2MB
108,2026-09-10T10:34:02.556504+00:00,217,2026-09-10T10:34:02.184622+00:00,false,microservices,product,100faf2f87c2e15ed43e34c330327e776f1c8c73339100c02b1f52e14b7f66db,tcc-microservices-experiment-product-1,0.02,69877105,1073741824,6.51,3,416kB / 282kB,11.8MB / 8.91MB
109,2026-09-10T10:34:03.556505+00:00,219,2026-09-10T10:34:03.185262+00:00,false,microservices,auth,bc483827664f607d16ec8d1028c5eaf95a4b78241f89341537406b2b3ff3d13b,tcc-microservices-experiment-auth-1,0.02,70495764,1073741824,6.57,3,45.8kB / 40.3kB,12.1MB / 8.9MB
109,2026-09-10T10:34:03.556505+00:00,219,2026-09-10T10:34:03.185262+00:00,false,microservices,gateway,7b1746dd9455cfc12d23e4053048393f167eed983a0ff00da8e632fc5e88090e,tcc-microservices-experiment-gateway-1,33.11,460534579,536870912,85.78,77,38.8MB / 51.2MB,39.1MB / 21.5MB
109,2026-09-10T10:34:03.556505+00:00,219,2026-09-10T10:34:03.185262+00:00,false,microservices,mysql,755141645df04160459de2ab6785c26714e98cb892b67f7ef42b724d17f64490,tcc-microservices-experiment-mysql-1,26.92,484651827,1073741824,45.14,40,37.8MB / 124MB,49.1MB / 146MB
109,2026-09-10T10:34:03.556505+00:00,219,2026-09-10T10:34:03.185262+00:00,false,microservices,order,f2d39b0e8b9161f0182e5df55353bfdb074ce3d1675d58bab0a31906d62e976e,tcc-microservices-experiment-order-1,82.87,74931241,1073741824,6.98,3,150MB / 61.8MB,7.16MB / 12.2MB
109,2026-09-10T10:34:03.556505+00:00,219,2026-09-10T10:34:03.185262+00:00,false,microservices,product,100faf2f87c2e15ed43e34c330327e776f1c8c73339100c02b1f52e14b7f66db,tcc-microservices-experiment-product-1,0.02,69877105,1073741824,6.51,3,416kB / 282kB,11.8MB / 8.91MB
110,2026-09-10T10:34:04.556523+00:00,221,2026-09-10T10:34:04.186189+00:00,false,microservices,auth,bc483827664f607d16ec8d1028c5eaf95a4b78241f89341537406b2b3ff3d13b,tcc-microservices-experiment-auth-1,0.01,70495764,1073741824,6.57,3,45.8kB / 40.3kB,12.1MB / 8.9MB
110,2026-09-10T10:34:04.556523+00:00,221,2026-09-10T10:34:04.186189+00:00,false,microservices,gateway,7b1746dd9455cfc12d23e4053048393f167eed983a0ff00da8e632fc5e88090e,tcc-microservices-experiment-gateway-1,31.85,460534579,536870912,85.78,77,39.1MB / 51.6MB,39.1MB / 21.5MB
110,2026-09-10T10:34:04.556523+00:00,221,2026-09-10T10:34:04.186189+00:00,false,microservices,mysql,755141645df04160459de2ab6785c26714e98cb892b67f7ef42b724d17f64490,tcc-microservices-experiment-mysql-1,22.37,483498394,1073741824,45.03,40,38MB / 124MB,49.1MB / 146MB
110,2026-09-10T10:34:04.556523+00:00,221,2026-09-10T10:34:04.186189+00:00,false,microservices,order,f2d39b0e8b9161f0182e5df55353bfdb074ce3d1675d58bab0a31906d62e976e,tcc-microservices-experiment-order-1,82.65,74480353,1073741824,6.94,3,151MB / 62.3MB,7.16MB / 12.2MB
110,2026-09-10T10:34:04.556523+00:00,221,2026-09-10T10:34:04.186189+00:00,false,microservices,product,100faf2f87c2e15ed43e34c330327e776f1c8c73339100c02b1f52e14b7f66db,tcc-microservices-experiment-product-1,0.02,69877105,1073741824,6.51,3,416kB / 282kB,11.8MB / 8.91MB
111,2026-09-10T10:34:05.556532+00:00,223,2026-09-10T10:34:05.186712+00:00,false,microservices,auth,bc483827664f607d16ec8d1028c5eaf95a4b78241f89341537406b2b3ff3d13b,tcc-microservices-experiment-auth-1,0.02,70495764,1073741824,6.57,3,45.8kB / 40.3kB,12.1MB / 8.9MB
111,2026-09-10T10:34:05.556532+00:00,223,2026-09-10T10:34:05.186712+00:00,false,microservices,gateway,7b1746dd9455cfc12d23e4053048393f167eed983a0ff00da8e632fc5e88090e,tcc-microservices-experiment-gateway-1,32.15,460115149,536870912,85.7,69,39.4MB / 52MB,39.2MB / 21.5MB
111,2026-09-10T10:34:05.556532+00:00,223,2026-09-10T10:34:05.186712+00:00,false,microservices,mysql,755141645df04160459de2ab6785c26714e98cb892b67f7ef42b724d17f64490,tcc-microservices-experiment-mysql-1,25.9,485490688,1073741824,45.21,40,38.3MB / 125MB,49.1MB / 146MB
111,2026-09-10T10:34:05.556532+00:00,223,2026-09-10T10:34:05.186712+00:00,false,microservices,order,f2d39b0e8b9161f0182e5df55353bfdb074ce3d1675d58bab0a31906d62e976e,tcc-microservices-experiment-order-1,82.52,75172413,1073741824,7.0,3,152MB / 62.7MB,7.16MB / 12.2MB
111,2026-09-10T10:34:05.556532+00:00,223,2026-09-10T10:34:05.186712+00:00,false,microservices,product,100faf2f87c2e15ed43e34c330327e776f1c8c73339100c02b1f52e14b7f66db,tcc-microservices-experiment-product-1,0.02,69877105,1073741824,6.51,3,416kB / 282kB,11.8MB / 8.91MB
112,2026-09-10T10:34:06.556515+00:00,225,2026-09-10T10:34:06.186299+00:00,false,microservices,auth,bc483827664f607d16ec8d1028c5eaf95a4b78241f89341537406b2b3ff3d13b,tcc-microservices-experiment-auth-1,0.02,70495764,1073741824,6.57,3,45.8kB / 40.3kB,12.1MB / 8.9MB
112,2026-09-10T10:34:06.556515+00:00,225,2026-09-10T10:34:06.186299+00:00,false,microservices,gateway,7b1746dd9455cfc12d23e4053048393f167eed983a0ff00da8e632fc5e88090e,tcc-microservices-experiment-gateway-1,32.17,459590861,536870912,85.6,69,39.7MB / 52.4MB,39.2MB / 21.5MB
112,2026-09-10T10:34:06.556515+00:00,225,2026-09-10T10:34:06.186299+00:00,false,microservices,mysql,755141645df04160459de2ab6785c26714e98cb892b67f7ef42b724d17f64490,tcc-microservices-experiment-mysql-1,22.44,484232397,1073741824,45.1,40,38.6MB / 126MB,49.1MB / 146MB
112,2026-09-10T10:34:06.556515+00:00,225,2026-09-10T10:34:06.186299+00:00,false,microservices,order,f2d39b0e8b9161f0182e5df55353bfdb074ce3d1675d58bab0a31906d62e976e,tcc-microservices-experiment-order-1,82.29,74333553,1073741824,6.92,3,154MB / 63.2MB,7.16MB / 12.2MB
112,2026-09-10T10:34:06.556515+00:00,225,2026-09-10T10:34:06.186299+00:00,false,microservices,product,100faf2f87c2e15ed43e34c330327e776f1c8c73339100c02b1f52e14b7f66db,tcc-microservices-experiment-product-1,0.02,69877105,1073741824,6.51,3,416kB / 282kB,11.8MB / 8.91MB
113,2026-09-10T10:34:07.556507+00:00,227,2026-09-10T10:34:07.186307+00:00,false,microservices,auth,bc483827664f607d16ec8d1028c5eaf95a4b78241f89341537406b2b3ff3d13b,tcc-microservices-experiment-auth-1,0.02,70495764,1073741824,6.57,3,45.8kB / 40.3kB,12.1MB / 8.9MB
113,2026-09-10T10:34:07.556507+00:00,227,2026-09-10T10:34:07.186307+00:00,false,microservices,gateway,7b1746dd9455cfc12d23e4053048393f167eed983a0ff00da8e632fc5e88090e,tcc-microservices-experiment-gateway-1,35.25,460534579,536870912,85.78,69,40MB / 52.8MB,39.2MB / 21.5MB
113,2026-09-10T10:34:07.556507+00:00,227,2026-09-10T10:34:07.186307+00:00,false,microservices,mysql,755141645df04160459de2ab6785c26714e98cb892b67f7ef42b724d17f64490,tcc-microservices-experiment-mysql-1,26.96,484861542,1073741824,45.15,40,38.8MB / 127MB,49.1MB / 146MB
113,2026-09-10T10:34:07.556507+00:00,227,2026-09-10T10:34:07.186307+00:00,false,microservices,order,f2d39b0e8b9161f0182e5df55353bfdb074ce3d1675d58bab0a31906d62e976e,tcc-microservices-experiment-order-1,82.27,75109499,1073741824,7.0,3,155MB / 63.6MB,7.16MB / 12.2MB
113,2026-09-10T10:34:07.556507+00:00,227,2026-09-10T10:34:07.186307+00:00,false,microservices,product,100faf2f87c2e15ed43e34c330327e776f1c8c73339100c02b1f52e14b7f66db,tcc-microservices-experiment-product-1,0.02,69877105,1073741824,6.51,3,416kB / 282kB,11.8MB / 8.91MB
114,2026-09-10T10:34:08.556537+00:00,229,2026-09-10T10:34:08.185350+00:00,false,microservices,auth,bc483827664f607d16ec8d1028c5eaf95a4b78241f89341537406b2b3ff3d13b,tcc-microservices-experiment-auth-1,0.02,70495764,1073741824,6.57,3,45.8kB / 40.3kB,12.1MB / 8.9MB
114,2026-09-10T10:34:08.556537+00:00,229,2026-09-10T10:34:08.185350+00:00,false,microservices,gateway,7b1746dd9455cfc12d23e4053048393f167eed983a0ff00da8e632fc5e88090e,tcc-microservices-experiment-gateway-1,33.0,459590861,536870912,85.61,69,40.3MB / 53.2MB,39.2MB / 21.5MB
114,2026-09-10T10:34:08.556537+00:00,229,2026-09-10T10:34:08.185350+00:00,false,microservices,mysql,755141645df04160459de2ab6785c26714e98cb892b67f7ef42b724d17f64490,tcc-microservices-experiment-mysql-1,22.98,484022682,1073741824,45.08,40,39.1MB / 128MB,49.1MB / 146MB
114,2026-09-10T10:34:08.556537+00:00,229,2026-09-10T10:34:08.185350+00:00,false,microservices,order,f2d39b0e8b9161f0182e5df55353bfdb074ce3d1675d58bab0a31906d62e976e,tcc-microservices-experiment-order-1,81.91,75067556,1073741824,6.99,3,156MB / 64.1MB,7.16MB / 12.2MB
114,2026-09-10T10:34:08.556537+00:00,229,2026-09-10T10:34:08.185350+00:00,false,microservices,product,100faf2f87c2e15ed43e34c330327e776f1c8c73339100c02b1f52e14b7f66db,tcc-microservices-experiment-product-1,0.02,69877105,1073741824,6.51,3,416kB / 282kB,11.8MB / 8.91MB
115,2026-09-10T10:34:09.556530+00:00,231,2026-09-10T10:34:09.186359+00:00,false,microservices,auth,bc483827664f607d16ec8d1028c5eaf95a4b78241f89341537406b2b3ff3d13b,tcc-microservices-experiment-auth-1,0.02,70495764,1073741824,6.57,3,45.8kB / 40.3kB,12.1MB / 8.9MB
115,2026-09-10T10:34:09.556530+00:00,231,2026-09-10T10:34:09.186359+00:00,false,microservices,gateway,7b1746dd9455cfc12d23e4053048393f167eed983a0ff00da8e632fc5e88090e,tcc-microservices-experiment-gateway-1,34.09,460429722,536870912,85.77,69,40.6MB / 53.6MB,39.2MB / 21.5MB
115,2026-09-10T10:34:09.556530+00:00,231,2026-09-10T10:34:09.186359+00:00,false,microservices,mysql,755141645df04160459de2ab6785c26714e98cb892b67f7ef42b724d17f64490,tcc-microservices-experiment-mysql-1,27.24,484232397,1073741824,45.1,40,39.3MB / 129MB,49.1MB / 146MB
115,2026-09-10T10:34:09.556530+00:00,231,2026-09-10T10:34:09.186359+00:00,false,microservices,order,f2d39b0e8b9161f0182e5df55353bfdb074ce3d1675d58bab0a31906d62e976e,tcc-microservices-experiment-order-1,82.26,76179046,1073741824,7.09,3,157MB / 64.5MB,7.16MB / 12.2MB
115,2026-09-10T10:34:09.556530+00:00,231,2026-09-10T10:34:09.186359+00:00,false,microservices,product,100faf2f87c2e15ed43e34c330327e776f1c8c73339100c02b1f52e14b7f66db,tcc-microservices-experiment-product-1,0.02,69877105,1073741824,6.51,3,416kB / 282kB,11.8MB / 8.91MB
116,2026-09-10T10:34:10.556507+00:00,233,2026-09-10T10:34:10.186186+00:00,false,microservices,auth,bc483827664f607d16ec8d1028c5eaf95a4b78241f89341537406b2b3ff3d13b,tcc-microservices-experiment-auth-1,0.02,70495764,1073741824,6.57,3,45.8kB / 40.3kB,12.1MB / 8.9MB
116,2026-09-10T10:34:10.556507+00:00,233,2026-09-10T10:34:10.186186+00:00,false,microservices,gateway,7b1746dd9455cfc12d23e4053048393f167eed983a0ff00da8e632fc5e88090e,tcc-microservices-experiment-gateway-1,32.55,460534579,536870912,85.78,69,40.9MB / 54MB,39.2MB / 21.5MB
116,2026-09-10T10:34:10.556507+00:00,233,2026-09-10T10:34:10.186186+00:00,false,microservices,mysql,755141645df04160459de2ab6785c26714e98cb892b67f7ef42b724d17f64490,tcc-microservices-experiment-mysql-1,22.61,483812966,1073741824,45.06,40,39.6MB / 130MB,49.1MB / 146MB
116,2026-09-10T10:34:10.556507+00:00,233,2026-09-10T10:34:10.186186+00:00,false,microservices,order,f2d39b0e8b9161f0182e5df55353bfdb074ce3d1675d58bab0a31906d62e976e,tcc-microservices-experiment-order-1,82.42,75874959,1073741824,7.07,3,158MB / 65MB,7.16MB / 12.2MB
116,2026-09-10T10:34:10.556507+00:00,233,2026-09-10T10:34:10.186186+00:00,false,microservices,product,100faf2f87c2e15ed43e34c330327e776f1c8c73339100c02b1f52e14b7f66db,tcc-microservices-experiment-product-1,0.02,69877105,1073741824,6.51,3,416kB / 282kB,11.8MB / 8.91MB
117,2026-09-10T10:34:11.556528+00:00,235,2026-09-10T10:34:11.186020+00:00,false,microservices,auth,bc483827664f607d16ec8d1028c5eaf95a4b78241f89341537406b2b3ff3d13b,tcc-microservices-experiment-auth-1,0.02,70495764,1073741824,6.57,3,45.8kB / 40.3kB,12.1MB / 8.9MB
117,2026-09-10T10:34:11.556528+00:00,235,2026-09-10T10:34:11.186020+00:00,false,microservices,gateway,7b1746dd9455cfc12d23e4053048393f167eed983a0ff00da8e632fc5e88090e,tcc-microservices-experiment-gateway-1,32.11,460220006,536870912,85.73,69,41.2MB / 54.4MB,39.2MB / 21.5MB
117,2026-09-10T10:34:11.556528+00:00,235,2026-09-10T10:34:11.186020+00:00,false,microservices,mysql,755141645df04160459de2ab6785c26714e98cb892b67f7ef42b724d17f64490,tcc-microservices-experiment-mysql-1,26.46,483917824,1073741824,45.07,40,39.9MB / 131MB,49.1MB / 146MB
117,2026-09-10T10:34:11.556528+00:00,235,2026-09-10T10:34:11.186020+00:00,false,microservices,order,f2d39b0e8b9161f0182e5df55353bfdb074ce3d1675d58bab0a31906d62e976e,tcc-microservices-experiment-order-1,82.62,75612815,1073741824,7.04,3,159MB / 65.4MB,7.16MB / 12.2MB
117,2026-09-10T10:34:11.556528+00:00,235,2026-09-10T10:34:11.186020+00:00,false,microservices,product,100faf2f87c2e15ed43e34c330327e776f1c8c73339100c02b1f52e14b7f66db,tcc-microservices-experiment-product-1,0.02,69877105,1073741824,6.51,3,416kB / 282kB,11.8MB / 8.91MB
118,2026-09-10T10:34:12.556525+00:00,237,2026-09-10T10:34:12.185211+00:00,false,microservices,auth,bc483827664f607d16ec8d1028c5eaf95a4b78241f89341537406b2b3ff3d13b,tcc-microservices-experiment-auth-1,0.01,70495764,1073741824,6.57,3,45.8kB / 40.3kB,12.1MB / 8.9MB
118,2026-09-10T10:34:12.556525+00:00,237,2026-09-10T10:34:12.185211+00:00,false,microservices,gateway,7b1746dd9455cfc12d23e4053048393f167eed983a0ff00da8e632fc5e88090e,tcc-microservices-experiment-gateway-1,32.33,461058867,536870912,85.87,69,41.5MB / 54.8MB,39.2MB / 21.5MB
118,2026-09-10T10:34:12.556525+00:00,237,2026-09-10T10:34:12.185211+00:00,false,microservices,mysql,755141645df04160459de2ab6785c26714e98cb892b67f7ef42b724d17f64490,tcc-microservices-experiment-mysql-1,22.56,484022682,1073741824,45.07,40,40.1MB / 132MB,49.1MB / 146MB
118,2026-09-10T10:34:12.556525+00:00,237,2026-09-10T10:34:12.185211+00:00,false,microservices,order,f2d39b0e8b9161f0182e5df55353bfdb074ce3d1675d58bab0a31906d62e976e,tcc-microservices-experiment-order-1,81.92,75140956,1073741824,7.0,3,160MB / 65.8MB,7.16MB / 12.2MB
118,2026-09-10T10:34:12.556525+00:00,237,2026-09-10T10:34:12.185211+00:00,false,microservices,product,100faf2f87c2e15ed43e34c330327e776f1c8c73339100c02b1f52e14b7f66db,tcc-microservices-experiment-product-1,0.02,69877105,1073741824,6.51,3,416kB / 282kB,11.8MB / 8.91MB
119,2026-09-10T10:34:13.556537+00:00,239,2026-09-10T10:34:13.185318+00:00,false,microservices,auth,bc483827664f607d16ec8d1028c5eaf95a4b78241f89341537406b2b3ff3d13b,tcc-microservices-experiment-auth-1,0.02,70495764,1073741824,6.57,3,45.8kB / 40.3kB,12.1MB / 8.9MB
119,2026-09-10T10:34:13.556537+00:00,239,2026-09-10T10:34:13.185318+00:00,false,microservices,gateway,7b1746dd9455cfc12d23e4053048393f167eed983a0ff00da8e632fc5e88090e,tcc-microservices-experiment-gateway-1,31.38,459800576,536870912,85.64,69,41.8MB / 55.2MB,39.2MB / 21.5MB
119,2026-09-10T10:34:13.556537+00:00,239,2026-09-10T10:34:13.185318+00:00,false,microservices,mysql,755141645df04160459de2ab6785c26714e98cb892b67f7ef42b724d17f64490,tcc-microservices-experiment-mysql-1,26.92,484861542,1073741824,45.15,40,40.4MB / 133MB,49.1MB / 146MB
119,2026-09-10T10:34:13.556537+00:00,239,2026-09-10T10:34:13.185318+00:00,false,microservices,order,f2d39b0e8b9161f0182e5df55353bfdb074ce3d1675d58bab0a31906d62e976e,tcc-microservices-experiment-order-1,82.35,75644273,1073741824,7.04,3,161MB / 66.3MB,7.16MB / 12.2MB
119,2026-09-10T10:34:13.556537+00:00,239,2026-09-10T10:34:13.185318+00:00,false,microservices,product,100faf2f87c2e15ed43e34c330327e776f1c8c73339100c02b1f52e14b7f66db,tcc-microservices-experiment-product-1,0.01,69877105,1073741824,6.51,3,416kB / 282kB,11.8MB / 8.91MB
120,2026-09-10T10:34:14.556531+00:00,241,2026-09-10T10:34:14.185418+00:00,false,microservices,auth,bc483827664f607d16ec8d1028c5eaf95a4b78241f89341537406b2b3ff3d13b,tcc-microservices-experiment-auth-1,0.02,70495764,1073741824,6.57,3,45.8kB / 40.3kB,12.1MB / 8.9MB
120,2026-09-10T10:34:14.556531+00:00,241,2026-09-10T10:34:14.185418+00:00,false,microservices,gateway,7b1746dd9455cfc12d23e4053048393f167eed983a0ff00da8e632fc5e88090e,tcc-microservices-experiment-gateway-1,32.33,459905434,536870912,85.66,69,42.1MB / 55.6MB,39.3MB / 21.5MB
120,2026-09-10T10:34:14.556531+00:00,241,2026-09-10T10:34:14.185418+00:00,false,microservices,mysql,755141645df04160459de2ab6785c26714e98cb892b67f7ef42b724d17f64490,tcc-microservices-experiment-mysql-1,22.12,484651827,1073741824,45.14,40,40.6MB / 134MB,49.1MB / 146MB
120,2026-09-10T10:34:14.556531+00:00,241,2026-09-10T10:34:14.185418+00:00,false,microservices,order,f2d39b0e8b9161f0182e5df55353bfdb074ce3d1675d58bab0a31906d62e976e,tcc-microservices-experiment-order-1,82.31,76241961,1073741824,7.1,3,162MB / 66.7MB,7.16MB / 12.2MB
120,2026-09-10T10:34:14.556531+00:00,241,2026-09-10T10:34:14.185418+00:00,false,microservices,product,100faf2f87c2e15ed43e34c330327e776f1c8c73339100c02b1f52e14b7f66db,tcc-microservices-experiment-product-1,0.02,69877105,1073741824,6.51,3,416kB / 282kB,11.8MB / 8.91MB
